3,1,728.135,465.262,43.696,100.319,0.892865,-1,-1,-1
3,2,683.118,474.100,52.683,122.548,0.764486,-1,-1,-1
3,3,544.588,452.094,43.359,104.233,0.855622,-1,-1,-1
3,4,1048.497,470.700,79.205,121.718,0.767319,-1,-1,-1
3,5,1676.036,433.074,111.886,153.614,0.713781,-1,-1,-1
3,6,931.028,435.203,41.963,89.365,0.746665,-1,-1,-1
3,7,1371.324,428.204,34.292,97.191,0.680011,-1,-1,-1
3,8,1102.375,440.966,32.783,89.105,0.706220,-1,-1,-1
3,9,1014.863,438.468,39.370,95.645,0.764274,-1,-1,-1
3,10,1342.707,431.199,182.026,358.142,0.946286,-1,-1,-1
3,11,578.572,445.000,104.774,262.939,0.940728,-1,-1,-1
3,12,1440.348,438.111,170.061,329.890,0.906888,-1,-1,-1
3,13,416.726,444.180,146.805,276.709,0.928296,-1,-1,-1
3,14,1251.937,446.697,39.820,98.758,0.804128,-1,-1,-1
3,16,822.129,467.805,40.949,79.317,0.692178,-1,-1,-1
3,17,692.431,470.605,44.212,95.392,0.723382,-1,-1,-1
3,18,803.346,473.240,39.903,78.267,0.681095,-1,-1,-1
4,1,728.176,463.828,45.262,104.269,0.897136,-1,-1,-1
4,2,683.888,471.892,54.124,128.060,0.770256,-1,-1,-1
4,3,545.656,454.152,42.122,102.360,0.850640,-1,-1,-1
4,4,1046.357,470.872,79.187,120.940,0.713019,-1,-1,-1
4,5,1675.781,430.302,115.245,159.568,0.757592,-1,-1,-1
4,6,930.174,434.114,45.396,95.313,0.784417,-1,-1,-1
4,7,1381.928,433.776,34.107,90.304,0.663756,-1,-1,-1
4,8,1099.899,437.040,37.143,100.420,0.758091,-1,-1,-1
4,9,1011.940,432.858,44.512,102.391,0.828214,-1,-1,-1
4,10,1350.649,415.499,188.752,375.675,0.940630,-1,-1,-1
4,11,576.584,445.201,106.421,263.099,0.941938,-1,-1,-1
4,12,1455.199,422.045,158.684,346.352,0.912747,-1,-1,-1
4,13,421.449,449.952,142.289,271.527,0.930127,-1,-1,-1
4,14,1252.227,446.170,40.213,99.065,0.818700,-1,-1,-1
4,16,816.897,467.826,40.916,78.766,0.634051,-1,-1,-1
4,17,693.425,468.259,45.967,99.207,0.737292,-1,-1,-1
4,18,802.654,473.294,39.108,76.725,0.684370,-1,-1,-1
4,19,842.455,466.616,47.795,84.326,0.745994,-1,-1,-1
4,24,976.062,447.203,38.877,84.393,0.676353,-1,-1,-1
5,1,728.241,462.932,44.858,104.624,0.895755,-1,-1,-1
5,2,681.892,467.736,54.493,130.768,0.671468,-1,-1,-1
5,3,544.906,454.651,41.890,101.699,0.848775,-1,-1,-1
5,4,1050.961,471.162,77.679,120.457,0.669994,-1,-1,-1
5,5,1675.639,430.674,114.738,158.867,0.623756,-1,-1,-1
5,6,928.773,434.021,50.103,109.344,0.789858,-1,-1,-1
5,7,1374.898,431.091,41.620,108.258,0.668893,-1,-1,-1
5,8,1100.451,436.428,36.920,100.736,0.761881,-1,-1,-1
5,9,1011.482,431.685,46.442,104.868,0.809940,-1,-1,-1
5,10,1354.262,408.362,181.229,384.860,0.947922,-1,-1,-1
5,11,575.221,447.126,107.013,261.743,0.942490,-1,-1,-1
5,12,1467.787,421.798,144.863,350.487,0.918486,-1,-1,-1
5,13,425.598,452.100,138.291,268.969,0.931861,-1,-1,-1
5,14,1253.049,445.699,40.847,100.451,0.786686,-1,-1,-1
5,16,815.834,468.066,40.598,78.129,0.626729,-1,-1,-1
5,17,693.262,465.209,44.872,97.441,0.717364,-1,-1,-1
5,18,802.925,472.916,39.234,76.971,0.688178,-1,-1,-1
5,19,844.034,466.280,46.385,80.904,0.712859,-1,-1,-1
5,24,977.439,447.271,36.889,79.454,0.626886,-1,-1,-1
6,1,728.694,464.203,44.295,105.687,0.893638,-1,-1,-1
6,2,685.459,473.932,50.771,122.206,0.711819,-1,-1,-1
6,3,545.238,452.527,42.634,103.712,0.856709,-1,-1,-1
6,4,1052.170,436.861,91.278,151.562,0.639084,-1,-1,-1
6,6,929.228,434.257,47.674,103.000,0.768292,-1,-1,-1
6,7,1370.777,432.176,44.731,124.132,0.733284,-1,-1,-1
6,8,1099.328,436.199,37.322,103.001,0.752091,-1,-1,-1
6,9,1011.522,431.650,46.614,105.021,0.812430,-1,-1,-1
6,10,1360.941,407.407,183.695,384.979,0.956129,-1,-1,-1
6,11,576.695,447.631,103.430,260.811,0.936919,-1,-1,-1
6,12,1479.769,424.047,130.984,348.979,0.918078,-1,-1,-1
6,13,424.772,452.934,139.341,268.620,0.939086,-1,-1,-1
6,14,1252.505,446.899,40.199,99.015,0.787063,-1,-1,-1
6,17,692.857,466.860,44.218,96.277,0.708232,-1,-1,-1
6,18,804.324,474.448,39.115,76.351,0.676948,-1,-1,-1
6,19,845.560,464.977,45.126,79.112,0.738068,-1,-1,-1
6,25,918.108,456.480,66.641,126.249,0.669121,-1,-1,-1
7,1,729.068,466.256,41.627,103.987,0.886088,-1,-1,-1
7,2,685.180,480.394,49.102,117.939,0.744958,-1,-1,-1
7,3,545.790,452.684,41.896,102.180,0.845314,-1,-1,-1
7,4,1062.607,470.832,70.215,120.736,0.694299,-1,-1,-1
7,6,929.629,434.803,46.129,98.531,0.774682,-1,-1,-1
7,7,1374.974,436.221,41.497,120.092,0.818875,-1,-1,-1
7,8,1102.018,437.061,34.395,96.380,0.710736,-1,-1,-1
7,9,1012.113,433.367,45.548,102.161,0.721950,-1,-1,-1
7,10,1375.072,403.522,167.872,398.260,0.962751,-1,-1,-1
7,11,576.242,446.277,105.379,259.383,0.935131,-1,-1,-1
7,12,1476.483,425.882,131.059,346.375,0.911846,-1,-1,-1
7,13,428.790,445.986,136.875,281.451,0.939529,-1,-1,-1
7,14,1252.007,446.958,39.560,98.295,0.795504,-1,-1,-1
7,17,693.139,468.972,44.048,96.526,0.719646,-1,-1,-1
7,18,803.642,475.221,38.645,75.663,0.661670,-1,-1,-1
7,19,845.359,468.289,44.367,77.479,0.710167,-1,-1,-1
7,25,920.426,455.225,67.794,126.916,0.636769,-1,-1,-1
8,1,729.195,466.451,41.256,104.340,0.879998,-1,-1,-1
8,2,682.167,482.960,49.140,118.860,0.774964,-1,-1,-1
8,3,546.078,456.968,40.630,100.076,0.800885,-1,-1,-1
8,4,1060.160,471.481,69.457,121.708,0.684418,-1,-1,-1
8,6,931.168,434.156,43.263,92.948,0.739446,-1,-1,-1
8,7,1374.903,430.952,45.714,129.532,0.825990,-1,-1,-1
8,8,1101.516,436.514,33.829,95.774,0.686647,-1,-1,-1
8,9,1012.360,433.167,47.738,108.958,0.728978,-1,-1,-1
8,10,1386.630,407.974,153.113,389.413,0.949621,-1,-1,-1
8,11,576.326,445.714,104.748,260.782,0.932809,-1,-1,-1
8,12,1488.442,423.632,125.777,352.435,0.911251,-1,-1,-1
8,13,432.510,445.542,132.545,277.885,0.944245,-1,-1,-1
8,14,1251.548,445.369,40.236,99.395,0.837673,-1,-1,-1
8,16,814.696,473.252,38.044,72.751,0.607456,-1,-1,-1
8,17,690.999,468.873,44.586,99.021,0.689106,-1,-1,-1
8,18,803.486,475.771,37.130,72.841,0.683696,-1,-1,-1
9,1,728.390,466.809,41.639,103.090,0.877357,-1,-1,-1
9,3,544.470,454.933,42.058,103.186,0.704701,-1,-1,-1
9,4,1057.214,470.833,70.859,122.830,0.696757,-1,-1,-1
9,6,930.964,433.712,41.083,89.674,0.722070,-1,-1,-1
9,7,1376.362,435.362,47.473,125.004,0.846761,-1,-1,-1
9,8,1102.446,438.829,34.566,96.318,0.658926,-1,-1,-1
9,9,1012.413,431.596,47.873,107.881,0.815133,-1,-1,-1
9,10,1399.692,405.871,144.724,389.765,0.960148,-1,-1,-1
9,11,576.507,441.301,102.868,266.175,0.927352,-1,-1,-1
9,12,1493.385,414.882,122.520,359.236,0.912282,-1,-1,-1
9,13,427.582,444.165,137.155,275.610,0.940914,-1,-1,-1
9,14,1250.956,442.914,42.114,102.644,0.852003,-1,-1,-1
9,17,698.171,464.942,40.955,92.115,0.631579,-1,-1,-1
9,18,805.674,477.464,36.653,70.422,0.669949,-1,-1,-1
9,28,657.498,466.891,66.436,149.511,0.816413,-1,-1,-1
10,1,728.142,467.474,42.412,101.608,0.882900,-1,-1,-1
10,3,543.761,450.866,43.637,107.080,0.700037,-1,-1,-1
10,4,1057.031,468.195,71.528,125.688,0.629005,-1,-1,-1
10,5,1676.443,430.747,114.039,156.609,0.634134,-1,-1,-1
10,6,929.149,432.267,43.120,95.921,0.721161,-1,-1,-1
10,7,1375.135,431.489,52.644,130.404,0.860049,-1,-1,-1
10,8,1102.270,439.450,32.936,92.817,0.653389,-1,-1,-1
10,9,1014.031,435.608,45.574,103.351,0.774789,-1,-1,-1
10,10,1407.236,411.639,142.702,384.643,0.943460,-1,-1,-1
10,11,576.960,440.790,102.786,269.419,0.932643,-1,-1,-1
10,12,1513.709,417.170,111.140,357.458,0.911377,-1,-1,-1
10,13,429.632,443.810,139.231,274.346,0.940932,-1,-1,-1
10,14,1250.961,442.674,42.072,103.299,0.838134,-1,-1,-1
10,17,699.287,467.406,40.197,90.937,0.650232,-1,-1,-1
10,18,806.266,478.228,37.124,70.374,0.632322,-1,-1,-1
10,28,657.236,470.879,66.199,147.672,0.801058,-1,-1,-1
10,29,957.435,474.967,75.733,117.943,0.660646,-1,-1,-1
11,1,727.645,465.929,44.184,105.726,0.888577,-1,-1,-1
11,2,677.834,470.397,53.543,133.914,0.669820,-1,-1,-1
11,3,546.107,454.033,42.053,103.428,0.752669,-1,-1,-1
11,4,1061.181,468.434,69.965,125.263,0.666422,-1,-1,-1
11,5,1674.684,430.756,115.565,156.916,0.609993,-1,-1,-1
11,6,930.101,433.306,41.719,93.100,0.720761,-1,-1,-1
11,7,1377.647,436.517,52.208,123.884,0.859785,-1,-1,-1
11,8,1102.701,440.120,31.867,89.628,0.646848,-1,-1,-1
11,9,1013.769,435.080,45.496,104.044,0.709943,-1,-1,-1
11,10,1414.510,410.024,143.576,391.761,0.934160,-1,-1,-1
11,11,578.828,440.758,105.130,269.922,0.932074,-1,-1,-1
11,12,1522.997,416.168,109.396,358.762,0.925579,-1,-1,-1
11,13,432.068,442.942,141.051,276.525,0.942393,-1,-1,-1
11,14,1251.409,439.988,44.018,107.193,0.857086,-1,-1,-1
11,17,698.383,466.123,40.812,93.091,0.662259,-1,-1,-1
11,18,806.220,478.810,37.655,70.437,0.646073,-1,-1,-1
11,28,650.965,463.226,72.004,155.205,0.782979,-1,-1,-1
11,29,957.370,473.355,74.813,117.350,0.616825,-1,-1,-1
11,30,704.774,455.691,35.072,74.840,0.629199,-1,-1,-1
12,1,727.780,465.713,44.057,107.079,0.881547,-1,-1,-1
12,2,672.973,476.099,56.712,129.834,0.742164,-1,-1,-1
12,3,545.796,456.041,41.699,101.341,0.732051,-1,-1,-1
12,5,1676.339,431.511,114.532,158.220,0.752997,-1,-1,-1
12,6,932.000,433.581,39.846,89.310,0.624144,-1,-1,-1
12,7,1377.336,434.432,56.090,127.730,0.852334,-1,-1,-1
12,8,1103.102,440.441,31.447,88.528,0.630939,-1,-1,-1
12,9,1016.205,440.717,41.437,95.338,0.608966,-1,-1,-1
12,10,1420.739,407.596,152.717,394.799,0.935685,-1,-1,-1
12,11,579.413,444.975,101.842,263.982,0.938615,-1,-1,-1
12,12,1527.178,415.935,110.819,362.281,0.925509,-1,-1,-1
12,13,430.634,441.214,139.621,279.672,0.941054,-1,-1,-1
12,14,1251.626,442.053,43.228,103.894,0.860816,-1,-1,-1
12,17,695.309,466.810,41.147,93.881,0.648057,-1,-1,-1
12,28,654.911,456.582,62.516,138.687,0.615116,-1,-1,-1
13,1,727.202,466.350,44.065,106.675,0.868153,-1,-1,-1
13,2,672.254,475.747,61.070,136.076,0.792241,-1,-1,-1
13,3,544.106,452.617,44.291,106.541,0.689976,-1,-1,-1
13,4,1063.288,467.228,69.490,127.472,0.612523,-1,-1,-1
13,5,1678.013,432.496,112.978,157.378,0.683397,-1,-1,-1
13,6,932.631,432.116,39.096,87.577,0.680240,-1,-1,-1
13,7,1380.430,435.276,55.748,121.938,0.862515,-1,-1,-1
13,8,1103.288,441.851,30.263,84.046,0.631030,-1,-1,-1
13,10,1428.420,410.347,153.372,393.604,0.916854,-1,-1,-1
13,11,578.864,444.263,103.671,266.272,0.935312,-1,-1,-1
13,12,1532.990,415.586,117.623,364.797,0.926921,-1,-1,-1
13,13,429.307,441.258,144.573,280.062,0.939276,-1,-1,-1
13,14,1250.552,439.517,43.837,105.633,0.840204,-1,-1,-1
13,17,694.440,470.605,42.180,96.361,0.645599,-1,-1,-1
13,18,804.694,479.801,36.717,67.302,0.650678,-1,-1,-1
13,28,653.886,458.497,64.038,146.315,0.600213,-1,-1,-1
14,1,727.674,469.188,43.790,105.156,0.854816,-1,-1,-1
14,2,676.082,472.353,58.045,132.978,0.721123,-1,-1,-1
14,3,543.694,453.168,44.711,106.498,0.759850,-1,-1,-1
14,5,1676.606,430.336,113.730,160.456,0.775678,-1,-1,-1
14,6,931.724,432.200,41.159,92.421,0.680033,-1,-1,-1
14,7,1381.642,431.793,56.577,126.420,0.808185,-1,-1,-1
14,8,1102.997,440.986,31.206,86.420,0.603051,-1,-1,-1
14,9,1015.276,450.000,37.351,83.321,0.643761,-1,-1,-1
14,10,1430.515,409.191,160.167,393.626,0.945532,-1,-1,-1
14,11,576.922,441.948,104.748,267.427,0.936679,-1,-1,-1
14,12,1546.197,419.922,139.125,366.412,0.924764,-1,-1,-1
14,13,433.737,439.595,143.711,286.029,0.931196,-1,-1,-1
14,14,1251.394,440.882,44.075,104.996,0.822256,-1,-1,-1
14,17,693.816,468.088,43.436,99.014,0.617862,-1,-1,-1
14,18,803.785,478.514,37.434,67.899,0.678712,-1,-1,-1
14,28,655.833,464.226,66.880,147.242,0.726794,-1,-1,-1
15,1,727.295,466.972,43.751,105.676,0.880733,-1,-1,-1
15,2,668.502,460.535,53.893,122.517,0.613754,-1,-1,-1
15,3,541.909,451.322,46.647,108.795,0.787633,-1,-1,-1
15,5,1678.788,432.783,111.721,159.304,0.731990,-1,-1,-1
15,6,927.956,431.687,46.580,103.144,0.714112,-1,-1,-1
15,7,1383.120,424.541,58.754,133.274,0.848626,-1,-1,-1
15,8,1101.117,438.131,35.601,101.239,0.679750,-1,-1,-1
15,9,1017.049,457.514,36.579,79.747,0.651197,-1,-1,-1
15,10,1440.188,424.476,164.884,379.090,0.902011,-1,-1,-1
15,11,578.301,438.023,102.724,271.536,0.935405,-1,-1,-1
15,12,1546.117,424.371,160.758,366.024,0.893736,-1,-1,-1
15,13,426.642,440.046,147.452,287.082,0.929420,-1,-1,-1
15,14,1250.958,438.598,44.375,107.255,0.845812,-1,-1,-1
15,16,809.901,470.815,39.788,76.040,0.720070,-1,-1,-1
15,17,697.520,467.311,42.098,96.367,0.662243,-1,-1,-1
15,25,915.344,427.795,67.869,147.537,0.743305,-1,-1,-1
15,28,657.803,462.832,71.243,151.902,0.785162,-1,-1,-1
16,1,727.780,465.778,42.187,106.995,0.873243,-1,-1,-1
16,3,540.471,449.202,48.448,112.862,0.778341,-1,-1,-1
16,5,1677.728,429.082,114.098,159.881,0.780947,-1,-1,-1
16,6,928.024,431.836,46.655,102.301,0.690844,-1,-1,-1
16,7,1388.356,421.332,58.363,133.123,0.823380,-1,-1,-1
16,8,1100.855,438.857,34.083,96.900,0.635211,-1,-1,-1
16,9,1019.221,456.065,38.676,81.801,0.711681,-1,-1,-1
16,10,1448.768,422.435,181.614,386.177,0.877036,-1,-1,-1
16,11,579.731,437.420,100.646,273.067,0.931162,-1,-1,-1
16,12,1557.624,423.682,177.166,372.790,0.874363,-1,-1,-1
16,13,424.245,442.139,150.441,287.007,0.929536,-1,-1,-1
16,14,1250.079,435.961,46.381,109.783,0.846776,-1,-1,-1
16,16,809.803,470.747,39.135,75.755,0.664913,-1,-1,-1
16,17,697.330,467.428,42.717,99.186,0.698404,-1,-1,-1
16,18,802.302,475.837,37.744,69.616,0.711918,-1,-1,-1
16,25,917.546,431.282,67.203,150.788,0.728843,-1,-1,-1
16,28,654.878,458.839,72.706,158.796,0.812948,-1,-1,-1
16,30,694.188,447.665,38.361,84.384,0.631951,-1,-1,-1
17,1,724.299,462.133,44.506,114.227,0.829522,-1,-1,-1
17,3,539.829,445.539,48.287,113.934,0.765288,-1,-1,-1
17,4,1060.375,483.326,61.141,106.801,0.609369,-1,-1,-1
17,5,1677.203,429.815,114.170,159.602,0.641171,-1,-1,-1
17,6,926.527,432.255,48.300,109.168,0.697891,-1,-1,-1
17,7,1398.518,429.813,56.756,127.447,0.808775,-1,-1,-1
17,9,1017.487,453.238,41.574,86.494,0.682674,-1,-1,-1
17,10,1461.989,414.505,227.485,393.682,0.908243,-1,-1,-1
17,11,579.893,438.164,101.109,272.686,0.931018,-1,-1,-1
17,12,1561.400,421.412,189.326,383.073,0.876704,-1,-1,-1
17,13,426.689,443.753,146.011,284.646,0.929224,-1,-1,-1
17,14,1249.894,440.524,42.707,103.565,0.843066,-1,-1,-1
17,16,811.816,474.277,38.619,73.027,0.608846,-1,-1,-1
17,17,693.674,462.241,45.038,106.435,0.647241,-1,-1,-1
17,25,918.243,428.400,63.409,146.950,0.750011,-1,-1,-1
17,28,658.512,461.119,68.396,147.987,0.789045,-1,-1,-1
17,29,957.008,483.200,76.763,106.607,0.621068,-1,-1,-1
17,30,694.206,447.629,38.065,84.575,0.609800,-1,-1,-1
18,1,723.535,462.442,44.575,114.521,0.838265,-1,-1,-1
18,2,677.571,467.478,55.367,130.733,0.672036,-1,-1,-1
18,3,541.599,445.852,46.427,110.989,0.768830,-1,-1,-1
18,7,1399.338,434.438,51.568,119.757,0.810515,-1,-1,-1
18,9,1016.596,451.231,44.225,91.972,0.613678,-1,-1,-1
18,10,1450.958,413.922,215.646,398.316,0.926736,-1,-1,-1
18,11,578.753,441.266,101.859,267.045,0.934192,-1,-1,-1
18,12,1564.432,423.807,188.926,384.728,0.926335,-1,-1,-1
18,13,424.997,444.318,144.304,285.051,0.938863,-1,-1,-1
18,14,1249.355,438.811,42.165,103.191,0.842325,-1,-1,-1
18,16,812.632,470.866,41.811,77.293,0.637559,-1,-1,-1
18,17,693.781,463.851,44.262,106.248,0.680043,-1,-1,-1
18,18,803.215,473.187,40.094,75.180,0.633301,-1,-1,-1
18,25,918.594,428.765,62.415,149.116,0.779438,-1,-1,-1
18,28,655.918,460.125,68.677,147.783,0.748142,-1,-1,-1
18,30,692.545,448.369,38.608,87.193,0.614255,-1,-1,-1
19,1,723.424,461.203,44.908,111.866,0.821742,-1,-1,-1
19,3,539.426,447.050,50.163,120.623,0.748158,-1,-1,-1
19,5,1678.258,429.042,113.578,161.223,0.607485,-1,-1,-1
19,6,925.980,430.549,48.803,114.083,0.734611,-1,-1,-1
19,7,1400.860,430.608,53.366,125.570,0.625833,-1,-1,-1
19,9,1020.524,443.216,43.488,91.947,0.649958,-1,-1,-1
19,10,1455.885,391.953,233.269,415.317,0.942964,-1,-1,-1
19,11,578.709,438.801,105.735,271.241,0.928011,-1,-1,-1
19,12,1574.474,425.849,189.860,372.447,0.920478,-1,-1,-1
19,13,431.287,448.994,138.332,279.383,0.936389,-1,-1,-1
19,14,1249.585,439.980,41.458,102.779,0.852576,-1,-1,-1
19,16,809.687,471.694,41.804,77.223,0.604697,-1,-1,-1
19,17,690.302,449.472,44.293,105.739,0.684948,-1,-1,-1
19,28,650.788,459.573,76.630,158.806,0.811152,-1,-1,-1
20,1,724.006,467.301,43.353,103.550,0.754638,-1,-1,-1
20,2,684.077,449.291,52.348,127.462,0.671844,-1,-1,-1
20,3,540.822,444.609,47.145,115.014,0.682216,-1,-1,-1
20,5,1677.612,424.528,115.768,176.150,0.710847,-1,-1,-1
20,6,926.975,431.903,44.239,102.577,0.679512,-1,-1,-1
20,7,1403.557,428.287,52.992,131.057,0.822121,-1,-1,-1
20,10,1455.209,410.616,250.337,404.131,0.952475,-1,-1,-1
20,11,581.599,437.144,106.033,274.082,0.938009,-1,-1,-1
20,12,1574.809,438.627,188.080,365.798,0.894699,-1,-1,-1
20,13,438.197,446.511,134.733,280.337,0.936506,-1,-1,-1
20,14,1249.274,441.073,40.849,100.370,0.803526,-1,-1,-1
20,16,806.973,469.974,42.917,78.854,0.619861,-1,-1,-1
20,28,656.554,461.047,70.254,144.763,0.768729,-1,-1,-1
21,1,719.177,463.777,48.116,110.366,0.724935,-1,-1,-1
21,2,674.002,451.288,57.578,140.565,0.637888,-1,-1,-1
21,3,542.738,445.280,43.166,104.827,0.604642,-1,-1,-1
21,5,1685.854,431.789,102.447,158.081,0.618865,-1,-1,-1
21,6,925.480,432.630,47.262,111.916,0.710036,-1,-1,-1
21,7,1408.044,439.901,48.053,118.709,0.748324,-1,-1,-1
21,10,1455.364,413.971,254.016,409.123,0.948578,-1,-1,-1
21,11,580.862,436.122,111.157,275.966,0.934460,-1,-1,-1
21,12,1604.350,422.295,167.934,376.774,0.922255,-1,-1,-1
21,13,439.221,444.808,133.812,282.671,0.932764,-1,-1,-1
21,14,1248.757,441.038,41.858,100.656,0.830016,-1,-1,-1
21,16,807.623,469.348,42.867,78.616,0.663238,-1,-1,-1
21,17,688.094,448.192,47.881,114.963,0.673524,-1,-1,-1
21,19,847.437,465.796,41.611,74.330,0.619500,-1,-1,-1
21,28,648.890,458.330,77.407,156.324,0.763022,-1,-1,-1
21,36,1501.215,437.841,34.945,101.079,0.695650,-1,-1,-1
22,1,717.097,466.600,51.628,110.539,0.769462,-1,-1,-1
22,2,671.952,450.082,59.419,146.745,0.638567,-1,-1,-1
22,3,537.720,445.318,51.550,126.472,0.660438,-1,-1,-1
22,6,927.159,435.558,39.947,94.852,0.702476,-1,-1,-1
22,7,1409.686,437.228,49.777,121.028,0.775013,-1,-1,-1
22,8,1097.477,436.786,35.637,99.062,0.604282,-1,-1,-1
22,9,1013.629,433.766,48.335,104.365,0.636965,-1,-1,-1
22,10,1456.786,405.619,247.574,410.582,0.949312,-1,-1,-1
22,11,582.160,436.666,111.136,274.219,0.939642,-1,-1,-1
22,12,1612.292,421.283,159.726,383.410,0.917945,-1,-1,-1
22,13,433.681,444.531,141.028,282.094,0.933712,-1,-1,-1
22,14,1247.923,441.740,41.859,100.294,0.834053,-1,-1,-1
22,17,687.307,447.138,47.283,111.459,0.725442,-1,-1,-1
22,28,649.960,459.293,75.969,151.130,0.779317,-1,-1,-1
23,1,716.525,468.897,53.013,108.091,0.832809,-1,-1,-1
23,2,668.520,453.825,61.790,158.001,0.821897,-1,-1,-1
23,3,539.307,446.563,50.219,122.986,0.646720,-1,-1,-1
23,6,929.365,437.067,41.076,96.230,0.633272,-1,-1,-1
23,10,1467.435,402.547,231.681,411.664,0.938053,-1,-1,-1
23,11,581.065,436.828,113.754,273.504,0.943281,-1,-1,-1
23,12,1619.649,420.372,148.062,384.796,0.914176,-1,-1,-1
23,13,445.558,446.352,131.858,278.955,0.930229,-1,-1,-1
23,14,1247.944,441.838,41.481,99.923,0.854237,-1,-1,-1
23,18,806.900,471.333,43.586,78.216,0.604029,-1,-1,-1
23,30,685.976,444.814,44.186,94.049,0.679666,-1,-1,-1
23,37,1420.189,455.353,54.813,105.990,0.811073,-1,-1,-1
24,1,716.580,470.253,53.764,106.146,0.825697,-1,-1,-1
24,2,669.279,452.772,58.593,148.530,0.767876,-1,-1,-1
24,3,540.947,445.727,46.843,113.785,0.609098,-1,-1,-1
24,6,930.104,438.959,38.132,88.079,0.622997,-1,-1,-1
24,7,1415.826,437.810,58.874,119.881,0.757014,-1,-1,-1
24,9,1016.312,439.241,44.345,98.260,0.630534,-1,-1,-1
24,10,1475.889,399.174,238.093,414.239,0.953348,-1,-1,-1
24,11,580.324,437.247,115.156,274.010,0.939765,-1,-1,-1
24,12,1631.275,420.853,142.244,381.783,0.915516,-1,-1,-1
24,13,449.879,446.799,128.262,280.721,0.927108,-1,-1,-1
24,14,1248.128,442.122,41.537,99.388,0.816423,-1,-1,-1
24,17,682.910,447.095,46.925,108.954,0.756411,-1,-1,-1
24,18,807.774,471.643,45.274,78.626,0.629660,-1,-1,-1
24,29,954.988,489.394,80.245,100.717,0.623089,-1,-1,-1
24,38,1826.665,405.793,92.271,249.462,0.779340,-1,-1,-1
25,1,714.645,465.078,55.789,111.947,0.849129,-1,-1,-1
25,2,666.813,450.891,61.163,153.733,0.735596,-1,-1,-1
25,6,928.609,436.679,40.487,89.582,0.703812,-1,-1,-1
25,7,1418.453,446.504,62.687,112.364,0.809627,-1,-1,-1
25,8,1099.957,435.525,34.004,92.446,0.670378,-1,-1,-1
25,10,1480.628,408.399,232.964,407.328,0.953213,-1,-1,-1
25,11,582.979,439.104,113.066,272.526,0.942832,-1,-1,-1
25,12,1643.077,415.465,136.566,385.614,0.910007,-1,-1,-1
25,13,446.780,448.923,131.593,281.119,0.933213,-1,-1,-1
25,14,1247.597,442.101,41.713,100.575,0.857354,-1,-1,-1
25,25,921.203,433.670,53.116,127.365,0.679281,-1,-1,-1
25,28,641.660,454.697,87.952,179.907,0.604491,-1,-1,-1
25,30,686.677,446.921,44.003,92.292,0.717322,-1,-1,-1
25,36,1528.414,442.686,42.571,114.041,0.714460,-1,-1,-1
25,38,1827.271,414.996,90.606,241.001,0.754369,-1,-1,-1
26,1,714.427,461.220,58.771,115.768,0.862678,-1,-1,-1
26,2,676.522,443.669,55.182,139.724,0.671156,-1,-1,-1
26,6,925.469,435.352,46.723,102.670,0.629763,-1,-1,-1
26,7,1411.651,439.980,72.186,118.309,0.870131,-1,-1,-1
26,8,1098.404,434.587,36.102,96.650,0.710500,-1,-1,-1
26,10,1490.802,405.136,220.446,412.044,0.954412,-1,-1,-1
26,11,583.158,437.834,113.767,273.807,0.937858,-1,-1,-1
26,12,1651.145,415.543,129.448,386.685,0.916920,-1,-1,-1
26,13,443.422,443.651,138.085,287.377,0.935056,-1,-1,-1
26,14,1247.729,442.002,41.555,100.588,0.869230,-1,-1,-1
26,25,919.541,432.879,58.897,137.998,0.671825,-1,-1,-1
26,30,687.677,444.497,43.397,91.274,0.764734,-1,-1,-1
26,38,1825.407,408.338,93.636,248.601,0.712048,-1,-1,-1
26,40,575.400,447.825,41.779,106.684,0.601898,-1,-1,-1
27,1,715.180,460.862,56.561,109.978,0.819738,-1,-1,-1
27,7,1412.859,439.169,73.265,117.782,0.864298,-1,-1,-1
27,8,1096.691,434.604,38.299,101.908,0.694802,-1,-1,-1
27,9,1004.856,445.954,44.843,93.411,0.619429,-1,-1,-1
27,10,1507.484,404.112,218.896,421.848,0.933253,-1,-1,-1
27,11,584.155,438.427,112.133,275.237,0.940232,-1,-1,-1
27,12,1658.763,415.622,131.055,393.092,0.903644,-1,-1,-1
27,13,445.281,440.479,139.935,289.775,0.939719,-1,-1,-1
27,14,1247.731,442.324,41.007,99.900,0.858313,-1,-1,-1
27,25,918.838,430.298,62.892,146.644,0.726790,-1,-1,-1
27,30,688.914,441.484,44.282,95.390,0.776015,-1,-1,-1
27,38,1826.679,405.774,93.213,247.292,0.774535,-1,-1,-1
27,40,574.085,450.642,38.664,97.084,0.615110,-1,-1,-1
27,42,408.993,462.073,57.154,97.822,0.623041,-1,-1,-1
28,1,715.859,460.924,54.964,108.045,0.830260,-1,-1,-1
28,6,923.320,433.529,49.841,111.569,0.623726,-1,-1,-1
28,7,1413.578,434.735,74.781,124.512,0.883048,-1,-1,-1
28,8,1098.207,434.806,37.204,97.550,0.731976,-1,-1,-1
28,9,1004.644,443.186,48.581,96.462,0.689478,-1,-1,-1
28,10,1530.030,398.810,206.523,431.738,0.930348,-1,-1,-1
28,11,585.934,436.806,110.432,276.916,0.934725,-1,-1,-1
28,12,1668.160,408.581,137.545,383.768,0.924926,-1,-1,-1
28,13,435.877,438.445,147.440,292.246,0.940687,-1,-1,-1
28,14,1249.201,440.763,41.598,101.634,0.872652,-1,-1,-1
28,17,684.761,452.508,50.180,117.154,0.622686,-1,-1,-1
28,25,916.750,428.422,64.964,150.699,0.713031,-1,-1,-1
28,28,649.619,459.692,83.450,181.904,0.730866,-1,-1,-1
28,30,689.759,440.900,44.191,96.359,0.783262,-1,-1,-1
28,36,1543.965,433.942,45.655,120.770,0.777525,-1,-1,-1
28,38,1838.462,412.478,85.016,245.908,0.830782,-1,-1,-1
28,40,569.798,447.589,48.972,124.759,0.719358,-1,-1,-1
29,1,712.610,465.390,58.018,115.195,0.824989,-1,-1,-1
29,4,1071.086,460.118,64.412,132.433,0.699003,-1,-1,-1
29,7,1418.231,435.325,70.355,124.683,0.865264,-1,-1,-1
29,8,1098.446,434.918,36.391,94.560,0.699538,-1,-1,-1
29,9,1005.951,451.865,44.080,85.333,0.677058,-1,-1,-1
29,10,1546.234,403.137,188.104,420.642,0.931367,-1,-1,-1
29,11,588.106,439.695,108.922,274.882,0.927680,-1,-1,-1
29,12,1675.740,411.309,141.548,382.372,0.924055,-1,-1,-1
29,13,441.470,440.968,144.264,287.393,0.934836,-1,-1,-1
29,14,1247.483,442.214,41.001,100.706,0.863497,-1,-1,-1
29,24,1084.690,434.676,50.293,119.050,0.681321,-1,-1,-1
29,28,641.759,453.330,88.764,190.405,0.739207,-1,-1,-1
29,30,690.224,441.859,42.774,93.607,0.771793,-1,-1,-1
29,36,1548.285,446.730,42.008,109.153,0.805205,-1,-1,-1
29,38,1830.039,427.777,86.474,226.838,0.853486,-1,-1,-1
29,40,569.670,445.509,46.889,123.880,0.702025,-1,-1,-1
29,43,1459.895,446.008,40.253,103.257,0.609901,-1,-1,-1
30,1,714.076,464.871,56.468,112.432,0.798086,-1,-1,-1
30,4,1072.742,462.915,61.617,129.210,0.730423,-1,-1,-1
30,7,1429.444,431.135,58.622,126.717,0.885978,-1,-1,-1
30,8,1099.547,436.027,34.737,88.085,0.654035,-1,-1,-1
30,9,1002.199,455.657,47.470,90.386,0.649565,-1,-1,-1
30,10,1571.591,395.957,182.685,425.921,0.946527,-1,-1,-1
30,11,591.256,436.076,109.424,277.739,0.929344,-1,-1,-1
30,12,1677.188,417.660,170.832,385.302,0.903856,-1,-1,-1
30,13,447.294,439.325,140.528,292.573,0.934892,-1,-1,-1
30,14,1249.162,441.955,40.570,100.630,0.860757,-1,-1,-1
30,17,687.200,443.848,48.966,116.866,0.749496,-1,-1,-1
30,36,1549.904,454.039,41.547,102.306,0.837743,-1,-1,-1
30,38,1833.753,432.035,83.817,213.697,0.790649,-1,-1,-1
30,40,563.439,444.022,52.274,136.412,0.759887,-1,-1,-1
30,43,1473.455,447.524,34.187,89.231,0.701399,-1,-1,-1
31,1,713.977,468.279,53.867,110.543,0.824186,-1,-1,-1
31,2,670.360,447.935,64.198,161.083,0.650859,-1,-1,-1
31,4,1071.005,459.169,63.092,133.643,0.628808,-1,-1,-1
31,6,924.007,435.301,50.941,113.191,0.600448,-1,-1,-1
31,7,1437.592,430.656,51.784,126.137,0.860575,-1,-1,-1
31,8,1097.102,434.125,39.534,101.571,0.666643,-1,-1,-1
31,9,1001.363,452.249,46.221,87.539,0.689652,-1,-1,-1
31,10,1583.321,394.321,186.997,438.487,0.931807,-1,-1,-1
31,11,595.104,435.889,109.839,276.787,0.931121,-1,-1,-1
31,12,1674.021,407.315,212.129,401.443,0.914578,-1,-1,-1
31,13,451.160,437.803,136.566,295.483,0.936055,-1,-1,-1
31,14,1248.935,441.142,40.860,101.141,0.866288,-1,-1,-1
31,17,683.956,445.281,52.360,125.244,0.746010,-1,-1,-1
31,19,846.261,466.477,43.234,76.747,0.627226,-1,-1,-1
31,24,1084.133,431.346,53.208,130.996,0.636105,-1,-1,-1
31,25,912.484,432.925,68.360,150.645,0.797543,-1,-1,-1
31,28,642.456,451.812,91.377,195.416,0.603939,-1,-1,-1
31,36,1548.652,459.194,41.305,96.912,0.758617,-1,-1,-1
31,38,1836.927,432.284,84.270,217.270,0.726927,-1,-1,-1
31,40,562.303,447.688,52.423,139.111,0.767643,-1,-1,-1
31,42,413.858,471.398,51.149,84.437,0.650092,-1,-1,-1
31,43,1479.134,446.071,35.652,92.075,0.757262,-1,-1,-1
32,1,710.007,461.379,56.980,118.967,0.743046,-1,-1,-1
32,4,1071.255,455.555,63.833,137.046,0.636109,-1,-1,-1
32,7,1444.305,429.220,47.392,127.375,0.886513,-1,-1,-1
32,8,1098.518,434.991,39.440,103.506,0.688583,-1,-1,-1
32,10,1591.364,389.840,193.228,447.164,0.942519,-1,-1,-1
32,11,597.742,440.292,108.391,270.278,0.932752,-1,-1,-1
32,12,1684.768,410.923,226.161,402.048,0.936502,-1,-1,-1
32,13,444.763,438.326,142.529,297.308,0.935759,-1,-1,-1
32,14,1249.240,440.894,40.209,101.662,0.869084,-1,-1,-1
32,17,684.243,443.992,57.561,138.628,0.687585,-1,-1,-1
32,24,1085.750,432.262,50.930,126.680,0.648820,-1,-1,-1
32,25,913.266,435.545,68.890,147.236,0.779110,-1,-1,-1
32,28,660.729,451.712,85.228,191.439,0.710668,-1,-1,-1
32,36,1547.203,443.450,45.620,112.370,0.767393,-1,-1,-1
32,38,1834.588,412.490,91.979,244.380,0.618968,-1,-1,-1
32,40,559.037,447.866,54.819,140.702,0.793352,-1,-1,-1
32,42,412.814,470.172,52.203,84.085,0.678053,-1,-1,-1
32,43,1482.634,446.346,35.253,89.972,0.824864,-1,-1,-1
33,1,705.501,457.059,59.713,125.966,0.688608,-1,-1,-1
33,4,1071.960,457.885,61.964,134.081,0.629504,-1,-1,-1
33,7,1445.423,429.397,44.534,125.375,0.883399,-1,-1,-1
33,8,1099.882,435.433,37.576,99.892,0.709327,-1,-1,-1
33,9,1003.848,445.451,46.326,88.458,0.681100,-1,-1,-1
33,10,1601.021,391.460,192.084,455.029,0.943423,-1,-1,-1
33,11,596.928,436.864,107.126,273.784,0.931632,-1,-1,-1
33,12,1691.510,407.805,227.101,407.423,0.946993,-1,-1,-1
33,13,446.111,437.241,143.272,297.135,0.939491,-1,-1,-1
33,14,1250.010,440.472,40.079,101.898,0.875946,-1,-1,-1
33,17,686.719,444.486,60.584,147.606,0.705382,-1,-1,-1
33,25,912.477,431.971,71.101,151.717,0.781320,-1,-1,-1
33,28,664.132,452.464,82.152,196.278,0.748817,-1,-1,-1
33,36,1547.922,440.354,45.909,117.069,0.809656,-1,-1,-1
33,38,1836.058,402.607,89.360,253.233,0.751612,-1,-1,-1
33,40,558.564,444.610,56.012,143.051,0.785428,-1,-1,-1
33,42,413.383,471.915,52.677,83.514,0.696659,-1,-1,-1
33,43,1482.462,437.277,39.533,102.276,0.777734,-1,-1,-1
34,1,706.795,464.733,54.052,114.284,0.653269,-1,-1,-1
34,4,1070.985,468.100,58.871,126.244,0.647442,-1,-1,-1
34,7,1449.050,428.503,45.646,128.573,0.893308,-1,-1,-1
34,8,1099.729,434.500,35.659,93.846,0.664775,-1,-1,-1
34,9,1001.625,447.453,51.864,101.898,0.736647,-1,-1,-1
34,10,1608.605,380.536,199.413,477.949,0.945084,-1,-1,-1
34,11,601.472,440.132,105.855,269.572,0.923364,-1,-1,-1
34,12,1698.831,420.823,222.440,407.898,0.884966,-1,-1,-1
34,13,443.710,439.423,146.658,301.043,0.945334,-1,-1,-1
34,14,1250.372,441.709,40.206,100.819,0.863758,-1,-1,-1
34,17,690.192,445.986,53.182,133.042,0.697817,-1,-1,-1
34,24,1087.419,434.176,46.614,115.594,0.602206,-1,-1,-1
34,28,667.195,455.104,71.835,172.112,0.685835,-1,-1,-1
34,30,693.634,443.210,44.033,103.218,0.638553,-1,-1,-1
34,36,1549.703,440.451,45.333,117.032,0.731811,-1,-1,-1
34,40,559.057,445.562,56.375,142.719,0.756074,-1,-1,-1
34,43,1485.620,444.286,36.700,93.853,0.823250,-1,-1,-1
35,1,711.951,471.961,50.356,107.507,0.672217,-1,-1,-1
35,4,1071.290,471.422,56.907,123.045,0.705699,-1,-1,-1
35,7,1450.737,428.265,45.348,127.659,0.889913,-1,-1,-1
35,8,1099.942,434.450,33.499,87.958,0.655304,-1,-1,-1
35,9,998.362,447.960,51.930,104.559,0.660566,-1,-1,-1
35,10,1617.207,387.525,211.373,468.442,0.946432,-1,-1,-1
35,11,601.607,438.448,103.963,271.540,0.929994,-1,-1,-1
35,12,1713.748,423.866,209.083,399.590,0.898219,-1,-1,-1
35,13,442.405,437.315,147.686,303.976,0.944850,-1,-1,-1
35,14,1250.235,439.957,40.551,102.739,0.865782,-1,-1,-1
35,17,690.020,444.754,50.797,129.163,0.629007,-1,-1,-1
35,28,655.232,449.641,81.595,204.430,0.811802,-1,-1,-1
35,30,695.319,442.701,40.184,96.616,0.683951,-1,-1,-1
35,36,1547.331,435.467,47.778,121.909,0.696979,-1,-1,-1
35,38,1845.191,405.516,83.341,249.581,0.601015,-1,-1,-1
35,40,563.761,447.009,53.930,140.130,0.800596,-1,-1,-1
35,43,1485.426,442.607,37.797,95.842,0.816615,-1,-1,-1
36,1,705.117,465.278,57.710,125.763,0.677325,-1,-1,-1
36,4,1073.100,471.717,55.887,122.329,0.774914,-1,-1,-1
36,7,1454.307,428.145,45.628,130.272,0.898051,-1,-1,-1
36,8,1100.123,434.773,32.566,85.249,0.658670,-1,-1,-1
36,9,1000.684,448.683,47.469,98.287,0.738138,-1,-1,-1
36,10,1621.120,394.937,238.839,468.657,0.936319,-1,-1,-1
36,11,602.241,437.404,102.399,274.129,0.931737,-1,-1,-1
36,12,1731.622,416.207,192.281,406.320,0.920727,-1,-1,-1
36,13,439.506,437.099,151.267,306.448,0.942063,-1,-1,-1
36,14,1250.395,439.652,41.019,104.139,0.859141,-1,-1,-1
36,18,804.464,470.678,44.969,78.393,0.627296,-1,-1,-1
36,28,659.361,457.363,79.492,197.424,0.826620,-1,-1,-1
36,30,701.437,442.160,30.587,73.013,0.640849,-1,-1,-1
36,36,1547.615,441.202,45.971,115.908,0.668990,-1,-1,-1
36,40,567.147,448.424,50.724,137.192,0.793184,-1,-1,-1
36,42,410.528,467.512,52.493,84.308,0.638815,-1,-1,-1
36,43,1488.075,442.732,39.092,97.152,0.692348,-1,-1,-1
37,2,655.138,459.542,68.243,178.435,0.635476,-1,-1,-1
37,4,1071.695,475.119,55.783,119.987,0.773271,-1,-1,-1
37,7,1456.646,426.957,46.008,130.179,0.897197,-1,-1,-1
37,8,1100.942,433.546,31.817,82.488,0.638448,-1,-1,-1
37,9,1000.769,446.419,47.914,100.494,0.716927,-1,-1,-1
37,10,1628.655,387.622,270.740,495.222,0.956440,-1,-1,-1
37,11,605.181,439.641,99.895,271.571,0.933322,-1,-1,-1
37,12,1760.939,415.254,164.184,408.201,0.928141,-1,-1,-1
37,13,438.704,443.799,152.966,293.883,0.942217,-1,-1,-1
37,14,1251.024,441.155,40.041,101.782,0.866867,-1,-1,-1
37,28,667.584,459.258,81.881,193.513,0.728342,-1,-1,-1
37,40,567.740,448.116,49.270,134.195,0.765650,-1,-1,-1
37,42,407.261,466.026,57.464,91.811,0.753102,-1,-1,-1
38,7,1459.949,425.388,45.889,130.771,0.905538,-1,-1,-1
38,8,1100.931,433.718,33.337,86.472,0.605042,-1,-1,-1
38,9,1001.579,446.642,46.807,99.296,0.628821,-1,-1,-1
38,10,1629.152,392.180,271.477,473.547,0.957501,-1,-1,-1
38,11,606.253,439.631,99.559,272.685,0.929101,-1,-1,-1
38,12,1767.382,437.221,152.900,380.377,0.873184,-1,-1,-1
38,13,434.424,444.529,158.073,303.505,0.944935,-1,-1,-1
38,14,1251.055,439.792,40.308,103.277,0.864048,-1,-1,-1
38,25,916.720,463.875,61.484,119.972,0.601439,-1,-1,-1
38,28,653.413,452.458,93.267,214.995,0.811219,-1,-1,-1
38,38,1853.124,391.155,77.889,259.471,0.600636,-1,-1,-1
38,40,570.123,448.146,45.075,123.262,0.603543,-1,-1,-1
38,42,407.640,461.525,57.202,94.395,0.764345,-1,-1,-1
39,1,701.813,453.145,55.556,123.583,0.638030,-1,-1,-1
39,3,592.108,434.886,53.998,144.855,0.608388,-1,-1,-1
39,4,1073.147,466.997,58.150,125.847,0.603922,-1,-1,-1
39,6,913.781,435.887,68.536,147.011,0.675114,-1,-1,-1
39,7,1461.235,425.940,47.119,128.524,0.905593,-1,-1,-1
39,8,1100.795,433.930,33.686,86.812,0.613952,-1,-1,-1
39,10,1624.957,393.598,280.858,478.639,0.968018,-1,-1,-1
39,11,608.654,443.075,102.838,269.066,0.928582,-1,-1,-1
39,12,1798.576,415.424,126.406,401.034,0.928367,-1,-1,-1
39,13,439.065,446.915,152.800,294.039,0.944522,-1,-1,-1
39,14,1250.989,439.463,40.779,104.374,0.857854,-1,-1,-1
39,17,705.856,445.450,37.862,93.022,0.623643,-1,-1,-1
39,28,651.665,450.986,95.926,219.592,0.781555,-1,-1,-1
39,42,408.691,460.441,58.296,96.410,0.757891,-1,-1,-1
39,47,306.797,447.590,43.812,115.737,0.692466,-1,-1,-1
40,1,700.845,451.504,56.947,128.025,0.711074,-1,-1,-1
40,6,911.473,433.192,71.856,150.056,0.695894,-1,-1,-1
40,7,1462.185,427.654,49.173,125.233,0.885483,-1,-1,-1
40,8,1100.274,434.491,34.501,88.821,0.624079,-1,-1,-1
40,10,1623.734,393.490,284.743,486.736,0.965228,-1,-1,-1
40,11,607.203,441.252,110.905,271.059,0.925831,-1,-1,-1
40,12,1810.004,405.301,112.695,405.547,0.929738,-1,-1,-1
40,13,437.363,447.122,156.318,299.890,0.937088,-1,-1,-1
40,14,1251.160,438.702,40.856,105.701,0.853770,-1,-1,-1
40,17,697.068,444.162,46.885,117.015,0.616562,-1,-1,-1
40,28,655.466,452.045,93.257,213.664,0.641589,-1,-1,-1
40,40,561.780,444.493,55.830,146.605,0.722743,-1,-1,-1
40,42,407.610,460.177,57.783,98.249,0.789713,-1,-1,-1
40,47,308.344,447.514,43.266,117.368,0.760682,-1,-1,-1
41,1,717.785,453.959,48.480,112.649,0.658783,-1,-1,-1
41,3,593.054,438.106,53.645,147.457,0.696867,-1,-1,-1
41,6,910.496,429.332,72.828,154.627,0.777467,-1,-1,-1
41,7,1465.459,430.378,53.749,124.411,0.872485,-1,-1,-1
41,8,1101.658,435.648,32.995,84.707,0.651049,-1,-1,-1
41,9,1002.166,440.374,50.322,108.522,0.672375,-1,-1,-1
41,10,1631.666,392.381,270.836,486.035,0.965817,-1,-1,-1
41,11,608.153,441.161,115.600,271.319,0.933455,-1,-1,-1
41,12,1818.016,405.268,105.910,409.623,0.884508,-1,-1,-1
41,13,439.406,447.132,154.851,302.125,0.940203,-1,-1,-1
41,14,1251.432,439.336,41.391,105.559,0.863377,-1,-1,-1
41,17,701.237,448.649,50.382,123.428,0.719504,-1,-1,-1
41,25,919.683,434.112,58.446,118.207,0.632906,-1,-1,-1
41,40,563.159,446.123,53.320,140.538,0.732647,-1,-1,-1
41,42,408.764,460.823,57.613,97.569,0.792551,-1,-1,-1
41,43,1488.615,431.142,52.340,117.662,0.633142,-1,-1,-1
41,47,308.842,446.820,42.148,117.359,0.777703,-1,-1,-1
42,1,720.327,453.112,50.840,119.988,0.678063,-1,-1,-1
42,3,592.695,436.218,55.294,150.184,0.685586,-1,-1,-1
42,4,1065.675,470.713,61.643,122.845,0.740940,-1,-1,-1
42,6,910.961,432.711,71.203,151.072,0.764364,-1,-1,-1
42,7,1465.462,429.896,58.144,125.948,0.875030,-1,-1,-1
42,8,1098.788,432.290,35.628,90.643,0.673705,-1,-1,-1
42,9,1003.183,443.827,49.434,107.033,0.748827,-1,-1,-1
42,10,1639.569,392.310,262.302,477.053,0.966212,-1,-1,-1
42,11,608.344,441.579,119.906,271.120,0.934858,-1,-1,-1
42,12,1825.592,386.987,97.692,441.405,0.918373,-1,-1,-1
42,13,438.657,446.922,155.828,305.813,0.948215,-1,-1,-1
42,14,1251.389,440.143,40.933,103.303,0.863344,-1,-1,-1
42,17,699.413,448.418,53.757,129.980,0.728816,-1,-1,-1
42,24,1085.434,431.343,48.254,120.020,0.640970,-1,-1,-1
42,25,919.266,434.394,56.213,113.070,0.643050,-1,-1,-1
42,42,409.223,457.700,56.310,96.724,0.765290,-1,-1,-1
42,43,1485.807,429.711,56.143,123.770,0.601442,-1,-1,-1
42,47,309.706,448.312,41.653,115.658,0.739478,-1,-1,-1
43,4,1064.809,471.974,63.333,125.356,0.701034,-1,-1,-1
43,6,911.976,433.285,70.107,149.330,0.750841,-1,-1,-1
43,7,1465.644,428.913,60.562,127.547,0.867627,-1,-1,-1
43,8,1100.030,434.658,34.148,86.922,0.704185,-1,-1,-1
43,9,1002.984,439.986,48.578,104.034,0.736983,-1,-1,-1
43,10,1645.763,386.798,266.891,492.011,0.958714,-1,-1,-1
43,11,607.431,440.505,110.762,272.414,0.928614,-1,-1,-1
43,12,1836.047,392.202,86.537,426.389,0.902177,-1,-1,-1
43,13,441.021,446.462,154.700,312.658,0.950752,-1,-1,-1
43,14,1251.150,439.383,41.654,104.879,0.847132,-1,-1,-1
43,17,704.903,453.228,55.278,127.241,0.736848,-1,-1,-1
43,24,1088.872,433.760,43.045,105.888,0.622895,-1,-1,-1
43,25,922.036,434.636,51.705,102.059,0.633688,-1,-1,-1
43,28,662.949,452.655,94.144,213.825,0.619189,-1,-1,-1
43,40,567.987,445.930,53.670,137.787,0.755045,-1,-1,-1
43,42,409.666,466.355,53.855,90.073,0.762878,-1,-1,-1
43,47,309.482,449.429,41.536,114.832,0.708800,-1,-1,-1
44,1,726.127,455.857,44.732,108.926,0.667144,-1,-1,-1
44,4,1067.842,472.505,61.970,124.457,0.652255,-1,-1,-1
44,6,914.210,433.297,65.328,140.532,0.626516,-1,-1,-1
44,7,1468.864,430.961,56.905,123.753,0.877762,-1,-1,-1
44,8,1100.417,434.721,33.999,87.264,0.713619,-1,-1,-1
44,10,1656.302,385.061,260.818,498.445,0.955098,-1,-1,-1
44,11,608.911,439.305,110.584,273.716,0.935429,-1,-1,-1
44,12,1845.432,398.568,78.206,389.752,0.640194,-1,-1,-1
44,13,439.592,446.351,155.391,311.546,0.951581,-1,-1,-1
44,14,1251.234,439.161,41.308,104.836,0.850277,-1,-1,-1
44,17,700.186,449.784,51.728,120.624,0.661789,-1,-1,-1
44,28,669.017,450.884,87.901,208.680,0.693312,-1,-1,-1
44,30,704.691,446.460,38.975,96.209,0.631803,-1,-1,-1
44,40,564.897,447.130,53.969,135.338,0.656733,-1,-1,-1
44,42,410.084,469.324,52.937,86.669,0.734558,-1,-1,-1
44,47,309.213,449.742,41.655,114.741,0.712865,-1,-1,-1
45,1,728.855,455.598,43.222,108.136,0.798922,-1,-1,-1
45,2,685.588,458.236,60.608,137.712,0.703743,-1,-1,-1
45,4,1068.509,467.210,62.504,128.267,0.721582,-1,-1,-1
45,7,1472.664,430.233,53.888,125.225,0.869465,-1,-1,-1
45,8,1099.721,436.463,33.390,85.340,0.656019,-1,-1,-1
45,9,1004.255,449.951,49.420,103.570,0.626129,-1,-1,-1
45,10,1680.130,381.896,234.892,494.384,0.943214,-1,-1,-1
45,11,609.641,438.782,111.517,275.335,0.937875,-1,-1,-1
45,12,1843.224,390.375,82.739,446.030,0.795524,-1,-1,-1
45,13,440.702,446.969,153.308,315.364,0.946888,-1,-1,-1
45,14,1251.760,440.330,41.375,104.024,0.833885,-1,-1,-1
45,16,808.283,473.560,43.077,74.961,0.633434,-1,-1,-1
45,19,841.061,469.095,49.786,80.326,0.666776,-1,-1,-1
45,24,1085.436,436.146,46.493,114.074,0.604810,-1,-1,-1
45,28,671.548,454.178,82.011,206.229,0.761965,-1,-1,-1
45,30,704.566,444.832,40.895,103.885,0.704210,-1,-1,-1
45,40,566.527,445.090,55.220,138.337,0.764839,-1,-1,-1
45,42,409.484,466.647,54.537,88.535,0.712591,-1,-1,-1
46,1,730.351,454.129,41.972,105.022,0.727717,-1,-1,-1
46,7,1477.859,430.171,48.117,123.383,0.879145,-1,-1,-1
46,8,1101.211,434.649,33.838,87.293,0.722930,-1,-1,-1
46,9,1006.097,447.124,44.004,90.022,0.649199,-1,-1,-1
46,10,1705.075,384.367,213.916,489.659,0.936999,-1,-1,-1
46,11,611.988,440.933,109.742,272.061,0.941787,-1,-1,-1
46,12,1849.744,389.835,75.884,438.071,0.768065,-1,-1,-1
46,13,440.095,444.325,153.453,319.616,0.956610,-1,-1,-1
46,14,1252.660,436.094,42.556,108.376,0.848351,-1,-1,-1
46,19,840.235,469.009,52.691,82.308,0.629735,-1,-1,-1
46,28,672.959,456.202,81.531,206.066,0.707060,-1,-1,-1
46,30,706.165,445.283,39.914,103.401,0.712217,-1,-1,-1
46,38,1866.692,389.682,57.158,212.503,0.625059,-1,-1,-1
46,40,566.344,442.864,57.426,142.862,0.707822,-1,-1,-1
46,42,411.317,470.658,52.100,83.352,0.620174,-1,-1,-1
46,47,308.978,449.451,41.620,114.840,0.684485,-1,-1,-1
47,1,728.701,453.018,42.938,109.505,0.718968,-1,-1,-1
47,4,1070.093,472.823,59.426,120.922,0.682064,-1,-1,-1
47,6,913.402,434.522,65.307,141.572,0.627657,-1,-1,-1
47,7,1483.768,429.113,45.111,124.482,0.873473,-1,-1,-1
47,8,1101.551,437.303,32.832,84.720,0.703476,-1,-1,-1
47,9,1006.169,450.275,41.513,84.035,0.690813,-1,-1,-1
47,10,1729.983,380.815,190.814,489.945,0.950502,-1,-1,-1
47,11,611.592,439.155,108.677,273.974,0.943046,-1,-1,-1
47,13,439.633,442.533,152.898,322.798,0.955249,-1,-1,-1
47,14,1253.131,434.920,42.394,109.353,0.855494,-1,-1,-1
47,18,800.291,473.691,40.253,74.222,0.608436,-1,-1,-1
47,19,839.339,468.852,52.256,82.786,0.666990,-1,-1,-1
47,28,673.096,453.012,86.303,208.533,0.824149,-1,-1,-1
47,30,707.954,444.077,39.802,103.415,0.616956,-1,-1,-1
47,40,570.365,439.693,57.865,147.315,0.759215,-1,-1,-1
47,42,410.084,467.978,54.169,86.418,0.647239,-1,-1,-1
47,43,1508.053,436.369,43.976,102.164,0.685842,-1,-1,-1
47,47,309.429,449.272,41.345,114.409,0.734810,-1,-1,-1
48,1,730.871,454.592,41.888,107.020,0.671277,-1,-1,-1
48,4,1069.141,473.997,60.097,120.418,0.765004,-1,-1,-1
48,7,1487.968,429.758,43.691,124.147,0.734884,-1,-1,-1
48,8,1100.565,434.406,33.961,87.757,0.693768,-1,-1,-1
48,9,1005.493,445.908,44.158,90.935,0.740581,-1,-1,-1
48,10,1766.590,374.808,156.427,501.783,0.956024,-1,-1,-1
48,11,611.998,438.541,110.134,275.047,0.942099,-1,-1,-1
48,13,438.860,443.128,153.622,321.357,0.955237,-1,-1,-1
48,14,1254.518,439.461,40.944,104.760,0.876981,-1,-1,-1
48,19,843.226,467.960,49.969,78.318,0.686793,-1,-1,-1
48,24,1087.107,433.337,45.506,111.218,0.625869,-1,-1,-1
48,25,921.810,437.770,50.983,99.942,0.600126,-1,-1,-1
48,28,675.865,453.994,85.320,208.240,0.846982,-1,-1,-1
48,40,570.310,441.234,56.912,146.405,0.775558,-1,-1,-1
48,42,412.645,470.562,53.733,83.875,0.640515,-1,-1,-1
49,1,730.698,455.467,42.306,107.066,0.635990,-1,-1,-1
49,4,1066.711,476.796,61.094,117.056,0.741462,-1,-1,-1
49,6,913.043,452.010,66.906,133.777,0.673582,-1,-1,-1
49,8,1101.014,437.349,32.746,84.110,0.626152,-1,-1,-1
49,9,1006.002,445.370,43.098,88.166,0.677710,-1,-1,-1
49,10,1768.864,379.952,151.539,495.684,0.946136,-1,-1,-1
49,11,612.959,440.424,109.086,273.435,0.943014,-1,-1,-1
49,13,439.094,443.220,153.163,319.837,0.952849,-1,-1,-1
49,14,1254.662,440.762,40.997,102.739,0.873213,-1,-1,-1
49,16,806.010,471.419,43.430,76.428,0.659477,-1,-1,-1
49,19,843.798,467.742,50.722,78.933,0.715097,-1,-1,-1
49,28,677.522,452.956,86.730,214.092,0.863482,-1,-1,-1
49,40,570.972,445.352,56.241,141.976,0.778614,-1,-1,-1
49,42,411.673,463.688,56.726,89.582,0.600010,-1,-1,-1
50,1,729.434,455.085,43.944,109.292,0.616836,-1,-1,-1
50,4,1062.516,472.545,65.273,120.811,0.706257,-1,-1,-1
50,5,1677.869,432.760,110.540,159.760,0.607809,-1,-1,-1
50,6,915.673,469.038,62.269,117.828,0.605111,-1,-1,-1
50,7,1494.990,438.354,41.985,116.402,0.720576,-1,-1,-1
50,9,1004.485,447.803,40.846,83.940,0.617187,-1,-1,-1
50,10,1790.335,383.300,133.214,491.460,0.928236,-1,-1,-1
50,11,613.126,443.031,113.089,270.491,0.936364,-1,-1,-1
50,13,433.711,443.958,159.585,316.189,0.955560,-1,-1,-1
50,14,1253.302,441.555,40.795,102.677,0.842508,-1,-1,-1
50,16,804.868,473.281,41.756,73.013,0.624642,-1,-1,-1
50,19,842.293,466.233,52.882,82.306,0.727297,-1,-1,-1
50,28,680.018,453.759,87.521,211.060,0.851538,-1,-1,-1
50,40,571.890,445.936,56.333,141.805,0.800741,-1,-1,-1
50,42,409.851,458.474,60.618,97.475,0.600670,-1,-1,-1
51,1,733.897,453.851,43.204,106.965,0.778484,-1,-1,-1
51,4,1063.638,474.345,65.938,119.502,0.724854,-1,-1,-1
51,5,1677.974,436.726,109.905,152.231,0.692211,-1,-1,-1
51,9,1003.572,447.871,41.859,85.458,0.621353,-1,-1,-1
51,10,1804.387,371.934,118.739,507.133,0.932579,-1,-1,-1
51,11,612.798,438.481,110.105,274.640,0.948994,-1,-1,-1
51,13,437.375,443.621,156.221,317.240,0.953457,-1,-1,-1
51,14,1254.464,441.457,41.257,102.716,0.850875,-1,-1,-1
51,18,804.419,476.328,40.141,72.178,0.622096,-1,-1,-1
51,19,842.863,468.101,50.163,78.097,0.626114,-1,-1,-1
51,28,680.641,450.560,88.727,213.318,0.853285,-1,-1,-1
51,40,574.142,449.608,55.155,138.413,0.726067,-1,-1,-1
51,43,1497.839,436.000,53.128,117.742,0.794577,-1,-1,-1
52,1,734.880,457.965,42.302,103.746,0.612066,-1,-1,-1
52,4,1065.537,473.475,65.285,119.851,0.689435,-1,-1,-1
52,5,1676.262,434.875,112.654,155.963,0.678650,-1,-1,-1
52,8,1099.846,435.775,33.973,86.324,0.650847,-1,-1,-1
52,9,1003.720,446.399,41.598,84.768,0.655995,-1,-1,-1
52,10,1807.177,372.995,113.797,504.758,0.924709,-1,-1,-1
52,11,614.375,438.699,106.733,275.289,0.949746,-1,-1,-1
52,13,434.892,437.313,158.700,322.741,0.952149,-1,-1,-1
52,14,1253.748,443.827,40.708,99.901,0.849905,-1,-1,-1
52,19,836.205,466.610,56.776,82.995,0.621670,-1,-1,-1
52,25,918.235,435.464,58.701,118.242,0.620629,-1,-1,-1
52,28,680.416,455.256,86.448,205.647,0.872254,-1,-1,-1
52,40,573.602,447.232,55.779,142.798,0.681569,-1,-1,-1
52,42,409.624,456.012,59.601,98.216,0.670311,-1,-1,-1
52,43,1502.157,437.102,53.019,115.469,0.753745,-1,-1,-1
52,47,309.616,450.477,39.332,112.222,0.640187,-1,-1,-1
53,1,736.540,457.340,41.698,102.289,0.814263,-1,-1,-1
53,4,1065.802,468.998,66.160,123.368,0.655970,-1,-1,-1
53,7,1501.761,434.068,52.090,117.932,0.770392,-1,-1,-1
53,8,1097.932,434.804,36.896,94.758,0.720349,-1,-1,-1
53,9,1002.704,446.187,39.829,81.737,0.609567,-1,-1,-1
53,10,1803.186,377.021,116.082,498.268,0.923061,-1,-1,-1
53,11,615.455,438.171,104.322,276.518,0.946152,-1,-1,-1
53,13,439.609,436.759,153.867,321.437,0.945513,-1,-1,-1
53,14,1255.516,442.996,42.609,103.537,0.876149,-1,-1,-1
53,25,919.693,433.462,51.995,106.802,0.651200,-1,-1,-1
53,28,681.944,461.348,83.373,199.654,0.874468,-1,-1,-1
53,30,719.051,443.801,34.572,90.404,0.608021,-1,-1,-1
53,40,572.524,447.535,55.684,141.279,0.656379,-1,-1,-1
53,47,308.393,450.283,39.503,113.667,0.683921,-1,-1,-1
54,1,735.565,456.899,44.196,107.344,0.769872,-1,-1,-1
54,3,589.959,445.346,50.555,137.965,0.618580,-1,-1,-1
54,4,1071.591,472.639,61.787,118.896,0.724450,-1,-1,-1
54,5,1674.950,432.920,116.870,165.393,0.603569,-1,-1,-1
54,7,1495.312,438.610,50.174,113.949,0.720400,-1,-1,-1
54,8,1099.321,434.354,34.708,87.957,0.690965,-1,-1,-1
54,9,1001.802,444.786,40.316,83.804,0.647413,-1,-1,-1
54,10,1802.003,381.584,117.730,495.184,0.940988,-1,-1,-1
54,11,615.854,437.332,103.415,277.329,0.943383,-1,-1,-1
54,13,435.060,436.619,157.871,321.931,0.951020,-1,-1,-1
54,14,1254.366,441.782,41.507,101.893,0.874191,-1,-1,-1
54,16,809.165,472.899,45.132,76.535,0.606655,-1,-1,-1
54,19,838.542,466.654,54.550,80.269,0.652030,-1,-1,-1
54,24,1084.225,439.265,51.255,129.749,0.623941,-1,-1,-1
54,25,922.664,435.352,46.365,94.277,0.633665,-1,-1,-1
54,28,680.708,457.941,87.255,203.007,0.862532,-1,-1,-1
54,40,569.386,444.770,59.318,144.788,0.748640,-1,-1,-1
54,43,1523.386,441.759,46.055,107.052,0.797425,-1,-1,-1
54,47,309.117,451.623,37.962,111.072,0.627726,-1,-1,-1
55,1,733.713,449.647,47.438,114.843,0.695678,-1,-1,-1
55,3,610.046,446.599,39.065,102.312,0.660296,-1,-1,-1
55,4,1070.022,473.904,60.829,117.978,0.763328,-1,-1,-1
55,7,1492.937,442.115,45.868,109.070,0.805707,-1,-1,-1
55,8,1099.922,435.178,34.551,87.246,0.721182,-1,-1,-1
55,9,1002.313,443.254,40.947,84.459,0.671057,-1,-1,-1
55,10,1806.747,392.213,113.552,485.367,0.937412,-1,-1,-1
55,11,616.628,441.307,104.249,273.204,0.941571,-1,-1,-1
55,13,444.639,440.478,150.700,320.317,0.946039,-1,-1,-1
55,14,1253.748,440.362,41.884,103.752,0.871952,-1,-1,-1
55,16,808.723,474.230,45.885,76.198,0.616875,-1,-1,-1
55,19,835.446,465.405,59.092,84.421,0.748524,-1,-1,-1
55,24,1086.335,436.075,47.574,119.988,0.651592,-1,-1,-1
55,25,923.947,435.806,44.945,90.556,0.688775,-1,-1,-1
55,28,679.524,456.842,90.129,204.456,0.865202,-1,-1,-1
55,40,571.193,445.848,58.127,143.527,0.828381,-1,-1,-1
55,43,1523.845,441.106,44.133,107.162,0.824329,-1,-1,-1
56,1,733.875,447.964,44.544,108.102,0.705361,-1,-1,-1
56,3,613.739,446.524,35.474,91.899,0.658430,-1,-1,-1
56,4,1070.080,471.922,60.839,119.778,0.738119,-1,-1,-1
56,6,919.296,434.426,54.529,111.954,0.703306,-1,-1,-1
56,7,1492.405,443.178,43.430,107.471,0.753931,-1,-1,-1
56,8,1099.208,434.121,35.425,89.771,0.727087,-1,-1,-1
56,9,1001.396,443.953,40.987,84.998,0.747654,-1,-1,-1
56,10,1813.636,388.400,108.208,491.898,0.916563,-1,-1,-1
56,11,617.020,445.317,103.634,270.897,0.938456,-1,-1,-1
56,13,450.749,441.038,143.942,316.381,0.947216,-1,-1,-1
56,14,1255.038,438.759,41.491,104.482,0.880613,-1,-1,-1
56,24,1085.972,432.834,48.136,122.846,0.663209,-1,-1,-1
56,28,675.979,448.806,99.114,218.693,0.890126,-1,-1,-1
56,40,572.760,445.761,56.832,141.295,0.798764,-1,-1,-1
56,43,1527.161,447.069,39.792,99.521,0.849316,-1,-1,-1
57,1,734.152,449.792,42.701,102.190,0.614684,-1,-1,-1
57,4,1069.274,471.411,61.018,120.221,0.745118,-1,-1,-1
57,5,1684.831,436.278,104.584,151.022,0.668923,-1,-1,-1
57,7,1494.405,443.464,41.623,105.336,0.718166,-1,-1,-1
57,8,1099.599,434.393,34.693,87.692,0.693230,-1,-1,-1
57,9,1001.332,445.427,41.676,86.522,0.749264,-1,-1,-1
57,11,617.790,443.150,103.110,274.506,0.937017,-1,-1,-1
57,12,1823.167,370.069,95.884,527.391,0.792216,-1,-1,-1
57,13,436.970,440.481,157.451,317.049,0.945312,-1,-1,-1
57,14,1254.663,439.443,40.783,103.687,0.856411,-1,-1,-1
57,17,609.112,446.270,41.158,110.556,0.716580,-1,-1,-1
57,24,1085.160,434.380,49.319,126.935,0.620168,-1,-1,-1
57,25,925.962,433.989,43.921,92.509,0.634807,-1,-1,-1
57,28,676.130,449.495,98.543,216.193,0.894836,-1,-1,-1
57,40,572.655,446.973,56.512,140.260,0.844309,-1,-1,-1
57,43,1528.601,447.557,39.782,102.096,0.860189,-1,-1,-1
58,1,737.694,451.581,47.637,114.763,0.740838,-1,-1,-1
58,4,1060.657,474.013,62.907,118.802,0.622812,-1,-1,-1
58,5,1676.577,432.443,109.824,157.284,0.729272,-1,-1,-1
58,7,1495.494,443.184,41.744,107.639,0.714312,-1,-1,-1
58,8,1101.131,439.246,33.573,84.479,0.632178,-1,-1,-1
58,9,1003.149,444.155,40.097,87.072,0.782243,-1,-1,-1
58,11,617.295,442.862,101.541,275.318,0.943327,-1,-1,-1
58,12,1822.642,375.845,96.221,514.718,0.800447,-1,-1,-1
58,13,440.779,436.830,157.382,322.316,0.943598,-1,-1,-1
58,14,1255.622,441.788,40.059,101.419,0.860731,-1,-1,-1
58,17,607.847,446.197,43.295,119.586,0.670955,-1,-1,-1
58,25,925.806,434.626,41.443,88.667,0.679402,-1,-1,-1
58,28,681.710,455.990,90.583,211.926,0.903609,-1,-1,-1
58,40,573.274,448.532,55.233,138.686,0.828321,-1,-1,-1
58,43,1529.817,446.836,39.898,103.167,0.860899,-1,-1,-1
59,2,591.230,443.971,52.469,136.825,0.610886,-1,-1,-1
59,5,1675.156,430.178,112.280,157.862,0.771291,-1,-1,-1
59,6,924.329,432.852,46.443,101.877,0.603931,-1,-1,-1
59,7,1496.792,439.210,42.636,111.661,0.776464,-1,-1,-1
59,9,1004.566,445.363,37.678,83.976,0.777480,-1,-1,-1
59,11,618.505,439.421,99.961,279.697,0.941304,-1,-1,-1
59,12,1817.702,365.281,101.624,532.534,0.855987,-1,-1,-1
59,13,441.926,442.251,158.561,317.728,0.939209,-1,-1,-1
59,14,1256.599,442.039,40.725,100.983,0.865492,-1,-1,-1
59,16,808.417,475.564,43.458,72.550,0.601691,-1,-1,-1
59,17,609.223,446.269,38.963,109.286,0.624723,-1,-1,-1
59,28,685.548,455.096,90.256,213.227,0.919569,-1,-1,-1
59,40,568.971,445.265,57.293,141.534,0.790097,-1,-1,-1
59,43,1528.588,443.280,42.196,107.951,0.872254,-1,-1,-1
60,1,746.788,459.136,43.967,106.353,0.668359,-1,-1,-1
60,6,926.001,430.848,44.550,99.726,0.636440,-1,-1,-1
60,8,1100.412,438.454,34.913,89.417,0.662077,-1,-1,-1
60,9,1004.112,441.861,38.249,87.478,0.822285,-1,-1,-1
60,11,619.305,442.590,97.682,278.217,0.941579,-1,-1,-1
60,12,1823.322,387.781,97.064,510.072,0.734825,-1,-1,-1
60,13,448.982,446.644,159.045,312.590,0.934878,-1,-1,-1
60,14,1255.841,441.974,41.078,101.460,0.870987,-1,-1,-1
60,17,607.286,443.325,42.713,120.912,0.653264,-1,-1,-1
60,18,806.015,475.725,39.945,75.426,0.686645,-1,-1,-1
60,19,842.410,469.734,49.973,75.807,0.643758,-1,-1,-1
60,28,685.829,454.862,88.500,215.830,0.920242,-1,-1,-1
60,30,733.153,450.991,45.383,114.012,0.645372,-1,-1,-1
60,40,570.605,448.096,56.268,140.316,0.694342,-1,-1,-1
60,43,1519.578,431.512,45.485,118.212,0.817164,-1,-1,-1
61,6,929.455,433.127,40.415,93.251,0.691994,-1,-1,-1
61,8,1097.776,433.779,37.638,98.352,0.789543,-1,-1,-1
61,9,1003.559,443.473,37.394,86.415,0.837380,-1,-1,-1
61,11,617.541,443.049,99.153,280.305,0.942115,-1,-1,-1
61,12,1830.331,437.752,88.505,458.330,0.767490,-1,-1,-1
61,13,444.330,445.855,170.430,314.662,0.938774,-1,-1,-1
61,14,1255.093,442.041,40.882,100.945,0.876158,-1,-1,-1
61,17,609.149,443.521,39.894,111.738,0.632412,-1,-1,-1
61,18,804.622,473.630,41.329,78.737,0.621772,-1,-1,-1
61,24,1073.711,445.423,58.147,143.032,0.605267,-1,-1,-1
61,28,683.763,455.991,90.453,215.729,0.902955,-1,-1,-1
61,30,736.919,447.144,49.802,121.865,0.655349,-1,-1,-1
61,40,567.360,448.848,57.836,141.749,0.683825,-1,-1,-1
61,43,1519.111,424.856,50.113,125.383,0.860856,-1,-1,-1
62,1,738.101,454.553,49.130,114.592,0.755154,-1,-1,-1
62,6,931.901,436.403,36.683,85.266,0.685794,-1,-1,-1
62,7,1523.907,436.973,43.741,112.713,0.811441,-1,-1,-1
62,8,1098.858,433.280,36.250,94.885,0.780410,-1,-1,-1
62,9,1003.643,445.814,35.995,83.973,0.854787,-1,-1,-1
62,11,616.098,444.466,104.392,278.091,0.934028,-1,-1,-1
62,13,446.330,441.652,177.894,325.531,0.944927,-1,-1,-1
62,14,1254.918,442.259,40.654,100.799,0.874063,-1,-1,-1
62,17,608.801,445.234,42.906,118.606,0.651349,-1,-1,-1
62,18,806.784,473.508,40.353,76.671,0.636554,-1,-1,-1
62,28,684.239,453.112,91.076,218.387,0.908509,-1,-1,-1
62,40,586.285,446.727,58.749,139.885,0.723744,-1,-1,-1
62,47,310.647,449.769,38.138,109.106,0.663039,-1,-1,-1
62,50,1033.593,451.379,32.893,80.938,0.785352,-1,-1,-1
63,1,742.035,455.897,47.095,108.601,0.734140,-1,-1,-1
63,6,930.542,435.602,37.281,88.257,0.695386,-1,-1,-1
63,7,1524.184,432.649,44.145,116.968,0.785387,-1,-1,-1
63,8,1098.144,434.872,37.285,97.915,0.775891,-1,-1,-1
63,9,1003.933,445.755,35.346,84.469,0.829482,-1,-1,-1
63,11,615.125,441.778,101.872,285.182,0.944909,-1,-1,-1
63,13,448.763,440.683,175.077,323.538,0.945511,-1,-1,-1
63,14,1256.728,441.987,41.937,101.724,0.871780,-1,-1,-1
63,17,609.737,445.523,37.036,101.755,0.601549,-1,-1,-1
63,18,806.003,475.329,39.326,77.335,0.680085,-1,-1,-1
63,19,844.125,469.089,44.379,71.155,0.602465,-1,-1,-1
63,28,680.775,453.427,92.765,218.189,0.908993,-1,-1,-1
63,50,1032.974,450.626,33.824,83.430,0.804769,-1,-1,-1
63,51,464.483,444.110,56.710,108.470,0.624286,-1,-1,-1
64,1,746.308,468.864,43.219,97.933,0.774102,-1,-1,-1
64,6,931.047,437.172,35.506,85.977,0.661046,-1,-1,-1
64,7,1524.002,430.231,44.620,119.340,0.704917,-1,-1,-1
64,8,1098.321,437.797,35.732,94.077,0.719523,-1,-1,-1
64,9,1003.710,446.867,34.284,84.748,0.834277,-1,-1,-1
64,11,615.437,443.286,104.135,285.512,0.941634,-1,-1,-1
64,13,453.355,438.884,175.135,323.931,0.947695,-1,-1,-1
64,14,1256.173,442.967,42.910,101.119,0.864308,-1,-1,-1
64,18,804.956,475.078,38.208,77.282,0.650336,-1,-1,-1
64,19,847.550,470.890,41.407,68.826,0.641558,-1,-1,-1
64,28,681.283,451.368,92.868,222.004,0.899417,-1,-1,-1
64,50,1032.744,452.631,33.135,82.237,0.822480,-1,-1,-1
64,51,462.340,442.835,60.041,116.028,0.612806,-1,-1,-1
65,1,740.811,461.645,48.494,110.108,0.696366,-1,-1,-1
65,6,929.893,436.283,36.878,89.166,0.668438,-1,-1,-1
65,7,1523.479,430.858,43.148,117.316,0.740235,-1,-1,-1
65,8,1099.001,438.582,35.356,93.626,0.662616,-1,-1,-1
65,9,1003.055,446.279,33.544,83.599,0.781493,-1,-1,-1
65,11,614.112,441.356,106.725,289.052,0.942172,-1,-1,-1
65,13,446.070,437.731,184.278,326.187,0.952506,-1,-1,-1
65,14,1256.314,444.185,43.007,100.694,0.871957,-1,-1,-1
65,18,805.205,475.818,37.329,77.810,0.705474,-1,-1,-1
65,28,680.889,454.723,89.852,220.728,0.910129,-1,-1,-1
65,40,590.565,446.382,57.735,139.867,0.648056,-1,-1,-1
65,50,1033.854,455.552,31.644,78.155,0.755494,-1,-1,-1
66,1,735.133,446.743,40.451,91.427,0.602172,-1,-1,-1
66,6,929.875,436.764,36.402,88.904,0.622515,-1,-1,-1
66,7,1527.117,429.578,42.432,118.698,0.812146,-1,-1,-1
66,8,1098.755,437.266,36.203,97.151,0.694690,-1,-1,-1
66,9,1000.473,444.756,34.641,88.591,0.792286,-1,-1,-1
66,11,614.339,442.128,102.694,288.555,0.942882,-1,-1,-1
66,13,451.530,441.548,186.422,319.632,0.942909,-1,-1,-1
66,14,1256.135,444.165,43.127,100.176,0.863731,-1,-1,-1
66,16,811.566,479.920,39.665,70.401,0.621839,-1,-1,-1
66,18,805.100,475.169,36.754,77.509,0.711232,-1,-1,-1
66,28,684.608,452.622,90.689,225.021,0.919132,-1,-1,-1
66,30,730.651,446.083,50.171,120.366,0.758076,-1,-1,-1
66,40,591.333,448.011,55.010,138.181,0.741531,-1,-1,-1
66,43,1547.336,432.437,40.765,111.277,0.707544,-1,-1,-1
66,50,1033.096,453.246,33.417,83.661,0.777177,-1,-1,-1
67,6,930.300,435.718,36.166,89.214,0.619743,-1,-1,-1
67,7,1530.337,427.739,42.089,120.433,0.739347,-1,-1,-1
67,8,1097.530,434.990,37.712,102.460,0.726540,-1,-1,-1
67,9,1000.463,445.812,33.381,85.361,0.801873,-1,-1,-1
67,11,614.805,442.828,103.236,283.349,0.941934,-1,-1,-1
67,13,450.629,438.109,194.138,328.847,0.946750,-1,-1,-1
67,14,1256.561,445.425,42.730,98.415,0.862730,-1,-1,-1
67,18,807.274,478.372,34.772,73.599,0.722771,-1,-1,-1
67,28,686.015,455.343,92.143,222.781,0.919924,-1,-1,-1
67,30,732.996,447.613,43.458,104.228,0.656930,-1,-1,-1
67,40,594.610,448.576,55.487,139.283,0.621955,-1,-1,-1
67,43,1546.314,426.203,43.247,123.612,0.820968,-1,-1,-1
67,50,1032.948,452.032,33.889,84.543,0.787087,-1,-1,-1
67,51,468.785,450.313,49.621,95.645,0.617211,-1,-1,-1
68,6,932.067,436.573,35.688,88.422,0.648958,-1,-1,-1
68,7,1531.642,428.307,41.897,120.570,0.666694,-1,-1,-1
68,8,1098.990,436.221,34.279,91.871,0.660336,-1,-1,-1
68,9,1000.128,444.138,35.136,87.521,0.821733,-1,-1,-1
68,11,610.072,444.696,107.810,285.057,0.945473,-1,-1,-1
68,13,457.262,444.033,186.196,320.007,0.944571,-1,-1,-1
68,14,1256.416,446.087,42.930,98.562,0.864924,-1,-1,-1
68,18,807.482,478.868,35.391,74.540,0.693043,-1,-1,-1
68,28,686.113,454.296,91.160,222.377,0.923859,-1,-1,-1
68,30,732.541,447.496,44.293,105.680,0.601640,-1,-1,-1
68,43,1543.807,421.216,45.863,129.389,0.793219,-1,-1,-1
68,50,1033.882,450.911,33.622,83.593,0.768137,-1,-1,-1
68,51,472.682,452.883,50.496,98.071,0.623993,-1,-1,-1
69,4,1070.850,452.295,65.485,140.109,0.629960,-1,-1,-1
69,9,1000.420,446.667,34.401,83.890,0.801728,-1,-1,-1
69,11,609.431,444.452,109.586,286.577,0.943996,-1,-1,-1
69,13,461.599,441.959,184.335,325.091,0.935193,-1,-1,-1
69,14,1256.461,446.244,43.014,98.112,0.861458,-1,-1,-1
69,18,807.282,479.455,34.670,73.122,0.703752,-1,-1,-1
69,24,1093.470,434.871,44.649,116.960,0.660412,-1,-1,-1
69,28,684.515,453.922,92.726,224.056,0.924685,-1,-1,-1
69,43,1539.977,418.174,49.503,131.727,0.790046,-1,-1,-1
69,50,1033.920,455.073,32.159,77.846,0.727310,-1,-1,-1
69,51,467.567,449.376,54.242,110.736,0.735043,-1,-1,-1
70,1,739.009,447.509,37.015,81.389,0.610677,-1,-1,-1
70,6,932.799,436.948,34.534,85.353,0.644145,-1,-1,-1
70,8,1095.618,434.384,40.195,105.874,0.680899,-1,-1,-1
70,9,1000.636,446.341,35.563,82.707,0.816220,-1,-1,-1
70,11,606.309,440.683,109.362,286.702,0.938951,-1,-1,-1
70,13,461.576,440.653,187.412,325.890,0.949569,-1,-1,-1
70,14,1256.051,445.694,43.500,98.598,0.867272,-1,-1,-1
70,18,807.048,478.675,35.319,74.477,0.678897,-1,-1,-1
70,28,687.337,457.576,88.375,221.472,0.915791,-1,-1,-1
70,43,1537.099,413.309,54.665,138.855,0.851014,-1,-1,-1
70,50,1035.026,454.469,33.684,78.221,0.735291,-1,-1,-1
70,51,468.298,447.077,64.955,128.886,0.744488,-1,-1,-1
71,4,1067.573,466.815,60.223,128.454,0.672844,-1,-1,-1
71,6,932.617,438.224,34.303,83.655,0.635671,-1,-1,-1
71,7,1539.202,421.107,51.375,129.406,0.821835,-1,-1,-1
71,8,1096.576,437.270,38.322,99.291,0.656378,-1,-1,-1
71,9,1000.001,446.837,35.961,81.271,0.815127,-1,-1,-1
71,11,604.727,436.951,113.151,293.809,0.939129,-1,-1,-1
71,13,471.261,442.854,180.866,324.665,0.944692,-1,-1,-1
71,14,1255.685,445.389,43.497,99.207,0.866181,-1,-1,-1
71,18,806.116,475.641,36.895,77.945,0.660939,-1,-1,-1
71,28,688.949,457.016,88.149,220.937,0.910472,-1,-1,-1
71,30,736.385,447.241,38.109,91.755,0.642235,-1,-1,-1
71,50,1034.062,453.873,34.623,78.400,0.709196,-1,-1,-1
71,51,466.364,447.790,60.416,124.719,0.789747,-1,-1,-1
72,2,500.342,452.291,40.876,101.431,0.664352,-1,-1,-1
72,7,1538.334,415.417,53.290,136.509,0.829879,-1,-1,-1
72,8,1095.689,436.952,40.935,105.831,0.691280,-1,-1,-1
72,9,999.541,446.632,37.181,82.155,0.800037,-1,-1,-1
72,11,606.023,440.316,109.435,290.258,0.936774,-1,-1,-1
72,13,475.614,440.907,180.592,327.133,0.938251,-1,-1,-1
72,14,1255.666,445.974,43.355,98.676,0.863072,-1,-1,-1
72,18,807.940,475.811,36.280,74.956,0.627444,-1,-1,-1
72,28,689.168,454.179,95.107,224.451,0.917242,-1,-1,-1
72,30,741.575,448.205,34.633,82.962,0.660151,-1,-1,-1
72,50,1034.557,455.212,34.776,77.907,0.604216,-1,-1,-1
72,51,466.065,448.494,59.868,125.413,0.777816,-1,-1,-1
73,2,498.577,453.037,41.717,104.270,0.652364,-1,-1,-1
73,6,931.290,438.001,36.007,86.541,0.611850,-1,-1,-1
73,7,1540.003,417.868,52.352,133.345,0.826930,-1,-1,-1
73,8,1095.064,436.473,41.982,107.760,0.712050,-1,-1,-1
73,9,998.174,445.348,38.354,85.265,0.790594,-1,-1,-1
73,11,606.490,439.402,107.689,291.618,0.938242,-1,-1,-1
73,13,482.841,435.906,173.861,332.853,0.938662,-1,-1,-1
73,14,1255.991,445.599,43.507,98.461,0.864443,-1,-1,-1
73,24,1074.611,441.221,56.785,148.943,0.609265,-1,-1,-1
73,28,690.680,454.259,96.904,224.335,0.918244,-1,-1,-1
73,30,741.875,448.345,35.794,86.337,0.632366,-1,-1,-1
73,51,464.681,448.703,59.502,126.835,0.796467,-1,-1,-1
73,53,1030.478,455.002,61.700,129.883,0.672456,-1,-1,-1
74,2,493.730,450.945,47.775,114.782,0.726450,-1,-1,-1
74,4,1070.010,465.903,58.247,129.652,0.763481,-1,-1,-1
74,6,930.528,436.765,36.701,87.628,0.638041,-1,-1,-1
74,7,1542.178,422.793,51.052,127.617,0.771552,-1,-1,-1
74,8,1098.425,440.669,34.786,89.741,0.693320,-1,-1,-1
74,9,998.703,444.944,38.319,85.370,0.755967,-1,-1,-1
74,11,607.324,439.100,106.357,291.972,0.939959,-1,-1,-1
74,13,505.932,436.643,153.854,331.163,0.928558,-1,-1,-1
74,14,1255.803,444.471,43.463,99.303,0.861620,-1,-1,-1
74,28,692.338,454.349,95.397,223.061,0.919691,-1,-1,-1
74,30,743.557,446.324,34.933,86.630,0.680286,-1,-1,-1
74,51,462.554,451.685,53.436,116.438,0.770638,-1,-1,-1
74,53,1044.131,452.465,57.186,125.942,0.608554,-1,-1,-1
75,2,489.635,451.417,53.785,131.768,0.759339,-1,-1,-1
75,4,1070.797,465.037,57.709,130.490,0.797507,-1,-1,-1
75,6,930.232,436.704,36.416,86.751,0.615876,-1,-1,-1
75,7,1542.705,424.454,49.575,123.493,0.602337,-1,-1,-1
75,8,1097.443,441.834,34.646,88.983,0.640622,-1,-1,-1
75,9,1001.009,447.710,37.800,86.374,0.751018,-1,-1,-1
75,11,607.406,439.059,106.316,290.698,0.935590,-1,-1,-1
75,13,500.167,434.129,155.158,332.458,0.930104,-1,-1,-1
75,14,1255.376,444.431,43.477,98.432,0.866231,-1,-1,-1
75,24,1083.004,444.512,47.575,121.204,0.650733,-1,-1,-1
75,28,693.322,455.116,95.010,220.257,0.923685,-1,-1,-1
75,30,744.919,445.343,33.398,82.128,0.616926,-1,-1,-1
75,51,461.606,451.867,49.842,111.352,0.721343,-1,-1,-1
75,53,1040.569,451.439,49.823,113.075,0.701348,-1,-1,-1
76,1,764.234,447.422,36.752,78.052,0.642778,-1,-1,-1
76,2,486.628,450.326,56.109,129.895,0.766178,-1,-1,-1
76,4,1070.621,467.600,56.733,127.847,0.803744,-1,-1,-1
76,6,930.672,437.595,36.614,87.827,0.665381,-1,-1,-1
76,7,1548.578,433.932,44.974,114.939,0.610345,-1,-1,-1
76,8,1098.439,442.532,33.757,86.226,0.654806,-1,-1,-1
76,9,1000.028,444.082,38.026,85.923,0.797108,-1,-1,-1
76,11,609.364,439.258,104.761,288.471,0.932543,-1,-1,-1
76,13,500.178,435.311,151.969,330.404,0.927447,-1,-1,-1
76,14,1255.741,444.420,43.648,98.467,0.863547,-1,-1,-1
76,24,1087.822,444.910,42.205,106.258,0.623609,-1,-1,-1
76,28,695.578,456.631,100.309,218.163,0.917720,-1,-1,-1
76,30,743.691,444.662,33.062,81.863,0.676614,-1,-1,-1
76,51,459.904,451.911,49.932,114.062,0.724175,-1,-1,-1
76,53,1041.551,450.511,49.214,114.870,0.736527,-1,-1,-1
76,54,496.189,448.834,102.885,254.957,0.660396,-1,-1,-1
77,1,765.062,446.034,37.628,80.022,0.649349,-1,-1,-1
77,2,484.481,447.906,60.656,139.593,0.772786,-1,-1,-1
77,4,1069.644,467.071,57.815,128.546,0.763042,-1,-1,-1
77,6,930.748,437.590,36.289,88.005,0.696020,-1,-1,-1
77,8,1098.365,442.124,34.083,86.727,0.671677,-1,-1,-1
77,9,1000.551,446.559,38.398,86.699,0.802050,-1,-1,-1
77,11,611.057,439.050,101.843,287.525,0.931552,-1,-1,-1
77,13,510.787,435.168,142.840,328.868,0.933543,-1,-1,-1
77,14,1255.769,444.174,43.811,98.596,0.865814,-1,-1,-1
77,28,695.867,455.249,102.726,220.367,0.920492,-1,-1,-1
77,30,744.623,443.357,36.346,91.167,0.719005,-1,-1,-1
77,51,459.650,451.844,48.424,112.808,0.721600,-1,-1,-1
77,53,1045.534,449.362,45.128,103.519,0.689434,-1,-1,-1
77,54,502.583,453.125,99.718,246.855,0.686163,-1,-1,-1
78,2,479.708,445.939,62.156,144.663,0.784503,-1,-1,-1
78,4,1070.179,447.050,64.662,148.214,0.634270,-1,-1,-1
78,6,931.542,439.357,34.744,86.585,0.757999,-1,-1,-1
78,8,1097.614,441.183,34.470,87.083,0.654876,-1,-1,-1
78,9,1000.114,445.825,38.853,87.666,0.809099,-1,-1,-1
78,11,610.469,436.280,102.832,288.985,0.933324,-1,-1,-1
78,13,510.785,435.884,143.181,334.503,0.923097,-1,-1,-1
78,14,1256.044,446.708,42.416,96.491,0.846625,-1,-1,-1
78,24,1086.212,441.907,44.984,111.086,0.629207,-1,-1,-1
78,28,694.656,452.158,104.034,225.421,0.918144,-1,-1,-1
78,30,745.384,443.916,35.788,89.913,0.629878,-1,-1,-1
78,51,460.289,450.701,46.759,110.120,0.631844,-1,-1,-1
78,53,1042.556,446.057,53.064,129.293,0.724172,-1,-1,-1
78,54,500.410,451.783,107.819,254.751,0.787689,-1,-1,-1
79,1,760.179,444.744,39.128,83.958,0.617178,-1,-1,-1
79,2,485.156,449.439,56.491,134.293,0.747806,-1,-1,-1
79,4,1071.920,459.853,58.662,135.719,0.647663,-1,-1,-1
79,6,931.413,439.168,34.652,85.990,0.755562,-1,-1,-1
79,8,1098.769,440.717,34.188,86.628,0.662777,-1,-1,-1
79,9,998.633,446.305,41.091,88.271,0.819264,-1,-1,-1
79,11,613.347,438.886,100.162,284.541,0.929494,-1,-1,-1
79,13,515.978,439.359,138.413,332.765,0.921091,-1,-1,-1
79,14,1257.715,447.333,42.324,95.748,0.851998,-1,-1,-1
79,28,697.111,451.144,105.020,227.383,0.919137,-1,-1,-1
79,30,746.669,444.612,38.788,97.519,0.605278,-1,-1,-1
79,51,459.900,452.515,47.020,113.394,0.754155,-1,-1,-1
79,53,1044.273,448.247,49.125,122.697,0.698273,-1,-1,-1
79,54,495.659,454.989,114.847,267.017,0.801703,-1,-1,-1
80,2,482.413,445.776,68.986,159.881,0.771577,-1,-1,-1
80,6,930.870,437.620,35.543,89.307,0.791479,-1,-1,-1
80,8,1100.071,439.806,33.984,88.009,0.686216,-1,-1,-1
80,9,998.740,444.704,40.780,87.120,0.802495,-1,-1,-1
80,11,613.429,436.429,100.799,287.657,0.934644,-1,-1,-1
80,13,520.262,439.986,135.553,333.083,0.906340,-1,-1,-1
80,14,1257.519,445.327,43.516,98.185,0.862753,-1,-1,-1
80,19,844.144,467.120,45.887,78.969,0.612612,-1,-1,-1
80,28,701.449,455.205,106.727,224.891,0.939177,-1,-1,-1
80,50,1049.613,446.062,41.328,97.655,0.630413,-1,-1,-1
80,51,459.701,452.418,47.331,113.941,0.692553,-1,-1,-1
80,54,491.107,449.866,123.416,285.699,0.852334,-1,-1,-1
81,1,758.965,447.186,34.685,76.475,0.674515,-1,-1,-1
81,2,481.055,444.390,69.489,163.710,0.754677,-1,-1,-1
81,6,930.135,436.915,36.148,90.572,0.786863,-1,-1,-1
81,8,1100.493,440.114,33.253,86.893,0.677962,-1,-1,-1
81,9,998.493,444.035,40.716,87.377,0.817860,-1,-1,-1
81,11,615.360,438.589,99.600,288.955,0.931160,-1,-1,-1
81,13,532.461,442.764,129.581,333.680,0.918059,-1,-1,-1
81,14,1257.560,446.826,42.945,96.910,0.862821,-1,-1,-1
81,25,977.884,446.453,32.950,76.542,0.607686,-1,-1,-1
81,28,703.707,455.559,107.421,226.078,0.938839,-1,-1,-1
81,50,1050.573,443.286,41.654,102.790,0.601376,-1,-1,-1
81,51,458.938,452.856,46.915,112.844,0.747276,-1,-1,-1
81,54,488.457,444.302,124.361,287.093,0.858716,-1,-1,-1
82,2,484.842,442.185,71.638,171.432,0.740678,-1,-1,-1
82,6,930.654,438.658,35.832,88.525,0.754136,-1,-1,-1
82,8,1100.657,438.314,33.927,89.878,0.702024,-1,-1,-1
82,9,999.657,444.714,40.949,88.926,0.807062,-1,-1,-1
82,11,615.365,434.805,102.511,294.738,0.932396,-1,-1,-1
82,13,526.422,434.707,133.349,343.252,0.921640,-1,-1,-1
82,14,1257.389,442.973,43.231,100.087,0.877977,-1,-1,-1
82,28,706.627,457.165,109.325,221.457,0.939738,-1,-1,-1
82,51,459.152,449.162,47.791,115.489,0.789387,-1,-1,-1
82,53,1048.182,441.409,45.763,119.601,0.619918,-1,-1,-1
82,54,488.320,442.109,128.493,293.899,0.841632,-1,-1,-1
83,1,761.412,446.111,31.818,70.309,0.649010,-1,-1,-1
83,2,495.459,444.486,74.993,177.557,0.664596,-1,-1,-1
83,6,929.219,437.592,37.577,91.167,0.730461,-1,-1,-1
83,8,1100.362,437.436,34.596,92.545,0.721211,-1,-1,-1
83,9,1000.094,442.802,43.839,97.179,0.837080,-1,-1,-1
83,11,618.276,437.079,99.164,294.704,0.934012,-1,-1,-1
83,13,530.205,440.215,135.737,343.133,0.908368,-1,-1,-1
83,14,1258.197,441.515,43.027,102.038,0.880815,-1,-1,-1
83,17,488.735,449.337,51.385,120.532,0.694539,-1,-1,-1
83,25,976.761,446.403,34.358,82.453,0.625416,-1,-1,-1
83,28,709.838,460.829,107.476,221.231,0.938921,-1,-1,-1
83,42,414.979,454.849,56.731,100.309,0.735630,-1,-1,-1
83,50,1053.167,442.557,40.531,105.892,0.648195,-1,-1,-1
83,51,459.730,447.192,47.321,113.870,0.774259,-1,-1,-1
83,54,489.405,445.152,123.641,288.175,0.855290,-1,-1,-1
84,1,763.696,445.084,29.910,66.049,0.645164,-1,-1,-1
84,2,486.571,443.476,72.904,172.945,0.731522,-1,-1,-1
84,6,929.591,439.044,37.409,90.313,0.681225,-1,-1,-1
84,8,1098.292,435.154,37.956,102.680,0.752183,-1,-1,-1
84,9,1000.934,443.657,41.490,90.844,0.822848,-1,-1,-1
84,11,617.404,441.053,101.306,290.809,0.931740,-1,-1,-1
84,13,532.935,439.784,134.858,341.091,0.917771,-1,-1,-1
84,14,1258.878,442.582,41.693,100.306,0.882417,-1,-1,-1
84,17,488.934,448.707,53.738,123.358,0.700342,-1,-1,-1
84,28,708.746,463.592,108.790,217.405,0.933239,-1,-1,-1
84,42,417.327,466.890,52.027,88.998,0.704118,-1,-1,-1
84,51,459.046,446.006,47.875,117.116,0.778548,-1,-1,-1
84,53,1047.407,442.194,47.162,127.773,0.697684,-1,-1,-1
84,54,493.236,447.378,121.344,290.194,0.878069,-1,-1,-1
85,2,482.756,442.485,77.512,179.702,0.760842,-1,-1,-1
85,6,930.257,439.217,37.387,89.807,0.693681,-1,-1,-1
85,8,1097.981,435.473,37.812,101.767,0.717028,-1,-1,-1
85,9,999.746,444.578,40.281,90.685,0.789399,-1,-1,-1
85,11,620.407,446.544,98.665,285.697,0.924307,-1,-1,-1
85,13,533.921,436.973,135.208,345.097,0.904922,-1,-1,-1
85,14,1258.618,441.157,42.680,102.196,0.873852,-1,-1,-1
85,28,709.782,460.586,109.273,222.926,0.932745,-1,-1,-1
85,30,763.831,444.934,31.304,78.718,0.661940,-1,-1,-1
85,42,420.109,470.651,48.378,83.695,0.760015,-1,-1,-1
85,51,459.012,446.833,46.984,114.219,0.768253,-1,-1,-1
85,53,1045.109,442.275,48.523,134.373,0.757254,-1,-1,-1
85,54,490.010,447.048,122.413,295.298,0.850404,-1,-1,-1
86,2,483.786,440.003,84.067,188.851,0.772684,-1,-1,-1
86,6,929.639,440.384,37.863,90.133,0.652595,-1,-1,-1
86,8,1098.064,435.486,38.306,103.779,0.724160,-1,-1,-1
86,9,998.807,444.463,41.588,95.410,0.811589,-1,-1,-1
86,11,621.196,444.405,102.407,289.350,0.925352,-1,-1,-1
86,13,527.390,429.030,140.178,353.285,0.923740,-1,-1,-1
86,14,1259.271,440.672,41.944,102.057,0.873405,-1,-1,-1
86,25,977.792,446.460,33.327,81.787,0.629934,-1,-1,-1
86,28,711.770,458.027,106.585,225.305,0.949063,-1,-1,-1
86,42,421.382,472.789,47.320,81.412,0.749296,-1,-1,-1
86,51,459.300,446.971,47.283,113.354,0.751768,-1,-1,-1
86,53,1046.873,443.449,48.252,134.767,0.751788,-1,-1,-1
86,54,490.800,437.846,124.786,306.748,0.809551,-1,-1,-1
87,2,482.857,441.815,82.224,183.937,0.794550,-1,-1,-1
87,6,929.441,439.252,38.894,93.239,0.717314,-1,-1,-1
87,8,1099.680,437.373,36.027,98.242,0.636925,-1,-1,-1
87,9,1001.961,444.980,38.944,89.480,0.788127,-1,-1,-1
87,11,619.799,440.310,102.357,294.399,0.931035,-1,-1,-1
87,13,517.356,430.290,153.191,352.821,0.931155,-1,-1,-1
87,14,1258.953,441.118,41.633,101.611,0.868563,-1,-1,-1
87,17,480.831,445.377,62.619,151.686,0.687920,-1,-1,-1
87,25,977.465,446.730,32.269,79.825,0.644083,-1,-1,-1
87,28,712.753,460.705,105.697,222.376,0.954159,-1,-1,-1
87,42,419.419,473.963,47.224,80.726,0.688156,-1,-1,-1
87,51,457.393,445.682,49.569,116.812,0.813427,-1,-1,-1
87,53,1050.586,442.419,44.672,127.450,0.688062,-1,-1,-1
87,54,492.567,438.748,126.001,312.436,0.730409,-1,-1,-1
88,2,480.018,444.151,78.143,174.359,0.823518,-1,-1,-1
88,8,1100.675,439.944,33.214,89.925,0.646595,-1,-1,-1
88,9,1001.324,446.231,37.835,89.169,0.785337,-1,-1,-1
88,11,624.346,450.417,106.395,282.575,0.923269,-1,-1,-1
88,13,523.880,432.667,149.995,356.789,0.893495,-1,-1,-1
88,14,1258.839,442.729,41.070,99.164,0.862471,-1,-1,-1
88,28,717.475,452.289,104.550,229.615,0.950678,-1,-1,-1
88,42,417.439,468.167,49.688,86.605,0.705310,-1,-1,-1
88,51,458.160,448.111,48.205,114.595,0.786904,-1,-1,-1
88,53,1051.160,443.587,45.124,132.021,0.772775,-1,-1,-1
88,54,504.114,441.610,124.641,307.072,0.851789,-1,-1,-1
89,2,477.506,440.905,85.955,200.748,0.789895,-1,-1,-1
89,6,930.955,439.891,35.404,82.747,0.622917,-1,-1,-1
89,8,1099.728,440.139,33.885,91.396,0.634287,-1,-1,-1
89,9,1001.326,445.672,37.204,90.061,0.754979,-1,-1,-1
89,11,624.565,440.971,110.928,292.459,0.925219,-1,-1,-1
89,13,537.131,436.215,136.784,350.769,0.877134,-1,-1,-1
89,14,1257.990,440.292,42.862,102.858,0.873092,-1,-1,-1
89,17,485.374,448.003,59.668,146.235,0.680619,-1,-1,-1
89,28,718.729,451.710,104.195,230.400,0.950555,-1,-1,-1
89,40,705.380,449.663,42.586,110.808,0.627254,-1,-1,-1
89,42,417.582,460.662,52.231,94.899,0.708004,-1,-1,-1
89,51,458.309,448.221,49.166,116.355,0.779119,-1,-1,-1
89,53,1052.550,442.844,42.409,125.740,0.698402,-1,-1,-1
89,54,503.061,446.623,121.867,300.025,0.874132,-1,-1,-1
90,4,1074.237,451.533,58.876,140.850,0.612596,-1,-1,-1
90,6,929.505,439.127,39.280,90.794,0.672130,-1,-1,-1
90,8,1099.391,440.353,34.165,91.325,0.656138,-1,-1,-1
90,9,1003.175,446.297,35.441,85.947,0.704131,-1,-1,-1
90,11,622.485,442.281,115.236,290.585,0.918151,-1,-1,-1
90,13,537.322,440.708,137.104,347.481,0.866167,-1,-1,-1
90,14,1258.130,440.933,43.644,101.519,0.861376,-1,-1,-1
90,17,483.437,445.070,69.931,157.138,0.770000,-1,-1,-1
90,28,720.999,452.556,103.641,229.734,0.946932,-1,-1,-1
90,40,698.718,449.717,57.044,140.866,0.648545,-1,-1,-1
90,42,417.475,459.155,51.823,96.465,0.671567,-1,-1,-1
90,51,458.120,447.419,48.657,115.689,0.786588,-1,-1,-1
90,53,1054.921,442.141,39.643,117.998,0.613985,-1,-1,-1
90,54,495.325,444.774,124.498,303.652,0.882233,-1,-1,-1
91,4,1075.840,459.789,56.488,132.031,0.766083,-1,-1,-1
91,8,1100.006,441.286,31.769,81.713,0.652443,-1,-1,-1
91,9,1003.811,445.785,35.161,82.374,0.748199,-1,-1,-1
91,11,630.170,441.086,112.564,290.940,0.919178,-1,-1,-1
91,13,541.527,437.065,134.651,340.537,0.899376,-1,-1,-1
91,14,1254.876,442.042,43.948,101.915,0.829167,-1,-1,-1
91,17,484.549,443.620,70.677,153.285,0.733080,-1,-1,-1
91,24,1084.739,448.609,47.544,111.460,0.674196,-1,-1,-1
91,28,723.838,453.975,101.863,228.644,0.948160,-1,-1,-1
91,40,692.157,446.916,68.931,169.561,0.710265,-1,-1,-1
91,42,415.078,452.829,54.633,102.703,0.718279,-1,-1,-1
91,51,458.933,448.056,48.151,113.090,0.758374,-1,-1,-1
91,54,502.357,446.023,120.714,300.595,0.883277,-1,-1,-1
92,4,1071.455,456.228,58.996,134.541,0.713190,-1,-1,-1
92,8,1102.233,438.050,32.924,86.022,0.714351,-1,-1,-1
92,9,1003.123,446.152,35.727,82.040,0.682560,-1,-1,-1
92,11,623.480,441.040,120.515,298.942,0.915919,-1,-1,-1
92,13,532.633,436.733,144.158,338.018,0.905936,-1,-1,-1
92,14,1253.549,442.433,42.942,101.078,0.859727,-1,-1,-1
92,17,487.879,444.987,65.881,139.119,0.716152,-1,-1,-1
92,24,1089.202,440.053,44.942,106.047,0.653854,-1,-1,-1
92,28,728.099,453.980,100.692,227.495,0.943948,-1,-1,-1
92,40,684.632,445.509,65.671,159.906,0.658399,-1,-1,-1
92,42,417.328,466.378,50.070,90.645,0.757539,-1,-1,-1
92,51,457.739,452.683,48.218,111.316,0.765529,-1,-1,-1
92,54,502.618,442.725,120.378,302.349,0.866221,-1,-1,-1
93,4,1070.306,460.088,59.218,131.970,0.744439,-1,-1,-1
93,6,929.101,439.054,35.976,82.358,0.623909,-1,-1,-1
93,8,1101.004,437.619,32.460,83.254,0.691332,-1,-1,-1
93,9,1001.398,446.498,36.720,84.198,0.609454,-1,-1,-1
93,11,624.946,436.632,121.696,305.600,0.909622,-1,-1,-1
93,13,534.648,436.939,145.126,344.714,0.905441,-1,-1,-1
93,14,1254.227,442.106,43.127,101.318,0.866578,-1,-1,-1
93,17,489.362,446.324,65.719,137.627,0.714049,-1,-1,-1
93,24,1087.956,439.502,46.423,110.914,0.629179,-1,-1,-1
93,28,732.708,452.315,97.317,230.032,0.937617,-1,-1,-1
93,40,685.846,443.388,74.047,180.469,0.719766,-1,-1,-1
93,47,309.326,450.489,39.910,115.516,0.655377,-1,-1,-1
93,51,455.844,451.046,50.608,113.812,0.783595,-1,-1,-1
93,54,502.445,444.355,117.868,300.320,0.876654,-1,-1,-1
94,4,1070.306,446.592,63.835,143.727,0.636959,-1,-1,-1
94,6,931.357,440.181,36.983,84.872,0.633338,-1,-1,-1
94,8,1098.913,435.261,36.281,92.887,0.749626,-1,-1,-1
94,9,1001.301,442.096,39.097,89.474,0.749319,-1,-1,-1
94,11,626.543,437.621,118.728,305.132,0.922234,-1,-1,-1
94,13,522.707,435.223,157.930,364.652,0.907098,-1,-1,-1
94,14,1254.419,441.320,43.353,102.160,0.874068,-1,-1,-1
94,17,487.951,448.709,59.981,127.524,0.678171,-1,-1,-1
94,28,734.924,452.229,97.780,229.743,0.942037,-1,-1,-1
94,40,684.890,446.042,64.044,158.891,0.622098,-1,-1,-1
94,47,308.759,450.819,39.670,114.955,0.635547,-1,-1,-1
94,51,455.877,451.291,51.625,115.238,0.787748,-1,-1,-1
94,54,502.077,446.253,117.011,298.393,0.876262,-1,-1,-1
95,6,928.357,439.344,37.639,86.108,0.664440,-1,-1,-1
95,8,1099.681,437.735,35.326,91.691,0.743690,-1,-1,-1
95,9,1001.486,444.338,38.369,88.046,0.763744,-1,-1,-1
95,11,627.908,437.917,120.601,307.038,0.924599,-1,-1,-1
95,13,533.538,437.363,147.287,353.317,0.907879,-1,-1,-1
95,14,1254.880,440.915,42.555,102.784,0.874892,-1,-1,-1
95,17,489.825,450.124,59.230,123.413,0.688553,-1,-1,-1
95,28,734.069,451.402,99.645,231.416,0.935158,-1,-1,-1
95,40,691.473,444.471,45.645,114.687,0.626179,-1,-1,-1
95,42,421.003,469.220,48.036,87.080,0.650126,-1,-1,-1
95,47,310.979,452.730,36.161,107.076,0.652851,-1,-1,-1
95,51,457.755,453.994,48.190,109.831,0.779945,-1,-1,-1
95,53,1057.336,442.435,41.877,124.746,0.623445,-1,-1,-1
95,54,497.266,441.404,122.672,303.833,0.880258,-1,-1,-1
96,2,496.532,454.594,99.022,209.091,0.603063,-1,-1,-1
96,6,928.923,438.924,39.137,85.820,0.643565,-1,-1,-1
96,8,1100.911,438.094,34.016,88.799,0.731311,-1,-1,-1
96,9,1001.721,446.046,37.060,84.847,0.730340,-1,-1,-1
96,11,629.681,440.196,121.408,305.208,0.924486,-1,-1,-1
96,13,524.310,438.295,153.945,352.501,0.921975,-1,-1,-1
96,14,1254.321,442.708,41.590,100.166,0.863749,-1,-1,-1
96,28,734.623,446.468,102.811,238.384,0.932340,-1,-1,-1
96,40,695.659,444.396,38.446,97.674,0.621338,-1,-1,-1
96,42,418.077,459.573,53.242,95.646,0.693380,-1,-1,-1
96,47,308.977,451.793,38.533,112.189,0.680999,-1,-1,-1
96,51,458.281,452.188,47.096,107.967,0.712668,-1,-1,-1
96,54,503.550,446.281,119.570,295.671,0.862040,-1,-1,-1
97,2,497.787,453.801,91.987,174.967,0.631632,-1,-1,-1
97,6,929.783,438.612,38.905,84.077,0.668305,-1,-1,-1
97,8,1102.438,439.053,32.860,86.573,0.731516,-1,-1,-1
97,9,1002.148,446.714,36.845,84.458,0.775455,-1,-1,-1
97,11,631.303,438.647,122.915,305.494,0.927778,-1,-1,-1
97,13,519.498,435.882,159.218,356.923,0.925709,-1,-1,-1
97,14,1254.673,442.474,41.120,100.169,0.862613,-1,-1,-1
97,17,491.128,450.313,65.671,136.909,0.672661,-1,-1,-1
97,28,736.457,447.322,104.869,236.772,0.932119,-1,-1,-1
97,42,422.689,465.562,50.817,89.901,0.610176,-1,-1,-1
97,47,310.006,452.948,37.620,109.704,0.615899,-1,-1,-1
97,51,459.436,459.469,46.063,105.041,0.695055,-1,-1,-1
97,54,503.669,444.753,120.721,299.325,0.849167,-1,-1,-1
98,2,483.543,444.104,90.526,177.893,0.668403,-1,-1,-1
98,6,928.089,438.679,41.369,89.640,0.644864,-1,-1,-1
98,8,1101.932,437.309,33.138,89.136,0.747760,-1,-1,-1
98,9,1001.548,445.866,37.651,86.547,0.790908,-1,-1,-1
98,11,633.121,436.798,124.229,307.157,0.926884,-1,-1,-1
98,13,522.852,434.185,157.111,361.988,0.938340,-1,-1,-1
98,14,1253.938,439.065,43.101,104.482,0.876213,-1,-1,-1
98,17,488.855,447.392,59.225,125.454,0.600870,-1,-1,-1
98,28,735.116,443.580,109.255,240.252,0.940068,-1,-1,-1
98,51,452.725,454.450,47.491,105.755,0.696861,-1,-1,-1
98,53,1062.645,449.137,36.936,106.636,0.637031,-1,-1,-1
98,54,495.313,443.450,125.796,303.103,0.865931,-1,-1,-1
99,6,930.342,438.911,38.519,84.100,0.651904,-1,-1,-1
99,8,1099.688,437.263,35.802,96.293,0.803358,-1,-1,-1
99,9,999.504,444.308,38.138,88.056,0.789809,-1,-1,-1
99,11,636.637,434.189,125.069,309.455,0.931159,-1,-1,-1
99,13,527.206,435.964,151.133,356.331,0.943870,-1,-1,-1
99,14,1254.381,440.751,42.882,102.622,0.874788,-1,-1,-1
99,28,739.421,443.684,108.570,240.087,0.926462,-1,-1,-1
99,47,306.849,453.886,40.184,113.507,0.679037,-1,-1,-1
99,50,1059.682,447.936,40.821,113.305,0.661058,-1,-1,-1
99,51,451.286,456.954,47.766,105.240,0.729687,-1,-1,-1
99,54,491.284,443.289,129.262,300.958,0.856219,-1,-1,-1
100,6,931.526,437.694,37.792,83.249,0.633005,-1,-1,-1
100,8,1096.580,435.572,40.173,108.733,0.799794,-1,-1,-1
100,9,998.697,444.498,38.333,88.532,0.803050,-1,-1,-1
100,11,639.202,434.725,124.266,307.266,0.928575,-1,-1,-1
100,13,531.916,435.182,145.251,358.088,0.940966,-1,-1,-1
100,14,1252.851,440.936,43.845,103.018,0.882655,-1,-1,-1
100,24,1083.648,439.303,53.208,138.174,0.617846,-1,-1,-1
100,28,742.834,445.057,105.994,241.429,0.920574,-1,-1,-1
100,51,450.879,455.124,48.897,107.429,0.669226,-1,-1,-1
100,53,1061.453,442.731,37.230,109.459,0.669372,-1,-1,-1
100,54,486.828,443.366,128.801,299.826,0.873480,-1,-1,-1
101,6,930.970,435.870,37.813,84.167,0.615326,-1,-1,-1
101,8,1098.826,437.432,35.960,95.756,0.769627,-1,-1,-1
101,9,998.927,443.318,38.562,89.575,0.771921,-1,-1,-1
101,11,642.154,438.792,126.368,304.285,0.933457,-1,-1,-1
101,13,532.214,431.037,144.211,362.147,0.930225,-1,-1,-1
101,14,1252.803,442.042,41.984,101.230,0.869191,-1,-1,-1
101,24,1078.708,440.378,55.918,146.589,0.634953,-1,-1,-1
101,28,742.214,445.405,104.847,243.665,0.925257,-1,-1,-1
101,51,448.553,456.165,46.795,106.891,0.750513,-1,-1,-1
101,54,486.522,443.574,129.219,304.069,0.862555,-1,-1,-1
102,4,1068.729,442.977,64.777,146.986,0.645228,-1,-1,-1
102,6,931.036,436.330,39.369,87.605,0.614510,-1,-1,-1
102,8,1099.957,439.659,34.216,88.765,0.764548,-1,-1,-1
102,9,1000.078,443.958,37.954,88.128,0.789605,-1,-1,-1
102,11,644.067,437.107,121.447,304.362,0.933810,-1,-1,-1
102,13,524.430,433.029,150.864,359.189,0.930171,-1,-1,-1
102,14,1251.893,442.100,41.329,101.220,0.875454,-1,-1,-1
102,17,484.450,444.654,66.296,144.051,0.662214,-1,-1,-1
102,28,747.813,447.871,100.414,240.955,0.916511,-1,-1,-1
102,51,446.127,454.858,46.354,108.463,0.751159,-1,-1,-1
102,53,1066.922,440.074,30.046,86.973,0.657951,-1,-1,-1
102,54,487.967,440.947,132.120,307.288,0.854373,-1,-1,-1
103,2,481.572,444.397,90.606,191.700,0.602012,-1,-1,-1
103,4,1065.850,440.177,65.719,148.981,0.628589,-1,-1,-1
103,6,931.141,436.782,37.791,85.164,0.631218,-1,-1,-1
103,8,1098.050,436.903,36.779,94.999,0.782662,-1,-1,-1
103,9,1001.559,444.969,36.549,85.764,0.813888,-1,-1,-1
103,11,644.119,434.198,120.104,301.500,0.942514,-1,-1,-1
103,13,530.800,438.898,145.625,352.470,0.922808,-1,-1,-1
103,14,1252.454,440.057,41.472,104.070,0.858690,-1,-1,-1
103,17,485.004,446.579,64.983,146.593,0.642263,-1,-1,-1
103,28,748.151,448.914,100.082,240.954,0.923945,-1,-1,-1
103,51,445.623,464.534,42.325,98.152,0.682513,-1,-1,-1
103,53,1065.207,438.885,30.382,86.995,0.620443,-1,-1,-1
103,54,488.999,442.373,131.842,306.058,0.865833,-1,-1,-1
104,6,929.490,438.050,37.210,82.751,0.647600,-1,-1,-1
104,8,1096.369,433.339,40.046,103.890,0.786161,-1,-1,-1
104,9,1000.274,445.163,36.330,85.272,0.794252,-1,-1,-1
104,11,644.507,430.509,119.574,307.792,0.942230,-1,-1,-1
104,13,532.116,434.242,144.384,354.979,0.929101,-1,-1,-1
104,14,1252.387,441.956,41.226,102.707,0.865511,-1,-1,-1
104,17,483.211,445.072,66.487,156.126,0.690739,-1,-1,-1
104,28,751.047,446.275,99.424,245.955,0.919148,-1,-1,-1
104,51,439.749,468.402,43.360,94.516,0.648863,-1,-1,-1
104,54,490.942,444.897,132.864,301.870,0.850442,-1,-1,-1
105,6,931.902,437.856,37.233,82.570,0.640526,-1,-1,-1
105,8,1101.380,438.925,34.672,92.068,0.705591,-1,-1,-1
105,9,999.979,446.324,37.035,86.066,0.720088,-1,-1,-1
105,11,646.451,430.687,119.674,307.184,0.942473,-1,-1,-1
105,13,533.750,432.656,146.756,355.897,0.928672,-1,-1,-1
105,14,1251.592,441.571,40.149,102.033,0.821000,-1,-1,-1
105,17,484.240,450.202,62.722,152.227,0.681837,-1,-1,-1
105,28,754.550,452.905,96.337,242.175,0.924932,-1,-1,-1
105,42,423.577,463.026,56.981,99.886,0.649055,-1,-1,-1
105,47,309.640,450.457,38.790,112.452,0.649166,-1,-1,-1
105,51,441.602,458.889,47.619,104.259,0.627980,-1,-1,-1
105,54,489.919,442.029,132.963,301.914,0.877103,-1,-1,-1
106,6,931.044,436.270,38.875,85.442,0.626279,-1,-1,-1
106,8,1098.578,435.764,38.501,103.050,0.707400,-1,-1,-1
106,9,998.487,444.891,37.596,87.921,0.723699,-1,-1,-1
106,11,651.072,436.919,116.756,300.991,0.941355,-1,-1,-1
106,13,534.655,433.872,146.001,355.325,0.925525,-1,-1,-1
106,14,1251.125,444.415,39.687,100.069,0.849631,-1,-1,-1
106,17,484.995,451.948,60.186,150.585,0.694929,-1,-1,-1
106,28,754.907,454.135,95.092,239.949,0.914858,-1,-1,-1
106,47,310.367,450.520,37.504,109.635,0.625570,-1,-1,-1
106,51,443.368,457.204,48.139,106.349,0.671098,-1,-1,-1
106,54,492.678,441.771,129.207,303.947,0.876029,-1,-1,-1
107,6,929.996,434.594,40.906,89.146,0.758852,-1,-1,-1
107,8,1097.279,435.159,40.366,107.983,0.722420,-1,-1,-1
107,9,999.301,444.886,38.015,88.536,0.745701,-1,-1,-1
107,11,653.006,431.804,118.123,305.208,0.943160,-1,-1,-1
107,13,512.979,433.361,162.173,357.582,0.931199,-1,-1,-1
107,14,1251.585,445.851,38.321,97.519,0.829148,-1,-1,-1
107,17,490.800,446.394,64.026,159.250,0.721028,-1,-1,-1
107,24,1070.578,438.920,60.563,151.688,0.636577,-1,-1,-1
107,28,756.203,452.481,95.418,244.279,0.922390,-1,-1,-1
107,47,309.877,450.894,38.512,113.762,0.632161,-1,-1,-1
107,51,443.862,458.811,47.051,103.740,0.637569,-1,-1,-1
107,54,494.831,436.569,132.554,315.377,0.784400,-1,-1,-1
108,4,1068.950,465.332,59.092,128.442,0.623501,-1,-1,-1
108,6,930.392,435.582,42.141,93.028,0.616146,-1,-1,-1
108,8,1102.102,438.905,33.037,87.999,0.707630,-1,-1,-1
108,9,999.338,445.526,37.953,88.101,0.760754,-1,-1,-1
108,11,655.507,429.565,113.916,310.176,0.940931,-1,-1,-1
108,13,511.673,433.259,164.587,364.246,0.933493,-1,-1,-1
108,14,1250.584,443.786,38.616,100.061,0.834886,-1,-1,-1
108,17,491.349,447.102,64.064,160.258,0.816481,-1,-1,-1
108,25,922.540,434.507,54.307,121.774,0.780637,-1,-1,-1
108,28,753.118,442.371,101.197,256.532,0.918167,-1,-1,-1
108,47,310.135,450.408,38.646,114.781,0.647201,-1,-1,-1
108,54,499.949,441.670,129.222,306.174,0.652158,-1,-1,-1
109,4,1067.249,458.877,61.762,135.259,0.648535,-1,-1,-1
109,6,930.068,435.279,42.023,94.123,0.602252,-1,-1,-1
109,8,1102.295,438.917,32.922,88.010,0.681707,-1,-1,-1
109,11,656.875,428.591,113.055,311.778,0.942508,-1,-1,-1
109,13,514.868,434.076,163.747,364.274,0.936743,-1,-1,-1
109,14,1250.357,444.872,38.510,98.891,0.850228,-1,-1,-1
109,17,490.881,452.203,56.333,145.586,0.816361,-1,-1,-1
109,25,922.983,435.631,53.127,119.217,0.752586,-1,-1,-1
109,28,753.065,444.961,101.435,247.680,0.921989,-1,-1,-1
109,47,310.087,450.651,38.142,113.859,0.621627,-1,-1,-1
109,54,499.454,441.011,130.819,305.087,0.676589,-1,-1,-1
110,4,1068.668,467.155,59.155,126.995,0.690380,-1,-1,-1
110,6,928.029,434.100,47.428,97.951,0.737742,-1,-1,-1
110,8,1102.236,439.026,32.528,86.776,0.671279,-1,-1,-1
110,11,660.386,430.719,110.991,312.102,0.935446,-1,-1,-1
110,13,521.793,435.801,163.515,370.018,0.926715,-1,-1,-1
110,14,1250.198,443.792,39.310,98.994,0.858572,-1,-1,-1
110,17,492.451,453.911,50.856,131.854,0.791230,-1,-1,-1
110,25,918.064,436.954,61.782,140.165,0.784538,-1,-1,-1
110,28,750.252,445.960,104.082,251.501,0.914034,-1,-1,-1
110,47,309.038,450.750,38.797,115.583,0.638713,-1,-1,-1
110,51,430.450,465.510,46.715,96.394,0.647999,-1,-1,-1
110,54,499.395,478.214,120.530,264.425,0.787873,-1,-1,-1
111,2,522.434,446.002,46.685,107.666,0.607825,-1,-1,-1
111,4,1065.805,457.822,64.151,136.746,0.663545,-1,-1,-1
111,6,927.813,432.687,48.029,99.939,0.753323,-1,-1,-1
111,8,1097.328,433.357,40.051,104.079,0.730691,-1,-1,-1
111,9,1000.463,446.302,35.460,83.856,0.772212,-1,-1,-1
111,11,659.813,429.752,113.671,318.858,0.934388,-1,-1,-1
111,13,522.562,436.418,170.407,366.983,0.924997,-1,-1,-1
111,14,1248.806,440.952,40.228,101.454,0.843072,-1,-1,-1
111,17,493.402,454.442,48.047,121.134,0.780040,-1,-1,-1
111,19,846.559,467.305,44.428,75.356,0.606596,-1,-1,-1
111,25,920.237,434.490,58.427,133.637,0.800298,-1,-1,-1
111,28,751.797,449.221,102.815,243.384,0.905881,-1,-1,-1
111,47,308.463,450.514,38.937,113.981,0.604866,-1,-1,-1
111,51,427.632,461.277,53.392,101.555,0.774902,-1,-1,-1
111,54,497.554,481.391,122.767,262.481,0.693065,-1,-1,-1
112,2,528.359,444.647,40.965,99.102,0.652730,-1,-1,-1
112,4,1064.356,457.232,64.858,136.503,0.674031,-1,-1,-1
112,6,926.129,432.631,48.205,103.007,0.666347,-1,-1,-1
112,8,1096.001,433.409,41.524,105.455,0.738010,-1,-1,-1
112,9,999.204,445.541,36.788,86.891,0.759400,-1,-1,-1
112,11,661.907,428.294,117.197,319.046,0.931791,-1,-1,-1
112,13,522.443,433.038,168.682,370.806,0.924160,-1,-1,-1
112,14,1247.941,441.849,40.361,100.971,0.857105,-1,-1,-1
112,17,492.682,453.656,40.254,96.884,0.744281,-1,-1,-1
112,25,920.988,432.559,58.788,136.133,0.806790,-1,-1,-1
112,28,751.019,447.800,102.459,251.206,0.909911,-1,-1,-1
112,47,308.922,450.127,38.497,112.974,0.606032,-1,-1,-1
112,54,495.064,444.265,142.365,302.858,0.610881,-1,-1,-1
113,6,927.760,434.099,44.367,95.872,0.677069,-1,-1,-1
113,8,1094.806,433.004,44.180,113.316,0.714928,-1,-1,-1
113,9,999.464,447.713,35.684,84.185,0.710736,-1,-1,-1
113,11,660.677,428.397,117.359,320.580,0.934071,-1,-1,-1
113,13,516.518,432.889,173.574,377.664,0.926343,-1,-1,-1
113,14,1244.899,442.843,42.338,102.184,0.871665,-1,-1,-1
113,17,493.233,455.979,41.488,97.170,0.720433,-1,-1,-1
113,24,1070.203,436.651,62.368,153.868,0.658119,-1,-1,-1
113,25,921.675,433.511,57.141,131.546,0.784044,-1,-1,-1
113,28,752.963,446.060,100.133,249.321,0.912067,-1,-1,-1
113,47,309.675,451.976,38.190,111.365,0.611408,-1,-1,-1
113,51,431.812,459.070,50.676,100.702,0.664151,-1,-1,-1
113,54,490.698,461.650,134.347,282.058,0.644336,-1,-1,-1
114,6,926.550,431.682,49.591,103.729,0.809098,-1,-1,-1
114,8,1092.630,433.314,47.453,125.070,0.754064,-1,-1,-1
114,9,1000.269,450.821,35.660,81.664,0.673364,-1,-1,-1
114,11,661.950,430.319,118.089,320.019,0.930031,-1,-1,-1
114,13,501.951,428.586,187.521,382.987,0.932978,-1,-1,-1
114,14,1243.309,443.234,40.728,101.827,0.878669,-1,-1,-1
114,17,492.184,454.654,38.751,89.449,0.665930,-1,-1,-1
114,24,1074.386,435.500,61.626,154.369,0.663199,-1,-1,-1
114,25,919.265,437.836,61.675,140.490,0.613358,-1,-1,-1
114,28,755.305,445.680,100.617,253.846,0.914919,-1,-1,-1
114,47,310.148,451.114,37.070,109.080,0.672907,-1,-1,-1
114,51,432.654,459.693,50.499,101.847,0.621919,-1,-1,-1
115,6,928.335,435.547,48.363,100.297,0.787082,-1,-1,-1
115,8,1094.856,432.560,45.787,124.309,0.779040,-1,-1,-1
115,9,1001.234,451.400,35.038,79.582,0.695601,-1,-1,-1
115,11,662.736,433.495,115.188,317.376,0.931615,-1,-1,-1
115,13,502.722,429.094,190.791,382.263,0.931334,-1,-1,-1
115,14,1242.314,440.064,41.148,102.445,0.887011,-1,-1,-1
115,24,1076.933,434.347,59.790,152.384,0.625716,-1,-1,-1
115,28,758.231,446.930,100.837,253.082,0.919543,-1,-1,-1
116,6,929.370,435.629,47.996,100.891,0.810149,-1,-1,-1
116,8,1095.732,436.578,43.898,119.150,0.752427,-1,-1,-1
116,9,999.486,450.201,34.336,77.878,0.679719,-1,-1,-1
116,11,664.171,433.033,112.170,320.379,0.925872,-1,-1,-1
116,13,521.855,432.060,175.165,378.036,0.919715,-1,-1,-1
116,14,1240.818,441.631,41.753,103.075,0.889476,-1,-1,-1
116,19,836.816,464.017,48.886,94.916,0.667997,-1,-1,-1
116,24,1074.913,443.345,58.520,146.356,0.695172,-1,-1,-1
116,28,757.912,445.070,99.818,255.691,0.922027,-1,-1,-1
116,54,499.665,433.653,142.773,304.893,0.735157,-1,-1,-1
117,6,928.612,435.349,49.881,104.334,0.802221,-1,-1,-1
117,8,1092.482,432.968,47.659,132.064,0.784886,-1,-1,-1
117,9,999.832,450.210,34.591,76.679,0.734377,-1,-1,-1
117,11,662.365,433.279,112.832,320.524,0.931006,-1,-1,-1
117,13,510.637,434.258,182.045,374.386,0.923656,-1,-1,-1
117,14,1240.278,438.815,42.572,105.827,0.878055,-1,-1,-1
117,17,492.425,456.644,43.053,98.615,0.635891,-1,-1,-1
117,19,837.254,461.125,49.097,98.994,0.674843,-1,-1,-1
117,25,919.038,433.605,63.837,144.748,0.607243,-1,-1,-1
117,28,760.597,448.718,99.109,250.098,0.920929,-1,-1,-1
117,51,434.758,458.432,49.668,102.692,0.605801,-1,-1,-1
117,54,496.168,437.806,145.184,311.056,0.644881,-1,-1,-1
118,6,928.122,434.358,50.040,102.525,0.790822,-1,-1,-1
118,8,1093.796,433.962,43.290,117.855,0.793389,-1,-1,-1
118,9,1001.557,448.735,34.923,78.046,0.757976,-1,-1,-1
118,11,664.283,434.904,109.457,319.926,0.932790,-1,-1,-1
118,13,504.526,434.739,188.278,380.709,0.933715,-1,-1,-1
118,14,1239.659,440.110,40.113,102.773,0.883629,-1,-1,-1
118,17,490.178,455.285,46.038,105.672,0.650556,-1,-1,-1
118,25,921.289,440.853,62.723,142.924,0.660043,-1,-1,-1
118,28,761.058,447.845,101.925,251.993,0.927230,-1,-1,-1
118,51,434.060,460.930,48.025,100.967,0.633445,-1,-1,-1
119,6,927.650,435.280,51.167,106.312,0.719429,-1,-1,-1
119,8,1092.636,432.917,45.662,124.957,0.787517,-1,-1,-1
119,9,1002.309,447.607,34.370,79.146,0.784747,-1,-1,-1
119,11,665.378,434.712,113.840,327.201,0.929181,-1,-1,-1
119,13,506.702,433.794,185.318,390.371,0.937531,-1,-1,-1
119,14,1238.778,439.140,39.745,101.647,0.877001,-1,-1,-1
119,17,491.200,456.419,47.327,108.617,0.746919,-1,-1,-1
119,25,919.155,437.316,63.440,148.453,0.827897,-1,-1,-1
119,28,761.176,447.243,104.685,252.779,0.927166,-1,-1,-1
119,51,437.139,458.490,49.180,103.722,0.626447,-1,-1,-1
120,6,929.066,435.290,50.777,105.504,0.699004,-1,-1,-1
120,8,1096.097,434.781,40.476,108.792,0.780556,-1,-1,-1
120,9,1004.280,448.391,33.515,79.340,0.793377,-1,-1,-1
120,11,665.042,435.836,111.380,323.006,0.928744,-1,-1,-1
120,13,506.007,432.415,186.166,392.919,0.938069,-1,-1,-1
120,14,1238.122,439.471,39.827,102.920,0.865394,-1,-1,-1
120,17,491.005,458.257,47.251,109.469,0.770490,-1,-1,-1
120,25,919.842,438.608,63.422,148.136,0.809737,-1,-1,-1
120,28,762.041,446.245,103.787,253.350,0.924532,-1,-1,-1
120,51,435.042,456.855,50.554,106.865,0.731384,-1,-1,-1
121,6,927.278,435.135,53.705,112.051,0.661228,-1,-1,-1
121,8,1094.079,434.057,43.855,118.096,0.751113,-1,-1,-1
121,9,1004.099,449.473,32.911,78.885,0.791541,-1,-1,-1
121,11,667.907,436.738,112.979,323.143,0.929595,-1,-1,-1
121,13,510.658,434.094,186.091,396.087,0.939011,-1,-1,-1
121,14,1237.264,438.916,39.821,103.876,0.861822,-1,-1,-1
121,17,490.445,453.553,49.081,115.956,0.798187,-1,-1,-1
121,24,1075.259,438.015,60.045,151.626,0.648958,-1,-1,-1
121,25,919.486,440.100,64.295,146.859,0.816419,-1,-1,-1
121,28,764.289,448.958,106.830,250.275,0.931307,-1,-1,-1
121,51,431.151,449.625,54.719,116.207,0.790825,-1,-1,-1
122,4,1074.433,459.724,59.516,130.265,0.774224,-1,-1,-1
122,6,927.799,434.633,54.149,112.817,0.803513,-1,-1,-1
122,8,1092.400,434.647,46.283,124.583,0.659304,-1,-1,-1
122,9,1003.022,449.290,32.634,77.342,0.797384,-1,-1,-1
122,11,670.156,435.039,115.416,323.383,0.927188,-1,-1,-1
122,13,512.348,434.349,184.758,396.068,0.939634,-1,-1,-1
122,14,1236.371,442.199,39.136,101.369,0.872705,-1,-1,-1
122,17,491.354,456.063,46.480,111.640,0.792320,-1,-1,-1
122,25,914.462,432.320,67.909,150.755,0.735794,-1,-1,-1
122,28,762.754,450.414,114.733,249.634,0.928610,-1,-1,-1
122,50,1099.472,435.142,35.251,88.716,0.682762,-1,-1,-1
122,51,430.737,456.665,50.996,107.932,0.691404,-1,-1,-1
122,60,812.935,442.860,77.444,183.979,0.863012,-1,-1,-1
123,6,934.827,436.819,49.038,99.056,0.778063,-1,-1,-1
123,9,1000.741,447.645,35.574,79.787,0.804299,-1,-1,-1
123,11,670.000,437.310,111.721,317.818,0.929075,-1,-1,-1
123,13,513.873,434.779,189.874,397.123,0.943554,-1,-1,-1
123,14,1236.297,444.954,38.811,99.426,0.873985,-1,-1,-1
123,17,490.469,459.081,44.367,109.224,0.819009,-1,-1,-1
123,24,1076.586,447.774,56.363,140.095,0.625724,-1,-1,-1
123,25,919.604,446.386,64.791,138.476,0.800166,-1,-1,-1
123,28,763.645,450.431,117.864,251.364,0.934396,-1,-1,-1
123,50,1098.232,435.675,37.872,99.833,0.726354,-1,-1,-1
123,51,431.603,461.003,49.133,104.932,0.777765,-1,-1,-1
123,54,516.702,438.266,129.652,270.126,0.615777,-1,-1,-1
123,60,820.038,440.752,71.749,164.832,0.848940,-1,-1,-1
124,6,937.204,437.444,47.133,95.961,0.778536,-1,-1,-1
124,8,1091.785,434.783,44.972,120.137,0.694632,-1,-1,-1
124,9,1000.314,450.187,35.861,77.438,0.772614,-1,-1,-1
124,11,668.467,437.580,114.319,319.114,0.929440,-1,-1,-1
124,13,513.633,429.685,192.484,404.694,0.943015,-1,-1,-1
124,14,1233.851,450.090,39.554,94.616,0.879862,-1,-1,-1
124,17,490.630,458.360,42.890,109.861,0.821309,-1,-1,-1
124,24,1079.980,453.203,54.335,136.090,0.639769,-1,-1,-1
124,25,920.838,453.972,62.434,130.617,0.716820,-1,-1,-1
124,28,766.548,454.315,117.438,247.895,0.932745,-1,-1,-1
124,50,1100.211,436.268,35.213,92.771,0.734425,-1,-1,-1
124,51,431.243,457.204,50.053,108.907,0.811299,-1,-1,-1
124,60,815.284,441.370,76.846,180.129,0.836352,-1,-1,-1
125,4,1075.223,460.554,57.838,128.555,0.624789,-1,-1,-1
125,6,939.456,437.066,49.171,99.952,0.818788,-1,-1,-1
125,9,998.236,451.530,36.337,76.569,0.690061,-1,-1,-1
125,11,667.591,437.721,117.209,320.912,0.924526,-1,-1,-1
125,13,513.979,429.539,194.039,406.642,0.943162,-1,-1,-1
125,14,1230.804,450.547,41.694,95.350,0.879076,-1,-1,-1
125,17,491.757,454.337,42.957,114.870,0.840081,-1,-1,-1
125,25,916.716,480.376,57.330,108.139,0.677538,-1,-1,-1
125,28,773.439,466.151,115.992,236.848,0.929138,-1,-1,-1
125,50,1100.169,436.119,34.391,89.930,0.735140,-1,-1,-1
125,51,429.662,460.748,51.916,105.645,0.793013,-1,-1,-1
125,60,821.593,444.148,74.391,154.439,0.843437,-1,-1,-1
126,2,497.704,453.080,36.433,86.790,0.657073,-1,-1,-1
126,6,938.480,436.947,47.736,96.961,0.837084,-1,-1,-1
126,9,1000.064,452.119,36.651,76.083,0.740349,-1,-1,-1
126,11,667.119,436.718,121.589,323.597,0.921172,-1,-1,-1
126,13,520.134,439.273,189.165,385.263,0.945987,-1,-1,-1
126,14,1228.913,448.369,42.586,97.654,0.864999,-1,-1,-1
126,17,488.523,455.161,43.735,112.535,0.807202,-1,-1,-1
126,25,907.122,470.663,65.831,114.894,0.629031,-1,-1,-1
126,28,776.488,467.971,114.710,235.977,0.926321,-1,-1,-1
126,50,1101.298,434.841,33.441,86.947,0.783835,-1,-1,-1
126,51,426.020,455.136,56.561,111.386,0.762450,-1,-1,-1
126,60,823.627,442.269,73.248,142.710,0.844661,-1,-1,-1
126,64,760.612,444.953,58.356,140.974,0.788251,-1,-1,-1
127,2,496.826,452.241,37.195,84.360,0.679598,-1,-1,-1
127,4,1072.533,471.936,55.634,119.043,0.721881,-1,-1,-1
127,6,937.509,435.136,48.558,98.030,0.833358,-1,-1,-1
127,8,1090.761,436.485,39.923,101.383,0.632235,-1,-1,-1
127,9,1002.492,452.492,36.225,75.428,0.786636,-1,-1,-1
127,11,668.644,432.061,124.202,334.118,0.915690,-1,-1,-1
127,13,521.422,433.762,192.063,399.131,0.936226,-1,-1,-1
127,14,1224.308,445.984,46.894,102.690,0.885604,-1,-1,-1
127,17,486.504,453.279,47.385,117.137,0.810588,-1,-1,-1
127,28,778.049,464.378,113.164,241.964,0.924075,-1,-1,-1
127,40,553.137,449.250,33.026,77.050,0.698743,-1,-1,-1
127,50,1100.927,436.318,32.801,83.627,0.727237,-1,-1,-1
127,51,425.862,463.017,54.507,102.905,0.751538,-1,-1,-1
127,60,823.503,438.685,77.245,149.180,0.833889,-1,-1,-1
127,64,761.314,444.774,60.048,143.787,0.757379,-1,-1,-1
128,2,499.441,453.300,36.432,78.988,0.619520,-1,-1,-1
128,4,1071.404,464.986,60.549,127.159,0.775183,-1,-1,-1
128,6,938.410,435.264,48.930,96.314,0.845193,-1,-1,-1
128,9,1003.096,453.520,35.610,74.884,0.736935,-1,-1,-1
128,11,668.111,433.549,126.445,333.474,0.920604,-1,-1,-1
128,13,524.824,436.170,195.700,397.812,0.931682,-1,-1,-1
128,14,1220.709,449.013,48.401,100.414,0.880207,-1,-1,-1
128,17,484.615,455.387,49.514,114.727,0.812598,-1,-1,-1
128,28,779.443,463.957,111.885,241.859,0.931892,-1,-1,-1
128,40,551.883,449.061,33.563,77.033,0.704029,-1,-1,-1
128,50,1100.516,440.465,32.237,80.296,0.646614,-1,-1,-1
128,51,422.426,456.018,60.117,110.379,0.765075,-1,-1,-1
128,54,524.304,441.733,144.948,292.015,0.732796,-1,-1,-1
128,60,824.047,441.575,75.659,150.435,0.798760,-1,-1,-1
128,64,768.257,445.400,52.001,115.932,0.753246,-1,-1,-1
128,68,523.646,450.159,32.036,71.524,0.706085,-1,-1,-1
129,4,1070.495,462.844,61.625,127.809,0.752459,-1,-1,-1
129,6,939.683,435.646,49.288,97.288,0.824627,-1,-1,-1
129,9,1001.460,451.267,36.679,77.468,0.667870,-1,-1,-1
129,11,665.614,435.759,126.425,326.996,0.929129,-1,-1,-1
129,13,523.803,441.714,197.935,390.695,0.942162,-1,-1,-1
129,14,1219.489,453.383,48.160,96.143,0.882165,-1,-1,-1
129,17,487.335,452.761,49.418,114.744,0.798209,-1,-1,-1
129,28,782.541,456.959,108.333,248.993,0.936096,-1,-1,-1
129,40,551.602,448.589,33.629,77.161,0.651212,-1,-1,-1
129,42,448.623,447.932,54.624,109.382,0.610434,-1,-1,-1
129,50,1099.952,440.770,32.856,80.501,0.610466,-1,-1,-1
129,51,425.711,453.616,60.907,110.133,0.779671,-1,-1,-1
129,54,527.491,449.599,133.241,251.689,0.815707,-1,-1,-1
129,60,828.001,440.442,73.291,152.679,0.785085,-1,-1,-1
129,64,773.158,443.395,52.710,121.360,0.774288,-1,-1,-1
129,68,523.019,448.638,33.467,74.545,0.699546,-1,-1,-1
130,2,496.199,455.078,39.465,83.173,0.659759,-1,-1,-1
130,4,1072.928,464.361,62.506,128.001,0.781832,-1,-1,-1
130,6,946.397,436.270,45.518,93.991,0.816500,-1,-1,-1
130,9,1001.703,452.277,36.382,77.324,0.682883,-1,-1,-1
130,11,666.634,434.536,124.677,328.884,0.929421,-1,-1,-1
130,13,523.951,438.692,199.204,392.974,0.939230,-1,-1,-1
130,14,1218.991,450.126,49.564,99.855,0.874801,-1,-1,-1
130,17,485.589,455.269,50.082,114.229,0.840994,-1,-1,-1
130,28,785.640,454.639,107.076,249.898,0.933464,-1,-1,-1
130,40,552.663,450.733,32.669,73.543,0.635002,-1,-1,-1
130,50,1099.245,439.126,33.566,79.989,0.656261,-1,-1,-1
130,51,422.252,459.250,61.342,105.560,0.799622,-1,-1,-1
130,54,525.134,450.445,138.359,264.005,0.780348,-1,-1,-1
130,60,825.363,439.920,83.458,181.379,0.717766,-1,-1,-1
130,64,770.767,444.765,55.389,130.898,0.772026,-1,-1,-1
130,68,522.545,450.459,32.807,71.981,0.688757,-1,-1,-1
131,2,497.093,453.485,40.462,84.187,0.650371,-1,-1,-1
131,4,1073.258,456.005,65.542,136.217,0.780433,-1,-1,-1
131,6,943.515,435.442,47.783,98.011,0.821761,-1,-1,-1
131,9,1001.745,449.061,37.277,80.686,0.757095,-1,-1,-1
131,11,668.742,432.278,124.824,333.764,0.933574,-1,-1,-1
131,13,525.923,432.194,193.411,399.937,0.936519,-1,-1,-1
131,14,1218.892,452.785,50.901,98.610,0.867459,-1,-1,-1
131,17,484.612,454.765,51.083,113.353,0.817264,-1,-1,-1
131,19,835.871,438.813,59.038,133.261,0.661260,-1,-1,-1
131,28,788.075,450.454,107.526,256.798,0.937521,-1,-1,-1
131,40,551.662,448.634,34.696,76.927,0.668402,-1,-1,-1
131,42,452.222,451.245,51.045,104.682,0.616768,-1,-1,-1
131,50,1098.071,438.469,35.945,82.209,0.674123,-1,-1,-1
131,51,424.215,457.091,62.914,108.319,0.749460,-1,-1,-1
131,53,977.601,445.120,34.500,80.429,0.630154,-1,-1,-1
131,54,520.133,442.481,150.320,300.406,0.770165,-1,-1,-1
131,64,773.239,444.828,54.607,128.346,0.736636,-1,-1,-1
131,68,521.735,449.330,34.444,74.560,0.708472,-1,-1,-1
132,4,1071.799,460.226,64.208,131.453,0.684706,-1,-1,-1
132,6,949.876,437.004,43.060,89.648,0.800358,-1,-1,-1
132,8,1097.559,435.537,37.676,88.320,0.737942,-1,-1,-1
132,9,1002.086,448.037,37.404,81.008,0.743704,-1,-1,-1
132,11,673.116,431.063,120.301,334.442,0.937924,-1,-1,-1
132,13,529.712,433.555,193.023,401.051,0.941467,-1,-1,-1
132,14,1217.633,449.803,52.141,102.072,0.803116,-1,-1,-1
132,17,485.007,456.119,49.416,110.627,0.755141,-1,-1,-1
132,24,1086.319,435.234,49.915,116.745,0.699917,-1,-1,-1
132,28,789.900,447.717,108.959,256.196,0.938863,-1,-1,-1
132,40,552.206,449.011,35.107,77.035,0.641793,-1,-1,-1
132,42,447.869,450.002,54.049,109.718,0.777798,-1,-1,-1
132,51,421.535,454.907,65.262,109.606,0.728453,-1,-1,-1
132,54,517.123,441.338,155.124,322.007,0.739129,-1,-1,-1
132,60,833.975,435.783,69.863,157.415,0.622617,-1,-1,-1
132,64,782.678,446.274,48.405,115.260,0.697811,-1,-1,-1
132,68,520.451,448.416,35.471,76.642,0.720192,-1,-1,-1
133,2,497.454,454.129,39.308,82.161,0.605426,-1,-1,-1
133,6,951.141,438.334,40.060,83.870,0.785770,-1,-1,-1
133,8,1097.699,436.023,38.332,88.218,0.748013,-1,-1,-1
133,9,1001.491,444.982,38.193,83.263,0.770579,-1,-1,-1
133,11,670.899,429.763,122.995,336.686,0.937690,-1,-1,-1
133,13,543.473,440.615,181.020,394.726,0.937660,-1,-1,-1
133,14,1217.127,447.176,51.377,104.421,0.848760,-1,-1,-1
133,17,485.153,456.473,49.100,112.311,0.804680,-1,-1,-1
133,28,789.755,446.800,110.989,257.848,0.931756,-1,-1,-1
133,42,446.756,450.347,51.499,107.641,0.740709,-1,-1,-1
133,51,420.571,458.900,60.855,102.806,0.674307,-1,-1,-1
133,54,516.689,431.884,156.121,351.760,0.844135,-1,-1,-1
133,60,838.262,439.386,66.810,153.406,0.624925,-1,-1,-1
133,64,785.035,443.964,49.360,120.009,0.619942,-1,-1,-1
133,68,520.745,448.224,35.489,76.384,0.712233,-1,-1,-1
134,2,498.376,451.250,40.233,84.910,0.668382,-1,-1,-1
134,6,951.394,437.245,41.975,87.921,0.792250,-1,-1,-1
134,8,1096.588,436.620,39.559,89.811,0.706960,-1,-1,-1
134,9,1001.000,445.184,38.730,83.359,0.770083,-1,-1,-1
134,11,671.981,430.416,123.403,337.143,0.939548,-1,-1,-1
134,13,538.057,437.295,186.411,398.458,0.934612,-1,-1,-1
134,14,1215.012,445.668,50.547,109.442,0.850103,-1,-1,-1
134,17,488.341,454.449,47.299,109.956,0.705596,-1,-1,-1
134,28,789.748,450.073,116.198,255.414,0.932404,-1,-1,-1
134,40,550.588,449.782,34.173,73.952,0.656640,-1,-1,-1
134,42,450.099,450.227,47.686,101.457,0.742494,-1,-1,-1
134,51,414.289,465.425,58.680,95.399,0.758940,-1,-1,-1
134,54,517.458,432.379,156.785,352.539,0.825506,-1,-1,-1
134,68,519.435,447.735,36.289,77.202,0.707437,-1,-1,-1
135,6,950.320,437.116,43.875,91.956,0.802007,-1,-1,-1
135,8,1095.442,436.286,39.779,89.427,0.721572,-1,-1,-1
135,9,1001.070,445.421,37.944,81.514,0.748940,-1,-1,-1
135,11,677.199,431.396,119.558,334.790,0.944907,-1,-1,-1
135,13,526.588,432.264,200.445,409.582,0.944588,-1,-1,-1
135,14,1214.754,445.450,46.729,107.845,0.862434,-1,-1,-1
135,17,482.766,455.525,50.613,115.314,0.807439,-1,-1,-1
135,28,791.574,447.518,118.124,256.618,0.934975,-1,-1,-1
135,40,549.888,450.112,34.676,76.049,0.659288,-1,-1,-1
135,42,450.666,450.604,46.398,100.406,0.749584,-1,-1,-1
135,51,416.946,464.870,58.711,92.098,0.782732,-1,-1,-1
135,54,520.617,434.129,148.629,326.519,0.730301,-1,-1,-1
135,60,848.991,435.883,59.471,131.297,0.634713,-1,-1,-1
135,64,796.889,437.222,41.162,97.604,0.681714,-1,-1,-1
135,68,518.102,445.076,37.298,80.275,0.679431,-1,-1,-1
136,4,1069.742,444.794,69.068,144.783,0.614364,-1,-1,-1
136,6,949.363,436.472,45.066,97.009,0.820984,-1,-1,-1
136,8,1095.849,437.191,39.892,89.284,0.711188,-1,-1,-1
136,9,1000.733,445.313,37.873,81.518,0.789810,-1,-1,-1
136,11,677.717,429.386,119.119,335.959,0.942235,-1,-1,-1
136,13,534.014,435.361,197.175,408.737,0.946200,-1,-1,-1
136,14,1216.203,442.883,44.483,108.355,0.858651,-1,-1,-1
136,17,483.072,455.341,50.483,114.675,0.806228,-1,-1,-1
136,28,794.391,445.994,115.622,258.645,0.933095,-1,-1,-1
136,40,550.335,450.920,34.106,75.917,0.663329,-1,-1,-1
136,42,449.216,450.371,47.673,102.586,0.779574,-1,-1,-1
136,51,414.039,463.855,58.396,91.937,0.736935,-1,-1,-1
136,54,514.328,431.600,155.822,337.812,0.817123,-1,-1,-1
136,68,520.503,447.978,35.534,76.897,0.727598,-1,-1,-1
137,2,499.049,451.938,37.934,78.303,0.651726,-1,-1,-1
137,4,1072.591,445.856,66.627,143.423,0.697374,-1,-1,-1
137,6,949.720,436.459,43.696,95.062,0.815470,-1,-1,-1
137,9,1001.454,446.697,36.096,79.353,0.796269,-1,-1,-1
137,11,679.908,430.266,119.567,335.285,0.938613,-1,-1,-1
137,13,525.021,436.328,202.895,414.950,0.949570,-1,-1,-1
137,14,1216.139,443.157,41.883,108.274,0.862799,-1,-1,-1
137,17,486.461,455.340,47.652,109.082,0.743647,-1,-1,-1
137,24,1090.307,443.550,44.702,96.399,0.736919,-1,-1,-1
137,25,921.853,474.100,68.744,112.567,0.632444,-1,-1,-1
137,28,795.419,448.807,114.465,256.581,0.936515,-1,-1,-1
137,40,550.397,450.269,33.804,75.488,0.716754,-1,-1,-1
137,42,449.885,450.605,48.935,104.180,0.777648,-1,-1,-1
137,51,410.190,463.035,62.667,98.940,0.695803,-1,-1,-1
137,54,515.113,434.736,154.773,334.647,0.679829,-1,-1,-1
137,60,856.765,432.175,53.936,123.896,0.713031,-1,-1,-1
137,68,520.943,448.845,34.947,75.424,0.697990,-1,-1,-1
138,2,498.803,451.885,38.787,82.055,0.638149,-1,-1,-1
138,4,1068.839,447.177,67.306,143.769,0.692780,-1,-1,-1
138,6,950.371,435.514,44.839,98.172,0.822427,-1,-1,-1
138,8,1096.438,440.225,39.760,90.679,0.671045,-1,-1,-1
138,9,1000.976,446.626,36.549,79.888,0.794469,-1,-1,-1
138,11,681.628,432.509,118.984,334.277,0.931216,-1,-1,-1
138,13,531.560,435.183,199.161,417.459,0.948138,-1,-1,-1
138,14,1214.971,442.425,42.753,108.437,0.872079,-1,-1,-1
138,17,486.912,454.988,46.584,109.731,0.754204,-1,-1,-1
138,19,857.437,439.402,58.088,145.418,0.742749,-1,-1,-1
138,28,797.431,446.907,113.612,259.988,0.930015,-1,-1,-1
138,40,548.576,449.333,33.223,75.603,0.718559,-1,-1,-1
138,42,453.088,451.587,46.626,100.621,0.710086,-1,-1,-1
138,51,411.406,462.746,59.714,94.267,0.662926,-1,-1,-1
138,54,513.990,429.912,162.031,347.342,0.805114,-1,-1,-1
138,68,521.915,447.821,35.201,76.948,0.684113,-1,-1,-1
139,2,499.518,452.407,37.697,80.575,0.658847,-1,-1,-1
139,4,1071.317,464.616,61.980,129.318,0.672997,-1,-1,-1
139,6,951.740,435.596,43.632,97.240,0.824624,-1,-1,-1
139,8,1096.702,441.205,38.902,90.604,0.674283,-1,-1,-1
139,9,999.818,443.904,38.622,84.217,0.737017,-1,-1,-1
139,11,684.366,433.587,117.803,333.843,0.937035,-1,-1,-1
139,13,520.397,434.401,209.774,423.992,0.953274,-1,-1,-1
139,14,1213.524,443.054,44.021,108.715,0.865296,-1,-1,-1
139,17,487.423,455.980,45.808,108.838,0.774663,-1,-1,-1
139,19,859.063,437.999,59.509,150.822,0.743061,-1,-1,-1
139,28,805.736,444.380,108.502,265.557,0.925567,-1,-1,-1
139,40,546.959,449.715,32.471,73.502,0.716607,-1,-1,-1
139,42,456.494,450.714,43.728,96.721,0.657704,-1,-1,-1
139,51,412.606,462.773,60.170,96.670,0.708784,-1,-1,-1
139,54,519.927,436.910,145.006,304.543,0.639700,-1,-1,-1
139,64,808.646,441.814,36.186,83.167,0.670019,-1,-1,-1
139,68,521.543,450.134,33.543,74.569,0.693549,-1,-1,-1
139,75,535.683,447.568,34.494,79.519,0.686016,-1,-1,-1
140,4,1072.095,459.437,63.010,131.642,0.713486,-1,-1,-1
140,6,952.474,434.041,43.383,100.466,0.826912,-1,-1,-1
140,9,999.930,443.859,39.271,86.126,0.786325,-1,-1,-1
140,11,685.583,431.938,122.756,336.361,0.932438,-1,-1,-1
140,13,514.270,433.452,218.958,424.634,0.954116,-1,-1,-1
140,14,1212.266,445.488,42.979,107.483,0.880872,-1,-1,-1
140,17,489.652,453.598,44.306,107.405,0.757080,-1,-1,-1
140,19,859.650,439.979,65.783,160.342,0.712640,-1,-1,-1
140,28,809.205,443.264,107.729,270.503,0.906545,-1,-1,-1
140,40,547.652,448.706,32.634,73.394,0.648964,-1,-1,-1
140,42,458.247,451.443,44.473,101.447,0.721180,-1,-1,-1
140,50,1094.109,432.509,43.424,103.985,0.724988,-1,-1,-1
140,54,523.890,431.166,144.686,296.637,0.630529,-1,-1,-1
140,68,520.543,448.252,34.488,77.051,0.669800,-1,-1,-1
140,75,533.692,447.422,33.731,77.991,0.611789,-1,-1,-1
141,4,1072.177,456.781,63.463,133.704,0.669063,-1,-1,-1
141,6,953.557,435.025,42.031,98.579,0.813511,-1,-1,-1
141,8,1096.410,436.824,41.180,99.343,0.650744,-1,-1,-1
141,9,1000.765,444.894,38.658,85.909,0.803339,-1,-1,-1
141,11,686.731,430.616,125.677,338.304,0.927444,-1,-1,-1
141,13,524.740,435.694,208.165,428.856,0.948511,-1,-1,-1
141,14,1210.450,443.579,42.672,107.377,0.871853,-1,-1,-1
141,19,863.483,442.347,64.729,155.271,0.728162,-1,-1,-1
141,28,812.017,443.304,104.277,272.062,0.902745,-1,-1,-1
141,40,547.040,448.889,31.791,71.080,0.629876,-1,-1,-1
141,51,412.720,463.764,61.208,96.601,0.685572,-1,-1,-1
141,54,523.583,433.187,141.386,275.991,0.732488,-1,-1,-1
141,68,520.634,447.608,34.641,76.920,0.613290,-1,-1,-1
142,2,494.464,452.193,40.800,89.808,0.662169,-1,-1,-1
142,6,953.124,435.398,43.794,103.863,0.832791,-1,-1,-1
142,8,1093.698,434.565,43.611,102.905,0.680874,-1,-1,-1
142,9,1001.546,445.998,36.975,85.230,0.834410,-1,-1,-1
142,11,686.438,429.692,130.352,330.157,0.941557,-1,-1,-1
142,13,513.306,433.243,215.711,427.695,0.961041,-1,-1,-1
142,14,1208.779,444.022,41.586,103.846,0.883307,-1,-1,-1
142,19,867.857,439.409,63.916,157.110,0.742186,-1,-1,-1
142,28,812.573,442.025,107.257,276.956,0.907717,-1,-1,-1
142,51,413.210,465.745,60.314,92.503,0.712603,-1,-1,-1
142,68,522.050,448.933,33.837,75.890,0.659467,-1,-1,-1
142,75,532.121,447.064,32.153,75.353,0.647112,-1,-1,-1
143,2,494.383,452.613,42.332,95.922,0.653626,-1,-1,-1
143,4,1069.907,440.642,68.576,150.477,0.740324,-1,-1,-1
143,6,951.977,435.234,44.753,107.776,0.831740,-1,-1,-1
143,8,1094.925,437.263,42.570,101.235,0.650728,-1,-1,-1
143,9,1002.142,444.672,36.746,85.074,0.785695,-1,-1,-1
143,11,687.444,428.263,134.424,334.039,0.944629,-1,-1,-1
143,13,516.102,433.909,212.879,431.218,0.958771,-1,-1,-1
143,14,1207.930,443.762,42.792,108.144,0.889695,-1,-1,-1
143,17,474.410,450.647,51.197,115.706,0.653565,-1,-1,-1
143,19,869.820,440.830,67.731,157.563,0.786057,-1,-1,-1
143,28,812.393,440.554,104.593,282.034,0.922276,-1,-1,-1
143,51,412.911,459.637,61.704,97.764,0.687941,-1,-1,-1
143,75,537.704,446.583,32.350,74.998,0.676336,-1,-1,-1
144,4,1073.151,444.126,65.252,147.022,0.731658,-1,-1,-1
144,6,954.485,437.911,39.255,92.501,0.770542,-1,-1,-1
144,8,1103.763,438.027,42.367,102.690,0.622547,-1,-1,-1
144,9,1002.831,447.762,35.493,82.319,0.763035,-1,-1,-1
144,11,688.331,433.177,139.569,331.756,0.946449,-1,-1,-1
144,13,517.713,429.571,211.706,435.365,0.945657,-1,-1,-1
144,14,1207.012,444.083,40.577,106.847,0.866203,-1,-1,-1
144,17,471.505,453.038,57.716,117.685,0.850102,-1,-1,-1
144,19,866.898,444.185,77.953,185.792,0.638432,-1,-1,-1
144,28,815.459,450.468,98.023,268.125,0.919987,-1,-1,-1
144,40,547.240,449.658,30.878,68.762,0.686524,-1,-1,-1
144,50,1114.803,443.425,40.437,98.600,0.615816,-1,-1,-1
144,51,411.523,459.093,63.580,96.896,0.704673,-1,-1,-1
144,68,521.144,448.488,32.768,72.859,0.687677,-1,-1,-1
144,75,536.494,446.434,32.271,73.801,0.707414,-1,-1,-1
145,2,501.150,450.139,39.630,91.713,0.637202,-1,-1,-1
145,4,1074.184,443.867,63.250,147.559,0.747211,-1,-1,-1
145,6,953.298,437.863,40.686,96.339,0.768049,-1,-1,-1
145,9,1002.617,448.091,35.814,82.736,0.729916,-1,-1,-1
145,11,690.604,434.676,143.558,331.291,0.942985,-1,-1,-1
145,13,517.795,425.988,207.530,459.536,0.946993,-1,-1,-1
145,14,1205.502,441.447,41.517,111.092,0.871707,-1,-1,-1
145,17,472.077,454.392,57.888,115.438,0.852241,-1,-1,-1
145,19,872.252,440.533,70.787,172.103,0.701537,-1,-1,-1
145,28,816.244,448.928,95.926,268.960,0.932144,-1,-1,-1
145,40,547.034,451.123,30.472,68.243,0.692545,-1,-1,-1
145,50,1121.601,441.582,37.273,93.647,0.684255,-1,-1,-1
145,68,523.207,450.912,31.221,68.923,0.670548,-1,-1,-1
145,75,538.476,449.614,31.726,71.713,0.692608,-1,-1,-1
145,82,570.316,451.845,35.925,73.790,0.668752,-1,-1,-1
146,2,499.424,450.854,39.704,93.449,0.715290,-1,-1,-1
146,4,1073.696,457.297,58.845,135.681,0.725251,-1,-1,-1
146,6,956.215,438.559,39.517,94.985,0.793710,-1,-1,-1
146,9,1002.321,445.539,36.713,84.571,0.798252,-1,-1,-1
146,11,689.751,432.598,149.261,340.380,0.938723,-1,-1,-1
146,13,520.186,423.843,203.844,461.707,0.948125,-1,-1,-1
146,14,1203.509,441.354,40.245,108.651,0.865257,-1,-1,-1
146,17,469.456,450.284,61.054,121.256,0.866269,-1,-1,-1
146,19,868.534,432.361,105.501,252.719,0.854923,-1,-1,-1
146,24,1079.288,436.147,55.747,124.960,0.651156,-1,-1,-1
146,28,819.730,442.310,96.959,273.179,0.917426,-1,-1,-1
146,40,548.201,451.340,30.447,67.869,0.718351,-1,-1,-1
146,50,1123.396,440.935,37.686,96.492,0.714463,-1,-1,-1
146,51,409.990,458.203,64.912,97.630,0.686154,-1,-1,-1
146,68,522.792,451.551,31.234,69.122,0.661287,-1,-1,-1
146,75,539.574,449.858,31.050,70.071,0.692195,-1,-1,-1
146,82,571.417,451.205,33.841,71.075,0.664579,-1,-1,-1
146,83,787.357,444.896,53.765,130.136,0.842382,-1,-1,-1
147,2,498.616,449.776,40.798,97.086,0.697146,-1,-1,-1
147,4,1074.280,463.617,57.203,130.564,0.717116,-1,-1,-1
147,6,956.351,439.174,39.843,97.349,0.732646,-1,-1,-1
147,9,1000.128,444.732,36.435,85.139,0.650377,-1,-1,-1
147,11,690.916,434.884,148.076,340.193,0.945523,-1,-1,-1
147,13,516.106,430.212,207.369,459.925,0.949302,-1,-1,-1
147,14,1202.201,442.465,40.843,107.288,0.863576,-1,-1,-1
147,17,467.582,446.351,64.453,125.689,0.870975,-1,-1,-1
147,19,872.685,438.571,103.312,246.450,0.867766,-1,-1,-1
147,24,1083.982,441.536,49.614,113.647,0.602324,-1,-1,-1
147,28,823.684,444.047,94.928,271.276,0.923007,-1,-1,-1
147,40,547.536,452.650,29.620,65.660,0.660822,-1,-1,-1
147,50,1126.637,445.325,36.338,95.990,0.696766,-1,-1,-1
147,51,404.849,454.307,70.083,105.159,0.610925,-1,-1,-1
147,75,539.709,450.637,30.490,68.163,0.627276,-1,-1,-1
147,82,569.657,451.181,32.665,69.266,0.608037,-1,-1,-1
147,83,784.656,444.794,57.290,130.530,0.840904,-1,-1,-1
148,2,490.184,450.130,48.326,112.988,0.712906,-1,-1,-1
148,4,1076.204,456.635,58.424,136.661,0.797636,-1,-1,-1
148,6,958.324,436.893,37.025,91.517,0.727488,-1,-1,-1
148,9,998.833,443.645,36.414,86.365,0.701764,-1,-1,-1
148,11,696.038,433.534,144.269,341.639,0.948193,-1,-1,-1
148,13,512.527,427.107,212.609,463.521,0.947872,-1,-1,-1
148,14,1201.215,443.851,40.174,103.303,0.857563,-1,-1,-1
148,17,467.629,448.787,63.141,122.484,0.866725,-1,-1,-1
148,19,874.389,433.533,104.492,254.640,0.900566,-1,-1,-1
148,28,826.182,449.026,93.028,269.093,0.929782,-1,-1,-1
148,40,548.871,452.198,30.707,67.513,0.714626,-1,-1,-1
148,50,1124.670,442.027,38.357,102.383,0.692093,-1,-1,-1
148,51,404.202,461.381,65.253,98.993,0.600156,-1,-1,-1
148,68,521.494,451.617,31.848,70.926,0.652053,-1,-1,-1
148,75,539.183,450.770,31.495,69.965,0.648435,-1,-1,-1
148,82,572.447,450.931,33.376,71.507,0.615349,-1,-1,-1
148,83,791.023,446.261,52.319,122.789,0.818353,-1,-1,-1
149,2,497.042,453.157,45.012,107.863,0.725358,-1,-1,-1
149,4,1073.579,451.181,59.974,141.771,0.765486,-1,-1,-1
149,6,957.550,437.283,35.713,87.117,0.776504,-1,-1,-1
149,9,999.399,443.517,36.204,85.732,0.730586,-1,-1,-1
149,11,700.112,436.444,140.636,337.561,0.951277,-1,-1,-1
149,13,508.408,424.834,213.969,468.029,0.947481,-1,-1,-1
149,14,1200.493,446.609,38.452,99.173,0.839455,-1,-1,-1
149,17,468.447,450.609,63.506,119.759,0.843440,-1,-1,-1
149,19,879.154,439.626,100.394,246.684,0.904206,-1,-1,-1
149,24,1086.820,442.391,46.195,106.834,0.670400,-1,-1,-1
149,28,827.654,444.355,91.658,276.947,0.940290,-1,-1,-1
149,40,547.817,450.024,32.586,71.493,0.738302,-1,-1,-1
149,50,1127.624,450.222,34.904,91.577,0.756858,-1,-1,-1
149,51,407.248,457.214,66.736,102.563,0.659128,-1,-1,-1
149,68,524.036,451.885,31.483,70.665,0.612547,-1,-1,-1
149,82,572.411,449.235,34.700,75.433,0.642640,-1,-1,-1
149,83,791.678,448.965,49.643,115.677,0.804823,-1,-1,-1
150,2,497.468,453.461,44.131,109.099,0.779078,-1,-1,-1
150,4,1073.795,443.305,60.655,148.198,0.775332,-1,-1,-1
150,6,956.484,439.103,36.282,88.253,0.757974,-1,-1,-1
150,9,1001.154,445.762,35.478,84.148,0.617621,-1,-1,-1
150,11,704.349,429.697,139.066,345.023,0.948335,-1,-1,-1
150,13,501.135,426.772,218.243,466.605,0.944138,-1,-1,-1
150,14,1195.698,443.149,40.344,103.256,0.874196,-1,-1,-1
150,17,466.822,455.004,57.290,116.873,0.854894,-1,-1,-1
150,19,880.418,433.985,95.400,249.591,0.905252,-1,-1,-1
150,24,1083.026,439.425,48.047,112.197,0.711548,-1,-1,-1
150,28,827.955,441.947,93.123,283.312,0.936750,-1,-1,-1
150,40,547.573,451.268,31.029,68.346,0.728682,-1,-1,-1
150,50,1129.371,451.442,33.808,90.719,0.805993,-1,-1,-1
150,51,409.346,459.688,64.426,100.148,0.666886,-1,-1,-1
150,68,521.214,451.761,32.450,73.616,0.627816,-1,-1,-1
150,82,572.716,451.562,31.737,69.515,0.627183,-1,-1,-1
150,83,791.034,450.507,49.630,116.744,0.738867,-1,-1,-1
151,2,494.858,453.058,45.301,111.674,0.795566,-1,-1,-1
151,4,1074.210,446.093,60.165,147.739,0.810588,-1,-1,-1
151,6,955.680,440.151,35.604,86.163,0.733324,-1,-1,-1
151,8,1097.876,443.476,37.166,93.721,0.661404,-1,-1,-1
151,9,1001.136,443.157,35.999,85.231,0.722957,-1,-1,-1
151,11,707.618,430.298,134.269,341.241,0.950992,-1,-1,-1
151,13,496.050,426.648,222.772,466.594,0.933727,-1,-1,-1
151,14,1195.809,448.407,39.691,96.711,0.894338,-1,-1,-1
151,17,467.579,454.198,55.535,118.651,0.856706,-1,-1,-1
151,19,881.206,433.189,100.053,253.831,0.910381,-1,-1,-1
151,24,1084.988,444.028,46.320,106.163,0.695023,-1,-1,-1
151,28,827.028,446.739,95.483,280.707,0.935314,-1,-1,-1
151,40,546.899,450.319,33.631,74.090,0.728473,-1,-1,-1
151,50,1129.775,454.243,33.936,89.459,0.845124,-1,-1,-1
151,51,404.157,459.133,67.710,103.216,0.691768,-1,-1,-1
151,68,522.573,451.198,31.725,71.754,0.642663,-1,-1,-1
151,75,540.576,449.375,31.513,70.284,0.676111,-1,-1,-1
151,83,793.073,451.519,46.937,107.821,0.739700,-1,-1,-1
152,2,493.352,452.032,45.406,110.585,0.794132,-1,-1,-1
152,4,1074.769,450.366,58.074,143.809,0.818372,-1,-1,-1
152,6,956.075,440.869,34.507,82.310,0.732813,-1,-1,-1
152,8,1098.883,443.744,35.900,93.368,0.661191,-1,-1,-1
152,9,1002.499,446.350,34.489,82.063,0.797722,-1,-1,-1
152,11,710.658,432.233,135.684,341.411,0.941255,-1,-1,-1
152,13,490.871,422.249,224.543,472.029,0.927275,-1,-1,-1
152,14,1194.559,446.540,41.062,99.081,0.897516,-1,-1,-1
152,17,469.185,456.423,53.533,113.727,0.839741,-1,-1,-1
152,19,878.830,431.710,105.450,257.655,0.870735,-1,-1,-1
152,24,1086.731,448.053,44.527,101.062,0.684378,-1,-1,-1
152,28,826.398,449.090,104.073,280.268,0.929920,-1,-1,-1
152,40,547.344,449.358,33.808,73.513,0.684582,-1,-1,-1
152,50,1129.982,454.643,33.942,88.495,0.818874,-1,-1,-1
152,51,402.758,456.601,68.947,103.489,0.717161,-1,-1,-1
152,68,521.914,450.449,31.982,71.333,0.606625,-1,-1,-1
152,83,778.937,451.586,65.578,149.264,0.687086,-1,-1,-1
153,2,494.200,451.136,44.787,109.020,0.761900,-1,-1,-1
153,4,1075.633,448.221,57.949,145.229,0.779561,-1,-1,-1
153,6,954.177,438.771,36.700,86.490,0.723218,-1,-1,-1
153,9,1002.440,447.331,34.894,82.523,0.739037,-1,-1,-1
153,11,712.123,434.025,132.737,339.696,0.943794,-1,-1,-1
153,13,488.260,422.596,223.877,470.617,0.937232,-1,-1,-1
153,14,1194.889,447.403,39.409,98.006,0.891819,-1,-1,-1
153,17,467.349,455.928,52.941,114.818,0.809060,-1,-1,-1
153,19,882.128,432.554,97.536,240.794,0.850509,-1,-1,-1
153,24,1088.466,447.089,42.996,97.686,0.623610,-1,-1,-1
153,28,827.391,451.294,107.171,279.616,0.938498,-1,-1,-1
153,40,547.594,446.666,36.536,79.198,0.713087,-1,-1,-1
153,50,1130.038,454.036,33.837,88.849,0.790926,-1,-1,-1
153,51,403.517,460.051,64.829,96.761,0.665963,-1,-1,-1
153,54,577.615,442.282,51.463,109.449,0.616911,-1,-1,-1
154,2,494.345,451.980,45.303,107.006,0.798579,-1,-1,-1
154,4,1070.881,457.005,55.870,136.624,0.663479,-1,-1,-1
154,6,956.037,439.558,35.804,83.792,0.749475,-1,-1,-1
154,8,1098.648,439.226,37.508,98.977,0.697366,-1,-1,-1
154,9,1000.338,444.060,37.556,87.434,0.765479,-1,-1,-1
154,11,713.593,432.026,131.142,341.994,0.943123,-1,-1,-1
154,13,478.366,418.241,237.136,477.578,0.943183,-1,-1,-1
154,14,1193.497,445.958,39.902,99.697,0.891133,-1,-1,-1
154,17,467.073,462.416,48.891,106.540,0.791464,-1,-1,-1
154,19,885.009,430.919,96.314,254.301,0.897288,-1,-1,-1
154,28,826.829,448.044,107.766,283.838,0.936237,-1,-1,-1
154,50,1129.971,451.006,34.858,91.827,0.798947,-1,-1,-1
154,51,400.926,463.386,63.290,93.131,0.658697,-1,-1,-1
154,90,648.762,448.158,87.345,209.745,0.624758,-1,-1,-1
155,2,494.392,452.153,45.810,106.751,0.801630,-1,-1,-1
155,4,1064.132,450.439,54.252,134.821,0.615347,-1,-1,-1
155,6,956.932,438.961,34.793,81.546,0.625854,-1,-1,-1
155,8,1098.296,440.700,36.207,96.975,0.656343,-1,-1,-1
155,9,1001.924,447.548,34.916,82.151,0.737465,-1,-1,-1
155,11,714.178,430.424,134.870,343.607,0.941787,-1,-1,-1
155,13,471.097,417.569,241.390,478.954,0.949533,-1,-1,-1
155,14,1191.880,444.763,40.539,101.172,0.889967,-1,-1,-1
155,17,467.345,462.387,47.948,106.646,0.787436,-1,-1,-1
155,19,887.642,430.407,91.803,257.597,0.898535,-1,-1,-1
155,28,826.799,446.477,111.351,284.294,0.930440,-1,-1,-1
155,50,1129.605,451.535,34.414,90.758,0.798450,-1,-1,-1
155,51,404.504,464.393,59.798,88.671,0.635286,-1,-1,-1
155,90,640.472,441.538,95.637,225.276,0.660632,-1,-1,-1
156,2,494.719,452.363,45.432,105.041,0.754787,-1,-1,-1
156,4,1071.271,440.044,61.005,151.275,0.707004,-1,-1,-1
156,6,954.190,438.038,36.387,87.119,0.624473,-1,-1,-1
156,9,1000.572,446.430,34.563,83.266,0.711814,-1,-1,-1
156,11,712.339,427.158,140.985,345.836,0.944511,-1,-1,-1
156,13,469.179,420.675,244.467,474.287,0.937182,-1,-1,-1
156,14,1192.461,444.492,40.512,101.526,0.897673,-1,-1,-1
156,17,467.957,460.150,47.743,107.674,0.767229,-1,-1,-1
156,19,887.892,430.680,88.841,259.807,0.895969,-1,-1,-1
156,28,828.765,447.505,108.687,284.296,0.929607,-1,-1,-1
156,42,474.192,453.129,58.519,110.158,0.719853,-1,-1,-1
156,50,1129.042,451.094,34.833,92.647,0.763653,-1,-1,-1
156,51,406.785,467.602,57.067,81.821,0.645226,-1,-1,-1
156,93,624.106,433.764,119.460,346.925,0.876527,-1,-1,-1
157,2,495.331,453.329,44.370,103.495,0.741733,-1,-1,-1
157,4,1069.619,450.524,58.410,141.865,0.730889,-1,-1,-1
157,9,1001.409,447.445,32.790,80.895,0.717539,-1,-1,-1
157,11,718.281,429.152,137.764,345.095,0.942168,-1,-1,-1
157,13,463.733,419.262,251.404,474.165,0.948887,-1,-1,-1
157,14,1193.191,442.630,39.812,103.734,0.885295,-1,-1,-1
157,17,466.239,461.254,48.621,109.548,0.826678,-1,-1,-1
157,19,894.270,430.347,90.447,266.717,0.900190,-1,-1,-1
157,25,945.153,449.219,72.302,139.475,0.603592,-1,-1,-1
157,28,831.491,450.812,106.449,282.327,0.921391,-1,-1,-1
157,50,1132.035,449.023,35.836,94.710,0.716033,-1,-1,-1
157,93,619.939,428.282,121.763,358.935,0.858197,-1,-1,-1
158,2,495.351,446.119,48.359,113.007,0.711437,-1,-1,-1
158,4,1068.761,454.541,57.750,136.431,0.609598,-1,-1,-1
158,9,1002.553,449.715,32.045,79.411,0.620569,-1,-1,-1
158,11,725.695,428.081,136.304,343.235,0.951837,-1,-1,-1
158,13,464.897,419.886,248.199,471.783,0.941256,-1,-1,-1
158,14,1193.339,442.753,38.157,102.007,0.876140,-1,-1,-1
158,17,464.907,453.180,50.639,112.237,0.799762,-1,-1,-1
158,19,894.910,431.425,96.227,265.347,0.906451,-1,-1,-1
158,25,949.256,451.897,67.848,135.582,0.610703,-1,-1,-1
158,28,834.861,444.191,119.860,288.378,0.917565,-1,-1,-1
158,50,1131.916,449.123,36.148,94.432,0.720399,-1,-1,-1
158,51,403.623,468.049,56.661,82.857,0.628625,-1,-1,-1
158,93,627.165,430.317,118.416,355.414,0.884996,-1,-1,-1
159,2,496.900,445.949,51.097,115.856,0.790888,-1,-1,-1
159,4,1068.913,454.121,58.705,137.639,0.660111,-1,-1,-1
159,9,1000.653,448.142,33.544,82.690,0.712679,-1,-1,-1
159,11,731.228,430.555,127.910,338.669,0.953557,-1,-1,-1
159,13,460.629,420.607,250.130,470.826,0.945320,-1,-1,-1
159,14,1190.506,447.835,37.020,98.270,0.864947,-1,-1,-1
159,17,465.667,457.108,48.865,108.112,0.798812,-1,-1,-1
159,19,897.435,431.804,97.922,265.067,0.911918,-1,-1,-1
159,28,832.751,446.735,112.805,284.487,0.923916,-1,-1,-1
159,50,1133.681,448.131,36.701,94.491,0.758989,-1,-1,-1
159,51,402.564,465.570,58.729,87.243,0.635579,-1,-1,-1
159,53,954.380,439.768,42.870,110.569,0.658213,-1,-1,-1
159,93,631.382,438.759,125.889,351.491,0.895637,-1,-1,-1
160,2,497.453,444.796,53.185,118.855,0.757564,-1,-1,-1
160,4,1070.101,454.077,59.724,138.413,0.647554,-1,-1,-1
160,9,1000.389,447.389,33.056,81.422,0.723885,-1,-1,-1
160,11,735.889,429.123,126.805,340.994,0.948953,-1,-1,-1
160,13,463.582,423.541,250.298,467.343,0.943397,-1,-1,-1
160,14,1189.974,446.167,38.208,100.164,0.803148,-1,-1,-1
160,17,462.661,455.550,52.089,115.387,0.826689,-1,-1,-1
160,19,900.744,432.830,101.146,263.772,0.909467,-1,-1,-1
160,28,837.020,449.586,109.539,279.716,0.926850,-1,-1,-1
160,50,1135.351,447.039,37.467,95.262,0.702589,-1,-1,-1
160,51,402.586,467.374,58.722,88.051,0.674246,-1,-1,-1
160,93,630.726,443.636,125.745,349.039,0.894614,-1,-1,-1
161,2,498.329,437.864,56.668,125.693,0.714186,-1,-1,-1
161,4,1066.609,451.680,61.872,140.523,0.621929,-1,-1,-1
161,9,1000.284,447.281,33.274,82.577,0.714219,-1,-1,-1
161,11,738.672,427.424,127.564,345.648,0.945455,-1,-1,-1
161,13,465.466,425.175,248.553,465.597,0.940503,-1,-1,-1
161,14,1188.761,446.671,36.870,98.955,0.834613,-1,-1,-1
161,17,463.904,450.761,52.683,115.715,0.813606,-1,-1,-1
161,19,903.546,434.441,101.823,267.312,0.893044,-1,-1,-1
161,28,841.769,448.458,104.576,279.800,0.920459,-1,-1,-1
161,50,1134.988,444.122,39.131,99.199,0.709134,-1,-1,-1
161,51,403.350,465.320,56.462,84.046,0.674638,-1,-1,-1
161,93,634.992,442.788,125.745,338.006,0.908536,-1,-1,-1
162,2,501.471,434.309,58.225,129.237,0.732983,-1,-1,-1
162,9,999.771,445.753,33.905,84.032,0.679641,-1,-1,-1
162,11,739.848,429.124,127.523,345.672,0.945094,-1,-1,-1
162,13,466.074,427.893,247.057,464.494,0.943906,-1,-1,-1
162,14,1188.799,449.023,35.465,96.156,0.748692,-1,-1,-1
162,17,462.479,451.274,52.886,118.888,0.812435,-1,-1,-1
162,19,904.586,436.622,101.503,264.832,0.903245,-1,-1,-1
162,28,842.158,441.248,107.553,289.652,0.933386,-1,-1,-1
162,51,401.773,466.208,56.928,86.044,0.615220,-1,-1,-1
162,60,908.522,445.839,88.276,154.236,0.655328,-1,-1,-1
162,93,638.365,439.319,124.753,345.920,0.912990,-1,-1,-1
163,2,501.770,432.941,55.870,127.263,0.774120,-1,-1,-1
163,4,1058.976,451.692,66.132,140.702,0.642798,-1,-1,-1
163,9,998.833,444.751,35.104,86.206,0.699667,-1,-1,-1
163,11,742.441,428.102,124.229,346.439,0.943798,-1,-1,-1
163,13,467.490,427.423,252.670,469.575,0.941199,-1,-1,-1
163,14,1187.644,446.247,36.121,98.961,0.879689,-1,-1,-1
163,17,460.633,445.876,52.570,122.599,0.834333,-1,-1,-1
163,19,909.173,442.265,97.827,256.832,0.876194,-1,-1,-1
163,28,842.402,443.447,109.732,290.890,0.930677,-1,-1,-1
163,50,1136.219,445.310,39.043,97.158,0.733333,-1,-1,-1
163,51,402.498,458.163,60.792,93.978,0.654873,-1,-1,-1
163,60,909.306,448.163,92.030,162.535,0.671051,-1,-1,-1
163,93,640.237,437.990,124.422,355.624,0.917627,-1,-1,-1
164,2,500.079,439.419,52.359,118.801,0.792915,-1,-1,-1
164,4,1060.295,450.898,67.434,142.197,0.642018,-1,-1,-1
164,9,998.256,444.258,35.063,86.462,0.711197,-1,-1,-1
164,11,745.072,429.436,121.524,349.922,0.944085,-1,-1,-1
164,13,483.844,426.565,244.319,473.807,0.934706,-1,-1,-1
164,14,1187.602,450.133,33.886,94.770,0.869068,-1,-1,-1
164,17,461.731,446.483,49.882,115.837,0.840762,-1,-1,-1
164,19,913.606,439.864,92.956,254.154,0.862292,-1,-1,-1
164,28,848.528,443.309,106.680,292.290,0.930930,-1,-1,-1
164,50,1137.063,443.475,39.808,98.473,0.814359,-1,-1,-1
164,51,404.864,463.762,57.072,86.195,0.606532,-1,-1,-1
164,93,640.265,437.445,123.390,360.688,0.916931,-1,-1,-1
165,2,502.593,445.164,46.509,105.507,0.674559,-1,-1,-1
165,8,1092.201,440.051,41.988,104.640,0.628969,-1,-1,-1
165,9,998.864,443.819,34.286,84.318,0.718180,-1,-1,-1
165,11,747.682,427.155,122.285,357.723,0.946781,-1,-1,-1
165,13,476.555,426.062,248.294,477.452,0.939451,-1,-1,-1
165,14,1184.106,448.381,35.277,95.937,0.851830,-1,-1,-1
165,17,464.861,448.505,48.467,112.642,0.805927,-1,-1,-1
165,19,917.050,433.843,92.098,258.911,0.902296,-1,-1,-1
165,28,851.663,446.349,112.620,289.613,0.939445,-1,-1,-1
165,50,1141.160,444.945,38.789,94.548,0.802596,-1,-1,-1
165,51,406.234,464.307,60.483,89.396,0.674775,-1,-1,-1
165,93,646.043,438.037,120.445,357.668,0.919377,-1,-1,-1
166,2,501.760,447.076,47.070,105.891,0.717921,-1,-1,-1
166,9,998.667,442.510,35.436,86.631,0.775887,-1,-1,-1
166,11,748.770,429.572,122.367,355.531,0.943455,-1,-1,-1
166,13,470.989,417.316,259.604,489.070,0.942755,-1,-1,-1
166,14,1184.879,451.306,34.232,93.505,0.822597,-1,-1,-1
166,17,464.894,449.100,48.451,111.852,0.798623,-1,-1,-1
166,19,922.095,432.736,98.182,265.876,0.902887,-1,-1,-1
166,24,1161.785,450.911,46.547,94.826,0.664327,-1,-1,-1
166,28,854.839,447.007,118.657,287.919,0.935424,-1,-1,-1
166,50,1142.811,447.179,42.756,97.298,0.780757,-1,-1,-1
166,51,407.122,466.233,61.443,89.082,0.697186,-1,-1,-1
166,93,642.362,435.891,123.785,359.925,0.923783,-1,-1,-1
167,2,501.457,448.058,45.861,104.083,0.741861,-1,-1,-1
167,8,1091.599,440.622,43.236,102.752,0.618322,-1,-1,-1
167,9,997.705,444.471,36.167,88.672,0.665846,-1,-1,-1
167,11,749.679,427.567,121.263,359.900,0.939687,-1,-1,-1
167,13,474.569,416.161,258.669,490.932,0.948336,-1,-1,-1
167,14,1183.673,453.593,34.323,91.176,0.838689,-1,-1,-1
167,17,464.672,450.323,48.425,110.631,0.809749,-1,-1,-1
167,19,922.195,431.558,97.414,267.427,0.897764,-1,-1,-1
167,24,1161.673,449.158,45.273,97.229,0.632708,-1,-1,-1
167,28,855.576,445.275,124.663,293.178,0.945338,-1,-1,-1
167,50,1144.204,445.870,42.330,97.420,0.761023,-1,-1,-1
167,51,405.452,466.546,63.721,91.156,0.691915,-1,-1,-1
167,93,644.351,436.795,123.617,358.334,0.925758,-1,-1,-1
167,97,310.264,451.836,38.618,106.578,0.647968,-1,-1,-1
168,2,497.591,451.108,45.486,104.678,0.709525,-1,-1,-1
168,4,1060.559,449.749,68.711,143.781,0.732116,-1,-1,-1
168,8,1093.046,443.984,42.957,98.619,0.693274,-1,-1,-1
168,9,997.898,443.062,36.035,88.349,0.769467,-1,-1,-1
168,11,750.851,428.088,122.838,355.626,0.945168,-1,-1,-1
168,13,472.240,416.727,270.649,488.289,0.956043,-1,-1,-1
168,14,1184.959,451.187,34.805,93.256,0.850595,-1,-1,-1
168,17,466.224,451.905,48.774,118.169,0.848438,-1,-1,-1
168,19,925.791,429.002,94.386,265.971,0.887762,-1,-1,-1
168,28,859.149,443.115,128.989,294.110,0.948104,-1,-1,-1
168,40,505.069,440.920,49.248,117.478,0.764681,-1,-1,-1
168,50,1143.109,444.101,42.880,97.435,0.849884,-1,-1,-1
168,53,922.886,443.768,45.834,130.949,0.631585,-1,-1,-1
168,93,640.598,436.700,126.050,359.788,0.923519,-1,-1,-1
169,2,497.681,450.009,45.991,108.693,0.724169,-1,-1,-1
169,4,1059.365,447.898,70.802,146.604,0.804505,-1,-1,-1
169,8,1086.642,444.174,49.390,114.903,0.660828,-1,-1,-1
169,9,996.873,443.774,36.501,90.677,0.771084,-1,-1,-1
169,11,749.882,428.049,122.953,356.321,0.942805,-1,-1,-1
169,13,469.823,417.408,283.365,486.376,0.958841,-1,-1,-1
169,14,1181.462,446.217,35.703,94.723,0.769876,-1,-1,-1
169,17,467.143,454.161,47.051,116.118,0.843582,-1,-1,-1
169,19,927.993,429.667,92.855,265.441,0.898282,-1,-1,-1
169,28,860.120,443.997,126.375,294.232,0.949625,-1,-1,-1
169,40,505.962,440.167,48.975,118.927,0.762179,-1,-1,-1
169,50,1143.972,443.104,42.942,99.424,0.845904,-1,-1,-1
169,93,643.611,437.446,124.946,362.005,0.928140,-1,-1,-1
170,2,495.927,447.614,45.581,109.913,0.722007,-1,-1,-1
170,4,1055.895,451.711,70.914,142.061,0.773514,-1,-1,-1
170,8,1092.897,441.297,44.353,101.216,0.662615,-1,-1,-1
170,9,997.108,445.091,35.025,86.734,0.803288,-1,-1,-1
170,11,751.520,427.362,125.631,359.792,0.939859,-1,-1,-1
170,13,470.053,418.607,295.387,482.939,0.955582,-1,-1,-1
170,14,1182.815,450.559,36.120,91.876,0.789567,-1,-1,-1
170,17,465.950,448.878,48.888,122.519,0.830573,-1,-1,-1
170,19,931.867,430.650,90.246,251.686,0.879650,-1,-1,-1
170,24,1168.187,447.444,43.919,97.598,0.600636,-1,-1,-1
170,28,862.356,443.999,130.690,295.938,0.944894,-1,-1,-1
170,40,505.595,440.220,49.226,119.198,0.733183,-1,-1,-1
170,50,1144.594,445.488,44.128,98.025,0.853199,-1,-1,-1
170,93,642.284,438.037,124.983,363.409,0.920770,-1,-1,-1
171,2,503.034,447.220,46.763,108.932,0.788780,-1,-1,-1
171,4,1054.559,451.333,74.806,142.788,0.795897,-1,-1,-1
171,8,1091.658,440.907,43.508,94.380,0.670502,-1,-1,-1
171,9,997.892,444.242,35.281,86.342,0.786291,-1,-1,-1
171,11,751.593,428.465,128.057,359.914,0.937602,-1,-1,-1
171,13,473.618,418.210,297.892,488.282,0.954466,-1,-1,-1
171,14,1184.330,448.096,36.479,94.502,0.827819,-1,-1,-1
171,17,468.516,449.581,46.064,116.401,0.774792,-1,-1,-1
171,19,933.853,430.141,92.315,256.088,0.896739,-1,-1,-1
171,24,1171.368,447.175,43.176,96.774,0.604148,-1,-1,-1
171,28,864.343,447.121,133.024,292.412,0.946034,-1,-1,-1
171,50,1144.747,443.870,46.787,99.584,0.879178,-1,-1,-1
171,53,927.827,444.607,42.491,122.042,0.642521,-1,-1,-1
171,93,641.209,437.348,129.591,364.570,0.896662,-1,-1,-1
172,2,500.982,452.268,45.557,105.180,0.797599,-1,-1,-1
172,4,1046.719,452.455,72.398,141.602,0.787956,-1,-1,-1
172,8,1092.893,443.188,45.564,98.152,0.677634,-1,-1,-1
172,9,997.876,444.063,36.350,88.874,0.652555,-1,-1,-1
172,11,754.104,427.383,129.633,361.768,0.939817,-1,-1,-1
172,13,475.069,416.502,296.238,491.547,0.957955,-1,-1,-1
172,14,1183.114,447.914,35.810,91.911,0.704906,-1,-1,-1
172,17,466.957,452.646,46.261,118.456,0.827338,-1,-1,-1
172,19,936.396,432.384,95.261,258.259,0.916659,-1,-1,-1
172,28,865.064,443.070,131.078,297.030,0.948402,-1,-1,-1
172,50,1144.906,446.005,46.964,98.367,0.838786,-1,-1,-1
172,82,543.690,447.586,43.553,97.857,0.611893,-1,-1,-1
172,93,641.993,441.572,130.060,358.668,0.874848,-1,-1,-1
173,2,500.958,454.541,45.683,103.187,0.832136,-1,-1,-1
173,4,1050.433,451.550,73.263,143.443,0.775756,-1,-1,-1
173,8,1090.565,444.295,48.099,102.239,0.668941,-1,-1,-1
173,11,756.373,427.309,130.508,363.767,0.935715,-1,-1,-1
173,13,476.832,414.093,293.092,492.601,0.958664,-1,-1,-1
173,14,1167.683,449.778,43.728,97.251,0.748932,-1,-1,-1
173,17,468.531,457.737,43.025,109.217,0.818718,-1,-1,-1
173,19,941.153,433.363,100.570,256.494,0.917180,-1,-1,-1
173,25,1077.036,447.703,60.816,141.701,0.641395,-1,-1,-1
173,28,866.651,444.645,135.522,296.334,0.947095,-1,-1,-1
173,42,476.646,454.630,48.161,103.511,0.692294,-1,-1,-1
173,50,1148.057,444.628,54.413,101.040,0.846094,-1,-1,-1
173,82,545.490,450.766,40.171,89.575,0.630576,-1,-1,-1
173,93,639.533,440.813,131.656,356.016,0.798491,-1,-1,-1
174,2,495.554,453.255,45.243,102.745,0.687100,-1,-1,-1
174,4,1047.351,455.663,69.360,137.402,0.799530,-1,-1,-1
174,8,1092.492,445.007,46.881,97.926,0.726159,-1,-1,-1
174,11,760.732,431.099,127.251,357.402,0.942681,-1,-1,-1
174,13,475.960,410.625,303.271,500.379,0.955325,-1,-1,-1
174,17,466.884,456.616,45.083,112.544,0.828150,-1,-1,-1
174,19,940.632,432.625,102.479,262.210,0.920628,-1,-1,-1
174,28,868.347,444.979,142.125,299.753,0.945876,-1,-1,-1
174,40,505.192,449.437,47.440,106.763,0.854001,-1,-1,-1
174,50,1148.486,444.973,60.251,100.154,0.859797,-1,-1,-1
174,54,568.100,453.000,52.150,108.380,0.634262,-1,-1,-1
174,75,546.925,451.181,35.016,74.412,0.677470,-1,-1,-1
174,93,637.195,442.457,132.577,354.250,0.768972,-1,-1,-1
174,98,678.637,448.252,89.756,158.471,0.747018,-1,-1,-1
175,2,494.130,452.719,46.540,105.423,0.648431,-1,-1,-1
175,4,1049.652,452.380,69.755,138.955,0.789764,-1,-1,-1
175,8,1089.546,442.787,50.317,105.262,0.687387,-1,-1,-1
175,11,762.201,434.282,128.360,360.792,0.944496,-1,-1,-1
175,13,484.672,418.323,291.015,491.422,0.952803,-1,-1,-1
175,17,466.671,454.564,46.056,114.596,0.828877,-1,-1,-1
175,19,941.355,431.218,108.067,266.343,0.921408,-1,-1,-1
175,25,1072.516,450.772,62.124,142.359,0.698519,-1,-1,-1
175,28,872.020,441.456,127.155,302.308,0.955892,-1,-1,-1
175,40,503.972,448.526,49.258,108.231,0.854900,-1,-1,-1
175,50,1149.873,449.316,61.580,98.161,0.842274,-1,-1,-1
175,54,566.751,451.388,62.846,135.421,0.651731,-1,-1,-1
175,82,541.731,447.169,38.646,86.404,0.628946,-1,-1,-1
175,93,648.986,446.984,128.393,350.379,0.819169,-1,-1,-1
175,98,677.042,449.596,99.043,178.570,0.635734,-1,-1,-1
176,2,491.150,450.137,46.539,106.835,0.637123,-1,-1,-1
176,4,1050.294,451.490,72.346,143.574,0.780286,-1,-1,-1
176,8,1088.470,444.648,51.485,107.468,0.665353,-1,-1,-1
176,11,766.502,436.416,127.367,358.957,0.944296,-1,-1,-1
176,13,487.180,416.764,290.798,493.737,0.946815,-1,-1,-1
176,14,1154.367,452.747,56.870,93.447,0.843377,-1,-1,-1
176,17,464.719,454.947,47.273,118.509,0.814001,-1,-1,-1
176,19,944.774,431.239,111.258,269.678,0.917007,-1,-1,-1
176,25,1072.096,449.036,63.709,144.479,0.726460,-1,-1,-1
176,28,876.139,444.074,124.269,301.165,0.950852,-1,-1,-1
176,40,502.842,446.209,51.749,112.789,0.856036,-1,-1,-1
176,42,478.418,451.712,49.363,108.510,0.656654,-1,-1,-1
176,54,567.993,451.767,59.370,128.118,0.629142,-1,-1,-1
176,75,550.257,448.700,36.573,79.296,0.659349,-1,-1,-1
177,4,1052.189,451.990,73.996,146.351,0.845903,-1,-1,-1
177,8,1092.977,443.673,45.902,94.790,0.673730,-1,-1,-1
177,11,762.440,438.696,133.838,363.399,0.943803,-1,-1,-1
177,13,499.572,429.541,279.081,484.372,0.941790,-1,-1,-1
177,14,1148.753,442.091,63.446,106.342,0.869870,-1,-1,-1
177,17,463.852,452.956,48.443,120.180,0.791559,-1,-1,-1
177,19,946.202,433.465,120.104,272.372,0.914139,-1,-1,-1
177,28,880.651,441.048,121.813,306.080,0.945314,-1,-1,-1
177,40,504.486,446.018,51.123,112.468,0.823585,-1,-1,-1
177,42,474.499,451.926,50.082,112.846,0.681074,-1,-1,-1
177,54,569.010,444.640,71.721,158.138,0.747180,-1,-1,-1
177,75,547.207,448.251,35.871,77.259,0.639484,-1,-1,-1
178,2,490.627,448.863,47.336,111.208,0.612264,-1,-1,-1
178,4,1054.617,451.195,72.265,143.871,0.748838,-1,-1,-1
178,11,766.943,436.599,132.253,359.513,0.944023,-1,-1,-1
178,13,508.338,425.744,266.942,484.210,0.944420,-1,-1,-1
178,14,1149.488,442.489,60.444,105.635,0.866191,-1,-1,-1
178,17,462.896,452.680,47.890,117.586,0.798423,-1,-1,-1
178,19,949.812,429.116,121.987,278.038,0.904794,-1,-1,-1
178,28,885.122,441.447,122.086,304.034,0.933442,-1,-1,-1
178,40,504.374,443.389,52.216,117.198,0.792688,-1,-1,-1
178,42,475.791,451.666,49.316,111.429,0.661194,-1,-1,-1
178,51,411.680,456.649,69.254,104.259,0.688727,-1,-1,-1
178,54,566.147,442.500,76.321,173.059,0.790698,-1,-1,-1
178,60,952.318,441.000,98.736,188.308,0.801210,-1,-1,-1
178,75,548.225,446.273,35.867,78.658,0.609770,-1,-1,-1
179,4,1066.613,444.429,72.412,150.280,0.665621,-1,-1,-1
179,11,763.080,435.804,137.828,359.601,0.942560,-1,-1,-1
179,13,521.170,412.829,264.335,497.870,0.935681,-1,-1,-1
179,14,1150.793,446.385,58.880,100.402,0.867093,-1,-1,-1
179,17,466.946,456.503,45.752,112.593,0.789227,-1,-1,-1
179,19,958.016,431.494,118.793,270.475,0.920455,-1,-1,-1
179,28,889.920,446.533,123.990,298.451,0.939903,-1,-1,-1
179,40,504.498,447.717,49.331,114.077,0.805862,-1,-1,-1
179,54,572.134,453.493,67.290,150.839,0.610739,-1,-1,-1
179,75,547.803,448.000,33.822,75.897,0.643754,-1,-1,-1
180,8,1089.172,438.399,51.169,114.508,0.650438,-1,-1,-1
180,11,767.665,435.681,137.685,361.635,0.943156,-1,-1,-1
180,13,523.180,424.812,255.585,489.469,0.942571,-1,-1,-1
180,14,1149.736,444.599,54.504,101.828,0.873627,-1,-1,-1
180,17,464.707,457.208,46.006,114.078,0.810621,-1,-1,-1
180,19,963.454,438.022,114.956,266.664,0.878412,-1,-1,-1
180,28,894.162,448.105,120.600,299.497,0.934422,-1,-1,-1
180,40,503.814,446.746,48.687,116.372,0.801816,-1,-1,-1
180,51,408.636,462.857,63.744,99.595,0.715010,-1,-1,-1
180,54,570.049,437.775,63.203,138.421,0.711506,-1,-1,-1
180,60,960.881,439.833,93.966,195.515,0.690646,-1,-1,-1
181,4,1048.652,460.901,58.800,129.728,0.608102,-1,-1,-1
181,8,1091.788,440.688,47.791,112.488,0.640221,-1,-1,-1
181,11,769.430,429.526,141.263,367.287,0.946750,-1,-1,-1
181,13,522.121,406.751,262.412,512.179,0.944358,-1,-1,-1
181,14,1150.764,443.536,50.524,102.737,0.890596,-1,-1,-1
181,17,467.157,456.314,44.025,109.183,0.756936,-1,-1,-1
181,19,965.863,441.120,113.441,263.828,0.902201,-1,-1,-1
181,25,1078.039,448.245,55.837,136.194,0.604965,-1,-1,-1
181,28,899.740,443.798,115.212,301.584,0.934112,-1,-1,-1
181,40,505.096,446.533,48.373,116.765,0.747380,-1,-1,-1
181,51,409.004,463.504,61.939,96.988,0.719645,-1,-1,-1
181,54,570.394,451.873,57.721,117.219,0.734601,-1,-1,-1
181,60,953.247,440.518,84.151,190.227,0.621774,-1,-1,-1
182,8,1091.692,442.496,47.868,117.189,0.671821,-1,-1,-1
182,11,773.134,434.567,137.874,363.931,0.948591,-1,-1,-1
182,13,524.688,408.540,262.766,508.828,0.943810,-1,-1,-1
182,14,1153.394,445.472,46.285,99.641,0.889239,-1,-1,-1
182,17,465.821,458.208,44.234,109.814,0.785748,-1,-1,-1
182,19,966.947,437.847,112.964,271.689,0.913476,-1,-1,-1
182,25,1078.014,450.136,57.893,142.347,0.702328,-1,-1,-1
182,28,903.875,444.776,109.332,301.682,0.937857,-1,-1,-1
182,40,506.052,445.945,46.932,116.922,0.822232,-1,-1,-1
182,51,406.935,463.525,63.021,98.545,0.740059,-1,-1,-1
182,68,565.611,454.030,63.191,133.420,0.783378,-1,-1,-1
182,75,550.570,450.409,34.276,78.896,0.617209,-1,-1,-1
183,8,1092.026,441.871,46.623,117.613,0.675896,-1,-1,-1
183,11,774.153,430.099,138.897,362.245,0.952755,-1,-1,-1
183,13,529.242,405.374,258.578,516.729,0.951973,-1,-1,-1
183,14,1152.507,448.912,45.939,97.353,0.878372,-1,-1,-1
183,17,463.675,456.248,46.436,115.764,0.802698,-1,-1,-1
183,19,967.343,429.612,110.346,284.370,0.917695,-1,-1,-1
183,25,1076.363,453.327,57.167,140.860,0.709445,-1,-1,-1
183,28,906.998,433.676,108.745,314.710,0.939420,-1,-1,-1
183,40,506.748,445.860,46.100,116.170,0.812108,-1,-1,-1
183,51,405.971,462.054,61.416,98.740,0.733805,-1,-1,-1
183,75,549.062,449.070,32.287,74.196,0.602598,-1,-1,-1
183,90,565.382,441.740,68.927,162.167,0.867319,-1,-1,-1
184,2,494.590,449.854,46.991,113.052,0.642502,-1,-1,-1
184,4,1067.637,462.148,59.154,132.151,0.651286,-1,-1,-1
184,6,1095.422,441.148,38.491,94.616,0.676307,-1,-1,-1
184,11,776.220,432.475,139.550,365.843,0.951749,-1,-1,-1
184,13,531.746,407.344,255.845,513.761,0.955186,-1,-1,-1
184,14,1152.547,449.644,46.086,96.637,0.889653,-1,-1,-1
184,17,463.214,455.878,46.186,116.701,0.808267,-1,-1,-1
184,19,971.079,434.321,106.479,276.119,0.909347,-1,-1,-1
184,28,916.393,434.808,101.326,312.701,0.924232,-1,-1,-1
184,40,506.480,445.372,45.612,116.265,0.826205,-1,-1,-1
184,51,407.190,462.942,61.727,99.367,0.746857,-1,-1,-1
184,75,547.934,447.966,32.732,75.092,0.625245,-1,-1,-1
184,90,563.367,443.444,68.915,170.355,0.851768,-1,-1,-1
185,8,1090.901,437.538,46.010,115.653,0.669698,-1,-1,-1
185,11,777.320,430.924,138.697,369.772,0.948110,-1,-1,-1
185,13,532.481,407.158,257.035,513.437,0.945812,-1,-1,-1
185,14,1151.317,451.502,46.191,93.881,0.883554,-1,-1,-1
185,17,465.401,458.926,44.920,114.040,0.815765,-1,-1,-1
185,19,974.199,433.674,105.512,279.459,0.922447,-1,-1,-1
185,25,1071.468,441.406,61.545,149.452,0.639940,-1,-1,-1
185,28,918.286,439.796,101.437,309.420,0.932114,-1,-1,-1
185,40,506.430,445.750,44.721,116.451,0.833132,-1,-1,-1
185,51,407.186,462.494,60.302,97.975,0.736650,-1,-1,-1
185,75,548.326,448.340,32.756,75.347,0.665873,-1,-1,-1
185,82,538.962,446.741,35.531,78.857,0.655765,-1,-1,-1
185,90,563.388,437.066,73.353,185.831,0.852157,-1,-1,-1
186,2,496.039,450.719,44.936,110.542,0.647744,-1,-1,-1
186,4,1067.874,459.020,61.076,136.577,0.609376,-1,-1,-1
186,8,1092.384,437.451,43.839,110.139,0.701714,-1,-1,-1
186,11,780.064,433.852,134.679,369.175,0.944513,-1,-1,-1
186,13,545.855,406.290,245.902,516.777,0.946539,-1,-1,-1
186,14,1151.945,452.276,47.744,92.570,0.880510,-1,-1,-1
186,17,464.742,459.438,45.167,114.673,0.813473,-1,-1,-1
186,19,986.299,440.247,98.048,269.663,0.914865,-1,-1,-1
186,28,920.314,443.115,103.252,307.432,0.932674,-1,-1,-1
186,40,506.222,445.887,45.250,116.784,0.860844,-1,-1,-1
186,51,407.419,462.134,57.216,95.387,0.714500,-1,-1,-1
186,75,547.754,448.450,32.214,74.476,0.650958,-1,-1,-1
186,82,538.786,446.242,36.571,83.709,0.614318,-1,-1,-1
186,90,564.591,439.134,71.241,183.366,0.884370,-1,-1,-1
187,2,495.993,452.176,43.825,108.950,0.622576,-1,-1,-1
187,4,1066.881,463.076,60.015,133.143,0.695080,-1,-1,-1
187,8,1092.377,436.691,44.612,113.437,0.721418,-1,-1,-1
187,11,781.351,433.581,136.466,368.565,0.940751,-1,-1,-1
187,13,550.199,405.809,244.560,518.142,0.947893,-1,-1,-1
187,14,1151.409,454.497,47.841,88.753,0.874663,-1,-1,-1
187,17,465.418,458.612,45.065,115.129,0.804730,-1,-1,-1
187,19,990.539,438.675,94.177,275.125,0.912417,-1,-1,-1
187,28,926.540,446.369,105.560,305.957,0.938509,-1,-1,-1
187,40,506.929,447.296,45.337,115.482,0.860041,-1,-1,-1
187,51,408.351,462.006,55.797,95.413,0.724908,-1,-1,-1
187,75,547.734,448.804,31.347,72.572,0.662585,-1,-1,-1
187,90,563.547,440.539,70.441,176.878,0.875870,-1,-1,-1
188,2,495.144,452.697,42.562,107.409,0.612275,-1,-1,-1
188,4,1068.439,464.448,59.310,131.322,0.655363,-1,-1,-1
188,8,1096.172,437.306,39.101,96.262,0.763592,-1,-1,-1
188,11,783.499,433.630,134.219,367.226,0.940503,-1,-1,-1
188,13,552.631,403.413,246.169,525.677,0.948329,-1,-1,-1
188,14,1150.831,447.923,51.387,97.884,0.882481,-1,-1,-1
188,17,465.874,460.516,43.955,112.399,0.771450,-1,-1,-1
188,19,992.242,434.243,96.951,278.856,0.925516,-1,-1,-1
188,28,927.755,446.062,103.381,302.601,0.941649,-1,-1,-1
188,40,508.376,449.997,44.879,112.721,0.862632,-1,-1,-1
188,42,474.291,456.774,44.975,105.159,0.651446,-1,-1,-1
188,51,408.080,461.966,55.225,95.930,0.709836,-1,-1,-1
188,75,548.056,448.683,32.295,75.312,0.682176,-1,-1,-1
188,82,538.941,449.111,34.722,80.841,0.643835,-1,-1,-1
188,90,563.369,442.298,71.898,177.509,0.891125,-1,-1,-1
189,2,494.347,451.577,42.718,109.569,0.605390,-1,-1,-1
189,4,1061.936,455.945,64.387,143.316,0.722863,-1,-1,-1
189,8,1096.648,436.489,40.044,97.106,0.814750,-1,-1,-1
189,11,791.300,431.515,127.788,367.650,0.950011,-1,-1,-1
189,13,561.737,406.459,241.819,521.288,0.946383,-1,-1,-1
189,14,1150.221,446.423,49.854,99.179,0.883854,-1,-1,-1
189,17,465.005,458.751,44.993,115.689,0.785677,-1,-1,-1
189,19,994.807,429.294,104.239,290.009,0.924084,-1,-1,-1
189,28,936.806,454.241,109.397,294.968,0.948240,-1,-1,-1
189,40,506.839,449.070,45.609,114.393,0.863519,-1,-1,-1
189,51,407.195,461.297,53.546,95.717,0.662876,-1,-1,-1
189,75,548.361,449.448,31.814,74.316,0.685285,-1,-1,-1
189,90,564.044,444.182,72.079,176.727,0.896173,-1,-1,-1
190,2,495.723,449.943,42.763,111.464,0.644123,-1,-1,-1
190,4,1062.016,451.820,65.993,148.501,0.769006,-1,-1,-1
190,6,1093.376,433.435,44.877,119.801,0.811183,-1,-1,-1
190,11,792.398,430.173,130.225,368.230,0.949363,-1,-1,-1
190,13,561.535,405.581,246.371,531.737,0.945004,-1,-1,-1
190,14,1149.795,448.885,49.785,97.250,0.882533,-1,-1,-1
190,17,465.709,457.326,44.738,115.066,0.750562,-1,-1,-1
190,19,995.337,424.850,103.865,298.030,0.923332,-1,-1,-1
190,25,1076.979,437.643,59.220,153.104,0.679251,-1,-1,-1
190,28,935.904,449.243,118.468,301.284,0.935525,-1,-1,-1
190,40,506.177,445.437,47.031,117.342,0.859305,-1,-1,-1
190,51,408.100,461.732,52.766,95.535,0.605520,-1,-1,-1
190,75,549.244,449.528,31.763,73.751,0.683393,-1,-1,-1
190,90,563.770,445.205,73.031,171.438,0.908659,-1,-1,-1
191,2,495.517,450.105,42.006,110.215,0.670853,-1,-1,-1
191,4,1060.170,450.211,67.193,150.684,0.701953,-1,-1,-1
191,8,1094.964,434.820,43.294,103.752,0.810310,-1,-1,-1
191,11,795.751,428.792,129.075,369.568,0.953047,-1,-1,-1
191,13,569.957,410.892,236.616,530.293,0.942214,-1,-1,-1
191,14,1149.155,447.872,51.277,98.051,0.870032,-1,-1,-1
191,17,464.176,458.761,41.431,106.121,0.689030,-1,-1,-1
191,19,1002.055,430.452,102.720,279.495,0.894934,-1,-1,-1
191,28,937.160,445.046,122.823,308.127,0.938075,-1,-1,-1
191,40,505.397,447.404,46.503,114.333,0.846200,-1,-1,-1
191,51,408.580,461.502,51.259,94.968,0.612526,-1,-1,-1
191,75,549.735,451.302,30.615,70.735,0.654945,-1,-1,-1
191,90,563.369,443.424,73.960,175.039,0.910939,-1,-1,-1
192,2,493.175,454.894,41.793,102.972,0.672015,-1,-1,-1
192,8,1095.604,438.287,40.759,95.963,0.776379,-1,-1,-1
192,11,797.433,428.630,132.870,365.996,0.957915,-1,-1,-1
192,13,570.296,407.674,238.774,538.884,0.930642,-1,-1,-1
192,14,1147.191,446.841,57.504,99.720,0.872471,-1,-1,-1
192,17,459.141,460.308,43.592,111.427,0.759977,-1,-1,-1
192,19,1002.009,430.973,114.564,287.289,0.909175,-1,-1,-1
192,28,939.947,449.148,124.307,306.676,0.944187,-1,-1,-1
192,40,505.408,447.675,46.525,114.038,0.847554,-1,-1,-1
192,75,548.054,451.307,31.299,72.591,0.672441,-1,-1,-1
192,90,563.233,446.472,72.790,171.498,0.915738,-1,-1,-1
193,2,491.395,456.936,41.945,100.443,0.658213,-1,-1,-1
193,8,1094.695,438.423,41.587,97.015,0.787065,-1,-1,-1
193,11,799.277,428.260,135.134,368.256,0.954915,-1,-1,-1
193,13,579.626,405.885,232.150,547.731,0.939099,-1,-1,-1
193,14,1147.693,445.900,61.242,101.538,0.865625,-1,-1,-1
193,17,458.659,462.207,44.791,111.601,0.794670,-1,-1,-1
193,19,1005.665,434.304,116.035,277.211,0.929693,-1,-1,-1
193,28,940.688,447.207,124.922,309.533,0.942290,-1,-1,-1
193,40,505.088,450.145,46.412,111.548,0.868517,-1,-1,-1
193,75,548.732,451.698,32.325,74.771,0.673140,-1,-1,-1
193,90,565.304,448.203,71.168,167.832,0.919625,-1,-1,-1
194,2,487.806,455.718,43.945,103.336,0.713121,-1,-1,-1
194,8,1095.203,437.512,41.822,98.873,0.801211,-1,-1,-1
194,11,798.973,429.078,135.475,371.963,0.951137,-1,-1,-1
194,13,582.838,408.742,233.145,552.527,0.946860,-1,-1,-1
194,14,1144.001,446.268,56.257,100.306,0.850445,-1,-1,-1
194,17,456.835,460.891,46.443,113.990,0.779538,-1,-1,-1
194,19,1008.795,428.250,117.501,286.995,0.926581,-1,-1,-1
194,28,944.104,445.006,125.512,312.893,0.946356,-1,-1,-1
194,40,505.278,451.813,46.225,110.234,0.836330,-1,-1,-1
194,50,1167.469,448.032,49.776,94.007,0.657347,-1,-1,-1
194,75,548.603,452.860,35.538,85.015,0.751225,-1,-1,-1
194,90,563.609,447.706,72.991,170.119,0.928076,-1,-1,-1
195,2,486.932,456.169,42.808,100.255,0.635156,-1,-1,-1
195,8,1096.365,437.535,41.047,98.778,0.827280,-1,-1,-1
195,11,802.759,430.138,137.563,366.211,0.956139,-1,-1,-1
195,13,584.075,405.977,236.982,553.209,0.944422,-1,-1,-1
195,14,1143.793,442.749,53.886,102.424,0.868062,-1,-1,-1
195,17,455.908,462.241,44.743,105.846,0.763959,-1,-1,-1
195,19,1013.885,429.722,114.960,294.518,0.935983,-1,-1,-1
195,28,941.677,444.850,128.630,317.869,0.944024,-1,-1,-1
195,40,504.312,449.360,47.757,114.630,0.859005,-1,-1,-1
195,50,1159.552,446.183,51.932,98.239,0.720831,-1,-1,-1
195,75,550.925,451.741,34.545,83.965,0.734761,-1,-1,-1
195,90,563.171,447.166,72.984,169.633,0.918022,-1,-1,-1
196,2,488.730,456.697,43.170,99.623,0.665920,-1,-1,-1
196,8,1097.189,441.731,39.685,97.862,0.811484,-1,-1,-1
196,11,804.737,434.115,142.781,367.349,0.963141,-1,-1,-1
196,13,590.425,405.191,228.410,556.969,0.941840,-1,-1,-1
196,14,1145.502,442.483,52.832,103.157,0.853199,-1,-1,-1
196,17,454.709,462.006,47.361,109.797,0.785398,-1,-1,-1
196,19,1015.095,432.419,112.847,291.838,0.935911,-1,-1,-1
196,28,942.859,444.211,125.629,316.657,0.947351,-1,-1,-1
196,40,503.338,446.103,49.590,117.272,0.866473,-1,-1,-1
196,50,1162.045,446.399,49.151,99.725,0.774567,-1,-1,-1
196,75,552.965,452.715,34.380,84.635,0.675447,-1,-1,-1
196,90,564.051,446.448,71.713,168.250,0.910878,-1,-1,-1
197,2,482.330,456.876,41.791,96.523,0.669752,-1,-1,-1
197,8,1098.465,440.835,38.359,95.038,0.797973,-1,-1,-1
197,11,807.762,433.112,144.074,370.955,0.959606,-1,-1,-1
197,13,595.568,412.556,224.046,544.379,0.942060,-1,-1,-1
197,14,1142.670,446.155,48.093,99.711,0.858917,-1,-1,-1
197,17,454.221,460.155,47.002,110.469,0.751804,-1,-1,-1
197,19,1020.357,435.486,110.481,284.260,0.929624,-1,-1,-1
197,28,947.577,451.144,125.857,304.779,0.949805,-1,-1,-1
197,40,504.725,448.369,49.599,115.547,0.862341,-1,-1,-1
197,50,1162.029,446.093,46.606,99.605,0.788898,-1,-1,-1
197,53,960.864,448.852,35.797,87.823,0.617702,-1,-1,-1
197,75,553.087,450.560,34.119,83.325,0.651192,-1,-1,-1
197,90,565.076,448.111,70.682,165.616,0.912798,-1,-1,-1
198,8,1098.740,440.298,39.622,96.653,0.823306,-1,-1,-1
198,11,812.727,433.949,153.170,375.245,0.961008,-1,-1,-1
198,13,607.025,416.299,218.628,540.717,0.940532,-1,-1,-1
198,14,1143.672,446.373,45.846,99.663,0.862022,-1,-1,-1
198,17,453.435,459.405,48.038,112.603,0.766494,-1,-1,-1
198,19,1021.303,432.095,113.436,288.166,0.932200,-1,-1,-1
198,28,953.219,449.933,123.857,309.112,0.955516,-1,-1,-1
198,40,506.514,450.806,48.414,111.611,0.841507,-1,-1,-1
198,50,1170.227,448.389,43.350,96.809,0.738154,-1,-1,-1
198,53,962.323,451.030,33.063,79.906,0.732517,-1,-1,-1
198,75,554.182,450.434,32.289,77.612,0.606546,-1,-1,-1
198,90,565.510,446.712,71.434,169.044,0.912045,-1,-1,-1
199,2,479.328,454.783,43.410,101.459,0.616283,-1,-1,-1
199,8,1098.148,436.851,42.193,104.981,0.834727,-1,-1,-1
199,11,813.444,432.293,163.195,379.824,0.956954,-1,-1,-1
199,13,610.062,410.552,221.275,542.189,0.953755,-1,-1,-1
199,14,1140.779,446.643,43.415,99.357,0.862171,-1,-1,-1
199,17,451.733,459.997,46.790,111.737,0.800625,-1,-1,-1
199,19,1027.120,430.926,110.718,279.906,0.917267,-1,-1,-1
199,28,961.570,448.924,115.614,310.188,0.944347,-1,-1,-1
199,40,506.636,448.922,48.182,112.586,0.847818,-1,-1,-1
199,50,1174.634,445.904,43.908,99.801,0.741236,-1,-1,-1
199,60,960.022,449.367,46.904,125.918,0.727829,-1,-1,-1
199,90,566.731,444.284,70.570,171.854,0.919692,-1,-1,-1
200,8,1100.233,435.371,40.831,103.977,0.808752,-1,-1,-1
200,11,814.382,433.638,163.902,378.624,0.958615,-1,-1,-1
200,13,616.511,414.589,218.062,544.577,0.944863,-1,-1,-1
200,14,1140.571,443.526,44.221,102.958,0.856995,-1,-1,-1
200,17,451.478,460.576,45.384,109.942,0.804005,-1,-1,-1
200,19,1029.743,433.206,111.077,276.529,0.918852,-1,-1,-1
200,28,966.360,451.993,114.333,306.641,0.944440,-1,-1,-1
200,40,506.675,454.722,46.764,108.332,0.857668,-1,-1,-1
200,50,1174.427,445.769,43.859,100.425,0.813790,-1,-1,-1
200,53,964.233,447.060,39.934,94.367,0.743398,-1,-1,-1
200,90,567.393,447.619,70.563,168.056,0.915220,-1,-1,-1
200,109,1689.981,432.658,101.656,202.449,0.772123,-1,-1,-1
201,8,1100.891,435.172,39.368,102.784,0.794656,-1,-1,-1
201,9,926.184,448.457,40.247,94.113,0.664743,-1,-1,-1
201,11,817.346,431.823,166.015,382.546,0.961326,-1,-1,-1
201,13,625.531,425.542,209.759,538.487,0.936202,-1,-1,-1
201,14,1139.226,443.306,43.230,102.822,0.852293,-1,-1,-1
201,17,451.389,462.117,44.056,105.435,0.770512,-1,-1,-1
201,19,1033.665,434.915,109.459,283.028,0.899179,-1,-1,-1
201,25,1090.617,432.336,49.821,138.076,0.601073,-1,-1,-1
201,28,970.951,443.701,115.542,316.694,0.936671,-1,-1,-1
201,40,506.240,454.267,46.359,108.785,0.868018,-1,-1,-1
201,50,1179.185,442.773,43.592,103.859,0.800986,-1,-1,-1
201,53,963.735,445.997,44.401,108.067,0.748293,-1,-1,-1
201,54,657.971,466.810,39.669,89.370,0.600440,-1,-1,-1
201,90,568.373,448.298,70.185,168.099,0.921306,-1,-1,-1
201,109,1685.119,439.297,100.113,198.808,0.745929,-1,-1,-1
202,8,1101.295,434.754,39.201,103.964,0.806922,-1,-1,-1
202,9,925.661,447.719,40.384,91.405,0.654833,-1,-1,-1
202,11,822.497,432.220,160.729,383.351,0.959700,-1,-1,-1
202,13,629.232,417.750,209.789,546.946,0.930811,-1,-1,-1
202,14,1137.124,441.304,43.963,103.682,0.849212,-1,-1,-1
202,17,450.891,465.689,41.761,96.716,0.784209,-1,-1,-1
202,19,1035.800,437.447,110.527,287.485,0.917452,-1,-1,-1
202,28,980.377,448.287,104.584,311.985,0.945835,-1,-1,-1
202,40,506.152,452.888,46.496,110.058,0.851702,-1,-1,-1
202,50,1178.942,441.653,42.396,104.278,0.848846,-1,-1,-1
202,53,963.891,444.415,52.361,126.236,0.806768,-1,-1,-1
202,54,659.917,474.006,35.290,78.259,0.606352,-1,-1,-1
202,90,569.777,449.536,71.140,166.208,0.930116,-1,-1,-1
202,109,1695.710,436.707,88.464,173.305,0.633786,-1,-1,-1
203,2,483.977,458.268,39.807,94.789,0.662090,-1,-1,-1
203,8,1100.548,434.836,38.157,100.206,0.729882,-1,-1,-1
203,11,823.613,431.970,162.617,382.113,0.961947,-1,-1,-1
203,13,629.999,421.061,213.360,566.534,0.941050,-1,-1,-1
203,14,1138.291,441.739,43.961,103.248,0.850408,-1,-1,-1
203,17,449.181,463.459,41.612,92.557,0.800627,-1,-1,-1
203,19,1034.141,437.661,114.951,290.818,0.926405,-1,-1,-1
203,28,982.639,443.435,106.603,316.208,0.940619,-1,-1,-1
203,40,505.794,453.829,46.110,109.427,0.858944,-1,-1,-1
203,50,1180.558,440.529,42.961,105.118,0.846164,-1,-1,-1
203,53,962.548,448.943,56.843,138.409,0.682004,-1,-1,-1
203,90,572.374,454.472,70.047,161.378,0.931846,-1,-1,-1
203,109,1683.007,437.427,101.468,198.541,0.734980,-1,-1,-1
204,2,479.224,459.027,41.817,101.009,0.745879,-1,-1,-1
204,8,1103.088,439.512,37.491,99.137,0.722380,-1,-1,-1
204,11,824.318,430.652,159.953,382.341,0.964250,-1,-1,-1
204,13,637.899,422.817,210.734,563.124,0.938445,-1,-1,-1
204,14,1135.693,442.431,45.106,102.949,0.821804,-1,-1,-1
204,17,449.639,464.625,43.627,98.072,0.798757,-1,-1,-1
204,19,1042.843,443.065,107.704,282.408,0.897927,-1,-1,-1
204,28,984.069,442.163,112.347,319.033,0.936003,-1,-1,-1
204,40,507.060,453.432,44.869,109.794,0.832818,-1,-1,-1
204,50,1182.295,446.552,41.445,98.718,0.857725,-1,-1,-1
204,54,662.948,475.233,33.360,68.732,0.654249,-1,-1,-1
204,60,968.024,446.362,44.384,119.223,0.603163,-1,-1,-1
204,90,573.124,457.302,70.149,158.569,0.927616,-1,-1,-1
204,109,1678.959,429.611,106.465,208.461,0.739386,-1,-1,-1
205,2,479.887,459.206,40.928,99.927,0.740719,-1,-1,-1
205,11,826.760,433.206,159.603,382.591,0.961106,-1,-1,-1
205,13,637.460,415.519,214.450,572.457,0.937430,-1,-1,-1
205,14,1133.251,441.001,46.543,105.783,0.748979,-1,-1,-1
205,17,448.600,461.762,42.772,95.790,0.734454,-1,-1,-1
205,19,1049.186,429.097,104.122,296.857,0.914040,-1,-1,-1
205,28,986.570,441.401,111.004,320.359,0.938922,-1,-1,-1
205,40,507.024,453.906,43.839,108.414,0.815038,-1,-1,-1
205,50,1177.723,440.582,47.396,107.185,0.746605,-1,-1,-1
205,53,963.762,443.390,56.016,140.678,0.668169,-1,-1,-1
205,54,661.570,476.022,35.001,71.081,0.673873,-1,-1,-1
205,90,572.917,455.376,68.893,161.579,0.922385,-1,-1,-1
205,109,1678.714,430.263,105.866,206.391,0.671944,-1,-1,-1
206,2,476.127,455.845,42.807,104.370,0.755570,-1,-1,-1
206,11,828.962,432.452,157.702,382.931,0.956494,-1,-1,-1
206,13,644.163,421.815,212.183,568.858,0.933082,-1,-1,-1
206,14,1136.262,439.314,45.896,107.662,0.715896,-1,-1,-1
206,17,446.964,460.435,44.932,100.506,0.769033,-1,-1,-1
206,19,1054.925,434.398,99.630,293.009,0.923410,-1,-1,-1
206,28,993.121,445.093,111.204,317.865,0.933007,-1,-1,-1
206,40,506.856,449.875,46.042,111.787,0.857521,-1,-1,-1
206,50,1182.971,447.063,44.237,99.883,0.874549,-1,-1,-1
206,53,964.501,442.564,54.724,137.242,0.698875,-1,-1,-1
206,54,662.479,477.332,32.342,63.378,0.601764,-1,-1,-1
206,90,576.535,454.510,68.427,163.008,0.915458,-1,-1,-1
207,2,477.315,459.256,40.793,98.889,0.699423,-1,-1,-1
207,11,830.683,430.692,160.463,383.900,0.963768,-1,-1,-1
207,13,650.894,418.276,211.609,576.132,0.934129,-1,-1,-1
207,14,1138.368,445.886,38.356,93.780,0.752271,-1,-1,-1
207,17,448.845,461.108,42.567,93.498,0.746640,-1,-1,-1
207,19,1061.613,436.407,94.742,291.973,0.918606,-1,-1,-1
207,28,1000.691,448.700,113.517,314.530,0.946552,-1,-1,-1
207,40,506.868,454.219,44.832,107.222,0.867164,-1,-1,-1
207,50,1184.698,445.263,44.411,101.866,0.875716,-1,-1,-1
207,53,966.888,450.005,51.290,128.206,0.701795,-1,-1,-1
207,90,575.589,448.418,67.446,169.312,0.918544,-1,-1,-1
207,109,1689.402,434.344,95.197,183.276,0.600027,-1,-1,-1
208,2,476.881,459.112,40.377,96.971,0.705586,-1,-1,-1
208,11,829.764,429.721,161.700,388.545,0.959839,-1,-1,-1
208,13,651.403,421.340,209.339,573.978,0.938146,-1,-1,-1
208,14,1134.904,447.030,38.610,93.550,0.677751,-1,-1,-1
208,19,1061.842,427.230,100.959,320.562,0.907819,-1,-1,-1
208,28,1003.165,446.837,120.022,316.614,0.937564,-1,-1,-1
208,40,507.590,451.539,46.035,109.051,0.876235,-1,-1,-1
208,50,1185.357,441.905,46.139,107.457,0.873416,-1,-1,-1
208,51,435.074,465.267,56.044,107.090,0.758142,-1,-1,-1
208,53,971.055,460.920,47.165,116.585,0.644482,-1,-1,-1
208,90,576.468,451.021,68.763,166.969,0.913492,-1,-1,-1
208,109,1687.111,433.026,101.336,196.902,0.691579,-1,-1,-1
208,111,309.039,448.419,39.314,107.124,0.625969,-1,-1,-1
209,2,476.096,459.508,40.393,95.304,0.682915,-1,-1,-1
209,11,830.070,432.985,163.893,385.606,0.961655,-1,-1,-1
209,13,652.731,403.448,209.984,592.800,0.935747,-1,-1,-1
209,14,1137.961,442.274,37.948,91.715,0.611520,-1,-1,-1
209,17,449.075,462.802,40.764,89.087,0.704987,-1,-1,-1
209,19,1068.000,424.493,94.623,288.008,0.880838,-1,-1,-1
209,28,1008.784,441.711,126.138,322.796,0.931325,-1,-1,-1
209,40,508.187,453.325,45.868,107.134,0.875855,-1,-1,-1
209,50,1184.814,437.826,47.275,111.648,0.878861,-1,-1,-1
209,90,578.095,452.461,71.611,164.895,0.913677,-1,-1,-1
210,2,478.051,457.971,40.724,96.585,0.637965,-1,-1,-1
210,11,837.693,429.105,159.275,384.692,0.962567,-1,-1,-1
210,13,658.639,405.710,199.404,582.457,0.947611,-1,-1,-1
210,19,1069.644,424.251,102.176,313.061,0.845062,-1,-1,-1
210,28,1014.304,446.058,144.864,318.084,0.947930,-1,-1,-1
210,40,508.470,449.296,46.675,110.875,0.863688,-1,-1,-1
210,50,1187.550,446.842,45.870,104.866,0.885662,-1,-1,-1
210,53,969.284,451.616,47.462,120.283,0.663930,-1,-1,-1
210,90,581.828,457.059,67.559,160.759,0.909369,-1,-1,-1
211,2,478.022,456.177,41.720,100.094,0.647814,-1,-1,-1
211,11,845.464,427.791,163.165,388.626,0.962406,-1,-1,-1
211,13,658.576,403.743,202.838,595.420,0.942247,-1,-1,-1
211,14,1142.336,442.286,37.468,90.455,0.630174,-1,-1,-1
211,17,439.498,466.690,47.133,103.410,0.660339,-1,-1,-1
211,19,1070.549,429.447,109.989,316.442,0.856159,-1,-1,-1
211,28,1015.682,444.134,161.272,321.045,0.952982,-1,-1,-1
211,40,508.366,447.356,46.796,113.255,0.866875,-1,-1,-1
211,50,1188.558,446.378,45.404,102.880,0.881835,-1,-1,-1
211,53,971.035,449.359,44.296,111.554,0.701820,-1,-1,-1
211,60,1014.641,443.662,46.290,119.109,0.657512,-1,-1,-1
211,90,582.315,451.809,70.231,166.817,0.913498,-1,-1,-1
211,111,307.963,450.489,40.298,110.864,0.602452,-1,-1,-1
212,2,473.795,455.473,42.405,100.812,0.708324,-1,-1,-1
212,11,852.015,423.724,155.732,393.256,0.965826,-1,-1,-1
212,13,665.167,401.303,197.372,589.606,0.946251,-1,-1,-1
212,19,1079.255,429.907,108.247,317.495,0.872673,-1,-1,-1
212,28,1018.919,445.107,164.999,321.591,0.951927,-1,-1,-1
212,40,508.797,447.006,45.573,113.561,0.864807,-1,-1,-1
212,50,1189.761,441.504,44.993,109.518,0.886675,-1,-1,-1
212,53,966.978,447.308,44.890,114.668,0.734517,-1,-1,-1
212,54,660.446,480.113,33.338,62.083,0.632983,-1,-1,-1
212,60,1014.823,442.263,59.759,138.700,0.740056,-1,-1,-1
212,90,585.722,453.062,64.833,165.729,0.914189,-1,-1,-1
212,112,680.201,487.949,44.945,92.424,0.698790,-1,-1,-1
213,2,471.814,453.836,43.983,101.610,0.747504,-1,-1,-1
213,11,855.854,421.691,157.000,395.819,0.963857,-1,-1,-1
213,13,664.878,404.036,204.046,586.352,0.937476,-1,-1,-1
213,19,1083.472,425.096,102.002,295.962,0.883279,-1,-1,-1
213,28,1018.625,448.271,166.433,324.105,0.944918,-1,-1,-1
213,40,508.898,446.314,45.633,114.432,0.866317,-1,-1,-1
213,50,1190.717,440.507,44.921,110.786,0.870186,-1,-1,-1
213,54,660.360,477.656,35.554,63.787,0.637386,-1,-1,-1
213,60,1016.855,442.294,58.235,132.114,0.702872,-1,-1,-1
213,90,588.559,453.727,64.770,164.428,0.917540,-1,-1,-1
213,111,307.914,451.098,40.088,110.732,0.620844,-1,-1,-1
213,112,678.520,486.825,42.518,83.281,0.643984,-1,-1,-1
213,113,851.842,471.098,34.527,81.836,0.613164,-1,-1,-1
214,2,472.471,454.820,44.197,100.991,0.767337,-1,-1,-1
214,11,872.441,425.473,144.927,387.914,0.959818,-1,-1,-1
214,13,665.667,402.333,209.483,587.065,0.939300,-1,-1,-1
214,17,448.249,460.634,40.307,88.387,0.610457,-1,-1,-1
214,19,1085.272,432.653,105.525,291.176,0.872130,-1,-1,-1
214,28,1018.724,446.583,165.632,324.711,0.956366,-1,-1,-1
214,40,509.142,447.472,44.985,113.454,0.861833,-1,-1,-1
214,50,1191.230,443.525,45.352,106.146,0.869284,-1,-1,-1
214,53,991.445,449.012,39.826,102.782,0.613525,-1,-1,-1
214,54,659.634,478.359,35.867,63.904,0.654491,-1,-1,-1
214,60,1022.685,444.358,50.641,125.329,0.798520,-1,-1,-1
214,90,589.339,451.210,68.780,169.592,0.908608,-1,-1,-1
214,111,304.952,450.447,43.341,116.067,0.602207,-1,-1,-1
214,112,675.457,485.305,49.168,95.087,0.702641,-1,-1,-1
215,2,471.475,454.918,44.728,101.737,0.780349,-1,-1,-1
215,11,875.098,426.188,143.443,393.851,0.957137,-1,-1,-1
215,13,666.993,401.320,210.772,588.901,0.940579,-1,-1,-1
215,17,443.434,464.524,42.781,93.255,0.645370,-1,-1,-1
215,19,1079.265,410.623,128.920,333.014,0.870117,-1,-1,-1
215,25,1148.583,433.902,38.710,97.127,0.621521,-1,-1,-1
215,28,1018.413,442.362,166.371,328.602,0.945033,-1,-1,-1
215,40,508.588,446.087,45.718,114.242,0.867330,-1,-1,-1
215,50,1194.414,446.842,44.589,102.369,0.862496,-1,-1,-1
215,54,659.427,478.689,35.790,63.133,0.625110,-1,-1,-1
215,60,1025.689,438.228,55.912,136.032,0.778580,-1,-1,-1
215,90,591.351,454.547,71.424,169.291,0.880198,-1,-1,-1
215,111,303.930,450.518,44.403,116.642,0.609870,-1,-1,-1
215,112,674.024,486.801,54.242,105.268,0.694120,-1,-1,-1
215,113,852.943,467.890,35.302,82.231,0.650286,-1,-1,-1
216,2,470.931,453.204,44.702,102.066,0.751992,-1,-1,-1
216,11,877.937,426.259,140.116,393.762,0.958267,-1,-1,-1
216,13,668.036,399.782,212.020,593.470,0.934960,-1,-1,-1
216,19,1089.654,430.336,133.883,321.473,0.900157,-1,-1,-1
216,28,1019.383,443.954,169.506,333.410,0.944980,-1,-1,-1
216,40,508.825,443.277,46.182,117.148,0.863095,-1,-1,-1
216,50,1194.480,445.144,47.881,108.025,0.875969,-1,-1,-1
216,54,658.922,476.141,36.826,65.575,0.641506,-1,-1,-1
216,60,1028.260,438.740,52.847,130.077,0.803886,-1,-1,-1
216,90,592.416,459.678,75.462,165.208,0.890015,-1,-1,-1
216,111,307.759,453.324,40.886,109.091,0.640172,-1,-1,-1
216,112,673.890,485.548,57.746,114.249,0.713022,-1,-1,-1
216,113,851.091,469.063,36.533,82.587,0.722681,-1,-1,-1
217,2,472.465,452.100,44.298,102.662,0.745587,-1,-1,-1
217,4,1104.120,423.274,102.662,294.707,0.698318,-1,-1,-1
217,11,879.047,426.429,138.299,391.785,0.954750,-1,-1,-1
217,13,674.160,400.533,217.403,594.216,0.932191,-1,-1,-1
217,17,434.701,463.006,47.802,100.446,0.715570,-1,-1,-1
217,19,1093.593,423.875,139.122,324.755,0.862135,-1,-1,-1
217,28,1024.277,442.913,167.161,333.287,0.935414,-1,-1,-1
217,40,509.924,444.802,45.342,114.126,0.880533,-1,-1,-1
217,50,1198.411,448.893,45.945,103.197,0.858633,-1,-1,-1
217,60,1033.973,436.529,55.280,130.632,0.803066,-1,-1,-1
217,82,570.369,456.149,27.398,64.066,0.639003,-1,-1,-1
217,90,589.763,451.112,85.399,180.449,0.912725,-1,-1,-1
217,112,674.524,486.241,60.368,122.442,0.692491,-1,-1,-1
217,113,850.813,468.542,36.750,81.612,0.669086,-1,-1,-1
218,2,469.877,450.796,45.540,106.058,0.734879,-1,-1,-1
218,4,1113.936,425.999,100.227,288.334,0.647966,-1,-1,-1
218,9,992.649,446.642,32.332,68.645,0.635335,-1,-1,-1
218,11,881.916,425.421,138.140,404.150,0.956277,-1,-1,-1
218,13,668.837,407.770,219.943,585.031,0.935881,-1,-1,-1
218,17,430.602,465.561,48.787,96.260,0.628411,-1,-1,-1
218,19,1090.239,428.414,143.516,330.564,0.783253,-1,-1,-1
218,28,1029.860,438.224,161.270,336.395,0.940764,-1,-1,-1
218,40,508.632,444.752,46.172,115.236,0.866168,-1,-1,-1
218,50,1202.692,451.037,42.395,98.839,0.854670,-1,-1,-1
218,60,1035.195,437.475,58.484,133.243,0.817452,-1,-1,-1
218,82,572.771,456.799,27.166,61.892,0.637368,-1,-1,-1
218,90,592.149,461.187,80.876,161.297,0.885971,-1,-1,-1
218,112,677.360,486.396,54.535,109.401,0.699258,-1,-1,-1
219,2,469.377,450.406,43.800,101.449,0.654889,-1,-1,-1
219,9,994.782,446.919,30.319,64.485,0.617530,-1,-1,-1
219,11,883.946,423.063,137.244,406.919,0.958311,-1,-1,-1
219,13,681.245,398.557,218.328,591.288,0.932590,-1,-1,-1
219,19,1098.229,426.833,137.095,321.919,0.699128,-1,-1,-1
219,28,1037.219,441.602,159.004,332.839,0.954973,-1,-1,-1
219,40,507.897,446.027,45.309,112.413,0.875656,-1,-1,-1
219,50,1203.165,448.383,42.845,102.902,0.848996,-1,-1,-1
219,60,1033.542,437.724,61.824,144.666,0.821508,-1,-1,-1
219,82,571.196,456.746,27.769,63.457,0.688436,-1,-1,-1
219,90,591.621,458.894,80.848,166.567,0.886027,-1,-1,-1
219,112,675.234,485.379,58.191,118.276,0.646887,-1,-1,-1
220,2,468.533,451.367,44.510,103.564,0.767457,-1,-1,-1
220,9,995.327,448.040,30.609,66.355,0.611124,-1,-1,-1
220,11,887.028,423.319,137.862,410.947,0.956145,-1,-1,-1
220,13,674.549,397.320,235.420,595.314,0.950257,-1,-1,-1
220,17,430.867,462.800,48.644,98.556,0.639944,-1,-1,-1
220,19,1098.421,432.702,125.252,305.510,0.604911,-1,-1,-1
220,28,1043.032,440.731,154.289,336.106,0.952994,-1,-1,-1
220,40,508.114,443.915,46.789,116.446,0.875686,-1,-1,-1
220,50,1205.536,450.080,41.992,101.627,0.849479,-1,-1,-1
220,54,663.650,470.715,39.331,71.506,0.618729,-1,-1,-1
220,60,1035.901,438.739,60.714,145.003,0.830134,-1,-1,-1
220,75,589.797,454.656,34.007,87.222,0.623394,-1,-1,-1
220,82,571.761,456.176,27.831,63.446,0.670789,-1,-1,-1
220,90,593.289,460.069,74.336,163.555,0.876474,-1,-1,-1
221,2,470.267,453.933,43.427,101.689,0.716747,-1,-1,-1
221,11,891.437,423.568,137.002,408.050,0.953011,-1,-1,-1
221,13,677.895,401.887,247.512,593.857,0.949433,-1,-1,-1
221,17,433.768,462.463,48.935,101.222,0.631092,-1,-1,-1
221,19,1120.064,427.978,117.417,312.268,0.862133,-1,-1,-1
221,28,1049.814,440.320,144.083,335.934,0.946309,-1,-1,-1
221,40,508.623,447.324,44.648,112.620,0.873511,-1,-1,-1
221,50,1206.078,448.146,44.910,103.467,0.880513,-1,-1,-1
221,60,1036.298,440.334,58.462,143.467,0.830278,-1,-1,-1
221,75,590.176,456.165,32.310,83.739,0.634416,-1,-1,-1
221,82,570.827,455.930,27.781,63.264,0.655722,-1,-1,-1
221,90,596.006,460.194,73.030,156.860,0.861329,-1,-1,-1
221,112,672.475,486.755,63.199,131.337,0.621564,-1,-1,-1
222,2,469.304,452.786,43.490,102.724,0.732581,-1,-1,-1
222,11,891.342,424.307,138.078,403.963,0.949061,-1,-1,-1
222,13,680.646,405.675,250.019,585.273,0.938444,-1,-1,-1
222,17,431.735,461.168,47.110,98.442,0.619977,-1,-1,-1
222,19,1128.025,425.786,115.757,317.139,0.863041,-1,-1,-1
222,28,1057.918,437.219,141.632,338.196,0.938114,-1,-1,-1
222,40,509.444,447.960,43.709,112.076,0.882662,-1,-1,-1
222,50,1208.483,443.877,47.989,106.680,0.837478,-1,-1,-1
222,60,1035.780,439.775,58.999,146.989,0.815338,-1,-1,-1
222,75,582.413,456.592,28.922,74.002,0.616280,-1,-1,-1
222,82,572.295,456.666,27.332,62.540,0.633986,-1,-1,-1
222,90,596.149,460.024,73.406,164.109,0.890778,-1,-1,-1
222,112,674.936,489.203,54.668,111.509,0.695529,-1,-1,-1
223,2,466.665,448.429,47.021,110.149,0.787102,-1,-1,-1
223,11,894.245,427.643,140.277,407.276,0.953344,-1,-1,-1
223,13,684.134,398.132,275.285,595.404,0.957483,-1,-1,-1
223,17,427.557,465.207,52.929,105.899,0.664396,-1,-1,-1
223,19,1130.828,421.170,105.724,300.260,0.718371,-1,-1,-1
223,28,1076.696,439.911,125.241,334.806,0.920875,-1,-1,-1
223,40,508.263,444.636,45.231,116.008,0.889320,-1,-1,-1
223,50,1210.064,446.458,48.632,103.269,0.858383,-1,-1,-1
223,60,1037.984,441.064,57.571,144.413,0.835253,-1,-1,-1
223,75,581.415,453.221,27.091,68.511,0.622021,-1,-1,-1
223,82,572.518,454.409,28.430,65.813,0.744551,-1,-1,-1
223,90,599.769,461.778,73.878,163.923,0.899353,-1,-1,-1
223,112,669.722,486.600,64.107,132.356,0.720599,-1,-1,-1
224,2,466.439,449.742,45.920,108.579,0.735351,-1,-1,-1
224,11,896.489,426.662,143.999,411.585,0.956455,-1,-1,-1
224,13,683.755,397.610,300.471,597.539,0.958088,-1,-1,-1
224,17,426.874,464.331,54.382,107.495,0.798912,-1,-1,-1
224,19,1131.499,431.208,108.260,324.668,0.752193,-1,-1,-1
224,28,1091.664,437.366,117.383,339.261,0.946638,-1,-1,-1
224,40,508.150,442.815,47.090,117.559,0.894705,-1,-1,-1
224,50,1215.370,443.101,47.783,106.408,0.793877,-1,-1,-1
224,60,1039.523,444.513,55.118,140.898,0.832407,-1,-1,-1
224,82,571.334,454.128,28.300,64.828,0.728694,-1,-1,-1
224,90,598.666,458.872,76.783,173.028,0.897360,-1,-1,-1
224,112,672.197,482.582,55.876,115.262,0.719369,-1,-1,-1
225,2,462.900,449.619,45.703,107.672,0.789452,-1,-1,-1
225,8,1099.875,438.874,37.892,104.454,0.683027,-1,-1,-1
225,11,900.964,426.381,142.500,415.566,0.957384,-1,-1,-1
225,13,690.920,397.219,311.013,601.327,0.960393,-1,-1,-1
225,17,422.401,463.068,57.876,111.056,0.788409,-1,-1,-1
225,19,1142.755,436.785,100.591,309.345,0.833476,-1,-1,-1
225,28,1097.029,438.625,113.724,338.416,0.944007,-1,-1,-1
225,40,507.343,444.283,47.565,115.136,0.900952,-1,-1,-1
225,50,1220.234,443.762,43.601,104.274,0.829844,-1,-1,-1
225,60,1042.552,441.603,55.482,144.623,0.827664,-1,-1,-1
225,75,578.058,457.293,27.471,64.819,0.653553,-1,-1,-1
225,82,569.901,454.589,28.437,64.707,0.716901,-1,-1,-1
225,90,599.179,458.355,75.720,176.949,0.907881,-1,-1,-1
225,112,675.789,485.601,54.496,109.788,0.657091,-1,-1,-1
226,2,462.336,448.718,45.969,110.812,0.789339,-1,-1,-1
226,8,1096.140,435.852,36.820,100.943,0.695950,-1,-1,-1
226,11,899.527,428.187,147.742,417.590,0.958782,-1,-1,-1
226,13,691.133,394.673,315.836,601.712,0.959828,-1,-1,-1
226,17,420.905,460.204,56.399,111.066,0.754167,-1,-1,-1
226,19,1148.202,431.025,97.641,308.319,0.884957,-1,-1,-1
226,28,1103.655,440.903,107.777,340.178,0.944352,-1,-1,-1
226,40,507.192,441.840,48.822,117.629,0.897122,-1,-1,-1
226,50,1220.686,443.523,41.250,100.981,0.759149,-1,-1,-1
226,60,1044.172,441.944,52.707,141.170,0.799214,-1,-1,-1
226,75,578.747,457.058,30.252,70.302,0.680240,-1,-1,-1
226,82,572.770,454.786,29.189,66.323,0.702501,-1,-1,-1
226,90,599.150,451.550,74.889,182.937,0.910256,-1,-1,-1
226,112,669.049,478.371,70.967,147.111,0.632240,-1,-1,-1
227,2,462.823,448.609,45.031,109.542,0.765623,-1,-1,-1
227,8,1094.794,437.243,38.414,106.652,0.643815,-1,-1,-1
227,11,898.469,431.096,150.370,411.064,0.957011,-1,-1,-1
227,13,693.719,405.961,317.145,589.413,0.948209,-1,-1,-1
227,17,419.683,460.924,54.196,107.250,0.618703,-1,-1,-1
227,19,1154.412,429.285,94.668,309.056,0.878609,-1,-1,-1
227,28,1110.803,443.829,107.179,337.724,0.933706,-1,-1,-1
227,40,505.714,441.904,48.621,117.981,0.884886,-1,-1,-1
227,50,1220.403,444.209,41.725,105.370,0.764589,-1,-1,-1
227,60,1045.582,440.482,51.322,139.419,0.766258,-1,-1,-1
227,75,579.783,455.652,30.252,69.617,0.658198,-1,-1,-1
227,82,572.774,452.964,30.148,68.524,0.691992,-1,-1,-1
227,90,600.589,442.080,73.589,190.089,0.907271,-1,-1,-1
228,2,463.383,448.184,44.456,110.035,0.796251,-1,-1,-1
228,8,1097.175,434.201,39.465,110.769,0.740537,-1,-1,-1
228,11,898.136,428.270,157.205,416.667,0.944094,-1,-1,-1
228,13,695.722,403.093,337.783,594.865,0.966679,-1,-1,-1
228,17,421.836,464.682,53.319,105.318,0.656768,-1,-1,-1
228,19,1158.489,414.017,99.542,336.418,0.847781,-1,-1,-1
228,28,1111.635,440.625,112.473,350.431,0.932141,-1,-1,-1
228,40,505.815,442.173,49.045,117.530,0.887007,-1,-1,-1
228,50,1218.382,444.890,43.793,110.301,0.752586,-1,-1,-1
228,60,1046.831,439.599,52.464,141.968,0.755517,-1,-1,-1
228,75,581.446,454.896,30.111,68.450,0.703195,-1,-1,-1
228,82,574.511,453.705,29.447,67.638,0.683776,-1,-1,-1
228,90,602.719,446.675,69.790,182.753,0.909813,-1,-1,-1
228,112,671.632,480.632,63.081,133.519,0.715343,-1,-1,-1
229,2,465.723,447.497,43.645,110.233,0.808361,-1,-1,-1
229,8,1097.636,438.135,36.911,104.347,0.736492,-1,-1,-1
229,11,900.107,431.262,159.626,411.598,0.944742,-1,-1,-1
229,13,699.734,415.567,339.241,581.586,0.954420,-1,-1,-1
229,17,419.881,460.386,59.017,110.020,0.836444,-1,-1,-1
229,19,1163.771,421.702,93.454,306.962,0.845266,-1,-1,-1
229,28,1116.492,439.593,117.868,348.386,0.933312,-1,-1,-1
229,40,506.254,442.896,48.511,117.465,0.881797,-1,-1,-1
229,60,1050.917,437.186,56.297,151.416,0.673578,-1,-1,-1
229,75,582.219,457.025,28.732,65.669,0.643488,-1,-1,-1
229,82,574.169,454.625,28.793,65.952,0.661371,-1,-1,-1
229,90,603.355,440.982,70.907,190.266,0.899789,-1,-1,-1
229,112,675.232,481.559,60.307,128.334,0.704163,-1,-1,-1
230,2,466.030,448.863,42.120,108.157,0.804945,-1,-1,-1
230,4,1182.077,433.138,84.671,242.147,0.871172,-1,-1,-1
230,8,1097.372,441.708,35.297,96.728,0.762399,-1,-1,-1
230,11,898.059,427.958,164.942,415.992,0.951386,-1,-1,-1
230,13,700.928,406.554,339.639,590.598,0.939119,-1,-1,-1
230,17,421.301,463.909,57.313,106.167,0.807484,-1,-1,-1
230,28,1119.741,442.421,122.279,350.080,0.942850,-1,-1,-1
230,40,507.434,446.815,46.719,112.517,0.888835,-1,-1,-1
230,60,1053.575,440.400,55.429,145.312,0.810291,-1,-1,-1
230,75,583.121,458.048,28.234,63.341,0.674925,-1,-1,-1
230,82,573.800,455.124,28.755,65.229,0.687846,-1,-1,-1
230,90,606.265,442.545,71.674,189.068,0.903983,-1,-1,-1
230,112,672.579,476.900,62.666,134.931,0.680991,-1,-1,-1
230,124,717.509,460.139,65.880,162.791,0.640768,-1,-1,-1
231,2,467.983,450.505,40.805,104.892,0.767915,-1,-1,-1
231,4,1189.549,431.837,75.698,172.272,0.880237,-1,-1,-1
231,8,1097.833,440.323,36.275,100.653,0.747812,-1,-1,-1
231,11,900.843,429.865,163.546,415.335,0.944287,-1,-1,-1
231,13,714.289,405.416,328.577,592.543,0.930670,-1,-1,-1
231,14,1118.261,442.746,37.855,101.434,0.686275,-1,-1,-1
231,17,420.384,462.815,57.491,105.967,0.822174,-1,-1,-1
231,25,1106.946,442.688,37.951,101.700,0.737107,-1,-1,-1
231,28,1125.124,442.151,130.720,344.489,0.945604,-1,-1,-1
231,40,507.284,445.783,47.321,113.893,0.889891,-1,-1,-1
231,60,1052.979,439.187,55.320,146.657,0.832344,-1,-1,-1
231,75,583.271,459.413,27.285,60.491,0.648752,-1,-1,-1
231,82,573.552,455.442,28.304,63.894,0.697818,-1,-1,-1
231,90,605.282,444.404,71.945,185.825,0.901248,-1,-1,-1
231,112,673.801,481.413,58.422,124.896,0.746807,-1,-1,-1
231,124,713.528,449.202,76.279,181.887,0.607277,-1,-1,-1
231,125,710.127,427.237,171.135,383.693,0.788458,-1,-1,-1
232,2,466.630,449.939,39.734,103.230,0.689645,-1,-1,-1
232,4,1186.829,427.716,89.259,200.689,0.857241,-1,-1,-1
232,8,1097.233,440.687,35.760,101.624,0.751504,-1,-1,-1
232,11,901.632,428.055,163.596,414.455,0.944898,-1,-1,-1
232,13,709.274,411.532,324.024,587.125,0.879332,-1,-1,-1
232,14,1118.634,444.660,34.833,100.876,0.781579,-1,-1,-1
232,17,419.724,467.202,57.121,103.401,0.789506,-1,-1,-1
232,25,1106.585,441.185,37.420,103.705,0.749877,-1,-1,-1
232,28,1127.207,443.426,136.382,352.977,0.941331,-1,-1,-1
232,40,506.490,445.820,47.300,113.770,0.892207,-1,-1,-1
232,60,1054.069,440.012,54.795,145.522,0.757481,-1,-1,-1
232,75,584.068,456.166,28.996,62.680,0.709290,-1,-1,-1
232,82,573.719,454.187,29.241,65.308,0.704035,-1,-1,-1
232,90,608.369,448.873,69.274,180.416,0.912357,-1,-1,-1
232,112,673.393,478.485,58.304,127.455,0.797902,-1,-1,-1
232,124,712.742,459.710,76.702,175.386,0.706991,-1,-1,-1
232,125,708.356,427.445,168.088,373.216,0.788803,-1,-1,-1
233,2,466.253,450.077,40.983,103.923,0.734232,-1,-1,-1
233,4,1189.912,429.401,98.051,220.441,0.826951,-1,-1,-1
233,8,1098.999,440.917,34.651,98.915,0.737433,-1,-1,-1
233,11,901.543,427.591,163.819,415.858,0.942173,-1,-1,-1
233,13,728.903,406.717,315.443,592.234,0.925665,-1,-1,-1
233,14,1120.608,445.303,34.186,99.412,0.792081,-1,-1,-1
233,17,415.797,464.278,59.938,105.247,0.797217,-1,-1,-1
233,25,1108.937,443.247,36.590,101.821,0.748293,-1,-1,-1
233,28,1130.435,444.516,151.952,354.740,0.927064,-1,-1,-1
233,40,506.301,445.662,47.806,114.461,0.888296,-1,-1,-1
233,60,1057.339,441.695,49.903,133.750,0.682434,-1,-1,-1
233,75,583.013,456.868,29.808,63.124,0.699332,-1,-1,-1
233,82,572.626,454.146,29.987,65.470,0.724944,-1,-1,-1
233,90,611.477,454.935,68.057,175.548,0.909941,-1,-1,-1
233,112,675.370,480.853,54.102,117.126,0.749500,-1,-1,-1
233,124,712.138,466.731,69.909,158.667,0.749645,-1,-1,-1
233,125,703.367,423.283,180.618,406.238,0.840045,-1,-1,-1
234,2,464.832,449.737,42.911,106.244,0.724971,-1,-1,-1
234,4,1203.252,428.072,82.022,184.634,0.848811,-1,-1,-1
234,8,1099.087,439.356,36.452,102.516,0.727635,-1,-1,-1
234,11,905.048,427.690,161.701,414.048,0.941745,-1,-1,-1
234,13,741.527,405.425,302.325,591.952,0.939196,-1,-1,-1
234,14,1120.409,444.203,35.265,99.813,0.750215,-1,-1,-1
234,17,414.096,463.094,59.912,107.135,0.801290,-1,-1,-1
234,19,1193.757,422.372,98.676,311.931,0.781588,-1,-1,-1
234,25,1109.466,440.915,38.274,104.087,0.740765,-1,-1,-1
234,28,1126.939,443.336,154.355,359.537,0.931257,-1,-1,-1
234,40,505.636,444.523,47.613,115.400,0.887837,-1,-1,-1
234,60,1059.792,440.998,49.755,133.221,0.687360,-1,-1,-1
234,75,582.510,457.441,30.136,62.881,0.682425,-1,-1,-1
234,82,570.844,455.007,30.332,65.282,0.739330,-1,-1,-1
234,90,612.420,454.346,69.902,172.576,0.918733,-1,-1,-1
234,112,675.757,478.686,55.146,119.105,0.708804,-1,-1,-1
234,124,712.241,463.499,78.836,170.737,0.766921,-1,-1,-1
234,125,706.548,422.716,178.823,425.709,0.854873,-1,-1,-1
234,128,594.057,458.308,27.832,62.117,0.663396,-1,-1,-1
235,2,461.063,449.310,45.800,109.848,0.755720,-1,-1,-1
235,4,1209.406,431.026,80.995,185.667,0.874217,-1,-1,-1
235,8,1097.167,439.698,35.993,100.898,0.633954,-1,-1,-1
235,11,913.363,422.236,154.926,416.325,0.941943,-1,-1,-1
235,13,751.030,403.238,294.083,595.339,0.936112,-1,-1,-1
235,14,1119.122,445.787,36.112,99.608,0.789443,-1,-1,-1
235,17,414.244,463.556,58.156,104.510,0.805001,-1,-1,-1
235,19,1200.462,438.252,100.565,310.171,0.612677,-1,-1,-1
235,28,1126.166,441.308,160.499,363.613,0.936549,-1,-1,-1
235,40,506.978,447.408,45.799,112.394,0.888221,-1,-1,-1
235,60,1064.187,440.009,57.873,148.634,0.649856,-1,-1,-1
235,82,569.650,456.072,29.882,63.232,0.731277,-1,-1,-1
235,90,613.582,451.939,69.031,175.667,0.913373,-1,-1,-1
235,111,312.014,451.789,35.765,100.912,0.640346,-1,-1,-1
235,112,674.941,481.218,57.222,121.567,0.735038,-1,-1,-1
235,124,709.461,458.766,82.290,176.176,0.650317,-1,-1,-1
235,125,721.247,427.776,178.640,431.849,0.856528,-1,-1,-1
235,128,594.092,456.455,27.800,62.051,0.688520,-1,-1,-1
235,130,559.290,453.245,29.457,66.072,0.665223,-1,-1,-1
235,131,1153.987,413.593,80.448,206.570,0.689936,-1,-1,-1
236,2,459.963,446.958,46.567,112.772,0.770019,-1,-1,-1
236,4,1206.141,426.540,88.446,208.186,0.868861,-1,-1,-1
236,8,1099.373,440.773,36.159,101.011,0.715461,-1,-1,-1
236,11,916.123,422.567,153.037,417.030,0.941731,-1,-1,-1
236,13,755.573,401.250,296.055,599.041,0.915840,-1,-1,-1
236,14,1120.376,446.126,35.824,98.117,0.770898,-1,-1,-1
236,17,412.753,459.257,60.298,112.905,0.813264,-1,-1,-1
236,25,1110.910,441.850,37.368,102.577,0.721980,-1,-1,-1
236,28,1128.991,439.126,162.035,363.507,0.944046,-1,-1,-1
236,40,506.627,442.335,46.972,117.663,0.881022,-1,-1,-1
236,60,1062.304,441.841,58.400,146.811,0.690477,-1,-1,-1
236,75,584.721,454.651,30.387,63.461,0.682407,-1,-1,-1
236,82,572.945,455.128,30.024,63.478,0.716999,-1,-1,-1
236,90,618.598,447.514,70.212,182.060,0.905676,-1,-1,-1
236,112,669.789,472.448,58.427,126.650,0.743392,-1,-1,-1
236,124,713.415,452.766,67.392,143.717,0.607465,-1,-1,-1
236,125,732.913,433.398,172.073,427.025,0.848413,-1,-1,-1
236,128,592.941,455.666,28.557,64.325,0.659429,-1,-1,-1
236,130,557.978,451.866,29.997,68.200,0.657816,-1,-1,-1
237,2,458.772,446.669,45.853,111.530,0.785709,-1,-1,-1
237,4,1215.475,425.583,82.611,189.842,0.859811,-1,-1,-1
237,8,1099.809,441.102,35.800,102.787,0.697980,-1,-1,-1
237,11,910.035,420.995,159.192,420.049,0.925423,-1,-1,-1
237,13,770.073,407.611,280.201,592.683,0.909844,-1,-1,-1
237,14,1117.485,442.842,36.581,102.715,0.826318,-1,-1,-1
237,17,413.766,459.688,55.651,106.500,0.794149,-1,-1,-1
237,19,1203.510,426.565,105.557,318.332,0.668804,-1,-1,-1
237,28,1133.835,439.089,155.641,366.257,0.937287,-1,-1,-1
237,40,506.105,442.099,47.276,117.656,0.875766,-1,-1,-1
237,60,1065.417,440.488,58.643,150.833,0.823367,-1,-1,-1
237,75,581.740,455.469,30.046,63.094,0.694558,-1,-1,-1
237,82,572.316,453.963,30.408,64.631,0.729934,-1,-1,-1
237,90,616.742,451.293,70.426,173.948,0.900218,-1,-1,-1
237,112,671.270,474.000,56.123,119.599,0.744695,-1,-1,-1
237,125,721.059,432.580,184.433,432.346,0.862558,-1,-1,-1
237,128,595.123,452.580,28.642,65.624,0.637578,-1,-1,-1
237,130,557.327,451.190,30.368,69.957,0.663508,-1,-1,-1
237,131,1163.866,416.223,78.978,200.436,0.629194,-1,-1,-1
238,2,459.629,446.755,46.521,112.399,0.795489,-1,-1,-1
238,4,1212.352,428.176,88.232,199.757,0.798685,-1,-1,-1
238,8,1100.572,442.499,34.364,100.418,0.662173,-1,-1,-1
238,11,904.938,420.231,165.059,422.702,0.927595,-1,-1,-1
238,13,760.676,412.010,282.846,586.805,0.907831,-1,-1,-1
238,14,1119.071,444.567,35.558,100.589,0.816746,-1,-1,-1
238,17,417.957,459.804,52.547,106.558,0.799912,-1,-1,-1
238,19,1203.021,430.871,112.989,331.055,0.700479,-1,-1,-1
238,28,1138.596,442.017,161.593,364.037,0.933521,-1,-1,-1
238,40,506.068,442.636,47.825,118.109,0.865288,-1,-1,-1
238,53,1153.349,436.022,35.971,101.543,0.683856,-1,-1,-1
238,60,1068.100,440.479,58.042,151.513,0.848787,-1,-1,-1
238,75,581.194,455.345,30.224,62.911,0.691494,-1,-1,-1
238,82,569.566,453.377,30.946,64.743,0.741254,-1,-1,-1
238,90,621.383,454.977,70.152,175.291,0.883670,-1,-1,-1
238,112,671.114,467.708,58.102,122.675,0.758723,-1,-1,-1
238,125,715.552,430.131,195.492,432.997,0.784622,-1,-1,-1
238,128,594.726,453.554,27.291,62.513,0.642533,-1,-1,-1
238,130,559.011,451.863,30.091,67.213,0.671229,-1,-1,-1
238,131,1176.200,416.302,65.547,170.050,0.682259,-1,-1,-1
239,2,460.399,448.026,46.789,110.041,0.764610,-1,-1,-1
239,8,1097.263,441.408,33.971,100.419,0.624872,-1,-1,-1
239,11,903.247,422.154,167.817,418.910,0.917584,-1,-1,-1
239,13,779.091,407.690,273.508,590.386,0.917437,-1,-1,-1
239,14,1119.504,444.582,34.903,100.004,0.820486,-1,-1,-1
239,17,417.089,460.392,50.983,104.643,0.776641,-1,-1,-1
239,19,1210.472,427.355,107.368,340.136,0.869983,-1,-1,-1
239,28,1143.390,437.253,147.550,372.212,0.944543,-1,-1,-1
239,40,505.682,442.744,48.129,117.762,0.863217,-1,-1,-1
239,50,1156.345,444.229,31.439,82.254,0.661917,-1,-1,-1
239,54,717.604,474.355,61.384,111.138,0.651782,-1,-1,-1
239,60,1068.446,440.296,56.333,148.427,0.768204,-1,-1,-1
239,75,581.322,457.434,29.971,61.945,0.718211,-1,-1,-1
239,82,573.555,455.211,30.043,63.086,0.720417,-1,-1,-1
239,90,623.198,452.490,74.750,179.874,0.892551,-1,-1,-1
239,112,670.223,465.134,58.168,124.053,0.772820,-1,-1,-1
239,125,706.178,432.270,200.787,439.315,0.887406,-1,-1,-1
239,130,558.269,452.431,29.606,65.895,0.624745,-1,-1,-1
240,2,459.880,449.373,46.429,108.228,0.762585,-1,-1,-1
240,8,1094.148,440.895,37.817,108.597,0.658484,-1,-1,-1
240,11,908.276,421.195,169.237,424.380,0.902679,-1,-1,-1
240,13,796.866,408.279,260.118,593.392,0.945667,-1,-1,-1
240,14,1115.824,442.508,35.724,102.363,0.761077,-1,-1,-1
240,17,419.944,460.808,48.059,99.803,0.704162,-1,-1,-1
240,19,1215.089,427.528,105.559,319.993,0.875766,-1,-1,-1
240,28,1157.864,436.122,133.998,375.746,0.941099,-1,-1,-1
240,40,505.146,441.793,48.551,119.339,0.861258,-1,-1,-1
240,54,718.666,476.904,63.499,109.602,0.764724,-1,-1,-1
240,60,1068.199,440.057,56.919,147.504,0.807841,-1,-1,-1
240,75,579.130,458.357,30.228,61.349,0.690853,-1,-1,-1
240,82,570.489,454.275,30.996,64.755,0.723548,-1,-1,-1
240,90,623.109,453.115,75.977,178.557,0.896546,-1,-1,-1
240,112,669.272,464.342,56.435,125.723,0.803502,-1,-1,-1
240,125,704.682,435.348,202.817,433.524,0.901091,-1,-1,-1
240,128,595.921,455.089,26.853,61.235,0.605722,-1,-1,-1
241,2,454.620,451.040,44.823,101.854,0.760796,-1,-1,-1
241,8,1095.028,437.273,37.626,106.985,0.677181,-1,-1,-1
241,11,913.605,417.986,165.917,425.133,0.916984,-1,-1,-1
241,13,801.531,411.907,252.946,590.781,0.934852,-1,-1,-1
241,14,1115.557,437.989,36.996,106.207,0.778112,-1,-1,-1
241,17,420.489,460.629,49.119,106.260,0.758829,-1,-1,-1
241,19,1219.564,424.279,102.805,320.305,0.881026,-1,-1,-1
241,25,1079.271,436.726,47.957,114.481,0.790118,-1,-1,-1
241,28,1164.784,433.705,127.597,372.855,0.944221,-1,-1,-1
241,40,506.331,442.237,47.616,118.688,0.862073,-1,-1,-1
241,54,715.656,474.637,69.206,124.117,0.757544,-1,-1,-1
241,75,580.087,460.830,29.160,59.050,0.664572,-1,-1,-1
241,82,572.341,456.193,29.783,62.213,0.674963,-1,-1,-1
241,90,622.816,454.410,76.472,175.894,0.902778,-1,-1,-1
241,112,674.902,476.373,52.859,116.902,0.807745,-1,-1,-1
241,125,708.059,438.490,201.262,431.573,0.901936,-1,-1,-1
242,2,457.669,451.244,49.505,107.071,0.785749,-1,-1,-1
242,11,913.999,417.767,164.426,428.306,0.912851,-1,-1,-1
242,13,810.661,407.154,246.854,594.964,0.915347,-1,-1,-1
242,14,1116.287,441.548,36.031,102.978,0.794190,-1,-1,-1
242,17,417.750,461.704,48.032,104.664,0.760069,-1,-1,-1
242,19,1223.916,428.863,101.678,326.312,0.821121,-1,-1,-1
242,28,1175.753,430.160,126.097,377.222,0.938648,-1,-1,-1
242,40,505.801,445.489,46.098,115.670,0.868765,-1,-1,-1
242,60,1073.028,442.516,53.640,139.872,0.819680,-1,-1,-1
242,75,580.507,460.991,29.803,59.763,0.699479,-1,-1,-1
242,82,571.925,457.568,29.799,61.103,0.714495,-1,-1,-1
242,90,622.334,457.251,78.146,174.411,0.906402,-1,-1,-1
242,111,309.613,448.986,38.921,112.315,0.673342,-1,-1,-1
242,112,674.290,477.149,52.432,116.512,0.743664,-1,-1,-1
242,125,738.580,431.071,194.325,444.739,0.890920,-1,-1,-1
242,130,557.501,454.638,28.640,63.770,0.602659,-1,-1,-1
243,2,458.197,450.858,50.026,107.408,0.777389,-1,-1,-1
243,11,919.347,416.266,163.880,429.958,0.909670,-1,-1,-1
243,13,817.656,405.666,239.188,598.837,0.934515,-1,-1,-1
243,14,1121.024,447.314,33.584,97.572,0.813225,-1,-1,-1
243,17,418.948,460.724,47.641,107.057,0.725184,-1,-1,-1
243,19,1230.934,429.332,99.948,324.762,0.806972,-1,-1,-1
243,25,1080.480,442.573,46.764,112.830,0.806493,-1,-1,-1
243,28,1183.014,429.669,123.749,377.774,0.949101,-1,-1,-1
243,40,506.516,444.726,46.494,116.319,0.864222,-1,-1,-1
243,75,578.763,460.902,30.795,61.010,0.707066,-1,-1,-1
243,82,572.131,457.683,30.397,60.569,0.742599,-1,-1,-1
243,90,624.568,459.370,79.250,173.435,0.911353,-1,-1,-1
243,111,309.413,447.738,38.413,112.666,0.646373,-1,-1,-1
243,112,676.556,479.920,51.615,114.348,0.695949,-1,-1,-1
243,125,746.772,431.329,181.878,443.059,0.902967,-1,-1,-1
243,128,596.052,456.550,27.047,60.338,0.612904,-1,-1,-1
244,2,456.354,452.941,51.411,107.124,0.787310,-1,-1,-1
244,11,927.032,413.211,159.111,435.766,0.893629,-1,-1,-1
244,13,831.086,404.643,230.938,598.495,0.934668,-1,-1,-1
244,14,1120.526,447.244,33.919,98.217,0.791235,-1,-1,-1
244,17,411.843,460.050,49.072,110.029,0.753148,-1,-1,-1
244,19,1235.795,426.577,96.548,321.033,0.799324,-1,-1,-1
244,25,1082.427,442.174,45.937,110.806,0.781345,-1,-1,-1
244,28,1192.379,431.590,116.609,376.730,0.940208,-1,-1,-1
244,40,505.724,443.005,46.833,117.611,0.867080,-1,-1,-1
244,54,719.572,473.288,62.403,120.590,0.771291,-1,-1,-1
244,60,1072.751,445.455,54.138,141.720,0.604543,-1,-1,-1
244,75,579.416,460.407,30.613,59.727,0.667577,-1,-1,-1
244,82,572.938,455.682,30.925,61.037,0.674687,-1,-1,-1
244,90,625.122,460.089,78.180,173.378,0.911152,-1,-1,-1
244,112,675.267,482.005,50.218,112.206,0.717658,-1,-1,-1
244,125,732.445,431.608,182.207,437.208,0.918134,-1,-1,-1
244,128,594.942,455.445,27.929,60.638,0.600908,-1,-1,-1
245,2,459.345,449.807,50.725,106.410,0.749272,-1,-1,-1
245,11,929.511,398.684,162.704,449.915,0.811577,-1,-1,-1
245,13,844.724,400.257,231.136,607.128,0.913435,-1,-1,-1
245,14,1122.076,449.735,32.963,95.601,0.777940,-1,-1,-1
245,17,413.560,459.165,51.606,113.035,0.729407,-1,-1,-1
245,19,1235.101,422.729,97.850,328.725,0.755907,-1,-1,-1
245,25,1078.953,442.297,48.214,114.007,0.770605,-1,-1,-1
245,28,1196.906,431.129,126.170,377.553,0.937169,-1,-1,-1
245,40,506.014,444.617,46.407,115.768,0.852603,-1,-1,-1
245,54,728.170,479.627,49.609,97.791,0.617638,-1,-1,-1
245,75,581.999,458.374,30.900,60.240,0.627891,-1,-1,-1
245,82,571.826,453.409,31.628,62.446,0.659635,-1,-1,-1
245,90,625.968,459.760,78.265,172.456,0.900178,-1,-1,-1
245,112,677.924,483.360,50.346,112.464,0.699489,-1,-1,-1
245,125,734.648,431.133,186.358,441.161,0.923224,-1,-1,-1
245,128,593.485,453.661,28.956,61.962,0.618487,-1,-1,-1
246,2,459.661,448.865,52.139,113.458,0.761720,-1,-1,-1
246,4,1258.630,426.109,85.856,241.278,0.820542,-1,-1,-1
246,11,940.728,413.641,154.975,427.227,0.824796,-1,-1,-1
246,13,852.300,405.251,227.855,612.896,0.939103,-1,-1,-1
246,14,1120.625,450.220,33.017,94.682,0.760714,-1,-1,-1
246,17,413.536,457.290,53.713,115.147,0.793703,-1,-1,-1
246,25,1079.267,442.435,48.784,113.154,0.785776,-1,-1,-1
246,28,1203.265,434.127,121.820,373.181,0.936479,-1,-1,-1
246,40,505.851,442.182,47.579,118.740,0.861889,-1,-1,-1
246,60,1071.004,449.360,55.181,141.996,0.687189,-1,-1,-1
246,75,583.056,457.245,31.109,61.286,0.602840,-1,-1,-1
246,82,573.467,452.539,32.008,63.616,0.631713,-1,-1,-1
246,90,626.481,460.549,81.779,172.853,0.893992,-1,-1,-1
246,111,309.761,447.582,36.722,108.666,0.610314,-1,-1,-1
246,112,680.802,481.314,50.506,114.007,0.649029,-1,-1,-1
246,125,740.645,431.001,184.519,441.847,0.926354,-1,-1,-1
246,128,593.545,452.723,29.619,63.399,0.610597,-1,-1,-1
247,2,458.203,449.544,49.285,110.356,0.806062,-1,-1,-1
247,11,946.062,424.391,151.970,413.551,0.737645,-1,-1,-1
247,13,860.635,407.890,224.653,623.439,0.909935,-1,-1,-1
247,14,1120.238,448.924,33.787,96.486,0.743674,-1,-1,-1
247,17,410.543,457.297,56.668,114.705,0.813928,-1,-1,-1
247,19,1261.942,421.573,83.092,279.367,0.721251,-1,-1,-1
247,25,1077.508,441.053,50.127,117.206,0.786957,-1,-1,-1
247,28,1205.188,437.221,129.361,365.812,0.944691,-1,-1,-1
247,40,503.439,446.891,47.440,111.643,0.873472,-1,-1,-1
247,54,721.762,472.909,57.697,116.770,0.632232,-1,-1,-1
247,82,573.751,452.815,31.502,63.085,0.628157,-1,-1,-1
247,90,627.007,451.262,92.320,186.098,0.902366,-1,-1,-1
247,112,679.779,461.994,56.576,133.291,0.634353,-1,-1,-1
247,125,733.213,431.638,191.083,444.435,0.933533,-1,-1,-1
248,2,459.252,450.657,47.678,107.250,0.799389,-1,-1,-1
248,11,951.216,419.629,154.572,415.294,0.639846,-1,-1,-1
248,13,867.059,409.515,229.376,626.570,0.937079,-1,-1,-1
248,14,1120.069,447.478,34.717,97.825,0.700669,-1,-1,-1
248,17,407.563,458.530,57.926,115.580,0.836224,-1,-1,-1
248,19,1260.660,419.436,89.292,301.354,0.702718,-1,-1,-1
248,25,1080.560,438.914,51.426,118.238,0.798398,-1,-1,-1
248,28,1208.839,433.658,142.334,371.588,0.951376,-1,-1,-1
248,40,502.990,447.988,48.567,110.972,0.872681,-1,-1,-1
248,50,1097.372,442.733,44.529,103.530,0.645616,-1,-1,-1
248,60,1072.028,447.818,57.370,145.208,0.707674,-1,-1,-1
248,75,581.831,454.072,32.062,64.363,0.629604,-1,-1,-1
248,82,573.169,451.929,31.868,64.324,0.652216,-1,-1,-1
248,90,628.138,449.451,89.317,188.223,0.899157,-1,-1,-1
248,112,683.920,466.303,51.274,127.626,0.704574,-1,-1,-1
248,124,760.377,446.826,32.398,69.048,0.684688,-1,-1,-1
248,125,734.064,428.222,197.975,447.412,0.938172,-1,-1,-1
248,130,550.614,448.496,29.635,66.909,0.601833,-1,-1,-1
249,2,459.329,449.533,47.799,108.441,0.780002,-1,-1,-1
249,13,873.150,407.737,242.711,631.254,0.936457,-1,-1,-1
249,14,1122.590,448.641,33.771,93.604,0.748973,-1,-1,-1
249,17,408.054,462.410,56.807,111.783,0.820581,-1,-1,-1
249,19,1274.293,428.967,91.786,302.903,0.737532,-1,-1,-1
249,25,1088.427,439.084,47.883,111.481,0.810859,-1,-1,-1
249,28,1211.287,430.577,161.557,378.374,0.946586,-1,-1,-1
249,40,503.371,445.721,49.595,113.037,0.861580,-1,-1,-1
249,50,1102.163,441.692,44.340,104.146,0.748485,-1,-1,-1
249,82,572.521,452.035,32.112,65.661,0.632765,-1,-1,-1
249,90,633.127,447.559,83.498,186.994,0.900750,-1,-1,-1
249,112,686.737,473.357,48.763,122.968,0.708180,-1,-1,-1
249,124,761.283,443.241,33.120,71.468,0.649254,-1,-1,-1
249,125,740.111,427.680,196.404,447.873,0.932202,-1,-1,-1
249,139,706.758,449.330,32.471,72.677,0.654634,-1,-1,-1
250,2,460.189,447.519,47.286,109.131,0.798460,-1,-1,-1
250,11,952.664,424.072,163.544,416.612,0.811507,-1,-1,-1
250,13,880.479,414.241,231.361,627.890,0.928236,-1,-1,-1
250,14,1120.869,444.744,35.951,100.083,0.682933,-1,-1,-1
250,17,407.392,460.288,58.323,114.033,0.847335,-1,-1,-1
250,19,1274.085,429.655,108.409,331.367,0.746355,-1,-1,-1
250,25,1092.888,436.967,49.541,111.185,0.803281,-1,-1,-1
250,28,1212.479,428.284,186.560,383.530,0.946483,-1,-1,-1
250,40,503.351,442.227,50.729,117.864,0.876828,-1,-1,-1
250,54,723.862,473.504,56.484,118.570,0.774373,-1,-1,-1
250,60,1079.024,436.748,59.505,153.907,0.791027,-1,-1,-1
250,75,585.222,454.881,32.390,63.724,0.637510,-1,-1,-1
250,82,575.087,454.031,30.763,63.599,0.664501,-1,-1,-1
250,90,636.464,449.752,84.933,180.874,0.917731,-1,-1,-1
250,112,688.415,480.557,45.006,114.793,0.700981,-1,-1,-1
250,124,764.924,442.867,38.346,82.178,0.672951,-1,-1,-1
250,125,743.220,424.901,191.281,456.068,0.930207,-1,-1,-1
250,140,694.549,467.344,45.701,112.629,0.621416,-1,-1,-1
251,2,461.334,446.832,46.636,108.780,0.791566,-1,-1,-1
251,8,1067.005,461.443,49.860,128.100,0.611152,-1,-1,-1
251,11,953.719,423.346,170.799,420.746,0.836723,-1,-1,-1
251,13,894.386,407.331,215.769,627.237,0.922328,-1,-1,-1
251,14,1124.762,447.993,35.489,97.337,0.670129,-1,-1,-1
251,17,407.936,460.297,57.087,112.632,0.827932,-1,-1,-1
251,19,1273.690,425.724,112.136,331.937,0.621881,-1,-1,-1
251,25,1091.482,436.695,55.116,124.066,0.821546,-1,-1,-1
251,28,1213.773,425.643,199.893,385.460,0.955993,-1,-1,-1
251,40,504.596,445.149,48.375,115.657,0.855803,-1,-1,-1
251,54,723.435,488.337,50.640,102.660,0.618458,-1,-1,-1
251,60,1075.116,443.711,59.932,149.305,0.687515,-1,-1,-1
251,82,575.866,455.542,29.676,61.933,0.683522,-1,-1,-1
251,90,642.570,449.488,80.815,181.905,0.911561,-1,-1,-1
251,112,688.691,480.810,44.395,113.536,0.630929,-1,-1,-1
251,124,764.274,443.202,40.396,90.108,0.682778,-1,-1,-1
251,125,746.473,425.564,187.223,455.518,0.932200,-1,-1,-1
251,128,593.931,456.566,29.143,60.384,0.641499,-1,-1,-1
252,2,461.188,447.123,47.128,110.224,0.776339,-1,-1,-1
252,8,1066.810,464.456,54.415,133.722,0.687718,-1,-1,-1
252,11,954.322,424.415,177.402,432.615,0.675626,-1,-1,-1
252,13,907.829,401.052,216.412,631.572,0.936612,-1,-1,-1
252,14,1124.130,447.071,36.031,99.317,0.730260,-1,-1,-1
252,17,408.832,460.638,54.802,107.775,0.814842,-1,-1,-1
252,25,1094.133,436.310,51.722,117.827,0.829209,-1,-1,-1
252,28,1213.787,431.489,208.007,384.005,0.958507,-1,-1,-1
252,40,505.419,442.518,48.937,118.540,0.870637,-1,-1,-1
252,54,726.780,476.757,54.354,114.623,0.776412,-1,-1,-1
252,60,1061.558,451.347,50.327,129.471,0.620549,-1,-1,-1
252,75,583.228,455.027,31.991,63.164,0.657456,-1,-1,-1
252,82,575.334,454.616,29.372,62.394,0.694981,-1,-1,-1
252,90,645.305,448.523,78.824,184.905,0.919634,-1,-1,-1
252,124,765.490,446.294,34.428,77.226,0.745764,-1,-1,-1
252,125,750.078,424.214,189.869,456.948,0.931243,-1,-1,-1
252,128,594.439,456.830,29.390,60.263,0.658642,-1,-1,-1
252,139,705.535,447.940,34.299,76.448,0.624439,-1,-1,-1
252,140,689.467,462.529,49.591,128.641,0.671117,-1,-1,-1
253,2,460.666,446.595,47.503,110.384,0.800535,-1,-1,-1
253,8,1065.034,461.257,58.250,135.597,0.653428,-1,-1,-1
253,13,919.278,408.602,214.335,627.402,0.938966,-1,-1,-1
253,14,1124.117,442.150,37.610,103.885,0.664404,-1,-1,-1
253,17,407.375,462.793,54.883,107.039,0.786151,-1,-1,-1
253,25,1095.088,436.026,52.614,118.043,0.847166,-1,-1,-1
253,28,1213.237,431.899,214.865,382.823,0.966588,-1,-1,-1
253,40,504.971,441.408,50.195,119.662,0.883974,-1,-1,-1
253,54,725.114,472.878,57.493,121.685,0.827561,-1,-1,-1
253,60,1061.832,453.793,46.484,121.203,0.677571,-1,-1,-1
253,82,574.336,454.008,29.809,63.615,0.733890,-1,-1,-1
253,90,650.337,446.657,76.097,184.397,0.918631,-1,-1,-1
253,124,764.569,445.912,36.217,80.328,0.726811,-1,-1,-1
253,125,751.365,426.937,187.426,456.952,0.934313,-1,-1,-1
253,128,601.074,452.886,30.651,63.399,0.646873,-1,-1,-1
253,139,703.774,446.212,36.699,81.155,0.621308,-1,-1,-1
253,140,690.947,458.783,49.137,131.308,0.648957,-1,-1,-1
253,141,1674.488,428.138,113.883,200.780,0.678285,-1,-1,-1
254,2,462.170,447.383,46.427,107.583,0.721647,-1,-1,-1
254,13,920.034,402.045,209.593,631.730,0.935067,-1,-1,-1
254,14,1121.844,445.283,38.050,102.048,0.693801,-1,-1,-1
254,17,406.001,460.502,54.433,108.631,0.806265,-1,-1,-1
254,25,1096.659,438.840,51.802,115.574,0.818444,-1,-1,-1
254,28,1210.840,432.529,219.911,383.920,0.969656,-1,-1,-1
254,40,505.945,442.403,49.769,118.877,0.877237,-1,-1,-1
254,50,1081.853,438.117,59.009,149.036,0.671323,-1,-1,-1
254,54,728.151,470.640,56.836,128.002,0.831739,-1,-1,-1
254,60,1063.873,456.373,42.536,111.935,0.637250,-1,-1,-1
254,75,581.999,456.214,29.939,60.697,0.602218,-1,-1,-1
254,82,574.575,455.050,28.990,62.557,0.675630,-1,-1,-1
254,90,651.512,448.493,72.538,183.709,0.909736,-1,-1,-1
254,124,766.143,443.753,39.702,89.596,0.610378,-1,-1,-1
254,125,750.925,422.506,186.133,457.897,0.935255,-1,-1,-1
254,128,599.276,455.423,29.238,60.782,0.606798,-1,-1,-1
254,140,691.669,468.244,47.216,127.864,0.735705,-1,-1,-1
254,141,1675.879,434.338,111.745,201.431,0.795571,-1,-1,-1
254,143,1831.048,458.360,87.016,321.387,0.877509,-1,-1,-1
255,2,461.562,451.886,46.548,105.925,0.811735,-1,-1,-1
255,8,1061.715,462.529,57.444,130.505,0.627434,-1,-1,-1
255,13,921.864,409.361,207.081,629.949,0.947407,-1,-1,-1
255,14,1114.415,441.197,42.628,108.807,0.681064,-1,-1,-1
255,17,405.186,462.713,56.014,109.379,0.826595,-1,-1,-1
255,25,1096.364,438.309,51.559,114.958,0.856728,-1,-1,-1
255,28,1211.689,431.691,222.999,384.790,0.964988,-1,-1,-1
255,40,507.121,445.086,47.602,116.137,0.883778,-1,-1,-1
255,54,726.829,473.809,53.890,122.490,0.827099,-1,-1,-1
255,82,575.499,454.812,28.686,62.760,0.697251,-1,-1,-1
255,90,652.606,449.161,74.086,184.914,0.902401,-1,-1,-1
255,125,753.924,424.152,192.846,458.537,0.936924,-1,-1,-1
255,128,598.828,455.275,29.315,61.278,0.626751,-1,-1,-1
255,140,688.771,463.724,50.605,138.298,0.681889,-1,-1,-1
255,141,1679.551,433.264,109.032,197.286,0.657554,-1,-1,-1
255,143,1804.778,417.454,112.737,363.062,0.920514,-1,-1,-1
256,2,460.395,454.189,47.765,106.299,0.803517,-1,-1,-1
256,13,922.805,407.357,210.828,632.567,0.942944,-1,-1,-1
256,14,1120.442,442.522,42.137,106.693,0.673597,-1,-1,-1
256,17,404.359,462.951,54.860,108.745,0.791115,-1,-1,-1
256,25,1096.231,438.514,50.513,115.709,0.834871,-1,-1,-1
256,28,1218.977,431.700,219.676,386.609,0.966402,-1,-1,-1
256,40,507.808,446.505,46.678,114.509,0.885202,-1,-1,-1
256,50,1086.292,433.478,54.267,146.291,0.652308,-1,-1,-1
256,54,726.169,473.958,54.442,123.376,0.856183,-1,-1,-1
256,75,582.542,455.812,29.337,60.589,0.605589,-1,-1,-1
256,82,575.393,453.209,28.994,63.907,0.655944,-1,-1,-1
256,90,654.975,452.684,73.415,181.706,0.911306,-1,-1,-1
256,112,691.892,460.303,50.573,136.886,0.609135,-1,-1,-1
256,125,755.073,429.827,193.727,459.146,0.934355,-1,-1,-1
256,140,679.043,455.739,54.442,148.719,0.657225,-1,-1,-1
256,141,1670.776,430.284,116.523,211.043,0.840406,-1,-1,-1
256,143,1797.715,395.764,122.064,387.101,0.942925,-1,-1,-1
257,2,461.514,458.264,47.426,102.103,0.816737,-1,-1,-1
257,13,924.263,400.922,216.855,639.534,0.925909,-1,-1,-1
257,17,405.116,464.746,55.772,106.698,0.814700,-1,-1,-1
257,25,1097.981,437.696,50.264,116.296,0.851920,-1,-1,-1
257,28,1226.938,426.965,208.161,391.746,0.965567,-1,-1,-1
257,40,508.111,448.920,45.741,111.164,0.872170,-1,-1,-1
257,54,725.461,473.238,53.368,121.057,0.834897,-1,-1,-1
257,82,573.989,453.654,28.787,63.212,0.619902,-1,-1,-1
257,90,655.326,458.051,76.427,177.115,0.907493,-1,-1,-1
257,125,753.343,425.313,191.550,474.558,0.927514,-1,-1,-1
257,141,1672.816,432.107,113.427,206.480,0.807118,-1,-1,-1
257,143,1797.287,391.084,122.646,387.038,0.949041,-1,-1,-1
258,2,460.050,454.521,49.304,104.636,0.716044,-1,-1,-1
258,13,930.256,414.174,225.788,619.645,0.926815,-1,-1,-1
258,14,1119.237,443.578,42.720,106.305,0.652643,-1,-1,-1
258,17,405.017,463.680,55.212,107.662,0.764685,-1,-1,-1
258,25,1101.097,437.912,50.397,114.102,0.832807,-1,-1,-1
258,28,1235.101,427.089,201.728,392.801,0.957586,-1,-1,-1
258,40,505.553,444.355,48.988,115.547,0.868502,-1,-1,-1
258,54,725.358,470.874,54.723,128.126,0.838280,-1,-1,-1
258,75,583.708,450.272,30.077,64.024,0.639668,-1,-1,-1
258,82,575.622,451.728,29.463,65.354,0.712113,-1,-1,-1
258,90,653.761,452.580,78.124,185.556,0.895204,-1,-1,-1
258,112,705.494,467.266,46.286,127.922,0.638147,-1,-1,-1
258,125,759.075,424.692,185.234,472.824,0.915688,-1,-1,-1
258,128,598.099,452.919,30.347,62.849,0.663401,-1,-1,-1
258,130,552.695,448.901,28.885,67.329,0.624799,-1,-1,-1
258,143,1792.883,391.669,126.879,392.309,0.953572,-1,-1,-1
259,2,460.037,453.871,49.683,104.618,0.752575,-1,-1,-1
259,13,930.684,401.089,232.806,637.905,0.936682,-1,-1,-1
259,17,403.999,460.539,52.353,104.585,0.725455,-1,-1,-1
259,25,1099.329,434.789,54.453,120.883,0.824003,-1,-1,-1
259,28,1246.583,430.241,193.113,387.406,0.949438,-1,-1,-1
259,40,504.323,441.824,50.472,118.055,0.872175,-1,-1,-1
259,53,1281.170,440.731,45.674,110.975,0.742537,-1,-1,-1
259,54,724.860,473.559,54.292,122.888,0.838013,-1,-1,-1
259,75,582.836,450.164,30.186,65.290,0.603380,-1,-1,-1
259,82,575.882,452.198,29.201,64.978,0.697389,-1,-1,-1
259,90,656.622,451.339,78.114,177.365,0.868692,-1,-1,-1
259,112,714.349,470.086,45.786,125.356,0.631113,-1,-1,-1
259,125,759.933,428.902,183.118,469.735,0.932824,-1,-1,-1
259,128,597.881,455.418,29.666,60.380,0.615322,-1,-1,-1
259,143,1778.161,396.265,140.145,381.309,0.953460,-1,-1,-1
260,2,460.108,454.650,50.245,104.695,0.687859,-1,-1,-1
260,13,931.995,408.748,240.732,631.292,0.934963,-1,-1,-1
260,14,1118.390,443.335,43.027,106.348,0.750776,-1,-1,-1
260,17,403.798,462.949,51.306,106.120,0.843161,-1,-1,-1
260,25,1101.231,441.326,48.281,105.590,0.770353,-1,-1,-1
260,28,1258.347,424.311,187.401,399.588,0.952916,-1,-1,-1
260,40,503.390,445.020,50.370,115.174,0.875057,-1,-1,-1
260,53,1281.256,434.650,50.852,116.050,0.778785,-1,-1,-1
260,54,723.655,469.139,57.583,129.739,0.850991,-1,-1,-1
260,75,583.902,453.237,28.915,62.272,0.605315,-1,-1,-1
260,82,575.529,450.908,29.557,66.085,0.662442,-1,-1,-1
260,90,656.138,453.306,79.238,180.343,0.885497,-1,-1,-1
260,112,713.944,463.160,49.320,135.825,0.713000,-1,-1,-1
260,125,762.600,427.168,193.129,472.429,0.933222,-1,-1,-1
260,140,703.341,452.691,46.511,132.788,0.663866,-1,-1,-1
260,143,1755.568,397.000,161.016,383.681,0.944545,-1,-1,-1
261,11,1024.058,432.231,105.466,235.629,0.775209,-1,-1,-1
261,13,935.002,405.532,246.335,633.067,0.937438,-1,-1,-1
261,17,402.758,462.960,50.719,103.469,0.780619,-1,-1,-1
261,25,1104.584,435.210,54.130,115.350,0.807969,-1,-1,-1
261,28,1273.273,428.670,177.938,390.594,0.933778,-1,-1,-1
261,40,502.964,446.873,50.321,113.446,0.866375,-1,-1,-1
261,53,1283.175,439.995,51.965,109.993,0.817190,-1,-1,-1
261,54,724.257,468.411,59.965,131.735,0.834341,-1,-1,-1
261,82,574.667,451.217,29.003,64.894,0.653294,-1,-1,-1
261,90,658.272,450.562,80.555,184.744,0.889712,-1,-1,-1
261,125,770.055,427.479,182.150,488.980,0.925513,-1,-1,-1
261,140,703.586,455.033,48.455,136.511,0.654544,-1,-1,-1
261,143,1716.688,392.708,200.961,388.032,0.960667,-1,-1,-1
262,11,1029.001,433.522,100.530,224.115,0.823375,-1,-1,-1
262,13,936.375,408.696,249.801,631.471,0.932043,-1,-1,-1
262,17,401.064,462.695,52.546,105.302,0.799447,-1,-1,-1
262,25,1105.474,437.396,52.707,115.452,0.834724,-1,-1,-1
262,28,1291.833,434.356,161.699,382.716,0.932048,-1,-1,-1
262,40,503.835,443.821,50.794,117.071,0.865948,-1,-1,-1
262,53,1285.584,437.090,53.170,111.354,0.836823,-1,-1,-1
262,54,722.338,471.047,58.073,128.131,0.855966,-1,-1,-1
262,82,575.533,451.918,28.855,64.864,0.661756,-1,-1,-1
262,90,657.080,451.737,79.403,185.568,0.895266,-1,-1,-1
262,125,769.323,427.052,183.772,491.447,0.929507,-1,-1,-1
262,130,551.656,448.874,28.970,67.631,0.602835,-1,-1,-1
262,140,706.653,456.317,45.252,128.416,0.607142,-1,-1,-1
262,143,1687.062,397.842,231.656,377.602,0.971481,-1,-1,-1
263,11,1028.722,437.507,101.570,221.312,0.849520,-1,-1,-1
263,13,932.201,399.476,227.167,639.772,0.934340,-1,-1,-1
263,17,399.049,461.702,52.840,104.536,0.758073,-1,-1,-1
263,25,1106.817,437.620,51.610,116.754,0.845483,-1,-1,-1
263,28,1307.412,426.746,152.547,393.278,0.918905,-1,-1,-1
263,40,503.683,445.696,49.290,114.546,0.862720,-1,-1,-1
263,53,1289.278,442.163,51.266,106.651,0.840502,-1,-1,-1
263,54,720.386,472.376,59.568,127.456,0.853932,-1,-1,-1
263,82,575.404,454.766,27.580,61.837,0.627089,-1,-1,-1
263,90,660.267,451.206,79.455,186.683,0.878307,-1,-1,-1
263,125,781.933,426.364,168.647,491.074,0.920972,-1,-1,-1
263,130,550.104,451.442,28.055,64.897,0.620493,-1,-1,-1
263,143,1663.717,401.645,255.470,373.255,0.974244,-1,-1,-1
264,11,1021.844,428.372,107.858,229.517,0.821828,-1,-1,-1
264,13,938.955,409.806,231.804,629.775,0.927099,-1,-1,-1
264,17,399.287,462.266,48.487,99.225,0.728497,-1,-1,-1
264,25,1110.535,435.624,50.103,115.012,0.826709,-1,-1,-1
264,28,1318.122,420.692,148.621,396.665,0.949876,-1,-1,-1
264,40,504.373,444.803,48.702,115.031,0.866740,-1,-1,-1
264,53,1292.339,439.295,50.999,109.737,0.774061,-1,-1,-1
264,54,720.013,471.814,58.204,126.912,0.849229,-1,-1,-1
264,60,1097.685,436.629,43.127,111.866,0.674611,-1,-1,-1
264,82,576.289,453.726,28.066,63.642,0.642210,-1,-1,-1
264,90,663.042,451.725,77.738,184.407,0.851514,-1,-1,-1
264,125,772.472,426.528,174.288,488.822,0.933924,-1,-1,-1
264,139,659.451,460.722,39.977,100.348,0.714836,-1,-1,-1
264,143,1656.414,407.324,258.099,369.374,0.972569,-1,-1,-1
265,11,1017.130,415.779,119.205,251.210,0.741245,-1,-1,-1
265,13,935.526,404.622,229.476,635.926,0.931755,-1,-1,-1
265,17,399.334,463.084,52.499,104.312,0.713057,-1,-1,-1
265,25,1108.286,435.928,50.394,116.259,0.835279,-1,-1,-1
265,28,1329.300,421.524,142.467,403.267,0.946649,-1,-1,-1
265,40,503.772,443.189,49.728,117.209,0.871780,-1,-1,-1
265,53,1296.795,440.354,47.450,108.316,0.794930,-1,-1,-1
265,54,724.866,481.665,53.526,115.323,0.780815,-1,-1,-1
265,82,576.706,454.712,27.544,62.763,0.615057,-1,-1,-1
265,90,662.708,454.198,77.957,185.382,0.884092,-1,-1,-1
265,125,771.878,427.087,179.250,487.495,0.936829,-1,-1,-1
265,139,658.196,463.928,38.727,101.271,0.727668,-1,-1,-1
265,143,1649.389,405.540,257.461,368.102,0.970146,-1,-1,-1
266,11,1018.042,420.137,129.370,275.373,0.755880,-1,-1,-1
266,13,942.657,403.334,235.210,636.043,0.933872,-1,-1,-1
266,17,404.154,462.884,50.030,98.555,0.605943,-1,-1,-1
266,25,1112.519,437.387,47.923,115.889,0.837029,-1,-1,-1
266,28,1332.638,421.766,144.732,406.357,0.942478,-1,-1,-1
266,40,504.174,441.014,50.205,119.385,0.879068,-1,-1,-1
266,54,731.808,476.841,50.957,117.454,0.779649,-1,-1,-1
266,82,577.868,456.374,26.897,61.332,0.652748,-1,-1,-1
266,90,670.305,445.756,76.487,191.665,0.906261,-1,-1,-1
266,125,777.453,435.502,176.536,480.152,0.938654,-1,-1,-1
266,139,659.196,466.835,36.537,98.357,0.677170,-1,-1,-1
266,143,1649.037,411.800,246.322,362.838,0.963132,-1,-1,-1
267,11,1015.742,423.435,141.320,299.298,0.653503,-1,-1,-1
267,13,941.844,398.017,236.269,642.590,0.936589,-1,-1,-1
267,25,1117.032,440.019,44.914,107.539,0.854820,-1,-1,-1
267,28,1332.617,416.894,153.116,420.419,0.937756,-1,-1,-1
267,40,503.844,444.771,48.619,115.264,0.874001,-1,-1,-1
267,54,733.123,478.190,49.087,117.473,0.705184,-1,-1,-1
267,60,1094.669,438.438,35.805,96.842,0.645940,-1,-1,-1
267,82,577.903,457.321,26.151,59.751,0.602298,-1,-1,-1
267,90,663.875,446.157,77.746,192.325,0.889425,-1,-1,-1
267,125,776.128,426.705,177.620,489.510,0.935806,-1,-1,-1
267,143,1649.793,410.681,232.024,360.100,0.940136,-1,-1,-1
268,13,941.284,397.130,249.183,650.889,0.940863,-1,-1,-1
268,14,1152.147,438.667,35.411,90.057,0.680500,-1,-1,-1
268,17,396.859,462.387,50.519,100.954,0.629744,-1,-1,-1
268,25,1117.111,441.075,45.003,106.429,0.843632,-1,-1,-1
268,28,1346.213,434.830,152.395,402.100,0.936261,-1,-1,-1
268,40,502.389,447.691,48.145,109.806,0.872763,-1,-1,-1
268,54,729.013,481.395,52.763,124.823,0.636243,-1,-1,-1
268,60,1095.922,437.883,35.415,96.787,0.639906,-1,-1,-1
268,82,577.066,456.254,26.583,60.751,0.664201,-1,-1,-1
268,90,668.183,447.422,80.720,193.182,0.892639,-1,-1,-1
268,125,777.845,426.381,175.582,488.592,0.932731,-1,-1,-1
268,143,1650.328,412.083,201.816,345.805,0.939322,-1,-1,-1
268,155,1007.543,411.460,168.652,393.674,0.819595,-1,-1,-1
269,13,943.496,399.182,236.205,641.639,0.946987,-1,-1,-1
269,14,1148.860,440.576,35.963,96.095,0.654375,-1,-1,-1
269,17,393.756,461.273,51.022,104.939,0.747702,-1,-1,-1
269,25,1120.196,441.010,43.772,105.865,0.806708,-1,-1,-1
269,28,1356.122,424.902,169.101,413.649,0.941557,-1,-1,-1
269,40,501.779,450.846,49.192,107.163,0.881612,-1,-1,-1
269,54,728.894,502.035,50.447,112.192,0.653518,-1,-1,-1
269,82,575.806,456.494,26.731,59.971,0.689984,-1,-1,-1
269,90,669.249,450.470,80.745,185.750,0.873337,-1,-1,-1
269,125,779.904,424.766,172.687,493.048,0.929314,-1,-1,-1
269,130,551.417,451.747,27.273,62.708,0.616654,-1,-1,-1
269,140,665.207,463.857,31.662,80.417,0.601397,-1,-1,-1
269,143,1648.906,418.442,180.875,338.383,0.930489,-1,-1,-1
269,155,1005.024,410.854,171.876,414.375,0.849003,-1,-1,-1
270,13,945.568,398.421,224.232,644.154,0.934622,-1,-1,-1
270,17,388.108,459.657,54.887,109.356,0.772019,-1,-1,-1
270,25,1122.950,439.483,42.488,106.494,0.702665,-1,-1,-1
270,28,1356.801,415.211,188.541,424.062,0.949547,-1,-1,-1
270,40,501.530,450.839,50.396,107.366,0.879934,-1,-1,-1
270,54,726.274,493.293,53.093,114.088,0.627456,-1,-1,-1
270,82,574.459,456.300,27.010,59.872,0.665652,-1,-1,-1
270,90,671.574,450.647,82.404,183.300,0.864713,-1,-1,-1
270,111,308.694,451.419,39.022,108.755,0.607902,-1,-1,-1
270,125,780.633,425.118,171.571,492.260,0.937865,-1,-1,-1
270,130,550.799,452.308,27.358,62.220,0.615520,-1,-1,-1
270,143,1647.184,411.121,153.960,343.519,0.931588,-1,-1,-1
270,155,1001.730,407.695,173.783,435.855,0.847982,-1,-1,-1
271,2,448.611,443.179,52.612,113.627,0.629793,-1,-1,-1
271,13,948.334,399.383,204.999,643.070,0.929300,-1,-1,-1
271,17,387.209,458.174,56.039,111.069,0.761690,-1,-1,-1
271,25,1125.621,437.220,42.584,113.810,0.749722,-1,-1,-1
271,28,1357.260,416.456,203.772,422.438,0.957989,-1,-1,-1
271,40,503.126,450.559,49.764,107.700,0.853359,-1,-1,-1
271,82,574.526,457.126,26.831,59.227,0.641071,-1,-1,-1
271,90,679.586,441.790,79.082,177.393,0.834573,-1,-1,-1
271,112,713.468,459.980,63.233,144.855,0.662267,-1,-1,-1
271,125,780.793,423.965,172.189,496.269,0.926518,-1,-1,-1
271,130,551.037,453.711,26.633,60.307,0.603649,-1,-1,-1
271,140,664.635,473.557,28.713,66.086,0.659559,-1,-1,-1
271,143,1644.075,401.658,140.191,351.330,0.921235,-1,-1,-1
271,155,1016.529,411.674,181.392,420.526,0.830680,-1,-1,-1
272,2,448.828,448.740,50.331,108.784,0.741570,-1,-1,-1
272,13,956.344,398.322,201.396,646.451,0.936030,-1,-1,-1
272,14,1151.734,437.207,36.176,99.656,0.668195,-1,-1,-1
272,17,386.620,459.234,56.244,110.836,0.770345,-1,-1,-1
272,25,1126.120,435.830,39.751,111.145,0.774016,-1,-1,-1
272,28,1355.796,421.343,213.331,420.136,0.964833,-1,-1,-1
272,40,503.866,449.899,49.771,108.526,0.861941,-1,-1,-1
272,75,574.459,453.970,28.519,61.442,0.673445,-1,-1,-1
272,90,686.224,447.717,84.552,160.074,0.861216,-1,-1,-1
272,125,781.730,425.124,173.158,494.117,0.932384,-1,-1,-1
272,130,551.352,452.789,27.408,61.749,0.676477,-1,-1,-1
272,141,1689.286,417.912,102.009,219.083,0.733945,-1,-1,-1
272,143,1633.889,402.505,115.623,348.862,0.917631,-1,-1,-1
272,155,1010.227,409.306,170.189,415.008,0.849968,-1,-1,-1
273,2,449.202,450.169,50.011,107.691,0.818356,-1,-1,-1
273,13,960.989,397.800,209.757,645.848,0.929447,-1,-1,-1
273,14,1150.626,436.024,36.846,97.912,0.723216,-1,-1,-1
273,17,387.315,456.914,56.233,114.006,0.841819,-1,-1,-1
273,25,1129.416,433.923,37.218,103.798,0.744653,-1,-1,-1
273,28,1354.346,422.778,218.693,426.915,0.966305,-1,-1,-1
273,40,504.400,449.480,49.096,109.244,0.872939,-1,-1,-1
273,82,574.532,454.350,27.762,61.030,0.677940,-1,-1,-1
273,90,678.284,445.916,96.912,195.648,0.856740,-1,-1,-1
273,111,308.808,448.880,38.557,112.447,0.629490,-1,-1,-1
273,125,781.485,423.057,177.683,495.361,0.935749,-1,-1,-1
273,128,633.038,453.206,28.896,63.129,0.632289,-1,-1,-1
273,130,551.022,452.951,27.512,61.837,0.662775,-1,-1,-1
273,141,1691.428,417.206,99.985,222.990,0.639550,-1,-1,-1
273,143,1629.780,401.279,109.923,350.416,0.914576,-1,-1,-1
273,155,1015.343,407.165,170.646,414.463,0.824608,-1,-1,-1
274,2,450.751,450.706,48.908,106.915,0.789615,-1,-1,-1
274,13,958.911,403.421,196.781,638.241,0.926760,-1,-1,-1
274,14,1145.833,436.907,39.243,100.959,0.722636,-1,-1,-1
274,17,387.638,457.341,55.500,114.285,0.839773,-1,-1,-1
274,25,1128.326,435.259,37.159,103.244,0.676257,-1,-1,-1
274,28,1357.726,424.767,220.777,429.590,0.959836,-1,-1,-1
274,40,505.068,450.668,48.319,107.963,0.872972,-1,-1,-1
274,75,582.089,454.675,27.912,59.835,0.604479,-1,-1,-1
274,82,575.320,454.060,28.061,61.332,0.681325,-1,-1,-1
274,90,679.615,446.468,93.122,194.383,0.879303,-1,-1,-1
274,125,789.477,432.679,175.168,487.269,0.916961,-1,-1,-1
274,130,551.201,453.468,27.472,61.315,0.672492,-1,-1,-1
274,141,1694.207,424.659,93.836,215.204,0.778054,-1,-1,-1
274,143,1613.720,403.528,114.749,345.515,0.937621,-1,-1,-1
274,155,1014.967,412.010,181.801,437.136,0.834488,-1,-1,-1
275,2,449.067,451.153,49.492,107.048,0.782722,-1,-1,-1
275,13,971.424,404.843,216.963,636.718,0.923702,-1,-1,-1
275,17,387.174,456.047,54.346,114.622,0.841812,-1,-1,-1
275,25,1141.036,440.156,37.077,96.844,0.661707,-1,-1,-1
275,28,1366.047,421.236,211.570,438.100,0.956206,-1,-1,-1
275,40,503.954,453.635,48.054,103.975,0.878022,-1,-1,-1
275,54,739.321,478.392,50.199,115.153,0.706694,-1,-1,-1
275,82,573.519,454.156,28.131,60.698,0.661684,-1,-1,-1
275,90,684.932,443.970,90.704,194.234,0.896835,-1,-1,-1
275,125,788.046,426.662,182.018,490.676,0.926250,-1,-1,-1
275,130,551.515,453.332,27.919,61.387,0.646198,-1,-1,-1
275,141,1695.677,432.445,89.326,200.135,0.804383,-1,-1,-1
275,143,1591.431,411.069,131.351,339.907,0.935309,-1,-1,-1
275,155,1019.505,411.702,177.075,415.753,0.819088,-1,-1,-1
276,2,449.034,455.599,48.826,102.517,0.786772,-1,-1,-1
276,4,1397.573,449.089,63.816,198.774,0.703063,-1,-1,-1
276,11,1042.432,429.328,127.111,258.147,0.710184,-1,-1,-1
276,13,967.878,401.702,206.148,642.689,0.937660,-1,-1,-1
276,17,386.881,456.003,54.944,116.718,0.860633,-1,-1,-1
276,25,1143.129,440.550,40.889,99.850,0.741206,-1,-1,-1
276,28,1375.436,424.174,202.854,434.762,0.955870,-1,-1,-1
276,40,503.655,455.664,48.598,101.707,0.879610,-1,-1,-1
276,54,742.623,477.169,48.545,117.515,0.730092,-1,-1,-1
276,82,572.205,452.775,28.930,62.042,0.623794,-1,-1,-1
276,90,692.770,445.723,82.764,192.368,0.884547,-1,-1,-1
276,125,785.657,421.427,180.916,495.158,0.939679,-1,-1,-1
276,130,550.885,453.091,28.865,62.691,0.658080,-1,-1,-1
276,141,1695.901,435.659,87.405,185.568,0.774221,-1,-1,-1
276,143,1562.221,408.367,159.717,339.667,0.944309,-1,-1,-1
276,155,1025.455,413.352,157.838,370.623,0.820805,-1,-1,-1
277,2,448.554,454.433,48.986,101.927,0.765407,-1,-1,-1
277,4,1407.126,451.913,64.253,202.856,0.743864,-1,-1,-1
277,11,1045.925,432.314,121.030,227.977,0.716479,-1,-1,-1
277,13,968.362,399.995,196.858,645.991,0.938000,-1,-1,-1
277,17,386.626,458.689,54.785,114.297,0.829955,-1,-1,-1
277,25,1147.366,440.278,36.638,88.314,0.656647,-1,-1,-1
277,28,1374.179,421.886,208.450,432.374,0.944382,-1,-1,-1
277,40,503.081,454.652,49.323,102.844,0.879767,-1,-1,-1
277,54,742.255,469.177,49.406,125.841,0.701795,-1,-1,-1
277,75,575.763,454.584,28.524,61.072,0.693824,-1,-1,-1
277,90,690.047,446.022,82.912,195.659,0.879886,-1,-1,-1
277,112,667.960,457.381,60.346,142.557,0.623978,-1,-1,-1
277,124,671.874,460.051,47.978,96.860,0.674120,-1,-1,-1
277,125,786.650,422.893,185.638,491.246,0.940711,-1,-1,-1
277,128,638.623,450.879,28.087,62.194,0.627278,-1,-1,-1
277,130,549.217,453.005,29.163,62.826,0.685625,-1,-1,-1
277,141,1689.778,429.559,96.172,204.256,0.793583,-1,-1,-1
277,143,1539.862,412.541,185.088,339.088,0.950949,-1,-1,-1
277,155,1024.939,412.646,158.256,378.871,0.821460,-1,-1,-1
278,2,447.999,454.142,50.335,104.374,0.767600,-1,-1,-1
278,11,1042.320,428.071,132.587,249.377,0.704619,-1,-1,-1
278,13,974.230,395.733,208.292,649.252,0.938767,-1,-1,-1
278,17,386.884,457.945,56.547,115.779,0.833303,-1,-1,-1
278,25,1149.068,438.776,36.613,86.221,0.669407,-1,-1,-1
278,28,1378.954,416.415,210.422,438.379,0.943557,-1,-1,-1
278,40,502.709,454.796,49.516,102.801,0.879920,-1,-1,-1
278,53,1330.686,443.427,38.613,100.956,0.679142,-1,-1,-1
278,75,575.021,455.143,28.183,60.144,0.703948,-1,-1,-1
278,90,700.626,449.880,85.503,193.648,0.895428,-1,-1,-1
278,112,667.080,465.048,60.517,136.464,0.728803,-1,-1,-1
278,125,788.202,426.076,187.428,489.160,0.934935,-1,-1,-1
278,128,637.802,450.978,29.575,65.865,0.633810,-1,-1,-1
278,130,549.161,452.952,28.460,61.406,0.678906,-1,-1,-1
278,141,1692.409,430.674,92.499,195.662,0.668416,-1,-1,-1
278,143,1533.032,413.398,193.790,341.760,0.946503,-1,-1,-1
278,155,1028.446,406.615,169.896,398.088,0.830113,-1,-1,-1
279,2,449.959,456.776,49.385,101.510,0.711086,-1,-1,-1
279,8,934.335,486.016,47.255,109.574,0.608552,-1,-1,-1
279,13,972.508,394.293,245.708,655.402,0.935815,-1,-1,-1
279,17,383.415,456.096,57.112,118.648,0.869835,-1,-1,-1
279,25,1147.204,435.700,39.675,92.285,0.602089,-1,-1,-1
279,28,1389.765,419.855,199.792,433.456,0.937464,-1,-1,-1
279,40,501.947,452.908,50.467,104.721,0.884606,-1,-1,-1
279,53,1334.253,442.440,37.199,101.314,0.729939,-1,-1,-1
279,75,576.911,455.455,27.995,59.775,0.640727,-1,-1,-1
279,90,707.342,449.017,85.179,193.838,0.871554,-1,-1,-1
279,112,667.554,475.656,60.808,126.810,0.750980,-1,-1,-1
279,125,789.534,419.281,185.877,492.232,0.940995,-1,-1,-1
279,130,549.703,452.843,28.119,60.479,0.657527,-1,-1,-1
279,141,1693.003,431.877,91.833,193.732,0.615093,-1,-1,-1
279,143,1536.068,416.106,179.879,337.337,0.953823,-1,-1,-1
279,155,1038.243,406.941,171.503,391.324,0.758255,-1,-1,-1
280,11,1044.924,426.082,148.412,288.544,0.613596,-1,-1,-1
280,13,970.622,404.136,259.360,644.741,0.931950,-1,-1,-1
280,17,382.472,455.819,57.762,117.976,0.842080,-1,-1,-1
280,28,1424.631,415.915,174.161,437.523,0.911011,-1,-1,-1
280,40,501.554,452.499,50.518,104.824,0.876690,-1,-1,-1
280,53,1335.739,441.953,36.302,101.326,0.780499,-1,-1,-1
280,90,707.583,448.229,88.742,195.664,0.892022,-1,-1,-1
280,112,666.504,471.272,60.817,129.755,0.806303,-1,-1,-1
280,125,792.037,422.907,183.088,492.082,0.940924,-1,-1,-1
280,130,548.753,452.968,28.218,61.025,0.612566,-1,-1,-1
280,143,1548.713,416.611,158.269,328.020,0.934970,-1,-1,-1
280,155,1040.032,410.845,173.390,399.812,0.673164,-1,-1,-1
281,2,449.405,455.104,48.576,101.240,0.601049,-1,-1,-1
281,11,1053.026,425.691,136.361,269.015,0.638407,-1,-1,-1
281,13,967.180,404.152,235.873,641.082,0.921473,-1,-1,-1
281,17,380.632,459.106,56.408,114.396,0.818099,-1,-1,-1
281,28,1439.677,414.207,158.346,439.510,0.908979,-1,-1,-1
281,40,502.039,454.546,49.619,102.724,0.877079,-1,-1,-1
281,53,1337.813,441.756,36.940,102.293,0.812612,-1,-1,-1
281,75,582.403,456.709,27.447,59.718,0.638802,-1,-1,-1
281,82,575.666,456.844,27.559,60.080,0.666471,-1,-1,-1
281,90,709.236,452.637,87.326,190.330,0.883756,-1,-1,-1
281,112,669.156,475.325,57.672,121.940,0.728416,-1,-1,-1
281,125,795.704,424.765,190.354,492.590,0.946725,-1,-1,-1
281,130,548.118,453.715,27.716,60.424,0.633934,-1,-1,-1
281,143,1541.195,415.876,151.842,328.030,0.926676,-1,-1,-1
282,2,448.203,457.408,46.473,100.149,0.674201,-1,-1,-1
282,13,965.988,397.193,237.234,652.333,0.918218,-1,-1,-1
282,17,379.803,461.495,55.765,112.669,0.830677,-1,-1,-1
282,25,1147.387,446.514,37.731,87.045,0.608082,-1,-1,-1
282,28,1438.096,417.522,158.442,436.523,0.913113,-1,-1,-1
282,40,502.328,454.418,49.132,103.296,0.875505,-1,-1,-1
282,53,1338.716,441.499,37.687,103.998,0.816272,-1,-1,-1
282,75,582.771,455.278,27.478,60.647,0.611058,-1,-1,-1
282,82,575.252,456.842,27.212,59.804,0.649702,-1,-1,-1
282,90,709.539,452.204,91.056,190.920,0.876309,-1,-1,-1
282,112,672.162,476.641,56.568,118.724,0.687567,-1,-1,-1
282,125,794.215,424.740,191.691,493.939,0.954339,-1,-1,-1
282,130,547.572,454.152,27.481,60.364,0.640434,-1,-1,-1
282,143,1538.792,415.866,140.773,317.402,0.889024,-1,-1,-1
282,155,1037.214,399.815,178.518,415.252,0.642479,-1,-1,-1
283,2,446.324,454.819,44.847,98.073,0.707277,-1,-1,-1
283,13,972.930,392.393,245.222,654.465,0.922861,-1,-1,-1
283,17,380.218,462.611,55.130,111.793,0.829876,-1,-1,-1
283,25,1145.834,446.367,41.736,96.869,0.643400,-1,-1,-1
283,28,1456.635,413.598,181.960,440.695,0.922687,-1,-1,-1
283,40,502.181,453.480,48.952,104.879,0.864232,-1,-1,-1
283,50,973.353,443.026,33.900,75.788,0.663557,-1,-1,-1
283,53,1341.112,442.742,37.438,102.854,0.772376,-1,-1,-1
283,75,577.090,457.634,26.523,58.794,0.694125,-1,-1,-1
283,90,711.231,453.975,90.768,189.957,0.886913,-1,-1,-1
283,112,674.689,483.483,54.756,112.811,0.684371,-1,-1,-1
283,125,798.072,428.621,198.851,489.602,0.948713,-1,-1,-1
283,130,548.186,454.096,27.410,60.767,0.634181,-1,-1,-1
283,139,543.638,451.479,25.738,68.567,0.612893,-1,-1,-1
283,155,1044.092,407.349,183.605,419.000,0.612256,-1,-1,-1
283,161,1531.296,416.410,96.094,256.252,0.845527,-1,-1,-1
284,2,447.008,456.451,44.508,99.107,0.703097,-1,-1,-1
284,13,981.410,399.881,252.336,648.166,0.937626,-1,-1,-1
284,17,380.558,461.318,54.885,112.445,0.842200,-1,-1,-1
284,25,1146.040,444.513,42.804,100.488,0.743500,-1,-1,-1
284,28,1464.476,421.257,172.477,432.697,0.934039,-1,-1,-1
284,40,502.345,452.479,49.274,105.981,0.865324,-1,-1,-1
284,50,970.721,443.253,42.299,95.922,0.617077,-1,-1,-1
284,53,1343.879,441.114,37.599,103.830,0.848354,-1,-1,-1
284,75,577.929,457.328,26.082,58.344,0.645454,-1,-1,-1
284,90,713.428,453.123,88.523,190.826,0.898880,-1,-1,-1
284,112,670.072,478.869,57.678,117.485,0.621997,-1,-1,-1
284,125,797.903,428.132,206.001,490.409,0.954763,-1,-1,-1
284,130,549.180,454.292,26.941,60.094,0.611042,-1,-1,-1
284,141,1679.790,427.789,91.462,159.264,0.668211,-1,-1,-1
285,2,447.681,453.269,45.140,100.701,0.600002,-1,-1,-1
285,4,1467.895,428.986,75.211,237.441,0.663735,-1,-1,-1
285,13,984.055,397.646,252.974,649.996,0.942362,-1,-1,-1
285,17,379.279,462.101,55.481,112.276,0.800336,-1,-1,-1
285,25,1149.552,441.222,42.752,97.216,0.782445,-1,-1,-1
285,28,1482.952,420.144,158.726,436.779,0.940355,-1,-1,-1
285,40,501.418,452.244,49.317,106.088,0.870041,-1,-1,-1
285,53,1345.547,440.862,38.640,104.234,0.850995,-1,-1,-1
285,54,801.063,460.326,37.053,92.480,0.621808,-1,-1,-1
285,75,577.364,457.364,26.398,58.967,0.694097,-1,-1,-1
285,90,711.097,450.366,91.384,194.375,0.885952,-1,-1,-1
285,125,799.763,428.700,216.748,490.770,0.956299,-1,-1,-1
285,130,549.777,453.556,27.133,61.277,0.643187,-1,-1,-1
285,139,542.871,450.021,27.113,68.742,0.631842,-1,-1,-1
286,2,446.659,450.672,46.173,102.248,0.616010,-1,-1,-1
286,4,1472.345,428.234,65.196,214.808,0.815048,-1,-1,-1
286,13,987.629,394.368,254.150,651.248,0.946428,-1,-1,-1
286,17,378.135,460.967,56.578,114.034,0.824838,-1,-1,-1
286,25,1146.862,442.008,45.573,102.310,0.803363,-1,-1,-1
286,28,1483.932,422.086,169.947,437.870,0.952928,-1,-1,-1
286,40,501.267,451.738,49.558,106.445,0.866938,-1,-1,-1
286,50,969.675,443.933,37.900,88.762,0.664963,-1,-1,-1
286,53,1346.598,441.391,40.026,104.261,0.873888,-1,-1,-1
286,54,803.909,466.379,35.464,86.767,0.622552,-1,-1,-1
286,75,577.007,456.803,26.684,59.900,0.657884,-1,-1,-1
286,90,714.010,450.420,90.972,199.264,0.899410,-1,-1,-1
286,112,669.614,472.403,62.196,124.839,0.617177,-1,-1,-1
286,125,803.586,427.802,215.199,491.100,0.955471,-1,-1,-1
286,130,550.668,453.556,26.784,61.286,0.631284,-1,-1,-1
286,163,957.727,452.890,60.460,141.038,0.758515,-1,-1,-1
286,164,1455.850,417.294,126.057,362.664,0.732498,-1,-1,-1
287,13,989.542,396.801,251.374,649.427,0.943456,-1,-1,-1
287,17,378.162,462.169,54.356,109.295,0.850538,-1,-1,-1
287,25,1148.151,443.984,43.486,99.913,0.796738,-1,-1,-1
287,28,1486.326,426.051,197.005,434.830,0.948617,-1,-1,-1
287,40,502.243,452.271,48.840,106.105,0.873529,-1,-1,-1
287,53,1346.999,442.920,40.351,103.211,0.854619,-1,-1,-1
287,54,801.009,458.035,38.007,94.919,0.612009,-1,-1,-1
287,75,576.953,457.301,26.360,59.388,0.652024,-1,-1,-1
287,90,716.976,442.277,92.988,205.243,0.919864,-1,-1,-1
287,112,688.251,475.212,49.800,100.735,0.605999,-1,-1,-1
287,125,805.074,428.679,213.023,490.402,0.952394,-1,-1,-1
287,130,551.474,454.451,26.370,61.559,0.637872,-1,-1,-1
287,163,963.037,447.014,55.913,137.413,0.771283,-1,-1,-1
287,164,1460.515,418.983,120.452,356.052,0.602810,-1,-1,-1
288,2,447.331,459.709,43.472,96.440,0.602707,-1,-1,-1
288,13,990.211,392.158,252.277,652.915,0.955379,-1,-1,-1
288,17,378.465,463.075,54.911,111.142,0.840190,-1,-1,-1
288,25,1150.092,440.493,43.632,101.080,0.822441,-1,-1,-1
288,28,1490.068,430.634,224.782,432.294,0.959599,-1,-1,-1
288,40,504.002,453.136,47.166,106.937,0.865382,-1,-1,-1
288,53,1350.010,441.715,43.505,106.101,0.822569,-1,-1,-1
288,54,801.147,463.306,37.397,93.358,0.637560,-1,-1,-1
288,90,720.189,442.950,91.512,204.526,0.916083,-1,-1,-1
288,112,682.121,478.640,55.373,111.921,0.691535,-1,-1,-1
288,125,810.013,427.534,209.651,490.041,0.944582,-1,-1,-1
288,128,652.291,460.981,32.004,74.416,0.626352,-1,-1,-1
288,130,551.112,455.828,25.594,60.562,0.622244,-1,-1,-1
288,163,963.518,461.258,52.344,126.821,0.719408,-1,-1,-1
288,164,1475.210,407.622,117.804,371.546,0.863586,-1,-1,-1
288,166,1484.071,414.388,78.159,273.501,0.675332,-1,-1,-1
289,13,990.206,396.593,253.974,647.270,0.940792,-1,-1,-1
289,17,377.440,463.270,53.892,107.955,0.801246,-1,-1,-1
289,25,1151.876,441.037,43.801,100.377,0.810598,-1,-1,-1
289,28,1497.192,434.677,240.368,431.741,0.966319,-1,-1,-1
289,40,504.589,453.179,46.968,106.981,0.855623,-1,-1,-1
289,53,1352.931,442.059,44.967,104.824,0.843032,-1,-1,-1
289,54,802.745,460.142,35.696,92.153,0.751281,-1,-1,-1
289,75,582.853,458.286,25.949,58.082,0.620799,-1,-1,-1
289,90,725.596,439.617,90.428,205.424,0.912195,-1,-1,-1
289,111,310.616,451.648,36.554,105.540,0.624849,-1,-1,-1
289,112,670.662,481.662,58.455,113.818,0.716773,-1,-1,-1
289,125,810.203,428.976,209.359,490.499,0.947284,-1,-1,-1
289,128,652.183,460.473,31.998,74.725,0.680016,-1,-1,-1
289,130,550.008,455.251,25.422,60.145,0.619160,-1,-1,-1
289,166,1464.334,412.417,112.279,322.236,0.897400,-1,-1,-1
290,13,994.410,397.674,246.951,646.673,0.930737,-1,-1,-1
290,17,377.185,465.793,53.099,106.092,0.768279,-1,-1,-1
290,25,1149.733,437.818,48.072,110.446,0.806049,-1,-1,-1
290,28,1489.089,436.120,253.152,432.230,0.964734,-1,-1,-1
290,40,503.996,456.344,45.694,100.474,0.847094,-1,-1,-1
290,53,1353.865,437.823,47.254,109.437,0.715374,-1,-1,-1
290,75,578.144,456.571,27.057,60.298,0.621007,-1,-1,-1
290,90,727.339,439.404,91.650,206.244,0.917177,-1,-1,-1
290,112,671.089,477.100,63.597,118.997,0.810143,-1,-1,-1
290,125,816.774,426.607,205.672,493.492,0.943637,-1,-1,-1
290,130,549.710,454.865,26.069,60.983,0.605204,-1,-1,-1
290,163,963.498,448.731,55.754,136.872,0.600529,-1,-1,-1
290,166,1438.465,410.550,148.353,321.064,0.901797,-1,-1,-1
291,13,992.855,398.347,230.990,647.178,0.931405,-1,-1,-1
291,14,1150.318,439.364,48.384,115.636,0.789266,-1,-1,-1
291,17,375.146,463.872,53.004,109.314,0.703391,-1,-1,-1
291,28,1497.147,420.281,262.271,453.116,0.972741,-1,-1,-1
291,40,505.508,453.246,46.280,105.211,0.812021,-1,-1,-1
291,53,1355.703,439.788,47.904,108.741,0.787499,-1,-1,-1
291,90,731.521,441.863,85.165,203.581,0.924254,-1,-1,-1
291,112,666.401,473.628,67.155,128.586,0.829361,-1,-1,-1
291,125,818.764,424.715,207.222,495.586,0.947861,-1,-1,-1
291,163,965.106,442.004,55.017,145.032,0.695333,-1,-1,-1
291,166,1423.154,413.678,171.472,336.332,0.902265,-1,-1,-1
292,13,996.528,402.111,232.741,642.991,0.924573,-1,-1,-1
292,14,1152.150,436.712,47.992,118.384,0.851369,-1,-1,-1
292,17,376.625,467.091,49.769,104.172,0.704764,-1,-1,-1
292,28,1490.119,433.999,262.971,439.893,0.959734,-1,-1,-1
292,40,503.358,454.625,45.730,101.993,0.827232,-1,-1,-1
292,50,970.222,444.052,42.220,94.558,0.627770,-1,-1,-1
292,53,1355.347,441.116,48.277,105.608,0.706478,-1,-1,-1
292,75,578.061,455.904,27.408,60.693,0.696494,-1,-1,-1
292,90,741.842,442.154,82.889,206.358,0.914135,-1,-1,-1
292,112,669.011,478.816,65.133,125.733,0.790470,-1,-1,-1
292,125,821.734,425.288,208.947,497.477,0.944988,-1,-1,-1
292,128,651.212,455.111,32.511,76.985,0.655948,-1,-1,-1
292,141,1677.458,428.262,101.366,156.754,0.603471,-1,-1,-1
292,143,1409.162,430.837,169.792,281.946,0.805291,-1,-1,-1
292,161,1463.790,436.247,63.499,153.256,0.846210,-1,-1,-1
292,163,964.332,447.074,54.346,141.476,0.762136,-1,-1,-1
292,164,1501.784,417.335,141.365,351.904,0.752617,-1,-1,-1
293,4,1522.592,427.630,85.986,265.374,0.760146,-1,-1,-1
293,13,997.871,404.761,243.375,637.998,0.931671,-1,-1,-1
293,14,1153.017,436.037,47.242,114.378,0.868035,-1,-1,-1
293,17,374.662,460.720,51.329,110.429,0.786044,-1,-1,-1
293,28,1497.993,431.546,268.074,452.668,0.953850,-1,-1,-1
293,40,502.041,453.323,46.069,103.264,0.837552,-1,-1,-1
293,53,1357.628,441.388,50.544,104.843,0.783547,-1,-1,-1
293,75,577.084,457.625,26.177,57.849,0.653108,-1,-1,-1
293,90,745.069,445.539,77.016,200.041,0.904173,-1,-1,-1
293,112,676.956,484.189,55.978,108.814,0.711037,-1,-1,-1
293,125,825.971,423.615,201.142,495.937,0.941241,-1,-1,-1
293,128,653.209,458.619,32.897,78.990,0.675747,-1,-1,-1
293,143,1395.962,426.717,165.071,288.518,0.858292,-1,-1,-1
293,161,1452.562,430.788,66.325,161.220,0.726583,-1,-1,-1
293,163,965.548,441.217,51.547,138.811,0.681784,-1,-1,-1
293,164,1497.224,413.079,153.678,358.636,0.666501,-1,-1,-1
294,4,1528.145,428.187,93.097,275.162,0.612738,-1,-1,-1
294,13,993.859,401.263,250.771,640.489,0.939778,-1,-1,-1
294,14,1155.052,436.550,46.137,113.654,0.885548,-1,-1,-1
294,17,375.180,462.007,50.413,110.011,0.790235,-1,-1,-1
294,28,1495.204,432.060,274.291,455.150,0.949311,-1,-1,-1
294,40,503.138,456.061,44.087,99.585,0.832463,-1,-1,-1
294,53,1360.091,441.134,49.892,105.549,0.809827,-1,-1,-1
294,75,574.929,457.980,26.159,57.685,0.663122,-1,-1,-1
294,82,582.799,458.042,25.603,57.412,0.608286,-1,-1,-1
294,90,746.540,444.533,77.172,194.732,0.870853,-1,-1,-1
294,112,675.572,485.913,58.754,114.459,0.725569,-1,-1,-1
294,124,672.637,478.104,51.277,97.934,0.613061,-1,-1,-1
294,125,832.994,426.041,198.376,495.393,0.941970,-1,-1,-1
294,128,653.824,458.333,32.194,77.826,0.684555,-1,-1,-1
294,143,1394.332,423.423,157.186,295.487,0.933745,-1,-1,-1
294,164,1495.616,430.021,151.932,349.149,0.728286,-1,-1,-1
295,4,1537.336,433.176,85.895,241.163,0.650801,-1,-1,-1
295,13,993.843,399.019,243.268,641.175,0.935369,-1,-1,-1
295,17,375.294,463.376,49.382,109.595,0.809781,-1,-1,-1
295,25,1156.815,442.084,48.633,112.015,0.859192,-1,-1,-1
295,28,1492.556,427.636,275.223,453.603,0.939603,-1,-1,-1
295,40,503.204,456.106,45.900,101.502,0.847575,-1,-1,-1
295,53,1366.420,441.257,48.149,104.465,0.841851,-1,-1,-1
295,75,575.603,457.961,26.015,57.498,0.649380,-1,-1,-1
295,82,583.408,457.674,25.739,57.899,0.623839,-1,-1,-1
295,90,751.277,446.601,78.179,192.160,0.855308,-1,-1,-1
295,112,676.080,484.682,58.875,115.826,0.720677,-1,-1,-1
295,125,836.338,421.682,196.858,502.232,0.943973,-1,-1,-1
295,140,654.945,466.410,31.569,71.420,0.663466,-1,-1,-1
295,141,1668.066,426.189,117.141,191.115,0.705280,-1,-1,-1
295,143,1393.886,422.833,164.908,292.757,0.932356,-1,-1,-1
295,166,1515.906,419.470,140.701,287.453,0.823531,-1,-1,-1
296,2,414.553,464.917,44.420,94.728,0.626715,-1,-1,-1
296,4,1549.612,425.491,100.529,242.958,0.788700,-1,-1,-1
296,13,996.661,402.646,242.478,637.891,0.933871,-1,-1,-1
296,14,1156.457,439.944,49.856,113.695,0.865472,-1,-1,-1
296,17,374.915,461.651,49.746,112.065,0.837811,-1,-1,-1
296,28,1501.145,423.771,271.339,457.873,0.943972,-1,-1,-1
296,40,502.760,455.234,44.840,100.414,0.816019,-1,-1,-1
296,50,975.505,444.335,38.422,87.282,0.611942,-1,-1,-1
296,53,1371.997,440.188,46.101,105.522,0.798978,-1,-1,-1
296,75,576.030,457.575,25.973,57.618,0.645944,-1,-1,-1
296,82,583.194,457.426,25.487,57.283,0.629730,-1,-1,-1
296,90,755.061,444.307,80.188,201.638,0.885835,-1,-1,-1
296,111,309.557,452.032,38.402,111.165,0.615366,-1,-1,-1
296,112,673.695,482.131,60.546,122.672,0.752580,-1,-1,-1
296,125,841.941,422.068,186.751,502.522,0.944773,-1,-1,-1
296,139,499.210,454.368,36.096,86.394,0.604570,-1,-1,-1
296,140,655.711,467.023,29.957,67.303,0.617310,-1,-1,-1
296,141,1682.171,426.049,103.459,172.455,0.677155,-1,-1,-1
296,143,1390.973,423.576,166.986,292.227,0.920362,-1,-1,-1
296,163,970.168,446.146,44.299,114.816,0.608996,-1,-1,-1
297,13,997.959,402.024,231.534,635.586,0.934145,-1,-1,-1
297,14,1155.978,438.194,52.546,113.539,0.841975,-1,-1,-1
297,17,375.116,462.623,48.906,111.161,0.803152,-1,-1,-1
297,28,1507.763,417.539,274.603,464.585,0.940005,-1,-1,-1
297,40,502.578,453.806,45.283,102.269,0.834868,-1,-1,-1
297,53,1372.907,437.472,46.797,109.986,0.754761,-1,-1,-1
297,75,575.838,456.902,26.207,58.041,0.674952,-1,-1,-1
297,90,755.995,440.626,82.712,206.854,0.892876,-1,-1,-1
297,112,672.776,481.391,60.927,124.482,0.754912,-1,-1,-1
297,125,842.472,422.607,185.402,500.878,0.943472,-1,-1,-1
297,143,1391.911,421.322,151.761,294.015,0.921998,-1,-1,-1
297,166,1542.594,419.978,120.458,284.345,0.815572,-1,-1,-1
298,4,1561.541,428.369,103.152,240.110,0.809998,-1,-1,-1
298,8,724.443,470.160,53.407,127.518,0.625552,-1,-1,-1
298,11,958.228,457.558,70.624,161.113,0.623016,-1,-1,-1
298,13,1003.607,400.964,245.708,635.398,0.942908,-1,-1,-1
298,14,1155.272,439.539,56.761,111.516,0.864148,-1,-1,-1
298,17,375.265,462.494,49.038,111.224,0.787384,-1,-1,-1
298,28,1515.348,431.716,266.087,450.661,0.926370,-1,-1,-1
298,40,502.173,451.748,46.473,104.466,0.849972,-1,-1,-1
298,60,1005.744,453.584,30.280,78.616,0.619311,-1,-1,-1
298,75,575.739,457.540,26.331,58.050,0.664251,-1,-1,-1
298,90,754.846,441.787,84.885,201.319,0.909712,-1,-1,-1
298,112,674.888,482.310,58.529,120.439,0.727732,-1,-1,-1
298,124,688.203,470.893,52.233,108.392,0.622403,-1,-1,-1
298,125,845.219,419.766,183.126,506.179,0.947526,-1,-1,-1
298,141,1685.354,427.010,100.419,168.119,0.657573,-1,-1,-1
298,143,1392.607,423.784,137.101,283.668,0.916595,-1,-1,-1
299,8,729.397,474.052,50.323,121.956,0.663791,-1,-1,-1
299,13,1002.827,400.541,255.827,635.817,0.949661,-1,-1,-1
299,14,1156.940,440.564,58.342,110.113,0.859192,-1,-1,-1
299,17,376.623,465.643,48.890,107.528,0.802133,-1,-1,-1
299,28,1532.673,425.276,258.282,461.045,0.935367,-1,-1,-1
299,40,501.958,452.819,46.033,104.080,0.796757,-1,-1,-1
299,53,1380.055,434.124,44.702,108.392,0.652125,-1,-1,-1
299,60,1006.147,453.802,30.112,77.009,0.621187,-1,-1,-1
299,75,576.296,457.311,26.354,57.648,0.664264,-1,-1,-1
299,90,757.862,445.049,86.247,202.516,0.920248,-1,-1,-1
299,112,673.750,482.335,59.295,124.254,0.748003,-1,-1,-1
299,125,847.390,421.623,180.787,506.393,0.945463,-1,-1,-1
299,143,1386.880,441.624,120.953,262.941,0.929155,-1,-1,-1
299,164,1559.845,421.807,118.327,321.185,0.845076,-1,-1,-1
300,8,731.661,476.355,48.857,122.522,0.762513,-1,-1,-1
300,13,1008.173,402.686,261.513,629.581,0.953071,-1,-1,-1
300,14,1158.883,439.882,58.954,111.579,0.878333,-1,-1,-1
300,17,375.018,466.932,50.402,108.153,0.751328,-1,-1,-1
300,28,1604.248,422.043,200.758,465.111,0.929143,-1,-1,-1
300,40,501.811,449.703,47.628,107.741,0.809403,-1,-1,-1
300,54,833.184,455.362,39.840,97.699,0.639254,-1,-1,-1
300,60,1005.227,455.825,30.166,76.917,0.608886,-1,-1,-1
300,75,577.710,457.222,26.492,57.097,0.666836,-1,-1,-1
300,90,760.792,442.603,85.334,208.581,0.922781,-1,-1,-1
300,112,678.466,483.559,52.964,110.211,0.740359,-1,-1,-1
300,124,694.756,477.816,47.036,102.331,0.623571,-1,-1,-1
300,125,849.729,420.233,178.278,510.293,0.947395,-1,-1,-1
300,143,1382.365,413.987,110.019,294.606,0.940838,-1,-1,-1
300,164,1575.069,423.793,113.334,304.026,0.861236,-1,-1,-1
301,4,1581.042,426.580,108.390,240.089,0.888299,-1,-1,-1
301,8,735.040,475.631,46.776,123.428,0.834423,-1,-1,-1
301,13,1005.875,403.289,264.370,622.923,0.946135,-1,-1,-1
301,14,1161.461,443.577,58.081,107.766,0.869927,-1,-1,-1
301,17,374.738,462.958,52.680,112.534,0.771510,-1,-1,-1
301,28,1604.118,411.404,201.028,475.343,0.938512,-1,-1,-1
301,40,501.555,448.423,47.171,109.812,0.811677,-1,-1,-1
301,75,581.333,458.679,26.595,56.699,0.668059,-1,-1,-1
301,90,764.830,440.946,82.492,211.870,0.928462,-1,-1,-1
301,112,675.226,480.492,54.669,116.208,0.753610,-1,-1,-1
301,124,706.087,481.387,45.828,107.912,0.713277,-1,-1,-1
301,125,850.910,420.438,177.317,514.442,0.943376,-1,-1,-1
301,130,551.327,454.237,27.199,61.586,0.626038,-1,-1,-1
301,141,1706.710,424.519,86.411,166.086,0.759705,-1,-1,-1
301,143,1379.325,419.373,95.568,287.461,0.915653,-1,-1,-1
302,8,734.326,475.255,46.905,122.358,0.811570,-1,-1,-1
302,13,1004.260,409.687,263.971,599.580,0.934143,-1,-1,-1
302,14,1164.809,444.930,57.554,105.059,0.877292,-1,-1,-1
302,17,376.011,462.419,51.586,111.123,0.781219,-1,-1,-1
302,28,1579.805,409.271,227.851,483.413,0.938271,-1,-1,-1
302,40,502.037,449.150,46.791,110.754,0.837707,-1,-1,-1
302,60,1007.256,457.516,29.207,73.998,0.603646,-1,-1,-1
302,75,581.164,456.507,27.527,58.900,0.717758,-1,-1,-1
302,90,764.770,445.514,87.552,207.331,0.924175,-1,-1,-1
302,112,675.119,480.172,56.182,120.918,0.776035,-1,-1,-1
302,124,698.069,476.842,45.731,107.766,0.659110,-1,-1,-1
302,125,850.620,417.559,177.103,523.286,0.937926,-1,-1,-1
302,130,549.785,454.239,27.742,62.121,0.683409,-1,-1,-1
302,141,1710.339,424.268,81.090,161.966,0.730155,-1,-1,-1
302,143,1368.089,434.773,93.035,272.099,0.913939,-1,-1,-1
302,164,1581.950,419.005,124.099,325.345,0.866180,-1,-1,-1
302,173,1823.627,392.138,98.503,258.271,0.659415,-1,-1,-1
302,174,8.696,525.018,107.550,344.926,0.829613,-1,-1,-1
303,8,735.696,476.313,47.081,122.640,0.818206,-1,-1,-1
303,13,1007.091,407.052,269.832,601.449,0.938165,-1,-1,-1
303,14,1155.108,443.174,56.001,106.268,0.677159,-1,-1,-1
303,17,373.490,460.871,52.754,112.156,0.816394,-1,-1,-1
303,25,1169.700,444.208,50.099,105.452,0.839695,-1,-1,-1
303,28,1635.508,403.869,190.929,490.611,0.947869,-1,-1,-1
303,40,501.408,447.677,47.848,112.698,0.827904,-1,-1,-1
303,54,838.372,455.081,40.249,94.882,0.654344,-1,-1,-1
303,75,577.045,456.215,27.280,58.081,0.692887,-1,-1,-1
303,90,766.255,441.143,88.217,215.194,0.924676,-1,-1,-1
303,112,678.315,481.044,53.003,111.747,0.738212,-1,-1,-1
303,124,695.501,476.011,45.266,105.587,0.667222,-1,-1,-1
303,125,851.402,415.933,176.183,528.253,0.944207,-1,-1,-1
303,128,622.369,453.648,25.729,59.176,0.606811,-1,-1,-1
303,130,549.646,454.914,27.509,60.878,0.655127,-1,-1,-1
303,143,1350.939,433.708,98.053,274.403,0.931505,-1,-1,-1
303,164,1589.557,418.327,131.902,341.317,0.855452,-1,-1,-1
303,173,1824.863,387.841,98.145,264.986,0.727380,-1,-1,-1
303,174,3.605,511.585,121.021,360.682,0.872255,-1,-1,-1
304,2,416.849,460.316,58.783,104.361,0.691760,-1,-1,-1
304,8,736.782,476.481,49.808,122.814,0.814171,-1,-1,-1
304,13,1008.498,409.184,270.829,616.609,0.934159,-1,-1,-1
304,14,1157.229,443.726,53.805,106.366,0.626022,-1,-1,-1
304,17,373.762,459.644,51.447,114.594,0.826124,-1,-1,-1
304,25,1176.915,442.874,47.863,105.586,0.862086,-1,-1,-1
304,28,1639.449,404.424,191.303,497.354,0.949063,-1,-1,-1
304,40,499.928,449.585,48.235,111.474,0.827435,-1,-1,-1
304,75,580.286,457.250,28.025,58.098,0.727618,-1,-1,-1
304,90,769.144,438.879,89.822,221.119,0.927288,-1,-1,-1
304,112,674.560,481.955,57.965,125.219,0.814561,-1,-1,-1
304,124,693.812,475.855,46.285,106.579,0.678823,-1,-1,-1
304,125,853.640,415.240,175.139,533.314,0.944119,-1,-1,-1
304,128,622.199,454.823,26.207,57.396,0.608221,-1,-1,-1
304,130,549.455,455.230,28.138,61.287,0.698868,-1,-1,-1
304,140,661.772,463.290,34.682,76.914,0.651686,-1,-1,-1
304,143,1342.344,419.799,104.337,286.893,0.944157,-1,-1,-1
304,164,1590.171,419.897,135.172,374.360,0.883538,-1,-1,-1
304,173,1826.874,389.725,95.711,263.834,0.682069,-1,-1,-1
304,174,1.637,512.696,125.944,361.182,0.900556,-1,-1,-1
304,175,542.710,452.340,28.169,64.505,0.653784,-1,-1,-1
305,2,413.243,452.819,66.616,113.868,0.768293,-1,-1,-1
305,8,735.108,477.773,50.951,120.558,0.787889,-1,-1,-1
305,13,1007.281,407.142,267.612,612.711,0.929855,-1,-1,-1
305,14,1155.779,442.214,48.657,102.112,0.643899,-1,-1,-1
305,17,374.658,458.838,49.898,115.412,0.822751,-1,-1,-1
305,25,1179.453,441.644,46.101,105.984,0.877544,-1,-1,-1
305,28,1661.449,418.536,174.757,495.214,0.951995,-1,-1,-1
305,40,500.719,450.841,47.542,109.512,0.797533,-1,-1,-1
305,54,840.189,455.614,42.761,99.392,0.677224,-1,-1,-1
305,75,574.971,455.681,28.240,58.830,0.711649,-1,-1,-1
305,90,768.616,441.612,89.304,217.659,0.924248,-1,-1,-1
305,112,674.820,483.073,57.467,123.510,0.757705,-1,-1,-1
305,124,694.861,475.114,44.139,99.100,0.655623,-1,-1,-1
305,125,856.191,416.005,170.613,532.780,0.944287,-1,-1,-1
305,130,549.634,455.794,27.896,60.446,0.686705,-1,-1,-1
305,143,1330.622,406.158,116.099,300.241,0.949439,-1,-1,-1
305,164,1597.285,407.631,141.061,401.352,0.879265,-1,-1,-1
305,173,1827.034,395.053,100.899,291.059,0.634654,-1,-1,-1
305,174,-0.525,500.500,128.980,373.719,0.880310,-1,-1,-1
305,175,540.503,451.452,28.734,65.737,0.613259,-1,-1,-1
306,2,415.155,465.169,61.731,100.609,0.685078,-1,-1,-1
306,8,734.766,477.268,52.055,119.911,0.805866,-1,-1,-1
306,13,1006.814,409.434,271.685,598.592,0.937917,-1,-1,-1
306,17,374.246,460.072,49.775,113.608,0.817867,-1,-1,-1
306,25,1180.467,439.457,46.186,108.122,0.901617,-1,-1,-1
306,28,1665.784,419.746,185.586,493.247,0.942714,-1,-1,-1
306,40,498.074,449.829,48.698,109.752,0.843375,-1,-1,-1
306,54,844.441,455.724,39.592,91.304,0.707883,-1,-1,-1
306,75,573.821,455.218,28.736,59.419,0.727862,-1,-1,-1
306,90,771.428,433.176,85.630,224.341,0.920668,-1,-1,-1
306,112,673.796,479.398,58.493,127.107,0.782437,-1,-1,-1
306,124,691.814,471.170,48.306,108.104,0.684860,-1,-1,-1
306,125,859.097,416.567,168.144,529.398,0.943102,-1,-1,-1
306,130,548.953,454.802,28.540,61.064,0.718268,-1,-1,-1
306,140,661.133,461.371,35.050,78.549,0.647413,-1,-1,-1
306,143,1317.397,421.686,124.397,283.525,0.948150,-1,-1,-1
306,164,1607.542,409.352,149.796,398.738,0.899899,-1,-1,-1
306,173,1830.360,385.144,91.126,267.608,0.772206,-1,-1,-1
306,174,-3.880,416.379,135.951,456.431,0.915942,-1,-1,-1
306,175,540.991,451.678,29.138,66.724,0.652675,-1,-1,-1
307,2,414.276,464.667,63.165,102.220,0.643452,-1,-1,-1
307,8,735.529,476.302,52.895,122.660,0.842259,-1,-1,-1
307,13,1012.095,407.490,265.368,602.643,0.933655,-1,-1,-1
307,17,375.406,462.046,49.559,112.095,0.830556,-1,-1,-1
307,25,1183.437,438.457,44.481,110.527,0.888485,-1,-1,-1
307,28,1667.178,425.626,216.683,495.073,0.948683,-1,-1,-1
307,40,496.586,449.955,49.306,109.362,0.859532,-1,-1,-1
307,53,1392.568,436.854,44.704,113.028,0.684634,-1,-1,-1
307,75,576.845,453.397,28.615,60.812,0.709703,-1,-1,-1
307,90,776.964,446.598,82.514,210.170,0.925896,-1,-1,-1
307,112,673.280,482.538,57.315,124.082,0.793009,-1,-1,-1
307,124,692.734,474.266,48.974,108.977,0.688285,-1,-1,-1
307,125,862.114,415.961,163.735,530.054,0.945421,-1,-1,-1
307,130,549.413,453.672,29.097,62.786,0.728618,-1,-1,-1
307,140,661.112,459.880,33.420,74.763,0.634747,-1,-1,-1
307,143,1308.061,430.005,134.082,275.083,0.943691,-1,-1,-1
307,164,1606.478,405.979,160.336,401.396,0.908046,-1,-1,-1
307,173,1826.617,397.702,99.048,300.783,0.664217,-1,-1,-1
307,174,-1.539,399.919,130.610,473.100,0.926774,-1,-1,-1
308,2,410.844,460.795,62.125,104.234,0.654353,-1,-1,-1
308,8,733.190,474.611,53.287,122.282,0.853464,-1,-1,-1
308,13,1014.253,407.800,260.856,604.018,0.939013,-1,-1,-1
308,17,376.733,462.424,49.499,113.239,0.847941,-1,-1,-1
308,25,1184.197,437.358,44.495,112.711,0.887315,-1,-1,-1
308,28,1668.027,418.666,241.014,497.681,0.938042,-1,-1,-1
308,40,495.087,448.664,51.006,111.453,0.848524,-1,-1,-1
308,75,581.240,453.887,28.375,60.918,0.645084,-1,-1,-1
308,90,779.180,440.995,81.904,214.852,0.931955,-1,-1,-1
308,112,675.022,483.776,54.478,118.548,0.800391,-1,-1,-1
308,124,700.707,482.261,44.842,102.369,0.705908,-1,-1,-1
308,125,864.159,418.073,162.791,526.973,0.945820,-1,-1,-1
308,130,549.872,454.082,28.535,61.780,0.610547,-1,-1,-1
308,140,660.229,462.751,31.977,72.562,0.663358,-1,-1,-1
308,143,1302.214,421.595,139.562,284.580,0.942655,-1,-1,-1
308,164,1609.142,402.934,170.973,404.152,0.908914,-1,-1,-1
308,173,1829.088,383.478,91.182,275.860,0.613978,-1,-1,-1
308,174,0.154,400.833,129.487,470.399,0.918994,-1,-1,-1
309,2,411.820,455.062,63.103,109.256,0.690681,-1,-1,-1
309,8,731.619,478.336,53.134,120.428,0.835933,-1,-1,-1
309,13,1014.087,414.411,258.763,599.688,0.940972,-1,-1,-1
309,17,376.206,460.787,48.312,112.722,0.863019,-1,-1,-1
309,25,1186.969,439.012,43.677,111.257,0.881701,-1,-1,-1
309,28,1668.323,418.859,250.363,506.321,0.959250,-1,-1,-1
309,40,495.375,452.450,50.475,106.477,0.881470,-1,-1,-1
309,75,581.373,454.671,27.659,59.173,0.643003,-1,-1,-1
309,90,782.927,442.831,81.177,213.360,0.931847,-1,-1,-1
309,112,674.718,483.395,54.202,116.299,0.789425,-1,-1,-1
309,124,695.275,476.242,47.938,109.413,0.692884,-1,-1,-1
309,125,864.794,414.310,163.144,529.876,0.944266,-1,-1,-1
309,130,550.673,454.226,28.603,61.681,0.699932,-1,-1,-1
309,140,661.511,463.036,32.156,72.133,0.624214,-1,-1,-1
309,143,1290.077,426.452,144.348,274.752,0.939599,-1,-1,-1
309,164,1610.743,417.600,170.786,391.911,0.909830,-1,-1,-1
309,174,0.305,399.065,129.644,471.777,0.921204,-1,-1,-1
309,175,542.557,450.065,30.429,67.666,0.638496,-1,-1,-1
310,2,410.827,459.572,60.259,107.787,0.694483,-1,-1,-1
310,8,732.975,478.695,52.374,118.843,0.818610,-1,-1,-1
310,13,1015.086,415.809,256.343,599.275,0.941791,-1,-1,-1
310,17,376.386,460.896,46.048,111.846,0.864465,-1,-1,-1
310,25,1187.985,442.889,42.153,107.129,0.851695,-1,-1,-1
310,28,1668.357,420.888,251.474,516.354,0.968855,-1,-1,-1
310,40,494.302,452.492,51.508,106.498,0.880574,-1,-1,-1
310,60,999.166,450.536,32.551,84.869,0.610725,-1,-1,-1
310,75,578.292,457.049,26.853,57.383,0.622470,-1,-1,-1
310,90,786.732,439.195,82.605,219.557,0.931516,-1,-1,-1
310,112,672.449,485.571,53.780,116.595,0.740999,-1,-1,-1
310,124,702.273,482.962,42.663,101.905,0.720663,-1,-1,-1
310,125,863.837,411.924,166.297,522.372,0.947659,-1,-1,-1
310,130,550.737,454.107,28.896,62.629,0.711935,-1,-1,-1
310,140,671.818,472.122,37.766,81.763,0.600726,-1,-1,-1
310,143,1285.611,426.150,145.179,274.538,0.950477,-1,-1,-1
310,163,1018.991,457.048,33.529,84.257,0.626299,-1,-1,-1
310,164,1610.542,409.189,185.726,400.044,0.905963,-1,-1,-1
310,174,-0.484,394.979,128.331,478.709,0.934028,-1,-1,-1
311,2,412.780,466.187,54.529,99.215,0.704151,-1,-1,-1
311,8,731.148,476.885,52.756,118.164,0.807448,-1,-1,-1
311,13,1013.302,416.811,257.585,597.230,0.943467,-1,-1,-1
311,17,374.766,461.696,46.955,110.414,0.861585,-1,-1,-1
311,25,1189.216,437.234,42.613,112.295,0.870412,-1,-1,-1
311,28,1670.483,422.698,249.629,517.023,0.967803,-1,-1,-1
311,40,492.212,450.167,52.527,110.273,0.869385,-1,-1,-1
311,90,791.482,441.309,80.662,216.429,0.930371,-1,-1,-1
311,112,674.109,485.110,51.609,112.915,0.704808,-1,-1,-1
311,124,704.650,481.576,37.631,89.738,0.663521,-1,-1,-1
311,125,863.065,415.398,169.329,532.581,0.942235,-1,-1,-1
311,130,550.025,453.117,29.109,63.052,0.717012,-1,-1,-1
311,140,663.029,469.527,33.577,71.708,0.624447,-1,-1,-1
311,143,1283.348,423.811,135.465,270.266,0.926639,-1,-1,-1
311,164,1615.250,406.098,203.159,412.179,0.908060,-1,-1,-1
311,173,1833.908,382.069,90.286,285.486,0.649981,-1,-1,-1
311,174,-0.372,387.244,123.073,476.377,0.953644,-1,-1,-1
312,2,411.513,456.124,56.087,108.169,0.782657,-1,-1,-1
312,8,731.902,476.921,52.532,117.890,0.844745,-1,-1,-1
312,13,1013.185,413.182,251.549,600.517,0.946551,-1,-1,-1
312,17,374.611,459.782,46.669,110.142,0.844753,-1,-1,-1
312,25,1190.223,438.233,42.674,110.636,0.884268,-1,-1,-1
312,28,1669.631,423.100,250.340,517.105,0.963262,-1,-1,-1
312,40,489.950,450.998,51.319,109.999,0.873813,-1,-1,-1
312,60,998.374,448.230,32.023,84.803,0.635413,-1,-1,-1
312,90,793.602,442.256,80.751,211.703,0.931118,-1,-1,-1
312,112,673.694,484.391,52.929,116.472,0.722533,-1,-1,-1
312,124,706.119,482.415,37.900,90.787,0.645365,-1,-1,-1
312,125,862.693,414.692,173.112,519.176,0.941470,-1,-1,-1
312,130,550.101,453.051,28.891,61.965,0.681859,-1,-1,-1
312,143,1279.508,429.506,123.721,260.972,0.897848,-1,-1,-1
312,164,1615.781,416.226,204.792,406.924,0.884279,-1,-1,-1
312,174,0.649,391.241,130.919,470.710,0.961968,-1,-1,-1
313,2,411.282,456.310,54.504,107.780,0.704890,-1,-1,-1
313,8,731.809,477.610,51.871,114.263,0.819704,-1,-1,-1
313,13,1013.487,409.771,253.004,606.360,0.943841,-1,-1,-1
313,17,373.854,460.128,48.491,113.488,0.844774,-1,-1,-1
313,25,1191.810,437.613,43.407,111.574,0.892614,-1,-1,-1
313,28,1675.972,425.666,244.522,515.460,0.953580,-1,-1,-1
313,40,491.669,451.265,50.063,109.326,0.859827,-1,-1,-1
313,90,793.383,444.809,86.766,213.174,0.931342,-1,-1,-1
313,112,680.541,486.953,43.656,93.878,0.634403,-1,-1,-1
313,124,704.286,483.545,39.745,95.299,0.687821,-1,-1,-1
313,125,859.130,412.487,179.254,520.495,0.934567,-1,-1,-1
313,130,550.337,453.154,28.670,61.081,0.628457,-1,-1,-1
313,143,1271.478,429.890,111.330,256.206,0.912738,-1,-1,-1
313,164,1611.651,409.185,212.417,413.674,0.899401,-1,-1,-1
313,173,1837.651,380.392,91.852,326.090,0.679183,-1,-1,-1
313,174,3.309,387.863,147.566,475.364,0.963369,-1,-1,-1
313,175,543.476,450.993,28.728,64.017,0.628216,-1,-1,-1
314,2,410.830,454.085,56.219,112.145,0.771051,-1,-1,-1
314,8,732.225,481.360,51.284,110.079,0.815502,-1,-1,-1
314,13,1009.190,412.719,259.262,605.003,0.936089,-1,-1,-1
314,17,374.717,459.206,48.364,113.711,0.821497,-1,-1,-1
314,25,1194.525,438.963,42.353,110.750,0.901351,-1,-1,-1
314,28,1683.176,420.934,238.875,523.108,0.927907,-1,-1,-1
314,40,491.470,449.912,50.394,110.697,0.851709,-1,-1,-1
314,90,796.907,441.456,85.576,217.023,0.926164,-1,-1,-1
314,112,679.783,487.231,46.531,95.686,0.663805,-1,-1,-1
314,124,702.632,484.791,40.483,95.845,0.655920,-1,-1,-1
314,125,863.577,413.443,175.982,525.618,0.930174,-1,-1,-1
314,130,550.197,452.126,29.175,62.314,0.605627,-1,-1,-1
314,143,1271.774,426.347,101.008,264.847,0.925495,-1,-1,-1
314,164,1617.185,411.324,212.279,412.775,0.900616,-1,-1,-1
314,173,1845.530,381.303,79.888,298.491,0.660359,-1,-1,-1
314,174,8.749,392.286,156.872,470.154,0.954762,-1,-1,-1
315,2,412.171,457.063,53.838,107.836,0.730539,-1,-1,-1
315,8,730.083,479.743,55.361,115.254,0.837339,-1,-1,-1
315,13,1024.714,413.269,252.164,601.709,0.937246,-1,-1,-1
315,17,373.757,459.566,48.573,114.166,0.854835,-1,-1,-1
315,25,1195.394,442.510,41.427,105.860,0.905802,-1,-1,-1
315,28,1737.998,421.524,194.757,523.930,0.908022,-1,-1,-1
315,40,492.145,449.669,49.586,110.615,0.879058,-1,-1,-1
315,53,1419.106,433.837,43.218,110.936,0.779614,-1,-1,-1
315,60,1001.409,448.696,32.433,83.855,0.627071,-1,-1,-1
315,90,801.971,439.967,84.660,217.710,0.917582,-1,-1,-1
315,112,689.910,479.498,50.074,105.479,0.667797,-1,-1,-1
315,124,705.406,483.683,41.846,98.816,0.618720,-1,-1,-1
315,125,856.968,413.139,181.037,532.177,0.933087,-1,-1,-1
315,130,544.913,451.876,28.162,60.890,0.640954,-1,-1,-1
315,143,1269.878,435.657,92.057,251.020,0.920249,-1,-1,-1
315,164,1618.935,412.145,212.892,415.429,0.854073,-1,-1,-1
315,166,1629.633,425.073,285.859,515.192,0.838972,-1,-1,-1
315,174,18.229,389.829,175.217,466.803,0.948144,-1,-1,-1
316,2,412.453,457.050,53.501,107.451,0.727139,-1,-1,-1
316,8,730.151,478.685,56.152,114.901,0.850588,-1,-1,-1
316,13,1028.307,416.779,242.498,598.180,0.936091,-1,-1,-1
316,17,373.356,459.488,48.294,113.703,0.857478,-1,-1,-1
316,25,1195.731,441.837,42.451,106.989,0.906536,-1,-1,-1
316,28,1778.936,416.659,147.829,530.626,0.934057,-1,-1,-1
316,40,493.389,450.340,48.497,110.633,0.881342,-1,-1,-1
316,53,1418.147,433.462,45.578,110.782,0.872594,-1,-1,-1
316,60,1000.484,447.212,33.802,87.117,0.637141,-1,-1,-1
316,90,803.918,442.684,85.272,210.959,0.922847,-1,-1,-1
316,112,691.025,477.899,50.739,109.118,0.675479,-1,-1,-1
316,124,705.370,483.210,42.365,99.901,0.632249,-1,-1,-1
316,125,859.422,414.892,182.210,532.952,0.935747,-1,-1,-1
316,130,543.983,451.751,28.500,62.180,0.651045,-1,-1,-1
316,143,1267.781,429.377,86.802,259.043,0.895925,-1,-1,-1
316,164,1643.465,417.959,185.644,391.385,0.884554,-1,-1,-1
316,174,19.939,394.111,224.033,467.019,0.954658,-1,-1,-1
317,2,410.802,460.312,52.053,108.491,0.747113,-1,-1,-1
317,8,729.703,480.484,56.519,117.133,0.823991,-1,-1,-1
317,13,1036.517,414.331,243.955,600.767,0.938595,-1,-1,-1
317,14,1153.287,443.422,34.820,75.065,0.628874,-1,-1,-1
317,17,374.505,458.297,49.448,116.536,0.861711,-1,-1,-1
317,25,1195.277,445.707,44.484,102.726,0.898997,-1,-1,-1
317,28,1784.925,417.678,138.207,530.498,0.907361,-1,-1,-1
317,40,492.441,450.428,49.296,110.327,0.882429,-1,-1,-1
317,53,1422.146,434.253,45.220,112.878,0.866981,-1,-1,-1
317,90,802.506,442.332,88.039,216.660,0.911594,-1,-1,-1
317,112,678.335,481.634,55.964,118.631,0.733752,-1,-1,-1
317,124,694.453,479.802,46.304,108.302,0.679553,-1,-1,-1
317,125,856.301,416.911,182.878,529.190,0.933434,-1,-1,-1
317,130,543.152,449.520,30.307,66.802,0.610335,-1,-1,-1
317,143,1261.195,437.241,84.951,250.138,0.924340,-1,-1,-1
317,164,1650.128,393.534,214.425,494.710,0.879012,-1,-1,-1
317,174,16.649,392.233,253.562,467.090,0.949158,-1,-1,-1
318,2,411.885,461.406,50.827,106.579,0.750352,-1,-1,-1
318,8,728.577,479.344,56.859,121.166,0.853785,-1,-1,-1
318,13,1038.397,417.032,236.576,597.439,0.937252,-1,-1,-1
318,17,375.309,461.032,48.320,113.595,0.842479,-1,-1,-1
318,25,1198.675,446.329,45.871,102.545,0.891992,-1,-1,-1
318,28,1798.569,408.259,124.515,536.464,0.921613,-1,-1,-1
318,40,491.420,450.675,49.706,109.838,0.884705,-1,-1,-1
318,53,1426.891,436.721,43.905,109.743,0.842187,-1,-1,-1
318,90,801.640,441.872,85.781,217.011,0.915468,-1,-1,-1
318,112,676.715,481.151,57.597,121.997,0.769587,-1,-1,-1
318,124,691.913,477.808,48.415,113.030,0.689054,-1,-1,-1
318,125,854.585,416.611,183.614,529.731,0.934810,-1,-1,-1
318,143,1257.375,427.121,87.377,260.084,0.925984,-1,-1,-1
318,164,1664.630,398.704,201.963,502.210,0.887417,-1,-1,-1
318,174,14.071,388.947,278.380,468.924,0.950310,-1,-1,-1
319,2,413.320,462.194,50.048,105.442,0.751952,-1,-1,-1
319,8,729.102,479.703,55.305,119.535,0.826783,-1,-1,-1
319,13,1038.992,419.673,226.785,594.367,0.938675,-1,-1,-1
319,14,1148.931,432.736,40.607,91.290,0.647290,-1,-1,-1
319,17,375.576,460.470,48.577,114.633,0.855383,-1,-1,-1
319,25,1200.359,443.295,48.524,108.195,0.866492,-1,-1,-1
319,28,1806.977,412.339,114.702,526.039,0.920007,-1,-1,-1
319,40,491.007,451.155,50.767,109.534,0.892550,-1,-1,-1
319,53,1428.161,435.340,46.200,111.268,0.875533,-1,-1,-1
319,90,804.026,442.277,90.864,219.071,0.918685,-1,-1,-1
319,112,677.417,482.529,57.063,120.637,0.721785,-1,-1,-1
319,124,693.470,479.366,45.777,106.440,0.686151,-1,-1,-1
319,125,854.026,416.371,181.941,531.775,0.934036,-1,-1,-1
319,130,543.905,451.224,28.031,61.673,0.604695,-1,-1,-1
319,143,1242.160,420.004,98.330,268.067,0.924116,-1,-1,-1
319,164,1681.621,403.964,170.545,436.749,0.910194,-1,-1,-1
319,174,15.235,391.825,288.508,463.658,0.951999,-1,-1,-1
320,2,416.107,462.920,50.182,103.032,0.704260,-1,-1,-1
320,8,729.243,478.864,54.829,119.682,0.840959,-1,-1,-1
320,13,1041.538,419.853,229.086,592.353,0.934743,-1,-1,-1
320,14,1148.936,433.612,36.891,81.819,0.600688,-1,-1,-1
320,17,375.334,461.002,48.302,113.604,0.850045,-1,-1,-1
320,25,1201.605,443.963,47.530,107.190,0.863646,-1,-1,-1
320,28,1818.218,408.261,104.874,539.459,0.916344,-1,-1,-1
320,40,489.657,450.648,51.483,110.421,0.885862,-1,-1,-1
320,53,1432.511,433.787,46.010,112.290,0.892829,-1,-1,-1
320,90,802.857,443.056,91.603,215.623,0.920224,-1,-1,-1
320,112,674.328,482.670,56.236,120.232,0.758127,-1,-1,-1
320,124,693.829,478.901,47.743,110.644,0.685873,-1,-1,-1
320,125,853.767,419.289,185.714,525.747,0.932969,-1,-1,-1
320,130,545.177,452.219,27.533,60.375,0.621575,-1,-1,-1
320,143,1231.900,425.268,108.296,265.271,0.913568,-1,-1,-1
320,164,1694.652,404.797,178.176,444.202,0.917888,-1,-1,-1
320,174,15.395,394.355,295.707,465.091,0.970384,-1,-1,-1
321,2,416.784,457.964,55.389,108.164,0.740424,-1,-1,-1
321,8,729.798,479.019,53.974,117.328,0.838575,-1,-1,-1
321,13,1043.168,405.530,244.860,606.549,0.944946,-1,-1,-1
321,17,374.028,459.585,49.697,113.269,0.838004,-1,-1,-1
321,25,1204.471,444.250,46.029,109.800,0.865081,-1,-1,-1
321,28,1825.701,405.008,96.967,543.255,0.904635,-1,-1,-1
321,40,487.815,448.160,52.920,113.574,0.882978,-1,-1,-1
321,53,1436.115,436.587,43.901,108.169,0.885562,-1,-1,-1
321,60,1001.811,449.650,32.547,82.584,0.618761,-1,-1,-1
321,75,581.312,458.499,25.889,54.912,0.633884,-1,-1,-1
321,90,813.573,446.246,82.677,210.930,0.904375,-1,-1,-1
321,112,676.651,482.912,55.295,117.991,0.740983,-1,-1,-1
321,124,693.021,478.953,48.762,112.809,0.694811,-1,-1,-1
321,125,849.776,418.844,188.022,525.342,0.932840,-1,-1,-1
321,130,546.040,454.323,27.606,60.173,0.645604,-1,-1,-1
321,143,1221.957,422.904,122.668,275.388,0.909651,-1,-1,-1
321,164,1711.278,396.718,173.746,455.105,0.896518,-1,-1,-1
321,174,14.955,401.292,298.221,454.500,0.970459,-1,-1,-1
322,2,417.010,464.072,52.860,100.832,0.679733,-1,-1,-1
322,8,729.348,478.108,53.915,116.920,0.818848,-1,-1,-1
322,13,1038.928,402.268,230.738,610.498,0.936857,-1,-1,-1
322,17,375.820,458.339,49.219,116.968,0.860134,-1,-1,-1
322,25,1207.390,444.382,41.783,101.760,0.843799,-1,-1,-1
322,28,1844.864,396.165,80.066,553.062,0.908763,-1,-1,-1
322,40,487.639,448.996,52.079,112.381,0.881058,-1,-1,-1
322,53,1434.383,436.026,47.199,110.717,0.903422,-1,-1,-1
322,60,1000.984,449.310,32.458,81.778,0.605395,-1,-1,-1
322,75,582.151,455.859,26.699,57.682,0.631452,-1,-1,-1
322,90,815.306,443.051,81.378,214.616,0.901650,-1,-1,-1
322,112,678.553,483.418,56.351,119.934,0.708202,-1,-1,-1
322,124,699.248,483.568,44.599,102.633,0.625304,-1,-1,-1
322,125,850.192,418.901,189.015,526.793,0.926198,-1,-1,-1
322,130,546.591,454.597,27.583,59.747,0.625200,-1,-1,-1
322,143,1229.903,421.256,115.945,270.137,0.919741,-1,-1,-1
322,164,1723.327,395.556,171.856,479.576,0.923498,-1,-1,-1
322,174,20.552,398.851,301.285,453.361,0.971489,-1,-1,-1
323,2,417.919,458.587,54.750,101.887,0.621143,-1,-1,-1
323,8,725.547,475.117,57.287,121.553,0.815846,-1,-1,-1
323,13,1043.159,417.883,217.175,594.487,0.933036,-1,-1,-1
323,17,373.021,457.757,51.966,117.332,0.866426,-1,-1,-1
323,25,1204.984,444.563,40.484,102.643,0.826326,-1,-1,-1
323,28,1850.325,401.502,72.450,549.866,0.891596,-1,-1,-1
323,40,485.041,448.732,52.632,112.967,0.885138,-1,-1,-1
323,53,1436.194,436.269,51.364,109.322,0.903385,-1,-1,-1
323,60,1001.213,449.450,34.087,84.107,0.630753,-1,-1,-1
323,75,581.533,455.571,26.409,57.382,0.619737,-1,-1,-1
323,90,818.671,445.676,85.464,211.452,0.895420,-1,-1,-1
323,111,309.805,452.421,38.277,104.452,0.631813,-1,-1,-1
323,124,691.588,477.829,43.662,98.723,0.651270,-1,-1,-1
323,125,856.383,416.001,184.805,528.993,0.939298,-1,-1,-1
323,130,550.010,455.190,27.656,59.073,0.613753,-1,-1,-1
323,143,1223.090,439.262,113.643,251.560,0.908724,-1,-1,-1
323,164,1734.415,400.509,159.762,460.322,0.918658,-1,-1,-1
323,174,25.695,400.208,300.043,455.739,0.971433,-1,-1,-1
324,2,414.712,454.963,60.719,112.424,0.752110,-1,-1,-1
324,8,727.359,475.387,55.618,120.962,0.845495,-1,-1,-1
324,11,1140.444,430.740,90.492,213.550,0.645805,-1,-1,-1
324,13,1045.809,390.913,221.779,622.982,0.945131,-1,-1,-1
324,17,373.623,458.732,51.563,116.194,0.869808,-1,-1,-1
324,25,1209.127,448.188,37.777,98.793,0.821058,-1,-1,-1
324,28,1845.115,396.322,74.331,552.774,0.875864,-1,-1,-1
324,40,485.909,450.843,51.400,111.284,0.883173,-1,-1,-1
324,53,1437.547,437.082,53.533,109.002,0.885551,-1,-1,-1
324,75,581.964,457.535,26.040,56.425,0.624076,-1,-1,-1
324,90,827.469,447.216,80.481,201.628,0.885871,-1,-1,-1
324,112,678.775,483.421,56.805,120.536,0.755216,-1,-1,-1
324,124,699.599,484.409,44.355,100.112,0.602120,-1,-1,-1
324,125,849.385,416.229,190.973,516.293,0.946866,-1,-1,-1
324,130,550.789,456.147,27.851,59.557,0.641613,-1,-1,-1
324,140,672.518,479.432,47.520,98.720,0.639685,-1,-1,-1
324,143,1221.008,426.043,115.707,263.254,0.913237,-1,-1,-1
324,164,1742.004,390.505,166.680,459.160,0.903418,-1,-1,-1
324,174,31.594,398.580,291.568,453.652,0.970441,-1,-1,-1
325,2,415.241,460.404,58.045,106.203,0.741851,-1,-1,-1
325,8,727.066,477.392,55.058,119.933,0.861510,-1,-1,-1
325,13,1054.378,390.692,236.923,623.656,0.938705,-1,-1,-1
325,17,373.696,459.644,51.522,113.724,0.864997,-1,-1,-1
325,25,1207.371,445.719,41.150,109.086,0.634476,-1,-1,-1
325,28,1852.268,399.277,71.905,555.798,0.767994,-1,-1,-1
325,40,486.868,451.415,50.254,109.719,0.885346,-1,-1,-1
325,50,1012.447,455.887,32.674,73.434,0.649218,-1,-1,-1
325,53,1441.695,439.436,56.931,106.407,0.885932,-1,-1,-1
325,54,801.276,476.898,36.386,70.400,0.661738,-1,-1,-1
325,75,578.347,458.171,25.672,55.826,0.614998,-1,-1,-1
325,90,832.901,445.389,80.158,204.349,0.879262,-1,-1,-1
325,112,678.071,482.525,57.130,121.901,0.762151,-1,-1,-1
325,124,699.769,483.900,45.061,102.405,0.609784,-1,-1,-1
325,125,844.772,414.953,195.868,516.566,0.945615,-1,-1,-1
325,130,550.689,455.141,28.329,60.238,0.670032,-1,-1,-1
325,140,670.645,478.949,49.658,103.987,0.642016,-1,-1,-1
325,143,1213.288,427.870,113.429,248.869,0.877717,-1,-1,-1
325,164,1748.243,398.075,170.220,466.030,0.920138,-1,-1,-1
325,174,41.138,403.184,282.936,438.255,0.967384,-1,-1,-1
326,2,414.500,455.401,62.673,111.065,0.738353,-1,-1,-1
326,8,726.428,475.258,56.727,122.605,0.841032,-1,-1,-1
326,13,1051.883,396.890,231.040,613.528,0.927364,-1,-1,-1
326,17,373.696,458.178,52.775,117.089,0.855780,-1,-1,-1
326,28,1855.319,406.994,69.539,549.148,0.627588,-1,-1,-1
326,40,485.190,448.903,51.444,112.733,0.882675,-1,-1,-1
326,53,1441.861,437.753,57.688,109.890,0.891632,-1,-1,-1
326,60,1012.085,455.702,31.763,76.406,0.648672,-1,-1,-1
326,90,827.942,444.311,90.777,217.068,0.901904,-1,-1,-1
326,112,676.830,482.748,57.732,121.558,0.758530,-1,-1,-1
326,125,847.635,416.426,192.554,514.742,0.949344,-1,-1,-1
326,130,550.925,454.685,28.806,60.881,0.649115,-1,-1,-1
326,143,1211.523,453.151,95.367,206.194,0.802260,-1,-1,-1
326,164,1757.350,400.161,163.680,473.324,0.943218,-1,-1,-1
326,174,57.575,398.535,266.254,436.001,0.964162,-1,-1,-1
327,2,409.303,451.852,66.180,113.260,0.750673,-1,-1,-1
327,8,729.237,480.148,53.734,116.391,0.828967,-1,-1,-1
327,13,1048.884,394.882,218.806,616.502,0.932965,-1,-1,-1
327,17,374.218,457.459,52.568,118.286,0.861685,-1,-1,-1
327,40,484.540,448.513,51.469,112.990,0.877054,-1,-1,-1
327,53,1441.619,436.296,58.916,110.673,0.894635,-1,-1,-1
327,54,803.098,478.505,37.386,69.722,0.613351,-1,-1,-1
327,60,1011.615,455.918,31.139,74.204,0.614727,-1,-1,-1
327,90,835.253,443.352,87.436,217.979,0.881994,-1,-1,-1
327,112,680.573,487.357,52.911,108.899,0.737144,-1,-1,-1
327,124,701.492,483.992,44.145,100.580,0.600384,-1,-1,-1
327,125,832.690,419.733,207.680,512.223,0.950315,-1,-1,-1
327,130,550.873,454.866,28.728,60.106,0.650131,-1,-1,-1
327,143,1196.762,432.378,95.139,211.753,0.700526,-1,-1,-1
327,164,1758.624,396.163,161.799,474.308,0.933657,-1,-1,-1
327,174,80.912,396.271,241.764,436.308,0.963031,-1,-1,-1
328,2,408.213,450.747,67.613,115.674,0.732936,-1,-1,-1
328,8,728.154,475.036,55.362,123.012,0.840243,-1,-1,-1
328,13,1048.311,393.520,206.883,617.919,0.933370,-1,-1,-1
328,17,374.756,458.438,51.869,117.002,0.855514,-1,-1,-1
328,40,483.287,448.428,51.467,113.653,0.849545,-1,-1,-1
328,53,1446.848,437.329,55.424,109.137,0.891761,-1,-1,-1
328,54,802.263,479.021,38.432,70.674,0.662968,-1,-1,-1
328,60,1011.891,456.277,31.931,76.705,0.609763,-1,-1,-1
328,90,843.639,448.203,80.853,209.869,0.858184,-1,-1,-1
328,112,681.248,486.070,54.053,109.936,0.789827,-1,-1,-1
328,124,701.773,484.224,43.489,99.512,0.604583,-1,-1,-1
328,125,834.266,417.166,210.452,515.042,0.951022,-1,-1,-1
328,130,552.606,454.453,28.903,60.561,0.620870,-1,-1,-1
328,141,1701.219,432.171,80.834,152.158,0.617721,-1,-1,-1
328,143,1189.457,430.654,102.650,241.278,0.837784,-1,-1,-1
328,164,1763.096,394.472,157.748,478.174,0.936208,-1,-1,-1
328,174,101.189,399.682,229.765,429.390,0.955365,-1,-1,-1
329,2,408.599,450.611,68.189,115.133,0.775264,-1,-1,-1
329,8,728.226,478.924,54.308,119.198,0.840470,-1,-1,-1
329,11,1188.658,423.616,75.606,207.286,0.795212,-1,-1,-1
329,13,1060.312,403.896,230.768,608.149,0.928550,-1,-1,-1
329,17,374.721,460.229,51.229,113.928,0.825552,-1,-1,-1
329,40,483.076,448.337,51.632,114.323,0.850364,-1,-1,-1
329,53,1455.229,438.998,49.081,105.155,0.873317,-1,-1,-1
329,54,801.641,478.634,38.759,70.499,0.628986,-1,-1,-1
329,60,1010.925,454.509,34.082,83.317,0.620727,-1,-1,-1
329,90,850.595,445.704,78.984,212.568,0.840348,-1,-1,-1
329,112,682.356,487.524,51.993,105.521,0.748131,-1,-1,-1
329,125,846.186,415.803,200.979,515.118,0.953131,-1,-1,-1
329,130,551.505,452.755,29.118,60.687,0.649873,-1,-1,-1
329,143,1129.003,409.878,160.529,372.198,0.616186,-1,-1,-1
329,164,1758.870,390.198,161.400,496.427,0.947349,-1,-1,-1
329,174,119.027,391.857,212.219,439.551,0.947043,-1,-1,-1
330,2,407.487,453.045,66.379,111.855,0.741248,-1,-1,-1
330,8,729.840,479.419,52.890,119.545,0.857011,-1,-1,-1
330,11,1184.320,420.445,78.786,211.058,0.801807,-1,-1,-1
330,13,1057.331,394.299,246.320,619.163,0.930450,-1,-1,-1
330,17,374.560,459.650,51.902,114.957,0.844887,-1,-1,-1
330,40,482.344,449.931,51.178,111.693,0.870916,-1,-1,-1
330,53,1457.881,437.607,47.147,105.411,0.884961,-1,-1,-1
330,54,800.763,478.298,40.502,70.908,0.633561,-1,-1,-1
330,60,1010.979,454.759,34.846,86.949,0.627295,-1,-1,-1
330,90,859.043,447.565,66.339,174.494,0.856995,-1,-1,-1
330,112,677.411,481.577,57.548,116.888,0.756359,-1,-1,-1
330,124,701.557,483.894,44.231,100.523,0.639284,-1,-1,-1
330,125,852.125,417.016,200.163,515.926,0.943530,-1,-1,-1
330,141,1689.325,431.467,91.315,153.476,0.748699,-1,-1,-1
330,164,1762.577,388.590,157.362,482.348,0.935447,-1,-1,-1
330,174,133.696,398.360,193.188,428.219,0.935853,-1,-1,-1
331,2,409.497,450.176,66.637,114.601,0.793195,-1,-1,-1
331,8,731.155,480.319,51.515,117.988,0.837808,-1,-1,-1
331,11,1190.366,425.187,63.769,166.351,0.697665,-1,-1,-1
331,13,1045.176,392.362,218.932,618.758,0.927793,-1,-1,-1
331,17,374.038,457.967,51.301,116.503,0.831717,-1,-1,-1
331,40,482.015,449.072,50.650,112.153,0.861854,-1,-1,-1
331,53,1461.053,433.401,45.374,110.892,0.892815,-1,-1,-1
331,54,801.305,482.380,37.250,65.203,0.629231,-1,-1,-1
331,90,864.956,447.808,63.821,159.272,0.823676,-1,-1,-1
331,112,674.260,484.308,57.095,116.609,0.748657,-1,-1,-1
331,124,702.129,485.162,43.809,99.284,0.679578,-1,-1,-1
331,125,855.852,417.748,195.993,516.687,0.944116,-1,-1,-1
331,164,1760.243,390.302,160.954,508.988,0.922060,-1,-1,-1
331,174,143.779,396.094,184.702,429.850,0.942928,-1,-1,-1
332,2,410.001,448.302,69.525,117.198,0.801909,-1,-1,-1
332,8,732.223,479.639,51.254,119.474,0.836594,-1,-1,-1
332,13,1052.670,391.548,208.900,621.285,0.936419,-1,-1,-1
332,17,374.742,458.335,50.538,115.294,0.831841,-1,-1,-1
332,40,483.094,449.233,50.504,113.789,0.847848,-1,-1,-1
332,53,1465.044,434.526,43.688,109.921,0.901081,-1,-1,-1
332,54,800.477,479.637,40.306,71.438,0.602181,-1,-1,-1
332,60,1009.613,454.345,32.453,81.069,0.626829,-1,-1,-1
332,90,862.731,446.015,76.082,189.255,0.773504,-1,-1,-1
332,112,674.642,483.994,54.654,112.425,0.772002,-1,-1,-1
332,124,703.027,485.588,42.972,98.799,0.709473,-1,-1,-1
332,125,864.117,414.689,195.817,517.527,0.943130,-1,-1,-1
332,130,551.756,452.879,29.016,60.923,0.635856,-1,-1,-1
332,141,1691.388,433.093,91.016,150.379,0.650657,-1,-1,-1
332,143,1126.502,403.421,185.670,413.365,0.776792,-1,-1,-1
332,164,1761.627,394.732,157.935,500.189,0.830589,-1,-1,-1
332,174,149.292,395.230,193.502,431.376,0.924098,-1,-1,-1
332,185,14.288,443.501,64.656,350.309,0.843569,-1,-1,-1
333,2,409.877,453.457,65.882,112.836,0.774709,-1,-1,-1
333,8,733.569,481.151,51.302,118.080,0.824447,-1,-1,-1
333,13,1062.397,389.344,238.023,624.481,0.927771,-1,-1,-1
333,17,376.830,459.974,50.035,115.350,0.847567,-1,-1,-1
333,40,485.036,451.251,48.346,110.741,0.854305,-1,-1,-1
333,53,1469.125,434.635,42.195,108.222,0.884138,-1,-1,-1
333,75,577.386,456.515,26.530,57.514,0.634281,-1,-1,-1
333,90,863.024,436.856,85.027,210.805,0.835946,-1,-1,-1
333,111,322.230,454.495,44.450,112.352,0.683564,-1,-1,-1
333,112,677.257,485.136,54.525,112.267,0.761733,-1,-1,-1
333,124,703.216,485.229,43.233,99.551,0.725880,-1,-1,-1
333,125,866.200,417.947,204.352,519.781,0.935982,-1,-1,-1
333,130,552.473,454.284,28.405,60.191,0.652011,-1,-1,-1
333,141,1681.894,427.489,98.135,156.861,0.610633,-1,-1,-1
333,143,1125.255,401.446,194.495,430.418,0.616064,-1,-1,-1
333,164,1767.563,395.321,150.059,451.454,0.905492,-1,-1,-1
333,174,156.875,397.551,203.406,425.164,0.944303,-1,-1,-1
333,185,10.452,429.264,101.293,361.849,0.885100,-1,-1,-1
334,2,409.749,454.526,60.872,109.516,0.742896,-1,-1,-1
334,8,733.384,480.480,51.598,116.814,0.845463,-1,-1,-1
334,13,1058.423,397.197,252.768,617.002,0.927005,-1,-1,-1
334,17,377.495,459.162,50.009,115.107,0.832703,-1,-1,-1
334,25,1220.431,446.652,42.828,118.157,0.720461,-1,-1,-1
334,40,486.677,450.586,45.976,110.021,0.851296,-1,-1,-1
334,53,1471.120,434.558,41.717,109.727,0.870769,-1,-1,-1
334,75,578.344,456.033,26.549,58.008,0.628782,-1,-1,-1
334,90,867.987,440.222,74.991,184.655,0.822673,-1,-1,-1
334,111,322.733,452.836,44.415,113.776,0.724047,-1,-1,-1
334,112,685.251,488.275,51.753,104.248,0.717909,-1,-1,-1
334,124,702.739,485.311,43.907,100.681,0.738681,-1,-1,-1
334,125,864.346,417.243,195.777,521.195,0.933343,-1,-1,-1
334,130,552.103,453.825,27.994,59.942,0.617948,-1,-1,-1
334,164,1769.031,391.505,149.401,446.676,0.850929,-1,-1,-1
334,174,170.182,415.523,208.656,408.121,0.952128,-1,-1,-1
334,185,6.418,437.953,125.273,354.552,0.910554,-1,-1,-1
335,2,411.690,453.698,60.564,110.082,0.761804,-1,-1,-1
335,8,732.476,479.042,51.654,116.425,0.819908,-1,-1,-1
335,13,1057.908,406.703,272.715,605.367,0.926402,-1,-1,-1
335,17,376.946,458.517,50.533,117.736,0.876055,-1,-1,-1
335,25,1218.828,446.844,50.601,143.041,0.652969,-1,-1,-1
335,40,487.104,450.531,46.681,111.591,0.801624,-1,-1,-1
335,53,1472.759,435.215,40.512,108.305,0.865099,-1,-1,-1
335,60,1009.342,454.651,31.415,76.656,0.648916,-1,-1,-1
335,75,575.899,456.626,26.338,57.388,0.662997,-1,-1,-1
335,90,875.744,447.424,74.460,179.934,0.722304,-1,-1,-1
335,112,676.638,483.393,55.356,112.059,0.748521,-1,-1,-1
335,124,702.441,484.391,43.595,99.742,0.661234,-1,-1,-1
335,125,865.521,417.927,196.255,514.813,0.937116,-1,-1,-1
335,130,551.865,454.873,27.310,58.555,0.647051,-1,-1,-1
335,140,691.373,477.464,45.921,100.717,0.662967,-1,-1,-1
335,143,1131.726,422.080,170.518,392.458,0.645726,-1,-1,-1
335,164,1772.274,413.879,147.596,440.003,0.882489,-1,-1,-1
335,174,174.235,393.723,225.397,428.566,0.953489,-1,-1,-1
335,185,2.406,430.861,142.266,358.935,0.944472,-1,-1,-1
336,2,413.254,452.971,63.602,111.700,0.696785,-1,-1,-1
336,8,731.759,479.357,52.147,119.904,0.816366,-1,-1,-1
336,13,1046.990,403.838,238.841,608.957,0.923612,-1,-1,-1
336,17,374.876,455.945,50.370,119.164,0.836907,-1,-1,-1
336,25,1222.658,445.787,45.868,129.349,0.683391,-1,-1,-1
336,40,487.393,449.893,46.217,111.023,0.784277,-1,-1,-1
336,53,1473.459,433.529,40.098,109.030,0.876795,-1,-1,-1
336,90,877.557,446.249,78.446,185.744,0.654987,-1,-1,-1
336,112,680.214,483.618,53.233,109.027,0.759266,-1,-1,-1
336,125,864.391,419.395,190.589,510.732,0.939185,-1,-1,-1
336,130,551.621,454.358,27.376,58.637,0.630715,-1,-1,-1
336,141,1682.797,433.822,97.888,152.941,0.653203,-1,-1,-1
336,143,1132.755,412.059,170.000,429.173,0.741521,-1,-1,-1
336,164,1781.116,416.586,143.551,440.291,0.785811,-1,-1,-1
336,174,179.897,388.997,225.239,432.691,0.952526,-1,-1,-1
336,185,2.791,433.013,148.389,359.923,0.923773,-1,-1,-1
337,2,417.003,466.833,58.620,98.812,0.602494,-1,-1,-1
337,8,730.270,476.731,52.930,123.202,0.851982,-1,-1,-1
337,11,1211.992,442.631,66.984,187.764,0.627759,-1,-1,-1
337,13,1051.035,399.728,223.074,611.369,0.933082,-1,-1,-1
337,17,374.299,458.477,50.656,117.467,0.840755,-1,-1,-1
337,25,1223.507,443.863,45.764,126.034,0.676507,-1,-1,-1
337,40,483.849,445.169,47.726,115.625,0.782336,-1,-1,-1
337,53,1475.892,436.170,41.083,105.894,0.873422,-1,-1,-1
337,112,675.729,479.429,58.711,123.905,0.794083,-1,-1,-1
337,125,865.285,420.348,190.606,510.667,0.937168,-1,-1,-1
337,140,689.467,474.989,48.386,108.741,0.616831,-1,-1,-1
337,141,1689.907,434.231,94.915,151.668,0.688437,-1,-1,-1
337,143,1142.936,415.902,184.580,430.368,0.768112,-1,-1,-1
337,164,1790.273,419.480,136.355,442.807,0.797222,-1,-1,-1
337,174,190.539,393.089,232.389,428.718,0.952543,-1,-1,-1
337,185,0.619,436.517,152.018,353.324,0.948449,-1,-1,-1
338,2,415.013,466.468,62.042,100.230,0.719381,-1,-1,-1
338,8,731.280,480.514,52.162,119.765,0.819383,-1,-1,-1
338,13,1054.006,397.030,227.550,613.332,0.932664,-1,-1,-1
338,17,375.474,459.343,49.376,114.638,0.850587,-1,-1,-1
338,25,1225.198,443.226,46.004,122.523,0.668478,-1,-1,-1
338,40,484.477,448.617,45.811,111.715,0.818506,-1,-1,-1
338,53,1476.994,435.303,43.847,108.245,0.875713,-1,-1,-1
338,112,678.794,483.508,54.151,113.387,0.762043,-1,-1,-1
338,125,866.433,419.374,193.583,512.691,0.940004,-1,-1,-1
338,141,1673.255,431.314,100.938,155.501,0.644231,-1,-1,-1
338,143,1144.294,411.541,190.641,429.042,0.757512,-1,-1,-1
338,174,197.052,402.125,242.271,419.074,0.958596,-1,-1,-1
338,185,0.649,446.873,153.211,343.250,0.946807,-1,-1,-1
339,2,414.980,468.019,62.139,97.256,0.709900,-1,-1,-1
339,8,730.290,476.727,53.337,123.244,0.847787,-1,-1,-1
339,13,1059.512,395.065,282.650,614.746,0.937724,-1,-1,-1
339,17,374.227,459.585,50.232,115.411,0.846304,-1,-1,-1
339,25,1230.697,442.979,41.214,103.377,0.769297,-1,-1,-1
339,40,483.569,447.532,46.483,112.811,0.794135,-1,-1,-1
339,53,1477.514,435.872,43.568,107.606,0.827619,-1,-1,-1
339,112,675.942,480.012,57.937,122.176,0.823834,-1,-1,-1
339,125,867.163,420.148,189.939,513.496,0.937817,-1,-1,-1
339,143,1149.242,410.129,186.750,407.392,0.647758,-1,-1,-1
339,173,1832.867,450.247,79.563,194.789,0.673464,-1,-1,-1
339,174,207.723,433.208,243.670,389.378,0.955895,-1,-1,-1
339,185,0.623,447.220,152.937,341.887,0.952247,-1,-1,-1
340,2,413.464,467.866,63.713,97.293,0.754386,-1,-1,-1
340,8,730.644,476.803,53.035,121.738,0.835781,-1,-1,-1
340,13,1048.323,390.774,251.159,620.032,0.935617,-1,-1,-1
340,17,374.059,460.787,49.251,112.249,0.840190,-1,-1,-1
340,25,1232.457,443.378,40.222,96.754,0.763342,-1,-1,-1
340,40,487.327,451.066,44.846,108.658,0.785187,-1,-1,-1
340,53,1481.164,435.563,46.091,107.733,0.804943,-1,-1,-1
340,112,676.610,481.189,57.202,121.346,0.818804,-1,-1,-1
340,125,869.945,420.061,187.216,511.585,0.941876,-1,-1,-1
340,143,1140.994,404.508,199.543,424.627,0.743255,-1,-1,-1
340,173,1834.089,452.137,83.197,197.949,0.617606,-1,-1,-1
340,174,217.951,428.912,240.613,394.645,0.958659,-1,-1,-1
340,185,-0.142,438.832,155.306,352.143,0.959579,-1,-1,-1
341,2,412.507,471.649,61.846,93.815,0.675736,-1,-1,-1
341,8,731.268,480.998,52.839,119.111,0.821115,-1,-1,-1
341,13,1057.377,391.045,266.412,621.139,0.936882,-1,-1,-1
341,17,374.584,459.800,51.889,115.578,0.828885,-1,-1,-1
341,25,1232.714,439.749,42.585,100.458,0.725298,-1,-1,-1
341,40,488.138,449.793,44.657,108.386,0.757811,-1,-1,-1
341,53,1481.857,434.009,46.624,109.974,0.725728,-1,-1,-1
341,112,675.757,478.997,58.274,125.005,0.826444,-1,-1,-1
341,125,869.182,421.118,177.405,513.194,0.942433,-1,-1,-1
341,143,1141.287,406.228,204.870,425.971,0.722048,-1,-1,-1
341,174,224.071,414.211,240.014,405.475,0.954665,-1,-1,-1
341,185,0.365,438.808,158.739,352.837,0.948705,-1,-1,-1
342,2,412.674,467.972,63.389,95.101,0.675633,-1,-1,-1
342,8,731.344,481.484,53.348,118.111,0.803887,-1,-1,-1
342,13,1053.816,391.865,240.136,617.903,0.941492,-1,-1,-1
342,17,374.099,460.224,51.614,113.493,0.763745,-1,-1,-1
342,25,1235.032,441.923,39.319,88.791,0.627026,-1,-1,-1
342,40,489.769,451.902,43.172,106.141,0.771991,-1,-1,-1
342,54,801.658,481.059,37.234,68.574,0.602168,-1,-1,-1
342,112,676.832,481.972,57.315,122.998,0.669395,-1,-1,-1
342,124,692.210,481.754,43.914,101.378,0.604272,-1,-1,-1
342,125,871.721,419.615,175.852,516.511,0.946348,-1,-1,-1
342,143,1146.231,409.094,201.198,427.594,0.852091,-1,-1,-1
342,174,232.170,436.701,237.005,382.887,0.949217,-1,-1,-1
342,185,0.447,443.068,157.611,342.066,0.946350,-1,-1,-1
343,2,412.069,464.563,66.660,98.785,0.682064,-1,-1,-1
343,8,731.262,481.612,53.910,118.426,0.810635,-1,-1,-1
343,13,1055.267,387.472,236.899,620.124,0.939643,-1,-1,-1
343,17,374.536,458.102,53.458,116.866,0.771418,-1,-1,-1
343,25,1235.771,442.525,42.178,91.414,0.736995,-1,-1,-1
343,40,484.586,448.928,45.955,112.199,0.768532,-1,-1,-1
343,54,801.142,479.068,37.303,70.070,0.612346,-1,-1,-1
343,112,682.357,484.648,52.595,106.444,0.743557,-1,-1,-1
343,125,874.225,421.655,172.469,511.613,0.946004,-1,-1,-1
343,130,552.726,455.941,26.738,57.854,0.607499,-1,-1,-1
343,143,1134.638,395.402,213.694,450.617,0.843126,-1,-1,-1
343,174,233.410,407.979,235.806,411.590,0.957451,-1,-1,-1
343,185,-2.455,438.655,157.426,374.081,0.935735,-1,-1,-1
344,2,412.785,468.088,65.239,95.618,0.679398,-1,-1,-1
344,8,731.274,478.802,54.575,122.439,0.847005,-1,-1,-1
344,13,1050.813,391.244,223.927,620.331,0.938145,-1,-1,-1
344,17,375.332,458.303,52.187,115.593,0.744584,-1,-1,-1
344,25,1236.572,443.060,42.162,90.772,0.749544,-1,-1,-1
344,40,489.415,451.872,41.850,100.407,0.744470,-1,-1,-1
344,53,1489.908,443.865,46.702,101.679,0.682562,-1,-1,-1
344,54,801.940,479.639,36.262,68.139,0.651547,-1,-1,-1
344,112,675.687,480.437,61.034,123.490,0.783211,-1,-1,-1
344,125,877.706,420.225,175.552,513.344,0.943944,-1,-1,-1
344,130,553.420,456.839,26.338,57.289,0.607638,-1,-1,-1
344,143,1133.820,393.528,210.643,449.761,0.818161,-1,-1,-1
344,174,238.504,404.513,233.851,413.867,0.960344,-1,-1,-1
344,185,1.358,441.668,149.711,347.391,0.938278,-1,-1,-1
345,2,409.950,457.610,69.796,106.196,0.799140,-1,-1,-1
345,8,732.415,481.949,51.730,110.051,0.835818,-1,-1,-1
345,13,1062.631,390.620,263.779,622.445,0.941651,-1,-1,-1
345,17,378.016,461.538,47.894,108.129,0.750083,-1,-1,-1
345,25,1236.648,444.642,43.363,95.359,0.763450,-1,-1,-1
345,40,487.709,448.896,46.003,110.174,0.797677,-1,-1,-1
345,60,1009.068,454.823,31.385,75.940,0.677834,-1,-1,-1
345,75,581.423,458.983,25.995,54.658,0.610761,-1,-1,-1
345,124,689.681,488.090,47.292,96.993,0.672540,-1,-1,-1
345,125,881.012,421.436,175.024,510.109,0.941405,-1,-1,-1
345,130,552.759,455.667,26.750,57.762,0.631836,-1,-1,-1
345,143,1134.457,393.624,212.121,452.538,0.795943,-1,-1,-1
345,174,243.382,403.310,225.594,414.969,0.962204,-1,-1,-1
345,185,2.900,440.712,153.968,348.274,0.929447,-1,-1,-1
346,2,410.408,454.042,69.866,109.367,0.782947,-1,-1,-1
346,8,731.581,480.148,54.034,114.801,0.828560,-1,-1,-1
346,13,1061.709,389.810,293.278,622.412,0.948128,-1,-1,-1
346,25,1239.090,445.342,40.527,87.310,0.803149,-1,-1,-1
346,40,484.888,447.483,47.504,114.617,0.790993,-1,-1,-1
346,54,803.317,482.955,34.747,63.541,0.601809,-1,-1,-1
346,75,580.780,458.574,26.297,54.254,0.618326,-1,-1,-1
346,125,883.660,421.222,175.816,521.835,0.935423,-1,-1,-1
346,143,1143.148,410.642,203.594,428.359,0.610807,-1,-1,-1
346,174,257.942,402.080,209.447,416.368,0.954123,-1,-1,-1
346,185,23.082,439.205,144.279,345.222,0.928285,-1,-1,-1
347,2,411.694,460.309,64.693,101.613,0.727598,-1,-1,-1
347,8,731.660,480.142,53.650,114.267,0.823468,-1,-1,-1
347,13,1053.312,389.260,255.391,623.758,0.936064,-1,-1,-1
347,25,1238.371,443.808,42.731,93.345,0.803116,-1,-1,-1
347,40,484.985,446.426,47.640,115.630,0.743799,-1,-1,-1
347,54,802.837,482.716,35.741,63.872,0.604082,-1,-1,-1
347,125,884.260,417.565,171.252,513.275,0.935503,-1,-1,-1
347,143,1140.413,413.199,208.033,432.262,0.790316,-1,-1,-1
347,174,269.660,396.248,198.951,418.487,0.954849,-1,-1,-1
347,185,45.544,432.915,133.977,351.012,0.929634,-1,-1,-1
348,8,731.748,481.265,52.768,111.579,0.801998,-1,-1,-1
348,13,1056.537,386.447,243.114,624.600,0.942748,-1,-1,-1
348,25,1239.426,444.911,42.545,93.625,0.814940,-1,-1,-1
348,40,483.529,448.149,47.508,113.934,0.760036,-1,-1,-1
348,53,1498.579,428.721,51.292,114.163,0.822201,-1,-1,-1
348,60,1008.056,459.889,30.394,75.257,0.611926,-1,-1,-1
348,112,669.126,486.105,59.602,113.142,0.767330,-1,-1,-1
348,125,887.844,421.524,172.528,519.674,0.932539,-1,-1,-1
348,143,1147.169,410.287,207.574,431.788,0.789296,-1,-1,-1
348,174,286.324,406.988,186.234,404.198,0.946655,-1,-1,-1
348,185,43.407,436.414,145.778,348.514,0.920583,-1,-1,-1
349,2,411.100,470.932,57.699,94.372,0.604520,-1,-1,-1
349,8,733.378,480.397,49.361,104.673,0.740244,-1,-1,-1
349,13,1059.048,391.194,250.916,623.665,0.943940,-1,-1,-1
349,25,1238.941,445.405,43.487,95.249,0.813595,-1,-1,-1
349,40,483.856,448.953,47.045,112.001,0.699560,-1,-1,-1
349,60,1007.911,460.247,30.912,77.566,0.617911,-1,-1,-1
349,112,670.656,486.317,58.587,104.488,0.707415,-1,-1,-1
349,125,890.203,420.784,175.103,518.428,0.930844,-1,-1,-1
349,143,1140.442,404.162,211.361,433.004,0.724203,-1,-1,-1
349,174,299.908,401.278,168.690,405.067,0.956904,-1,-1,-1
349,185,59.091,432.164,142.974,349.674,0.931268,-1,-1,-1
350,8,731.646,479.664,51.596,110.055,0.775382,-1,-1,-1
350,13,1054.570,401.604,251.473,611.443,0.937959,-1,-1,-1
350,14,1094.216,455.039,41.526,108.047,0.604539,-1,-1,-1
350,25,1236.797,444.916,44.494,98.371,0.813068,-1,-1,-1
350,40,479.320,448.086,49.062,113.251,0.623277,-1,-1,-1
350,53,1505.505,433.604,49.699,108.916,0.715778,-1,-1,-1
350,60,1005.992,460.588,32.226,81.807,0.629620,-1,-1,-1
350,112,669.883,484.298,64.103,107.653,0.738061,-1,-1,-1
350,125,889.491,419.247,179.111,524.296,0.929227,-1,-1,-1
350,143,1147.359,430.408,200.398,402.486,0.661855,-1,-1,-1
350,174,305.951,425.169,160.614,380.328,0.942940,-1,-1,-1
350,185,66.542,430.412,154.997,349.620,0.943845,-1,-1,-1
351,8,732.768,478.790,52.046,115.828,0.812502,-1,-1,-1
351,13,1046.905,395.839,231.198,616.793,0.943621,-1,-1,-1
351,25,1236.954,444.460,44.482,101.466,0.841258,-1,-1,-1
351,112,667.162,484.519,66.293,112.155,0.755975,-1,-1,-1
351,124,698.239,476.426,45.252,99.314,0.641320,-1,-1,-1
351,125,889.457,417.855,175.207,524.185,0.930273,-1,-1,-1
351,143,1141.975,423.141,207.022,413.621,0.772466,-1,-1,-1
351,174,311.235,398.337,159.708,403.489,0.940171,-1,-1,-1
351,185,76.254,439.597,173.092,340.171,0.950038,-1,-1,-1
351,195,0.927,454.485,49.417,407.600,0.884232,-1,-1,-1
352,8,732.182,477.526,52.768,119.892,0.835055,-1,-1,-1
352,11,1077.418,441.811,64.878,184.915,0.662477,-1,-1,-1
352,13,1054.726,389.202,241.569,624.266,0.939626,-1,-1,-1
352,25,1239.573,445.232,41.981,96.324,0.829545,-1,-1,-1
352,53,1508.659,429.632,51.007,113.189,0.624690,-1,-1,-1
352,54,805.486,484.160,37.371,64.588,0.612382,-1,-1,-1
352,112,666.264,485.499,64.663,109.114,0.755680,-1,-1,-1
352,124,699.063,477.808,43.315,97.273,0.666213,-1,-1,-1
352,125,890.698,418.188,174.484,523.666,0.929185,-1,-1,-1
352,143,1152.379,421.816,202.885,408.701,0.736774,-1,-1,-1
352,173,1831.632,466.234,83.097,182.332,0.611485,-1,-1,-1
352,174,315.849,395.503,165.472,404.836,0.938922,-1,-1,-1
352,185,69.776,449.055,198.426,329.286,0.957049,-1,-1,-1
352,195,1.434,449.978,55.726,409.184,0.907146,-1,-1,-1
353,8,730.662,475.859,53.077,120.503,0.820290,-1,-1,-1
353,11,1067.289,438.704,72.522,194.394,0.793411,-1,-1,-1
353,13,1065.003,388.172,272.224,624.133,0.937584,-1,-1,-1
353,25,1240.819,445.987,41.022,94.153,0.842800,-1,-1,-1
353,40,485.997,447.529,43.128,100.199,0.628291,-1,-1,-1
353,53,1514.416,435.734,46.113,106.390,0.830635,-1,-1,-1
353,54,803.394,482.018,38.329,66.697,0.623957,-1,-1,-1
353,112,667.877,483.972,66.897,109.228,0.762667,-1,-1,-1
353,124,696.983,475.333,43.480,97.307,0.640298,-1,-1,-1
353,125,891.484,421.097,172.771,521.702,0.930167,-1,-1,-1
353,174,316.844,393.201,170.795,403.364,0.944876,-1,-1,-1
353,185,72.345,437.339,214.763,345.324,0.959127,-1,-1,-1
353,195,2.428,439.803,66.225,420.027,0.907311,-1,-1,-1
354,8,731.187,474.987,53.867,122.062,0.844135,-1,-1,-1
354,11,1052.975,434.965,83.515,213.850,0.827243,-1,-1,-1
354,13,1060.778,382.745,300.458,631.010,0.940001,-1,-1,-1
354,25,1239.301,445.041,43.776,104.085,0.846471,-1,-1,-1
354,53,1514.795,431.790,46.648,110.243,0.764888,-1,-1,-1
354,112,666.229,475.152,75.149,125.977,0.793482,-1,-1,-1
354,125,892.557,421.449,180.403,521.263,0.941818,-1,-1,-1
354,140,691.497,470.432,49.085,107.322,0.620574,-1,-1,-1
354,174,321.503,395.747,175.318,404.048,0.942826,-1,-1,-1
354,185,75.241,440.464,217.772,341.257,0.957027,-1,-1,-1
354,195,2.986,454.482,77.822,395.276,0.922227,-1,-1,-1
355,8,731.911,477.570,54.060,121.761,0.853070,-1,-1,-1
355,11,1053.431,433.605,80.818,214.866,0.894018,-1,-1,-1
355,13,1058.023,386.467,305.494,626.476,0.945028,-1,-1,-1
355,25,1240.762,446.173,40.047,93.929,0.838247,-1,-1,-1
355,53,1515.501,428.646,48.945,112.960,0.800249,-1,-1,-1
355,112,670.206,486.381,64.202,108.157,0.744255,-1,-1,-1
355,124,695.261,476.681,44.611,99.256,0.662656,-1,-1,-1
355,125,891.149,420.822,174.287,521.480,0.941305,-1,-1,-1
355,174,336.326,395.574,172.617,405.654,0.931394,-1,-1,-1
355,185,79.495,435.868,221.926,349.075,0.955084,-1,-1,-1
355,195,7.629,448.163,108.494,400.234,0.913669,-1,-1,-1
356,8,731.774,475.796,55.650,124.161,0.838399,-1,-1,-1
356,11,1049.003,434.938,76.394,209.666,0.894809,-1,-1,-1
356,13,1056.733,388.144,307.762,623.629,0.946683,-1,-1,-1
356,25,1241.866,445.685,39.495,90.418,0.832464,-1,-1,-1
356,53,1517.928,433.645,46.984,105.946,0.745750,-1,-1,-1
356,112,666.800,481.730,67.204,117.943,0.797854,-1,-1,-1
356,124,693.774,473.788,47.161,105.470,0.618452,-1,-1,-1
356,125,892.358,420.112,180.294,520.644,0.941074,-1,-1,-1
356,174,343.073,394.868,173.881,402.050,0.944859,-1,-1,-1
356,185,96.283,435.220,204.543,338.251,0.953953,-1,-1,-1
356,195,6.311,449.121,146.384,408.079,0.927284,-1,-1,-1
357,8,732.016,477.461,55.154,121.014,0.772017,-1,-1,-1
357,11,1048.301,438.007,76.711,205.687,0.883801,-1,-1,-1
357,13,1056.381,386.852,307.713,626.793,0.947945,-1,-1,-1
357,25,1241.758,445.644,40.760,96.566,0.829417,-1,-1,-1
357,40,476.049,447.642,48.163,111.897,0.614398,-1,-1,-1
357,53,1522.755,436.437,45.811,102.600,0.691936,-1,-1,-1
357,90,924.991,449.049,42.975,114.738,0.669001,-1,-1,-1
357,112,672.057,481.560,63.853,113.582,0.762225,-1,-1,-1
357,125,892.661,416.769,179.884,520.970,0.944792,-1,-1,-1
357,130,551.260,453.419,27.318,58.593,0.635735,-1,-1,-1
357,174,352.684,396.812,195.525,403.386,0.946717,-1,-1,-1
357,185,105.517,436.913,201.329,337.849,0.938593,-1,-1,-1
357,195,4.095,439.747,185.933,415.384,0.955373,-1,-1,-1
358,8,733.340,487.658,50.382,109.124,0.686229,-1,-1,-1
358,11,1048.463,441.990,74.797,202.774,0.895061,-1,-1,-1
358,13,1057.091,384.654,305.051,630.015,0.951643,-1,-1,-1
358,25,1245.128,445.402,38.792,96.307,0.808391,-1,-1,-1
358,40,475.859,445.652,48.570,113.746,0.735719,-1,-1,-1
358,53,1524.806,435.409,46.078,103.441,0.719245,-1,-1,-1
358,54,805.620,483.935,37.652,65.963,0.651610,-1,-1,-1
358,112,669.635,483.902,61.843,111.044,0.777773,-1,-1,-1
358,125,892.589,416.320,177.544,520.552,0.947023,-1,-1,-1
358,174,354.004,399.901,213.296,398.282,0.948859,-1,-1,-1
358,185,106.023,439.556,197.087,326.202,0.926144,-1,-1,-1
358,195,3.254,441.756,205.209,415.519,0.953748,-1,-1,-1
359,8,733.007,489.271,49.475,104.735,0.635214,-1,-1,-1
359,11,1042.062,443.510,72.729,203.018,0.896572,-1,-1,-1
359,13,1058.383,390.607,305.756,621.898,0.951949,-1,-1,-1
359,25,1245.758,444.113,38.880,96.229,0.809213,-1,-1,-1
359,40,478.031,448.308,46.588,110.616,0.741460,-1,-1,-1
359,53,1526.768,432.313,45.972,104.761,0.733535,-1,-1,-1
359,112,668.125,483.624,64.715,116.566,0.800286,-1,-1,-1
359,125,894.003,420.687,179.417,518.057,0.943197,-1,-1,-1
359,174,356.584,410.483,225.402,387.745,0.958314,-1,-1,-1
359,185,118.079,431.447,189.314,333.629,0.937791,-1,-1,-1
359,195,2.032,447.614,219.286,410.555,0.964776,-1,-1,-1
360,11,1032.280,431.983,76.927,216.327,0.757931,-1,-1,-1
360,13,1055.365,386.607,310.419,626.202,0.955701,-1,-1,-1
360,25,1243.990,444.626,40.441,98.797,0.824210,-1,-1,-1
360,40,472.379,446.644,51.627,117.903,0.750018,-1,-1,-1
360,53,1528.569,431.145,46.383,106.862,0.684400,-1,-1,-1
360,112,668.397,482.238,66.500,113.783,0.768685,-1,-1,-1
360,125,894.097,419.573,184.208,517.471,0.947371,-1,-1,-1
360,173,1828.020,381.502,99.463,269.632,0.665056,-1,-1,-1
360,174,359.317,414.456,228.348,386.659,0.959803,-1,-1,-1
360,185,127.725,433.161,179.945,329.581,0.936955,-1,-1,-1
360,195,0.037,446.992,219.842,410.888,0.962852,-1,-1,-1
361,8,733.539,480.635,53.366,113.266,0.644664,-1,-1,-1
361,11,1025.280,432.432,76.028,213.285,0.793203,-1,-1,-1
361,13,1055.469,385.581,307.501,628.586,0.954969,-1,-1,-1
361,25,1244.217,440.511,42.810,104.499,0.790121,-1,-1,-1
361,53,1531.947,430.709,46.195,106.276,0.704933,-1,-1,-1
361,54,802.969,484.028,37.563,64.736,0.616347,-1,-1,-1
361,112,669.201,486.048,62.105,103.770,0.701453,-1,-1,-1
361,125,893.454,412.277,184.638,521.959,0.949562,-1,-1,-1
361,173,1832.714,456.079,79.266,193.370,0.702324,-1,-1,-1
361,174,367.917,400.992,225.499,400.147,0.958374,-1,-1,-1
361,185,134.306,430.602,171.455,334.434,0.917211,-1,-1,-1
361,195,0.313,440.157,226.273,411.299,0.966609,-1,-1,-1
362,8,731.535,481.260,53.944,115.885,0.707324,-1,-1,-1
362,11,1028.467,436.281,72.930,210.855,0.878900,-1,-1,-1
362,13,1057.491,386.388,304.699,628.062,0.957216,-1,-1,-1
362,14,1086.748,446.332,57.581,153.447,0.694667,-1,-1,-1
362,25,1243.730,441.594,40.995,102.635,0.796973,-1,-1,-1
362,75,577.508,455.516,26.332,55.403,0.649193,-1,-1,-1
362,111,309.871,451.290,39.634,113.004,0.632543,-1,-1,-1
362,112,664.055,484.978,64.519,109.980,0.774551,-1,-1,-1
362,124,684.454,485.363,51.702,106.711,0.693743,-1,-1,-1
362,125,898.359,413.167,179.068,522.889,0.955631,-1,-1,-1
362,130,551.197,454.095,26.939,57.247,0.600089,-1,-1,-1
362,174,373.582,404.672,223.019,395.179,0.954671,-1,-1,-1
362,185,158.401,428.427,148.007,335.552,0.924928,-1,-1,-1
362,195,0.527,443.447,239.078,413.208,0.968620,-1,-1,-1
363,8,731.952,478.737,54.260,118.691,0.767497,-1,-1,-1
363,13,1054.759,394.134,304.339,622.212,0.953158,-1,-1,-1
363,25,1244.584,442.595,40.628,100.831,0.797032,-1,-1,-1
363,53,1533.635,424.805,49.811,113.866,0.613747,-1,-1,-1
363,111,310.346,450.719,37.949,113.134,0.696972,-1,-1,-1
363,112,672.361,485.294,64.816,109.860,0.741394,-1,-1,-1
363,124,691.744,482.686,49.736,103.942,0.667648,-1,-1,-1
363,125,901.818,415.842,185.775,516.597,0.946718,-1,-1,-1
363,174,381.855,403.991,214.954,392.285,0.951642,-1,-1,-1
363,185,169.574,432.958,133.646,335.917,0.932000,-1,-1,-1
363,195,-0.310,445.578,228.046,405.417,0.967247,-1,-1,-1
364,8,732.258,479.853,53.372,116.547,0.759741,-1,-1,-1
364,13,1058.080,389.062,308.223,624.804,0.950742,-1,-1,-1
364,25,1246.313,444.789,41.516,97.692,0.826894,-1,-1,-1
364,53,1535.358,421.833,50.419,115.983,0.786206,-1,-1,-1
364,75,576.437,455.100,26.615,55.976,0.633126,-1,-1,-1
364,111,310.176,450.691,37.678,110.206,0.610751,-1,-1,-1
364,112,666.513,485.301,64.548,108.058,0.743504,-1,-1,-1
364,124,688.595,478.659,52.455,111.610,0.606229,-1,-1,-1
364,125,902.770,414.842,182.457,516.210,0.942447,-1,-1,-1
364,130,550.718,453.308,27.771,59.729,0.643921,-1,-1,-1
364,174,388.944,404.249,214.374,392.399,0.958032,-1,-1,-1
364,185,177.250,428.252,129.762,340.386,0.923760,-1,-1,-1
364,195,0.651,442.903,235.840,408.895,0.964841,-1,-1,-1
365,8,732.948,481.497,52.390,113.380,0.745252,-1,-1,-1
365,13,1052.771,396.276,312.287,618.243,0.953193,-1,-1,-1
365,25,1246.006,442.933,43.856,100.554,0.822085,-1,-1,-1
365,53,1542.013,420.103,49.103,116.913,0.670233,-1,-1,-1
365,75,576.035,454.628,26.663,56.567,0.625414,-1,-1,-1
365,112,666.385,488.114,63.315,104.192,0.721391,-1,-1,-1
365,125,906.831,410.541,178.915,528.764,0.943958,-1,-1,-1
365,130,550.478,453.848,27.107,58.886,0.610392,-1,-1,-1
365,174,388.259,410.310,217.404,390.742,0.956101,-1,-1,-1
365,185,195.729,442.201,115.289,322.301,0.917243,-1,-1,-1
365,195,2.960,437.698,232.416,416.178,0.958486,-1,-1,-1
366,8,732.430,482.680,52.378,113.719,0.748887,-1,-1,-1
366,13,1052.560,391.550,314.898,624.817,0.954688,-1,-1,-1
366,17,372.908,459.653,49.321,112.931,0.721112,-1,-1,-1
366,25,1247.185,442.967,44.004,100.221,0.817304,-1,-1,-1
366,112,665.999,485.508,65.647,107.155,0.778509,-1,-1,-1
366,124,688.723,480.728,51.405,111.931,0.632070,-1,-1,-1
366,125,913.480,412.025,172.172,528.793,0.947424,-1,-1,-1
366,174,391.624,409.463,218.301,390.110,0.954751,-1,-1,-1
366,185,204.785,439.160,114.197,324.460,0.905583,-1,-1,-1
366,195,4.661,437.609,232.400,403.216,0.953052,-1,-1,-1
366,207,845.891,471.425,42.492,76.343,0.622802,-1,-1,-1
367,8,730.932,478.556,54.648,120.506,0.725371,-1,-1,-1
367,13,1051.383,393.966,314.641,622.874,0.955161,-1,-1,-1
367,17,370.861,457.578,53.084,117.305,0.691255,-1,-1,-1
367,25,1247.096,439.987,45.453,103.648,0.836163,-1,-1,-1
367,112,659.818,486.119,59.035,102.312,0.748786,-1,-1,-1
367,125,915.457,412.727,170.090,528.324,0.946528,-1,-1,-1
367,140,688.412,486.520,50.668,99.469,0.748773,-1,-1,-1
367,174,395.102,407.605,215.842,383.912,0.950013,-1,-1,-1
367,185,212.854,428.732,121.091,338.045,0.918331,-1,-1,-1
367,195,17.257,438.026,218.558,398.303,0.934792,-1,-1,-1
368,8,730.448,478.634,53.831,119.312,0.792039,-1,-1,-1
368,13,1050.844,392.174,317.151,625.395,0.953378,-1,-1,-1
368,14,1095.260,439.145,49.370,141.577,0.604755,-1,-1,-1
368,17,370.574,455.835,53.634,120.992,0.792032,-1,-1,-1
368,25,1248.734,437.489,45.333,105.989,0.779965,-1,-1,-1
368,54,804.086,483.444,39.459,67.513,0.665649,-1,-1,-1
368,111,310.098,452.295,37.590,109.863,0.663825,-1,-1,-1
368,112,658.299,486.888,53.289,94.092,0.657380,-1,-1,-1
368,124,668.101,480.694,62.877,119.881,0.681459,-1,-1,-1
368,125,919.953,409.617,169.272,533.469,0.946872,-1,-1,-1
368,140,684.331,483.460,54.828,105.955,0.817114,-1,-1,-1
368,173,1833.705,460.737,80.300,183.486,0.626664,-1,-1,-1
368,174,395.890,395.175,214.253,392.959,0.952024,-1,-1,-1
368,185,220.387,431.960,132.543,332.220,0.926557,-1,-1,-1
368,195,37.460,436.972,197.114,394.605,0.943797,-1,-1,-1
368,207,846.133,472.684,41.256,74.112,0.627493,-1,-1,-1
369,2,407.709,451.827,53.289,117.013,0.728149,-1,-1,-1
369,8,729.510,478.651,53.591,117.453,0.813461,-1,-1,-1
369,13,1051.142,392.160,318.165,624.203,0.954051,-1,-1,-1
369,14,1096.149,445.620,49.605,140.735,0.636589,-1,-1,-1
369,17,371.159,458.315,51.282,117.553,0.814881,-1,-1,-1
369,25,1248.131,439.527,44.197,103.798,0.788588,-1,-1,-1
369,54,803.053,483.707,38.461,65.707,0.697499,-1,-1,-1
369,60,1062.186,459.606,53.421,129.352,0.680155,-1,-1,-1
369,75,578.937,457.901,27.091,53.558,0.709423,-1,-1,-1
369,111,309.289,451.187,38.477,112.950,0.674126,-1,-1,-1
369,124,660.052,478.392,65.865,125.092,0.695902,-1,-1,-1
369,125,921.056,410.347,167.367,530.330,0.948687,-1,-1,-1
369,140,684.656,481.275,56.079,109.155,0.797996,-1,-1,-1
369,143,1070.278,444.447,79.848,151.641,0.666899,-1,-1,-1
369,173,1831.344,461.960,83.990,185.978,0.674736,-1,-1,-1
369,174,402.792,391.435,206.436,393.968,0.950664,-1,-1,-1
369,185,226.883,427.740,147.613,336.378,0.944792,-1,-1,-1
369,195,48.687,438.432,184.569,384.405,0.929964,-1,-1,-1
369,207,846.482,473.048,41.377,73.494,0.623671,-1,-1,-1
370,8,729.367,478.271,53.049,117.003,0.772679,-1,-1,-1
370,13,1051.387,398.449,316.830,617.532,0.954743,-1,-1,-1
370,17,370.891,456.659,53.419,119.029,0.804880,-1,-1,-1
370,25,1249.211,440.593,43.834,101.217,0.789888,-1,-1,-1
370,54,801.639,480.585,39.400,68.290,0.707127,-1,-1,-1
370,60,1058.134,461.401,62.454,134.346,0.799003,-1,-1,-1
370,75,575.113,454.944,27.690,56.294,0.641467,-1,-1,-1
370,111,312.295,452.593,36.431,108.114,0.602086,-1,-1,-1
370,112,661.403,481.060,60.481,105.950,0.653291,-1,-1,-1
370,125,924.413,410.159,164.572,531.270,0.948519,-1,-1,-1
370,140,687.293,483.270,52.415,103.913,0.792787,-1,-1,-1
370,173,1832.265,461.923,84.470,187.102,0.668812,-1,-1,-1
370,174,413.410,410.052,190.222,380.219,0.943027,-1,-1,-1
370,185,222.228,424.546,171.472,340.450,0.946030,-1,-1,-1
370,195,57.311,432.521,184.785,390.391,0.950936,-1,-1,-1
370,207,845.836,472.485,42.113,73.774,0.655130,-1,-1,-1
371,2,407.589,456.154,50.822,115.165,0.667954,-1,-1,-1
371,8,729.654,480.258,52.067,114.834,0.795726,-1,-1,-1
371,13,1050.611,397.423,318.880,618.966,0.955594,-1,-1,-1
371,14,1098.886,439.969,47.760,136.000,0.695955,-1,-1,-1
371,17,369.531,456.649,54.371,117.651,0.798536,-1,-1,-1
371,25,1248.657,441.954,43.606,97.684,0.817296,-1,-1,-1
371,54,802.227,480.523,40.617,69.440,0.739873,-1,-1,-1
371,112,655.639,481.176,55.475,105.191,0.744298,-1,-1,-1
371,125,925.526,410.049,164.113,534.415,0.948207,-1,-1,-1
371,140,689.950,482.263,50.113,103.516,0.802464,-1,-1,-1
371,143,1060.346,443.137,84.882,152.148,0.721600,-1,-1,-1
371,174,430.651,403.348,176.505,385.016,0.934034,-1,-1,-1
371,185,229.820,425.284,175.127,339.695,0.941800,-1,-1,-1
371,195,70.774,432.607,183.428,388.420,0.947253,-1,-1,-1
371,207,846.169,473.486,42.417,73.201,0.640651,-1,-1,-1
371,212,-0.220,449.891,42.563,369.504,0.800349,-1,-1,-1
372,2,410.110,452.766,51.089,117.800,0.694238,-1,-1,-1
372,8,729.234,477.697,52.038,116.062,0.768335,-1,-1,-1
372,13,1049.295,389.745,319.805,626.954,0.953873,-1,-1,-1
372,14,1100.752,443.231,44.922,128.122,0.662848,-1,-1,-1
372,17,370.750,455.970,54.666,119.538,0.796521,-1,-1,-1
372,25,1251.226,441.299,45.833,99.729,0.854763,-1,-1,-1
372,54,801.166,479.367,41.487,71.331,0.722700,-1,-1,-1
372,60,1057.955,456.942,57.179,123.874,0.653421,-1,-1,-1
372,112,657.162,477.641,52.618,104.328,0.730197,-1,-1,-1
372,125,929.400,409.041,163.453,538.294,0.948914,-1,-1,-1
372,140,688.200,478.219,51.269,106.995,0.747011,-1,-1,-1
372,143,1058.681,446.303,86.871,148.618,0.710159,-1,-1,-1
372,174,440.181,400.874,167.220,374.469,0.952707,-1,-1,-1
372,185,241.381,431.953,173.212,324.425,0.949768,-1,-1,-1
372,195,76.162,434.944,185.179,386.710,0.953000,-1,-1,-1
372,207,845.180,469.565,44.080,77.023,0.672248,-1,-1,-1
372,212,-1.006,429.616,42.028,384.470,0.847591,-1,-1,-1
373,2,412.167,457.993,52.153,114.493,0.715301,-1,-1,-1
373,8,730.494,481.097,50.512,113.921,0.716233,-1,-1,-1
373,13,1051.669,407.783,317.700,606.034,0.946568,-1,-1,-1
373,17,374.117,457.355,53.294,119.596,0.814539,-1,-1,-1
373,25,1252.100,438.135,47.463,104.585,0.865756,-1,-1,-1
373,60,1058.764,458.494,60.708,134.539,0.692878,-1,-1,-1
373,112,659.063,485.532,49.865,96.853,0.665167,-1,-1,-1
373,125,932.522,405.567,166.454,543.869,0.946242,-1,-1,-1
373,140,690.575,480.404,48.508,101.029,0.669385,-1,-1,-1
373,174,459.429,400.020,153.389,374.676,0.955634,-1,-1,-1
373,185,241.680,435.870,173.846,319.928,0.946447,-1,-1,-1
373,195,88.543,434.001,206.188,383.634,0.940499,-1,-1,-1
373,212,1.235,456.991,44.681,361.078,0.904715,-1,-1,-1
373,213,1302.421,421.877,47.147,122.958,0.701913,-1,-1,-1
374,2,412.286,455.867,53.309,115.556,0.754770,-1,-1,-1
374,8,731.945,485.708,47.838,109.093,0.641358,-1,-1,-1
374,13,1054.020,399.953,316.885,612.859,0.947005,-1,-1,-1
374,17,373.479,455.021,53.265,119.539,0.806171,-1,-1,-1
374,25,1251.992,440.602,47.183,102.140,0.851351,-1,-1,-1
374,40,463.620,442.816,44.801,108.693,0.664725,-1,-1,-1
374,60,1059.080,456.431,61.973,139.855,0.796432,-1,-1,-1
374,112,657.790,493.260,50.711,97.563,0.734578,-1,-1,-1
374,125,937.987,404.909,162.123,535.755,0.947236,-1,-1,-1
374,140,696.342,486.052,45.127,97.218,0.723253,-1,-1,-1
374,174,463.704,405.697,157.603,368.509,0.950875,-1,-1,-1
374,185,252.990,436.718,171.645,320.879,0.929032,-1,-1,-1
374,195,98.656,438.089,213.724,381.540,0.946928,-1,-1,-1
374,207,841.838,470.223,46.781,80.718,0.664074,-1,-1,-1
374,212,0.933,438.706,49.302,378.874,0.896396,-1,-1,-1
374,213,1302.783,420.570,47.221,123.608,0.614530,-1,-1,-1
375,2,413.768,470.903,46.864,97.788,0.647177,-1,-1,-1
375,13,1052.469,399.453,318.999,615.161,0.944616,-1,-1,-1
375,14,1097.974,440.123,46.060,132.988,0.608714,-1,-1,-1
375,17,372.992,457.337,52.851,115.111,0.837443,-1,-1,-1
375,25,1252.271,443.602,44.902,99.198,0.855866,-1,-1,-1
375,40,465.710,443.575,40.534,99.095,0.616470,-1,-1,-1
375,60,1062.275,453.459,53.821,126.509,0.705506,-1,-1,-1
375,124,657.919,480.049,61.408,113.492,0.604923,-1,-1,-1
375,125,939.146,404.758,164.749,535.284,0.940778,-1,-1,-1
375,140,690.742,479.464,48.656,103.695,0.646882,-1,-1,-1
375,174,468.046,399.670,157.234,373.269,0.956475,-1,-1,-1
375,185,253.307,431.338,170.769,318.513,0.939871,-1,-1,-1
375,195,108.406,438.509,239.786,381.707,0.963427,-1,-1,-1
375,212,2.765,434.426,57.007,383.129,0.886127,-1,-1,-1
376,2,413.909,469.617,48.732,97.588,0.626269,-1,-1,-1
376,13,1051.965,394.268,314.209,620.751,0.940649,-1,-1,-1
376,17,373.847,458.315,53.308,114.643,0.800616,-1,-1,-1
376,25,1253.066,443.526,45.557,99.816,0.849526,-1,-1,-1
376,40,466.908,444.255,39.205,96.946,0.673258,-1,-1,-1
376,60,1063.052,450.026,52.004,126.574,0.701020,-1,-1,-1
376,125,939.940,409.897,173.953,535.223,0.933067,-1,-1,-1
376,140,685.141,473.134,53.285,110.672,0.631909,-1,-1,-1
376,174,472.148,394.091,162.299,377.088,0.948909,-1,-1,-1
376,185,256.628,429.705,167.898,314.638,0.938545,-1,-1,-1
376,195,115.296,436.003,244.840,385.044,0.964792,-1,-1,-1
376,212,2.686,442.700,69.753,374.718,0.918140,-1,-1,-1
377,2,411.191,464.149,53.864,105.922,0.693494,-1,-1,-1
377,8,728.646,474.185,51.394,116.017,0.778041,-1,-1,-1
377,13,1055.401,397.532,312.305,618.685,0.951155,-1,-1,-1
377,14,1097.683,437.747,49.861,146.026,0.640348,-1,-1,-1
377,17,368.782,453.516,60.114,126.960,0.851827,-1,-1,-1
377,25,1252.275,438.667,45.745,106.594,0.847106,-1,-1,-1
377,40,466.588,439.534,50.963,128.073,0.618524,-1,-1,-1
377,54,805.494,484.527,38.270,62.235,0.623547,-1,-1,-1
377,60,1063.271,444.245,51.503,130.326,0.659739,-1,-1,-1
377,125,939.566,408.245,180.324,534.594,0.938680,-1,-1,-1
377,140,686.455,473.060,53.542,111.441,0.685377,-1,-1,-1
377,174,476.520,398.824,162.475,371.712,0.945924,-1,-1,-1
377,185,271.241,432.555,154.791,317.919,0.930151,-1,-1,-1
377,195,126.125,441.073,242.811,378.926,0.962706,-1,-1,-1
377,207,844.695,467.467,45.862,81.876,0.750009,-1,-1,-1
377,212,5.313,425.196,96.133,386.810,0.918704,-1,-1,-1
378,2,414.223,468.866,51.543,99.283,0.681467,-1,-1,-1
378,8,728.456,475.852,50.506,116.310,0.807810,-1,-1,-1
378,13,1053.646,397.281,315.209,618.141,0.957721,-1,-1,-1
378,17,370.756,458.316,57.585,122.752,0.826039,-1,-1,-1
378,25,1254.245,439.240,42.965,104.012,0.845597,-1,-1,-1
378,40,470.153,441.903,47.913,119.647,0.716842,-1,-1,-1
378,54,805.038,485.086,38.896,62.532,0.647613,-1,-1,-1
378,60,1062.533,448.193,57.348,149.271,0.733538,-1,-1,-1
378,124,677.552,477.575,50.648,98.444,0.601647,-1,-1,-1
378,125,940.218,404.141,179.408,532.537,0.942431,-1,-1,-1
378,140,688.254,476.456,50.850,108.307,0.725889,-1,-1,-1
378,174,483.438,398.679,162.118,373.342,0.945044,-1,-1,-1
378,185,272.794,432.044,154.872,322.437,0.905673,-1,-1,-1
378,195,133.109,436.276,234.020,382.104,0.963791,-1,-1,-1
378,207,845.526,467.690,44.259,80.746,0.720414,-1,-1,-1
378,212,3.451,425.677,135.568,390.461,0.948698,-1,-1,-1
379,2,411.889,456.837,60.118,112.005,0.730859,-1,-1,-1
379,8,729.326,477.466,49.409,113.756,0.835316,-1,-1,-1
379,13,1054.868,399.067,314.083,616.753,0.953273,-1,-1,-1
379,17,370.195,457.892,58.763,124.294,0.798475,-1,-1,-1
379,25,1254.825,440.191,42.292,102.481,0.845591,-1,-1,-1
379,40,471.180,445.103,48.373,121.499,0.737943,-1,-1,-1
379,54,804.323,486.177,39.596,62.798,0.616461,-1,-1,-1
379,60,1060.889,447.232,54.833,147.577,0.770772,-1,-1,-1
379,112,645.765,488.387,54.739,102.609,0.725432,-1,-1,-1
379,125,941.030,402.841,173.982,535.403,0.946181,-1,-1,-1
379,140,688.451,480.343,47.870,100.734,0.780771,-1,-1,-1
379,174,490.758,401.772,176.845,369.367,0.950397,-1,-1,-1
379,185,287.037,428.984,147.840,322.565,0.902442,-1,-1,-1
379,195,140.089,442.411,227.587,374.628,0.961064,-1,-1,-1
379,207,845.252,467.473,44.417,81.537,0.712394,-1,-1,-1
379,212,2.421,428.611,154.120,383.438,0.946798,-1,-1,-1
380,2,412.839,459.527,59.976,108.882,0.696702,-1,-1,-1
380,8,729.034,476.114,49.244,115.825,0.824397,-1,-1,-1
380,13,1053.927,393.350,316.905,623.328,0.955436,-1,-1,-1
380,14,1109.809,444.966,47.857,135.743,0.623531,-1,-1,-1
380,17,372.677,459.089,54.729,119.356,0.770607,-1,-1,-1
380,25,1253.544,444.610,39.609,95.513,0.843223,-1,-1,-1
380,40,467.774,446.476,45.118,111.719,0.746250,-1,-1,-1
380,54,803.512,484.298,39.903,63.188,0.624972,-1,-1,-1
380,112,641.410,473.518,60.602,116.315,0.728180,-1,-1,-1
380,124,676.876,475.774,48.037,96.742,0.663858,-1,-1,-1
380,125,941.047,408.340,177.826,530.995,0.940758,-1,-1,-1
380,140,687.985,477.988,48.828,104.916,0.748278,-1,-1,-1
380,174,490.453,402.559,173.443,366.443,0.955973,-1,-1,-1
380,185,297.965,429.402,136.620,320.176,0.904113,-1,-1,-1
380,195,147.066,444.388,223.227,371.891,0.963517,-1,-1,-1
380,212,0.198,427.042,157.316,385.037,0.957638,-1,-1,-1
381,2,410.454,461.965,57.481,105.688,0.696583,-1,-1,-1
381,8,731.317,482.823,45.939,107.381,0.746370,-1,-1,-1
381,13,1055.286,391.642,315.479,625.397,0.953007,-1,-1,-1
381,17,376.086,457.916,50.299,112.869,0.693454,-1,-1,-1
381,25,1256.020,441.866,41.866,99.178,0.848658,-1,-1,-1
381,40,468.965,446.856,47.598,117.482,0.803240,-1,-1,-1
381,54,803.628,483.342,40.406,65.091,0.605581,-1,-1,-1
381,112,640.683,477.461,61.909,125.154,0.717590,-1,-1,-1
381,124,676.950,477.985,46.025,95.694,0.606379,-1,-1,-1
381,125,941.447,407.252,181.436,531.159,0.947388,-1,-1,-1
381,140,691.832,483.348,46.161,98.715,0.750198,-1,-1,-1
381,174,506.417,400.167,165.891,368.510,0.942749,-1,-1,-1
381,185,305.954,428.870,125.289,321.368,0.913073,-1,-1,-1
381,195,144.394,435.580,235.782,377.821,0.964511,-1,-1,-1
381,207,847.369,468.164,41.888,77.970,0.676681,-1,-1,-1
381,212,4.991,445.584,190.923,364.908,0.947197,-1,-1,-1
382,8,730.462,480.969,50.636,117.003,0.804255,-1,-1,-1
382,13,1058.250,396.771,314.415,619.441,0.956256,-1,-1,-1
382,25,1255.221,446.856,38.293,91.003,0.798381,-1,-1,-1
382,40,471.585,448.433,47.902,115.903,0.801155,-1,-1,-1
382,124,676.334,473.414,49.642,106.114,0.641018,-1,-1,-1
382,125,939.255,409.015,189.912,529.574,0.944910,-1,-1,-1
382,140,687.949,477.943,50.312,107.156,0.754262,-1,-1,-1
382,174,512.591,404.898,166.861,365.505,0.947930,-1,-1,-1
382,185,323.611,427.489,124.623,314.909,0.903706,-1,-1,-1
382,195,157.078,445.127,221.021,366.793,0.960881,-1,-1,-1
382,212,-0.322,434.677,192.098,377.640,0.960803,-1,-1,-1
383,8,730.125,482.308,49.467,114.194,0.706277,-1,-1,-1
383,11,941.246,434.097,80.610,193.051,0.744340,-1,-1,-1
383,13,1057.134,392.656,317.732,623.834,0.960400,-1,-1,-1
383,25,1256.060,444.479,39.335,91.848,0.814216,-1,-1,-1
383,40,469.718,448.091,48.067,111.758,0.794482,-1,-1,-1
383,125,939.228,407.554,189.714,531.125,0.946048,-1,-1,-1
383,140,688.402,476.640,50.905,109.195,0.766705,-1,-1,-1
383,174,520.965,405.579,167.054,364.170,0.951174,-1,-1,-1
383,185,334.793,432.219,122.028,312.520,0.905521,-1,-1,-1
383,195,180.880,442.017,200.358,370.858,0.952565,-1,-1,-1
383,212,1.744,437.915,209.985,374.394,0.954825,-1,-1,-1
384,8,730.463,481.243,50.123,116.411,0.742185,-1,-1,-1
384,11,941.619,436.871,73.974,168.549,0.732842,-1,-1,-1
384,13,1056.652,393.418,314.135,623.661,0.957299,-1,-1,-1
384,25,1254.043,445.749,39.743,94.522,0.710489,-1,-1,-1
384,40,464.863,449.826,47.329,110.208,0.808019,-1,-1,-1
384,112,643.322,488.312,50.872,103.599,0.615964,-1,-1,-1
384,125,939.832,411.768,187.766,526.143,0.944517,-1,-1,-1
384,140,687.198,478.105,51.100,107.530,0.782501,-1,-1,-1
384,174,529.843,407.148,160.827,364.228,0.954092,-1,-1,-1
384,185,336.373,429.740,126.507,314.566,0.908023,-1,-1,-1
384,195,190.475,439.549,180.685,368.643,0.938188,-1,-1,-1
384,212,-0.314,433.297,206.635,377.215,0.960459,-1,-1,-1
385,8,729.593,474.552,51.636,125.789,0.832220,-1,-1,-1
385,11,941.281,439.629,67.044,152.601,0.694861,-1,-1,-1
385,13,1058.365,391.034,315.623,625.618,0.957652,-1,-1,-1
385,25,1252.853,446.744,40.110,96.102,0.679284,-1,-1,-1
385,40,461.996,449.967,46.392,109.407,0.782933,-1,-1,-1
385,125,940.382,413.397,187.540,523.814,0.946039,-1,-1,-1
385,130,498.772,454.627,29.567,65.992,0.600095,-1,-1,-1
385,140,684.818,477.700,51.766,105.769,0.798130,-1,-1,-1
385,174,530.956,405.104,162.710,365.627,0.961539,-1,-1,-1
385,185,350.301,430.567,116.345,313.053,0.932546,-1,-1,-1
385,195,201.256,439.021,178.490,365.333,0.957931,-1,-1,-1
385,212,0.300,431.931,211.515,375.231,0.966290,-1,-1,-1
386,8,729.211,473.126,51.310,129.729,0.848779,-1,-1,-1
386,11,936.817,435.670,66.472,156.006,0.710313,-1,-1,-1
386,13,1053.149,389.073,321.244,628.007,0.953471,-1,-1,-1
386,25,1253.198,446.797,38.968,95.828,0.769818,-1,-1,-1
386,40,461.760,449.111,45.990,110.111,0.784615,-1,-1,-1
386,90,914.551,447.120,50.608,140.840,0.661319,-1,-1,-1
386,125,944.847,407.936,194.750,530.749,0.944864,-1,-1,-1
386,130,500.772,453.986,28.463,65.303,0.663515,-1,-1,-1
386,140,687.168,476.482,53.014,111.341,0.779262,-1,-1,-1
386,174,529.830,408.976,165.783,358.667,0.963414,-1,-1,-1
386,185,360.010,430.530,125.515,311.265,0.921384,-1,-1,-1
386,195,213.961,439.928,169.275,357.734,0.947184,-1,-1,-1
386,212,-0.328,431.620,208.095,377.596,0.960338,-1,-1,-1
386,217,524.642,448.516,26.683,74.791,0.711246,-1,-1,-1
387,8,729.427,466.050,52.372,136.334,0.861217,-1,-1,-1
387,11,933.742,431.706,65.506,152.139,0.843097,-1,-1,-1
387,13,1054.587,382.432,323.756,635.237,0.953207,-1,-1,-1
387,25,1253.073,445.330,39.500,96.892,0.638438,-1,-1,-1
387,40,463.836,451.007,46.209,109.572,0.822816,-1,-1,-1
387,125,944.704,402.935,196.589,536.981,0.940647,-1,-1,-1
387,130,499.602,454.580,29.021,66.872,0.679405,-1,-1,-1
387,140,683.973,469.942,52.544,117.435,0.820852,-1,-1,-1
387,174,535.541,406.194,164.359,365.829,0.961576,-1,-1,-1
387,185,364.609,432.386,150.254,310.909,0.950764,-1,-1,-1
387,195,217.729,434.588,167.326,364.516,0.957453,-1,-1,-1
387,212,2.250,431.300,207.653,376.831,0.964063,-1,-1,-1
387,217,523.280,446.803,28.356,76.550,0.731495,-1,-1,-1
388,8,729.712,470.149,50.637,130.742,0.880497,-1,-1,-1
388,11,929.426,429.457,66.965,156.922,0.815305,-1,-1,-1
388,13,1051.406,392.102,327.616,625.050,0.946780,-1,-1,-1
388,25,1253.316,444.951,38.316,93.480,0.660768,-1,-1,-1
388,40,466.872,452.959,45.957,107.183,0.817584,-1,-1,-1
388,75,547.901,450.049,31.610,72.186,0.610896,-1,-1,-1
388,125,945.200,404.194,196.520,535.109,0.940082,-1,-1,-1
388,130,499.785,455.900,28.067,65.235,0.684381,-1,-1,-1
388,140,683.206,467.327,52.265,122.938,0.840389,-1,-1,-1
388,143,916.262,445.643,67.115,140.766,0.695534,-1,-1,-1
388,173,1827.732,463.410,83.231,180.564,0.619098,-1,-1,-1
388,174,539.310,404.594,158.656,362.256,0.954383,-1,-1,-1
388,185,366.888,431.871,164.104,314.442,0.954185,-1,-1,-1
388,195,227.136,437.513,160.971,359.527,0.952637,-1,-1,-1
388,212,11.542,429.832,202.215,377.358,0.954005,-1,-1,-1
388,217,524.383,447.526,27.969,73.671,0.718177,-1,-1,-1
388,220,537.640,447.294,29.722,76.606,0.629548,-1,-1,-1
388,221,484.182,453.447,34.027,86.923,0.753760,-1,-1,-1
389,8,727.795,469.122,52.253,132.447,0.880238,-1,-1,-1
389,11,931.354,429.920,66.739,158.551,0.874821,-1,-1,-1
389,13,1040.765,389.346,337.517,626.477,0.947855,-1,-1,-1
389,25,1253.490,445.057,39.361,95.794,0.655392,-1,-1,-1
389,40,467.125,451.416,46.197,108.963,0.795872,-1,-1,-1
389,75,548.438,448.006,30.057,74.017,0.613232,-1,-1,-1
389,125,944.876,408.930,196.224,529.145,0.933973,-1,-1,-1
389,130,500.002,456.052,27.570,64.666,0.690733,-1,-1,-1
389,140,682.598,469.139,49.388,117.349,0.808286,-1,-1,-1
389,174,543.802,410.093,156.979,356.606,0.960798,-1,-1,-1
389,185,357.270,434.195,177.132,307.244,0.951153,-1,-1,-1
389,195,232.365,431.706,166.622,369.905,0.942281,-1,-1,-1
389,212,20.209,430.008,193.590,372.865,0.936736,-1,-1,-1
389,217,524.719,447.892,27.550,71.977,0.707370,-1,-1,-1
389,221,486.665,453.537,32.229,83.951,0.752101,-1,-1,-1
390,8,728.097,470.325,52.798,130.769,0.882130,-1,-1,-1
390,11,928.283,429.971,67.883,158.069,0.885149,-1,-1,-1
390,13,1046.410,390.686,333.778,624.865,0.945775,-1,-1,-1
390,25,1253.238,442.972,41.103,100.619,0.681487,-1,-1,-1
390,40,467.154,452.687,46.584,106.988,0.699892,-1,-1,-1
390,125,944.236,401.366,194.857,537.770,0.938144,-1,-1,-1
390,130,499.859,455.199,27.456,64.175,0.621445,-1,-1,-1
390,140,683.806,473.763,48.266,112.666,0.830371,-1,-1,-1
390,174,554.088,412.807,147.622,347.303,0.956997,-1,-1,-1
390,185,363.381,439.626,176.080,301.991,0.943991,-1,-1,-1
390,195,241.509,439.386,167.980,359.411,0.932503,-1,-1,-1
390,212,28.751,425.838,185.127,375.553,0.950490,-1,-1,-1
390,217,525.540,446.685,27.804,71.648,0.675736,-1,-1,-1
390,221,485.925,453.784,32.831,83.051,0.700327,-1,-1,-1
391,8,726.938,471.891,53.049,126.647,0.855978,-1,-1,-1
391,11,927.809,430.796,65.112,156.890,0.891719,-1,-1,-1
391,13,1045.762,393.323,334.778,622.795,0.947482,-1,-1,-1
391,40,470.940,453.413,49.394,117.633,0.762046,-1,-1,-1
391,60,1059.914,431.969,81.133,224.770,0.637283,-1,-1,-1
391,125,943.832,412.833,193.664,524.066,0.933998,-1,-1,-1
391,140,684.515,476.348,47.369,106.587,0.839358,-1,-1,-1
391,174,559.269,410.355,141.669,347.726,0.960849,-1,-1,-1
391,185,372.186,434.550,174.764,304.586,0.939412,-1,-1,-1
391,195,248.934,434.358,170.552,366.281,0.936052,-1,-1,-1
391,212,38.047,427.672,173.959,375.708,0.939875,-1,-1,-1
391,217,524.729,450.555,26.980,68.332,0.658550,-1,-1,-1
392,2,455.114,445.372,69.596,152.454,0.650925,-1,-1,-1
392,8,726.169,471.765,53.734,127.506,0.878371,-1,-1,-1
392,11,925.031,431.851,66.160,159.813,0.882430,-1,-1,-1
392,13,1049.141,394.228,327.940,622.889,0.947045,-1,-1,-1
392,17,377.178,455.817,57.641,136.070,0.652952,-1,-1,-1
392,40,473.558,451.174,49.285,122.271,0.689856,-1,-1,-1
392,60,1059.662,434.522,89.141,246.460,0.687162,-1,-1,-1
392,125,943.896,404.537,191.760,534.416,0.940825,-1,-1,-1
392,140,682.896,474.933,49.047,110.003,0.831596,-1,-1,-1
392,174,566.205,408.923,136.101,351.352,0.959165,-1,-1,-1
392,185,373.357,430.472,173.865,306.162,0.943489,-1,-1,-1
392,195,259.878,438.269,176.924,362.558,0.948300,-1,-1,-1
392,212,54.071,427.309,160.348,373.017,0.940498,-1,-1,-1
392,217,524.852,450.557,27.523,69.054,0.674273,-1,-1,-1
392,221,486.742,452.162,34.164,85.811,0.652630,-1,-1,-1
393,2,454.462,446.648,69.023,155.770,0.615744,-1,-1,-1
393,8,725.259,470.848,54.608,128.781,0.874341,-1,-1,-1
393,11,921.695,436.237,66.499,170.938,0.884402,-1,-1,-1
393,13,1052.050,383.953,325.164,633.657,0.950517,-1,-1,-1
393,40,479.465,453.979,42.626,106.430,0.666004,-1,-1,-1
393,60,1061.978,432.298,88.902,241.641,0.706628,-1,-1,-1
393,125,942.722,408.066,188.321,530.366,0.937081,-1,-1,-1
393,130,495.724,454.161,30.164,70.532,0.672397,-1,-1,-1
393,140,678.553,466.824,52.315,124.305,0.854855,-1,-1,-1
393,174,573.522,403.858,129.557,350.230,0.957628,-1,-1,-1
393,185,384.960,440.993,162.585,299.440,0.937074,-1,-1,-1
393,195,265.210,437.491,191.648,366.134,0.959886,-1,-1,-1
393,212,56.625,428.337,163.722,369.835,0.952710,-1,-1,-1
393,217,525.424,451.679,27.245,67.365,0.658716,-1,-1,-1
394,8,723.322,466.230,56.450,137.007,0.863836,-1,-1,-1
394,11,920.594,438.328,65.625,170.296,0.912184,-1,-1,-1
394,13,1057.826,391.697,317.439,626.432,0.945683,-1,-1,-1
394,25,1248.429,443.454,37.267,90.359,0.670477,-1,-1,-1
394,60,1064.793,435.993,96.119,260.260,0.710499,-1,-1,-1
394,125,943.371,418.921,193.845,518.712,0.935987,-1,-1,-1
394,130,494.443,454.726,30.020,70.957,0.722498,-1,-1,-1
394,140,678.107,465.859,52.724,125.516,0.844051,-1,-1,-1
394,173,1832.089,462.934,81.698,180.699,0.629324,-1,-1,-1
394,174,579.690,404.708,124.672,352.084,0.953443,-1,-1,-1
394,185,394.314,432.235,154.933,306.620,0.927378,-1,-1,-1
394,195,271.055,436.342,197.930,364.482,0.959398,-1,-1,-1
394,212,62.426,431.193,164.760,370.357,0.948682,-1,-1,-1
394,217,524.827,449.873,28.199,69.270,0.698715,-1,-1,-1
394,220,532.767,448.354,26.507,65.949,0.645716,-1,-1,-1
395,8,723.677,466.093,55.107,133.163,0.776269,-1,-1,-1
395,11,917.406,436.474,62.533,174.822,0.915584,-1,-1,-1
395,13,1057.000,393.975,317.883,623.308,0.949174,-1,-1,-1
395,25,1248.781,443.001,36.890,88.969,0.652630,-1,-1,-1
395,60,1066.682,432.381,105.146,289.055,0.816602,-1,-1,-1
395,125,941.928,416.384,190.391,523.010,0.935627,-1,-1,-1
395,130,495.535,454.028,29.616,71.387,0.703417,-1,-1,-1
395,140,678.738,462.937,52.285,124.173,0.650155,-1,-1,-1
395,174,581.433,403.343,126.793,347.850,0.940043,-1,-1,-1
395,185,408.971,434.380,139.882,299.795,0.932527,-1,-1,-1
395,195,278.049,445.170,207.744,354.560,0.964528,-1,-1,-1
395,212,68.740,428.448,176.810,371.515,0.944169,-1,-1,-1
395,217,525.351,450.827,28.219,69.080,0.703787,-1,-1,-1
395,220,534.526,450.227,26.958,65.669,0.658019,-1,-1,-1
396,8,724.129,468.122,55.788,133.816,0.850289,-1,-1,-1
396,11,914.538,437.345,64.681,176.265,0.918673,-1,-1,-1
396,13,1058.414,409.232,316.830,608.567,0.946344,-1,-1,-1
396,25,1248.814,445.538,35.926,84.738,0.740510,-1,-1,-1
396,60,1070.583,433.121,101.114,279.309,0.810790,-1,-1,-1
396,125,941.729,417.937,189.558,521.911,0.933195,-1,-1,-1
396,130,502.499,452.055,29.372,71.489,0.607214,-1,-1,-1
396,140,680.645,464.760,50.474,119.143,0.746639,-1,-1,-1
396,174,587.396,404.603,127.870,342.027,0.933907,-1,-1,-1
396,185,422.544,444.388,126.647,289.626,0.922620,-1,-1,-1
396,195,285.082,443.854,201.978,353.509,0.949965,-1,-1,-1
396,212,81.170,429.256,178.864,372.615,0.941220,-1,-1,-1
396,217,524.352,450.733,28.122,68.534,0.666856,-1,-1,-1
396,220,536.802,449.907,27.371,65.410,0.636057,-1,-1,-1
397,8,723.728,469.876,54.293,133.773,0.837182,-1,-1,-1
397,11,913.230,439.711,60.658,170.933,0.900917,-1,-1,-1
397,13,1059.638,415.528,315.512,603.389,0.942706,-1,-1,-1
397,25,1247.882,444.744,38.017,88.308,0.759860,-1,-1,-1
397,60,1077.225,438.496,96.674,261.406,0.776755,-1,-1,-1
397,125,941.189,416.509,183.539,521.598,0.933632,-1,-1,-1
397,140,680.783,469.872,47.782,111.887,0.732079,-1,-1,-1
397,174,594.991,419.640,126.285,325.945,0.927231,-1,-1,-1
397,185,416.461,444.198,131.685,295.576,0.921008,-1,-1,-1
397,195,295.763,441.996,194.493,351.073,0.944447,-1,-1,-1
397,212,89.539,430.137,188.178,369.946,0.944854,-1,-1,-1
397,217,525.820,451.685,27.268,66.068,0.632684,-1,-1,-1
397,220,536.302,450.193,26.890,63.428,0.649833,-1,-1,-1
398,8,721.036,467.789,55.842,137.684,0.868652,-1,-1,-1
398,11,910.871,440.893,60.820,169.794,0.881113,-1,-1,-1
398,13,1062.686,416.535,314.305,602.666,0.943075,-1,-1,-1
398,25,1246.452,444.729,40.427,90.582,0.771886,-1,-1,-1
398,60,1078.026,439.785,92.742,254.214,0.810395,-1,-1,-1
398,125,941.988,414.619,182.339,523.073,0.937644,-1,-1,-1
398,174,590.878,410.199,133.480,338.464,0.935958,-1,-1,-1
398,185,425.681,432.646,126.963,305.262,0.928958,-1,-1,-1
398,195,305.459,439.884,192.530,359.534,0.957847,-1,-1,-1
398,212,103.106,433.430,189.944,366.259,0.941496,-1,-1,-1
398,220,536.734,453.395,26.444,61.323,0.612863,-1,-1,-1
399,8,720.669,467.547,55.301,140.616,0.875162,-1,-1,-1
399,11,910.940,443.543,58.867,162.382,0.855572,-1,-1,-1
399,13,1063.260,405.478,314.280,614.950,0.943071,-1,-1,-1
399,25,1246.701,443.060,41.350,89.285,0.781405,-1,-1,-1
399,54,798.755,476.131,40.721,70.564,0.640886,-1,-1,-1
399,60,1076.014,427.642,96.350,270.175,0.743283,-1,-1,-1
399,125,943.124,421.764,180.099,515.427,0.934402,-1,-1,-1
399,174,595.170,408.775,135.581,337.698,0.940468,-1,-1,-1
399,185,444.115,428.857,111.477,307.051,0.924033,-1,-1,-1
399,195,310.456,436.057,187.399,355.327,0.954090,-1,-1,-1
399,207,796.742,476.596,31.676,59.312,0.641713,-1,-1,-1
399,212,111.983,429.274,193.349,369.636,0.939716,-1,-1,-1
400,8,719.434,465.058,54.929,141.676,0.857384,-1,-1,-1
400,11,907.852,443.959,57.542,157.573,0.840210,-1,-1,-1
400,13,1063.173,403.027,309.030,617.803,0.948567,-1,-1,-1
400,25,1244.292,443.658,42.818,89.256,0.858603,-1,-1,-1
400,54,800.132,477.137,40.762,71.553,0.603797,-1,-1,-1
400,125,941.413,415.334,182.056,521.507,0.940114,-1,-1,-1
400,174,601.189,400.553,137.844,344.268,0.943504,-1,-1,-1
400,185,452.751,431.679,106.167,300.698,0.919463,-1,-1,-1
400,195,312.351,429.850,185.591,361.687,0.954998,-1,-1,-1
400,207,795.738,478.211,31.555,57.702,0.600567,-1,-1,-1
400,212,116.103,430.108,198.123,365.548,0.948644,-1,-1,-1
401,8,717.198,463.075,55.036,143.438,0.825243,-1,-1,-1
401,11,907.430,444.111,56.446,151.062,0.851678,-1,-1,-1
401,13,1064.358,419.851,303.443,597.548,0.948382,-1,-1,-1
401,25,1242.961,442.832,43.947,89.975,0.863937,-1,-1,-1
401,54,800.512,478.181,40.149,71.244,0.600704,-1,-1,-1
401,125,942.519,419.577,187.585,520.063,0.939773,-1,-1,-1
401,174,605.487,405.626,146.467,336.726,0.948702,-1,-1,-1
401,185,458.416,425.096,107.621,308.039,0.897544,-1,-1,-1
401,195,319.276,438.711,174.489,350.331,0.953846,-1,-1,-1
401,207,796.066,478.896,31.002,56.391,0.600679,-1,-1,-1
401,212,121.916,430.409,198.036,369.292,0.955731,-1,-1,-1
402,8,714.426,464.681,55.510,141.295,0.844273,-1,-1,-1
402,11,903.391,446.798,58.417,153.257,0.855777,-1,-1,-1
402,13,1064.588,411.517,303.961,607.350,0.946344,-1,-1,-1
402,25,1243.961,443.537,41.979,87.826,0.855281,-1,-1,-1
402,40,453.832,438.135,42.807,124.247,0.712108,-1,-1,-1
402,125,943.074,421.686,186.661,517.845,0.944192,-1,-1,-1
402,174,612.112,398.107,157.233,346.096,0.948704,-1,-1,-1
402,185,466.785,431.425,110.356,298.348,0.926766,-1,-1,-1
402,195,331.723,456.379,162.443,335.432,0.948060,-1,-1,-1
402,212,134.562,427.715,193.229,367.752,0.955084,-1,-1,-1
403,2,454.990,437.513,56.896,146.088,0.685997,-1,-1,-1
403,8,713.390,465.160,57.197,142.535,0.843077,-1,-1,-1
403,11,899.794,444.922,59.203,151.441,0.786469,-1,-1,-1
403,13,1065.585,395.901,300.544,624.157,0.947011,-1,-1,-1
403,14,1092.564,431.539,36.004,100.285,0.614132,-1,-1,-1
403,25,1246.153,441.669,39.888,89.913,0.866938,-1,-1,-1
403,125,942.833,415.831,187.335,524.806,0.940288,-1,-1,-1
403,174,617.617,400.095,163.575,343.575,0.954990,-1,-1,-1
403,185,479.674,427.764,113.019,304.900,0.931530,-1,-1,-1
403,195,340.844,442.809,161.153,337.896,0.928380,-1,-1,-1
403,212,137.365,431.291,199.730,363.279,0.948469,-1,-1,-1
404,2,454.036,435.799,63.636,156.879,0.702489,-1,-1,-1
404,8,713.835,470.422,54.609,137.456,0.846689,-1,-1,-1
404,11,891.925,446.584,63.683,163.624,0.724691,-1,-1,-1
404,13,1064.880,393.782,298.099,627.635,0.949625,-1,-1,-1
404,25,1243.166,443.115,39.596,92.432,0.869636,-1,-1,-1
404,125,944.674,415.750,182.307,524.073,0.944324,-1,-1,-1
404,174,621.039,400.167,167.278,346.459,0.936256,-1,-1,-1
404,185,488.573,428.563,125.447,307.201,0.929576,-1,-1,-1
404,195,348.019,437.778,151.522,343.593,0.936448,-1,-1,-1
404,212,142.847,433.106,200.226,357.980,0.948268,-1,-1,-1
404,223,377.875,455.751,40.582,95.098,0.697601,-1,-1,-1
405,8,713.590,470.123,55.240,139.083,0.816041,-1,-1,-1
405,11,891.382,445.564,65.252,166.004,0.823799,-1,-1,-1
405,13,1065.668,386.573,294.408,637.302,0.950813,-1,-1,-1
405,25,1243.891,442.577,40.024,91.715,0.866071,-1,-1,-1
405,54,801.703,478.784,38.072,65.766,0.622256,-1,-1,-1
405,125,945.136,424.832,181.449,514.221,0.940771,-1,-1,-1
405,174,625.884,401.084,170.131,347.307,0.934367,-1,-1,-1
405,185,491.630,431.631,135.224,302.914,0.923526,-1,-1,-1
405,195,352.613,437.508,146.094,336.886,0.925580,-1,-1,-1
405,207,797.007,480.569,30.745,55.904,0.610801,-1,-1,-1
405,212,149.046,429.410,193.342,362.914,0.946542,-1,-1,-1
405,223,376.084,454.625,43.182,101.274,0.712343,-1,-1,-1
405,224,315.001,450.828,45.667,113.330,0.717848,-1,-1,-1
406,8,715.100,469.186,53.086,136.921,0.800581,-1,-1,-1
406,11,894.141,447.436,65.697,162.150,0.660799,-1,-1,-1
406,13,1064.604,381.276,289.174,644.232,0.954897,-1,-1,-1
406,25,1239.216,445.401,40.590,97.752,0.848514,-1,-1,-1
406,40,472.362,443.174,49.427,138.811,0.602715,-1,-1,-1
406,125,945.279,423.618,184.240,515.761,0.936702,-1,-1,-1
406,174,621.776,405.211,174.521,340.160,0.932143,-1,-1,-1
406,185,490.449,431.590,142.592,305.150,0.929233,-1,-1,-1
406,195,358.566,433.636,146.133,337.936,0.924920,-1,-1,-1
406,212,155.585,438.148,190.529,350.299,0.947427,-1,-1,-1
406,223,375.501,455.325,43.598,100.165,0.710411,-1,-1,-1
406,224,313.840,448.615,47.013,118.415,0.769962,-1,-1,-1
407,2,481.012,446.936,56.179,138.370,0.621531,-1,-1,-1
407,8,711.408,454.451,55.364,148.602,0.751775,-1,-1,-1
407,11,888.080,447.579,64.325,159.628,0.716935,-1,-1,-1
407,13,1064.512,383.193,286.519,640.092,0.955667,-1,-1,-1
407,25,1238.651,444.508,39.827,98.931,0.837703,-1,-1,-1
407,40,475.585,450.499,46.246,125.252,0.656970,-1,-1,-1
407,125,946.736,422.956,186.221,516.853,0.931909,-1,-1,-1
407,174,632.843,413.702,160.920,330.580,0.938280,-1,-1,-1
407,185,486.569,443.231,150.902,294.027,0.938681,-1,-1,-1
407,195,364.073,429.151,150.063,341.375,0.940866,-1,-1,-1
407,212,174.534,427.537,176.588,352.779,0.947689,-1,-1,-1
407,223,372.257,454.311,47.190,108.065,0.717408,-1,-1,-1
407,224,315.134,448.915,45.639,116.932,0.711784,-1,-1,-1
408,11,880.886,449.557,68.233,161.099,0.851701,-1,-1,-1
408,13,1062.078,379.763,286.350,644.876,0.956595,-1,-1,-1
408,25,1241.605,444.357,38.152,96.350,0.848621,-1,-1,-1
408,124,621.136,454.061,33.111,74.686,0.728202,-1,-1,-1
408,125,946.703,424.427,187.237,515.444,0.929525,-1,-1,-1
408,174,639.102,412.066,156.982,330.736,0.949047,-1,-1,-1
408,185,483.953,433.949,152.961,298.425,0.943490,-1,-1,-1
408,195,370.517,429.515,151.440,339.204,0.939714,-1,-1,-1
408,212,186.899,429.161,164.007,348.662,0.928532,-1,-1,-1
408,223,374.889,456.348,44.908,104.223,0.726134,-1,-1,-1
408,224,318.356,450.858,44.609,114.006,0.637935,-1,-1,-1
409,11,872.864,447.734,69.330,159.109,0.845419,-1,-1,-1
409,13,1063.818,393.056,282.032,631.665,0.950001,-1,-1,-1
409,25,1240.422,444.265,38.145,95.111,0.835609,-1,-1,-1
409,124,619.454,454.163,34.037,75.599,0.692518,-1,-1,-1
409,125,948.151,424.324,193.306,514.551,0.930364,-1,-1,-1
409,174,641.236,420.803,153.799,320.748,0.949978,-1,-1,-1
409,185,496.194,428.968,149.906,303.671,0.956630,-1,-1,-1
409,195,380.341,428.789,147.651,336.234,0.952686,-1,-1,-1
409,212,196.102,430.046,154.648,338.639,0.935407,-1,-1,-1
409,221,482.410,458.566,37.526,91.787,0.615112,-1,-1,-1
409,223,376.322,455.668,45.244,106.790,0.730505,-1,-1,-1
409,224,316.339,451.055,44.547,114.577,0.671543,-1,-1,-1
410,11,871.799,451.467,70.334,158.493,0.698767,-1,-1,-1
410,13,1062.881,389.336,282.428,632.530,0.957014,-1,-1,-1
410,25,1239.023,441.596,39.922,99.797,0.819744,-1,-1,-1
410,125,946.325,420.381,193.407,518.738,0.927773,-1,-1,-1
410,174,639.485,407.039,161.459,335.977,0.953158,-1,-1,-1
410,185,509.790,430.620,142.931,295.196,0.931286,-1,-1,-1
410,195,385.720,439.505,151.127,328.479,0.941581,-1,-1,-1
410,212,210.885,430.259,144.633,339.088,0.935953,-1,-1,-1
411,11,872.373,444.009,70.578,164.183,0.831438,-1,-1,-1
411,13,1060.917,396.057,282.550,624.744,0.956145,-1,-1,-1
411,25,1239.369,440.783,39.896,98.899,0.838236,-1,-1,-1
411,60,1171.285,444.964,77.434,182.718,0.619533,-1,-1,-1
411,125,948.416,424.275,187.767,514.894,0.933960,-1,-1,-1
411,174,642.137,407.339,156.781,330.770,0.952381,-1,-1,-1
411,185,512.119,431.394,138.705,290.051,0.924755,-1,-1,-1
411,195,391.036,435.556,172.577,330.276,0.934769,-1,-1,-1
411,212,214.086,427.364,147.048,343.584,0.922641,-1,-1,-1
411,223,377.044,457.663,44.151,103.342,0.635812,-1,-1,-1
412,11,871.461,439.887,71.575,165.925,0.785755,-1,-1,-1
412,13,1058.778,393.166,282.798,630.619,0.954235,-1,-1,-1
412,17,377.047,459.362,43.120,93.467,0.696982,-1,-1,-1
412,25,1236.939,441.663,39.683,97.151,0.842690,-1,-1,-1
412,125,948.986,418.650,192.057,520.749,0.925391,-1,-1,-1
412,174,640.801,404.496,161.322,334.849,0.949291,-1,-1,-1
412,185,517.207,427.046,136.373,293.850,0.932521,-1,-1,-1
412,195,396.342,428.862,180.016,340.668,0.936591,-1,-1,-1
412,212,226.719,427.487,141.639,334.202,0.931343,-1,-1,-1
413,2,531.160,442.183,57.935,155.297,0.717834,-1,-1,-1
413,11,869.393,438.070,69.967,168.505,0.859647,-1,-1,-1
413,13,1057.978,395.017,282.943,627.336,0.956543,-1,-1,-1
413,25,1235.864,441.081,39.621,97.782,0.812755,-1,-1,-1
413,125,949.916,418.639,193.380,520.671,0.931075,-1,-1,-1
413,174,644.074,402.103,158.186,336.817,0.959350,-1,-1,-1
413,185,518.971,426.539,134.989,292.184,0.927729,-1,-1,-1
413,195,407.704,435.329,177.708,336.551,0.943597,-1,-1,-1
413,212,238.747,434.614,145.978,341.676,0.936674,-1,-1,-1
413,223,374.320,455.689,46.113,111.087,0.784928,-1,-1,-1
414,2,533.209,439.277,65.990,181.938,0.802884,-1,-1,-1
414,11,867.522,438.588,68.773,168.111,0.897824,-1,-1,-1
414,13,1056.422,393.344,283.048,628.617,0.945861,-1,-1,-1
414,25,1232.734,439.704,40.527,101.419,0.840458,-1,-1,-1
414,125,952.390,418.599,190.247,520.511,0.932394,-1,-1,-1
414,140,643.531,473.511,45.426,120.249,0.684906,-1,-1,-1
414,174,640.305,402.967,159.943,333.966,0.952483,-1,-1,-1
414,185,538.182,425.035,121.811,292.274,0.910743,-1,-1,-1
414,195,412.174,432.696,182.157,338.035,0.947640,-1,-1,-1
414,212,244.326,423.996,149.392,346.849,0.939250,-1,-1,-1
414,223,372.925,454.507,47.518,117.431,0.829030,-1,-1,-1
415,2,532.107,441.597,68.242,184.789,0.723264,-1,-1,-1
415,11,864.085,441.662,65.000,164.505,0.890755,-1,-1,-1
415,13,1053.779,399.214,283.279,621.330,0.944391,-1,-1,-1
415,25,1232.839,441.585,37.698,94.941,0.818341,-1,-1,-1
415,125,953.469,405.302,184.548,532.721,0.939497,-1,-1,-1
415,174,658.348,400.354,145.749,341.035,0.951381,-1,-1,-1
415,185,539.661,429.785,127.644,292.463,0.903351,-1,-1,-1
415,195,412.859,427.270,183.480,341.771,0.951249,-1,-1,-1
415,212,255.584,435.532,150.747,336.590,0.940505,-1,-1,-1
415,223,372.922,452.886,50.667,124.188,0.833803,-1,-1,-1
415,226,408.128,451.702,47.849,130.961,0.774077,-1,-1,-1
416,11,865.308,447.420,62.214,159.751,0.824936,-1,-1,-1
416,13,1050.589,401.375,286.016,619.434,0.940091,-1,-1,-1
416,17,374.441,455.726,51.359,120.976,0.854370,-1,-1,-1
416,25,1232.003,442.333,37.131,93.766,0.782235,-1,-1,-1
416,125,956.837,416.436,182.002,522.001,0.931539,-1,-1,-1
416,174,664.176,400.099,139.601,337.998,0.951112,-1,-1,-1
416,185,536.106,423.123,127.725,303.283,0.911866,-1,-1,-1
416,195,419.874,441.018,175.949,325.815,0.950643,-1,-1,-1
416,212,268.615,437.026,147.514,336.045,0.928811,-1,-1,-1
416,226,407.619,453.007,45.175,124.257,0.814528,-1,-1,-1
417,11,860.962,437.300,61.745,168.505,0.858241,-1,-1,-1
417,13,1045.906,397.188,270.808,622.934,0.935125,-1,-1,-1
417,17,375.617,454.001,49.371,121.137,0.860771,-1,-1,-1
417,125,959.526,408.646,185.561,531.695,0.926491,-1,-1,-1
417,174,677.690,403.131,131.412,329.889,0.949586,-1,-1,-1
417,185,566.241,429.790,121.819,286.722,0.922760,-1,-1,-1
417,195,428.437,449.051,168.135,315.592,0.945669,-1,-1,-1
417,212,270.467,446.177,152.451,321.850,0.932775,-1,-1,-1
417,226,409.107,457.812,43.389,113.426,0.817621,-1,-1,-1
417,229,1120.836,413.269,216.290,504.388,0.847686,-1,-1,-1
417,230,451.773,437.485,65.590,159.573,0.778528,-1,-1,-1
418,11,859.064,436.741,59.657,165.659,0.774671,-1,-1,-1
418,13,1046.625,394.681,256.667,625.807,0.933263,-1,-1,-1
418,17,375.960,453.900,49.119,124.825,0.859729,-1,-1,-1
418,125,962.450,408.932,187.546,527.760,0.920180,-1,-1,-1
418,174,684.934,403.747,125.399,326.188,0.942365,-1,-1,-1
418,185,577.748,428.207,113.699,288.885,0.926849,-1,-1,-1
418,195,433.345,440.619,167.529,319.949,0.941522,-1,-1,-1
418,212,273.335,438.908,164.145,331.009,0.929748,-1,-1,-1
418,226,408.628,454.422,47.946,124.101,0.833795,-1,-1,-1
418,229,1122.002,407.048,211.765,506.457,0.827067,-1,-1,-1
418,230,443.343,435.679,78.016,196.424,0.815453,-1,-1,-1
419,11,862.551,436.793,52.039,142.675,0.739944,-1,-1,-1
419,13,1042.437,402.129,228.408,613.680,0.931834,-1,-1,-1
419,17,374.722,451.718,48.984,128.436,0.818099,-1,-1,-1
419,125,962.455,409.115,183.400,522.488,0.927523,-1,-1,-1
419,130,568.179,456.038,32.517,82.882,0.637598,-1,-1,-1
419,174,683.643,401.753,132.898,330.890,0.954932,-1,-1,-1
419,185,586.768,427.571,107.194,288.399,0.935092,-1,-1,-1
419,195,440.351,438.636,164.550,325.509,0.942605,-1,-1,-1
419,212,278.656,432.450,179.601,337.807,0.942989,-1,-1,-1
419,226,407.858,453.355,47.570,122.128,0.823559,-1,-1,-1
419,229,1129.161,419.448,202.170,490.287,0.850747,-1,-1,-1
419,230,445.832,434.345,76.604,197.863,0.855547,-1,-1,-1
420,13,1041.943,390.182,217.005,628.095,0.931121,-1,-1,-1
420,17,376.960,454.415,47.087,124.026,0.751641,-1,-1,-1
420,125,962.602,408.966,181.995,525.125,0.918398,-1,-1,-1
420,130,573.661,453.182,39.028,99.006,0.601847,-1,-1,-1
420,174,688.866,401.350,129.839,328.914,0.947679,-1,-1,-1
420,185,586.675,426.851,111.369,289.315,0.943075,-1,-1,-1
420,195,445.558,440.794,158.625,325.119,0.944366,-1,-1,-1
420,212,281.675,433.168,190.093,337.380,0.946317,-1,-1,-1
420,226,407.166,452.997,47.682,120.108,0.836137,-1,-1,-1
420,229,1119.282,409.297,209.206,498.237,0.880692,-1,-1,-1
420,230,452.057,439.840,60.611,146.872,0.837400,-1,-1,-1
421,13,1033.798,393.456,231.033,624.943,0.916277,-1,-1,-1
421,40,405.303,450.874,49.543,120.302,0.805501,-1,-1,-1
421,125,965.002,410.317,180.403,529.315,0.913442,-1,-1,-1
421,174,689.513,400.940,133.174,327.423,0.938950,-1,-1,-1
421,185,592.749,427.617,113.637,286.287,0.944300,-1,-1,-1
421,195,443.795,439.255,157.504,328.977,0.943801,-1,-1,-1
421,212,281.354,438.050,190.228,332.549,0.951806,-1,-1,-1
421,229,1120.412,404.997,207.360,496.033,0.889716,-1,-1,-1
421,230,449.649,437.407,62.201,148.419,0.849142,-1,-1,-1
422,8,679.936,443.419,63.685,172.629,0.614896,-1,-1,-1
422,11,851.025,438.221,60.239,162.886,0.827978,-1,-1,-1
422,13,1042.352,394.432,229.420,628.021,0.914439,-1,-1,-1
422,40,403.952,450.646,49.823,118.158,0.738350,-1,-1,-1
422,125,966.455,415.536,176.836,510.148,0.918017,-1,-1,-1
422,174,695.135,399.444,130.687,331.015,0.937131,-1,-1,-1
422,185,594.479,427.480,128.486,287.853,0.940663,-1,-1,-1
422,195,455.559,441.722,148.357,320.685,0.940647,-1,-1,-1
422,212,285.746,442.850,186.433,319.617,0.949025,-1,-1,-1
422,229,1127.931,407.940,199.314,450.576,0.882166,-1,-1,-1
422,230,451.259,439.898,59.193,138.773,0.859256,-1,-1,-1
423,8,669.905,446.233,59.510,163.197,0.620369,-1,-1,-1
423,11,847.630,438.447,63.997,164.665,0.912873,-1,-1,-1
423,13,1041.967,398.334,229.937,621.216,0.914946,-1,-1,-1
423,40,400.274,444.363,55.183,127.121,0.615663,-1,-1,-1
423,60,1198.338,432.512,103.388,238.089,0.711603,-1,-1,-1
423,125,967.440,407.061,180.004,515.670,0.878176,-1,-1,-1
423,174,701.771,402.728,134.200,327.929,0.940799,-1,-1,-1
423,185,595.788,434.141,127.206,284.083,0.930984,-1,-1,-1
423,195,460.784,435.252,142.420,322.669,0.938794,-1,-1,-1
423,212,278.773,441.708,194.253,318.864,0.932910,-1,-1,-1
423,229,1119.332,405.800,210.334,468.928,0.847152,-1,-1,-1
423,230,452.200,438.621,58.996,136.365,0.835708,-1,-1,-1
424,11,846.506,436.137,62.710,162.872,0.908077,-1,-1,-1
424,13,1049.577,398.371,231.491,629.812,0.930291,-1,-1,-1
424,60,1205.798,435.880,107.258,252.790,0.764177,-1,-1,-1
424,125,965.640,408.841,180.557,519.178,0.869294,-1,-1,-1
424,174,705.404,403.747,131.175,326.931,0.941330,-1,-1,-1
424,185,598.480,434.511,136.500,276.849,0.926953,-1,-1,-1
424,195,465.615,432.262,143.235,325.950,0.925152,-1,-1,-1
424,212,294.654,432.614,182.663,331.229,0.936150,-1,-1,-1
424,224,300.875,451.299,49.114,120.089,0.614730,-1,-1,-1
424,229,1115.895,399.644,218.674,504.271,0.875855,-1,-1,-1
424,230,449.766,440.346,59.901,139.176,0.794735,-1,-1,-1
425,8,671.934,452.425,55.726,157.794,0.727248,-1,-1,-1
425,11,844.934,438.019,61.847,160.460,0.898149,-1,-1,-1
425,13,1039.905,388.567,236.049,644.368,0.913409,-1,-1,-1
425,60,1206.146,426.403,123.078,311.774,0.818040,-1,-1,-1
425,125,969.375,437.603,175.542,494.384,0.847863,-1,-1,-1
425,174,709.946,404.798,132.891,326.200,0.947307,-1,-1,-1
425,185,604.195,430.383,142.337,284.106,0.924492,-1,-1,-1
425,195,477.291,434.782,134.187,320.960,0.901306,-1,-1,-1
425,212,311.279,429.159,169.092,333.841,0.942474,-1,-1,-1
425,229,1107.593,400.685,225.282,543.931,0.885694,-1,-1,-1
425,230,444.122,433.961,75.607,186.428,0.819780,-1,-1,-1
426,11,839.467,439.487,63.357,161.436,0.900572,-1,-1,-1
426,13,1036.236,389.013,230.954,640.804,0.919547,-1,-1,-1
426,14,964.840,446.764,59.168,136.394,0.644593,-1,-1,-1
426,60,1213.964,425.534,111.002,287.589,0.817162,-1,-1,-1
426,125,964.877,404.240,188.770,529.741,0.762271,-1,-1,-1
426,174,709.334,401.247,135.114,328.405,0.955556,-1,-1,-1
426,185,607.731,432.782,140.943,282.853,0.936204,-1,-1,-1
426,195,476.289,432.828,142.299,321.026,0.927274,-1,-1,-1
426,212,321.669,430.144,164.472,331.708,0.936527,-1,-1,-1
426,229,1116.211,401.125,214.724,521.428,0.886959,-1,-1,-1
426,230,448.278,434.271,71.334,184.557,0.827622,-1,-1,-1
427,11,836.534,440.805,65.895,161.861,0.884004,-1,-1,-1
427,13,1034.066,396.465,228.894,634.166,0.898297,-1,-1,-1
427,60,1217.560,423.833,111.616,288.372,0.792879,-1,-1,-1
427,125,966.274,401.670,193.456,540.447,0.877640,-1,-1,-1
427,174,710.470,403.711,128.008,325.010,0.940031,-1,-1,-1
427,185,606.992,440.522,150.161,275.904,0.934278,-1,-1,-1
427,195,464.233,433.920,155.573,323.839,0.917554,-1,-1,-1
427,212,337.014,433.795,152.793,320.956,0.937223,-1,-1,-1
427,229,1120.972,397.980,217.091,532.079,0.903122,-1,-1,-1
427,230,456.664,436.647,63.230,169.100,0.809591,-1,-1,-1
428,11,835.234,438.509,62.977,162.449,0.884550,-1,-1,-1
428,13,1048.283,395.737,216.363,627.755,0.906237,-1,-1,-1
428,60,1213.419,424.168,127.379,351.722,0.823149,-1,-1,-1
428,125,964.505,403.311,196.972,540.430,0.873667,-1,-1,-1
428,140,599.141,457.402,54.372,148.232,0.669623,-1,-1,-1
428,174,715.936,407.449,128.329,322.296,0.941498,-1,-1,-1
428,185,609.096,453.934,149.280,260.707,0.909574,-1,-1,-1
428,195,477.817,439.100,150.549,322.903,0.921441,-1,-1,-1
428,212,348.967,443.004,141.091,312.088,0.933258,-1,-1,-1
428,229,1124.692,404.114,211.582,528.854,0.906603,-1,-1,-1
428,230,459.474,440.502,56.689,151.315,0.799389,-1,-1,-1
429,11,834.846,436.814,59.344,157.441,0.870985,-1,-1,-1
429,13,1048.498,397.775,227.282,644.760,0.906719,-1,-1,-1
429,60,1217.885,420.479,124.389,344.406,0.862691,-1,-1,-1
429,125,964.556,402.692,198.144,536.596,0.891579,-1,-1,-1
429,174,725.099,408.458,122.730,319.835,0.938432,-1,-1,-1
429,185,612.172,436.328,143.843,278.340,0.932129,-1,-1,-1
429,195,500.936,435.991,135.946,312.422,0.916191,-1,-1,-1
429,212,363.364,439.032,129.148,309.561,0.927707,-1,-1,-1
429,229,1130.533,410.644,206.923,517.522,0.895016,-1,-1,-1
429,230,454.242,440.795,58.004,153.685,0.786730,-1,-1,-1
430,11,830.633,436.501,61.311,158.420,0.897553,-1,-1,-1
430,13,1054.227,400.052,223.378,633.018,0.897112,-1,-1,-1
430,60,1224.243,423.805,123.496,335.683,0.867898,-1,-1,-1
430,125,965.452,404.041,200.361,542.199,0.889543,-1,-1,-1
430,174,722.309,412.041,127.997,317.913,0.940007,-1,-1,-1
430,185,630.740,435.775,129.544,271.067,0.895281,-1,-1,-1
430,195,519.895,435.721,136.136,315.892,0.919686,-1,-1,-1
430,212,371.782,436.500,123.125,316.962,0.909617,-1,-1,-1
430,229,1134.885,411.032,208.004,512.277,0.891743,-1,-1,-1
430,230,460.138,442.032,55.175,150.211,0.794948,-1,-1,-1
431,2,638.519,443.060,82.841,196.151,0.739218,-1,-1,-1
431,11,831.439,434.044,57.384,156.411,0.868397,-1,-1,-1
431,13,1062.118,401.949,238.430,636.087,0.901857,-1,-1,-1
431,40,371.225,455.386,48.304,107.733,0.723011,-1,-1,-1
431,60,1236.533,421.493,114.363,298.533,0.847208,-1,-1,-1
431,125,967.324,415.748,192.217,517.837,0.887546,-1,-1,-1
431,174,724.195,407.198,129.158,323.021,0.940707,-1,-1,-1
431,185,634.108,436.026,119.883,263.842,0.874928,-1,-1,-1
431,195,516.811,433.420,149.039,321.251,0.927467,-1,-1,-1
431,212,380.166,443.271,117.837,304.654,0.918436,-1,-1,-1
431,226,510.526,442.814,46.068,122.191,0.612621,-1,-1,-1
431,229,1141.582,410.654,202.893,484.835,0.871955,-1,-1,-1
431,230,454.632,437.494,59.610,165.945,0.781409,-1,-1,-1
432,2,645.664,441.596,92.199,210.485,0.844908,-1,-1,-1
432,11,831.308,433.301,55.217,156.646,0.902816,-1,-1,-1
432,13,1054.969,406.830,224.857,623.157,0.896979,-1,-1,-1
432,40,374.982,454.672,46.152,106.854,0.750381,-1,-1,-1
432,60,1238.539,421.341,121.600,324.983,0.850908,-1,-1,-1
432,125,967.945,412.512,199.914,528.848,0.881332,-1,-1,-1
432,174,726.549,405.009,133.682,324.632,0.934524,-1,-1,-1
432,185,643.476,431.460,127.740,279.185,0.614188,-1,-1,-1
432,195,519.447,432.870,163.144,323.350,0.931306,-1,-1,-1
432,212,388.204,442.467,115.335,308.747,0.923678,-1,-1,-1
432,221,458.371,441.331,51.209,142.061,0.754205,-1,-1,-1
432,223,516.937,444.748,36.276,90.015,0.651407,-1,-1,-1
432,224,309.080,454.474,40.045,102.609,0.653237,-1,-1,-1
432,229,1159.216,410.566,190.433,428.860,0.861712,-1,-1,-1
432,233,1418.124,348.635,454.592,726.476,0.832177,-1,-1,-1
433,8,640.965,450.457,76.167,180.419,0.840025,-1,-1,-1
433,11,830.225,432.154,56.157,159.052,0.910586,-1,-1,-1
433,13,1024.273,400.406,237.397,638.407,0.879465,-1,-1,-1
433,14,916.311,441.005,66.396,147.831,0.635944,-1,-1,-1
433,17,377.309,456.687,40.189,98.842,0.762926,-1,-1,-1
433,60,1239.581,421.372,123.860,332.069,0.820423,-1,-1,-1
433,124,472.346,450.007,35.604,81.702,0.618970,-1,-1,-1
433,125,973.079,406.827,209.207,537.663,0.882591,-1,-1,-1
433,174,722.208,406.133,132.185,324.301,0.921466,-1,-1,-1
433,185,649.646,427.005,128.181,278.061,0.787236,-1,-1,-1
433,195,524.579,436.944,164.024,317.203,0.935680,-1,-1,-1
433,212,391.761,446.470,118.340,301.024,0.898416,-1,-1,-1
433,223,519.728,446.666,34.197,80.684,0.708312,-1,-1,-1
433,224,308.360,454.036,41.296,107.171,0.657577,-1,-1,-1
433,229,1158.030,405.722,198.476,420.921,0.876408,-1,-1,-1
433,233,1389.397,287.280,517.804,789.719,0.865133,-1,-1,-1
434,8,644.777,454.143,75.716,176.094,0.822090,-1,-1,-1
434,11,825.695,433.949,57.217,158.873,0.901277,-1,-1,-1
434,13,1064.661,408.784,212.143,562.662,0.829468,-1,-1,-1
434,17,378.089,458.255,41.073,101.097,0.744260,-1,-1,-1
434,60,1255.229,418.093,118.632,317.094,0.877865,-1,-1,-1
434,125,973.192,420.772,200.286,516.866,0.908368,-1,-1,-1
434,174,728.029,411.715,127.186,319.670,0.928203,-1,-1,-1
434,185,669.863,436.830,107.153,264.949,0.860133,-1,-1,-1
434,195,528.526,440.153,162.674,318.256,0.950978,-1,-1,-1
434,212,397.952,448.860,121.264,303.465,0.907971,-1,-1,-1
434,223,519.749,447.538,32.507,76.365,0.656756,-1,-1,-1
434,224,310.070,454.640,38.876,102.855,0.703094,-1,-1,-1
434,229,1160.834,401.232,212.066,455.049,0.850519,-1,-1,-1
434,233,1134.138,296.096,728.411,782.755,0.899180,-1,-1,-1
435,8,639.841,456.218,72.070,170.375,0.791011,-1,-1,-1
435,11,823.270,438.129,58.726,158.288,0.885312,-1,-1,-1
435,13,1088.245,389.361,232.424,544.759,0.835343,-1,-1,-1
435,17,376.066,457.513,44.379,107.720,0.784814,-1,-1,-1
435,60,1254.380,418.099,121.782,318.043,0.886621,-1,-1,-1
435,125,980.480,413.918,198.422,497.110,0.886665,-1,-1,-1
435,174,724.736,410.453,132.505,318.562,0.917043,-1,-1,-1
435,185,673.925,436.571,102.832,263.050,0.850214,-1,-1,-1
435,195,533.333,439.922,164.377,320.225,0.950830,-1,-1,-1
435,212,394.384,445.281,135.886,304.956,0.930054,-1,-1,-1
435,223,518.614,449.470,34.299,77.288,0.715682,-1,-1,-1
435,224,310.628,454.824,37.989,102.418,0.675363,-1,-1,-1
435,226,544.688,449.685,36.092,86.684,0.605420,-1,-1,-1
435,229,1167.447,403.386,182.033,353.730,0.887254,-1,-1,-1
435,233,1094.455,288.120,788.054,787.946,0.876495,-1,-1,-1
436,8,639.136,455.205,73.182,174.512,0.695920,-1,-1,-1
436,11,821.410,439.652,59.176,155.391,0.872537,-1,-1,-1
436,13,1151.734,398.565,195.526,518.656,0.862228,-1,-1,-1
436,14,913.218,442.265,71.526,149.435,0.660780,-1,-1,-1
436,17,375.546,455.353,46.704,113.390,0.770426,-1,-1,-1
436,60,1249.921,414.866,132.062,360.839,0.787833,-1,-1,-1
436,125,972.793,400.847,209.749,550.202,0.850975,-1,-1,-1
436,174,733.641,408.633,127.079,316.756,0.919261,-1,-1,-1
436,185,676.185,427.556,104.553,280.008,0.883191,-1,-1,-1
436,195,534.929,434.302,161.196,325.908,0.952364,-1,-1,-1
436,212,404.532,430.743,132.796,319.514,0.930800,-1,-1,-1
436,223,528.639,450.315,35.449,78.659,0.622581,-1,-1,-1
436,224,310.866,454.944,36.487,98.691,0.667218,-1,-1,-1
436,233,1086.948,300.213,709.223,775.703,0.872536,-1,-1,-1
437,8,638.342,456.311,69.771,170.017,0.724378,-1,-1,-1
437,11,819.568,441.096,58.891,152.344,0.880448,-1,-1,-1
437,13,1157.992,393.504,209.081,591.002,0.782724,-1,-1,-1
437,17,377.001,455.149,45.178,109.679,0.754718,-1,-1,-1
437,125,981.066,414.093,197.984,539.139,0.891428,-1,-1,-1
437,174,737.077,409.832,124.836,314.381,0.906229,-1,-1,-1
437,185,689.913,430.441,96.413,276.394,0.894110,-1,-1,-1
437,195,535.397,434.988,161.727,324.395,0.949317,-1,-1,-1
437,212,398.373,449.034,138.898,305.154,0.925481,-1,-1,-1
437,223,533.971,452.186,33.843,74.529,0.635890,-1,-1,-1
437,224,311.458,454.571,36.748,99.903,0.620395,-1,-1,-1
437,226,547.932,450.955,31.073,75.255,0.714390,-1,-1,-1
437,233,1103.700,306.888,631.250,770.428,0.875105,-1,-1,-1
437,238,517.993,450.710,36.807,74.977,0.774109,-1,-1,-1
438,11,818.844,441.853,59.969,151.524,0.842749,-1,-1,-1
438,13,1085.067,397.601,191.646,591.713,0.882927,-1,-1,-1
438,17,377.592,456.116,41.928,99.070,0.692909,-1,-1,-1
438,125,984.017,417.564,197.109,546.877,0.893456,-1,-1,-1
438,174,744.540,409.782,120.619,313.618,0.921189,-1,-1,-1
438,185,694.444,428.194,105.474,279.000,0.899310,-1,-1,-1
438,195,540.196,436.685,157.392,317.012,0.943603,-1,-1,-1
438,212,411.183,433.373,133.547,314.266,0.915179,-1,-1,-1
438,223,544.757,450.578,32.039,74.244,0.725239,-1,-1,-1
438,224,313.000,453.310,34.770,96.309,0.653699,-1,-1,-1
438,233,1073.480,316.387,586.526,762.729,0.820622,-1,-1,-1
438,238,518.134,450.050,34.811,75.194,0.761482,-1,-1,-1
439,2,673.839,443.246,77.826,188.973,0.640407,-1,-1,-1
439,11,810.079,440.222,63.532,155.854,0.675011,-1,-1,-1
439,13,1089.610,424.175,178.526,534.901,0.867213,-1,-1,-1
439,17,376.888,454.054,46.685,109.235,0.680219,-1,-1,-1
439,125,986.774,410.346,200.855,573.078,0.908373,-1,-1,-1
439,174,753.671,408.126,117.657,311.271,0.902911,-1,-1,-1
439,185,703.213,431.328,115.385,286.864,0.877096,-1,-1,-1
439,195,543.405,436.201,155.847,316.849,0.942448,-1,-1,-1
439,212,413.957,437.349,133.830,301.201,0.916690,-1,-1,-1
439,223,544.266,452.762,33.436,75.130,0.654281,-1,-1,-1
439,224,311.730,450.201,39.809,112.288,0.717568,-1,-1,-1
439,233,1050.234,345.270,547.655,734.692,0.741386,-1,-1,-1
439,238,516.859,453.064,33.512,74.565,0.681622,-1,-1,-1
440,125,992.437,411.597,190.560,521.367,0.911573,-1,-1,-1
440,174,760.813,422.197,110.515,296.242,0.894897,-1,-1,-1
440,185,702.057,427.991,123.751,291.131,0.892862,-1,-1,-1
440,195,542.017,436.200,156.610,317.796,0.942445,-1,-1,-1
440,212,423.723,438.046,133.357,300.657,0.934276,-1,-1,-1
440,223,542.653,453.731,35.321,78.487,0.608866,-1,-1,-1
440,224,312.394,448.875,41.147,114.807,0.626580,-1,-1,-1
440,233,1027.018,352.190,493.027,727.815,0.830202,-1,-1,-1
440,240,1002.595,454.179,37.463,79.364,0.616922,-1,-1,-1
441,17,377.875,454.226,44.619,102.198,0.693818,-1,-1,-1
441,125,1015.669,419.300,159.942,391.668,0.786959,-1,-1,-1
441,140,513.286,441.796,61.338,164.800,0.614797,-1,-1,-1
441,174,767.236,405.047,111.121,306.547,0.903453,-1,-1,-1
441,185,703.362,425.996,131.984,287.614,0.928495,-1,-1,-1
441,195,553.660,433.478,149.215,318.228,0.941877,-1,-1,-1
441,212,424.305,439.180,132.912,297.472,0.913498,-1,-1,-1
441,224,311.268,452.527,38.570,109.939,0.715635,-1,-1,-1
441,233,961.924,342.249,483.219,726.195,0.711734,-1,-1,-1
442,17,378.344,456.429,44.724,99.818,0.717997,-1,-1,-1
442,60,1284.192,424.936,177.605,329.974,0.917993,-1,-1,-1
442,125,1018.410,431.162,140.224,322.643,0.642671,-1,-1,-1
442,130,685.370,458.514,35.788,86.523,0.655772,-1,-1,-1
442,140,530.578,445.297,58.918,159.020,0.654104,-1,-1,-1
442,174,770.770,412.385,106.822,290.859,0.884124,-1,-1,-1
442,185,704.360,428.525,137.850,287.426,0.930180,-1,-1,-1
442,195,559.838,435.363,139.390,313.304,0.941159,-1,-1,-1
442,212,427.260,439.604,132.670,300.195,0.901558,-1,-1,-1
442,224,312.499,451.571,37.937,108.153,0.663784,-1,-1,-1
442,233,939.535,359.194,457.005,708.579,0.752321,-1,-1,-1
442,243,334.174,496.621,103.682,148.817,0.736761,-1,-1,-1
443,17,375.894,459.174,49.842,116.791,0.800895,-1,-1,-1
443,40,410.773,456.734,46.254,114.162,0.694709,-1,-1,-1
443,60,1296.046,429.774,170.496,330.281,0.921198,-1,-1,-1
443,130,687.433,457.768,32.311,75.873,0.625539,-1,-1,-1
443,140,535.903,447.826,56.063,160.564,0.752979,-1,-1,-1
443,174,776.041,431.312,101.086,256.882,0.890541,-1,-1,-1
443,185,705.832,432.513,139.323,283.170,0.935109,-1,-1,-1
443,195,566.065,432.209,134.858,311.832,0.941943,-1,-1,-1
443,212,439.319,433.746,127.204,304.317,0.914018,-1,-1,-1
443,224,312.607,452.695,36.144,104.180,0.699456,-1,-1,-1
443,233,731.281,339.460,571.218,736.443,0.847567,-1,-1,-1
443,243,322.819,501.140,102.081,150.373,0.817575,-1,-1,-1
443,246,1832.228,462.551,80.105,181.812,0.625700,-1,-1,-1
444,13,1168.000,422.366,184.027,480.516,0.785975,-1,-1,-1
444,17,377.285,457.588,46.649,116.823,0.830641,-1,-1,-1
444,40,410.679,454.750,47.547,118.394,0.829312,-1,-1,-1
444,60,1302.234,429.903,165.991,332.161,0.920045,-1,-1,-1
444,130,685.279,457.563,32.137,72.158,0.675034,-1,-1,-1
444,140,529.751,444.709,59.469,166.160,0.752017,-1,-1,-1
444,174,768.186,414.131,112.282,299.598,0.888730,-1,-1,-1
444,185,704.699,430.309,133.960,283.490,0.930806,-1,-1,-1
444,195,578.948,435.653,123.744,301.928,0.930046,-1,-1,-1
444,212,457.006,435.386,118.930,298.927,0.921139,-1,-1,-1
444,221,463.168,446.156,40.826,112.893,0.699130,-1,-1,-1
444,224,313.751,454.069,32.938,94.501,0.658629,-1,-1,-1
444,229,1210.285,426.531,181.267,352.382,0.854058,-1,-1,-1
444,230,570.954,444.999,72.405,190.135,0.636734,-1,-1,-1
444,233,815.556,350.106,521.853,723.812,0.786646,-1,-1,-1
444,243,320.307,511.257,95.664,140.639,0.702472,-1,-1,-1
444,246,1832.096,464.104,79.856,181.229,0.666347,-1,-1,-1
445,13,1131.018,415.071,218.626,485.323,0.868941,-1,-1,-1
445,17,377.298,457.387,47.194,115.107,0.826460,-1,-1,-1
445,40,411.511,455.519,48.810,116.085,0.844257,-1,-1,-1
445,60,1309.224,424.219,157.476,341.077,0.915514,-1,-1,-1
445,130,685.213,458.202,32.019,70.759,0.631958,-1,-1,-1
445,174,772.170,407.350,113.666,303.654,0.886521,-1,-1,-1
445,185,707.235,430.864,129.652,277.859,0.914870,-1,-1,-1
445,195,582.357,430.806,125.775,306.508,0.936752,-1,-1,-1
445,212,457.098,428.452,126.741,304.347,0.935983,-1,-1,-1
445,221,460.077,444.391,47.847,131.877,0.782249,-1,-1,-1
445,224,313.450,453.276,32.616,93.288,0.619149,-1,-1,-1
445,229,1201.534,427.592,183.903,370.807,0.866827,-1,-1,-1
445,233,644.428,333.998,620.016,742.037,0.838736,-1,-1,-1
445,243,310.037,506.967,100.419,148.282,0.797568,-1,-1,-1
446,13,1116.377,396.264,227.015,679.498,0.930882,-1,-1,-1
446,17,375.459,456.242,48.463,115.924,0.762066,-1,-1,-1
446,40,408.956,451.496,51.700,119.919,0.825939,-1,-1,-1
446,60,1319.634,423.004,148.094,343.771,0.932528,-1,-1,-1
446,140,531.637,440.942,60.668,170.859,0.633458,-1,-1,-1
446,174,777.592,413.000,107.199,298.672,0.885621,-1,-1,-1
446,185,712.148,434.689,129.916,273.740,0.923290,-1,-1,-1
446,195,595.968,432.665,122.239,302.327,0.918965,-1,-1,-1
446,212,464.392,426.931,121.457,299.785,0.938142,-1,-1,-1
446,221,462.178,446.091,44.612,119.902,0.775189,-1,-1,-1
446,229,1204.647,439.276,185.094,428.180,0.881448,-1,-1,-1
446,233,652.445,321.867,584.878,750.391,0.776714,-1,-1,-1
446,243,307.191,507.871,98.035,144.261,0.824490,-1,-1,-1
447,13,1118.036,396.288,217.300,679.216,0.931948,-1,-1,-1
447,17,376.394,457.734,48.696,114.518,0.778982,-1,-1,-1
447,40,408.169,451.797,52.480,119.874,0.817070,-1,-1,-1
447,60,1328.208,419.970,139.945,347.377,0.934198,-1,-1,-1
447,174,790.615,415.400,99.758,279.252,0.846345,-1,-1,-1
447,185,719.212,430.690,136.856,277.071,0.909075,-1,-1,-1
447,195,608.654,431.636,119.951,302.157,0.893891,-1,-1,-1
447,212,471.169,428.802,116.251,300.556,0.946190,-1,-1,-1
447,221,464.225,444.073,45.313,120.237,0.780041,-1,-1,-1
447,229,1203.550,422.249,180.907,475.644,0.872579,-1,-1,-1
447,230,591.106,451.639,81.479,199.936,0.658295,-1,-1,-1
447,233,489.298,318.615,647.902,760.096,0.891896,-1,-1,-1
447,243,301.102,512.857,96.632,138.662,0.860847,-1,-1,-1
448,13,1123.779,406.384,216.563,670.109,0.931557,-1,-1,-1
448,17,377.050,457.427,48.025,115.610,0.820862,-1,-1,-1
448,40,407.472,454.410,51.372,117.480,0.798054,-1,-1,-1
448,60,1332.135,421.593,135.667,344.090,0.940435,-1,-1,-1
448,185,725.522,435.490,129.476,266.339,0.881019,-1,-1,-1
448,195,622.960,432.302,109.637,304.716,0.898740,-1,-1,-1
448,212,469.336,426.666,115.531,286.520,0.928559,-1,-1,-1
448,221,464.392,443.040,43.579,114.621,0.788417,-1,-1,-1
448,229,1217.523,425.123,162.240,408.977,0.861079,-1,-1,-1
448,230,588.748,464.415,77.754,178.543,0.777005,-1,-1,-1
448,233,455.538,316.940,665.146,763.048,0.868457,-1,-1,-1
448,243,289.070,501.535,105.075,161.647,0.838763,-1,-1,-1
448,252,1040.467,415.181,178.145,531.885,0.893482,-1,-1,-1
449,2,745.687,450.596,54.517,132.232,0.602704,-1,-1,-1
449,13,1125.898,400.736,214.714,676.311,0.937086,-1,-1,-1
449,17,379.280,460.244,45.757,111.491,0.830548,-1,-1,-1
449,40,408.220,455.649,50.280,115.395,0.798957,-1,-1,-1
449,60,1338.833,422.755,133.243,340.411,0.936593,-1,-1,-1
449,195,628.410,433.143,102.571,311.112,0.912327,-1,-1,-1
449,212,476.361,428.736,120.398,292.404,0.927353,-1,-1,-1
449,221,466.049,447.448,41.735,109.252,0.722319,-1,-1,-1
449,229,1214.705,417.018,158.042,381.429,0.851366,-1,-1,-1
449,230,590.015,468.668,72.285,165.570,0.857301,-1,-1,-1
449,233,412.145,314.715,682.865,759.691,0.897707,-1,-1,-1
449,240,993.778,444.969,45.952,103.634,0.629703,-1,-1,-1
449,243,282.876,500.619,103.384,163.759,0.812620,-1,-1,-1
449,252,1023.354,412.809,184.875,544.043,0.920163,-1,-1,-1
449,253,720.547,454.454,28.671,78.349,0.675541,-1,-1,-1
450,13,1131.917,405.548,222.678,671.880,0.927869,-1,-1,-1
450,14,980.823,442.302,65.136,142.290,0.663959,-1,-1,-1
450,17,380.058,458.331,47.376,112.039,0.826890,-1,-1,-1
450,40,410.048,450.794,51.465,118.877,0.829484,-1,-1,-1
450,60,1340.364,418.945,137.722,343.315,0.932816,-1,-1,-1
450,195,631.878,431.269,98.868,307.042,0.922013,-1,-1,-1
450,212,483.772,431.970,120.355,291.489,0.922564,-1,-1,-1
450,221,463.938,446.261,40.900,107.531,0.720327,-1,-1,-1
450,229,1221.560,427.183,156.740,364.225,0.866766,-1,-1,-1
450,230,588.023,470.036,76.117,173.344,0.805734,-1,-1,-1
450,233,358.081,315.554,690.393,757.626,0.818712,-1,-1,-1
450,243,281.266,514.049,90.435,138.875,0.749641,-1,-1,-1
450,246,1835.229,459.595,82.732,192.362,0.698925,-1,-1,-1
450,252,1032.142,418.678,183.903,542.819,0.922872,-1,-1,-1
450,253,720.026,453.193,29.494,79.009,0.737965,-1,-1,-1
451,13,1129.537,399.794,255.261,674.222,0.925037,-1,-1,-1
451,17,378.818,459.675,48.535,113.323,0.840718,-1,-1,-1
451,40,410.389,449.998,51.197,120.242,0.846764,-1,-1,-1
451,60,1336.914,416.037,147.435,345.239,0.941323,-1,-1,-1
451,195,635.266,432.436,105.763,311.166,0.895005,-1,-1,-1
451,212,485.681,436.998,126.584,293.178,0.930020,-1,-1,-1
451,221,464.084,444.699,42.647,110.857,0.784866,-1,-1,-1
451,229,1212.545,412.784,172.521,374.451,0.838367,-1,-1,-1
451,230,583.655,469.309,82.103,183.086,0.708203,-1,-1,-1
451,233,310.523,322.188,699.088,754.326,0.762644,-1,-1,-1
451,240,995.404,444.823,38.419,87.338,0.615507,-1,-1,-1
451,243,269.500,508.808,92.443,148.300,0.862081,-1,-1,-1
451,252,1036.239,422.348,187.621,535.827,0.928287,-1,-1,-1
452,13,1092.764,406.494,296.391,671.605,0.906758,-1,-1,-1
452,17,377.955,458.043,50.596,115.870,0.828429,-1,-1,-1
452,40,410.144,450.336,50.543,119.382,0.797910,-1,-1,-1
452,60,1351.100,411.037,140.370,351.782,0.956820,-1,-1,-1
452,195,651.997,435.916,96.775,271.893,0.700256,-1,-1,-1
452,212,485.825,427.818,136.897,299.908,0.910614,-1,-1,-1
452,221,462.262,442.831,44.536,115.835,0.798249,-1,-1,-1
452,229,1213.052,417.215,173.784,364.740,0.846072,-1,-1,-1
452,233,289.502,345.947,715.308,730.695,0.869534,-1,-1,-1
452,243,260.269,504.161,96.481,154.669,0.764473,-1,-1,-1
452,252,1037.750,424.366,198.327,535.595,0.914436,-1,-1,-1
453,13,1138.494,416.935,297.328,652.507,0.864964,-1,-1,-1
453,17,378.029,458.484,52.210,116.808,0.838479,-1,-1,-1
453,40,410.248,451.049,50.412,119.061,0.781763,-1,-1,-1
453,60,1358.454,411.856,135.535,354.330,0.952079,-1,-1,-1
453,174,809.560,413.106,87.726,236.466,0.702623,-1,-1,-1
453,212,486.703,428.312,142.555,299.593,0.910979,-1,-1,-1
453,221,463.465,445.585,42.431,111.445,0.718638,-1,-1,-1
453,229,1184.936,415.727,216.257,455.166,0.892880,-1,-1,-1
453,230,576.806,459.474,74.475,171.982,0.680490,-1,-1,-1
453,233,386.838,344.839,649.600,728.770,0.783265,-1,-1,-1
453,243,255.172,512.036,95.518,143.418,0.855123,-1,-1,-1
453,252,1036.698,424.457,197.440,535.308,0.920587,-1,-1,-1
454,8,581.069,455.742,64.836,168.393,0.617254,-1,-1,-1
454,13,1136.393,400.915,317.477,673.595,0.944695,-1,-1,-1
454,17,375.373,457.477,53.014,116.295,0.829141,-1,-1,-1
454,40,413.500,453.424,49.105,116.773,0.765336,-1,-1,-1
454,60,1364.756,414.531,133.410,352.111,0.948285,-1,-1,-1
454,174,806.283,411.509,98.336,305.219,0.902110,-1,-1,-1
454,212,487.153,425.213,142.410,305.897,0.921834,-1,-1,-1
454,221,463.875,448.957,38.368,100.265,0.734364,-1,-1,-1
454,233,245.910,358.794,679.890,718.510,0.823151,-1,-1,-1
454,238,494.239,452.952,45.428,104.948,0.665387,-1,-1,-1
454,243,247.277,509.086,98.206,146.822,0.876813,-1,-1,-1
454,252,1039.347,424.325,195.498,533.359,0.929545,-1,-1,-1
455,13,1138.052,408.316,308.167,668.175,0.925883,-1,-1,-1
455,17,376.460,457.746,53.401,115.631,0.813607,-1,-1,-1
455,40,414.450,457.137,48.419,113.161,0.730704,-1,-1,-1
455,60,1370.193,413.601,133.943,357.174,0.956405,-1,-1,-1
455,140,492.368,454.249,39.016,102.640,0.641991,-1,-1,-1
455,174,806.658,400.059,96.461,309.407,0.884490,-1,-1,-1
455,212,496.540,449.847,121.604,264.900,0.834998,-1,-1,-1
455,221,462.783,450.890,38.120,99.861,0.705107,-1,-1,-1
455,224,320.483,450.666,43.749,118.382,0.691586,-1,-1,-1
455,229,1185.577,412.852,215.959,447.921,0.644172,-1,-1,-1
455,233,211.564,369.087,681.595,706.453,0.816157,-1,-1,-1
455,243,239.789,510.809,99.938,151.146,0.866595,-1,-1,-1
455,252,1048.387,429.638,189.781,526.009,0.920840,-1,-1,-1
456,13,1145.762,410.181,310.256,666.468,0.934101,-1,-1,-1
456,17,377.277,459.089,53.529,114.483,0.808358,-1,-1,-1
456,40,413.590,456.140,49.599,113.374,0.724637,-1,-1,-1
456,60,1377.770,412.042,134.731,359.749,0.954140,-1,-1,-1
456,174,806.678,400.351,95.263,310.632,0.893115,-1,-1,-1
456,185,768.654,424.807,119.513,274.936,0.688958,-1,-1,-1
456,221,462.383,448.727,40.102,103.814,0.688749,-1,-1,-1
456,229,1221.803,418.508,195.118,418.680,0.637991,-1,-1,-1
456,233,192.739,374.296,727.634,703.264,0.798172,-1,-1,-1
456,243,236.169,510.684,93.920,138.941,0.733823,-1,-1,-1
456,252,1051.914,421.302,186.724,535.444,0.921845,-1,-1,-1
456,253,727.956,452.473,28.277,77.560,0.610417,-1,-1,-1
457,2,778.475,445.424,41.471,109.249,0.654210,-1,-1,-1
457,11,782.653,442.331,47.676,131.458,0.739092,-1,-1,-1
457,13,1152.594,413.358,297.695,656.134,0.900344,-1,-1,-1
457,17,376.623,460.073,55.823,115.321,0.855641,-1,-1,-1
457,40,413.790,454.615,51.154,115.168,0.780131,-1,-1,-1
457,60,1379.101,416.560,139.956,363.268,0.954956,-1,-1,-1
457,174,806.547,404.139,97.704,305.177,0.907870,-1,-1,-1
457,195,673.452,443.905,84.167,241.551,0.789511,-1,-1,-1
457,221,463.653,448.452,41.707,105.661,0.791889,-1,-1,-1
457,224,314.329,451.324,38.267,107.526,0.672594,-1,-1,-1
457,229,1184.416,409.748,218.898,456.279,0.688681,-1,-1,-1
457,233,311.413,384.586,566.290,691.884,0.856181,-1,-1,-1
457,243,229.672,514.443,95.204,136.319,0.805126,-1,-1,-1
457,252,1059.824,423.862,191.356,536.833,0.910337,-1,-1,-1
458,11,778.638,441.186,48.939,135.558,0.716353,-1,-1,-1
458,13,1152.411,400.370,314.784,677.717,0.934458,-1,-1,-1
458,17,376.088,460.516,56.487,114.625,0.839148,-1,-1,-1
458,40,412.320,456.434,51.070,113.604,0.758146,-1,-1,-1
458,60,1380.670,414.204,149.337,374.354,0.954627,-1,-1,-1
458,174,810.472,409.646,97.131,297.932,0.912516,-1,-1,-1
458,185,772.602,436.137,102.325,255.770,0.623350,-1,-1,-1
458,195,654.112,435.503,143.866,303.061,0.914577,-1,-1,-1
458,224,313.117,450.468,39.784,114.725,0.683311,-1,-1,-1
458,233,306.820,372.575,531.701,700.588,0.808897,-1,-1,-1
458,243,215.215,517.656,99.396,137.379,0.851036,-1,-1,-1
458,252,1066.477,415.095,198.121,547.915,0.917353,-1,-1,-1
459,11,784.268,441.643,54.812,150.475,0.741361,-1,-1,-1
459,13,1158.478,397.526,314.441,671.819,0.934713,-1,-1,-1
459,17,375.961,457.709,57.297,113.687,0.839604,-1,-1,-1
459,60,1385.191,419.601,156.930,367.145,0.959840,-1,-1,-1
459,174,808.616,406.596,102.163,299.460,0.921214,-1,-1,-1
459,195,651.144,435.657,149.640,307.351,0.922689,-1,-1,-1
459,223,618.468,452.205,36.663,83.622,0.618414,-1,-1,-1
459,224,314.193,447.688,41.358,117.063,0.724085,-1,-1,-1
459,233,307.616,377.319,478.109,698.579,0.858404,-1,-1,-1
459,243,205.297,517.571,103.058,140.861,0.801147,-1,-1,-1
459,252,1071.995,417.439,185.456,547.073,0.937036,-1,-1,-1
460,8,571.849,434.338,69.714,156.626,0.768463,-1,-1,-1
460,11,779.059,440.342,51.561,142.880,0.654980,-1,-1,-1
460,60,1391.557,423.404,181.913,369.789,0.957246,-1,-1,-1
460,174,810.241,408.786,102.923,295.046,0.900823,-1,-1,-1
460,195,654.875,435.599,146.707,302.824,0.935592,-1,-1,-1
460,229,1217.367,406.772,208.603,525.777,0.894213,-1,-1,-1
460,233,301.916,360.707,603.885,715.865,0.792956,-1,-1,-1
460,243,203.413,520.757,94.776,125.964,0.669643,-1,-1,-1
460,252,1079.250,417.638,172.431,546.579,0.942071,-1,-1,-1
461,11,775.561,440.289,53.481,145.583,0.821462,-1,-1,-1
461,13,1157.289,399.483,325.830,673.322,0.943867,-1,-1,-1
461,60,1395.901,423.631,180.420,367.288,0.955678,-1,-1,-1
461,174,800.667,401.818,116.494,301.961,0.931671,-1,-1,-1
461,195,656.720,433.385,145.975,303.697,0.946340,-1,-1,-1
461,212,552.289,431.605,108.007,297.260,0.818926,-1,-1,-1
461,233,213.115,358.552,538.375,716.874,0.818979,-1,-1,-1
461,240,1007.763,443.463,38.839,88.837,0.608902,-1,-1,-1
461,243,195.505,524.741,98.944,127.324,0.842334,-1,-1,-1
461,252,1083.085,421.726,177.901,545.999,0.938229,-1,-1,-1
462,11,772.125,438.810,55.881,147.932,0.871909,-1,-1,-1
462,13,1152.618,399.612,327.099,676.410,0.908414,-1,-1,-1
462,14,1046.115,438.757,49.543,129.048,0.711428,-1,-1,-1
462,60,1398.720,425.248,178.492,368.900,0.950101,-1,-1,-1
462,174,799.749,404.726,119.438,300.585,0.936269,-1,-1,-1
462,195,659.890,430.205,141.272,309.405,0.954362,-1,-1,-1
462,212,553.753,428.474,103.574,281.237,0.888209,-1,-1,-1
462,229,1234.758,400.674,202.334,499.553,0.693625,-1,-1,-1
462,233,218.448,355.071,514.836,721.001,0.877015,-1,-1,-1
462,243,175.570,519.451,109.901,141.445,0.771067,-1,-1,-1
462,252,1084.790,415.032,195.023,560.642,0.928324,-1,-1,-1
463,11,772.312,436.800,56.638,150.406,0.885500,-1,-1,-1
463,13,1159.172,400.425,320.501,673.980,0.941571,-1,-1,-1
463,14,1044.719,438.007,47.995,128.511,0.652054,-1,-1,-1
463,60,1401.418,423.226,178.262,375.957,0.948346,-1,-1,-1
463,174,801.508,401.059,119.640,303.319,0.942681,-1,-1,-1
463,195,668.465,427.735,133.006,308.464,0.942211,-1,-1,-1
463,212,569.640,425.450,95.172,276.709,0.888324,-1,-1,-1
463,233,134.598,342.158,524.240,726.859,0.821394,-1,-1,-1
463,243,164.892,519.026,114.078,147.785,0.738257,-1,-1,-1
463,252,1085.260,415.895,199.368,558.948,0.937311,-1,-1,-1
463,262,1676.155,429.117,114.233,160.278,0.681671,-1,-1,-1
464,8,553.585,448.944,59.867,139.999,0.627623,-1,-1,-1
464,11,769.578,433.385,56.952,148.745,0.885852,-1,-1,-1
464,13,1162.089,394.224,322.950,684.801,0.946352,-1,-1,-1
464,14,1035.092,435.194,55.657,145.498,0.702516,-1,-1,-1
464,60,1412.229,428.950,166.734,371.053,0.954875,-1,-1,-1
464,174,804.278,402.654,120.785,303.705,0.948724,-1,-1,-1
464,195,676.104,433.681,126.140,302.107,0.944208,-1,-1,-1
464,212,562.570,429.451,101.262,277.639,0.908369,-1,-1,-1
464,221,464.101,445.336,40.156,102.670,0.695409,-1,-1,-1
464,226,668.879,462.950,32.323,73.620,0.610415,-1,-1,-1
464,233,109.905,341.390,547.169,732.707,0.812911,-1,-1,-1
464,243,158.108,513.729,112.932,154.202,0.841089,-1,-1,-1
464,252,1089.125,411.134,201.461,562.757,0.940634,-1,-1,-1
464,262,1674.256,431.751,118.472,170.038,0.713185,-1,-1,-1
465,11,768.487,432.975,59.149,152.298,0.862285,-1,-1,-1
465,13,1177.223,392.093,310.933,679.569,0.941911,-1,-1,-1
465,14,1032.774,432.384,58.427,151.697,0.637099,-1,-1,-1
465,60,1416.010,421.545,170.072,380.975,0.955651,-1,-1,-1
465,140,451.870,445.684,56.071,154.822,0.608653,-1,-1,-1
465,174,810.069,404.484,114.127,300.474,0.945458,-1,-1,-1
465,195,678.112,431.727,123.391,304.768,0.937077,-1,-1,-1
465,212,565.697,427.849,104.407,281.490,0.895769,-1,-1,-1
465,221,462.213,444.949,43.424,111.314,0.729561,-1,-1,-1
465,223,677.830,466.786,37.076,83.326,0.611510,-1,-1,-1
465,226,670.436,464.332,34.648,80.663,0.661644,-1,-1,-1
465,230,687.299,466.594,34.381,75.208,0.602241,-1,-1,-1
465,233,107.589,350.042,500.693,726.653,0.892952,-1,-1,-1
465,252,1091.925,410.330,196.396,574.876,0.936074,-1,-1,-1
465,264,513.024,440.634,60.803,162.082,0.671218,-1,-1,-1
466,11,765.168,442.733,58.580,151.281,0.779221,-1,-1,-1
466,13,1196.236,393.948,289.920,686.029,0.937135,-1,-1,-1
466,14,1032.025,431.316,58.397,151.641,0.739908,-1,-1,-1
466,40,401.937,453.765,56.630,124.682,0.632746,-1,-1,-1
466,60,1425.316,415.861,161.910,389.278,0.952670,-1,-1,-1
466,174,817.943,408.314,108.061,297.407,0.935496,-1,-1,-1
466,195,681.539,425.225,127.775,310.714,0.931732,-1,-1,-1
466,212,562.216,424.593,109.974,284.812,0.919792,-1,-1,-1
466,221,459.035,444.680,48.035,126.292,0.713423,-1,-1,-1
466,229,1266.211,404.392,206.193,513.473,0.633724,-1,-1,-1
466,233,81.829,359.399,491.921,707.880,0.896612,-1,-1,-1
466,252,1095.358,418.959,181.731,567.895,0.939961,-1,-1,-1
466,262,1672.276,432.507,129.349,196.535,0.642163,-1,-1,-1
467,13,1215.992,391.744,270.242,686.740,0.938943,-1,-1,-1
467,14,1048.697,438.242,47.892,129.687,0.679976,-1,-1,-1
467,40,408.769,456.977,52.242,118.471,0.650655,-1,-1,-1
467,60,1439.995,411.597,150.077,389.406,0.952726,-1,-1,-1
467,174,826.088,407.752,98.197,299.646,0.941150,-1,-1,-1
467,195,687.768,423.951,130.395,307.383,0.934512,-1,-1,-1
467,212,571.422,426.006,102.942,282.107,0.922551,-1,-1,-1
467,221,459.357,446.707,47.858,127.639,0.673836,-1,-1,-1
467,233,99.910,366.004,460.891,707.285,0.928029,-1,-1,-1
467,252,1100.135,420.774,175.438,569.694,0.934512,-1,-1,-1
467,266,426.973,491.199,71.500,142.316,0.795011,-1,-1,-1
467,267,502.490,463.274,82.785,182.054,0.860553,-1,-1,-1
468,13,1236.405,391.807,259.423,688.194,0.947594,-1,-1,-1
468,14,1048.340,437.389,51.531,141.534,0.702003,-1,-1,-1
468,17,376.293,464.711,50.971,106.156,0.650877,-1,-1,-1
468,60,1455.151,415.280,141.246,387.142,0.930769,-1,-1,-1
468,130,688.826,466.210,28.968,61.520,0.606128,-1,-1,-1
468,174,829.744,409.954,93.596,297.081,0.942547,-1,-1,-1
468,195,690.568,428.578,129.457,306.411,0.934119,-1,-1,-1
468,212,572.134,430.106,103.341,276.696,0.943336,-1,-1,-1
468,233,45.741,378.650,469.922,695.425,0.921381,-1,-1,-1
468,252,1107.796,420.980,181.425,569.098,0.946888,-1,-1,-1
468,266,422.340,496.521,67.167,131.563,0.635988,-1,-1,-1
468,267,488.689,447.954,86.893,198.375,0.855909,-1,-1,-1
468,268,1088.162,434.579,66.044,157.267,0.843241,-1,-1,-1
468,269,-28.088,611.138,331.459,465.000,0.754339,-1,-1,-1
469,13,1251.633,404.278,260.243,672.782,0.933941,-1,-1,-1
469,14,1037.777,434.514,56.478,147.307,0.740254,-1,-1,-1
469,17,377.563,465.010,48.425,104.892,0.690412,-1,-1,-1
469,60,1466.435,410.671,135.669,392.791,0.946585,-1,-1,-1
469,174,832.382,406.533,92.466,299.713,0.937816,-1,-1,-1
469,195,697.532,428.837,125.665,302.208,0.925919,-1,-1,-1
469,212,576.371,431.912,101.654,272.893,0.931533,-1,-1,-1
469,233,9.079,385.787,490.137,689.038,0.904903,-1,-1,-1
469,252,1109.544,422.905,181.780,564.481,0.941551,-1,-1,-1
469,262,1676.379,424.669,111.598,167.095,0.634567,-1,-1,-1
469,266,417.717,494.394,72.079,138.324,0.791684,-1,-1,-1
469,267,492.680,462.923,79.684,183.571,0.820800,-1,-1,-1
469,268,1083.270,428.101,71.623,165.549,0.864598,-1,-1,-1
469,269,-25.740,661.496,277.651,415.652,0.718382,-1,-1,-1
470,13,1267.533,394.498,255.882,683.583,0.944679,-1,-1,-1
470,14,1041.020,433.451,53.276,142.166,0.681843,-1,-1,-1
470,17,376.797,462.892,48.154,105.561,0.685922,-1,-1,-1
470,60,1475.512,404.631,131.387,397.925,0.951762,-1,-1,-1
470,130,692.641,467.172,30.355,61.342,0.612270,-1,-1,-1
470,174,830.102,410.637,95.456,295.655,0.941293,-1,-1,-1
470,195,705.452,431.221,124.716,297.329,0.938822,-1,-1,-1
470,212,580.547,429.497,100.801,276.616,0.940217,-1,-1,-1
470,221,460.656,448.278,41.967,111.318,0.607535,-1,-1,-1
470,224,311.820,451.140,38.287,107.854,0.645205,-1,-1,-1
470,229,1255.552,406.000,190.538,506.842,0.758776,-1,-1,-1
470,233,11.790,384.697,455.606,689.165,0.956687,-1,-1,-1
470,252,1112.913,414.615,183.061,586.720,0.942954,-1,-1,-1
470,266,411.318,492.749,75.464,145.203,0.810933,-1,-1,-1
470,267,479.330,461.966,84.116,183.122,0.859691,-1,-1,-1
470,268,1087.373,426.440,68.546,166.156,0.849478,-1,-1,-1
470,269,-26.848,676.837,248.373,398.548,0.694296,-1,-1,-1
471,13,1292.356,397.950,240.249,678.916,0.948676,-1,-1,-1
471,17,377.181,461.722,48.497,106.985,0.655178,-1,-1,-1
471,40,409.570,461.529,59.923,127.342,0.617724,-1,-1,-1
471,60,1482.563,407.761,130.674,394.982,0.953038,-1,-1,-1
471,130,685.175,464.579,33.595,67.183,0.602712,-1,-1,-1
471,140,406.527,481.118,75.385,161.450,0.817439,-1,-1,-1
471,174,833.195,411.528,94.603,289.405,0.933637,-1,-1,-1
471,195,707.418,429.094,139.833,300.823,0.951175,-1,-1,-1
471,212,578.270,430.793,107.276,277.923,0.932187,-1,-1,-1
471,221,459.470,449.433,44.290,115.579,0.618691,-1,-1,-1
471,226,694.404,466.811,29.542,63.394,0.657661,-1,-1,-1
471,229,1251.634,424.990,182.995,494.205,0.855860,-1,-1,-1
471,233,9.291,385.759,487.323,688.956,0.922507,-1,-1,-1
471,246,1829.969,385.652,96.266,276.836,0.604457,-1,-1,-1
471,252,1120.320,415.566,184.634,589.094,0.944043,-1,-1,-1
471,264,568.749,454.826,31.839,85.028,0.664323,-1,-1,-1
471,267,471.621,467.576,85.974,182.131,0.843118,-1,-1,-1
471,268,1081.758,441.519,66.656,152.383,0.827167,-1,-1,-1
472,8,555.827,452.960,30.852,74.340,0.674475,-1,-1,-1
472,13,1288.553,396.485,252.675,682.809,0.929172,-1,-1,-1
472,14,1047.049,436.483,47.955,130.532,0.604673,-1,-1,-1
472,17,375.159,459.234,48.208,107.956,0.681343,-1,-1,-1
472,60,1486.696,404.368,131.821,394.011,0.937770,-1,-1,-1
472,130,681.355,461.834,34.148,69.109,0.613565,-1,-1,-1
472,140,402.427,479.703,72.541,158.485,0.719704,-1,-1,-1
472,174,834.150,407.743,98.324,293.356,0.939941,-1,-1,-1
472,195,711.540,425.677,140.931,304.683,0.950161,-1,-1,-1
472,212,580.301,427.830,109.791,277.312,0.936870,-1,-1,-1
472,221,458.830,446.424,44.075,115.035,0.671735,-1,-1,-1
472,226,690.929,465.085,31.004,63.978,0.689744,-1,-1,-1
472,229,1259.995,405.567,190.978,522.800,0.853713,-1,-1,-1
472,233,-2.874,389.219,423.108,685.161,0.963724,-1,-1,-1
472,246,1831.555,385.693,89.746,268.681,0.662253,-1,-1,-1
472,252,1129.678,415.828,176.605,591.384,0.943985,-1,-1,-1
472,264,565.940,455.898,28.235,76.436,0.720049,-1,-1,-1
472,267,462.575,467.208,87.381,176.183,0.855821,-1,-1,-1
472,268,1079.273,440.903,70.617,153.416,0.858689,-1,-1,-1
473,8,555.407,452.934,30.126,74.200,0.722894,-1,-1,-1
473,13,1313.958,396.189,231.315,680.150,0.926910,-1,-1,-1
473,14,1050.214,433.641,43.023,119.616,0.624681,-1,-1,-1
473,17,376.703,460.986,46.202,103.802,0.653250,-1,-1,-1
473,60,1491.402,402.452,133.325,396.766,0.928645,-1,-1,-1
473,130,681.050,461.428,33.199,69.374,0.704485,-1,-1,-1
473,140,394.207,483.340,76.830,158.779,0.798078,-1,-1,-1
473,174,834.776,412.660,99.882,288.061,0.932755,-1,-1,-1
473,195,714.792,430.445,142.112,301.641,0.944414,-1,-1,-1
473,212,581.667,427.957,110.489,277.648,0.935508,-1,-1,-1
473,224,308.456,448.349,44.802,121.670,0.709494,-1,-1,-1
473,226,690.617,463.567,30.485,64.222,0.700876,-1,-1,-1
473,229,1265.977,406.707,189.501,524.083,0.857185,-1,-1,-1
473,233,0.600,399.733,423.601,675.984,0.950875,-1,-1,-1
473,252,1135.080,415.410,173.949,588.708,0.943502,-1,-1,-1
473,253,715.121,456.127,30.594,74.764,0.739622,-1,-1,-1
473,264,566.964,456.283,27.641,74.586,0.721730,-1,-1,-1
473,267,444.824,468.838,98.937,185.286,0.890896,-1,-1,-1
473,268,1078.244,431.632,73.353,161.094,0.864501,-1,-1,-1
474,8,553.457,452.024,30.376,75.670,0.684837,-1,-1,-1
474,13,1325.735,392.312,228.005,683.881,0.936907,-1,-1,-1
474,60,1496.009,403.365,140.574,399.119,0.949118,-1,-1,-1
474,130,680.173,461.257,32.277,68.436,0.668209,-1,-1,-1
474,140,384.882,465.549,84.016,175.559,0.799152,-1,-1,-1
474,174,835.468,410.286,101.667,288.306,0.920309,-1,-1,-1
474,195,717.605,430.071,141.377,300.565,0.940841,-1,-1,-1
474,212,584.157,426.624,111.083,279.719,0.925511,-1,-1,-1
474,224,309.297,450.602,42.818,118.002,0.692894,-1,-1,-1
474,226,689.823,462.457,30.290,64.614,0.687385,-1,-1,-1
474,229,1269.695,406.693,186.631,523.743,0.858681,-1,-1,-1
474,233,-4.084,397.219,406.086,678.850,0.926365,-1,-1,-1
474,246,1834.122,383.217,87.402,269.951,0.639286,-1,-1,-1
474,252,1135.939,412.159,178.258,589.865,0.941192,-1,-1,-1
474,253,712.396,455.296,31.304,75.345,0.737104,-1,-1,-1
474,264,567.317,455.202,28.460,74.621,0.748226,-1,-1,-1
474,267,444.388,471.954,98.194,176.889,0.901279,-1,-1,-1
474,268,1081.842,434.949,69.954,158.669,0.876406,-1,-1,-1
475,8,555.957,449.313,30.963,78.726,0.730356,-1,-1,-1
475,13,1320.220,388.590,235.795,685.689,0.938223,-1,-1,-1
475,60,1501.699,403.517,143.051,400.202,0.950725,-1,-1,-1
475,130,677.327,460.357,31.368,68.289,0.623895,-1,-1,-1
475,140,377.307,466.435,86.424,178.754,0.740722,-1,-1,-1
475,174,838.475,410.539,105.891,287.662,0.893527,-1,-1,-1
475,185,872.691,426.998,106.097,261.335,0.791878,-1,-1,-1
475,195,728.283,432.060,136.103,297.955,0.925215,-1,-1,-1
475,212,585.164,443.329,110.964,263.745,0.918179,-1,-1,-1
475,223,705.071,457.302,33.770,75.591,0.600563,-1,-1,-1
475,226,688.859,461.550,31.215,67.184,0.710993,-1,-1,-1
475,229,1283.805,406.655,181.726,528.101,0.858309,-1,-1,-1
475,233,0.253,399.521,403.019,674.620,0.850043,-1,-1,-1
475,246,1833.690,383.347,87.560,276.202,0.654099,-1,-1,-1
475,252,1140.423,410.333,178.022,589.768,0.944412,-1,-1,-1
475,253,713.034,455.024,32.508,79.005,0.707338,-1,-1,-1
475,264,564.564,450.747,30.379,77.482,0.772742,-1,-1,-1
475,267,430.157,465.503,107.957,197.380,0.907175,-1,-1,-1
475,268,1083.967,427.322,68.646,164.213,0.860669,-1,-1,-1
475,272,527.374,451.818,34.145,77.826,0.790194,-1,-1,-1
476,8,555.323,451.245,30.214,75.266,0.690022,-1,-1,-1
476,13,1312.377,380.060,244.998,691.864,0.921236,-1,-1,-1
476,14,1057.030,437.271,37.811,105.505,0.661976,-1,-1,-1
476,60,1508.659,406.724,158.161,403.525,0.934975,-1,-1,-1
476,130,679.818,459.511,32.638,71.288,0.664587,-1,-1,-1
476,140,373.940,466.480,86.374,177.631,0.761227,-1,-1,-1
476,174,834.968,407.101,110.077,289.750,0.884351,-1,-1,-1
476,185,870.147,427.134,110.314,258.415,0.833020,-1,-1,-1
476,195,733.004,431.104,130.116,297.342,0.934275,-1,-1,-1
476,212,591.134,446.621,112.353,259.523,0.923024,-1,-1,-1
476,223,713.117,451.224,33.416,77.879,0.715536,-1,-1,-1
476,226,689.194,458.244,31.356,67.931,0.718188,-1,-1,-1
476,229,1295.310,409.989,174.312,515.462,0.851342,-1,-1,-1
476,233,-3.986,385.769,372.955,690.961,0.935212,-1,-1,-1
476,238,535.208,447.644,33.116,76.798,0.659215,-1,-1,-1
476,246,1833.952,398.497,83.730,255.944,0.674572,-1,-1,-1
476,252,1148.909,414.895,180.129,593.526,0.943405,-1,-1,-1
476,253,720.945,449.773,32.501,81.350,0.671440,-1,-1,-1
476,264,565.409,450.241,31.113,76.932,0.785690,-1,-1,-1
476,267,428.585,467.698,104.370,192.255,0.885249,-1,-1,-1
476,268,1085.029,431.406,67.982,162.880,0.884469,-1,-1,-1
476,272,526.697,451.444,33.723,77.924,0.775370,-1,-1,-1
477,13,1307.828,384.223,252.568,686.592,0.929374,-1,-1,-1
477,14,1058.283,440.172,38.024,107.794,0.675432,-1,-1,-1
477,60,1510.310,405.911,180.038,418.352,0.950561,-1,-1,-1
477,130,681.201,459.933,32.541,71.914,0.662110,-1,-1,-1
477,140,375.425,471.390,88.194,180.405,0.743158,-1,-1,-1
477,174,830.108,408.224,106.199,291.043,0.884344,-1,-1,-1
477,185,876.953,426.701,111.780,262.365,0.853692,-1,-1,-1
477,195,734.637,428.420,127.953,297.140,0.936302,-1,-1,-1
477,212,595.062,442.824,116.005,260.258,0.928505,-1,-1,-1
477,224,308.392,450.139,44.252,118.404,0.702696,-1,-1,-1
477,226,689.489,457.874,31.313,68.673,0.722365,-1,-1,-1
477,229,1300.271,405.812,168.500,500.173,0.676374,-1,-1,-1
477,233,-5.932,383.764,339.005,692.152,0.926133,-1,-1,-1
477,246,1835.179,399.133,83.906,253.943,0.705544,-1,-1,-1
477,252,1150.984,407.923,182.431,604.282,0.938634,-1,-1,-1
477,253,715.299,448.585,32.785,80.721,0.748721,-1,-1,-1
477,264,564.136,449.478,31.774,76.262,0.816394,-1,-1,-1
477,267,418.456,471.996,103.018,186.243,0.886181,-1,-1,-1
477,268,1086.349,430.000,65.337,162.163,0.873542,-1,-1,-1
477,272,527.354,449.841,34.370,78.492,0.833916,-1,-1,-1
478,13,1316.667,384.445,252.464,691.417,0.935183,-1,-1,-1
478,14,1057.492,441.424,37.307,104.243,0.616332,-1,-1,-1
478,60,1513.785,408.894,201.218,410.540,0.955753,-1,-1,-1
478,130,682.854,459.949,31.401,71.575,0.667928,-1,-1,-1
478,140,369.235,470.631,89.483,175.178,0.639847,-1,-1,-1
478,174,836.740,407.796,105.217,287.593,0.880324,-1,-1,-1
478,185,879.272,417.518,115.753,269.428,0.828328,-1,-1,-1
478,195,740.652,425.711,119.527,303.024,0.929560,-1,-1,-1
478,212,596.148,440.197,122.739,260.541,0.926453,-1,-1,-1
478,223,723.806,449.390,33.849,83.391,0.677069,-1,-1,-1
478,226,690.403,458.393,30.987,68.658,0.713262,-1,-1,-1
478,229,1303.283,408.414,170.184,512.181,0.772564,-1,-1,-1
478,230,738.855,446.030,34.099,87.060,0.693596,-1,-1,-1
478,233,-8.398,371.971,318.913,701.563,0.899018,-1,-1,-1
478,252,1154.517,413.098,178.576,584.834,0.936030,-1,-1,-1
478,253,716.468,449.563,32.692,80.867,0.731649,-1,-1,-1
478,264,563.662,450.239,32.298,75.246,0.810294,-1,-1,-1
478,267,394.771,468.773,117.343,198.701,0.879141,-1,-1,-1
478,268,1085.904,428.517,67.646,163.811,0.881260,-1,-1,-1
478,272,526.523,450.975,35.236,77.325,0.857403,-1,-1,-1
478,276,604.882,450.992,41.163,86.409,0.640814,-1,-1,-1
479,8,553.758,448.832,32.904,78.433,0.711829,-1,-1,-1
479,13,1331.709,384.426,250.727,693.618,0.936463,-1,-1,-1
479,14,1055.771,448.321,36.206,94.825,0.694580,-1,-1,-1
479,60,1521.623,411.826,209.367,411.132,0.961910,-1,-1,-1
479,130,690.042,455.086,30.978,71.192,0.696700,-1,-1,-1
479,140,361.512,475.431,83.972,160.311,0.633500,-1,-1,-1
479,174,833.972,407.541,98.157,291.314,0.885653,-1,-1,-1
479,185,890.059,427.015,115.656,266.294,0.868122,-1,-1,-1
479,195,746.158,426.545,118.170,301.338,0.937662,-1,-1,-1
479,212,596.786,444.534,124.710,252.358,0.930548,-1,-1,-1
479,223,731.358,447.410,33.401,82.693,0.668737,-1,-1,-1
479,229,1308.639,413.078,158.490,523.608,0.874317,-1,-1,-1
479,230,742.949,443.822,32.486,84.233,0.762902,-1,-1,-1
479,233,-6.840,368.360,295.618,704.960,0.906788,-1,-1,-1
479,246,1841.901,442.810,70.922,204.670,0.614595,-1,-1,-1
479,252,1157.673,414.694,181.384,588.182,0.939191,-1,-1,-1
479,253,715.600,448.270,31.825,78.583,0.765489,-1,-1,-1
479,264,561.263,447.757,35.942,81.942,0.831422,-1,-1,-1
479,267,396.028,474.857,110.923,189.196,0.881337,-1,-1,-1
479,268,1086.490,443.060,63.992,148.646,0.881949,-1,-1,-1
479,272,525.676,448.962,36.724,80.782,0.855830,-1,-1,-1
479,276,600.693,448.316,40.742,85.200,0.602103,-1,-1,-1
479,278,1157.302,438.215,31.986,89.340,0.716218,-1,-1,-1
480,13,1335.434,386.273,263.149,691.609,0.947572,-1,-1,-1
480,14,1055.496,443.795,37.265,97.139,0.614635,-1,-1,-1
480,60,1522.646,412.330,221.516,419.330,0.957732,-1,-1,-1
480,130,696.018,453.305,32.192,74.027,0.655752,-1,-1,-1
480,140,360.508,479.281,90.355,169.200,0.656580,-1,-1,-1
480,174,836.001,408.858,94.140,291.787,0.900520,-1,-1,-1
480,185,898.943,430.829,107.307,259.559,0.904503,-1,-1,-1
480,195,748.976,428.063,118.966,296.809,0.933600,-1,-1,-1
480,212,603.325,427.101,122.229,274.454,0.928365,-1,-1,-1
480,221,465.397,449.596,34.819,82.051,0.627984,-1,-1,-1
480,229,1313.012,403.079,167.004,580.539,0.833745,-1,-1,-1
480,230,743.125,445.270,33.776,84.298,0.797903,-1,-1,-1
480,233,-5.649,362.367,278.895,710.269,0.894797,-1,-1,-1
480,246,1832.387,392.103,89.616,271.215,0.738029,-1,-1,-1
480,252,1160.920,415.248,182.394,591.304,0.939032,-1,-1,-1
480,253,710.111,448.292,33.806,80.825,0.781873,-1,-1,-1
480,264,558.885,448.601,37.783,84.417,0.841754,-1,-1,-1
480,267,401.840,476.946,104.878,186.837,0.887421,-1,-1,-1
480,268,1083.144,431.177,70.242,161.513,0.888681,-1,-1,-1
480,272,525.575,449.581,36.617,79.674,0.847019,-1,-1,-1
480,276,598.219,450.283,38.956,83.342,0.651103,-1,-1,-1
480,278,1159.625,436.572,32.206,89.906,0.651483,-1,-1,-1
481,11,744.685,444.456,52.891,126.394,0.739036,-1,-1,-1
481,13,1338.452,385.201,277.493,694.795,0.946940,-1,-1,-1
481,14,1053.491,439.175,39.347,101.720,0.626658,-1,-1,-1
481,60,1526.908,413.219,224.516,416.391,0.953492,-1,-1,-1
481,130,698.580,453.150,33.079,75.706,0.686608,-1,-1,-1
481,174,835.947,405.996,92.600,293.268,0.899918,-1,-1,-1
481,185,901.235,431.547,108.957,257.244,0.913568,-1,-1,-1
481,195,759.232,434.501,116.403,288.619,0.907931,-1,-1,-1
481,212,607.228,433.989,120.132,269.462,0.935406,-1,-1,-1
481,229,1322.118,404.731,162.679,555.757,0.861375,-1,-1,-1
481,230,741.996,445.702,39.117,92.304,0.781678,-1,-1,-1
481,233,-13.042,358.282,258.521,713.127,0.858298,-1,-1,-1
481,246,1830.461,395.393,88.818,258.543,0.865073,-1,-1,-1
481,252,1166.525,417.992,179.193,589.161,0.940017,-1,-1,-1
481,253,708.360,450.478,34.618,80.247,0.785128,-1,-1,-1
481,262,1669.573,426.987,126.182,208.045,0.687314,-1,-1,-1
481,264,559.714,448.004,37.366,82.790,0.850878,-1,-1,-1
481,267,384.206,485.534,110.111,183.049,0.902847,-1,-1,-1
481,268,1085.121,431.175,68.332,162.384,0.871179,-1,-1,-1
481,272,525.109,446.671,38.022,83.229,0.853272,-1,-1,-1
481,276,608.018,449.313,34.414,73.652,0.664884,-1,-1,-1
481,278,1158.813,437.517,32.321,89.437,0.668620,-1,-1,-1
482,11,745.080,449.212,50.026,119.261,0.617702,-1,-1,-1
482,13,1348.919,388.173,279.239,691.160,0.952250,-1,-1,-1
482,14,1046.525,441.742,43.280,112.172,0.632440,-1,-1,-1
482,60,1524.718,412.093,222.602,421.903,0.953019,-1,-1,-1
482,174,837.748,407.764,89.757,291.844,0.905231,-1,-1,-1
482,185,900.619,432.885,109.087,254.532,0.923269,-1,-1,-1
482,195,758.953,429.467,121.784,290.381,0.913775,-1,-1,-1
482,212,613.020,433.839,116.012,263.966,0.944119,-1,-1,-1
482,221,459.101,454.733,38.371,87.504,0.682226,-1,-1,-1
482,223,741.609,450.761,34.686,82.647,0.758951,-1,-1,-1
482,229,1322.783,405.891,162.274,544.299,0.879873,-1,-1,-1
482,233,-5.701,387.742,233.624,687.767,0.884105,-1,-1,-1
482,246,1829.656,382.514,95.631,285.004,0.641184,-1,-1,-1
482,252,1171.725,412.375,175.444,584.284,0.947349,-1,-1,-1
482,253,707.856,453.952,34.251,75.384,0.777822,-1,-1,-1
482,262,1673.966,428.920,118.517,200.067,0.714671,-1,-1,-1
482,264,561.254,448.289,37.039,80.870,0.858688,-1,-1,-1
482,267,365.286,478.486,126.463,193.151,0.881722,-1,-1,-1
482,268,1091.344,436.342,64.134,158.591,0.872207,-1,-1,-1
482,272,524.874,448.625,36.424,77.999,0.866577,-1,-1,-1
482,276,607.988,447.146,36.195,77.033,0.623887,-1,-1,-1
482,278,1159.772,439.454,32.430,86.811,0.634841,-1,-1,-1
483,11,743.895,446.618,49.034,115.247,0.642477,-1,-1,-1
483,13,1348.742,391.549,290.913,686.985,0.941671,-1,-1,-1
483,14,1043.416,440.760,49.508,128.332,0.634471,-1,-1,-1
483,60,1544.230,420.350,206.222,406.906,0.925959,-1,-1,-1
483,174,843.758,408.117,86.668,290.024,0.908993,-1,-1,-1
483,185,902.324,433.061,107.288,252.984,0.921114,-1,-1,-1
483,195,752.327,422.856,131.187,303.335,0.932174,-1,-1,-1
483,212,614.070,432.812,117.610,262.154,0.946281,-1,-1,-1
483,223,731.620,449.897,35.495,83.654,0.722834,-1,-1,-1
483,229,1325.504,400.902,164.467,546.389,0.860142,-1,-1,-1
483,230,739.218,448.169,37.248,88.492,0.775960,-1,-1,-1
483,233,-0.906,462.834,206.895,614.666,0.884436,-1,-1,-1
483,252,1178.207,416.197,172.631,589.216,0.941291,-1,-1,-1
483,253,707.350,453.665,35.647,76.737,0.768759,-1,-1,-1
483,262,1678.289,430.513,115.554,203.055,0.729156,-1,-1,-1
483,264,559.853,449.915,37.003,79.037,0.854044,-1,-1,-1
483,267,358.765,471.320,135.435,201.128,0.918430,-1,-1,-1
483,268,1091.183,434.946,62.852,158.669,0.868197,-1,-1,-1
483,272,525.485,450.864,35.284,74.682,0.847084,-1,-1,-1
483,278,1156.747,438.676,33.720,88.110,0.708583,-1,-1,-1
484,11,736.751,442.423,52.701,137.813,0.868852,-1,-1,-1
484,13,1353.835,382.657,299.395,687.829,0.953755,-1,-1,-1
484,14,1049.996,448.066,41.929,107.746,0.607949,-1,-1,-1
484,60,1551.999,418.667,213.375,419.611,0.947503,-1,-1,-1
484,130,702.231,449.611,38.710,87.079,0.691905,-1,-1,-1
484,174,849.064,410.672,81.943,282.841,0.909342,-1,-1,-1
484,185,901.191,437.714,111.381,249.954,0.915422,-1,-1,-1
484,195,773.698,425.220,113.661,301.288,0.916087,-1,-1,-1
484,212,615.779,434.970,118.074,257.824,0.934627,-1,-1,-1
484,221,453.671,453.035,47.434,100.885,0.665477,-1,-1,-1
484,229,1326.853,420.797,159.713,523.263,0.877393,-1,-1,-1
484,233,3.817,515.326,164.183,477.963,0.797082,-1,-1,-1
484,252,1182.747,416.011,175.318,581.134,0.944893,-1,-1,-1
484,264,560.103,448.138,38.223,80.716,0.858468,-1,-1,-1
484,267,353.555,472.544,139.158,205.192,0.910696,-1,-1,-1
484,268,1093.002,436.905,61.697,156.262,0.875411,-1,-1,-1
484,272,528.687,448.200,35.812,78.259,0.828653,-1,-1,-1
484,278,1155.485,439.430,35.049,91.013,0.658938,-1,-1,-1
485,11,733.813,442.126,52.502,138.079,0.881934,-1,-1,-1
485,13,1359.498,390.858,293.149,686.572,0.960840,-1,-1,-1
485,60,1564.821,415.718,202.991,423.326,0.949950,-1,-1,-1
485,130,702.112,449.859,42.841,97.393,0.637032,-1,-1,-1
485,174,853.124,414.995,79.798,271.756,0.900772,-1,-1,-1
485,185,903.724,433.957,106.731,247.670,0.902727,-1,-1,-1
485,195,768.613,426.162,122.107,296.845,0.924511,-1,-1,-1
485,212,620.708,430.243,124.695,263.720,0.942751,-1,-1,-1
485,221,456.393,453.666,45.513,94.560,0.719855,-1,-1,-1
485,229,1326.571,427.339,154.229,512.971,0.872860,-1,-1,-1
485,233,-7.427,523.084,164.601,554.968,0.886332,-1,-1,-1
485,246,1834.395,411.073,83.926,243.823,0.695881,-1,-1,-1
485,252,1187.094,418.044,170.176,587.960,0.943411,-1,-1,-1
485,264,559.432,449.382,38.379,79.421,0.858482,-1,-1,-1
485,267,343.747,469.464,132.807,208.842,0.895907,-1,-1,-1
485,268,1093.500,434.918,60.598,157.572,0.857576,-1,-1,-1
485,272,529.732,448.535,35.130,78.405,0.829283,-1,-1,-1
485,278,1156.917,443.750,32.147,82.143,0.658751,-1,-1,-1
486,11,732.580,440.209,53.005,136.901,0.872441,-1,-1,-1
486,13,1356.478,387.756,299.553,692.239,0.953397,-1,-1,-1
486,60,1574.872,415.461,193.667,424.851,0.953425,-1,-1,-1
486,174,851.194,412.849,80.037,281.982,0.889805,-1,-1,-1
486,185,902.597,430.798,106.796,250.180,0.920704,-1,-1,-1
486,195,769.629,426.853,129.423,296.333,0.915526,-1,-1,-1
486,212,621.507,425.272,132.053,271.427,0.942693,-1,-1,-1
486,221,455.796,455.332,46.808,96.150,0.690963,-1,-1,-1
486,229,1328.132,418.531,156.946,538.466,0.885677,-1,-1,-1
486,233,-6.335,513.317,139.947,504.673,0.847850,-1,-1,-1
486,252,1193.847,413.264,171.108,598.114,0.944316,-1,-1,-1
486,264,558.788,450.637,38.989,79.823,0.866103,-1,-1,-1
486,267,341.030,476.941,122.672,191.721,0.879555,-1,-1,-1
486,268,1092.638,439.494,60.767,153.590,0.845707,-1,-1,-1
486,272,529.158,450.355,34.313,78.623,0.836604,-1,-1,-1
486,278,1159.376,444.347,34.666,86.002,0.606710,-1,-1,-1
486,283,1192.254,444.806,32.494,86.298,0.616021,-1,-1,-1
487,8,549.046,449.618,33.335,78.219,0.627375,-1,-1,-1
487,11,732.535,443.812,51.187,127.832,0.875197,-1,-1,-1
487,13,1356.710,386.032,302.737,692.341,0.956489,-1,-1,-1
487,60,1578.096,409.479,192.513,439.212,0.941073,-1,-1,-1
487,174,846.447,412.758,85.902,281.744,0.859991,-1,-1,-1
487,185,906.639,428.759,105.181,254.579,0.893303,-1,-1,-1
487,195,776.502,428.793,134.112,293.580,0.906602,-1,-1,-1
487,212,629.760,428.199,127.940,271.332,0.946350,-1,-1,-1
487,221,455.249,453.254,49.082,101.151,0.745204,-1,-1,-1
487,229,1332.550,418.165,156.051,547.999,0.878628,-1,-1,-1
487,233,-4.188,553.983,115.120,449.300,0.867941,-1,-1,-1
487,243,-7.568,521.889,99.580,179.007,0.647128,-1,-1,-1
487,246,1831.573,386.928,92.450,277.124,0.606046,-1,-1,-1
487,252,1194.970,412.312,175.490,597.538,0.939528,-1,-1,-1
487,264,560.248,450.630,39.573,79.151,0.864602,-1,-1,-1
487,267,324.318,475.277,136.164,200.896,0.909743,-1,-1,-1
487,268,1092.518,427.631,64.327,160.042,0.799738,-1,-1,-1
487,272,530.666,454.600,31.819,72.123,0.822888,-1,-1,-1
487,278,1159.342,443.586,36.294,89.472,0.652268,-1,-1,-1
487,283,1190.351,444.793,33.429,88.747,0.606118,-1,-1,-1
488,8,547.725,450.764,32.436,76.081,0.645389,-1,-1,-1
488,11,731.076,437.241,51.928,133.081,0.793165,-1,-1,-1
488,13,1359.070,385.810,313.016,692.731,0.958939,-1,-1,-1
488,14,1051.849,445.835,35.931,89.795,0.604564,-1,-1,-1
488,60,1591.143,407.944,181.870,428.571,0.937044,-1,-1,-1
488,174,852.131,430.438,80.433,258.318,0.744968,-1,-1,-1
488,185,904.650,431.841,105.022,249.581,0.902097,-1,-1,-1
488,195,778.082,432.609,145.596,290.375,0.920826,-1,-1,-1
488,212,633.945,435.665,127.939,262.977,0.941697,-1,-1,-1
488,221,453.554,452.987,48.207,98.810,0.756315,-1,-1,-1
488,229,1335.420,412.498,161.682,544.910,0.881151,-1,-1,-1
488,240,1083.769,443.466,63.781,147.747,0.639144,-1,-1,-1
488,243,-4.716,525.059,80.292,159.660,0.692954,-1,-1,-1
488,252,1199.769,414.678,192.303,595.864,0.929093,-1,-1,-1
488,262,1683.068,428.232,110.419,201.562,0.630040,-1,-1,-1
488,264,561.368,451.169,39.088,78.540,0.853885,-1,-1,-1
488,267,319.863,473.015,132.822,199.900,0.898351,-1,-1,-1
488,268,1098.036,427.633,60.660,152.029,0.798443,-1,-1,-1
488,272,530.775,454.394,32.417,72.720,0.818687,-1,-1,-1
488,278,1158.151,443.093,36.342,90.951,0.636188,-1,-1,-1
488,283,1189.683,445.838,34.648,92.515,0.637814,-1,-1,-1
489,8,547.776,450.522,32.430,76.327,0.621435,-1,-1,-1
489,11,731.120,440.103,51.559,135.668,0.881219,-1,-1,-1
489,13,1359.556,378.811,325.238,693.540,0.956519,-1,-1,-1
489,14,1057.283,442.135,38.999,100.425,0.626193,-1,-1,-1
489,40,411.305,460.888,59.164,108.306,0.775241,-1,-1,-1
489,60,1597.905,409.892,174.407,428.267,0.940799,-1,-1,-1
489,174,856.828,414.778,78.946,259.139,0.797207,-1,-1,-1
489,185,920.393,424.872,95.679,257.279,0.916336,-1,-1,-1
489,195,788.271,430.275,146.199,294.594,0.922297,-1,-1,-1
489,212,634.636,432.886,123.969,268.149,0.952533,-1,-1,-1
489,221,455.132,455.825,46.216,93.987,0.693485,-1,-1,-1
489,229,1339.907,422.348,164.928,530.740,0.872511,-1,-1,-1
489,240,1083.944,463.111,53.408,130.158,0.747097,-1,-1,-1
489,243,-2.274,526.185,69.995,165.822,0.862520,-1,-1,-1
489,246,1835.042,389.222,88.296,276.801,0.668055,-1,-1,-1
489,252,1201.303,408.357,195.472,601.800,0.930736,-1,-1,-1
489,264,561.220,450.462,39.459,79.555,0.865195,-1,-1,-1
489,267,317.802,476.959,131.303,204.559,0.921023,-1,-1,-1
489,268,1103.407,430.269,56.510,146.457,0.780436,-1,-1,-1
489,272,530.886,455.736,32.579,73.249,0.833587,-1,-1,-1
490,8,548.349,450.099,33.021,76.602,0.668636,-1,-1,-1
490,11,729.952,440.132,51.100,134.519,0.874692,-1,-1,-1
490,13,1359.094,395.213,330.558,684.761,0.939201,-1,-1,-1
490,14,1051.525,440.195,47.765,121.761,0.720166,-1,-1,-1
490,40,410.187,463.765,59.466,104.163,0.810434,-1,-1,-1
490,60,1604.440,402.372,177.806,443.846,0.956059,-1,-1,-1
490,174,855.497,425.112,75.986,236.646,0.802840,-1,-1,-1
490,185,925.635,432.004,92.605,249.666,0.895336,-1,-1,-1
490,195,791.386,447.154,142.573,278.004,0.915045,-1,-1,-1
490,212,635.876,431.592,126.422,271.065,0.952854,-1,-1,-1
490,221,455.245,456.949,46.517,93.052,0.734762,-1,-1,-1
490,229,1342.581,420.976,180.753,547.567,0.888623,-1,-1,-1
490,240,1079.579,436.702,59.478,153.580,0.717494,-1,-1,-1
490,243,-3.629,529.674,60.958,164.642,0.855882,-1,-1,-1
490,252,1200.259,412.778,193.801,596.400,0.931455,-1,-1,-1
490,264,560.733,450.421,39.657,78.530,0.861892,-1,-1,-1
490,267,304.958,485.508,131.029,197.339,0.892226,-1,-1,-1
490,268,1098.990,428.913,60.241,155.860,0.826209,-1,-1,-1
490,272,530.531,452.886,33.124,74.277,0.823956,-1,-1,-1
490,276,623.278,453.791,29.228,57.690,0.632030,-1,-1,-1
491,8,547.624,450.923,33.041,75.944,0.692891,-1,-1,-1
491,11,729.274,441.055,52.089,136.081,0.886150,-1,-1,-1
491,13,1360.988,385.421,352.996,692.375,0.953266,-1,-1,-1
491,40,410.845,462.748,58.341,106.187,0.825020,-1,-1,-1
491,60,1610.769,405.632,177.744,441.451,0.954383,-1,-1,-1
491,174,859.000,416.127,70.323,210.009,0.753863,-1,-1,-1
491,185,934.778,428.122,92.484,252.138,0.847438,-1,-1,-1
491,195,796.018,441.775,145.905,285.329,0.937961,-1,-1,-1
491,212,637.740,433.755,123.123,264.763,0.953211,-1,-1,-1
491,221,457.843,459.082,45.559,88.789,0.666406,-1,-1,-1
491,229,1346.844,409.085,180.038,542.630,0.890808,-1,-1,-1
491,240,1086.603,435.820,60.547,152.093,0.655345,-1,-1,-1
491,243,-5.097,532.219,54.160,174.838,0.857160,-1,-1,-1
491,246,1835.218,393.121,85.404,275.966,0.762133,-1,-1,-1
491,252,1204.501,410.697,192.114,597.429,0.935453,-1,-1,-1
491,264,561.121,449.459,40.053,79.984,0.851312,-1,-1,-1
491,267,298.437,486.544,144.313,202.790,0.904950,-1,-1,-1
491,268,1103.721,433.872,57.165,147.564,0.747290,-1,-1,-1
491,272,531.114,452.621,33.350,74.384,0.813298,-1,-1,-1
491,276,621.156,453.818,30.030,58.599,0.611521,-1,-1,-1
491,278,1161.258,439.221,34.986,89.472,0.659643,-1,-1,-1
492,8,553.893,452.284,32.103,74.327,0.739731,-1,-1,-1
492,11,726.736,439.852,50.686,136.673,0.882500,-1,-1,-1
492,13,1363.904,384.012,349.922,695.056,0.953449,-1,-1,-1
492,40,409.668,462.038,59.012,108.657,0.812727,-1,-1,-1
492,60,1622.868,395.694,166.001,459.176,0.936783,-1,-1,-1
492,174,858.126,409.569,75.154,215.525,0.769716,-1,-1,-1
492,185,941.060,431.268,93.707,248.005,0.913657,-1,-1,-1
492,195,797.386,443.818,148.395,281.728,0.942436,-1,-1,-1
492,212,639.706,432.473,124.071,268.511,0.948878,-1,-1,-1
492,221,455.772,458.357,48.323,92.020,0.703939,-1,-1,-1
492,229,1345.742,415.334,186.655,535.419,0.867324,-1,-1,-1
492,240,1086.428,435.730,59.886,152.467,0.648079,-1,-1,-1
492,243,-10.149,508.753,55.953,199.299,0.732182,-1,-1,-1
492,252,1206.842,412.123,194.752,595.750,0.933650,-1,-1,-1
492,264,569.426,453.828,34.967,73.677,0.821038,-1,-1,-1
492,267,289.841,478.463,133.099,212.622,0.913668,-1,-1,-1
492,268,1104.329,437.742,57.308,147.284,0.756552,-1,-1,-1
492,272,531.123,454.015,32.917,73.972,0.802762,-1,-1,-1
492,276,622.157,455.111,31.599,62.009,0.642493,-1,-1,-1
493,8,552.132,451.981,33.243,76.380,0.681530,-1,-1,-1
493,11,723.727,439.449,51.015,136.516,0.862890,-1,-1,-1
493,13,1372.554,399.568,352.413,678.184,0.960717,-1,-1,-1
493,40,410.145,461.259,59.119,108.838,0.829708,-1,-1,-1
493,60,1624.029,402.027,166.798,460.961,0.932758,-1,-1,-1
493,185,944.852,431.816,99.127,247.776,0.903500,-1,-1,-1
493,195,797.585,429.331,146.626,292.574,0.933228,-1,-1,-1
493,212,647.517,432.051,121.001,270.924,0.945255,-1,-1,-1
493,221,456.242,458.358,50.736,92.980,0.679951,-1,-1,-1
493,229,1350.225,409.919,180.698,540.702,0.889433,-1,-1,-1
493,240,1074.675,428.588,64.581,161.981,0.775954,-1,-1,-1
493,243,-10.021,522.905,46.906,181.727,0.646491,-1,-1,-1
493,252,1209.460,416.414,196.954,588.368,0.936804,-1,-1,-1
493,264,566.284,452.386,36.026,78.073,0.822130,-1,-1,-1
493,267,290.348,482.917,121.857,202.596,0.892566,-1,-1,-1
493,268,1098.212,432.370,61.852,154.136,0.785997,-1,-1,-1
493,272,531.625,453.422,33.585,75.499,0.806569,-1,-1,-1
493,276,620.933,452.569,33.776,67.677,0.707862,-1,-1,-1
493,283,1189.119,446.473,33.347,86.177,0.660201,-1,-1,-1
494,8,555.114,453.017,32.776,74.697,0.684789,-1,-1,-1
494,11,724.403,442.683,48.297,132.056,0.826045,-1,-1,-1
494,13,1372.215,382.273,374.165,692.472,0.954802,-1,-1,-1
494,17,377.812,464.815,46.461,98.384,0.610989,-1,-1,-1
494,40,411.678,460.528,56.605,106.284,0.815983,-1,-1,-1
494,60,1622.113,402.910,166.556,452.928,0.921293,-1,-1,-1
494,185,950.761,431.028,96.882,246.328,0.893711,-1,-1,-1
494,195,806.402,427.663,141.341,294.036,0.937244,-1,-1,-1
494,212,648.803,432.867,121.006,269.266,0.942779,-1,-1,-1
494,221,454.329,458.237,50.456,92.542,0.691022,-1,-1,-1
494,229,1348.094,403.756,188.065,568.858,0.876003,-1,-1,-1
494,252,1210.047,414.589,201.087,590.191,0.932175,-1,-1,-1
494,264,569.065,452.968,34.324,76.631,0.826404,-1,-1,-1
494,267,271.896,478.012,131.540,221.414,0.897579,-1,-1,-1
494,268,1083.818,429.941,68.689,160.711,0.851887,-1,-1,-1
494,272,531.396,455.656,32.600,72.396,0.802618,-1,-1,-1
494,276,623.002,452.913,35.121,71.701,0.704745,-1,-1,-1
494,278,1160.634,440.229,35.136,89.591,0.656711,-1,-1,-1
494,283,1189.066,446.480,33.829,86.766,0.660500,-1,-1,-1
495,8,550.298,450.831,33.722,77.563,0.670444,-1,-1,-1
495,11,721.045,442.593,50.326,136.222,0.831962,-1,-1,-1
495,13,1370.613,378.256,379.698,695.725,0.951874,-1,-1,-1
495,17,379.783,465.142,46.683,102.275,0.704795,-1,-1,-1
495,40,412.156,462.740,54.910,104.472,0.822225,-1,-1,-1
495,60,1629.071,398.111,177.337,465.033,0.924538,-1,-1,-1
495,185,952.905,430.554,100.461,249.949,0.908599,-1,-1,-1
495,195,810.867,418.430,140.269,307.270,0.948327,-1,-1,-1
495,212,650.888,435.225,118.354,266.576,0.953173,-1,-1,-1
495,221,454.194,459.114,49.007,90.246,0.660374,-1,-1,-1
495,229,1344.021,409.993,210.877,589.365,0.866802,-1,-1,-1
495,240,1075.922,423.001,72.712,169.284,0.788272,-1,-1,-1
495,252,1204.574,414.859,208.387,589.522,0.933232,-1,-1,-1
495,264,569.430,451.490,34.588,79.973,0.833309,-1,-1,-1
495,267,266.426,482.222,132.350,215.340,0.864437,-1,-1,-1
495,272,531.363,454.953,32.373,71.698,0.775632,-1,-1,-1
495,276,623.328,454.640,32.319,66.657,0.682976,-1,-1,-1
495,283,1188.154,446.295,34.393,87.780,0.601928,-1,-1,-1
496,8,546.608,450.594,32.034,75.513,0.649880,-1,-1,-1
496,13,1385.151,380.025,384.177,692.367,0.958238,-1,-1,-1
496,17,378.983,465.308,47.085,103.841,0.726364,-1,-1,-1
496,40,412.709,463.703,54.119,103.778,0.802523,-1,-1,-1
496,60,1635.341,399.495,183.044,477.539,0.919231,-1,-1,-1
496,185,947.671,434.540,114.367,244.008,0.925281,-1,-1,-1
496,195,815.496,434.952,134.120,290.120,0.936009,-1,-1,-1
496,212,653.079,436.926,117.068,263.118,0.948807,-1,-1,-1
496,221,455.699,458.917,49.450,90.883,0.662933,-1,-1,-1
496,229,1350.774,402.743,216.920,575.158,0.876666,-1,-1,-1
496,252,1205.069,416.007,223.648,590.607,0.946913,-1,-1,-1
496,264,569.120,449.877,34.409,80.948,0.833252,-1,-1,-1
496,267,255.364,474.863,132.845,217.063,0.884558,-1,-1,-1
496,268,1087.290,429.185,68.895,158.507,0.710327,-1,-1,-1
496,272,531.557,455.147,31.765,70.948,0.771164,-1,-1,-1
496,276,623.642,456.454,34.591,74.134,0.718513,-1,-1,-1
497,8,546.756,450.266,31.907,76.630,0.659330,-1,-1,-1
497,13,1386.565,380.377,340.933,694.975,0.949959,-1,-1,-1
497,17,376.436,462.968,47.695,105.372,0.707413,-1,-1,-1
497,40,412.172,464.197,54.030,103.309,0.776569,-1,-1,-1
497,60,1637.171,399.824,172.833,485.871,0.923725,-1,-1,-1
497,140,235.548,510.519,106.406,184.206,0.644450,-1,-1,-1
497,185,955.276,443.836,123.303,237.018,0.915300,-1,-1,-1
497,195,829.230,437.165,123.367,291.141,0.906054,-1,-1,-1
497,212,660.726,429.505,112.412,272.439,0.939367,-1,-1,-1
497,229,1353.214,416.786,218.801,561.249,0.903370,-1,-1,-1
497,252,1204.651,415.572,226.683,596.685,0.947779,-1,-1,-1
497,264,569.973,450.601,34.129,80.173,0.833425,-1,-1,-1
497,267,259.293,476.619,132.126,220.247,0.828283,-1,-1,-1
497,268,1085.678,428.103,71.410,161.006,0.772977,-1,-1,-1
497,272,531.654,454.869,32.074,72.559,0.751639,-1,-1,-1
497,276,625.938,457.286,32.165,68.343,0.719916,-1,-1,-1
498,8,541.401,449.056,32.612,79.119,0.627116,-1,-1,-1
498,13,1403.548,383.149,320.469,692.261,0.939735,-1,-1,-1
498,17,377.468,462.697,46.978,103.546,0.660492,-1,-1,-1
498,40,412.763,464.396,54.416,103.196,0.775007,-1,-1,-1
498,60,1656.342,409.784,180.898,482.532,0.917794,-1,-1,-1
498,130,663.684,455.038,38.473,87.680,0.699766,-1,-1,-1
498,185,957.678,443.618,127.907,238.893,0.888706,-1,-1,-1
498,195,831.407,434.466,116.316,291.229,0.902562,-1,-1,-1
498,212,664.187,430.754,108.826,272.373,0.939501,-1,-1,-1
498,229,1345.105,417.370,223.539,563.716,0.897285,-1,-1,-1
498,240,1079.740,426.784,75.465,166.138,0.851362,-1,-1,-1
498,252,1212.351,416.956,229.365,597.181,0.942467,-1,-1,-1
498,264,568.762,449.309,35.008,82.116,0.835333,-1,-1,-1
498,267,246.584,477.240,135.894,229.207,0.869623,-1,-1,-1
498,272,532.294,455.067,32.174,73.095,0.747399,-1,-1,-1
498,276,626.850,455.840,31.434,65.832,0.675960,-1,-1,-1
498,283,1187.839,445.553,35.078,88.050,0.611849,-1,-1,-1
499,8,541.091,451.811,31.738,77.342,0.652918,-1,-1,-1
499,13,1420.228,368.213,326.324,708.931,0.935794,-1,-1,-1
499,17,377.730,462.710,46.405,102.494,0.605733,-1,-1,-1
499,40,411.814,463.861,54.749,103.391,0.791955,-1,-1,-1
499,60,1659.732,409.892,200.147,477.458,0.924626,-1,-1,-1
499,130,664.873,455.364,39.144,87.859,0.730331,-1,-1,-1
499,185,958.521,441.385,139.646,245.951,0.908615,-1,-1,-1
499,195,842.520,440.390,111.769,286.489,0.891161,-1,-1,-1
499,212,672.034,428.207,102.481,274.655,0.941049,-1,-1,-1
499,229,1360.374,406.199,219.236,556.868,0.888798,-1,-1,-1
499,240,1078.895,428.092,77.789,163.588,0.806537,-1,-1,-1
499,252,1218.455,412.324,227.224,600.802,0.943095,-1,-1,-1
499,264,568.787,452.215,33.555,78.742,0.821481,-1,-1,-1
499,267,226.274,482.663,135.295,220.879,0.882552,-1,-1,-1
499,272,532.351,455.663,32.432,74.289,0.777147,-1,-1,-1
499,276,627.235,456.163,30.881,63.595,0.685072,-1,-1,-1
500,13,1429.122,371.561,308.144,704.588,0.909263,-1,-1,-1
500,14,1070.839,439.800,50.401,121.527,0.736000,-1,-1,-1
500,17,377.994,464.483,48.510,105.985,0.622309,-1,-1,-1
500,40,412.150,462.158,54.910,105.259,0.810469,-1,-1,-1
500,60,1662.311,406.664,202.044,473.090,0.933801,-1,-1,-1
500,130,668.642,456.578,36.618,82.627,0.688311,-1,-1,-1
500,185,959.246,437.128,134.079,247.113,0.877150,-1,-1,-1
500,195,842.926,414.831,121.968,310.917,0.918620,-1,-1,-1
500,212,673.807,428.557,101.259,275.281,0.940884,-1,-1,-1
500,229,1363.038,412.719,216.280,560.479,0.901941,-1,-1,-1
500,240,1081.706,434.676,75.954,158.539,0.834959,-1,-1,-1
500,252,1227.994,410.374,222.192,610.811,0.950929,-1,-1,-1
500,264,570.337,453.602,31.927,76.196,0.807089,-1,-1,-1
500,267,211.053,477.204,135.471,228.963,0.909224,-1,-1,-1
500,272,533.987,455.171,33.210,75.858,0.777112,-1,-1,-1
500,276,630.228,454.002,32.875,69.611,0.663667,-1,-1,-1
501,13,1454.783,369.603,274.402,709.433,0.923384,-1,-1,-1
501,14,1068.100,433.806,54.147,129.863,0.759574,-1,-1,-1
501,17,376.989,463.663,49.691,109.292,0.699133,-1,-1,-1
501,40,411.345,460.759,55.057,106.977,0.819859,-1,-1,-1
501,60,1672.366,410.190,224.422,475.848,0.919749,-1,-1,-1
501,130,669.582,457.201,37.686,84.656,0.628150,-1,-1,-1
501,185,964.669,449.525,130.271,234.876,0.900041,-1,-1,-1
501,195,842.334,408.558,123.572,316.357,0.929515,-1,-1,-1
501,212,679.879,431.150,96.756,273.179,0.939433,-1,-1,-1
501,229,1376.731,420.875,211.792,546.078,0.889902,-1,-1,-1
501,252,1242.595,410.458,215.788,607.850,0.933321,-1,-1,-1
501,264,572.779,455.030,30.686,74.807,0.816418,-1,-1,-1
501,267,213.964,473.079,128.529,232.125,0.911453,-1,-1,-1
501,268,1085.050,430.271,75.884,166.308,0.826493,-1,-1,-1
501,272,536.245,457.085,32.443,73.807,0.789258,-1,-1,-1
501,276,629.579,454.652,35.048,76.333,0.682643,-1,-1,-1
502,8,545.779,460.559,28.586,68.333,0.725214,-1,-1,-1
502,13,1477.646,368.576,263.685,708.072,0.913330,-1,-1,-1
502,14,1071.826,438.694,54.120,129.542,0.618933,-1,-1,-1
502,17,376.986,463.195,49.620,109.549,0.715842,-1,-1,-1
502,40,410.719,461.350,53.673,106.323,0.801183,-1,-1,-1
502,60,1683.677,406.858,221.362,481.872,0.949137,-1,-1,-1
502,130,669.072,457.281,38.530,85.859,0.630427,-1,-1,-1
502,185,966.456,448.726,132.720,237.390,0.781259,-1,-1,-1
502,195,845.135,410.396,122.648,317.637,0.926159,-1,-1,-1
502,212,685.780,430.014,95.799,273.351,0.930799,-1,-1,-1
502,229,1374.556,428.306,211.035,540.520,0.893039,-1,-1,-1
502,240,1080.368,431.599,78.686,161.194,0.778917,-1,-1,-1
502,246,1853.059,393.734,70.792,251.136,0.606788,-1,-1,-1
502,252,1264.037,413.068,200.511,607.268,0.933978,-1,-1,-1
502,264,573.632,456.262,30.190,75.639,0.808983,-1,-1,-1
502,267,210.977,479.343,123.830,225.000,0.882512,-1,-1,-1
502,272,535.591,459.234,31.693,70.516,0.770600,-1,-1,-1
502,276,629.914,454.465,35.258,78.549,0.649688,-1,-1,-1
503,13,1491.477,367.050,253.244,709.331,0.932393,-1,-1,-1
503,17,377.440,464.149,50.165,108.207,0.742483,-1,-1,-1
503,40,411.486,459.471,53.305,107.245,0.828250,-1,-1,-1
503,60,1690.423,401.352,226.063,499.857,0.950836,-1,-1,-1
503,130,668.673,456.671,39.061,84.679,0.623576,-1,-1,-1
503,174,850.052,412.851,93.286,278.371,0.799529,-1,-1,-1
503,185,970.385,434.796,127.944,248.760,0.846755,-1,-1,-1
503,195,860.599,417.173,115.360,306.510,0.897863,-1,-1,-1
503,212,692.033,431.518,92.723,272.081,0.916156,-1,-1,-1
503,221,455.994,457.216,51.563,94.260,0.617882,-1,-1,-1
503,229,1379.376,419.468,212.808,549.088,0.907147,-1,-1,-1
503,240,1079.585,430.708,79.884,163.723,0.855898,-1,-1,-1
503,252,1279.276,414.326,185.368,600.216,0.940723,-1,-1,-1
503,264,571.502,455.156,30.638,77.909,0.832945,-1,-1,-1
503,267,185.872,479.907,156.561,237.913,0.918420,-1,-1,-1
503,272,534.099,459.485,32.089,72.412,0.808514,-1,-1,-1
503,276,629.538,453.093,35.417,79.559,0.625983,-1,-1,-1
504,8,543.060,458.714,30.541,72.653,0.743463,-1,-1,-1
504,13,1505.748,366.846,262.033,713.142,0.936676,-1,-1,-1
504,14,1068.870,443.152,49.940,121.413,0.729866,-1,-1,-1
504,17,377.256,463.676,51.357,109.556,0.742585,-1,-1,-1
504,40,411.648,463.018,52.428,104.589,0.783349,-1,-1,-1
504,60,1693.919,400.263,221.571,502.780,0.919632,-1,-1,-1
504,130,669.143,456.389,40.368,85.935,0.671028,-1,-1,-1
504,185,980.688,453.861,110.783,230.362,0.867287,-1,-1,-1
504,195,858.876,411.783,112.411,301.950,0.891306,-1,-1,-1
504,212,698.815,432.961,90.420,267.640,0.914817,-1,-1,-1
504,221,455.429,456.475,49.973,92.916,0.668125,-1,-1,-1
504,229,1399.553,425.938,205.016,540.860,0.909253,-1,-1,-1
504,240,1090.730,441.510,70.981,151.658,0.783025,-1,-1,-1
504,252,1288.054,411.600,182.236,608.692,0.937555,-1,-1,-1
504,264,572.970,455.854,30.241,75.505,0.835794,-1,-1,-1
504,267,174.007,480.369,145.224,237.478,0.902837,-1,-1,-1
504,272,533.551,461.024,30.943,70.625,0.787966,-1,-1,-1
504,276,629.161,453.312,36.376,81.833,0.680444,-1,-1,-1
505,8,543.565,460.035,29.788,71.173,0.728856,-1,-1,-1
505,13,1519.905,365.102,308.582,710.978,0.928753,-1,-1,-1
505,14,1069.225,443.721,48.632,122.238,0.815474,-1,-1,-1
505,17,377.596,463.922,51.451,108.736,0.736064,-1,-1,-1
505,40,411.800,462.850,53.003,104.311,0.777665,-1,-1,-1
505,60,1704.398,404.732,216.297,505.705,0.938921,-1,-1,-1
505,130,665.135,457.552,38.899,83.529,0.677276,-1,-1,-1
505,174,861.865,409.680,95.227,296.506,0.885038,-1,-1,-1
505,185,992.680,463.556,98.267,216.972,0.876647,-1,-1,-1
505,195,886.727,432.053,118.493,293.823,0.901743,-1,-1,-1
505,212,702.920,429.262,88.785,272.121,0.917147,-1,-1,-1
505,221,455.697,456.040,49.931,93.408,0.649701,-1,-1,-1
505,229,1408.048,422.933,213.410,551.577,0.903610,-1,-1,-1
505,240,1094.655,449.899,65.083,145.060,0.802654,-1,-1,-1
505,252,1297.443,405.199,176.823,614.486,0.940976,-1,-1,-1
505,264,573.040,456.512,29.871,74.661,0.841499,-1,-1,-1
505,267,162.296,477.399,133.409,238.240,0.918906,-1,-1,-1
505,272,533.833,462.610,30.227,69.155,0.784912,-1,-1,-1
505,276,629.114,455.309,37.360,82.731,0.763641,-1,-1,-1
506,13,1507.327,361.700,275.074,714.628,0.923416,-1,-1,-1
506,14,1069.706,443.436,51.571,128.516,0.812232,-1,-1,-1
506,17,378.093,465.279,50.423,106.613,0.771716,-1,-1,-1
506,40,411.823,459.169,53.173,107.751,0.829603,-1,-1,-1
506,60,1715.791,401.341,201.438,507.748,0.937485,-1,-1,-1
506,130,670.234,456.855,36.914,81.342,0.669389,-1,-1,-1
506,174,860.689,408.905,92.305,299.198,0.896179,-1,-1,-1
506,185,993.837,428.889,98.487,253.363,0.901097,-1,-1,-1
506,195,894.959,428.556,125.307,295.711,0.932511,-1,-1,-1
506,212,698.740,429.307,96.395,272.957,0.920039,-1,-1,-1
506,229,1423.795,424.600,206.782,550.861,0.898796,-1,-1,-1
506,240,1094.220,447.472,66.210,147.475,0.818055,-1,-1,-1
506,252,1303.027,406.372,183.637,628.484,0.935153,-1,-1,-1
506,264,572.067,455.442,31.657,77.175,0.863699,-1,-1,-1
506,267,159.316,478.939,140.963,241.970,0.914152,-1,-1,-1
506,272,534.213,460.796,31.334,70.580,0.818768,-1,-1,-1
506,276,628.053,455.909,36.120,80.976,0.791925,-1,-1,-1
507,13,1511.999,364.007,246.034,711.266,0.938758,-1,-1,-1
507,14,1066.805,440.559,56.081,139.727,0.726056,-1,-1,-1
507,17,376.717,465.841,51.083,106.137,0.777749,-1,-1,-1
507,40,412.678,462.893,52.938,104.769,0.819337,-1,-1,-1
507,60,1728.148,392.798,192.922,525.948,0.949750,-1,-1,-1
507,130,663.913,456.719,36.601,82.061,0.760306,-1,-1,-1
507,174,862.823,409.244,90.697,287.795,0.894278,-1,-1,-1
507,185,1005.362,438.468,92.849,244.844,0.840181,-1,-1,-1
507,195,893.499,434.903,134.511,289.795,0.928711,-1,-1,-1
507,212,694.264,428.930,105.372,273.280,0.923192,-1,-1,-1
507,229,1434.968,423.059,182.464,549.970,0.903085,-1,-1,-1
507,252,1303.724,400.205,187.164,653.780,0.944886,-1,-1,-1
507,264,571.553,453.245,32.894,78.490,0.868853,-1,-1,-1
507,267,143.093,479.446,149.435,240.865,0.911587,-1,-1,-1
507,268,1089.801,428.961,70.894,166.711,0.853901,-1,-1,-1
507,272,534.127,460.011,32.195,71.792,0.820973,-1,-1,-1
507,276,627.945,455.796,36.272,80.201,0.818546,-1,-1,-1
508,11,696.490,447.336,42.010,97.221,0.645794,-1,-1,-1
508,13,1523.002,362.412,297.711,713.177,0.936424,-1,-1,-1
508,14,1065.370,446.953,50.537,126.369,0.690690,-1,-1,-1
508,17,377.387,464.639,51.704,107.962,0.782841,-1,-1,-1
508,40,411.973,462.661,52.907,104.785,0.817962,-1,-1,-1
508,60,1733.345,397.005,186.523,520.401,0.944883,-1,-1,-1
508,130,664.556,455.141,36.862,85.137,0.792271,-1,-1,-1
508,174,865.595,402.148,92.770,291.841,0.897170,-1,-1,-1
508,185,1020.466,451.190,84.992,228.511,0.832661,-1,-1,-1
508,195,896.362,438.728,143.225,286.530,0.930469,-1,-1,-1
508,212,701.815,436.957,114.576,262.315,0.933033,-1,-1,-1
508,226,812.014,473.462,34.972,71.385,0.630424,-1,-1,-1
508,229,1447.251,412.303,170.606,562.482,0.920542,-1,-1,-1
508,240,1092.344,436.126,67.994,158.348,0.849765,-1,-1,-1
508,252,1310.328,401.931,193.513,648.105,0.941510,-1,-1,-1
508,264,570.255,449.513,33.567,83.514,0.885240,-1,-1,-1
508,267,131.920,484.155,137.195,244.255,0.938402,-1,-1,-1
508,272,536.480,454.200,35.091,78.312,0.854904,-1,-1,-1
508,276,629.719,451.503,36.930,83.389,0.790387,-1,-1,-1
509,11,695.814,454.596,39.664,90.580,0.600003,-1,-1,-1
509,13,1519.159,367.945,278.284,704.984,0.935967,-1,-1,-1
509,14,1066.644,445.674,45.392,113.483,0.665201,-1,-1,-1
509,17,375.656,464.087,50.789,106.901,0.752917,-1,-1,-1
509,40,411.938,459.781,53.215,107.109,0.828942,-1,-1,-1
509,60,1733.934,395.781,185.235,512.957,0.949531,-1,-1,-1
509,130,666.805,457.285,35.680,81.550,0.818562,-1,-1,-1
509,174,867.799,408.145,90.738,286.328,0.883758,-1,-1,-1
509,185,1018.238,429.937,91.845,249.739,0.892710,-1,-1,-1
509,195,896.784,441.645,149.564,285.948,0.938204,-1,-1,-1
509,212,706.059,432.672,115.852,268.019,0.926817,-1,-1,-1
509,223,805.756,465.529,37.144,80.499,0.659020,-1,-1,-1
509,229,1451.998,418.032,172.810,565.746,0.900772,-1,-1,-1
509,252,1317.994,401.249,210.306,662.775,0.947996,-1,-1,-1
509,264,571.539,450.334,32.437,82.065,0.886229,-1,-1,-1
509,267,118.267,483.697,133.544,239.937,0.910230,-1,-1,-1
509,268,1087.844,422.290,74.615,171.900,0.890106,-1,-1,-1
509,272,536.773,454.357,34.733,78.383,0.851361,-1,-1,-1
509,276,630.379,450.334,36.107,83.404,0.809684,-1,-1,-1
509,283,1165.849,440.514,43.259,91.320,0.606684,-1,-1,-1
510,11,697.654,454.857,41.647,88.671,0.689438,-1,-1,-1
510,13,1525.609,365.508,283.621,706.823,0.934410,-1,-1,-1
510,14,1068.635,454.213,39.198,98.177,0.647907,-1,-1,-1
510,17,376.984,462.126,48.580,104.285,0.723811,-1,-1,-1
510,40,412.295,460.545,53.357,105.962,0.829536,-1,-1,-1
510,60,1758.606,395.110,163.416,508.088,0.950400,-1,-1,-1
510,130,667.386,455.366,37.234,83.708,0.792609,-1,-1,-1
510,174,869.515,405.802,94.323,288.819,0.896031,-1,-1,-1
510,185,1025.418,453.247,82.921,226.134,0.850943,-1,-1,-1
510,195,899.308,440.766,145.891,284.980,0.948340,-1,-1,-1
510,212,706.865,449.509,119.857,250.912,0.940798,-1,-1,-1
510,223,806.206,468.221,36.101,78.371,0.660861,-1,-1,-1
510,229,1453.371,415.941,167.708,550.841,0.892457,-1,-1,-1
510,230,793.760,459.614,42.354,84.641,0.677867,-1,-1,-1
510,240,1091.339,438.897,68.537,155.052,0.873205,-1,-1,-1
510,252,1323.579,401.846,224.179,664.150,0.948582,-1,-1,-1
510,253,627.668,452.592,30.438,66.523,0.689012,-1,-1,-1
510,264,570.986,450.959,32.327,82.323,0.882765,-1,-1,-1
510,267,105.356,490.923,138.435,234.667,0.921268,-1,-1,-1
510,272,535.894,454.783,35.108,77.378,0.839996,-1,-1,-1
510,276,630.440,449.553,37.017,87.275,0.807570,-1,-1,-1
510,283,1163.707,441.108,45.679,93.048,0.600912,-1,-1,-1
511,11,694.406,457.045,43.954,94.429,0.679916,-1,-1,-1
511,13,1529.620,368.491,244.482,703.609,0.946256,-1,-1,-1
511,17,377.222,463.043,47.518,104.809,0.729939,-1,-1,-1
511,40,411.757,462.332,52.010,105.238,0.830195,-1,-1,-1
511,60,1774.111,392.942,147.957,539.409,0.955725,-1,-1,-1
511,130,667.148,456.788,36.941,82.402,0.796908,-1,-1,-1
511,174,868.559,407.849,96.968,290.139,0.902507,-1,-1,-1
511,185,1029.994,452.512,87.297,224.630,0.886168,-1,-1,-1
511,195,897.686,442.658,156.132,284.648,0.942093,-1,-1,-1
511,212,709.017,437.559,123.795,262.034,0.929731,-1,-1,-1
511,221,453.718,456.733,49.420,94.525,0.640203,-1,-1,-1
511,229,1455.175,404.865,171.810,592.991,0.894350,-1,-1,-1
511,240,1094.453,443.253,66.844,147.463,0.877513,-1,-1,-1
511,252,1326.354,405.922,234.214,657.260,0.957046,-1,-1,-1
511,264,569.954,449.033,32.896,83.165,0.877306,-1,-1,-1
511,267,98.108,502.582,143.209,228.918,0.868222,-1,-1,-1
511,272,537.431,452.482,34.544,78.291,0.845459,-1,-1,-1
511,276,631.952,450.050,37.052,86.921,0.812710,-1,-1,-1
511,299,701.128,458.176,49.854,115.695,0.782769,-1,-1,-1
512,11,687.642,455.213,42.299,96.521,0.663073,-1,-1,-1
512,13,1543.229,373.241,277.456,700.209,0.917445,-1,-1,-1
512,17,376.193,461.993,47.101,105.514,0.705848,-1,-1,-1
512,40,413.167,457.604,53.694,108.353,0.768059,-1,-1,-1
512,60,1785.195,389.774,135.167,521.508,0.957956,-1,-1,-1
512,130,667.816,456.767,34.332,79.809,0.786718,-1,-1,-1
512,174,870.202,407.919,100.290,290.057,0.887373,-1,-1,-1
512,185,1030.544,441.007,94.671,233.966,0.906965,-1,-1,-1
512,195,894.929,442.078,155.141,283.082,0.932042,-1,-1,-1
512,212,711.331,433.635,127.733,268.565,0.936272,-1,-1,-1
512,221,449.612,453.332,52.515,100.211,0.646978,-1,-1,-1
512,229,1461.446,404.292,165.646,565.053,0.902298,-1,-1,-1
512,252,1325.853,404.483,240.417,658.755,0.949927,-1,-1,-1
512,253,629.490,454.574,31.291,69.440,0.633510,-1,-1,-1
512,264,570.022,450.654,32.686,81.883,0.877990,-1,-1,-1
512,267,73.288,487.743,147.731,247.649,0.913233,-1,-1,-1
512,268,1089.364,424.154,74.461,167.357,0.878134,-1,-1,-1
512,272,535.070,454.364,35.031,78.526,0.848759,-1,-1,-1
512,276,633.952,450.557,36.359,85.338,0.818446,-1,-1,-1
512,299,692.555,453.338,50.245,120.484,0.793150,-1,-1,-1
513,11,673.906,453.503,38.410,88.567,0.688002,-1,-1,-1
513,13,1540.325,367.407,273.813,706.719,0.929108,-1,-1,-1
513,17,376.041,461.404,47.467,107.251,0.733857,-1,-1,-1
513,40,413.087,457.456,54.215,108.688,0.766966,-1,-1,-1
513,60,1795.202,388.889,126.515,532.426,0.941199,-1,-1,-1
513,130,666.991,457.410,33.370,80.233,0.782825,-1,-1,-1
513,174,871.955,409.064,103.832,288.035,0.876488,-1,-1,-1
513,185,1031.402,435.707,102.204,239.616,0.912973,-1,-1,-1
513,195,899.071,437.067,154.543,288.353,0.929449,-1,-1,-1
513,212,713.788,429.442,128.292,270.326,0.941298,-1,-1,-1
513,221,448.876,453.019,52.941,100.493,0.672388,-1,-1,-1
513,229,1465.377,417.558,166.092,544.529,0.891349,-1,-1,-1
513,240,1090.045,430.547,73.380,159.677,0.837558,-1,-1,-1
513,252,1324.987,407.763,248.133,659.026,0.953256,-1,-1,-1
513,253,627.053,455.904,28.739,62.112,0.610956,-1,-1,-1
513,264,569.913,449.611,33.645,82.664,0.880049,-1,-1,-1
513,267,52.820,474.141,167.530,265.582,0.894382,-1,-1,-1
513,272,535.010,455.091,34.865,76.687,0.849156,-1,-1,-1
513,276,634.530,452.845,36.781,84.240,0.827358,-1,-1,-1
513,299,688.892,446.877,48.553,128.397,0.848895,-1,-1,-1
514,11,670.994,449.783,44.544,105.431,0.631009,-1,-1,-1
514,13,1539.823,367.826,256.899,704.524,0.920234,-1,-1,-1
514,17,375.868,461.295,47.383,107.731,0.712348,-1,-1,-1
514,40,412.296,457.461,54.009,109.047,0.759994,-1,-1,-1
514,60,1804.642,380.853,116.541,525.077,0.939810,-1,-1,-1
514,130,664.431,457.649,33.206,81.688,0.768362,-1,-1,-1
514,174,874.456,409.229,104.460,290.483,0.846917,-1,-1,-1
514,185,1036.451,442.351,103.280,235.007,0.903784,-1,-1,-1
514,195,903.122,442.399,153.936,281.234,0.914506,-1,-1,-1
514,212,713.297,428.102,126.833,270.850,0.944562,-1,-1,-1
514,221,449.478,453.548,52.436,99.594,0.647925,-1,-1,-1
514,229,1466.205,429.163,172.819,550.345,0.872702,-1,-1,-1
514,240,1091.833,434.473,70.435,156.447,0.829951,-1,-1,-1
514,252,1320.805,410.911,256.361,655.768,0.943831,-1,-1,-1
514,253,627.432,453.370,30.540,65.587,0.619034,-1,-1,-1
514,264,570.385,451.699,33.461,80.810,0.875305,-1,-1,-1
514,267,41.998,479.132,162.995,266.469,0.917789,-1,-1,-1
514,272,535.079,454.009,36.260,78.441,0.851867,-1,-1,-1
514,276,631.771,450.829,39.363,90.108,0.836594,-1,-1,-1
514,299,687.347,446.637,47.775,128.151,0.868190,-1,-1,-1
515,11,675.179,448.883,47.474,115.774,0.698893,-1,-1,-1
515,13,1564.096,373.769,302.631,703.566,0.914074,-1,-1,-1
515,17,376.782,461.522,46.660,106.995,0.715820,-1,-1,-1
515,40,411.540,456.415,53.446,110.936,0.818352,-1,-1,-1
515,60,1813.931,384.932,107.221,522.197,0.941744,-1,-1,-1
515,130,663.925,456.212,31.814,81.443,0.775683,-1,-1,-1
515,174,874.164,406.472,102.564,295.926,0.884547,-1,-1,-1
515,185,1043.145,455.238,108.110,225.829,0.891796,-1,-1,-1
515,195,906.569,443.499,152.779,278.031,0.921443,-1,-1,-1
515,212,713.858,428.007,125.918,271.938,0.935926,-1,-1,-1
515,221,450.389,452.486,51.837,99.503,0.679585,-1,-1,-1
515,229,1465.016,413.707,190.384,566.650,0.872969,-1,-1,-1
515,240,1095.406,440.569,67.458,147.901,0.810619,-1,-1,-1
515,252,1319.790,410.921,253.819,651.698,0.943684,-1,-1,-1
515,253,629.301,454.378,30.903,66.238,0.600855,-1,-1,-1
515,264,570.600,450.547,33.468,80.821,0.861963,-1,-1,-1
515,267,27.038,475.786,178.265,271.462,0.918990,-1,-1,-1
515,272,534.970,454.364,35.576,77.276,0.840284,-1,-1,-1
515,276,632.796,454.977,36.744,85.185,0.832238,-1,-1,-1
515,299,685.939,444.064,47.955,129.981,0.871343,-1,-1,-1
516,11,682.816,445.797,50.302,127.913,0.865081,-1,-1,-1
516,13,1560.828,361.838,336.334,718.152,0.927068,-1,-1,-1
516,17,376.796,461.623,46.902,107.018,0.701699,-1,-1,-1
516,40,412.244,457.226,53.313,110.136,0.776047,-1,-1,-1
516,60,1818.791,380.560,102.186,530.889,0.939900,-1,-1,-1
516,130,663.345,455.852,32.411,84.918,0.736264,-1,-1,-1
516,174,876.511,401.482,101.944,301.865,0.913741,-1,-1,-1
516,185,1036.812,434.301,113.948,247.565,0.910097,-1,-1,-1
516,195,908.012,445.893,152.776,269.854,0.923406,-1,-1,-1
516,212,724.138,429.403,120.037,268.383,0.939853,-1,-1,-1
516,229,1466.379,424.506,193.479,546.764,0.907152,-1,-1,-1
516,240,1093.337,440.245,68.693,150.084,0.815220,-1,-1,-1
516,252,1316.696,412.298,252.725,652.013,0.951988,-1,-1,-1
516,264,571.114,450.145,33.418,82.388,0.867250,-1,-1,-1
516,267,7.942,477.471,178.791,263.889,0.907402,-1,-1,-1
516,272,535.419,453.840,36.167,78.076,0.828091,-1,-1,-1
516,276,633.986,455.376,37.159,85.702,0.815539,-1,-1,-1
517,11,680.952,446.136,49.584,126.465,0.868770,-1,-1,-1
517,13,1546.294,370.528,285.928,705.719,0.915384,-1,-1,-1
517,17,376.493,462.005,47.068,107.111,0.737254,-1,-1,-1
517,40,413.505,457.938,52.634,108.166,0.767159,-1,-1,-1
517,60,1824.137,376.140,97.826,540.362,0.909830,-1,-1,-1
517,130,662.823,454.943,32.301,85.463,0.737813,-1,-1,-1
517,174,879.603,407.041,103.292,295.829,0.898733,-1,-1,-1
517,185,1040.600,442.183,112.816,239.341,0.901407,-1,-1,-1
517,195,909.752,446.354,159.858,275.769,0.913886,-1,-1,-1
517,212,728.551,429.867,116.183,270.514,0.939613,-1,-1,-1
517,229,1463.519,409.806,202.720,572.072,0.879299,-1,-1,-1
517,240,1095.196,438.725,66.802,149.843,0.794790,-1,-1,-1
517,252,1318.598,409.400,255.219,652.882,0.942732,-1,-1,-1
517,264,569.377,448.482,33.750,84.274,0.864921,-1,-1,-1
517,267,4.655,497.712,163.506,241.428,0.911159,-1,-1,-1
517,272,535.163,451.403,35.026,78.704,0.846738,-1,-1,-1
517,276,636.004,454.242,37.090,86.299,0.806768,-1,-1,-1
518,11,681.970,445.158,48.161,127.773,0.872196,-1,-1,-1
518,13,1564.638,381.353,287.268,691.310,0.915553,-1,-1,-1
518,17,373.526,460.650,49.273,109.268,0.700079,-1,-1,-1
518,40,411.655,454.533,54.561,112.768,0.774414,-1,-1,-1
518,60,1832.872,386.541,88.315,518.900,0.920877,-1,-1,-1
518,130,662.582,454.824,30.765,81.724,0.742004,-1,-1,-1
518,174,877.889,402.585,104.967,299.493,0.904226,-1,-1,-1
518,185,1044.285,445.793,108.622,233.477,0.904009,-1,-1,-1
518,195,914.075,443.115,153.586,277.523,0.917549,-1,-1,-1
518,212,735.082,428.453,109.438,272.665,0.944493,-1,-1,-1
518,223,840.124,460.152,39.387,91.455,0.636197,-1,-1,-1
518,229,1468.882,404.520,203.311,560.417,0.884312,-1,-1,-1
518,240,1100.556,448.328,62.998,143.321,0.715793,-1,-1,-1
518,252,1320.248,405.301,256.395,663.456,0.945314,-1,-1,-1
518,264,569.943,449.926,33.543,83.615,0.878151,-1,-1,-1
518,267,0.178,496.520,161.586,247.050,0.909514,-1,-1,-1
518,268,1120.599,448.740,53.757,133.052,0.664332,-1,-1,-1
518,272,536.121,452.504,35.993,78.531,0.841380,-1,-1,-1
518,276,637.874,455.583,35.634,83.914,0.818630,-1,-1,-1
518,283,1168.838,441.713,40.925,88.039,0.644852,-1,-1,-1
519,11,680.224,445.342,47.601,128.937,0.887595,-1,-1,-1
519,13,1567.684,374.095,317.015,705.865,0.922324,-1,-1,-1
519,17,373.696,461.167,48.907,107.337,0.675350,-1,-1,-1
519,40,411.410,455.621,53.635,111.629,0.802005,-1,-1,-1
519,60,1833.309,404.286,85.569,476.739,0.912327,-1,-1,-1
519,130,663.397,453.778,29.808,80.159,0.677328,-1,-1,-1
519,174,876.828,403.052,106.906,294.685,0.913057,-1,-1,-1
519,185,1040.771,435.086,116.482,245.365,0.914157,-1,-1,-1
519,195,923.874,441.792,150.463,274.485,0.913030,-1,-1,-1
519,212,738.284,425.010,108.336,273.908,0.936453,-1,-1,-1
519,223,840.060,460.473,40.907,93.072,0.720765,-1,-1,-1
519,229,1488.940,414.450,188.900,556.641,0.900408,-1,-1,-1
519,240,1096.778,435.621,66.179,152.338,0.807215,-1,-1,-1
519,252,1324.339,404.910,254.834,663.156,0.950863,-1,-1,-1
519,264,570.579,450.381,33.262,82.558,0.878600,-1,-1,-1
519,267,-0.275,504.331,157.128,242.383,0.929000,-1,-1,-1
519,272,537.183,454.529,34.683,75.519,0.844457,-1,-1,-1
519,276,640.489,454.021,35.560,86.237,0.811821,-1,-1,-1
519,304,882.866,438.757,46.684,145.236,0.709791,-1,-1,-1
519,306,721.462,451.984,32.640,85.212,0.804279,-1,-1,-1
520,11,678.130,444.753,49.524,129.658,0.897344,-1,-1,-1
520,13,1563.706,381.750,270.092,688.034,0.911631,-1,-1,-1
520,17,376.176,461.443,47.436,105.585,0.685799,-1,-1,-1
520,40,412.304,456.591,53.472,110.526,0.811488,-1,-1,-1
520,60,1849.764,416.873,73.002,456.110,0.902341,-1,-1,-1
520,130,662.478,452.576,29.661,80.314,0.692623,-1,-1,-1
520,174,876.454,403.206,111.432,297.001,0.910486,-1,-1,-1
520,185,1042.051,452.315,112.571,227.919,0.879414,-1,-1,-1
520,195,926.503,448.239,147.406,272.010,0.911494,-1,-1,-1
520,212,739.636,426.453,108.807,267.194,0.938953,-1,-1,-1
520,223,839.828,461.342,36.878,85.041,0.615386,-1,-1,-1
520,229,1498.047,410.665,201.020,569.278,0.869739,-1,-1,-1
520,240,1105.535,444.887,60.722,143.209,0.740197,-1,-1,-1
520,252,1328.260,405.577,268.595,663.805,0.940429,-1,-1,-1
520,264,570.374,449.946,33.306,82.770,0.874333,-1,-1,-1
520,267,-1.675,476.661,164.362,279.452,0.947600,-1,-1,-1
520,272,538.032,455.208,33.946,75.450,0.851438,-1,-1,-1
520,276,641.394,452.783,36.090,86.525,0.831108,-1,-1,-1
520,283,1170.274,444.102,40.624,84.991,0.699531,-1,-1,-1
520,304,884.167,438.797,45.896,143.447,0.604203,-1,-1,-1
520,306,720.282,449.001,34.206,86.959,0.838309,-1,-1,-1
521,11,677.725,447.323,48.471,127.789,0.899277,-1,-1,-1
521,13,1576.744,372.961,265.950,693.603,0.897824,-1,-1,-1
521,17,376.399,462.112,47.182,105.944,0.736779,-1,-1,-1
521,40,411.946,456.732,52.744,110.643,0.826495,-1,-1,-1
521,60,1851.585,399.868,74.795,490.990,0.767623,-1,-1,-1
521,130,664.364,454.365,28.153,76.650,0.666936,-1,-1,-1
521,174,875.348,410.375,105.105,292.303,0.909157,-1,-1,-1
521,185,1039.844,442.519,116.602,239.828,0.911608,-1,-1,-1
521,195,933.197,452.035,140.294,266.892,0.918518,-1,-1,-1
521,212,742.107,429.864,112.414,262.887,0.930744,-1,-1,-1
521,221,452.641,453.015,54.894,103.871,0.619607,-1,-1,-1
521,223,839.987,461.768,35.020,81.221,0.634801,-1,-1,-1
521,229,1495.737,419.128,202.193,555.677,0.870463,-1,-1,-1
521,240,1109.473,440.747,58.359,139.833,0.713431,-1,-1,-1
521,252,1327.727,402.657,269.770,672.044,0.945929,-1,-1,-1
521,253,636.474,451.250,35.186,78.154,0.622562,-1,-1,-1
521,264,571.263,451.357,32.113,80.439,0.866092,-1,-1,-1
521,267,-3.744,481.275,139.040,272.000,0.933581,-1,-1,-1
521,272,539.368,455.369,32.899,75.038,0.834250,-1,-1,-1
521,276,644.491,455.113,34.058,82.884,0.772688,-1,-1,-1
521,283,1169.652,443.460,42.276,86.017,0.696327,-1,-1,-1
521,306,718.878,449.127,33.650,86.156,0.827770,-1,-1,-1
522,11,676.268,448.538,48.149,127.827,0.900699,-1,-1,-1
522,13,1578.278,375.594,324.963,702.510,0.916006,-1,-1,-1
522,14,1062.767,445.756,44.117,110.875,0.601313,-1,-1,-1
522,17,376.962,462.600,45.854,104.091,0.724737,-1,-1,-1
522,40,411.952,459.300,51.296,108.110,0.795034,-1,-1,-1
522,60,1845.475,409.915,73.960,482.582,0.609520,-1,-1,-1
522,130,666.258,452.892,28.077,75.433,0.606083,-1,-1,-1
522,174,875.074,402.016,102.366,300.344,0.907944,-1,-1,-1
522,185,1042.333,442.197,115.103,236.440,0.913150,-1,-1,-1
522,195,944.447,444.108,135.422,271.073,0.914705,-1,-1,-1
522,212,747.908,427.631,106.685,262.419,0.922101,-1,-1,-1
522,223,844.215,462.465,39.126,92.973,0.737290,-1,-1,-1
522,229,1492.894,429.611,213.471,543.436,0.882997,-1,-1,-1
522,240,1111.355,441.593,56.983,137.649,0.681569,-1,-1,-1
522,252,1331.477,403.187,271.681,671.909,0.941479,-1,-1,-1
522,264,572.679,455.357,30.762,74.165,0.852346,-1,-1,-1
522,267,-3.402,473.408,138.207,282.332,0.875166,-1,-1,-1
522,272,538.074,454.466,33.733,76.372,0.824791,-1,-1,-1
522,276,643.679,455.010,35.239,85.682,0.783839,-1,-1,-1
522,283,1168.538,441.839,43.959,88.727,0.622246,-1,-1,-1
522,306,717.714,446.680,35.242,90.337,0.832800,-1,-1,-1
523,11,676.678,452.031,47.148,121.646,0.903923,-1,-1,-1
523,13,1559.700,370.759,348.775,708.100,0.935015,-1,-1,-1
523,17,375.881,462.409,47.038,107.474,0.769802,-1,-1,-1
523,40,411.659,458.209,52.012,108.986,0.829109,-1,-1,-1
523,174,876.172,408.595,101.556,295.647,0.907505,-1,-1,-1
523,185,1046.026,442.872,115.883,235.847,0.920248,-1,-1,-1
523,195,952.253,446.614,126.661,268.561,0.910732,-1,-1,-1
523,212,755.359,429.540,114.601,261.561,0.929090,-1,-1,-1
523,221,452.947,457.051,54.293,101.382,0.648496,-1,-1,-1
523,229,1500.502,414.907,215.218,550.834,0.881481,-1,-1,-1
523,240,1116.027,443.128,55.589,135.096,0.623071,-1,-1,-1
523,252,1342.539,400.127,265.324,672.515,0.945927,-1,-1,-1
523,264,571.752,451.793,34.222,79.682,0.862715,-1,-1,-1
523,267,-2.547,508.719,123.384,256.062,0.796343,-1,-1,-1
523,272,537.737,454.225,33.999,75.452,0.804872,-1,-1,-1
523,276,648.950,457.584,34.590,84.482,0.765418,-1,-1,-1
523,304,890.286,434.390,48.030,150.659,0.605091,-1,-1,-1
523,306,717.755,449.116,34.904,84.892,0.836955,-1,-1,-1
524,11,675.144,448.301,48.521,124.991,0.907489,-1,-1,-1
524,13,1568.230,367.041,349.390,709.319,0.938144,-1,-1,-1
524,17,375.640,462.590,46.292,106.221,0.739993,-1,-1,-1
524,40,411.922,460.157,51.787,106.426,0.840797,-1,-1,-1
524,140,-0.988,503.209,95.711,201.394,0.682237,-1,-1,-1
524,174,880.097,404.189,105.492,300.703,0.915758,-1,-1,-1
524,185,1050.442,439.202,109.978,238.621,0.932141,-1,-1,-1
524,195,957.789,450.001,122.179,266.854,0.912869,-1,-1,-1
524,212,756.706,431.282,112.056,260.552,0.929342,-1,-1,-1
524,221,455.331,456.949,53.826,100.051,0.646402,-1,-1,-1
524,223,845.222,463.887,38.985,91.536,0.744984,-1,-1,-1
524,229,1493.532,407.851,229.638,590.423,0.881261,-1,-1,-1
524,252,1356.491,399.151,255.341,676.146,0.940255,-1,-1,-1
524,264,571.289,451.326,35.255,83.249,0.871811,-1,-1,-1
524,267,-23.465,493.867,113.771,269.791,0.741080,-1,-1,-1
524,272,539.100,455.633,33.567,75.839,0.829039,-1,-1,-1
524,276,648.456,454.830,34.097,84.005,0.785798,-1,-1,-1
524,304,888.833,445.036,38.064,116.179,0.655223,-1,-1,-1
524,306,717.746,447.680,38.120,90.309,0.868577,-1,-1,-1
525,11,673.330,448.825,49.138,122.546,0.909605,-1,-1,-1
525,13,1566.939,370.682,352.635,704.790,0.954245,-1,-1,-1
525,17,376.091,462.414,45.426,103.959,0.747827,-1,-1,-1
525,40,410.844,457.763,52.019,108.071,0.826666,-1,-1,-1
525,140,0.004,520.973,85.919,207.456,0.850659,-1,-1,-1
525,174,886.491,401.227,102.183,306.728,0.913235,-1,-1,-1
525,185,1054.594,440.219,107.311,236.237,0.922209,-1,-1,-1
525,195,957.025,445.640,122.042,273.409,0.904535,-1,-1,-1
525,212,759.618,426.351,108.946,268.125,0.930362,-1,-1,-1
525,223,846.869,467.109,35.928,82.225,0.615743,-1,-1,-1
525,229,1503.896,398.066,238.264,625.871,0.881671,-1,-1,-1
525,252,1380.273,399.027,235.471,673.419,0.935779,-1,-1,-1
525,253,642.046,447.912,35.628,80.799,0.637625,-1,-1,-1
525,264,572.673,450.320,35.073,83.838,0.882502,-1,-1,-1
525,267,-19.953,519.373,87.118,241.675,0.733171,-1,-1,-1
525,272,539.940,457.691,33.106,75.322,0.835044,-1,-1,-1
525,276,648.366,453.379,36.191,90.042,0.791163,-1,-1,-1
525,306,717.218,446.384,39.137,90.837,0.889051,-1,-1,-1
526,11,673.743,447.560,50.834,124.759,0.906384,-1,-1,-1
526,13,1566.406,369.553,353.298,704.731,0.936128,-1,-1,-1
526,14,1033.459,447.589,56.907,142.036,0.643984,-1,-1,-1
526,17,376.101,462.488,45.308,103.577,0.745200,-1,-1,-1
526,40,410.989,457.924,51.875,108.352,0.832298,-1,-1,-1
526,174,896.349,399.815,91.294,309.653,0.914889,-1,-1,-1
526,185,1062.801,437.054,103.403,241.273,0.918465,-1,-1,-1
526,195,971.028,445.742,116.470,274.128,0.883435,-1,-1,-1
526,212,763.525,429.098,104.362,260.987,0.935740,-1,-1,-1
526,223,844.022,463.533,39.555,90.359,0.611683,-1,-1,-1
526,229,1507.109,404.490,227.995,626.765,0.870206,-1,-1,-1
526,252,1405.398,403.935,218.287,665.755,0.945050,-1,-1,-1
526,264,572.780,450.239,34.667,82.461,0.886585,-1,-1,-1
526,267,-5.058,523.690,81.985,238.407,0.756389,-1,-1,-1
526,272,539.153,457.542,33.482,75.035,0.837029,-1,-1,-1
526,276,651.042,454.048,36.369,92.801,0.725419,-1,-1,-1
526,299,659.633,449.063,45.574,116.315,0.646871,-1,-1,-1
526,306,716.868,446.626,38.290,90.874,0.877760,-1,-1,-1
527,11,672.365,449.254,51.242,123.609,0.898671,-1,-1,-1
527,13,1599.317,362.831,326.956,703.489,0.915565,-1,-1,-1
527,17,376.113,462.589,45.465,104.011,0.740245,-1,-1,-1
527,40,410.974,457.832,51.487,108.692,0.834253,-1,-1,-1
527,174,903.014,397.631,88.185,311.719,0.912102,-1,-1,-1
527,185,1071.951,451.478,103.472,225.208,0.894488,-1,-1,-1
527,195,967.785,446.177,112.670,274.797,0.864842,-1,-1,-1
527,212,765.387,429.977,110.662,261.994,0.936154,-1,-1,-1
527,229,1523.090,396.070,215.582,626.867,0.875946,-1,-1,-1
527,240,1123.599,464.498,51.001,106.141,0.670797,-1,-1,-1
527,252,1421.084,402.613,208.127,668.974,0.949919,-1,-1,-1
527,264,572.826,449.932,34.877,83.046,0.881326,-1,-1,-1
527,267,-4.672,516.327,74.783,251.531,0.846834,-1,-1,-1
527,272,539.632,457.587,33.652,75.301,0.833509,-1,-1,-1
527,276,651.415,457.197,33.897,87.570,0.693574,-1,-1,-1
527,306,716.380,448.161,36.528,88.247,0.876914,-1,-1,-1
528,11,670.108,451.866,50.688,117.017,0.876964,-1,-1,-1
528,13,1638.232,365.251,285.414,708.048,0.944751,-1,-1,-1
528,17,376.398,462.279,45.625,103.748,0.644079,-1,-1,-1
528,40,411.124,455.842,54.120,114.602,0.860481,-1,-1,-1
528,174,904.089,395.897,90.453,312.330,0.908027,-1,-1,-1
528,185,1076.923,447.470,109.731,227.959,0.900971,-1,-1,-1
528,195,972.528,455.504,107.211,266.518,0.895169,-1,-1,-1
528,212,774.997,430.856,115.004,257.578,0.929472,-1,-1,-1
528,229,1523.989,421.960,203.905,596.705,0.908466,-1,-1,-1
528,252,1434.926,401.582,200.629,667.345,0.951905,-1,-1,-1
528,264,571.626,449.681,35.707,83.952,0.877405,-1,-1,-1
528,267,-8.779,517.000,72.745,273.203,0.780868,-1,-1,-1
528,272,540.057,454.830,34.937,78.849,0.848489,-1,-1,-1
528,276,650.928,454.697,33.298,86.205,0.656024,-1,-1,-1
528,283,1161.966,441.753,47.315,95.581,0.617983,-1,-1,-1
528,306,716.706,452.509,34.669,83.990,0.858995,-1,-1,-1
529,11,664.211,453.901,52.714,116.988,0.881778,-1,-1,-1
529,13,1682.936,379.387,235.435,573.671,0.930163,-1,-1,-1
529,14,1037.955,445.337,63.305,146.812,0.737108,-1,-1,-1
529,17,376.700,462.840,46.707,106.197,0.718576,-1,-1,-1
529,40,411.677,453.313,52.747,116.266,0.872744,-1,-1,-1
529,174,908.148,400.116,90.254,307.994,0.891304,-1,-1,-1
529,185,1080.003,440.026,109.477,229.539,0.892631,-1,-1,-1
529,195,981.524,448.534,111.807,274.813,0.874117,-1,-1,-1
529,212,778.538,431.777,121.502,259.408,0.928528,-1,-1,-1
529,229,1536.146,431.529,213.334,580.421,0.889895,-1,-1,-1
529,252,1437.880,402.964,198.901,662.160,0.937489,-1,-1,-1
529,264,572.062,449.995,36.171,84.399,0.885309,-1,-1,-1
529,267,-9.448,516.358,62.583,255.716,0.706508,-1,-1,-1
529,272,539.290,450.936,37.079,84.471,0.860846,-1,-1,-1
529,276,651.803,454.232,32.797,84.413,0.675646,-1,-1,-1
529,283,1155.361,443.991,50.070,94.637,0.708920,-1,-1,-1
529,306,715.853,453.164,34.184,83.318,0.859269,-1,-1,-1
530,11,660.849,453.904,52.138,114.308,0.907612,-1,-1,-1
530,13,1642.087,379.119,277.013,690.499,0.906640,-1,-1,-1
530,17,376.986,463.148,46.091,105.189,0.746321,-1,-1,-1
530,40,412.699,454.071,50.132,113.740,0.870170,-1,-1,-1
530,130,693.118,451.346,33.240,88.599,0.647751,-1,-1,-1
530,174,910.266,395.197,90.198,309.786,0.918277,-1,-1,-1
530,185,1079.718,436.044,110.431,239.116,0.889742,-1,-1,-1
530,195,984.962,447.901,118.845,277.144,0.883776,-1,-1,-1
530,212,779.230,429.099,123.806,258.192,0.941173,-1,-1,-1
530,229,1547.336,421.851,213.654,578.484,0.890513,-1,-1,-1
530,252,1441.234,396.741,214.633,669.574,0.936949,-1,-1,-1
530,264,570.786,450.077,35.032,84.080,0.870254,-1,-1,-1
530,267,-7.062,507.994,46.773,204.596,0.656090,-1,-1,-1
530,268,1148.164,440.412,55.886,109.152,0.751487,-1,-1,-1
530,272,538.935,456.709,33.529,77.726,0.836634,-1,-1,-1
530,283,1161.167,441.309,49.986,93.865,0.665069,-1,-1,-1
530,306,714.120,450.519,34.911,87.576,0.859875,-1,-1,-1
531,11,659.764,452.636,51.869,115.218,0.899071,-1,-1,-1
531,13,1627.363,355.262,291.040,724.672,0.914719,-1,-1,-1
531,17,377.176,463.848,46.067,105.162,0.643989,-1,-1,-1
531,40,411.355,454.055,49.650,114.565,0.873774,-1,-1,-1
531,174,911.017,400.333,89.003,306.908,0.929325,-1,-1,-1
531,185,1081.653,432.191,109.700,244.322,0.930131,-1,-1,-1
531,195,981.900,452.509,125.509,272.285,0.926629,-1,-1,-1
531,212,780.036,428.222,130.059,259.874,0.945048,-1,-1,-1
531,229,1546.729,409.505,229.039,610.910,0.874763,-1,-1,-1
531,252,1442.895,400.028,216.198,667.568,0.943300,-1,-1,-1
531,264,570.714,448.848,35.077,86.949,0.865187,-1,-1,-1
531,272,540.002,453.021,33.817,80.248,0.824032,-1,-1,-1
531,306,713.777,447.707,35.230,89.894,0.874388,-1,-1,-1
532,11,658.508,451.790,50.338,116.834,0.900751,-1,-1,-1
532,13,1614.494,389.858,300.180,690.184,0.924170,-1,-1,-1
532,17,377.440,463.869,45.541,103.337,0.637529,-1,-1,-1
532,40,412.839,453.455,49.463,114.166,0.856726,-1,-1,-1
532,130,694.320,451.284,32.034,85.536,0.639995,-1,-1,-1
532,174,914.463,407.283,93.885,299.224,0.923163,-1,-1,-1
532,185,1082.229,434.980,108.509,243.496,0.911900,-1,-1,-1
532,195,995.275,449.737,124.193,272.269,0.924836,-1,-1,-1
532,212,784.944,432.000,128.083,255.491,0.945234,-1,-1,-1
532,229,1542.077,410.535,226.434,617.440,0.883048,-1,-1,-1
532,252,1446.384,397.458,226.501,672.585,0.937288,-1,-1,-1
532,264,570.969,448.522,35.546,88.281,0.880997,-1,-1,-1
532,268,1143.988,437.479,61.943,122.223,0.705616,-1,-1,-1
532,272,539.019,453.892,34.596,81.291,0.865484,-1,-1,-1
532,306,713.161,448.351,35.179,90.274,0.857410,-1,-1,-1
533,11,658.911,451.900,47.469,114.145,0.895514,-1,-1,-1
533,13,1617.955,357.452,302.634,722.587,0.922912,-1,-1,-1
533,40,412.939,453.415,49.941,113.124,0.862320,-1,-1,-1
533,130,696.972,450.579,31.913,86.184,0.667569,-1,-1,-1
533,174,913.394,405.613,98.748,300.402,0.920962,-1,-1,-1
533,185,1084.890,441.704,93.472,235.461,0.894545,-1,-1,-1
533,195,993.842,442.205,130.408,280.413,0.919317,-1,-1,-1
533,212,786.827,439.350,125.817,248.867,0.942393,-1,-1,-1
533,229,1524.955,409.915,233.467,627.543,0.825390,-1,-1,-1
533,252,1449.384,401.847,246.760,671.420,0.927009,-1,-1,-1
533,264,571.272,448.063,36.119,87.974,0.875239,-1,-1,-1
533,268,1154.284,442.761,52.322,111.088,0.783990,-1,-1,-1
533,272,538.981,455.131,33.783,78.360,0.848421,-1,-1,-1
533,306,712.462,451.087,33.226,87.980,0.845775,-1,-1,-1
534,11,658.434,450.968,47.101,115.943,0.905209,-1,-1,-1
534,13,1656.667,369.944,267.093,710.081,0.934797,-1,-1,-1
534,17,376.754,462.728,46.344,105.113,0.732382,-1,-1,-1
534,40,412.578,449.816,50.642,118.695,0.872862,-1,-1,-1
534,130,696.585,452.602,29.524,80.691,0.688812,-1,-1,-1
534,174,916.569,410.030,96.666,298.180,0.925367,-1,-1,-1
534,185,1089.551,444.984,88.049,232.245,0.876565,-1,-1,-1
534,195,999.863,439.647,133.643,283.411,0.933513,-1,-1,-1
534,212,789.977,437.649,124.924,250.590,0.940279,-1,-1,-1
534,221,454.738,458.636,56.823,99.465,0.624810,-1,-1,-1
534,226,989.334,459.678,61.302,117.934,0.658765,-1,-1,-1
534,229,1544.973,409.695,226.202,620.414,0.896389,-1,-1,-1
534,252,1450.098,404.581,230.450,668.811,0.938413,-1,-1,-1
534,264,571.505,446.134,37.356,88.589,0.871559,-1,-1,-1
534,272,538.698,453.900,34.748,80.910,0.860507,-1,-1,-1
534,306,716.061,454.058,31.670,85.195,0.843032,-1,-1,-1
535,11,660.761,451.814,46.009,115.255,0.904680,-1,-1,-1
535,13,1681.178,374.410,244.109,704.363,0.917541,-1,-1,-1
535,17,376.918,462.952,48.823,108.260,0.783995,-1,-1,-1
535,40,413.611,451.452,50.534,118.065,0.864303,-1,-1,-1
535,130,699.152,451.860,29.565,82.156,0.687663,-1,-1,-1
535,174,913.733,408.293,103.484,298.397,0.925081,-1,-1,-1
535,185,1092.910,442.399,88.289,233.351,0.874209,-1,-1,-1
535,195,996.127,436.221,137.183,287.099,0.932556,-1,-1,-1
535,212,792.865,436.345,125.044,252.234,0.950107,-1,-1,-1
535,221,454.945,460.590,56.840,97.181,0.618363,-1,-1,-1
535,229,1562.261,408.703,224.213,627.066,0.887587,-1,-1,-1
535,230,1004.875,452.812,41.988,94.352,0.630017,-1,-1,-1
535,252,1454.347,402.957,232.145,670.236,0.937350,-1,-1,-1
535,264,572.332,447.702,37.620,87.494,0.872639,-1,-1,-1
535,272,540.058,455.259,33.936,79.239,0.875252,-1,-1,-1
535,283,1158.856,444.239,50.503,99.746,0.635842,-1,-1,-1
535,306,714.160,452.681,32.629,86.024,0.856958,-1,-1,-1
536,11,660.906,454.442,45.095,111.271,0.888625,-1,-1,-1
536,13,1727.938,366.690,199.023,707.208,0.933414,-1,-1,-1
536,17,377.274,463.256,48.296,106.276,0.782179,-1,-1,-1
536,40,413.685,452.318,50.004,116.930,0.864920,-1,-1,-1
536,130,700.358,452.430,29.316,81.145,0.702603,-1,-1,-1
536,174,913.672,409.019,109.944,299.463,0.921896,-1,-1,-1
536,185,1097.340,434.586,94.391,245.660,0.908115,-1,-1,-1
536,195,996.563,453.351,141.864,269.491,0.935275,-1,-1,-1
536,212,795.997,434.325,123.271,252.468,0.949959,-1,-1,-1
536,229,1561.419,421.555,227.497,613.141,0.902487,-1,-1,-1
536,252,1452.652,405.273,249.658,667.072,0.939364,-1,-1,-1
536,264,574.140,451.527,36.504,84.807,0.867985,-1,-1,-1
536,268,1162.239,438.802,48.340,107.828,0.687225,-1,-1,-1
536,272,540.567,455.859,33.202,79.174,0.861762,-1,-1,-1
536,306,712.216,451.370,34.520,86.346,0.872949,-1,-1,-1
537,11,660.561,454.424,44.843,112.714,0.879911,-1,-1,-1
537,13,1750.816,383.468,172.591,696.524,0.937465,-1,-1,-1
537,17,377.217,463.382,48.124,106.487,0.796463,-1,-1,-1
537,40,413.805,451.712,49.731,118.248,0.871076,-1,-1,-1
537,130,701.479,451.473,30.231,83.566,0.689415,-1,-1,-1
537,174,915.448,410.544,111.909,296.186,0.924513,-1,-1,-1
537,185,1093.887,439.396,94.847,235.570,0.867530,-1,-1,-1
537,195,995.954,441.275,144.520,282.889,0.929635,-1,-1,-1
537,212,797.533,434.649,121.357,252.269,0.949277,-1,-1,-1
537,226,999.917,449.632,58.903,124.318,0.619291,-1,-1,-1
537,229,1567.710,419.054,224.380,618.255,0.905442,-1,-1,-1
537,230,1008.335,451.404,37.594,95.700,0.674723,-1,-1,-1
537,252,1449.764,405.291,256.115,668.943,0.935474,-1,-1,-1
537,264,576.175,455.673,35.900,80.561,0.871788,-1,-1,-1
537,272,541.181,454.885,33.341,79.763,0.862647,-1,-1,-1
537,306,711.658,449.679,36.254,88.840,0.881574,-1,-1,-1
538,11,660.299,455.273,41.847,109.188,0.881233,-1,-1,-1
538,13,1762.235,380.460,159.123,699.550,0.947230,-1,-1,-1
538,17,375.628,463.611,49.356,106.909,0.792421,-1,-1,-1
538,40,413.259,453.448,50.900,116.061,0.870821,-1,-1,-1
538,130,699.744,450.631,30.556,84.109,0.720223,-1,-1,-1
538,174,912.048,410.533,124.419,295.491,0.929415,-1,-1,-1
538,185,1080.722,438.118,107.170,238.493,0.894941,-1,-1,-1
538,195,1003.565,437.583,140.482,283.362,0.928033,-1,-1,-1
538,212,798.485,432.675,125.409,252.149,0.947055,-1,-1,-1
538,223,908.472,459.076,54.971,127.463,0.624533,-1,-1,-1
538,226,1001.103,444.615,53.908,124.966,0.661866,-1,-1,-1
538,229,1566.909,416.241,221.846,613.679,0.893979,-1,-1,-1
538,230,1007.709,449.322,36.039,96.613,0.781577,-1,-1,-1
538,252,1448.593,399.571,261.690,674.780,0.936230,-1,-1,-1
538,264,576.287,456.921,35.973,79.686,0.864751,-1,-1,-1
538,268,1161.421,442.808,44.642,100.455,0.633266,-1,-1,-1
538,272,540.349,454.130,34.023,80.875,0.862007,-1,-1,-1
538,306,710.751,448.985,36.179,88.262,0.876071,-1,-1,-1
539,11,657.936,453.860,43.395,111.447,0.886508,-1,-1,-1
539,13,1767.999,385.387,152.751,694.624,0.940988,-1,-1,-1
539,17,375.113,462.400,48.580,107.565,0.807235,-1,-1,-1
539,40,412.513,452.590,51.316,116.656,0.872957,-1,-1,-1
539,130,698.743,451.060,30.640,83.099,0.725997,-1,-1,-1
539,174,914.126,411.966,128.909,292.611,0.928401,-1,-1,-1
539,185,1086.990,430.864,104.126,249.557,0.880483,-1,-1,-1
539,195,1010.198,442.276,134.703,276.661,0.931951,-1,-1,-1
539,212,801.656,428.680,126.773,257.425,0.945032,-1,-1,-1
539,229,1567.354,414.404,228.075,600.155,0.906569,-1,-1,-1
539,230,1006.362,449.603,37.538,102.703,0.749996,-1,-1,-1
539,252,1450.626,400.135,264.442,676.148,0.927164,-1,-1,-1
539,264,577.102,457.227,34.465,79.573,0.864561,-1,-1,-1
539,272,541.487,453.970,33.435,80.561,0.857614,-1,-1,-1
539,306,709.495,449.272,37.439,90.019,0.874907,-1,-1,-1
540,11,655.202,453.486,42.148,113.011,0.892939,-1,-1,-1
540,13,1774.511,395.687,145.893,679.334,0.946005,-1,-1,-1
540,17,377.177,463.164,47.367,105.736,0.692366,-1,-1,-1
540,40,414.491,452.948,50.902,115.416,0.838398,-1,-1,-1
540,130,692.876,450.433,30.688,82.994,0.724007,-1,-1,-1
540,174,913.811,407.558,135.321,298.437,0.936798,-1,-1,-1
540,185,1088.878,425.837,105.222,255.407,0.869637,-1,-1,-1
540,195,1012.343,443.101,133.143,276.810,0.907277,-1,-1,-1
540,212,804.903,430.023,123.014,255.358,0.934742,-1,-1,-1
540,229,1582.527,401.649,232.313,618.796,0.899901,-1,-1,-1
540,252,1455.241,398.498,270.360,677.627,0.920002,-1,-1,-1
540,264,577.027,458.679,33.992,78.204,0.864579,-1,-1,-1
540,268,1162.733,441.227,45.665,104.858,0.668578,-1,-1,-1
540,272,541.386,457.890,32.705,77.937,0.849114,-1,-1,-1
540,276,674.771,453.180,32.921,84.916,0.676396,-1,-1,-1
540,304,919.394,442.921,58.986,151.541,0.712312,-1,-1,-1
540,306,709.986,445.907,37.621,92.391,0.870524,-1,-1,-1
541,11,655.653,453.927,41.380,111.940,0.891220,-1,-1,-1
541,13,1779.994,376.166,140.999,703.827,0.945689,-1,-1,-1
541,17,376.901,462.742,46.560,104.111,0.670461,-1,-1,-1
541,40,414.646,453.749,51.501,113.958,0.833461,-1,-1,-1
541,130,690.058,450.262,30.692,83.508,0.697931,-1,-1,-1
541,174,918.107,422.501,128.644,279.659,0.922441,-1,-1,-1
541,185,1080.117,429.494,109.131,252.070,0.850175,-1,-1,-1
541,195,1018.733,442.850,128.839,277.088,0.899140,-1,-1,-1
541,212,808.225,428.624,122.429,255.639,0.938120,-1,-1,-1
541,223,920.234,464.659,54.038,128.482,0.649602,-1,-1,-1
541,229,1578.849,414.423,232.481,605.033,0.885618,-1,-1,-1
541,252,1459.510,397.861,270.269,676.949,0.921994,-1,-1,-1
541,264,576.593,458.301,34.320,79.095,0.858534,-1,-1,-1
541,268,1166.383,442.619,44.871,102.280,0.648559,-1,-1,-1
541,272,541.953,459.532,31.674,76.059,0.840779,-1,-1,-1
541,276,673.330,453.472,33.566,86.764,0.683349,-1,-1,-1
541,306,709.951,445.104,37.448,93.788,0.869499,-1,-1,-1
542,11,656.455,454.436,40.338,112.323,0.887535,-1,-1,-1
542,13,1787.989,378.709,133.225,701.300,0.935510,-1,-1,-1
542,14,1007.505,447.385,33.036,82.246,0.646350,-1,-1,-1
542,40,415.498,454.985,52.165,112.197,0.819426,-1,-1,-1
542,130,692.818,453.999,29.528,79.192,0.735841,-1,-1,-1
542,174,917.088,415.301,127.451,288.650,0.927163,-1,-1,-1
542,185,1093.021,436.501,103.351,247.435,0.727617,-1,-1,-1
542,195,1016.497,431.387,143.150,289.297,0.911404,-1,-1,-1
542,212,818.429,429.165,118.413,254.755,0.919848,-1,-1,-1
542,229,1587.703,413.934,235.138,596.998,0.902976,-1,-1,-1
542,252,1466.112,403.560,277.922,671.839,0.939478,-1,-1,-1
542,264,576.237,456.025,35.706,81.577,0.866882,-1,-1,-1
542,268,1165.732,442.223,45.485,101.800,0.665898,-1,-1,-1
542,272,540.459,457.527,32.432,77.295,0.836605,-1,-1,-1
542,276,676.675,453.550,32.444,83.733,0.667139,-1,-1,-1
542,306,711.602,446.728,36.316,95.108,0.853171,-1,-1,-1
543,11,654.685,451.776,41.186,114.528,0.896923,-1,-1,-1
543,13,1792.157,395.524,127.462,678.966,0.933539,-1,-1,-1
543,40,414.309,455.538,52.825,112.115,0.819243,-1,-1,-1
543,130,690.667,453.298,30.467,79.675,0.775287,-1,-1,-1
543,174,918.850,412.745,128.448,291.284,0.926934,-1,-1,-1
543,185,1099.677,431.301,103.821,252.459,0.789594,-1,-1,-1
543,195,1026.500,430.691,139.960,290.216,0.894283,-1,-1,-1
543,212,826.152,429.118,111.916,250.932,0.917704,-1,-1,-1
543,226,997.849,442.350,51.871,132.206,0.603203,-1,-1,-1
543,229,1589.290,414.455,242.078,598.663,0.910825,-1,-1,-1
543,230,1007.490,449.260,34.674,100.183,0.725331,-1,-1,-1
543,252,1478.623,403.441,266.926,670.964,0.937045,-1,-1,-1
543,264,576.062,456.694,36.116,80.418,0.865161,-1,-1,-1
543,268,1163.741,442.880,48.271,101.946,0.717036,-1,-1,-1
543,272,541.848,456.887,33.387,77.503,0.840433,-1,-1,-1
543,306,709.582,446.861,34.916,90.747,0.854397,-1,-1,-1
544,11,654.477,450.768,41.174,114.719,0.893442,-1,-1,-1
544,13,1793.823,383.344,126.947,694.376,0.922145,-1,-1,-1
544,17,377.332,463.570,46.858,106.456,0.684094,-1,-1,-1
544,40,414.053,455.749,52.546,113.537,0.845593,-1,-1,-1
544,130,689.288,454.264,30.614,78.317,0.771037,-1,-1,-1
544,174,920.803,414.779,124.094,287.611,0.915956,-1,-1,-1
544,185,1086.207,428.987,112.093,263.530,0.686230,-1,-1,-1
544,195,1035.083,428.688,144.636,290.775,0.864947,-1,-1,-1
544,212,832.817,430.651,110.198,253.096,0.924304,-1,-1,-1
544,226,996.090,438.812,52.686,140.612,0.631279,-1,-1,-1
544,229,1613.838,411.854,252.815,641.736,0.875868,-1,-1,-1
544,230,1007.542,447.034,34.512,99.240,0.725739,-1,-1,-1
544,252,1494.796,402.714,262.130,675.411,0.929189,-1,-1,-1
544,264,576.734,455.448,36.185,83.287,0.857030,-1,-1,-1
544,268,1163.840,445.455,51.463,105.353,0.602135,-1,-1,-1
544,272,541.721,452.780,35.501,82.042,0.859448,-1,-1,-1
544,306,708.500,446.579,35.776,90.901,0.855404,-1,-1,-1
545,11,654.203,451.438,40.113,113.358,0.880519,-1,-1,-1
545,13,1799.688,389.780,122.087,690.211,0.888678,-1,-1,-1
545,40,413.106,453.849,53.372,114.304,0.848622,-1,-1,-1
545,130,688.391,455.177,30.462,77.393,0.768528,-1,-1,-1
545,174,920.474,408.682,129.079,295.375,0.913750,-1,-1,-1
545,185,1084.513,429.935,114.831,266.557,0.640224,-1,-1,-1
545,195,1030.983,433.909,147.921,283.675,0.870268,-1,-1,-1
545,212,838.707,428.110,107.153,256.784,0.931849,-1,-1,-1
545,223,930.098,447.497,55.466,131.693,0.607818,-1,-1,-1
545,226,999.952,440.804,47.600,128.619,0.616809,-1,-1,-1
545,229,1606.127,405.974,242.378,615.727,0.876975,-1,-1,-1
545,252,1522.863,400.354,272.117,675.443,0.916817,-1,-1,-1
545,264,576.725,448.557,38.795,90.837,0.867195,-1,-1,-1
545,272,540.430,448.796,36.697,86.309,0.865107,-1,-1,-1
545,283,1179.016,445.091,53.402,101.711,0.777352,-1,-1,-1
545,306,709.587,449.605,35.880,88.039,0.863984,-1,-1,-1
546,11,655.015,453.502,38.437,107.502,0.880905,-1,-1,-1
546,13,1795.391,369.969,124.903,710.049,0.887184,-1,-1,-1
546,40,413.509,457.662,51.882,110.174,0.822106,-1,-1,-1
546,60,1840.772,391.458,83.069,688.442,0.674554,-1,-1,-1
546,130,688.796,457.874,29.592,74.582,0.768653,-1,-1,-1
546,174,919.955,414.620,131.712,290.473,0.915282,-1,-1,-1
546,195,1037.733,430.292,151.587,285.499,0.866843,-1,-1,-1
546,212,844.188,427.124,105.157,257.089,0.912774,-1,-1,-1
546,223,930.712,448.818,56.792,137.768,0.629963,-1,-1,-1
546,252,1530.628,401.068,317.614,677.178,0.952953,-1,-1,-1
546,264,577.295,452.404,35.502,84.911,0.873371,-1,-1,-1
546,272,541.883,448.953,36.082,85.881,0.866496,-1,-1,-1
546,283,1176.080,444.540,54.777,102.159,0.630903,-1,-1,-1
546,306,711.624,451.818,33.594,87.174,0.848999,-1,-1,-1
547,11,653.812,451.917,39.492,109.076,0.889064,-1,-1,-1
547,13,1828.229,387.063,100.528,692.956,0.875454,-1,-1,-1
547,40,413.245,457.370,53.669,110.835,0.803204,-1,-1,-1
547,130,687.115,457.404,30.388,75.767,0.769048,-1,-1,-1
547,174,930.538,404.347,128.851,302.221,0.902698,-1,-1,-1
547,185,1091.941,427.453,116.771,262.046,0.672836,-1,-1,-1
547,195,1026.603,427.385,162.081,293.953,0.868972,-1,-1,-1
547,212,846.727,426.977,104.723,252.457,0.906338,-1,-1,-1
547,223,929.043,446.256,57.444,141.865,0.744847,-1,-1,-1
547,229,1631.180,413.478,245.991,636.323,0.756625,-1,-1,-1
547,252,1532.996,400.363,311.136,674.536,0.925401,-1,-1,-1
547,264,577.643,448.608,38.046,89.739,0.875038,-1,-1,-1
547,272,542.167,448.436,36.403,86.354,0.874771,-1,-1,-1
547,283,1175.723,441.716,57.669,108.415,0.636593,-1,-1,-1
547,306,708.897,450.822,33.705,86.085,0.856508,-1,-1,-1
548,11,652.565,452.196,39.635,109.214,0.892508,-1,-1,-1
548,13,1825.451,396.182,96.834,683.852,0.821697,-1,-1,-1
548,40,413.960,458.279,54.793,107.955,0.802467,-1,-1,-1
548,130,687.930,459.250,30.482,73.515,0.771687,-1,-1,-1
548,174,932.220,407.783,122.514,298.315,0.889365,-1,-1,-1
548,195,1036.034,418.300,160.796,301.866,0.885264,-1,-1,-1
548,212,860.311,438.077,90.733,240.474,0.903783,-1,-1,-1
548,223,937.445,446.712,55.981,136.958,0.626991,-1,-1,-1
548,226,1037.763,440.909,45.561,122.803,0.619121,-1,-1,-1
548,229,1610.939,421.458,246.707,602.429,0.877086,-1,-1,-1
548,252,1533.389,396.481,295.322,683.201,0.918716,-1,-1,-1
548,264,577.669,449.743,38.621,86.521,0.870747,-1,-1,-1
548,272,542.592,448.202,37.088,85.583,0.870176,-1,-1,-1
548,283,1181.805,440.659,52.636,108.818,0.818104,-1,-1,-1
548,304,975.074,424.784,71.323,162.111,0.678463,-1,-1,-1
548,306,709.963,451.581,34.492,87.287,0.866298,-1,-1,-1
549,11,653.143,453.485,41.016,108.207,0.885365,-1,-1,-1
549,13,1825.789,398.161,93.942,661.461,0.684144,-1,-1,-1
549,17,374.281,461.678,46.654,101.050,0.635114,-1,-1,-1
549,40,412.868,457.027,57.912,109.783,0.832411,-1,-1,-1
549,60,1863.116,382.433,59.823,566.159,0.719775,-1,-1,-1
549,130,686.624,455.252,32.160,79.184,0.772978,-1,-1,-1
549,174,941.326,411.262,119.057,294.900,0.881130,-1,-1,-1
549,185,1090.710,422.480,118.417,264.084,0.816882,-1,-1,-1
549,195,1037.470,420.597,153.968,299.582,0.848532,-1,-1,-1
549,212,863.174,431.415,94.213,254.820,0.885217,-1,-1,-1
549,226,1039.100,439.779,51.994,136.139,0.603398,-1,-1,-1
549,229,1613.878,415.472,256.896,607.158,0.875286,-1,-1,-1
549,252,1532.524,396.088,259.417,667.893,0.912035,-1,-1,-1
549,264,577.468,448.530,39.627,89.279,0.877202,-1,-1,-1
549,272,542.655,447.333,37.473,86.574,0.876965,-1,-1,-1
549,283,1183.019,441.185,55.241,112.690,0.717481,-1,-1,-1
549,306,708.937,449.258,36.531,91.680,0.886792,-1,-1,-1
550,11,652.955,453.689,41.330,106.819,0.891859,-1,-1,-1
550,13,1815.825,413.513,98.032,664.821,0.674854,-1,-1,-1
550,17,374.243,462.138,47.923,103.545,0.633528,-1,-1,-1
550,40,412.562,457.336,59.089,109.821,0.821640,-1,-1,-1
550,60,1858.196,392.858,50.688,268.610,0.740029,-1,-1,-1
550,130,684.566,456.936,31.407,77.051,0.770070,-1,-1,-1
550,174,949.196,410.230,128.486,301.041,0.893921,-1,-1,-1
550,185,1092.582,429.122,117.051,264.502,0.809100,-1,-1,-1
550,195,1043.213,430.208,149.924,291.865,0.850766,-1,-1,-1
550,212,865.884,438.621,90.111,245.231,0.903402,-1,-1,-1
550,226,1039.043,440.218,52.190,133.114,0.605291,-1,-1,-1
550,229,1616.889,412.777,262.465,611.236,0.875586,-1,-1,-1
550,252,1541.253,396.603,251.643,674.233,0.911917,-1,-1,-1
550,264,580.676,454.544,35.883,82.796,0.871587,-1,-1,-1
550,272,542.974,447.961,36.971,84.598,0.871878,-1,-1,-1
550,283,1183.039,444.819,53.135,108.230,0.671486,-1,-1,-1
550,306,709.672,451.116,36.159,90.342,0.880752,-1,-1,-1
551,11,651.920,452.752,42.579,109.267,0.886692,-1,-1,-1
551,17,372.829,461.663,50.219,107.570,0.677906,-1,-1,-1
551,40,412.315,456.512,60.841,110.248,0.806679,-1,-1,-1
551,60,1855.658,393.143,54.915,258.181,0.667732,-1,-1,-1
551,130,687.703,455.598,31.135,77.771,0.739842,-1,-1,-1
551,174,956.821,405.284,118.917,297.727,0.899046,-1,-1,-1
551,195,1057.475,424.782,149.288,295.836,0.928568,-1,-1,-1
551,212,865.524,434.827,91.569,249.787,0.902921,-1,-1,-1
551,226,1036.478,441.486,49.698,128.019,0.666438,-1,-1,-1
551,229,1639.262,417.193,247.887,599.840,0.892223,-1,-1,-1
551,252,1544.468,396.817,249.495,681.446,0.926147,-1,-1,-1
551,264,579.156,450.227,38.379,87.331,0.877697,-1,-1,-1
551,272,542.470,447.034,37.622,86.611,0.885880,-1,-1,-1
551,306,709.598,449.526,36.214,90.540,0.869117,-1,-1,-1
552,11,651.128,450.843,42.465,110.740,0.880820,-1,-1,-1
552,17,373.842,462.347,50.008,107.533,0.702408,-1,-1,-1
552,40,411.673,455.298,61.208,110.662,0.808091,-1,-1,-1
552,130,684.932,454.290,30.363,76.781,0.743180,-1,-1,-1
552,174,968.857,404.045,112.427,292.011,0.892643,-1,-1,-1
552,195,1062.337,427.003,143.217,294.084,0.924673,-1,-1,-1
552,212,871.987,423.883,94.924,261.483,0.919443,-1,-1,-1
552,223,956.766,457.941,53.005,127.487,0.616601,-1,-1,-1
552,226,1037.412,439.255,50.503,131.611,0.613694,-1,-1,-1
552,229,1646.252,418.448,251.324,610.840,0.883416,-1,-1,-1
552,252,1550.586,399.062,251.620,679.529,0.913549,-1,-1,-1
552,264,580.760,454.307,36.417,83.204,0.874415,-1,-1,-1
552,272,542.163,447.641,36.097,85.199,0.870403,-1,-1,-1
552,283,1186.083,441.394,51.404,111.108,0.800433,-1,-1,-1
552,306,712.117,446.978,35.441,93.655,0.866530,-1,-1,-1
553,11,650.321,452.951,41.331,110.059,0.878936,-1,-1,-1
553,17,373.688,462.019,49.944,107.873,0.629058,-1,-1,-1
553,40,409.667,454.299,61.080,113.480,0.809925,-1,-1,-1
553,130,685.185,455.181,29.692,75.459,0.750959,-1,-1,-1
553,174,977.740,405.890,102.875,291.134,0.905137,-1,-1,-1
553,185,1115.522,435.482,97.886,244.926,0.817845,-1,-1,-1
553,195,1062.641,436.672,135.762,285.859,0.913565,-1,-1,-1
553,212,877.900,428.384,98.443,254.493,0.915107,-1,-1,-1
553,226,1042.763,442.502,44.866,119.184,0.665348,-1,-1,-1
553,229,1649.980,425.530,248.777,597.686,0.875067,-1,-1,-1
553,252,1555.648,401.488,248.503,677.106,0.924233,-1,-1,-1
553,264,580.849,455.042,35.823,82.805,0.870557,-1,-1,-1
553,268,1189.497,427.626,45.836,123.364,0.862899,-1,-1,-1
553,272,542.068,449.415,34.754,83.629,0.845609,-1,-1,-1
553,306,713.773,445.949,34.778,94.674,0.881454,-1,-1,-1
554,11,647.480,452.475,42.854,111.119,0.893199,-1,-1,-1
554,17,373.657,461.712,48.915,106.008,0.639467,-1,-1,-1
554,40,411.449,455.930,58.797,110.847,0.823764,-1,-1,-1
554,130,684.231,454.764,30.215,77.084,0.727169,-1,-1,-1
554,174,976.481,402.694,103.957,298.939,0.924491,-1,-1,-1
554,185,1119.939,434.687,95.010,237.143,0.833954,-1,-1,-1
554,195,1063.915,435.665,137.790,286.115,0.892264,-1,-1,-1
554,212,882.401,427.502,102.041,254.989,0.914790,-1,-1,-1
554,226,1040.897,444.266,44.838,120.970,0.658420,-1,-1,-1
554,229,1665.163,402.125,264.081,656.422,0.771327,-1,-1,-1
554,230,1066.703,441.616,48.309,133.760,0.625928,-1,-1,-1
554,252,1574.763,404.163,306.250,671.263,0.910692,-1,-1,-1
554,264,580.887,453.116,35.771,84.113,0.879267,-1,-1,-1
554,268,1189.779,423.371,45.601,129.770,0.877474,-1,-1,-1
554,272,542.089,446.751,35.779,87.674,0.860277,-1,-1,-1
554,276,658.509,452.021,39.091,102.966,0.611644,-1,-1,-1
554,306,713.375,444.759,35.267,94.746,0.883630,-1,-1,-1
555,11,646.094,456.305,41.091,106.417,0.883401,-1,-1,-1
555,14,877.046,446.930,41.476,103.766,0.662275,-1,-1,-1
555,40,411.359,454.941,59.466,111.492,0.786556,-1,-1,-1
555,130,689.518,456.052,29.554,76.453,0.664511,-1,-1,-1
555,174,981.063,406.210,103.534,294.126,0.925946,-1,-1,-1
555,185,1116.471,435.279,103.055,250.414,0.781790,-1,-1,-1
555,195,1073.031,435.693,139.276,284.205,0.898047,-1,-1,-1
555,212,881.226,426.990,112.263,257.348,0.918510,-1,-1,-1
555,226,1043.724,443.526,46.646,128.907,0.768230,-1,-1,-1
555,229,1661.622,404.604,255.990,622.105,0.901317,-1,-1,-1
555,230,1074.611,442.841,48.734,132.835,0.732203,-1,-1,-1
555,252,1547.493,402.244,298.661,674.261,0.919055,-1,-1,-1
555,253,682.204,458.337,29.324,74.399,0.698519,-1,-1,-1
555,264,581.589,456.476,34.581,81.387,0.877803,-1,-1,-1
555,268,1193.408,427.752,43.464,124.367,0.845776,-1,-1,-1
555,272,542.308,446.910,35.937,87.484,0.857752,-1,-1,-1
555,276,672.536,456.109,30.471,83.172,0.608607,-1,-1,-1
555,306,713.078,444.695,35.775,96.208,0.878950,-1,-1,-1
555,323,842.473,465.213,43.167,90.465,0.731652,-1,-1,-1
556,11,644.275,454.316,41.679,108.928,0.888260,-1,-1,-1
556,14,875.688,452.484,38.570,90.997,0.659382,-1,-1,-1
556,17,375.376,462.742,46.249,99.446,0.649232,-1,-1,-1
556,40,410.910,453.731,59.787,112.234,0.795630,-1,-1,-1
556,130,690.439,455.505,28.562,75.011,0.721103,-1,-1,-1
556,174,985.470,402.387,101.065,298.101,0.926597,-1,-1,-1
556,185,1126.516,438.527,101.577,245.407,0.689431,-1,-1,-1
556,195,1076.936,434.252,140.461,285.588,0.913096,-1,-1,-1
556,212,882.747,429.494,108.807,253.405,0.921875,-1,-1,-1
556,226,1045.380,442.657,43.140,121.965,0.728432,-1,-1,-1
556,230,1077.543,440.139,43.042,121.158,0.706325,-1,-1,-1
556,252,1558.001,401.774,340.909,674.897,0.921270,-1,-1,-1
556,253,683.066,458.298,28.753,72.588,0.722768,-1,-1,-1
556,264,581.612,455.923,34.364,81.446,0.875878,-1,-1,-1
556,268,1188.562,425.408,47.659,130.206,0.850448,-1,-1,-1
556,272,543.214,446.590,36.348,88.433,0.866009,-1,-1,-1
556,276,673.486,455.338,28.178,78.040,0.659092,-1,-1,-1
556,299,660.840,453.278,35.275,86.854,0.669095,-1,-1,-1
556,306,713.179,444.784,36.237,96.593,0.882634,-1,-1,-1
556,323,840.211,463.181,44.468,90.154,0.676900,-1,-1,-1
556,324,815.886,468.354,39.080,79.962,0.632648,-1,-1,-1
556,326,806.344,470.914,38.375,72.852,0.606946,-1,-1,-1
557,11,643.939,454.223,42.167,110.480,0.882600,-1,-1,-1
557,14,877.451,450.647,38.289,92.895,0.606570,-1,-1,-1
557,17,374.861,462.379,47.368,101.689,0.644942,-1,-1,-1
557,40,411.436,455.074,59.517,111.200,0.795340,-1,-1,-1
557,130,690.028,459.645,28.296,73.167,0.658146,-1,-1,-1
557,174,979.120,404.353,107.091,289.051,0.914279,-1,-1,-1
557,195,1078.588,430.330,138.916,290.037,0.924921,-1,-1,-1
557,212,884.348,432.740,101.653,249.642,0.918938,-1,-1,-1
557,226,1047.151,437.382,42.613,124.085,0.758170,-1,-1,-1
557,229,1667.085,399.883,252.730,625.814,0.833633,-1,-1,-1
557,230,1076.434,441.617,43.024,123.937,0.779516,-1,-1,-1
557,252,1546.037,402.904,320.010,672.734,0.914513,-1,-1,-1
557,253,682.734,461.781,29.210,73.222,0.713362,-1,-1,-1
557,264,580.812,455.429,35.358,83.571,0.878492,-1,-1,-1
557,268,1194.263,432.989,44.018,123.140,0.852826,-1,-1,-1
557,272,542.525,447.106,37.891,89.827,0.869912,-1,-1,-1
557,276,673.561,455.979,28.045,78.156,0.636222,-1,-1,-1
557,299,658.861,454.210,36.294,87.635,0.631142,-1,-1,-1
557,306,712.320,443.334,37.707,101.061,0.880693,-1,-1,-1
557,323,845.710,463.809,43.985,87.813,0.636175,-1,-1,-1
558,11,642.962,455.821,42.917,105.613,0.879554,-1,-1,-1
558,17,374.764,462.398,47.043,100.663,0.674294,-1,-1,-1
558,40,412.228,451.925,61.731,114.382,0.819679,-1,-1,-1
558,130,688.660,455.676,30.268,77.365,0.613597,-1,-1,-1
558,174,982.906,410.317,105.726,286.440,0.921949,-1,-1,-1
558,195,1085.060,428.106,136.910,293.720,0.940858,-1,-1,-1
558,212,888.143,437.263,97.983,244.927,0.933299,-1,-1,-1
558,226,1050.578,445.781,38.734,111.979,0.722020,-1,-1,-1
558,230,1077.205,440.673,45.234,132.932,0.784895,-1,-1,-1
558,252,1556.306,395.703,355.853,681.594,0.954715,-1,-1,-1
558,253,681.371,461.496,30.403,74.834,0.720604,-1,-1,-1
558,264,580.625,454.512,35.030,84.461,0.888276,-1,-1,-1
558,268,1189.662,440.332,43.025,117.333,0.803469,-1,-1,-1
558,272,542.812,446.386,38.582,90.371,0.871644,-1,-1,-1
558,276,673.771,457.829,28.053,76.551,0.662147,-1,-1,-1
558,306,711.172,442.840,38.934,101.616,0.880896,-1,-1,-1
558,323,860.672,463.577,39.577,79.001,0.631113,-1,-1,-1
558,326,807.422,472.652,41.724,76.400,0.610470,-1,-1,-1
559,11,642.003,456.909,43.247,104.844,0.877563,-1,-1,-1
559,17,375.477,463.047,46.892,100.365,0.680739,-1,-1,-1
559,40,413.402,452.259,61.281,114.039,0.819517,-1,-1,-1
559,130,688.542,460.514,28.456,71.736,0.703794,-1,-1,-1
559,174,986.679,431.047,113.752,268.467,0.903875,-1,-1,-1
559,195,1089.234,430.680,135.673,289.077,0.940663,-1,-1,-1
559,212,887.359,430.676,102.275,253.805,0.935338,-1,-1,-1
559,229,1685.799,397.000,250.877,649.337,0.681839,-1,-1,-1
559,230,1077.438,442.897,44.056,130.806,0.773683,-1,-1,-1
559,252,1551.494,394.333,339.453,679.839,0.937624,-1,-1,-1
559,253,679.824,460.989,30.339,73.937,0.735096,-1,-1,-1
559,264,580.194,453.680,34.488,84.778,0.885392,-1,-1,-1
559,268,1199.820,439.610,42.068,113.698,0.831565,-1,-1,-1
559,272,541.942,446.484,39.835,91.375,0.874268,-1,-1,-1
559,276,673.649,458.578,27.564,72.797,0.707670,-1,-1,-1
559,306,712.853,443.081,37.935,100.546,0.882382,-1,-1,-1
560,11,640.727,457.883,42.936,103.806,0.883776,-1,-1,-1
560,17,376.071,463.157,45.141,96.401,0.648790,-1,-1,-1
560,40,412.717,453.931,60.012,111.739,0.799010,-1,-1,-1
560,130,688.529,461.003,28.538,71.620,0.696075,-1,-1,-1
560,174,985.882,406.141,127.502,294.195,0.927672,-1,-1,-1
560,195,1092.201,433.120,135.964,287.447,0.934118,-1,-1,-1
560,212,885.645,427.939,104.474,255.575,0.937264,-1,-1,-1
560,229,1691.951,398.465,235.316,635.713,0.783403,-1,-1,-1
560,230,1075.428,442.200,44.212,132.267,0.739369,-1,-1,-1
560,252,1555.544,397.905,325.954,676.683,0.937567,-1,-1,-1
560,253,680.477,461.200,30.144,73.229,0.733467,-1,-1,-1
560,264,581.470,455.648,33.698,81.369,0.889472,-1,-1,-1
560,268,1208.502,437.635,40.944,113.843,0.806469,-1,-1,-1
560,272,541.447,448.711,40.580,91.704,0.887093,-1,-1,-1
560,276,675.025,459.059,27.001,69.874,0.701165,-1,-1,-1
560,283,1189.143,436.779,50.225,120.242,0.754746,-1,-1,-1
560,306,713.139,443.361,37.798,100.481,0.878259,-1,-1,-1
561,11,640.073,457.520,41.362,101.551,0.879597,-1,-1,-1
561,17,373.876,463.099,47.230,99.513,0.671995,-1,-1,-1
561,40,412.209,452.584,61.591,114.375,0.817638,-1,-1,-1
561,130,688.747,461.637,28.799,70.964,0.676881,-1,-1,-1
561,174,991.538,404.534,125.997,292.992,0.921897,-1,-1,-1
561,195,1094.757,436.873,130.145,283.248,0.928573,-1,-1,-1
561,212,900.608,430.718,94.442,252.064,0.936404,-1,-1,-1
561,229,1684.112,391.294,242.501,662.360,0.633503,-1,-1,-1
561,230,1071.893,444.706,43.851,127.607,0.737914,-1,-1,-1
561,252,1559.702,393.712,335.000,685.045,0.941078,-1,-1,-1
561,253,679.979,461.585,30.651,74.210,0.751411,-1,-1,-1
561,264,582.166,455.829,34.017,81.417,0.882171,-1,-1,-1
561,268,1212.480,441.403,40.791,111.742,0.852652,-1,-1,-1
561,272,544.032,451.408,36.781,88.060,0.885547,-1,-1,-1
561,276,674.378,458.995,28.114,71.936,0.738779,-1,-1,-1
561,283,1189.519,443.209,44.245,110.090,0.648691,-1,-1,-1
561,306,713.419,444.256,38.627,99.943,0.888587,-1,-1,-1
561,326,803.147,472.918,43.020,72.168,0.631650,-1,-1,-1
562,11,639.498,456.754,41.514,101.747,0.876632,-1,-1,-1
562,17,374.828,463.029,47.480,99.192,0.704883,-1,-1,-1
562,40,412.076,454.892,61.549,112.813,0.800814,-1,-1,-1
562,130,688.621,461.422,29.260,71.134,0.672476,-1,-1,-1
562,174,993.848,413.384,132.740,285.146,0.906612,-1,-1,-1
562,195,1103.063,432.921,127.293,281.525,0.927080,-1,-1,-1
562,212,904.683,429.256,96.598,252.020,0.927126,-1,-1,-1
562,226,1068.652,445.289,45.900,128.177,0.711430,-1,-1,-1
562,229,1703.845,398.751,227.945,649.874,0.693508,-1,-1,-1
562,252,1562.277,391.454,332.233,683.147,0.948880,-1,-1,-1
562,253,679.610,460.872,30.631,73.512,0.747564,-1,-1,-1
562,264,581.320,456.039,35.017,82.712,0.879648,-1,-1,-1
562,268,1212.034,441.310,43.406,113.181,0.867513,-1,-1,-1
562,272,544.802,451.008,36.480,87.933,0.884538,-1,-1,-1
562,276,673.657,456.834,28.744,72.829,0.696997,-1,-1,-1
562,283,1192.224,440.477,44.177,112.434,0.632890,-1,-1,-1
562,306,714.899,443.169,38.145,99.075,0.891726,-1,-1,-1
563,11,637.938,458.667,40.443,99.323,0.852102,-1,-1,-1
563,40,413.753,453.837,61.062,112.023,0.822097,-1,-1,-1
563,130,691.397,462.731,27.335,66.169,0.636563,-1,-1,-1
563,174,990.440,437.232,134.471,260.285,0.894961,-1,-1,-1
563,195,1105.400,436.402,126.132,280.044,0.924802,-1,-1,-1
563,212,905.881,428.622,97.020,256.668,0.910902,-1,-1,-1
563,221,486.401,453.918,34.792,71.648,0.627558,-1,-1,-1
563,226,1069.150,443.177,47.995,133.219,0.796687,-1,-1,-1
563,252,1567.779,390.400,347.308,686.036,0.952711,-1,-1,-1
563,253,679.483,459.787,29.809,71.699,0.713967,-1,-1,-1
563,264,580.988,454.085,35.691,85.278,0.881132,-1,-1,-1
563,268,1212.416,441.907,44.445,111.855,0.868520,-1,-1,-1
563,272,544.793,449.086,35.972,87.241,0.877820,-1,-1,-1
563,276,673.494,456.809,27.551,69.758,0.721796,-1,-1,-1
563,304,1028.130,442.301,53.408,131.538,0.719582,-1,-1,-1
563,306,715.866,442.849,38.726,100.288,0.872666,-1,-1,-1
564,11,638.296,454.185,41.444,103.305,0.873193,-1,-1,-1
564,40,411.227,453.048,63.416,113.751,0.819085,-1,-1,-1
564,130,691.671,461.319,27.802,67.517,0.719560,-1,-1,-1
564,174,993.928,426.804,142.871,275.243,0.924067,-1,-1,-1
564,195,1110.592,431.003,124.131,280.604,0.931541,-1,-1,-1
564,212,912.419,428.517,96.611,245.883,0.884709,-1,-1,-1
564,223,908.626,444.174,60.880,146.377,0.819359,-1,-1,-1
564,226,1068.223,443.270,50.789,140.686,0.785774,-1,-1,-1
564,252,1578.689,391.278,340.088,682.605,0.965342,-1,-1,-1
564,253,680.097,460.305,29.831,72.075,0.726727,-1,-1,-1
564,264,579.553,452.479,36.037,86.745,0.880409,-1,-1,-1
564,268,1216.301,439.373,43.982,111.085,0.869403,-1,-1,-1
564,272,546.158,447.156,36.226,89.301,0.872257,-1,-1,-1
564,276,674.010,455.957,28.426,72.459,0.731051,-1,-1,-1
564,306,717.223,443.093,37.685,98.487,0.883958,-1,-1,-1
565,11,639.456,454.248,41.308,102.477,0.881863,-1,-1,-1
565,40,410.408,452.131,63.892,115.101,0.828473,-1,-1,-1
565,130,690.602,462.174,28.845,68.976,0.697321,-1,-1,-1
565,174,993.786,435.184,135.144,268.333,0.935402,-1,-1,-1
565,195,1113.041,431.707,122.738,282.223,0.941629,-1,-1,-1
565,212,916.505,430.414,94.389,247.433,0.905365,-1,-1,-1
565,221,490.693,451.430,32.500,71.696,0.633160,-1,-1,-1
565,223,909.427,445.855,58.633,146.137,0.816090,-1,-1,-1
565,226,1070.653,442.440,53.648,142.139,0.766891,-1,-1,-1
565,229,1729.537,402.779,205.616,663.970,0.747567,-1,-1,-1
565,252,1580.546,391.459,334.698,682.221,0.956535,-1,-1,-1
565,264,580.658,454.127,34.935,84.672,0.880369,-1,-1,-1
565,268,1218.877,442.139,41.031,106.992,0.847062,-1,-1,-1
565,272,546.681,449.062,34.581,86.520,0.877868,-1,-1,-1
565,276,672.505,455.826,30.512,78.856,0.752694,-1,-1,-1
565,306,716.942,443.631,38.138,97.861,0.878373,-1,-1,-1
566,11,638.007,451.193,41.767,106.473,0.855843,-1,-1,-1
566,17,373.457,459.757,50.503,105.833,0.697186,-1,-1,-1
566,40,410.230,450.810,64.762,117.731,0.827716,-1,-1,-1
566,130,692.408,461.156,28.508,68.949,0.728564,-1,-1,-1
566,174,994.388,424.996,136.447,278.875,0.927298,-1,-1,-1
566,195,1111.707,432.756,126.373,281.043,0.940409,-1,-1,-1
566,212,923.631,429.283,99.744,246.663,0.891137,-1,-1,-1
566,223,912.293,448.015,56.325,141.419,0.798823,-1,-1,-1
566,226,1070.890,435.554,52.914,142.171,0.694250,-1,-1,-1
566,229,1735.923,400.945,199.608,675.486,0.641831,-1,-1,-1
566,230,1108.210,430.321,48.861,143.614,0.600097,-1,-1,-1
566,252,1600.841,386.308,318.131,692.243,0.955052,-1,-1,-1
566,253,681.382,460.628,30.289,73.169,0.707749,-1,-1,-1
566,264,580.682,453.746,34.732,83.912,0.877319,-1,-1,-1
566,268,1219.259,440.904,44.058,116.389,0.791977,-1,-1,-1
566,272,543.800,445.764,36.167,87.070,0.863737,-1,-1,-1
566,276,669.424,455.500,30.515,79.470,0.737783,-1,-1,-1
566,306,717.966,445.455,36.842,97.042,0.877041,-1,-1,-1
567,11,637.067,448.632,40.813,107.258,0.849348,-1,-1,-1
567,17,373.650,460.630,51.049,109.064,0.765048,-1,-1,-1
567,40,410.967,452.594,63.791,115.837,0.823930,-1,-1,-1
567,130,693.004,459.942,28.198,69.555,0.708392,-1,-1,-1
567,174,995.154,430.098,138.522,271.953,0.926554,-1,-1,-1
567,185,1179.330,420.910,64.872,158.365,0.639325,-1,-1,-1
567,195,1121.223,439.038,121.376,270.715,0.936610,-1,-1,-1
567,212,931.798,431.012,97.270,243.596,0.892993,-1,-1,-1
567,223,910.805,448.918,55.781,142.281,0.819384,-1,-1,-1
567,229,1760.826,396.406,174.281,653.614,0.741385,-1,-1,-1
567,252,1618.557,388.395,299.918,687.180,0.959409,-1,-1,-1
567,253,680.161,458.814,30.365,74.095,0.716582,-1,-1,-1
567,264,581.000,454.560,34.562,84.503,0.878763,-1,-1,-1
567,268,1215.985,435.819,45.907,123.404,0.710535,-1,-1,-1
567,272,545.950,447.134,35.738,88.400,0.866868,-1,-1,-1
567,276,669.975,454.375,30.105,79.676,0.735207,-1,-1,-1
567,306,718.192,445.452,35.972,97.543,0.874521,-1,-1,-1
568,11,638.041,447.821,41.687,108.994,0.857485,-1,-1,-1
568,17,372.670,461.938,50.303,107.277,0.679729,-1,-1,-1
568,40,410.187,453.602,62.865,114.666,0.832705,-1,-1,-1
568,130,690.209,460.783,27.811,68.777,0.708274,-1,-1,-1
568,174,993.150,427.872,146.952,274.946,0.934230,-1,-1,-1
568,195,1121.854,434.884,126.762,276.648,0.941387,-1,-1,-1
568,212,929.373,429.394,100.193,242.909,0.903360,-1,-1,-1
568,223,913.733,446.723,58.092,144.250,0.683053,-1,-1,-1
568,229,1753.891,402.024,171.207,673.104,0.798933,-1,-1,-1
568,230,1109.405,432.239,48.313,140.886,0.668204,-1,-1,-1
568,252,1638.646,391.894,276.890,683.477,0.958925,-1,-1,-1
568,264,582.106,457.086,33.729,81.689,0.876493,-1,-1,-1
568,268,1221.968,435.506,46.015,122.583,0.708317,-1,-1,-1
568,272,546.397,449.267,34.633,86.508,0.873581,-1,-1,-1
568,276,670.156,455.253,30.769,82.829,0.774683,-1,-1,-1
568,306,718.136,444.720,36.589,100.147,0.877145,-1,-1,-1
569,11,638.105,448.482,40.688,107.812,0.875321,-1,-1,-1
569,17,371.550,462.018,50.451,106.454,0.722316,-1,-1,-1
569,40,410.891,453.709,62.800,114.215,0.827867,-1,-1,-1
569,130,690.631,461.758,27.975,69.342,0.685995,-1,-1,-1
569,174,996.743,434.132,142.104,268.211,0.938925,-1,-1,-1
569,195,1127.073,435.150,125.789,279.122,0.946592,-1,-1,-1
569,212,935.067,430.394,96.834,243.154,0.918736,-1,-1,-1
569,229,1763.919,406.510,161.632,670.151,0.790700,-1,-1,-1
569,230,1112.218,431.910,48.269,140.812,0.837414,-1,-1,-1
569,252,1651.236,390.491,259.693,687.036,0.963248,-1,-1,-1
569,264,583.399,458.161,33.081,80.581,0.877447,-1,-1,-1
569,268,1228.571,437.954,42.152,116.461,0.829871,-1,-1,-1
569,272,547.308,452.074,33.925,85.976,0.875026,-1,-1,-1
569,276,669.186,456.229,32.822,88.649,0.784184,-1,-1,-1
569,306,717.872,445.481,36.088,100.727,0.882339,-1,-1,-1
570,11,635.800,453.053,36.854,99.911,0.886758,-1,-1,-1
570,17,373.158,462.493,50.427,107.232,0.710018,-1,-1,-1
570,40,411.376,454.275,61.328,112.399,0.808678,-1,-1,-1
570,130,691.896,461.650,27.846,68.619,0.697162,-1,-1,-1
570,174,996.123,432.312,143.409,265.905,0.934642,-1,-1,-1
570,195,1135.465,431.629,127.700,283.419,0.948252,-1,-1,-1
570,212,934.417,428.919,104.441,246.219,0.919206,-1,-1,-1
570,229,1782.691,375.910,142.108,633.978,0.843489,-1,-1,-1
570,230,1111.117,431.367,47.785,135.366,0.847662,-1,-1,-1
570,252,1656.747,386.925,257.329,692.223,0.959546,-1,-1,-1
570,264,582.448,456.740,33.149,83.170,0.890773,-1,-1,-1
570,268,1230.947,439.899,39.676,112.665,0.862195,-1,-1,-1
570,272,546.749,450.605,34.900,88.298,0.877020,-1,-1,-1
570,276,666.178,453.995,33.792,90.081,0.810088,-1,-1,-1
570,306,717.525,443.929,37.301,103.295,0.886698,-1,-1,-1
570,326,799.478,469.267,49.457,78.208,0.686685,-1,-1,-1
571,11,635.422,453.445,37.469,101.734,0.889183,-1,-1,-1
571,17,373.622,463.014,49.484,107.183,0.757311,-1,-1,-1
571,40,410.025,454.583,59.145,113.422,0.830934,-1,-1,-1
571,130,692.530,461.383,27.784,68.275,0.724435,-1,-1,-1
571,174,1005.214,427.298,135.698,274.413,0.924995,-1,-1,-1
571,195,1139.720,425.562,136.191,286.145,0.951913,-1,-1,-1
571,212,932.777,429.206,104.388,249.148,0.909635,-1,-1,-1
571,229,1791.414,398.323,131.277,611.210,0.854570,-1,-1,-1
571,230,1110.203,429.015,48.884,139.824,0.860715,-1,-1,-1
571,252,1658.989,388.247,259.167,685.609,0.962934,-1,-1,-1
571,264,582.299,456.603,33.542,84.277,0.884569,-1,-1,-1
571,268,1229.169,444.112,40.361,109.608,0.808602,-1,-1,-1
571,272,547.593,454.179,34.889,86.760,0.883978,-1,-1,-1
571,276,666.257,453.933,34.340,91.037,0.807901,-1,-1,-1
571,306,717.629,442.938,38.534,103.841,0.894750,-1,-1,-1
571,326,803.096,470.433,46.489,75.733,0.666870,-1,-1,-1
571,329,1001.325,449.929,34.105,75.045,0.635458,-1,-1,-1
572,11,635.317,454.163,37.253,101.202,0.892834,-1,-1,-1
572,17,374.436,463.332,47.903,104.400,0.705395,-1,-1,-1
572,40,413.871,448.587,60.736,119.620,0.843306,-1,-1,-1
572,130,691.482,459.774,29.253,71.894,0.726089,-1,-1,-1
572,174,1009.701,423.130,128.981,278.551,0.927773,-1,-1,-1
572,195,1142.793,427.025,136.140,285.542,0.954044,-1,-1,-1
572,212,932.131,427.918,104.560,245.953,0.911283,-1,-1,-1
572,229,1799.760,406.523,118.358,531.116,0.857574,-1,-1,-1
572,230,1106.112,427.180,52.933,145.958,0.883526,-1,-1,-1
572,252,1662.150,390.368,256.986,684.861,0.968732,-1,-1,-1
572,264,582.604,456.147,33.801,84.371,0.881117,-1,-1,-1
572,268,1230.401,442.573,41.991,111.216,0.798527,-1,-1,-1
572,272,546.689,453.356,37.063,86.769,0.882863,-1,-1,-1
572,276,668.788,454.453,34.852,91.770,0.836103,-1,-1,-1
572,306,717.515,440.835,39.438,104.629,0.904615,-1,-1,-1
572,323,838.027,462.268,38.375,75.453,0.622247,-1,-1,-1
572,326,801.360,469.962,48.185,77.046,0.714473,-1,-1,-1
572,329,999.062,450.709,42.683,97.947,0.704570,-1,-1,-1
573,11,635.008,453.477,37.467,102.932,0.901141,-1,-1,-1
573,17,374.037,463.862,47.114,104.152,0.764186,-1,-1,-1
573,40,414.025,449.500,59.635,117.466,0.826563,-1,-1,-1
573,130,692.311,459.362,30.017,73.875,0.721538,-1,-1,-1
573,174,1016.562,423.118,121.549,276.009,0.916242,-1,-1,-1
573,195,1144.927,432.757,136.327,279.463,0.952525,-1,-1,-1
573,212,923.296,429.541,127.461,257.723,0.926410,-1,-1,-1
573,229,1796.999,394.974,133.779,675.294,0.835874,-1,-1,-1
573,230,1108.749,428.806,50.411,145.733,0.880932,-1,-1,-1
573,252,1661.550,389.780,258.405,684.450,0.974382,-1,-1,-1
573,264,582.118,457.772,33.901,83.087,0.883808,-1,-1,-1
573,268,1228.052,442.477,44.229,113.691,0.747722,-1,-1,-1
573,272,547.373,455.980,36.151,83.454,0.875749,-1,-1,-1
573,276,666.156,454.860,37.546,96.871,0.851780,-1,-1,-1
573,306,716.236,442.631,40.084,104.328,0.900926,-1,-1,-1
573,326,803.278,470.082,47.122,76.368,0.709186,-1,-1,-1
573,329,1004.368,450.888,31.785,71.695,0.616946,-1,-1,-1
574,11,634.544,453.668,37.419,102.641,0.906375,-1,-1,-1
574,17,374.291,463.882,47.069,104.254,0.758554,-1,-1,-1
574,40,414.561,452.108,59.379,113.240,0.826656,-1,-1,-1
574,130,692.121,458.170,29.951,74.072,0.730068,-1,-1,-1
574,174,1017.960,423.662,118.336,277.240,0.900655,-1,-1,-1
574,195,1146.758,426.565,141.733,286.212,0.946510,-1,-1,-1
574,212,924.160,426.634,130.861,266.441,0.923672,-1,-1,-1
574,229,1794.834,395.700,127.462,679.304,0.861205,-1,-1,-1
574,230,1109.345,426.902,50.289,148.237,0.887648,-1,-1,-1
574,252,1663.629,387.071,256.466,687.958,0.975374,-1,-1,-1
574,264,581.858,456.448,34.445,85.075,0.880556,-1,-1,-1
574,272,547.660,456.077,36.356,83.345,0.867651,-1,-1,-1
574,276,667.051,454.945,38.115,96.518,0.849749,-1,-1,-1
574,283,1234.672,440.878,38.802,93.785,0.779675,-1,-1,-1
574,306,715.751,442.211,40.715,105.167,0.899487,-1,-1,-1
574,326,801.777,471.524,45.638,72.754,0.671800,-1,-1,-1
575,11,634.785,454.087,36.110,99.326,0.902231,-1,-1,-1
575,17,373.315,462.850,49.724,109.483,0.776250,-1,-1,-1
575,40,411.125,451.814,61.674,115.671,0.849725,-1,-1,-1
575,130,693.245,457.518,29.687,73.999,0.722931,-1,-1,-1
575,174,1026.270,416.853,117.529,289.953,0.888074,-1,-1,-1
575,195,1149.127,430.523,138.704,279.388,0.934940,-1,-1,-1
575,212,934.154,426.529,127.232,262.043,0.913514,-1,-1,-1
575,226,1030.919,427.352,57.795,153.322,0.612850,-1,-1,-1
575,229,1811.869,397.888,107.791,572.461,0.650204,-1,-1,-1
575,230,1110.360,426.020,48.814,145.310,0.877601,-1,-1,-1
575,252,1667.083,390.767,252.998,685.172,0.973856,-1,-1,-1
575,264,582.997,455.592,34.246,85.409,0.880510,-1,-1,-1
575,272,547.280,457.508,35.793,81.817,0.869327,-1,-1,-1
575,276,666.395,455.106,37.808,96.093,0.856701,-1,-1,-1
575,283,1241.092,439.709,37.013,90.674,0.743196,-1,-1,-1
575,304,1062.829,424.120,69.979,178.418,0.634073,-1,-1,-1
575,306,715.969,443.673,39.774,103.325,0.892061,-1,-1,-1
576,11,633.808,455.092,35.873,97.799,0.897511,-1,-1,-1
576,17,373.375,462.164,50.793,112.010,0.809797,-1,-1,-1
576,40,410.540,452.624,63.210,116.194,0.852861,-1,-1,-1
576,130,694.975,460.657,28.445,70.426,0.729977,-1,-1,-1
576,174,1026.269,420.439,115.363,285.149,0.899380,-1,-1,-1
576,195,1154.795,432.722,141.916,284.440,0.935251,-1,-1,-1
576,212,942.230,427.660,126.499,262.774,0.911234,-1,-1,-1
576,229,1817.230,393.008,110.378,676.870,0.837113,-1,-1,-1
576,230,1112.436,427.074,46.908,142.463,0.854244,-1,-1,-1
576,252,1666.557,388.142,253.473,688.098,0.969200,-1,-1,-1
576,264,584.632,457.961,33.254,82.805,0.882105,-1,-1,-1
576,272,547.810,459.048,35.759,80.571,0.864281,-1,-1,-1
576,276,668.041,457.189,35.345,89.035,0.833334,-1,-1,-1
576,283,1240.975,439.392,38.720,94.320,0.603263,-1,-1,-1
576,304,1072.313,435.191,58.992,146.344,0.763518,-1,-1,-1
576,306,717.692,443.413,39.197,103.818,0.886634,-1,-1,-1
576,326,801.151,470.703,47.556,75.263,0.657097,-1,-1,-1
577,11,632.372,453.505,37.384,103.112,0.903033,-1,-1,-1
577,17,374.624,463.655,48.914,107.970,0.777733,-1,-1,-1
577,40,409.982,451.610,62.625,116.342,0.850355,-1,-1,-1
577,130,695.806,460.762,28.348,70.662,0.743086,-1,-1,-1
577,174,1039.575,432.045,105.397,268.225,0.875566,-1,-1,-1
577,195,1152.068,434.096,141.709,278.928,0.940584,-1,-1,-1
577,212,944.058,433.022,131.486,257.297,0.911159,-1,-1,-1
577,226,1037.722,437.937,50.620,135.365,0.652465,-1,-1,-1
577,229,1777.275,390.685,129.797,684.150,0.856141,-1,-1,-1
577,230,1114.216,430.183,46.150,139.552,0.845564,-1,-1,-1
577,252,1665.690,389.199,254.277,688.780,0.967916,-1,-1,-1
577,264,583.969,458.151,33.628,82.759,0.883092,-1,-1,-1
577,272,548.157,460.845,35.837,78.612,0.861991,-1,-1,-1
577,276,663.960,453.131,37.509,98.673,0.851098,-1,-1,-1
577,304,1074.372,438.538,60.726,143.289,0.734315,-1,-1,-1
577,306,718.951,444.963,38.204,102.745,0.889014,-1,-1,-1
577,326,801.762,470.681,46.765,74.443,0.683778,-1,-1,-1
578,11,632.740,453.976,36.602,101.821,0.904506,-1,-1,-1
578,17,375.684,462.679,45.910,101.758,0.651221,-1,-1,-1
578,40,412.738,449.772,60.497,117.384,0.851319,-1,-1,-1
578,130,695.999,459.607,29.092,72.704,0.764126,-1,-1,-1
578,174,1038.982,434.804,105.573,263.353,0.872991,-1,-1,-1
578,195,1150.554,435.663,138.141,275.596,0.922023,-1,-1,-1
578,212,951.172,433.013,122.062,246.158,0.907386,-1,-1,-1
578,226,1039.142,436.802,49.213,132.175,0.644692,-1,-1,-1
578,230,1112.137,425.760,47.296,146.109,0.871034,-1,-1,-1
578,252,1658.564,388.710,261.192,689.780,0.971147,-1,-1,-1
578,264,583.600,457.234,33.812,84.181,0.878248,-1,-1,-1
578,272,547.997,460.677,36.464,79.110,0.864124,-1,-1,-1
578,276,663.559,452.819,36.397,98.061,0.852411,-1,-1,-1
578,304,1070.959,438.204,62.426,143.756,0.750778,-1,-1,-1
578,306,719.148,448.133,36.940,99.243,0.899160,-1,-1,-1
578,323,833.321,460.506,39.653,79.163,0.606807,-1,-1,-1
578,326,800.576,470.454,46.395,74.624,0.675575,-1,-1,-1
579,11,631.917,454.397,36.364,101.206,0.891709,-1,-1,-1
579,17,375.309,462.729,46.769,104.258,0.691919,-1,-1,-1
579,40,411.343,452.889,58.263,113.782,0.845341,-1,-1,-1
579,130,693.942,457.713,29.952,74.616,0.758816,-1,-1,-1
579,174,1046.016,435.385,99.177,259.168,0.827056,-1,-1,-1
579,195,1154.432,430.597,137.762,281.128,0.911632,-1,-1,-1
579,212,948.824,441.978,119.035,231.385,0.915530,-1,-1,-1
579,226,1041.880,442.003,53.828,140.275,0.725056,-1,-1,-1
579,230,1114.226,428.778,45.975,142.345,0.841726,-1,-1,-1
579,252,1660.488,392.647,259.535,687.032,0.972233,-1,-1,-1
579,264,584.175,456.137,34.213,84.813,0.876572,-1,-1,-1
579,272,548.320,458.753,37.806,80.716,0.864380,-1,-1,-1
579,276,663.514,452.177,35.759,96.254,0.858641,-1,-1,-1
579,304,1071.894,434.893,62.841,147.578,0.646517,-1,-1,-1
579,306,718.880,446.093,37.949,101.398,0.897681,-1,-1,-1
579,324,826.221,462.362,42.218,79.878,0.615233,-1,-1,-1
579,326,800.622,469.182,47.070,76.165,0.666223,-1,-1,-1
580,11,630.594,453.166,37.240,102.097,0.878188,-1,-1,-1
580,17,375.297,460.202,48.096,105.571,0.750261,-1,-1,-1
580,40,413.729,446.591,59.345,121.683,0.843718,-1,-1,-1
580,130,695.292,459.818,28.919,72.033,0.738491,-1,-1,-1
580,174,1056.256,430.876,97.301,266.759,0.870867,-1,-1,-1
580,195,1161.233,436.688,136.114,274.911,0.938022,-1,-1,-1
580,212,951.702,435.015,118.628,237.852,0.929254,-1,-1,-1
580,223,914.582,473.238,63.235,114.850,0.697724,-1,-1,-1
580,230,1114.415,425.794,45.529,136.561,0.806140,-1,-1,-1
580,252,1658.314,393.470,261.597,686.470,0.970598,-1,-1,-1
580,253,699.319,452.808,33.789,88.753,0.611189,-1,-1,-1
580,264,584.289,454.354,34.593,85.887,0.871229,-1,-1,-1
580,272,548.126,457.909,38.832,82.024,0.863333,-1,-1,-1
580,276,662.999,453.643,35.925,98.023,0.852103,-1,-1,-1
580,306,719.466,447.663,37.142,100.699,0.883887,-1,-1,-1
580,326,801.069,469.519,47.262,75.995,0.652330,-1,-1,-1
581,11,630.405,453.945,36.000,99.131,0.860147,-1,-1,-1
581,40,414.161,448.513,57.383,118.456,0.766631,-1,-1,-1
581,130,697.132,460.834,28.156,70.772,0.743291,-1,-1,-1
581,174,1056.869,433.644,97.184,268.426,0.889644,-1,-1,-1
581,185,1154.106,435.422,38.961,104.961,0.660164,-1,-1,-1
581,195,1166.346,432.425,137.408,281.973,0.908419,-1,-1,-1
581,212,954.462,436.665,116.265,234.538,0.931908,-1,-1,-1
581,223,913.437,476.426,66.025,111.951,0.616333,-1,-1,-1
581,230,1111.368,421.443,49.921,142.788,0.817301,-1,-1,-1
581,252,1654.756,396.577,265.015,683.423,0.966824,-1,-1,-1
581,264,584.010,454.751,34.167,84.800,0.871634,-1,-1,-1
581,272,546.727,454.534,40.282,86.196,0.868995,-1,-1,-1
581,276,663.509,453.392,35.321,96.353,0.850203,-1,-1,-1
581,306,721.230,447.734,36.697,99.576,0.868514,-1,-1,-1
581,326,800.783,471.585,45.858,73.642,0.658400,-1,-1,-1
582,11,630.004,453.971,35.985,99.471,0.876654,-1,-1,-1
582,17,372.057,462.392,49.806,107.985,0.600401,-1,-1,-1
582,40,413.052,451.554,55.239,114.101,0.781846,-1,-1,-1
582,130,697.077,460.387,27.769,69.811,0.730720,-1,-1,-1
582,174,1061.297,427.167,95.510,274.204,0.888779,-1,-1,-1
582,185,1155.520,436.531,39.477,108.600,0.704840,-1,-1,-1
582,195,1172.375,431.335,131.744,284.101,0.926169,-1,-1,-1
582,212,954.431,424.318,120.503,246.111,0.933931,-1,-1,-1
582,226,1044.536,439.432,56.703,148.294,0.692964,-1,-1,-1
582,252,1654.314,397.050,265.206,682.950,0.964110,-1,-1,-1
582,264,584.368,454.346,34.353,85.292,0.845714,-1,-1,-1
582,272,546.823,451.102,39.845,89.140,0.867549,-1,-1,-1
582,276,663.626,452.710,35.628,97.630,0.860256,-1,-1,-1
582,304,1093.214,412.081,69.480,171.303,0.800202,-1,-1,-1
582,306,720.945,446.292,38.850,102.701,0.882170,-1,-1,-1
582,326,799.947,471.903,45.309,72.565,0.622646,-1,-1,-1
583,11,629.786,453.616,36.703,100.819,0.876933,-1,-1,-1
583,14,576.857,451.043,34.370,87.118,0.648658,-1,-1,-1
583,40,412.385,452.669,54.680,111.849,0.699205,-1,-1,-1
583,130,696.881,458.138,29.447,74.012,0.741298,-1,-1,-1
583,174,1067.720,428.595,92.139,270.757,0.895255,-1,-1,-1
583,185,1154.463,432.954,40.104,113.457,0.720498,-1,-1,-1
583,195,1184.300,427.986,122.013,286.023,0.926047,-1,-1,-1
583,212,955.933,425.120,123.637,248.120,0.924165,-1,-1,-1
583,226,1039.269,437.168,58.045,149.657,0.609043,-1,-1,-1
583,252,1660.845,394.804,259.173,685.197,0.960941,-1,-1,-1
583,264,584.801,453.864,34.357,85.401,0.881666,-1,-1,-1
583,272,547.721,447.530,39.978,92.182,0.867518,-1,-1,-1
583,276,663.019,452.117,36.649,99.423,0.862935,-1,-1,-1
583,304,1092.191,411.503,74.621,187.096,0.819066,-1,-1,-1
583,306,720.379,444.473,39.840,104.591,0.884959,-1,-1,-1
583,326,800.458,467.160,47.013,77.419,0.694910,-1,-1,-1
583,333,1160.799,430.142,95.476,255.995,0.858386,-1,-1,-1
584,11,627.185,452.146,38.623,102.174,0.887709,-1,-1,-1
584,14,575.422,451.923,33.960,86.193,0.660279,-1,-1,-1
584,40,410.290,454.015,56.676,112.344,0.744180,-1,-1,-1
584,130,696.971,457.014,30.065,75.293,0.755690,-1,-1,-1
584,174,1072.018,426.231,93.288,272.672,0.897409,-1,-1,-1
584,185,1154.557,436.333,39.875,114.018,0.649308,-1,-1,-1
584,195,1189.789,436.793,116.944,275.309,0.917080,-1,-1,-1
584,212,960.591,422.769,121.129,252.395,0.915570,-1,-1,-1
584,230,1109.476,419.449,55.747,157.337,0.724495,-1,-1,-1
584,252,1651.399,394.102,267.525,685.899,0.955445,-1,-1,-1
584,264,585.064,454.213,34.698,84.927,0.886220,-1,-1,-1
584,272,548.066,450.834,38.645,89.103,0.867228,-1,-1,-1
584,276,662.756,451.673,35.677,94.100,0.846490,-1,-1,-1
584,304,1090.427,412.464,83.274,218.260,0.681648,-1,-1,-1
584,306,722.865,441.373,41.149,107.512,0.887807,-1,-1,-1
584,326,800.958,467.024,46.583,78.181,0.698569,-1,-1,-1
584,333,1166.222,429.005,89.668,250.209,0.863800,-1,-1,-1
585,11,626.858,452.000,38.429,101.963,0.890624,-1,-1,-1
585,14,577.012,454.652,32.661,82.794,0.644207,-1,-1,-1
585,40,409.315,452.750,57.070,112.922,0.801471,-1,-1,-1
585,130,696.590,458.195,29.320,73.074,0.756601,-1,-1,-1
585,174,1078.453,414.473,89.065,283.235,0.909125,-1,-1,-1
585,185,1157.862,437.337,36.101,102.759,0.602790,-1,-1,-1
585,195,1197.014,428.749,116.517,285.041,0.919137,-1,-1,-1
585,212,967.243,419.036,117.736,257.732,0.917110,-1,-1,-1
585,252,1662.821,389.253,258.047,690.748,0.946624,-1,-1,-1
585,264,586.330,456.993,33.332,81.326,0.879931,-1,-1,-1
585,272,548.963,452.650,37.679,86.673,0.856197,-1,-1,-1
585,276,663.258,451.812,35.851,90.944,0.850661,-1,-1,-1
585,306,723.343,441.573,39.974,106.272,0.885975,-1,-1,-1
585,326,800.904,466.555,46.381,78.482,0.655313,-1,-1,-1
585,333,1166.594,432.662,89.592,249.885,0.857638,-1,-1,-1
586,11,626.543,452.770,38.066,100.892,0.890956,-1,-1,-1
586,40,409.288,451.016,57.249,114.328,0.723217,-1,-1,-1
586,130,697.515,455.210,30.423,77.454,0.746669,-1,-1,-1
586,174,1081.401,422.580,85.457,276.687,0.910336,-1,-1,-1
586,195,1201.350,433.329,112.869,281.820,0.905294,-1,-1,-1
586,212,973.368,431.406,110.581,246.229,0.922384,-1,-1,-1
586,223,920.778,474.167,72.454,116.179,0.607907,-1,-1,-1
586,252,1669.517,391.689,251.332,688.312,0.933209,-1,-1,-1
586,264,586.573,456.726,33.095,82.233,0.872525,-1,-1,-1
586,272,550.541,453.539,36.604,85.889,0.848356,-1,-1,-1
586,276,663.228,452.838,37.771,96.196,0.857419,-1,-1,-1
586,306,722.735,441.081,40.108,107.997,0.888970,-1,-1,-1
586,326,802.225,468.454,44.446,77.155,0.712732,-1,-1,-1
586,333,1165.031,431.458,95.032,259.510,0.845506,-1,-1,-1
587,11,627.562,454.026,36.177,99.257,0.890142,-1,-1,-1
587,40,410.239,448.419,57.203,116.743,0.726605,-1,-1,-1
587,130,696.181,458.015,28.914,73.320,0.683716,-1,-1,-1
587,174,1081.856,410.075,95.948,289.374,0.910153,-1,-1,-1
587,195,1197.781,430.612,116.488,282.564,0.884766,-1,-1,-1
587,212,975.318,420.302,109.820,253.291,0.920587,-1,-1,-1
587,223,917.498,471.791,77.949,118.583,0.665303,-1,-1,-1
587,252,1679.766,386.830,242.166,693.171,0.931178,-1,-1,-1
587,264,587.220,457.480,31.411,80.967,0.866158,-1,-1,-1
587,272,552.097,455.443,34.271,83.134,0.850587,-1,-1,-1
587,276,664.044,453.377,35.405,89.435,0.843884,-1,-1,-1
587,306,723.938,441.076,39.431,107.185,0.891629,-1,-1,-1
587,326,804.677,469.375,42.973,75.484,0.645387,-1,-1,-1
587,333,1167.898,428.454,93.551,259.011,0.859349,-1,-1,-1
588,11,626.398,453.823,36.115,99.396,0.891949,-1,-1,-1
588,40,410.583,451.174,54.967,113.705,0.734528,-1,-1,-1
588,130,695.347,457.240,29.019,72.692,0.682572,-1,-1,-1
588,174,1081.567,408.926,106.871,290.205,0.927409,-1,-1,-1
588,185,1163.578,436.077,35.644,97.731,0.627390,-1,-1,-1
588,195,1202.020,427.393,116.096,284.893,0.904716,-1,-1,-1
588,212,984.557,418.374,101.596,253.941,0.916999,-1,-1,-1
588,252,1680.303,388.999,240.118,691.002,0.908429,-1,-1,-1
588,264,586.929,456.342,31.365,82.086,0.861119,-1,-1,-1
588,272,552.740,455.542,34.168,84.257,0.859641,-1,-1,-1
588,276,662.214,452.065,38.386,96.910,0.848795,-1,-1,-1
588,306,724.550,443.848,38.654,106.828,0.892257,-1,-1,-1
588,324,827.515,464.930,41.429,80.516,0.604452,-1,-1,-1
588,326,797.521,463.554,45.429,83.627,0.648467,-1,-1,-1
588,333,1169.690,430.302,89.856,253.430,0.878417,-1,-1,-1
589,11,625.556,453.443,36.536,99.527,0.901897,-1,-1,-1
589,40,412.707,464.551,51.290,101.231,0.634616,-1,-1,-1
589,130,698.151,459.030,28.720,72.694,0.686030,-1,-1,-1
589,174,1084.009,409.738,102.661,287.481,0.928855,-1,-1,-1
589,185,1161.003,440.086,35.749,96.989,0.652392,-1,-1,-1
589,195,1212.244,429.928,110.645,280.086,0.912352,-1,-1,-1
589,212,993.541,424.407,96.774,245.931,0.918402,-1,-1,-1
589,229,1791.914,398.764,126.601,681.452,0.789570,-1,-1,-1
589,252,1685.397,387.267,236.406,691.687,0.881634,-1,-1,-1
589,253,714.097,443.832,36.900,106.905,0.677739,-1,-1,-1
589,264,586.453,456.340,31.900,82.530,0.858113,-1,-1,-1
589,268,1155.087,440.546,32.084,82.080,0.611192,-1,-1,-1
589,272,550.131,454.798,35.169,85.513,0.848779,-1,-1,-1
589,276,662.186,451.219,38.944,103.166,0.877220,-1,-1,-1
589,306,724.411,443.662,39.381,109.243,0.876918,-1,-1,-1
589,326,800.698,469.545,41.462,74.856,0.715989,-1,-1,-1
589,333,1173.378,425.564,85.847,248.125,0.899150,-1,-1,-1
590,11,624.684,453.887,37.018,99.827,0.909019,-1,-1,-1
590,17,372.416,463.669,49.419,109.312,0.608542,-1,-1,-1
590,40,412.726,467.843,52.211,100.590,0.625888,-1,-1,-1
590,130,698.128,458.359,29.059,73.024,0.733528,-1,-1,-1
590,174,1089.068,399.673,106.207,296.611,0.924774,-1,-1,-1
590,195,1218.327,426.357,109.487,286.009,0.923147,-1,-1,-1
590,212,999.280,444.417,87.685,225.292,0.916922,-1,-1,-1
590,223,913.900,471.900,73.509,112.992,0.677334,-1,-1,-1
590,229,1819.941,404.936,104.969,675.119,0.852020,-1,-1,-1
590,252,1704.645,397.869,224.291,682.090,0.783931,-1,-1,-1
590,253,717.227,443.759,35.328,103.750,0.614455,-1,-1,-1
590,264,584.592,455.365,33.789,86.065,0.867497,-1,-1,-1
590,272,550.797,453.066,34.827,86.516,0.870414,-1,-1,-1
590,276,662.225,451.995,37.973,102.360,0.874106,-1,-1,-1
590,306,723.655,441.604,40.172,109.464,0.885406,-1,-1,-1
590,323,835.098,462.083,39.725,78.099,0.605347,-1,-1,-1
590,326,799.693,467.710,43.311,76.638,0.719681,-1,-1,-1
590,333,1172.952,421.643,92.300,260.688,0.895859,-1,-1,-1
591,11,625.325,453.950,36.768,99.869,0.900398,-1,-1,-1
591,40,413.070,476.993,49.303,92.940,0.696740,-1,-1,-1
591,130,697.562,458.244,29.435,73.337,0.738197,-1,-1,-1
591,174,1091.135,397.468,107.712,300.519,0.916895,-1,-1,-1
591,195,1223.682,438.552,109.184,274.116,0.928664,-1,-1,-1
591,212,1004.627,432.319,93.556,236.036,0.903503,-1,-1,-1
591,223,910.056,467.070,79.579,121.069,0.685480,-1,-1,-1
591,229,1833.669,423.353,92.706,655.630,0.814470,-1,-1,-1
591,252,1735.229,420.537,204.584,659.470,0.700100,-1,-1,-1
591,264,584.779,454.916,33.507,85.730,0.868669,-1,-1,-1
591,272,551.630,451.797,34.983,88.443,0.867580,-1,-1,-1
591,276,661.997,451.505,38.342,103.016,0.878083,-1,-1,-1
591,306,724.245,443.011,38.857,108.349,0.885944,-1,-1,-1
591,324,825.309,465.822,40.934,78.077,0.609428,-1,-1,-1
591,326,799.290,466.563,44.503,77.643,0.703814,-1,-1,-1
591,333,1174.778,425.080,90.252,248.605,0.895236,-1,-1,-1
591,339,1676.157,434.155,111.790,157.275,0.649860,-1,-1,-1
592,11,624.663,452.511,37.313,101.933,0.905796,-1,-1,-1
592,40,412.274,469.873,52.062,98.652,0.655676,-1,-1,-1
592,130,697.737,457.830,30.332,75.954,0.734806,-1,-1,-1
592,174,1090.711,403.925,107.860,296.112,0.917497,-1,-1,-1
592,195,1227.360,443.581,110.072,270.632,0.927852,-1,-1,-1
592,212,1007.414,428.881,91.291,242.604,0.915404,-1,-1,-1
592,223,911.048,470.825,78.988,117.638,0.740612,-1,-1,-1
592,229,1838.943,403.701,89.944,671.472,0.704367,-1,-1,-1
592,252,1752.638,384.023,190.315,695.981,0.772810,-1,-1,-1
592,264,586.527,455.645,32.434,84.507,0.857280,-1,-1,-1
592,272,550.599,451.599,34.427,88.122,0.861002,-1,-1,-1
592,276,662.421,451.844,38.704,105.603,0.888170,-1,-1,-1
592,306,724.394,444.415,38.125,108.235,0.894118,-1,-1,-1
592,324,821.822,466.382,40.466,77.495,0.635743,-1,-1,-1
592,326,800.692,465.971,46.122,79.532,0.740140,-1,-1,-1
592,329,972.722,455.929,50.515,115.013,0.637282,-1,-1,-1
592,333,1181.621,428.231,88.731,248.075,0.909882,-1,-1,-1
592,339,1671.528,427.636,114.645,159.905,0.682496,-1,-1,-1
593,11,624.964,451.646,37.566,102.368,0.898498,-1,-1,-1
593,17,372.951,465.572,50.302,110.467,0.642213,-1,-1,-1
593,40,413.248,464.398,55.615,104.611,0.601170,-1,-1,-1
593,130,699.531,458.163,29.898,75.666,0.750181,-1,-1,-1
593,174,1091.526,402.549,107.661,295.639,0.929266,-1,-1,-1
593,195,1229.835,434.395,113.541,280.084,0.937410,-1,-1,-1
593,212,1009.644,427.279,93.218,244.317,0.903857,-1,-1,-1
593,223,916.530,475.014,81.760,113.530,0.719339,-1,-1,-1
593,226,962.671,462.698,60.249,130.897,0.614699,-1,-1,-1
593,229,1847.928,429.985,77.652,628.993,0.774887,-1,-1,-1
593,264,584.713,455.383,33.072,84.030,0.859803,-1,-1,-1
593,272,549.879,452.283,34.477,87.407,0.862283,-1,-1,-1
593,276,662.930,451.236,37.878,102.845,0.876517,-1,-1,-1
593,306,725.795,445.736,37.294,105.266,0.888882,-1,-1,-1
593,326,802.240,466.341,46.849,79.670,0.738213,-1,-1,-1
593,333,1184.414,429.028,86.924,247.615,0.899567,-1,-1,-1
593,339,1671.979,428.535,115.472,160.220,0.611897,-1,-1,-1
594,11,625.189,451.578,36.952,103.035,0.887003,-1,-1,-1
594,17,371.401,462.957,52.068,113.379,0.711992,-1,-1,-1
594,40,410.676,452.870,60.792,115.173,0.639493,-1,-1,-1
594,130,699.482,459.383,28.865,73.273,0.716470,-1,-1,-1
594,174,1090.161,401.379,109.305,297.658,0.933467,-1,-1,-1
594,195,1232.707,438.171,116.903,275.073,0.946977,-1,-1,-1
594,212,1011.282,429.892,91.881,241.419,0.898524,-1,-1,-1
594,223,909.058,468.246,88.847,121.477,0.671061,-1,-1,-1
594,252,1788.265,326.938,177.447,749.137,0.638892,-1,-1,-1
594,253,716.268,445.811,34.952,103.705,0.623606,-1,-1,-1
594,264,583.903,454.857,34.077,84.917,0.867693,-1,-1,-1
594,272,549.829,451.331,35.682,87.935,0.871597,-1,-1,-1
594,276,661.755,450.548,38.720,105.806,0.867140,-1,-1,-1
594,306,724.932,445.277,37.872,106.200,0.893403,-1,-1,-1
594,324,816.433,467.244,40.321,76.894,0.609095,-1,-1,-1
594,326,802.126,467.282,46.415,77.821,0.729324,-1,-1,-1
594,333,1183.057,432.386,89.500,248.631,0.895808,-1,-1,-1
594,339,1670.863,427.114,117.661,163.404,0.630873,-1,-1,-1
595,11,624.710,452.201,37.024,101.378,0.895700,-1,-1,-1
595,17,371.585,463.061,52.329,111.927,0.704678,-1,-1,-1
595,40,410.727,456.951,60.236,111.055,0.641606,-1,-1,-1
595,130,699.454,459.342,28.223,72.135,0.737023,-1,-1,-1
595,174,1090.783,404.095,109.588,293.729,0.936689,-1,-1,-1
595,195,1234.302,433.479,118.374,280.289,0.953797,-1,-1,-1
595,212,1016.160,430.425,86.713,236.026,0.911582,-1,-1,-1
595,223,917.939,475.772,87.783,113.560,0.676896,-1,-1,-1
595,229,1865.003,438.864,64.094,572.987,0.673678,-1,-1,-1
595,264,583.013,455.575,34.791,85.139,0.862935,-1,-1,-1
595,272,549.626,453.175,35.983,85.916,0.864652,-1,-1,-1
595,276,661.564,451.876,38.548,105.371,0.872784,-1,-1,-1
595,306,725.547,445.826,37.861,106.557,0.900671,-1,-1,-1
595,326,800.194,465.640,49.033,79.512,0.732631,-1,-1,-1
595,333,1179.050,426.494,87.709,256.285,0.907560,-1,-1,-1
596,11,624.396,451.514,36.789,101.827,0.901605,-1,-1,-1
596,17,371.315,463.488,52.517,111.268,0.693545,-1,-1,-1
596,40,410.557,457.955,60.359,110.715,0.657652,-1,-1,-1
596,130,698.141,459.612,28.172,71.813,0.721789,-1,-1,-1
596,174,1093.679,406.453,111.359,289.176,0.926300,-1,-1,-1
596,195,1237.830,439.287,118.842,273.495,0.951494,-1,-1,-1
596,212,1016.655,436.866,87.988,229.469,0.911783,-1,-1,-1
596,223,912.793,476.113,90.251,113.015,0.700351,-1,-1,-1
596,229,1876.385,449.775,45.695,415.420,0.611439,-1,-1,-1
596,230,1098.053,443.357,41.820,122.784,0.604073,-1,-1,-1
596,264,582.870,453.447,35.551,87.757,0.875831,-1,-1,-1
596,272,549.446,449.008,37.706,90.799,0.861360,-1,-1,-1
596,276,661.319,450.872,38.744,107.700,0.876775,-1,-1,-1
596,304,1115.945,434.192,47.520,130.105,0.613600,-1,-1,-1
596,306,725.310,446.198,38.196,106.392,0.901687,-1,-1,-1
596,324,797.003,470.456,37.515,68.110,0.662608,-1,-1,-1
596,326,800.581,466.360,49.864,78.655,0.711105,-1,-1,-1
596,333,1183.613,429.270,86.906,249.807,0.899871,-1,-1,-1
597,11,624.832,451.983,35.582,100.693,0.890860,-1,-1,-1
597,17,370.223,462.817,53.878,112.152,0.728742,-1,-1,-1
597,40,412.171,462.622,56.742,104.860,0.656316,-1,-1,-1
597,130,697.961,460.309,28.143,71.378,0.723451,-1,-1,-1
597,174,1094.517,400.001,115.065,296.920,0.921958,-1,-1,-1
597,195,1238.301,444.307,120.274,268.522,0.943707,-1,-1,-1
597,212,1018.637,429.660,89.409,237.391,0.913766,-1,-1,-1
597,223,907.943,475.780,86.120,110.954,0.603865,-1,-1,-1
597,230,1095.206,439.198,49.118,140.451,0.715076,-1,-1,-1
597,264,582.795,453.778,34.833,86.403,0.855518,-1,-1,-1
597,272,549.534,449.374,37.575,91.065,0.862211,-1,-1,-1
597,276,661.108,450.413,38.106,106.966,0.873013,-1,-1,-1
597,304,1112.236,425.769,56.791,156.357,0.724900,-1,-1,-1
597,306,725.452,444.039,39.210,108.057,0.902945,-1,-1,-1
597,324,796.543,471.657,38.052,66.716,0.639459,-1,-1,-1
597,326,799.793,466.249,50.247,78.843,0.719233,-1,-1,-1
597,333,1188.335,436.150,91.541,242.770,0.910407,-1,-1,-1
598,11,625.944,453.086,34.165,99.354,0.887173,-1,-1,-1
598,17,373.509,464.826,53.038,106.598,0.724499,-1,-1,-1
598,40,414.624,471.931,53.316,96.417,0.678407,-1,-1,-1
598,130,697.857,460.814,28.482,71.622,0.713108,-1,-1,-1
598,174,1097.580,402.238,112.470,293.200,0.916939,-1,-1,-1
598,195,1241.638,442.550,118.631,269.164,0.934856,-1,-1,-1
598,212,1020.079,433.043,93.106,231.719,0.909614,-1,-1,-1
598,230,1095.998,438.649,46.501,136.076,0.702422,-1,-1,-1
598,264,583.238,453.796,34.334,86.670,0.862916,-1,-1,-1
598,272,549.034,450.551,36.601,90.047,0.858941,-1,-1,-1
598,276,661.824,450.979,36.874,103.924,0.874514,-1,-1,-1
598,304,1116.603,431.554,49.075,138.825,0.697466,-1,-1,-1
598,306,726.133,444.624,39.227,109.192,0.899472,-1,-1,-1
598,326,800.774,467.741,49.470,77.676,0.725507,-1,-1,-1
598,333,1181.016,429.484,94.283,255.500,0.916564,-1,-1,-1
598,347,314.394,453.359,48.813,114.366,0.684470,-1,-1,-1
599,11,626.606,451.924,34.193,100.257,0.881600,-1,-1,-1
599,17,372.344,465.206,55.083,108.227,0.733456,-1,-1,-1
599,40,413.108,473.629,53.072,94.987,0.680384,-1,-1,-1
599,130,698.229,462.194,27.887,69.514,0.721527,-1,-1,-1
599,174,1104.599,404.965,104.741,288.248,0.911182,-1,-1,-1
599,195,1247.557,436.187,115.728,275.801,0.933611,-1,-1,-1
599,212,1025.470,435.416,100.286,236.924,0.916914,-1,-1,-1
599,264,583.377,455.173,33.961,84.294,0.861311,-1,-1,-1
599,272,548.361,451.176,36.064,88.874,0.865625,-1,-1,-1
599,276,661.928,451.301,37.285,104.114,0.853668,-1,-1,-1
599,304,1116.872,431.361,48.872,139.616,0.714937,-1,-1,-1
599,306,726.205,446.858,37.401,105.242,0.895295,-1,-1,-1
599,324,796.569,473.521,37.109,64.173,0.615448,-1,-1,-1
599,326,802.812,469.224,48.164,75.841,0.709506,-1,-1,-1
599,333,1183.114,427.967,95.103,257.206,0.918543,-1,-1,-1
599,347,314.690,456.212,48.212,112.193,0.609360,-1,-1,-1
600,11,626.604,451.612,34.068,100.091,0.885894,-1,-1,-1
600,17,369.775,466.413,54.280,106.866,0.634900,-1,-1,-1
600,40,414.392,468.211,55.212,98.414,0.603458,-1,-1,-1
600,130,696.788,462.461,27.955,67.814,0.702750,-1,-1,-1
600,174,1117.144,413.948,95.211,273.100,0.900380,-1,-1,-1
600,195,1253.793,437.934,113.803,275.810,0.938758,-1,-1,-1
600,212,1026.185,443.241,110.745,236.820,0.922673,-1,-1,-1
600,264,583.434,454.943,34.032,84.525,0.852531,-1,-1,-1
600,272,550.282,452.062,34.235,85.776,0.860387,-1,-1,-1
600,276,661.522,453.401,35.993,99.776,0.825057,-1,-1,-1
600,304,1113.522,431.512,49.893,142.246,0.661100,-1,-1,-1
600,306,725.831,444.244,39.012,107.093,0.901318,-1,-1,-1
600,324,793.430,470.454,36.168,64.120,0.625594,-1,-1,-1
600,326,793.484,463.869,48.459,80.814,0.701368,-1,-1,-1
600,333,1181.552,426.207,93.593,262.707,0.922476,-1,-1,-1
