1,1,728.160,465.310,42.360,101.570,0.896476,-1,-1,-1
1,2,675.610,470.950,57.060,132.870,0.819107,-1,-1,-1
1,3,541.870,451.370,45.360,105.710,0.792042,-1,-1,-1
1,4,1045.720,467.400,80.470,124.570,0.780142,-1,-1,-1
1,5,1677.110,434.190,112.080,153.550,0.751615,-1,-1,-1
1,6,927.140,433.410,50.320,115.490,0.726573,-1,-1,-1
1,7,1365.610,424.560,38.590,106.750,0.707516,-1,-1,-1
1,8,1100.560,439.580,34.780,96.330,0.703962,-1,-1,-1
1,9,1017.160,435.590,40.540,105.520,0.663045,-1,-1,-1
1,10,1334.360,424.160,178.060,358.480,0.951254,-1,-1,-1
1,11,577.240,442.080,103.010,266.400,0.939545,-1,-1,-1
1,12,1418.160,428.290,189.450,342.550,0.937954,-1,-1,-1
1,13,419.610,443.060,139.330,277.770,0.935236,-1,-1,-1
1,14,1251.150,445.690,40.750,98.620,0.851065,-1,-1,-1
1,15,919.080,443.070,66.110,140.540,0.639486,-1,-1,-1
1,16,815.420,472.490,36.920,74.010,0.604398,-1,-1,-1
1,17,692.190,470.260,45.120,96.780,0.700440,-1,-1,-1
1,18,805.720,475.250,38.060,75.030,0.644630,-1,-1,-1
2,1,727.979,465.544,42.531,101.960,0.877782,-1,-1,-1
2,2,678.657,475.783,54.046,125.824,0.749409,-1,-1,-1
2,3,542.510,450.693,45.642,106.396,0.803417,-1,-1,-1
2,4,1046.008,468.502,78.999,122.201,0.797550,-1,-1,-1
2,5,1676.718,432.229,112.916,154.721,0.624234,-1,-1,-1
2,6,931.452,435.128,43.804,100.217,0.766207,-1,-1,-1
2,7,1368.735,425.515,33.875,93.864,0.639649,-1,-1,-1
2,8,1102.885,442.782,31.760,87.852,0.698190,-1,-1,-1
2,9,1016.838,438.532,38.728,100.634,0.727156,-1,-1,-1
2,10,1339.589,418.207,181.209,364.685,0.954422,-1,-1,-1
2,11,578.610,444.215,101.901,263.458,0.941094,-1,-1,-1
2,12,1421.661,428.229,190.198,344.277,0.927078,-1,-1,-1
2,13,424.539,443.789,135.650,270.385,0.920146,-1,-1,-1
2,14,1251.212,445.881,40.730,98.637,0.816723,-1,-1,-1
2,15,922.942,456.191,59.314,125.823,0.570250,-1,-1,-1
2,16,819.502,468.897,38.849,77.759,0.640822,-1,-1,-1
2,17,690.210,469.540,45.348,97.353,0.698511,-1,-1,-1
2,18,804.506,473.488,40.010,78.874,0.613701,-1,-1,-1
3,1,728.773,465.335,42.086,100.697,0.892865,-1,-1,-1
3,2,682.430,474.611,52.771,122.866,0.764486,-1,-1,-1
3,3,543.673,451.759,44.860,104.733,0.855622,-1,-1,-1
3,4,1048.231,470.317,78.669,121.710,0.767319,-1,-1,-1
3,5,1676.062,432.825,112.286,153.881,0.713781,-1,-1,-1
3,6,932.370,435.251,39.766,90.552,0.746665,-1,-1,-1
3,7,1370.721,427.825,34.675,96.273,0.680011,-1,-1,-1
3,8,1102.752,441.380,32.068,88.598,0.706220,-1,-1,-1
3,9,1016.158,438.602,37.286,96.378,0.764274,-1,-1,-1
3,10,1343.799,427.957,178.980,359.946,0.946286,-1,-1,-1
3,11,579.805,444.940,101.788,262.900,0.940728,-1,-1,-1
3,12,1431.886,435.943,183.608,333.130,0.906888,-1,-1,-1
3,13,421.615,444.134,138.271,275.015,0.928296,-1,-1,-1
3,14,1251.429,446.537,40.719,98.734,0.804128,-1,-1,-1
3,15,923.904,461.104,57.335,120.885,0.573101,-1,-1,-1
3,16,822.218,467.873,39.684,79.162,0.692178,-1,-1,-1
3,17,691.810,470.365,44.627,95.802,0.723382,-1,-1,-1
3,18,803.583,473.215,39.875,78.554,0.681095,-1,-1,-1
3,19,977.330,446.074,34.013,75.214,0.654281,-1,-1,-1
3,20,844.897,468.592,44.712,80.896,0.713353,-1,-1,-1
3,21,830.482,462.894,46.276,82.846,0.612617,-1,-1,-1
4,1,729.003,464.160,43.256,103.355,0.897136,-1,-1,-1
4,2,683.667,472.494,54.275,126.597,0.770256,-1,-1,-1
4,3,544.705,453.692,43.934,102.765,0.850640,-1,-1,-1
4,4,1047.235,470.915,78.292,120.980,0.713019,-1,-1,-1
4,5,1675.363,430.811,115.432,158.348,0.757592,-1,-1,-1
4,6,932.102,434.349,41.246,93.538,0.784417,-1,-1,-1
4,7,1372.053,432.307,30.050,82.935,0.675024,-1,-1,-1
4,8,1100.840,437.915,35.443,97.807,0.758091,-1,-1,-1
4,9,1014.555,434.108,39.229,100.695,0.828214,-1,-1,-1
4,10,1350.359,419.111,184.915,371.783,0.940630,-1,-1,-1
4,11,579.153,445.279,101.975,262.903,0.941938,-1,-1,-1
4,12,1439.275,425.801,187.217,342.493,0.912747,-1,-1,-1
4,13,423.484,448.628,137.232,272.565,0.930127,-1,-1,-1
4,14,1251.822,446.312,40.819,99.000,0.818700,-1,-1,-1
4,15,923.898,463.591,56.643,118.860,0.697106,-1,-1,-1
4,16,818.725,467.655,39.720,79.045,0.634051,-1,-1,-1
4,17,693.049,468.717,45.841,98.432,0.737292,-1,-1,-1
4,18,802.802,473.200,39.195,77.204,0.684370,-1,-1,-1
4,19,976.584,446.976,37.374,82.548,0.676353,-1,-1,-1
4,20,843.457,467.027,46.213,83.533,0.745994,-1,-1,-1
4,21,828.070,461.541,44.495,79.864,0.380776,-1,-1,-1
5,1,728.900,463.142,43.745,104.447,0.895755,-1,-1,-1
5,2,682.120,468.664,55.423,129.752,0.671468,-1,-1,-1
5,3,544.458,454.628,43.411,101.706,0.848775,-1,-1,-1
5,4,1050.273,471.273,77.734,120.439,0.669994,-1,-1,-1
5,5,1675.098,430.600,115.807,158.930,0.623756,-1,-1,-1
5,6,930.428,434.060,46.281,105.084,0.789858,-1,-1,-1
5,7,1374.870,431.514,37.586,103.174,0.668893,-1,-1,-1
5,8,1100.602,436.500,36.442,100.591,0.761881,-1,-1,-1
5,9,1014.021,431.983,40.739,103.783,0.809940,-1,-1,-1
5,10,1350.843,411.026,189.530,382.214,0.947922,-1,-1,-1
5,11,578.212,446.779,101.861,261.935,0.942490,-1,-1,-1
5,12,1445.668,422.469,188.082,348.482,0.918486,-1,-1,-1
5,13,426.173,451.650,135.942,269.826,0.931861,-1,-1,-1
5,14,1252.590,445.877,41.265,100.129,0.786686,-1,-1,-1
5,15,922.782,462.342,57.665,120.406,0.711798,-1,-1,-1
5,16,817.031,467.817,39.504,78.489,0.626729,-1,-1,-1
5,17,693.180,465.944,45.472,97.758,0.717364,-1,-1,-1
5,18,802.828,472.914,39.109,77.022,0.688178,-1,-1,-1
5,19,977.569,447.265,36.499,80.476,0.626886,-1,-1,-1
5,20,844.423,466.313,45.243,81.615,0.712859,-1,-1,-1
5,21,828.043,460.997,43.790,78.915,0.406616,-1,-1,-1
6,1,728.836,463.731,44.171,105.548,0.893638,-1,-1,-1
6,2,684.372,472.280,52.975,124.249,0.711819,-1,-1,-1
6,3,544.593,453.325,43.831,102.898,0.856709,-1,-1,-1
6,4,1050.157,444.458,91.808,144.693,0.639084,-1,-1,-1
6,5,1676.409,431.867,113.446,155.520,0.595319,-1,-1,-1
6,6,930.295,434.139,45.963,103.973,0.768292,-1,-1,-1
6,7,1372.521,432.404,42.829,118.437,0.733284,-1,-1,-1
6,8,1099.581,435.915,37.303,103.094,0.752091,-1,-1,-1
6,9,1013.846,431.313,41.467,104.901,0.812430,-1,-1,-1
6,10,1356.451,407.615,190.918,385.734,0.956129,-1,-1,-1
6,11,577.807,447.612,101.536,260.966,0.936919,-1,-1,-1
6,12,1452.708,423.009,185.262,349.413,0.918078,-1,-1,-1
6,13,426.782,453.158,135.596,268.689,0.939086,-1,-1,-1
6,14,1252.411,446.623,40.929,99.406,0.787063,-1,-1,-1
6,15,921.574,458.494,59.671,124.266,0.669121,-1,-1,-1
6,17,692.872,466.417,44.936,96.705,0.708232,-1,-1,-1
6,18,803.975,474.029,38.881,76.475,0.676948,-1,-1,-1
6,19,976.922,447.690,37.321,82.327,0.574039,-1,-1,-1
6,20,845.783,465.113,44.199,79.681,0.738068,-1,-1,-1
6,21,830.406,461.396,41.578,75.307,0.440881,-1,-1,-1
7,1,728.478,465.395,43.616,104.702,0.886088,-1,-1,-1
7,2,684.826,478.164,50.882,119.474,0.744958,-1,-1,-1
7,3,545.020,452.989,43.440,102.221,0.845314,-1,-1,-1
7,4,1057.207,461.489,81.185,129.214,0.694299,-1,-1,-1
7,5,1675.956,432.502,113.020,154.973,0.385898,-1,-1,-1
7,6,930.607,434.572,44.594,100.399,0.774682,-1,-1,-1
7,7,1373.960,435.355,43.657,121.323,0.818875,-1,-1,-1
7,8,1101.110,436.406,35.684,98.947,0.710736,-1,-1,-1
7,9,1014.167,432.444,41.110,103.128,0.721950,-1,-1,-1
7,10,1361.210,403.848,194.096,395.911,0.962751,-1,-1,-1
7,11,578.088,446.906,101.335,259.655,0.935131,-1,-1,-1
7,12,1454.063,424.579,181.355,347.822,0.911846,-1,-1,-1
7,13,426.887,448.670,139.548,277.406,0.939529,-1,-1,-1
7,14,1251.904,446.894,40.533,98.654,0.795504,-1,-1,-1
7,15,923.011,456.435,61.046,125.886,0.636769,-1,-1,-1
7,17,692.915,468.104,44.789,96.575,0.719646,-1,-1,-1
7,18,803.753,474.911,38.531,75.810,0.661670,-1,-1,-1
7,19,982.138,448.640,34.652,76.293,0.334865,-1,-1,-1
7,20,846.030,467.381,43.280,77.872,0.710167,-1,-1,-1
7,21,832.776,461.141,41.340,75.416,0.427097,-1,-1,-1
8,1,728.304,466.134,43.410,104.614,0.879998,-1,-1,-1
8,2,682.671,481.840,50.416,118.687,0.774964,-1,-1,-1
8,3,545.290,455.907,42.549,100.529,0.800885,-1,-1,-1
8,4,1057.427,468.002,77.502,124.464,0.684418,-1,-1,-1
8,5,1674.411,430.003,114.584,156.846,0.531257,-1,-1,-1
8,6,931.697,434.244,42.325,95.087,0.739446,-1,-1,-1
8,7,1374.608,432.878,46.276,128.570,0.825990,-1,-1,-1
8,8,1101.129,436.214,34.911,97.125,0.686647,-1,-1,-1
8,9,1014.266,432.685,43.004,107.539,0.728978,-1,-1,-1
8,10,1368.073,405.612,190.261,393.421,0.949621,-1,-1,-1
8,11,577.812,446.231,101.711,260.198,0.932809,-1,-1,-1
8,12,1461.103,423.644,179.241,351.376,0.911251,-1,-1,-1
8,13,428.747,446.751,139.351,278.022,0.944245,-1,-1,-1
8,14,1251.484,445.864,40.724,99.175,0.837673,-1,-1,-1
8,15,951.528,471.564,58.466,117.994,0.609949,-1,-1,-1
8,17,691.184,468.549,45.425,98.370,0.689106,-1,-1,-1
8,18,803.588,475.581,37.365,73.528,0.683696,-1,-1,-1
8,19,981.367,448.884,34.016,74.952,0.331293,-1,-1,-1
8,20,846.646,466.797,41.741,75.392,0.577863,-1,-1,-1
8,21,834.572,461.729,40.286,73.962,0.460148,-1,-1,-1
8,28,645.317,464.890,67.982,161.890,0.738789,-1,-1,-1
8,16,815.422,472.683,37.026,73.278,0.607456,-1,-1,-1
9,1,727.981,466.645,43.001,103.696,0.877357,-1,-1,-1
9,2,697.296,460.939,38.606,90.381,0.656242,-1,-1,-1
9,3,544.228,455.310,43.235,102.314,0.704701,-1,-1,-1
9,4,1055.732,469.791,76.672,123.545,0.696757,-1,-1,-1
9,5,1676.257,429.791,115.087,157.647,0.571155,-1,-1,-1
9,6,931.646,433.828,40.467,90.998,0.722070,-1,-1,-1
9,7,1376.695,434.876,46.512,128.097,0.846761,-1,-1,-1
9,8,1101.999,437.938,34.938,96.850,0.658926,-1,-1,-1
9,9,1014.363,431.703,43.599,108.089,0.815133,-1,-1,-1
9,10,1377.471,405.012,186.658,392.428,0.960148,-1,-1,-1
9,11,576.597,442.943,103.054,264.120,0.927352,-1,-1,-1
9,12,1465.998,417.388,177.852,357.222,0.912282,-1,-1,-1
9,13,427.884,445.067,138.712,276.663,0.940914,-1,-1,-1
9,14,1251.092,443.812,41.752,101.596,0.852003,-1,-1,-1
9,15,961.269,469.099,62.312,123.460,0.766581,-1,-1,-1
9,17,696.000,465.781,43.014,93.697,0.631579,-1,-1,-1
9,18,805.356,477.045,36.336,71.080,0.669949,-1,-1,-1
9,19,978.911,447.076,34.318,75.466,0.442994,-1,-1,-1
9,20,846.538,466.516,40.400,72.906,0.560861,-1,-1,-1
9,21,836.277,462.264,37.672,69.297,0.383081,-1,-1,-1
9,28,656.599,466.485,63.933,151.925,0.816413,-1,-1,-1
9,16,818.733,470.196,40.661,78.475,0.465322,-1,-1,-1
10,1,728.115,467.279,42.534,102.337,0.882900,-1,-1,-1
10,2,704.147,455.058,32.153,74.288,0.634245,-1,-1,-1
10,3,543.420,452.259,44.512,105.614,0.700037,-1,-1,-1
10,4,1054.981,468.525,76.991,125.259,0.629005,-1,-1,-1
10,5,1676.265,430.318,114.734,157.025,0.634134,-1,-1,-1
10,6,930.072,432.648,41.847,94.356,0.721161,-1,-1,-1
10,7,1377.472,432.995,48.262,131.273,0.860049,-1,-1,-1
10,8,1102.039,438.894,33.812,94.097,0.653389,-1,-1,-1
10,9,1015.310,434.206,42.641,105.100,0.774789,-1,-1,-1
10,10,1386.908,408.778,181.768,388.417,0.943460,-1,-1,-1
10,11,576.078,441.404,104.266,267.744,0.932643,-1,-1,-1
10,12,1479.651,416.697,172.966,358.090,0.911377,-1,-1,-1
10,13,429.755,444.197,138.191,275.268,0.940932,-1,-1,-1
10,14,1250.880,442.937,42.224,102.880,0.838134,-1,-1,-1
10,15,965.656,474.035,61.308,119.243,0.660646,-1,-1,-1
10,17,698.018,466.923,41.884,91.609,0.650232,-1,-1,-1
10,18,806.373,478.030,36.185,70.366,0.632322,-1,-1,-1
10,19,979.321,445.528,34.813,76.515,0.527929,-1,-1,-1
10,20,845.956,466.042,40.940,73.674,0.481745,-1,-1,-1
10,21,836.855,461.700,37.581,69.205,0.370105,-1,-1,-1
10,28,659.602,470.282,62.264,147.618,0.801058,-1,-1,-1
10,16,818.703,468.619,42.998,81.157,0.369777,-1,-1,-1
11,1,727.852,466.442,43.518,104.653,0.888577,-1,-1,-1
11,2,706.334,454.917,31.984,73.186,0.629199,-1,-1,-1
11,3,544.820,453.542,43.738,104.093,0.752669,-1,-1,-1
11,4,1057.567,468.432,76.219,125.360,0.666422,-1,-1,-1
11,5,1675.251,430.539,115.085,157.050,0.609993,-1,-1,-1
11,6,930.227,433.051,41.356,93.230,0.720761,-1,-1,-1
11,7,1379.794,435.596,47.755,127.994,0.859785,-1,-1,-1
11,8,1102.402,439.720,32.661,90.922,0.646848,-1,-1,-1
11,9,1015.273,434.682,42.584,104.560,0.709943,-1,-1,-1
11,10,1395.275,409.179,180.133,391.555,0.934160,-1,-1,-1
11,11,577.801,440.823,104.974,269.414,0.932074,-1,-1,-1
11,12,1491.466,415.824,168.526,359.208,0.925579,-1,-1,-1
11,13,432.241,443.293,138.846,276.204,0.942393,-1,-1,-1
11,14,1251.202,440.805,43.522,105.975,0.857086,-1,-1,-1
11,15,966.284,474.072,61.477,117.791,0.616825,-1,-1,-1
11,17,697.913,466.222,42.108,92.555,0.662259,-1,-1,-1
11,18,806.735,478.742,36.322,70.185,0.646073,-1,-1,-1
11,19,978.586,445.656,34.470,75.863,0.558172,-1,-1,-1
11,20,845.522,465.912,41.758,74.814,0.491922,-1,-1,-1
11,21,836.648,461.608,38.231,70.363,0.378705,-1,-1,-1
11,28,655.983,465.018,64.850,152.786,0.782979,-1,-1,-1
11,16,819.065,468.279,44.351,81.847,0.411932,-1,-1,-1
12,1,727.666,465.996,44.152,106.375,0.881547,-1,-1,-1
12,2,707.161,455.306,30.991,70.214,0.579334,-1,-1,-1
12,3,545.204,455.336,42.946,102.158,0.732051,-1,-1,-1
12,4,1055.488,449.639,83.869,140.685,0.437570,-1,-1,-1
12,5,1675.647,431.147,115.442,157.945,0.752997,-1,-1,-1
12,6,931.644,433.376,39.939,90.129,0.624144,-1,-1,-1
12,7,1380.928,435.122,49.052,129.110,0.852334,-1,-1,-1
12,8,1102.821,440.217,31.990,89.158,0.630939,-1,-1,-1
12,9,1016.908,439.135,39.922,97.752,0.608966,-1,-1,-1
12,10,1405.409,407.758,179.439,394.630,0.935685,-1,-1,-1
12,11,578.581,443.439,103.558,266.046,0.938615,-1,-1,-1
12,12,1499.806,415.408,165.073,361.895,0.925509,-1,-1,-1
12,13,431.258,441.809,139.930,278.646,0.941054,-1,-1,-1
12,14,1251.615,441.434,43.153,104.861,0.860816,-1,-1,-1
12,15,969.864,463.160,62.837,119.332,0.220752,-1,-1,-1
12,17,695.688,466.565,42.345,93.355,0.648057,-1,-1,-1
12,18,807.277,480.551,35.227,67.469,0.598810,-1,-1,-1
12,19,981.431,448.899,32.679,71.973,0.468994,-1,-1,-1
12,20,845.644,465.652,41.749,74.469,0.422921,-1,-1,-1
12,21,835.087,464.759,40.822,73.671,0.413362,-1,-1,-1
12,28,669.133,473.221,57.939,135.523,0.742164,-1,-1,-1
12,16,816.192,469.140,44.388,80.733,0.393979,-1,-1,-1
13,1,727.257,466.253,44.296,106.729,0.868153,-1,-1,-1
13,2,708.708,456.655,30.900,69.740,0.536815,-1,-1,-1
13,3,544.233,453.426,44.339,105.302,0.689976,-1,-1,-1
13,4,1059.003,459.850,78.383,133.185,0.612523,-1,-1,-1
13,5,1676.774,432.067,114.822,157.611,0.683397,-1,-1,-1
13,6,932.461,432.408,39.044,88.045,0.680240,-1,-1,-1
13,7,1383.657,435.507,48.666,125.532,0.862515,-1,-1,-1
13,8,1103.166,441.431,30.717,85.264,0.631030,-1,-1,-1
13,9,1018.516,445.747,36.835,89.466,0.538016,-1,-1,-1
13,10,1415.146,409.107,177.479,394.874,0.916854,-1,-1,-1
13,11,578.788,443.961,103.680,266.290,0.935312,-1,-1,-1
13,12,1509.497,415.075,162.427,364.494,0.926921,-1,-1,-1
13,13,431.314,441.299,140.945,279.795,0.939276,-1,-1,-1
13,14,1251.012,439.963,43.478,105.608,0.840204,-1,-1,-1
13,15,980.218,454.314,62.160,115.508,0.216574,-1,-1,-1
13,17,694.436,469.441,43.147,95.430,0.645599,-1,-1,-1
13,18,805.988,480.268,35.244,66.971,0.650678,-1,-1,-1
13,19,978.048,446.567,34.999,77.310,0.492304,-1,-1,-1
13,20,847.498,465.620,41.735,74.387,0.398248,-1,-1,-1
13,21,836.437,464.560,41.887,74.691,0.330106,-1,-1,-1
13,28,673.682,475.583,57.848,134.726,0.792241,-1,-1,-1
13,16,813.352,470.106,44.569,80.373,0.451315,-1,-1,-1
13,32,658.412,458.302,54.791,145.386,0.600213,-1,-1,-1
14,1,727.525,468.255,43.966,105.823,0.854816,-1,-1,-1
14,2,707.494,456.179,31.388,69.972,0.494614,-1,-1,-1
14,3,543.811,453.303,44.740,106.129,0.759850,-1,-1,-1
14,4,1057.903,448.328,82.598,143.135,0.496424,-1,-1,-1
14,5,1675.783,430.866,115.885,159.661,0.775678,-1,-1,-1
14,6,932.023,432.214,40.337,90.980,0.680033,-1,-1,-1
14,7,1385.078,433.222,49.715,127.075,0.808185,-1,-1,-1
14,8,1103.068,441.110,31.027,86.027,0.603051,-1,-1,-1
14,9,1017.150,449.327,35.280,84.392,0.643761,-1,-1,-1
14,10,1422.483,408.883,176.175,394.878,0.945532,-1,-1,-1
14,11,577.746,442.614,104.079,267.136,0.936679,-1,-1,-1
14,12,1528.518,417.882,161.984,366.463,0.924764,-1,-1,-1
14,13,433.122,440.017,142.999,284.177,0.931196,-1,-1,-1
14,14,1251.480,440.400,43.530,105.403,0.822256,-1,-1,-1
14,15,977.929,456.338,63.901,115.207,0.273603,-1,-1,-1
14,17,693.600,468.387,44.220,97.987,0.617862,-1,-1,-1
14,18,804.982,479.185,35.666,67.359,0.678712,-1,-1,-1
14,19,979.317,447.851,33.673,74.295,0.422519,-1,-1,-1
14,20,848.429,465.941,40.080,71.787,0.439032,-1,-1,-1
14,28,677.386,473.676,56.486,132.004,0.721123,-1,-1,-1
14,16,812.489,471.098,44.281,79.656,0.488512,-1,-1,-1
14,32,660.689,463.056,55.677,146.893,0.726794,-1,-1,-1
15,1,727.305,467.482,43.941,105.832,0.880733,-1,-1,-1
15,2,706.411,455.621,32.587,71.987,0.553152,-1,-1,-1
15,3,542.680,451.965,45.723,108.018,0.787633,-1,-1,-1
15,4,1064.096,440.073,79.201,141.307,0.496327,-1,-1,-1
15,5,1676.802,432.195,115.203,159.513,0.731990,-1,-1,-1
15,6,929.396,431.772,44.235,99.345,0.714112,-1,-1,-1
15,7,1386.222,427.588,52.160,132.070,0.848626,-1,-1,-1
15,8,1101.490,438.994,34.653,96.818,0.679750,-1,-1,-1
15,9,1018.147,455.845,34.113,80.439,0.651197,-1,-1,-1
15,10,1434.756,419.039,172.146,385.070,0.902011,-1,-1,-1
15,11,577.264,439.503,104.899,270.176,0.935405,-1,-1,-1
15,12,1541.624,421.941,163.590,366.858,0.893736,-1,-1,-1
15,13,429.926,439.854,144.516,286.476,0.929420,-1,-1,-1
15,14,1251.181,439.017,44.071,106.840,0.845812,-1,-1,-1
15,15,984.367,460.555,62.620,111.728,0.273904,-1,-1,-1
15,17,695.999,467.636,43.541,96.844,0.662243,-1,-1,-1
15,18,802.247,474.288,35.925,68.053,0.555204,-1,-1,-1
15,19,984.434,452.799,34.419,75.646,0.455454,-1,-1,-1
15,20,847.744,466.011,39.815,72.126,0.556033,-1,-1,-1
15,28,672.214,463.721,52.899,123.106,0.613754,-1,-1,-1
15,16,809.921,470.966,42.751,77.302,0.720070,-1,-1,-1
15,32,663.780,463.341,57.728,151.051,0.785162,-1,-1,-1
16,1,727.022,466.400,43.944,106.705,0.873243,-1,-1,-1
16,2,698.617,449.825,35.861,79.594,0.631951,-1,-1,-1
16,3,541.336,450.059,47.240,111.442,0.778341,-1,-1,-1
16,4,1069.380,445.695,72.180,132.562,0.379282,-1,-1,-1
16,5,1676.889,430.049,115.619,159.894,0.780947,-1,-1,-1
16,6,928.723,431.740,45.329,101.346,0.690844,-1,-1,-1
16,7,1389.820,423.408,53.270,133.691,0.823380,-1,-1,-1
16,8,1100.870,438.917,34.576,96.743,0.635211,-1,-1,-1
16,9,1020.221,456.533,34.832,80.849,0.711681,-1,-1,-1
16,10,1448.491,421.449,174.588,386.133,0.877036,-1,-1,-1
16,11,577.357,437.953,105.171,272.307,0.931162,-1,-1,-1
16,12,1557.608,423.014,167.743,371.456,0.874363,-1,-1,-1
16,13,427.882,441.196,145.504,287.253,0.929536,-1,-1,-1
16,14,1250.711,436.779,45.159,109.024,0.846776,-1,-1,-1
16,15,998.747,481.967,55.081,96.057,0.287360,-1,-1,-1
16,17,696.435,467.479,44.033,98.572,0.698404,-1,-1,-1
16,18,802.477,475.157,36.397,68.953,0.711918,-1,-1,-1
16,19,986.621,454.619,35.546,77.746,0.511869,-1,-1,-1
16,20,847.042,465.684,39.127,71.756,0.537455,-1,-1,-1
16,28,676.433,464.335,57.786,135.900,0.123074,-1,-1,-1
16,16,808.886,470.872,41.790,76.177,0.664913,-1,-1,-1
16,32,661.879,460.343,60.524,157.409,0.812948,-1,-1,-1
16,34,919.811,430.914,62.125,150.182,0.728843,-1,-1,-1
16,35,1830.167,461.542,86.948,190.676,0.675416,-1,-1,-1
17,1,724.431,463.534,45.789,111.899,0.829522,-1,-1,-1
17,2,695.926,447.875,36.992,82.308,0.609800,-1,-1,-1
17,3,540.300,446.904,47.932,113.332,0.765288,-1,-1,-1
17,4,1064.237,470.614,63.511,115.089,0.609369,-1,-1,-1
17,5,1676.682,429.894,115.537,159.785,0.641171,-1,-1,-1
17,6,927.136,432.021,47.475,106.987,0.697891,-1,-1,-1
17,7,1397.864,427.532,52.634,130.400,0.808775,-1,-1,-1
17,8,1101.252,439.933,33.151,92.196,0.598285,-1,-1,-1
17,9,1019.678,454.686,36.900,84.414,0.682674,-1,-1,-1
17,10,1473.515,417.049,183.177,391.447,0.908243,-1,-1,-1
17,11,577.781,437.880,105.017,272.833,0.931018,-1,-1,-1
17,12,1567.597,421.920,173.548,379.905,0.876704,-1,-1,-1
17,13,427.725,442.787,144.896,285.936,0.929224,-1,-1,-1
17,14,1250.150,439.035,43.629,105.640,0.843066,-1,-1,-1
17,15,975.025,483.639,61.525,102.723,0.621068,-1,-1,-1
17,17,693.823,463.657,46.145,104.304,0.647241,-1,-1,-1
17,18,802.730,475.922,34.221,63.914,0.437212,-1,-1,-1
17,19,982.501,452.829,37.400,80.715,0.515340,-1,-1,-1
17,20,847.293,466.929,39.688,73.209,0.549623,-1,-1,-1
17,16,810.333,473.485,40.585,73.740,0.608846,-1,-1,-1
17,32,663.591,461.012,58.819,151.464,0.789045,-1,-1,-1
17,34,919.634,428.964,60.980,147.444,0.750011,-1,-1,-1
17,35,1828.688,454.241,90.112,197.554,0.545955,-1,-1,-1
18,1,723.061,462.733,46.397,113.899,0.838265,-1,-1,-1
18,2,693.493,447.728,38.148,85.353,0.614255,-1,-1,-1
18,3,540.990,446.036,47.214,111.993,0.768830,-1,-1,-1
18,4,1063.093,463.690,68.981,126.332,0.569899,-1,-1,-1
18,5,1679.974,431.497,112.476,155.972,0.588699,-1,-1,-1
18,6,927.181,432.320,46.279,105.899,0.531121,-1,-1,-1
18,7,1400.634,432.121,50.062,123.889,0.810515,-1,-1,-1
18,8,1100.404,440.566,32.652,90.107,0.543539,-1,-1,-1
18,9,1018.874,452.628,39.506,89.550,0.613678,-1,-1,-1
18,10,1470.574,415.033,187.697,396.441,0.926736,-1,-1,-1
18,11,578.091,439.929,103.642,269.265,0.934192,-1,-1,-1
18,12,1572.479,423.101,176.594,384.045,0.926335,-1,-1,-1
18,13,425.941,443.772,144.698,285.666,0.938863,-1,-1,-1
18,14,1249.463,438.716,42.922,104.126,0.842325,-1,-1,-1
18,15,972.723,472.509,70.429,114.858,0.560947,-1,-1,-1
18,17,693.085,463.726,46.399,105.807,0.680043,-1,-1,-1
18,18,803.086,473.944,38.146,71.549,0.633301,-1,-1,-1
18,19,981.185,451.934,38.805,82.579,0.436827,-1,-1,-1
18,20,847.213,467.490,40.285,74.113,0.540997,-1,-1,-1
18,16,811.512,471.606,42.145,76.260,0.637559,-1,-1,-1
18,32,662.033,460.440,58.592,149.223,0.748142,-1,-1,-1
18,34,919.121,428.704,61.357,148.492,0.779438,-1,-1,-1
18,35,1830.179,462.337,86.681,189.743,0.727922,-1,-1,-1
18,28,678.786,466.582,55.604,131.608,0.672036,-1,-1,-1
19,1,722.854,461.599,46.096,112.859,0.821742,-1,-1,-1
19,2,690.198,447.590,43.807,98.460,0.684948,-1,-1,-1
19,3,539.629,446.552,49.720,118.221,0.748158,-1,-1,-1
19,4,1060.198,447.595,76.496,142.804,0.454731,-1,-1,-1
19,5,1678.458,429.844,114.202,159.471,0.607485,-1,-1,-1
19,6,926.068,431.088,48.463,111.638,0.734611,-1,-1,-1
19,7,1402.449,430.870,50.702,125.797,0.625833,-1,-1,-1
19,8,1099.378,438.973,34.168,92.541,0.526662,-1,-1,-1
19,9,1021.213,446.275,40.210,91.003,0.649958,-1,-1,-1
19,10,1474.242,399.781,197.339,409.482,0.942964,-1,-1,-1
19,11,578.833,439.078,104.393,270.692,0.928011,-1,-1,-1
19,12,1581.972,424.896,175.562,377.441,0.920478,-1,-1,-1
19,13,428.593,447.244,142.343,281.771,0.936389,-1,-1,-1
19,14,1249.247,439.432,42.439,103.278,0.852576,-1,-1,-1
19,15,971.412,476.975,64.861,104.811,0.264189,-1,-1,-1
19,18,802.031,473.376,36.622,67.952,0.410154,-1,-1,-1
19,19,981.394,449.803,39.730,84.536,0.459069,-1,-1,-1
19,20,847.778,467.535,40.317,74.344,0.561888,-1,-1,-1
19,16,809.736,471.794,42.377,76.806,0.604697,-1,-1,-1
19,32,658.786,459.868,62.382,156.264,0.811152,-1,-1,-1
19,34,920.232,434.370,60.592,146.283,0.570041,-1,-1,-1
19,35,1827.619,454.494,90.420,197.873,0.638903,-1,-1,-1
20,1,723.585,465.430,44.125,106.701,0.754638,-1,-1,-1
20,2,689.816,444.561,42.302,96.017,0.264280,-1,-1,-1
20,3,540.119,445.008,48.535,116.187,0.682216,-1,-1,-1
20,4,1060.673,439.958,78.365,149.625,0.424633,-1,-1,-1
20,5,1675.482,426.108,120.227,171.147,0.710847,-1,-1,-1
20,6,926.450,431.623,45.909,105.606,0.679512,-1,-1,-1
20,7,1404.149,429.186,52.058,129.749,0.822121,-1,-1,-1
20,8,1095.567,438.765,37.491,100.796,0.508305,-1,-1,-1
20,9,1018.409,441.060,42.561,96.450,0.531218,-1,-1,-1
20,10,1480.114,406.237,201.687,407.031,0.952475,-1,-1,-1
20,11,580.790,437.681,105.324,273.081,0.938009,-1,-1,-1
20,12,1585.300,434.112,174.055,370.366,0.894699,-1,-1,-1
20,13,433.134,446.890,141.161,280.914,0.936506,-1,-1,-1
20,14,1249.055,440.452,41.656,101.308,0.803526,-1,-1,-1
20,15,968.482,471.800,68.999,111.257,0.401738,-1,-1,-1
20,18,802.548,474.159,36.142,66.164,0.440364,-1,-1,-1
20,19,982.062,449.943,41.043,86.331,0.438259,-1,-1,-1
20,20,847.130,467.529,40.413,74.083,0.504904,-1,-1,-1
20,16,807.398,470.523,43.179,78.232,0.619861,-1,-1,-1
20,32,661.202,460.715,60.217,148.647,0.768729,-1,-1,-1
20,34,921.054,443.977,57.872,138.647,0.479790,-1,-1,-1
20,35,1828.209,456.784,89.594,195.722,0.556180,-1,-1,-1
20,36,1492.144,435.632,31.309,99.604,0.747323,-1,-1,-1
20,28,683.643,451.750,53.679,128.062,0.671844,-1,-1,-1
21,1,720.827,464.171,45.999,109.480,0.724935,-1,-1,-1
21,2,685.252,444.563,39.438,89.344,0.471855,-1,-1,-1
21,3,541.704,445.086,45.191,108.112,0.604642,-1,-1,-1
21,4,1063.485,439.931,76.793,149.774,0.482933,-1,-1,-1
21,5,1680.578,430.188,112.271,161.707,0.618865,-1,-1,-1
21,6,925.299,432.274,47.682,110.448,0.710036,-1,-1,-1
21,7,1407.676,436.583,49.233,122.576,0.748324,-1,-1,-1
21,8,1097.449,439.723,35.724,95.808,0.538347,-1,-1,-1
21,9,1015.439,438.693,43.820,98.606,0.528872,-1,-1,-1
21,10,1481.191,411.019,207.539,409.244,0.948578,-1,-1,-1
21,11,582.203,436.496,106.712,275.205,0.934460,-1,-1,-1
21,12,1598.688,426.582,174.510,375.001,0.922255,-1,-1,-1
21,13,435.065,445.616,140.950,282.135,0.932764,-1,-1,-1
21,14,1248.875,440.795,41.600,100.821,0.830016,-1,-1,-1
21,15,968.232,481.649,65.288,102.949,0.340715,-1,-1,-1
21,18,802.444,473.646,36.586,66.219,0.473398,-1,-1,-1
21,19,981.688,449.137,39.489,83.687,0.360985,-1,-1,-1
21,20,847.693,466.402,40.492,74.190,0.619500,-1,-1,-1
21,16,807.241,469.724,43.283,78.476,0.663238,-1,-1,-1
21,32,656.920,459.039,63.711,154.370,0.763022,-1,-1,-1
21,34,921.642,446.458,56.858,135.470,0.453889,-1,-1,-1
21,35,1822.534,424.093,103.535,228.422,0.573528,-1,-1,-1
21,36,1500.401,437.393,31.862,100.640,0.695650,-1,-1,-1
21,28,676.458,450.908,57.477,137.506,0.637888,-1,-1,-1
21,17,687.937,450.740,49.611,113.896,0.673524,-1,-1,-1
22,1,719.369,465.813,47.391,110.292,0.769462,-1,-1,-1
22,3,538.366,445.100,50.632,121.760,0.660438,-1,-1,-1
22,4,1065.299,439.236,75.366,150.200,0.529608,-1,-1,-1
22,5,1683.180,431.759,108.585,158.348,0.599702,-1,-1,-1
22,6,926.179,434.515,42.995,99.879,0.702476,-1,-1,-1
22,7,1410.084,437.168,49.155,121.784,0.775013,-1,-1,-1
22,8,1096.896,437.749,36.585,98.101,0.604282,-1,-1,-1
22,9,1014.704,435.102,45.666,102.819,0.636965,-1,-1,-1
22,10,1479.018,407.355,211.920,410.949,0.949312,-1,-1,-1
22,11,583.672,436.425,107.031,274.828,0.939642,-1,-1,-1
22,12,1605.647,423.156,175.111,381.037,0.917945,-1,-1,-1
22,13,434.309,444.949,141.219,282.197,0.933712,-1,-1,-1
22,14,1248.299,441.406,41.485,100.394,0.834053,-1,-1,-1
22,15,966.080,484.083,67.529,104.092,0.497232,-1,-1,-1
22,18,799.364,471.287,34.241,61.320,0.367068,-1,-1,-1
22,19,979.861,446.816,39.142,83.707,0.457449,-1,-1,-1
22,20,848.262,465.938,40.691,74.237,0.525228,-1,-1,-1
22,16,808.092,471.193,42.739,77.438,0.561910,-1,-1,-1
22,32,656.237,459.203,64.046,152.402,0.779317,-1,-1,-1
22,34,919.039,436.572,58.756,140.706,0.208684,-1,-1,-1
22,35,1817.972,405.266,111.235,248.155,0.746268,-1,-1,-1
22,36,1507.713,434.107,29.402,92.459,0.410748,-1,-1,-1
22,28,673.276,449.560,59.886,144.131,0.638567,-1,-1,-1
22,37,1437.305,460.772,41.736,95.538,0.691918,-1,-1,-1
22,17,686.952,448.001,48.935,112.284,0.725442,-1,-1,-1
23,1,719.043,467.899,47.658,108.943,0.832809,-1,-1,-1
23,3,538.675,445.967,50.957,122.682,0.646720,-1,-1,-1
23,4,1069.783,440.446,71.415,146.041,0.398488,-1,-1,-1
23,5,1676.606,428.772,128.859,193.913,0.262245,-1,-1,-1
23,6,928.215,436.387,42.145,97.524,0.633272,-1,-1,-1
23,7,1420.366,449.459,47.235,111.481,0.811073,-1,-1,-1
23,8,1098.231,437.923,35.024,93.547,0.577483,-1,-1,-1
23,9,1015.988,435.653,44.274,100.241,0.563186,-1,-1,-1
23,10,1479.505,403.965,213.897,412.217,0.938053,-1,-1,-1
23,11,584.159,436.525,107.526,274.184,0.943281,-1,-1,-1
23,12,1609.978,421.255,173.289,384.161,0.914176,-1,-1,-1
23,13,439.900,445.901,139.198,280.128,0.930229,-1,-1,-1
23,14,1248.051,441.691,41.320,99.997,0.854237,-1,-1,-1
23,15,969.377,493.426,64.375,95.597,0.170442,-1,-1,-1
23,18,798.179,471.873,32.611,57.765,0.391795,-1,-1,-1
23,19,983.294,448.458,38.054,81.041,0.359679,-1,-1,-1
23,20,847.877,466.097,40.206,73.248,0.493205,-1,-1,-1
23,16,807.178,471.317,43.381,77.962,0.604029,-1,-1,-1
23,32,648.072,454.622,60.538,143.989,0.315456,-1,-1,-1
23,34,918.499,432.225,62.350,148.795,0.444824,-1,-1,-1
23,35,1816.535,398.232,113.652,256.599,0.831915,-1,-1,-1
23,36,1513.485,432.214,23.944,74.345,0.315182,-1,-1,-1
23,28,669.288,451.592,63.402,153.790,0.821897,-1,-1,-1
23,37,1440.808,459.719,42.451,96.991,0.460534,-1,-1,-1
23,17,686.865,445.465,44.443,100.421,0.679666,-1,-1,-1
24,1,719.233,469.574,47.760,107.130,0.825697,-1,-1,-1
24,3,540.007,445.645,48.500,116.522,0.609098,-1,-1,-1
24,4,1070.139,454.346,65.979,136.019,0.540467,-1,-1,-1
24,5,1668.626,424.702,130.878,203.020,0.124355,-1,-1,-1
24,6,929.448,438.333,39.314,90.515,0.622997,-1,-1,-1
24,7,1420.160,442.097,51.651,116.963,0.757014,-1,-1,-1
24,8,1098.345,438.146,34.372,91.288,0.563165,-1,-1,-1
24,9,1016.668,438.022,43.508,98.858,0.630534,-1,-1,-1
24,10,1485.797,400.487,217.229,414.308,0.953348,-1,-1,-1
24,11,583.993,436.859,108.306,274.252,0.939765,-1,-1,-1
24,12,1618.401,420.858,169.866,383.286,0.915516,-1,-1,-1
24,13,443.768,446.550,138.181,280.523,0.927108,-1,-1,-1
24,14,1248.148,441.991,41.200,99.499,0.816423,-1,-1,-1
24,15,963.088,491.403,68.377,98.637,0.623089,-1,-1,-1
24,18,797.508,472.191,31.820,55.837,0.395463,-1,-1,-1
24,19,985.097,449.648,37.807,79.417,0.434328,-1,-1,-1
24,20,847.850,465.655,40.727,73.845,0.516364,-1,-1,-1
24,16,807.789,471.611,44.056,78.408,0.629660,-1,-1,-1
24,32,648.774,454.772,56.504,132.213,0.383153,-1,-1,-1
24,34,913.411,437.333,56.505,131.177,0.245324,-1,-1,-1
24,35,1817.061,400.066,111.853,255.155,0.779340,-1,-1,-1
24,36,1527.087,433.429,33.351,102.219,0.735942,-1,-1,-1
24,28,668.567,451.679,62.050,150.898,0.767876,-1,-1,-1
24,37,1451.372,458.943,34.184,77.628,0.403223,-1,-1,-1
24,17,683.549,446.195,46.854,105.960,0.756411,-1,-1,-1
25,1,717.746,466.658,49.686,110.411,0.849129,-1,-1,-1
25,3,540.331,446.932,44.448,106.361,0.528378,-1,-1,-1
25,4,1072.294,450.101,66.082,139.248,0.473518,-1,-1,-1
25,5,1666.618,418.718,143.910,232.054,0.371586,-1,-1,-1
25,6,929.156,437.240,39.442,89.660,0.703812,-1,-1,-1
25,7,1423.467,445.467,52.263,113.770,0.809627,-1,-1,-1
25,8,1099.160,436.336,34.605,91.877,0.670378,-1,-1,-1
25,9,1019.097,439.391,42.551,97.185,0.534667,-1,-1,-1
25,10,1490.079,405.277,217.032,410.470,0.953213,-1,-1,-1
25,11,585.072,438.228,108.398,273.274,0.942832,-1,-1,-1
25,12,1627.845,417.147,167.226,385.425,0.910007,-1,-1,-1
25,13,444.203,448.196,137.830,280.930,0.933213,-1,-1,-1
25,14,1247.745,442.082,41.443,100.134,0.857354,-1,-1,-1
25,15,969.771,497.276,65.516,92.294,0.177773,-1,-1,-1
25,18,796.602,473.668,33.467,58.724,0.397203,-1,-1,-1
25,19,979.249,446.554,41.307,87.703,0.314355,-1,-1,-1
25,20,846.710,466.082,40.785,73.671,0.456558,-1,-1,-1
25,16,810.707,471.666,43.253,77.211,0.466640,-1,-1,-1
25,32,647.083,454.464,70.960,165.512,0.604491,-1,-1,-1
25,34,918.178,435.015,54.837,127.642,0.679281,-1,-1,-1
25,35,1818.648,407.284,108.103,248.583,0.754369,-1,-1,-1
25,36,1532.305,439.099,36.629,110.766,0.714460,-1,-1,-1
25,28,666.686,450.561,63.057,153.528,0.735596,-1,-1,-1
25,37,1455.951,455.664,34.903,79.175,0.419062,-1,-1,-1
25,17,686.239,446.339,43.272,96.917,0.717322,-1,-1,-1
25,39,576.718,447.250,38.722,99.214,0.656013,-1,-1,-1
26,1,717.240,463.082,52.043,114.080,0.862678,-1,-1,-1
26,3,541.046,448.188,42.783,102.823,0.435618,-1,-1,-1
26,4,1073.467,447.558,65.809,141.335,0.530534,-1,-1,-1
26,5,1665.448,412.273,145.678,243.784,0.159673,-1,-1,-1
26,6,926.872,435.958,43.852,99.120,0.629763,-1,-1,-1
26,7,1421.536,442.102,55.641,116.743,0.870131,-1,-1,-1
26,8,1098.463,435.035,35.906,95.211,0.710500,-1,-1,-1
26,9,1019.895,446.342,39.811,89.663,0.450234,-1,-1,-1
26,10,1493.556,404.982,217.857,412.045,0.954412,-1,-1,-1
26,11,585.482,437.912,109.072,273.739,0.937858,-1,-1,-1
26,12,1635.221,415.838,163.920,386.862,0.916920,-1,-1,-1
26,13,443.209,445.304,139.774,285.232,0.935056,-1,-1,-1
26,14,1247.649,442.048,41.522,100.374,0.869230,-1,-1,-1
26,15,970.610,494.203,69.336,95.662,0.257028,-1,-1,-1
26,18,796.893,471.991,32.171,55.928,0.274099,-1,-1,-1
26,19,981.187,447.463,38.215,80.922,0.282944,-1,-1,-1
26,20,846.254,466.195,41.770,74.590,0.330556,-1,-1,-1
26,16,813.429,469.484,47.321,82.743,0.278229,-1,-1,-1
26,32,649.789,451.636,72.429,167.129,0.543235,-1,-1,-1
26,34,918.858,433.562,58.012,134.664,0.671825,-1,-1,-1
26,35,1818.272,405.516,108.161,251.211,0.712048,-1,-1,-1
26,36,1540.663,440.236,35.558,106.605,0.544147,-1,-1,-1
26,28,673.073,445.156,58.891,144.252,0.671156,-1,-1,-1
26,37,1457.485,453.804,37.027,84.232,0.526128,-1,-1,-1
26,17,687.948,444.692,41.625,92.663,0.764734,-1,-1,-1
26,39,575.650,447.736,41.281,105.715,0.601898,-1,-1,-1
26,40,407.698,462.196,55.222,96.144,0.624135,-1,-1,-1
27,1,717.481,461.526,51.609,111.541,0.819738,-1,-1,-1
27,3,543.929,450.201,42.560,102.081,0.478203,-1,-1,-1
27,4,1073.398,437.966,68.020,149.490,0.528248,-1,-1,-1
27,6,925.951,434.956,44.312,101.309,0.401948,-1,-1,-1
27,7,1421.538,440.372,57.693,117.421,0.864298,-1,-1,-1
27,8,1097.135,434.617,37.726,99.949,0.694802,-1,-1,-1
27,9,1010.273,446.411,41.613,91.893,0.619429,-1,-1,-1
27,10,1503.752,404.219,220.934,419.055,0.933253,-1,-1,-1
27,11,585.548,438.195,109.688,274.846,0.940232,-1,-1,-1
27,12,1643.326,415.422,162.552,391.581,0.903644,-1,-1,-1
27,13,444.308,442.131,141.155,288.408,0.939719,-1,-1,-1
27,14,1247.559,442.251,41.315,100.008,0.858313,-1,-1,-1
27,15,973.129,499.011,67.926,91.149,0.179653,-1,-1,-1
27,18,798.378,471.542,32.679,56.325,0.286425,-1,-1,-1
27,19,983.213,447.918,36.601,77.627,0.302039,-1,-1,-1
27,20,846.677,466.212,41.583,73.391,0.290441,-1,-1,-1
27,16,812.695,469.099,48.901,83.952,0.281284,-1,-1,-1
27,32,646.222,450.933,80.529,184.571,0.165620,-1,-1,-1
27,34,918.778,431.274,61.448,142.604,0.726790,-1,-1,-1
27,35,1819.511,403.659,106.889,250.729,0.774535,-1,-1,-1
27,36,1546.020,441.040,38.561,114.425,0.557271,-1,-1,-1
27,28,664.223,449.302,56.792,133.860,0.539200,-1,-1,-1
27,37,1459.335,453.016,40.299,92.177,0.674780,-1,-1,-1
27,17,689.119,442.084,42.292,94.169,0.776015,-1,-1,-1
27,39,574.552,450.179,38.743,98.942,0.615110,-1,-1,-1
27,40,409.112,462.033,56.167,97.698,0.623041,-1,-1,-1
28,1,717.740,460.981,50.984,109.322,0.830260,-1,-1,-1
28,3,544.309,450.557,41.981,100.825,0.419227,-1,-1,-1
28,4,1072.466,439.906,67.012,149.056,0.590540,-1,-1,-1
28,6,924.464,433.954,47.280,108.437,0.623726,-1,-1,-1
28,7,1421.073,436.733,61.124,122.186,0.883048,-1,-1,-1
28,8,1097.873,434.600,37.304,98.488,0.731976,-1,-1,-1
28,9,1007.595,444.274,43.819,94.985,0.689478,-1,-1,-1
28,10,1517.581,400.466,223.138,428.123,0.930348,-1,-1,-1
28,11,586.016,437.233,110.209,276.358,0.934725,-1,-1,-1
28,12,1655.956,410.653,158.960,387.136,0.924926,-1,-1,-1
28,13,440.244,439.591,143.107,291.217,0.940687,-1,-1,-1
28,14,1248.490,441.272,41.699,101.049,0.872652,-1,-1,-1
28,15,972.081,499.989,69.566,90.637,0.158688,-1,-1,-1
28,18,798.294,470.905,33.289,57.257,0.379704,-1,-1,-1
28,19,985.469,445.815,34.756,73.886,0.352373,-1,-1,-1
28,20,845.410,466.141,42.711,74.975,0.477752,-1,-1,-1
28,16,817.611,467.789,49.941,84.359,0.414107,-1,-1,-1
28,32,649.507,456.224,80.292,184.410,0.730866,-1,-1,-1
28,34,917.386,429.219,63.863,148.072,0.713031,-1,-1,-1
28,35,1826.286,407.750,104.027,249.385,0.830782,-1,-1,-1
28,36,1548.655,436.653,40.723,119.741,0.777525,-1,-1,-1
28,28,678.292,451.226,51.940,122.451,0.622686,-1,-1,-1
28,37,1459.766,449.760,42.517,97.937,0.634239,-1,-1,-1
28,17,689.899,440.873,42.799,95.278,0.783262,-1,-1,-1
28,39,570.640,448.278,46.834,119.734,0.719358,-1,-1,-1
28,40,414.452,471.884,48.613,84.090,0.534352,-1,-1,-1
29,1,715.449,463.840,53.206,113.387,0.824989,-1,-1,-1
29,3,541.202,447.974,48.539,117.718,0.459111,-1,-1,-1
29,4,1073.298,452.571,62.266,138.756,0.699003,-1,-1,-1
29,6,925.052,433.395,46.073,104.736,0.562400,-1,-1,-1
29,7,1422.455,435.792,62.364,124.018,0.865264,-1,-1,-1
29,8,1098.347,434.690,36.474,95.942,0.699538,-1,-1,-1
29,9,1007.518,449.769,41.340,88.088,0.677058,-1,-1,-1
29,10,1530.292,401.905,217.694,424.211,0.931367,-1,-1,-1
29,11,587.407,438.791,109.800,275.564,0.927680,-1,-1,-1
29,12,1667.279,410.694,156.561,384.447,0.924055,-1,-1,-1
29,13,442.077,440.305,142.309,289.053,0.934836,-1,-1,-1
29,14,1247.636,441.893,41.525,100.804,0.863497,-1,-1,-1
29,15,968.305,496.314,73.102,94.158,0.173901,-1,-1,-1
29,18,798.372,469.741,33.940,58.021,0.354873,-1,-1,-1
29,19,987.231,449.447,34.871,74.534,0.296967,-1,-1,-1
29,20,845.253,466.463,42.500,74.152,0.452108,-1,-1,-1
29,16,814.115,469.714,47.178,79.865,0.512209,-1,-1,-1
29,32,645.632,454.046,83.388,189.880,0.739207,-1,-1,-1
29,34,917.818,429.234,62.968,145.614,0.598170,-1,-1,-1
29,35,1825.929,419.646,98.319,235.929,0.853486,-1,-1,-1
29,36,1552.138,443.469,39.186,113.957,0.805205,-1,-1,-1
29,37,1459.501,446.624,43.896,102.010,0.609901,-1,-1,-1
29,17,690.414,441.156,42.173,93.788,0.771793,-1,-1,-1
29,39,569.068,446.389,48.271,124.094,0.702025,-1,-1,-1
29,40,415.691,474.163,47.392,81.383,0.503152,-1,-1,-1
30,1,715.481,464.461,53.289,112.869,0.798086,-1,-1,-1
30,3,538.815,446.108,51.116,125.241,0.417524,-1,-1,-1
30,4,1074.149,459.721,59.556,132.210,0.730423,-1,-1,-1
30,6,924.309,434.253,46.970,107.246,0.515258,-1,-1,-1
30,7,1426.790,432.655,62.077,126.049,0.885978,-1,-1,-1
30,8,1099.435,435.546,34.764,90.405,0.654035,-1,-1,-1
30,9,1004.848,454.182,42.845,89.824,0.649565,-1,-1,-1
30,10,1550.040,397.748,215.102,426.088,0.946527,-1,-1,-1
30,11,589.836,436.980,110.290,277.143,0.929344,-1,-1,-1
30,12,1679.737,414.980,159.994,385.342,0.903856,-1,-1,-1
30,13,444.834,439.506,143.053,291.627,0.934892,-1,-1,-1
30,14,1248.378,441.939,41.349,100.672,0.860757,-1,-1,-1
30,15,965.882,484.426,81.549,105.668,0.259984,-1,-1,-1
30,18,798.519,468.999,33.726,57.508,0.344107,-1,-1,-1
30,19,989.021,451.074,34.315,73.532,0.305054,-1,-1,-1
30,20,844.984,466.681,43.103,74.902,0.522725,-1,-1,-1
30,16,812.206,469.843,46.221,78.780,0.526788,-1,-1,-1
30,32,644.565,449.394,86.937,196.820,0.582240,-1,-1,-1
30,34,917.712,429.988,62.367,144.340,0.583473,-1,-1,-1
30,35,1829.413,427.196,92.326,221.639,0.790649,-1,-1,-1
30,36,1554.530,450.878,37.465,107.001,0.837743,-1,-1,-1
30,37,1468.744,446.665,39.928,93.768,0.701399,-1,-1,-1
30,17,692.378,441.625,39.596,88.556,0.533033,-1,-1,-1
30,39,564.311,444.668,52.311,134.444,0.759887,-1,-1,-1
30,40,413.634,470.523,49.407,84.455,0.596864,-1,-1,-1
30,28,685.745,444.605,49.703,117.582,0.749496,-1,-1,-1
31,1,714.909,467.026,52.579,111.444,0.824186,-1,-1,-1
31,3,540.524,448.818,51.833,128.602,0.406053,-1,-1,-1
31,4,1072.848,459.386,60.134,133.295,0.628808,-1,-1,-1
31,6,924.374,434.977,48.977,111.347,0.600448,-1,-1,-1
31,7,1432.141,431.180,60.582,126.396,0.860575,-1,-1,-1
31,8,1097.922,434.413,37.833,98.640,0.666643,-1,-1,-1
31,9,1003.440,453.057,42.482,88.057,0.689652,-1,-1,-1
31,10,1565.213,395.141,216.332,434.999,0.931807,-1,-1,-1
31,11,593.501,436.188,110.263,277.084,0.931121,-1,-1,-1
31,12,1691.126,409.718,170.310,396.344,0.914578,-1,-1,-1
31,13,446.990,438.221,143.502,294.476,0.936055,-1,-1,-1
31,14,1248.522,441.413,41.413,100.968,0.866288,-1,-1,-1
31,15,965.963,490.857,77.481,99.203,0.224765,-1,-1,-1
31,18,797.374,470.876,31.928,54.182,0.352598,-1,-1,-1
31,19,987.632,450.910,35.644,75.990,0.332114,-1,-1,-1
31,20,845.508,466.565,43.751,76.144,0.627226,-1,-1,-1
31,16,809.144,471.050,44.407,76.087,0.553820,-1,-1,-1
31,32,644.393,450.657,87.755,197.425,0.603939,-1,-1,-1
31,34,915.066,431.848,64.696,148.575,0.797543,-1,-1,-1
31,35,1832.858,430.126,90.503,219.211,0.726927,-1,-1,-1
31,36,1554.295,457.117,36.211,100.546,0.758617,-1,-1,-1
31,37,1475.777,445.715,39.359,92.936,0.757262,-1,-1,-1
31,17,675.011,445.777,61.061,137.833,0.650859,-1,-1,-1
31,39,561.771,446.569,54.138,139.626,0.767643,-1,-1,-1
31,40,414.586,471.596,49.249,83.718,0.650092,-1,-1,-1
31,28,684.676,444.473,51.942,123.057,0.746010,-1,-1,-1
32,1,711.744,463.094,54.933,116.811,0.743046,-1,-1,-1
32,3,543.916,451.370,52.374,130.501,0.381622,-1,-1,-1
32,4,1072.505,456.874,61.228,135.841,0.636109,-1,-1,-1
32,6,924.814,435.243,49.092,110.780,0.574313,-1,-1,-1
32,7,1437.340,429.683,59.423,127.326,0.886513,-1,-1,-1
32,8,1098.358,434.723,38.910,102.040,0.688583,-1,-1,-1
32,9,1003.386,455.224,40.954,83.901,0.588007,-1,-1,-1
32,10,1577.290,391.257,218.094,443.944,0.942519,-1,-1,-1
32,11,596.912,438.812,108.648,272.733,0.932752,-1,-1,-1
32,12,1705.007,410.167,177.609,400.768,0.936502,-1,-1,-1
32,13,445.091,438.099,144.524,296.718,0.935759,-1,-1,-1
32,14,1248.595,441.056,41.388,101.425,0.869084,-1,-1,-1
32,15,966.131,497.025,74.184,93.247,0.208124,-1,-1,-1
32,18,795.662,467.817,30.766,52.722,0.187280,-1,-1,-1
32,19,985.286,451.408,35.589,75.597,0.299718,-1,-1,-1
32,20,845.562,466.776,43.758,76.415,0.593012,-1,-1,-1
32,16,807.161,471.471,43.060,73.977,0.598188,-1,-1,-1
32,32,655.818,451.148,85.816,194.668,0.710668,-1,-1,-1
32,34,915.069,434.286,65.064,147.820,0.779110,-1,-1,-1
32,35,1831.754,416.345,96.430,238.475,0.618968,-1,-1,-1
32,36,1552.695,447.986,39.396,109.260,0.767393,-1,-1,-1
32,37,1480.716,445.634,38.379,91.072,0.824864,-1,-1,-1
32,39,559.174,447.340,55.410,142.434,0.793352,-1,-1,-1
32,40,414.378,470.833,49.441,83.522,0.678053,-1,-1,-1
32,28,684.604,443.444,56.415,134.123,0.687585,-1,-1,-1
32,42,1086.387,432.192,48.697,127.064,0.648820,-1,-1,-1
33,1,707.469,458.910,57.843,123.336,0.688608,-1,-1,-1
33,3,545.727,450.182,52.780,132.179,0.394207,-1,-1,-1
33,4,1072.701,457.929,60.557,134.359,0.629504,-1,-1,-1
33,6,924.584,435.157,50.153,112.529,0.584305,-1,-1,-1
33,7,1439.739,429.265,57.460,126.315,0.883399,-1,-1,-1
33,8,1099.289,435.126,38.268,100.761,0.709327,-1,-1,-1
33,9,1004.485,448.716,42.559,86.740,0.681100,-1,-1,-1
33,10,1587.292,390.878,219.167,452.390,0.943423,-1,-1,-1
33,11,596.875,437.521,108.650,273.422,0.931632,-1,-1,-1
33,12,1712.743,408.325,184.250,405.919,0.946993,-1,-1,-1
33,13,445.551,437.358,144.746,297.413,0.939491,-1,-1,-1
33,14,1249.104,440.645,41.361,101.750,0.875946,-1,-1,-1
33,15,962.839,495.719,76.201,94.778,0.280792,-1,-1,-1
33,18,793.551,465.100,29.883,51.511,0.157286,-1,-1,-1
33,19,984.247,448.530,35.711,75.163,0.238231,-1,-1,-1
33,20,846.142,466.836,43.088,76.052,0.583512,-1,-1,-1
33,16,805.047,470.604,42.678,73.776,0.561795,-1,-1,-1
33,32,660.535,451.886,85.656,196.973,0.748817,-1,-1,-1
33,34,914.500,432.711,66.726,150.678,0.781320,-1,-1,-1
33,35,1831.356,406.355,98.633,249.181,0.751612,-1,-1,-1
33,36,1552.224,443.258,41.583,114.956,0.809656,-1,-1,-1
33,37,1482.004,439.363,41.353,98.977,0.777734,-1,-1,-1
33,39,558.096,445.459,56.393,144.813,0.785428,-1,-1,-1
33,40,414.913,471.894,49.513,83.110,0.696659,-1,-1,-1
33,28,686.120,443.513,60.126,143.680,0.705382,-1,-1,-1
34,1,706.971,462.979,54.936,117.140,0.653269,-1,-1,-1
34,3,546.241,449.880,52.197,131.518,0.398040,-1,-1,-1
34,4,1072.031,465.564,58.174,128.320,0.647442,-1,-1,-1
34,6,925.778,434.011,45.943,101.791,0.532127,-1,-1,-1
34,7,1443.166,428.535,57.029,128.041,0.893308,-1,-1,-1
34,8,1099.555,434.595,36.589,96.049,0.664775,-1,-1,-1
34,9,1002.956,447.998,47.588,97.092,0.736647,-1,-1,-1
34,10,1595.462,383.656,224.859,470.447,0.945084,-1,-1,-1
34,11,599.977,439.221,107.531,270.870,0.923364,-1,-1,-1
34,12,1717.798,416.273,188.275,408.092,0.884966,-1,-1,-1
34,13,444.561,438.534,146.153,300.207,0.945334,-1,-1,-1
34,14,1249.706,441.324,41.094,101.145,0.863758,-1,-1,-1
34,15,956.602,491.686,78.527,97.025,0.206538,-1,-1,-1
34,19,983.948,448.123,35.823,75.321,0.222755,-1,-1,-1
34,20,846.047,467.689,43.087,75.927,0.503171,-1,-1,-1
34,16,803.100,474.409,39.366,67.175,0.362754,-1,-1,-1
34,32,664.458,454.010,78.147,180.510,0.685835,-1,-1,-1
34,34,917.038,434.366,62.545,141.651,0.592039,-1,-1,-1
34,35,1830.584,403.034,98.339,252.509,0.597671,-1,-1,-1
34,36,1552.811,441.505,42.437,116.974,0.731811,-1,-1,-1
34,37,1484.857,441.980,39.898,95.902,0.823250,-1,-1,-1
34,39,558.239,445.468,56.679,145.188,0.756074,-1,-1,-1
34,40,414.306,472.467,47.824,79.240,0.569578,-1,-1,-1
34,28,688.784,444.596,56.669,136.912,0.697817,-1,-1,-1
34,17,689.095,444.606,48.317,111.164,0.638553,-1,-1,-1
34,42,1088.075,434.173,44.478,115.853,0.602206,-1,-1,-1
35,1,710.337,469.301,51.691,110.550,0.672217,-1,-1,-1
35,3,545.983,450.208,51.065,130.162,0.385764,-1,-1,-1
35,4,1071.926,470.067,56.381,124.334,0.705699,-1,-1,-1
35,6,927.080,434.445,41.807,92.014,0.469660,-1,-1,-1
35,7,1445.824,428.130,55.935,128.041,0.889913,-1,-1,-1
35,8,1099.853,434.435,34.431,90.324,0.655304,-1,-1,-1
35,9,999.966,448.011,49.783,102.209,0.660566,-1,-1,-1
35,10,1609.080,385.469,224.305,471.057,0.946432,-1,-1,-1
35,11,600.486,438.733,107.223,271.233,0.929994,-1,-1,-1
35,12,1725.706,421.252,187.917,403.337,0.898219,-1,-1,-1
35,13,443.209,437.608,147.545,303.145,0.944850,-1,-1,-1
35,14,1249.760,440.394,41.380,102.218,0.865782,-1,-1,-1
35,15,955.725,495.514,74.417,92.072,0.224352,-1,-1,-1
35,19,982.421,447.747,36.750,77.376,0.255708,-1,-1,-1
35,20,846.947,467.818,42.743,74.839,0.518371,-1,-1,-1
35,16,798.499,474.513,37.947,64.753,0.347988,-1,-1,-1
35,32,656.452,450.921,84.620,197.678,0.811802,-1,-1,-1
35,34,921.109,470.454,52.187,111.510,0.717013,-1,-1,-1
35,35,1837.239,403.741,95.018,251.556,0.601015,-1,-1,-1
35,36,1551.161,437.321,44.392,121.083,0.696979,-1,-1,-1
35,37,1485.700,441.890,39.845,96.109,0.816615,-1,-1,-1
35,39,561.147,446.420,55.787,143.455,0.800596,-1,-1,-1
35,40,413.405,470.180,48.299,79.592,0.459128,-1,-1,-1
35,28,689.394,444.183,54.007,131.905,0.629007,-1,-1,-1
35,17,693.398,443.687,42.812,99.450,0.683951,-1,-1,-1
35,42,1087.408,434.878,44.210,115.329,0.599980,-1,-1,-1
36,1,706.084,466.352,56.523,121.774,0.677325,-1,-1,-1
36,3,545.652,450.462,50.357,130.199,0.376228,-1,-1,-1
36,4,1072.929,471.696,55.537,122.579,0.774914,-1,-1,-1
36,6,927.935,435.174,39.492,86.857,0.469122,-1,-1,-1
36,7,1449.147,427.923,55.577,129.752,0.898051,-1,-1,-1
36,8,1100.081,434.625,33.050,86.608,0.658670,-1,-1,-1
36,9,1000.182,448.470,48.368,99.868,0.738138,-1,-1,-1
36,10,1624.156,391.104,226.735,471.210,0.936319,-1,-1,-1
36,11,600.430,437.860,107.311,273.091,0.931737,-1,-1,-1
36,12,1734.106,418.060,188.668,405.934,0.920727,-1,-1,-1
36,13,441.421,437.131,149.115,305.833,0.942063,-1,-1,-1
36,14,1249.883,439.863,41.797,103.534,0.859141,-1,-1,-1
36,15,954.401,495.626,74.257,91.861,0.346878,-1,-1,-1
36,19,980.607,447.898,37.888,80.015,0.224958,-1,-1,-1
36,20,845.603,467.881,43.804,76.003,0.551262,-1,-1,-1
36,16,801.879,472.020,43.071,73.668,0.627296,-1,-1,-1
36,32,657.011,455.018,84.539,198.427,0.826620,-1,-1,-1
36,34,922.873,483.069,49.711,101.101,0.592265,-1,-1,-1
36,35,1837.082,424.528,84.418,222.744,0.156050,-1,-1,-1
36,36,1550.694,440.033,43.782,118.095,0.668990,-1,-1,-1
36,37,1487.860,442.063,40.397,97.052,0.692348,-1,-1,-1
36,39,564.056,447.726,54.202,140.634,0.793184,-1,-1,-1
36,40,411.959,468.360,50.015,82.439,0.638815,-1,-1,-1
36,28,688.972,457.269,53.633,131.360,0.574086,-1,-1,-1
36,17,699.444,443.064,33.635,78.192,0.640849,-1,-1,-1
37,1,702.178,458.343,56.698,122.674,0.585743,-1,-1,-1
37,3,546.077,450.589,50.018,130.292,0.313999,-1,-1,-1
37,4,1072.438,474.607,54.817,120.362,0.773271,-1,-1,-1
37,6,928.069,435.309,39.971,87.564,0.583248,-1,-1,-1
37,7,1452.226,427.080,54.909,130.298,0.897197,-1,-1,-1
37,8,1100.791,433.757,31.963,83.415,0.638448,-1,-1,-1
37,9,1000.136,447.035,48.539,100.655,0.716927,-1,-1,-1
37,10,1639.554,388.515,238.337,488.480,0.956440,-1,-1,-1
37,11,602.045,439.015,106.221,272.093,0.933322,-1,-1,-1
37,12,1748.328,416.249,186.255,408.066,0.928141,-1,-1,-1
37,13,442.259,441.366,146.696,298.543,0.942217,-1,-1,-1
37,14,1250.364,440.670,41.250,102.439,0.866867,-1,-1,-1
37,15,953.839,501.862,69.639,85.532,0.192518,-1,-1,-1
37,19,981.053,447.933,37.016,78.311,0.265921,-1,-1,-1
37,20,845.131,467.119,43.697,74.904,0.459236,-1,-1,-1
37,16,802.776,473.273,41.381,69.859,0.388537,-1,-1,-1
37,32,663.622,457.858,84.557,195.921,0.728342,-1,-1,-1
37,34,922.426,489.191,49.179,95.502,0.628210,-1,-1,-1
37,35,1849.181,437.020,76.161,205.184,0.192252,-1,-1,-1
37,36,1551.480,436.855,44.784,120.561,0.463387,-1,-1,-1
37,37,1491.894,440.456,40.664,97.696,0.413742,-1,-1,-1
37,39,565.509,447.977,52.675,137.367,0.765650,-1,-1,-1
37,40,409.279,466.774,53.963,88.676,0.753102,-1,-1,-1
37,28,665.632,459.003,65.740,162.792,0.635476,-1,-1,-1
37,17,701.153,442.879,29.499,67.937,0.388812,-1,-1,-1
38,1,701.581,455.640,56.252,122.029,0.597667,-1,-1,-1
38,3,547.432,451.065,45.032,118.052,0.302914,-1,-1,-1
38,4,1071.945,467.370,57.340,126.478,0.533331,-1,-1,-1
38,6,927.390,435.848,42.901,92.833,0.528274,-1,-1,-1
38,7,1455.626,425.751,54.256,130.871,0.905538,-1,-1,-1
38,8,1100.973,433.683,32.788,85.535,0.605042,-1,-1,-1
38,9,1000.678,446.773,47.875,99.921,0.628821,-1,-1,-1
38,10,1647.650,390.514,238.706,480.853,0.957501,-1,-1,-1
38,11,603.269,439.443,105.683,272.462,0.929101,-1,-1,-1
38,12,1758.404,430.197,176.093,390.253,0.873184,-1,-1,-1
38,13,439.652,443.486,149.287,302.089,0.944935,-1,-1,-1
38,14,1250.501,440.054,41.343,103.042,0.864048,-1,-1,-1
38,15,962.263,500.059,72.792,88.024,0.173882,-1,-1,-1
38,19,981.978,447.468,35.949,76.083,0.267729,-1,-1,-1
38,20,847.254,466.709,43.542,74.725,0.496291,-1,-1,-1
38,16,800.599,472.902,39.493,66.533,0.383666,-1,-1,-1
38,32,656.905,454.275,90.774,209.611,0.811219,-1,-1,-1
38,34,918.179,473.174,58.224,111.066,0.601439,-1,-1,-1
38,35,1847.783,405.345,86.371,242.207,0.600636,-1,-1,-1
38,36,1552.457,437.105,42.297,114.690,0.459530,-1,-1,-1
38,37,1495.768,434.077,45.719,109.990,0.514126,-1,-1,-1
38,39,567.981,448.104,48.698,127.731,0.603543,-1,-1,-1
38,40,408.170,463.178,56.051,92.507,0.764345,-1,-1,-1
38,28,664.462,455.542,62.014,150.723,0.385089,-1,-1,-1
38,17,702.327,443.817,29.125,66.734,0.562537,-1,-1,-1
38,44,310.910,450.998,39.971,102.156,0.655890,-1,-1,-1
39,1,701.007,453.426,56.404,123.194,0.638030,-1,-1,-1
39,3,548.856,450.473,46.181,122.319,0.290311,-1,-1,-1
39,4,1073.124,466.981,57.169,126.169,0.603922,-1,-1,-1
39,6,925.921,434.327,45.024,95.608,0.590584,-1,-1,-1
39,7,1458.443,425.642,53.236,129.571,0.905593,-1,-1,-1
39,8,1100.967,433.802,33.157,86.205,0.613952,-1,-1,-1
39,9,1001.985,440.542,58.203,120.926,0.187125,-1,-1,-1
39,10,1648.520,392.280,242.931,480.930,0.968018,-1,-1,-1
39,11,606.697,441.888,104.823,270.197,0.928582,-1,-1,-1
39,12,1773.328,420.688,173.247,397.477,0.928367,-1,-1,-1
39,13,441.352,445.840,147.546,297.127,0.944522,-1,-1,-1
39,14,1250.539,439.621,41.620,103.982,0.857854,-1,-1,-1
39,15,962.242,497.605,75.478,90.930,0.247216,-1,-1,-1
39,19,980.243,446.202,33.776,71.616,0.288100,-1,-1,-1
39,20,846.633,467.356,45.161,76.659,0.526745,-1,-1,-1
39,16,798.558,473.492,38.374,64.590,0.442092,-1,-1,-1
39,32,653.705,452.112,94.271,217.243,0.781555,-1,-1,-1
39,34,912.886,449.570,69.734,134.091,0.675114,-1,-1,-1
39,35,1851.954,402.033,84.773,248.151,0.549352,-1,-1,-1
39,36,1553.363,436.441,42.083,115.841,0.273182,-1,-1,-1
39,37,1496.939,430.718,47.885,115.028,0.382931,-1,-1,-1
39,39,584.177,439.142,52.800,139.802,0.608388,-1,-1,-1
39,40,408.404,461.193,57.705,95.285,0.757891,-1,-1,-1
39,28,663.852,453.388,60.333,143.796,0.427196,-1,-1,-1
39,17,704.561,445.338,36.467,83.573,0.623643,-1,-1,-1
39,44,307.031,448.211,44.180,113.250,0.692466,-1,-1,-1
40,1,700.049,451.781,57.814,126.827,0.711074,-1,-1,-1
40,3,557.297,446.494,52.793,138.788,0.722743,-1,-1,-1
40,4,1071.312,471.957,56.247,121.728,0.571564,-1,-1,-1
40,6,923.175,434.437,50.148,105.727,0.537569,-1,-1,-1
40,7,1461.045,426.772,52.164,126.859,0.885483,-1,-1,-1
40,8,1100.592,434.242,33.864,87.931,0.624079,-1,-1,-1
40,9,999.433,437.471,61.337,128.404,0.176670,-1,-1,-1
40,10,1646.573,392.900,249.235,486.120,0.965228,-1,-1,-1
40,11,608.986,441.580,105.835,270.683,0.925831,-1,-1,-1
40,12,1783.061,410.591,169.101,403.015,0.929738,-1,-1,-1
40,13,440.847,446.860,149.240,299.097,0.937088,-1,-1,-1
40,14,1250.586,438.956,41.928,105.206,0.853770,-1,-1,-1
40,15,964.012,496.254,77.999,92.246,0.190301,-1,-1,-1
40,19,974.041,445.789,35.596,75.127,0.220153,-1,-1,-1
40,20,846.292,467.232,45.437,76.870,0.560789,-1,-1,-1
40,16,799.208,475.307,37.369,62.491,0.405911,-1,-1,-1
40,32,655.210,452.083,93.563,215.574,0.641589,-1,-1,-1
40,34,910.008,438.613,74.977,144.796,0.695894,-1,-1,-1
40,35,1854.060,394.970,83.582,255.424,0.320403,-1,-1,-1
40,37,1496.385,430.235,48.223,114.419,0.552860,-1,-1,-1
40,39,591.305,436.285,55.634,147.556,0.557305,-1,-1,-1
40,40,407.363,460.293,58.710,97.517,0.789713,-1,-1,-1
40,28,665.236,451.586,62.361,145.295,0.368834,-1,-1,-1
40,17,698.702,444.949,45.691,105.985,0.616562,-1,-1,-1
40,44,306.752,447.398,45.706,117.507,0.760682,-1,-1,-1
41,1,698.910,449.565,56.663,125.241,0.719504,-1,-1,-1
41,3,561.538,446.190,53.329,140.325,0.732647,-1,-1,-1
41,4,1069.436,473.038,56.488,120.515,0.529873,-1,-1,-1
41,6,921.657,433.673,54.017,114.138,0.632906,-1,-1,-1
41,7,1465.416,429.047,52.210,125.285,0.872485,-1,-1,-1
41,8,1101.513,435.205,32.972,85.458,0.651049,-1,-1,-1
41,9,1000.599,438.843,55.710,117.287,0.672375,-1,-1,-1
41,10,1645.999,392.427,251.869,487.493,0.965817,-1,-1,-1
41,11,611.576,441.399,107.017,271.040,0.933455,-1,-1,-1
41,12,1791.103,406.776,164.122,407.778,0.884508,-1,-1,-1
41,13,441.129,447.230,150.651,301.282,0.940203,-1,-1,-1
41,14,1250.956,439.142,42.052,105.550,0.863377,-1,-1,-1
41,15,964.006,498.149,76.022,90.169,0.192026,-1,-1,-1
41,19,976.382,446.629,33.607,71.243,0.267873,-1,-1,-1
41,20,845.985,467.300,45.419,76.187,0.477407,-1,-1,-1
41,16,799.273,474.986,37.441,62.313,0.423496,-1,-1,-1
41,32,658.835,452.457,92.732,215.302,0.490220,-1,-1,-1
41,34,908.107,431.653,78.006,152.161,0.777467,-1,-1,-1
41,37,1492.507,430.124,50.613,117.381,0.633142,-1,-1,-1
41,39,592.627,437.104,55.751,148.613,0.696867,-1,-1,-1
41,40,407.852,460.410,58.840,97.848,0.792551,-1,-1,-1
41,28,665.302,453.216,56.924,130.045,0.449645,-1,-1,-1
41,17,701.684,445.317,44.053,102.690,0.692829,-1,-1,-1
41,44,306.785,446.681,45.930,118.598,0.777703,-1,-1,-1
42,1,697.273,448.378,57.937,128.845,0.728816,-1,-1,-1
42,3,562.064,447.018,52.969,138.573,0.520909,-1,-1,-1
42,4,1067.713,471.873,57.940,121.728,0.740940,-1,-1,-1
42,6,920.637,434.253,54.246,113.942,0.643050,-1,-1,-1
42,7,1467.868,429.559,53.237,125.736,0.875030,-1,-1,-1
42,8,1099.755,433.073,34.520,89.112,0.673705,-1,-1,-1
42,9,1001.800,442.036,52.609,111.106,0.748827,-1,-1,-1
42,10,1648.973,392.214,250.502,481.972,0.966212,-1,-1,-1
42,11,613.586,441.598,108.376,271.049,0.934858,-1,-1,-1
42,12,1794.587,393.287,165.241,430.497,0.918373,-1,-1,-1
42,13,440.381,447.211,152.526,304.516,0.948215,-1,-1,-1
42,14,1251.195,439.753,41.516,104.163,0.863344,-1,-1,-1
42,15,966.533,499.005,74.782,89.027,0.188146,-1,-1,-1
42,19,977.107,447.322,34.108,72.923,0.368763,-1,-1,-1
42,20,845.921,465.843,47.234,78.182,0.542036,-1,-1,-1
42,16,796.270,472.467,34.625,57.635,0.431705,-1,-1,-1
42,32,660.927,452.096,91.768,213.364,0.571983,-1,-1,-1
42,34,907.937,431.293,77.610,152.534,0.764364,-1,-1,-1
42,37,1489.256,429.298,53.383,122.561,0.601442,-1,-1,-1
42,39,592.968,436.080,56.550,150.726,0.685586,-1,-1,-1
42,40,408.213,458.340,58.243,97.376,0.765290,-1,-1,-1
42,28,666.403,452.486,57.878,128.659,0.334003,-1,-1,-1
42,17,714.040,450.685,49.062,114.954,0.678063,-1,-1,-1
42,44,307.621,447.644,45.337,117.406,0.739478,-1,-1,-1
42,42,1086.274,431.336,46.141,119.838,0.640970,-1,-1,-1
43,1,701.278,451.287,57.859,128.004,0.736848,-1,-1,-1
43,3,566.765,446.217,53.233,138.546,0.755045,-1,-1,-1
43,4,1066.674,472.261,59.468,124.034,0.701034,-1,-1,-1
43,6,922.280,434.632,51.170,106.297,0.633688,-1,-1,-1
43,7,1469.141,429.099,54.528,126.963,0.867627,-1,-1,-1
43,8,1100.137,434.159,33.929,87.479,0.704185,-1,-1,-1
43,9,1002.239,440.402,50.551,106.696,0.736983,-1,-1,-1
43,10,1652.595,388.509,255.463,489.583,0.958714,-1,-1,-1
43,11,610.803,440.950,108.542,271.916,0.928614,-1,-1,-1
43,12,1803.263,391.715,156.837,429.104,0.902177,-1,-1,-1
43,13,440.333,446.883,155.113,310.214,0.950752,-1,-1,-1
43,14,1251.156,439.471,41.732,104.712,0.847132,-1,-1,-1
43,15,965.973,494.413,77.821,93.672,0.192005,-1,-1,-1
43,19,975.827,446.534,35.634,77.038,0.360677,-1,-1,-1
43,20,844.454,466.967,47.819,77.707,0.520538,-1,-1,-1
43,16,795.332,471.483,33.602,55.966,0.405877,-1,-1,-1
43,32,663.106,452.438,92.590,214.293,0.619189,-1,-1,-1
43,34,908.699,431.563,76.454,151.470,0.750841,-1,-1,-1
43,39,585.358,436.324,55.443,148.696,0.532737,-1,-1,-1
43,40,408.996,463.620,55.663,92.625,0.762878,-1,-1,-1
43,28,662.758,450.691,55.138,123.997,0.255444,-1,-1,-1
43,17,720.121,456.103,48.044,113.001,0.587746,-1,-1,-1
43,44,307.872,448.804,44.766,116.242,0.708800,-1,-1,-1
43,42,1088.819,432.990,42.449,109.418,0.622895,-1,-1,-1
44,1,699.279,449.765,55.070,122.924,0.661789,-1,-1,-1
44,3,566.378,446.791,53.120,136.724,0.656733,-1,-1,-1
44,4,1068.294,472.691,59.461,124.128,0.652255,-1,-1,-1
44,6,924.284,435.626,47.987,99.184,0.560975,-1,-1,-1
44,7,1471.020,430.306,53.850,124.872,0.877762,-1,-1,-1
44,8,1100.421,434.508,33.810,87.285,0.713619,-1,-1,-1
44,9,1002.532,445.272,49.899,104.723,0.590151,-1,-1,-1
44,10,1657.776,386.000,259.009,496.552,0.955098,-1,-1,-1
44,11,610.374,439.906,109.122,273.105,0.935429,-1,-1,-1
44,13,439.741,446.671,155.793,311.602,0.951581,-1,-1,-1
44,14,1251.124,439.230,41.712,104.859,0.850277,-1,-1,-1
44,15,966.880,495.013,79.055,93.754,0.183481,-1,-1,-1
44,19,978.404,447.428,35.313,76.413,0.266928,-1,-1,-1
44,20,847.810,465.593,47.799,77.240,0.438395,-1,-1,-1
44,16,794.897,471.941,32.774,54.681,0.373556,-1,-1,-1
44,32,667.091,451.293,90.237,211.068,0.693312,-1,-1,-1
44,34,910.816,431.766,72.118,144.526,0.626516,-1,-1,-1
44,39,587.149,433.759,55.687,150.401,0.460950,-1,-1,-1
44,40,409.844,467.482,53.571,88.587,0.734558,-1,-1,-1
44,28,664.969,449.537,48.224,109.596,0.364374,-1,-1,-1
44,17,724.587,456.648,46.677,110.902,0.667144,-1,-1,-1
44,44,307.884,449.405,44.432,115.704,0.712865,-1,-1,-1
44,35,1829.129,397.963,114.649,369.762,0.640194,-1,-1,-1
45,1,700.923,446.074,48.866,110.682,0.704210,-1,-1,-1
45,3,567.504,445.531,53.866,138.264,0.764839,-1,-1,-1
45,4,1068.815,469.074,60.646,126.921,0.721582,-1,-1,-1
45,6,925.593,434.797,45.053,92.927,0.511454,-1,-1,-1
45,7,1473.131,430.260,53.611,125.097,0.869465,-1,-1,-1
45,8,1100.010,435.900,33.315,85.809,0.656019,-1,-1,-1
45,9,1003.553,448.816,49.905,104.049,0.626129,-1,-1,-1
45,10,1668.698,382.997,256.120,496.422,0.943214,-1,-1,-1
45,11,610.685,439.165,109.879,274.622,0.937875,-1,-1,-1
45,13,439.180,446.981,156.783,314.587,0.946888,-1,-1,-1
45,14,1251.557,439.933,41.562,104.360,0.833885,-1,-1,-1
45,15,963.763,495.727,78.674,92.899,0.270062,-1,-1,-1
45,19,977.461,448.439,35.846,78.160,0.317151,-1,-1,-1
45,20,843.376,467.862,49.315,79.328,0.666776,-1,-1,-1
45,16,803.216,473.023,40.754,68.104,0.633434,-1,-1,-1
45,32,668.893,453.216,87.858,208.356,0.761965,-1,-1,-1
45,34,914.619,452.265,65.881,129.457,0.590640,-1,-1,-1
45,39,592.558,435.892,51.065,139.263,0.570306,-1,-1,-1
45,40,409.818,466.859,53.772,88.579,0.712591,-1,-1,-1
45,28,679.296,455.514,56.976,128.467,0.703743,-1,-1,-1
45,17,727.618,456.503,45.889,109.820,0.798922,-1,-1,-1
45,44,311.791,454.604,40.192,103.882,0.549453,-1,-1,-1
45,35,1823.736,393.004,123.146,420.398,0.795524,-1,-1,-1
45,42,1086.677,435.386,44.284,113.474,0.604810,-1,-1,-1
46,1,702.749,445.173,45.774,105.225,0.712217,-1,-1,-1
46,3,567.747,443.573,55.533,141.858,0.707822,-1,-1,-1
46,4,1069.022,469.694,60.075,125.371,0.537722,-1,-1,-1
46,6,924.854,436.083,46.240,94.560,0.596052,-1,-1,-1
46,7,1475.972,430.208,52.288,123.933,0.879145,-1,-1,-1
46,8,1100.885,435.026,33.621,86.770,0.722930,-1,-1,-1
46,9,1005.462,447.634,45.441,93.957,0.649199,-1,-1,-1
46,10,1684.508,383.514,250.136,493.114,0.936999,-1,-1,-1
46,11,612.150,440.308,109.312,273.022,0.941787,-1,-1,-1
46,13,438.119,445.351,158.128,318.453,0.956610,-1,-1,-1
46,14,1252.190,437.329,42.546,107.111,0.848351,-1,-1,-1
46,15,960.129,495.345,80.428,93.865,0.233898,-1,-1,-1
46,19,980.195,448.505,35.726,77.745,0.323003,-1,-1,-1
46,20,841.580,468.633,51.081,81.520,0.629735,-1,-1,-1
46,16,800.781,474.143,40.549,67.811,0.479174,-1,-1,-1
46,32,670.450,455.275,86.766,207.217,0.707060,-1,-1,-1
46,34,917.832,463.336,61.696,119.279,0.480384,-1,-1,-1
46,39,590.591,436.113,53.119,144.691,0.590229,-1,-1,-1
46,40,411.256,469.736,51.845,84.649,0.620174,-1,-1,-1
46,28,674.631,449.866,55.424,125.241,0.252087,-1,-1,-1
46,17,729.708,455.391,44.609,107.211,0.727717,-1,-1,-1
46,44,309.033,451.178,42.887,111.363,0.684485,-1,-1,-1
46,35,1826.410,390.751,120.601,435.556,0.768065,-1,-1,-1
46,42,1082.571,441.918,52.088,134.389,0.312805,-1,-1,-1
47,1,704.810,443.945,44.420,103.337,0.616956,-1,-1,-1
47,3,570.234,440.793,56.959,146.019,0.759215,-1,-1,-1
47,4,1070.131,472.023,58.789,122.169,0.682064,-1,-1,-1
47,6,926.052,435.011,44.174,90.106,0.554576,-1,-1,-1
47,7,1480.061,429.477,51.433,124.252,0.873473,-1,-1,-1
47,8,1101.375,436.669,33.021,85.225,0.703476,-1,-1,-1
47,9,1006.222,449.694,42.064,86.597,0.690813,-1,-1,-1
47,10,1701.129,381.404,243.603,491.926,0.950502,-1,-1,-1
47,11,611.874,439.561,109.435,273.681,0.943046,-1,-1,-1
47,13,436.977,443.549,159.128,321.947,0.955249,-1,-1,-1
47,14,1252.599,435.640,43.037,108.722,0.855494,-1,-1,-1
47,15,958.400,495.458,80.814,94.185,0.352349,-1,-1,-1
47,19,980.373,448.480,36.868,80.284,0.358461,-1,-1,-1
47,20,840.120,468.833,51.628,82.536,0.666990,-1,-1,-1
47,16,799.437,473.920,42.580,72.143,0.608436,-1,-1,-1
47,32,672.097,453.789,87.515,208.460,0.824149,-1,-1,-1
47,34,912.582,443.861,68.649,134.318,0.627657,-1,-1,-1
47,39,591.178,437.136,52.845,143.889,0.561444,-1,-1,-1
47,40,410.781,468.506,52.760,85.877,0.647239,-1,-1,-1
47,28,672.140,445.974,56.885,129.616,0.397511,-1,-1,-1
47,17,729.068,454.201,45.073,109.406,0.718968,-1,-1,-1
47,44,308.478,449.945,43.518,113.553,0.734810,-1,-1,-1
47,35,1828.247,392.377,112.318,420.772,0.545512,-1,-1,-1
47,37,1507.372,435.553,44.891,103.962,0.685842,-1,-1,-1
48,1,707.343,447.854,43.215,99.668,0.449457,-1,-1,-1
48,3,570.796,440.884,57.160,146.816,0.775558,-1,-1,-1
48,4,1070.030,473.529,58.474,120.848,0.765004,-1,-1,-1
48,6,923.754,436.973,47.611,96.621,0.600126,-1,-1,-1
48,7,1484.274,429.674,50.183,124.133,0.734884,-1,-1,-1
48,8,1100.805,435.072,33.678,86.962,0.693768,-1,-1,-1
48,9,1005.801,447.042,43.302,89.401,0.740581,-1,-1,-1
48,10,1721.507,376.681,237.899,499.198,0.956024,-1,-1,-1
48,11,612.298,438.876,109.855,274.631,0.942099,-1,-1,-1
48,13,436.614,443.248,158.811,322.266,0.955237,-1,-1,-1
48,14,1253.771,438.024,42.040,106.272,0.876981,-1,-1,-1
48,15,956.791,499.134,78.851,90.558,0.404192,-1,-1,-1
48,19,978.851,447.162,36.245,79.597,0.370468,-1,-1,-1
48,20,842.426,468.284,50.075,79.738,0.686793,-1,-1,-1
48,16,799.953,474.975,40.120,67.413,0.425211,-1,-1,-1
48,32,674.397,453.942,87.323,208.655,0.846982,-1,-1,-1
48,34,907.781,441.588,71.280,140.219,0.330574,-1,-1,-1
48,39,591.131,438.494,53.354,144.815,0.556700,-1,-1,-1
48,40,412.691,470.128,52.340,84.258,0.640515,-1,-1,-1
48,28,667.444,444.477,63.607,147.131,0.195814,-1,-1,-1
48,17,730.405,454.900,44.349,108.228,0.671277,-1,-1,-1
48,44,311.102,454.145,39.441,102.322,0.593611,-1,-1,-1
48,35,1832.100,395.413,106.348,414.443,0.339053,-1,-1,-1
48,37,1510.667,434.106,45.050,104.667,0.474480,-1,-1,-1
48,42,1086.530,435.995,45.877,117.555,0.625869,-1,-1,-1
49,1,708.874,445.237,43.741,100.864,0.487951,-1,-1,-1
49,3,571.620,443.693,56.358,144.082,0.778614,-1,-1,-1
49,4,1068.813,475.994,58.047,118.030,0.741462,-1,-1,-1
49,6,923.848,434.658,47.933,96.984,0.564428,-1,-1,-1
49,7,1487.621,438.564,44.918,112.280,0.422336,-1,-1,-1
49,8,1101.002,436.797,32.918,84.767,0.626152,-1,-1,-1
49,9,1006.087,445.921,42.785,88.089,0.677710,-1,-1,-1
49,10,1732.079,378.326,229.088,497.840,0.946136,-1,-1,-1
49,11,612.951,439.865,109.532,273.916,0.943014,-1,-1,-1
49,13,436.858,443.195,157.920,321.311,0.952849,-1,-1,-1
49,14,1254.526,439.797,41.239,103.986,0.873213,-1,-1,-1
49,15,950.079,497.991,81.728,91.859,0.233497,-1,-1,-1
49,19,978.446,445.830,35.842,79.248,0.462834,-1,-1,-1
49,20,843.596,467.954,49.986,79.318,0.715097,-1,-1,-1
49,16,803.399,472.651,43.552,73.564,0.659477,-1,-1,-1
49,32,676.085,453.288,88.633,212.618,0.863482,-1,-1,-1
49,34,910.163,448.194,70.144,136.423,0.673582,-1,-1,-1
49,40,412.414,465.356,54.612,88.154,0.600010,-1,-1,-1
49,28,662.737,445.747,64.007,151.186,0.147969,-1,-1,-1
49,17,730.669,455.657,44.210,107.902,0.635990,-1,-1,-1
49,44,311.964,454.532,39.150,100.766,0.431755,-1,-1,-1
49,35,1838.740,399.407,98.103,397.491,0.239910,-1,-1,-1
49,37,1513.345,437.115,42.764,98.335,0.526207,-1,-1,-1
50,1,712.139,448.147,44.045,99.442,0.522915,-1,-1,-1
50,3,572.522,445.079,56.032,142.980,0.800741,-1,-1,-1
50,4,1065.860,473.724,60.046,119.838,0.706257,-1,-1,-1
50,6,924.442,434.746,47.648,96.872,0.453544,-1,-1,-1
50,7,1492.140,438.895,45.603,114.525,0.720576,-1,-1,-1
50,8,1101.261,436.244,32.784,84.084,0.591374,-1,-1,-1
50,9,1004.990,447.369,41.056,84.663,0.617187,-1,-1,-1
50,10,1747.733,381.224,217.936,494.419,0.928236,-1,-1,-1
50,11,614.669,441.968,109.271,271.688,0.936364,-1,-1,-1
50,13,435.779,443.666,157.057,318.475,0.955560,-1,-1,-1
50,14,1253.833,440.993,40.873,103.101,0.842508,-1,-1,-1
50,15,957.030,496.537,83.246,93.150,0.184015,-1,-1,-1
50,19,979.667,447.015,35.055,77.469,0.326473,-1,-1,-1
50,20,842.950,466.784,51.448,81.488,0.727297,-1,-1,-1
50,16,803.992,473.183,43.314,73.313,0.624642,-1,-1,-1
50,32,678.875,453.591,88.536,211.984,0.851538,-1,-1,-1
50,34,913.914,462.949,64.608,123.241,0.605111,-1,-1,-1
50,40,410.883,460.402,58.409,94.874,0.600670,-1,-1,-1
50,28,662.074,449.250,60.662,145.907,0.167400,-1,-1,-1
50,17,729.948,455.569,45.010,109.360,0.616836,-1,-1,-1
50,44,309.820,451.250,41.639,108.649,0.435294,-1,-1,-1
50,35,1840.513,403.847,95.643,402.361,0.155647,-1,-1,-1
50,37,1518.840,439.738,38.906,90.597,0.407831,-1,-1,-1
50,5,1682.977,432.932,100.492,160.414,0.607809,-1,-1,-1
51,3,574.373,448.168,55.049,140.130,0.726067,-1,-1,-1
51,4,1065.961,474.356,60.697,119.400,0.724854,-1,-1,-1
51,6,924.641,433.201,46.335,94.490,0.463409,-1,-1,-1
51,7,1498.608,437.266,47.049,116.403,0.794577,-1,-1,-1
51,8,1101.249,437.413,31.976,81.360,0.533039,-1,-1,-1
51,9,1004.066,447.738,41.331,84.952,0.621353,-1,-1,-1
51,11,613.696,439.732,109.920,273.606,0.948994,-1,-1,-1
51,13,436.672,443.623,156.751,318.037,0.953457,-1,-1,-1
51,14,1254.477,441.355,40.851,102.801,0.850875,-1,-1,-1
51,15,952.490,499.971,81.030,89.372,0.208809,-1,-1,-1
51,19,980.813,447.380,35.226,77.459,0.302236,-1,-1,-1
51,20,843.160,467.777,49.992,79.060,0.626114,-1,-1,-1
51,16,803.732,475.260,42.912,72.854,0.622096,-1,-1,-1
51,32,680.392,451.550,89.055,213.247,0.853285,-1,-1,-1
51,34,917.885,478.596,58.296,107.621,0.595230,-1,-1,-1
51,40,411.589,461.534,56.243,91.440,0.542202,-1,-1,-1
51,28,661.995,450.373,60.841,149.344,0.127712,-1,-1,-1
51,17,732.911,454.684,44.437,108.106,0.778484,-1,-1,-1
51,44,308.206,449.542,43.660,114.047,0.468198,-1,-1,-1
51,35,1816.753,383.230,111.626,472.774,0.932579,-1,-1,-1
51,37,1517.842,439.361,40.398,94.623,0.450876,-1,-1,-1
51,5,1683.249,436.406,99.386,152.583,0.692211,-1,-1,-1
52,3,574.342,447.462,55.512,142.316,0.681569,-1,-1,-1
52,4,1067.066,473.872,60.963,119.568,0.689435,-1,-1,-1
52,6,925.123,432.757,45.297,92.729,0.604902,-1,-1,-1
52,7,1504.032,437.403,47.396,115.427,0.753745,-1,-1,-1
52,8,1100.303,436.345,33.303,84.544,0.650847,-1,-1,-1
52,9,1003.924,446.789,41.142,84.449,0.655995,-1,-1,-1
52,11,613.343,439.041,109.940,274.748,0.949746,-1,-1,-1
52,13,435.304,439.440,158.402,321.468,0.952149,-1,-1,-1
52,14,1254.337,443.089,40.209,100.790,0.849905,-1,-1,-1
52,15,955.654,492.133,88.922,98.038,0.188476,-1,-1,-1
52,19,979.309,446.400,34.205,75.661,0.394830,-1,-1,-1
52,20,838.782,466.909,53.526,82.072,0.621670,-1,-1,-1
52,16,808.096,473.378,45.144,75.568,0.489135,-1,-1,-1
52,32,681.005,453.954,87.217,208.546,0.872254,-1,-1,-1
52,34,916.688,448.832,61.482,114.825,0.620629,-1,-1,-1
52,40,410.221,457.674,58.693,95.999,0.670311,-1,-1,-1
52,28,661.620,450.064,62.429,156.864,0.156622,-1,-1,-1
52,17,734.601,457.416,43.421,105.273,0.612066,-1,-1,-1
52,44,308.098,450.074,42.816,113.147,0.640187,-1,-1,-1
52,35,1808.526,376.275,116.754,497.500,0.924709,-1,-1,-1
52,37,1519.054,442.559,42.445,99.857,0.596225,-1,-1,-1
52,5,1681.455,435.504,102.315,154.065,0.678650,-1,-1,-1
53,3,573.599,447.562,55.515,141.745,0.656379,-1,-1,-1
53,4,1067.328,470.479,62.268,122.181,0.655970,-1,-1,-1
53,6,921.651,433.049,49.235,101.165,0.651200,-1,-1,-1
53,7,1504.403,435.301,49.229,116.907,0.770392,-1,-1,-1
53,8,1098.587,435.321,35.955,91.522,0.720349,-1,-1,-1
53,9,1003.081,446.379,39.893,82.093,0.609567,-1,-1,-1
53,11,613.188,438.431,109.770,275.988,0.946152,-1,-1,-1
53,13,436.787,437.513,158.065,321.860,0.945513,-1,-1,-1
53,14,1255.584,443.139,41.059,102.538,0.876149,-1,-1,-1
53,15,959.229,496.551,86.176,93.768,0.137768,-1,-1,-1
53,19,981.626,446.656,34.082,75.305,0.374891,-1,-1,-1
53,20,841.471,466.409,50.995,78.254,0.545177,-1,-1,-1
53,16,809.788,473.356,45.450,75.768,0.583991,-1,-1,-1
53,32,682.066,458.937,84.733,202.743,0.874468,-1,-1,-1
53,34,914.517,455.773,63.722,118.816,0.421688,-1,-1,-1
53,40,412.867,467.356,53.518,86.717,0.433031,-1,-1,-1
53,28,656.559,452.428,72.371,186.183,0.223126,-1,-1,-1
53,17,736.327,457.627,42.606,103.415,0.814263,-1,-1,-1
53,44,307.179,450.141,42.709,113.818,0.683921,-1,-1,-1
53,35,1803.661,375.926,118.185,503.289,0.923061,-1,-1,-1
53,37,1519.671,441.019,44.233,105.070,0.582140,-1,-1,-1
53,5,1680.580,435.282,103.704,153.401,0.384633,-1,-1,-1
53,1,716.459,444.088,39.719,91.154,0.608021,-1,-1,-1
54,3,571.644,445.656,57.046,144.060,0.748640,-1,-1,-1
54,4,1070.849,472.034,60.785,119.811,0.724450,-1,-1,-1
54,6,922.468,434.624,46.956,96.152,0.633665,-1,-1,-1
54,7,1499.765,437.748,48.459,114.658,0.720400,-1,-1,-1
54,8,1099.075,434.659,35.104,89.050,0.690965,-1,-1,-1
54,9,1002.051,445.197,40.169,83.042,0.647413,-1,-1,-1
54,11,613.182,437.651,109.481,276.982,0.943383,-1,-1,-1
54,13,435.475,436.706,158.324,322.291,0.951020,-1,-1,-1
54,14,1255.106,442.343,40.899,102.055,0.874191,-1,-1,-1
54,15,951.921,500.985,83.254,89.849,0.204292,-1,-1,-1
54,19,980.043,446.661,33.499,74.407,0.389904,-1,-1,-1
54,20,840.276,466.550,51.922,79.478,0.652030,-1,-1,-1
54,16,809.445,473.047,46.121,76.627,0.606655,-1,-1,-1
54,32,682.147,458.420,85.263,202.890,0.862532,-1,-1,-1
54,34,909.588,445.275,67.477,127.352,0.220032,-1,-1,-1
54,40,414.246,471.372,51.272,82.214,0.457803,-1,-1,-1
54,28,659.482,451.591,66.643,174.600,0.190051,-1,-1,-1
54,17,736.272,457.375,43.854,106.259,0.769872,-1,-1,-1
54,44,307.413,451.152,41.543,112.058,0.627726,-1,-1,-1
54,35,1801.750,378.776,118.336,503.080,0.940988,-1,-1,-1
54,37,1523.440,441.787,44.519,106.213,0.797425,-1,-1,-1
54,5,1678.670,433.706,108.845,161.400,0.603569,-1,-1,-1
54,1,715.400,444.059,36.427,83.992,0.571180,-1,-1,-1
54,39,590.281,445.034,50.909,138.359,0.618580,-1,-1,-1
54,42,1084.725,439.322,50.124,129.080,0.623941,-1,-1,-1
55,3,572.014,445.762,57.069,143.954,0.828381,-1,-1,-1
55,4,1070.666,473.353,60.121,118.464,0.763328,-1,-1,-1
55,6,923.599,435.454,45.238,92.326,0.688775,-1,-1,-1
55,7,1495.973,440.878,46.513,110.637,0.805707,-1,-1,-1
55,8,1099.652,435.003,34.698,87.922,0.721182,-1,-1,-1
55,9,1002.163,443.765,40.593,83.739,0.671057,-1,-1,-1
55,11,614.507,439.992,108.251,274.618,0.941571,-1,-1,-1
55,13,439.611,438.973,157.077,321.345,0.946039,-1,-1,-1
55,14,1254.391,441.084,41.332,103.144,0.871952,-1,-1,-1
55,15,950.569,501.691,82.941,89.113,0.290357,-1,-1,-1
55,19,979.363,446.387,33.553,74.864,0.437211,-1,-1,-1
55,20,837.957,465.734,54.750,82.901,0.748524,-1,-1,-1
55,16,809.108,473.905,46.312,76.603,0.616875,-1,-1,-1
55,32,681.889,457.515,86.281,203.886,0.865202,-1,-1,-1
55,34,906.867,442.574,67.454,128.012,0.178937,-1,-1,-1
55,40,415.390,474.082,49.820,79.124,0.443257,-1,-1,-1
55,28,651.578,447.578,74.810,198.632,0.104157,-1,-1,-1
55,17,734.948,452.156,46.454,112.436,0.695678,-1,-1,-1
55,44,308.870,451.664,40.504,110.688,0.580595,-1,-1,-1
55,35,1803.670,386.816,116.592,496.173,0.937412,-1,-1,-1
55,37,1524.314,441.556,44.513,106.853,0.824329,-1,-1,-1
55,5,1675.007,433.922,118.378,178.516,0.585531,-1,-1,-1
55,1,713.889,444.404,35.911,82.598,0.507384,-1,-1,-1
55,39,605.771,446.407,41.242,110.781,0.660296,-1,-1,-1
55,42,1086.106,437.048,47.811,122.672,0.651592,-1,-1,-1
56,3,573.029,445.729,56.463,142.379,0.798764,-1,-1,-1
56,4,1070.464,472.402,60.347,119.274,0.738119,-1,-1,-1
56,6,920.769,434.596,51.253,105.434,0.703306,-1,-1,-1
56,7,1493.724,442.684,44.942,108.163,0.753931,-1,-1,-1
56,8,1099.319,434.355,35.215,89.294,0.727087,-1,-1,-1
56,9,1001.493,443.812,40.838,84.354,0.747654,-1,-1,-1
56,11,615.436,443.543,106.997,272.182,0.938456,-1,-1,-1
56,13,444.038,440.220,154.479,318.346,0.947216,-1,-1,-1
56,14,1254.798,439.552,41.599,104.024,0.880613,-1,-1,-1
56,15,949.871,501.167,84.332,89.181,0.303789,-1,-1,-1
56,19,980.786,445.975,33.865,75.883,0.406045,-1,-1,-1
56,20,838.609,467.092,54.528,81.897,0.570914,-1,-1,-1
56,16,809.413,474.739,45.871,75.189,0.585254,-1,-1,-1
56,32,680.102,451.801,91.230,213.766,0.890126,-1,-1,-1
56,34,911.434,455.241,64.792,122.306,0.483805,-1,-1,-1
56,40,413.661,466.413,52.365,83.552,0.422750,-1,-1,-1
56,17,734.625,449.406,45.276,109.682,0.705361,-1,-1,-1
56,44,309.727,451.061,39.631,109.716,0.500758,-1,-1,-1
56,35,1807.297,387.513,115.763,497.264,0.916563,-1,-1,-1
56,37,1526.505,445.452,42.202,101.973,0.849316,-1,-1,-1
56,5,1683.483,433.493,108.453,164.718,0.344702,-1,-1,-1
56,1,712.408,444.579,36.303,83.864,0.440491,-1,-1,-1
56,39,612.520,446.683,35.919,95.806,0.658430,-1,-1,-1
56,42,1086.092,434.077,47.853,123.077,0.663209,-1,-1,-1
57,3,573.270,446.541,56.056,141.115,0.844309,-1,-1,-1
57,4,1069.779,471.771,60.632,119.819,0.745118,-1,-1,-1
57,6,923.871,434.172,46.958,97.868,0.634807,-1,-1,-1
57,7,1494.114,443.473,43.525,105.838,0.718166,-1,-1,-1
57,8,1099.513,434.359,34.823,88.214,0.693230,-1,-1,-1
57,9,1001.230,444.844,41.440,85.654,0.749264,-1,-1,-1
57,11,615.832,443.422,107.071,273.672,0.937017,-1,-1,-1
57,13,440.387,440.335,154.782,317.629,0.945312,-1,-1,-1
57,14,1254.591,439.445,41.409,103.817,0.856411,-1,-1,-1
57,15,951.033,502.616,82.789,88.215,0.303911,-1,-1,-1
57,19,978.121,446.068,33.969,76.574,0.544773,-1,-1,-1
57,20,840.155,467.619,52.938,79.750,0.569117,-1,-1,-1
57,16,809.141,473.368,46.821,76.394,0.558156,-1,-1,-1
57,32,679.515,450.181,92.683,215.697,0.894836,-1,-1,-1
57,34,915.098,476.894,56.969,105.005,0.319445,-1,-1,-1
57,40,415.950,472.113,50.143,79.083,0.364621,-1,-1,-1
57,17,734.661,449.775,43.448,104.505,0.614684,-1,-1,-1
57,44,311.688,453.735,37.335,101.833,0.485453,-1,-1,-1
57,35,1809.193,375.960,118.717,520.345,0.792216,-1,-1,-1
57,37,1527.926,447.167,41.860,101.956,0.860189,-1,-1,-1
57,5,1686.377,435.492,102.347,155.084,0.668923,-1,-1,-1
57,1,717.219,445.017,34.424,79.075,0.416407,-1,-1,-1
57,39,610.688,446.573,39.071,105.232,0.716580,-1,-1,-1
57,42,1085.434,434.353,48.843,126.027,0.620168,-1,-1,-1
58,3,573.580,447.889,55.375,139.569,0.828321,-1,-1,-1
58,4,1063.428,473.478,61.601,118.971,0.622812,-1,-1,-1
58,6,924.831,434.516,43.731,91.658,0.679402,-1,-1,-1
58,7,1494.746,443.516,43.482,106.783,0.714312,-1,-1,-1
58,8,1100.699,437.911,33.850,85.552,0.632178,-1,-1,-1
58,9,1001.970,444.310,41.391,86.478,0.782243,-1,-1,-1
58,11,615.231,443.178,106.867,274.761,0.943327,-1,-1,-1
58,13,440.806,437.963,156.310,320.838,0.943598,-1,-1,-1
58,14,1255.207,440.976,40.751,102.223,0.860731,-1,-1,-1
58,15,952.350,503.557,80.589,86.238,0.285198,-1,-1,-1
58,19,976.701,445.508,33.978,77.167,0.529555,-1,-1,-1
58,20,842.979,467.134,51.016,77.331,0.564819,-1,-1,-1
58,16,803.600,472.173,47.398,78.686,0.586419,-1,-1,-1
58,32,681.213,453.845,91.420,213.607,0.903609,-1,-1,-1
58,34,917.406,487.354,53.392,95.839,0.321286,-1,-1,-1
58,40,416.121,475.634,50.050,78.382,0.333368,-1,-1,-1
58,17,737.089,450.991,46.445,111.859,0.740838,-1,-1,-1
58,44,310.502,453.264,37.419,103.367,0.352101,-1,-1,-1
58,35,1811.248,375.428,116.895,520.361,0.800447,-1,-1,-1
58,37,1529.160,447.273,41.878,102.651,0.860899,-1,-1,-1
58,5,1681.233,433.346,104.111,156.503,0.729272,-1,-1,-1
58,1,721.952,444.086,32.625,75.200,0.112667,-1,-1,-1
58,39,609.418,446.528,42.184,114.533,0.670955,-1,-1,-1
58,42,1088.889,437.144,46.319,119.256,0.556817,-1,-1,-1
59,3,570.865,446.111,56.208,140.969,0.790097,-1,-1,-1
59,4,1059.953,474.335,62.683,117.591,0.572355,-1,-1,-1
59,6,924.195,433.484,46.118,98.339,0.603931,-1,-1,-1
59,7,1495.682,440.777,44.358,109.821,0.776464,-1,-1,-1
59,8,1100.930,438.804,33.944,86.050,0.580981,-1,-1,-1
59,9,1003.004,444.977,40.118,84.660,0.777480,-1,-1,-1
59,11,615.045,440.796,107.236,278.069,0.941304,-1,-1,-1
59,13,442.605,440.666,155.865,318.990,0.939209,-1,-1,-1
59,14,1256.301,441.700,40.522,101.352,0.865492,-1,-1,-1
59,15,952.194,506.556,77.631,82.524,0.207250,-1,-1,-1
59,19,978.104,444.497,33.271,76.251,0.364313,-1,-1,-1
59,20,843.422,467.050,49.924,75.905,0.577219,-1,-1,-1
59,16,806.592,474.333,45.061,74.915,0.601691,-1,-1,-1
59,32,684.070,454.642,91.306,213.643,0.919569,-1,-1,-1
59,34,915.341,479.808,58.460,103.863,0.391098,-1,-1,-1
59,40,415.044,475.530,53.010,82.673,0.406745,-1,-1,-1
59,17,736.005,453.024,46.579,112.018,0.407357,-1,-1,-1
59,44,310.397,453.800,37.693,105.214,0.456205,-1,-1,-1
59,35,1809.771,368.169,117.910,531.985,0.855987,-1,-1,-1
59,37,1528.859,444.904,43.150,106.116,0.872254,-1,-1,-1
59,5,1679.070,431.156,105.641,157.165,0.771291,-1,-1,-1
59,1,729.133,444.149,32.731,75.958,0.450505,-1,-1,-1
59,39,609.967,446.545,40.196,110.016,0.624723,-1,-1,-1
59,42,1083.354,452.574,45.696,116.274,0.313825,-1,-1,-1
60,3,571.066,447.554,55.875,140.532,0.694342,-1,-1,-1
60,4,1063.803,475.233,62.241,116.340,0.545398,-1,-1,-1
60,6,924.854,431.700,46.211,99.384,0.636440,-1,-1,-1
60,7,1494.869,439.055,43.532,109.388,0.591119,-1,-1,-1
60,8,1100.549,438.641,34.695,88.394,0.662077,-1,-1,-1
60,9,1002.830,442.807,40.568,86.466,0.822285,-1,-1,-1
60,11,615.239,441.985,106.375,278.324,0.941579,-1,-1,-1
60,13,448.693,444.614,154.549,314.861,0.934878,-1,-1,-1
60,14,1256.226,441.921,40.586,101.358,0.870987,-1,-1,-1
60,15,939.121,504.020,80.405,83.757,0.129233,-1,-1,-1
60,19,975.591,443.787,33.443,76.474,0.339103,-1,-1,-1
60,20,843.164,468.902,49.250,75.603,0.643758,-1,-1,-1
60,16,804.772,475.283,44.704,75.377,0.686645,-1,-1,-1
60,32,684.555,454.792,91.561,215.347,0.920242,-1,-1,-1
60,34,910.660,453.878,71.860,129.935,0.496822,-1,-1,-1
60,40,413.058,468.212,54.408,85.121,0.301059,-1,-1,-1
60,17,743.517,457.312,44.960,108.289,0.668359,-1,-1,-1
60,44,312.367,453.617,34.054,95.126,0.335896,-1,-1,-1
60,35,1813.850,381.041,113.680,520.349,0.734825,-1,-1,-1
60,37,1522.499,436.118,46.100,114.262,0.817164,-1,-1,-1
60,5,1679.755,431.068,105.405,155.421,0.483754,-1,-1,-1
60,1,731.363,448.644,43.482,101.312,0.645372,-1,-1,-1
60,39,608.326,444.335,42.760,117.727,0.653264,-1,-1,-1
60,42,1081.122,451.555,48.133,122.597,0.407619,-1,-1,-1
61,3,568.838,448.475,56.699,141.455,0.683825,-1,-1,-1
61,6,927.256,432.699,43.824,95.342,0.691994,-1,-1,-1
61,7,1497.661,435.127,38.807,98.626,0.257042,-1,-1,-1
61,8,1098.446,435.440,37.198,95.178,0.789543,-1,-1,-1
61,9,1002.395,443.164,40.178,86.357,0.837380,-1,-1,-1
61,11,614.549,442.734,106.194,279.787,0.942115,-1,-1,-1
61,13,450.540,445.567,156.262,314.685,0.938774,-1,-1,-1
61,14,1255.687,442.046,40.495,101.017,0.876158,-1,-1,-1
61,15,944.281,507.477,79.157,80.763,0.164438,-1,-1,-1
61,19,976.642,444.732,33.942,78.353,0.426464,-1,-1,-1
61,20,843.305,467.470,49.081,75.917,0.526305,-1,-1,-1
61,16,803.057,474.085,45.653,77.950,0.621772,-1,-1,-1
61,32,683.913,455.597,91.793,215.885,0.902955,-1,-1,-1
61,34,910.142,450.786,72.389,131.993,0.386141,-1,-1,-1
61,40,410.246,457.180,60.568,96.318,0.459047,-1,-1,-1
61,17,739.528,450.424,49.044,117.838,0.655349,-1,-1,-1
61,44,314.790,452.290,35.348,97.040,0.533482,-1,-1,-1
61,35,1821.139,419.405,104.156,480.922,0.767490,-1,-1,-1
61,37,1520.409,428.691,49.252,121.804,0.860856,-1,-1,-1
61,5,1681.509,434.895,102.876,150.406,0.419690,-1,-1,-1
61,1,731.035,446.584,45.420,106.905,0.561993,-1,-1,-1
61,39,609.377,443.888,41.125,113.050,0.632412,-1,-1,-1
61,42,1076.205,448.288,54.219,136.230,0.605267,-1,-1,-1
61,49,1032.627,445.814,34.865,86.572,0.716012,-1,-1,-1
62,3,581.746,447.294,56.907,140.411,0.723744,-1,-1,-1
62,6,929.826,435.326,40.303,88.353,0.685794,-1,-1,-1
62,7,1499.711,433.639,34.295,87.358,0.260374,-1,-1,-1
62,8,1098.461,434.018,37.112,95.185,0.780410,-1,-1,-1
62,9,1002.311,444.860,39.080,84.697,0.854787,-1,-1,-1
62,11,615.159,443.946,105.927,278.855,0.934028,-1,-1,-1
62,13,452.761,443.121,161.376,321.835,0.944927,-1,-1,-1
62,14,1255.311,442.233,40.419,100.803,0.874063,-1,-1,-1
62,15,943.244,510.643,79.357,79.043,0.277281,-1,-1,-1
62,19,974.705,444.120,33.351,77.251,0.456200,-1,-1,-1
62,20,844.572,467.389,46.428,72.993,0.566234,-1,-1,-1
62,16,804.299,473.723,44.769,77.143,0.636554,-1,-1,-1
62,32,683.887,453.988,92.422,217.820,0.908509,-1,-1,-1
62,34,915.585,472.329,63.193,111.852,0.425789,-1,-1,-1
62,40,410.822,466.096,55.872,87.626,0.533880,-1,-1,-1
62,17,739.110,452.902,48.768,116.364,0.755154,-1,-1,-1
62,44,311.703,450.587,38.099,104.782,0.663039,-1,-1,-1
62,35,1820.331,367.834,112.689,536.745,0.309003,-1,-1,-1
62,37,1522.424,433.523,47.033,116.645,0.811441,-1,-1,-1
62,5,1679.894,436.150,106.295,155.612,0.414705,-1,-1,-1
62,1,731.621,447.524,45.352,106.826,0.395128,-1,-1,-1
62,39,609.354,444.934,42.698,117.004,0.651349,-1,-1,-1
62,42,1073.083,447.600,55.957,139.094,0.418939,-1,-1,-1
62,49,1033.508,450.209,33.088,82.125,0.785352,-1,-1,-1
62,50,463.458,442.014,58.623,113.728,0.653384,-1,-1,-1
63,3,589.804,444.142,53.318,133.264,0.567713,-1,-1,-1
63,6,929.538,435.538,39.856,88.325,0.695386,-1,-1,-1
63,7,1505.717,432.888,29.681,75.454,0.271319,-1,-1,-1
63,8,1097.943,434.547,37.836,97.310,0.775891,-1,-1,-1
63,9,1002.354,445.440,38.507,84.449,0.829482,-1,-1,-1
63,11,613.392,442.616,106.847,283.179,0.944909,-1,-1,-1
63,13,454.245,441.565,163.231,323.177,0.945511,-1,-1,-1
63,14,1256.599,442.113,40.825,101.354,0.871780,-1,-1,-1
63,15,947.951,513.309,78.096,76.793,0.253607,-1,-1,-1
63,19,975.847,444.560,34.444,80.535,0.326451,-1,-1,-1
63,20,844.348,468.504,44.898,71.493,0.602465,-1,-1,-1
63,16,803.874,474.878,44.142,77.439,0.680085,-1,-1,-1
63,32,682.057,453.598,92.767,218.379,0.908993,-1,-1,-1
63,34,913.866,478.123,60.608,105.699,0.263970,-1,-1,-1
63,40,409.787,460.910,58.353,92.396,0.337706,-1,-1,-1
63,17,741.869,454.934,46.927,111.370,0.734140,-1,-1,-1
63,44,310.622,449.032,39.123,107.929,0.505734,-1,-1,-1
63,37,1522.945,432.631,46.837,117.329,0.785387,-1,-1,-1
63,5,1683.148,437.375,104.940,154.666,0.402235,-1,-1,-1
63,1,733.559,448.979,43.286,101.843,0.352000,-1,-1,-1
63,39,610.165,445.403,38.573,105.482,0.601549,-1,-1,-1
63,42,1075.188,437.951,58.216,146.540,0.423424,-1,-1,-1
63,49,1033.226,450.893,33.382,82.847,0.804769,-1,-1,-1
63,50,464.542,443.781,56.590,109.557,0.624286,-1,-1,-1
64,3,594.011,443.365,47.702,120.421,0.557559,-1,-1,-1
64,6,929.805,436.795,38.498,86.535,0.661046,-1,-1,-1
64,7,1506.130,432.347,28.807,73.259,0.296807,-1,-1,-1
64,8,1097.915,436.734,36.959,95.326,0.719523,-1,-1,-1
64,9,1002.013,446.412,37.999,84.548,0.834277,-1,-1,-1
64,11,613.652,443.104,107.245,284.992,0.941634,-1,-1,-1
64,13,457.415,439.779,164.703,323.926,0.947695,-1,-1,-1
64,14,1256.961,442.723,41.065,101.151,0.864308,-1,-1,-1
64,15,951.894,512.277,78.445,77.521,0.312312,-1,-1,-1
64,19,974.144,447.739,34.747,81.818,0.446269,-1,-1,-1
64,20,846.333,470.257,43.096,69.379,0.641558,-1,-1,-1
64,16,802.929,475.024,43.303,77.457,0.650336,-1,-1,-1
64,32,681.319,452.085,93.686,221.087,0.899417,-1,-1,-1
64,34,910.168,464.782,67.542,118.586,0.358118,-1,-1,-1
64,40,407.736,455.396,61.100,98.003,0.452434,-1,-1,-1
64,17,745.788,464.664,43.391,102.256,0.774102,-1,-1,-1
64,44,309.704,448.097,39.223,108.714,0.483055,-1,-1,-1
64,37,1522.900,430.753,47.128,119.092,0.704917,-1,-1,-1
64,5,1676.132,435.847,107.310,156.631,0.585991,-1,-1,-1
64,1,734.528,449.414,43.163,101.486,0.387110,-1,-1,-1
64,39,610.779,446.293,36.490,99.775,0.567143,-1,-1,-1
64,42,1074.771,436.085,59.214,150.297,0.454336,-1,-1,-1
64,49,1032.891,452.581,33.092,82.151,0.822480,-1,-1,-1
64,50,462.785,443.051,59.295,114.944,0.612806,-1,-1,-1
65,3,593.126,445.343,52.796,133.286,0.648056,-1,-1,-1
65,6,929.057,436.508,39.052,88.339,0.668438,-1,-1,-1
65,7,1505.055,432.386,28.765,73.365,0.338440,-1,-1,-1
65,8,1098.397,438.016,36.425,94.368,0.662616,-1,-1,-1
65,9,1001.503,446.350,37.223,83.801,0.781493,-1,-1,-1
65,11,613.322,442.011,108.209,287.983,0.942172,-1,-1,-1
65,13,455.646,438.347,167.480,325.671,0.952506,-1,-1,-1
65,14,1257.222,443.757,41.148,100.802,0.871957,-1,-1,-1
65,15,950.888,510.238,78.634,78.779,0.260571,-1,-1,-1
65,19,975.647,449.233,34.331,81.387,0.389452,-1,-1,-1
65,20,846.939,470.658,42.397,68.938,0.568623,-1,-1,-1
65,16,802.695,475.622,42.700,77.830,0.705474,-1,-1,-1
65,32,680.144,453.744,93.271,221.217,0.910129,-1,-1,-1
65,34,908.674,463.769,67.526,118.624,0.252507,-1,-1,-1
65,40,408.816,452.764,59.651,97.249,0.403650,-1,-1,-1
65,17,743.038,462.565,46.009,108.101,0.696366,-1,-1,-1
65,44,308.609,447.201,39.716,110.804,0.440043,-1,-1,-1
65,37,1522.502,430.612,46.319,118.221,0.740235,-1,-1,-1
65,5,1669.155,434.900,106.775,158.106,0.314629,-1,-1,-1
65,1,733.231,450.205,44.153,104.022,0.479213,-1,-1,-1
65,39,612.049,446.045,36.293,99.336,0.554691,-1,-1,-1
65,42,1075.086,433.158,60.103,154.009,0.399134,-1,-1,-1
65,49,1033.679,455.218,31.805,78.894,0.755494,-1,-1,-1
65,50,466.672,446.866,52.915,102.442,0.579685,-1,-1,-1
66,3,592.787,447.110,53.761,136.338,0.741531,-1,-1,-1
66,6,928.832,436.807,38.783,88.645,0.622515,-1,-1,-1
66,7,1501.593,433.837,29.321,75.104,0.424962,-1,-1,-1
66,8,1098.254,437.513,37.009,96.522,0.694690,-1,-1,-1
66,9,999.376,445.291,38.059,87.001,0.792286,-1,-1,-1
66,11,612.377,442.102,107.857,288.751,0.942882,-1,-1,-1
66,13,459.563,440.334,167.847,321.975,0.942909,-1,-1,-1
66,14,1257.214,444.113,41.201,100.331,0.863731,-1,-1,-1
66,15,952.006,510.206,79.106,79.848,0.205771,-1,-1,-1
66,19,977.747,447.902,35.236,84.470,0.319314,-1,-1,-1
66,20,847.292,470.456,42.434,69.607,0.547785,-1,-1,-1
66,16,802.565,475.350,42.001,77.721,0.711232,-1,-1,-1
66,32,681.957,452.981,94.041,224.069,0.919132,-1,-1,-1
66,34,907.825,457.710,70.562,124.889,0.257537,-1,-1,-1
66,40,410.242,456.795,57.886,95.001,0.417661,-1,-1,-1
66,17,734.840,452.071,49.373,116.105,0.758076,-1,-1,-1
66,44,307.848,446.959,40.371,112.977,0.491119,-1,-1,-1
66,37,1524.602,429.684,46.048,118.862,0.812146,-1,-1,-1
66,5,1679.351,435.358,103.013,152.898,0.353043,-1,-1,-1
66,1,734.823,446.748,40.470,94.751,0.602172,-1,-1,-1
66,39,610.523,445.891,37.603,102.725,0.499726,-1,-1,-1
66,42,1074.053,457.195,51.613,128.535,0.367619,-1,-1,-1
66,49,1033.186,454.187,33.049,82.126,0.777177,-1,-1,-1
66,50,473.434,449.658,48.645,93.992,0.589721,-1,-1,-1
67,3,594.837,448.154,54.655,138.435,0.621955,-1,-1,-1
67,6,929.065,436.095,38.549,89.013,0.619743,-1,-1,-1
67,7,1504.165,432.573,28.122,72.179,0.332107,-1,-1,-1
67,8,1097.278,435.814,38.412,100.809,0.726540,-1,-1,-1
67,9,998.811,445.650,37.188,85.876,0.801873,-1,-1,-1
67,11,613.124,442.595,106.480,285.569,0.941934,-1,-1,-1
67,13,460.682,438.816,172.487,326.662,0.946750,-1,-1,-1
67,14,1257.516,445.085,40.901,98.980,0.862730,-1,-1,-1
67,15,953.609,512.322,74.898,76.457,0.190881,-1,-1,-1
67,19,980.917,447.520,33.744,81.769,0.338811,-1,-1,-1
67,20,847.894,470.737,41.663,68.873,0.586348,-1,-1,-1
67,16,804.248,477.514,39.989,74.944,0.722771,-1,-1,-1
67,32,684.275,454.495,93.822,223.622,0.919924,-1,-1,-1
67,34,909.639,458.250,70.179,124.561,0.166559,-1,-1,-1
67,40,410.618,456.245,56.541,93.737,0.408323,-1,-1,-1
67,17,741.057,455.877,48.186,112.705,0.440157,-1,-1,-1
67,44,306.841,447.723,42.539,116.583,0.482602,-1,-1,-1
67,37,1527.396,428.118,45.911,120.240,0.739347,-1,-1,-1
67,5,1678.157,432.834,106.991,158.748,0.471588,-1,-1,-1
67,1,733.839,447.386,42.672,100.128,0.656930,-1,-1,-1
67,39,608.932,446.467,39.845,109.445,0.471161,-1,-1,-1
67,42,1070.194,467.169,49.870,121.041,0.446165,-1,-1,-1
67,49,1032.978,453.019,33.679,83.683,0.787087,-1,-1,-1
67,50,470.714,450.696,48.514,93.696,0.617211,-1,-1,-1
67,52,1548.536,427.374,38.734,121.324,0.820968,-1,-1,-1
68,3,597.709,447.073,54.522,138.497,0.432603,-1,-1,-1
68,6,930.418,436.515,38.053,88.543,0.648958,-1,-1,-1
68,7,1507.204,433.454,26.762,68.617,0.261977,-1,-1,-1
68,8,1098.121,436.137,36.150,94.653,0.660336,-1,-1,-1
68,9,998.660,444.624,37.514,86.985,0.821733,-1,-1,-1
68,11,611.431,444.017,106.671,285.455,0.945473,-1,-1,-1
68,13,463.944,442.160,171.909,322.560,0.944571,-1,-1,-1
68,14,1257.494,445.872,40.966,98.600,0.864924,-1,-1,-1
68,15,955.384,511.365,75.428,77.232,0.274937,-1,-1,-1
68,19,979.334,446.591,33.092,80.889,0.294298,-1,-1,-1
68,20,847.274,470.884,42.413,70.292,0.596897,-1,-1,-1
68,16,805.063,478.535,39.501,74.730,0.693043,-1,-1,-1
68,32,685.049,454.376,93.387,223.146,0.923859,-1,-1,-1
68,34,911.082,463.340,67.290,119.089,0.197941,-1,-1,-1
68,40,411.582,454.000,57.665,96.538,0.378866,-1,-1,-1
68,17,747.464,458.909,45.850,107.658,0.440299,-1,-1,-1
68,44,307.307,448.099,41.800,114.997,0.585060,-1,-1,-1
68,37,1529.216,428.043,45.621,120.748,0.666694,-1,-1,-1
68,5,1680.229,434.307,103.140,151.607,0.416302,-1,-1,-1
68,1,733.022,447.407,44.428,104.227,0.601640,-1,-1,-1
68,39,605.126,447.757,39.086,106.388,0.547738,-1,-1,-1
68,42,1072.260,457.784,55.004,133.417,0.517829,-1,-1,-1
68,49,1033.589,451.774,33.648,83.572,0.768137,-1,-1,-1
68,50,472.548,452.770,49.714,96.161,0.623993,-1,-1,-1
68,52,1546.527,422.655,40.801,127.474,0.793219,-1,-1,-1
69,3,597.741,447.683,55.254,141.078,0.405914,-1,-1,-1
69,6,931.665,437.087,36.651,85.714,0.592129,-1,-1,-1
69,7,1508.472,433.495,26.707,68.098,0.276527,-1,-1,-1
69,8,1095.213,435.180,41.575,109.459,0.660412,-1,-1,-1
69,9,999.107,445.997,36.551,84.889,0.801728,-1,-1,-1
69,11,610.694,444.382,107.287,286.392,0.943996,-1,-1,-1
69,13,466.319,442.062,173.761,324.350,0.935193,-1,-1,-1
69,14,1257.523,446.251,41.026,98.164,0.861458,-1,-1,-1
69,15,955.959,509.302,80.401,82.363,0.323155,-1,-1,-1
69,19,980.021,447.418,31.980,78.670,0.282891,-1,-1,-1
69,20,847.839,471.756,40.813,68.147,0.535702,-1,-1,-1
69,16,805.364,479.297,38.506,73.589,0.703752,-1,-1,-1
69,32,684.543,454.086,93.696,224.041,0.924685,-1,-1,-1
69,34,911.551,461.593,68.068,121.071,0.259611,-1,-1,-1
69,40,411.685,453.159,58.887,99.674,0.432590,-1,-1,-1
69,17,750.746,464.847,44.089,102.954,0.435015,-1,-1,-1
69,44,307.753,448.776,41.446,114.471,0.549294,-1,-1,-1
69,37,1530.621,428.360,45.255,119.801,0.593347,-1,-1,-1
69,5,1679.630,433.731,102.737,149.324,0.414849,-1,-1,-1
69,1,733.842,447.159,43.178,101.369,0.507576,-1,-1,-1
69,39,601.665,449.043,38.684,105.258,0.456118,-1,-1,-1
69,42,1073.705,454.564,56.849,138.137,0.629960,-1,-1,-1
69,49,1034.017,454.305,32.200,79.440,0.727310,-1,-1,-1
69,50,468.407,450.752,54.402,106.075,0.735043,-1,-1,-1
69,52,1543.876,418.742,42.378,131.337,0.790046,-1,-1,-1
70,3,599.849,445.325,52.955,136.786,0.213387,-1,-1,-1
70,6,931.940,437.080,36.285,85.249,0.644145,-1,-1,-1
70,7,1513.809,433.424,26.283,65.640,0.337204,-1,-1,-1
70,8,1095.148,434.597,41.259,108.239,0.680899,-1,-1,-1
70,9,999.889,446.241,36.104,83.363,0.816220,-1,-1,-1
70,11,608.235,442.021,107.620,286.804,0.938951,-1,-1,-1
70,13,467.528,441.164,175.658,325.523,0.949569,-1,-1,-1
70,14,1257.266,446.005,41.343,98.346,0.867272,-1,-1,-1
70,15,955.470,506.722,81.898,84.537,0.177495,-1,-1,-1
70,19,985.704,447.584,31.605,77.350,0.333384,-1,-1,-1
70,20,848.329,471.968,40.028,67.214,0.534881,-1,-1,-1
70,16,805.399,478.972,38.489,74.216,0.678897,-1,-1,-1
70,32,685.396,456.395,92.542,222.632,0.915791,-1,-1,-1
70,34,910.579,460.079,68.785,122.827,0.200789,-1,-1,-1
70,40,411.802,455.056,57.862,98.660,0.367722,-1,-1,-1
70,17,754.026,476.549,39.615,90.535,0.431784,-1,-1,-1
70,44,307.885,448.870,41.357,114.531,0.542669,-1,-1,-1
70,5,1679.162,433.701,103.835,149.759,0.431666,-1,-1,-1
70,1,738.161,447.445,38.146,88.430,0.610677,-1,-1,-1
70,39,602.130,447.902,33.671,90.016,0.317479,-1,-1,-1
70,42,1071.340,462.540,55.580,132.583,0.596040,-1,-1,-1
70,49,1035.306,454.596,32.173,78.440,0.735291,-1,-1,-1
70,50,468.047,448.564,62.550,121.713,0.744488,-1,-1,-1
70,52,1541.886,414.010,44.875,137.712,0.851014,-1,-1,-1
71,3,600.016,443.831,52.874,138.799,0.201837,-1,-1,-1
71,6,932.023,437.993,35.736,83.957,0.635671,-1,-1,-1
71,7,1516.890,432.886,27.357,67.626,0.328849,-1,-1,-1
71,8,1096.084,436.479,39.271,102.446,0.656378,-1,-1,-1
71,9,1000.021,446.676,35.654,81.842,0.815127,-1,-1,-1
71,11,606.533,438.659,109.737,291.637,0.939129,-1,-1,-1
71,13,472.396,442.278,175.851,325.139,0.944692,-1,-1,-1
71,14,1256.803,445.701,41.693,98.831,0.866181,-1,-1,-1
71,15,955.702,506.126,81.727,84.983,0.173076,-1,-1,-1
71,19,987.121,448.229,31.102,75.908,0.355331,-1,-1,-1
71,20,848.165,471.471,40.270,67.813,0.527614,-1,-1,-1
71,16,804.790,476.693,39.516,76.874,0.660939,-1,-1,-1
71,32,686.838,456.884,91.809,221.718,0.910472,-1,-1,-1
71,34,912.614,462.397,67.263,120.260,0.303538,-1,-1,-1
71,40,410.618,452.531,59.332,102.332,0.503727,-1,-1,-1
71,17,756.458,465.758,43.365,99.632,0.593886,-1,-1,-1
71,44,306.654,448.525,42.663,116.854,0.499862,-1,-1,-1
71,5,1678.541,434.017,104.010,148.890,0.367325,-1,-1,-1
71,1,736.936,447.283,38.761,90.328,0.642235,-1,-1,-1
71,39,601.446,448.217,31.912,83.497,0.302305,-1,-1,-1
71,42,1070.318,466.357,54.983,129.626,0.672844,-1,-1,-1
71,49,1035.178,454.265,32.453,78.224,0.709196,-1,-1,-1
71,50,466.065,448.278,63.368,124.276,0.789747,-1,-1,-1
71,52,1542.461,417.902,44.015,133.217,0.821835,-1,-1,-1
72,3,604.974,443.620,47.142,125.253,0.223376,-1,-1,-1
72,6,931.707,438.419,36.243,85.129,0.519744,-1,-1,-1
72,7,1516.549,432.352,28.663,70.254,0.393014,-1,-1,-1
72,8,1095.796,436.780,40.412,105.281,0.691280,-1,-1,-1
72,9,999.964,446.680,35.955,81.932,0.800037,-1,-1,-1
72,11,606.063,439.617,109.480,291.084,0.936774,-1,-1,-1
72,13,476.418,441.406,176.947,326.609,0.938251,-1,-1,-1
72,14,1256.583,445.971,41.793,98.659,0.863072,-1,-1,-1
72,15,955.909,506.068,81.193,84.679,0.165149,-1,-1,-1
72,19,984.653,448.498,30.773,75.105,0.300973,-1,-1,-1
72,20,847.601,470.634,41.323,69.626,0.568632,-1,-1,-1
72,16,806.199,476.159,38.857,75.460,0.627444,-1,-1,-1
72,32,689.046,455.175,93.068,223.690,0.917242,-1,-1,-1
72,34,911.947,463.412,67.050,119.338,0.236393,-1,-1,-1
72,40,410.549,450.410,59.651,104.084,0.511220,-1,-1,-1
72,17,757.529,481.257,38.628,85.705,0.407880,-1,-1,-1
72,44,307.679,449.240,41.943,115.082,0.557398,-1,-1,-1
72,5,1677.143,433.432,106.301,151.157,0.414436,-1,-1,-1
72,1,740.293,447.928,36.402,84.964,0.660151,-1,-1,-1
72,39,602.633,448.600,30.421,78.230,0.143512,-1,-1,-1
72,42,1064.155,469.014,52.812,124.783,0.508793,-1,-1,-1
72,49,1035.545,455.145,32.617,77.809,0.604216,-1,-1,-1
72,50,464.919,448.578,63.708,125.786,0.777816,-1,-1,-1
72,52,1541.870,415.561,45.409,136.280,0.829879,-1,-1,-1
72,4,1034.497,454.162,56.278,108.927,0.600493,-1,-1,-1
73,3,600.529,443.392,54.975,148.319,0.157900,-1,-1,-1
73,6,931.125,438.223,36.712,86.095,0.611850,-1,-1,-1
73,7,1517.881,431.863,28.982,70.411,0.359136,-1,-1,-1
73,8,1095.359,436.577,41.304,107.293,0.712050,-1,-1,-1
73,9,998.967,445.800,36.956,84.100,0.790594,-1,-1,-1
73,11,605.591,439.388,109.473,291.738,0.938242,-1,-1,-1
73,13,479.864,437.772,178.401,330.923,0.938662,-1,-1,-1
73,14,1256.731,445.805,41.903,98.463,0.864443,-1,-1,-1
73,15,952.847,498.090,85.315,91.126,0.274864,-1,-1,-1
73,19,984.653,444.354,29.667,72.643,0.173484,-1,-1,-1
73,20,847.568,470.257,41.839,70.059,0.544898,-1,-1,-1
73,16,805.477,474.760,38.512,74.897,0.567263,-1,-1,-1
73,32,691.329,454.591,93.751,224.323,0.918244,-1,-1,-1
73,34,912.708,461.596,68.349,121.472,0.256892,-1,-1,-1
73,40,411.109,451.123,58.336,103.115,0.486438,-1,-1,-1
73,17,758.863,474.096,40.867,90.856,0.219049,-1,-1,-1
73,44,307.907,448.653,41.974,115.612,0.595143,-1,-1,-1
73,5,1676.685,434.661,107.786,152.786,0.388740,-1,-1,-1
73,1,741.369,448.225,36.667,86.008,0.632366,-1,-1,-1
73,39,600.432,447.599,34.797,88.335,0.146727,-1,-1,-1
73,42,1068.697,450.968,59.254,141.373,0.609265,-1,-1,-1
73,49,1035.772,453.765,34.302,80.368,0.540452,-1,-1,-1
73,50,463.367,448.801,63.940,127.236,0.796467,-1,-1,-1
73,52,1542.741,416.607,45.457,134.952,0.826930,-1,-1,-1
73,55,498.582,452.924,42.960,104.006,0.652364,-1,-1,-1
73,4,1029.649,454.404,62.743,124.369,0.672456,-1,-1,-1
74,3,600.020,446.994,57.179,157.014,0.133264,-1,-1,-1
74,6,930.496,437.254,37.147,87.123,0.638041,-1,-1,-1
74,7,1518.913,432.559,27.728,67.141,0.257767,-1,-1,-1
74,8,1097.529,439.467,36.658,95.280,0.693320,-1,-1,-1
74,9,998.962,445.227,37.367,84.903,0.755967,-1,-1,-1
74,11,605.629,439.113,109.296,292.183,0.939959,-1,-1,-1
74,13,491.366,436.901,175.590,331.403,0.928558,-1,-1,-1
74,14,1256.515,444.978,42.193,98.966,0.861620,-1,-1,-1
74,15,955.269,503.547,81.422,86.865,0.263911,-1,-1,-1
74,19,983.669,443.560,29.056,71.539,0.192502,-1,-1,-1
74,20,846.577,469.595,42.585,71.335,0.489022,-1,-1,-1
74,16,804.726,474.416,38.739,75.559,0.564884,-1,-1,-1
74,32,692.931,454.427,93.656,223.696,0.919691,-1,-1,-1
74,34,912.769,458.910,69.100,123.954,0.233136,-1,-1,-1
74,40,412.156,454.369,55.708,99.349,0.449165,-1,-1,-1
74,17,760.684,472.543,40.759,91.162,0.188079,-1,-1,-1
74,44,306.697,447.516,43.482,118.245,0.591116,-1,-1,-1
74,5,1670.299,433.862,106.977,151.484,0.258677,-1,-1,-1
74,1,742.768,446.870,36.393,86.315,0.680286,-1,-1,-1
74,42,1070.462,460.198,56.613,134.575,0.763481,-1,-1,-1
74,49,1035.585,453.271,33.413,77.988,0.554691,-1,-1,-1
74,50,461.317,450.893,59.973,120.601,0.770638,-1,-1,-1
74,52,1544.581,420.554,44.562,130.317,0.771552,-1,-1,-1
74,55,495.064,451.308,46.615,112.730,0.726450,-1,-1,-1
74,4,1038.486,452.475,60.146,124.567,0.608554,-1,-1,-1
75,3,595.994,445.801,58.993,164.431,0.121853,-1,-1,-1
75,6,930.124,436.926,36.978,86.796,0.615876,-1,-1,-1
75,7,1517.768,433.773,27.319,65.468,0.378146,-1,-1,-1
75,8,1097.485,441.242,35.061,90.889,0.640622,-1,-1,-1
75,9,1000.334,446.937,37.585,85.904,0.751018,-1,-1,-1
75,11,605.909,438.992,108.813,291.477,0.935590,-1,-1,-1
75,13,492.398,434.919,174.150,332.410,0.930104,-1,-1,-1
75,14,1256.200,444.648,42.201,98.566,0.866231,-1,-1,-1
75,15,954.760,497.452,86.614,92.695,0.396219,-1,-1,-1
75,19,983.148,442.672,28.812,71.335,0.169080,-1,-1,-1
75,20,846.837,468.957,43.349,72.804,0.499751,-1,-1,-1
75,16,802.698,471.597,39.990,78.681,0.520889,-1,-1,-1
75,32,694.295,454.873,93.069,221.579,0.923685,-1,-1,-1
75,34,911.731,456.110,70.318,126.772,0.324945,-1,-1,-1
75,40,415.418,468.685,48.401,85.074,0.402117,-1,-1,-1
75,17,762.397,470.797,40.526,91.207,0.259126,-1,-1,-1
75,44,307.121,447.815,42.996,117.505,0.531987,-1,-1,-1
75,5,1675.377,432.726,107.909,152.714,0.302313,-1,-1,-1
75,1,744.221,445.754,35.026,83.124,0.616926,-1,-1,-1
75,42,1071.423,463.539,55.778,132.143,0.797507,-1,-1,-1
75,49,1036.152,452.370,33.449,77.628,0.484111,-1,-1,-1
75,50,459.834,451.712,56.205,114.610,0.721343,-1,-1,-1
75,52,1545.288,423.245,43.494,125.473,0.602337,-1,-1,-1
75,55,490.421,451.215,53.058,128.456,0.759339,-1,-1,-1
75,4,1038.159,451.310,55.117,116.563,0.701348,-1,-1,-1
75,56,493.452,446.468,106.231,266.682,0.671179,-1,-1,-1
76,3,597.084,446.408,59.354,167.660,0.130331,-1,-1,-1
76,6,930.290,437.440,37.147,87.511,0.665381,-1,-1,-1
76,7,1517.233,436.462,26.840,63.986,0.331080,-1,-1,-1
76,8,1098.307,442.287,33.807,87.370,0.654806,-1,-1,-1
76,9,1000.180,445.018,37.699,85.941,0.797108,-1,-1,-1
76,11,607.205,439.088,107.847,289.707,0.932543,-1,-1,-1
76,13,492.665,434.975,171.519,331.395,0.927447,-1,-1,-1
76,14,1256.334,444.513,42.309,98.453,0.863547,-1,-1,-1
76,15,954.638,499.089,85.025,91.449,0.376042,-1,-1,-1
76,19,980.135,446.435,29.959,74.028,0.474536,-1,-1,-1
76,20,846.785,469.219,41.799,70.335,0.507524,-1,-1,-1
76,16,802.821,470.850,39.662,78.165,0.559094,-1,-1,-1
76,32,697.828,456.050,93.257,219.375,0.917720,-1,-1,-1
76,34,909.584,445.637,72.914,134.177,0.181037,-1,-1,-1
76,40,414.565,468.286,49.190,86.306,0.518383,-1,-1,-1
76,17,761.569,459.393,44.026,98.913,0.632138,-1,-1,-1
76,44,307.638,448.368,42.471,116.685,0.561499,-1,-1,-1
76,5,1676.209,433.286,108.422,153.049,0.322393,-1,-1,-1
76,1,743.737,444.919,34.393,82.077,0.676614,-1,-1,-1
76,42,1071.599,466.543,54.902,129.378,0.803744,-1,-1,-1
76,49,1035.550,450.989,33.455,77.432,0.390202,-1,-1,-1
76,50,457.946,452.018,55.392,114.513,0.724175,-1,-1,-1
76,52,1549.532,431.302,40.732,117.573,0.610345,-1,-1,-1
76,55,487.795,450.409,54.752,131.887,0.766178,-1,-1,-1
76,4,1038.783,450.333,53.587,115.408,0.736527,-1,-1,-1
76,56,496.288,448.466,102.388,256.876,0.660396,-1,-1,-1
76,57,1086.745,444.820,44.073,107.626,0.623609,-1,-1,-1
77,3,601.031,447.007,56.685,161.452,0.141718,-1,-1,-1
77,6,930.320,437.572,37.101,87.837,0.696020,-1,-1,-1
77,7,1516.468,436.615,27.792,66.213,0.346624,-1,-1,-1
77,8,1098.506,442.302,33.625,86.683,0.671677,-1,-1,-1
77,9,1000.512,446.062,37.979,86.491,0.802050,-1,-1,-1
77,11,608.216,438.994,106.776,288.391,0.931552,-1,-1,-1
77,13,497.954,434.921,167.908,329.965,0.933543,-1,-1,-1
77,14,1256.389,444.295,42.476,98.502,0.865814,-1,-1,-1
77,15,954.715,496.904,87.120,93.834,0.343851,-1,-1,-1
77,19,976.663,447.188,28.644,69.603,0.212391,-1,-1,-1
77,20,846.430,469.033,41.708,70.195,0.486982,-1,-1,-1
77,16,803.203,469.140,40.188,79.445,0.559090,-1,-1,-1
77,32,699.530,455.562,94.449,220.021,0.920492,-1,-1,-1
77,34,909.320,438.377,72.925,137.416,0.182363,-1,-1,-1
77,40,414.863,470.981,47.858,83.493,0.481740,-1,-1,-1
77,17,764.744,450.334,38.919,86.994,0.649349,-1,-1,-1
77,44,307.871,448.532,42.068,116.192,0.551792,-1,-1,-1
77,5,1674.770,433.642,109.937,154.514,0.337743,-1,-1,-1
77,1,744.158,443.729,36.763,88.348,0.719005,-1,-1,-1
77,42,1071.090,467.203,55.157,128.880,0.763042,-1,-1,-1
77,49,1034.503,451.341,32.179,74.342,0.353364,-1,-1,-1
77,50,457.128,452.067,54.130,113.455,0.721600,-1,-1,-1
77,52,1551.521,431.459,40.054,116.406,0.409824,-1,-1,-1
77,55,485.631,448.437,58.106,139.609,0.772786,-1,-1,-1
77,4,1042.182,449.235,49.480,106.751,0.689434,-1,-1,-1
77,56,502.187,452.438,98.880,247.957,0.686163,-1,-1,-1
78,6,930.680,438.837,36.421,86.968,0.757999,-1,-1,-1
78,7,1515.449,434.311,28.268,67.140,0.298322,-1,-1,-1
78,8,1098.054,441.621,33.769,86.699,0.654876,-1,-1,-1
78,9,1000.327,445.900,38.386,87.333,0.809099,-1,-1,-1
78,11,608.446,437.127,106.566,288.855,0.933324,-1,-1,-1
78,13,499.768,435.397,166.875,333.145,0.923097,-1,-1,-1
78,14,1256.441,445.925,41.897,97.104,0.846625,-1,-1,-1
78,15,951.410,498.718,84.095,91.154,0.142719,-1,-1,-1
78,19,975.507,445.055,28.667,69.482,0.395756,-1,-1,-1
78,20,845.632,468.470,44.077,74.603,0.549925,-1,-1,-1
78,16,799.121,467.224,40.848,80.244,0.257263,-1,-1,-1
78,32,698.872,453.325,96.632,223.615,0.918144,-1,-1,-1
78,34,913.437,457.680,64.359,121.440,0.167599,-1,-1,-1
78,40,416.769,470.979,49.130,84.278,0.414861,-1,-1,-1
78,17,761.459,446.393,42.333,94.788,0.468439,-1,-1,-1
78,44,308.346,448.994,40.733,113.395,0.396934,-1,-1,-1
78,5,1678.364,433.344,109.245,153.928,0.397514,-1,-1,-1
78,1,744.820,443.779,36.979,89.286,0.629878,-1,-1,-1
78,42,1071.199,452.656,60.519,143.179,0.634270,-1,-1,-1
78,49,1035.896,450.138,37.344,85.876,0.237891,-1,-1,-1
78,50,457.451,451.210,52.298,111.109,0.631844,-1,-1,-1
78,52,1552.335,426.417,38.888,113.989,0.180993,-1,-1,-1
78,55,481.450,446.444,60.573,145.430,0.784503,-1,-1,-1
78,4,1040.422,446.569,55.400,122.819,0.724172,-1,-1,-1
78,56,503.631,452.354,100.954,251.982,0.787689,-1,-1,-1
78,57,1085.953,441.985,45.535,111.096,0.629207,-1,-1,-1
79,6,930.763,439.121,36.026,86.274,0.755562,-1,-1,-1
79,7,1515.338,435.256,27.744,65.764,0.284502,-1,-1,-1
79,8,1098.752,441.085,33.659,86.379,0.662777,-1,-1,-1
79,9,999.711,446.178,39.154,88.033,0.819264,-1,-1,-1
79,11,610.287,438.171,105.039,286.069,0.929494,-1,-1,-1
79,13,503.447,437.886,164.014,333.151,0.921091,-1,-1,-1
79,14,1257.611,446.926,41.588,96.109,0.851998,-1,-1,-1
79,15,953.227,498.671,83.925,91.663,0.251358,-1,-1,-1
79,19,976.428,445.644,28.095,67.229,0.340305,-1,-1,-1
79,20,844.779,467.611,45.709,77.597,0.570908,-1,-1,-1
79,16,801.739,471.375,39.670,77.695,0.502729,-1,-1,-1
79,32,700.051,451.827,98.409,226.238,0.919137,-1,-1,-1
79,34,916.728,474.479,57.038,106.490,0.203230,-1,-1,-1
79,40,418.563,474.543,47.430,80.724,0.487834,-1,-1,-1
79,17,761.118,444.545,39.355,87.936,0.617178,-1,-1,-1
79,44,308.787,449.606,39.371,110.339,0.379802,-1,-1,-1
79,5,1689.713,441.992,107.477,154.878,0.366430,-1,-1,-1
79,1,745.912,444.286,39.333,95.355,0.605278,-1,-1,-1
79,42,1072.138,457.939,58.281,138.053,0.647663,-1,-1,-1
79,49,1034.308,450.969,37.898,86.247,0.216302,-1,-1,-1
79,50,457.055,452.245,52.320,112.727,0.754155,-1,-1,-1
79,52,1556.874,429.813,30.244,87.581,0.167176,-1,-1,-1
79,55,483.503,448.193,58.186,140.020,0.747806,-1,-1,-1
79,4,1041.166,447.290,54.219,122.533,0.698273,-1,-1,-1
79,56,501.083,454.689,105.553,262.320,0.801703,-1,-1,-1
80,6,930.350,438.164,36.655,88.315,0.791479,-1,-1,-1
80,7,1515.231,435.667,28.411,67.466,0.337799,-1,-1,-1
80,8,1099.721,440.249,33.815,87.313,0.686216,-1,-1,-1
80,9,999.604,445.188,39.144,87.497,0.802495,-1,-1,-1
80,11,611.010,436.936,104.943,287.096,0.934644,-1,-1,-1
80,13,507.470,439.250,161.225,333.340,0.906340,-1,-1,-1
80,14,1257.904,445.928,42.256,97.405,0.862753,-1,-1,-1
80,15,951.332,497.593,82.996,92.133,0.274351,-1,-1,-1
80,19,978.594,446.282,30.112,72.201,0.572646,-1,-1,-1
80,20,844.163,467.216,46.205,78.734,0.612612,-1,-1,-1
80,16,803.873,473.064,36.724,72.111,0.505292,-1,-1,-1
80,32,703.883,453.942,99.039,225.572,0.939177,-1,-1,-1
80,34,915.686,472.084,58.162,108.944,0.124625,-1,-1,-1
80,40,417.807,473.134,49.732,83.570,0.545296,-1,-1,-1
80,17,760.455,445.905,40.033,89.349,0.482340,-1,-1,-1
80,44,309.022,449.935,38.678,108.831,0.371418,-1,-1,-1
80,5,1696.069,442.619,101.661,148.995,0.341549,-1,-1,-1
80,1,746.838,446.993,37.719,90.749,0.354570,-1,-1,-1
80,42,1070.148,448.685,61.043,145.592,0.490746,-1,-1,-1
80,49,1027.848,448.935,38.739,87.502,0.130676,-1,-1,-1
80,50,456.971,452.477,52.240,113.593,0.692553,-1,-1,-1
80,52,1557.469,423.199,27.844,79.812,0.183123,-1,-1,-1
80,55,482.802,446.254,65.067,155.734,0.771577,-1,-1,-1
80,4,1046.135,446.025,46.644,106.682,0.630413,-1,-1,-1
80,56,497.241,451.764,112.651,278.833,0.852334,-1,-1,-1
81,6,929.764,437.363,37.171,89.850,0.786863,-1,-1,-1
81,7,1514.481,434.199,28.438,67.306,0.333708,-1,-1,-1
81,8,1100.239,440.206,33.501,86.799,0.677962,-1,-1,-1
81,9,999.312,444.393,39.270,87.485,0.817860,-1,-1,-1
81,11,612.232,437.923,104.768,288.335,0.931160,-1,-1,-1
81,13,515.998,441.607,158.152,333.781,0.918059,-1,-1,-1
81,14,1258.007,446.580,42.171,97.011,0.862821,-1,-1,-1
81,15,951.211,497.425,80.926,91.407,0.247657,-1,-1,-1
81,19,978.459,446.411,31.215,74.987,0.607686,-1,-1,-1
81,20,844.794,467.290,44.527,75.830,0.528600,-1,-1,-1
81,16,803.647,474.785,36.147,70.807,0.482305,-1,-1,-1
81,32,706.616,454.988,100.044,226.082,0.938839,-1,-1,-1
81,34,914.731,448.235,63.245,121.437,0.182902,-1,-1,-1
81,40,415.834,470.777,51.236,85.623,0.518750,-1,-1,-1
81,17,759.772,446.267,35.922,80.430,0.674515,-1,-1,-1
81,44,309.302,450.167,38.099,107.680,0.361542,-1,-1,-1
81,5,1701.349,445.807,96.222,143.023,0.389539,-1,-1,-1
81,1,748.427,445.796,34.954,84.130,0.527134,-1,-1,-1
81,42,1070.881,439.743,63.084,152.401,0.390031,-1,-1,-1
81,49,1028.021,447.309,38.298,86.652,0.120278,-1,-1,-1
81,50,456.599,452.865,51.575,113.129,0.747276,-1,-1,-1
81,52,1558.042,423.765,26.868,76.333,0.260313,-1,-1,-1
81,55,481.439,444.738,68.089,163.183,0.754677,-1,-1,-1
81,4,1048.294,443.548,44.710,104.084,0.601376,-1,-1,-1
81,56,494.011,446.937,115.852,285.503,0.858716,-1,-1,-1
82,6,930.059,438.272,36.843,88.986,0.754136,-1,-1,-1
82,7,1515.609,435.344,28.926,68.544,0.305113,-1,-1,-1
82,8,1100.413,438.878,34.107,88.825,0.702024,-1,-1,-1
82,9,999.854,444.571,39.763,88.522,0.807062,-1,-1,-1
82,11,613.043,435.792,105.924,292.629,0.932396,-1,-1,-1
82,13,515.589,437.139,158.464,340.268,0.921640,-1,-1,-1
82,14,1257.622,444.218,42.936,99.015,0.877977,-1,-1,-1
82,15,949.549,495.240,81.293,93.199,0.336299,-1,-1,-1
82,19,978.595,445.167,31.857,76.642,0.576750,-1,-1,-1
82,20,845.134,467.609,44.189,74.961,0.450664,-1,-1,-1
82,16,804.145,476.115,36.060,70.661,0.484872,-1,-1,-1
82,32,710.367,456.445,99.965,223.199,0.939738,-1,-1,-1
82,34,913.147,465.674,59.251,111.743,0.317978,-1,-1,-1
82,40,411.896,456.543,58.384,99.354,0.569589,-1,-1,-1
82,17,759.259,446.082,32.826,73.749,0.596315,-1,-1,-1
82,44,308.852,449.589,40.568,112.785,0.349241,-1,-1,-1
82,5,1692.196,439.753,111.225,169.697,0.303213,-1,-1,-1
82,1,748.321,447.142,37.342,90.084,0.241073,-1,-1,-1
82,42,1071.445,435.507,63.390,154.622,0.401808,-1,-1,-1
82,49,1028.961,446.600,42.978,95.656,0.156471,-1,-1,-1
82,50,456.686,450.445,51.864,114.805,0.789387,-1,-1,-1
82,52,1558.504,427.961,26.150,73.439,0.171285,-1,-1,-1
82,55,483.306,442.715,71.169,170.997,0.740678,-1,-1,-1
82,4,1046.949,441.551,47.836,113.934,0.619918,-1,-1,-1
82,56,492.910,443.630,119.372,292.496,0.841632,-1,-1,-1
83,6,929.302,437.809,37.645,90.572,0.730461,-1,-1,-1
83,7,1518.675,437.139,26.891,63.515,0.331847,-1,-1,-1
83,8,1100.191,437.866,34.903,91.302,0.721211,-1,-1,-1
83,9,1000.100,443.344,42.336,94.414,0.837080,-1,-1,-1
83,11,614.495,436.507,105.675,294.200,0.934012,-1,-1,-1
83,13,519.235,439.117,157.383,342.569,0.908368,-1,-1,-1
83,14,1257.743,442.400,43.621,101.035,0.880815,-1,-1,-1
83,15,949.145,492.599,80.800,94.257,0.336256,-1,-1,-1
83,19,977.223,445.900,33.460,80.785,0.625416,-1,-1,-1
83,20,847.473,467.324,41.832,71.480,0.475229,-1,-1,-1
83,16,802.422,476.248,35.584,69.785,0.406379,-1,-1,-1
83,32,713.111,459.428,100.156,221.944,0.938921,-1,-1,-1
83,34,916.263,474.505,57.492,107.363,0.306409,-1,-1,-1
83,40,413.162,455.057,58.735,100.445,0.735630,-1,-1,-1
83,17,761.049,445.683,31.438,70.550,0.649010,-1,-1,-1
83,44,309.699,451.321,38.390,106.660,0.319629,-1,-1,-1
83,5,1687.039,437.325,104.697,158.107,0.370287,-1,-1,-1
83,1,751.671,445.653,33.862,80.127,0.398551,-1,-1,-1
83,42,1075.514,453.594,57.039,138.945,0.280568,-1,-1,-1
83,49,1027.546,445.961,37.526,84.349,0.197393,-1,-1,-1
83,50,457.315,448.278,51.259,114.243,0.774259,-1,-1,-1
83,52,1559.133,430.763,24.933,69.186,0.158195,-1,-1,-1
83,55,491.559,443.658,74.284,177.736,0.664596,-1,-1,-1
83,4,1050.010,441.718,44.840,108.849,0.648195,-1,-1,-1
83,56,492.370,444.465,119.038,291.042,0.855290,-1,-1,-1
84,6,929.402,438.714,37.633,90.434,0.681225,-1,-1,-1
84,7,1517.453,436.788,26.970,63.633,0.378652,-1,-1,-1
84,8,1098.587,435.954,37.695,99.100,0.752183,-1,-1,-1
84,9,1000.824,443.483,41.526,92.295,0.822848,-1,-1,-1
84,11,615.568,439.413,104.772,292.203,0.931740,-1,-1,-1
84,13,522.966,439.567,155.058,342.055,0.917771,-1,-1,-1
84,14,1258.103,442.432,43.251,100.636,0.882417,-1,-1,-1
84,15,950.347,497.129,76.328,89.978,0.247370,-1,-1,-1
84,19,977.282,445.674,32.062,77.126,0.508455,-1,-1,-1
84,20,846.386,467.714,41.905,71.459,0.484902,-1,-1,-1
84,16,804.113,479.509,36.071,70.487,0.588268,-1,-1,-1
84,32,713.919,462.365,99.923,218.925,0.933239,-1,-1,-1
84,34,919.000,486.520,53.140,97.258,0.193490,-1,-1,-1
84,40,415.792,462.744,54.641,93.077,0.704118,-1,-1,-1
84,17,763.273,444.856,29.697,66.529,0.645164,-1,-1,-1
84,44,310.680,451.188,35.515,98.786,0.271332,-1,-1,-1
84,5,1694.369,441.395,96.744,146.350,0.243049,-1,-1,-1
84,1,750.393,447.083,31.699,75.049,0.472776,-1,-1,-1
84,42,1077.973,468.006,51.951,125.302,0.239688,-1,-1,-1
84,49,1025.764,444.714,42.597,95.181,0.152624,-1,-1,-1
84,50,456.988,446.693,51.622,116.302,0.778548,-1,-1,-1
84,52,1557.989,428.893,27.189,75.170,0.143848,-1,-1,-1
84,55,488.090,443.215,73.921,176.806,0.731522,-1,-1,-1
84,4,1046.791,441.701,49.294,121.551,0.697684,-1,-1,-1
84,56,493.739,446.270,119.342,291.719,0.878069,-1,-1,-1
84,60,488.233,448.780,55.463,122.918,0.700342,-1,-1,-1
85,6,929.937,439.092,37.532,90.068,0.693681,-1,-1,-1
85,7,1516.291,436.198,28.801,67.866,0.384159,-1,-1,-1
85,8,1097.908,435.544,38.388,101.023,0.717028,-1,-1,-1
85,9,1000.046,444.165,40.871,91.412,0.789399,-1,-1,-1
85,11,617.851,444.164,102.878,288.030,0.924307,-1,-1,-1
85,13,525.088,437.873,154.064,344.472,0.904922,-1,-1,-1
85,14,1258.127,441.495,43.629,101.749,0.873852,-1,-1,-1
85,15,948.787,503.102,72.008,84.501,0.186524,-1,-1,-1
85,19,978.200,446.525,31.344,75.506,0.593947,-1,-1,-1
85,20,841.526,466.357,46.070,77.935,0.394527,-1,-1,-1
85,16,802.970,477.714,36.811,71.847,0.382030,-1,-1,-1
85,32,714.041,461.433,101.732,221.488,0.932745,-1,-1,-1
85,34,917.729,479.705,56.940,103.734,0.318201,-1,-1,-1
85,40,418.570,467.950,50.867,86.885,0.760015,-1,-1,-1
85,17,762.824,444.585,32.746,74.131,0.661940,-1,-1,-1
85,44,310.103,452.963,38.367,105.963,0.264596,-1,-1,-1
85,5,1696.528,439.673,97.108,148.326,0.408935,-1,-1,-1
85,1,748.937,444.822,35.472,84.793,0.425306,-1,-1,-1
85,42,1078.088,476.991,49.175,116.505,0.232110,-1,-1,-1
85,49,1027.931,443.106,41.335,93.145,0.242165,-1,-1,-1
85,50,457.073,446.709,50.738,114.980,0.768253,-1,-1,-1
85,52,1556.702,428.748,28.281,77.611,0.165040,-1,-1,-1
85,55,484.884,442.445,76.093,180.924,0.760842,-1,-1,-1
85,4,1043.963,441.695,52.127,130.285,0.757254,-1,-1,-1
85,56,491.714,446.723,120.810,295.246,0.850404,-1,-1,-1
85,60,486.111,448.267,56.620,125.754,0.420087,-1,-1,-1
86,6,929.734,440.061,37.722,90.184,0.652595,-1,-1,-1
86,7,1516.403,436.253,28.235,66.214,0.356662,-1,-1,-1
86,8,1097.698,435.385,39.050,103.194,0.724160,-1,-1,-1
86,9,998.950,444.323,41.946,94.277,0.811589,-1,-1,-1
86,11,619.949,444.506,103.190,288.896,0.925352,-1,-1,-1
86,13,522.348,432.003,155.239,350.729,0.923740,-1,-1,-1
86,14,1258.442,440.842,43.529,102.049,0.873405,-1,-1,-1
86,15,951.537,499.024,70.723,84.345,0.196797,-1,-1,-1
86,19,977.667,446.477,32.919,79.686,0.629934,-1,-1,-1
86,20,843.487,467.483,45.325,76.372,0.502892,-1,-1,-1
86,16,803.774,485.395,34.213,66.476,0.405991,-1,-1,-1
86,32,714.096,459.382,103.111,224.004,0.949063,-1,-1,-1
86,34,917.618,486.004,54.424,97.497,0.255594,-1,-1,-1
86,40,420.481,471.272,48.686,83.141,0.749296,-1,-1,-1
86,17,762.229,442.712,34.079,77.830,0.496363,-1,-1,-1
86,44,310.124,452.653,40.598,111.060,0.277097,-1,-1,-1
86,5,1688.766,436.472,100.269,152.055,0.350708,-1,-1,-1
86,1,750.151,442.009,38.536,92.755,0.274053,-1,-1,-1
86,42,1077.414,467.414,52.476,124.519,0.237215,-1,-1,-1
86,49,1029.140,443.378,38.873,87.938,0.282568,-1,-1,-1
86,50,457.577,446.796,50.159,113.950,0.751768,-1,-1,-1
86,52,1556.385,425.612,28.994,79.227,0.167302,-1,-1,-1
86,55,485.069,440.536,79.941,188.267,0.772684,-1,-1,-1
86,4,1044.171,442.513,52.897,133.776,0.751788,-1,-1,-1
86,56,490.969,440.656,124.051,304.137,0.809551,-1,-1,-1
86,60,488.264,445.156,60.405,133.988,0.589032,-1,-1,-1
87,6,929.524,439.550,38.574,92.378,0.717314,-1,-1,-1
87,7,1516.203,437.386,27.160,63.682,0.325661,-1,-1,-1
87,8,1098.815,436.701,37.597,99.889,0.636925,-1,-1,-1
87,9,1000.719,444.736,40.491,91.219,0.788127,-1,-1,-1
87,11,619.327,441.906,104.174,292.557,0.931035,-1,-1,-1
87,13,518.644,430.642,156.255,352.722,0.931155,-1,-1,-1
87,14,1258.348,440.908,43.272,101.856,0.868563,-1,-1,-1
87,15,952.907,497.421,71.641,86.931,0.259336,-1,-1,-1
87,19,977.225,446.652,32.868,79.841,0.644083,-1,-1,-1
87,20,843.931,467.976,45.311,75.678,0.511199,-1,-1,-1
87,16,808.483,487.446,33.330,63.616,0.394650,-1,-1,-1
87,32,714.728,460.356,102.985,223.021,0.954159,-1,-1,-1
87,34,919.068,499.581,49.096,85.171,0.227207,-1,-1,-1
87,40,419.755,473.203,47.757,81.417,0.688156,-1,-1,-1
87,17,763.112,442.143,31.518,71.988,0.413816,-1,-1,-1
87,44,309.008,452.826,40.262,109.724,0.306327,-1,-1,-1
87,5,1683.998,433.582,103.034,154.893,0.374719,-1,-1,-1
87,1,751.338,441.689,37.491,90.657,0.240141,-1,-1,-1
87,42,1081.655,449.773,51.952,125.163,0.398605,-1,-1,-1
87,49,1028.299,444.262,36.243,82.482,0.269945,-1,-1,-1
87,50,456.734,445.952,50.958,115.946,0.813427,-1,-1,-1
87,52,1556.647,427.013,28.251,76.669,0.151740,-1,-1,-1
87,55,484.489,441.083,80.010,187.471,0.794550,-1,-1,-1
87,4,1046.890,442.129,50.521,129.942,0.688062,-1,-1,-1
87,56,491.694,439.219,126.447,311.000,0.730409,-1,-1,-1
87,60,481.196,444.872,66.477,148.301,0.687920,-1,-1,-1
88,6,930.325,440.567,36.932,87.774,0.576608,-1,-1,-1
88,7,1516.689,437.589,26.834,62.800,0.343207,-1,-1,-1
88,8,1099.895,438.946,35.013,92.976,0.646595,-1,-1,-1
88,9,1000.693,445.752,39.591,89.943,0.785337,-1,-1,-1
88,11,624.298,447.606,102.771,286.098,0.923269,-1,-1,-1
88,13,520.445,431.720,156.565,356.037,0.893495,-1,-1,-1
88,14,1258.387,442.021,42.483,100.138,0.862471,-1,-1,-1
88,15,951.190,502.564,70.031,84.885,0.221509,-1,-1,-1
88,19,978.228,446.987,31.543,76.755,0.560445,-1,-1,-1
88,20,843.737,469.050,45.194,75.124,0.535103,-1,-1,-1
88,16,809.504,485.936,33.944,64.565,0.454446,-1,-1,-1
88,32,716.713,455.135,104.795,227.435,0.950678,-1,-1,-1
88,34,916.993,488.215,55.943,96.348,0.269871,-1,-1,-1
88,40,417.981,469.703,49.542,85.026,0.705310,-1,-1,-1
88,17,760.599,439.936,31.721,72.929,0.107906,-1,-1,-1
88,44,309.590,453.407,40.837,110.213,0.237774,-1,-1,-1
88,5,1683.191,434.971,102.311,152.153,0.340798,-1,-1,-1
88,42,1083.343,445.580,50.742,124.008,0.375990,-1,-1,-1
88,49,1028.807,444.730,35.924,82.357,0.273535,-1,-1,-1
88,50,456.973,447.333,50.310,115.097,0.786904,-1,-1,-1
88,52,1557.014,431.416,28.258,76.278,0.139881,-1,-1,-1
88,55,482.313,442.845,77.470,180.674,0.823518,-1,-1,-1
88,4,1047.933,442.865,50.524,131.940,0.772775,-1,-1,-1
88,56,499.739,440.521,126.011,309.836,0.851789,-1,-1,-1
89,6,930.872,440.216,35.641,83.931,0.622917,-1,-1,-1
89,7,1516.719,437.321,26.686,62.382,0.337414,-1,-1,-1
89,8,1099.568,439.771,34.643,92.016,0.634287,-1,-1,-1
89,9,1000.519,445.706,39.206,90.089,0.754979,-1,-1,-1
89,11,626.501,443.422,104.851,290.259,0.925219,-1,-1,-1
89,13,527.441,434.495,152.690,353.207,0.877134,-1,-1,-1
89,14,1257.916,440.798,43.216,101.990,0.873092,-1,-1,-1
89,15,948.171,506.847,68.305,81.386,0.260307,-1,-1,-1
89,19,978.908,446.260,31.730,77.521,0.567042,-1,-1,-1
89,20,844.078,469.118,45.534,75.382,0.557042,-1,-1,-1
89,16,811.213,485.702,34.485,65.210,0.429213,-1,-1,-1
89,32,718.051,452.806,105.586,229.586,0.950555,-1,-1,-1
89,34,918.970,486.860,58.123,99.064,0.441286,-1,-1,-1
89,40,417.087,463.459,52.742,91.861,0.708004,-1,-1,-1
89,44,309.673,454.952,40.640,109.358,0.293348,-1,-1,-1
89,5,1693.664,439.247,97.994,147.229,0.345841,-1,-1,-1
89,42,1082.115,443.314,51.805,128.450,0.395638,-1,-1,-1
89,49,1029.014,445.152,34.752,80.081,0.257530,-1,-1,-1
89,50,457.242,447.882,50.599,116.035,0.779119,-1,-1,-1
89,52,1557.105,432.467,28.739,77.190,0.123221,-1,-1,-1
89,55,479.049,441.314,83.373,195.932,0.789895,-1,-1,-1
89,4,1049.417,442.614,48.305,128.066,0.698402,-1,-1,-1
89,56,502.063,444.358,123.870,304.592,0.874132,-1,-1,-1
89,60,482.473,447.781,65.741,147.519,0.680619,-1,-1,-1
90,6,930.078,439.495,37.892,88.844,0.672130,-1,-1,-1
90,7,1516.868,438.343,26.130,61.040,0.333996,-1,-1,-1
90,8,1099.352,440.205,34.518,91.507,0.656138,-1,-1,-1
90,9,1001.817,446.148,37.734,87.185,0.704131,-1,-1,-1
90,11,627.058,442.760,106.152,290.525,0.918151,-1,-1,-1
90,13,530.745,438.555,150.156,349.897,0.866167,-1,-1,-1
90,14,1258.186,440.802,43.302,101.743,0.861376,-1,-1,-1
90,15,948.794,510.324,65.841,77.189,0.223523,-1,-1,-1
90,19,979.981,445.254,31.580,77.396,0.538108,-1,-1,-1
90,20,844.343,468.758,44.820,74.207,0.466887,-1,-1,-1
90,16,811.748,484.727,35.117,66.226,0.410034,-1,-1,-1
90,32,719.971,452.483,105.554,229.945,0.946932,-1,-1,-1
90,34,917.823,479.695,62.684,107.056,0.471527,-1,-1,-1
90,40,416.482,460.419,53.910,95.124,0.671567,-1,-1,-1
90,44,310.590,455.611,40.233,108.325,0.262208,-1,-1,-1
90,5,1689.679,435.664,99.824,150.131,0.220669,-1,-1,-1
90,42,1077.825,448.008,55.076,136.589,0.612596,-1,-1,-1
90,49,1031.618,447.358,31.293,72.250,0.298210,-1,-1,-1
90,50,457.224,447.539,50.322,115.873,0.786588,-1,-1,-1
90,52,1557.685,430.301,27.963,74.795,0.139490,-1,-1,-1
90,4,1051.869,442.079,45.121,121.093,0.613985,-1,-1,-1
90,56,498.067,444.565,124.170,304.927,0.882233,-1,-1,-1
90,62,701.066,449.708,51.603,136.860,0.648545,-1,-1,-1
90,60,483.149,446.529,69.117,154.262,0.770000,-1,-1,-1
91,6,928.790,440.380,40.167,93.422,0.589927,-1,-1,-1
91,7,1517.196,438.603,26.391,61.598,0.331027,-1,-1,-1
91,8,1099.953,441.033,32.262,84.331,0.652443,-1,-1,-1
91,9,1002.966,445.925,36.447,83.784,0.748199,-1,-1,-1
91,11,631.380,441.700,106.750,290.863,0.919178,-1,-1,-1
91,13,535.241,437.620,146.534,344.001,0.899376,-1,-1,-1
91,14,1256.120,441.561,43.452,101.922,0.829167,-1,-1,-1
91,15,947.748,509.922,67.553,78.773,0.232438,-1,-1,-1
91,19,974.961,444.879,31.610,77.420,0.515911,-1,-1,-1
91,20,847.091,468.970,44.630,74.144,0.425743,-1,-1,-1
91,16,813.528,485.971,34.881,65.421,0.491646,-1,-1,-1
91,32,722.211,453.312,104.952,229.335,0.948160,-1,-1,-1
91,34,920.518,491.493,57.069,95.902,0.394003,-1,-1,-1
91,40,414.473,454.981,56.564,100.589,0.718279,-1,-1,-1
91,44,313.447,460.052,38.787,103.334,0.423121,-1,-1,-1
91,5,1684.650,437.941,108.325,164.843,0.229355,-1,-1,-1
91,42,1077.451,455.393,54.329,133.751,0.766083,-1,-1,-1
91,49,1032.630,448.578,28.519,65.784,0.238864,-1,-1,-1
91,50,457.959,447.880,49.546,114.019,0.758374,-1,-1,-1
91,52,1557.536,432.762,27.958,74.399,0.131770,-1,-1,-1
91,4,1055.709,444.446,42.411,114.447,0.576517,-1,-1,-1
91,56,500.638,445.497,123.018,302.894,0.883277,-1,-1,-1
91,62,695.927,447.562,61.030,161.600,0.710265,-1,-1,-1
91,60,484.877,445.218,69.140,153.291,0.733080,-1,-1,-1
91,57,1085.439,448.530,46.150,111.476,0.674196,-1,-1,-1
92,6,928.944,439.884,37.713,87.522,0.575556,-1,-1,-1
92,7,1517.094,437.712,26.763,62.333,0.319463,-1,-1,-1
92,8,1101.688,438.915,32.573,85.401,0.714351,-1,-1,-1
92,9,1003.023,446.114,36.086,82.439,0.682560,-1,-1,-1
92,11,629.630,441.268,109.987,296.298,0.915919,-1,-1,-1
92,13,533.940,437.059,145.422,340.097,0.905936,-1,-1,-1
92,14,1254.341,442.093,43.166,101.416,0.859727,-1,-1,-1
92,15,949.888,508.674,69.221,80.998,0.174456,-1,-1,-1
92,19,973.711,445.553,30.648,74.915,0.378735,-1,-1,-1
92,20,851.215,468.439,44.194,74.085,0.370232,-1,-1,-1
92,16,814.060,483.607,36.468,68.371,0.388366,-1,-1,-1
92,32,725.708,453.644,104.145,228.317,0.943948,-1,-1,-1
92,34,917.859,484.677,60.471,101.884,0.194426,-1,-1,-1
92,40,415.892,462.260,53.255,94.315,0.757539,-1,-1,-1
92,44,316.968,459.976,37.962,100.422,0.535082,-1,-1,-1
92,5,1683.851,438.666,111.025,171.174,0.368232,-1,-1,-1
92,42,1074.416,455.649,55.353,134.604,0.713190,-1,-1,-1
92,49,1035.141,445.694,28.927,66.629,0.285789,-1,-1,-1
92,50,457.614,451.194,48.880,112.171,0.765529,-1,-1,-1
92,52,1556.958,433.367,28.234,74.680,0.149470,-1,-1,-1
92,4,1058.091,443.822,39.640,107.109,0.509524,-1,-1,-1
92,56,501.471,443.630,122.837,303.222,0.866221,-1,-1,-1
92,62,688.552,445.794,61.488,162.278,0.658399,-1,-1,-1
92,60,488.199,445.661,64.995,142.932,0.716152,-1,-1,-1
92,57,1088.686,442.145,44.499,107.308,0.653854,-1,-1,-1
93,6,929.122,439.356,36.236,83.806,0.623909,-1,-1,-1
93,7,1517.058,437.138,27.465,63.908,0.327292,-1,-1,-1
93,8,1101.400,438.016,32.101,83.601,0.691332,-1,-1,-1
93,9,1001.812,446.415,36.615,83.625,0.609454,-1,-1,-1
93,11,629.363,438.195,113.059,302.690,0.909622,-1,-1,-1
93,13,534.378,436.986,146.401,343.131,0.905441,-1,-1,-1
93,14,1254.160,442.075,43.162,101.389,0.866578,-1,-1,-1
93,15,950.272,504.788,71.234,83.910,0.202847,-1,-1,-1
93,19,971.536,446.044,31.659,76.219,0.349328,-1,-1,-1
93,20,852.095,468.502,43.405,73.216,0.328287,-1,-1,-1
93,16,811.608,479.693,37.851,71.156,0.324945,-1,-1,-1
93,32,728.873,452.679,103.872,229.595,0.937617,-1,-1,-1
93,34,918.604,480.980,62.727,105.269,0.165184,-1,-1,-1
93,40,419.442,471.861,48.597,85.396,0.572424,-1,-1,-1
93,44,311.010,453.839,41.347,110.315,0.655377,-1,-1,-1
93,5,1687.580,438.101,108.697,170.186,0.314000,-1,-1,-1
93,42,1072.885,458.599,55.390,133.001,0.744439,-1,-1,-1
93,49,1035.553,442.555,31.200,72.208,0.229954,-1,-1,-1
93,50,456.535,451.149,49.654,113.266,0.783595,-1,-1,-1
93,52,1556.411,433.437,29.439,77.740,0.154860,-1,-1,-1
93,4,1056.790,449.653,42.837,116.309,0.540599,-1,-1,-1
93,56,501.269,444.054,121.829,301.901,0.876654,-1,-1,-1
93,62,687.494,443.678,67.616,177.913,0.719766,-1,-1,-1
93,60,490.398,446.632,63.402,138.695,0.714049,-1,-1,-1
93,57,1088.368,440.287,45.490,109.985,0.629179,-1,-1,-1
94,6,930.864,439.996,36.570,84.568,0.633338,-1,-1,-1
94,7,1516.985,436.762,28.527,66.433,0.334313,-1,-1,-1
94,8,1099.910,436.037,34.592,89.914,0.749626,-1,-1,-1
94,9,1001.466,443.442,38.332,87.537,0.749319,-1,-1,-1
94,11,629.304,437.700,114.178,304.757,0.922234,-1,-1,-1
94,13,527.690,435.817,152.970,357.486,0.907098,-1,-1,-1
94,14,1254.192,441.549,43.372,101.937,0.874068,-1,-1,-1
94,15,950.328,498.198,75.011,89.766,0.273722,-1,-1,-1
94,19,975.761,445.519,31.229,75.031,0.521250,-1,-1,-1
94,20,851.029,468.074,44.361,75.159,0.405168,-1,-1,-1
94,16,809.372,477.041,39.243,73.446,0.376929,-1,-1,-1
94,32,731.779,452.272,103.421,229.863,0.942037,-1,-1,-1
94,34,916.047,472.622,66.654,112.791,0.247232,-1,-1,-1
94,40,420.142,479.430,44.807,77.367,0.564880,-1,-1,-1
94,44,308.608,451.902,42.175,113.395,0.635547,-1,-1,-1
94,5,1690.319,438.497,104.973,166.347,0.319911,-1,-1,-1
94,42,1072.309,449.710,58.886,141.075,0.636959,-1,-1,-1
94,49,1034.574,440.017,31.883,74.097,0.229263,-1,-1,-1
94,50,456.306,451.340,50.394,114.582,0.787748,-1,-1,-1
94,52,1556.018,431.967,30.162,79.728,0.165065,-1,-1,-1
94,4,1055.673,444.369,44.202,121.239,0.586062,-1,-1,-1
94,56,500.979,445.478,120.764,300.059,0.876262,-1,-1,-1
94,62,685.728,445.078,62.970,165.772,0.622098,-1,-1,-1
94,60,489.705,448.625,59.268,129.844,0.678171,-1,-1,-1
95,6,929.184,439.535,37.062,85.558,0.664440,-1,-1,-1
95,7,1518.320,437.099,27.424,63.902,0.296673,-1,-1,-1
95,8,1099.865,437.110,34.927,91.010,0.743690,-1,-1,-1
95,9,1001.451,444.017,38.431,87.840,0.763744,-1,-1,-1
95,11,630.296,437.714,115.499,306.754,0.924599,-1,-1,-1
95,13,530.822,436.790,151.367,355.316,0.907879,-1,-1,-1
95,14,1254.262,441.090,43.436,102.548,0.874892,-1,-1,-1
95,15,951.503,495.684,73.747,89.534,0.225579,-1,-1,-1
95,19,979.498,445.950,31.798,76.539,0.594764,-1,-1,-1
95,20,857.388,465.655,45.044,76.968,0.497691,-1,-1,-1
95,16,807.263,474.421,40.016,75.152,0.401305,-1,-1,-1
95,32,732.690,451.583,103.568,231.053,0.935158,-1,-1,-1
95,34,913.391,462.308,70.593,121.554,0.291568,-1,-1,-1
95,40,420.199,472.762,48.246,83.708,0.650126,-1,-1,-1
95,44,309.250,452.456,40.072,109.066,0.652851,-1,-1,-1
95,5,1685.458,434.944,108.984,174.385,0.332298,-1,-1,-1
95,42,1070.885,459.342,55.249,130.170,0.512326,-1,-1,-1
95,49,1035.527,437.287,30.054,70.429,0.188861,-1,-1,-1
95,50,457.275,453.246,48.781,111.333,0.779945,-1,-1,-1
95,52,1556.324,431.996,31.535,83.970,0.162112,-1,-1,-1
95,4,1055.849,443.065,44.789,123.807,0.623445,-1,-1,-1
95,56,498.593,442.752,122.226,302.972,0.880258,-1,-1,-1
95,62,689.974,444.289,48.683,128.153,0.626179,-1,-1,-1
95,60,491.047,450.165,57.251,124.334,0.688553,-1,-1,-1
96,6,929.438,439.114,37.737,85.649,0.643565,-1,-1,-1
96,7,1517.702,438.099,26.694,62.088,0.340723,-1,-1,-1
96,8,1100.616,437.702,34.291,89.478,0.731311,-1,-1,-1
96,9,1001.623,445.372,37.538,85.768,0.730340,-1,-1,-1
96,11,632.058,439.234,115.988,306.250,0.924486,-1,-1,-1
96,13,527.737,437.782,151.389,353.908,0.921975,-1,-1,-1
96,14,1253.971,442.125,42.718,101.016,0.863749,-1,-1,-1
96,15,951.625,493.327,75.394,92.081,0.472501,-1,-1,-1
96,19,978.764,446.170,32.718,78.834,0.582314,-1,-1,-1
96,20,859.572,461.638,46.316,80.049,0.428765,-1,-1,-1
96,16,806.391,472.474,41.514,78.311,0.419114,-1,-1,-1
96,32,733.457,448.077,105.449,236.086,0.932340,-1,-1,-1
96,34,911.565,445.997,72.191,127.617,0.657498,-1,-1,-1
96,40,418.188,463.752,52.871,91.877,0.693380,-1,-1,-1
96,44,308.093,451.897,40.832,111.509,0.680999,-1,-1,-1
96,5,1685.974,435.608,114.294,187.394,0.334961,-1,-1,-1
96,42,1071.095,466.756,53.483,123.364,0.599461,-1,-1,-1
96,49,1035.173,438.638,28.786,67.796,0.172251,-1,-1,-1
96,50,457.910,452.586,47.626,108.928,0.712668,-1,-1,-1
96,52,1556.234,433.362,31.450,84.089,0.150957,-1,-1,-1
96,4,1056.433,447.229,43.204,119.536,0.557618,-1,-1,-1
96,56,502.016,445.040,120.473,298.511,0.862040,-1,-1,-1
96,62,694.579,444.190,39.291,103.455,0.621338,-1,-1,-1
96,60,492.376,450.240,56.695,122.578,0.561762,-1,-1,-1
96,55,498.740,454.746,92.348,208.192,0.603063,-1,-1,-1
97,6,930.193,438.761,37.530,84.459,0.668305,-1,-1,-1
97,7,1517.663,438.126,27.008,62.861,0.352547,-1,-1,-1
97,8,1101.851,438.598,33.417,87.449,0.731516,-1,-1,-1
97,9,1001.961,446.284,37.116,84.846,0.775455,-1,-1,-1
97,11,633.973,438.794,116.705,306.196,0.927778,-1,-1,-1
97,13,524.239,436.555,153.137,356.260,0.925709,-1,-1,-1
97,14,1254.022,442.347,42.319,100.457,0.862613,-1,-1,-1
97,15,949.968,498.466,73.840,88.973,0.400564,-1,-1,-1
97,19,978.660,446.801,31.099,74.808,0.507087,-1,-1,-1
97,20,858.970,460.510,46.372,80.801,0.464258,-1,-1,-1
97,16,804.537,470.721,40.652,77.053,0.473836,-1,-1,-1
97,32,735.730,447.342,105.812,236.887,0.932119,-1,-1,-1
97,34,912.679,438.186,69.380,125.714,0.626582,-1,-1,-1
97,40,421.081,465.141,52.207,90.401,0.610176,-1,-1,-1
97,44,308.625,452.592,40.124,110.292,0.615899,-1,-1,-1
97,5,1686.121,433.974,114.733,191.990,0.337054,-1,-1,-1
97,42,1068.846,466.129,54.641,123.798,0.506685,-1,-1,-1
97,49,1034.551,439.038,27.594,65.171,0.153676,-1,-1,-1
97,50,458.980,457.652,46.448,106.040,0.695055,-1,-1,-1
97,52,1556.122,431.749,30.717,82.294,0.166397,-1,-1,-1
97,4,1059.272,448.027,40.947,112.880,0.549217,-1,-1,-1
97,56,503.241,444.831,120.756,299.322,0.849167,-1,-1,-1
97,62,694.476,438.513,33.554,88.196,0.202243,-1,-1,-1
97,60,492.671,450.674,61.167,131.845,0.672661,-1,-1,-1
97,55,501.614,454.700,85.719,183.165,0.631632,-1,-1,-1
98,6,929.166,438.695,39.304,88.199,0.644864,-1,-1,-1
98,7,1517.362,437.095,27.395,63.679,0.302385,-1,-1,-1
98,8,1101.740,437.671,33.634,88.586,0.747760,-1,-1,-1
98,9,1001.636,446.017,37.568,85.959,0.790908,-1,-1,-1
98,11,635.861,437.416,117.803,307.227,0.926884,-1,-1,-1
98,13,523.842,434.979,154.962,360.437,0.938340,-1,-1,-1
98,14,1253.614,440.144,43.381,103.145,0.876213,-1,-1,-1
98,15,953.114,506.705,68.220,80.849,0.344276,-1,-1,-1
98,19,979.099,446.288,29.969,72.030,0.452105,-1,-1,-1
98,20,858.097,458.887,46.155,81.283,0.374884,-1,-1,-1
98,16,802.518,465.043,42.885,81.567,0.317349,-1,-1,-1
98,32,736.448,444.621,107.214,239.450,0.940068,-1,-1,-1
98,34,907.799,439.902,74.740,136.070,0.326827,-1,-1,-1
98,40,421.769,461.936,54.878,94.442,0.566014,-1,-1,-1
98,44,309.155,452.698,39.668,109.566,0.587777,-1,-1,-1
98,5,1687.292,432.657,111.431,189.102,0.365597,-1,-1,-1
98,42,1068.829,466.038,54.870,123.331,0.569826,-1,-1,-1
98,49,1035.473,438.959,27.466,65.084,0.174033,-1,-1,-1
98,50,454.687,455.492,46.690,105.666,0.696861,-1,-1,-1
98,52,1555.795,432.959,30.599,81.827,0.133128,-1,-1,-1
98,4,1061.237,449.001,39.224,108.097,0.637031,-1,-1,-1
98,56,498.954,443.901,122.491,302.086,0.865931,-1,-1,-1
98,62,692.502,435.643,33.505,88.132,0.175339,-1,-1,-1
98,60,490.761,448.626,58.297,126.144,0.600870,-1,-1,-1
98,55,491.271,447.424,83.994,179.166,0.668403,-1,-1,-1
99,6,930.382,438.835,37.987,85.207,0.651904,-1,-1,-1
99,7,1515.441,435.589,29.594,68.616,0.360270,-1,-1,-1
99,8,1100.172,437.364,35.539,93.788,0.803358,-1,-1,-1
99,9,1000.090,444.873,38.119,87.353,0.789809,-1,-1,-1
99,11,638.659,435.185,119.123,309.088,0.931159,-1,-1,-1
99,13,525.528,435.557,153.739,358.247,0.943870,-1,-1,-1
99,14,1253.932,440.477,43.282,102.868,0.874788,-1,-1,-1
99,15,949.406,510.323,66.675,76.900,0.243580,-1,-1,-1
99,19,980.856,444.317,28.328,67.750,0.475418,-1,-1,-1
99,20,858.363,459.396,46.240,81.986,0.402244,-1,-1,-1
99,16,805.039,466.210,42.891,81.857,0.324028,-1,-1,-1
99,32,739.298,443.692,107.658,240.269,0.926462,-1,-1,-1
99,34,915.383,467.248,64.428,114.369,0.439771,-1,-1,-1
99,40,420.520,467.825,51.368,88.562,0.544691,-1,-1,-1
99,44,307.138,453.462,40.808,112.332,0.679037,-1,-1,-1
99,5,1688.295,431.806,101.094,168.877,0.326605,-1,-1,-1
99,42,1065.344,469.328,52.472,117.218,0.517054,-1,-1,-1
99,49,1035.433,436.486,28.146,66.964,0.169768,-1,-1,-1
99,50,452.557,456.725,46.680,105.141,0.729687,-1,-1,-1
99,52,1554.573,430.096,32.085,86.032,0.172300,-1,-1,-1
99,4,1060.373,448.408,40.219,111.288,0.661058,-1,-1,-1
99,56,495.707,443.459,123.416,301.621,0.856219,-1,-1,-1
99,62,694.510,436.371,31.897,83.750,0.168871,-1,-1,-1
99,60,493.500,450.321,58.823,126.227,0.549234,-1,-1,-1
99,55,486.450,448.855,86.980,186.767,0.575020,-1,-1,-1
100,6,931.480,437.979,37.318,83.801,0.633005,-1,-1,-1
100,7,1515.689,434.888,30.971,71.691,0.400015,-1,-1,-1
100,8,1097.495,436.121,39.238,103.884,0.799794,-1,-1,-1
100,9,999.019,444.609,38.443,88.165,0.803050,-1,-1,-1
100,11,641.198,434.712,119.381,308.300,0.928575,-1,-1,-1
100,13,527.523,435.266,152.877,358.520,0.940966,-1,-1,-1
100,14,1253.255,440.722,43.456,103.034,0.882655,-1,-1,-1
100,15,945.489,510.657,67.352,75.549,0.246163,-1,-1,-1
100,19,981.565,443.863,27.562,65.534,0.423865,-1,-1,-1
100,20,859.360,467.259,46.414,81.724,0.135775,-1,-1,-1
100,16,808.136,468.703,39.844,76.610,0.410867,-1,-1,-1
100,32,741.699,444.278,107.829,241.423,0.920574,-1,-1,-1
100,34,919.715,482.768,59.009,101.459,0.506799,-1,-1,-1
100,40,421.464,472.982,48.446,83.760,0.482354,-1,-1,-1
100,44,308.824,451.971,39.680,109.508,0.368710,-1,-1,-1
100,5,1687.967,430.561,97.172,159.296,0.343137,-1,-1,-1
100,42,1069.565,465.788,54.479,121.510,0.494149,-1,-1,-1
100,49,1033.724,435.667,27.988,66.768,0.124453,-1,-1,-1
100,50,451.569,455.714,47.482,106.598,0.669226,-1,-1,-1
100,52,1554.769,429.026,32.497,87.438,0.185733,-1,-1,-1
100,4,1060.564,444.547,39.447,110.056,0.669372,-1,-1,-1
100,56,491.437,443.349,123.611,300.681,0.873480,-1,-1,-1
100,62,694.496,434.975,31.683,83.255,0.128133,-1,-1,-1
100,60,494.121,449.941,65.394,141.416,0.409810,-1,-1,-1
100,55,483.860,446.071,91.521,198.685,0.426955,-1,-1,-1
100,57,1082.845,439.224,55.026,136.921,0.617846,-1,-1,-1
101,6,931.287,436.403,37.318,84.035,0.615326,-1,-1,-1
101,7,1514.224,435.670,30.123,69.712,0.288770,-1,-1,-1
101,8,1098.193,436.919,37.434,98.858,0.769627,-1,-1,-1
101,9,998.756,443.697,38.793,89.173,0.771921,-1,-1,-1
101,11,644.771,437.240,119.406,305.988,0.933457,-1,-1,-1
101,13,527.894,432.420,152.978,361.265,0.930225,-1,-1,-1
101,14,1252.718,441.559,42.805,101.890,0.869191,-1,-1,-1
101,15,945.547,510.862,69.398,76.363,0.193421,-1,-1,-1
101,19,982.802,443.758,30.069,71.786,0.394362,-1,-1,-1
101,20,863.926,463.314,47.027,83.311,0.549275,-1,-1,-1
101,16,807.174,468.252,38.982,75.786,0.391625,-1,-1,-1
101,32,741.586,444.757,108.206,243.290,0.925257,-1,-1,-1
101,34,914.320,466.877,68.143,117.436,0.445847,-1,-1,-1
101,40,422.939,463.632,49.208,86.822,0.146805,-1,-1,-1
101,44,309.476,452.257,39.851,110.038,0.334864,-1,-1,-1
101,5,1686.606,429.960,96.897,156.146,0.508765,-1,-1,-1
101,49,1033.117,434.634,28.640,68.747,0.122823,-1,-1,-1
101,50,449.186,456.175,47.111,106.630,0.750513,-1,-1,-1
101,52,1556.660,428.525,30.369,81.263,0.105185,-1,-1,-1
101,4,1060.992,443.251,38.371,107.739,0.595770,-1,-1,-1
101,56,489.209,443.452,124.894,303.158,0.862555,-1,-1,-1
101,60,492.439,449.744,71.323,155.185,0.416061,-1,-1,-1
101,57,1079.017,439.953,57.442,144.351,0.634953,-1,-1,-1
102,6,931.309,436.316,38.501,86.591,0.614510,-1,-1,-1
102,7,1513.641,436.311,29.499,68.153,0.314314,-1,-1,-1
102,8,1099.421,438.744,35.173,92.265,0.764548,-1,-1,-1
102,9,999.458,443.827,38.480,88.533,0.789605,-1,-1,-1
102,11,645.797,437.087,119.172,305.133,0.933810,-1,-1,-1
102,13,525.223,432.679,152.719,360.301,0.930171,-1,-1,-1
102,14,1251.754,441.908,42.460,101.461,0.875454,-1,-1,-1
102,15,950.417,512.403,69.092,75.190,0.229466,-1,-1,-1
102,19,985.500,443.941,28.491,67.508,0.409329,-1,-1,-1
102,20,865.744,458.595,48.951,88.104,0.412604,-1,-1,-1
102,16,807.870,468.161,38.059,74.603,0.428805,-1,-1,-1
102,32,744.427,446.592,106.903,242.162,0.916511,-1,-1,-1
102,34,911.745,460.903,71.428,123.997,0.477367,-1,-1,-1
102,40,423.727,469.311,48.974,86.628,0.494406,-1,-1,-1
102,44,309.142,451.853,41.008,112.587,0.351158,-1,-1,-1
102,5,1692.544,433.862,94.026,151.542,0.375338,-1,-1,-1
102,49,1033.235,434.742,28.577,68.856,0.127307,-1,-1,-1
102,50,446.454,455.384,47.266,107.775,0.751159,-1,-1,-1
102,4,1064.939,440.935,33.101,92.962,0.657951,-1,-1,-1
102,56,489.618,441.731,126.814,306.175,0.854373,-1,-1,-1
102,60,487.723,446.730,68.268,149.067,0.662214,-1,-1,-1
102,57,1073.850,441.830,59.258,146.982,0.645228,-1,-1,-1
103,6,931.315,436.573,37.859,85.492,0.631218,-1,-1,-1
103,7,1511.816,436.948,29.254,67.481,0.285343,-1,-1,-1
103,8,1098.591,437.439,36.036,94.324,0.782662,-1,-1,-1
103,9,1000.641,444.551,37.571,86.713,0.813888,-1,-1,-1
103,11,645.983,435.113,118.517,302.891,0.942514,-1,-1,-1
103,13,527.901,436.679,150.193,355.441,0.922808,-1,-1,-1
103,14,1251.564,440.663,42.895,103.220,0.858690,-1,-1,-1
103,15,954.749,515.543,66.902,72.135,0.250281,-1,-1,-1
103,19,986.104,441.913,29.629,70.049,0.404343,-1,-1,-1
103,20,865.357,461.304,45.670,82.293,0.428367,-1,-1,-1
103,16,808.077,468.401,36.222,71.492,0.356895,-1,-1,-1
103,32,745.698,447.997,106.085,241.695,0.923945,-1,-1,-1
103,34,917.050,484.981,59.998,100.933,0.442227,-1,-1,-1
103,40,421.689,480.949,43.351,75.953,0.556741,-1,-1,-1
103,44,309.086,452.352,40.866,112.545,0.332212,-1,-1,-1
103,5,1697.869,435.526,92.248,149.630,0.346106,-1,-1,-1
103,49,1032.860,434.562,27.926,67.402,0.138673,-1,-1,-1
103,50,445.343,462.038,44.248,100.784,0.682513,-1,-1,-1
103,4,1065.004,439.257,31.449,88.233,0.620443,-1,-1,-1
103,56,490.416,442.069,127.421,306.428,0.865833,-1,-1,-1
103,60,485.667,446.877,66.993,147.899,0.642263,-1,-1,-1
103,57,1069.646,440.624,60.935,149.323,0.628589,-1,-1,-1
103,55,483.424,445.106,87.651,193.128,0.602012,-1,-1,-1
104,6,930.159,437.574,37.171,83.506,0.647600,-1,-1,-1
104,7,1511.932,437.571,29.585,68.357,0.271242,-1,-1,-1
104,8,1097.163,434.625,38.571,100.941,0.786161,-1,-1,-1
104,9,1000.185,444.944,37.085,85.731,0.794252,-1,-1,-1
104,11,645.364,431.931,119.660,306.213,0.942230,-1,-1,-1
104,13,529.223,435.086,149.502,355.257,0.929101,-1,-1,-1
104,14,1251.564,441.491,42.662,102.930,0.865511,-1,-1,-1
104,15,951.773,515.876,67.609,71.770,0.266957,-1,-1,-1
104,19,987.831,441.209,31.964,75.353,0.426783,-1,-1,-1
104,20,867.398,463.857,44.141,79.997,0.329147,-1,-1,-1
104,16,810.951,470.336,35.531,70.599,0.450344,-1,-1,-1
104,32,747.435,446.788,106.519,244.799,0.919148,-1,-1,-1
104,34,923.197,494.534,55.911,90.969,0.455274,-1,-1,-1
104,40,419.824,477.533,46.600,81.354,0.457367,-1,-1,-1
104,44,309.401,450.509,41.158,113.907,0.582194,-1,-1,-1
104,5,1693.045,434.558,93.303,150.235,0.361919,-1,-1,-1
104,49,1034.591,432.747,26.470,63.652,0.157104,-1,-1,-1
104,50,441.069,466.844,43.269,96.061,0.648863,-1,-1,-1
104,4,1064.974,436.128,29.412,82.400,0.578208,-1,-1,-1
104,56,492.557,443.889,127.288,303.685,0.850442,-1,-1,-1
104,60,482.936,445.708,68.889,154.025,0.690739,-1,-1,-1
104,57,1070.160,457.205,56.426,135.964,0.481038,-1,-1,-1
104,55,479.786,440.934,106.990,241.572,0.109324,-1,-1,-1
105,6,931.634,437.726,36.934,82.801,0.640526,-1,-1,-1
105,7,1513.869,436.569,29.643,68.737,0.304196,-1,-1,-1
105,8,1100.019,437.548,35.979,94.955,0.705591,-1,-1,-1
105,9,999.926,445.910,37.266,85.946,0.720088,-1,-1,-1
105,11,646.461,430.880,119.954,307.033,0.942473,-1,-1,-1
105,13,531.447,433.450,149.503,355.778,0.928672,-1,-1,-1
105,14,1250.918,441.529,42.098,102.369,0.821000,-1,-1,-1
105,15,949.373,515.038,68.069,71.881,0.160686,-1,-1,-1
105,19,990.549,441.994,33.172,77.790,0.373297,-1,-1,-1
105,20,867.036,466.730,42.860,77.183,0.267617,-1,-1,-1
105,16,808.476,466.778,35.233,70.250,0.380703,-1,-1,-1
105,32,750.154,450.720,104.999,243.428,0.924932,-1,-1,-1
105,34,920.116,487.608,59.825,97.051,0.446835,-1,-1,-1
105,40,422.148,468.234,53.564,93.460,0.649055,-1,-1,-1
105,44,309.119,450.348,40.564,113.098,0.649166,-1,-1,-1
105,5,1698.768,438.887,90.658,146.746,0.263897,-1,-1,-1
105,49,1034.349,433.924,27.298,65.730,0.117952,-1,-1,-1
105,50,441.469,461.107,45.925,101.985,0.627980,-1,-1,-1
105,4,1064.474,436.353,28.555,79.912,0.525191,-1,-1,-1
105,56,492.568,442.631,127.490,302.697,0.877103,-1,-1,-1
105,60,482.451,448.954,67.464,153.019,0.681837,-1,-1,-1
105,57,1072.246,467.648,53.267,126.453,0.474053,-1,-1,-1
105,55,487.088,447.033,90.247,203.654,0.268012,-1,-1,-1
106,6,931.406,436.626,37.954,84.680,0.626279,-1,-1,-1
106,7,1515.070,436.381,28.800,66.954,0.308397,-1,-1,-1
106,8,1098.813,436.190,38.124,100.962,0.707400,-1,-1,-1
106,9,998.764,445.204,37.742,87.295,0.723699,-1,-1,-1
106,11,649.750,434.628,118.374,303.229,0.941355,-1,-1,-1
106,13,532.820,433.650,149.083,355.580,0.925525,-1,-1,-1
106,14,1250.498,443.470,41.360,100.842,0.849631,-1,-1,-1
106,15,950.056,514.634,68.403,72.446,0.142077,-1,-1,-1
106,19,991.541,441.903,34.176,79.914,0.367649,-1,-1,-1
106,20,867.328,468.446,42.039,75.091,0.283946,-1,-1,-1
106,16,809.975,469.119,35.131,70.227,0.371432,-1,-1,-1
106,32,751.492,453.028,103.300,241.395,0.914858,-1,-1,-1
106,34,918.440,485.370,61.140,98.876,0.380557,-1,-1,-1
106,40,422.590,470.810,51.006,88.805,0.489525,-1,-1,-1
106,44,309.481,450.389,39.471,110.723,0.625570,-1,-1,-1
106,5,1701.142,439.917,89.757,146.266,0.295767,-1,-1,-1
106,49,1033.979,434.209,27.170,65.547,0.111771,-1,-1,-1
106,50,442.590,458.635,47.098,104.791,0.671098,-1,-1,-1
106,4,1063.959,437.536,28.093,78.494,0.535683,-1,-1,-1
106,56,493.130,442.013,127.649,303.669,0.876029,-1,-1,-1
106,60,482.456,451.134,65.874,151.665,0.694929,-1,-1,-1
106,57,1071.764,463.503,55.133,129.771,0.368764,-1,-1,-1
106,55,493.137,448.590,94.122,210.294,0.133914,-1,-1,-1
107,6,930.737,435.189,39.443,87.704,0.758852,-1,-1,-1
107,7,1516.089,435.925,28.291,65.865,0.372795,-1,-1,-1
107,8,1097.614,435.446,39.980,105.965,0.722420,-1,-1,-1
107,9,998.986,445.001,38.116,88.146,0.745701,-1,-1,-1
107,11,652.157,432.666,118.798,304.580,0.943160,-1,-1,-1
107,13,523.091,433.391,151.330,356.994,0.931199,-1,-1,-1
107,14,1250.643,445.139,40.214,98.556,0.829148,-1,-1,-1
107,15,942.538,502.874,80.786,86.060,0.175021,-1,-1,-1
107,19,990.610,441.601,35.595,83.147,0.388656,-1,-1,-1
107,20,870.199,464.064,43.374,78.768,0.275339,-1,-1,-1
107,16,809.862,465.725,37.231,75.020,0.370752,-1,-1,-1
107,32,752.588,452.789,103.276,243.486,0.922390,-1,-1,-1
107,34,913.771,465.169,71.775,118.229,0.595594,-1,-1,-1
107,40,425.081,470.388,51.042,89.014,0.422622,-1,-1,-1
107,44,309.121,450.689,40.015,113.061,0.632161,-1,-1,-1
107,5,1702.704,442.711,88.402,144.453,0.349997,-1,-1,-1
107,49,1034.366,438.629,29.514,71.276,0.230701,-1,-1,-1
107,50,443.290,458.938,46.753,103.867,0.637569,-1,-1,-1
107,4,1064.599,437.411,29.285,81.737,0.598791,-1,-1,-1
107,56,494.443,438.224,130.724,311.839,0.784400,-1,-1,-1
107,60,486.558,447.971,67.909,157.281,0.721028,-1,-1,-1
107,57,1069.490,447.842,61.236,144.269,0.636577,-1,-1,-1
107,55,485.032,451.582,94.071,214.824,0.313867,-1,-1,-1
108,6,930.729,435.452,40.980,91.546,0.616146,-1,-1,-1
108,7,1515.935,435.378,27.492,63.999,0.312862,-1,-1,-1
108,8,1100.599,437.774,35.439,93.875,0.707630,-1,-1,-1
108,9,999.112,445.365,38.124,88.145,0.760754,-1,-1,-1
108,11,653.016,430.471,119.444,308.361,0.940931,-1,-1,-1
108,13,518.291,433.235,154.362,361.924,0.933493,-1,-1,-1
108,14,1249.878,444.318,40.304,99.490,0.834886,-1,-1,-1
108,15,942.901,503.283,79.463,85.193,0.162707,-1,-1,-1
108,19,987.416,440.310,39.964,93.453,0.235506,-1,-1,-1
108,20,866.805,466.781,43.485,78.159,0.429984,-1,-1,-1
108,16,809.283,462.861,36.955,74.956,0.399893,-1,-1,-1
108,32,751.260,446.003,106.364,252.345,0.918167,-1,-1,-1
108,34,913.794,445.303,71.853,121.269,0.780637,-1,-1,-1
108,40,427.413,471.092,52.295,89.929,0.500039,-1,-1,-1
108,44,309.225,450.424,40.229,114.342,0.647201,-1,-1,-1
108,5,1702.876,442.806,87.859,143.797,0.363711,-1,-1,-1
108,49,1034.545,435.165,29.085,70.438,0.154252,-1,-1,-1
108,50,446.658,458.198,44.013,97.996,0.293758,-1,-1,-1
108,4,1065.906,437.506,28.917,80.589,0.525069,-1,-1,-1
108,56,498.529,440.675,129.399,307.841,0.652158,-1,-1,-1
108,60,488.243,447.502,68.435,159.689,0.816481,-1,-1,-1
108,57,1069.890,459.049,58.127,134.803,0.623501,-1,-1,-1
108,55,491.000,446.557,89.133,205.866,0.443553,-1,-1,-1
109,6,930.349,435.245,41.585,93.463,0.602252,-1,-1,-1
109,7,1515.874,435.392,28.196,65.747,0.353767,-1,-1,-1
109,8,1101.711,438.554,33.871,89.893,0.681707,-1,-1,-1
109,9,998.326,444.884,39.957,92.808,0.591208,-1,-1,-1
109,11,653.927,429.021,119.629,310.822,0.942508,-1,-1,-1
109,13,518.118,433.721,155.919,363.768,0.936743,-1,-1,-1
109,14,1249.605,444.773,39.995,99.009,0.850228,-1,-1,-1
109,15,942.716,499.381,82.046,88.544,0.131800,-1,-1,-1
109,19,986.681,440.347,42.793,100.020,0.203387,-1,-1,-1
109,20,865.296,468.495,43.385,76.865,0.419467,-1,-1,-1
109,16,813.448,466.403,34.575,69.966,0.344854,-1,-1,-1
109,32,751.943,445.179,105.165,249.821,0.921989,-1,-1,-1
109,34,914.847,437.726,69.768,120.604,0.752586,-1,-1,-1
109,40,425.739,473.486,50.837,86.406,0.510324,-1,-1,-1
109,44,309.236,450.539,39.892,114.071,0.621627,-1,-1,-1
109,5,1703.776,443.074,87.167,143.012,0.317244,-1,-1,-1
109,49,1034.739,433.665,29.265,71.068,0.134229,-1,-1,-1
109,50,449.593,457.973,42.131,93.965,0.277005,-1,-1,-1
109,4,1066.890,437.543,29.133,81.278,0.481096,-1,-1,-1
109,56,499.689,440.780,129.641,306.177,0.676589,-1,-1,-1
109,60,488.407,450.711,63.780,150.730,0.816361,-1,-1,-1
109,57,1068.790,458.701,58.874,135.913,0.648535,-1,-1,-1
109,55,486.274,452.135,89.287,210.237,0.315182,-1,-1,-1
110,6,929.607,434.383,44.001,96.755,0.737742,-1,-1,-1
110,7,1516.321,435.729,28.967,67.671,0.354871,-1,-1,-1
110,8,1102.062,438.908,33.008,87.592,0.671279,-1,-1,-1
110,9,999.609,448.491,37.752,87.199,0.543509,-1,-1,-1
110,11,656.133,429.900,119.123,311.944,0.935446,-1,-1,-1
110,13,521.733,435.052,158.187,368.231,0.926715,-1,-1,-1
110,14,1249.644,444.193,39.963,98.923,0.858572,-1,-1,-1
110,15,944.777,496.559,83.826,91.367,0.123187,-1,-1,-1
110,19,986.442,443.792,41.086,95.458,0.243403,-1,-1,-1
110,20,866.408,469.641,43.181,76.278,0.290380,-1,-1,-1
110,16,811.335,464.042,36.355,73.702,0.271282,-1,-1,-1
110,32,750.657,445.531,105.682,251.327,0.914034,-1,-1,-1
110,34,911.318,435.746,75.983,134.526,0.784538,-1,-1,-1
110,40,425.701,468.326,54.368,93.001,0.647999,-1,-1,-1
110,44,308.537,450.643,40.184,115.283,0.638713,-1,-1,-1
110,5,1702.551,441.932,87.587,144.102,0.246640,-1,-1,-1
110,49,1034.434,434.302,29.643,72.203,0.107785,-1,-1,-1
110,50,453.925,457.337,37.558,83.653,0.210282,-1,-1,-1
110,4,1066.914,437.994,28.587,79.641,0.475079,-1,-1,-1
110,56,501.698,466.346,119.434,277.755,0.787873,-1,-1,-1
110,60,489.788,453.034,57.841,137.911,0.791230,-1,-1,-1
110,57,1069.594,464.836,56.970,130.014,0.690380,-1,-1,-1
110,55,482.316,455.390,88.151,212.447,0.148176,-1,-1,-1
111,6,929.167,433.144,45.299,99.202,0.753323,-1,-1,-1
111,7,1516.021,436.437,29.061,68.081,0.399406,-1,-1,-1
111,8,1098.918,434.983,37.637,99.181,0.730691,-1,-1,-1
111,9,999.964,447.141,36.614,84.911,0.772212,-1,-1,-1
111,11,656.766,429.616,120.221,316.800,0.934388,-1,-1,-1
111,13,525.613,435.960,159.566,367.866,0.924997,-1,-1,-1
111,14,1248.744,442.056,40.548,100.564,0.843072,-1,-1,-1
111,15,948.520,501.473,77.464,84.968,0.166357,-1,-1,-1
111,20,853.857,468.236,42.983,75.586,0.606596,-1,-1,-1
111,16,805.560,456.161,42.012,85.165,0.384927,-1,-1,-1
111,32,751.776,447.834,103.804,246.466,0.905881,-1,-1,-1
111,34,912.232,433.358,74.505,134.916,0.800298,-1,-1,-1
111,40,425.263,463.515,57.685,98.955,0.774902,-1,-1,-1
111,44,308.089,450.503,40.041,114.415,0.604866,-1,-1,-1
111,5,1697.549,440.254,90.107,147.604,0.322111,-1,-1,-1
111,49,1034.593,434.563,28.876,70.294,0.178404,-1,-1,-1
111,50,456.027,456.585,36.333,80.893,0.256781,-1,-1,-1
111,4,1067.638,438.119,28.427,78.901,0.579112,-1,-1,-1
111,56,501.507,477.446,116.546,266.543,0.693065,-1,-1,-1
111,60,491.438,454.202,52.763,125.872,0.780040,-1,-1,-1
111,57,1067.881,459.904,59.802,135.249,0.663545,-1,-1,-1
111,55,509.419,449.658,59.223,143.618,0.607825,-1,-1,-1
112,6,927.577,432.697,46.350,102.184,0.666347,-1,-1,-1
112,7,1516.709,436.857,27.964,65.590,0.378438,-1,-1,-1
112,8,1097.302,433.871,39.582,103.471,0.738010,-1,-1,-1
112,9,999.212,446.096,37.136,86.255,0.759400,-1,-1,-1
112,11,659.458,428.571,120.693,318.710,0.931791,-1,-1,-1
112,13,525.880,434.067,161.191,370.213,0.924160,-1,-1,-1
112,14,1247.956,441.899,40.648,100.821,0.857105,-1,-1,-1
112,15,952.161,503.948,75.084,83.159,0.184080,-1,-1,-1
112,20,850.225,467.075,43.143,76.068,0.517607,-1,-1,-1
112,16,799.821,446.373,49.409,101.418,0.395903,-1,-1,-1
112,32,750.694,447.765,104.721,249.825,0.909911,-1,-1,-1
112,34,913.227,431.385,73.845,136.731,0.806790,-1,-1,-1
112,40,427.771,459.301,57.706,101.010,0.559878,-1,-1,-1
112,44,308.344,450.190,39.578,113.472,0.606032,-1,-1,-1
112,5,1702.453,445.036,88.921,146.674,0.276764,-1,-1,-1
112,49,1034.382,434.493,28.234,68.577,0.164426,-1,-1,-1
112,50,451.750,456.217,37.436,83.732,0.362490,-1,-1,-1
112,4,1067.768,438.013,28.947,80.048,0.560451,-1,-1,-1
112,56,499.994,452.744,129.607,293.611,0.610881,-1,-1,-1
112,60,492.086,453.993,44.124,104.269,0.744281,-1,-1,-1
112,57,1066.456,458.297,60.937,136.332,0.674031,-1,-1,-1
112,55,524.772,445.839,44.139,107.785,0.652730,-1,-1,-1
113,6,928.018,433.567,44.446,98.116,0.677069,-1,-1,-1
113,7,1515.362,434.691,29.629,69.742,0.326630,-1,-1,-1
113,8,1095.820,433.162,42.255,110.522,0.714928,-1,-1,-1
113,9,999.200,447.275,36.437,84.731,0.710736,-1,-1,-1
113,11,659.628,428.263,120.936,320.401,0.934071,-1,-1,-1
113,13,522.346,433.263,164.453,375.572,0.926343,-1,-1,-1
113,14,1246.031,442.496,41.240,101.737,0.871665,-1,-1,-1
113,15,951.872,499.863,77.900,87.138,0.146933,-1,-1,-1
113,20,843.878,468.485,43.191,75.508,0.368640,-1,-1,-1
113,16,795.678,442.839,49.649,103.226,0.202464,-1,-1,-1
113,32,751.215,446.600,104.205,249.769,0.912067,-1,-1,-1
113,34,914.703,431.433,71.187,134.202,0.784044,-1,-1,-1
113,40,429.102,458.654,56.681,101.312,0.664151,-1,-1,-1
113,44,309.022,451.480,39.084,112.007,0.611408,-1,-1,-1
113,5,1700.199,440.148,92.023,153.002,0.328534,-1,-1,-1
113,49,1034.610,435.137,28.327,68.784,0.152065,-1,-1,-1
113,50,448.163,456.763,39.752,89.736,0.385526,-1,-1,-1
113,4,1066.847,437.142,30.371,84.310,0.523615,-1,-1,-1
113,56,496.355,459.777,127.200,284.696,0.644336,-1,-1,-1
113,60,493.045,455.682,41.789,97.992,0.720433,-1,-1,-1
113,57,1066.879,444.181,65.657,148.063,0.658119,-1,-1,-1
113,55,529.135,448.921,37.655,92.297,0.526278,-1,-1,-1
114,6,927.648,432.185,46.712,102.247,0.809098,-1,-1,-1
114,7,1514.675,435.069,28.822,67.726,0.365703,-1,-1,-1
114,8,1093.564,433.113,45.916,120.754,0.754064,-1,-1,-1
114,9,999.952,449.857,35.842,82.475,0.673364,-1,-1,-1
114,11,660.829,429.433,120.794,320.621,0.930031,-1,-1,-1
114,13,514.320,430.133,169.072,381.033,0.932978,-1,-1,-1
114,14,1243.917,442.975,41.119,101.832,0.878669,-1,-1,-1
114,15,955.326,499.656,75.265,85.370,0.173069,-1,-1,-1
114,20,842.124,471.101,43.885,77.085,0.435612,-1,-1,-1
114,16,795.243,438.170,54.133,113.983,0.134135,-1,-1,-1
114,32,752.657,445.916,104.877,252.726,0.914919,-1,-1,-1
114,34,913.704,434.817,73.238,139.710,0.613358,-1,-1,-1
114,40,430.000,458.983,56.331,102.228,0.621919,-1,-1,-1
114,44,309.520,451.193,38.190,109.942,0.672907,-1,-1,-1
114,5,1692.864,436.249,105.790,179.797,0.389435,-1,-1,-1
114,49,1036.052,443.775,27.862,66.812,0.250238,-1,-1,-1
114,50,447.980,456.411,41.070,93.590,0.379325,-1,-1,-1
114,4,1066.262,437.354,30.911,86.120,0.499788,-1,-1,-1
114,56,492.268,454.233,129.711,289.149,0.415286,-1,-1,-1
114,60,492.605,455.052,38.743,90.265,0.665930,-1,-1,-1
114,57,1069.911,438.138,66.936,152.784,0.663199,-1,-1,-1
114,55,533.741,446.868,33.578,82.963,0.382236,-1,-1,-1
115,6,928.745,434.334,46.576,101.274,0.787082,-1,-1,-1
115,7,1511.772,435.344,26.952,62.925,0.245334,-1,-1,-1
115,8,1093.905,432.597,46.748,123.845,0.779040,-1,-1,-1
115,9,1000.949,451.042,35.013,80.301,0.695601,-1,-1,-1
115,11,661.320,431.990,119.666,318.909,0.931615,-1,-1,-1
115,13,512.322,429.292,171.890,382.565,0.931334,-1,-1,-1
115,14,1242.525,441.042,41.290,102.279,0.887011,-1,-1,-1
115,15,953.586,498.286,76.466,87.546,0.151392,-1,-1,-1
115,20,836.121,467.435,50.458,90.414,0.577558,-1,-1,-1
115,16,796.163,441.974,54.531,116.054,0.271491,-1,-1,-1
115,32,755.365,446.493,104.733,253.290,0.919543,-1,-1,-1
115,34,915.124,438.001,72.469,140.095,0.531846,-1,-1,-1
115,40,432.975,460.797,50.616,92.827,0.383870,-1,-1,-1
115,44,308.957,449.505,39.939,114.532,0.435035,-1,-1,-1
115,5,1683.144,434.393,112.878,193.125,0.467416,-1,-1,-1
115,49,1036.585,446.778,28.580,68.229,0.282226,-1,-1,-1
115,4,1068.485,440.877,30.692,85.392,0.506830,-1,-1,-1
115,56,492.266,449.259,132.656,294.508,0.422478,-1,-1,-1
115,60,491.723,455.767,37.168,85.581,0.598979,-1,-1,-1
115,57,1072.689,435.029,66.134,153.132,0.625716,-1,-1,-1
115,55,536.771,444.839,31.509,78.086,0.386914,-1,-1,-1
116,6,929.643,435.133,46.679,101.346,0.810149,-1,-1,-1
116,7,1512.760,433.293,27.610,64.244,0.302614,-1,-1,-1
116,8,1094.626,435.123,45.774,121.536,0.752427,-1,-1,-1
116,9,1000.009,450.545,34.232,78.396,0.679719,-1,-1,-1
116,11,661.405,432.658,119.228,320.209,0.925872,-1,-1,-1
116,13,520.134,430.942,170.753,380.283,0.919715,-1,-1,-1
116,14,1241.136,441.379,41.560,102.858,0.889476,-1,-1,-1
116,15,954.339,490.907,82.223,95.589,0.166501,-1,-1,-1
116,20,834.730,465.310,51.549,93.873,0.667997,-1,-1,-1
116,16,797.938,443.109,56.406,122.478,0.193985,-1,-1,-1
116,32,755.705,445.487,104.878,255.197,0.922027,-1,-1,-1
116,34,916.364,437.972,71.901,141.694,0.324959,-1,-1,-1
116,40,434.175,460.727,48.486,90.691,0.434240,-1,-1,-1
116,44,309.313,449.306,40.153,114.798,0.201335,-1,-1,-1
116,5,1685.221,433.051,109.059,187.969,0.375543,-1,-1,-1
116,49,1035.901,447.608,29.333,69.575,0.251644,-1,-1,-1
116,4,1069.311,442.131,30.413,84.302,0.535823,-1,-1,-1
116,56,498.812,438.556,136.132,301.704,0.735157,-1,-1,-1
116,60,493.418,454.362,37.173,85.158,0.499155,-1,-1,-1
116,57,1072.654,440.202,64.164,149.163,0.695172,-1,-1,-1
117,6,929.469,435.252,47.953,103.658,0.802221,-1,-1,-1
117,7,1512.774,433.316,28.128,65.281,0.288830,-1,-1,-1
117,8,1092.486,433.561,48.410,129.433,0.784886,-1,-1,-1
117,9,1000.175,450.436,33.854,76.956,0.734377,-1,-1,-1
117,11,660.533,433.076,118.829,320.751,0.931006,-1,-1,-1
117,13,517.634,433.035,170.917,376.932,0.923656,-1,-1,-1
117,14,1240.225,439.624,42.344,104.901,0.878055,-1,-1,-1
117,15,957.664,496.060,77.722,91.105,0.218275,-1,-1,-1
117,20,834.251,462.440,52.981,97.837,0.674843,-1,-1,-1
117,16,801.471,442.026,55.993,122.734,0.384374,-1,-1,-1
117,32,758.133,447.530,103.348,252.182,0.920929,-1,-1,-1
117,34,915.427,434.311,72.443,144.400,0.607243,-1,-1,-1
117,40,433.506,458.945,52.031,98.751,0.605801,-1,-1,-1
117,44,309.540,451.271,39.436,112.243,0.187650,-1,-1,-1
117,5,1683.392,435.136,104.794,179.441,0.495737,-1,-1,-1
117,49,1036.353,447.189,28.789,67.869,0.268932,-1,-1,-1
117,4,1068.717,441.859,30.680,84.945,0.547491,-1,-1,-1
117,56,498.392,437.997,139.513,308.484,0.644881,-1,-1,-1
117,60,492.831,456.035,40.908,93.546,0.635891,-1,-1,-1
117,57,1071.892,451.594,59.510,138.056,0.419508,-1,-1,-1
118,6,929.253,434.635,48.160,103.202,0.790822,-1,-1,-1
118,7,1509.846,433.752,27.472,63.648,0.304812,-1,-1,-1
118,8,1092.893,433.730,45.917,122.671,0.793389,-1,-1,-1
118,9,1001.371,449.341,34.088,77.467,0.757976,-1,-1,-1
118,11,660.766,434.307,117.779,320.524,0.932790,-1,-1,-1
118,13,513.305,434.148,173.801,379.811,0.933715,-1,-1,-1
118,14,1239.202,439.850,41.605,103.618,0.883629,-1,-1,-1
118,15,957.970,499.003,78.005,90.710,0.163415,-1,-1,-1
118,20,836.030,463.749,52.029,97.040,0.528646,-1,-1,-1
118,16,803.786,437.486,54.467,120.928,0.356776,-1,-1,-1
118,32,759.968,447.726,103.327,252.268,0.927230,-1,-1,-1
118,34,916.863,438.209,71.329,144.037,0.660043,-1,-1,-1
118,40,432.688,460.104,52.219,100.395,0.633445,-1,-1,-1
118,44,308.318,449.843,40.291,114.379,0.308757,-1,-1,-1
118,5,1684.342,432.111,100.276,168.485,0.448268,-1,-1,-1
118,49,1035.033,440.171,29.370,69.592,0.189361,-1,-1,-1
118,4,1068.878,442.587,30.557,84.462,0.562571,-1,-1,-1
118,56,503.337,439.245,137.365,299.210,0.139177,-1,-1,-1
118,60,490.998,455.568,44.278,101.339,0.650556,-1,-1,-1
118,57,1074.763,439.232,61.614,144.363,0.561711,-1,-1,-1
118,1,749.972,446.138,55.301,137.817,0.650750,-1,-1,-1
119,6,928.723,435.073,49.253,105.668,0.719429,-1,-1,-1
119,7,1512.271,435.263,26.739,61.949,0.295810,-1,-1,-1
119,8,1092.236,433.079,46.634,124.970,0.787517,-1,-1,-1
119,9,1002.005,448.205,34.306,78.389,0.784747,-1,-1,-1
119,11,662.201,434.638,118.967,325.223,0.929181,-1,-1,-1
119,13,510.784,433.942,177.605,387.212,0.937531,-1,-1,-1
119,14,1238.303,439.290,41.011,102.379,0.877001,-1,-1,-1
119,15,962.475,510.785,66.678,78.032,0.244560,-1,-1,-1
119,20,839.616,466.109,50.458,95.192,0.492911,-1,-1,-1
119,16,807.751,444.029,50.060,111.719,0.207847,-1,-1,-1
119,32,761.396,447.405,103.741,252.794,0.927166,-1,-1,-1
119,34,915.482,437.000,72.083,147.706,0.827897,-1,-1,-1
119,40,434.638,458.665,53.141,103.118,0.626447,-1,-1,-1
119,44,308.268,451.319,39.968,113.170,0.329245,-1,-1,-1
119,5,1690.361,435.483,94.887,157.930,0.509786,-1,-1,-1
119,49,1033.453,444.453,29.477,70.128,0.258121,-1,-1,-1
119,4,1070.113,442.211,29.562,81.495,0.496365,-1,-1,-1
119,56,509.311,450.336,127.150,275.397,0.269113,-1,-1,-1
119,60,491.143,456.261,46.245,105.867,0.746919,-1,-1,-1
119,57,1075.195,451.701,58.381,136.235,0.362729,-1,-1,-1
119,1,752.217,452.809,54.464,139.693,0.434739,-1,-1,-1
120,6,929.455,435.201,49.477,105.822,0.699004,-1,-1,-1
120,7,1514.671,436.961,25.917,59.669,0.330201,-1,-1,-1
120,8,1094.576,434.133,42.904,114.661,0.780556,-1,-1,-1
120,9,1003.346,448.348,34.265,78.857,0.793377,-1,-1,-1
120,11,662.428,435.498,117.901,324.177,0.928744,-1,-1,-1
120,13,509.090,432.959,180.178,391.616,0.938069,-1,-1,-1
120,14,1237.492,439.321,40.996,102.772,0.865394,-1,-1,-1
120,15,964.946,511.616,66.597,78.014,0.335871,-1,-1,-1
120,20,811.669,449.541,82.064,157.834,0.831664,-1,-1,-1
120,16,789.164,436.135,91.420,209.406,0.677760,-1,-1,-1
120,32,762.158,446.624,103.906,253.348,0.924532,-1,-1,-1
120,34,915.745,437.508,71.748,148.728,0.809737,-1,-1,-1
120,40,433.746,457.197,54.221,106.076,0.731384,-1,-1,-1
120,44,308.518,450.731,40.377,114.246,0.349812,-1,-1,-1
120,5,1690.052,436.789,92.768,152.134,0.530223,-1,-1,-1
120,49,1033.951,447.641,29.401,70.192,0.266799,-1,-1,-1
120,4,1068.396,439.083,29.054,80.487,0.466634,-1,-1,-1
120,56,507.805,448.039,110.835,241.066,0.387271,-1,-1,-1
120,60,490.926,457.730,47.125,108.142,0.770490,-1,-1,-1
120,57,1070.619,451.409,59.838,139.139,0.338256,-1,-1,-1
120,1,758.469,462.152,45.396,117.004,0.239526,-1,-1,-1
121,6,928.338,435.141,51.745,110.568,0.661228,-1,-1,-1
121,7,1515.015,436.572,26.626,61.073,0.318625,-1,-1,-1
121,8,1094.006,434.002,43.928,117.531,0.751113,-1,-1,-1
121,9,1003.589,449.124,34.019,78.735,0.791541,-1,-1,-1
121,11,664.957,436.411,117.394,323.831,0.929595,-1,-1,-1
121,13,510.963,433.686,182.198,395.305,0.939011,-1,-1,-1
121,14,1236.586,438.965,41.114,103.543,0.861822,-1,-1,-1
121,15,962.248,505.945,72.790,85.616,0.480170,-1,-1,-1
121,20,802.814,444.949,92.260,181.119,0.867848,-1,-1,-1
121,32,765.038,448.131,103.686,251.500,0.931307,-1,-1,-1
121,34,916.166,438.738,71.041,148.198,0.816419,-1,-1,-1
121,40,430.812,451.871,57.460,113.318,0.790825,-1,-1,-1
121,44,308.702,450.741,40.901,115.456,0.335571,-1,-1,-1
121,5,1691.206,439.071,93.506,152.073,0.617165,-1,-1,-1
121,49,1033.823,448.769,29.356,70.349,0.278110,-1,-1,-1
121,4,1068.103,438.522,28.679,79.670,0.489145,-1,-1,-1
121,56,518.396,450.463,114.564,245.535,0.510818,-1,-1,-1
121,60,490.244,455.053,49.160,113.388,0.798187,-1,-1,-1
121,57,1072.154,442.545,62.879,147.520,0.648958,-1,-1,-1
121,1,763.535,458.745,42.070,108.188,0.359249,-1,-1,-1
122,6,928.353,434.797,52.773,112.473,0.803513,-1,-1,-1
122,7,1515.738,438.311,26.792,61.190,0.346197,-1,-1,-1
122,8,1092.691,434.422,45.883,122.811,0.659304,-1,-1,-1
122,9,1003.047,449.263,33.532,77.656,0.797384,-1,-1,-1
122,11,668.116,435.618,117.305,323.822,0.927188,-1,-1,-1
122,13,512.345,434.129,182.975,396.613,0.939634,-1,-1,-1
122,14,1235.803,441.039,40.474,102.145,0.872705,-1,-1,-1
122,15,961.386,502.113,76.631,90.570,0.503124,-1,-1,-1
122,20,803.027,443.010,93.260,185.993,0.863012,-1,-1,-1
122,32,767.159,449.666,104.638,250.360,0.928610,-1,-1,-1
122,34,913.337,433.835,72.296,150.608,0.735794,-1,-1,-1
122,40,429.758,454.919,55.507,110.079,0.691404,-1,-1,-1
122,44,312.070,453.137,34.439,97.584,0.515533,-1,-1,-1
122,5,1687.239,437.282,102.420,167.937,0.515936,-1,-1,-1
122,49,1033.052,450.734,30.678,73.334,0.376362,-1,-1,-1
122,4,1069.715,440.593,27.546,76.063,0.444849,-1,-1,-1
122,56,525.950,444.943,116.214,246.162,0.174739,-1,-1,-1
122,60,490.479,455.824,48.401,112.329,0.792320,-1,-1,-1
122,57,1074.730,453.325,58.617,136.797,0.774224,-1,-1,-1
122,1,765.938,458.391,41.764,106.464,0.381976,-1,-1,-1
122,16,788.317,436.160,106.382,246.501,0.706254,-1,-1,-1
123,6,933.318,436.153,49.236,103.839,0.778063,-1,-1,-1
123,7,1515.263,438.777,27.134,61.569,0.274041,-1,-1,-1
123,8,1096.245,435.227,40.562,108.846,0.726354,-1,-1,-1
123,9,1001.739,448.183,34.476,78.988,0.804299,-1,-1,-1
123,11,668.785,436.816,115.569,320.100,0.929075,-1,-1,-1
123,13,515.074,434.580,184.230,397.719,0.943554,-1,-1,-1
123,14,1235.645,443.658,39.731,100.325,0.873985,-1,-1,-1
123,15,959.793,497.799,79.541,93.974,0.544530,-1,-1,-1
123,20,809.017,440.935,87.381,175.921,0.848940,-1,-1,-1
123,32,768.917,450.247,106.224,251.073,0.934396,-1,-1,-1
123,34,916.750,441.800,68.852,143.077,0.800166,-1,-1,-1
123,40,429.934,458.742,53.586,107.126,0.777765,-1,-1,-1
123,44,314.225,456.491,33.174,91.903,0.306185,-1,-1,-1
123,5,1684.212,434.264,99.809,159.623,0.566835,-1,-1,-1
123,49,1030.974,448.610,32.594,77.754,0.361639,-1,-1,-1
123,4,1070.710,441.916,27.036,74.095,0.469074,-1,-1,-1
123,56,521.378,440.367,123.737,260.562,0.615777,-1,-1,-1
123,60,489.735,458.087,47.172,110.377,0.819009,-1,-1,-1
123,57,1074.954,450.048,59.196,138.565,0.625724,-1,-1,-1
123,1,763.770,446.562,49.953,127.248,0.595904,-1,-1,-1
123,16,793.357,439.977,107.692,251.225,0.125014,-1,-1,-1
124,6,936.622,437.067,46.842,98.587,0.778536,-1,-1,-1
124,7,1515.342,437.217,27.438,62.167,0.259295,-1,-1,-1
124,8,1099.187,435.979,36.373,97.425,0.734425,-1,-1,-1
124,9,1001.278,449.577,34.419,77.816,0.772614,-1,-1,-1
124,11,668.617,437.433,115.356,319.541,0.929440,-1,-1,-1
124,13,515.576,431.394,187.145,403.040,0.943015,-1,-1,-1
124,14,1234.659,448.078,38.582,96.417,0.879862,-1,-1,-1
124,15,959.922,494.240,82.391,96.928,0.570569,-1,-1,-1
124,20,808.299,440.588,88.672,181.352,0.836352,-1,-1,-1
124,32,771.410,453.032,106.600,249.031,0.932745,-1,-1,-1
124,34,919.207,450.048,65.177,134.715,0.716820,-1,-1,-1
124,40,429.553,457.525,53.862,108.734,0.811299,-1,-1,-1
124,44,315.534,455.502,32.534,88.847,0.247408,-1,-1,-1
124,5,1685.990,432.877,98.454,156.025,0.590943,-1,-1,-1
124,49,1031.717,448.584,31.539,75.055,0.316369,-1,-1,-1
124,4,1071.217,443.224,26.803,72.678,0.455019,-1,-1,-1
124,56,522.185,436.124,137.877,289.774,0.449859,-1,-1,-1
124,60,489.223,458.391,46.453,110.101,0.821309,-1,-1,-1
124,57,1077.483,452.406,57.977,136.782,0.639769,-1,-1,-1
124,1,763.498,442.512,51.487,130.592,0.630263,-1,-1,-1
124,16,795.719,440.523,109.066,255.909,0.507973,-1,-1,-1
124,42,1088.255,434.995,51.676,119.806,0.694632,-1,-1,-1
125,6,939.301,437.111,47.456,99.525,0.818788,-1,-1,-1
125,7,1515.984,436.672,27.838,63.106,0.266994,-1,-1,-1
125,8,1100.169,436.099,34.334,91.633,0.735140,-1,-1,-1
125,9,999.741,450.981,34.522,76.841,0.690061,-1,-1,-1
125,11,668.573,437.745,115.924,320.513,0.924526,-1,-1,-1
125,13,516.035,430.100,189.146,406.247,0.943162,-1,-1,-1
125,14,1232.733,449.982,38.698,95.510,0.879076,-1,-1,-1
125,15,961.527,499.134,76.937,90.264,0.431319,-1,-1,-1
125,20,814.695,442.229,82.410,166.757,0.843437,-1,-1,-1
125,32,777.422,461.944,104.674,240.906,0.929138,-1,-1,-1
125,34,917.959,472.052,58.392,115.521,0.677538,-1,-1,-1
125,40,429.208,459.561,53.496,107.009,0.793013,-1,-1,-1
125,44,312.126,452.321,37.079,101.764,0.317924,-1,-1,-1
125,5,1683.354,429.969,101.011,158.609,0.620841,-1,-1,-1
125,49,1034.090,448.970,30.078,70.612,0.274575,-1,-1,-1
125,4,1071.387,443.055,26.528,71.084,0.454401,-1,-1,-1
125,56,519.185,441.046,124.289,261.980,0.370332,-1,-1,-1
125,60,489.365,455.795,47.119,113.353,0.840081,-1,-1,-1
125,57,1077.128,457.907,55.786,131.276,0.624789,-1,-1,-1
125,1,762.218,441.158,56.492,142.427,0.798352,-1,-1,-1
125,16,799.562,440.700,107.901,253.195,0.436960,-1,-1,-1
126,6,939.493,437.050,46.760,97.755,0.837084,-1,-1,-1
126,7,1515.159,440.185,27.337,61.833,0.317532,-1,-1,-1
126,8,1101.351,435.218,32.962,87.686,0.783835,-1,-1,-1
126,9,1000.661,451.839,34.578,76.193,0.740349,-1,-1,-1
126,11,669.097,437.182,117.271,322.648,0.921172,-1,-1,-1
126,13,521.473,436.003,184.211,393.346,0.945987,-1,-1,-1
126,14,1230.734,449.163,39.478,96.760,0.864999,-1,-1,-1
126,15,961.135,497.614,78.319,91.876,0.401318,-1,-1,-1
126,20,820.109,441.730,76.321,152.832,0.844661,-1,-1,-1
126,32,781.068,466.471,104.236,237.289,0.926321,-1,-1,-1
126,34,911.297,470.951,60.853,115.086,0.629031,-1,-1,-1
126,40,427.052,456.392,55.617,110.348,0.762450,-1,-1,-1
126,44,311.989,452.646,36.907,101.744,0.471125,-1,-1,-1
126,5,1682.070,433.479,102.530,160.271,0.450656,-1,-1,-1
126,49,1032.771,451.831,30.163,70.104,0.380185,-1,-1,-1
126,4,1068.688,438.785,28.229,75.930,0.517605,-1,-1,-1
126,56,514.986,446.032,124.354,265.230,0.104486,-1,-1,-1
126,60,487.726,455.434,46.907,112.911,0.807202,-1,-1,-1
126,57,1077.170,453.057,55.950,132.267,0.423593,-1,-1,-1
126,1,761.909,443.140,56.954,142.403,0.788251,-1,-1,-1
126,19,991.399,446.774,32.157,70.919,0.629603,-1,-1,-1
127,6,938.913,435.783,47.008,97.871,0.833358,-1,-1,-1
127,7,1514.669,438.760,28.111,63.749,0.395240,-1,-1,-1
127,8,1101.533,436.034,31.880,84.059,0.727237,-1,-1,-1
127,9,1002.534,452.387,34.451,75.528,0.786636,-1,-1,-1
127,11,669.881,433.874,120.288,330.408,0.915690,-1,-1,-1
127,13,523.232,434.599,186.540,397.540,0.936226,-1,-1,-1
127,14,1227.464,447.264,41.641,100.587,0.885604,-1,-1,-1
127,15,960.424,499.333,76.280,89.607,0.466606,-1,-1,-1
127,20,822.404,439.200,76.173,151.837,0.833889,-1,-1,-1
127,32,781.933,465.656,105.912,240.024,0.924075,-1,-1,-1
127,34,910.018,455.623,68.767,129.777,0.561200,-1,-1,-1
127,40,426.714,460.805,53.951,105.568,0.751538,-1,-1,-1
127,44,311.270,452.226,39.109,107.910,0.559951,-1,-1,-1
127,5,1684.049,433.801,100.095,155.001,0.450004,-1,-1,-1
127,49,1032.925,453.839,29.840,68.830,0.411109,-1,-1,-1
127,4,1067.394,439.377,28.071,75.480,0.481110,-1,-1,-1
127,56,519.292,445.882,134.971,287.969,0.141701,-1,-1,-1
127,60,486.302,453.995,48.288,115.895,0.810588,-1,-1,-1
127,57,1075.521,465.852,52.859,123.155,0.721881,-1,-1,-1
127,1,762.287,443.804,58.141,144.305,0.757379,-1,-1,-1
127,64,497.710,452.296,35.949,84.742,0.679598,-1,-1,-1
127,65,552.662,449.466,33.003,76.994,0.698743,-1,-1,-1
127,66,525.870,450.788,31.792,72.034,0.675162,-1,-1,-1
127,19,983.719,446.582,32.425,71.029,0.599601,-1,-1,-1
127,42,1089.110,435.732,44.744,103.387,0.632235,-1,-1,-1
128,6,939.541,435.430,46.844,96.739,0.845193,-1,-1,-1
128,7,1514.980,437.698,29.726,67.792,0.477954,-1,-1,-1
128,8,1101.324,439.411,30.999,80.544,0.646614,-1,-1,-1
128,9,1003.453,453.291,34.239,74.938,0.736935,-1,-1,-1
128,11,670.357,433.621,121.754,332.844,0.920604,-1,-1,-1
128,13,527.077,435.680,187.833,398.151,0.931682,-1,-1,-1
128,14,1224.411,448.563,42.442,100.477,0.880207,-1,-1,-1
128,15,960.233,499.085,76.155,89.584,0.459051,-1,-1,-1
128,20,823.119,440.324,75.966,152.179,0.798760,-1,-1,-1
128,32,782.558,465.038,106.783,240.974,0.931892,-1,-1,-1
128,34,907.739,467.640,64.869,118.654,0.392821,-1,-1,-1
128,40,424.609,457.393,56.430,109.162,0.765075,-1,-1,-1
128,44,309.966,451.728,40.080,111.051,0.561087,-1,-1,-1
128,5,1690.238,435.770,97.642,151.581,0.556447,-1,-1,-1
128,49,1029.821,455.652,30.454,69.731,0.319642,-1,-1,-1
128,4,1066.925,439.293,27.747,74.418,0.413492,-1,-1,-1
128,56,525.025,443.190,137.705,291.515,0.732796,-1,-1,-1
128,60,485.309,454.912,48.627,115.288,0.812598,-1,-1,-1
128,57,1074.427,465.554,54.620,125.672,0.775183,-1,-1,-1
128,1,767.407,444.530,52.398,126.158,0.753246,-1,-1,-1
128,64,500.618,453.130,34.025,79.878,0.619520,-1,-1,-1
128,65,552.498,449.123,33.063,77.083,0.704029,-1,-1,-1
128,66,524.246,450.277,31.651,71.650,0.706085,-1,-1,-1
128,19,982.089,447.787,33.478,73.035,0.592728,-1,-1,-1
129,6,940.529,435.559,47.168,97.018,0.824627,-1,-1,-1
129,7,1515.723,436.829,29.057,66.344,0.394208,-1,-1,-1
129,8,1100.881,440.509,31.125,79.840,0.610466,-1,-1,-1
129,9,1002.503,451.926,35.084,76.644,0.667870,-1,-1,-1
129,11,669.378,434.979,121.253,329.465,0.929129,-1,-1,-1
129,13,529.128,439.742,187.146,393.636,0.942162,-1,-1,-1
129,14,1222.746,451.938,42.093,97.601,0.882165,-1,-1,-1
129,15,959.796,496.787,77.585,91.543,0.425417,-1,-1,-1
129,20,825.345,439.965,75.796,153.680,0.785085,-1,-1,-1
129,32,782.805,460.096,108.673,246.104,0.936096,-1,-1,-1
129,34,904.684,467.022,67.321,118.986,0.297957,-1,-1,-1
129,40,426.319,454.750,57.413,110.050,0.779671,-1,-1,-1
129,44,310.796,452.612,38.088,106.161,0.548349,-1,-1,-1
129,5,1692.347,435.202,97.264,151.672,0.438980,-1,-1,-1
129,49,1030.036,457.152,31.031,70.154,0.270245,-1,-1,-1
129,4,1067.010,439.450,27.482,73.330,0.389871,-1,-1,-1
129,56,531.025,447.347,127.487,265.694,0.815707,-1,-1,-1
129,60,486.839,453.438,48.625,115.091,0.798209,-1,-1,-1
129,57,1073.457,464.132,55.810,126.787,0.752459,-1,-1,-1
129,1,772.469,443.482,51.146,123.332,0.774288,-1,-1,-1
129,64,501.419,452.064,38.002,89.176,0.549028,-1,-1,-1
129,65,552.327,448.611,33.146,77.238,0.651212,-1,-1,-1
129,66,523.332,448.896,32.714,74.007,0.699546,-1,-1,-1
129,19,981.340,446.247,35.825,78.534,0.668907,-1,-1,-1
129,50,451.523,448.021,48.414,109.126,0.610434,-1,-1,-1
129,16,816.547,440.306,92.598,220.920,0.833712,-1,-1,-1
130,6,944.884,436.028,45.803,94.861,0.816500,-1,-1,-1
130,7,1514.917,435.145,29.990,68.508,0.416869,-1,-1,-1
130,8,1100.394,439.635,31.384,79.247,0.656261,-1,-1,-1
130,9,1002.349,452.280,35.281,77.010,0.682883,-1,-1,-1
130,11,668.853,434.685,121.485,329.388,0.929421,-1,-1,-1
130,13,529.694,439.255,188.217,393.400,0.939230,-1,-1,-1
130,14,1221.663,450.955,43.296,99.055,0.874801,-1,-1,-1
130,15,960.937,495.374,77.852,91.946,0.436847,-1,-1,-1
130,20,823.544,439.544,84.275,174.042,0.717766,-1,-1,-1
130,32,784.438,456.697,109.421,248.620,0.933464,-1,-1,-1
130,34,903.734,467.080,69.130,118.681,0.354470,-1,-1,-1
130,40,425.088,457.627,56.980,107.276,0.799622,-1,-1,-1
130,44,311.364,453.117,36.951,103.674,0.552153,-1,-1,-1
130,5,1693.318,436.182,96.465,150.882,0.516587,-1,-1,-1
130,49,1029.642,457.401,31.431,70.342,0.302116,-1,-1,-1
130,4,1066.870,438.767,27.344,72.666,0.432462,-1,-1,-1
130,56,531.147,449.455,127.974,264.823,0.780348,-1,-1,-1
130,60,486.375,454.630,48.700,114.657,0.840994,-1,-1,-1
130,57,1074.854,464.676,56.754,127.349,0.781832,-1,-1,-1
130,1,772.065,444.135,53.256,128.809,0.772026,-1,-1,-1
130,64,499.351,454.183,36.800,85.802,0.659759,-1,-1,-1
130,65,553.379,450.281,31.978,74.265,0.635002,-1,-1,-1
130,66,522.885,449.997,32.164,72.554,0.688757,-1,-1,-1
130,19,982.305,446.806,34.950,77.083,0.615578,-1,-1,-1
130,50,454.526,451.369,45.696,102.780,0.495019,-1,-1,-1
131,6,944.400,435.624,46.868,96.893,0.821761,-1,-1,-1
131,7,1515.578,434.941,29.419,66.834,0.405266,-1,-1,-1
131,8,1099.662,438.927,32.677,80.782,0.674123,-1,-1,-1
131,9,1002.130,450.128,36.338,79.489,0.757095,-1,-1,-1
131,11,669.476,433.085,122.763,332.553,0.933574,-1,-1,-1
131,13,528.397,434.746,190.292,397.906,0.936519,-1,-1,-1
131,14,1221.513,452.388,44.073,98.723,0.867459,-1,-1,-1
131,15,961.005,497.896,76.432,89.996,0.450235,-1,-1,-1
131,20,829.665,438.666,71.748,150.365,0.661260,-1,-1,-1
131,32,785.959,452.626,111.258,254.126,0.937521,-1,-1,-1
131,34,901.944,473.968,67.394,111.947,0.384288,-1,-1,-1
131,40,426.039,457.114,57.980,108.210,0.749460,-1,-1,-1
131,44,313.716,455.682,35.658,97.969,0.375174,-1,-1,-1
131,5,1686.516,432.533,99.748,154.557,0.499435,-1,-1,-1
131,49,1028.807,455.458,32.879,72.925,0.274447,-1,-1,-1
131,4,1066.681,437.612,28.402,75.326,0.464971,-1,-1,-1
131,56,526.327,444.639,139.145,289.441,0.770165,-1,-1,-1
131,60,485.845,454.705,48.850,113.890,0.817264,-1,-1,-1
131,57,1075.290,459.023,59.688,133.260,0.780433,-1,-1,-1
131,1,773.632,444.382,53.465,128.747,0.736636,-1,-1,-1
131,64,499.422,453.651,36.694,84.959,0.650371,-1,-1,-1
131,65,552.905,448.986,32.979,76.291,0.668402,-1,-1,-1
131,66,522.313,449.427,32.990,74.162,0.708472,-1,-1,-1
131,19,978.267,445.721,36.074,79.347,0.630154,-1,-1,-1
131,50,454.425,451.378,46.686,103.974,0.616768,-1,-1,-1
132,6,948.434,436.559,44.298,91.861,0.800358,-1,-1,-1
132,7,1513.806,435.399,28.921,65.241,0.343891,-1,-1,-1
132,8,1098.816,436.732,34.879,85.287,0.737942,-1,-1,-1
132,9,1002.245,448.722,36.843,80.526,0.743704,-1,-1,-1
132,11,671.236,431.688,122.921,334.151,0.937924,-1,-1,-1
132,13,530.006,433.952,191.529,400.297,0.941467,-1,-1,-1
132,14,1220.462,450.830,45.596,100.983,0.803116,-1,-1,-1
132,15,959.493,496.644,77.131,90.313,0.385172,-1,-1,-1
132,20,831.511,436.243,72.473,154.733,0.622617,-1,-1,-1
132,32,788.245,449.298,111.726,255.785,0.938863,-1,-1,-1
132,34,902.453,472.455,70.579,113.529,0.331601,-1,-1,-1
132,40,424.606,455.490,59.593,109.333,0.728453,-1,-1,-1
132,44,313.649,453.982,34.238,94.271,0.349617,-1,-1,-1
132,5,1680.978,430.304,102.780,156.888,0.604110,-1,-1,-1
132,49,1027.646,453.404,34.508,75.928,0.294728,-1,-1,-1
132,4,1066.542,435.909,28.867,76.404,0.464148,-1,-1,-1
132,56,521.397,442.373,148.628,311.842,0.739129,-1,-1,-1
132,60,485.811,455.685,47.996,111.711,0.755141,-1,-1,-1
132,57,1074.317,460.164,59.875,131.820,0.684706,-1,-1,-1
132,1,780.564,445.520,49.507,119.567,0.697811,-1,-1,-1
132,64,499.384,454.230,36.018,82.831,0.593602,-1,-1,-1
132,65,553.318,448.987,33.367,76.837,0.641793,-1,-1,-1
132,66,521.227,448.619,33.934,76.108,0.720192,-1,-1,-1
132,19,979.322,444.565,35.684,78.668,0.592832,-1,-1,-1
132,50,451.344,450.388,49.208,108.007,0.777798,-1,-1,-1
132,67,540.979,445.440,107.349,221.134,0.606015,-1,-1,-1
132,42,1086.148,434.634,50.468,115.697,0.699917,-1,-1,-1
133,6,950.604,437.815,41.438,86.091,0.785770,-1,-1,-1
133,7,1514.141,435.652,29.105,65.495,0.337195,-1,-1,-1
133,8,1098.699,436.265,35.873,86.990,0.748013,-1,-1,-1
133,9,1001.815,446.134,37.694,82.452,0.770579,-1,-1,-1
133,11,670.966,430.310,123.645,336.199,0.937690,-1,-1,-1
133,13,537.214,438.311,188.933,396.991,0.937660,-1,-1,-1
133,14,1219.171,448.550,46.863,103.317,0.848760,-1,-1,-1
133,15,958.971,494.295,78.384,90.970,0.372365,-1,-1,-1
133,20,834.752,438.179,71.435,154.448,0.624925,-1,-1,-1
133,32,789.386,447.437,112.354,257.476,0.931756,-1,-1,-1
133,34,903.162,469.696,73.464,116.068,0.281614,-1,-1,-1
133,40,423.249,457.846,57.479,104.818,0.674307,-1,-1,-1
133,44,313.617,455.567,36.134,98.398,0.357450,-1,-1,-1
133,5,1682.885,427.044,104.480,159.796,0.331521,-1,-1,-1
133,49,1024.228,449.045,33.967,74.503,0.250694,-1,-1,-1
133,4,1066.830,435.873,29.347,77.779,0.500797,-1,-1,-1
133,56,515.892,435.393,159.604,339.159,0.844135,-1,-1,-1
133,60,485.601,456.248,48.115,112.135,0.804680,-1,-1,-1
133,57,1072.955,458.965,60.996,133.359,0.583636,-1,-1,-1
133,1,784.244,444.177,49.309,120.286,0.619942,-1,-1,-1
133,64,499.367,454.245,35.960,82.283,0.605426,-1,-1,-1
133,65,553.587,450.028,32.351,74.061,0.563896,-1,-1,-1
133,66,521.158,448.244,34.212,76.499,0.712233,-1,-1,-1
133,19,980.474,443.424,35.118,77.552,0.575551,-1,-1,-1
133,50,449.113,450.291,49.171,107.955,0.740709,-1,-1,-1
133,67,545.874,444.770,113.593,234.184,0.387860,-1,-1,-1
133,42,1083.892,436.770,51.089,119.250,0.248077,-1,-1,-1
134,6,951.475,437.461,41.867,87.056,0.792250,-1,-1,-1
134,7,1512.801,434.647,30.552,68.681,0.349410,-1,-1,-1
134,8,1097.934,436.490,36.977,88.813,0.706960,-1,-1,-1
134,9,1001.433,445.389,38.165,83.170,0.770083,-1,-1,-1
134,11,671.656,430.233,123.975,337.230,0.939548,-1,-1,-1
134,13,537.390,437.752,189.308,398.180,0.934612,-1,-1,-1
134,14,1216.453,446.701,48.526,107.511,0.850103,-1,-1,-1
134,15,946.740,482.676,86.980,101.365,0.253262,-1,-1,-1
134,20,835.683,436.561,75.794,166.268,0.242728,-1,-1,-1
134,32,791.463,448.910,112.576,256.476,0.932404,-1,-1,-1
134,34,916.858,450.526,54.707,88.394,0.644051,-1,-1,-1
134,40,418.641,463.079,54.902,98.300,0.758940,-1,-1,-1
134,44,313.653,454.905,36.798,99.026,0.526610,-1,-1,-1
134,5,1679.189,429.812,105.979,160.363,0.529234,-1,-1,-1
134,49,1017.692,447.246,36.150,77.830,0.352981,-1,-1,-1
134,4,1064.869,434.683,31.557,83.816,0.510976,-1,-1,-1
134,56,514.433,433.103,163.846,349.918,0.825506,-1,-1,-1
134,60,487.645,455.006,47.211,110.582,0.705596,-1,-1,-1
134,57,1072.602,452.749,62.680,137.116,0.550846,-1,-1,-1
134,1,789.767,440.831,46.646,114.093,0.586744,-1,-1,-1
134,64,499.862,452.072,36.953,84.222,0.668382,-1,-1,-1
134,65,552.301,449.906,32.417,73.781,0.656640,-1,-1,-1
134,66,520.291,447.777,34.713,77.215,0.707437,-1,-1,-1
134,19,981.135,442.548,34.431,76.095,0.542427,-1,-1,-1
134,50,450.293,450.167,47.224,103.719,0.742494,-1,-1,-1
134,67,542.745,441.648,121.846,251.976,0.589749,-1,-1,-1
134,42,1083.354,439.681,50.065,117.578,0.306792,-1,-1,-1
135,6,951.005,437.272,43.294,90.099,0.802007,-1,-1,-1
135,7,1514.342,434.644,30.608,68.751,0.324805,-1,-1,-1
135,8,1096.925,436.316,37.442,89.160,0.721572,-1,-1,-1
135,9,1001.354,445.276,37.767,82.157,0.748940,-1,-1,-1
135,11,674.546,430.864,123.127,336.025,0.944907,-1,-1,-1
135,13,532.310,434.212,193.737,405.953,0.944588,-1,-1,-1
135,14,1214.489,445.870,48.287,107.978,0.862434,-1,-1,-1
135,15,947.315,481.820,87.169,102.352,0.334283,-1,-1,-1
135,20,844.049,435.706,66.438,144.479,0.634713,-1,-1,-1
135,32,793.689,447.803,113.307,256.857,0.934975,-1,-1,-1
135,34,921.856,442.256,55.098,90.043,0.515462,-1,-1,-1
135,40,419.349,464.418,53.390,93.792,0.782732,-1,-1,-1
135,44,311.651,452.575,37.666,102.234,0.525006,-1,-1,-1
135,5,1670.449,428.415,106.168,161.297,0.336408,-1,-1,-1
135,49,1020.903,447.304,34.171,73.073,0.222425,-1,-1,-1
135,4,1064.260,432.461,31.693,84.461,0.511190,-1,-1,-1
135,56,516.870,433.422,158.043,336.180,0.730301,-1,-1,-1
135,60,484.635,455.374,48.826,113.784,0.807439,-1,-1,-1
135,57,1070.260,447.733,65.378,142.159,0.566096,-1,-1,-1
135,1,795.790,437.982,42.124,102.158,0.681714,-1,-1,-1
135,64,500.896,452.257,36.221,81.977,0.593407,-1,-1,-1
135,65,551.211,450.078,33.120,75.368,0.659288,-1,-1,-1
135,66,518.986,445.715,35.796,79.637,0.679431,-1,-1,-1
135,19,982.478,443.607,34.568,76.583,0.520238,-1,-1,-1
135,50,450.802,450.399,46.143,101.562,0.749584,-1,-1,-1
135,67,539.924,441.191,122.823,254.164,0.654690,-1,-1,-1
135,42,1083.506,439.046,49.345,116.352,0.254447,-1,-1,-1
136,6,949.894,436.764,45.159,94.571,0.820984,-1,-1,-1
136,7,1514.937,436.381,30.125,67.847,0.384412,-1,-1,-1
136,8,1096.857,436.897,37.735,89.217,0.711188,-1,-1,-1
136,9,1001.061,445.160,37.643,81.829,0.789810,-1,-1,-1
136,11,675.794,429.787,122.826,336.299,0.942235,-1,-1,-1
136,13,534.368,434.917,194.983,408.276,0.946200,-1,-1,-1
136,14,1214.158,443.843,47.900,108.485,0.858651,-1,-1,-1
136,15,951.328,489.570,82.051,96.277,0.509192,-1,-1,-1
136,20,842.531,435.784,68.411,150.553,0.539336,-1,-1,-1
136,32,795.285,446.405,113.981,258.307,0.933095,-1,-1,-1
136,34,921.779,439.257,48.467,81.268,0.559997,-1,-1,-1
136,40,417.282,464.155,53.013,92.200,0.736935,-1,-1,-1
136,44,311.467,450.475,36.684,100.367,0.491353,-1,-1,-1
136,5,1680.963,431.336,103.037,156.721,0.400952,-1,-1,-1
136,49,1017.864,447.816,35.715,75.365,0.334601,-1,-1,-1
136,4,1064.057,433.458,31.046,83.015,0.520943,-1,-1,-1
136,56,514.170,431.810,159.417,339.205,0.817123,-1,-1,-1
136,60,483.865,455.359,49.239,114.419,0.806228,-1,-1,-1
136,57,1070.664,445.261,66.266,144.396,0.614364,-1,-1,-1
136,1,801.142,441.227,35.738,84.982,0.550846,-1,-1,-1
136,64,502.861,452.029,35.346,79.501,0.542877,-1,-1,-1
136,65,551.021,450.701,33.228,75.714,0.663329,-1,-1,-1
136,66,520.167,447.138,35.093,77.980,0.727598,-1,-1,-1
136,19,981.440,444.067,35.131,77.955,0.534127,-1,-1,-1
136,50,449.979,450.313,46.646,102.300,0.779574,-1,-1,-1
136,67,537.002,441.617,124.101,257.256,0.674279,-1,-1,-1
137,6,949.617,436.576,45.077,94.868,0.815470,-1,-1,-1
137,7,1515.908,436.841,28.544,64.156,0.304598,-1,-1,-1
137,8,1095.933,434.344,35.371,83.620,0.102963,-1,-1,-1
137,9,1001.254,446.081,36.753,80.218,0.796269,-1,-1,-1
137,11,677.965,429.979,122.431,335.921,0.938613,-1,-1,-1
137,13,529.871,435.824,197.835,413.199,0.949570,-1,-1,-1
137,14,1213.457,443.289,47.151,108.593,0.862799,-1,-1,-1
137,15,923.465,478.930,89.432,107.391,0.632444,-1,-1,-1
137,20,851.603,433.100,60.081,133.467,0.713031,-1,-1,-1
137,32,796.365,447.757,113.720,257.460,0.936515,-1,-1,-1
137,34,921.540,437.290,45.611,78.557,0.564894,-1,-1,-1
137,40,413.820,463.492,56.130,96.773,0.695803,-1,-1,-1
137,44,310.933,451.852,37.370,102.375,0.500218,-1,-1,-1
137,5,1678.246,428.914,105.032,157.950,0.426147,-1,-1,-1
137,49,1020.062,447.382,36.362,76.622,0.343016,-1,-1,-1
137,4,1063.386,434.316,31.232,83.717,0.573542,-1,-1,-1
137,56,514.009,433.548,158.561,337.550,0.679829,-1,-1,-1
137,60,485.810,455.358,47.650,110.780,0.743647,-1,-1,-1
137,57,1072.297,445.378,65.881,144.024,0.697374,-1,-1,-1
137,1,806.571,439.531,31.437,74.122,0.697090,-1,-1,-1
137,64,501.412,451.937,35.218,78.404,0.651726,-1,-1,-1
137,65,550.840,450.428,33.188,75.542,0.716754,-1,-1,-1
137,66,520.842,448.218,34.471,76.381,0.697990,-1,-1,-1
137,19,983.592,444.753,34.475,77.185,0.512250,-1,-1,-1
137,50,450.250,450.458,47.494,103.605,0.777648,-1,-1,-1
137,67,555.327,434.354,112.535,235.906,0.278534,-1,-1,-1
137,42,1089.677,442.566,43.780,101.046,0.736919,-1,-1,-1
138,6,949.857,435.863,45.944,97.124,0.822427,-1,-1,-1
138,7,1514.181,435.984,27.992,62.741,0.327172,-1,-1,-1
138,9,1001.023,446.360,36.690,80.023,0.794469,-1,-1,-1
138,11,679.908,431.549,121.844,335.079,0.931216,-1,-1,-1
138,13,530.997,435.417,199.315,416.650,0.948138,-1,-1,-1
138,14,1212.765,442.598,46.856,108.718,0.872079,-1,-1,-1
138,15,921.377,468.497,100.956,121.137,0.441762,-1,-1,-1
138,20,854.142,437.203,62.715,141.451,0.742749,-1,-1,-1
138,32,797.373,447.032,114.362,259.366,0.930015,-1,-1,-1
138,34,920.573,436.271,46.564,82.160,0.576990,-1,-1,-1
138,40,413.436,463.083,55.403,94.685,0.662926,-1,-1,-1
138,44,312.639,454.681,37.054,100.076,0.324979,-1,-1,-1
138,5,1674.175,431.661,116.747,177.945,0.498350,-1,-1,-1
138,49,1013.789,446.484,37.641,77.868,0.304911,-1,-1,-1
138,4,1064.241,436.483,31.162,83.659,0.527145,-1,-1,-1
138,56,513.520,430.780,162.429,345.659,0.805114,-1,-1,-1
138,60,486.453,455.109,47.007,110.059,0.754204,-1,-1,-1
138,57,1070.205,446.342,66.194,144.154,0.692780,-1,-1,-1
138,1,809.767,441.103,30.390,70.465,0.678468,-1,-1,-1
138,64,500.408,451.854,36.339,80.987,0.638149,-1,-1,-1
138,65,549.313,449.684,33.098,75.581,0.718559,-1,-1,-1
138,66,521.689,447.846,34.660,76.944,0.684113,-1,-1,-1
138,19,984.269,444.428,34.584,77.922,0.424158,-1,-1,-1
138,50,452.461,451.203,46.398,101.541,0.710086,-1,-1,-1
138,67,561.944,432.986,104.469,221.795,0.283964,-1,-1,-1
138,68,454.462,449.564,69.057,111.966,0.644731,-1,-1,-1
138,69,531.593,445.506,35.676,82.344,0.657600,-1,-1,-1
138,42,1094.911,441.120,40.208,93.232,0.671045,-1,-1,-1
139,6,950.702,435.666,45.699,97.287,0.824624,-1,-1,-1
139,7,1513.906,435.402,27.928,62.475,0.239365,-1,-1,-1
139,9,1000.156,444.567,38.064,82.968,0.737017,-1,-1,-1
139,11,682.210,432.861,121.243,334.449,0.937035,-1,-1,-1
139,13,526.106,434.748,202.747,422.182,0.953274,-1,-1,-1
139,14,1211.990,442.775,46.781,108.925,0.865296,-1,-1,-1
139,15,921.438,471.165,102.319,121.071,0.261030,-1,-1,-1
139,20,855.895,437.573,64.762,147.808,0.743061,-1,-1,-1
139,32,801.190,445.112,115.182,263.728,0.925567,-1,-1,-1
139,34,922.277,437.894,46.518,83.862,0.411565,-1,-1,-1
139,40,413.808,462.945,56.230,95.928,0.708784,-1,-1,-1
139,44,314.714,456.376,36.407,96.808,0.249957,-1,-1,-1
139,5,1675.341,431.638,111.528,168.511,0.411965,-1,-1,-1
139,4,1068.102,443.898,29.122,77.877,0.465810,-1,-1,-1
139,56,517.969,434.964,150.640,317.168,0.639700,-1,-1,-1
139,60,486.921,455.714,46.490,109.154,0.774663,-1,-1,-1
139,57,1071.571,459.103,62.094,133.840,0.672997,-1,-1,-1
139,1,809.958,441.611,33.948,78.292,0.670019,-1,-1,-1
139,64,500.410,452.205,36.205,80.581,0.658847,-1,-1,-1
139,65,547.706,449.715,32.505,74.098,0.716607,-1,-1,-1
139,66,521.540,449.420,33.816,75.355,0.693549,-1,-1,-1
139,19,982.995,441.979,35.004,79.351,0.406960,-1,-1,-1
139,50,455.430,450.803,44.341,98.100,0.657704,-1,-1,-1
139,67,573.904,432.773,100.591,216.076,0.212267,-1,-1,-1
139,68,457.087,450.636,66.668,108.341,0.558426,-1,-1,-1
139,69,534.869,447.163,34.704,80.059,0.686016,-1,-1,-1
139,42,1096.534,441.299,38.831,90.699,0.674283,-1,-1,-1
140,6,951.106,434.543,46.188,99.529,0.826912,-1,-1,-1
140,7,1514.300,435.917,28.324,63.322,0.293733,-1,-1,-1
140,9,999.917,443.983,39.021,85.176,0.786325,-1,-1,-1
140,11,685.003,432.262,121.967,335.863,0.932438,-1,-1,-1
140,13,522.488,433.873,205.503,424.626,0.954116,-1,-1,-1
140,14,1210.882,444.464,46.109,108.160,0.880872,-1,-1,-1
140,15,921.303,477.664,99.070,114.451,0.186221,-1,-1,-1
140,20,857.429,439.168,68.700,156.646,0.712640,-1,-1,-1
140,32,804.249,443.676,116.156,268.590,0.906545,-1,-1,-1
140,34,919.192,438.166,48.302,89.530,0.503674,-1,-1,-1
140,40,413.986,462.224,54.385,92.677,0.567886,-1,-1,-1
140,44,316.927,458.043,36.296,94.610,0.279759,-1,-1,-1
140,5,1670.674,430.309,123.151,188.723,0.631271,-1,-1,-1
140,4,1065.702,439.190,31.225,84.027,0.408396,-1,-1,-1
140,56,522.803,431.831,145.824,303.263,0.630529,-1,-1,-1
140,60,488.468,454.244,45.622,107.854,0.757080,-1,-1,-1
140,57,1072.508,459.248,61.593,132.397,0.713486,-1,-1,-1
140,1,812.344,439.226,34.936,80.298,0.517767,-1,-1,-1
140,64,502.012,449.921,39.181,88.054,0.470549,-1,-1,-1
140,65,547.783,448.956,32.378,73.578,0.648964,-1,-1,-1
140,66,520.750,448.521,34.356,76.675,0.669800,-1,-1,-1
140,19,980.688,439.351,35.898,82.209,0.467137,-1,-1,-1
140,50,457.256,451.232,44.933,100.423,0.721180,-1,-1,-1
140,67,571.292,434.307,103.680,224.677,0.345114,-1,-1,-1
140,68,457.863,452.392,66.265,108.290,0.505176,-1,-1,-1
140,69,533.986,447.449,33.882,78.199,0.611789,-1,-1,-1
140,42,1094.960,435.322,42.180,99.154,0.724988,-1,-1,-1
141,6,951.924,434.812,45.526,99.036,0.813511,-1,-1,-1
141,7,1514.235,437.289,28.332,63.453,0.272068,-1,-1,-1
141,9,1000.279,444.467,39.181,85.820,0.803339,-1,-1,-1
141,11,687.362,431.165,122.970,337.659,0.927444,-1,-1,-1
141,13,524.179,435.015,207.034,428.241,0.948511,-1,-1,-1
141,14,1209.316,443.822,45.631,107.787,0.871853,-1,-1,-1
141,15,918.811,480.922,97.507,110.694,0.279271,-1,-1,-1
141,20,861.014,441.308,68.327,156.086,0.728162,-1,-1,-1
141,32,806.374,443.183,115.863,271.403,0.902745,-1,-1,-1
141,34,918.298,438.934,50.313,95.639,0.580038,-1,-1,-1
141,40,414.182,463.300,56.440,95.080,0.685572,-1,-1,-1
141,44,314.848,459.556,37.035,95.002,0.227216,-1,-1,-1
141,5,1671.977,432.593,124.541,193.609,0.587416,-1,-1,-1
141,4,1064.668,438.326,31.862,86.262,0.431164,-1,-1,-1
141,56,525.535,432.576,138.779,284.107,0.732488,-1,-1,-1
141,60,489.684,454.445,43.228,101.294,0.561669,-1,-1,-1
141,57,1072.737,457.604,61.970,133.276,0.669063,-1,-1,-1
141,1,813.802,442.220,34.165,78.334,0.537736,-1,-1,-1
141,64,503.525,451.485,34.980,77.770,0.536394,-1,-1,-1
141,65,547.356,448.889,31.652,71.690,0.629876,-1,-1,-1
141,66,520.645,447.841,34.543,76.892,0.613290,-1,-1,-1
141,19,977.587,438.371,36.670,84.682,0.501217,-1,-1,-1
141,50,457.525,449.233,42.860,96.908,0.421228,-1,-1,-1
141,67,571.399,433.920,104.319,228.456,0.320633,-1,-1,-1
141,68,465.120,452.977,70.406,115.617,0.471065,-1,-1,-1
141,69,536.735,447.967,32.941,75.878,0.580954,-1,-1,-1
141,42,1096.032,435.931,41.691,99.261,0.650744,-1,-1,-1
142,6,951.810,435.155,46.659,102.425,0.832791,-1,-1,-1
142,7,1515.870,437.265,27.492,61.375,0.258262,-1,-1,-1
142,9,1000.606,445.384,38.759,85.603,0.834410,-1,-1,-1
142,11,690.017,430.145,122.402,332.930,0.941557,-1,-1,-1
142,13,519.470,433.845,208.238,428.764,0.961041,-1,-1,-1
142,14,1207.850,443.900,44.361,105.275,0.883307,-1,-1,-1
142,15,916.091,477.566,101.047,114.525,0.223276,-1,-1,-1
142,20,864.978,440.023,68.102,157.295,0.742186,-1,-1,-1
142,32,807.979,442.178,116.687,275.640,0.907717,-1,-1,-1
142,34,914.830,439.030,54.695,106.328,0.453644,-1,-1,-1
142,40,414.812,465.059,56.098,93.078,0.712603,-1,-1,-1
142,44,313.885,461.231,37.143,93.954,0.242184,-1,-1,-1
142,5,1678.639,436.414,111.420,172.402,0.485101,-1,-1,-1
142,4,1062.926,437.891,31.877,86.518,0.480691,-1,-1,-1
142,56,523.400,432.332,145.451,299.190,0.202533,-1,-1,-1
142,60,493.794,452.872,39.839,93.286,0.662169,-1,-1,-1
142,57,1070.087,438.957,69.024,150.464,0.564020,-1,-1,-1
142,1,804.267,448.875,30.675,69.963,0.601365,-1,-1,-1
142,64,504.168,450.190,33.543,75.328,0.106611,-1,-1,-1
142,65,548.238,449.845,29.882,67.632,0.569021,-1,-1,-1
142,66,521.551,448.598,34.140,76.242,0.659467,-1,-1,-1
142,19,976.620,438.181,36.888,85.839,0.447261,-1,-1,-1
142,50,453.564,452.415,41.667,93.589,0.395335,-1,-1,-1
142,67,570.632,433.599,103.523,228.300,0.314776,-1,-1,-1
142,68,474.954,454.596,67.796,112.174,0.494314,-1,-1,-1
142,69,533.420,447.410,32.509,75.062,0.647112,-1,-1,-1
142,42,1094.587,434.749,42.950,101.604,0.680874,-1,-1,-1
143,6,950.901,435.170,47.890,106.196,0.831740,-1,-1,-1
143,7,1516.446,435.468,27.535,61.050,0.376494,-1,-1,-1
143,9,1001.130,444.821,38.467,85.399,0.785695,-1,-1,-1
143,11,692.146,428.815,123.848,333.701,0.944629,-1,-1,-1
143,13,518.078,433.839,209.676,431.183,0.958771,-1,-1,-1
143,14,1206.696,443.758,44.889,107.229,0.889695,-1,-1,-1
143,15,918.608,478.477,99.384,113.668,0.124158,-1,-1,-1
143,20,868.513,440.606,68.829,157.968,0.786057,-1,-1,-1
143,32,807.431,440.860,117.175,280.505,0.922276,-1,-1,-1
143,34,916.637,439.544,53.551,106.210,0.363127,-1,-1,-1
143,40,414.453,461.221,57.818,96.324,0.687941,-1,-1,-1
143,44,310.070,454.800,40.887,105.018,0.444077,-1,-1,-1
143,5,1678.958,436.976,112.452,175.161,0.535919,-1,-1,-1
143,4,1062.522,439.790,33.342,89.999,0.444032,-1,-1,-1
143,56,525.768,436.090,140.274,290.249,0.224985,-1,-1,-1
143,60,495.017,452.632,40.378,94.893,0.653626,-1,-1,-1
143,57,1069.888,439.064,69.019,151.392,0.740324,-1,-1,-1
143,1,804.037,449.905,32.709,74.769,0.538600,-1,-1,-1
143,64,505.013,447.269,38.748,87.660,0.437262,-1,-1,-1
143,66,522.552,448.407,33.638,75.155,0.587390,-1,-1,-1
143,19,977.994,436.628,36.178,85.095,0.360500,-1,-1,-1
143,50,448.951,452.881,43.486,97.712,0.330143,-1,-1,-1
143,67,576.933,433.114,95.919,212.001,0.488976,-1,-1,-1
143,68,469.225,452.055,68.952,114.971,0.653565,-1,-1,-1
143,69,536.754,446.854,32.371,74.660,0.676336,-1,-1,-1
143,42,1095.064,436.420,42.592,101.062,0.650728,-1,-1,-1
144,6,952.662,436.992,43.791,97.217,0.770542,-1,-1,-1
144,7,1516.470,437.164,27.111,59.828,0.293494,-1,-1,-1
144,9,1001.833,446.784,37.405,83.411,0.763035,-1,-1,-1
144,11,694.817,431.585,125.092,332.466,0.946449,-1,-1,-1
144,13,517.669,430.988,211.327,434.740,0.945657,-1,-1,-1
144,14,1205.374,443.926,44.248,107.047,0.866203,-1,-1,-1
144,15,921.502,489.572,89.148,102.292,0.182965,-1,-1,-1
144,20,867.328,443.242,76.771,178.635,0.638432,-1,-1,-1
144,32,809.343,446.877,112.695,273.174,0.919987,-1,-1,-1
144,34,922.090,441.005,50.531,100.343,0.336582,-1,-1,-1
144,40,413.687,459.780,59.045,96.609,0.704673,-1,-1,-1
144,44,310.898,454.352,38.561,99.670,0.439947,-1,-1,-1
144,5,1686.990,438.502,103.895,163.045,0.384660,-1,-1,-1
144,4,1062.608,441.394,33.183,89.221,0.497839,-1,-1,-1
144,56,532.601,450.407,128.832,265.323,0.219538,-1,-1,-1
144,60,494.587,450.792,34.382,77.609,0.203555,-1,-1,-1
144,57,1071.692,441.965,67.406,148.934,0.731658,-1,-1,-1
144,1,799.214,449.554,38.047,87.156,0.723424,-1,-1,-1
144,64,505.644,449.185,35.922,81.340,0.583962,-1,-1,-1
144,66,521.633,448.424,32.987,73.554,0.687677,-1,-1,-1
144,19,978.547,437.187,34.976,83.009,0.387826,-1,-1,-1
144,50,453.702,454.004,39.078,86.628,0.258139,-1,-1,-1
144,67,574.552,433.050,99.289,221.566,0.444319,-1,-1,-1
144,68,467.434,452.864,69.658,117.124,0.850102,-1,-1,-1
144,69,536.785,446.575,32.022,73.694,0.707414,-1,-1,-1
144,42,1101.553,437.446,42.626,102.073,0.622547,-1,-1,-1
144,72,571.117,449.078,38.510,75.094,0.626075,-1,-1,-1
144,65,547.547,449.630,30.265,68.346,0.686524,-1,-1,-1
145,6,952.428,437.605,43.287,96.761,0.768049,-1,-1,-1
145,7,1517.156,436.882,27.913,61.366,0.328797,-1,-1,-1
145,9,1001.981,447.662,37.146,83.027,0.729916,-1,-1,-1
145,11,698.006,433.630,126.708,331.690,0.942985,-1,-1,-1
145,13,513.254,427.564,217.834,451.878,0.946993,-1,-1,-1
145,14,1203.783,442.228,44.926,109.825,0.871707,-1,-1,-1
145,20,870.586,441.490,74.509,174.935,0.701537,-1,-1,-1
145,32,810.186,448.192,110.210,270.823,0.932144,-1,-1,-1
145,34,919.420,441.031,52.390,106.127,0.349869,-1,-1,-1
145,40,412.943,459.053,59.920,97.457,0.577382,-1,-1,-1
145,44,311.338,454.348,37.212,97.021,0.454871,-1,-1,-1
145,5,1690.602,438.183,99.893,157.765,0.450166,-1,-1,-1
145,4,1063.135,443.100,32.404,86.766,0.514363,-1,-1,-1
145,56,538.301,463.550,121.417,247.985,0.152397,-1,-1,-1
145,60,495.630,450.015,32.774,72.124,0.220291,-1,-1,-1
145,57,1072.500,442.819,66.453,148.444,0.747211,-1,-1,-1
145,1,794.041,448.624,45.725,106.178,0.756337,-1,-1,-1
145,64,502.924,449.618,38.667,88.124,0.637202,-1,-1,-1
145,66,522.855,450.207,31.560,70.191,0.670548,-1,-1,-1
145,19,980.795,437.132,32.856,78.257,0.329850,-1,-1,-1
145,50,456.363,455.415,37.333,82.109,0.268762,-1,-1,-1
145,67,577.790,434.838,91.914,207.563,0.216708,-1,-1,-1
145,68,467.795,454.046,68.547,116.306,0.852241,-1,-1,-1
145,69,538.380,448.844,31.345,71.916,0.692608,-1,-1,-1
145,42,1115.007,440.009,39.774,96.154,0.684255,-1,-1,-1
145,72,569.792,451.288,37.873,74.125,0.668752,-1,-1,-1
145,65,547.184,450.579,30.258,68.352,0.692545,-1,-1,-1
146,6,954.327,438.305,42.368,95.542,0.793710,-1,-1,-1
146,7,1517.179,437.766,27.821,61.072,0.335894,-1,-1,-1
146,9,1001.894,446.233,37.541,84.118,0.798252,-1,-1,-1
146,11,698.720,433.015,130.768,337.434,0.938723,-1,-1,-1
146,13,512.237,424.897,219.709,459.652,0.948125,-1,-1,-1
146,14,1201.963,441.562,44.232,109.194,0.865257,-1,-1,-1
146,20,869.214,435.520,96.735,227.367,0.854923,-1,-1,-1
146,32,812.942,444.292,109.601,272.704,0.917426,-1,-1,-1
146,34,928.093,440.038,49.691,101.854,0.252284,-1,-1,-1
146,40,412.165,458.387,60.643,97.595,0.686154,-1,-1,-1
146,44,311.720,454.258,35.828,93.694,0.414652,-1,-1,-1
146,5,1684.914,437.328,108.808,174.446,0.524781,-1,-1,-1
146,4,1062.710,438.316,32.480,87.566,0.523627,-1,-1,-1
146,56,525.992,446.899,132.023,274.451,0.213316,-1,-1,-1
146,57,1072.663,452.583,62.595,139.893,0.725251,-1,-1,-1
146,1,789.198,446.573,52.162,121.633,0.842382,-1,-1,-1
146,64,500.341,450.360,40.108,91.907,0.715290,-1,-1,-1
146,66,522.855,451.194,31.173,69.344,0.661287,-1,-1,-1
146,19,981.518,440.043,33.289,79.662,0.364033,-1,-1,-1
146,50,458.382,455.631,38.744,85.176,0.304619,-1,-1,-1
146,67,584.718,443.353,58.078,130.848,0.613339,-1,-1,-1
146,68,466.170,451.634,70.007,119.966,0.866269,-1,-1,-1
146,69,539.621,449.659,30.655,70.232,0.692195,-1,-1,-1
146,42,1120.891,440.652,39.457,96.227,0.714463,-1,-1,-1
146,72,570.110,451.346,36.391,71.517,0.664579,-1,-1,-1
146,65,547.904,451.008,30.213,68.103,0.718351,-1,-1,-1
146,74,581.037,447.532,37.118,79.730,0.618956,-1,-1,-1
146,8,1081.060,435.864,52.417,123.597,0.651156,-1,-1,-1
147,6,954.957,438.974,42.440,96.791,0.732646,-1,-1,-1
147,7,1516.927,436.474,27.889,61.462,0.322427,-1,-1,-1
147,9,1000.252,445.183,37.509,84.878,0.650377,-1,-1,-1
147,11,698.905,434.289,133.064,339.439,0.945523,-1,-1,-1
147,13,510.844,428.037,219.421,461.361,0.949302,-1,-1,-1
147,14,1200.845,442.062,43.618,108.044,0.863576,-1,-1,-1
147,20,871.553,437.232,102.629,241.495,0.867766,-1,-1,-1
147,32,816.560,444.008,107.959,272.102,0.923007,-1,-1,-1
147,34,927.247,445.189,55.173,116.129,0.106662,-1,-1,-1
147,40,408.179,455.304,64.620,103.192,0.610925,-1,-1,-1
147,44,313.815,459.918,36.161,93.003,0.433230,-1,-1,-1
147,5,1682.685,436.241,116.696,191.304,0.653874,-1,-1,-1
147,4,1061.858,443.010,34.384,92.621,0.467612,-1,-1,-1
147,56,524.430,443.349,134.435,280.967,0.202526,-1,-1,-1
147,57,1073.367,460.281,59.729,133.445,0.717116,-1,-1,-1
147,1,786.297,445.654,55.466,128.219,0.840904,-1,-1,-1
147,64,498.760,449.885,41.573,95.804,0.697146,-1,-1,-1
147,66,525.523,451.874,30.595,68.143,0.586476,-1,-1,-1
147,19,977.817,440.541,35.127,83.984,0.348973,-1,-1,-1
147,50,458.414,451.929,40.807,90.056,0.366698,-1,-1,-1
147,67,590.542,445.406,50.437,114.500,0.242931,-1,-1,-1
147,68,464.743,448.141,71.903,124.197,0.870975,-1,-1,-1
147,69,540.099,450.502,29.969,68.352,0.627276,-1,-1,-1
147,42,1124.998,444.060,38.707,95.773,0.696766,-1,-1,-1
147,72,568.663,451.320,35.191,69.448,0.608037,-1,-1,-1
147,65,547.682,452.114,29.567,66.428,0.660822,-1,-1,-1
147,74,577.637,446.880,46.256,99.355,0.610670,-1,-1,-1
147,8,1083.236,439.741,49.789,117.724,0.602324,-1,-1,-1
148,6,956.594,437.591,40.402,93.068,0.727488,-1,-1,-1
148,7,1516.764,436.383,27.615,61.072,0.335683,-1,-1,-1
148,9,998.785,444.077,37.690,85.987,0.701764,-1,-1,-1
148,11,700.667,433.875,134.622,341.135,0.948193,-1,-1,-1
148,13,509.290,427.245,220.103,464.204,0.947872,-1,-1,-1
148,14,1200.145,443.185,42.297,104.928,0.857563,-1,-1,-1
148,20,873.010,434.827,106.890,252.606,0.900566,-1,-1,-1
148,32,819.589,447.207,105.928,270.395,0.929782,-1,-1,-1
148,34,924.089,440.569,59.936,128.730,0.145128,-1,-1,-1
148,40,406.376,459.662,62.747,100.116,0.600156,-1,-1,-1
148,44,313.059,458.310,37.824,96.642,0.518750,-1,-1,-1
148,5,1690.247,436.197,106.828,177.598,0.270030,-1,-1,-1
148,4,1063.689,439.394,33.280,90.383,0.492999,-1,-1,-1
148,56,521.482,443.312,137.232,289.080,0.246064,-1,-1,-1
148,57,1074.616,457.935,60.254,135.572,0.797636,-1,-1,-1
148,1,788.911,446.181,54.167,125.934,0.818353,-1,-1,-1
148,64,492.545,450.005,46.963,107.997,0.712906,-1,-1,-1
148,66,522.920,451.790,31.334,69.886,0.652053,-1,-1,-1
148,19,967.725,440.218,40.675,95.347,0.323346,-1,-1,-1
148,50,458.430,452.705,40.941,90.413,0.255240,-1,-1,-1
148,67,586.103,447.854,46.470,105.943,0.598238,-1,-1,-1
148,68,464.583,448.473,70.968,123.582,0.866725,-1,-1,-1
148,69,539.886,450.830,30.458,69.217,0.648435,-1,-1,-1
148,42,1124.750,442.704,40.127,100.257,0.692093,-1,-1,-1
148,72,570.565,451.093,35.706,70.835,0.615349,-1,-1,-1
148,65,548.639,452.137,30.042,67.238,0.714626,-1,-1,-1
148,74,578.837,446.936,43.419,93.139,0.594470,-1,-1,-1
148,8,1091.943,442.445,43.853,105.173,0.507995,-1,-1,-1
149,6,956.769,437.422,38.430,88.829,0.776504,-1,-1,-1
149,7,1515.977,436.269,28.041,62.219,0.343344,-1,-1,-1
149,9,998.727,443.624,37.533,85.901,0.730586,-1,-1,-1
149,11,703.106,435.630,134.478,339.060,0.951277,-1,-1,-1
149,13,506.050,425.478,221.173,468.091,0.947481,-1,-1,-1
149,14,1199.510,445.484,40.541,100.975,0.839455,-1,-1,-1
149,20,876.440,437.702,106.143,251.873,0.904206,-1,-1,-1
149,32,820.759,445.316,106.013,274.934,0.940290,-1,-1,-1
149,34,922.812,441.644,60.304,130.855,0.121766,-1,-1,-1
149,40,407.693,457.755,63.952,102.018,0.659128,-1,-1,-1
149,44,311.260,454.716,39.618,102.140,0.607990,-1,-1,-1
149,5,1682.863,432.465,115.056,194.131,0.539789,-1,-1,-1
149,4,1062.344,441.413,34.813,94.855,0.544393,-1,-1,-1
149,56,544.282,452.923,112.008,236.428,0.218239,-1,-1,-1
149,57,1073.083,453.464,61.706,139.740,0.765486,-1,-1,-1
149,1,790.384,448.128,51.795,120.310,0.804823,-1,-1,-1
149,64,494.943,452.037,46.794,108.522,0.725358,-1,-1,-1
149,66,523.843,451.944,31.415,70.278,0.612547,-1,-1,-1
149,19,965.696,440.482,43.152,98.540,0.277964,-1,-1,-1
149,50,458.745,454.138,41.755,92.412,0.374458,-1,-1,-1
149,67,587.824,448.568,39.250,89.735,0.492409,-1,-1,-1
149,68,465.704,449.823,69.505,121.459,0.843440,-1,-1,-1
149,42,1127.053,448.001,37.609,94.169,0.756858,-1,-1,-1
149,72,570.789,449.722,37.127,74.155,0.642640,-1,-1,-1
149,65,548.206,450.649,31.450,70.225,0.738302,-1,-1,-1
149,74,574.860,447.122,51.103,109.411,0.267692,-1,-1,-1
149,8,1088.997,442.553,44.532,106.515,0.670400,-1,-1,-1
150,6,956.150,438.639,38.009,88.229,0.757974,-1,-1,-1
150,7,1516.941,437.207,27.139,60.395,0.260291,-1,-1,-1
150,9,1000.050,445.141,36.861,84.701,0.617621,-1,-1,-1
150,11,705.324,431.817,136.227,343.186,0.948335,-1,-1,-1
150,13,501.624,426.095,221.271,468.495,0.944138,-1,-1,-1
150,14,1196.162,443.936,41.016,102.364,0.874196,-1,-1,-1
150,20,877.118,435.246,105.388,253.134,0.905252,-1,-1,-1
150,32,821.481,443.035,106.728,280.786,0.936750,-1,-1,-1
150,40,409.263,459.088,63.137,100.766,0.666886,-1,-1,-1
150,44,311.064,452.993,40.038,104.366,0.635722,-1,-1,-1
150,5,1690.294,435.206,104.212,177.121,0.471562,-1,-1,-1
150,4,1060.366,443.211,36.840,100.575,0.522521,-1,-1,-1
150,56,542.214,455.366,115.974,244.099,0.320073,-1,-1,-1
150,57,1072.339,446.575,63.482,145.531,0.775332,-1,-1,-1
150,1,790.483,449.870,50.980,118.856,0.738867,-1,-1,-1
150,64,495.657,452.965,46.842,109.701,0.779078,-1,-1,-1
150,66,521.848,451.885,32.322,72.622,0.627816,-1,-1,-1
150,19,970.428,440.354,39.400,90.153,0.274935,-1,-1,-1
150,50,458.577,456.179,41.311,91.307,0.282673,-1,-1,-1
150,67,582.095,449.286,32.855,74.101,0.575202,-1,-1,-1
150,68,463.989,453.294,66.715,118.683,0.854894,-1,-1,-1
150,42,1128.783,450.631,36.245,91.573,0.805993,-1,-1,-1
150,72,571.210,451.122,35.105,70.579,0.627183,-1,-1,-1
150,65,547.881,451.044,30.916,69.002,0.728682,-1,-1,-1
150,74,570.077,449.537,55.127,118.156,0.247984,-1,-1,-1
150,8,1085.106,440.504,46.428,110.936,0.711548,-1,-1,-1
151,6,955.477,439.751,37.168,86.516,0.733324,-1,-1,-1
151,7,1516.701,437.669,26.897,59.822,0.249595,-1,-1,-1
151,9,1000.415,443.695,36.961,85.140,0.722957,-1,-1,-1
151,11,707.261,430.785,135.667,342.213,0.950992,-1,-1,-1
151,13,497.935,426.272,221.651,468.491,0.933727,-1,-1,-1
151,14,1195.644,446.927,39.649,98.457,0.894338,-1,-1,-1
151,20,878.724,433.809,106.234,256.116,0.910381,-1,-1,-1
151,32,822.396,445.322,105.932,281.253,0.935314,-1,-1,-1
151,40,406.272,459.053,64.872,102.610,0.691768,-1,-1,-1
151,44,310.070,451.024,39.895,105.351,0.501356,-1,-1,-1
151,5,1689.196,435.630,109.673,190.449,0.549892,-1,-1,-1
151,4,1060.060,446.027,37.626,102.396,0.533875,-1,-1,-1
151,56,546.748,455.946,107.825,224.668,0.179120,-1,-1,-1
151,57,1072.338,446.052,63.783,147.235,0.810588,-1,-1,-1
151,1,792.148,451.146,48.415,112.099,0.739700,-1,-1,-1
151,64,494.259,453.052,47.519,111.774,0.795566,-1,-1,-1
151,66,522.316,451.464,32.021,71.933,0.642663,-1,-1,-1
151,19,972.289,440.464,37.924,87.095,0.272722,-1,-1,-1
151,50,460.051,456.425,42.190,92.961,0.282848,-1,-1,-1
151,67,579.092,442.230,28.443,64.061,0.244720,-1,-1,-1
151,68,463.308,453.993,65.638,118.849,0.856706,-1,-1,-1
151,42,1129.779,453.455,35.456,89.815,0.845124,-1,-1,-1
151,72,570.723,450.417,35.642,72.137,0.578934,-1,-1,-1
151,65,547.290,450.487,32.602,72.676,0.728473,-1,-1,-1
151,74,567.942,447.270,55.982,120.002,0.256516,-1,-1,-1
151,8,1085.255,443.051,45.701,108.147,0.695023,-1,-1,-1
151,69,540.933,449.591,30.854,70.037,0.676111,-1,-1,-1
152,6,955.690,440.619,35.799,83.263,0.732813,-1,-1,-1
152,7,1515.457,437.737,27.633,61.604,0.305234,-1,-1,-1
152,9,1001.483,445.440,35.945,83.098,0.797722,-1,-1,-1
152,11,710.297,431.676,135.622,341.924,0.941255,-1,-1,-1
152,13,492.960,423.460,223.366,471.938,0.927275,-1,-1,-1
152,14,1194.785,446.760,39.859,98.648,0.897516,-1,-1,-1
152,20,878.771,432.305,107.901,259.492,0.870735,-1,-1,-1
152,32,824.891,447.757,106.037,281.087,0.929920,-1,-1,-1
152,40,404.638,457.303,65.864,103.317,0.717161,-1,-1,-1
152,44,309.416,450.567,40.659,108.004,0.551345,-1,-1,-1
152,5,1676.248,430.610,114.742,199.074,0.521650,-1,-1,-1
152,4,1061.078,446.930,39.434,107.270,0.574779,-1,-1,-1
152,56,548.962,454.136,102.572,211.478,0.223884,-1,-1,-1
152,57,1072.731,448.689,62.450,145.234,0.818372,-1,-1,-1
152,1,782.828,451.613,60.436,139.297,0.687086,-1,-1,-1
152,64,492.981,452.408,47.425,111.724,0.794132,-1,-1,-1
152,66,521.993,450.774,31.998,71.492,0.606625,-1,-1,-1
152,50,460.046,456.283,41.905,91.899,0.305822,-1,-1,-1
152,67,579.829,435.934,27.620,62.218,0.225564,-1,-1,-1
152,68,464.568,455.759,63.024,115.532,0.839741,-1,-1,-1
152,42,1130.317,454.671,34.917,88.566,0.818874,-1,-1,-1
152,72,569.519,450.358,36.211,73.753,0.537686,-1,-1,-1
152,65,547.483,449.649,33.118,73.367,0.684582,-1,-1,-1
152,74,562.269,446.864,69.153,148.059,0.296077,-1,-1,-1
152,8,1086.517,446.649,44.140,103.670,0.684378,-1,-1,-1
152,77,1099.114,443.688,35.346,93.416,0.661191,-1,-1,-1
152,69,541.012,446.628,30.812,69.599,0.569464,-1,-1,-1
153,6,954.483,439.381,36.722,85.284,0.723218,-1,-1,-1
153,7,1515.089,438.540,26.700,59.583,0.203354,-1,-1,-1
153,9,1001.886,446.723,35.751,82.718,0.739037,-1,-1,-1
153,11,711.712,433.200,134.874,340.654,0.943794,-1,-1,-1
153,13,489.404,422.651,223.594,472.191,0.937232,-1,-1,-1
153,14,1194.409,447.283,39.497,97.998,0.891819,-1,-1,-1
153,20,880.846,432.300,103.366,249.510,0.850509,-1,-1,-1
153,32,827.447,450.134,106.080,280.542,0.938498,-1,-1,-1
153,40,404.597,459.236,63.357,98.733,0.665963,-1,-1,-1
153,44,309.056,451.374,39.966,106.898,0.586187,-1,-1,-1
153,5,1674.080,429.060,102.576,173.096,0.417203,-1,-1,-1
153,4,1058.888,448.765,40.032,108.265,0.583392,-1,-1,-1
153,56,548.566,451.100,101.374,208.570,0.209903,-1,-1,-1
153,57,1073.418,448.178,61.993,145.475,0.779561,-1,-1,-1
153,1,777.974,450.231,63.236,145.242,0.565875,-1,-1,-1
153,64,493.190,451.569,46.800,110.576,0.761900,-1,-1,-1
153,66,519.697,449.900,32.349,72.468,0.595491,-1,-1,-1
153,50,460.006,456.525,42.578,92.114,0.374735,-1,-1,-1
153,67,581.040,433.209,28.221,63.265,0.232635,-1,-1,-1
153,68,463.697,456.029,61.761,115.089,0.809060,-1,-1,-1
153,42,1130.442,454.626,34.702,88.419,0.790926,-1,-1,-1
153,72,571.926,447.495,40.877,83.313,0.565381,-1,-1,-1
153,65,547.743,447.507,35.133,77.612,0.713087,-1,-1,-1
153,74,570.778,444.103,59.661,128.436,0.616911,-1,-1,-1
153,8,1088.174,447.042,42.593,99.715,0.623610,-1,-1,-1
153,78,659.920,443.622,67.739,157.444,0.726333,-1,-1,-1
154,6,955.510,439.578,36.166,83.946,0.749475,-1,-1,-1
154,7,1514.042,437.968,27.225,60.890,0.188957,-1,-1,-1
154,9,1000.710,444.889,37.232,85.965,0.765479,-1,-1,-1
154,11,712.492,432.451,134.813,341.678,0.943123,-1,-1,-1
154,13,484.286,419.500,227.032,476.751,0.943183,-1,-1,-1
154,14,1193.320,446.486,39.834,98.931,0.891133,-1,-1,-1
154,20,881.731,431.225,104.206,254.439,0.897288,-1,-1,-1
154,32,827.696,448.876,107.050,283.082,0.936237,-1,-1,-1
154,40,402.717,462.189,61.417,94.754,0.658697,-1,-1,-1
154,44,308.980,449.683,40.518,109.362,0.576928,-1,-1,-1
154,5,1679.772,430.549,98.630,163.496,0.445496,-1,-1,-1
154,4,1058.400,446.649,42.756,114.845,0.661165,-1,-1,-1
154,56,545.631,453.116,100.733,205.349,0.237756,-1,-1,-1
154,57,1070.532,454.424,59.685,139.265,0.663479,-1,-1,-1
154,1,773.763,449.414,66.168,152.368,0.359016,-1,-1,-1
154,64,493.688,451.843,46.222,108.768,0.798579,-1,-1,-1
154,66,520.563,450.060,31.563,70.677,0.493437,-1,-1,-1
154,50,459.403,455.430,38.321,82.868,0.234152,-1,-1,-1
154,68,463.583,460.600,57.794,109.182,0.791464,-1,-1,-1
154,42,1130.357,452.488,35.370,90.453,0.798947,-1,-1,-1
154,72,574.528,446.073,39.273,80.267,0.416078,-1,-1,-1
154,65,547.825,447.926,35.051,76.751,0.555311,-1,-1,-1
154,74,562.369,444.454,69.643,148.879,0.293461,-1,-1,-1
154,8,1084.459,446.914,46.854,110.752,0.587946,-1,-1,-1
154,78,649.819,447.419,85.682,199.702,0.624758,-1,-1,-1
154,77,1098.731,439.509,37.289,98.609,0.697366,-1,-1,-1
155,6,956.497,439.167,35.245,81.936,0.625854,-1,-1,-1
155,7,1513.799,436.866,27.996,62.740,0.276043,-1,-1,-1
155,9,1001.400,446.732,35.953,83.352,0.737465,-1,-1,-1
155,11,714.026,431.111,135.391,343.110,0.941787,-1,-1,-1
155,13,478.418,417.899,229.569,479.270,0.949533,-1,-1,-1
155,14,1191.900,445.392,40.359,100.273,0.889967,-1,-1,-1
155,20,882.444,430.510,104.116,258.241,0.898535,-1,-1,-1
155,32,828.606,447.365,107.993,284.293,0.930440,-1,-1,-1
155,40,404.720,463.806,58.555,90.230,0.635286,-1,-1,-1
155,44,306.159,450.798,40.737,109.156,0.192353,-1,-1,-1
155,5,1676.463,425.971,113.530,191.178,0.422795,-1,-1,-1
155,4,1059.126,448.176,43.589,117.090,0.583923,-1,-1,-1
155,56,544.330,441.995,108.406,220.025,0.208782,-1,-1,-1
155,57,1064.806,451.308,57.605,136.134,0.615347,-1,-1,-1
155,1,772.330,449.116,67.437,156.424,0.284624,-1,-1,-1
155,64,494.093,452.047,45.978,107.890,0.801630,-1,-1,-1
155,66,521.558,450.117,31.110,69.343,0.446133,-1,-1,-1
155,50,457.404,456.768,36.138,78.575,0.224337,-1,-1,-1
155,68,463.692,462.105,55.840,107.254,0.787436,-1,-1,-1
155,42,1130.053,452.112,35.249,90.423,0.798450,-1,-1,-1
155,72,574.411,445.152,37.888,77.784,0.334567,-1,-1,-1
155,65,547.006,448.273,35.268,76.447,0.434092,-1,-1,-1
155,74,556.127,441.212,82.066,176.812,0.267080,-1,-1,-1
155,8,1082.329,446.416,48.312,115.317,0.579362,-1,-1,-1
155,78,641.513,443.426,95.605,222.461,0.660632,-1,-1,-1
155,80,617.026,434.692,118.831,347.676,0.760935,-1,-1,-1
155,77,1098.208,440.134,36.876,97.701,0.656343,-1,-1,-1
156,6,954.631,438.367,36.413,85.562,0.624473,-1,-1,-1
156,7,1514.815,437.094,26.628,59.863,0.260394,-1,-1,-1
156,9,1000.497,446.507,35.605,83.339,0.711814,-1,-1,-1
156,11,714.773,428.450,136.729,345.104,0.944511,-1,-1,-1
156,13,476.117,419.370,230.326,477.039,0.937182,-1,-1,-1
156,14,1191.769,444.804,40.615,101.017,0.897673,-1,-1,-1
156,20,882.145,430.432,103.451,260.964,0.895969,-1,-1,-1
156,32,829.420,447.466,108.122,284.708,0.929607,-1,-1,-1
156,40,407.083,466.692,55.382,83.844,0.645226,-1,-1,-1
156,44,304.562,449.809,38.308,102.679,0.127733,-1,-1,-1
156,5,1676.276,427.425,117.515,200.927,0.588397,-1,-1,-1
156,4,1058.867,449.788,44.805,120.737,0.565274,-1,-1,-1
156,56,539.717,437.967,111.130,227.949,0.255895,-1,-1,-1
156,57,1068.288,443.293,61.894,146.857,0.707004,-1,-1,-1
156,1,770.005,446.775,69.568,162.377,0.219805,-1,-1,-1
156,64,494.560,452.263,45.455,106.325,0.754787,-1,-1,-1
156,66,520.654,448.991,31.896,70.918,0.472588,-1,-1,-1
156,50,471.131,454.356,46.970,99.827,0.719853,-1,-1,-1
156,68,464.186,461.034,54.987,107.308,0.767229,-1,-1,-1
156,42,1129.448,451.612,35.594,91.779,0.763653,-1,-1,-1
156,72,570.356,441.495,43.760,90.937,0.412507,-1,-1,-1
156,65,545.848,447.579,35.110,76.225,0.498897,-1,-1,-1
156,74,552.317,439.461,81.581,178.666,0.433610,-1,-1,-1
156,8,1080.584,444.722,50.250,121.444,0.588656,-1,-1,-1
156,78,648.888,436.177,85.661,197.299,0.478683,-1,-1,-1
156,80,622.872,433.964,118.659,347.099,0.876527,-1,-1,-1
156,77,1096.526,441.539,37.311,99.133,0.582247,-1,-1,-1
157,6,954.083,440.391,38.899,91.566,0.539757,-1,-1,-1
157,7,1514.121,437.634,26.275,59.217,0.213888,-1,-1,-1
157,9,1000.672,447.195,34.508,81.606,0.717539,-1,-1,-1
157,11,718.032,428.773,136.849,345.343,0.942168,-1,-1,-1
157,13,473.273,419.032,232.106,475.999,0.948887,-1,-1,-1
157,14,1191.859,443.340,41.026,102.779,0.885295,-1,-1,-1
157,20,886.206,430.201,104.085,266.354,0.900190,-1,-1,-1
157,32,831.048,449.688,107.530,283.517,0.921391,-1,-1,-1
157,40,409.271,469.571,53.179,80.400,0.548153,-1,-1,-1
157,44,310.354,450.871,31.099,81.907,0.265555,-1,-1,-1
157,5,1680.819,428.102,104.043,174.004,0.377849,-1,-1,-1
157,4,1060.121,451.423,46.624,126.026,0.541423,-1,-1,-1
157,56,538.504,435.243,113.553,233.135,0.179895,-1,-1,-1
157,57,1068.433,448.072,60.583,143.498,0.730889,-1,-1,-1
157,1,769.522,442.991,73.638,172.403,0.167155,-1,-1,-1
157,64,495.071,453.012,44.671,104.673,0.741733,-1,-1,-1
157,66,519.871,449.408,33.102,73.806,0.533772,-1,-1,-1
157,68,463.316,461.451,54.967,108.595,0.826678,-1,-1,-1
157,42,1131.339,449.961,36.312,93.688,0.716033,-1,-1,-1
157,72,567.822,440.446,44.414,93.431,0.389154,-1,-1,-1
157,65,547.655,443.080,34.996,76.765,0.243092,-1,-1,-1
157,74,552.472,435.321,83.579,182.822,0.252416,-1,-1,-1
157,78,657.129,433.843,78.598,179.065,0.573115,-1,-1,-1
157,80,620.770,429.411,121.754,356.389,0.858197,-1,-1,-1
157,77,1093.809,437.204,38.510,103.222,0.357763,-1,-1,-1
157,34,947.916,449.129,64.211,139.198,0.603592,-1,-1,-1
158,6,955.347,438.705,37.060,87.699,0.343736,-1,-1,-1
158,7,1514.169,437.191,27.125,61.200,0.216696,-1,-1,-1
158,9,1001.545,449.094,33.610,79.973,0.620569,-1,-1,-1
158,11,723.845,428.200,136.404,344.179,0.951837,-1,-1,-1
158,13,471.988,419.348,232.786,473.938,0.941256,-1,-1,-1
158,14,1191.816,442.889,40.497,102.279,0.876140,-1,-1,-1
158,20,890.090,430.833,104.076,267.351,0.906451,-1,-1,-1
158,32,836.757,446.123,110.364,287.045,0.917565,-1,-1,-1
158,40,406.031,468.804,53.890,81.652,0.628625,-1,-1,-1
158,44,312.183,448.778,28.267,73.957,0.172121,-1,-1,-1
158,5,1692.534,428.295,96.034,161.744,0.223967,-1,-1,-1
158,4,1062.984,451.847,43.920,118.628,0.534296,-1,-1,-1
158,56,537.486,432.739,117.763,242.395,0.266770,-1,-1,-1
158,57,1068.196,452.592,59.160,138.461,0.609598,-1,-1,-1
158,1,768.309,437.822,78.054,182.816,0.130998,-1,-1,-1
158,64,495.229,448.149,47.282,110.817,0.711437,-1,-1,-1
158,66,523.106,442.654,36.316,81.012,0.493355,-1,-1,-1
158,68,462.437,456.012,55.699,110.912,0.799762,-1,-1,-1
158,42,1131.892,449.500,36.539,94.122,0.720399,-1,-1,-1
158,72,564.673,436.418,46.194,98.108,0.351474,-1,-1,-1
158,65,547.146,443.711,34.656,75.961,0.343886,-1,-1,-1
158,74,544.757,433.370,89.413,197.292,0.366262,-1,-1,-1
158,78,659.246,432.497,77.075,172.578,0.693948,-1,-1,-1
158,80,624.722,429.593,121.634,356.523,0.884996,-1,-1,-1
158,77,1095.061,445.537,37.223,98.434,0.479096,-1,-1,-1
158,34,951.280,451.704,63.190,136.410,0.610703,-1,-1,-1
159,6,953.698,439.418,43.025,102.922,0.658213,-1,-1,-1
159,7,1516.624,437.754,27.805,63.021,0.221571,-1,-1,-1
159,9,1000.490,448.488,34.308,81.818,0.712679,-1,-1,-1
159,11,727.803,429.634,134.305,340.694,0.953557,-1,-1,-1
159,13,468.964,419.971,233.915,472.450,0.945320,-1,-1,-1
159,14,1190.075,446.134,39.277,99.594,0.864947,-1,-1,-1
159,20,893.913,431.340,103.661,267.378,0.911918,-1,-1,-1
159,32,835.815,446.482,109.986,285.751,0.923916,-1,-1,-1
159,40,403.993,466.667,56.173,85.320,0.635579,-1,-1,-1
159,44,312.330,448.261,30.958,80.819,0.287920,-1,-1,-1
159,5,1692.079,429.977,93.393,156.266,0.311822,-1,-1,-1
159,4,1063.516,450.425,42.304,114.654,0.558688,-1,-1,-1
159,56,533.111,449.268,108.974,224.045,0.124086,-1,-1,-1
159,57,1068.480,453.628,59.052,137.928,0.660111,-1,-1,-1
159,64,496.665,446.586,49.219,114.533,0.790888,-1,-1,-1
159,66,518.995,439.276,37.930,85.244,0.116689,-1,-1,-1
159,68,462.928,456.833,54.201,108.915,0.798812,-1,-1,-1
159,42,1133.437,448.623,36.721,94.351,0.758989,-1,-1,-1
159,72,566.624,441.318,42.789,92.010,0.425704,-1,-1,-1
159,65,545.536,445.112,36.270,79.762,0.445221,-1,-1,-1
159,74,548.247,430.867,91.057,201.155,0.198014,-1,-1,-1
159,78,659.132,433.422,77.879,170.577,0.454760,-1,-1,-1
159,80,631.940,435.883,121.134,353.554,0.895637,-1,-1,-1
159,77,1096.595,442.208,36.365,96.382,0.572040,-1,-1,-1
159,34,950.761,447.744,61.998,134.267,0.582126,-1,-1,-1
160,6,955.030,439.364,42.863,102.769,0.521319,-1,-1,-1
160,7,1515.298,437.213,28.746,65.423,0.285564,-1,-1,-1
160,9,1000.071,447.803,34.060,81.461,0.723885,-1,-1,-1
160,11,731.869,429.236,133.624,340.911,0.948953,-1,-1,-1
160,13,469.924,422.170,234.325,469.521,0.943397,-1,-1,-1
160,14,1189.275,446.160,39.378,99.931,0.803148,-1,-1,-1
160,20,898.590,432.221,103.351,266.374,0.909467,-1,-1,-1
160,32,837.711,448.505,108.695,282.061,0.926850,-1,-1,-1
160,40,403.204,467.346,57.184,86.936,0.674246,-1,-1,-1
160,44,308.399,448.422,33.874,87.946,0.166696,-1,-1,-1
160,5,1691.423,433.164,91.609,152.409,0.263320,-1,-1,-1
160,4,1058.935,450.241,46.046,125.177,0.513512,-1,-1,-1
160,56,529.824,457.201,104.831,215.764,0.153641,-1,-1,-1
160,57,1069.605,453.996,59.435,138.223,0.647554,-1,-1,-1
160,64,497.723,445.214,51.011,117.895,0.757564,-1,-1,-1
160,66,519.722,438.856,46.822,106.030,0.555864,-1,-1,-1
160,68,461.076,455.980,55.855,113.234,0.826689,-1,-1,-1
160,42,1135.190,447.547,37.131,94.978,0.702589,-1,-1,-1
160,72,568.085,443.274,41.326,89.919,0.462567,-1,-1,-1
160,65,543.267,445.604,39.441,87.597,0.487468,-1,-1,-1
160,74,550.976,429.598,93.016,203.261,0.190387,-1,-1,-1
160,78,660.489,436.420,78.533,168.570,0.500505,-1,-1,-1
160,80,633.977,441.531,120.500,350.687,0.894614,-1,-1,-1
160,77,1096.580,440.234,36.572,96.635,0.528793,-1,-1,-1
160,34,960.918,448.628,62.680,135.193,0.217270,-1,-1,-1
161,6,957.149,439.096,40.216,96.478,0.476838,-1,-1,-1
161,7,1514.451,437.204,28.960,66.298,0.253314,-1,-1,-1
161,9,999.826,447.492,34.196,82.205,0.714219,-1,-1,-1
161,11,735.030,427.969,134.090,344.072,0.945455,-1,-1,-1
161,13,470.922,424.098,234.700,467.213,0.940503,-1,-1,-1
161,14,1188.040,446.549,38.785,99.196,0.834613,-1,-1,-1
161,20,902.042,433.630,103.818,268.181,0.893044,-1,-1,-1
161,32,840.140,448.513,107.641,280.700,0.920459,-1,-1,-1
161,40,403.494,466.010,55.904,84.664,0.674638,-1,-1,-1
161,44,306.573,448.178,36.070,93.287,0.149342,-1,-1,-1
161,5,1689.031,434.028,92.242,151.305,0.321206,-1,-1,-1
161,4,1056.780,450.684,48.514,131.562,0.515778,-1,-1,-1
161,56,528.226,459.738,104.415,214.956,0.163595,-1,-1,-1
161,57,1067.567,452.364,60.693,139.839,0.621929,-1,-1,-1
161,64,498.784,439.956,53.870,123.754,0.714186,-1,-1,-1
161,66,517.910,436.412,49.296,111.484,0.586391,-1,-1,-1
161,68,461.532,452.471,56.332,114.908,0.813606,-1,-1,-1
161,42,1135.501,445.146,38.351,97.944,0.709134,-1,-1,-1
161,72,565.730,444.481,40.616,88.926,0.478795,-1,-1,-1
161,65,542.113,443.977,45.086,100.834,0.532701,-1,-1,-1
161,74,551.884,428.810,93.309,201.198,0.182032,-1,-1,-1
161,78,660.811,435.213,81.742,172.886,0.361688,-1,-1,-1
161,80,638.588,442.868,118.176,341.924,0.908536,-1,-1,-1
161,77,1093.051,439.296,38.530,100.463,0.506020,-1,-1,-1
161,34,971.997,463.034,59.088,124.882,0.303917,-1,-1,-1
162,6,958.155,442.391,41.835,100.599,0.332250,-1,-1,-1
162,7,1514.660,437.025,28.602,65.690,0.260850,-1,-1,-1
162,9,999.401,446.283,34.636,83.472,0.679641,-1,-1,-1
162,11,737.082,428.626,133.869,345.263,0.945094,-1,-1,-1
162,13,471.100,426.631,235.172,465.584,0.943906,-1,-1,-1
162,14,1187.672,448.323,37.622,96.996,0.748692,-1,-1,-1
162,20,904.157,435.597,103.329,267.098,0.903245,-1,-1,-1
162,32,841.053,443.724,109.598,286.725,0.933386,-1,-1,-1
162,40,402.264,466.267,56.209,85.576,0.615220,-1,-1,-1
162,44,308.922,447.670,36.465,94.861,0.362436,-1,-1,-1
162,5,1689.104,433.262,92.750,151.365,0.359746,-1,-1,-1
162,4,1060.216,449.318,50.827,136.123,0.555225,-1,-1,-1
162,56,528.106,457.779,106.051,218.760,0.135445,-1,-1,-1
162,57,1070.505,444.392,63.497,146.820,0.444278,-1,-1,-1
162,64,501.243,435.863,55.922,128.061,0.732983,-1,-1,-1
162,66,518.053,436.568,51.477,117.338,0.549371,-1,-1,-1
162,68,460.543,451.572,57.022,117.682,0.812435,-1,-1,-1
162,42,1136.410,443.503,39.536,100.522,0.591170,-1,-1,-1
162,72,563.607,445.021,42.846,95.210,0.422085,-1,-1,-1
162,65,538.277,442.373,49.031,110.033,0.499021,-1,-1,-1
162,74,551.800,429.009,95.400,204.762,0.170597,-1,-1,-1
162,78,662.128,435.734,85.283,178.127,0.283055,-1,-1,-1
162,80,641.135,440.857,119.218,344.332,0.912990,-1,-1,-1
162,77,1092.297,440.066,38.788,99.524,0.490894,-1,-1,-1
162,34,977.072,468.169,57.762,120.820,0.145017,-1,-1,-1
162,15,889.524,446.293,125.951,153.743,0.655328,-1,-1,-1
163,6,958.916,445.393,41.892,100.590,0.285754,-1,-1,-1
163,7,1513.386,436.463,28.545,65.499,0.269734,-1,-1,-1
163,9,998.692,445.214,35.448,85.396,0.699667,-1,-1,-1
163,11,738.677,428.209,133.188,346.206,0.943798,-1,-1,-1
163,13,472.645,427.262,238.107,468.330,0.941199,-1,-1,-1
163,14,1186.686,447.024,37.845,98.174,0.879689,-1,-1,-1
163,20,907.817,440.093,100.850,261.233,0.876194,-1,-1,-1
163,32,842.043,443.404,110.673,289.751,0.930677,-1,-1,-1
163,40,402.191,460.469,59.633,91.483,0.654873,-1,-1,-1
163,44,307.282,448.271,38.098,98.803,0.176989,-1,-1,-1
163,5,1687.260,431.007,94.720,153.414,0.354289,-1,-1,-1
163,4,1062.556,449.257,44.315,117.140,0.441115,-1,-1,-1
163,56,525.492,450.866,107.104,222.759,0.215110,-1,-1,-1
163,57,1063.843,448.835,63.426,143.126,0.642798,-1,-1,-1
163,64,501.906,433.504,55.807,128.248,0.774120,-1,-1,-1
163,66,519.011,437.325,47.403,107.650,0.465625,-1,-1,-1
163,68,458.580,447.625,57.854,121.138,0.834333,-1,-1,-1
163,42,1136.843,444.558,38.928,98.486,0.733333,-1,-1,-1
163,72,561.356,445.774,44.041,98.677,0.411496,-1,-1,-1
163,65,543.583,444.124,49.517,111.018,0.595473,-1,-1,-1
163,74,549.539,429.775,95.664,204.265,0.182172,-1,-1,-1
163,78,661.909,436.456,90.008,186.173,0.285357,-1,-1,-1
163,80,641.990,439.201,121.783,351.824,0.917627,-1,-1,-1
163,77,1091.211,440.709,39.346,99.643,0.539355,-1,-1,-1
163,15,891.945,446.621,123.814,160.548,0.671051,-1,-1,-1
164,6,958.353,443.233,45.261,109.651,0.418961,-1,-1,-1
164,7,1513.009,436.771,28.473,65.164,0.247734,-1,-1,-1
164,9,998.076,444.517,35.665,86.187,0.711197,-1,-1,-1
164,11,740.057,428.942,132.866,348.845,0.944085,-1,-1,-1
164,13,480.908,426.920,240.034,472.140,0.934706,-1,-1,-1
164,14,1186.244,449.170,36.608,95.782,0.869068,-1,-1,-1
164,20,911.174,440.127,98.373,257.140,0.862292,-1,-1,-1
164,32,845.494,443.199,110.860,291.794,0.930930,-1,-1,-1
164,40,404.024,462.950,57.582,87.465,0.606532,-1,-1,-1
164,44,308.552,448.672,39.225,102.439,0.429108,-1,-1,-1
164,5,1680.461,431.520,97.224,153.741,0.392570,-1,-1,-1
164,4,1064.128,448.751,43.162,113.954,0.480745,-1,-1,-1
164,56,524.362,446.808,108.098,227.141,0.242770,-1,-1,-1
164,57,1062.627,450.060,63.820,142.705,0.642018,-1,-1,-1
164,64,501.004,437.013,53.450,122.616,0.792915,-1,-1,-1
164,66,521.720,438.321,48.634,110.533,0.468368,-1,-1,-1
164,68,458.894,446.621,55.806,117.895,0.840762,-1,-1,-1
164,42,1137.588,443.712,39.083,98.611,0.814359,-1,-1,-1
164,72,557.184,445.302,48.181,109.499,0.497462,-1,-1,-1
164,65,542.691,444.131,49.927,112.642,0.504948,-1,-1,-1
164,74,550.842,430.183,91.518,195.385,0.212086,-1,-1,-1
164,78,664.601,434.786,91.746,189.537,0.169460,-1,-1,-1
164,80,641.370,438.200,123.704,357.957,0.916931,-1,-1,-1
164,77,1091.131,441.885,39.761,99.854,0.598269,-1,-1,-1
165,6,958.339,439.752,43.516,105.853,0.318406,-1,-1,-1
165,7,1513.711,438.478,28.065,64.030,0.313263,-1,-1,-1
165,9,998.333,443.974,35.125,84.973,0.718180,-1,-1,-1
165,11,741.916,427.720,133.833,354.959,0.946781,-1,-1,-1
165,13,479.618,426.449,242.559,475.956,0.939451,-1,-1,-1
165,14,1184.018,448.740,36.562,95.731,0.851830,-1,-1,-1
165,20,913.961,436.119,98.202,258.758,0.902296,-1,-1,-1
165,32,850.771,445.139,110.895,290.765,0.939445,-1,-1,-1
165,40,405.839,463.839,58.966,88.867,0.674775,-1,-1,-1
165,44,308.973,449.764,40.662,106.645,0.613123,-1,-1,-1
165,5,1682.412,432.623,97.522,151.723,0.341898,-1,-1,-1
165,4,1061.726,447.065,42.803,113.028,0.428456,-1,-1,-1
165,56,528.059,454.574,103.085,216.212,0.122573,-1,-1,-1
165,57,1062.474,447.884,62.332,140.687,0.496864,-1,-1,-1
165,64,502.430,442.454,48.406,110.918,0.674559,-1,-1,-1
165,68,461.337,447.647,53.729,114.506,0.805927,-1,-1,-1
165,42,1140.693,444.444,38.232,95.950,0.802596,-1,-1,-1
165,72,563.269,445.446,45.062,103.574,0.420095,-1,-1,-1
165,65,542.998,444.768,46.276,104.991,0.514285,-1,-1,-1
165,74,546.366,435.086,82.586,176.551,0.229331,-1,-1,-1
165,80,644.375,438.202,123.478,358.194,0.919377,-1,-1,-1
165,77,1091.595,440.657,41.367,103.190,0.628969,-1,-1,-1
166,6,960.044,436.487,48.200,117.999,0.315896,-1,-1,-1
166,7,1514.717,441.302,26.860,60.983,0.242017,-1,-1,-1
166,9,998.345,442.891,35.621,86.191,0.775887,-1,-1,-1
166,11,743.851,428.853,133.054,355.791,0.943455,-1,-1,-1
166,13,476.801,420.492,248.287,485.023,0.942755,-1,-1,-1
166,14,1183.844,450.592,35.757,94.053,0.822597,-1,-1,-1
166,20,919.297,433.909,100.095,263.923,0.902887,-1,-1,-1
166,32,856.564,446.323,111.354,289.211,0.935424,-1,-1,-1
166,40,407.280,465.495,59.515,88.975,0.697186,-1,-1,-1
166,44,309.353,451.016,40.516,107.020,0.648356,-1,-1,-1
166,5,1683.784,430.142,100.106,155.358,0.165636,-1,-1,-1
166,4,1060.290,445.376,42.586,112.197,0.378726,-1,-1,-1
166,56,529.074,455.035,100.208,209.517,0.149102,-1,-1,-1
166,57,1057.334,452.877,61.818,137.233,0.375283,-1,-1,-1
166,64,502.268,445.574,47.115,107.554,0.717921,-1,-1,-1
166,68,462.425,448.427,52.571,112.747,0.798623,-1,-1,-1
166,42,1143.459,446.251,39.493,96.924,0.780757,-1,-1,-1
166,72,566.519,448.673,42.919,99.472,0.424919,-1,-1,-1
166,65,542.419,444.485,45.230,103.488,0.452889,-1,-1,-1
166,74,552.244,437.575,83.218,179.454,0.178905,-1,-1,-1
166,80,643.698,436.752,124.073,359.749,0.923783,-1,-1,-1
166,77,1091.868,440.684,41.304,101.915,0.588841,-1,-1,-1
167,6,954.881,439.795,59.192,144.357,0.199860,-1,-1,-1
167,7,1514.213,441.700,26.998,61.039,0.233454,-1,-1,-1
167,9,997.687,443.950,36.297,88.023,0.665846,-1,-1,-1
167,11,744.661,427.970,132.893,358.941,0.939687,-1,-1,-1
167,13,477.344,417.495,251.297,489.608,0.948336,-1,-1,-1
167,14,1183.254,452.779,35.011,91.900,0.838689,-1,-1,-1
167,20,921.033,432.301,100.721,266.811,0.897764,-1,-1,-1
167,32,860.066,445.627,113.656,292.073,0.945338,-1,-1,-1
167,40,406.752,466.238,61.001,90.508,0.691915,-1,-1,-1
167,44,309.464,451.548,40.366,107.262,0.647968,-1,-1,-1
167,5,1687.341,431.490,104.888,166.233,0.137145,-1,-1,-1
167,4,1056.162,450.140,47.323,124.642,0.263719,-1,-1,-1
167,56,531.529,456.746,97.344,201.833,0.138897,-1,-1,-1
167,57,1061.624,452.941,62.284,137.908,0.361659,-1,-1,-1
167,64,501.941,447.285,45.971,105.064,0.741861,-1,-1,-1
167,68,462.928,449.557,51.653,111.274,0.809749,-1,-1,-1
167,42,1145.237,445.948,39.793,97.282,0.761023,-1,-1,-1
167,72,570.393,451.339,37.133,86.023,0.420926,-1,-1,-1
167,65,540.428,444.125,47.792,109.572,0.222396,-1,-1,-1
167,74,557.116,445.581,71.400,155.615,0.192581,-1,-1,-1
167,80,644.820,436.807,123.905,359.219,0.925758,-1,-1,-1
167,77,1091.925,440.617,41.988,102.538,0.618322,-1,-1,-1
167,83,1158.524,449.326,50.958,96.984,0.632708,-1,-1,-1
168,7,1513.828,443.496,25.752,57.725,0.231305,-1,-1,-1
168,9,997.633,443.267,36.402,88.369,0.769467,-1,-1,-1
168,11,746.847,427.986,131.496,357.268,0.945168,-1,-1,-1
168,13,479.471,416.738,253.383,489.548,0.956043,-1,-1,-1
168,14,1183.921,451.891,35.175,92.585,0.850595,-1,-1,-1
168,20,923.451,430.008,99.980,266.875,0.887762,-1,-1,-1
168,32,864.443,443.946,115.763,293.729,0.948104,-1,-1,-1
168,40,406.453,466.454,58.699,88.174,0.441305,-1,-1,-1
168,44,310.133,452.279,39.212,105.195,0.584136,-1,-1,-1
168,5,1693.448,434.742,99.066,159.099,0.256102,-1,-1,-1
168,4,1055.053,448.498,50.451,133.304,0.578437,-1,-1,-1
168,56,531.210,450.022,100.298,207.601,0.244268,-1,-1,-1
168,57,1061.842,450.897,64.404,141.713,0.732116,-1,-1,-1
168,64,503.558,443.071,49.219,113.267,0.764681,-1,-1,-1
168,68,463.467,451.043,52.969,115.875,0.848438,-1,-1,-1
168,42,1145.155,444.693,40.182,97.427,0.849884,-1,-1,-1
168,72,566.443,449.214,45.702,107.073,0.437354,-1,-1,-1
168,65,540.342,443.834,46.777,108.363,0.549587,-1,-1,-1
168,74,550.012,442.345,75.752,164.925,0.303457,-1,-1,-1
168,80,643.181,436.758,124.389,359.944,0.923519,-1,-1,-1
168,77,1093.322,442.948,41.347,99.935,0.693274,-1,-1,-1
168,83,1160.106,448.702,49.894,95.466,0.434162,-1,-1,-1
168,50,495.961,451.569,48.287,104.679,0.709525,-1,-1,-1
168,15,899.980,443.619,92.258,134.566,0.631585,-1,-1,-1
169,7,1515.646,441.398,27.283,61.409,0.297452,-1,-1,-1
169,9,996.824,443.543,36.952,90.090,0.771084,-1,-1,-1
169,11,747.158,427.974,130.625,357.037,0.942805,-1,-1,-1
169,13,481.999,416.926,255.891,488.177,0.958841,-1,-1,-1
169,14,1181.835,448.122,35.714,93.857,0.769876,-1,-1,-1
169,20,925.490,429.604,99.122,266.489,0.898282,-1,-1,-1
169,32,865.567,443.896,116.967,294.403,0.949625,-1,-1,-1
169,40,406.234,467.538,56.067,85.450,0.389113,-1,-1,-1
169,44,311.217,452.032,39.567,106.614,0.560602,-1,-1,-1
169,5,1689.510,437.581,109.912,181.566,0.545850,-1,-1,-1
169,4,1053.708,447.343,51.648,137.732,0.373546,-1,-1,-1
169,56,518.516,450.239,96.504,202.227,0.298162,-1,-1,-1
169,57,1061.243,448.884,66.367,145.040,0.804505,-1,-1,-1
169,64,504.681,441.064,50.538,117.092,0.762179,-1,-1,-1
169,68,464.209,453.076,52.404,116.093,0.843582,-1,-1,-1
169,42,1145.419,443.574,40.856,98.815,0.845904,-1,-1,-1
169,72,562.657,446.584,53.258,125.620,0.395946,-1,-1,-1
169,65,539.331,443.483,46.639,108.674,0.562504,-1,-1,-1
169,74,550.345,443.355,81.812,181.459,0.501927,-1,-1,-1
169,80,643.968,437.234,124.904,361.647,0.928140,-1,-1,-1
169,77,1089.070,443.799,45.938,110.974,0.660828,-1,-1,-1
169,83,1164.395,449.271,50.138,96.373,0.595171,-1,-1,-1
169,50,496.933,450.438,48.577,107.679,0.724169,-1,-1,-1
170,7,1515.605,441.511,27.159,61.205,0.281672,-1,-1,-1
170,9,996.755,444.516,36.056,88.003,0.803288,-1,-1,-1
170,11,748.877,427.520,130.886,359.202,0.939859,-1,-1,-1
170,13,486.130,417.816,258.666,485.311,0.955582,-1,-1,-1
170,14,1182.454,449.841,35.503,92.349,0.789567,-1,-1,-1
170,20,929.509,430.124,95.487,257.105,0.879650,-1,-1,-1
170,32,868.068,443.886,118.833,295.746,0.944894,-1,-1,-1
170,40,406.741,464.857,52.499,80.813,0.469745,-1,-1,-1
170,44,311.797,452.960,37.027,100.238,0.461299,-1,-1,-1
170,5,1696.646,437.085,97.305,162.242,0.353610,-1,-1,-1
170,4,1060.271,447.110,45.289,121.469,0.334871,-1,-1,-1
170,56,523.318,446.651,93.992,201.984,0.146471,-1,-1,-1
170,57,1059.042,450.763,66.428,143.134,0.773514,-1,-1,-1
170,64,504.915,440.354,51.045,118.696,0.733183,-1,-1,-1
170,68,463.549,450.268,53.708,120.516,0.830573,-1,-1,-1
170,42,1146.235,444.767,41.187,98.369,0.853199,-1,-1,-1
170,72,565.454,445.834,55.255,130.645,0.443670,-1,-1,-1
170,65,538.332,442.844,47.684,111.460,0.546887,-1,-1,-1
170,74,551.322,444.200,83.356,185.948,0.589322,-1,-1,-1
170,80,643.188,437.801,125.368,363.176,0.920770,-1,-1,-1
170,77,1092.330,442.087,43.626,104.335,0.662615,-1,-1,-1
170,83,1165.184,447.871,50.240,97.279,0.600636,-1,-1,-1
170,50,496.016,448.447,48.449,109.350,0.722007,-1,-1,-1
171,7,1516.390,441.779,26.206,58.918,0.305271,-1,-1,-1
171,9,997.381,444.288,35.700,86.992,0.786291,-1,-1,-1
171,11,750.311,428.084,130.971,360.055,0.937602,-1,-1,-1
171,13,488.932,417.913,263.512,487.700,0.954466,-1,-1,-1
171,14,1183.577,448.693,35.949,93.663,0.827819,-1,-1,-1
171,20,932.461,429.995,95.035,256.546,0.896739,-1,-1,-1
171,32,870.917,445.949,119.661,293.891,0.946034,-1,-1,-1
171,40,407.390,463.167,51.247,79.338,0.449910,-1,-1,-1
171,44,312.681,453.847,34.740,94.098,0.460075,-1,-1,-1
171,5,1697.563,435.676,93.466,156.776,0.334084,-1,-1,-1
171,4,1063.237,447.475,40.453,108.559,0.337198,-1,-1,-1
171,56,515.789,447.147,89.816,193.168,0.151162,-1,-1,-1
171,57,1058.116,451.119,67.667,143.018,0.795897,-1,-1,-1
171,64,513.096,443.404,47.725,112.131,0.447115,-1,-1,-1
171,68,465.242,449.789,51.894,117.888,0.774792,-1,-1,-1
171,42,1147.044,444.120,42.169,99.249,0.879178,-1,-1,-1
171,72,567.916,445.546,58.598,138.091,0.579913,-1,-1,-1
171,65,541.780,444.315,42.747,99.856,0.513427,-1,-1,-1
171,74,555.671,444.907,83.621,187.250,0.456538,-1,-1,-1
171,80,643.210,437.550,126.432,364.479,0.896662,-1,-1,-1
171,77,1092.726,441.281,41.681,97.497,0.670502,-1,-1,-1
171,83,1167.767,447.249,49.697,96.904,0.604148,-1,-1,-1
171,50,500.834,447.540,48.491,109.253,0.788780,-1,-1,-1
171,15,910.195,444.025,76.784,123.014,0.642521,-1,-1,-1
172,7,1515.866,439.260,27.752,62.695,0.298246,-1,-1,-1
172,9,997.609,444.106,36.305,88.457,0.652555,-1,-1,-1
172,11,752.786,427.587,131.355,361.560,0.939817,-1,-1,-1
172,13,489.002,416.840,268.000,490.701,0.957955,-1,-1,-1
172,14,1183.159,448.186,35.585,92.279,0.704906,-1,-1,-1
172,20,935.804,431.460,95.523,257.751,0.916659,-1,-1,-1
172,32,870.950,444.054,121.485,296.209,0.948402,-1,-1,-1
172,40,409.197,462.106,50.243,78.684,0.375261,-1,-1,-1
172,44,312.264,452.900,36.310,98.561,0.378612,-1,-1,-1
172,5,1694.187,437.485,100.002,170.487,0.406319,-1,-1,-1
172,4,1064.268,447.440,39.364,105.780,0.260561,-1,-1,-1
172,57,1051.894,452.032,67.482,142.133,0.787956,-1,-1,-1
172,64,517.825,445.886,43.008,101.412,0.420694,-1,-1,-1
172,68,464.717,451.662,51.501,118.420,0.827338,-1,-1,-1
172,42,1147.447,445.333,42.547,98.738,0.838786,-1,-1,-1
172,72,568.334,445.292,60.300,140.797,0.423759,-1,-1,-1
172,65,543.513,446.496,42.329,98.657,0.611893,-1,-1,-1
172,74,551.915,444.147,96.679,215.650,0.286478,-1,-1,-1
172,80,644.276,440.278,125.955,360.972,0.874848,-1,-1,-1
172,77,1093.932,442.675,42.352,98.112,0.677634,-1,-1,-1
172,83,1160.918,446.561,50.975,99.175,0.438223,-1,-1,-1
172,50,501.219,450.644,47.273,106.670,0.797599,-1,-1,-1
172,15,898.668,439.767,100.288,170.776,0.497597,-1,-1,-1
172,78,673.413,443.507,89.072,181.877,0.626879,-1,-1,-1
173,7,1515.808,438.436,28.006,63.554,0.310595,-1,-1,-1
173,9,998.448,446.310,33.279,80.182,0.482214,-1,-1,-1
173,11,755.252,427.357,131.872,363.406,0.935715,-1,-1,-1
173,13,488.325,414.864,271.213,492.478,0.958664,-1,-1,-1
173,14,1182.831,453.893,35.310,89.643,0.236150,-1,-1,-1
173,20,941.709,432.662,96.031,257.013,0.917180,-1,-1,-1
173,32,872.919,444.387,123.077,296.589,0.947095,-1,-1,-1
173,40,410.806,461.970,48.862,76.881,0.465738,-1,-1,-1
173,44,312.758,452.141,35.436,95.859,0.320817,-1,-1,-1
173,5,1680.807,430.868,110.056,189.024,0.342990,-1,-1,-1
173,4,1065.001,447.910,39.015,104.751,0.257038,-1,-1,-1
173,57,1052.176,451.722,68.415,143.092,0.775756,-1,-1,-1
173,64,518.921,449.320,39.386,92.609,0.437129,-1,-1,-1
173,68,465.963,455.755,48.460,112.316,0.818718,-1,-1,-1
173,42,1151.057,444.839,44.936,100.355,0.846094,-1,-1,-1
173,72,570.510,450.043,55.538,129.008,0.589438,-1,-1,-1
173,65,545.577,449.679,39.626,91.872,0.630576,-1,-1,-1
173,74,551.540,448.728,100.227,222.969,0.357268,-1,-1,-1
173,80,643.313,440.739,126.069,357.830,0.798491,-1,-1,-1
173,77,1092.675,443.835,44.153,101.058,0.668941,-1,-1,-1
173,83,1162.802,448.677,50.872,98.222,0.748932,-1,-1,-1
173,50,501.577,453.267,46.385,104.396,0.832136,-1,-1,-1
173,15,884.613,437.470,106.927,191.119,0.200616,-1,-1,-1
173,78,679.683,448.546,83.367,163.586,0.671033,-1,-1,-1
173,8,1078.719,447.977,57.699,141.437,0.641395,-1,-1,-1
174,7,1516.417,438.280,27.993,63.732,0.307638,-1,-1,-1
174,9,998.983,448.646,32.598,78.629,0.327246,-1,-1,-1
174,11,758.783,429.773,130.328,359.862,0.942681,-1,-1,-1
174,13,488.440,411.849,277.099,498.220,0.955325,-1,-1,-1
174,14,1181.123,454.108,36.195,89.363,0.496751,-1,-1,-1
174,20,943.322,432.627,97.755,260.536,0.920628,-1,-1,-1
174,32,875.762,444.738,125.860,298.959,0.945876,-1,-1,-1
174,40,411.742,462.158,47.269,74.702,0.486947,-1,-1,-1
174,44,313.325,451.998,34.128,91.925,0.332615,-1,-1,-1
174,5,1682.359,434.133,109.910,191.163,0.416592,-1,-1,-1
174,4,1067.189,447.187,35.508,94.829,0.256660,-1,-1,-1
174,57,1049.719,454.429,66.830,139.277,0.799530,-1,-1,-1
174,64,503.263,452.104,42.197,99.103,0.687100,-1,-1,-1
174,68,465.528,456.448,48.269,112.435,0.828150,-1,-1,-1
174,42,1153.948,444.903,46.955,100.325,0.859797,-1,-1,-1
174,72,570.431,452.062,50.717,116.380,0.634262,-1,-1,-1
174,65,547.391,450.859,34.764,79.758,0.677470,-1,-1,-1
174,74,554.081,452.098,98.279,216.830,0.446009,-1,-1,-1
174,80,641.552,442.051,126.300,355.472,0.768972,-1,-1,-1
174,77,1093.734,444.689,43.745,98.902,0.726159,-1,-1,-1
174,50,504.500,450.846,47.176,105.893,0.854001,-1,-1,-1
174,15,875.696,435.254,108.102,198.434,0.223414,-1,-1,-1
174,78,681.626,448.749,83.355,159.347,0.747018,-1,-1,-1
174,8,1077.699,454.149,56.632,136.998,0.583852,-1,-1,-1
175,7,1516.132,438.023,28.480,64.835,0.314551,-1,-1,-1
175,9,1000.684,447.802,30.046,71.872,0.209647,-1,-1,-1
175,11,761.042,432.802,130.417,360.723,0.944496,-1,-1,-1
175,13,491.487,415.796,276.574,494.441,0.952803,-1,-1,-1
175,14,1180.209,456.594,36.028,86.234,0.390505,-1,-1,-1
175,20,945.255,431.687,100.189,264.560,0.921408,-1,-1,-1
175,32,874.336,442.554,126.677,301.501,0.955892,-1,-1,-1
175,40,408.644,460.687,49.353,78.726,0.524735,-1,-1,-1
175,44,314.697,451.897,31.438,83.786,0.304928,-1,-1,-1
175,5,1686.454,433.426,109.815,195.530,0.520165,-1,-1,-1
175,4,1066.198,448.331,37.300,99.961,0.221858,-1,-1,-1
175,57,1050.309,453.084,66.946,139.038,0.789764,-1,-1,-1
175,64,497.334,452.721,44.147,103.213,0.648431,-1,-1,-1
175,68,465.371,455.312,48.585,113.821,0.828877,-1,-1,-1
175,72,568.969,451.314,57.715,132.214,0.651731,-1,-1,-1
175,65,543.744,448.246,36.566,83.722,0.628946,-1,-1,-1
175,74,555.667,450.195,96.689,213.535,0.494885,-1,-1,-1
175,80,648.172,445.566,125.107,352.000,0.819169,-1,-1,-1
175,77,1091.917,443.376,46.115,103.521,0.687387,-1,-1,-1
175,50,505.003,449.300,48.101,107.480,0.854900,-1,-1,-1
175,15,865.359,436.999,106.967,205.801,0.106075,-1,-1,-1
175,78,681.144,449.840,89.881,172.680,0.635734,-1,-1,-1
175,8,1074.553,452.273,58.841,140.712,0.698519,-1,-1,-1
175,83,1156.404,449.277,51.863,98.185,0.842274,-1,-1,-1
176,7,1515.411,437.278,28.992,66.153,0.285146,-1,-1,-1
176,9,999.283,445.632,33.411,80.497,0.232251,-1,-1,-1
176,11,764.634,435.338,129.844,359.801,0.944296,-1,-1,-1
176,13,493.365,416.301,277.945,494.454,0.946815,-1,-1,-1
176,20,948.468,431.351,102.530,268.249,0.917007,-1,-1,-1
176,32,875.705,443.455,126.486,301.675,0.950852,-1,-1,-1
176,40,411.429,459.846,48.727,79.374,0.512061,-1,-1,-1
176,44,312.866,450.950,33.850,90.471,0.306924,-1,-1,-1
176,5,1692.718,430.257,102.867,186.770,0.529343,-1,-1,-1
176,4,1064.987,448.884,39.054,104.798,0.206615,-1,-1,-1
176,57,1050.945,452.053,68.771,142.101,0.780286,-1,-1,-1
176,64,492.947,451.093,45.035,105.642,0.637123,-1,-1,-1
176,68,463.970,455.170,49.566,116.966,0.814001,-1,-1,-1
176,72,569.237,451.418,57.396,130.759,0.629142,-1,-1,-1
176,65,548.743,448.499,35.263,80.509,0.659349,-1,-1,-1
176,74,563.045,450.741,61.948,135.421,0.601771,-1,-1,-1
176,80,649.853,451.764,124.217,342.868,0.578255,-1,-1,-1
176,77,1090.606,444.342,47.743,106.351,0.665353,-1,-1,-1
176,50,504.487,447.179,49.901,111.105,0.856036,-1,-1,-1
176,78,690.096,455.223,77.793,146.193,0.278896,-1,-1,-1
176,8,1073.367,450.283,60.621,143.522,0.726460,-1,-1,-1
177,7,1515.346,437.441,28.259,64.482,0.290656,-1,-1,-1
177,9,998.632,446.070,36.066,87.625,0.203035,-1,-1,-1
177,11,764.599,437.786,131.144,362.370,0.943803,-1,-1,-1
177,13,500.078,424.958,274.930,488.210,0.941790,-1,-1,-1
177,20,952.322,432.695,105.610,271.383,0.914139,-1,-1,-1
177,32,877.930,441.809,127.130,304.940,0.945314,-1,-1,-1
177,40,411.612,456.975,58.206,95.974,0.596477,-1,-1,-1
177,44,311.123,451.263,37.786,101.220,0.390138,-1,-1,-1
177,5,1693.394,426.998,101.211,186.952,0.535640,-1,-1,-1
177,4,1067.617,449.192,36.830,98.322,0.200502,-1,-1,-1
177,57,1052.446,452.026,70.482,144.974,0.845903,-1,-1,-1
177,64,480.613,451.844,47.156,110.626,0.681074,-1,-1,-1
177,68,463.067,453.747,50.365,119.198,0.791559,-1,-1,-1
177,72,569.775,446.732,66.175,150.664,0.747180,-1,-1,-1
177,65,548.194,448.342,34.243,77.629,0.639484,-1,-1,-1
177,74,567.893,446.566,51.245,111.658,0.595899,-1,-1,-1
177,80,653.914,452.116,125.355,345.426,0.374382,-1,-1,-1
177,77,1093.220,443.898,44.602,98.322,0.673730,-1,-1,-1
177,50,505.237,446.284,50.375,112.189,0.823585,-1,-1,-1
177,78,697.055,448.303,60.082,115.747,0.668714,-1,-1,-1
177,8,1074.777,445.663,58.265,139.911,0.438551,-1,-1,-1
177,42,1155.432,442.413,50.850,105.604,0.869870,-1,-1,-1
178,7,1516.281,436.583,28.394,64.791,0.262375,-1,-1,-1
178,9,1000.204,441.538,41.231,101.489,0.122149,-1,-1,-1
178,11,767.401,437.293,130.755,360.743,0.944023,-1,-1,-1
178,13,504.858,425.699,272.697,485.706,0.944420,-1,-1,-1
178,20,955.658,430.332,108.771,276.259,0.904794,-1,-1,-1
178,32,882.075,441.462,126.655,304.780,0.933442,-1,-1,-1
178,40,413.431,456.468,61.992,101.687,0.688727,-1,-1,-1
178,44,309.289,451.167,40.653,107.900,0.457138,-1,-1,-1
178,5,1684.137,424.299,108.029,201.261,0.502018,-1,-1,-1
178,4,1065.270,449.006,39.294,105.598,0.221304,-1,-1,-1
178,57,1054.532,451.459,70.247,144.295,0.748838,-1,-1,-1
178,64,477.061,451.920,47.563,111.247,0.661194,-1,-1,-1
178,68,462.309,453.062,49.865,118.245,0.798423,-1,-1,-1
178,72,567.613,443.881,73.003,166.650,0.790698,-1,-1,-1
178,65,548.860,446.795,34.295,77.905,0.609770,-1,-1,-1
178,74,566.966,442.646,56.996,124.375,0.652015,-1,-1,-1
178,80,645.762,440.515,123.622,330.525,0.108284,-1,-1,-1
178,77,1091.958,440.831,47.353,104.655,0.589341,-1,-1,-1
178,50,505.148,444.174,51.744,115.793,0.792688,-1,-1,-1
178,78,700.975,449.460,50.376,98.762,0.458418,-1,-1,-1
178,8,1075.831,443.271,57.810,141.397,0.494311,-1,-1,-1
178,42,1154.787,442.422,51.719,105.762,0.866191,-1,-1,-1
178,6,961.360,441.741,79.994,186.867,0.801210,-1,-1,-1
178,56,489.622,448.089,52.504,115.432,0.612264,-1,-1,-1
179,7,1516.557,436.447,28.059,64.084,0.282661,-1,-1,-1
179,9,999.303,438.311,49.309,124.629,0.130217,-1,-1,-1
179,11,767.268,436.549,131.397,360.160,0.942560,-1,-1,-1
179,13,512.387,417.372,275.514,493.836,0.935681,-1,-1,-1
179,20,961.766,431.018,108.700,273.076,0.920455,-1,-1,-1
179,32,887.988,444.698,125.185,300.989,0.939903,-1,-1,-1
179,40,416.443,459.722,62.195,101.123,0.395284,-1,-1,-1
179,44,309.148,450.922,39.202,104.184,0.367643,-1,-1,-1
179,5,1682.653,429.336,104.871,195.239,0.506171,-1,-1,-1
179,4,1067.146,449.520,38.301,103.936,0.272918,-1,-1,-1
179,57,1053.676,448.510,70.744,147.990,0.458305,-1,-1,-1
179,68,464.882,455.421,48.103,114.504,0.789227,-1,-1,-1
179,72,570.908,450.238,69.515,157.553,0.610739,-1,-1,-1
179,65,548.458,447.707,33.248,75.880,0.643754,-1,-1,-1
179,74,571.495,452.763,51.727,111.892,0.651059,-1,-1,-1
179,80,668.717,447.888,112.646,299.748,0.246602,-1,-1,-1
179,77,1088.558,438.853,50.617,112.920,0.594123,-1,-1,-1
179,50,504.825,446.355,50.956,114.932,0.805862,-1,-1,-1
179,78,696.199,446.729,53.369,106.552,0.111668,-1,-1,-1
179,8,1074.075,443.472,60.214,147.830,0.665621,-1,-1,-1
179,42,1155.283,445.025,51.234,102.327,0.867093,-1,-1,-1
179,86,1831.762,459.632,80.822,191.888,0.658306,-1,-1,-1
179,6,967.047,435.794,79.035,187.059,0.121418,-1,-1,-1
179,56,490.787,451.947,47.944,106.823,0.558500,-1,-1,-1
180,7,1517.455,437.385,27.972,64.090,0.332253,-1,-1,-1
180,9,997.513,441.902,53.159,137.246,0.316370,-1,-1,-1
180,11,769.789,436.163,132.326,361.269,0.943156,-1,-1,-1
180,13,515.650,422.176,272.325,491.293,0.942571,-1,-1,-1
180,20,966.699,435.644,107.807,269.247,0.878412,-1,-1,-1
180,32,891.938,446.974,124.359,300.210,0.934422,-1,-1,-1
180,40,412.326,461.761,61.877,100.615,0.715010,-1,-1,-1
180,44,308.191,448.585,41.599,110.434,0.227783,-1,-1,-1
180,5,1689.608,433.116,99.970,188.245,0.353263,-1,-1,-1
180,4,1065.942,448.684,37.896,103.912,0.385171,-1,-1,-1
180,57,1046.404,451.447,67.573,144.391,0.548041,-1,-1,-1
180,68,464.169,456.699,47.758,114.227,0.810621,-1,-1,-1
180,72,570.690,441.380,65.128,146.350,0.711506,-1,-1,-1
180,65,551.318,448.963,33.883,77.688,0.579580,-1,-1,-1
180,74,569.683,448.406,49.775,107.405,0.478899,-1,-1,-1
180,80,683.663,453.219,99.119,261.588,0.298612,-1,-1,-1
180,77,1089.097,438.319,50.575,114.782,0.650438,-1,-1,-1
180,50,503.821,446.474,50.960,116.183,0.801816,-1,-1,-1
180,78,688.502,448.862,67.359,138.609,0.197817,-1,-1,-1
180,8,1077.869,442.213,57.478,143.754,0.595491,-1,-1,-1
180,42,1153.227,444.771,51.000,102.024,0.873627,-1,-1,-1
180,86,1831.683,460.792,78.887,186.898,0.549107,-1,-1,-1
180,6,967.396,438.538,81.139,193.378,0.690646,-1,-1,-1
180,56,492.148,451.449,47.265,107.173,0.579817,-1,-1,-1
181,7,1518.259,439.006,27.134,62.352,0.297245,-1,-1,-1
181,9,999.769,444.352,52.711,137.872,0.219675,-1,-1,-1
181,11,772.095,431.928,134.509,365.407,0.946750,-1,-1,-1
181,13,514.882,412.030,277.984,505.347,0.944358,-1,-1,-1
181,20,969.633,439.403,107.194,265.895,0.902201,-1,-1,-1
181,32,895.406,444.963,123.682,301.278,0.934112,-1,-1,-1
181,40,410.902,462.850,60.891,98.685,0.719645,-1,-1,-1
181,44,309.191,446.887,41.903,111.953,0.236006,-1,-1,-1
181,5,1695.520,438.125,86.515,160.468,0.336753,-1,-1,-1
181,4,1067.304,450.386,35.693,98.510,0.374275,-1,-1,-1
181,57,1046.776,458.437,61.109,133.856,0.608102,-1,-1,-1
181,68,465.733,456.518,46.119,110.686,0.756936,-1,-1,-1
181,72,571.687,448.527,58.172,127.462,0.734601,-1,-1,-1
181,65,551.676,450.319,34.245,78.876,0.565934,-1,-1,-1
181,80,686.620,453.340,103.591,273.722,0.344536,-1,-1,-1
181,77,1090.671,439.902,49.229,113.524,0.640221,-1,-1,-1
181,50,504.274,446.405,50.841,116.833,0.747380,-1,-1,-1
181,8,1078.587,446.043,54.775,138.863,0.604965,-1,-1,-1
181,42,1151.838,443.980,50.865,102.505,0.890596,-1,-1,-1
181,86,1833.397,465.883,75.935,179.323,0.540603,-1,-1,-1
181,6,960.318,440.111,77.909,191.724,0.621774,-1,-1,-1
181,56,490.858,450.977,45.131,104.029,0.462422,-1,-1,-1
182,7,1517.428,438.379,27.985,64.330,0.335406,-1,-1,-1
182,9,1000.982,441.879,49.542,130.092,0.167365,-1,-1,-1
182,11,774.584,433.650,134.589,364.728,0.948591,-1,-1,-1
182,13,517.328,409.446,278.051,508.334,0.943810,-1,-1,-1
182,20,970.150,438.597,108.949,269.875,0.913476,-1,-1,-1
182,32,897.946,444.856,122.317,301.722,0.937857,-1,-1,-1
182,40,408.867,463.264,61.358,99.075,0.740059,-1,-1,-1
182,44,312.802,451.046,39.348,103.405,0.251353,-1,-1,-1
182,5,1694.669,438.368,91.293,169.999,0.505476,-1,-1,-1
182,4,1067.793,450.901,34.814,96.659,0.358405,-1,-1,-1
182,57,1048.545,462.367,57.085,127.525,0.587082,-1,-1,-1
182,72,568.229,452.342,60.438,131.856,0.783378,-1,-1,-1
182,65,551.291,450.553,33.980,78.694,0.617209,-1,-1,-1
182,80,684.092,451.991,107.026,284.672,0.265741,-1,-1,-1
182,77,1090.608,441.639,49.820,116.512,0.671821,-1,-1,-1
182,50,504.695,446.003,50.425,117.162,0.822232,-1,-1,-1
182,8,1078.599,448.861,55.941,141.517,0.702328,-1,-1,-1
182,42,1152.334,444.979,49.410,100.614,0.889239,-1,-1,-1
182,86,1831.714,461.959,78.570,184.905,0.675984,-1,-1,-1
182,6,977.036,440.148,73.506,179.753,0.116845,-1,-1,-1
182,56,491.178,450.683,46.055,107.828,0.518114,-1,-1,-1
183,7,1516.787,438.915,28.223,64.975,0.336547,-1,-1,-1
183,11,776.464,431.346,134.599,363.326,0.952755,-1,-1,-1
183,13,519.270,406.402,279.056,514.601,0.951973,-1,-1,-1
183,20,968.350,432.848,112.159,279.692,0.917695,-1,-1,-1
183,32,899.585,437.465,123.961,310.493,0.939420,-1,-1,-1
183,40,407.111,462.406,61.164,99.258,0.733805,-1,-1,-1
183,44,307.896,446.499,42.903,113.657,0.161956,-1,-1,-1
183,5,1695.176,438.769,94.478,178.091,0.517986,-1,-1,-1
183,4,1067.017,449.248,36.040,100.915,0.384428,-1,-1,-1
183,57,1051.458,463.174,55.249,125.752,0.582803,-1,-1,-1
183,72,564.780,445.526,69.223,152.071,0.867319,-1,-1,-1
183,65,549.869,449.548,32.443,75.045,0.602598,-1,-1,-1
183,80,696.795,455.353,86.534,226.085,0.123022,-1,-1,-1
183,77,1090.595,441.742,49.610,117.622,0.675896,-1,-1,-1
183,50,505.244,445.814,49.787,116.746,0.812108,-1,-1,-1
183,8,1077.363,452.039,55.927,141.142,0.709445,-1,-1,-1
183,42,1152.108,447.661,48.185,98.375,0.878372,-1,-1,-1
183,86,1831.894,461.829,78.558,184.243,0.682307,-1,-1,-1
183,56,491.925,450.515,46.279,109.380,0.564691,-1,-1,-1
183,64,462.304,456.137,49.002,115.601,0.802698,-1,-1,-1
184,7,1516.771,438.799,27.971,64.350,0.330105,-1,-1,-1
184,11,778.151,432.050,135.644,365.154,0.951749,-1,-1,-1
184,13,521.840,406.579,277.056,514.949,0.955186,-1,-1,-1
184,20,969.943,433.784,110.999,277.917,0.909347,-1,-1,-1
184,32,905.028,435.465,122.203,312.414,0.924232,-1,-1,-1
184,40,407.259,462.751,61.477,99.711,0.746857,-1,-1,-1
184,44,310.741,448.002,39.324,103.994,0.278997,-1,-1,-1
184,5,1700.144,441.662,83.493,155.341,0.488056,-1,-1,-1
184,4,1066.556,448.732,35.385,99.835,0.379229,-1,-1,-1
184,57,1056.501,462.190,53.098,124.109,0.525540,-1,-1,-1
184,72,561.498,444.082,73.991,164.874,0.851768,-1,-1,-1
184,65,548.621,448.446,32.385,74.820,0.625245,-1,-1,-1
184,80,710.967,437.356,78.647,206.259,0.111421,-1,-1,-1
184,77,1093.321,441.348,43.320,103.141,0.676307,-1,-1,-1
184,50,505.196,445.423,49.291,116.643,0.826205,-1,-1,-1
184,8,1073.191,458.899,54.228,135.414,0.651286,-1,-1,-1
184,42,1152.215,449.120,47.462,97.084,0.889653,-1,-1,-1
184,86,1831.809,461.488,78.591,183.563,0.553873,-1,-1,-1
184,56,493.248,449.995,46.771,111.128,0.642502,-1,-1,-1
184,64,461.105,456.229,48.867,116.463,0.808267,-1,-1,-1
185,7,1516.764,438.700,28.001,64.572,0.336674,-1,-1,-1
185,11,778.704,431.291,136.932,368.414,0.948110,-1,-1,-1
185,13,524.148,406.572,275.161,514.768,0.945812,-1,-1,-1
185,20,971.968,433.702,110.919,279.398,0.922447,-1,-1,-1
185,32,909.145,438.005,119.789,310.946,0.932114,-1,-1,-1
185,40,407.158,462.540,60.825,98.860,0.736650,-1,-1,-1
185,44,308.169,446.249,42.683,113.306,0.252820,-1,-1,-1
185,5,1693.357,437.777,93.625,175.614,0.615555,-1,-1,-1
185,4,1069.011,441.576,31.567,89.307,0.156501,-1,-1,-1
185,57,1058.900,456.599,53.232,128.193,0.493064,-1,-1,-1
185,72,559.752,439.443,79.593,179.786,0.852157,-1,-1,-1
185,65,548.531,448.403,32.406,74.882,0.665873,-1,-1,-1
185,77,1090.883,438.577,46.638,111.521,0.669698,-1,-1,-1
185,50,504.994,445.549,48.769,116.705,0.833132,-1,-1,-1
185,8,1071.967,447.160,58.462,144.996,0.639940,-1,-1,-1
185,42,1151.807,450.893,46.468,94.764,0.883554,-1,-1,-1
185,86,1833.409,461.777,78.433,182.559,0.651836,-1,-1,-1
185,64,462.247,458.331,47.853,114.938,0.815765,-1,-1,-1
185,66,539.255,446.763,35.047,79.100,0.655765,-1,-1,-1
186,7,1516.996,438.595,27.823,64.249,0.326403,-1,-1,-1
186,11,779.580,432.939,136.899,369.223,0.944513,-1,-1,-1
186,13,530.745,406.040,273.086,516.814,0.946539,-1,-1,-1
186,20,979.852,438.017,107.489,273.425,0.914865,-1,-1,-1
186,32,913.131,441.192,117.671,309.021,0.932674,-1,-1,-1
186,40,407.009,462.231,59.008,96.736,0.714500,-1,-1,-1
186,44,306.838,445.500,43.841,116.733,0.268452,-1,-1,-1
186,5,1698.941,438.970,84.590,157.558,0.396288,-1,-1,-1
186,4,1070.182,439.453,31.459,89.559,0.164454,-1,-1,-1
186,57,1061.155,453.543,51.096,125.768,0.550543,-1,-1,-1
186,72,559.811,438.949,80.441,184.002,0.884370,-1,-1,-1
186,65,548.010,448.447,32.102,74.284,0.650958,-1,-1,-1
186,77,1091.248,437.737,46.038,110.582,0.701714,-1,-1,-1
186,50,504.945,445.692,48.552,116.931,0.860844,-1,-1,-1
186,8,1070.661,454.591,57.068,140.032,0.609376,-1,-1,-1
186,42,1152.634,452.041,46.037,93.055,0.880510,-1,-1,-1
186,86,1832.870,463.054,78.408,181.006,0.681140,-1,-1,-1
186,64,462.358,459.379,47.523,114.835,0.813473,-1,-1,-1
186,66,539.123,446.417,36.168,82.835,0.614318,-1,-1,-1
186,56,494.633,450.296,46.007,110.187,0.647744,-1,-1,-1
187,7,1517.891,441.398,26.943,61.875,0.319402,-1,-1,-1
187,11,781.272,433.385,136.886,369.093,0.940751,-1,-1,-1
187,13,536.152,405.559,271.103,518.407,0.947893,-1,-1,-1
187,20,984.130,438.589,106.395,274.773,0.912417,-1,-1,-1
187,32,919.824,444.564,116.034,307.278,0.938509,-1,-1,-1
187,40,407.308,462.044,58.037,96.039,0.724908,-1,-1,-1
187,44,305.962,446.599,43.491,116.055,0.211469,-1,-1,-1
187,5,1697.570,437.946,82.759,152.620,0.466161,-1,-1,-1
187,4,1070.762,438.051,32.881,94.765,0.107361,-1,-1,-1
187,57,1061.365,456.904,47.595,119.576,0.454910,-1,-1,-1
187,72,559.917,439.667,78.756,181.357,0.875870,-1,-1,-1
187,65,547.823,448.711,31.436,72.770,0.662585,-1,-1,-1
187,77,1091.235,436.890,46.604,112.775,0.721418,-1,-1,-1
187,50,505.633,446.696,48.017,116.123,0.860041,-1,-1,-1
187,8,1069.415,460.632,55.823,135.337,0.695080,-1,-1,-1
187,42,1153.010,453.942,45.027,89.868,0.874663,-1,-1,-1
187,86,1832.189,464.248,77.997,178.705,0.591963,-1,-1,-1
187,64,462.965,459.167,47.300,115.087,0.804730,-1,-1,-1
187,56,494.867,451.381,45.305,109.252,0.622576,-1,-1,-1
188,7,1516.917,439.618,27.451,63.068,0.339617,-1,-1,-1
188,11,782.806,433.585,136.292,368.126,0.940503,-1,-1,-1
188,13,539.794,403.834,271.208,523.898,0.948329,-1,-1,-1
188,20,987.393,435.861,106.529,277.701,0.925516,-1,-1,-1
188,32,923.076,445.629,113.865,304.369,0.941649,-1,-1,-1
188,40,407.040,461.958,57.614,96.126,0.709836,-1,-1,-1
188,44,306.142,447.388,43.418,116.147,0.190444,-1,-1,-1
188,5,1695.524,437.219,89.788,166.837,0.537665,-1,-1,-1
188,4,1071.641,438.184,31.466,90.675,0.186057,-1,-1,-1
188,57,1063.303,452.568,47.095,119.686,0.546168,-1,-1,-1
188,72,560.374,441.123,77.973,180.536,0.891125,-1,-1,-1
188,65,547.929,448.701,32.042,74.354,0.682176,-1,-1,-1
188,77,1094.255,437.036,42.145,101.684,0.763592,-1,-1,-1
188,50,507.083,448.882,47.011,113.959,0.862632,-1,-1,-1
188,8,1070.016,463.642,55.170,132.432,0.655363,-1,-1,-1
188,42,1152.417,450.087,47.733,95.020,0.882481,-1,-1,-1
188,86,1831.816,465.185,77.995,177.589,0.449982,-1,-1,-1
188,64,463.634,460.384,46.312,113.286,0.771450,-1,-1,-1
188,56,494.261,452.061,44.327,107.901,0.612275,-1,-1,-1
188,66,539.146,448.766,35.031,80.904,0.643835,-1,-1,-1
189,7,1515.325,437.997,28.110,64.356,0.288614,-1,-1,-1
189,11,786.714,432.256,135.333,368.015,0.950011,-1,-1,-1
189,13,547.232,405.218,268.018,523.007,0.946383,-1,-1,-1
189,20,991.277,431.564,109.231,286.135,0.924084,-1,-1,-1
189,32,932.891,451.456,111.634,298.187,0.948240,-1,-1,-1
189,40,406.127,461.454,56.652,95.966,0.662876,-1,-1,-1
189,44,305.870,446.831,43.382,116.126,0.206656,-1,-1,-1
189,5,1688.531,435.230,99.908,187.355,0.611564,-1,-1,-1
189,4,1070.260,442.217,33.510,96.322,0.276001,-1,-1,-1
189,57,1058.385,446.712,48.366,123.303,0.301410,-1,-1,-1
189,72,561.293,442.926,77.167,179.551,0.896173,-1,-1,-1
189,65,548.156,449.253,31.889,74.076,0.685285,-1,-1,-1
189,77,1095.860,436.528,40.834,98.420,0.814750,-1,-1,-1
189,50,506.618,449.053,47.001,114.290,0.863519,-1,-1,-1
189,8,1065.501,458.587,58.720,140.014,0.722863,-1,-1,-1
189,42,1151.181,447.774,48.893,97.637,0.883854,-1,-1,-1
189,86,1831.569,471.226,76.154,171.726,0.424822,-1,-1,-1
189,64,463.342,459.536,46.712,114.951,0.785677,-1,-1,-1
189,56,493.451,451.462,44.363,109.149,0.605390,-1,-1,-1
190,7,1518.161,437.768,26.797,61.314,0.283298,-1,-1,-1
190,11,789.629,430.867,135.001,368.334,0.949363,-1,-1,-1
190,13,550.277,405.202,268.849,529.475,0.945004,-1,-1,-1
190,20,992.300,427.048,111.358,294.502,0.923332,-1,-1,-1
190,32,937.701,450.273,113.102,300.095,0.935525,-1,-1,-1
190,40,406.472,461.632,55.911,95.774,0.605520,-1,-1,-1
190,44,309.829,449.298,38.216,101.478,0.295803,-1,-1,-1
190,5,1689.308,432.566,97.866,183.475,0.515881,-1,-1,-1
190,4,1069.562,438.704,31.254,89.871,0.201772,-1,-1,-1
190,57,1058.445,442.804,49.044,126.126,0.469869,-1,-1,-1
190,72,562.426,444.298,75.544,175.568,0.908659,-1,-1,-1
190,65,548.895,449.467,31.755,73.651,0.683393,-1,-1,-1
190,77,1092.832,434.281,46.236,112.694,0.811183,-1,-1,-1
190,50,506.091,446.678,47.765,116.374,0.859305,-1,-1,-1
190,8,1063.963,454.303,61.393,145.773,0.769006,-1,-1,-1
190,42,1150.603,448.516,48.932,97.370,0.882533,-1,-1,-1
190,86,1832.013,469.940,77.335,173.756,0.528098,-1,-1,-1
190,64,463.845,458.257,46.540,115.044,0.750562,-1,-1,-1
190,56,494.147,450.164,44.582,110.801,0.644123,-1,-1,-1
190,34,1072.626,437.951,67.872,152.960,0.679251,-1,-1,-1
191,7,1519.462,439.106,26.007,59.237,0.283823,-1,-1,-1
191,11,792.563,429.434,134.725,369.319,0.953047,-1,-1,-1
191,13,555.114,408.712,266.216,530.876,0.942214,-1,-1,-1
191,20,998.658,429.016,108.055,285.478,0.894934,-1,-1,-1
191,32,940.577,447.037,115.755,305.340,0.938075,-1,-1,-1
191,40,406.809,461.499,54.791,95.288,0.612526,-1,-1,-1
191,44,310.492,450.679,37.950,100.908,0.310784,-1,-1,-1
191,5,1685.255,430.004,102.342,192.819,0.569195,-1,-1,-1
191,4,1068.662,443.149,32.141,91.805,0.280002,-1,-1,-1
191,57,1054.349,444.715,45.835,118.810,0.448558,-1,-1,-1
191,72,562.514,443.661,75.687,176.273,0.910939,-1,-1,-1
191,65,549.525,450.835,30.820,71.350,0.654945,-1,-1,-1
191,77,1094.291,434.380,44.218,107.481,0.810310,-1,-1,-1
191,50,505.572,447.147,47.277,115.098,0.846200,-1,-1,-1
191,8,1062.063,451.650,63.309,149.319,0.701953,-1,-1,-1
191,42,1150.200,448.103,49.450,97.820,0.870032,-1,-1,-1
191,86,1832.082,469.431,77.818,173.883,0.479470,-1,-1,-1
191,64,463.110,458.825,43.887,108.722,0.689030,-1,-1,-1
191,56,494.214,449.932,44.111,110.394,0.670853,-1,-1,-1
191,34,1077.477,436.985,62.689,148.207,0.572712,-1,-1,-1
192,7,1517.960,438.447,25.501,57.928,0.285009,-1,-1,-1
192,11,796.264,428.794,134.003,367.312,0.957915,-1,-1,-1
192,13,557.243,407.943,266.232,536.983,0.930642,-1,-1,-1
192,20,1003.404,430.139,109.667,287.138,0.909175,-1,-1,-1
192,32,943.749,448.516,116.946,306.342,0.944187,-1,-1,-1
192,40,407.217,462.977,51.721,91.506,0.591680,-1,-1,-1
192,44,313.731,455.566,36.049,94.082,0.202173,-1,-1,-1
192,5,1687.543,433.495,101.511,192.824,0.553029,-1,-1,-1
192,4,1070.753,441.399,30.814,87.205,0.303825,-1,-1,-1
192,57,1054.381,441.177,48.690,127.927,0.272055,-1,-1,-1
192,72,562.595,445.437,74.688,174.103,0.915738,-1,-1,-1
192,65,548.493,451.222,31.096,72.073,0.672441,-1,-1,-1
192,77,1095.518,436.909,41.272,99.707,0.776379,-1,-1,-1
192,50,505.439,447.485,46.992,114.441,0.847554,-1,-1,-1
192,8,1062.038,445.939,65.985,155.553,0.505718,-1,-1,-1
192,42,1150.026,447.267,51.219,99.097,0.872471,-1,-1,-1
192,86,1831.764,471.485,77.415,171.832,0.468763,-1,-1,-1
192,64,459.485,460.022,44.503,110.548,0.759977,-1,-1,-1
192,56,493.148,453.301,42.742,105.105,0.672015,-1,-1,-1
192,34,1079.982,436.782,59.743,146.503,0.519711,-1,-1,-1
193,7,1517.319,437.640,26.473,60.122,0.284601,-1,-1,-1
193,11,799.228,428.321,134.363,368.031,0.954915,-1,-1,-1
193,13,561.906,406.494,266.198,545.004,0.939099,-1,-1,-1
193,20,1008.836,432.765,108.477,281.026,0.929693,-1,-1,-1
193,32,944.965,447.778,118.435,308.601,0.942290,-1,-1,-1
193,40,407.177,463.026,52.290,93.632,0.584629,-1,-1,-1
193,44,315.940,455.494,36.094,92.971,0.213834,-1,-1,-1
193,5,1696.736,436.494,87.632,164.732,0.563544,-1,-1,-1
193,4,1072.114,441.993,29.995,84.611,0.294465,-1,-1,-1
193,57,1055.174,442.607,47.214,125.920,0.251298,-1,-1,-1
193,72,564.025,447.261,73.163,170.741,0.919625,-1,-1,-1
193,65,548.704,451.635,31.873,73.809,0.673140,-1,-1,-1
193,77,1095.387,437.874,40.658,97.751,0.787065,-1,-1,-1
193,50,505.399,449.269,46.333,112.520,0.868517,-1,-1,-1
193,8,1062.698,445.967,65.752,155.394,0.391873,-1,-1,-1
193,42,1150.883,446.334,53.166,100.772,0.865625,-1,-1,-1
193,86,1833.792,471.520,77.497,172.238,0.369514,-1,-1,-1
193,64,458.330,461.691,44.885,111.151,0.794670,-1,-1,-1
193,56,491.861,455.805,41.812,101.692,0.658213,-1,-1,-1
193,34,1083.570,437.243,55.083,137.746,0.530203,-1,-1,-1
194,7,1516.069,438.185,27.327,62.049,0.258184,-1,-1,-1
194,11,799.766,428.697,135.301,370.741,0.951137,-1,-1,-1
194,13,566.251,407.827,265.656,551.085,0.946860,-1,-1,-1
194,20,1012.008,429.734,110.618,285.193,0.926581,-1,-1,-1
194,32,947.178,446.038,120.102,311.650,0.946356,-1,-1,-1
194,40,407.000,462.304,52.204,94.551,0.537334,-1,-1,-1
194,44,311.912,453.819,38.699,99.141,0.167501,-1,-1,-1
194,5,1693.168,436.561,96.261,183.232,0.459782,-1,-1,-1
194,4,1076.532,440.720,29.305,81.700,0.233961,-1,-1,-1
194,57,1047.891,435.686,53.105,143.512,0.183269,-1,-1,-1
194,72,563.694,447.617,73.270,170.902,0.928076,-1,-1,-1
194,65,548.378,452.564,34.872,81.416,0.751225,-1,-1,-1
194,77,1095.562,437.582,40.890,98.334,0.801211,-1,-1,-1
194,50,505.586,451.046,45.805,110.928,0.836330,-1,-1,-1
194,8,1056.907,436.253,68.717,161.185,0.235569,-1,-1,-1
194,42,1147.552,446.239,52.900,100.557,0.850445,-1,-1,-1
194,86,1831.886,471.861,78.277,172.586,0.416144,-1,-1,-1
194,64,456.877,461.340,45.803,113.030,0.779538,-1,-1,-1
194,56,489.136,455.720,42.527,102.695,0.713121,-1,-1,-1
194,34,1082.270,436.034,56.563,144.970,0.575047,-1,-1,-1
194,14,1172.073,448.151,40.382,93.926,0.657347,-1,-1,-1
195,7,1515.895,438.142,27.569,62.488,0.235742,-1,-1,-1
195,11,803.538,429.549,134.721,367.950,0.956139,-1,-1,-1
195,13,570.483,406.535,264.183,553.728,0.944422,-1,-1,-1
195,20,1014.780,429.606,113.028,291.649,0.935983,-1,-1,-1
195,32,946.469,445.272,122.404,316.051,0.944024,-1,-1,-1
195,40,406.882,463.293,50.567,92.804,0.554074,-1,-1,-1
195,44,311.111,453.521,40.488,102.990,0.166458,-1,-1,-1
195,5,1688.826,435.758,100.960,193.951,0.687162,-1,-1,-1
195,4,1080.818,434.324,27.580,76.141,0.119297,-1,-1,-1
195,57,1036.579,432.801,58.280,157.423,0.114953,-1,-1,-1
195,72,563.348,447.388,73.164,170.577,0.918022,-1,-1,-1
195,65,549.745,452.112,35.376,83.160,0.734761,-1,-1,-1
195,77,1096.199,437.518,40.857,98.453,0.827280,-1,-1,-1
195,50,504.912,450.013,46.814,113.342,0.859005,-1,-1,-1
195,8,1062.933,436.462,69.177,164.522,0.257675,-1,-1,-1
195,42,1145.160,443.854,53.315,101.896,0.868062,-1,-1,-1
195,86,1824.892,431.714,96.499,216.127,0.451414,-1,-1,-1
195,64,456.116,462.159,44.298,108.061,0.763959,-1,-1,-1
195,56,487.710,456.071,41.881,100.681,0.635156,-1,-1,-1
195,34,1085.267,435.182,52.545,136.011,0.526245,-1,-1,-1
195,14,1165.572,446.619,43.555,97.130,0.720831,-1,-1,-1
196,7,1518.480,438.707,26.743,60.598,0.244092,-1,-1,-1
196,11,807.441,432.519,135.444,367.626,0.963141,-1,-1,-1
196,13,574.151,405.539,261.957,557.071,0.941840,-1,-1,-1
196,20,1016.162,431.333,113.214,292.288,0.935911,-1,-1,-1
196,32,946.028,444.561,122.957,316.884,0.947351,-1,-1,-1
196,40,407.681,463.160,49.305,91.533,0.575865,-1,-1,-1
196,44,311.715,452.974,36.354,92.198,0.254187,-1,-1,-1
196,5,1691.632,434.310,102.318,200.141,0.709158,-1,-1,-1
196,72,563.631,446.818,72.614,169.479,0.910878,-1,-1,-1
196,65,551.581,452.640,35.590,84.340,0.675447,-1,-1,-1
196,77,1096.742,440.375,40.398,97.893,0.811484,-1,-1,-1
196,50,504.188,447.478,48.060,115.951,0.866473,-1,-1,-1
196,8,1045.032,428.718,80.855,186.834,0.104992,-1,-1,-1
196,42,1145.024,442.823,53.557,102.857,0.853199,-1,-1,-1
196,86,1822.049,415.417,102.708,233.395,0.423856,-1,-1,-1
196,64,455.330,462.233,45.131,109.177,0.785398,-1,-1,-1
196,56,488.660,456.552,41.828,99.724,0.665920,-1,-1,-1
196,34,1084.040,442.153,54.061,142.502,0.355594,-1,-1,-1
196,14,1164.376,446.301,44.569,99.081,0.774567,-1,-1,-1
197,7,1519.619,438.906,26.237,59.481,0.242927,-1,-1,-1
197,11,810.615,432.971,136.977,369.883,0.959606,-1,-1,-1
197,13,580.145,410.012,255.547,549.938,0.942060,-1,-1,-1
197,20,1020.164,434.028,111.402,287.479,0.929624,-1,-1,-1
197,32,950.066,448.856,120.859,309.335,0.949805,-1,-1,-1
197,40,409.171,463.013,47.317,88.858,0.503537,-1,-1,-1
197,44,312.051,453.233,35.332,88.793,0.215470,-1,-1,-1
197,5,1694.510,436.797,99.593,197.221,0.575733,-1,-1,-1
197,72,564.455,447.707,71.643,167.264,0.912798,-1,-1,-1
197,65,552.313,451.234,35.349,83.793,0.651192,-1,-1,-1
197,77,1097.766,440.735,39.412,95.775,0.797973,-1,-1,-1
197,50,504.998,448.055,48.213,115.761,0.862341,-1,-1,-1
197,42,1142.380,444.894,51.889,100.903,0.858917,-1,-1,-1
197,86,1827.249,445.064,89.471,201.881,0.496489,-1,-1,-1
197,64,454.614,460.961,45.440,109.951,0.751804,-1,-1,-1
197,56,484.235,456.822,40.881,97.184,0.669752,-1,-1,-1
197,34,1084.422,449.407,52.429,140.060,0.146744,-1,-1,-1
197,14,1163.196,445.983,44.643,99.688,0.788898,-1,-1,-1
198,7,1520.006,439.620,26.335,59.568,0.269710,-1,-1,-1
198,11,816.880,433.689,139.777,373.553,0.961008,-1,-1,-1
198,13,589.698,414.204,249.855,544.659,0.940532,-1,-1,-1
198,20,1022.542,432.798,111.891,288.202,0.932200,-1,-1,-1
198,32,954.045,449.687,121.077,309.294,0.955516,-1,-1,-1
198,40,408.966,463.661,45.170,86.069,0.445489,-1,-1,-1
198,44,312.364,451.066,32.514,81.203,0.252970,-1,-1,-1
198,5,1687.847,435.056,101.021,199.701,0.725040,-1,-1,-1
198,72,564.876,447.096,72.126,168.688,0.912045,-1,-1,-1
198,65,553.472,450.749,33.674,79.437,0.606546,-1,-1,-1
198,77,1098.449,440.517,39.638,96.185,0.823306,-1,-1,-1
198,50,506.563,449.896,47.330,113.046,0.841507,-1,-1,-1
198,42,1141.591,445.810,50.779,100.146,0.862022,-1,-1,-1
198,86,1829.655,446.641,88.823,200.448,0.612049,-1,-1,-1
198,64,453.831,460.021,46.330,111.701,0.766494,-1,-1,-1
198,56,482.095,456.663,40.627,96.216,0.548777,-1,-1,-1
198,34,1086.292,441.397,47.599,124.234,0.245779,-1,-1,-1
198,14,1168.053,447.482,43.241,97.955,0.738154,-1,-1,-1
198,88,961.129,450.658,35.332,81.284,0.732517,-1,-1,-1
199,7,1518.304,438.077,27.610,62.693,0.294986,-1,-1,-1
199,11,821.560,432.860,143.541,377.937,0.956954,-1,-1,-1
199,13,596.517,411.963,246.762,543.566,0.953755,-1,-1,-1
199,20,1027.262,431.568,110.071,282.954,0.917267,-1,-1,-1
199,32,958.515,449.316,120.571,309.977,0.944347,-1,-1,-1
199,40,406.633,463.216,44.894,86.847,0.472277,-1,-1,-1
199,44,309.411,450.999,39.044,98.389,0.307715,-1,-1,-1
199,5,1684.438,435.716,100.779,197.816,0.725075,-1,-1,-1
199,72,565.317,445.261,72.774,171.043,0.919692,-1,-1,-1
199,65,554.038,450.374,32.474,76.344,0.522221,-1,-1,-1
199,77,1098.094,438.093,41.843,101.991,0.834727,-1,-1,-1
199,50,507.025,449.279,47.227,112.728,0.847818,-1,-1,-1
199,42,1138.915,446.338,49.651,99.651,0.862171,-1,-1,-1
199,86,1833.314,455.235,84.966,191.363,0.547582,-1,-1,-1
199,64,452.213,460.084,46.260,111.708,0.800625,-1,-1,-1
199,56,480.028,455.362,41.981,99.647,0.616283,-1,-1,-1
199,34,1085.031,437.596,45.724,119.590,0.261977,-1,-1,-1
199,14,1172.471,446.252,43.667,99.458,0.741236,-1,-1,-1
199,88,957.246,449.649,50.426,116.462,0.727829,-1,-1,-1
200,7,1516.346,436.791,28.595,65.085,0.303742,-1,-1,-1
200,11,823.649,433.423,145.794,378.778,0.958615,-1,-1,-1
200,13,602.752,413.785,244.382,544.678,0.944863,-1,-1,-1
200,20,1031.038,432.629,108.824,278.707,0.918852,-1,-1,-1
200,32,963.374,451.196,119.280,307.874,0.944440,-1,-1,-1
200,40,408.465,464.725,43.320,84.165,0.595749,-1,-1,-1
200,44,309.354,451.279,38.761,98.403,0.353940,-1,-1,-1
200,5,1687.739,433.646,101.882,201.666,0.772123,-1,-1,-1
200,72,566.396,446.777,72.052,169.386,0.915220,-1,-1,-1
200,65,554.201,451.334,32.371,75.806,0.580520,-1,-1,-1
200,77,1099.186,436.263,42.069,103.318,0.808752,-1,-1,-1
200,50,507.265,452.982,46.141,109.729,0.857668,-1,-1,-1
200,42,1137.723,444.435,50.025,101.891,0.856995,-1,-1,-1
200,86,1832.191,463.990,81.206,181.804,0.503531,-1,-1,-1
200,64,451.339,460.476,45.658,110.508,0.804005,-1,-1,-1
200,56,478.987,457.222,41.134,97.949,0.578235,-1,-1,-1
200,34,1083.447,434.742,42.374,111.612,0.218334,-1,-1,-1
200,14,1173.736,445.802,43.970,100.312,0.813790,-1,-1,-1
200,88,960.703,447.770,47.091,108.759,0.743398,-1,-1,-1
201,7,1514.243,436.069,28.252,63.998,0.320828,-1,-1,-1
201,11,825.936,432.434,148.685,381.639,0.961326,-1,-1,-1
201,13,610.164,421.705,239.502,541.012,0.936202,-1,-1,-1
201,20,1033.799,434.168,109.529,281.500,0.899179,-1,-1,-1
201,32,967.519,446.376,120.805,313.755,0.936671,-1,-1,-1
201,40,403.601,467.639,42.484,82.530,0.317483,-1,-1,-1
201,44,308.353,451.133,40.254,103.470,0.398292,-1,-1,-1
201,5,1685.480,437.461,101.272,200.400,0.745929,-1,-1,-1
201,72,567.388,447.801,71.642,168.755,0.921306,-1,-1,-1
201,65,552.326,453.229,30.508,70.965,0.517829,-1,-1,-1
201,77,1099.819,435.453,41.554,103.043,0.794656,-1,-1,-1
201,50,506.870,453.994,45.829,108.964,0.868018,-1,-1,-1
201,42,1136.366,443.621,49.581,102.587,0.852293,-1,-1,-1
201,86,1832.291,466.653,81.125,181.320,0.583605,-1,-1,-1
201,64,451.107,461.672,44.353,106.976,0.770512,-1,-1,-1
201,56,474.728,460.248,40.525,96.145,0.495006,-1,-1,-1
201,34,1088.173,432.780,48.368,129.036,0.601073,-1,-1,-1
201,14,1177.097,443.620,44.588,102.927,0.800986,-1,-1,-1
201,88,961.970,446.210,48.004,111.257,0.748293,-1,-1,-1
201,89,660.602,466.180,33.869,89.488,0.600440,-1,-1,-1
202,7,1514.577,436.448,28.512,64.676,0.376064,-1,-1,-1
202,11,828.058,432.316,150.304,383.208,0.959700,-1,-1,-1
202,13,615.005,419.478,238.172,545.212,0.930811,-1,-1,-1
202,20,1035.915,436.407,110.913,285.463,0.917452,-1,-1,-1
202,32,972.860,447.604,118.761,312.822,0.945835,-1,-1,-1
202,40,400.434,468.479,35.712,68.505,0.351914,-1,-1,-1
202,44,307.399,447.871,43.471,112.662,0.270810,-1,-1,-1
202,5,1692.520,436.795,92.461,181.711,0.633786,-1,-1,-1
202,72,569.187,449.004,71.110,167.237,0.930116,-1,-1,-1
202,65,551.227,452.218,29.917,69.058,0.514339,-1,-1,-1
202,77,1100.190,434.872,41.497,103.759,0.806922,-1,-1,-1
202,50,506.541,453.416,46.054,109.557,0.851702,-1,-1,-1
202,42,1134.731,441.978,49.439,103.421,0.849212,-1,-1,-1
202,86,1832.242,466.813,82.231,182.143,0.526021,-1,-1,-1
202,64,451.003,464.547,41.740,99.731,0.784209,-1,-1,-1
202,56,470.376,463.207,41.205,96.672,0.474665,-1,-1,-1
202,34,1090.620,430.867,50.557,136.045,0.521600,-1,-1,-1
202,14,1177.783,442.127,44.649,104.102,0.848846,-1,-1,-1
202,88,962.642,444.606,53.541,124.253,0.806768,-1,-1,-1
202,89,661.943,472.828,30.382,79.931,0.606352,-1,-1,-1
202,90,926.177,447.796,39.875,91.742,0.654833,-1,-1,-1
203,7,1514.844,438.157,26.969,61.011,0.383257,-1,-1,-1
203,11,829.820,432.105,151.446,382.941,0.961947,-1,-1,-1
203,13,616.609,420.817,241.179,559.679,0.941050,-1,-1,-1
203,20,1036.354,437.376,112.631,289.141,0.926405,-1,-1,-1
203,32,976.694,444.858,118.416,315.240,0.940619,-1,-1,-1
203,40,394.259,467.592,34.667,65.312,0.272364,-1,-1,-1
203,44,305.415,457.343,41.647,106.180,0.176431,-1,-1,-1
203,5,1685.725,437.273,98.758,193.969,0.734980,-1,-1,-1
203,72,571.834,452.734,69.663,163.435,0.931846,-1,-1,-1
203,65,549.491,453.530,28.462,65.413,0.535882,-1,-1,-1
203,77,1099.932,434.743,40.458,101.360,0.729882,-1,-1,-1
203,50,506.130,453.840,45.966,109.349,0.858944,-1,-1,-1
203,42,1135.172,441.686,48.945,103.424,0.850408,-1,-1,-1
203,86,1829.460,466.400,81.796,179.254,0.509005,-1,-1,-1
203,64,450.190,463.931,40.012,94.371,0.800627,-1,-1,-1
203,56,478.772,460.235,40.393,95.154,0.662090,-1,-1,-1
203,34,1088.162,430.646,47.218,124.785,0.396803,-1,-1,-1
203,14,1179.204,440.843,44.862,105.077,0.846164,-1,-1,-1
203,88,961.737,447.335,58.745,136.908,0.682004,-1,-1,-1
203,89,665.791,473.772,28.122,73.215,0.586015,-1,-1,-1
203,90,927.638,446.136,36.953,85.011,0.229457,-1,-1,-1
204,7,1514.824,438.556,26.643,60.276,0.290295,-1,-1,-1
204,11,829.754,431.153,152.251,382.940,0.964250,-1,-1,-1
204,13,622.834,422.439,239.445,562.812,0.938445,-1,-1,-1
204,20,1041.155,441.307,110.484,284.934,0.897927,-1,-1,-1
204,32,980.549,442.994,118.881,317.988,0.936003,-1,-1,-1
204,40,393.713,471.232,35.216,64.293,0.326574,-1,-1,-1
204,44,308.038,452.809,39.654,102.001,0.551070,-1,-1,-1
204,5,1681.052,432.059,103.913,204.068,0.739386,-1,-1,-1
204,72,573.627,456.009,68.545,160.121,0.927616,-1,-1,-1
204,65,550.796,454.420,27.570,62.796,0.540340,-1,-1,-1
204,77,1101.661,437.999,39.589,99.849,0.722380,-1,-1,-1
204,50,506.514,453.697,45.740,109.544,0.832818,-1,-1,-1
204,42,1134.033,442.053,48.686,103.213,0.821804,-1,-1,-1
204,86,1828.781,465.837,82.014,177.838,0.551879,-1,-1,-1
204,64,450.201,464.566,41.049,96.524,0.798757,-1,-1,-1
204,56,478.404,459.562,41.887,99.063,0.745879,-1,-1,-1
204,34,1085.923,433.717,43.968,113.872,0.336159,-1,-1,-1
204,14,1181.206,444.390,43.225,101.155,0.857725,-1,-1,-1
204,88,963.857,446.489,54.980,129.141,0.603163,-1,-1,-1
204,89,666.373,475.306,26.675,68.444,0.654249,-1,-1,-1
204,90,929.538,446.779,31.482,72.458,0.147492,-1,-1,-1
205,7,1515.914,438.407,26.220,59.227,0.350357,-1,-1,-1
205,11,830.872,432.480,153.010,383.062,0.961106,-1,-1,-1
205,13,625.489,418.218,239.770,570.065,0.937430,-1,-1,-1
205,20,1044.605,433.438,112.170,292.982,0.914040,-1,-1,-1
205,32,983.255,441.799,118.699,319.869,0.938922,-1,-1,-1
205,40,394.597,472.901,34.041,60.048,0.294741,-1,-1,-1
205,44,309.358,451.158,38.983,101.233,0.599886,-1,-1,-1
205,5,1679.330,430.840,105.123,206.022,0.671944,-1,-1,-1
205,72,573.387,455.893,68.760,160.934,0.922385,-1,-1,-1
205,65,551.237,455.540,27.400,62.025,0.541644,-1,-1,-1
205,77,1100.420,435.368,44.071,111.496,0.580705,-1,-1,-1
205,50,506.507,453.959,45.173,108.681,0.815038,-1,-1,-1
205,42,1132.135,441.205,49.307,105.092,0.748979,-1,-1,-1
205,86,1827.808,465.097,83.407,179.417,0.543847,-1,-1,-1
205,64,449.422,462.719,40.876,95.565,0.734454,-1,-1,-1
205,56,478.842,459.408,41.886,99.527,0.740719,-1,-1,-1
205,34,1079.196,431.833,52.671,134.253,0.229540,-1,-1,-1
205,14,1179.035,441.534,46.068,105.614,0.746605,-1,-1,-1
205,88,962.840,444.059,58.579,138.856,0.668169,-1,-1,-1
205,89,665.364,476.256,27.509,69.655,0.673873,-1,-1,-1
206,7,1515.708,438.818,25.880,58.402,0.299077,-1,-1,-1
206,11,831.891,432.483,153.524,383.294,0.956494,-1,-1,-1
206,13,631.326,420.737,237.263,570.340,0.933082,-1,-1,-1
206,20,1048.984,434.052,110.995,293.363,0.923410,-1,-1,-1
206,32,988.982,443.798,117.727,318.900,0.933007,-1,-1,-1
206,44,309.900,451.311,40.002,104.584,0.607774,-1,-1,-1
206,5,1691.247,432.503,96.583,190.022,0.446136,-1,-1,-1
206,72,575.394,455.249,69.130,162.191,0.915458,-1,-1,-1
206,65,549.857,455.663,27.026,60.923,0.473028,-1,-1,-1
206,77,1104.907,439.979,41.962,106.987,0.281203,-1,-1,-1
206,50,506.609,451.311,46.030,110.674,0.857521,-1,-1,-1
206,42,1133.502,439.778,49.336,106.987,0.715896,-1,-1,-1
206,86,1830.552,462.940,84.353,181.291,0.508955,-1,-1,-1
206,64,448.050,461.204,42.389,98.654,0.769033,-1,-1,-1
206,56,476.426,457.011,43.181,102.830,0.755570,-1,-1,-1
206,14,1181.981,444.982,44.619,102.118,0.874549,-1,-1,-1
206,88,963.034,442.798,58.883,140.080,0.698875,-1,-1,-1
206,89,665.650,477.477,25.767,63.768,0.601764,-1,-1,-1
207,7,1514.455,439.023,26.431,59.499,0.321499,-1,-1,-1
207,11,833.841,431.322,154.466,383.986,0.963768,-1,-1,-1
207,13,637.547,419.333,236.477,575.129,0.934129,-1,-1,-1
207,20,1054.059,435.601,109.068,292.792,0.918606,-1,-1,-1
207,32,997.159,446.953,116.586,316.295,0.946552,-1,-1,-1
207,44,308.167,450.928,43.084,111.636,0.604666,-1,-1,-1
207,5,1690.913,433.881,94.348,184.445,0.600027,-1,-1,-1
207,72,574.524,450.929,70.526,166.863,0.918544,-1,-1,-1
207,65,547.394,457.069,27.282,61.658,0.443375,-1,-1,-1
207,77,1103.219,439.608,42.534,109.266,0.295675,-1,-1,-1
207,50,506.843,453.274,45.132,108.329,0.867164,-1,-1,-1
207,42,1135.227,443.837,44.412,98.083,0.752271,-1,-1,-1
207,86,1829.616,462.252,85.964,184.759,0.419002,-1,-1,-1
207,64,448.976,461.163,41.123,94.782,0.746640,-1,-1,-1
207,56,476.586,458.627,42.009,100.058,0.699423,-1,-1,-1
207,14,1184.037,445.101,44.544,102.098,0.875716,-1,-1,-1
207,88,964.874,447.544,56.210,134.123,0.701795,-1,-1,-1
207,89,662.891,478.282,24.363,59.064,0.557781,-1,-1,-1
208,7,1513.966,439.869,26.647,59.944,0.324144,-1,-1,-1
208,11,833.539,430.241,156.296,387.281,0.959839,-1,-1,-1
208,13,640.429,420.805,233.997,575.411,0.938146,-1,-1,-1
208,20,1055.140,430.088,114.163,311.520,0.907819,-1,-1,-1
208,32,1003.359,446.912,117.209,316.666,0.937564,-1,-1,-1
208,44,308.085,449.173,41.932,108.854,0.625969,-1,-1,-1
208,5,1688.509,433.215,98.764,193.336,0.691579,-1,-1,-1
208,72,575.450,451.033,70.541,167.048,0.913492,-1,-1,-1
208,65,547.535,456.680,27.833,62.976,0.491753,-1,-1,-1
208,50,507.538,452.167,45.384,108.721,0.876235,-1,-1,-1
208,42,1133.482,446.055,42.730,94.911,0.677751,-1,-1,-1
208,86,1829.750,466.865,83.719,178.824,0.540451,-1,-1,-1
208,64,442.237,463.925,45.414,102.759,0.758142,-1,-1,-1
208,56,476.433,458.963,41.169,97.912,0.705586,-1,-1,-1
208,14,1185.024,442.918,46.027,105.802,0.873416,-1,-1,-1
208,88,968.743,457.032,51.698,123.334,0.644482,-1,-1,-1
208,89,663.884,481.552,24.874,58.911,0.548216,-1,-1,-1
209,7,1514.176,440.325,26.580,59.690,0.335251,-1,-1,-1
209,11,834.330,431.986,156.837,386.555,0.961655,-1,-1,-1
209,13,641.025,409.540,235.912,587.821,0.935747,-1,-1,-1
209,20,1061.364,426.311,108.148,297.084,0.880838,-1,-1,-1
209,32,1010.233,443.500,119.528,320.881,0.931325,-1,-1,-1
209,44,307.829,448.321,41.018,107.150,0.535734,-1,-1,-1
209,5,1690.251,432.069,95.734,186.536,0.557782,-1,-1,-1
209,72,577.889,452.011,70.354,165.739,0.913677,-1,-1,-1
209,65,548.089,456.737,27.651,62.611,0.457970,-1,-1,-1
209,50,508.331,452.975,45.065,107.572,0.875855,-1,-1,-1
209,42,1135.568,443.182,41.338,92.439,0.611520,-1,-1,-1
209,86,1830.038,469.019,82.852,176.244,0.531474,-1,-1,-1
209,64,446.587,463.343,41.678,93.888,0.704987,-1,-1,-1
209,56,476.004,459.378,40.601,96.014,0.682915,-1,-1,-1
209,14,1184.851,439.452,47.625,109.882,0.878861,-1,-1,-1
209,88,972.179,464.922,48.729,116.105,0.535973,-1,-1,-1
209,89,663.276,481.612,25.341,58.759,0.534851,-1,-1,-1
210,7,1516.002,439.913,26.444,59.518,0.328319,-1,-1,-1
210,11,838.202,430.092,156.721,385.635,0.962567,-1,-1,-1
210,13,644.061,406.804,231.586,585.609,0.947611,-1,-1,-1
210,20,1064.608,424.687,111.067,308.401,0.845062,-1,-1,-1
210,32,1021.716,445.091,121.868,319.331,0.947930,-1,-1,-1
210,44,307.117,450.526,41.520,108.883,0.530168,-1,-1,-1
210,5,1688.655,429.817,90.570,171.184,0.344003,-1,-1,-1
210,72,580.658,455.435,68.787,162.482,0.909369,-1,-1,-1
210,65,550.169,456.812,27.465,62.193,0.532165,-1,-1,-1
210,50,508.609,450.537,45.900,109.695,0.863688,-1,-1,-1
210,42,1130.144,440.958,42.770,97.039,0.273951,-1,-1,-1
210,86,1829.257,471.551,81.755,173.342,0.340692,-1,-1,-1
210,64,447.700,462.539,38.285,85.550,0.591271,-1,-1,-1
210,56,477.374,458.371,40.666,96.369,0.637965,-1,-1,-1
210,14,1186.954,444.066,46.505,106.955,0.885662,-1,-1,-1
210,88,969.630,456.101,49.743,119.660,0.663930,-1,-1,-1
210,89,663.461,480.588,26.027,58.820,0.553458,-1,-1,-1
210,78,673.213,483.692,54.549,113.432,0.631600,-1,-1,-1
211,7,1516.699,439.785,26.424,59.651,0.336288,-1,-1,-1
211,11,845.258,428.511,158.149,387.854,0.962406,-1,-1,-1
211,13,645.399,404.477,231.438,593.156,0.942247,-1,-1,-1
211,20,1068.172,427.545,113.486,314.366,0.856159,-1,-1,-1
211,32,1030.434,444.429,126.324,320.670,0.952982,-1,-1,-1
211,44,307.067,450.521,41.868,110.575,0.602452,-1,-1,-1
211,5,1686.431,429.374,90.069,165.403,0.459177,-1,-1,-1
211,72,581.994,453.176,69.961,165.329,0.913498,-1,-1,-1
211,65,551.284,455.033,27.917,63.402,0.518694,-1,-1,-1
211,50,508.399,448.381,46.747,112.037,0.866875,-1,-1,-1
211,42,1137.243,441.713,40.616,92.656,0.630174,-1,-1,-1
211,86,1828.900,471.863,81.610,172.320,0.397639,-1,-1,-1
211,64,441.914,465.547,43.837,97.876,0.660339,-1,-1,-1
211,56,477.614,456.801,41.562,98.962,0.647814,-1,-1,-1
211,14,1188.497,445.539,45.523,104.468,0.881835,-1,-1,-1
211,88,970.185,451.660,47.521,114.631,0.701820,-1,-1,-1
211,89,662.586,480.282,27.123,59.784,0.571064,-1,-1,-1
211,78,675.412,485.049,50.241,103.495,0.678607,-1,-1,-1
211,57,1015.444,443.365,45.161,119.848,0.657512,-1,-1,-1
212,7,1514.793,442.259,26.336,59.003,0.267726,-1,-1,-1
212,11,849.432,425.242,159.193,391.713,0.965826,-1,-1,-1
212,13,650.116,402.031,227.799,592.064,0.946251,-1,-1,-1
212,20,1074.871,428.917,113.755,317.258,0.872673,-1,-1,-1
212,32,1035.686,444.829,130.367,321.509,0.951927,-1,-1,-1
212,44,304.842,449.864,43.765,115.441,0.492885,-1,-1,-1
212,5,1684.533,428.977,89.602,159.424,0.486230,-1,-1,-1
212,72,583.439,453.185,69.355,165.633,0.914189,-1,-1,-1
212,65,552.532,454.157,28.244,64.249,0.550995,-1,-1,-1
212,50,508.275,447.359,46.898,113.103,0.864807,-1,-1,-1
212,42,1129.719,435.716,43.561,100.953,0.179893,-1,-1,-1
212,86,1825.533,440.485,95.450,204.293,0.246712,-1,-1,-1
212,64,435.478,466.868,44.812,97.415,0.372894,-1,-1,-1
212,56,474.809,455.855,42.165,100.193,0.708324,-1,-1,-1
212,14,1188.996,442.831,46.561,107.983,0.886675,-1,-1,-1
212,88,967.273,448.571,47.433,115.214,0.734517,-1,-1,-1
212,89,662.570,480.410,28.200,60.867,0.632983,-1,-1,-1
212,78,678.475,487.532,46.851,94.855,0.698790,-1,-1,-1
212,91,851.971,471.418,36.491,85.324,0.644184,-1,-1,-1
212,57,1016.372,442.619,52.974,134.700,0.740056,-1,-1,-1
212,8,1024.252,428.082,72.766,167.310,0.642631,-1,-1,-1
213,7,1515.228,442.344,26.811,59.547,0.316798,-1,-1,-1
213,11,853.590,422.685,160.094,394.822,0.963857,-1,-1,-1
213,13,654.537,402.944,224.921,589.364,0.937476,-1,-1,-1
213,20,1080.552,426.281,108.687,304.052,0.883279,-1,-1,-1
213,32,1036.414,447.074,134.491,323.461,0.944918,-1,-1,-1
213,44,306.165,450.622,42.572,112.877,0.620844,-1,-1,-1
213,5,1681.466,427.399,91.350,157.204,0.425713,-1,-1,-1
213,72,586.031,453.614,68.672,164.885,0.917540,-1,-1,-1
213,65,553.055,453.288,28.259,64.367,0.535120,-1,-1,-1
213,50,508.236,446.522,47.105,114.081,0.866317,-1,-1,-1
213,42,1121.622,429.571,53.742,127.463,0.126292,-1,-1,-1
213,86,1823.960,422.428,101.945,222.017,0.171719,-1,-1,-1
213,64,431.635,466.560,47.085,99.847,0.275366,-1,-1,-1
213,56,472.863,454.396,42.901,101.183,0.747504,-1,-1,-1
213,14,1189.668,441.217,47.122,110.050,0.870186,-1,-1,-1
213,88,966.358,446.620,42.990,105.136,0.563306,-1,-1,-1
213,89,662.783,478.557,29.707,62.621,0.637386,-1,-1,-1
213,78,678.170,487.297,43.884,85.438,0.643984,-1,-1,-1
213,91,851.650,471.132,35.302,82.607,0.613164,-1,-1,-1
213,57,1017.647,442.588,53.495,132.481,0.702872,-1,-1,-1
213,8,1018.444,429.178,75.651,177.134,0.431956,-1,-1,-1
214,7,1515.651,440.958,26.870,59.516,0.329513,-1,-1,-1
214,11,863.635,424.226,157.137,390.759,0.959818,-1,-1,-1
214,13,658.617,402.204,223.407,588.701,0.939300,-1,-1,-1
214,20,1085.141,430.424,106.305,295.741,0.872130,-1,-1,-1
214,32,1035.368,446.806,137.852,324.568,0.956366,-1,-1,-1
214,44,304.787,450.424,43.980,115.710,0.602207,-1,-1,-1
214,5,1682.043,428.803,92.569,155.454,0.465253,-1,-1,-1
214,72,588.058,452.088,69.918,168.043,0.908608,-1,-1,-1
214,65,554.213,452.959,28.193,64.265,0.578575,-1,-1,-1
214,50,508.360,447.000,46.778,113.780,0.861833,-1,-1,-1
214,42,1120.901,433.076,50.718,121.073,0.143683,-1,-1,-1
214,86,1829.410,409.730,104.431,235.856,0.317760,-1,-1,-1
214,64,441.795,462.655,43.261,92.015,0.610457,-1,-1,-1
214,56,472.760,454.585,43.073,101.103,0.767337,-1,-1,-1
214,14,1190.864,442.613,46.332,107.737,0.869284,-1,-1,-1
214,88,983.979,448.125,41.780,102.954,0.613525,-1,-1,-1
214,89,662.257,478.563,30.513,63.242,0.654491,-1,-1,-1
214,78,676.166,486.055,47.511,91.952,0.702641,-1,-1,-1
214,91,851.023,468.586,35.566,83.263,0.512610,-1,-1,-1
214,57,1021.221,443.969,50.722,127.292,0.798520,-1,-1,-1
215,7,1514.968,441.650,26.771,59.025,0.304590,-1,-1,-1
215,11,868.287,425.321,156.598,393.087,0.957137,-1,-1,-1
215,13,661.489,401.295,222.531,589.572,0.940579,-1,-1,-1
215,20,1084.762,416.970,116.921,321.028,0.870117,-1,-1,-1
215,32,1033.537,443.914,141.623,327.524,0.945033,-1,-1,-1
215,44,303.971,450.462,44.612,116.700,0.609870,-1,-1,-1
215,5,1686.692,430.016,92.700,154.118,0.525738,-1,-1,-1
215,72,590.838,453.741,70.652,168.991,0.880198,-1,-1,-1
215,65,553.037,453.031,28.017,63.878,0.535431,-1,-1,-1
215,50,508.170,446.260,46.864,114.190,0.867330,-1,-1,-1
215,42,1137.587,433.231,44.605,106.374,0.621521,-1,-1,-1
215,86,1826.514,412.216,102.556,234.222,0.306751,-1,-1,-1
215,64,442.116,464.162,43.677,92.998,0.645370,-1,-1,-1
215,56,472.060,454.705,43.446,101.597,0.780349,-1,-1,-1
215,14,1193.665,445.372,44.998,104.311,0.862496,-1,-1,-1
215,88,981.000,447.265,44.863,111.317,0.579509,-1,-1,-1
215,89,661.854,478.743,30.918,62.942,0.625110,-1,-1,-1
215,78,674.635,486.836,52.026,100.860,0.694120,-1,-1,-1
215,91,852.449,467.730,35.281,82.430,0.650286,-1,-1,-1
215,57,1024.644,440.031,53.501,133.207,0.778580,-1,-1,-1
216,7,1513.656,441.779,27.249,59.559,0.289578,-1,-1,-1
216,11,871.238,425.796,155.265,393.866,0.958267,-1,-1,-1
216,13,663.356,399.972,222.600,592.838,0.934960,-1,-1,-1
216,20,1093.566,425.119,119.430,322.223,0.900157,-1,-1,-1
216,32,1032.914,443.875,145.878,331.770,0.944980,-1,-1,-1
216,44,306.407,452.495,42.408,111.592,0.640172,-1,-1,-1
216,5,1686.217,429.575,95.050,156.901,0.589938,-1,-1,-1
216,72,594.001,457.750,70.662,166.629,0.890015,-1,-1,-1
216,65,551.447,453.235,28.078,63.948,0.489214,-1,-1,-1
216,50,508.120,444.132,47.473,116.269,0.863095,-1,-1,-1
216,42,1140.469,432.677,49.189,117.658,0.338551,-1,-1,-1
216,86,1829.371,446.537,86.242,195.831,0.359662,-1,-1,-1
216,64,442.427,463.728,44.556,95.377,0.567771,-1,-1,-1
216,56,471.410,453.578,43.676,101.981,0.751992,-1,-1,-1
216,14,1194.909,445.234,46.286,106.868,0.875969,-1,-1,-1
216,88,981.164,445.811,45.060,113.187,0.557684,-1,-1,-1
216,89,661.230,476.923,32.093,64.693,0.641506,-1,-1,-1
216,78,673.888,486.151,56.226,109.922,0.713022,-1,-1,-1
216,91,851.812,468.514,35.422,82.425,0.722681,-1,-1,-1
216,57,1027.397,439.171,52.549,130.906,0.803886,-1,-1,-1
217,7,1513.720,442.309,27.507,59.868,0.318120,-1,-1,-1
217,11,873.073,426.104,153.292,392.820,0.954750,-1,-1,-1
217,13,669.666,400.006,222.831,594.481,0.932191,-1,-1,-1
217,20,1100.054,424.052,122.586,324.790,0.862135,-1,-1,-1
217,32,1034.488,443.179,148.422,333.251,0.935414,-1,-1,-1
217,44,307.137,451.596,41.591,110.294,0.567970,-1,-1,-1
217,5,1690.484,433.551,93.174,153.882,0.570101,-1,-1,-1
217,72,594.228,453.520,75.542,175.904,0.912725,-1,-1,-1
217,65,563.783,455.141,28.005,63.950,0.639003,-1,-1,-1
217,50,508.962,444.382,46.862,115.009,0.880533,-1,-1,-1
217,42,1112.014,426.356,94.272,230.796,0.698318,-1,-1,-1
217,86,1830.568,461.539,79.289,178.726,0.283513,-1,-1,-1
217,64,437.226,463.246,46.468,98.812,0.715570,-1,-1,-1
217,56,472.112,452.456,43.799,102.520,0.745587,-1,-1,-1
217,14,1197.969,447.701,45.412,104.520,0.858633,-1,-1,-1
217,88,982.218,447.970,41.789,105.497,0.254707,-1,-1,-1
217,89,661.723,475.600,33.072,65.749,0.593845,-1,-1,-1
217,78,673.834,486.408,59.951,118.689,0.692491,-1,-1,-1
217,91,851.612,468.365,35.293,81.688,0.669086,-1,-1,-1
217,57,1032.752,437.293,53.136,130.569,0.803066,-1,-1,-1
218,7,1513.496,441.315,28.307,61.707,0.299434,-1,-1,-1
218,11,874.539,425.566,154.397,400.566,0.956277,-1,-1,-1
218,13,670.214,404.835,220.985,588.954,0.935881,-1,-1,-1
218,20,1100.019,426.852,126.604,329.539,0.783253,-1,-1,-1
218,32,1036.114,439.834,150.463,335.810,0.940764,-1,-1,-1
218,44,308.124,451.340,40.439,107.970,0.502782,-1,-1,-1
218,5,1687.835,433.271,91.863,150.645,0.422641,-1,-1,-1
218,72,596.462,458.587,73.114,166.708,0.885971,-1,-1,-1
218,65,570.251,456.316,27.433,62.436,0.637368,-1,-1,-1
218,50,508.533,444.460,46.931,115.274,0.866168,-1,-1,-1
218,42,1108.388,425.703,107.226,266.365,0.647966,-1,-1,-1
218,86,1831.368,468.479,76.810,171.811,0.342623,-1,-1,-1
218,64,433.031,464.956,46.790,96.873,0.628411,-1,-1,-1
218,56,470.471,451.184,44.855,105.056,0.734879,-1,-1,-1
218,14,1201.517,450.053,43.533,100.709,0.854670,-1,-1,-1
218,88,991.216,446.958,32.550,80.427,0.635335,-1,-1,-1
218,89,662.461,475.515,33.782,66.534,0.589289,-1,-1,-1
218,78,675.850,486.564,57.016,112.688,0.699258,-1,-1,-1
218,91,851.540,469.029,34.979,80.192,0.558810,-1,-1,-1
218,57,1035.864,437.311,54.611,132.249,0.817452,-1,-1,-1
219,7,1513.653,440.648,28.367,62.006,0.311964,-1,-1,-1
219,11,876.268,423.827,154.315,405.246,0.958311,-1,-1,-1
219,13,677.515,400.568,221.254,590.947,0.932590,-1,-1,-1
219,20,1104.653,426.694,125.128,324.927,0.699128,-1,-1,-1
219,32,1040.905,440.804,150.765,334.390,0.954973,-1,-1,-1
219,44,308.685,452.063,40.056,107.672,0.488636,-1,-1,-1
219,5,1687.497,433.842,91.104,148.518,0.473341,-1,-1,-1
219,72,596.109,458.970,73.651,166.681,0.886027,-1,-1,-1
219,65,571.363,456.673,27.710,63.115,0.688436,-1,-1,-1
219,50,507.992,445.355,46.172,113.466,0.875656,-1,-1,-1
219,42,1106.213,427.409,105.952,268.037,0.263940,-1,-1,-1
219,86,1831.384,469.505,77.140,171.655,0.328821,-1,-1,-1
219,64,430.703,464.422,43.721,87.027,0.456172,-1,-1,-1
219,56,469.655,450.501,43.913,102.534,0.654889,-1,-1,-1
219,14,1202.720,449.070,43.849,102.120,0.848996,-1,-1,-1
219,88,995.703,446.845,27.736,67.536,0.617530,-1,-1,-1
219,89,663.965,473.285,35.000,68.528,0.576250,-1,-1,-1
219,78,674.935,485.838,58.856,117.287,0.646887,-1,-1,-1
219,91,851.114,470.768,34.833,79.207,0.414342,-1,-1,-1
219,57,1035.485,437.478,58.059,140.622,0.821508,-1,-1,-1
220,7,1513.794,441.312,28.265,61.903,0.285845,-1,-1,-1
220,11,879.072,423.343,154.199,409.619,0.956145,-1,-1,-1
220,13,680.039,398.187,223.963,594.294,0.950257,-1,-1,-1
220,32,1044.471,440.617,151.618,335.946,0.952994,-1,-1,-1
220,44,308.928,451.892,39.686,107.342,0.553571,-1,-1,-1
220,5,1684.968,430.183,102.918,170.258,0.585866,-1,-1,-1
220,72,595.546,459.901,72.506,164.604,0.876474,-1,-1,-1
220,65,572.233,456.394,27.794,63.281,0.670789,-1,-1,-1
220,50,507.912,444.282,46.933,115.505,0.875686,-1,-1,-1
220,42,1102.266,430.614,114.435,294.604,0.604911,-1,-1,-1
220,86,1831.374,468.090,78.807,174.458,0.404595,-1,-1,-1
220,64,430.427,463.228,47.217,94.724,0.639944,-1,-1,-1
220,56,468.755,450.933,44.242,103.338,0.767457,-1,-1,-1
220,14,1204.665,449.886,43.486,101.720,0.849479,-1,-1,-1
220,88,997.033,447.733,27.200,65.777,0.611124,-1,-1,-1
220,89,664.777,471.418,36.174,70.619,0.618729,-1,-1,-1
220,78,675.195,485.879,56.798,113.201,0.589051,-1,-1,-1
220,91,851.533,467.154,35.356,80.208,0.314441,-1,-1,-1
220,57,1036.560,438.214,59.271,143.732,0.830134,-1,-1,-1
221,7,1513.369,441.393,28.638,62.796,0.328479,-1,-1,-1
221,11,883.461,423.338,152.499,409.315,0.953011,-1,-1,-1
221,13,686.276,400.329,226.563,594.541,0.949433,-1,-1,-1
221,32,1047.313,440.291,150.859,336.371,0.946309,-1,-1,-1
221,44,309.241,451.174,37.448,101.730,0.498083,-1,-1,-1
221,5,1685.878,430.342,98.252,161.451,0.459393,-1,-1,-1
221,72,597.346,460.301,70.740,159.327,0.861329,-1,-1,-1
221,65,571.790,456.145,27.774,63.220,0.655722,-1,-1,-1
221,50,508.090,446.183,46.031,113.674,0.873511,-1,-1,-1
221,86,1842.002,485.503,71.504,158.122,0.265261,-1,-1,-1
221,64,432.181,462.708,48.987,99.105,0.631092,-1,-1,-1
221,56,469.635,452.893,43.694,102.243,0.716747,-1,-1,-1
221,14,1206.254,448.857,44.166,102.831,0.880513,-1,-1,-1
221,88,996.270,448.700,28.187,67.651,0.575342,-1,-1,-1
221,89,666.386,474.429,35.061,67.895,0.505940,-1,-1,-1
221,78,672.704,486.609,62.436,125.856,0.621564,-1,-1,-1
221,91,851.220,470.157,35.672,80.234,0.238110,-1,-1,-1
221,57,1036.745,439.565,59.049,143.886,0.830278,-1,-1,-1
221,92,590.478,455.988,31.551,84.102,0.634416,-1,-1,-1
221,20,1118.091,427.767,120.623,315.633,0.862133,-1,-1,-1
222,7,1512.021,442.075,29.108,63.776,0.306421,-1,-1,-1
222,11,886.086,423.840,150.282,406.426,0.949061,-1,-1,-1
222,13,691.327,403.674,227.172,588.896,0.938444,-1,-1,-1
222,32,1052.796,438.134,150.524,337.979,0.938114,-1,-1,-1
222,44,308.498,451.493,37.680,103.327,0.562739,-1,-1,-1
222,5,1694.390,429.860,92.468,153.963,0.209958,-1,-1,-1
222,72,597.227,460.308,71.958,162.346,0.890778,-1,-1,-1
222,65,572.674,456.600,27.487,62.688,0.633986,-1,-1,-1
222,50,508.543,447.322,45.397,112.632,0.882662,-1,-1,-1
222,86,1838.878,469.611,79.062,175.705,0.307598,-1,-1,-1
222,64,431.160,461.600,48.445,98.602,0.619977,-1,-1,-1
222,56,469.149,452.723,43.743,102.636,0.732581,-1,-1,-1
222,14,1208.791,445.594,45.704,105.404,0.837478,-1,-1,-1
222,88,995.689,448.064,29.370,70.209,0.487552,-1,-1,-1
222,89,664.961,475.760,33.611,64.705,0.504114,-1,-1,-1
222,78,673.861,488.485,57.935,116.476,0.695529,-1,-1,-1
222,91,854.580,469.156,34.153,76.457,0.248731,-1,-1,-1
222,57,1036.185,439.690,59.767,146.305,0.815338,-1,-1,-1
222,92,583.839,456.481,28.316,75.374,0.616280,-1,-1,-1
222,20,1125.053,426.667,120.036,316.344,0.863041,-1,-1,-1
223,7,1510.652,439.360,29.827,65.662,0.297638,-1,-1,-1
223,11,889.476,426.250,149.695,407.452,0.953344,-1,-1,-1
223,13,700.706,399.951,233.526,593.440,0.957483,-1,-1,-1
223,32,1063.500,439.121,146.797,336.296,0.920875,-1,-1,-1
223,44,309.668,452.099,35.752,97.356,0.345630,-1,-1,-1
223,5,1697.108,433.690,90.761,152.970,0.386445,-1,-1,-1
223,72,599.661,461.466,72.518,163.281,0.899353,-1,-1,-1
223,65,572.920,455.131,28.330,64.811,0.744551,-1,-1,-1
223,50,507.924,445.516,46.158,114.881,0.889320,-1,-1,-1
223,86,1833.536,467.812,78.901,174.457,0.198931,-1,-1,-1
223,64,428.351,464.144,51.688,103.949,0.664396,-1,-1,-1
223,56,467.279,449.724,46.009,107.818,0.787102,-1,-1,-1
223,14,1211.198,446.146,45.689,104.048,0.858383,-1,-1,-1
223,88,993.882,448.522,33.021,79.613,0.420281,-1,-1,-1
223,89,673.323,482.720,43.241,82.509,0.607282,-1,-1,-1
223,78,670.352,487.257,63.475,128.259,0.720599,-1,-1,-1
223,91,858.612,466.774,31.812,70.634,0.162947,-1,-1,-1
223,57,1037.355,440.606,59.206,145.403,0.835253,-1,-1,-1
223,92,581.693,453.524,25.847,68.638,0.622021,-1,-1,-1
223,20,1128.897,423.049,113.144,304.497,0.718371,-1,-1,-1
224,7,1510.564,441.670,29.052,63.807,0.311963,-1,-1,-1
224,11,892.984,426.515,150.209,410.629,0.956455,-1,-1,-1
224,13,709.423,398.229,241.291,596.513,0.958088,-1,-1,-1
224,44,310.285,452.446,35.378,96.434,0.307523,-1,-1,-1
224,5,1697.819,433.329,90.711,153.852,0.475311,-1,-1,-1
224,72,599.461,459.934,75.301,169.721,0.897360,-1,-1,-1
224,65,572.213,454.473,28.378,64.797,0.728694,-1,-1,-1
224,50,507.980,443.664,46.957,116.715,0.894705,-1,-1,-1
224,86,1830.928,465.947,80.582,177.533,0.234465,-1,-1,-1
224,64,427.272,464.273,53.142,106.576,0.798912,-1,-1,-1
224,56,466.440,449.639,46.141,108.452,0.735351,-1,-1,-1
224,14,1215.156,444.028,46.057,105.711,0.793877,-1,-1,-1
224,88,987.609,450.000,40.926,99.796,0.409127,-1,-1,-1
224,89,691.381,472.849,43.874,85.348,0.704991,-1,-1,-1
224,78,671.123,484.217,59.224,119.896,0.719369,-1,-1,-1
224,91,858.406,471.158,35.392,77.840,0.139049,-1,-1,-1
224,57,1038.563,443.260,57.737,142.686,0.832407,-1,-1,-1
224,92,580.612,452.722,25.005,66.046,0.580396,-1,-1,-1
224,20,1129.140,428.960,115.622,318.183,0.752193,-1,-1,-1
224,97,737.340,454.264,38.325,94.254,0.602243,-1,-1,-1
225,7,1510.381,439.903,29.212,64.139,0.322757,-1,-1,-1
225,11,896.534,426.432,150.639,414.398,0.957384,-1,-1,-1
225,13,718.189,397.340,249.305,600.132,0.960393,-1,-1,-1
225,44,308.674,452.150,39.144,106.238,0.325837,-1,-1,-1
225,5,1703.212,433.512,86.504,148.287,0.122581,-1,-1,-1
225,72,598.970,459.027,77.088,174.646,0.907881,-1,-1,-1
225,65,570.992,454.554,28.409,64.749,0.716901,-1,-1,-1
225,50,507.859,443.950,46.786,115.794,0.900952,-1,-1,-1
225,86,1830.666,469.070,79.496,173.863,0.400843,-1,-1,-1
225,64,424.272,463.492,55.280,109.923,0.788409,-1,-1,-1
225,56,463.785,449.478,46.021,108.140,0.789452,-1,-1,-1
225,14,1218.884,443.773,45.112,104.812,0.829844,-1,-1,-1
225,88,983.717,448.977,43.810,108.539,0.300232,-1,-1,-1
225,89,695.691,471.531,40.673,78.838,0.416948,-1,-1,-1
225,78,674.232,485.345,56.340,113.109,0.657091,-1,-1,-1
225,91,856.717,472.890,39.164,85.325,0.136948,-1,-1,-1
225,57,1040.789,442.226,57.907,144.208,0.827664,-1,-1,-1
225,92,579.055,456.100,24.561,64.096,0.653553,-1,-1,-1
225,20,1136.452,434.452,111.945,312.015,0.833476,-1,-1,-1
225,97,728.100,465.726,58.890,144.939,0.661325,-1,-1,-1
225,34,1098.635,438.757,40.181,104.736,0.683027,-1,-1,-1
225,32,1080.175,438.663,144.004,338.145,0.944007,-1,-1,-1
226,7,1511.840,439.921,29.733,65.261,0.294863,-1,-1,-1
226,11,898.299,427.587,151.297,417.099,0.958782,-1,-1,-1
226,13,721.033,395.349,256.292,601.703,0.959828,-1,-1,-1
226,44,308.376,451.825,39.342,107.491,0.564552,-1,-1,-1
226,5,1708.046,435.283,83.298,145.481,0.101774,-1,-1,-1
226,72,597.871,454.212,78.924,180.424,0.910256,-1,-1,-1
226,65,572.610,454.706,28.923,65.877,0.702501,-1,-1,-1
226,50,507.769,442.438,47.450,117.101,0.897122,-1,-1,-1
226,86,1842.119,489.394,70.604,153.100,0.179733,-1,-1,-1
226,64,421.959,461.279,55.612,111.080,0.754167,-1,-1,-1
226,56,462.282,448.824,46.608,110.160,0.789339,-1,-1,-1
226,14,1220.245,443.516,43.541,102.209,0.759149,-1,-1,-1
226,88,986.351,445.308,45.496,111.375,0.166161,-1,-1,-1
226,89,695.547,469.762,40.501,78.216,0.373938,-1,-1,-1
226,78,669.861,480.168,68.170,138.704,0.632240,-1,-1,-1
226,91,861.512,473.911,37.882,81.410,0.141506,-1,-1,-1
226,57,1042.408,442.121,56.503,142.334,0.799214,-1,-1,-1
226,92,579.545,456.847,26.331,68.153,0.680240,-1,-1,-1
226,20,1142.159,432.577,109.514,309.219,0.884957,-1,-1,-1
226,97,722.043,467.980,67.792,167.314,0.656260,-1,-1,-1
226,34,1096.225,436.465,38.523,101.271,0.695950,-1,-1,-1
226,32,1087.174,440.193,140.665,339.549,0.944352,-1,-1,-1
227,7,1513.725,439.859,28.584,62.911,0.284121,-1,-1,-1
227,11,899.653,429.937,150.285,413.769,0.957011,-1,-1,-1
227,13,723.677,402.075,259.581,594.121,0.948209,-1,-1,-1
227,44,309.364,451.155,38.217,105.138,0.465256,-1,-1,-1
227,5,1706.910,430.427,85.094,150.154,0.114326,-1,-1,-1
227,72,597.348,446.211,80.789,187.247,0.907271,-1,-1,-1
227,65,573.048,453.461,29.756,67.767,0.691992,-1,-1,-1
227,50,506.642,441.941,47.784,117.800,0.884886,-1,-1,-1
227,86,1848.403,497.845,66.318,143.502,0.187944,-1,-1,-1
227,64,420.271,461.049,54.311,108.642,0.618703,-1,-1,-1
227,56,462.029,448.537,46.312,109.945,0.765623,-1,-1,-1
227,14,1220.189,443.912,43.916,104.401,0.764589,-1,-1,-1
227,88,990.146,446.061,39.594,96.864,0.410944,-1,-1,-1
227,78,670.039,477.587,68.173,139.551,0.569070,-1,-1,-1
227,91,862.501,468.994,40.782,87.574,0.150035,-1,-1,-1
227,57,1043.838,441.046,55.201,140.463,0.766258,-1,-1,-1
227,92,580.473,456.019,26.761,68.650,0.658198,-1,-1,-1
227,20,1147.759,430.705,107.638,308.721,0.878609,-1,-1,-1
227,97,719.762,468.036,68.588,169.360,0.554012,-1,-1,-1
227,34,1094.869,437.144,39.355,104.925,0.643815,-1,-1,-1
227,32,1095.398,442.671,136.898,338.414,0.933706,-1,-1,-1
228,7,1512.979,440.399,28.135,62.073,0.282117,-1,-1,-1
228,11,901.120,428.953,151.825,416.137,0.944094,-1,-1,-1
228,13,729.263,402.744,267.454,594.811,0.966679,-1,-1,-1
228,44,310.508,452.295,37.107,102.364,0.553977,-1,-1,-1
228,5,1695.881,425.371,89.953,156.282,0.286805,-1,-1,-1
228,72,598.556,446.160,78.915,185.040,0.909813,-1,-1,-1
228,65,574.346,453.614,29.632,67.731,0.683776,-1,-1,-1
228,50,506.419,441.945,47.937,117.750,0.887007,-1,-1,-1
228,86,1847.271,495.760,69.061,150.703,0.155027,-1,-1,-1
228,64,421.245,463.598,53.398,106.618,0.656768,-1,-1,-1
228,56,462.163,448.156,46.137,110.219,0.796251,-1,-1,-1
228,14,1218.757,444.511,45.406,108.468,0.752586,-1,-1,-1
228,88,989.178,449.969,42.683,105.093,0.355387,-1,-1,-1
228,78,670.496,479.378,66.091,136.177,0.715343,-1,-1,-1
228,91,861.063,454.745,47.382,103.444,0.100378,-1,-1,-1
228,57,1045.243,440.070,55.361,141.584,0.755517,-1,-1,-1
228,92,582.034,455.245,26.815,68.098,0.703195,-1,-1,-1
228,20,1151.537,419.652,111.935,327.094,0.847781,-1,-1,-1
228,97,719.735,470.408,65.828,162.526,0.662842,-1,-1,-1
228,34,1096.099,435.092,40.380,108.741,0.740537,-1,-1,-1
228,32,1099.682,441.461,137.292,346.417,0.932141,-1,-1,-1
229,7,1513.769,440.834,27.474,60.803,0.315199,-1,-1,-1
229,11,903.912,430.552,151.916,413.628,0.944742,-1,-1,-1
229,13,733.838,411.251,271.236,586.257,0.954420,-1,-1,-1
229,44,311.241,453.305,36.372,100.526,0.449291,-1,-1,-1
229,5,1682.865,425.251,92.997,156.993,0.361639,-1,-1,-1
229,72,599.079,442.410,79.555,189.066,0.899789,-1,-1,-1
229,65,574.446,454.303,29.133,66.547,0.661371,-1,-1,-1
229,50,506.476,442.445,47.933,117.677,0.881797,-1,-1,-1
229,86,1850.289,505.171,62.760,136.595,0.196461,-1,-1,-1
229,64,420.966,461.438,55.263,109.147,0.836444,-1,-1,-1
229,56,463.632,447.574,45.868,110.425,0.808361,-1,-1,-1
229,14,1192.412,440.043,64.554,151.983,0.671194,-1,-1,-1
229,88,992.513,450.709,38.251,94.967,0.320241,-1,-1,-1
229,78,673.097,480.713,63.540,131.473,0.704163,-1,-1,-1
229,91,862.059,447.252,53.355,118.202,0.102400,-1,-1,-1
229,57,1048.629,438.018,57.979,148.677,0.673578,-1,-1,-1
229,92,582.956,456.614,26.126,65.934,0.643488,-1,-1,-1
229,20,1157.700,420.883,106.602,313.987,0.845266,-1,-1,-1
229,97,718.195,470.165,65.506,161.914,0.657368,-1,-1,-1
229,34,1096.806,437.241,38.837,105.476,0.736492,-1,-1,-1
229,32,1106.740,440.329,136.130,348.022,0.933312,-1,-1,-1
230,7,1513.200,440.523,27.924,61.994,0.286445,-1,-1,-1
230,11,904.318,428.958,153.838,415.535,0.951386,-1,-1,-1
230,13,733.194,408.441,278.679,589.022,0.939119,-1,-1,-1
230,44,311.919,451.745,37.207,103.013,0.514151,-1,-1,-1
230,5,1684.112,425.852,93.108,154.880,0.390254,-1,-1,-1
230,72,601.728,442.079,79.140,189.711,0.903983,-1,-1,-1
230,65,574.273,454.856,28.844,65.686,0.687846,-1,-1,-1
230,50,507.316,445.252,46.676,114.340,0.888835,-1,-1,-1
230,86,1850.957,508.734,61.244,133.699,0.264294,-1,-1,-1
230,64,421.849,463.073,54.771,107.398,0.807484,-1,-1,-1
230,56,464.276,448.308,44.934,109.069,0.804945,-1,-1,-1
230,14,1190.430,424.763,64.107,151.284,0.331604,-1,-1,-1
230,88,995.793,451.742,34.582,84.719,0.406945,-1,-1,-1
230,78,671.894,477.853,64.597,134.568,0.680991,-1,-1,-1
230,57,1051.940,439.527,57.239,146.704,0.810291,-1,-1,-1
230,92,583.964,457.703,25.563,63.671,0.674925,-1,-1,-1
230,20,1176.173,428.918,90.521,265.858,0.871172,-1,-1,-1
230,97,716.551,464.234,67.603,167.078,0.640768,-1,-1,-1
230,34,1097.112,440.443,36.678,99.091,0.762399,-1,-1,-1
230,32,1112.928,441.750,135.448,349.723,0.942850,-1,-1,-1
230,100,721.837,426.092,143.638,356.756,0.750059,-1,-1,-1
231,7,1512.771,439.182,29.569,65.862,0.343936,-1,-1,-1
231,11,905.617,429.611,154.832,415.776,0.944287,-1,-1,-1
231,13,736.690,406.631,283.925,591.332,0.930670,-1,-1,-1
231,44,313.282,451.551,35.594,98.639,0.385481,-1,-1,-1
231,5,1682.679,425.431,95.782,157.063,0.379164,-1,-1,-1
231,72,602.690,443.213,77.878,187.760,0.901248,-1,-1,-1
231,65,574.057,455.264,28.357,64.449,0.697818,-1,-1,-1
231,50,507.524,445.609,46.627,114.023,0.889891,-1,-1,-1
231,86,1836.845,483.234,73.189,159.848,0.350617,-1,-1,-1
231,64,421.567,462.889,54.750,106.639,0.822174,-1,-1,-1
231,56,465.959,449.710,43.560,106.321,0.767915,-1,-1,-1
231,14,1189.724,428.596,71.284,165.724,0.880237,-1,-1,-1
231,88,997.354,454.841,34.579,84.158,0.363202,-1,-1,-1
231,78,672.629,480.159,61.593,128.481,0.746807,-1,-1,-1
231,57,1052.624,439.248,57.076,146.919,0.832344,-1,-1,-1
231,92,584.356,459.048,24.772,60.924,0.648752,-1,-1,-1
231,97,713.782,454.674,74.461,181.587,0.607277,-1,-1,-1
231,34,1097.509,440.475,36.746,99.909,0.747812,-1,-1,-1
231,32,1121.876,442.100,134.228,346.646,0.945604,-1,-1,-1
231,100,718.912,427.006,152.587,377.186,0.788458,-1,-1,-1
231,77,1117.844,442.809,38.664,101.501,0.686275,-1,-1,-1
232,7,1512.291,439.255,29.508,66.051,0.338796,-1,-1,-1
232,11,906.385,428.653,155.527,415.245,0.944898,-1,-1,-1
232,13,732.559,410.021,286.465,588.573,0.879332,-1,-1,-1
232,44,312.221,450.582,37.894,105.628,0.511218,-1,-1,-1
232,5,1681.101,425.726,96.911,157.017,0.510561,-1,-1,-1
232,72,605.130,446.640,75.498,183.383,0.912357,-1,-1,-1
232,65,574.140,454.510,28.746,65.062,0.704035,-1,-1,-1
232,50,507.057,445.772,46.618,113.816,0.892207,-1,-1,-1
232,86,1830.176,468.260,80.050,175.677,0.390672,-1,-1,-1
232,64,421.163,465.851,54.260,104.575,0.789506,-1,-1,-1
232,56,465.579,449.793,42.296,104.188,0.689645,-1,-1,-1
232,14,1186.304,418.989,70.802,169.442,0.278433,-1,-1,-1
232,88,998.778,453.006,34.876,84.728,0.265753,-1,-1,-1
232,78,672.323,478.896,61.022,128.179,0.797902,-1,-1,-1
232,57,1053.580,439.746,56.587,146.154,0.757481,-1,-1,-1
232,92,585.234,457.044,25.522,61.790,0.709290,-1,-1,-1
232,97,713.172,458.584,75.274,181.456,0.706991,-1,-1,-1
232,34,1097.047,440.790,36.668,100.758,0.751504,-1,-1,-1
232,32,1127.190,443.069,135.974,351.063,0.941331,-1,-1,-1
232,100,716.851,427.432,152.664,375.957,0.788803,-1,-1,-1
232,102,1106.569,441.394,37.837,103.390,0.749877,-1,-1,-1
232,77,1117.846,444.224,37.346,100.914,0.781579,-1,-1,-1
232,20,1194.112,427.554,74.735,212.363,0.857241,-1,-1,-1
233,7,1513.721,440.077,28.433,63.794,0.344814,-1,-1,-1
233,11,906.215,427.979,156.545,415.937,0.942173,-1,-1,-1
233,13,739.830,408.034,289.868,590.971,0.925665,-1,-1,-1
233,44,311.307,449.512,37.266,104.518,0.567498,-1,-1,-1
233,5,1682.468,427.120,96.328,155.339,0.496602,-1,-1,-1
233,72,608.427,452.005,73.087,178.437,0.909941,-1,-1,-1
233,65,573.519,454.263,29.101,65.332,0.724944,-1,-1,-1
233,50,506.799,445.725,46.880,114.207,0.888296,-1,-1,-1
233,86,1830.637,467.317,81.275,178.791,0.382811,-1,-1,-1
233,64,418.703,464.836,55.324,105.119,0.797217,-1,-1,-1
233,56,465.494,449.956,42.306,103.976,0.734232,-1,-1,-1
233,14,1162.261,415.927,78.446,189.440,0.619885,-1,-1,-1
233,88,1000.099,453.589,34.911,83.977,0.290764,-1,-1,-1
233,78,673.823,480.169,57.440,120.759,0.749500,-1,-1,-1
233,57,1056.175,441.114,52.860,137.446,0.682434,-1,-1,-1
233,92,584.802,457.000,26.177,62.347,0.699332,-1,-1,-1
233,97,712.673,464.333,70.854,169.856,0.749645,-1,-1,-1
233,34,1098.142,441.034,35.889,99.152,0.737433,-1,-1,-1
233,32,1135.033,444.139,139.056,353.838,0.927064,-1,-1,-1
233,100,712.023,424.421,162.937,400.044,0.840045,-1,-1,-1
233,102,1108.327,442.886,37.346,102.094,0.748293,-1,-1,-1
233,77,1119.314,445.050,36.411,99.720,0.792081,-1,-1,-1
233,103,593.387,456.162,28.522,63.686,0.666046,-1,-1,-1
233,20,1199.126,428.415,78.531,217.269,0.826951,-1,-1,-1
234,7,1513.131,440.807,28.681,64.639,0.337888,-1,-1,-1
234,11,907.796,427.788,156.704,414.967,0.941745,-1,-1,-1
234,13,746.399,406.428,291.031,591.669,0.939196,-1,-1,-1
234,44,312.003,450.120,34.772,97.578,0.594734,-1,-1,-1
234,5,1681.452,428.463,96.512,154.023,0.461659,-1,-1,-1
234,72,611.174,453.610,71.557,174.582,0.918733,-1,-1,-1
234,65,572.155,454.771,29.286,65.295,0.739330,-1,-1,-1
234,50,506.095,444.944,47.180,114.979,0.887837,-1,-1,-1
234,86,1832.127,474.816,78.435,171.115,0.424405,-1,-1,-1
234,64,416.436,463.716,56.256,106.557,0.801290,-1,-1,-1
234,56,464.735,449.774,43.130,105.514,0.724971,-1,-1,-1
234,14,1156.534,417.937,81.024,194.908,0.711153,-1,-1,-1
234,88,1001.743,453.456,35.121,83.806,0.312079,-1,-1,-1
234,78,674.681,479.017,56.834,119.716,0.708804,-1,-1,-1
234,57,1058.712,441.027,51.576,134.443,0.687360,-1,-1,-1
234,92,584.339,457.355,26.617,62.398,0.682425,-1,-1,-1
234,97,713.633,464.100,73.419,173.460,0.766921,-1,-1,-1
234,34,1098.643,439.977,36.725,101.281,0.727635,-1,-1,-1
234,32,1135.391,443.752,141.963,358.012,0.931257,-1,-1,-1
234,100,709.514,423.071,171.358,421.175,0.854873,-1,-1,-1
234,102,1109.577,441.367,37.956,103.617,0.740765,-1,-1,-1
234,77,1119.830,444.536,36.491,99.624,0.750215,-1,-1,-1
234,103,593.913,457.893,27.961,62.429,0.663396,-1,-1,-1
234,20,1208.432,427.612,71.350,192.965,0.848811,-1,-1,-1
234,105,556.674,452.428,29.177,65.238,0.672990,-1,-1,-1
235,7,1513.608,439.919,28.546,64.427,0.335452,-1,-1,-1
235,11,911.597,424.103,156.712,416.080,0.941943,-1,-1,-1
235,13,751.911,404.362,292.083,594.173,0.936112,-1,-1,-1
235,44,312.055,451.196,35.380,99.648,0.640346,-1,-1,-1
235,5,1682.618,429.275,95.380,152.021,0.308596,-1,-1,-1
235,72,612.405,452.583,71.439,175.236,0.913373,-1,-1,-1
235,65,570.931,455.673,28.892,63.853,0.731277,-1,-1,-1
235,50,506.574,446.581,46.403,113.260,0.888221,-1,-1,-1
235,86,1835.955,482.009,75.840,163.581,0.431590,-1,-1,-1
235,64,415.548,463.631,55.819,105.264,0.805001,-1,-1,-1
235,56,462.254,449.425,44.676,108.480,0.755720,-1,-1,-1
235,14,1152.094,414.412,84.706,204.850,0.689936,-1,-1,-1
235,88,1000.770,452.437,39.987,96.047,0.184495,-1,-1,-1
235,78,674.621,480.500,57.586,120.985,0.735038,-1,-1,-1
235,57,1063.009,440.300,56.416,144.761,0.649856,-1,-1,-1
235,92,586.836,453.456,27.269,63.768,0.580724,-1,-1,-1
235,97,712.144,460.759,76.274,178.010,0.650317,-1,-1,-1
235,34,1097.458,439.898,36.509,100.720,0.633954,-1,-1,-1
235,32,1135.707,442.261,145.322,362.220,0.936549,-1,-1,-1
235,100,717.827,426.072,175.973,432.487,0.856528,-1,-1,-1
235,77,1119.349,445.486,36.568,99.455,0.789443,-1,-1,-1
235,103,594.097,456.811,27.785,62.037,0.688520,-1,-1,-1
235,20,1214.920,429.644,69.765,185.643,0.874217,-1,-1,-1
235,105,558.790,453.081,29.467,65.883,0.665223,-1,-1,-1
235,106,1198.870,436.728,101.182,310.286,0.612677,-1,-1,-1
236,7,1513.445,439.704,27.131,61.191,0.250864,-1,-1,-1
236,11,914.203,422.948,156.596,416.939,0.941731,-1,-1,-1
236,13,756.711,402.267,293.905,597.555,0.915840,-1,-1,-1
236,44,313.809,451.763,33.629,94.615,0.531823,-1,-1,-1
236,5,1683.426,427.029,97.611,155.297,0.284857,-1,-1,-1
236,72,615.849,449.251,72.825,179.742,0.905676,-1,-1,-1
236,65,572.837,455.300,28.895,63.573,0.716999,-1,-1,-1
236,50,506.269,443.767,47.406,116.176,0.881022,-1,-1,-1
236,86,1837.899,495.166,70.933,152.357,0.379160,-1,-1,-1
236,64,413.634,460.655,58.335,110.546,0.813264,-1,-1,-1
236,56,460.629,447.707,45.845,111.469,0.770019,-1,-1,-1
236,14,1156.682,414.254,82.507,201.109,0.575661,-1,-1,-1
236,88,1002.772,452.434,38.770,93.309,0.174459,-1,-1,-1
236,78,670.822,474.823,59.047,124.909,0.743392,-1,-1,-1
236,57,1063.259,441.392,57.367,146.118,0.690477,-1,-1,-1
236,92,586.567,454.049,27.396,63.409,0.682407,-1,-1,-1
236,97,714.186,455.456,67.300,155.608,0.607465,-1,-1,-1
236,34,1098.758,440.597,36.498,100.745,0.715461,-1,-1,-1
236,32,1137.529,440.254,147.506,363.690,0.944046,-1,-1,-1
236,100,727.506,431.009,175.701,432.815,0.848413,-1,-1,-1
236,77,1120.159,446.023,36.198,98.369,0.770898,-1,-1,-1
236,103,593.126,455.916,28.532,63.798,0.659429,-1,-1,-1
236,20,1213.869,427.112,75.779,199.613,0.868861,-1,-1,-1
236,105,558.083,452.122,30.278,67.823,0.657816,-1,-1,-1
236,106,1199.602,423.102,105.739,323.561,0.432982,-1,-1,-1
236,102,1111.071,441.760,37.579,102.694,0.721980,-1,-1,-1
237,7,1513.911,439.780,27.453,62.166,0.302275,-1,-1,-1
237,11,912.474,421.485,157.805,419.236,0.925423,-1,-1,-1
237,13,764.600,405.709,290.685,594.579,0.909844,-1,-1,-1
237,44,313.739,452.164,35.052,98.705,0.450436,-1,-1,-1
237,5,1684.146,425.155,98.486,156.471,0.217762,-1,-1,-1
237,72,616.819,450.529,71.518,176.021,0.900218,-1,-1,-1
237,65,572.874,454.382,29.277,64.272,0.729934,-1,-1,-1
237,50,505.907,442.613,47.780,117.204,0.875766,-1,-1,-1
237,86,1835.957,488.225,74.471,160.924,0.402900,-1,-1,-1
237,64,413.336,459.939,56.735,108.000,0.794149,-1,-1,-1
237,56,459.189,446.930,45.896,111.671,0.785709,-1,-1,-1
237,14,1159.499,415.116,83.001,202.345,0.629194,-1,-1,-1
237,88,1005.614,448.604,36.437,87.982,0.170981,-1,-1,-1
237,78,670.856,474.121,57.493,121.302,0.744695,-1,-1,-1
237,57,1065.213,440.810,58.520,149.477,0.823367,-1,-1,-1
237,92,584.126,454.958,27.440,63.014,0.694558,-1,-1,-1
237,97,717.219,458.706,58.275,132.511,0.506365,-1,-1,-1
237,34,1099.280,441.029,36.551,102.038,0.697980,-1,-1,-1
237,32,1138.823,439.462,148.890,365.992,0.937287,-1,-1,-1
237,100,725.853,432.267,178.186,436.035,0.862558,-1,-1,-1
237,77,1118.203,443.934,36.970,101.208,0.826318,-1,-1,-1
237,103,594.456,453.261,29.062,65.234,0.637578,-1,-1,-1
237,20,1219.768,425.667,73.972,191.572,0.859811,-1,-1,-1
237,105,557.268,451.358,31.026,69.678,0.663508,-1,-1,-1
237,106,1202.952,423.779,105.190,321.282,0.668804,-1,-1,-1
238,7,1515.033,439.617,26.383,59.817,0.262780,-1,-1,-1
238,11,909.691,420.451,159.519,421.823,0.927595,-1,-1,-1
238,13,762.615,409.924,288.125,589.537,0.907831,-1,-1,-1
238,44,312.564,452.779,35.357,99.928,0.542365,-1,-1,-1
238,5,1682.833,424.747,99.943,157.103,0.270397,-1,-1,-1
238,72,620.087,453.492,71.147,175.523,0.883670,-1,-1,-1
238,65,571.054,453.681,29.643,64.564,0.741254,-1,-1,-1
238,50,505.862,442.540,48.064,117.892,0.865288,-1,-1,-1
238,86,1835.119,488.396,74.610,160.974,0.329998,-1,-1,-1
238,64,415.401,459.740,55.502,107.171,0.799912,-1,-1,-1
238,56,459.334,446.707,46.251,112.352,0.795489,-1,-1,-1
238,14,1168.773,415.392,73.973,182.272,0.682259,-1,-1,-1
238,88,1005.659,443.649,37.529,91.161,0.159481,-1,-1,-1
238,78,670.859,469.418,58.065,122.318,0.758723,-1,-1,-1
238,57,1067.422,440.604,58.971,151.119,0.848787,-1,-1,-1
238,92,582.951,455.172,27.650,62.775,0.691494,-1,-1,-1
238,97,720.362,461.162,53.897,120.479,0.474807,-1,-1,-1
238,34,1099.907,442.172,35.713,100.724,0.662173,-1,-1,-1
238,32,1143.857,441.092,150.146,365.334,0.933521,-1,-1,-1
238,100,723.891,431.024,181.648,437.056,0.784622,-1,-1,-1
238,77,1118.576,444.398,36.608,100.724,0.816746,-1,-1,-1
238,103,594.472,453.326,28.155,63.260,0.642533,-1,-1,-1
238,20,1219.454,427.068,77.027,196.059,0.798685,-1,-1,-1
238,105,558.598,451.666,30.436,68.062,0.671229,-1,-1,-1
238,106,1204.708,428.396,108.442,329.952,0.700479,-1,-1,-1
239,7,1514.717,439.564,25.583,57.900,0.246641,-1,-1,-1
239,11,908.440,421.358,160.022,420.250,0.917584,-1,-1,-1
239,13,771.195,408.604,286.476,590.043,0.917437,-1,-1,-1
239,44,312.247,453.794,35.308,99.754,0.439207,-1,-1,-1
239,5,1683.318,426.163,100.897,158.246,0.277972,-1,-1,-1
239,72,623.146,452.897,72.659,178.398,0.892551,-1,-1,-1
239,65,573.209,454.733,29.235,63.509,0.720417,-1,-1,-1
239,50,505.711,442.588,48.123,117.907,0.863217,-1,-1,-1
239,86,1837.966,482.766,76.052,164.591,0.382442,-1,-1,-1
239,64,415.407,460.082,54.226,105.524,0.776641,-1,-1,-1
239,56,460.159,447.507,46.062,110.945,0.764610,-1,-1,-1
239,14,1174.336,422.419,66.622,168.282,0.208651,-1,-1,-1
239,88,1003.717,442.618,39.585,96.453,0.150455,-1,-1,-1
239,78,670.141,466.150,58.479,123.536,0.772820,-1,-1,-1
239,57,1068.292,440.400,58.092,149.573,0.768204,-1,-1,-1
239,92,582.597,456.742,27.607,62.028,0.718211,-1,-1,-1
239,97,721.996,470.701,51.850,113.535,0.651782,-1,-1,-1
239,34,1097.583,441.688,35.283,100.403,0.624872,-1,-1,-1
239,32,1143.753,438.568,151.326,370.412,0.944543,-1,-1,-1
239,100,717.606,432.034,184.908,441.446,0.887406,-1,-1,-1
239,77,1118.900,444.547,36.180,100.189,0.820486,-1,-1,-1
239,103,593.177,456.038,27.123,60.781,0.578209,-1,-1,-1
239,20,1221.726,434.160,80.290,203.550,0.225626,-1,-1,-1
239,105,558.389,452.195,29.798,66.571,0.624745,-1,-1,-1
239,106,1207.890,427.278,110.922,338.609,0.869983,-1,-1,-1
239,107,1156.921,442.588,29.448,85.990,0.661917,-1,-1,-1
240,7,1514.667,439.622,25.589,57.798,0.281913,-1,-1,-1
240,11,910.908,421.082,161.850,423.267,0.902679,-1,-1,-1
240,13,782.167,408.502,284.589,592.216,0.945667,-1,-1,-1
240,44,312.133,452.885,35.884,101.517,0.441169,-1,-1,-1
240,5,1682.611,427.344,99.076,154.449,0.355734,-1,-1,-1
240,72,624.599,453.101,73.143,178.565,0.896546,-1,-1,-1
240,65,571.693,454.386,29.778,64.367,0.723548,-1,-1,-1
240,50,505.260,441.978,48.517,118.961,0.861258,-1,-1,-1
240,86,1825.904,418.820,104.134,233.091,0.723305,-1,-1,-1
240,64,417.542,460.503,51.670,101.505,0.704162,-1,-1,-1
240,56,460.204,448.711,45.565,109.213,0.762585,-1,-1,-1
240,14,1173.505,418.951,72.253,188.462,0.140770,-1,-1,-1
240,88,1009.415,437.241,39.293,94.827,0.107012,-1,-1,-1
240,78,668.694,464.487,58.605,125.089,0.803502,-1,-1,-1
240,57,1068.633,440.163,57.740,148.427,0.807841,-1,-1,-1
240,92,580.938,457.892,27.726,61.389,0.690853,-1,-1,-1
240,97,723.755,475.766,51.599,109.994,0.764724,-1,-1,-1
240,34,1094.916,441.214,37.602,106.217,0.658484,-1,-1,-1
240,32,1149.120,436.883,150.772,374.580,0.941099,-1,-1,-1
240,100,715.100,434.424,185.693,438.914,0.901091,-1,-1,-1
240,103,594.927,455.445,27.185,60.934,0.605722,-1,-1,-1
240,20,1223.420,431.052,88.309,226.499,0.142771,-1,-1,-1
240,105,557.297,452.586,29.574,66.083,0.589422,-1,-1,-1
240,106,1213.657,427.094,107.414,327.254,0.875766,-1,-1,-1
240,107,1156.581,445.445,28.993,84.449,0.365688,-1,-1,-1
240,102,1114.859,442.347,37.358,102.466,0.761077,-1,-1,-1
241,7,1517.085,440.675,25.583,57.738,0.283007,-1,-1,-1
241,11,914.147,418.876,162.621,424.842,0.916984,-1,-1,-1
241,13,788.233,410.855,281.001,591.302,0.934852,-1,-1,-1
241,44,315.512,453.994,34.829,97.563,0.440120,-1,-1,-1
241,5,1688.424,425.411,99.836,157.995,0.246734,-1,-1,-1
241,72,625.229,454.030,72.956,176.858,0.902778,-1,-1,-1
241,65,572.540,455.681,29.146,62.790,0.674963,-1,-1,-1
241,50,505.728,442.064,48.352,118.896,0.862073,-1,-1,-1
241,86,1826.261,401.100,108.863,252.178,0.541638,-1,-1,-1
241,64,418.133,460.527,52.508,104.785,0.758829,-1,-1,-1
241,56,456.772,450.288,43.911,104.181,0.760796,-1,-1,-1
241,88,1012.622,431.023,39.601,94.731,0.104297,-1,-1,-1
241,78,672.164,472.081,55.922,119.650,0.807745,-1,-1,-1
241,57,1076.890,437.857,49.845,126.249,0.790118,-1,-1,-1
241,92,581.058,460.065,27.140,59.536,0.664572,-1,-1,-1
241,97,721.549,475.658,56.752,119.607,0.757544,-1,-1,-1
241,34,1094.854,438.527,37.840,106.693,0.677181,-1,-1,-1
241,32,1154.548,434.665,148.333,374.197,0.944221,-1,-1,-1
241,100,715.765,437.391,186.078,436.327,0.901936,-1,-1,-1
241,103,597.955,455.383,27.242,60.857,0.577066,-1,-1,-1
241,20,1231.342,422.776,86.437,225.345,0.300252,-1,-1,-1
241,105,556.651,453.943,28.867,64.523,0.562396,-1,-1,-1
241,106,1217.911,424.813,105.792,323.114,0.881026,-1,-1,-1
241,107,1154.330,442.072,29.075,84.530,0.324812,-1,-1,-1
241,102,1115.096,439.172,38.202,105.196,0.778112,-1,-1,-1
242,7,1514.777,439.252,26.963,60.950,0.301272,-1,-1,-1
242,11,914.750,417.925,163.551,427.501,0.912851,-1,-1,-1
242,13,794.992,408.559,278.339,593.742,0.915347,-1,-1,-1
242,44,311.367,450.704,38.176,107.397,0.673342,-1,-1,-1
242,5,1684.128,428.369,97.352,155.019,0.240038,-1,-1,-1
242,72,625.573,456.264,72.998,175.229,0.906402,-1,-1,-1
242,65,572.516,457.026,28.835,61.562,0.714495,-1,-1,-1
242,50,505.480,444.274,47.402,116.848,0.868765,-1,-1,-1
242,86,1829.846,430.280,95.404,221.410,0.461784,-1,-1,-1
242,64,416.473,461.281,51.958,104.652,0.760069,-1,-1,-1
242,56,458.354,450.968,45.504,106.140,0.785749,-1,-1,-1
242,78,672.963,475.354,54.644,117.464,0.743664,-1,-1,-1
242,57,1074.410,441.077,53.205,135.202,0.819680,-1,-1,-1
242,92,581.353,460.816,27.437,59.526,0.699479,-1,-1,-1
242,97,720.828,478.317,59.332,123.909,0.594133,-1,-1,-1
242,34,1097.650,439.501,38.223,108.713,0.532395,-1,-1,-1
242,32,1163.347,431.499,147.058,376.847,0.938648,-1,-1,-1
242,100,732.703,433.505,188.884,443.878,0.890920,-1,-1,-1
242,103,597.547,456.431,26.715,59.603,0.594980,-1,-1,-1
242,20,1239.160,418.560,82.115,217.963,0.221556,-1,-1,-1
242,105,557.190,454.539,28.587,63.885,0.602659,-1,-1,-1
242,106,1221.500,427.312,105.990,325.778,0.821121,-1,-1,-1
242,107,1155.686,444.520,29.213,84.290,0.218481,-1,-1,-1
242,102,1115.779,440.727,37.579,103.742,0.794190,-1,-1,-1
243,7,1514.214,437.914,26.751,60.409,0.276936,-1,-1,-1
243,11,918.125,416.596,164.214,429.546,0.909670,-1,-1,-1
243,13,800.204,406.715,275.755,597.206,0.934515,-1,-1,-1
243,44,309.642,448.681,39.209,111.024,0.646373,-1,-1,-1
243,5,1683.322,426.865,99.210,157.905,0.340202,-1,-1,-1
243,72,627.397,458.492,73.217,173.974,0.911353,-1,-1,-1
243,65,572.830,457.540,28.823,60.786,0.742599,-1,-1,-1
243,50,505.930,444.573,47.218,116.527,0.864222,-1,-1,-1
243,86,1831.982,454.379,83.431,192.312,0.406269,-1,-1,-1
243,64,416.591,460.850,51.917,106.340,0.725184,-1,-1,-1
243,56,459.227,450.939,46.285,106.938,0.777389,-1,-1,-1
243,78,674.992,478.527,53.457,115.133,0.695949,-1,-1,-1
243,57,1079.746,442.178,47.532,120.278,0.806493,-1,-1,-1
243,92,580.236,461.008,28.164,60.392,0.707066,-1,-1,-1
243,97,712.487,475.265,75.054,158.718,0.781953,-1,-1,-1
243,34,1097.698,438.034,37.787,108.685,0.346572,-1,-1,-1
243,32,1171.169,430.006,145.249,378.139,0.949101,-1,-1,-1
243,100,740.915,432.241,188.381,445.338,0.902967,-1,-1,-1
243,103,596.615,456.559,26.977,59.964,0.612904,-1,-1,-1
243,20,1244.687,421.382,79.698,212.147,0.130935,-1,-1,-1
243,105,558.978,454.410,28.786,64.176,0.545112,-1,-1,-1
243,106,1227.243,428.487,105.352,325.487,0.806972,-1,-1,-1
243,107,1155.381,447.560,28.793,82.103,0.163568,-1,-1,-1
243,102,1112.485,443.059,38.608,107.836,0.228252,-1,-1,-1
243,77,1120.411,447.176,34.958,97.691,0.813225,-1,-1,-1
244,7,1514.943,437.733,26.800,60.401,0.292586,-1,-1,-1
244,11,922.688,414.098,164.763,434.123,0.893629,-1,-1,-1
244,13,809.673,405.340,271.667,598.265,0.934668,-1,-1,-1
244,44,309.629,448.167,38.417,109.592,0.587467,-1,-1,-1
244,5,1684.801,429.183,98.065,155.120,0.360956,-1,-1,-1
244,72,627.943,459.779,73.453,173.478,0.911152,-1,-1,-1
244,65,573.538,456.269,29.146,60.880,0.674687,-1,-1,-1
244,50,505.537,443.539,47.423,117.265,0.867080,-1,-1,-1
244,86,1835.364,463.255,79.791,182.783,0.399161,-1,-1,-1
244,64,411.768,460.276,52.758,108.917,0.753148,-1,-1,-1
244,56,458.533,452.367,47.044,107.040,0.787310,-1,-1,-1
244,78,674.681,481.045,52.127,112.881,0.717658,-1,-1,-1
244,57,1083.055,442.241,44.826,112.896,0.781345,-1,-1,-1
244,92,580.396,460.719,28.256,59.744,0.667577,-1,-1,-1
244,97,717.853,474.665,65.125,137.542,0.771291,-1,-1,-1
244,34,1082.578,442.956,45.769,130.627,0.604543,-1,-1,-1
244,32,1178.922,430.737,142.259,377.867,0.940208,-1,-1,-1
244,100,735.299,431.920,186.749,441.809,0.918134,-1,-1,-1
244,103,595.617,455.744,27.373,60.358,0.600908,-1,-1,-1
244,20,1250.645,417.651,79.139,213.512,0.313324,-1,-1,-1
244,105,556.528,453.901,28.505,63.444,0.544275,-1,-1,-1
244,106,1232.025,427.026,103.646,322.759,0.799324,-1,-1,-1
244,107,1157.422,447.978,28.296,80.107,0.243005,-1,-1,-1
244,102,1111.084,444.553,38.709,109.131,0.179533,-1,-1,-1
244,77,1120.184,447.292,34.943,98.010,0.791235,-1,-1,-1
245,7,1515.030,437.039,27.239,61.411,0.309031,-1,-1,-1
245,11,925.691,403.386,167.932,445.313,0.811577,-1,-1,-1
245,13,822.177,401.912,270.042,604.373,0.913435,-1,-1,-1
245,44,310.044,447.963,37.169,106.730,0.593102,-1,-1,-1
245,5,1682.707,427.282,100.517,157.813,0.427641,-1,-1,-1
245,72,628.628,460.009,73.649,172.687,0.900178,-1,-1,-1
245,65,572.907,454.261,29.803,61.918,0.659635,-1,-1,-1
245,50,505.691,444.251,47.021,116.288,0.852603,-1,-1,-1
245,86,1833.625,459.781,80.507,185.040,0.411036,-1,-1,-1
245,64,411.727,459.468,54.155,111.860,0.729407,-1,-1,-1
245,56,460.249,450.653,47.149,106.591,0.749272,-1,-1,-1
245,78,676.567,482.827,51.741,112.365,0.699489,-1,-1,-1
245,57,1081.692,442.350,45.250,112.855,0.770605,-1,-1,-1
245,92,582.292,459.108,28.604,59.986,0.627891,-1,-1,-1
245,97,726.292,478.987,51.710,109.351,0.617638,-1,-1,-1
245,34,1075.499,449.431,47.359,133.815,0.383602,-1,-1,-1
245,32,1187.799,430.740,141.144,378.236,0.937169,-1,-1,-1
245,100,735.326,431.469,187.281,442.883,0.923224,-1,-1,-1
245,103,594.342,454.204,28.041,61.465,0.618487,-1,-1,-1
245,20,1253.109,410.123,81.256,222.296,0.139877,-1,-1,-1
245,105,553.665,452.102,29.065,64.530,0.534735,-1,-1,-1
245,106,1232.850,423.848,104.305,327.218,0.755907,-1,-1,-1
245,107,1157.478,448.358,28.443,79.975,0.220981,-1,-1,-1
245,102,1109.563,447.639,38.399,109.123,0.200856,-1,-1,-1
245,77,1121.242,449.056,34.179,96.281,0.777940,-1,-1,-1
245,89,757.508,446.404,35.447,70.844,0.604464,-1,-1,-1
246,7,1514.978,437.764,27.076,60.976,0.329955,-1,-1,-1
246,11,934.593,409.682,163.144,434.017,0.824796,-1,-1,-1
246,13,831.155,403.939,268.242,610.417,0.939103,-1,-1,-1
246,44,309.511,447.616,37.451,108.022,0.610314,-1,-1,-1
246,5,1680.173,427.815,100.455,156.203,0.371263,-1,-1,-1
246,72,629.889,460.598,74.633,172.675,0.893992,-1,-1,-1
246,65,573.879,453.029,30.417,63.073,0.631713,-1,-1,-1
246,50,505.649,442.860,47.646,117.941,0.861889,-1,-1,-1
246,86,1833.740,463.181,80.515,184.185,0.507040,-1,-1,-1
246,64,411.995,457.934,55.279,114.278,0.793703,-1,-1,-1
246,56,460.572,449.464,49.075,111.338,0.761720,-1,-1,-1
246,78,679.179,481.876,51.814,113.329,0.649029,-1,-1,-1
246,57,1081.648,442.476,45.453,112.203,0.785776,-1,-1,-1
246,92,583.493,457.822,29.059,60.829,0.602840,-1,-1,-1
246,97,725.690,478.969,53.869,115.006,0.557664,-1,-1,-1
246,34,1073.071,449.777,50.194,140.012,0.687189,-1,-1,-1
246,32,1194.905,432.750,138.332,375.425,0.936479,-1,-1,-1
246,100,738.688,431.206,187.292,443.572,0.926354,-1,-1,-1
246,103,594.025,453.084,28.724,62.838,0.610597,-1,-1,-1
246,20,1257.995,419.843,84.991,234.947,0.820542,-1,-1,-1
246,105,555.209,451.374,29.221,64.876,0.408683,-1,-1,-1
246,107,1156.091,447.737,30.399,84.910,0.161457,-1,-1,-1
246,102,1105.917,446.339,39.775,113.997,0.166438,-1,-1,-1
246,77,1120.665,449.964,33.776,95.083,0.760714,-1,-1,-1
246,89,758.554,446.561,33.237,67.315,0.462340,-1,-1,-1
247,7,1516.149,438.774,27.388,61.633,0.328396,-1,-1,-1
247,11,941.951,419.497,158.236,420.320,0.737645,-1,-1,-1
247,13,838.948,406.460,267.187,619.616,0.909935,-1,-1,-1
247,44,310.795,452.496,34.495,99.118,0.577911,-1,-1,-1
247,5,1678.129,426.923,105.354,163.558,0.451112,-1,-1,-1
247,72,631.773,454.583,79.793,181.532,0.902366,-1,-1,-1
247,65,574.253,452.839,30.420,63.035,0.628157,-1,-1,-1
247,50,504.714,445.511,46.408,113.789,0.873472,-1,-1,-1
247,86,1832.624,455.075,84.017,192.326,0.458195,-1,-1,-1
247,64,410.921,457.403,56.035,114.840,0.813928,-1,-1,-1
247,56,459.265,449.510,48.716,110.783,0.806062,-1,-1,-1
247,78,678.749,467.485,57.181,127.741,0.634353,-1,-1,-1
247,57,1080.178,441.535,46.754,114.957,0.786957,-1,-1,-1
247,92,584.121,455.688,29.803,62.482,0.577756,-1,-1,-1
247,97,723.882,475.171,54.596,116.800,0.632232,-1,-1,-1
247,34,1070.437,448.794,52.678,145.199,0.544952,-1,-1,-1
247,32,1201.869,435.580,135.819,369.427,0.944691,-1,-1,-1
247,100,736.504,431.522,188.527,445.392,0.933533,-1,-1,-1
247,103,594.379,450.651,29.641,64.884,0.581324,-1,-1,-1
247,20,1257.623,420.698,93.582,263.218,0.721251,-1,-1,-1
247,105,553.793,451.324,28.896,63.954,0.504201,-1,-1,-1
247,107,1156.098,444.840,31.354,87.320,0.262172,-1,-1,-1
247,102,1108.413,444.828,39.371,114.055,0.221356,-1,-1,-1
247,77,1120.283,449.356,34.068,95.955,0.743674,-1,-1,-1
247,89,761.374,444.980,32.511,66.928,0.587817,-1,-1,-1
248,7,1516.240,438.559,26.781,59.945,0.332320,-1,-1,-1
248,11,948.420,419.227,157.737,417.050,0.639846,-1,-1,-1
248,13,847.964,408.479,265.736,625.056,0.937079,-1,-1,-1
248,44,312.389,454.235,30.975,88.207,0.519421,-1,-1,-1
248,5,1672.909,426.996,120.421,190.868,0.457103,-1,-1,-1
248,72,631.919,451.216,82.190,186.127,0.899157,-1,-1,-1
248,65,573.851,452.117,30.873,63.958,0.652216,-1,-1,-1
248,50,504.407,447.234,46.030,111.802,0.872681,-1,-1,-1
248,86,1831.752,462.835,82.562,186.600,0.421546,-1,-1,-1
248,64,408.821,458.035,56.645,115.622,0.836224,-1,-1,-1
248,56,459.401,450.275,47.730,108.502,0.799389,-1,-1,-1
248,78,681.025,466.587,55.997,127.734,0.704574,-1,-1,-1
248,57,1081.867,439.753,47.864,116.620,0.798398,-1,-1,-1
248,92,583.120,454.448,30.412,63.811,0.629604,-1,-1,-1
248,97,722.493,472.448,56.420,121.714,0.580521,-1,-1,-1
248,34,1071.888,448.371,53.725,146.437,0.707674,-1,-1,-1
248,32,1209.877,434.288,137.127,370.976,0.951376,-1,-1,-1
248,100,737.674,429.382,190.522,447.906,0.938172,-1,-1,-1
248,103,595.402,448.970,30.091,66.041,0.585581,-1,-1,-1
248,20,1255.989,419.640,101.326,289.853,0.702718,-1,-1,-1
248,105,551.344,449.316,29.676,65.913,0.601833,-1,-1,-1
248,107,1156.196,444.889,31.510,87.046,0.164257,-1,-1,-1
248,102,1103.318,443.528,38.361,107.562,0.645616,-1,-1,-1
248,77,1120.106,448.142,34.648,97.173,0.700669,-1,-1,-1
248,89,761.369,445.906,32.908,68.087,0.684688,-1,-1,-1
248,112,707.111,449.266,32.312,71.630,0.655120,-1,-1,-1
249,7,1515.746,437.532,27.373,61.181,0.370987,-1,-1,-1
249,11,944.875,411.132,166.028,433.901,0.539783,-1,-1,-1
249,13,859.233,408.076,265.777,630.111,0.936457,-1,-1,-1
249,44,312.507,452.006,31.414,89.443,0.533334,-1,-1,-1
249,5,1674.885,427.356,111.179,173.974,0.539004,-1,-1,-1
249,72,633.638,448.680,82.391,187.067,0.900750,-1,-1,-1
249,65,573.138,451.999,31.375,65.192,0.632765,-1,-1,-1
249,50,504.542,446.310,46.616,112.493,0.861580,-1,-1,-1
249,86,1831.384,453.066,86.421,195.513,0.472204,-1,-1,-1
249,64,408.553,460.878,55.821,113.323,0.820581,-1,-1,-1
249,56,459.371,449.765,47.675,108.522,0.780002,-1,-1,-1
249,78,683.652,470.979,54.035,124.718,0.708180,-1,-1,-1
249,57,1087.491,439.258,46.359,112.647,0.810859,-1,-1,-1
249,92,582.205,454.323,31.026,65.032,0.571258,-1,-1,-1
249,97,702.144,465.563,53.797,117.368,0.635730,-1,-1,-1
249,34,1069.893,451.660,53.019,142.595,0.598376,-1,-1,-1
249,32,1218.739,431.774,141.422,376.026,0.946586,-1,-1,-1
249,100,741.404,428.218,191.485,449.029,0.932202,-1,-1,-1
249,103,596.069,441.639,31.718,70.503,0.324752,-1,-1,-1
249,20,1265.101,425.568,104.084,300.509,0.737532,-1,-1,-1
249,105,551.701,449.891,29.522,65.664,0.544619,-1,-1,-1
249,107,1156.285,446.027,31.370,85.317,0.125103,-1,-1,-1
249,102,1104.793,442.285,38.191,105.297,0.748485,-1,-1,-1
249,77,1121.906,448.566,33.901,94.637,0.748973,-1,-1,-1
249,89,761.679,443.756,33.784,70.502,0.649254,-1,-1,-1
249,112,706.693,449.330,32.644,72.397,0.654634,-1,-1,-1
250,7,1514.742,437.644,28.361,63.193,0.328747,-1,-1,-1
250,11,951.727,419.296,162.985,423.104,0.811507,-1,-1,-1
250,13,866.221,412.197,262.021,629.706,0.928236,-1,-1,-1
250,44,312.025,449.739,33.893,96.733,0.395914,-1,-1,-1
250,5,1669.108,427.837,119.803,189.222,0.582511,-1,-1,-1
250,72,637.405,449.168,81.439,183.368,0.917731,-1,-1,-1
250,65,574.637,453.357,30.769,64.087,0.664501,-1,-1,-1
250,50,504.286,443.638,48.165,115.978,0.876828,-1,-1,-1
250,86,1831.876,464.382,82.654,184.634,0.300316,-1,-1,-1
250,64,408.096,460.471,56.394,113.998,0.847335,-1,-1,-1
250,56,459.749,448.226,47.689,108.962,0.798460,-1,-1,-1
250,78,685.779,477.457,50.515,117.954,0.700981,-1,-1,-1
250,57,1092.818,437.593,46.368,111.157,0.803281,-1,-1,-1
250,92,584.744,454.627,30.971,64.223,0.637510,-1,-1,-1
250,97,694.445,466.723,51.820,114.092,0.621416,-1,-1,-1
250,34,1075.965,442.102,56.221,150.911,0.791027,-1,-1,-1
250,32,1228.436,429.330,147.916,381.294,0.946483,-1,-1,-1
250,100,742.354,425.945,193.333,454.741,0.930207,-1,-1,-1
250,103,597.610,439.310,31.119,69.329,0.272936,-1,-1,-1
250,20,1269.658,428.117,112.875,323.466,0.746355,-1,-1,-1
250,105,553.283,450.673,29.234,64.749,0.529842,-1,-1,-1
250,107,1157.982,444.547,28.569,75.954,0.121018,-1,-1,-1
250,77,1121.210,445.843,35.254,98.530,0.682933,-1,-1,-1
250,89,764.264,442.880,37.700,78.807,0.672951,-1,-1,-1
250,112,705.521,448.054,33.092,73.463,0.536837,-1,-1,-1
251,7,1514.970,440.517,27.831,61.556,0.282607,-1,-1,-1
251,11,956.414,422.000,163.729,421.603,0.836723,-1,-1,-1
251,13,874.557,409.176,256.754,629.009,0.922328,-1,-1,-1
251,44,311.417,452.480,34.643,98.672,0.474315,-1,-1,-1
251,5,1668.901,429.091,121.943,194.543,0.676476,-1,-1,-1
251,72,641.551,449.200,80.872,182.611,0.911561,-1,-1,-1
251,65,575.557,454.848,29.981,62.598,0.683522,-1,-1,-1
251,50,504.630,444.622,47.959,115.767,0.855803,-1,-1,-1
251,86,1830.013,469.333,81.912,178.578,0.620708,-1,-1,-1
251,64,408.159,460.357,56.090,113.255,0.827932,-1,-1,-1
251,56,460.557,447.233,47.476,108.868,0.791566,-1,-1,-1
251,78,686.748,479.739,48.746,114.877,0.630929,-1,-1,-1
251,57,1093.628,436.863,50.172,119.582,0.821546,-1,-1,-1
251,92,590.847,455.868,29.889,61.697,0.641499,-1,-1,-1
251,97,713.628,482.424,48.642,104.858,0.618458,-1,-1,-1
251,34,1075.662,443.515,57.156,150.661,0.687515,-1,-1,-1
251,32,1235.219,426.686,154.142,384.520,0.955993,-1,-1,-1
251,100,743.799,425.538,193.323,456.411,0.932200,-1,-1,-1
251,103,598.928,437.424,30.503,68.152,0.277997,-1,-1,-1
251,20,1271.580,426.327,116.862,331.585,0.621881,-1,-1,-1
251,105,551.919,450.668,29.526,65.492,0.488770,-1,-1,-1
251,107,1158.951,450.069,29.931,77.929,0.104641,-1,-1,-1
251,77,1123.912,447.406,35.163,97.605,0.670129,-1,-1,-1
251,89,764.359,442.810,40.752,86.733,0.682778,-1,-1,-1
251,112,704.930,448.447,35.379,78.723,0.427634,-1,-1,-1
252,7,1513.816,439.431,28.439,62.900,0.248256,-1,-1,-1
252,11,958.418,423.769,168.446,429.550,0.675626,-1,-1,-1
252,13,887.015,403.888,253.799,631.513,0.936612,-1,-1,-1
252,44,311.037,451.610,35.795,101.369,0.320914,-1,-1,-1
252,5,1670.954,430.530,117.357,187.750,0.625589,-1,-1,-1
252,72,643.909,448.590,81.192,184.294,0.919634,-1,-1,-1
252,65,575.381,454.661,29.747,62.462,0.694981,-1,-1,-1
252,50,505.115,443.205,48.668,117.642,0.870637,-1,-1,-1
252,86,1823.021,452.953,94.365,205.980,0.793321,-1,-1,-1
252,64,408.796,460.545,54.483,109.677,0.814842,-1,-1,-1
252,56,460.725,447.083,47.784,109.832,0.776339,-1,-1,-1
252,78,687.616,468.112,51.638,124.198,0.671117,-1,-1,-1
252,57,1095.417,436.351,49.740,118.204,0.829209,-1,-1,-1
252,92,593.622,456.480,29.476,60.692,0.658642,-1,-1,-1
252,97,723.079,478.680,51.591,111.516,0.776412,-1,-1,-1
252,34,1070.629,457.146,54.100,140.863,0.687718,-1,-1,-1
252,32,1238.703,429.546,159.519,384.738,0.958507,-1,-1,-1
252,100,747.344,424.508,193.661,457.863,0.931243,-1,-1,-1
252,103,589.675,448.526,29.424,65.001,0.657456,-1,-1,-1
252,20,1279.409,425.477,108.586,301.120,0.484534,-1,-1,-1
252,105,553.055,450.605,29.501,65.525,0.573426,-1,-1,-1
252,107,1156.641,449.305,30.976,79.536,0.130671,-1,-1,-1
252,77,1124.259,447.159,35.585,98.809,0.730260,-1,-1,-1
252,89,765.318,444.809,37.763,80.930,0.745764,-1,-1,-1
252,112,705.128,448.009,34.967,77.773,0.624439,-1,-1,-1
252,115,1058.414,454.114,55.047,127.310,0.620549,-1,-1,-1
253,7,1513.183,439.629,28.534,62.995,0.237717,-1,-1,-1
253,11,957.545,427.051,172.550,438.433,0.145224,-1,-1,-1
253,13,899.960,406.879,249.392,629.615,0.938966,-1,-1,-1
253,44,309.799,451.217,38.069,106.904,0.293927,-1,-1,-1
253,5,1669.708,428.957,122.122,197.665,0.678285,-1,-1,-1
253,72,647.444,447.148,80.712,184.562,0.918631,-1,-1,-1
253,65,574.605,454.219,30.048,63.243,0.733890,-1,-1,-1
253,50,505.187,441.965,49.373,119.060,0.883974,-1,-1,-1
253,86,1807.174,438.973,130.458,296.708,0.881466,-1,-1,-1
253,64,408.102,462.106,53.847,107.897,0.786151,-1,-1,-1
253,56,460.525,446.668,47.962,110.257,0.800535,-1,-1,-1
253,78,688.921,461.456,52.672,128.921,0.648957,-1,-1,-1
253,57,1096.725,435.988,49.989,117.947,0.847166,-1,-1,-1
253,92,599.376,453.812,30.342,62.631,0.646873,-1,-1,-1
253,97,724.997,475.113,54.787,118.224,0.827561,-1,-1,-1
253,34,1068.004,459.983,54.209,137.857,0.653428,-1,-1,-1
253,32,1240.097,430.934,164.644,383.982,0.966588,-1,-1,-1
253,100,748.928,425.933,193.221,458.295,0.934313,-1,-1,-1
253,103,586.069,450.185,29.334,65.113,0.562979,-1,-1,-1
253,20,1290.915,425.143,119.815,324.619,0.265299,-1,-1,-1
253,105,554.206,450.792,29.140,64.769,0.558968,-1,-1,-1
253,107,1158.060,445.173,32.163,81.280,0.234921,-1,-1,-1
253,77,1124.369,443.574,36.892,102.455,0.664404,-1,-1,-1
253,89,764.949,445.341,37.757,81.016,0.726811,-1,-1,-1
253,112,704.031,446.580,36.382,80.796,0.621308,-1,-1,-1
253,115,1058.896,453.964,52.696,122.219,0.677571,-1,-1,-1
254,7,1513.764,439.479,28.899,63.786,0.281887,-1,-1,-1
254,11,956.334,427.214,176.748,447.114,0.323751,-1,-1,-1
254,13,904.291,403.672,246.130,631.674,0.935067,-1,-1,-1
254,44,310.018,451.454,37.541,104.951,0.283669,-1,-1,-1
254,5,1669.998,432.557,122.695,201.058,0.795571,-1,-1,-1
254,72,648.738,447.842,79.628,184.187,0.909736,-1,-1,-1
254,65,574.482,454.817,29.639,62.727,0.675630,-1,-1,-1
254,50,505.833,442.167,49.410,119.059,0.877237,-1,-1,-1
254,86,1806.532,448.717,134.083,315.977,0.877509,-1,-1,-1
254,64,406.647,461.041,53.920,108.355,0.806265,-1,-1,-1
254,56,461.564,447.087,47.170,108.435,0.721647,-1,-1,-1
254,78,689.717,465.594,51.862,128.371,0.735705,-1,-1,-1
254,57,1098.177,437.789,49.551,116.178,0.818444,-1,-1,-1
254,92,599.624,454.980,29.576,61.189,0.606798,-1,-1,-1
254,97,726.885,472.305,57.260,124.861,0.831739,-1,-1,-1
254,34,1070.197,464.500,53.765,133.913,0.586999,-1,-1,-1
254,32,1238.661,431.893,170.123,384.364,0.969656,-1,-1,-1
254,100,748.852,423.562,192.805,458.970,0.935255,-1,-1,-1
254,103,583.825,454.230,28.032,62.126,0.602218,-1,-1,-1
254,20,1289.453,426.919,109.983,300.368,0.186159,-1,-1,-1
254,105,554.313,450.869,29.133,64.933,0.549593,-1,-1,-1
254,107,1157.438,449.492,31.409,78.170,0.194985,-1,-1,-1
254,77,1122.994,444.733,37.228,102.239,0.693801,-1,-1,-1
254,89,765.880,443.984,40.314,87.680,0.610378,-1,-1,-1
254,112,703.418,447.807,39.683,88.502,0.455674,-1,-1,-1
254,115,1060.930,455.975,48.536,113.049,0.637250,-1,-1,-1
254,102,1085.956,438.386,52.823,145.867,0.671323,-1,-1,-1
255,7,1514.009,441.032,29.020,63.509,0.300853,-1,-1,-1
255,11,988.523,436.502,118.734,296.398,0.703520,-1,-1,-1
255,13,907.381,407.309,242.229,631.197,0.947407,-1,-1,-1
255,44,309.101,449.579,40.096,112.207,0.452048,-1,-1,-1
255,5,1673.041,433.029,120.287,199.176,0.657554,-1,-1,-1
255,72,650.290,448.564,79.411,184.828,0.902401,-1,-1,-1
255,65,575.013,454.814,29.458,62.743,0.697251,-1,-1,-1
255,50,506.585,444.032,48.519,117.228,0.883778,-1,-1,-1
255,86,1793.432,428.638,145.079,349.741,0.920514,-1,-1,-1
255,64,405.858,462.199,54.529,109.001,0.826595,-1,-1,-1
255,56,461.690,450.293,46.573,106.736,0.811735,-1,-1,-1
255,78,687.845,463.681,54.172,135.612,0.681889,-1,-1,-1
255,57,1098.352,438.066,49.365,115.169,0.856728,-1,-1,-1
255,92,599.470,455.110,29.523,61.237,0.626751,-1,-1,-1
255,97,726.587,473.338,56.432,123.665,0.827099,-1,-1,-1
255,34,1065.548,463.722,53.591,131.474,0.627434,-1,-1,-1
255,32,1237.800,431.711,175.477,385.036,0.964988,-1,-1,-1
255,100,752.642,423.773,193.251,459.545,0.936924,-1,-1,-1
255,103,583.534,453.170,28.371,63.059,0.541132,-1,-1,-1
255,105,556.388,450.537,29.293,65.730,0.493417,-1,-1,-1
255,107,1157.973,448.160,30.135,73.871,0.190936,-1,-1,-1
255,77,1117.675,442.122,39.827,107.043,0.681064,-1,-1,-1
255,89,765.401,443.356,37.261,82.463,0.414478,-1,-1,-1
255,112,705.459,448.802,38.706,86.702,0.417005,-1,-1,-1
255,115,1062.985,460.709,45.906,107.135,0.442147,-1,-1,-1
255,102,1087.235,450.438,47.336,125.670,0.346628,-1,-1,-1
256,7,1514.265,438.779,30.076,65.803,0.310085,-1,-1,-1
256,11,1008.504,447.886,108.880,271.581,0.250893,-1,-1,-1
256,13,910.608,407.362,239.813,632.677,0.942944,-1,-1,-1
256,44,308.538,448.784,41.438,116.058,0.430820,-1,-1,-1
256,5,1668.171,431.337,124.559,207.966,0.840406,-1,-1,-1
256,72,652.718,451.183,78.174,182.919,0.911306,-1,-1,-1
256,65,575.051,453.660,29.684,63.571,0.655944,-1,-1,-1
256,50,507.256,445.679,47.696,115.450,0.885202,-1,-1,-1
256,86,1784.790,407.333,153.232,377.932,0.942925,-1,-1,-1
256,64,404.843,462.752,54.327,108.799,0.791115,-1,-1,-1
256,56,461.182,452.984,46.704,106.395,0.803517,-1,-1,-1
256,78,680.477,457.630,57.468,145.002,0.657225,-1,-1,-1
256,57,1097.877,438.322,49.351,115.334,0.834871,-1,-1,-1
256,92,599.384,454.475,29.766,61.863,0.594887,-1,-1,-1
256,97,726.077,473.784,56.344,123.830,0.856183,-1,-1,-1
256,34,1065.532,467.532,51.776,125.829,0.594836,-1,-1,-1
256,32,1239.588,431.654,180.225,386.447,0.966402,-1,-1,-1
256,100,754.975,427.617,193.552,460.070,0.934355,-1,-1,-1
256,103,583.232,454.991,27.694,61.400,0.605589,-1,-1,-1
256,105,554.148,450.554,29.659,66.760,0.544810,-1,-1,-1
256,107,1157.890,447.160,30.128,73.136,0.174628,-1,-1,-1
256,77,1120.386,442.323,40.124,106.941,0.673597,-1,-1,-1
256,89,768.845,447.472,35.276,78.504,0.516182,-1,-1,-1
256,112,693.358,456.196,53.010,120.972,0.609135,-1,-1,-1
256,115,1061.235,462.319,44.834,104.755,0.480652,-1,-1,-1
256,102,1086.646,439.067,51.837,139.749,0.652308,-1,-1,-1
257,7,1513.765,438.127,30.847,67.520,0.300833,-1,-1,-1
257,11,1023.872,450.889,90.939,222.175,0.239501,-1,-1,-1
257,13,914.260,403.123,239.459,637.779,0.925909,-1,-1,-1
257,44,308.662,448.651,41.639,116.731,0.391510,-1,-1,-1
257,5,1668.074,431.944,123.493,207.971,0.807118,-1,-1,-1
257,72,655.191,455.754,76.887,179.128,0.907493,-1,-1,-1
257,65,574.076,453.667,29.523,63.291,0.619902,-1,-1,-1
257,50,507.824,447.911,46.514,112.540,0.872170,-1,-1,-1
257,86,1782.148,395.685,154.555,389.262,0.949041,-1,-1,-1
257,64,405.422,464.172,54.093,107.347,0.814700,-1,-1,-1
257,56,462.108,456.705,45.836,103.400,0.816737,-1,-1,-1
257,57,1098.651,437.865,49.551,115.801,0.851920,-1,-1,-1
257,92,598.032,454.446,29.435,61.178,0.587874,-1,-1,-1
257,97,725.433,473.465,55.470,122.283,0.834897,-1,-1,-1
257,34,1062.765,464.908,53.291,128.538,0.365287,-1,-1,-1
257,32,1240.354,428.518,184.309,390.324,0.965567,-1,-1,-1
257,100,752.339,426.088,196.807,470.375,0.927514,-1,-1,-1
257,103,585.018,455.926,27.318,60.097,0.564324,-1,-1,-1
257,105,554.917,451.049,29.636,66.604,0.558582,-1,-1,-1
257,107,1157.854,446.346,30.328,72.679,0.182098,-1,-1,-1
257,77,1124.503,442.935,39.447,105.461,0.491536,-1,-1,-1
257,89,770.142,448.132,34.634,76.916,0.431455,-1,-1,-1
257,112,691.008,457.820,53.848,123.855,0.475331,-1,-1,-1
257,102,1090.009,453.130,45.124,118.625,0.350256,-1,-1,-1
258,7,1513.004,437.871,29.452,64.269,0.242657,-1,-1,-1
258,11,1025.671,446.227,91.336,219.581,0.318111,-1,-1,-1
258,13,924.423,410.296,235.131,626.488,0.926815,-1,-1,-1
258,44,310.075,449.310,37.819,105.425,0.227838,-1,-1,-1
258,5,1677.220,426.683,108.995,182.488,0.585914,-1,-1,-1
258,72,654.522,453.764,78.446,183.395,0.895204,-1,-1,-1
258,65,574.913,452.279,30.048,64.749,0.712113,-1,-1,-1
258,50,506.656,445.615,47.553,114.465,0.868502,-1,-1,-1
258,86,1779.814,391.351,154.772,396.705,0.953572,-1,-1,-1
258,64,405.368,463.914,54.045,107.521,0.764685,-1,-1,-1
258,56,461.476,455.297,46.686,104.199,0.716044,-1,-1,-1
258,57,1101.195,437.856,49.282,114.499,0.832807,-1,-1,-1
258,92,598.353,453.335,30.020,62.275,0.663401,-1,-1,-1
258,97,724.702,471.754,56.852,126.467,0.838280,-1,-1,-1
258,34,1059.684,452.548,50.267,118.197,0.383429,-1,-1,-1
258,32,1243.248,427.423,186.752,392.440,0.957586,-1,-1,-1
258,100,753.782,425.121,196.437,472.996,0.915688,-1,-1,-1
258,103,584.356,452.121,28.430,62.719,0.639668,-1,-1,-1
258,105,553.210,449.641,29.691,67.123,0.624799,-1,-1,-1
258,107,1155.750,444.694,31.215,74.126,0.275145,-1,-1,-1
258,77,1121.906,443.311,40.171,106.145,0.652643,-1,-1,-1
258,89,768.596,444.946,34.196,76.877,0.523419,-1,-1,-1
258,112,697.287,464.406,54.858,128.146,0.638147,-1,-1,-1
258,102,1090.033,451.500,44.247,115.587,0.263095,-1,-1,-1
259,7,1513.652,438.018,29.017,63.253,0.226437,-1,-1,-1
259,11,1044.958,459.151,72.270,168.174,0.661634,-1,-1,-1
259,13,928.656,404.295,237.437,634.309,0.936682,-1,-1,-1
259,44,311.667,450.067,34.917,96.504,0.209721,-1,-1,-1
259,5,1681.281,426.267,102.486,171.216,0.572487,-1,-1,-1
259,72,656.980,452.233,77.321,179.446,0.868692,-1,-1,-1
259,65,575.335,452.189,30.018,64.927,0.697389,-1,-1,-1
259,50,505.528,443.123,48.695,116.809,0.872175,-1,-1,-1
259,86,1774.985,392.632,152.526,392.342,0.953460,-1,-1,-1
259,64,404.368,461.632,52.612,105.394,0.725455,-1,-1,-1
259,56,461.335,454.508,47.103,104.360,0.752575,-1,-1,-1
259,57,1101.079,435.723,51.454,118.694,0.824003,-1,-1,-1
259,92,598.402,454.827,29.519,60.831,0.615322,-1,-1,-1
259,97,724.591,472.941,56.044,124.411,0.838013,-1,-1,-1
259,32,1249.637,429.099,186.139,389.637,0.949438,-1,-1,-1
259,100,754.869,427.528,194.802,471.864,0.932824,-1,-1,-1
259,103,583.309,450.880,29.147,64.474,0.603380,-1,-1,-1
259,105,551.246,449.545,29.797,67.623,0.583797,-1,-1,-1
259,107,1154.967,443.519,31.864,75.371,0.322014,-1,-1,-1
259,77,1123.337,443.599,39.750,105.054,0.589454,-1,-1,-1
259,89,770.039,452.475,29.824,66.524,0.129954,-1,-1,-1
259,112,705.844,468.730,54.366,128.303,0.631113,-1,-1,-1
259,102,1086.863,447.874,49.527,129.253,0.179418,-1,-1,-1
259,106,1285.111,440.399,38.643,114.433,0.742537,-1,-1,-1
260,7,1514.676,437.405,28.913,63.060,0.266465,-1,-1,-1
260,11,1044.306,457.602,76.381,175.673,0.797166,-1,-1,-1
260,13,933.878,407.148,237.593,632.780,0.934963,-1,-1,-1
260,44,313.631,452.106,30.683,84.000,0.252609,-1,-1,-1
260,5,1684.047,429.258,96.797,159.859,0.582829,-1,-1,-1
260,72,657.460,452.971,77.695,180.007,0.885497,-1,-1,-1
260,65,575.220,451.210,30.287,65.803,0.662442,-1,-1,-1
260,50,504.727,444.332,48.571,115.755,0.875057,-1,-1,-1
260,86,1764.199,393.808,153.870,391.541,0.944545,-1,-1,-1
260,64,403.392,462.541,52.502,105.773,0.843161,-1,-1,-1
260,56,461.352,454.766,47.612,104.494,0.687859,-1,-1,-1
260,57,1102.339,439.476,47.945,109.648,0.770353,-1,-1,-1
260,92,597.439,451.110,31.362,64.773,0.581704,-1,-1,-1
260,97,723.829,470.391,57.720,128.254,0.850991,-1,-1,-1
260,32,1256.228,425.831,188.924,396.576,0.952916,-1,-1,-1
260,100,759.665,427.298,195.415,473.104,0.933222,-1,-1,-1
260,103,583.778,452.661,28.510,62.821,0.605315,-1,-1,-1
260,105,550.057,448.990,29.632,67.418,0.582768,-1,-1,-1
260,107,1157.374,443.879,32.896,77.168,0.282100,-1,-1,-1
260,77,1120.932,443.368,40.417,106.025,0.750776,-1,-1,-1
260,89,769.250,458.317,28.229,62.343,0.156077,-1,-1,-1
260,112,708.434,465.521,56.661,135.412,0.713000,-1,-1,-1
260,102,1087.479,444.734,47.967,124.570,0.484903,-1,-1,-1
260,106,1285.948,434.843,41.136,115.276,0.778785,-1,-1,-1
260,78,698.989,452.929,51.947,133.998,0.663866,-1,-1,-1
261,7,1514.604,437.439,28.973,63.331,0.273542,-1,-1,-1
261,11,1032.862,440.005,93.601,213.865,0.775209,-1,-1,-1
261,13,938.910,406.093,238.752,633.336,0.937438,-1,-1,-1
261,44,315.046,451.600,27.337,73.969,0.354077,-1,-1,-1
261,5,1682.390,428.464,95.879,156.484,0.398211,-1,-1,-1
261,72,658.824,451.390,79.084,183.139,0.889712,-1,-1,-1
261,65,574.607,451.148,29.919,65.198,0.653294,-1,-1,-1
261,50,504.266,446.017,48.249,114.212,0.866375,-1,-1,-1
261,86,1745.210,391.651,159.820,393.612,0.960667,-1,-1,-1
261,64,402.520,462.844,51.734,104.076,0.780619,-1,-1,-1
261,56,462.225,454.954,47.690,103.476,0.421278,-1,-1,-1
261,57,1105.389,436.475,50.130,113.432,0.807969,-1,-1,-1
261,92,599.698,448.080,32.080,66.711,0.544421,-1,-1,-1
261,97,724.315,469.017,59.158,130.898,0.834341,-1,-1,-1
261,32,1267.027,427.492,186.358,393.208,0.933778,-1,-1,-1
261,100,761.756,427.421,197.529,484.408,0.925513,-1,-1,-1
261,103,583.347,453.362,28.136,61.870,0.574577,-1,-1,-1
261,105,550.899,449.003,29.130,66.574,0.593563,-1,-1,-1
261,107,1158.608,444.624,33.476,77.573,0.251473,-1,-1,-1
261,77,1122.971,438.397,40.221,105.970,0.404330,-1,-1,-1
261,89,768.844,454.280,30.155,66.393,0.323191,-1,-1,-1
261,102,1093.048,437.569,44.955,117.750,0.498686,-1,-1,-1
261,106,1288.370,439.004,41.039,108.601,0.817190,-1,-1,-1
261,78,701.324,454.425,52.219,135.582,0.654544,-1,-1,-1
262,7,1515.315,438.581,27.987,61.061,0.321051,-1,-1,-1
262,11,1032.468,435.187,95.968,218.715,0.823375,-1,-1,-1
262,13,942.397,407.799,239.663,632.444,0.932043,-1,-1,-1
262,44,314.179,447.567,28.854,78.327,0.117820,-1,-1,-1
262,5,1676.047,428.976,96.168,155.246,0.222000,-1,-1,-1
262,72,658.066,451.597,79.652,184.827,0.895266,-1,-1,-1
262,65,575.046,451.619,29.713,65.022,0.661756,-1,-1,-1
262,50,504.377,444.572,49.071,116.097,0.865948,-1,-1,-1
262,86,1727.194,394.231,165.177,387.350,0.971481,-1,-1,-1
262,64,401.315,462.773,52.246,104.791,0.799447,-1,-1,-1
262,56,465.220,452.813,46.232,101.002,0.339860,-1,-1,-1
262,57,1106.546,437.034,50.662,114.616,0.834724,-1,-1,-1
262,92,599.094,448.650,32.046,66.848,0.522611,-1,-1,-1
262,97,723.162,470.251,58.505,129.468,0.855966,-1,-1,-1
262,32,1280.039,431.913,180.930,386.646,0.932048,-1,-1,-1
262,100,762.533,427.186,198.323,490.158,0.929507,-1,-1,-1
262,103,583.016,454.733,28.060,61.478,0.593625,-1,-1,-1
262,105,551.119,448.858,29.381,67.294,0.602835,-1,-1,-1
262,107,1158.493,442.541,34.676,80.084,0.315512,-1,-1,-1
262,77,1122.521,437.366,40.438,107.359,0.432544,-1,-1,-1
262,89,767.818,447.912,32.715,72.751,0.448304,-1,-1,-1
262,102,1094.642,435.485,40.340,107.142,0.339014,-1,-1,-1
262,106,1290.538,437.785,42.621,108.773,0.836823,-1,-1,-1
262,78,704.550,455.676,49.365,129.716,0.607142,-1,-1,-1
262,123,1863.954,387.740,55.360,254.114,0.765952,-1,-1,-1
263,7,1511.636,438.742,28.152,61.494,0.194913,-1,-1,-1
263,11,1032.260,436.018,96.839,219.338,0.849520,-1,-1,-1
263,13,933.542,402.322,239.353,637.577,0.934340,-1,-1,-1
263,5,1665.012,434.844,89.305,145.373,0.307160,-1,-1,-1
263,72,659.740,451.318,80.111,186.196,0.878307,-1,-1,-1
263,65,575.090,453.852,28.626,62.732,0.627089,-1,-1,-1
263,50,504.150,445.323,48.681,115.069,0.862720,-1,-1,-1
263,86,1710.330,397.875,172.256,381.600,0.974244,-1,-1,-1
263,64,399.680,462.061,52.313,104.493,0.758073,-1,-1,-1
263,56,466.232,451.144,47.371,103.721,0.140957,-1,-1,-1
263,57,1107.344,437.370,51.092,115.959,0.845483,-1,-1,-1
263,92,599.264,451.611,30.247,63.168,0.476614,-1,-1,-1
263,97,721.838,471.601,58.414,128.454,0.853932,-1,-1,-1
263,32,1291.731,428.501,179.444,391.195,0.918905,-1,-1,-1
263,100,767.605,426.644,195.554,491.989,0.920972,-1,-1,-1
263,103,583.284,456.441,27.097,59.084,0.595407,-1,-1,-1
263,105,550.169,450.684,28.643,65.560,0.620493,-1,-1,-1
263,107,1161.709,444.141,33.836,77.807,0.164944,-1,-1,-1
263,77,1122.167,436.121,40.451,108.447,0.407354,-1,-1,-1
263,89,766.915,453.128,30.221,67.194,0.231278,-1,-1,-1
263,102,1094.497,433.748,43.415,116.488,0.574828,-1,-1,-1
263,106,1293.388,441.291,42.588,105.567,0.840502,-1,-1,-1
263,78,700.239,458.562,48.492,127.212,0.534324,-1,-1,-1
263,123,1869.703,389.138,53.697,247.323,0.294739,-1,-1,-1
264,7,1511.556,438.734,27.868,60.981,0.241596,-1,-1,-1
264,11,1027.842,430.138,100.465,225.410,0.821828,-1,-1,-1
264,13,936.967,407.118,237.435,632.844,0.927099,-1,-1,-1
264,5,1657.136,435.782,89.337,148.781,0.325554,-1,-1,-1
264,72,661.997,451.568,79.425,185.162,0.851514,-1,-1,-1
264,65,575.709,453.720,28.755,63.428,0.642210,-1,-1,-1
264,50,504.309,444.988,48.600,115.032,0.866740,-1,-1,-1
264,86,1698.147,403.113,178.847,376.484,0.972569,-1,-1,-1
264,64,399.031,462.227,49.866,100.685,0.728497,-1,-1,-1
264,56,457.433,451.462,48.940,106.013,0.529087,-1,-1,-1
264,57,1109.882,436.153,50.640,115.278,0.826709,-1,-1,-1
264,92,598.929,450.813,30.887,64.950,0.518837,-1,-1,-1
264,97,720.822,471.725,57.990,127.678,0.849229,-1,-1,-1
264,32,1302.082,423.269,177.971,395.064,0.949876,-1,-1,-1
264,100,765.598,426.548,193.470,491.078,0.933924,-1,-1,-1
264,103,582.842,456.660,27.763,60.623,0.569454,-1,-1,-1
264,105,550.810,451.260,28.184,64.830,0.593414,-1,-1,-1
264,107,1160.312,444.866,33.612,76.493,0.210098,-1,-1,-1
264,89,771.252,450.171,31.429,70.415,0.489315,-1,-1,-1
264,102,1096.898,435.152,42.576,113.713,0.674611,-1,-1,-1
264,106,1295.779,440.104,43.618,107.336,0.774061,-1,-1,-1
264,78,711.353,465.600,45.855,119.493,0.475124,-1,-1,-1
264,123,1871.446,391.039,52.355,242.074,0.329309,-1,-1,-1
264,124,659.822,460.596,38.376,100.738,0.714836,-1,-1,-1
265,7,1512.662,438.491,27.595,60.221,0.263394,-1,-1,-1
265,11,1023.192,419.478,109.154,242.717,0.741245,-1,-1,-1
265,13,934.746,405.483,237.257,635.111,0.931755,-1,-1,-1
265,5,1658.333,430.826,94.134,158.593,0.110672,-1,-1,-1
265,72,662.521,453.311,79.380,185.434,0.884092,-1,-1,-1
265,65,576.180,454.483,28.385,62.906,0.615057,-1,-1,-1
265,50,503.976,443.789,49.237,116.475,0.871780,-1,-1,-1
265,86,1686.869,404.047,185.350,373.379,0.970146,-1,-1,-1
265,64,399.084,462.855,51.557,103.151,0.713057,-1,-1,-1
265,56,455.774,459.198,46.693,99.600,0.454025,-1,-1,-1
265,57,1109.132,435.940,50.821,115.900,0.835279,-1,-1,-1
265,92,599.407,450.216,30.415,64.778,0.437253,-1,-1,-1
265,97,723.851,478.561,54.483,119.388,0.780815,-1,-1,-1
265,32,1311.446,421.854,176.673,400.847,0.946649,-1,-1,-1
265,100,766.414,426.882,191.872,489.732,0.936829,-1,-1,-1
265,103,584.804,453.352,28.821,63.547,0.429789,-1,-1,-1
265,105,550.931,451.032,28.226,65.321,0.573127,-1,-1,-1
265,107,1158.904,444.749,33.877,76.837,0.229972,-1,-1,-1
265,89,774.453,455.034,26.471,58.645,0.133209,-1,-1,-1
265,102,1095.925,435.662,40.580,109.589,0.568801,-1,-1,-1
265,106,1298.711,440.550,43.303,106.931,0.794930,-1,-1,-1
265,123,1875.748,394.591,52.990,248.514,0.249393,-1,-1,-1
265,124,658.699,463.302,38.484,101.111,0.727668,-1,-1,-1
266,7,1515.113,438.326,28.027,61.059,0.278510,-1,-1,-1
266,11,1022.016,418.957,119.255,264.625,0.755880,-1,-1,-1
266,13,940.251,404.029,237.523,635.999,0.933872,-1,-1,-1
266,5,1655.595,424.535,98.063,168.873,0.154404,-1,-1,-1
266,72,666.665,448.337,80.489,189.690,0.906261,-1,-1,-1
266,65,577.183,455.879,27.782,61.747,0.652748,-1,-1,-1
266,50,504.014,441.906,50.012,118.445,0.879068,-1,-1,-1
266,86,1678.185,408.590,189.228,368.478,0.963132,-1,-1,-1
266,64,402.781,462.883,50.019,99.528,0.605943,-1,-1,-1
266,56,455.231,462.800,45.641,95.974,0.547922,-1,-1,-1
266,57,1111.169,436.844,50.269,115.867,0.837029,-1,-1,-1
266,92,600.875,453.177,28.752,61.229,0.445052,-1,-1,-1
266,97,729.011,477.477,52.940,118.036,0.779649,-1,-1,-1
266,32,1318.119,421.502,175.278,405.019,0.942478,-1,-1,-1
266,100,770.767,432.566,188.620,484.266,0.938654,-1,-1,-1
266,103,584.986,452.392,28.745,63.810,0.452804,-1,-1,-1
266,105,550.668,451.698,27.753,64.397,0.589569,-1,-1,-1
266,107,1154.580,441.825,34.773,79.885,0.416456,-1,-1,-1
266,89,775.346,457.678,25.675,56.723,0.142706,-1,-1,-1
266,102,1094.708,435.488,39.588,107.845,0.524399,-1,-1,-1
266,106,1299.653,440.088,43.090,107.319,0.464946,-1,-1,-1
266,123,1853.677,401.123,55.603,252.723,0.631402,-1,-1,-1
266,124,658.919,466.462,37.462,98.690,0.677170,-1,-1,-1
267,7,1515.448,438.008,28.095,61.184,0.289607,-1,-1,-1
267,11,1019.899,421.033,131.065,288.906,0.653503,-1,-1,-1
267,13,941.384,399.967,238.850,640.639,0.936589,-1,-1,-1
267,72,664.239,446.780,81.038,191.676,0.889425,-1,-1,-1
267,65,577.530,456.985,27.012,60.234,0.602298,-1,-1,-1
267,50,503.849,443.713,49.168,116.427,0.874001,-1,-1,-1
267,86,1670.554,409.643,191.374,364.562,0.940136,-1,-1,-1
267,64,400.455,463.144,49.557,98.546,0.593969,-1,-1,-1
267,56,452.417,467.508,43.276,90.338,0.225550,-1,-1,-1
267,57,1115.048,438.938,47.703,110.249,0.854820,-1,-1,-1
267,92,602.111,455.475,27.315,58.115,0.359648,-1,-1,-1
267,97,731.252,478.182,51.773,117.515,0.705184,-1,-1,-1
267,32,1321.838,418.195,177.321,415.790,0.937756,-1,-1,-1
267,100,771.077,428.865,188.890,488.318,0.935806,-1,-1,-1
267,103,584.695,453.122,27.972,62.362,0.439032,-1,-1,-1
267,105,550.932,452.035,27.314,63.570,0.548833,-1,-1,-1
267,107,1155.448,442.580,35.916,81.980,0.310688,-1,-1,-1
267,89,776.382,454.698,26.286,58.209,0.131739,-1,-1,-1
267,102,1094.545,437.371,36.526,100.026,0.645940,-1,-1,-1
267,106,1300.302,440.528,42.667,106.846,0.557740,-1,-1,-1
267,123,1857.649,445.900,48.108,210.567,0.206388,-1,-1,-1
267,124,660.911,468.693,33.461,88.129,0.524235,-1,-1,-1
267,125,1009.173,409.552,175.796,418.898,0.635832,-1,-1,-1
268,7,1515.690,438.808,27.783,60.091,0.259722,-1,-1,-1
268,11,1024.311,426.448,125.880,273.311,0.299454,-1,-1,-1
268,13,944.071,397.872,242.382,647.822,0.940863,-1,-1,-1
268,72,666.915,447.030,81.665,192.971,0.892639,-1,-1,-1
268,65,577.069,456.526,27.085,60.540,0.664201,-1,-1,-1
268,50,503.270,446.346,47.630,112.010,0.872763,-1,-1,-1
268,86,1660.884,411.010,186.912,353.426,0.939322,-1,-1,-1
268,64,397.717,462.648,50.079,100.032,0.629744,-1,-1,-1
268,56,451.624,458.781,44.103,93.094,0.227538,-1,-1,-1
268,57,1116.632,440.432,46.458,107.458,0.843632,-1,-1,-1
268,92,602.888,452.777,28.674,61.375,0.447336,-1,-1,-1
268,97,728.977,480.699,54.125,122.764,0.636243,-1,-1,-1
268,32,1334.584,428.690,172.257,407.819,0.936261,-1,-1,-1
268,100,772.162,427.271,187.879,489.150,0.932731,-1,-1,-1
268,103,585.241,452.889,28.594,63.892,0.481313,-1,-1,-1
268,105,551.474,452.829,26.722,62.175,0.599732,-1,-1,-1
268,107,1152.289,439.931,37.794,87.314,0.680500,-1,-1,-1
268,89,776.388,446.017,31.843,70.293,0.546623,-1,-1,-1
268,102,1095.469,437.619,35.524,97.469,0.639906,-1,-1,-1
268,106,1297.042,433.616,44.611,112.182,0.128549,-1,-1,-1
268,124,663.549,467.867,30.531,80.033,0.562268,-1,-1,-1
268,125,1009.227,411.052,167.745,399.466,0.819595,-1,-1,-1
269,7,1513.486,438.921,27.701,59.735,0.212450,-1,-1,-1
269,11,1023.942,433.533,130.378,281.948,0.107866,-1,-1,-1
269,13,943.749,398.456,240.516,644.389,0.946987,-1,-1,-1
269,72,669.375,449.164,80.259,188.484,0.873337,-1,-1,-1
269,65,576.148,456.599,26.961,60.038,0.689984,-1,-1,-1
269,50,503.192,449.458,46.691,108.603,0.881612,-1,-1,-1
269,86,1651.385,415.824,181.551,344.075,0.930489,-1,-1,-1
269,64,394.433,461.714,51.352,103.255,0.747702,-1,-1,-1
269,56,449.461,457.090,46.007,97.420,0.546769,-1,-1,-1
269,57,1119.102,440.909,45.512,106.097,0.806708,-1,-1,-1
269,92,603.706,453.847,28.427,60.805,0.519112,-1,-1,-1
269,97,728.941,496.175,51.859,115.082,0.653518,-1,-1,-1
269,32,1349.453,426.207,173.911,412.274,0.941557,-1,-1,-1
269,100,772.987,425.595,187.360,492.342,0.929314,-1,-1,-1
269,103,585.119,452.457,29.015,64.690,0.493627,-1,-1,-1
269,105,551.515,452.173,26.872,62.403,0.616654,-1,-1,-1
269,107,1148.168,440.291,39.700,93.659,0.654375,-1,-1,-1
269,89,779.076,444.473,35.570,77.880,0.497706,-1,-1,-1
269,102,1096.791,437.118,34.366,94.901,0.519238,-1,-1,-1
269,106,1300.753,437.365,44.041,111.106,0.271053,-1,-1,-1
269,124,664.963,465.190,30.341,78.732,0.601397,-1,-1,-1
269,125,1005.141,411.026,171.833,409.695,0.849003,-1,-1,-1
269,5,1665.935,419.072,119.716,210.236,0.629392,-1,-1,-1
269,123,1847.017,465.482,46.160,186.690,0.651640,-1,-1,-1
270,7,1513.030,439.028,26.929,57.488,0.239061,-1,-1,-1
270,11,1025.349,421.338,134.760,290.554,0.195681,-1,-1,-1
270,13,941.479,398.204,238.639,644.683,0.934622,-1,-1,-1
270,72,672.460,450.091,79.519,185.144,0.864713,-1,-1,-1
270,65,574.954,456.456,26.970,59.835,0.665652,-1,-1,-1
270,50,503.225,450.557,46.719,107.531,0.879934,-1,-1,-1
270,86,1638.766,412.690,177.925,343.988,0.931588,-1,-1,-1
270,64,389.860,460.296,53.666,107.351,0.772019,-1,-1,-1
270,56,450.076,453.408,48.078,102.216,0.593875,-1,-1,-1
270,92,604.604,452.913,28.263,60.607,0.468770,-1,-1,-1
270,97,727.312,494.192,52.344,114.372,0.627456,-1,-1,-1
270,32,1359.519,418.930,178.670,420.706,0.949547,-1,-1,-1
270,100,773.909,425.200,186.069,492.952,0.937865,-1,-1,-1
270,103,586.727,452.150,28.072,62.343,0.408723,-1,-1,-1
270,105,551.114,452.332,26.880,62.166,0.615520,-1,-1,-1
270,107,1148.097,439.495,40.229,96.439,0.505112,-1,-1,-1
270,89,778.149,441.478,35.533,77.857,0.342890,-1,-1,-1
270,102,1100.267,433.172,31.724,88.239,0.487612,-1,-1,-1
270,106,1303.028,436.587,44.406,111.357,0.228223,-1,-1,-1
270,124,665.846,463.968,29.014,74.493,0.593763,-1,-1,-1
270,125,999.105,408.622,179.312,428.961,0.847982,-1,-1,-1
270,5,1667.926,404.771,127.077,230.264,0.286607,-1,-1,-1
270,123,1845.855,460.927,50.311,191.133,0.672056,-1,-1,-1
270,44,308.383,450.867,39.653,107.580,0.607902,-1,-1,-1
271,7,1509.743,439.093,27.785,58.865,0.238340,-1,-1,-1
271,11,1027.082,429.245,136.168,295.141,0.167052,-1,-1,-1
271,13,937.688,398.774,234.542,644.021,0.929300,-1,-1,-1
271,72,678.728,444.411,77.450,179.892,0.834573,-1,-1,-1
271,65,574.674,457.005,26.780,59.305,0.641071,-1,-1,-1
271,50,504.055,450.746,46.852,107.394,0.853359,-1,-1,-1
271,86,1628.072,405.232,175.909,349.136,0.921235,-1,-1,-1
271,64,387.793,458.797,55.059,109.940,0.761690,-1,-1,-1
271,56,448.674,446.576,51.359,109.744,0.629793,-1,-1,-1
271,92,604.446,455.776,26.674,57.093,0.379484,-1,-1,-1
271,97,716.837,471.970,62.048,134.508,0.662267,-1,-1,-1
271,32,1367.533,417.004,182.091,422.764,0.957989,-1,-1,-1
271,100,774.478,424.295,185.661,495.762,0.926518,-1,-1,-1
271,103,584.072,452.604,27.774,61.763,0.431170,-1,-1,-1
271,105,551.201,453.377,26.331,60.705,0.603649,-1,-1,-1
271,107,1147.763,438.265,41.547,101.562,0.526700,-1,-1,-1
271,89,781.699,447.799,33.508,72.504,0.298822,-1,-1,-1
271,102,1103.168,432.890,30.892,86.324,0.444672,-1,-1,-1
271,106,1305.127,440.192,44.877,111.320,0.277117,-1,-1,-1
271,124,666.269,471.069,26.590,67.147,0.659559,-1,-1,-1
271,125,1012.325,410.717,178.366,424.074,0.830680,-1,-1,-1
271,5,1682.133,419.070,113.850,210.955,0.290230,-1,-1,-1
271,44,308.257,449.286,40.031,109.094,0.473259,-1,-1,-1
271,57,1123.083,437.940,46.897,112.278,0.749722,-1,-1,-1
272,7,1507.914,436.585,27.755,58.371,0.305550,-1,-1,-1
272,11,1025.751,421.790,135.228,292.429,0.327097,-1,-1,-1
272,13,940.875,398.306,231.861,645.971,0.936030,-1,-1,-1
272,72,688.465,446.476,74.300,166.241,0.861216,-1,-1,-1
272,65,574.696,455.069,27.446,60.620,0.673445,-1,-1,-1
272,50,504.664,450.353,47.280,107.926,0.861941,-1,-1,-1
272,86,1612.440,403.058,169.221,349.365,0.917631,-1,-1,-1
272,64,386.721,458.998,55.570,110.713,0.770345,-1,-1,-1
272,56,448.329,447.768,51.103,109.321,0.741570,-1,-1,-1
272,92,604.534,453.343,27.789,59.339,0.507146,-1,-1,-1
272,97,716.921,460.944,61.477,133.597,0.245848,-1,-1,-1
272,32,1371.670,419.501,184.948,421.943,0.964833,-1,-1,-1
272,100,776.133,424.732,184.418,495.327,0.932384,-1,-1,-1
272,103,585.281,451.207,28.157,62.694,0.469719,-1,-1,-1
272,105,551.454,452.993,26.702,61.364,0.676477,-1,-1,-1
272,107,1148.793,437.353,40.749,101.098,0.668195,-1,-1,-1
272,89,781.105,448.994,33.747,71.973,0.426973,-1,-1,-1
272,102,1104.490,434.447,29.493,81.837,0.387740,-1,-1,-1
272,106,1304.916,435.574,47.963,116.316,0.194933,-1,-1,-1
272,124,666.240,472.148,25.951,64.483,0.598733,-1,-1,-1
272,125,1009.782,409.741,175.270,418.379,0.849968,-1,-1,-1
272,5,1682.881,418.052,114.861,217.444,0.733945,-1,-1,-1
272,44,308.409,448.914,39.926,110.475,0.545067,-1,-1,-1
272,57,1123.845,436.334,45.655,111.715,0.774016,-1,-1,-1
272,123,1840.313,427.723,61.768,224.693,0.638510,-1,-1,-1
273,7,1508.258,435.482,28.046,58.793,0.282143,-1,-1,-1
273,11,1029.303,417.123,136.430,292.553,0.577906,-1,-1,-1
273,13,948.204,397.805,230.153,646.260,0.929447,-1,-1,-1
273,72,685.462,445.959,83.488,186.207,0.856740,-1,-1,-1
273,65,574.582,454.513,27.609,60.903,0.677940,-1,-1,-1
273,50,504.927,449.915,47.624,108.621,0.872939,-1,-1,-1
273,86,1603.773,401.458,163.755,350.446,0.914576,-1,-1,-1
273,64,386.425,457.503,56.555,113.122,0.841819,-1,-1,-1
273,56,448.535,449.046,50.725,108.553,0.818356,-1,-1,-1
273,92,603.661,453.037,28.261,60.062,0.526090,-1,-1,-1
273,97,717.207,455.876,60.510,132.220,0.240628,-1,-1,-1
273,32,1371.863,421.434,189.745,425.989,0.966305,-1,-1,-1
273,100,777.965,423.540,184.114,495.917,0.935749,-1,-1,-1
273,103,583.075,453.318,27.438,60.658,0.576857,-1,-1,-1
273,105,551.306,453.018,26.876,61.597,0.662775,-1,-1,-1
273,107,1148.862,436.269,40.056,99.555,0.723216,-1,-1,-1
273,89,783.765,447.106,33.623,72.170,0.172675,-1,-1,-1
273,102,1104.708,434.359,29.173,80.286,0.419353,-1,-1,-1
273,106,1303.529,428.718,52.228,123.588,0.359415,-1,-1,-1
273,124,666.311,467.553,27.447,67.042,0.581873,-1,-1,-1
273,125,1012.811,407.903,174.125,415.924,0.824608,-1,-1,-1
273,5,1684.079,417.256,114.858,222.508,0.639550,-1,-1,-1
273,44,308.052,448.697,40.253,112.717,0.629490,-1,-1,-1
273,57,1126.619,434.470,42.987,106.447,0.744653,-1,-1,-1
273,123,1839.631,434.257,62.842,217.398,0.591471,-1,-1,-1
274,7,1508.992,436.318,29.310,61.203,0.264068,-1,-1,-1
274,11,1033.342,417.056,134.615,285.202,0.446266,-1,-1,-1
274,13,947.445,401.361,225.047,641.288,0.926760,-1,-1,-1
274,72,684.326,446.156,86.276,191.654,0.879303,-1,-1,-1
274,65,575.141,454.176,27.792,61.175,0.681325,-1,-1,-1
274,50,505.365,450.536,47.444,108.034,0.872972,-1,-1,-1
274,86,1593.630,402.395,158.093,347.555,0.937621,-1,-1,-1
274,64,386.360,457.262,56.826,114.156,0.839773,-1,-1,-1
274,56,449.539,449.905,50.127,107.719,0.789615,-1,-1,-1
274,92,602.870,451.987,28.751,60.966,0.534852,-1,-1,-1
274,97,718.188,454.615,59.879,131.539,0.294157,-1,-1,-1
274,32,1373.341,423.490,193.988,429.193,0.959836,-1,-1,-1
274,100,784.250,429.483,181.650,490.709,0.916961,-1,-1,-1
274,103,582.898,454.266,27.238,59.982,0.604479,-1,-1,-1
274,105,551.418,453.380,26.867,61.312,0.672492,-1,-1,-1
274,107,1145.961,436.529,40.759,101.079,0.722636,-1,-1,-1
274,89,784.127,444.571,36.594,79.322,0.263770,-1,-1,-1
274,102,1103.605,433.730,29.666,81.275,0.326222,-1,-1,-1
274,106,1304.714,426.754,53.196,123.619,0.373529,-1,-1,-1
274,124,666.894,470.041,27.723,66.038,0.580210,-1,-1,-1
274,125,1014.045,410.677,180.453,430.887,0.834488,-1,-1,-1
274,5,1686.193,421.942,110.984,218.961,0.778054,-1,-1,-1
274,44,308.478,448.935,39.811,112.739,0.567594,-1,-1,-1
274,57,1126.797,434.848,41.719,104.314,0.676257,-1,-1,-1
274,123,1837.460,428.822,67.357,224.609,0.671119,-1,-1,-1
275,7,1508.962,435.836,29.924,61.832,0.246876,-1,-1,-1
275,11,1034.980,416.991,133.047,278.549,0.576148,-1,-1,-1
275,13,961.598,403.654,224.220,638.379,0.923702,-1,-1,-1
275,72,686.440,444.611,87.393,193.732,0.896835,-1,-1,-1
275,65,574.057,454.151,27.774,60.805,0.661684,-1,-1,-1
275,50,505.107,452.743,46.528,105.159,0.878022,-1,-1,-1
275,86,1581.792,407.816,154.216,342.694,0.935309,-1,-1,-1
275,64,385.785,456.318,56.720,114.745,0.841812,-1,-1,-1
275,56,448.868,450.553,50.074,107.486,0.782722,-1,-1,-1
275,92,602.860,451.665,28.807,60.982,0.538805,-1,-1,-1
275,97,716.311,449.396,63.536,140.000,0.135054,-1,-1,-1
275,32,1374.810,421.967,198.095,435.907,0.956206,-1,-1,-1
275,100,787.250,427.706,181.984,490.973,0.926250,-1,-1,-1
275,103,582.606,455.007,26.819,58.399,0.524074,-1,-1,-1
275,105,551.724,453.390,27.081,61.301,0.646198,-1,-1,-1
275,107,1142.283,439.001,40.270,98.509,0.661707,-1,-1,-1
275,89,786.568,446.420,35.034,76.671,0.198718,-1,-1,-1
275,102,1100.794,432.227,29.798,81.643,0.281262,-1,-1,-1
275,106,1305.653,429.615,52.502,119.643,0.511327,-1,-1,-1
275,124,665.172,472.989,27.667,64.547,0.571112,-1,-1,-1
275,125,1018.717,411.394,177.029,421.199,0.819088,-1,-1,-1
275,5,1689.109,428.852,104.138,207.483,0.804383,-1,-1,-1
275,44,308.525,448.014,39.567,112.929,0.543221,-1,-1,-1
275,57,1126.885,435.977,39.373,98.722,0.549154,-1,-1,-1
275,123,1835.969,426.613,70.500,227.409,0.621317,-1,-1,-1
275,78,741.986,477.901,44.622,115.227,0.706694,-1,-1,-1
276,7,1510.706,434.806,32.510,67.241,0.336763,-1,-1,-1
276,11,1041.463,424.682,127.370,265.087,0.710184,-1,-1,-1
276,13,961.277,402.423,223.011,641.247,0.937660,-1,-1,-1
276,72,690.476,445.199,86.257,193.256,0.884547,-1,-1,-1
276,65,572.849,453.112,28.299,61.701,0.623794,-1,-1,-1
276,50,505.164,454.904,45.861,102.596,0.879610,-1,-1,-1
276,86,1566.840,408.074,154.610,340.693,0.944309,-1,-1,-1
276,64,385.355,455.958,57.210,116.332,0.860633,-1,-1,-1
276,56,448.996,453.834,48.914,104.281,0.786772,-1,-1,-1
276,92,601.836,449.630,29.443,62.413,0.515990,-1,-1,-1
276,97,714.279,451.692,64.507,142.657,0.147656,-1,-1,-1
276,32,1378.932,423.319,198.614,436.181,0.955870,-1,-1,-1
276,100,786.026,423.582,182.789,494.003,0.939679,-1,-1,-1
276,103,583.609,452.951,27.376,59.467,0.472062,-1,-1,-1
276,105,551.434,453.215,27.703,62.241,0.658080,-1,-1,-1
276,107,1142.273,439.939,41.315,99.892,0.741206,-1,-1,-1
276,89,785.341,445.932,34.455,76.132,0.148820,-1,-1,-1
276,102,1102.843,431.935,30.438,83.708,0.169951,-1,-1,-1
276,106,1306.218,433.727,52.037,116.137,0.426691,-1,-1,-1
276,124,665.048,470.246,29.559,67.778,0.577947,-1,-1,-1
276,125,1024.408,412.810,162.601,386.499,0.820805,-1,-1,-1
276,5,1691.833,433.568,97.205,193.160,0.774221,-1,-1,-1
276,44,309.682,446.911,37.454,107.544,0.407209,-1,-1,-1
276,57,1128.006,437.732,39.562,99.557,0.569063,-1,-1,-1
276,123,1836.321,426.547,72.210,226.427,0.591510,-1,-1,-1
276,78,744.363,477.599,45.142,116.884,0.730092,-1,-1,-1
276,20,1394.499,449.263,70.321,199.428,0.703063,-1,-1,-1
277,7,1513.094,433.832,33.148,68.201,0.176626,-1,-1,-1
277,11,1048.103,429.736,117.096,238.791,0.716479,-1,-1,-1
277,13,959.014,400.833,221.188,644.493,0.938000,-1,-1,-1
277,72,689.734,445.627,86.617,195.227,0.879886,-1,-1,-1
277,65,574.722,454.009,28.177,61.321,0.693824,-1,-1,-1
277,50,504.778,454.970,46.139,102.475,0.879767,-1,-1,-1
277,86,1553.853,410.965,157.542,339.561,0.950949,-1,-1,-1
277,64,385.359,457.635,56.681,115.260,0.829955,-1,-1,-1
277,56,448.834,454.168,48.397,102.754,0.765407,-1,-1,-1
277,92,601.386,451.163,29.009,61.490,0.540234,-1,-1,-1
277,97,714.148,455.425,62.884,140.062,0.151484,-1,-1,-1
277,32,1381.058,422.340,199.177,434.599,0.944382,-1,-1,-1
277,100,787.889,423.008,182.769,492.520,0.940711,-1,-1,-1
277,103,585.446,451.736,28.210,61.473,0.505448,-1,-1,-1
277,105,550.203,453.106,28.034,62.605,0.685625,-1,-1,-1
277,107,1145.303,440.080,38.251,92.055,0.656647,-1,-1,-1
277,89,786.719,444.611,36.580,82.017,0.195205,-1,-1,-1
277,102,1104.889,432.483,30.314,83.596,0.161541,-1,-1,-1
277,106,1308.873,436.427,50.890,112.419,0.455834,-1,-1,-1
277,124,671.288,463.591,38.382,86.650,0.674120,-1,-1,-1
277,125,1025.113,412.792,159.556,380.239,0.821460,-1,-1,-1
277,5,1688.613,430.959,100.605,201.212,0.793583,-1,-1,-1
277,44,309.100,447.873,38.535,111.190,0.467480,-1,-1,-1
277,57,1127.513,439.747,35.395,89.082,0.508747,-1,-1,-1
277,123,1834.197,417.378,76.806,236.507,0.730549,-1,-1,-1
277,78,744.298,471.894,46.898,123.225,0.701795,-1,-1,-1
277,20,1403.582,451.661,69.426,201.422,0.743864,-1,-1,-1
278,7,1515.336,432.479,36.878,76.310,0.138259,-1,-1,-1
278,11,1047.787,428.392,121.749,246.218,0.704619,-1,-1,-1
278,13,965.386,397.416,221.228,647.855,0.938767,-1,-1,-1
278,72,697.381,448.346,86.493,194.582,0.895428,-1,-1,-1
278,65,575.051,454.757,27.864,60.493,0.703948,-1,-1,-1
278,50,504.355,455.076,46.438,102.421,0.879920,-1,-1,-1
278,86,1546.259,412.620,161.684,340.925,0.946503,-1,-1,-1
278,64,385.877,457.749,57.063,115.854,0.833303,-1,-1,-1
278,56,448.449,454.133,49.080,103.901,0.767600,-1,-1,-1
278,92,603.010,452.303,28.227,59.723,0.542858,-1,-1,-1
278,97,711.777,454.121,56.750,127.036,0.158251,-1,-1,-1
278,32,1384.324,418.366,201.559,437.860,0.943557,-1,-1,-1
278,100,790.194,424.913,182.680,490.543,0.934935,-1,-1,-1
278,103,585.156,452.349,28.196,61.538,0.508233,-1,-1,-1
278,105,549.758,453.027,27.721,61.725,0.678906,-1,-1,-1
278,107,1147.730,439.075,36.961,88.167,0.669407,-1,-1,-1
278,89,786.120,444.004,34.792,78.700,0.138275,-1,-1,-1
278,102,1105.962,430.690,33.495,92.308,0.212919,-1,-1,-1
278,106,1322.188,441.176,46.212,104.522,0.679142,-1,-1,-1
278,124,669.286,464.546,52.102,117.165,0.728803,-1,-1,-1
278,125,1028.691,408.580,164.821,391.423,0.830113,-1,-1,-1
278,5,1689.827,430.974,98.336,197.437,0.668416,-1,-1,-1
278,44,309.443,448.328,38.208,110.924,0.478404,-1,-1,-1
278,57,1127.637,439.348,35.652,89.311,0.556618,-1,-1,-1
278,123,1837.427,440.948,71.484,212.074,0.646077,-1,-1,-1
278,78,745.799,468.359,49.870,130.611,0.203245,-1,-1,-1
278,20,1415.444,453.116,69.281,202.640,0.114843,-1,-1,-1
278,128,637.897,450.984,29.070,65.424,0.633810,-1,-1,-1
279,11,1046.784,428.393,131.477,267.201,0.540991,-1,-1,-1
279,13,976.467,395.188,226.178,653.160,0.935815,-1,-1,-1
279,72,704.576,448.792,86.291,194.425,0.871554,-1,-1,-1
279,65,576.600,455.234,27.660,59.963,0.640727,-1,-1,-1
279,50,503.629,453.818,47.313,103.725,0.884606,-1,-1,-1
279,86,1541.708,415.028,162.250,338.507,0.953823,-1,-1,-1
279,64,383.606,456.580,57.907,117.943,0.869835,-1,-1,-1
279,56,449.767,455.979,48.549,102.230,0.711086,-1,-1,-1
279,92,603.005,452.435,28.275,59.708,0.504864,-1,-1,-1
279,32,1389.993,419.149,200.375,435.762,0.937464,-1,-1,-1
279,100,791.027,421.128,183.328,491.814,0.940995,-1,-1,-1
279,103,586.072,453.233,28.101,61.470,0.467880,-1,-1,-1
279,105,549.985,452.913,27.426,60.808,0.657527,-1,-1,-1
279,107,1147.160,436.486,38.646,91.496,0.602089,-1,-1,-1
279,89,790.363,450.654,34.851,78.911,0.509923,-1,-1,-1
279,106,1329.225,442.207,44.165,101.906,0.729939,-1,-1,-1
279,124,669.690,471.095,56.089,124.117,0.750980,-1,-1,-1
279,125,1037.575,407.412,165.904,390.445,0.758255,-1,-1,-1
279,5,1690.732,431.759,96.820,195.094,0.615093,-1,-1,-1
279,44,309.530,447.710,37.908,110.895,0.596034,-1,-1,-1
279,57,1129.864,440.616,34.239,85.000,0.326108,-1,-1,-1
279,123,1840.476,454.553,68.175,195.909,0.513112,-1,-1,-1
279,78,747.756,461.447,47.323,123.969,0.253945,-1,-1,-1
279,20,1422.639,454.744,62.083,188.727,0.119062,-1,-1,-1
279,128,637.174,450.989,28.951,65.186,0.593365,-1,-1,-1
280,11,1048.702,426.812,138.270,282.662,0.613596,-1,-1,-1
280,13,983.586,400.868,228.456,648.075,0.931950,-1,-1,-1
280,72,708.025,448.446,87.137,195.546,0.892022,-1,-1,-1
280,65,576.228,456.276,27.517,59.756,0.596615,-1,-1,-1
280,50,503.023,453.072,47.826,104.287,0.876690,-1,-1,-1
280,86,1543.712,416.257,158.372,331.399,0.934970,-1,-1,-1
280,64,382.429,455.980,58.151,118.230,0.842080,-1,-1,-1
280,56,450.540,457.907,47.357,100.013,0.579449,-1,-1,-1
280,92,601.654,452.897,28.176,59.641,0.411602,-1,-1,-1
280,32,1407.960,416.850,197.036,437.575,0.911011,-1,-1,-1
280,100,792.124,422.128,183.357,492.169,0.940924,-1,-1,-1
280,103,584.298,455.995,27.308,60.043,0.564590,-1,-1,-1
280,105,549.287,452.968,27.496,60.943,0.612566,-1,-1,-1
280,107,1146.741,440.813,37.581,87.697,0.440831,-1,-1,-1
280,89,793.497,456.744,34.077,77.059,0.459308,-1,-1,-1
280,106,1332.509,442.249,42.961,101.018,0.780499,-1,-1,-1
280,124,668.750,471.109,58.466,129.227,0.806303,-1,-1,-1
280,125,1041.436,409.825,168.205,396.629,0.673164,-1,-1,-1
280,5,1694.720,431.758,85.415,167.543,0.420662,-1,-1,-1
280,44,309.570,447.429,37.931,111.797,0.554853,-1,-1,-1
280,57,1130.801,446.873,31.337,76.985,0.277819,-1,-1,-1
280,123,1839.479,446.606,71.467,200.945,0.477339,-1,-1,-1
280,78,753.337,460.626,46.467,121.025,0.310288,-1,-1,-1
280,128,637.598,453.318,28.424,64.144,0.500390,-1,-1,-1
281,11,1054.131,425.996,133.513,273.091,0.638407,-1,-1,-1
281,13,977.265,403.040,226.868,643.678,0.921473,-1,-1,-1
281,72,710.534,451.247,86.044,192.380,0.883756,-1,-1,-1
281,65,575.939,456.755,27.513,59.897,0.666471,-1,-1,-1
281,50,503.067,454.152,47.535,103.108,0.877079,-1,-1,-1
281,86,1537.950,416.201,156.398,328.776,0.926676,-1,-1,-1
281,64,380.902,457.983,57.081,115.903,0.818099,-1,-1,-1
281,56,450.022,456.050,47.517,100.748,0.601049,-1,-1,-1
281,92,601.166,453.773,27.898,59.342,0.486213,-1,-1,-1
281,32,1420.407,414.887,193.250,439.488,0.908979,-1,-1,-1
281,100,796.831,423.747,184.325,492.620,0.946725,-1,-1,-1
281,103,583.336,456.601,27.096,59.788,0.638802,-1,-1,-1
281,105,548.575,453.523,27.274,60.510,0.633934,-1,-1,-1
281,107,1146.587,443.781,37.361,86.019,0.528883,-1,-1,-1
281,89,794.877,458.781,33.739,76.565,0.435598,-1,-1,-1
281,106,1335.233,442.117,42.538,101.422,0.812612,-1,-1,-1
281,124,670.102,473.855,57.372,126.017,0.728416,-1,-1,-1
281,125,1042.811,410.500,166.548,394.745,0.599462,-1,-1,-1
281,5,1691.097,427.872,85.838,165.067,0.545024,-1,-1,-1
281,44,308.238,446.332,39.738,116.243,0.419679,-1,-1,-1
281,57,1128.341,442.947,31.051,76.358,0.136617,-1,-1,-1
281,123,1837.722,444.598,73.453,201.861,0.552154,-1,-1,-1
281,78,749.177,468.241,56.327,148.742,0.368414,-1,-1,-1
281,128,638.957,454.744,27.873,62.950,0.558061,-1,-1,-1
282,11,1050.642,422.247,135.914,281.346,0.382924,-1,-1,-1
282,13,972.855,399.221,229.477,649.507,0.918218,-1,-1,-1
282,72,712.352,451.985,86.513,191.573,0.876309,-1,-1,-1
282,65,575.415,456.862,27.391,59.783,0.649702,-1,-1,-1
282,50,503.028,454.442,47.607,103.085,0.875505,-1,-1,-1
282,86,1533.166,416.152,151.045,320.696,0.889024,-1,-1,-1
282,64,379.888,460.314,56.138,113.883,0.830677,-1,-1,-1
282,56,448.629,457.099,46.831,100.240,0.674201,-1,-1,-1
282,92,600.661,454.069,27.942,59.738,0.501421,-1,-1,-1
282,32,1424.970,416.369,189.517,438.160,0.913113,-1,-1,-1
282,100,797.650,424.352,185.382,493.663,0.954339,-1,-1,-1
282,103,582.938,455.700,27.249,60.389,0.611058,-1,-1,-1
282,105,547.908,453.989,27.168,60.354,0.640434,-1,-1,-1
282,107,1146.869,446.011,37.638,86.501,0.608082,-1,-1,-1
282,89,794.930,459.305,33.385,76.152,0.456349,-1,-1,-1
282,106,1336.869,441.872,42.560,102.775,0.816272,-1,-1,-1
282,124,672.573,475.698,56.198,122.644,0.687567,-1,-1,-1
282,125,1040.917,403.043,172.228,408.526,0.642479,-1,-1,-1
282,5,1699.270,425.684,82.840,158.876,0.282806,-1,-1,-1
282,44,309.019,448.161,38.323,111.949,0.574782,-1,-1,-1
282,57,1126.208,443.526,31.038,76.563,0.124119,-1,-1,-1
282,123,1838.164,446.603,73.938,199.375,0.563655,-1,-1,-1
282,128,638.681,455.564,26.965,60.828,0.547695,-1,-1,-1
282,130,1546.753,425.900,89.530,253.854,0.892039,-1,-1,-1
283,11,1044.991,418.543,154.009,324.840,0.699507,-1,-1,-1
283,13,977.428,394.638,232.322,653.043,0.922861,-1,-1,-1
283,72,714.004,453.439,86.565,190.607,0.886913,-1,-1,-1
283,65,576.126,457.550,26.969,58.997,0.694125,-1,-1,-1
283,50,502.645,453.907,48.062,104.155,0.864232,-1,-1,-1
283,64,379.796,461.909,55.456,112.544,0.829876,-1,-1,-1
283,56,446.694,455.529,45.858,98.643,0.707277,-1,-1,-1
283,92,600.128,454.863,27.457,58.966,0.463850,-1,-1,-1
283,32,1445.321,414.345,190.479,440.364,0.922687,-1,-1,-1
283,100,802.666,427.152,186.064,491.167,0.948713,-1,-1,-1
283,103,582.695,455.254,27.348,61.027,0.556887,-1,-1,-1
283,105,548.105,454.093,27.207,60.603,0.634181,-1,-1,-1
283,107,1145.853,446.400,40.788,93.956,0.643400,-1,-1,-1
283,89,795.982,459.568,33.448,76.728,0.542586,-1,-1,-1
283,106,1339.199,442.635,41.982,102.486,0.772376,-1,-1,-1
283,124,675.168,481.091,54.312,117.262,0.684371,-1,-1,-1
283,125,1045.728,406.253,177.028,415.781,0.612256,-1,-1,-1
283,5,1707.511,428.497,79.201,153.186,0.133349,-1,-1,-1
283,44,310.111,449.023,36.699,107.209,0.585888,-1,-1,-1
283,123,1838.099,446.149,75.485,200.710,0.544529,-1,-1,-1
283,128,639.955,456.040,26.976,60.906,0.506330,-1,-1,-1
283,130,1536.585,418.270,90.368,255.880,0.845527,-1,-1,-1
284,11,1046.594,416.429,150.951,323.594,0.557731,-1,-1,-1
284,13,986.887,397.876,233.617,650.184,0.937626,-1,-1,-1
284,72,715.169,453.389,86.691,190.820,0.898880,-1,-1,-1
284,65,577.292,457.441,26.606,58.480,0.645454,-1,-1,-1
284,50,502.542,453.036,48.602,105.287,0.865324,-1,-1,-1
284,64,379.881,461.601,55.323,112.495,0.842200,-1,-1,-1
284,56,446.412,456.223,45.646,98.896,0.703097,-1,-1,-1
284,92,600.529,455.171,27.184,58.577,0.454390,-1,-1,-1
284,32,1456.644,418.674,186.934,435.844,0.934039,-1,-1,-1
284,100,805.928,427.883,187.938,490.743,0.954763,-1,-1,-1
284,105,548.847,454.272,26.953,60.173,0.611042,-1,-1,-1
284,107,1145.661,445.314,42.612,98.481,0.743500,-1,-1,-1
284,89,796.104,458.723,33.877,78.500,0.559403,-1,-1,-1
284,106,1341.868,441.756,41.756,103.117,0.848354,-1,-1,-1
284,124,672.750,479.418,55.571,118.784,0.621997,-1,-1,-1
284,125,1052.726,407.453,171.108,396.157,0.499890,-1,-1,-1
284,5,1690.759,427.958,83.690,156.010,0.668211,-1,-1,-1
284,44,311.074,451.060,35.870,104.711,0.491605,-1,-1,-1
284,123,1837.571,447.675,75.440,197.103,0.552785,-1,-1,-1
284,128,641.085,454.659,28.229,63.596,0.306960,-1,-1,-1
284,130,1539.694,440.596,82.704,233.965,0.173582,-1,-1,-1
284,131,969.784,443.204,43.892,92.530,0.617077,-1,-1,-1
284,86,1458.364,409.118,149.625,324.599,0.807042,-1,-1,-1
285,11,1037.902,406.617,157.494,337.071,0.120578,-1,-1,-1
285,13,991.620,397.632,235.489,650.285,0.942362,-1,-1,-1
285,72,714.170,451.516,88.182,193.258,0.885952,-1,-1,-1
285,65,577.265,457.451,26.704,58.767,0.694097,-1,-1,-1
285,50,501.869,452.554,48.864,105.783,0.870041,-1,-1,-1
285,64,379.215,462.031,55.395,112.351,0.800336,-1,-1,-1
285,56,446.816,454.003,46.067,100.158,0.600002,-1,-1,-1
285,92,601.398,455.769,26.737,57.567,0.471496,-1,-1,-1
285,32,1468.977,419.590,184.222,436.789,0.940355,-1,-1,-1
285,100,810.744,428.525,190.869,490.813,0.956299,-1,-1,-1
285,105,549.418,453.789,27.168,60.933,0.643187,-1,-1,-1
285,107,1148.276,442.737,42.600,97.926,0.782445,-1,-1,-1
285,89,799.164,460.001,37.621,87.564,0.621808,-1,-1,-1
285,106,1344.189,441.267,41.714,103.639,0.850995,-1,-1,-1
285,124,671.292,481.361,57.205,121.346,0.271990,-1,-1,-1
285,5,1683.395,422.770,88.144,159.974,0.541049,-1,-1,-1
285,44,312.033,452.778,32.590,94.517,0.434557,-1,-1,-1
285,123,1835.184,439.260,79.258,205.280,0.612419,-1,-1,-1
285,128,643.484,452.940,30.040,67.327,0.321166,-1,-1,-1
285,131,962.047,443.460,57.811,122.259,0.739920,-1,-1,-1
285,86,1443.397,412.336,158.175,352.136,0.837830,-1,-1,-1
285,20,1466.300,429.831,76.808,235.132,0.663735,-1,-1,-1
286,11,1047.486,411.459,136.257,292.558,0.519761,-1,-1,-1
286,13,995.354,395.384,237.538,651.124,0.946428,-1,-1,-1
286,72,714.925,450.857,89.919,197.383,0.899410,-1,-1,-1
286,65,576.995,457.037,26.960,59.524,0.657884,-1,-1,-1
286,50,501.533,452.030,49.106,106.211,0.866938,-1,-1,-1
286,64,378.307,461.395,56.021,113.494,0.824838,-1,-1,-1
286,56,446.215,451.566,46.777,101.618,0.616010,-1,-1,-1
286,92,601.115,455.897,26.789,57.744,0.477842,-1,-1,-1
286,32,1477.527,421.225,183.433,437.824,0.952928,-1,-1,-1
286,100,813.840,428.161,193.239,491.052,0.955471,-1,-1,-1
286,105,550.163,453.657,27.101,61.143,0.631284,-1,-1,-1
286,107,1147.556,442.320,44.189,101.192,0.803363,-1,-1,-1
286,89,801.969,464.658,37.509,87.397,0.622552,-1,-1,-1
286,106,1346.097,441.430,41.722,103.873,0.873888,-1,-1,-1
286,124,671.283,475.533,59.406,124.806,0.617177,-1,-1,-1
286,5,1678.263,425.499,88.950,156.818,0.530011,-1,-1,-1
286,44,312.473,453.824,31.066,89.357,0.442637,-1,-1,-1
286,123,1834.968,445.692,78.132,198.772,0.446783,-1,-1,-1
286,128,642.664,451.595,31.865,71.495,0.396603,-1,-1,-1
286,131,956.124,449.701,65.478,138.775,0.758515,-1,-1,-1
286,86,1436.635,415.237,156.311,359.944,0.732498,-1,-1,-1
286,20,1467.145,430.508,85.311,266.882,0.801797,-1,-1,-1
287,11,1053.212,412.351,125.659,271.801,0.504276,-1,-1,-1
287,13,996.863,396.164,238.519,650.211,0.943456,-1,-1,-1
287,72,716.861,445.246,92.328,202.834,0.919864,-1,-1,-1
287,65,576.881,457.277,26.815,59.379,0.652024,-1,-1,-1
287,50,501.919,452.193,49.010,106.144,0.873529,-1,-1,-1
287,64,378.055,461.978,54.696,110.707,0.850538,-1,-1,-1
287,56,447.455,455.552,45.512,99.517,0.592683,-1,-1,-1
287,92,603.644,455.571,26.936,58.250,0.525510,-1,-1,-1
287,32,1490.133,424.462,184.757,436.168,0.948617,-1,-1,-1
287,100,814.744,428.592,194.964,490.674,0.952394,-1,-1,-1
287,105,550.892,454.258,26.981,61.423,0.637872,-1,-1,-1
287,107,1147.972,443.465,43.803,100.678,0.796738,-1,-1,-1
287,89,800.684,460.217,39.637,93.400,0.612009,-1,-1,-1
287,106,1347.212,442.509,41.452,103.272,0.854619,-1,-1,-1
287,124,684.440,475.548,51.647,108.389,0.605999,-1,-1,-1
287,5,1674.452,427.046,94.465,164.040,0.474972,-1,-1,-1
287,44,311.529,453.779,34.662,98.982,0.449008,-1,-1,-1
287,123,1834.933,457.254,75.121,186.662,0.562389,-1,-1,-1
287,128,646.914,457.554,31.247,70.190,0.467559,-1,-1,-1
287,131,956.725,448.366,66.648,142.445,0.771283,-1,-1,-1
287,86,1438.929,417.466,150.173,358.245,0.602810,-1,-1,-1
287,20,1474.088,428.353,83.203,264.599,0.802619,-1,-1,-1
288,11,1060.312,415.316,117.927,257.367,0.399640,-1,-1,-1
288,13,997.264,393.397,240.427,652.154,0.955379,-1,-1,-1
288,72,719.337,443.577,92.834,204.392,0.916083,-1,-1,-1
288,65,577.608,458.866,26.184,58.169,0.598804,-1,-1,-1
288,50,502.740,452.829,48.858,106.679,0.865382,-1,-1,-1
288,64,378.112,462.792,54.782,110.963,0.840190,-1,-1,-1
288,56,447.171,458.723,44.359,97.180,0.602707,-1,-1,-1
288,92,603.530,457.543,26.069,56.385,0.464210,-1,-1,-1
288,32,1504.774,428.709,188.126,433.831,0.959599,-1,-1,-1
288,100,816.855,427.985,196.153,490.288,0.944582,-1,-1,-1
288,105,550.790,455.426,26.488,60.779,0.622244,-1,-1,-1
288,107,1149.308,441.517,43.990,101.278,0.822441,-1,-1,-1
288,89,800.615,462.800,39.657,93.940,0.637560,-1,-1,-1
288,106,1350.039,442.063,42.552,105.049,0.822569,-1,-1,-1
288,124,683.695,477.805,53.397,111.642,0.691535,-1,-1,-1
288,5,1669.811,426.919,101.341,174.470,0.551960,-1,-1,-1
288,44,310.827,453.542,36.272,102.843,0.435558,-1,-1,-1
288,123,1830.301,408.319,94.461,240.550,0.620370,-1,-1,-1
288,128,650.558,460.086,32.423,73.251,0.626352,-1,-1,-1
288,131,957.992,457.703,63.248,135.685,0.719408,-1,-1,-1
288,86,1447.828,410.861,150.226,368.289,0.863586,-1,-1,-1
288,20,1480.506,418.014,85.391,273.434,0.675332,-1,-1,-1
288,97,695.163,469.265,41.476,93.266,0.610538,-1,-1,-1
288,78,791.274,457.115,38.788,103.035,0.665784,-1,-1,-1
289,11,1062.918,417.023,111.799,243.403,0.264383,-1,-1,-1
289,13,997.975,395.311,240.876,649.129,0.940792,-1,-1,-1
289,72,723.400,440.756,93.006,205.536,0.912195,-1,-1,-1
289,50,503.393,453.087,48.743,106.899,0.855623,-1,-1,-1
289,64,377.554,463.205,53.894,108.850,0.801246,-1,-1,-1
289,56,446.781,455.120,41.740,91.928,0.392513,-1,-1,-1
289,92,603.609,457.996,25.900,55.983,0.501563,-1,-1,-1
289,32,1518.098,432.964,192.805,432.561,0.966319,-1,-1,-1
289,100,817.139,428.704,197.454,490.443,0.947284,-1,-1,-1
289,105,549.959,455.333,26.209,60.309,0.619160,-1,-1,-1
289,107,1151.077,441.208,43.946,100.978,0.810598,-1,-1,-1
289,89,801.492,461.269,38.943,93.347,0.751281,-1,-1,-1
289,106,1353.422,442.145,42.903,104.807,0.843032,-1,-1,-1
289,124,676.123,480.527,55.075,113.535,0.716773,-1,-1,-1
289,5,1671.688,427.164,97.708,164.065,0.576154,-1,-1,-1
289,44,310.496,452.425,36.893,104.725,0.624849,-1,-1,-1
289,123,1832.353,433.306,85.012,212.436,0.542248,-1,-1,-1
289,128,651.689,460.583,32.891,74.533,0.680016,-1,-1,-1
289,131,963.260,464.116,63.437,138.119,0.340501,-1,-1,-1
289,86,1448.909,411.602,137.505,340.112,0.897400,-1,-1,-1
289,97,695.078,464.907,40.756,91.373,0.561890,-1,-1,-1
289,78,794.318,454.573,35.771,96.422,0.601007,-1,-1,-1
289,103,582.991,458.172,26.150,58.230,0.620799,-1,-1,-1
290,11,1068.278,419.180,103.454,223.772,0.317704,-1,-1,-1
290,13,998.738,396.767,240.708,647.576,0.930737,-1,-1,-1
290,72,726.278,439.577,93.302,206.460,0.917177,-1,-1,-1
290,50,503.680,455.311,46.954,102.604,0.847094,-1,-1,-1
290,64,377.248,465.104,52.985,106.844,0.768279,-1,-1,-1
290,56,445.582,464.190,40.776,89.489,0.589675,-1,-1,-1
290,92,602.793,456.568,26.572,57.342,0.437679,-1,-1,-1
290,32,1519.542,435.482,198.639,432.396,0.964734,-1,-1,-1
290,100,819.835,427.396,198.817,492.482,0.943637,-1,-1,-1
290,105,549.574,455.058,26.480,60.793,0.605204,-1,-1,-1
290,107,1150.241,438.900,46.837,107.661,0.806049,-1,-1,-1
290,89,805.833,469.948,35.371,84.624,0.488466,-1,-1,-1
290,106,1355.174,439.171,44.550,108.004,0.715374,-1,-1,-1
290,124,674.588,478.364,57.823,117.607,0.810143,-1,-1,-1
290,5,1671.380,424.647,106.477,178.147,0.567765,-1,-1,-1
290,44,309.831,450.657,37.703,107.643,0.554559,-1,-1,-1
290,123,1831.958,430.741,85.726,213.882,0.539179,-1,-1,-1
290,128,652.600,461.556,30.785,69.575,0.435302,-1,-1,-1
290,131,960.877,454.461,63.840,140.304,0.600529,-1,-1,-1
290,86,1442.898,410.699,136.215,327.470,0.901797,-1,-1,-1
290,97,689.825,463.246,43.585,96.362,0.506319,-1,-1,-1
290,78,802.531,456.614,32.780,88.593,0.292180,-1,-1,-1
290,65,577.573,457.023,27.036,59.998,0.621007,-1,-1,-1
291,11,1068.693,420.048,102.772,220.800,0.296454,-1,-1,-1
291,13,993.324,397.769,239.150,647.322,0.931405,-1,-1,-1
291,72,728.705,440.777,91.792,205.007,0.924254,-1,-1,-1
291,50,504.530,453.963,47.316,104.331,0.812021,-1,-1,-1
291,64,375.450,464.318,53.156,108.497,0.703391,-1,-1,-1
291,56,445.226,467.418,40.126,88.130,0.513160,-1,-1,-1
291,92,600.142,456.130,26.363,56.909,0.398577,-1,-1,-1
291,32,1523.451,425.898,210.023,446.151,0.972741,-1,-1,-1
291,100,822.051,425.648,200.375,494.626,0.947861,-1,-1,-1
291,105,550.089,455.219,26.510,60.773,0.560191,-1,-1,-1
291,107,1149.802,439.096,49.169,113.267,0.789266,-1,-1,-1
291,89,806.215,479.784,31.878,75.419,0.396721,-1,-1,-1
291,106,1357.180,439.586,45.198,108.508,0.787499,-1,-1,-1
291,124,670.482,475.310,61.866,125.396,0.829361,-1,-1,-1
291,5,1672.398,423.613,104.096,171.053,0.504689,-1,-1,-1
291,44,308.796,449.444,38.831,111.417,0.591007,-1,-1,-1
291,123,1833.651,444.591,81.122,199.673,0.610655,-1,-1,-1
291,128,652.748,459.555,30.420,68.952,0.352716,-1,-1,-1
291,131,960.153,446.465,65.193,146.098,0.695333,-1,-1,-1
291,86,1435.161,412.521,142.573,333.266,0.902265,-1,-1,-1
291,97,691.856,460.332,44.800,99.602,0.586810,-1,-1,-1
291,78,809.920,460.904,28.367,76.331,0.130310,-1,-1,-1
291,65,578.227,456.574,26.900,59.839,0.582877,-1,-1,-1
292,11,1073.100,428.594,97.405,207.162,0.325208,-1,-1,-1
292,13,994.648,400.650,237.743,644.442,0.924573,-1,-1,-1
292,72,735.577,441.456,91.273,206.251,0.914135,-1,-1,-1
292,50,503.571,454.470,46.625,102.682,0.827232,-1,-1,-1
292,64,375.799,466.403,51.265,105.303,0.704764,-1,-1,-1
292,56,441.774,471.843,39.216,84.873,0.436107,-1,-1,-1
292,92,601.671,454.428,26.943,58.277,0.504151,-1,-1,-1
292,32,1520.484,431.264,213.851,442.620,0.959734,-1,-1,-1
292,100,824.832,425.368,201.931,496.671,0.944988,-1,-1,-1
292,105,550.451,454.501,26.109,59.531,0.597799,-1,-1,-1
292,107,1150.468,437.454,50.489,117.205,0.851369,-1,-1,-1
292,89,809.677,479.183,31.771,74.768,0.398343,-1,-1,-1
292,106,1357.683,440.638,45.310,106.496,0.706478,-1,-1,-1
292,124,670.468,477.639,62.504,126.278,0.790470,-1,-1,-1
292,5,1676.488,426.575,100.375,161.665,0.603471,-1,-1,-1
292,44,307.189,458.779,37.382,104.374,0.194975,-1,-1,-1
292,123,1833.818,460.401,75.177,181.597,0.398974,-1,-1,-1
292,128,651.616,456.643,32.639,74.392,0.655948,-1,-1,-1
292,131,959.775,447.076,64.301,145.340,0.762136,-1,-1,-1
292,86,1427.813,424.489,134.797,299.447,0.805291,-1,-1,-1
292,97,693.986,457.808,43.873,97.970,0.587128,-1,-1,-1
292,65,578.185,456.081,27.224,60.469,0.696494,-1,-1,-1
292,20,1511.700,417.118,116.459,342.335,0.752617,-1,-1,-1
293,11,1071.416,427.962,100.662,214.060,0.283934,-1,-1,-1
293,13,999.461,403.484,237.273,640.053,0.931671,-1,-1,-1
293,72,739.618,443.972,88.301,202.490,0.904173,-1,-1,-1
293,50,502.322,453.745,46.661,102.987,0.837552,-1,-1,-1
293,64,374.167,462.599,52.504,108.702,0.786044,-1,-1,-1
293,56,435.413,470.212,41.544,88.085,0.512681,-1,-1,-1
293,92,600.984,455.355,26.466,57.261,0.480125,-1,-1,-1
293,32,1522.492,431.698,221.878,449.634,0.953850,-1,-1,-1
293,100,826.462,424.159,201.586,496.405,0.941241,-1,-1,-1
293,105,550.785,454.383,26.151,59.443,0.586230,-1,-1,-1
293,107,1151.592,436.409,49.861,116.065,0.868035,-1,-1,-1
293,89,810.409,478.055,31.679,74.394,0.369607,-1,-1,-1
293,106,1359.979,441.157,45.782,105.366,0.783547,-1,-1,-1
293,124,675.686,482.158,56.923,114.830,0.711037,-1,-1,-1
293,5,1673.780,429.988,99.221,157.851,0.499525,-1,-1,-1
293,44,310.067,454.036,36.744,103.238,0.524086,-1,-1,-1
293,123,1831.248,466.840,74.742,176.250,0.412288,-1,-1,-1
293,128,652.574,458.154,33.876,77.730,0.675747,-1,-1,-1
293,131,960.484,443.002,62.067,142.897,0.681784,-1,-1,-1
293,86,1413.808,426.287,133.907,290.854,0.858292,-1,-1,-1
293,97,693.361,464.408,43.160,96.504,0.590569,-1,-1,-1
293,65,577.497,457.161,26.428,58.637,0.653108,-1,-1,-1
293,137,1453.751,431.664,67.837,160.208,0.726583,-1,-1,-1
293,20,1511.069,414.419,128.749,354.769,0.666501,-1,-1,-1
293,130,1518.871,428.144,93.248,265.114,0.760146,-1,-1,-1
294,11,1074.089,431.789,97.386,206.215,0.285696,-1,-1,-1
294,13,1000.169,402.202,238.709,640.088,0.939778,-1,-1,-1
294,72,742.840,444.263,85.591,197.473,0.870853,-1,-1,-1
294,50,502.559,455.351,45.436,100.593,0.832463,-1,-1,-1
294,64,373.859,462.261,52.524,109.494,0.790235,-1,-1,-1
294,56,434.707,472.310,41.026,85.462,0.487837,-1,-1,-1
294,92,600.432,455.384,26.031,56.292,0.465977,-1,-1,-1
294,32,1521.225,432.179,228.785,453.843,0.949311,-1,-1,-1
294,100,830.899,425.318,201.060,495.923,0.941970,-1,-1,-1
294,105,552.702,454.656,26.177,59.125,0.589166,-1,-1,-1
294,107,1153.215,436.356,49.132,115.088,0.885548,-1,-1,-1
294,89,809.543,474.687,33.140,77.675,0.393324,-1,-1,-1
294,106,1362.054,441.170,46.082,105.450,0.809827,-1,-1,-1
294,124,676.272,484.911,57.198,115.061,0.725569,-1,-1,-1
294,5,1671.176,433.102,101.366,160.393,0.570142,-1,-1,-1
294,44,310.820,451.804,36.304,102.339,0.498114,-1,-1,-1
294,123,1829.121,446.160,84.198,197.940,0.496617,-1,-1,-1
294,128,653.195,458.342,33.838,78.092,0.684555,-1,-1,-1
294,131,958.911,443.812,63.707,147.083,0.383169,-1,-1,-1
294,86,1404.023,424.681,136.542,292.664,0.933745,-1,-1,-1
294,97,681.190,473.702,44.495,97.216,0.613061,-1,-1,-1
294,65,575.698,457.723,26.175,58.008,0.663122,-1,-1,-1
294,20,1509.818,424.944,131.862,352.797,0.728286,-1,-1,-1
294,130,1522.376,427.882,97.159,273.497,0.612738,-1,-1,-1
294,103,582.757,458.140,25.696,57.457,0.608286,-1,-1,-1
295,11,1074.621,440.711,94.352,196.767,0.312949,-1,-1,-1
295,13,997.965,400.218,239.034,640.579,0.935369,-1,-1,-1
295,72,747.867,445.796,83.767,193.879,0.855308,-1,-1,-1
295,50,502.930,455.935,45.751,101.070,0.847575,-1,-1,-1
295,64,373.698,463.021,52.134,109.533,0.809781,-1,-1,-1
295,56,428.752,472.837,44.166,88.054,0.560791,-1,-1,-1
295,92,596.654,455.188,26.023,56.388,0.451801,-1,-1,-1
295,32,1517.923,429.426,233.556,454.362,0.939603,-1,-1,-1
295,100,833.566,422.873,202.073,500.250,0.943973,-1,-1,-1
295,105,552.362,455.887,25.969,58.341,0.585142,-1,-1,-1
295,107,1155.926,439.969,48.563,113.579,0.859192,-1,-1,-1
295,89,810.273,474.793,32.425,75.582,0.322584,-1,-1,-1
295,106,1366.556,441.257,45.896,104.739,0.841851,-1,-1,-1
295,124,676.731,484.928,57.574,115.847,0.720677,-1,-1,-1
295,5,1667.943,428.723,113.533,180.969,0.705280,-1,-1,-1
295,44,311.767,452.603,33.764,94.875,0.451990,-1,-1,-1
295,123,1827.211,437.437,89.070,209.099,0.557064,-1,-1,-1
295,128,654.793,463.680,32.196,74.123,0.663466,-1,-1,-1
295,131,961.100,461.601,58.202,132.640,0.277907,-1,-1,-1
295,86,1402.361,423.686,139.036,291.572,0.932356,-1,-1,-1
295,97,678.012,479.152,39.945,82.957,0.314289,-1,-1,-1
295,65,575.653,457.884,26.003,57.649,0.649380,-1,-1,-1
295,20,1525.318,421.802,120.489,312.069,0.823531,-1,-1,-1
295,130,1531.043,431.264,90.644,251.579,0.650801,-1,-1,-1
295,103,583.121,457.808,25.808,57.798,0.623839,-1,-1,-1
296,11,1071.314,443.210,104.311,218.241,0.278827,-1,-1,-1
296,13,998.903,401.874,238.724,638.606,0.933871,-1,-1,-1
296,72,751.752,444.794,85.205,198.979,0.885835,-1,-1,-1
296,50,502.660,455.545,45.345,100.491,0.816019,-1,-1,-1
296,64,373.275,462.113,52.528,111.227,0.837811,-1,-1,-1
296,56,427.033,473.275,46.240,88.448,0.645151,-1,-1,-1
296,92,595.283,454.909,26.035,56.457,0.461191,-1,-1,-1
296,32,1519.264,425.812,238.353,457.302,0.943972,-1,-1,-1
296,100,835.550,422.221,201.015,502.039,0.944773,-1,-1,-1
296,105,553.254,455.646,26.177,58.742,0.585762,-1,-1,-1
296,107,1156.721,439.967,49.114,114.056,0.865472,-1,-1,-1
296,89,808.569,473.873,32.258,74.872,0.369983,-1,-1,-1
296,106,1371.262,440.551,45.666,105.219,0.798978,-1,-1,-1
296,124,674.819,483.213,59.673,120.793,0.752580,-1,-1,-1
296,5,1676.350,427.063,108.909,174.968,0.677155,-1,-1,-1
296,44,309.963,452.217,37.535,105.793,0.615366,-1,-1,-1
296,123,1827.210,437.500,89.094,208.058,0.562817,-1,-1,-1
296,128,655.967,466.127,30.332,69.602,0.617310,-1,-1,-1
296,131,965.133,451.843,52.874,120.788,0.608996,-1,-1,-1
296,86,1400.115,423.789,141.495,290.966,0.920362,-1,-1,-1
296,65,575.909,457.664,25.958,57.617,0.645944,-1,-1,-1
296,20,1545.435,424.294,105.295,265.725,0.788700,-1,-1,-1
296,103,583.078,457.546,25.633,57.418,0.629730,-1,-1,-1
297,11,1068.849,444.156,109.123,229.344,0.249841,-1,-1,-1
297,13,997.230,402.068,236.979,636.361,0.934145,-1,-1,-1
297,72,753.926,442.001,86.935,204.245,0.892876,-1,-1,-1
297,50,502.353,454.435,45.708,101.572,0.834868,-1,-1,-1
297,64,373.283,462.460,52.107,111.208,0.803152,-1,-1,-1
297,56,426.083,473.612,47.663,88.021,0.593249,-1,-1,-1
297,92,593.725,454.156,26.372,57.198,0.496911,-1,-1,-1
297,32,1522.898,420.336,244.273,462.763,0.940005,-1,-1,-1
297,100,836.716,422.343,199.377,501.598,0.943472,-1,-1,-1
297,105,553.902,455.007,26.417,59.183,0.578375,-1,-1,-1
297,107,1157.318,438.775,49.794,114.094,0.841975,-1,-1,-1
297,89,809.332,466.117,34.813,81.410,0.370199,-1,-1,-1
297,106,1373.103,438.428,46.704,108.478,0.754761,-1,-1,-1
297,124,673.415,482.143,60.923,123.620,0.754912,-1,-1,-1
297,5,1681.881,425.604,105.403,170.566,0.587216,-1,-1,-1
297,44,309.177,451.503,39.780,112.374,0.542036,-1,-1,-1
297,123,1821.275,400.356,104.438,248.880,0.595745,-1,-1,-1
297,128,655.224,463.140,30.672,70.183,0.598258,-1,-1,-1
297,131,966.568,461.716,49.147,113.828,0.373950,-1,-1,-1
297,86,1395.222,422.286,142.213,292.074,0.921998,-1,-1,-1
297,65,575.841,457.128,26.102,57.901,0.674952,-1,-1,-1
297,20,1549.350,421.505,109.102,277.753,0.815572,-1,-1,-1
297,103,583.974,455.701,26.588,59.508,0.561234,-1,-1,-1
298,11,1074.118,450.505,103.702,218.053,0.379966,-1,-1,-1
298,13,1004.277,401.428,237.818,635.426,0.942908,-1,-1,-1
298,72,755.223,441.734,86.342,202.559,0.909712,-1,-1,-1
298,50,502.033,452.655,46.516,103.434,0.849972,-1,-1,-1
298,64,373.510,462.482,51.857,111.260,0.787384,-1,-1,-1
298,56,430.140,472.209,48.311,88.087,0.551556,-1,-1,-1
298,92,592.660,455.041,26.171,56.669,0.512254,-1,-1,-1
298,32,1527.876,427.607,243.203,455.587,0.926370,-1,-1,-1
298,100,838.052,420.524,198.887,504.904,0.947526,-1,-1,-1
298,105,553.833,454.617,26.681,59.752,0.578188,-1,-1,-1
298,107,1158.265,439.245,50.401,112.722,0.864148,-1,-1,-1
298,89,807.050,463.697,35.986,84.322,0.301926,-1,-1,-1
298,106,1374.647,437.320,46.123,108.987,0.517073,-1,-1,-1
298,124,674.286,482.373,59.853,121.809,0.727732,-1,-1,-1
298,5,1683.485,426.499,103.947,168.891,0.657573,-1,-1,-1
298,44,308.402,449.062,41.874,116.445,0.473482,-1,-1,-1
298,123,1819.900,391.049,107.435,260.040,0.627250,-1,-1,-1
298,128,654.441,460.684,29.776,68.142,0.371904,-1,-1,-1
298,131,961.216,459.436,62.585,146.158,0.623016,-1,-1,-1
298,86,1391.230,423.373,138.545,285.639,0.916595,-1,-1,-1
298,65,575.776,457.429,26.191,57.990,0.664251,-1,-1,-1
298,20,1562.434,426.199,100.479,252.287,0.809998,-1,-1,-1
298,103,582.747,455.337,27.278,60.824,0.548807,-1,-1,-1
298,97,686.481,472.140,50.027,105.069,0.622403,-1,-1,-1
299,11,1067.722,446.712,110.868,233.187,0.318322,-1,-1,-1
299,13,1008.922,400.899,239.683,635.386,0.949661,-1,-1,-1
299,72,757.880,443.808,86.427,202.698,0.920248,-1,-1,-1
299,50,501.739,452.746,46.578,103.846,0.796757,-1,-1,-1
299,64,374.970,464.640,50.787,108.756,0.802133,-1,-1,-1
299,56,429.073,472.011,50.297,89.522,0.567907,-1,-1,-1
299,92,592.298,455.429,26.074,56.510,0.509643,-1,-1,-1
299,32,1536.717,426.106,246.150,459.668,0.935367,-1,-1,-1
299,100,839.687,421.081,197.584,506.252,0.945463,-1,-1,-1
299,105,552.781,454.238,26.926,60.102,0.565996,-1,-1,-1
299,107,1160.122,440.103,50.833,111.239,0.859192,-1,-1,-1
299,89,806.579,458.275,37.831,89.323,0.200029,-1,-1,-1
299,106,1378.997,435.032,45.414,108.608,0.652125,-1,-1,-1
299,124,673.511,482.430,60.495,123.876,0.748003,-1,-1,-1
299,5,1689.993,425.070,100.362,164.989,0.157340,-1,-1,-1
299,44,307.913,451.477,40.775,112.682,0.257674,-1,-1,-1
299,123,1820.251,392.815,106.053,259.904,0.550343,-1,-1,-1
299,128,654.636,460.761,28.439,65.033,0.362894,-1,-1,-1
299,131,956.740,457.023,67.637,158.992,0.483465,-1,-1,-1
299,86,1384.449,435.806,129.812,269.384,0.929155,-1,-1,-1
299,65,576.193,457.339,26.164,57.735,0.664264,-1,-1,-1
299,20,1560.931,423.378,117.335,298.697,0.845076,-1,-1,-1
299,142,729.685,473.644,50.578,122.564,0.663791,-1,-1,-1
299,143,1006.292,453.726,30.386,77.228,0.621187,-1,-1,-1
299,97,691.327,472.647,47.474,99.714,0.593357,-1,-1,-1
300,11,1064.092,438.355,115.435,242.975,0.289171,-1,-1,-1
300,13,1015.940,402.117,240.557,631.268,0.953071,-1,-1,-1
300,72,759.792,442.966,87.679,206.749,0.922781,-1,-1,-1
300,50,501.532,450.638,47.700,106.501,0.809403,-1,-1,-1
300,64,374.677,466.278,50.862,108.332,0.751328,-1,-1,-1
300,56,422.622,469.423,53.726,93.264,0.462858,-1,-1,-1
300,92,590.802,456.396,25.764,55.566,0.510131,-1,-1,-1
300,32,1570.861,423.424,241.623,463.806,0.929143,-1,-1,-1
300,100,841.126,420.389,196.706,509.297,0.947395,-1,-1,-1
300,105,552.005,453.620,27.113,60.255,0.587605,-1,-1,-1
300,107,1161.882,439.959,51.767,111.650,0.878333,-1,-1,-1
300,89,804.262,456.142,39.206,93.063,0.235962,-1,-1,-1
300,106,1380.712,428.774,49.868,121.671,0.359158,-1,-1,-1
300,124,676.646,483.286,56.049,114.782,0.740359,-1,-1,-1
300,5,1682.772,421.502,110.046,182.342,0.565004,-1,-1,-1
300,44,308.035,452.098,41.628,114.306,0.366552,-1,-1,-1
300,123,1822.320,402.753,101.244,249.391,0.615088,-1,-1,-1
300,128,654.470,460.973,28.697,65.864,0.338681,-1,-1,-1
300,131,956.995,451.189,68.067,163.199,0.294577,-1,-1,-1
300,86,1371.826,421.384,133.925,285.299,0.940838,-1,-1,-1
300,65,577.389,457.251,26.119,57.269,0.666836,-1,-1,-1
300,20,1571.046,423.786,118.412,302.822,0.861236,-1,-1,-1
300,142,730.979,475.858,50.505,122.537,0.762513,-1,-1,-1
300,143,1005.581,455.481,30.312,77.036,0.608886,-1,-1,-1
300,97,693.336,476.145,47.918,101.894,0.623571,-1,-1,-1
300,78,834.744,455.184,37.081,97.218,0.639254,-1,-1,-1
301,11,1065.764,441.432,110.315,231.672,0.243091,-1,-1,-1
301,13,1017.851,402.970,240.998,625.331,0.946135,-1,-1,-1
301,72,762.019,441.574,88.387,210.397,0.928462,-1,-1,-1
301,50,501.008,449.060,48.356,108.809,0.811677,-1,-1,-1
301,64,374.549,464.084,52.228,111.185,0.771510,-1,-1,-1
301,56,421.402,471.039,53.603,90.503,0.399239,-1,-1,-1
301,92,592.107,456.866,25.583,55.156,0.478910,-1,-1,-1
301,32,1582.696,415.411,241.404,472.045,0.938512,-1,-1,-1
301,100,842.189,420.280,196.100,513.138,0.943376,-1,-1,-1
301,105,551.399,453.987,27.545,61.144,0.626038,-1,-1,-1
301,107,1164.215,442.383,51.525,109.222,0.869927,-1,-1,-1
301,89,804.719,456.215,39.759,95.102,0.238129,-1,-1,-1
301,106,1380.436,435.639,48.308,118.128,0.358266,-1,-1,-1
301,124,675.159,481.387,56.220,115.979,0.753610,-1,-1,-1
301,5,1695.012,423.177,101.711,172.583,0.759705,-1,-1,-1
301,44,308.088,452.682,41.662,114.012,0.245362,-1,-1,-1
301,123,1822.633,405.540,99.611,246.757,0.632048,-1,-1,-1
301,128,656.243,468.056,27.538,62.633,0.418340,-1,-1,-1
301,131,956.094,456.671,69.462,167.681,0.299181,-1,-1,-1
301,86,1363.452,420.006,129.907,286.034,0.915653,-1,-1,-1
301,20,1584.085,425.728,104.588,262.934,0.888299,-1,-1,-1
301,142,732.967,475.900,50.630,123.241,0.834423,-1,-1,-1
301,143,1003.143,456.442,29.992,76.215,0.504583,-1,-1,-1
301,97,700.831,479.630,49.169,106.783,0.713277,-1,-1,-1
301,144,10.449,478.598,98.335,394.646,0.825402,-1,-1,-1
301,78,837.066,455.582,37.280,95.607,0.592535,-1,-1,-1
301,103,582.177,458.205,25.997,57.390,0.668059,-1,-1,-1
302,11,1070.665,441.339,98.709,204.436,0.245002,-1,-1,-1
302,13,1019.005,407.549,237.653,607.590,0.934143,-1,-1,-1
302,72,764.702,444.053,88.019,208.769,0.924175,-1,-1,-1
302,50,500.972,448.975,48.694,110.269,0.837707,-1,-1,-1
302,64,375.306,463.016,52.083,111.149,0.781219,-1,-1,-1
302,56,421.515,463.420,56.123,95.580,0.390749,-1,-1,-1
302,92,591.692,455.564,26.052,56.202,0.506417,-1,-1,-1
302,32,1578.142,411.010,244.492,480.375,0.938271,-1,-1,-1
302,100,841.890,418.354,196.602,520.366,0.937926,-1,-1,-1
302,105,550.182,454.135,27.876,61.851,0.683409,-1,-1,-1
302,107,1167.286,444.178,51.079,106.490,0.877292,-1,-1,-1
302,89,806.782,456.959,39.921,95.011,0.205505,-1,-1,-1
302,106,1371.818,430.838,56.370,141.132,0.317087,-1,-1,-1
302,124,674.519,480.595,57.558,119.434,0.776035,-1,-1,-1
302,5,1701.863,423.774,95.601,165.520,0.730155,-1,-1,-1
302,44,308.432,452.567,41.764,114.156,0.225236,-1,-1,-1
302,123,1821.531,395.141,102.398,256.077,0.659415,-1,-1,-1
302,128,656.157,464.798,29.144,65.844,0.346411,-1,-1,-1
302,131,955.045,452.034,69.493,170.665,0.274684,-1,-1,-1
302,86,1355.183,429.737,122.607,276.195,0.913939,-1,-1,-1
302,20,1583.473,421.198,121.288,305.816,0.866180,-1,-1,-1
302,142,733.225,475.573,50.272,122.611,0.811570,-1,-1,-1
302,143,1006.312,457.479,29.286,74.372,0.603646,-1,-1,-1
302,97,697.637,477.605,49.416,108.241,0.659110,-1,-1,-1
302,144,17.461,516.423,88.990,354.106,0.829613,-1,-1,-1
302,78,839.784,456.977,36.528,91.839,0.581913,-1,-1,-1
302,103,581.688,456.991,26.551,58.442,0.717758,-1,-1,-1
303,11,1076.984,443.157,87.030,179.601,0.255747,-1,-1,-1
303,13,1021.884,407.464,239.027,602.328,0.938165,-1,-1,-1
303,72,765.948,442.112,89.597,213.315,0.924676,-1,-1,-1
303,50,500.628,447.962,49.348,112.095,0.827904,-1,-1,-1
303,64,374.024,461.567,52.521,111.873,0.816394,-1,-1,-1
303,56,420.319,464.533,56.598,94.436,0.578350,-1,-1,-1
303,92,593.209,454.636,26.384,56.944,0.480735,-1,-1,-1
303,32,1602.248,405.836,242.085,488.161,0.947869,-1,-1,-1
303,100,842.040,416.577,196.562,526.292,0.944207,-1,-1,-1
303,105,549.785,454.679,27.653,61.192,0.655127,-1,-1,-1
303,107,1169.211,444.348,50.779,105.730,0.839695,-1,-1,-1
303,89,806.870,455.779,38.664,92.741,0.112238,-1,-1,-1
303,106,1370.275,427.440,63.937,155.437,0.339753,-1,-1,-1
303,124,676.798,480.912,55.210,114.217,0.738212,-1,-1,-1
303,5,1710.348,430.121,91.799,164.008,0.156806,-1,-1,-1
303,44,308.114,451.177,40.718,111.481,0.182692,-1,-1,-1
303,123,1821.560,389.184,103.919,263.322,0.727380,-1,-1,-1
303,128,655.432,461.223,30.096,67.835,0.385616,-1,-1,-1
303,131,954.239,449.771,70.078,174.007,0.337910,-1,-1,-1
303,86,1342.752,432.658,119.570,274.171,0.931505,-1,-1,-1
303,20,1589.020,419.353,130.579,329.695,0.855452,-1,-1,-1
303,142,734.330,476.232,50.140,122.630,0.818206,-1,-1,-1
303,143,1007.874,457.607,29.677,75.320,0.563461,-1,-1,-1
303,97,695.314,476.530,48.758,107.207,0.667222,-1,-1,-1
303,144,18.633,515.186,90.657,356.612,0.872255,-1,-1,-1
303,78,840.371,455.461,38.103,94.324,0.654344,-1,-1,-1
303,146,541.509,449.816,29.542,67.574,0.604705,-1,-1,-1
303,65,577.126,456.338,26.526,57.881,0.692887,-1,-1,-1
304,11,1090.196,443.346,86.093,181.203,0.224245,-1,-1,-1
304,13,1021.579,408.842,244.618,610.680,0.934159,-1,-1,-1
304,72,768.045,439.916,91.606,218.853,0.927288,-1,-1,-1
304,50,499.787,448.892,49.303,111.918,0.827435,-1,-1,-1
304,64,373.213,460.225,52.910,113.767,0.826124,-1,-1,-1
304,56,416.398,461.644,60.849,101.108,0.691760,-1,-1,-1
304,92,590.141,455.231,26.391,56.716,0.590088,-1,-1,-1
304,32,1614.212,404.276,240.395,495.428,0.949063,-1,-1,-1
304,100,843.301,415.467,196.267,531.786,0.944119,-1,-1,-1
304,105,549.603,455.067,27.828,61.308,0.698868,-1,-1,-1
304,107,1174.167,443.489,50.291,105.562,0.862086,-1,-1,-1
304,89,811.729,460.141,39.543,94.983,0.156318,-1,-1,-1
304,106,1364.895,424.636,68.172,163.738,0.190730,-1,-1,-1
304,124,674.622,481.629,58.501,121.826,0.814561,-1,-1,-1
304,44,308.099,451.194,40.804,111.768,0.241230,-1,-1,-1
304,123,1822.755,388.501,103.138,264.892,0.682069,-1,-1,-1
304,128,659.881,462.523,32.882,73.918,0.651686,-1,-1,-1
304,131,956.911,452.496,66.668,168.318,0.302379,-1,-1,-1
304,86,1333.606,424.371,121.026,281.885,0.944157,-1,-1,-1
304,20,1589.060,419.615,140.829,360.259,0.883538,-1,-1,-1
304,142,736.269,476.538,50.368,122.757,0.814171,-1,-1,-1
304,143,1008.080,457.581,29.547,75.145,0.525557,-1,-1,-1
304,97,693.552,476.053,48.840,107.544,0.678823,-1,-1,-1
304,144,18.642,515.455,92.338,357.924,0.900556,-1,-1,-1
304,78,842.132,457.202,39.391,95.674,0.585743,-1,-1,-1
304,146,542.477,451.866,28.449,65.079,0.653784,-1,-1,-1
304,147,622.074,454.688,26.642,57.670,0.608221,-1,-1,-1
304,148,1162.079,443.592,43.458,106.432,0.626022,-1,-1,-1
304,103,581.159,457.266,26.801,58.129,0.727618,-1,-1,-1
305,11,1083.095,447.712,97.627,205.763,0.222603,-1,-1,-1
305,13,1019.404,407.966,246.890,611.239,0.929855,-1,-1,-1
305,72,768.729,440.878,91.383,218.649,0.924248,-1,-1,-1
305,50,500.119,450.089,48.641,110.509,0.797533,-1,-1,-1
305,64,373.098,459.206,52.875,114.980,0.822751,-1,-1,-1
305,56,413.226,455.596,66.136,109.878,0.768293,-1,-1,-1
305,92,590.606,454.258,26.686,57.514,0.517099,-1,-1,-1
305,32,1630.059,412.955,234.456,496.680,0.951995,-1,-1,-1
305,100,844.846,415.572,194.290,533.429,0.944287,-1,-1,-1
305,105,549.708,455.600,27.642,60.729,0.686705,-1,-1,-1
305,107,1177.137,442.343,49.847,105.773,0.877544,-1,-1,-1
305,89,813.271,460.130,40.678,97.516,0.204464,-1,-1,-1
305,106,1376.437,417.257,68.581,168.766,0.284227,-1,-1,-1
305,124,674.225,482.630,58.997,123.093,0.757705,-1,-1,-1
305,44,307.111,451.888,41.977,114.389,0.289756,-1,-1,-1
305,123,1822.541,392.079,108.034,284.762,0.634654,-1,-1,-1
305,128,660.891,462.222,33.966,76.283,0.595888,-1,-1,-1
305,131,956.038,451.947,66.256,169.613,0.287536,-1,-1,-1
305,86,1324.929,412.331,124.976,293.561,0.949439,-1,-1,-1
305,20,1592.541,411.934,150.307,389.146,0.879265,-1,-1,-1
305,142,736.291,477.556,50.029,121.172,0.787889,-1,-1,-1
305,143,1007.254,458.678,27.321,69.400,0.265399,-1,-1,-1
305,97,694.022,475.359,46.672,102.207,0.655623,-1,-1,-1
305,144,16.320,505.925,96.384,368.196,0.880310,-1,-1,-1
305,78,842.201,455.971,40.987,98.780,0.677224,-1,-1,-1
305,146,540.847,451.615,28.645,65.521,0.613259,-1,-1,-1
305,147,621.826,455.117,26.594,57.499,0.529631,-1,-1,-1
305,148,1159.716,442.396,41.882,102.815,0.643899,-1,-1,-1
305,65,575.597,455.687,27.005,58.685,0.711649,-1,-1,-1
306,11,1088.860,436.785,89.191,186.058,0.154096,-1,-1,-1
306,13,1020.229,409.136,246.365,602.164,0.937917,-1,-1,-1
306,72,769.108,435.702,92.122,222.912,0.920668,-1,-1,-1
306,50,498.722,449.841,48.626,110.161,0.843375,-1,-1,-1
306,64,372.985,459.674,52.367,114.198,0.817867,-1,-1,-1
306,56,414.068,461.984,63.320,103.837,0.685078,-1,-1,-1
306,32,1643.334,417.139,229.782,495.715,0.942714,-1,-1,-1
306,100,847.608,416.007,191.274,531.723,0.943102,-1,-1,-1
306,105,549.317,455.064,27.901,60.989,0.718268,-1,-1,-1
306,107,1178.680,440.452,50.069,107.286,0.901617,-1,-1,-1
306,89,814.842,456.571,41.321,100.072,0.123623,-1,-1,-1
306,106,1384.922,418.898,65.013,162.565,0.588919,-1,-1,-1
306,124,673.252,480.478,60.096,126.077,0.782437,-1,-1,-1
306,44,305.985,453.315,41.419,111.055,0.237770,-1,-1,-1
306,123,1824.626,386.374,103.151,275.159,0.772206,-1,-1,-1
306,128,661.349,461.626,34.757,78.158,0.647413,-1,-1,-1
306,131,955.381,450.619,68.024,174.508,0.323759,-1,-1,-1
306,86,1317.791,417.954,122.881,287.064,0.948150,-1,-1,-1
306,20,1602.877,410.022,154.116,398.740,0.899899,-1,-1,-1
306,142,736.372,477.504,49.924,120.206,0.805866,-1,-1,-1
306,143,1007.377,454.577,29.006,73.580,0.541145,-1,-1,-1
306,97,692.015,472.316,48.793,106.996,0.684860,-1,-1,-1
306,144,7.927,442.845,113.080,430.499,0.915942,-1,-1,-1
306,78,845.026,455.567,39.366,94.246,0.707883,-1,-1,-1
306,146,540.890,451.766,29.014,66.376,0.652675,-1,-1,-1
306,147,621.257,453.443,27.014,58.389,0.560964,-1,-1,-1
306,148,1161.347,441.816,41.517,102.343,0.436639,-1,-1,-1
306,65,574.698,455.310,27.461,59.224,0.727862,-1,-1,-1
307,11,1094.980,444.986,84.568,180.066,0.143665,-1,-1,-1
307,13,1021.128,408.245,247.645,601.576,0.933655,-1,-1,-1
307,72,773.684,442.568,88.590,215.183,0.925896,-1,-1,-1
307,50,497.445,449.853,48.610,109.752,0.859532,-1,-1,-1
307,64,373.940,461.174,51.645,112.896,0.830556,-1,-1,-1
307,56,413.912,463.564,63.161,103.211,0.643452,-1,-1,-1
307,32,1658.393,422.631,229.495,496.412,0.948683,-1,-1,-1
307,100,849.960,415.796,188.484,531.407,0.945421,-1,-1,-1
307,105,549.477,454.114,28.470,62.259,0.728618,-1,-1,-1
307,107,1180.565,439.089,50.213,109.447,0.888485,-1,-1,-1
307,106,1390.435,430.077,52.456,131.791,0.684634,-1,-1,-1
307,124,672.676,481.875,59.462,125.048,0.793009,-1,-1,-1
307,44,308.405,452.448,40.249,108.874,0.412162,-1,-1,-1
307,123,1822.100,393.621,108.248,295.154,0.664217,-1,-1,-1
307,128,661.510,460.391,33.865,76.087,0.634747,-1,-1,-1
307,131,954.418,452.579,66.714,171.486,0.339110,-1,-1,-1
307,86,1312.891,425.745,121.308,278.920,0.943691,-1,-1,-1
307,20,1608.651,407.107,157.120,403.970,0.908046,-1,-1,-1
307,142,736.738,476.801,50.696,121.801,0.842259,-1,-1,-1
307,143,1006.905,453.062,30.609,78.135,0.495886,-1,-1,-1
307,97,692.191,473.596,49.628,108.830,0.688285,-1,-1,-1
307,144,3.417,410.666,121.653,462.555,0.926774,-1,-1,-1
307,78,850.608,461.588,34.247,82.218,0.282992,-1,-1,-1
307,147,623.003,455.078,26.449,56.990,0.592506,-1,-1,-1
307,148,1162.407,441.772,39.652,98.584,0.351878,-1,-1,-1
307,65,576.415,453.914,27.821,60.370,0.709703,-1,-1,-1
308,11,1095.602,443.343,85.113,183.529,0.492744,-1,-1,-1
308,13,1020.893,408.105,248.985,602.358,0.939013,-1,-1,-1
308,72,776.253,441.501,87.913,215.248,0.931955,-1,-1,-1
308,50,496.154,448.994,49.397,110.995,0.848524,-1,-1,-1
308,64,375.099,461.971,51.507,113.192,0.847941,-1,-1,-1
308,56,411.096,461.417,63.002,104.283,0.654353,-1,-1,-1
308,32,1670.914,420.128,232.102,498.273,0.938042,-1,-1,-1
308,100,852.858,417.131,185.384,529.170,0.945820,-1,-1,-1
308,105,549.826,454.110,28.297,61.910,0.610547,-1,-1,-1
308,107,1181.586,437.857,50.502,111.692,0.887315,-1,-1,-1
308,106,1395.126,434.259,47.186,116.718,0.515812,-1,-1,-1
308,124,673.665,483.176,57.278,120.927,0.800391,-1,-1,-1
308,44,308.634,453.299,40.998,110.784,0.431755,-1,-1,-1
308,123,1823.803,385.294,102.712,282.323,0.613978,-1,-1,-1
308,128,660.804,462.072,32.775,73.925,0.663358,-1,-1,-1
308,131,955.987,452.185,64.263,165.570,0.437904,-1,-1,-1
308,86,1307.578,423.032,124.284,282.281,0.942655,-1,-1,-1
308,20,1614.763,404.041,160.317,407.462,0.908914,-1,-1,-1
308,142,735.318,475.388,51.030,122.090,0.853464,-1,-1,-1
308,143,1005.178,451.639,31.509,80.953,0.558536,-1,-1,-1
308,97,697.597,479.495,47.355,104.846,0.705908,-1,-1,-1
308,144,2.448,398.828,124.805,473.168,0.918994,-1,-1,-1
308,78,851.111,463.926,32.604,78.538,0.419620,-1,-1,-1
308,147,623.005,456.379,25.845,55.482,0.510116,-1,-1,-1
308,148,1164.167,442.469,33.527,83.412,0.340739,-1,-1,-1
308,65,574.732,454.886,28.193,61.896,0.287751,-1,-1,-1
308,103,581.743,454.337,27.826,60.592,0.645084,-1,-1,-1
309,13,1020.186,412.432,248.978,599.858,0.940972,-1,-1,-1
309,72,779.737,442.341,86.927,214.246,0.931847,-1,-1,-1
309,50,496.287,451.212,48.529,108.117,0.881470,-1,-1,-1
309,64,374.985,461.171,51.025,112.934,0.863019,-1,-1,-1
309,56,410.556,456.854,64.556,108.062,0.690681,-1,-1,-1
309,32,1676.840,419.310,236.473,504.550,0.959250,-1,-1,-1
309,100,854.754,415.162,183.579,530.171,0.944266,-1,-1,-1
309,105,550.508,454.177,28.309,61.794,0.699932,-1,-1,-1
309,107,1183.878,438.501,49.790,111.557,0.881701,-1,-1,-1
309,106,1396.792,436.682,44.356,109.742,0.285461,-1,-1,-1
309,124,674.017,483.376,55.883,117.900,0.789425,-1,-1,-1
309,44,308.962,452.236,41.502,112.447,0.587386,-1,-1,-1
309,123,1827.906,403.973,93.992,257.849,0.486717,-1,-1,-1
309,128,661.577,462.738,32.452,72.913,0.624214,-1,-1,-1
309,131,960.062,451.416,64.152,166.624,0.374904,-1,-1,-1
309,86,1299.852,425.273,124.475,277.009,0.939599,-1,-1,-1
309,20,1618.851,412.371,159.508,400.590,0.909830,-1,-1,-1
309,142,733.827,477.431,50.828,120.935,0.835933,-1,-1,-1
309,143,1000.292,447.737,32.755,84.668,0.557498,-1,-1,-1
309,97,695.422,477.115,48.895,108.567,0.692884,-1,-1,-1
309,144,2.059,393.721,126.311,477.523,0.921204,-1,-1,-1
309,78,851.280,465.727,32.580,77.163,0.546837,-1,-1,-1
309,147,624.071,456.053,26.859,57.367,0.542162,-1,-1,-1
309,148,1163.979,443.573,31.310,77.680,0.194836,-1,-1,-1
309,65,572.931,455.929,28.470,63.179,0.204261,-1,-1,-1
309,103,581.578,454.547,27.466,59.571,0.643003,-1,-1,-1
309,146,542.650,450.282,29.705,67.548,0.638496,-1,-1,-1
310,13,1019.618,414.958,249.175,598.739,0.941791,-1,-1,-1
310,72,783.335,440.245,87.789,217.956,0.931516,-1,-1,-1
310,50,495.843,452.069,48.483,107.053,0.880574,-1,-1,-1
310,64,374.685,460.961,50.121,112.249,0.864465,-1,-1,-1
310,56,409.326,458.589,63.763,108.175,0.694483,-1,-1,-1
310,32,1677.421,420.327,241.491,513.395,0.968855,-1,-1,-1
310,100,856.934,412.863,180.689,525.531,0.947659,-1,-1,-1
310,105,550.757,454.112,28.583,62.419,0.711935,-1,-1,-1
310,107,1185.591,441.350,47.993,108.729,0.851695,-1,-1,-1
310,106,1396.494,438.677,42.196,104.618,0.371348,-1,-1,-1
310,124,672.518,484.984,55.197,117.037,0.740999,-1,-1,-1
310,44,308.721,451.342,41.453,113.017,0.514736,-1,-1,-1
310,123,1826.420,402.621,96.875,268.328,0.502893,-1,-1,-1
310,128,669.651,469.710,36.042,79.711,0.600726,-1,-1,-1
310,131,962.901,462.856,62.076,159.892,0.109747,-1,-1,-1
310,86,1294.053,425.915,125.636,274.924,0.950477,-1,-1,-1
310,20,1622.643,410.107,163.632,402.905,0.905963,-1,-1,-1
310,142,734.145,478.376,50.388,119.444,0.818610,-1,-1,-1
310,143,999.295,449.169,32.869,85.252,0.610725,-1,-1,-1
310,97,699.482,481.219,46.243,104.342,0.720663,-1,-1,-1
310,144,0.466,389.695,127.845,483.119,0.934028,-1,-1,-1
310,78,853.568,465.799,32.827,77.510,0.514800,-1,-1,-1
310,147,623.602,456.751,25.920,54.949,0.438630,-1,-1,-1
310,148,1159.667,444.831,31.640,78.741,0.179625,-1,-1,-1
310,103,579.262,456.319,26.814,58.020,0.622470,-1,-1,-1
311,13,1018.517,416.534,249.376,597.042,0.943467,-1,-1,-1
311,72,787.712,440.864,86.854,217.250,0.930371,-1,-1,-1
311,50,494.052,450.818,49.628,109.202,0.869385,-1,-1,-1
311,64,373.944,461.422,49.493,111.032,0.861585,-1,-1,-1
311,56,410.264,463.671,59.673,102.262,0.704151,-1,-1,-1
311,32,1677.854,421.897,243.828,517.088,0.967803,-1,-1,-1
311,100,857.455,414.320,181.083,530.500,0.942235,-1,-1,-1
311,105,550.340,453.399,28.830,62.900,0.717012,-1,-1,-1
311,107,1186.652,438.578,48.292,111.175,0.870412,-1,-1,-1
311,106,1401.881,438.160,38.500,95.576,0.311555,-1,-1,-1
311,124,673.204,485.145,53.510,114.086,0.704808,-1,-1,-1
311,44,309.394,451.120,40.504,111.115,0.582310,-1,-1,-1
311,123,1828.103,389.042,99.190,280.272,0.649981,-1,-1,-1
311,128,665.500,469.627,33.808,74.206,0.624447,-1,-1,-1
311,131,965.973,457.021,59.970,155.334,0.349351,-1,-1,-1
311,86,1288.068,424.581,124.826,271.343,0.926639,-1,-1,-1
311,20,1629.619,407.285,171.149,411.447,0.908060,-1,-1,-1
311,142,733.060,477.452,50.305,118.461,0.807448,-1,-1,-1
311,143,999.542,448.996,32.439,84.562,0.564279,-1,-1,-1
311,97,702.579,481.489,41.521,94.132,0.663521,-1,-1,-1
311,144,-1.379,383.611,127.587,483.242,0.953644,-1,-1,-1
311,78,853.618,467.111,32.311,75.881,0.469303,-1,-1,-1
311,147,620.604,454.222,26.935,57.128,0.486238,-1,-1,-1
311,148,1158.690,441.457,33.132,83.088,0.251520,-1,-1,-1
311,103,577.479,454.673,27.108,58.685,0.581932,-1,-1,-1
312,13,1015.721,414.670,249.959,598.675,0.946551,-1,-1,-1
312,72,791.361,441.731,85.172,213.823,0.931118,-1,-1,-1
312,50,491.566,450.930,49.929,109.777,0.873813,-1,-1,-1
312,64,373.630,460.291,48.962,110.406,0.844753,-1,-1,-1
312,56,408.847,458.356,61.114,106.568,0.782657,-1,-1,-1
312,32,1677.128,422.760,245.089,518.414,0.963262,-1,-1,-1
312,100,859.979,414.413,178.494,523.460,0.941470,-1,-1,-1
312,105,550.301,453.129,28.673,62.283,0.681859,-1,-1,-1
312,107,1188.021,438.279,47.714,110.920,0.884268,-1,-1,-1
312,106,1408.318,434.003,38.600,96.322,0.244652,-1,-1,-1
312,124,673.017,484.706,54.038,115.704,0.722533,-1,-1,-1
312,44,309.436,450.609,39.599,108.963,0.537903,-1,-1,-1
312,123,1828.625,383.084,105.794,309.567,0.559135,-1,-1,-1
312,131,972.504,457.738,61.026,153.796,0.221179,-1,-1,-1
312,86,1281.306,427.920,121.200,263.822,0.897848,-1,-1,-1
312,20,1632.494,412.856,174.766,411.007,0.884279,-1,-1,-1
312,142,733.093,477.163,50.283,117.938,0.844745,-1,-1,-1
312,143,998.509,448.215,32.487,84.962,0.635413,-1,-1,-1
312,97,704.662,482.288,40.243,91.840,0.645365,-1,-1,-1
312,144,1.311,384.399,127.114,479.057,0.961968,-1,-1,-1
312,78,854.109,463.194,33.959,79.949,0.541653,-1,-1,-1
312,147,621.663,455.968,26.195,55.297,0.407657,-1,-1,-1
312,148,1154.624,437.930,34.545,86.588,0.446894,-1,-1,-1
312,103,577.106,455.593,26.569,57.533,0.581964,-1,-1,-1
313,13,1014.511,411.677,251.816,603.230,0.943841,-1,-1,-1
313,72,794.048,443.766,85.395,213.487,0.931342,-1,-1,-1
313,50,491.537,451.145,49.760,109.542,0.859827,-1,-1,-1
313,64,373.138,460.136,49.737,112.446,0.844774,-1,-1,-1
313,56,408.152,456.877,60.620,107.571,0.704890,-1,-1,-1
313,32,1679.172,424.766,244.743,517.695,0.953580,-1,-1,-1
313,100,860.201,413.002,178.220,521.626,0.934567,-1,-1,-1
313,105,550.452,453.118,28.416,61.457,0.628457,-1,-1,-1
313,107,1189.749,437.752,47.528,111.447,0.892614,-1,-1,-1
313,106,1411.984,433.864,40.270,101.209,0.295960,-1,-1,-1
313,124,678.225,486.448,46.892,99.560,0.634403,-1,-1,-1
313,44,311.387,451.861,37.767,104.220,0.461199,-1,-1,-1
313,123,1829.808,380.470,106.712,323.041,0.679183,-1,-1,-1
313,131,971.371,451.341,59.674,152.178,0.292189,-1,-1,-1
313,86,1270.756,429.385,117.416,257.925,0.912738,-1,-1,-1
313,20,1631.063,410.355,180.228,415.025,0.899401,-1,-1,-1
313,142,733.168,477.523,49.545,115.275,0.819704,-1,-1,-1
313,143,998.744,447.980,32.339,84.685,0.549998,-1,-1,-1
313,97,703.946,483.333,41.092,94.237,0.687821,-1,-1,-1
313,144,8.368,382.988,129.308,480.021,0.963369,-1,-1,-1
313,78,855.223,464.720,33.296,77.902,0.377063,-1,-1,-1
313,147,622.783,457.037,26.217,55.093,0.392071,-1,-1,-1
313,148,1151.592,436.791,36.666,92.205,0.372996,-1,-1,-1
313,103,577.838,456.559,25.951,56.034,0.533558,-1,-1,-1
313,146,543.738,450.934,28.319,64.296,0.628216,-1,-1,-1
314,13,1013.009,412.487,253.018,604.085,0.936089,-1,-1,-1
314,72,796.562,442.290,86.139,215.907,0.926164,-1,-1,-1
314,50,491.308,450.317,50.118,110.375,0.851709,-1,-1,-1
314,64,373.565,459.458,49.903,113.308,0.821497,-1,-1,-1
314,56,407.562,454.784,61.792,110.947,0.771051,-1,-1,-1
314,32,1681.944,422.392,245.750,522.333,0.927907,-1,-1,-1
314,100,861.859,413.131,178.623,524.331,0.930174,-1,-1,-1
314,105,550.377,452.362,28.734,62.130,0.605627,-1,-1,-1
314,107,1192.079,438.464,46.867,111.083,0.901351,-1,-1,-1
314,106,1412.188,431.698,44.291,111.114,0.499538,-1,-1,-1
314,124,679.576,487.125,46.182,96.458,0.663805,-1,-1,-1
314,44,312.658,454.276,36.750,100.124,0.357662,-1,-1,-1
314,123,1835.573,380.224,98.805,307.673,0.660359,-1,-1,-1
314,131,968.341,446.279,58.929,150.717,0.228541,-1,-1,-1
314,86,1263.561,427.507,116.818,261.722,0.925495,-1,-1,-1
314,20,1633.146,410.853,183.735,415.719,0.900616,-1,-1,-1
314,142,733.701,480.232,48.441,111.482,0.815502,-1,-1,-1
314,143,1001.163,450.331,31.366,81.961,0.599211,-1,-1,-1
314,97,702.702,484.546,41.566,95.259,0.655920,-1,-1,-1
314,144,17.150,385.744,131.154,476.609,0.954762,-1,-1,-1
314,78,856.204,460.575,36.496,85.303,0.240737,-1,-1,-1
314,147,623.440,457.350,26.140,54.624,0.416219,-1,-1,-1
314,148,1151.795,437.844,36.350,91.248,0.548373,-1,-1,-1
314,103,578.068,456.762,26.028,56.089,0.571633,-1,-1,-1
314,146,543.058,449.423,29.809,67.437,0.588366,-1,-1,-1
315,13,1021.052,413.137,252.100,602.263,0.937246,-1,-1,-1
315,72,800.456,440.757,86.409,217.247,0.917582,-1,-1,-1
315,50,491.492,449.861,50.111,110.610,0.879058,-1,-1,-1
315,64,373.120,459.463,50.018,113.935,0.854835,-1,-1,-1
315,56,408.519,456.140,60.107,109.088,0.730539,-1,-1,-1
315,32,1661.568,424.210,249.128,518.820,0.838972,-1,-1,-1
315,100,858.865,412.992,180.505,529.669,0.933087,-1,-1,-1
315,105,550.621,452.869,28.650,62.005,0.565364,-1,-1,-1
315,107,1193.879,441.095,45.171,107.686,0.905802,-1,-1,-1
315,106,1417.381,432.894,44.145,111.046,0.779614,-1,-1,-1
315,124,677.682,482.582,54.972,114.870,0.703039,-1,-1,-1
315,44,312.902,454.919,35.258,96.589,0.338397,-1,-1,-1
315,123,1780.328,406.567,144.926,451.584,0.908022,-1,-1,-1
315,131,970.172,442.578,57.271,146.948,0.399306,-1,-1,-1
315,86,1259.612,433.042,111.245,253.908,0.920249,-1,-1,-1
315,20,1633.897,411.597,187.243,417.497,0.854073,-1,-1,-1
315,142,732.794,480.027,50.066,113.776,0.837339,-1,-1,-1
315,143,1001.414,449.198,32.012,83.273,0.627071,-1,-1,-1
315,97,704.406,484.073,42.598,97.813,0.618720,-1,-1,-1
315,144,31.398,385.580,134.572,472.727,0.948144,-1,-1,-1
315,78,858.969,465.644,35.346,81.814,0.205906,-1,-1,-1
315,147,620.475,455.082,27.223,57.421,0.212374,-1,-1,-1
315,148,1153.995,440.072,33.720,84.354,0.531309,-1,-1,-1
315,103,577.709,457.207,25.497,54.881,0.484143,-1,-1,-1
315,146,544.355,451.017,27.873,63.023,0.640954,-1,-1,-1
316,13,1024.174,415.697,249.841,599.269,0.936091,-1,-1,-1
316,72,804.016,441.978,85.085,213.270,0.922847,-1,-1,-1
316,50,492.144,450.139,49.919,110.704,0.881342,-1,-1,-1
316,64,372.731,459.414,49.818,113.851,0.857478,-1,-1,-1
316,56,409.208,456.555,59.060,108.239,0.727139,-1,-1,-1
316,32,1758.133,394.834,188.683,416.456,0.729270,-1,-1,-1
316,100,859.606,414.112,181.434,532.159,0.935747,-1,-1,-1
316,107,1194.940,441.630,44.754,107.172,0.906536,-1,-1,-1
316,106,1419.283,433.162,44.322,110.916,0.872594,-1,-1,-1
316,124,676.956,480.652,57.832,120.923,0.737838,-1,-1,-1
316,44,313.474,455.222,33.927,93.515,0.275453,-1,-1,-1
316,123,1772.600,412.441,158.572,504.416,0.934057,-1,-1,-1
316,131,971.477,444.468,59.360,152.104,0.438480,-1,-1,-1
316,86,1255.284,430.816,109.308,256.566,0.895925,-1,-1,-1
316,20,1645.303,415.719,180.301,402.076,0.884554,-1,-1,-1
316,142,732.663,479.252,50.883,114.299,0.850588,-1,-1,-1
316,143,1000.773,447.685,33.165,86.147,0.637141,-1,-1,-1
316,97,704.840,483.618,43.162,99.314,0.632249,-1,-1,-1
316,144,50.433,388.680,142.924,471.100,0.954658,-1,-1,-1
316,78,861.134,465.657,33.020,75.925,0.184765,-1,-1,-1
316,147,620.063,454.083,27.416,58.239,0.148040,-1,-1,-1
316,148,1154.070,440.505,32.877,81.812,0.568796,-1,-1,-1
316,103,577.155,457.888,25.069,53.767,0.479154,-1,-1,-1
316,146,544.484,451.556,27.609,62.378,0.651045,-1,-1,-1
316,152,692.277,478.034,47.948,108.838,0.675479,-1,-1,-1
317,13,1031.003,415.006,249.492,599.905,0.938595,-1,-1,-1
317,72,804.413,442.206,86.176,215.568,0.911594,-1,-1,-1
317,50,492.027,450.302,49.864,110.526,0.882429,-1,-1,-1
317,64,373.385,458.605,50.483,115.716,0.861711,-1,-1,-1
317,56,408.063,458.995,58.222,108.635,0.747113,-1,-1,-1
317,100,858.305,415.883,181.191,530.579,0.933434,-1,-1,-1
317,107,1196.017,444.420,43.870,104.125,0.898997,-1,-1,-1
317,106,1422.247,433.811,44.781,112.269,0.866981,-1,-1,-1
317,124,677.096,481.297,57.584,120.258,0.733752,-1,-1,-1
317,44,308.266,455.467,36.714,100.318,0.193552,-1,-1,-1
317,123,1770.896,415.845,162.739,528.130,0.907361,-1,-1,-1
317,131,975.605,446.585,60.046,152.848,0.367339,-1,-1,-1
317,86,1250.644,435.285,105.155,251.590,0.924340,-1,-1,-1
317,20,1648.972,400.842,206.610,465.565,0.879012,-1,-1,-1
317,142,732.047,480.186,51.963,116.051,0.823991,-1,-1,-1
317,143,1001.646,450.507,31.718,81.423,0.561818,-1,-1,-1
317,97,705.451,482.919,44.908,103.747,0.593123,-1,-1,-1
317,144,61.432,388.889,153.314,470.292,0.949158,-1,-1,-1
317,78,859.208,462.586,36.370,84.024,0.189727,-1,-1,-1
317,147,620.013,455.444,26.850,57.510,0.162579,-1,-1,-1
317,148,1154.707,442.418,31.173,76.765,0.628874,-1,-1,-1
317,103,577.528,458.807,24.588,52.591,0.413530,-1,-1,-1
317,146,543.911,450.072,28.978,65.560,0.610335,-1,-1,-1
317,152,692.693,479.156,47.980,108.931,0.679553,-1,-1,-1
318,13,1033.288,416.523,247.369,597.966,0.937252,-1,-1,-1
318,72,803.245,441.988,86.396,216.621,0.915468,-1,-1,-1
318,50,491.507,450.532,49.744,110.127,0.884705,-1,-1,-1
318,64,374.239,460.155,49.806,114.405,0.842479,-1,-1,-1
318,56,408.570,460.560,56.899,107.402,0.750352,-1,-1,-1
318,100,856.757,416.359,181.371,530.304,0.934810,-1,-1,-1
318,107,1199.033,445.857,43.707,102.894,0.891992,-1,-1,-1
318,106,1426.363,435.712,44.138,110.644,0.842187,-1,-1,-1
318,124,676.614,481.089,58.269,121.837,0.769587,-1,-1,-1
318,44,309.821,454.440,38.201,104.788,0.262372,-1,-1,-1
318,123,1775.623,411.463,162.240,541.132,0.921613,-1,-1,-1
318,131,975.845,446.986,61.326,155.334,0.337847,-1,-1,-1
318,86,1246.725,430.097,105.187,256.545,0.925984,-1,-1,-1
318,20,1655.756,399.040,215.341,491.986,0.887417,-1,-1,-1
318,142,730.575,479.728,53.556,119.391,0.853785,-1,-1,-1
318,143,1002.471,451.375,32.179,82.239,0.577135,-1,-1,-1
318,97,706.128,482.055,46.074,107.557,0.551209,-1,-1,-1
318,144,67.796,387.039,165.365,470.992,0.950310,-1,-1,-1
318,78,859.112,457.224,38.299,89.086,0.130128,-1,-1,-1
318,147,620.001,455.741,26.758,57.859,0.169802,-1,-1,-1
318,148,1153.809,440.532,31.845,78.469,0.598679,-1,-1,-1
318,103,575.750,458.713,25.016,53.435,0.427082,-1,-1,-1
318,146,543.533,449.016,29.862,67.624,0.568415,-1,-1,-1
318,152,691.481,478.112,49.450,112.342,0.689054,-1,-1,-1
319,13,1032.425,418.823,244.174,595.237,0.938675,-1,-1,-1
319,72,805.416,442.175,87.605,218.373,0.918685,-1,-1,-1
319,50,491.368,450.938,49.782,109.771,0.892550,-1,-1,-1
319,64,374.729,460.338,49.761,114.632,0.855383,-1,-1,-1
319,56,409.876,461.666,55.657,106.193,0.751952,-1,-1,-1
319,100,855.092,416.380,181.718,531.523,0.934036,-1,-1,-1
319,107,1201.220,444.301,45.406,106.301,0.866492,-1,-1,-1
319,106,1429.028,435.477,44.604,111.086,0.875533,-1,-1,-1
319,124,677.015,481.997,57.991,121.327,0.721785,-1,-1,-1
319,44,310.352,453.536,38.829,107.243,0.292293,-1,-1,-1
319,123,1782.250,412.221,157.153,539.231,0.920007,-1,-1,-1
319,131,974.879,443.976,61.837,156.974,0.291495,-1,-1,-1
319,86,1237.952,423.482,107.349,263.687,0.924116,-1,-1,-1
319,20,1668.784,401.651,199.409,460.887,0.910194,-1,-1,-1
319,142,730.119,479.800,53.658,119.504,0.826783,-1,-1,-1
319,143,1003.340,452.062,31.914,81.231,0.551264,-1,-1,-1
319,97,706.138,481.962,46.131,108.395,0.504924,-1,-1,-1
319,144,71.024,388.450,175.965,467.603,0.951999,-1,-1,-1
319,78,859.593,454.729,39.311,91.454,0.168081,-1,-1,-1
319,147,624.048,456.499,25.808,55.740,0.382733,-1,-1,-1
319,148,1151.367,434.971,35.457,87.128,0.647290,-1,-1,-1
319,103,576.449,458.712,25.115,53.596,0.461910,-1,-1,-1
319,146,544.094,450.508,28.158,63.553,0.604695,-1,-1,-1
319,152,692.614,479.125,47.451,107.852,0.686151,-1,-1,-1
319,128,674.367,478.615,45.503,97.733,0.608938,-1,-1,-1
320,13,1034.997,419.775,241.985,592.919,0.934743,-1,-1,-1
320,72,805.875,442.760,87.525,216.733,0.920224,-1,-1,-1
320,50,490.491,450.748,50.145,110.228,0.885862,-1,-1,-1
320,64,374.821,460.771,49.408,114.005,0.850045,-1,-1,-1
320,56,412.719,462.560,54.520,104.052,0.704260,-1,-1,-1
320,100,855.828,418.319,181.257,527.959,0.932969,-1,-1,-1
320,107,1202.592,444.197,45.744,106.826,0.863646,-1,-1,-1
320,106,1432.637,434.365,44.990,111.916,0.892829,-1,-1,-1
320,124,674.894,482.379,57.555,120.894,0.758127,-1,-1,-1
320,44,308.777,450.479,41.498,113.350,0.181293,-1,-1,-1
320,123,1789.772,409.898,153.568,546.284,0.916344,-1,-1,-1
320,131,984.149,449.871,57.761,146.222,0.350828,-1,-1,-1
320,86,1231.378,424.493,108.277,264.540,0.913568,-1,-1,-1
320,20,1683.894,403.366,194.591,452.450,0.917888,-1,-1,-1
320,142,729.841,479.244,53.777,119.672,0.840959,-1,-1,-1
320,143,1004.976,452.609,30.925,78.846,0.556003,-1,-1,-1
320,144,70.945,390.864,186.952,467.097,0.970384,-1,-1,-1
320,78,860.080,452.177,39.956,93.551,0.229695,-1,-1,-1
320,147,621.485,455.545,25.385,55.173,0.259081,-1,-1,-1
320,148,1150.514,433.972,34.133,82.794,0.600688,-1,-1,-1
320,103,574.326,458.211,26.674,57.617,0.234934,-1,-1,-1
320,146,545.208,451.744,27.227,61.225,0.621575,-1,-1,-1
320,152,693.245,478.994,48.372,110.000,0.685873,-1,-1,-1
320,128,681.788,479.507,42.729,90.636,0.435733,-1,-1,-1
321,13,1040.082,410.580,245.464,601.538,0.944946,-1,-1,-1
321,72,811.197,445.104,85.342,212.971,0.904375,-1,-1,-1
321,50,488.927,449.020,51.293,112.496,0.882978,-1,-1,-1
321,64,374.359,459.971,49.454,113.549,0.838004,-1,-1,-1
321,56,414.780,459.377,56.456,106.971,0.740424,-1,-1,-1
321,100,853.999,418.747,181.505,526.327,0.932840,-1,-1,-1
321,107,1204.262,444.328,46.258,108.795,0.865081,-1,-1,-1
321,106,1436.115,435.820,44.017,109.473,0.885562,-1,-1,-1
321,124,675.849,482.696,56.663,119.150,0.740983,-1,-1,-1
321,44,306.315,458.686,39.903,105.515,0.105771,-1,-1,-1
321,123,1796.575,406.912,148.978,550.924,0.904635,-1,-1,-1
321,131,979.719,441.909,60.289,152.750,0.326381,-1,-1,-1
321,86,1225.355,423.309,112.637,271.621,0.909651,-1,-1,-1
321,20,1698.396,398.666,193.524,456.300,0.896518,-1,-1,-1
321,142,730.121,479.144,53.232,118.141,0.838575,-1,-1,-1
321,143,1002.996,450.714,31.932,81.191,0.618761,-1,-1,-1
321,144,69.227,396.519,194.972,459.781,0.970459,-1,-1,-1
321,78,857.984,448.996,48.481,114.736,0.232134,-1,-1,-1
321,147,619.848,455.046,25.525,55.898,0.236724,-1,-1,-1
321,148,1148.676,432.832,37.555,91.529,0.576197,-1,-1,-1
321,146,546.153,453.672,26.959,60.346,0.645604,-1,-1,-1
321,152,692.847,479.014,49.262,112.098,0.694811,-1,-1,-1
321,128,683.121,479.456,41.927,88.226,0.457971,-1,-1,-1
321,92,581.482,458.424,25.616,54.946,0.633884,-1,-1,-1
322,13,1035.024,405.000,245.616,607.372,0.936857,-1,-1,-1
322,72,813.481,443.825,85.168,214.040,0.901650,-1,-1,-1
322,50,488.147,448.947,51.365,112.526,0.881058,-1,-1,-1
322,64,374.919,458.855,50.121,115.867,0.860134,-1,-1,-1
322,56,416.013,462.761,54.500,102.608,0.679733,-1,-1,-1
322,100,853.550,418.938,182.339,526.670,0.926198,-1,-1,-1
322,107,1206.559,444.454,44.018,104.118,0.843799,-1,-1,-1
322,106,1436.697,435.981,44.709,110.277,0.903422,-1,-1,-1
322,124,677.525,483.172,57.001,119.919,0.708202,-1,-1,-1
322,44,308.056,453.165,40.588,108.576,0.399571,-1,-1,-1
322,123,1808.047,400.063,143.380,558.448,0.908763,-1,-1,-1
322,131,977.477,438.512,62.499,157.945,0.242325,-1,-1,-1
322,86,1227.206,421.803,112.487,270.785,0.919741,-1,-1,-1
322,20,1708.643,396.216,197.494,473.586,0.923498,-1,-1,-1
322,142,729.926,478.477,52.994,117.316,0.818848,-1,-1,-1
322,143,1001.712,449.722,32.150,81.548,0.605395,-1,-1,-1
322,144,70.176,397.196,203.643,456.125,0.971489,-1,-1,-1
322,78,856.755,445.844,59.048,141.878,0.291672,-1,-1,-1
322,147,621.716,454.524,25.825,56.793,0.284587,-1,-1,-1
322,148,1148.716,434.887,36.947,90.398,0.550102,-1,-1,-1
322,146,546.866,454.417,26.826,59.743,0.625200,-1,-1,-1
322,152,697.647,482.552,46.116,104.884,0.625304,-1,-1,-1
322,128,687.274,478.600,38.237,79.090,0.420494,-1,-1,-1
322,92,581.853,456.479,26.413,57.048,0.631452,-1,-1,-1
323,13,1034.346,413.217,239.745,599.008,0.933036,-1,-1,-1
323,72,817.932,445.111,84.950,212.306,0.895420,-1,-1,-1
323,50,486.189,448.743,51.669,112.924,0.885138,-1,-1,-1
323,64,373.892,458.067,50.911,116.928,0.866426,-1,-1,-1
323,56,417.385,459.593,54.857,102.161,0.621143,-1,-1,-1
323,100,855.956,417.077,182.916,528.249,0.939298,-1,-1,-1
323,107,1205.283,444.607,43.052,103.035,0.826326,-1,-1,-1
323,106,1439.205,436.203,45.384,109.633,0.903385,-1,-1,-1
323,124,675.896,482.235,57.761,121.910,0.405680,-1,-1,-1
323,44,308.894,452.646,39.641,106.021,0.631813,-1,-1,-1
323,123,1816.015,400.861,136.287,558.756,0.891596,-1,-1,-1
323,131,978.288,439.685,57.532,145.189,0.281257,-1,-1,-1
323,86,1224.907,433.195,108.446,258.143,0.908724,-1,-1,-1
323,20,1719.268,398.537,191.555,467.402,0.918658,-1,-1,-1
323,142,727.541,476.202,54.675,120.177,0.815846,-1,-1,-1
323,143,1001.600,449.472,33.142,83.442,0.630753,-1,-1,-1
323,144,70.358,398.450,212.712,456.270,0.971433,-1,-1,-1
323,78,864.592,443.379,58.733,144.005,0.501939,-1,-1,-1
323,147,621.942,453.290,25.697,56.573,0.217279,-1,-1,-1
323,148,1144.200,430.203,47.072,116.945,0.557018,-1,-1,-1
323,152,700.198,482.282,45.094,102.503,0.519661,-1,-1,-1
323,128,689.067,477.938,44.400,92.218,0.651270,-1,-1,-1
323,92,581.419,455.872,26.428,57.258,0.619737,-1,-1,-1
323,105,550.530,455.081,27.586,59.158,0.613753,-1,-1,-1
324,13,1034.419,398.410,243.337,614.793,0.945131,-1,-1,-1
324,72,825.160,446.607,81.963,205.083,0.885871,-1,-1,-1
324,50,485.927,450.080,51.231,111.939,0.883173,-1,-1,-1
324,64,373.957,458.429,50.852,116.561,0.869808,-1,-1,-1
324,56,415.692,456.353,58.742,109.247,0.752110,-1,-1,-1
324,100,855.027,416.526,181.600,520.429,0.946866,-1,-1,-1
324,107,1207.437,447.137,41.281,99.997,0.821058,-1,-1,-1
324,106,1441.369,436.826,46.183,109.185,0.885551,-1,-1,-1
324,124,677.675,482.967,57.443,121.251,0.755216,-1,-1,-1
324,44,310.174,452.928,38.812,104.545,0.524069,-1,-1,-1
324,123,1817.614,397.778,130.936,560.182,0.875864,-1,-1,-1
324,131,977.466,440.898,61.122,153.954,0.245346,-1,-1,-1
324,86,1222.067,428.555,110.100,261.290,0.913237,-1,-1,-1
324,20,1730.632,392.885,188.501,463.916,0.903418,-1,-1,-1
324,142,727.563,475.599,54.860,120.751,0.845495,-1,-1,-1
324,143,1002.073,449.745,33.145,82.796,0.590367,-1,-1,-1
324,144,69.567,397.919,219.539,454.898,0.970441,-1,-1,-1
324,78,870.298,446.537,53.727,133.721,0.269178,-1,-1,-1
324,147,622.146,455.021,25.646,56.586,0.239780,-1,-1,-1
324,148,1140.651,429.601,55.961,142.054,0.345542,-1,-1,-1
324,152,700.956,484.498,44.338,100.684,0.602120,-1,-1,-1
324,128,679.331,479.110,46.742,96.850,0.639685,-1,-1,-1
324,92,581.619,457.109,26.180,56.660,0.624076,-1,-1,-1
324,105,550.765,455.919,27.708,59.424,0.641613,-1,-1,-1
324,11,1136.968,430.820,96.930,213.162,0.645805,-1,-1,-1
325,13,1044.711,392.835,245.282,621.034,0.938705,-1,-1,-1
325,72,831.013,445.903,81.391,204.300,0.879262,-1,-1,-1
325,50,486.362,450.960,50.555,110.519,0.885346,-1,-1,-1
325,64,374.253,459.178,50.348,114.764,0.864997,-1,-1,-1
325,56,415.663,459.014,57.876,107.221,0.741851,-1,-1,-1
325,100,852.662,415.465,182.231,517.658,0.945615,-1,-1,-1
325,107,1206.613,446.113,43.381,106.690,0.634476,-1,-1,-1
325,106,1445.783,438.627,46.862,107.283,0.885932,-1,-1,-1
325,124,677.803,482.635,57.642,121.901,0.762151,-1,-1,-1
325,44,308.528,449.536,42.060,113.281,0.254459,-1,-1,-1
325,123,1824.062,398.675,125.013,562.170,0.767994,-1,-1,-1
325,131,977.687,444.885,56.121,140.843,0.161841,-1,-1,-1
325,86,1216.744,428.155,107.723,252.761,0.877717,-1,-1,-1
325,20,1739.570,395.834,187.932,466.939,0.920138,-1,-1,-1
325,142,727.300,476.712,54.695,120.285,0.861510,-1,-1,-1
325,143,1009.833,453.744,31.032,76.682,0.649218,-1,-1,-1
325,144,72.959,400.845,221.153,444.129,0.967384,-1,-1,-1
325,78,876.859,451.917,49.581,125.230,0.238636,-1,-1,-1
325,147,621.882,454.457,25.609,56.658,0.252745,-1,-1,-1
325,148,1142.242,440.031,50.654,129.673,0.130745,-1,-1,-1
325,152,700.478,484.255,44.700,101.700,0.609784,-1,-1,-1
325,128,673.736,479.157,49.236,102.272,0.642016,-1,-1,-1
325,92,578.989,457.888,25.849,56.063,0.614998,-1,-1,-1
325,105,550.731,455.390,28.039,59.956,0.670032,-1,-1,-1
325,11,1137.777,430.622,104.671,233.952,0.441820,-1,-1,-1
326,13,1046.816,394.843,242.400,616.700,0.927364,-1,-1,-1
326,72,831.166,444.927,85.366,212.563,0.901904,-1,-1,-1
326,50,485.365,449.599,51.214,112.015,0.882675,-1,-1,-1
326,64,374.289,458.467,51.158,116.372,0.855780,-1,-1,-1
326,56,415.514,456.378,60.050,110.040,0.738353,-1,-1,-1
326,100,852.579,416.054,182.477,515.433,0.949344,-1,-1,-1
326,107,1210.349,451.581,43.667,107.798,0.556644,-1,-1,-1
326,106,1446.990,438.145,48.429,108.940,0.891632,-1,-1,-1
326,124,677.189,482.695,57.773,121.843,0.758530,-1,-1,-1
326,44,307.465,448.014,43.669,116.701,0.248986,-1,-1,-1
326,123,1829.779,404.574,118.042,557.409,0.627588,-1,-1,-1
326,131,974.038,447.922,56.967,142.034,0.136917,-1,-1,-1
326,86,1213.624,445.499,94.893,220.131,0.802260,-1,-1,-1
326,20,1746.584,398.333,187.493,472.700,0.943218,-1,-1,-1
326,142,726.879,475.680,55.578,121.913,0.841032,-1,-1,-1
326,143,1012.024,455.280,31.044,76.188,0.648672,-1,-1,-1
326,144,78.833,398.916,222.847,438.523,0.964162,-1,-1,-1
326,78,877.222,451.866,47.301,121.076,0.178599,-1,-1,-1
326,147,621.692,453.618,26.112,57.986,0.242944,-1,-1,-1
326,148,1139.518,448.394,48.163,122.845,0.117719,-1,-1,-1
326,152,701.141,483.837,44.536,101.365,0.596731,-1,-1,-1
326,128,679.653,480.270,44.061,89.675,0.415578,-1,-1,-1
326,92,577.373,457.462,26.029,56.546,0.579547,-1,-1,-1
326,105,550.925,454.917,28.436,60.581,0.649115,-1,-1,-1
326,11,1143.208,445.490,93.692,201.914,0.291989,-1,-1,-1
327,13,1042.253,394.342,239.835,616.972,0.932965,-1,-1,-1
327,72,835.047,443.934,86.493,216.146,0.881994,-1,-1,-1
327,50,484.570,448.855,51.509,112.715,0.877054,-1,-1,-1
327,64,374.436,457.746,51.738,117.722,0.861685,-1,-1,-1
327,56,412.375,453.170,62.167,112.392,0.750673,-1,-1,-1
327,100,846.716,418.476,184.423,512.961,0.950315,-1,-1,-1
327,107,1203.345,450.838,44.253,109.439,0.194409,-1,-1,-1
327,106,1447.153,437.001,49.895,110.054,0.894635,-1,-1,-1
327,124,679.840,485.927,53.967,112.989,0.737144,-1,-1,-1
327,44,306.798,446.648,44.539,118.861,0.284287,-1,-1,-1
327,131,966.525,439.377,58.470,145.228,0.198668,-1,-1,-1
327,86,1201.536,435.759,91.231,213.307,0.700526,-1,-1,-1
327,20,1749.839,396.691,185.950,475.365,0.933657,-1,-1,-1
327,142,728.578,478.624,53.976,118.292,0.828967,-1,-1,-1
327,143,1012.208,455.816,30.555,74.592,0.614727,-1,-1,-1
327,144,88.173,396.736,223.516,436.675,0.963031,-1,-1,-1
327,78,879.586,451.461,48.704,126.979,0.185834,-1,-1,-1
327,147,621.839,453.857,25.596,56.891,0.232524,-1,-1,-1
327,152,701.691,484.071,44.129,100.510,0.600384,-1,-1,-1
327,128,683.590,478.952,39.385,78.795,0.401917,-1,-1,-1
327,92,578.036,457.437,25.637,55.674,0.579384,-1,-1,-1
327,105,550.989,454.906,28.425,60.213,0.650131,-1,-1,-1
327,11,1137.605,454.227,97.869,207.777,0.539750,-1,-1,-1
328,13,1037.292,393.311,236.638,617.962,0.933370,-1,-1,-1
328,72,841.113,446.790,84.204,212.101,0.858184,-1,-1,-1
328,50,483.390,448.523,51.748,113.415,0.849545,-1,-1,-1
328,64,374.785,458.141,51.605,117.353,0.855514,-1,-1,-1
328,56,410.578,451.330,63.879,114.856,0.732936,-1,-1,-1
328,100,845.477,417.673,187.211,513.952,0.951022,-1,-1,-1
328,107,1197.081,440.032,51.954,128.787,0.201221,-1,-1,-1
328,106,1449.641,437.257,50.011,109.451,0.891761,-1,-1,-1
328,124,681.335,486.080,53.159,110.805,0.789827,-1,-1,-1
328,44,308.341,449.557,42.185,113.090,0.432276,-1,-1,-1
328,131,971.308,449.096,52.161,129.974,0.147871,-1,-1,-1
328,86,1191.456,432.383,98.415,231.389,0.837784,-1,-1,-1
328,20,1752.888,394.985,184.307,478.748,0.936208,-1,-1,-1
328,142,728.101,476.195,55.218,121.507,0.840243,-1,-1,-1
328,143,1012.415,456.252,31.132,76.065,0.609763,-1,-1,-1
328,144,101.995,398.251,221.635,431.417,0.955365,-1,-1,-1
328,78,880.619,451.870,48.610,128.536,0.171383,-1,-1,-1
328,147,621.011,453.758,25.515,57.025,0.204159,-1,-1,-1
328,152,701.940,484.318,43.625,99.512,0.604583,-1,-1,-1
328,92,578.124,456.308,25.780,56.078,0.546143,-1,-1,-1
328,105,552.273,454.581,28.562,60.465,0.620870,-1,-1,-1
328,11,1134.027,437.421,108.322,230.088,0.426503,-1,-1,-1
328,155,801.658,478.878,39.990,70.614,0.662968,-1,-1,-1
329,13,1051.435,399.849,235.072,611.825,0.928550,-1,-1,-1
329,72,847.232,446.132,83.464,212.456,0.840348,-1,-1,-1
329,50,482.813,448.343,52.002,114.113,0.850364,-1,-1,-1
329,64,375.027,459.501,50.842,115.133,0.825552,-1,-1,-1
329,56,410.293,450.591,64.672,115.321,0.775264,-1,-1,-1
329,100,849.685,416.465,188.481,514.411,0.953131,-1,-1,-1
329,107,1195.176,437.503,47.832,116.922,0.102987,-1,-1,-1
329,106,1454.769,438.462,48.394,106.561,0.873317,-1,-1,-1
329,124,682.592,487.188,51.439,106.895,0.748131,-1,-1,-1
329,44,311.768,451.600,36.330,96.488,0.366791,-1,-1,-1
329,131,968.629,455.399,53.891,133.233,0.140117,-1,-1,-1
329,86,1184.118,426.604,89.765,214.803,0.795212,-1,-1,-1
329,20,1750.784,391.559,186.485,491.849,0.947349,-1,-1,-1
329,142,728.148,477.990,54.632,120.025,0.840470,-1,-1,-1
329,143,1011.631,455.080,33.087,81.254,0.620727,-1,-1,-1
329,144,112.234,393.633,222.356,436.309,0.947043,-1,-1,-1
329,147,620.466,452.761,25.480,57.100,0.198120,-1,-1,-1
329,152,702.187,484.369,43.468,99.156,0.569593,-1,-1,-1
329,92,577.604,454.417,26.053,56.661,0.550082,-1,-1,-1
329,105,551.833,453.267,28.731,60.614,0.649873,-1,-1,-1
329,11,1122.259,418.215,156.041,331.676,0.616186,-1,-1,-1
329,155,801.227,478.588,39.956,70.557,0.628986,-1,-1,-1
330,13,1058.058,395.967,238.159,616.812,0.930450,-1,-1,-1
330,72,855.656,447.172,73.366,186.949,0.856995,-1,-1,-1
330,50,482.325,449.347,51.399,112.605,0.870916,-1,-1,-1
330,64,375.052,459.598,50.929,115.036,0.844887,-1,-1,-1
330,56,409.322,452.038,63.869,113.208,0.741248,-1,-1,-1
330,100,854.537,416.815,189.781,515.155,0.943530,-1,-1,-1
330,107,1195.145,426.703,55.210,132.061,0.501328,-1,-1,-1
330,106,1457.675,437.957,47.784,105.683,0.884961,-1,-1,-1
330,124,679.488,483.317,54.832,113.714,0.756359,-1,-1,-1
330,44,314.431,452.038,37.964,100.360,0.397036,-1,-1,-1
330,131,970.278,449.207,53.532,134.435,0.225116,-1,-1,-1
330,86,1179.043,422.084,87.469,211.075,0.801807,-1,-1,-1
330,20,1753.338,389.244,182.374,487.480,0.935447,-1,-1,-1
330,142,728.880,478.961,54.216,119.739,0.857011,-1,-1,-1
330,143,1011.306,454.974,34.466,85.270,0.627295,-1,-1,-1
330,144,122.185,396.294,216.641,430.624,0.935853,-1,-1,-1
330,147,620.569,454.225,25.498,57.253,0.202404,-1,-1,-1
330,152,701.964,484.157,43.854,99.872,0.639284,-1,-1,-1
330,92,576.343,454.666,25.995,56.492,0.524837,-1,-1,-1
330,105,552.311,453.618,28.285,59.752,0.559710,-1,-1,-1
330,11,1144.432,416.566,148.610,315.898,0.214994,-1,-1,-1
330,155,800.934,478.264,40.279,70.895,0.633561,-1,-1,-1
331,13,1045.095,393.284,235.846,618.362,0.927793,-1,-1,-1
331,72,863.599,447.707,66.033,166.664,0.823676,-1,-1,-1
331,50,481.781,449.141,51.163,112.354,0.861854,-1,-1,-1
331,64,374.389,458.502,51.181,116.032,0.831717,-1,-1,-1
331,56,410.009,450.552,64.539,114.382,0.793195,-1,-1,-1
331,100,857.317,417.432,190.510,515.966,0.944116,-1,-1,-1
331,107,1190.350,425.456,63.520,152.095,0.697665,-1,-1,-1
331,106,1459.653,434.945,48.606,109.054,0.892815,-1,-1,-1
331,124,676.289,484.031,55.733,115.545,0.748657,-1,-1,-1
331,44,316.081,451.608,37.372,98.712,0.374872,-1,-1,-1
331,131,965.947,435.610,55.113,139.174,0.221538,-1,-1,-1
331,86,1165.892,421.322,98.911,239.518,0.576788,-1,-1,-1
331,20,1751.435,389.529,185.226,503.158,0.922060,-1,-1,-1
331,142,729.891,479.924,53.421,118.571,0.837808,-1,-1,-1
331,143,1011.484,454.698,35.109,87.950,0.520373,-1,-1,-1
331,144,130.280,395.836,212.936,429.629,0.942928,-1,-1,-1
331,147,621.532,455.603,25.226,56.840,0.160185,-1,-1,-1
331,152,702.322,484.997,43.614,99.231,0.679578,-1,-1,-1
331,92,575.936,455.042,25.986,56.440,0.537697,-1,-1,-1
331,105,552.970,453.451,28.210,59.739,0.570441,-1,-1,-1
331,11,1118.684,407.638,208.220,446.134,0.628190,-1,-1,-1
331,155,801.322,481.572,37.652,66.256,0.629231,-1,-1,-1
331,160,9.032,445.670,33.091,366.796,0.687709,-1,-1,-1
332,13,1042.456,391.767,233.705,620.593,0.936419,-1,-1,-1
332,72,864.481,446.552,72.330,182.172,0.773504,-1,-1,-1
332,50,482.124,449.184,51.394,113.353,0.847848,-1,-1,-1
332,64,374.549,458.367,50.915,115.562,0.831841,-1,-1,-1
332,56,410.807,448.815,66.239,116.494,0.801909,-1,-1,-1
332,100,863.512,415.634,191.273,516.849,0.943130,-1,-1,-1
332,107,1188.140,419.063,62.832,151.195,0.403661,-1,-1,-1
332,106,1462.694,434.606,48.286,109.624,0.901081,-1,-1,-1
332,124,675.293,483.988,54.680,113.410,0.772002,-1,-1,-1
332,44,313.673,451.269,39.437,105.125,0.456429,-1,-1,-1
332,131,966.491,432.316,51.419,130.355,0.232046,-1,-1,-1
332,86,1153.228,415.695,94.394,231.869,0.107209,-1,-1,-1
332,20,1752.300,392.622,182.557,502.892,0.830589,-1,-1,-1
332,142,730.788,479.804,53.338,119.164,0.836594,-1,-1,-1
332,143,1010.378,454.504,33.359,83.566,0.626829,-1,-1,-1
332,144,139.538,395.129,211.716,430.329,0.924098,-1,-1,-1
332,147,620.864,455.179,25.701,58.072,0.185401,-1,-1,-1
332,152,702.895,485.525,43.251,98.741,0.709473,-1,-1,-1
332,92,575.092,454.735,26.484,57.506,0.568546,-1,-1,-1
332,105,552.309,453.060,28.547,60.499,0.635856,-1,-1,-1
332,11,1121.257,404.093,203.294,435.548,0.776792,-1,-1,-1
332,155,800.563,480.029,39.920,70.413,0.602181,-1,-1,-1
332,160,24.980,444.120,33.138,354.118,0.843569,-1,-1,-1
332,123,1824.634,400.591,89.503,408.790,0.647822,-1,-1,-1
333,13,1055.897,389.779,236.125,623.512,0.927771,-1,-1,-1
333,72,865.255,440.070,79.816,200.658,0.835946,-1,-1,-1
333,50,483.389,450.553,50.367,111.657,0.854305,-1,-1,-1
333,64,375.880,459.418,50.733,115.438,0.847567,-1,-1,-1
333,56,410.708,451.741,64.925,114.234,0.774709,-1,-1,-1
333,100,869.116,417.123,193.332,518.691,0.935982,-1,-1,-1
333,107,1185.244,428.279,65.368,154.764,0.130064,-1,-1,-1
333,106,1466.372,434.551,47.298,108.716,0.884138,-1,-1,-1
333,124,676.692,484.778,54.321,112.608,0.761733,-1,-1,-1
333,44,319.942,453.342,41.604,109.917,0.683564,-1,-1,-1
333,131,958.169,431.191,54.925,142.036,0.199214,-1,-1,-1
333,86,1156.562,422.927,86.559,209.479,0.147271,-1,-1,-1
333,20,1759.640,394.169,169.812,470.660,0.905492,-1,-1,-1
333,142,732.212,480.788,52.942,118.417,0.824447,-1,-1,-1
333,143,1010.643,455.415,32.643,81.718,0.490463,-1,-1,-1
333,144,151.892,396.443,209.554,426.504,0.944303,-1,-1,-1
333,147,619.941,453.969,26.920,61.081,0.304100,-1,-1,-1
333,152,703.158,485.434,43.378,99.134,0.725880,-1,-1,-1
333,92,576.394,455.839,26.524,57.563,0.634281,-1,-1,-1
333,105,552.487,453.919,28.369,60.252,0.652011,-1,-1,-1
333,11,1122.595,401.507,204.798,439.107,0.616064,-1,-1,-1
333,155,802.870,481.172,39.206,69.132,0.496845,-1,-1,-1
333,160,40.378,432.257,36.089,359.068,0.885100,-1,-1,-1
333,161,1682.752,428.080,97.823,156.178,0.610633,-1,-1,-1
333,123,1841.123,409.654,67.491,289.105,0.427800,-1,-1,-1
334,13,1063.099,394.270,237.124,619.619,0.927005,-1,-1,-1
334,72,868.760,439.980,75.835,190.100,0.822673,-1,-1,-1
334,50,484.527,450.599,49.308,110.558,0.851296,-1,-1,-1
334,64,376.832,459.242,50.594,115.224,0.832703,-1,-1,-1
334,56,409.943,453.489,62.319,111.144,0.742896,-1,-1,-1
334,100,867.242,417.213,193.790,520.326,0.933343,-1,-1,-1
334,107,1205.501,439.569,55.203,132.800,0.720461,-1,-1,-1
334,106,1468.800,434.487,46.924,109.393,0.870769,-1,-1,-1
334,124,682.970,487.252,51.883,106.642,0.717909,-1,-1,-1
334,44,322.469,452.995,42.732,112.708,0.724047,-1,-1,-1
334,131,952.371,429.594,60.847,159.837,0.190450,-1,-1,-1
334,20,1763.835,392.194,163.069,454.824,0.850929,-1,-1,-1
334,142,732.860,480.668,52.470,117.307,0.845463,-1,-1,-1
334,143,1010.866,455.508,31.471,78.398,0.574912,-1,-1,-1
334,144,169.043,408.948,204.314,413.764,0.952128,-1,-1,-1
334,147,619.763,453.710,27.295,62.240,0.254437,-1,-1,-1
334,152,702.954,485.459,43.800,100.056,0.738681,-1,-1,-1
334,92,577.568,455.931,26.632,57.922,0.628782,-1,-1,-1
334,105,552.183,453.807,28.147,60.026,0.617948,-1,-1,-1
334,11,1118.272,403.359,227.903,491.555,0.543879,-1,-1,-1
334,155,803.153,479.433,39.341,69.599,0.581734,-1,-1,-1
334,160,49.349,435.291,39.475,355.271,0.910554,-1,-1,-1
334,161,1680.477,427.319,98.356,156.613,0.399719,-1,-1,-1
334,123,1850.645,440.270,50.066,202.422,0.114002,-1,-1,-1
335,13,1071.563,402.312,238.459,610.390,0.926402,-1,-1,-1
335,72,875.451,445.105,73.654,182.873,0.722304,-1,-1,-1
335,50,485.300,450.585,49.327,111.237,0.801624,-1,-1,-1
335,64,376.669,458.758,51.182,116.909,0.876055,-1,-1,-1
335,56,410.830,453.547,61.728,110.491,0.761804,-1,-1,-1
335,100,867.915,417.701,192.958,516.716,0.937116,-1,-1,-1
335,107,1212.090,444.503,57.914,141.945,0.652969,-1,-1,-1
335,106,1470.695,434.911,45.987,108.678,0.865099,-1,-1,-1
335,124,678.844,484.570,53.705,110.332,0.748521,-1,-1,-1
335,44,320.343,451.224,44.435,115.781,0.546523,-1,-1,-1
335,131,957.759,429.181,57.058,150.028,0.201238,-1,-1,-1
335,20,1767.909,406.759,158.428,444.563,0.882489,-1,-1,-1
335,142,732.564,479.641,52.167,116.648,0.819908,-1,-1,-1
335,143,1010.048,454.995,31.124,77.073,0.648916,-1,-1,-1
335,144,179.526,398.977,210.191,422.833,0.953489,-1,-1,-1
335,147,620.338,454.229,26.907,61.566,0.318116,-1,-1,-1
335,152,702.713,484.789,43.664,99.690,0.661234,-1,-1,-1
335,92,576.252,456.434,26.481,57.574,0.662997,-1,-1,-1
335,105,551.958,454.574,27.620,58.955,0.647051,-1,-1,-1
335,11,1125.301,414.667,198.969,436.374,0.645726,-1,-1,-1
335,155,802.863,480.461,40.239,71.270,0.502965,-1,-1,-1
335,160,53.044,431.363,44.437,357.326,0.944472,-1,-1,-1
335,161,1672.547,427.218,98.563,156.432,0.517566,-1,-1,-1
335,128,689.787,477.560,48.903,99.702,0.662967,-1,-1,-1
336,13,1057.160,403.424,236.698,609.319,0.923612,-1,-1,-1
336,72,878.882,445.785,75.406,184.782,0.654987,-1,-1,-1
336,50,485.830,450.141,48.920,111.065,0.784277,-1,-1,-1
336,64,375.066,456.855,51.594,118.473,0.836907,-1,-1,-1
336,56,412.586,453.089,62.980,111.381,0.696785,-1,-1,-1
336,100,866.130,418.857,191.315,512.649,0.939185,-1,-1,-1
336,107,1217.676,445.402,53.895,133.705,0.683391,-1,-1,-1
336,106,1471.714,433.941,45.459,108.907,0.876795,-1,-1,-1
336,124,680.003,483.951,53.091,109.266,0.759266,-1,-1,-1
336,44,320.383,451.308,42.806,109.934,0.404733,-1,-1,-1
336,131,961.173,431.277,53.840,141.765,0.186463,-1,-1,-1
336,20,1774.850,413.767,154.911,441.131,0.785811,-1,-1,-1
336,142,731.751,479.495,52.843,118.793,0.816366,-1,-1,-1
336,143,1007.879,454.795,30.838,76.537,0.590606,-1,-1,-1
336,144,185.911,392.246,214.113,428.883,0.952526,-1,-1,-1
336,147,621.899,456.044,25.923,59.428,0.256682,-1,-1,-1
336,152,702.844,482.175,43.742,100.153,0.580640,-1,-1,-1
336,92,574.326,455.495,26.648,57.832,0.586404,-1,-1,-1
336,105,551.731,454.411,27.506,58.713,0.630715,-1,-1,-1
336,11,1124.422,412.069,194.283,437.532,0.741521,-1,-1,-1
336,155,806.329,479.558,39.728,70.290,0.398575,-1,-1,-1
336,160,54.238,431.686,50.153,358.805,0.923773,-1,-1,-1
336,161,1679.921,432.245,97.065,153.731,0.653203,-1,-1,-1
337,13,1049.631,401.105,235.277,610.524,0.933082,-1,-1,-1
337,72,882.143,446.635,72.996,176.532,0.551193,-1,-1,-1
337,50,483.535,446.734,49.922,114.185,0.782336,-1,-1,-1
337,64,374.363,457.872,51.411,117.899,0.840755,-1,-1,-1
337,56,416.187,463.286,59.092,102.017,0.602494,-1,-1,-1
337,100,865.989,419.918,190.741,511.101,0.937168,-1,-1,-1
337,107,1220.613,444.404,51.645,128.701,0.676507,-1,-1,-1
337,106,1474.342,435.366,44.495,106.888,0.873422,-1,-1,-1
337,124,676.794,480.816,57.561,119.221,0.794083,-1,-1,-1
337,44,323.610,453.553,37.396,95.529,0.365763,-1,-1,-1
337,131,962.552,433.960,49.849,131.685,0.130228,-1,-1,-1
337,20,1781.793,418.229,151.896,441.660,0.797222,-1,-1,-1
337,142,730.300,477.668,53.919,121.736,0.851982,-1,-1,-1
337,143,1009.625,454.336,31.594,78.474,0.446477,-1,-1,-1
337,144,197.220,392.423,215.880,428.593,0.952543,-1,-1,-1
337,147,621.238,455.174,25.960,59.757,0.201947,-1,-1,-1
337,152,702.107,478.738,44.135,102.070,0.437927,-1,-1,-1
337,92,574.695,457.856,25.340,54.711,0.468959,-1,-1,-1
337,105,551.966,455.598,26.938,57.406,0.580722,-1,-1,-1
337,11,1134.242,414.088,195.648,437.351,0.768112,-1,-1,-1
337,155,809.072,475.474,43.859,78.098,0.292180,-1,-1,-1
337,160,52.219,434.344,55.702,354.805,0.948449,-1,-1,-1
337,161,1687.329,434.052,95.727,151.954,0.688437,-1,-1,-1
337,128,688.509,475.703,51.566,107.240,0.616831,-1,-1,-1
338,13,1049.998,398.441,235.228,612.289,0.932664,-1,-1,-1
338,72,883.510,446.960,72.678,172.516,0.461932,-1,-1,-1
338,50,483.224,447.916,48.898,112.589,0.818506,-1,-1,-1
338,64,374.910,458.814,50.426,115.791,0.850587,-1,-1,-1
338,56,416.430,465.705,59.182,100.599,0.719381,-1,-1,-1
338,100,867.254,419.657,191.308,511.892,0.940004,-1,-1,-1
338,107,1223.260,443.676,50.036,124.455,0.668478,-1,-1,-1
338,106,1476.498,435.303,44.880,107.740,0.875713,-1,-1,-1
338,124,677.918,482.533,55.732,115.376,0.762043,-1,-1,-1
338,44,324.573,451.480,39.396,99.558,0.326724,-1,-1,-1
338,131,961.510,432.718,51.996,138.185,0.120706,-1,-1,-1
338,20,1778.573,318.952,176.982,540.719,0.242993,-1,-1,-1
338,142,730.649,479.557,53.385,120.489,0.819383,-1,-1,-1
338,143,1008.065,455.904,31.961,79.956,0.442646,-1,-1,-1
338,144,209.077,398.514,215.817,422.124,0.958596,-1,-1,-1
338,147,620.773,454.956,25.901,59.888,0.194778,-1,-1,-1
338,152,703.181,479.305,44.065,102.630,0.444741,-1,-1,-1
338,92,574.393,458.039,25.312,54.576,0.493537,-1,-1,-1
338,105,551.983,455.875,26.636,56.816,0.533381,-1,-1,-1
338,11,1140.351,411.838,196.118,435.910,0.757512,-1,-1,-1
338,155,809.341,479.642,42.535,76.178,0.313462,-1,-1,-1
338,160,49.901,442.545,60.909,346.460,0.946807,-1,-1,-1
338,161,1677.441,432.285,98.003,154.473,0.644231,-1,-1,-1
338,86,1144.027,417.341,135.627,333.392,0.668786,-1,-1,-1
339,13,1068.754,396.140,241.768,613.895,0.937724,-1,-1,-1
339,72,882.636,449.484,65.023,154.298,0.304245,-1,-1,-1
339,50,482.589,447.576,48.783,112.792,0.794135,-1,-1,-1
339,64,374.394,459.328,50.373,115.547,0.846304,-1,-1,-1
339,56,416.865,467.660,58.530,97.927,0.709900,-1,-1,-1
339,100,867.061,420.065,191.326,512.747,0.937817,-1,-1,-1
339,107,1228.783,443.261,44.400,109.713,0.769297,-1,-1,-1
339,106,1477.599,435.677,44.702,107.606,0.827619,-1,-1,-1
339,124,676.243,480.732,57.885,120.129,0.823834,-1,-1,-1
339,44,329.742,451.094,38.055,95.190,0.129785,-1,-1,-1
339,131,966.899,439.009,53.036,141.707,0.165618,-1,-1,-1
339,142,730.044,477.663,54.084,122.410,0.847787,-1,-1,-1
339,143,1006.646,456.164,31.086,78.039,0.436158,-1,-1,-1
339,144,224.045,421.562,209.128,399.922,0.955895,-1,-1,-1
339,147,620.296,454.490,26.276,61.071,0.176432,-1,-1,-1
339,152,702.831,479.706,43.682,102.244,0.503067,-1,-1,-1
339,92,574.335,457.833,25.332,54.655,0.492235,-1,-1,-1
339,105,552.652,455.530,26.603,56.909,0.533343,-1,-1,-1
339,11,1147.207,410.232,191.243,419.031,0.647758,-1,-1,-1
339,155,815.339,479.152,41.601,74.986,0.451261,-1,-1,-1
339,160,46.669,445.810,66.653,342.573,0.952247,-1,-1,-1
339,161,1680.762,433.405,96.825,151.858,0.562952,-1,-1,-1
339,86,1149.906,417.722,127.238,314.716,0.600695,-1,-1,-1
339,123,1845.677,449.413,53.979,193.885,0.673464,-1,-1,-1
340,13,1058.500,392.440,243.011,618.002,0.935617,-1,-1,-1
340,72,886.558,451.032,60.251,141.701,0.387846,-1,-1,-1
340,50,485.075,449.904,47.375,109.987,0.785187,-1,-1,-1
340,64,374.211,460.327,49.472,113.305,0.840190,-1,-1,-1
340,56,416.219,468.158,58.851,97.146,0.754386,-1,-1,-1
340,100,868.274,420.149,190.581,511.822,0.941876,-1,-1,-1
340,107,1232.265,443.386,40.826,99.934,0.763342,-1,-1,-1
340,106,1480.944,435.595,45.270,107.659,0.804943,-1,-1,-1
340,124,676.076,480.923,58.214,121.151,0.818804,-1,-1,-1
340,44,333.840,452.533,35.937,88.427,0.139834,-1,-1,-1
340,131,965.909,439.080,57.074,154.081,0.128617,-1,-1,-1
340,142,730.182,477.057,53.900,122.061,0.835781,-1,-1,-1
340,143,1005.866,456.001,31.282,78.976,0.391794,-1,-1,-1
340,144,233.429,427.308,209.846,395.226,0.958659,-1,-1,-1
340,147,620.730,454.039,26.073,60.824,0.275163,-1,-1,-1
340,152,703.631,479.371,42.633,100.053,0.447275,-1,-1,-1
340,92,574.279,457.012,25.813,55.801,0.576368,-1,-1,-1
340,105,552.372,455.350,26.732,57.288,0.564677,-1,-1,-1
340,11,1144.810,405.803,195.878,425.916,0.743255,-1,-1,-1
340,155,815.046,481.656,40.194,72.792,0.459041,-1,-1,-1
340,160,42.898,441.256,74.027,348.266,0.959579,-1,-1,-1
340,161,1681.322,433.730,96.468,150.332,0.555528,-1,-1,-1
340,86,1150.102,413.830,137.491,343.128,0.524181,-1,-1,-1
340,123,1844.894,449.937,59.576,198.497,0.617606,-1,-1,-1
341,13,1064.179,391.254,246.430,620.263,0.936882,-1,-1,-1
341,72,882.656,445.350,64.557,152.254,0.376064,-1,-1,-1
341,50,486.534,449.804,46.674,108.850,0.757811,-1,-1,-1
341,64,374.779,460.008,50.405,114.788,0.828885,-1,-1,-1
341,56,415.202,471.040,57.791,94.388,0.675736,-1,-1,-1
341,100,865.434,420.873,189.296,512.563,0.942433,-1,-1,-1
341,107,1233.647,440.703,41.069,99.704,0.725298,-1,-1,-1
341,106,1482.445,434.479,45.850,109.257,0.725728,-1,-1,-1
341,124,675.300,479.519,59.332,123.990,0.826444,-1,-1,-1
341,131,969.357,443.170,54.207,146.592,0.116514,-1,-1,-1
341,142,730.894,479.672,53.215,120.160,0.821115,-1,-1,-1
341,143,1005.044,455.513,30.804,77.735,0.410494,-1,-1,-1
341,144,237.914,419.415,215.076,400.923,0.954665,-1,-1,-1
341,147,621.535,454.987,25.608,59.795,0.204832,-1,-1,-1
341,152,704.318,479.530,42.996,101.214,0.405834,-1,-1,-1
341,92,573.652,456.919,26.169,56.636,0.555076,-1,-1,-1
341,105,551.052,454.994,26.989,58.029,0.547395,-1,-1,-1
341,11,1145.243,405.614,199.051,428.510,0.722048,-1,-1,-1
341,155,812.391,482.734,40.047,72.727,0.252332,-1,-1,-1
341,160,40.693,439.581,81.035,350.865,0.948705,-1,-1,-1
341,161,1689.457,435.704,94.787,148.980,0.570908,-1,-1,-1
341,86,1151.974,413.030,136.805,344.253,0.527955,-1,-1,-1
341,123,1842.533,452.928,62.123,194.154,0.513780,-1,-1,-1
342,13,1056.683,391.375,244.766,618.955,0.941492,-1,-1,-1
342,72,888.046,443.446,61.914,148.613,0.217963,-1,-1,-1
342,50,488.111,451.276,45.508,106.886,0.771991,-1,-1,-1
342,64,374.728,460.196,50.314,113.837,0.763745,-1,-1,-1
342,56,415.003,469.129,58.597,94.576,0.675633,-1,-1,-1
342,100,865.552,420.138,188.742,515.054,0.946348,-1,-1,-1
342,107,1235.854,441.650,38.327,90.665,0.627026,-1,-1,-1
342,106,1485.703,437.263,44.874,105.940,0.584034,-1,-1,-1
342,124,675.823,481.184,58.931,123.482,0.669395,-1,-1,-1
342,131,970.706,445.977,52.125,140.989,0.116752,-1,-1,-1
342,142,731.417,480.917,52.863,118.797,0.803887,-1,-1,-1
342,143,1003.874,456.125,30.435,76.804,0.415257,-1,-1,-1
342,144,246.409,431.426,211.451,388.075,0.949217,-1,-1,-1
342,147,627.220,455.755,25.656,59.302,0.319144,-1,-1,-1
342,152,704.409,481.160,44.044,103.915,0.439312,-1,-1,-1
342,92,573.697,458.755,25.139,54.195,0.444297,-1,-1,-1
342,105,552.338,456.255,26.273,56.632,0.464548,-1,-1,-1
342,11,1147.310,407.366,199.943,430.493,0.852091,-1,-1,-1
342,155,805.465,481.727,38.357,70.020,0.602168,-1,-1,-1
342,160,38.187,441.811,86.009,344.683,0.946350,-1,-1,-1
342,161,1686.269,431.925,98.148,153.879,0.515290,-1,-1,-1
342,86,1151.935,409.725,139.907,357.035,0.523249,-1,-1,-1
342,123,1843.504,457.216,63.314,188.336,0.525905,-1,-1,-1
342,128,690.525,481.524,48.144,102.028,0.604272,-1,-1,-1
343,13,1053.656,388.541,244.228,619.910,0.939643,-1,-1,-1
343,72,889.715,443.684,59.635,143.926,0.219214,-1,-1,-1
343,50,485.114,449.685,46.918,110.464,0.768532,-1,-1,-1
343,64,375.100,458.783,51.450,115.889,0.771418,-1,-1,-1
343,56,414.588,466.169,60.990,97.263,0.682064,-1,-1,-1
343,100,867.170,421.203,186.429,512.758,0.946004,-1,-1,-1
343,107,1237.425,442.265,38.843,90.372,0.736995,-1,-1,-1
343,106,1490.467,444.231,43.860,100.405,0.552745,-1,-1,-1
343,124,680.434,483.480,54.303,111.997,0.743557,-1,-1,-1
343,131,969.960,437.550,55.877,151.043,0.117804,-1,-1,-1
343,142,731.656,481.457,52.916,118.524,0.810635,-1,-1,-1
343,143,1005.249,456.290,30.382,76.669,0.576110,-1,-1,-1
343,144,244.461,416.491,220.249,402.732,0.957451,-1,-1,-1
343,147,629.362,454.940,26.216,59.984,0.410000,-1,-1,-1
343,152,704.045,479.276,40.778,95.931,0.354477,-1,-1,-1
343,92,574.220,457.757,25.572,55.162,0.566801,-1,-1,-1
343,105,552.602,456.108,26.567,57.372,0.607499,-1,-1,-1
343,11,1140.577,398.927,207.888,446.306,0.843126,-1,-1,-1
343,155,802.168,479.839,38.203,70.129,0.612346,-1,-1,-1
343,160,31.188,439.682,95.576,364.012,0.935735,-1,-1,-1
343,161,1693.972,436.190,96.063,151.646,0.341300,-1,-1,-1
343,86,1151.736,407.686,141.015,363.105,0.558624,-1,-1,-1
343,123,1840.318,462.263,63.988,182.061,0.488305,-1,-1,-1
344,13,1046.222,390.008,242.080,620.383,0.938145,-1,-1,-1
344,72,892.270,449.029,56.588,139.423,0.219184,-1,-1,-1
344,50,487.788,451.231,44.009,103.418,0.744470,-1,-1,-1
344,64,375.616,458.459,51.276,115.664,0.744584,-1,-1,-1
344,56,414.949,467.775,60.767,95.794,0.679398,-1,-1,-1
344,100,871.109,420.646,185.539,513.049,0.943944,-1,-1,-1
344,107,1238.461,442.829,38.931,89.773,0.749544,-1,-1,-1
344,106,1491.329,444.455,44.981,100.849,0.682562,-1,-1,-1
344,124,677.457,481.305,58.369,120.156,0.783211,-1,-1,-1
344,131,971.731,446.298,52.870,144.022,0.103287,-1,-1,-1
344,142,731.462,479.749,53.966,121.130,0.847005,-1,-1,-1
344,143,1007.539,457.123,30.113,76.515,0.580222,-1,-1,-1
344,144,245.703,408.825,224.636,409.534,0.960344,-1,-1,-1
344,147,630.440,455.437,26.286,59.618,0.386397,-1,-1,-1
344,152,703.581,479.366,45.145,106.809,0.431415,-1,-1,-1
344,92,574.844,457.946,25.342,54.704,0.536913,-1,-1,-1
344,105,553.173,456.690,26.460,57.241,0.607638,-1,-1,-1
344,11,1136.986,394.732,209.886,451.170,0.818161,-1,-1,-1
344,155,801.656,479.720,37.313,68.641,0.651547,-1,-1,-1
344,160,29.136,440.896,97.935,353.466,0.938278,-1,-1,-1
344,161,1684.923,431.521,99.338,155.478,0.262092,-1,-1,-1
344,86,1154.182,409.807,135.857,352.767,0.557908,-1,-1,-1
344,123,1838.627,462.807,66.288,180.261,0.548665,-1,-1,-1
345,13,1062.258,390.175,245.649,621.939,0.941651,-1,-1,-1
345,72,896.772,452.281,49.449,123.003,0.209330,-1,-1,-1
345,50,487.480,449.638,45.876,107.974,0.797677,-1,-1,-1
345,64,377.392,460.583,48.765,110.443,0.750083,-1,-1,-1
345,56,412.472,460.949,65.127,102.730,0.799140,-1,-1,-1
345,100,875.225,421.234,183.918,511.021,0.941405,-1,-1,-1
345,107,1238.521,444.148,40.353,92.970,0.763450,-1,-1,-1
345,106,1496.414,442.772,46.357,101.955,0.285596,-1,-1,-1
345,124,674.314,484.067,58.617,119.676,0.443952,-1,-1,-1
345,142,732.742,481.263,51.255,113.726,0.835818,-1,-1,-1
345,143,1008.978,455.671,30.098,76.067,0.677834,-1,-1,-1
345,144,246.393,405.084,226.194,412.914,0.962204,-1,-1,-1
345,147,631.442,454.692,26.776,60.038,0.415537,-1,-1,-1
345,152,703.056,481.654,45.234,106.281,0.479975,-1,-1,-1
345,92,579.349,458.678,25.462,54.620,0.610761,-1,-1,-1
345,105,552.876,455.990,26.668,57.587,0.631836,-1,-1,-1
345,11,1135.942,393.287,211.683,454.617,0.795943,-1,-1,-1
345,155,802.767,483.133,35.287,64.230,0.546612,-1,-1,-1
345,160,29.018,440.742,102.073,349.909,0.929447,-1,-1,-1
345,161,1682.084,429.372,100.229,155.168,0.515019,-1,-1,-1
345,86,1146.587,410.120,144.253,375.464,0.120550,-1,-1,-1
345,123,1837.426,464.819,67.336,178.576,0.381257,-1,-1,-1
345,128,690.160,487.646,47.336,97.571,0.672540,-1,-1,-1
346,13,1075.410,389.729,250.976,622.478,0.948128,-1,-1,-1
346,72,899.530,458.832,44.936,112.331,0.245257,-1,-1,-1
346,50,485.431,448.184,47.579,112.370,0.790993,-1,-1,-1
346,64,377.391,460.921,48.768,110.500,0.587254,-1,-1,-1
346,56,411.437,456.311,67.671,107.138,0.782947,-1,-1,-1
346,100,877.810,421.302,185.218,518.065,0.935423,-1,-1,-1
346,107,1240.261,445.043,38.746,88.449,0.803149,-1,-1,-1
346,106,1500.138,436.415,47.411,104.836,0.357686,-1,-1,-1
346,124,680.444,486.737,52.628,104.782,0.598941,-1,-1,-1
346,142,732.680,480.544,51.757,114.337,0.828560,-1,-1,-1
346,143,1008.227,458.699,28.291,71.456,0.543265,-1,-1,-1
346,144,251.345,402.864,225.350,415.144,0.954123,-1,-1,-1
346,147,632.325,453.343,27.277,60.826,0.463719,-1,-1,-1
346,152,702.591,483.789,43.220,100.238,0.474258,-1,-1,-1
346,92,580.623,458.630,25.503,54.321,0.618326,-1,-1,-1
346,105,552.393,457.062,25.997,55.793,0.594857,-1,-1,-1
346,11,1142.102,405.503,205.719,437.313,0.610807,-1,-1,-1
346,155,802.961,483.257,35.006,63.351,0.601809,-1,-1,-1
346,160,38.618,439.682,104.666,346.558,0.928285,-1,-1,-1
346,161,1680.841,428.488,101.377,155.513,0.504164,-1,-1,-1
346,86,1169.265,437.091,123.763,313.587,0.497039,-1,-1,-1
346,123,1837.610,465.692,68.120,177.766,0.385477,-1,-1,-1
346,128,691.755,480.389,45.250,92.592,0.549190,-1,-1,-1
347,13,1063.418,389.221,250.542,623.547,0.936064,-1,-1,-1
347,72,901.331,461.196,39.260,97.566,0.231157,-1,-1,-1
347,50,484.766,446.942,48.339,114.617,0.743799,-1,-1,-1
347,64,378.246,456.967,48.173,110.369,0.249735,-1,-1,-1
347,56,411.794,458.936,65.315,103.414,0.727598,-1,-1,-1
347,100,879.024,418.907,182.910,515.027,0.935503,-1,-1,-1
347,107,1240.094,444.262,40.089,91.305,0.803116,-1,-1,-1
347,106,1501.089,436.214,47.208,104.366,0.390511,-1,-1,-1
347,124,680.002,487.613,52.442,102.948,0.578904,-1,-1,-1
347,142,732.630,480.310,51.823,114.117,0.823468,-1,-1,-1
347,143,1008.339,459.725,27.851,70.378,0.582277,-1,-1,-1
347,144,257.879,398.204,223.703,417.389,0.954849,-1,-1,-1
347,147,629.565,455.738,27.160,60.674,0.430340,-1,-1,-1
347,152,701.377,485.655,43.282,99.784,0.468828,-1,-1,-1
347,92,581.364,458.658,25.307,53.577,0.563685,-1,-1,-1
347,105,552.222,455.946,26.553,56.922,0.547732,-1,-1,-1
347,11,1142.407,410.425,205.706,435.556,0.790316,-1,-1,-1
347,155,802.804,482.938,35.356,63.524,0.604082,-1,-1,-1
347,160,52.684,435.085,107.547,349.221,0.929634,-1,-1,-1
347,161,1685.270,430.005,100.218,154.174,0.484406,-1,-1,-1
347,86,1176.197,443.097,109.868,276.727,0.412396,-1,-1,-1
347,123,1840.059,480.701,63.891,161.131,0.361815,-1,-1,-1
347,128,692.430,481.444,42.892,86.639,0.520269,-1,-1,-1
348,13,1057.194,387.190,249.858,624.481,0.942748,-1,-1,-1
348,72,907.987,463.777,37.461,92.776,0.218068,-1,-1,-1
348,50,483.648,447.688,48.252,114.280,0.760036,-1,-1,-1
348,56,410.969,468.012,60.806,96.763,0.459694,-1,-1,-1
348,100,881.838,420.624,182.838,518.125,0.932539,-1,-1,-1
348,107,1240.617,444.778,40.658,92.383,0.814940,-1,-1,-1
348,106,1500.291,431.119,50.062,110.847,0.822201,-1,-1,-1
348,124,673.138,486.782,56.194,109.343,0.767330,-1,-1,-1
348,142,732.677,480.989,51.223,112.219,0.801998,-1,-1,-1
348,143,1008.374,460.092,28.996,73.405,0.611926,-1,-1,-1
348,144,270.410,403.568,216.039,408.803,0.946655,-1,-1,-1
348,147,627.011,457.741,26.569,58.947,0.436066,-1,-1,-1
348,152,703.121,484.647,41.879,96.759,0.587859,-1,-1,-1
348,92,581.747,459.036,25.004,52.657,0.538769,-1,-1,-1
348,105,551.802,454.415,27.229,58.426,0.517572,-1,-1,-1
348,11,1147.061,410.215,205.457,434.340,0.789296,-1,-1,-1
348,155,804.890,485.642,34.568,61.535,0.569150,-1,-1,-1
348,160,58.872,435.738,111.348,348.559,0.920583,-1,-1,-1
348,161,1680.546,427.843,100.729,153.829,0.311200,-1,-1,-1
348,86,1181.258,450.940,114.227,285.893,0.138208,-1,-1,-1
348,123,1835.724,476.941,67.362,166.877,0.435068,-1,-1,-1
348,128,694.300,482.619,39.081,78.227,0.384586,-1,-1,-1
349,13,1058.817,389.592,250.058,624.187,0.943940,-1,-1,-1
349,72,909.926,462.080,40.711,101.085,0.145376,-1,-1,-1
349,50,483.620,448.509,47.710,112.812,0.699560,-1,-1,-1
349,56,410.925,470.629,58.457,94.674,0.604520,-1,-1,-1
349,100,885.513,420.769,182.303,518.442,0.930844,-1,-1,-1
349,107,1240.414,445.283,41.522,93.950,0.813595,-1,-1,-1
349,106,1508.490,434.948,47.358,105.818,0.300060,-1,-1,-1
349,124,672.498,486.581,55.542,105.666,0.707415,-1,-1,-1
349,142,733.743,480.607,48.831,106.727,0.740244,-1,-1,-1
349,143,1008.220,460.341,30.046,76.215,0.617911,-1,-1,-1
349,144,279.609,401.850,210.035,406.118,0.956904,-1,-1,-1
349,147,626.617,458.351,26.714,58.931,0.402290,-1,-1,-1
349,152,704.364,482.904,41.141,94.683,0.455482,-1,-1,-1
349,92,577.410,457.848,25.729,53.693,0.446448,-1,-1,-1
349,105,551.737,453.797,27.089,58.107,0.492573,-1,-1,-1
349,11,1144.343,405.933,207.052,434.547,0.724203,-1,-1,-1
349,155,806.371,486.904,34.948,61.484,0.535321,-1,-1,-1
349,160,69.775,433.169,114.272,349.114,0.931268,-1,-1,-1
349,161,1680.277,428.365,100.751,152.527,0.306012,-1,-1,-1
349,86,1180.023,443.599,108.792,270.413,0.245253,-1,-1,-1
349,123,1833.398,473.536,69.991,170.636,0.421395,-1,-1,-1
349,128,696.152,478.476,40.859,81.805,0.508247,-1,-1,-1
350,13,1057.915,397.412,247.540,615.955,0.937959,-1,-1,-1
350,72,912.637,460.341,41.043,102.641,0.181432,-1,-1,-1
350,50,480.447,448.148,48.638,113.260,0.623277,-1,-1,-1
350,56,412.335,470.667,58.832,96.383,0.546957,-1,-1,-1
350,100,887.108,419.803,183.281,522.441,0.929227,-1,-1,-1
350,107,1238.717,445.119,42.762,96.666,0.813068,-1,-1,-1
350,106,1507.761,434.114,48.442,107.732,0.715778,-1,-1,-1
350,124,672.472,485.044,57.579,106.921,0.738061,-1,-1,-1
350,142,732.752,479.974,49.836,108.781,0.775382,-1,-1,-1
350,143,1006.691,460.643,31.518,80.173,0.629620,-1,-1,-1
350,144,289.225,417.136,197.570,388.681,0.942940,-1,-1,-1
350,147,626.766,459.083,26.373,57.649,0.418434,-1,-1,-1
350,152,703.117,482.742,42.800,98.593,0.489933,-1,-1,-1
350,92,576.378,458.299,25.684,53.111,0.477083,-1,-1,-1
350,105,551.764,454.489,26.769,57.261,0.503915,-1,-1,-1
350,11,1148.934,423.569,198.808,412.373,0.661855,-1,-1,-1
350,155,805.302,485.226,36.132,63.111,0.578590,-1,-1,-1
350,160,81.104,431.074,118.314,349.303,0.943845,-1,-1,-1
350,161,1679.874,427.928,102.657,154.301,0.344109,-1,-1,-1
350,86,1182.730,452.189,113.511,278.619,0.236749,-1,-1,-1
350,123,1831.525,471.505,72.090,172.874,0.451972,-1,-1,-1
350,128,696.509,476.936,42.594,85.300,0.583100,-1,-1,-1
350,169,1097.037,454.500,34.975,105.664,0.604539,-1,-1,-1
350,170,-2.200,437.480,51.796,429.328,0.832171,-1,-1,-1
351,13,1046.208,396.525,245.596,616.405,0.943621,-1,-1,-1
351,72,914.581,464.467,39.145,97.886,0.108130,-1,-1,-1
351,50,482.564,446.502,46.138,107.237,0.562245,-1,-1,-1
351,56,415.972,473.011,54.783,92.798,0.396386,-1,-1,-1
351,100,886.758,418.520,182.814,523.843,0.930273,-1,-1,-1
351,107,1237.833,444.754,43.937,99.716,0.841258,-1,-1,-1
351,106,1509.603,435.110,48.044,106.939,0.585593,-1,-1,-1
351,124,670.465,484.712,59.923,110.397,0.755975,-1,-1,-1
351,142,732.655,479.170,51.555,113.315,0.812502,-1,-1,-1
351,143,1005.365,458.829,31.357,79.593,0.499751,-1,-1,-1
351,144,293.352,404.759,197.684,397.843,0.940171,-1,-1,-1
351,147,628.814,458.348,26.121,56.219,0.365017,-1,-1,-1
351,152,708.164,481.837,48.221,110.929,0.113524,-1,-1,-1
351,92,574.989,456.914,26.698,55.495,0.105626,-1,-1,-1
351,105,552.031,455.362,26.349,56.323,0.442939,-1,-1,-1
351,11,1146.700,423.497,200.311,413.631,0.772466,-1,-1,-1
351,155,805.066,483.707,37.871,66.263,0.571156,-1,-1,-1
351,160,96.462,436.413,122.031,343.122,0.950038,-1,-1,-1
351,161,1678.011,426.973,104.500,155.766,0.334946,-1,-1,-1
351,86,1181.552,452.777,117.717,288.465,0.338452,-1,-1,-1
351,123,1831.326,475.715,71.107,168.076,0.442772,-1,-1,-1
351,128,697.026,476.359,46.241,94.326,0.641320,-1,-1,-1
351,169,1097.328,451.370,30.807,92.789,0.254776,-1,-1,-1
351,170,0.326,450.741,49.785,412.379,0.884232,-1,-1,-1
352,13,1049.362,391.784,247.159,621.532,0.939626,-1,-1,-1
352,50,483.535,444.919,46.322,107.506,0.596711,-1,-1,-1
352,56,419.226,464.730,53.426,93.535,0.353801,-1,-1,-1
352,100,887.443,418.257,182.061,524.003,0.929185,-1,-1,-1
352,107,1239.156,445.130,42.841,97.398,0.829545,-1,-1,-1
352,106,1509.894,431.310,49.813,111.239,0.624690,-1,-1,-1
352,124,669.034,485.250,59.959,109.451,0.755680,-1,-1,-1
352,142,731.921,478.040,53.238,117.621,0.835055,-1,-1,-1
352,143,1004.656,455.105,33.519,83.310,0.400670,-1,-1,-1
352,144,300.260,398.481,196.532,402.021,0.938922,-1,-1,-1
352,147,629.544,459.428,25.421,53.730,0.371788,-1,-1,-1
352,92,572.786,457.082,26.715,55.802,0.135641,-1,-1,-1
352,105,551.966,454.847,26.340,56.234,0.421407,-1,-1,-1
352,11,1152.809,422.711,198.807,410.278,0.736774,-1,-1,-1
352,155,805.436,484.047,37.499,65.200,0.612382,-1,-1,-1
352,160,104.427,444.772,126.725,333.549,0.957049,-1,-1,-1
352,161,1680.668,425.310,105.095,157.570,0.511526,-1,-1,-1
352,86,1180.770,447.016,123.022,301.508,0.355035,-1,-1,-1
352,123,1832.790,469.574,76.187,177.475,0.611485,-1,-1,-1
352,128,697.558,477.250,46.537,96.245,0.666213,-1,-1,-1
352,169,1082.062,443.260,55.547,167.082,0.662477,-1,-1,-1
352,170,3.850,451.346,49.552,408.264,0.907146,-1,-1,-1
353,13,1065.835,389.328,251.056,623.360,0.937584,-1,-1,-1
353,50,485.348,446.509,43.983,102.243,0.628291,-1,-1,-1
353,56,420.898,464.872,52.622,94.416,0.183620,-1,-1,-1
353,100,888.105,420.088,180.772,522.733,0.930167,-1,-1,-1
353,107,1240.432,445.766,41.802,95.124,0.842800,-1,-1,-1
353,106,1513.295,434.074,48.182,108.175,0.830635,-1,-1,-1
353,124,669.984,484.366,60.915,109.277,0.762667,-1,-1,-1
353,142,730.665,476.517,54.007,119.614,0.820290,-1,-1,-1
353,143,1008.095,458.236,36.599,91.381,0.534547,-1,-1,-1
353,144,305.851,394.605,194.479,402.676,0.944876,-1,-1,-1
353,147,629.167,458.899,25.965,53.904,0.374891,-1,-1,-1
353,92,572.377,456.633,26.697,56.009,0.231505,-1,-1,-1
353,105,551.810,453.978,26.702,57.189,0.458102,-1,-1,-1
353,11,1158.011,432.447,194.686,400.662,0.528224,-1,-1,-1
353,155,803.970,482.575,38.086,66.317,0.623957,-1,-1,-1
353,160,109.862,440.015,137.272,340.816,0.959127,-1,-1,-1
353,161,1679.431,428.208,103.755,154.638,0.483270,-1,-1,-1
353,86,1185.738,454.785,118.165,286.410,0.268735,-1,-1,-1
353,123,1832.203,465.928,78.690,181.112,0.555737,-1,-1,-1
353,128,696.307,475.775,46.637,97.153,0.640298,-1,-1,-1
353,169,1073.259,438.881,64.869,193.990,0.793411,-1,-1,-1
353,170,8.740,443.436,51.204,415.770,0.907311,-1,-1,-1
354,13,1075.731,384.818,258.222,628.590,0.940001,-1,-1,-1
354,50,488.954,448.038,37.846,87.373,0.590770,-1,-1,-1
354,56,422.118,455.416,54.056,99.710,0.194133,-1,-1,-1
354,100,891.342,421.010,180.694,521.941,0.941818,-1,-1,-1
354,107,1239.435,445.343,44.080,101.078,0.846471,-1,-1,-1
354,106,1514.405,432.354,48.428,109.733,0.764888,-1,-1,-1
354,124,668.862,478.043,67.464,120.687,0.793482,-1,-1,-1
354,142,730.611,475.388,54.707,121.403,0.844135,-1,-1,-1
354,143,1006.309,452.643,39.177,98.021,0.296680,-1,-1,-1
354,144,312.624,394.874,193.055,403.408,0.942826,-1,-1,-1
354,147,627.500,456.733,27.708,56.525,0.286599,-1,-1,-1
354,92,574.787,456.616,25.992,54.465,0.474865,-1,-1,-1
354,105,551.999,453.762,26.806,57.608,0.503137,-1,-1,-1
354,11,1162.608,440.427,194.532,396.119,0.517180,-1,-1,-1
354,155,804.102,482.970,37.792,65.480,0.550028,-1,-1,-1
354,160,112.665,440.349,144.859,340.794,0.957027,-1,-1,-1
354,161,1676.702,428.994,105.192,155.538,0.478336,-1,-1,-1
354,86,1190.033,456.274,114.976,273.103,0.344571,-1,-1,-1
354,123,1830.392,466.577,78.782,179.699,0.507773,-1,-1,-1
354,128,692.617,472.142,49.747,103.963,0.620574,-1,-1,-1
354,169,1061.750,434.839,73.148,216.709,0.827243,-1,-1,-1
354,170,15.213,451.522,50.908,400.319,0.922227,-1,-1,-1
355,13,1078.422,385.601,262.546,627.537,0.945028,-1,-1,-1
355,50,488.819,447.664,36.779,84.754,0.290832,-1,-1,-1
355,56,421.193,448.335,56.909,107.492,0.165299,-1,-1,-1
355,100,889.945,420.939,179.878,521.768,0.941305,-1,-1,-1
355,107,1240.255,445.952,41.999,96.364,0.838247,-1,-1,-1
355,106,1515.527,429.723,49.503,112.017,0.800249,-1,-1,-1
355,124,670.741,483.534,63.131,112.406,0.744255,-1,-1,-1
355,142,731.181,476.698,54.861,121.848,0.853070,-1,-1,-1
355,143,1006.632,451.695,41.346,104.656,0.269074,-1,-1,-1
355,144,324.359,394.911,191.542,404.766,0.931394,-1,-1,-1
355,147,624.548,455.555,27.525,56.186,0.332133,-1,-1,-1
355,92,575.773,456.223,26.076,54.568,0.497995,-1,-1,-1
355,105,552.461,453.612,26.997,58.151,0.550478,-1,-1,-1
355,11,1169.284,443.406,189.064,386.582,0.453199,-1,-1,-1
355,155,805.688,486.152,38.125,65.491,0.516928,-1,-1,-1
355,160,114.481,437.418,153.914,346.018,0.955084,-1,-1,-1
355,161,1679.427,430.325,103.554,152.717,0.435805,-1,-1,-1
355,86,1186.006,453.086,123.764,298.664,0.258608,-1,-1,-1
355,123,1830.094,463.971,80.116,181.341,0.491991,-1,-1,-1
355,128,693.490,474.853,48.305,101.467,0.662656,-1,-1,-1
355,169,1056.257,432.457,76.633,225.896,0.894018,-1,-1,-1
355,170,29.852,449.664,54.515,398.808,0.913669,-1,-1,-1
356,13,1078.257,387.037,266.134,625.223,0.946683,-1,-1,-1
356,50,493.039,450.180,32.892,75.361,0.596753,-1,-1,-1
356,100,892.007,420.437,179.897,521.134,0.941074,-1,-1,-1
356,107,1241.531,445.830,40.328,92.238,0.832464,-1,-1,-1
356,106,1517.769,432.272,47.980,107.961,0.745750,-1,-1,-1
356,124,668.396,482.179,65.099,116.402,0.797854,-1,-1,-1
356,142,731.443,475.993,55.690,123.605,0.838399,-1,-1,-1
356,143,1005.008,450.241,40.785,104.032,0.366350,-1,-1,-1
356,144,334.313,394.503,189.159,402.902,0.944859,-1,-1,-1
356,147,625.760,456.784,27.477,55.311,0.423449,-1,-1,-1
356,92,576.199,456.385,25.941,54.084,0.519145,-1,-1,-1
356,105,552.368,453.600,27.026,58.223,0.553727,-1,-1,-1
356,11,1166.680,442.865,191.998,388.287,0.485819,-1,-1,-1
356,155,805.901,485.263,38.917,66.556,0.567482,-1,-1,-1
356,160,120.591,435.896,156.566,340.850,0.953953,-1,-1,-1
356,161,1678.642,431.250,103.718,152.000,0.390294,-1,-1,-1
356,86,1186.139,458.172,115.847,277.140,0.302133,-1,-1,-1
356,123,1829.839,465.293,80.249,179.678,0.458660,-1,-1,-1
356,128,692.794,473.829,49.541,104.862,0.618452,-1,-1,-1
356,169,1050.629,432.469,76.649,225.249,0.894809,-1,-1,-1
356,170,44.217,449.666,61.213,403.995,0.927284,-1,-1,-1
356,72,924.669,447.602,42.521,106.025,0.758397,-1,-1,-1
357,13,1076.321,386.748,270.507,626.420,0.947945,-1,-1,-1
357,50,489.386,451.123,34.443,78.081,0.674075,-1,-1,-1
357,100,892.817,418.029,179.877,521.101,0.944792,-1,-1,-1
357,107,1241.558,445.756,41.241,95.037,0.829417,-1,-1,-1
357,106,1521.947,435.094,46.449,104.246,0.691936,-1,-1,-1
357,124,670.981,481.694,63.949,114.599,0.762225,-1,-1,-1
357,142,731.893,476.902,55.261,122.052,0.772017,-1,-1,-1
357,143,1005.305,451.736,39.265,100.748,0.202472,-1,-1,-1
357,144,350.342,395.684,190.292,403.099,0.946717,-1,-1,-1
357,147,623.418,456.834,28.043,56.401,0.511522,-1,-1,-1
357,92,575.758,455.570,26.215,54.573,0.594732,-1,-1,-1
357,105,551.669,453.430,27.179,58.498,0.635735,-1,-1,-1
357,11,1164.681,430.989,196.891,396.355,0.488567,-1,-1,-1
357,155,805.404,483.271,39.030,66.806,0.536032,-1,-1,-1
357,160,126.498,436.454,159.819,338.628,0.938593,-1,-1,-1
357,161,1680.088,429.185,105.132,154.835,0.540470,-1,-1,-1
357,86,1177.570,441.334,143.838,351.365,0.141656,-1,-1,-1
357,123,1828.431,454.527,86.319,192.709,0.592526,-1,-1,-1
357,128,689.963,471.679,50.874,108.064,0.577395,-1,-1,-1
357,169,1048.486,434.616,75.830,221.193,0.883801,-1,-1,-1
357,170,57.620,443.177,70.416,410.976,0.955373,-1,-1,-1
357,72,924.854,447.833,44.319,112.159,0.669001,-1,-1,-1
358,13,1073.820,385.204,274.674,628.979,0.951643,-1,-1,-1
358,50,479.807,447.449,44.666,101.650,0.735719,-1,-1,-1
358,100,892.433,416.830,179.521,520.802,0.947023,-1,-1,-1
358,107,1243.457,445.562,40.985,95.758,0.808391,-1,-1,-1
358,106,1524.615,435.262,46.157,103.649,0.719245,-1,-1,-1
358,124,669.983,483.131,62.551,112.288,0.777773,-1,-1,-1
358,142,733.077,484.489,51.521,113.031,0.686229,-1,-1,-1
358,143,1004.350,454.724,44.732,115.800,0.159209,-1,-1,-1
358,144,362.412,398.207,191.561,399.801,0.948859,-1,-1,-1
358,147,622.849,458.210,28.057,56.433,0.495440,-1,-1,-1
358,92,575.462,456.279,26.086,54.461,0.523907,-1,-1,-1
358,105,552.111,453.509,27.240,58.744,0.560009,-1,-1,-1
358,11,1163.242,431.234,196.451,396.671,0.538719,-1,-1,-1
358,155,805.362,483.720,38.599,66.267,0.651610,-1,-1,-1
358,160,127.817,438.435,160.007,330.056,0.926144,-1,-1,-1
358,161,1680.763,428.588,104.647,154.759,0.264733,-1,-1,-1
358,86,1182.103,446.388,128.323,310.813,0.260130,-1,-1,-1
358,123,1824.403,428.242,97.416,220.531,0.466350,-1,-1,-1
358,128,693.626,477.254,46.137,98.474,0.596831,-1,-1,-1
358,169,1047.653,438.187,74.635,216.681,0.895061,-1,-1,-1
358,170,64.795,442.148,80.338,413.701,0.953748,-1,-1,-1
358,72,928.365,450.157,41.186,104.928,0.376877,-1,-1,-1
359,13,1073.943,388.575,276.102,624.558,0.951949,-1,-1,-1
359,50,477.872,447.997,46.966,107.522,0.741460,-1,-1,-1
359,100,893.972,419.280,179.057,519.031,0.943197,-1,-1,-1
359,107,1244.563,444.611,40.886,95.999,0.809213,-1,-1,-1
359,106,1526.683,433.190,46.253,104.329,0.733535,-1,-1,-1
359,124,668.592,483.420,64.168,115.276,0.800286,-1,-1,-1
359,142,733.332,487.968,49.426,107.012,0.635214,-1,-1,-1
359,143,1002.534,447.377,53.122,139.515,0.197863,-1,-1,-1
359,144,372.551,406.215,191.673,391.579,0.958314,-1,-1,-1
359,147,622.949,459.645,27.288,54.691,0.512865,-1,-1,-1
359,92,574.696,457.580,25.642,53.440,0.472079,-1,-1,-1
359,105,552.571,454.412,26.961,58.037,0.531188,-1,-1,-1
359,11,1161.685,430.524,197.490,399.870,0.469074,-1,-1,-1
359,155,805.969,486.233,38.532,65.887,0.560375,-1,-1,-1
359,160,131.907,433.736,163.174,331.901,0.937791,-1,-1,-1
359,161,1687.663,428.209,102.651,154.853,0.328250,-1,-1,-1
359,86,1181.080,449.977,109.526,266.482,0.332106,-1,-1,-1
359,123,1827.316,447.881,87.972,199.246,0.496861,-1,-1,-1
359,128,692.003,476.581,47.570,101.997,0.549380,-1,-1,-1
359,169,1042.786,440.714,73.889,214.195,0.896572,-1,-1,-1
359,170,67.798,445.715,90.268,411.419,0.964776,-1,-1,-1
359,72,928.724,447.767,43.104,111.593,0.549796,-1,-1,-1
360,13,1071.835,387.216,279.856,625.717,0.955701,-1,-1,-1
360,50,473.664,447.040,50.563,115.004,0.750018,-1,-1,-1
360,100,895.938,419.468,179.337,517.974,0.947371,-1,-1,-1
360,107,1243.912,444.625,41.579,97.842,0.824210,-1,-1,-1
360,106,1528.469,431.718,46.771,106.045,0.684400,-1,-1,-1
360,124,668.977,482.586,64.586,114.326,0.768685,-1,-1,-1
360,142,733.618,486.534,49.420,106.165,0.569169,-1,-1,-1
360,143,1000.754,448.070,51.431,135.589,0.142512,-1,-1,-1
360,144,377.857,411.887,193.603,387.802,0.959803,-1,-1,-1
360,147,622.819,460.178,27.384,55.076,0.465503,-1,-1,-1
360,92,574.867,457.909,25.552,53.209,0.473239,-1,-1,-1
360,105,551.937,454.767,26.822,57.651,0.565986,-1,-1,-1
360,11,1169.391,428.731,196.790,399.385,0.202109,-1,-1,-1
360,155,805.302,485.547,38.119,65.109,0.585401,-1,-1,-1
360,160,136.797,433.175,163.691,329.914,0.936955,-1,-1,-1
360,161,1681.725,428.076,116.922,181.483,0.585255,-1,-1,-1
360,86,1180.350,454.552,110.561,269.593,0.209818,-1,-1,-1
360,123,1822.612,402.603,106.042,247.314,0.665056,-1,-1,-1
360,128,696.414,479.596,48.162,102.428,0.215481,-1,-1,-1
360,169,1034.570,434.022,76.419,221.462,0.757931,-1,-1,-1
360,170,64.219,446.637,100.107,410.819,0.962852,-1,-1,-1
360,72,928.113,446.565,42.992,111.610,0.316428,-1,-1,-1
361,13,1069.110,386.038,283.195,627.716,0.954969,-1,-1,-1
361,50,473.803,445.955,51.575,115.948,0.572694,-1,-1,-1
361,100,895.785,414.702,180.579,520.557,0.949562,-1,-1,-1
361,107,1243.872,441.816,43.360,102.368,0.790121,-1,-1,-1
361,106,1531.402,430.929,46.772,106.156,0.704933,-1,-1,-1
361,124,669.898,485.022,61.203,106.919,0.701453,-1,-1,-1
361,142,733.863,482.466,51.650,110.909,0.644664,-1,-1,-1
361,143,993.803,437.348,62.056,165.552,0.103996,-1,-1,-1
361,144,381.602,404.976,199.695,395.463,0.958374,-1,-1,-1
361,147,621.866,458.284,29.813,60.179,0.521357,-1,-1,-1
361,92,576.087,456.182,26.127,54.602,0.566611,-1,-1,-1
361,105,552.117,454.337,26.626,57.220,0.566637,-1,-1,-1
361,11,1165.683,425.825,198.706,401.823,0.246052,-1,-1,-1
361,155,803.566,484.585,38.007,64.798,0.616347,-1,-1,-1
361,160,139.366,431.271,164.934,332.479,0.917211,-1,-1,-1
361,161,1686.716,431.948,104.130,162.326,0.498245,-1,-1,-1
361,86,1183.685,458.381,96.523,234.089,0.210638,-1,-1,-1
361,123,1827.560,436.622,91.974,213.127,0.702324,-1,-1,-1
361,128,698.000,481.065,48.852,104.241,0.236607,-1,-1,-1
361,169,1027.126,432.154,76.648,221.458,0.793203,-1,-1,-1
361,170,61.589,442.394,110.241,410.901,0.966609,-1,-1,-1
361,72,932.712,447.621,40.419,104.375,0.207160,-1,-1,-1
362,13,1067.969,386.140,285.372,628.109,0.957216,-1,-1,-1
362,50,478.154,445.324,50.917,114.710,0.520983,-1,-1,-1
362,100,897.208,413.514,180.815,522.139,0.955631,-1,-1,-1
362,107,1243.332,441.597,43.089,102.670,0.796973,-1,-1,-1
362,106,1533.224,433.200,45.452,103.148,0.504231,-1,-1,-1
362,124,666.326,485.002,62.338,108.993,0.774551,-1,-1,-1
362,142,732.360,481.734,53.046,114.176,0.707324,-1,-1,-1
362,143,994.304,439.950,61.755,167.443,0.134890,-1,-1,-1
362,144,385.773,404.839,201.722,395.045,0.954671,-1,-1,-1
362,147,623.061,458.003,30.993,63.125,0.563989,-1,-1,-1
362,92,576.990,455.703,26.340,55.142,0.649193,-1,-1,-1
362,105,551.580,454.181,26.675,57.199,0.600089,-1,-1,-1
362,11,1168.072,434.166,196.064,397.628,0.168270,-1,-1,-1
362,155,804.346,484.326,37.913,64.481,0.587791,-1,-1,-1
362,160,149.429,429.146,163.165,334.202,0.924928,-1,-1,-1
362,161,1682.146,431.841,100.817,154.643,0.498831,-1,-1,-1
362,86,1176.468,460.957,98.752,239.039,0.174628,-1,-1,-1
362,123,1822.349,402.111,104.928,248.230,0.597551,-1,-1,-1
362,128,689.591,484.084,50.256,106.091,0.693743,-1,-1,-1
362,169,1025.882,433.984,75.782,219.295,0.878900,-1,-1,-1
362,170,61.060,443.005,121.239,412.233,0.968620,-1,-1,-1
362,72,933.470,460.869,34.270,87.226,0.232043,-1,-1,-1
362,178,843.873,472.050,47.222,79.018,0.680179,-1,-1,-1
363,13,1065.753,391.315,285.792,624.370,0.953158,-1,-1,-1
363,50,485.871,444.361,47.631,109.584,0.181923,-1,-1,-1
363,100,902.444,414.854,180.440,518.569,0.946718,-1,-1,-1
363,107,1243.812,442.174,42.529,101.592,0.797032,-1,-1,-1
363,106,1533.993,427.362,48.748,110.484,0.613747,-1,-1,-1
363,124,671.033,485.245,62.875,109.464,0.741394,-1,-1,-1
363,142,731.924,479.689,54.253,117.233,0.767497,-1,-1,-1
363,144,390.090,404.324,201.953,393.001,0.951642,-1,-1,-1
363,147,621.462,457.453,30.227,61.667,0.541184,-1,-1,-1
363,92,577.509,454.926,26.371,55.328,0.593840,-1,-1,-1
363,105,552.327,453.898,26.607,57.133,0.537782,-1,-1,-1
363,11,1173.051,443.623,190.171,385.058,0.119575,-1,-1,-1
363,155,803.327,482.096,38.682,66.292,0.588702,-1,-1,-1
363,160,156.693,431.386,160.289,335.123,0.932000,-1,-1,-1
363,161,1680.801,428.783,102.234,155.693,0.459040,-1,-1,-1
363,86,1183.882,472.364,96.294,229.448,0.117079,-1,-1,-1
363,123,1821.878,398.407,105.253,252.230,0.640240,-1,-1,-1
363,128,691.518,483.200,49.575,104.798,0.667648,-1,-1,-1
363,169,1020.375,441.590,72.624,207.767,0.499184,-1,-1,-1
363,170,54.456,444.659,129.075,407.569,0.967247,-1,-1,-1
363,72,937.243,463.101,33.662,85.495,0.290293,-1,-1,-1
363,178,846.234,473.291,44.440,74.499,0.559616,-1,-1,-1
363,180,310.531,450.802,37.759,113.118,0.696972,-1,-1,-1
364,13,1067.282,389.908,288.102,624.666,0.950742,-1,-1,-1
364,50,488.121,441.001,48.940,114.647,0.110154,-1,-1,-1
364,100,904.014,414.716,180.068,516.960,0.942447,-1,-1,-1
364,107,1245.686,443.863,41.782,99.088,0.826894,-1,-1,-1
364,106,1535.407,423.477,50.310,114.252,0.786206,-1,-1,-1
364,124,668.490,485.325,62.666,108.401,0.743504,-1,-1,-1
364,142,731.969,479.757,54.032,116.840,0.759741,-1,-1,-1
364,144,395.530,404.296,202.815,392.336,0.958032,-1,-1,-1
364,147,621.104,456.456,29.720,60.696,0.503745,-1,-1,-1
364,92,576.809,454.959,26.593,55.803,0.633126,-1,-1,-1
364,105,551.258,453.462,27.386,58.912,0.643921,-1,-1,-1
364,11,1177.166,446.412,187.967,380.522,0.148767,-1,-1,-1
364,155,803.039,478.516,40.414,68.534,0.544147,-1,-1,-1
364,160,163.305,429.124,158.537,338.461,0.923760,-1,-1,-1
364,161,1678.312,427.571,103.704,156.559,0.568970,-1,-1,-1
364,86,1184.769,478.087,95.298,224.905,0.102957,-1,-1,-1
364,123,1826.398,385.664,105.927,261.543,0.418580,-1,-1,-1
364,128,689.266,480.029,51.762,110.109,0.606229,-1,-1,-1
364,169,1021.130,445.328,67.454,191.529,0.265155,-1,-1,-1
364,170,51.640,443.501,138.500,408.159,0.964841,-1,-1,-1
364,72,938.680,462.953,28.909,72.188,0.206172,-1,-1,-1
364,178,844.090,472.749,45.789,76.914,0.606932,-1,-1,-1
364,180,310.616,450.723,36.980,110.623,0.610751,-1,-1,-1
365,13,1065.687,394.156,288.877,620.428,0.953193,-1,-1,-1
365,50,490.102,439.243,49.078,116.832,0.121204,-1,-1,-1
365,100,904.996,411.825,182.076,524.698,0.943958,-1,-1,-1
365,107,1246.422,443.204,42.503,100.136,0.822085,-1,-1,-1
365,106,1540.222,420.876,50.433,116.280,0.670233,-1,-1,-1
365,124,667.806,487.339,61.458,105.346,0.721391,-1,-1,-1
365,142,732.567,480.894,53.063,114.549,0.745252,-1,-1,-1
365,144,397.572,408.305,203.665,391.016,0.956101,-1,-1,-1
365,147,622.873,457.920,28.576,58.314,0.515818,-1,-1,-1
365,92,576.222,454.651,26.797,56.387,0.625414,-1,-1,-1
365,105,550.622,453.726,27.275,58.863,0.610392,-1,-1,-1
365,11,1177.819,436.838,193.126,393.918,0.112703,-1,-1,-1
365,155,803.030,477.076,40.654,68.643,0.524422,-1,-1,-1
365,160,177.072,437.551,149.711,327.733,0.917243,-1,-1,-1
365,161,1679.367,429.248,101.903,153.503,0.345368,-1,-1,-1
365,123,1832.762,381.700,101.813,259.737,0.221594,-1,-1,-1
365,128,693.267,484.333,48.487,103.104,0.575915,-1,-1,-1
365,169,1018.292,438.221,69.102,195.630,0.237643,-1,-1,-1
365,170,47.708,439.609,148.094,413.252,0.958486,-1,-1,-1
365,72,936.996,458.039,33.018,81.435,0.260333,-1,-1,-1
365,178,843.350,471.718,46.145,77.696,0.667521,-1,-1,-1
365,180,311.028,450.697,35.732,106.636,0.527210,-1,-1,-1
365,183,539.100,449.490,28.514,62.258,0.613930,-1,-1,-1
366,13,1064.135,392.607,292.442,623.201,0.954688,-1,-1,-1
366,50,497.923,437.479,46.581,111.281,0.153940,-1,-1,-1
366,100,907.956,411.742,181.860,527.591,0.947424,-1,-1,-1
366,107,1247.538,443.020,42.726,100.239,0.817304,-1,-1,-1
366,106,1542.948,424.095,48.396,112.970,0.533448,-1,-1,-1
366,124,667.410,486.143,62.478,106.454,0.778509,-1,-1,-1
366,142,732.400,482.093,52.760,114.029,0.748887,-1,-1,-1
366,144,400.251,409.238,204.665,390.133,0.954751,-1,-1,-1
366,147,623.797,459.302,27.814,56.747,0.474373,-1,-1,-1
366,92,574.106,456.961,26.265,55.508,0.341036,-1,-1,-1
366,105,551.286,454.761,26.656,57.745,0.552011,-1,-1,-1
366,155,803.994,482.466,38.889,65.484,0.522917,-1,-1,-1
366,160,188.259,438.702,145.191,325.164,0.905583,-1,-1,-1
366,161,1679.722,430.772,101.319,151.756,0.506845,-1,-1,-1
366,123,1834.265,380.120,99.648,261.366,0.255317,-1,-1,-1
366,128,690.016,482.175,50.905,109.063,0.632070,-1,-1,-1
366,169,1012.118,443.718,72.518,200.783,0.207597,-1,-1,-1
366,170,46.122,438.106,153.745,406.595,0.953052,-1,-1,-1
366,72,935.690,456.693,33.924,83.456,0.292202,-1,-1,-1
366,178,844.147,471.453,45.421,76.661,0.622802,-1,-1,-1
366,180,310.929,451.920,36.291,107.760,0.594385,-1,-1,-1
366,183,537.614,451.490,27.568,60.198,0.516033,-1,-1,-1
366,64,373.026,459.539,49.230,112.913,0.721112,-1,-1,-1
367,13,1062.307,393.614,294.477,622.958,0.955161,-1,-1,-1
367,50,497.054,436.820,54.325,130.397,0.116388,-1,-1,-1
367,100,910.056,412.196,180.935,528.359,0.946528,-1,-1,-1
367,107,1247.826,440.943,43.843,102.591,0.836163,-1,-1,-1
367,106,1545.067,425.309,48.226,115.462,0.189751,-1,-1,-1
367,124,662.136,486.202,59.840,103.406,0.748786,-1,-1,-1
367,142,731.139,479.595,54.572,118.594,0.725371,-1,-1,-1
367,144,403.134,408.336,203.751,385.718,0.950013,-1,-1,-1
367,147,623.844,459.623,27.158,55.304,0.416137,-1,-1,-1
367,92,573.987,455.650,26.434,56.064,0.503788,-1,-1,-1
367,105,552.662,454.653,26.186,57.227,0.526340,-1,-1,-1
367,155,805.058,485.809,38.187,64.030,0.553384,-1,-1,-1
367,160,198.518,432.150,146.131,333.343,0.918331,-1,-1,-1
367,161,1678.086,428.394,103.943,154.536,0.504368,-1,-1,-1
367,123,1833.876,380.651,98.069,263.028,0.327541,-1,-1,-1
367,128,689.954,485.079,48.727,103.175,0.748773,-1,-1,-1
367,170,48.316,437.838,157.368,400.798,0.934792,-1,-1,-1
367,72,934.620,461.252,34.115,83.263,0.286475,-1,-1,-1
367,178,844.897,472.225,44.983,76.059,0.571613,-1,-1,-1
367,180,309.126,450.870,37.850,111.801,0.495612,-1,-1,-1
367,183,535.566,451.160,30.265,66.286,0.469104,-1,-1,-1
367,64,371.650,458.111,51.511,116.203,0.691255,-1,-1,-1
368,13,1061.032,392.792,297.303,624.542,0.953378,-1,-1,-1
368,100,913.350,410.333,180.859,532.019,0.946872,-1,-1,-1
368,107,1248.778,438.519,44.644,104.999,0.779965,-1,-1,-1
368,106,1547.338,432.481,44.011,106.053,0.385582,-1,-1,-1
368,124,659.095,486.753,55.314,96.441,0.657380,-1,-1,-1
368,142,730.351,478.902,54.707,119.187,0.792039,-1,-1,-1
368,144,402.356,399.693,206.595,390.132,0.952024,-1,-1,-1
368,147,627.117,459.600,28.319,57.568,0.328178,-1,-1,-1
368,92,574.080,456.055,26.118,55.229,0.470908,-1,-1,-1
368,105,552.275,454.378,25.399,55.462,0.402045,-1,-1,-1
368,155,804.210,484.325,39.490,66.302,0.665649,-1,-1,-1
368,160,211.578,431.898,144.987,332.493,0.926557,-1,-1,-1
368,161,1679.939,426.267,104.921,156.224,0.466979,-1,-1,-1
368,123,1836.560,430.778,81.509,213.184,0.626664,-1,-1,-1
368,128,687.395,484.089,50.198,105.228,0.817114,-1,-1,-1
368,170,55.129,437.057,158.998,396.207,0.943797,-1,-1,-1
368,72,934.176,465.467,33.568,80.690,0.321682,-1,-1,-1
368,178,844.927,472.561,43.972,74.604,0.627493,-1,-1,-1
368,180,309.846,451.882,37.436,110.511,0.663825,-1,-1,-1
368,183,535.539,451.051,29.736,65.080,0.445346,-1,-1,-1
368,64,370.897,456.570,52.842,119.567,0.792032,-1,-1,-1
369,13,1060.618,392.462,299.251,624.348,0.954051,-1,-1,-1
369,100,915.361,410.134,179.359,531.292,0.948687,-1,-1,-1
369,107,1248.584,439.055,44.343,104.355,0.788588,-1,-1,-1
369,106,1547.801,434.331,42.716,104.094,0.311112,-1,-1,-1
369,124,657.300,480.955,65.963,115.836,0.695902,-1,-1,-1
369,142,729.592,478.650,54.282,118.175,0.813461,-1,-1,-1
369,144,403.962,394.023,207.460,392.460,0.950664,-1,-1,-1
369,147,628.984,457.117,30.634,62.546,0.455204,-1,-1,-1
369,92,577.693,457.300,25.927,54.096,0.709423,-1,-1,-1
369,105,551.693,454.870,24.708,53.734,0.501113,-1,-1,-1
369,155,803.208,483.969,39.156,65.836,0.697499,-1,-1,-1
369,160,224.579,429.009,146.428,334.957,0.944792,-1,-1,-1
369,161,1686.035,428.955,102.161,153.670,0.479626,-1,-1,-1
369,123,1836.577,452.919,75.859,194.060,0.674736,-1,-1,-1
369,128,686.597,482.296,51.855,108.010,0.797996,-1,-1,-1
369,170,61.504,437.772,158.135,387.728,0.929964,-1,-1,-1
369,72,933.831,453.391,36.054,86.687,0.362382,-1,-1,-1
369,178,845.359,472.911,43.416,73.705,0.623671,-1,-1,-1
369,180,309.465,451.390,38.055,112.352,0.674126,-1,-1,-1
369,183,535.177,452.212,28.137,61.558,0.422741,-1,-1,-1
369,64,370.840,457.694,52.110,118.431,0.814881,-1,-1,-1
369,186,1098.576,444.840,44.518,140.648,0.636589,-1,-1,-1
369,56,405.248,451.373,59.127,116.867,0.728149,-1,-1,-1
370,13,1060.583,396.490,299.136,619.858,0.954743,-1,-1,-1
370,100,917.750,409.957,177.987,531.598,0.948519,-1,-1,-1
370,107,1249.387,439.958,43.703,102.382,0.789888,-1,-1,-1
370,106,1549.498,437.833,40.986,101.005,0.244303,-1,-1,-1
370,124,659.518,480.660,63.056,110.477,0.653291,-1,-1,-1
370,142,729.190,478.307,53.839,117.497,0.772679,-1,-1,-1
370,144,408.988,404.228,201.859,384.264,0.943027,-1,-1,-1
370,147,624.933,456.939,29.273,59.791,0.418619,-1,-1,-1
370,92,576.058,455.556,26.593,55.724,0.641467,-1,-1,-1
370,105,551.409,452.733,26.415,57.777,0.579534,-1,-1,-1
370,155,801.762,481.609,39.984,67.579,0.707127,-1,-1,-1
370,160,232.129,425.836,150.638,338.576,0.946030,-1,-1,-1
370,161,1677.542,425.042,107.716,162.087,0.534067,-1,-1,-1
370,123,1837.118,460.040,74.778,188.525,0.668812,-1,-1,-1
370,128,687.714,483.015,50.712,105.424,0.792787,-1,-1,-1
370,170,68.006,434.088,160.839,388.695,0.950936,-1,-1,-1
370,72,935.283,451.566,34.341,82.724,0.191269,-1,-1,-1
370,178,845.204,472.602,43.396,73.638,0.655130,-1,-1,-1
370,180,311.598,452.362,36.859,109.113,0.602086,-1,-1,-1
370,64,370.897,456.959,52.811,119.034,0.804880,-1,-1,-1
370,186,1074.738,457.668,43.464,135.859,0.799003,-1,-1,-1
370,189,-0.474,418.790,46.817,401.444,0.742552,-1,-1,-1
370,56,405.004,454.487,56.255,115.652,0.571012,-1,-1,-1
371,13,1059.891,397.314,300.734,619.122,0.955594,-1,-1,-1
371,100,919.266,409.839,177.268,533.756,0.948207,-1,-1,-1
371,107,1249.555,441.214,42.722,99.278,0.817296,-1,-1,-1
371,106,1550.666,435.677,41.298,104.031,0.436945,-1,-1,-1
371,124,655.441,480.851,60.003,107.106,0.744298,-1,-1,-1
371,142,729.253,479.556,52.992,115.763,0.795726,-1,-1,-1
371,144,417.994,403.643,198.953,384.398,0.934034,-1,-1,-1
371,147,622.532,456.941,28.692,58.413,0.426561,-1,-1,-1
371,92,576.631,454.724,26.454,55.641,0.570729,-1,-1,-1
371,105,554.767,452.802,27.103,59.872,0.505462,-1,-1,-1
371,155,801.837,480.839,40.804,68.896,0.739873,-1,-1,-1
371,160,240.283,425.154,153.407,339.436,0.941800,-1,-1,-1
371,161,1670.202,425.923,107.735,160.778,0.528041,-1,-1,-1
371,123,1837.557,462.328,75.006,186.353,0.562579,-1,-1,-1
371,128,689.362,482.546,49.887,104.256,0.802464,-1,-1,-1
371,170,78.367,432.820,162.569,387.805,0.947253,-1,-1,-1
371,72,935.569,455.296,33.007,79.092,0.254725,-1,-1,-1
371,178,845.604,473.268,43.222,73.189,0.640651,-1,-1,-1
371,180,313.129,452.425,34.066,100.543,0.312362,-1,-1,-1
371,64,370.302,456.717,53.071,118.266,0.798536,-1,-1,-1
371,186,1074.855,447.373,48.624,148.463,0.721600,-1,-1,-1
371,189,-0.473,443.298,43.864,376.288,0.800349,-1,-1,-1
371,56,405.243,455.874,54.954,115.321,0.667954,-1,-1,-1
372,13,1057.423,392.510,304.582,624.157,0.953873,-1,-1,-1
372,100,922.171,409.148,176.880,537.094,0.948914,-1,-1,-1
372,107,1251.674,441.225,43.229,99.564,0.854763,-1,-1,-1
372,106,1550.319,434.528,40.615,104.306,0.595151,-1,-1,-1
372,124,654.802,478.445,57.928,105.242,0.730197,-1,-1,-1
372,142,728.881,478.213,52.886,116.008,0.768335,-1,-1,-1
372,144,426.965,401.800,192.742,377.464,0.952707,-1,-1,-1
372,147,621.988,456.787,28.809,58.637,0.459680,-1,-1,-1
372,92,575.601,455.801,26.358,55.605,0.554254,-1,-1,-1
372,105,557.023,454.569,27.702,61.499,0.528224,-1,-1,-1
372,155,801.078,479.755,41.729,70.660,0.722700,-1,-1,-1
372,160,251.418,429.332,151.679,329.671,0.949768,-1,-1,-1
372,161,1667.861,428.716,105.247,155.992,0.516512,-1,-1,-1
372,123,1836.201,460.156,76.843,188.398,0.575346,-1,-1,-1
372,128,688.551,479.565,50.724,106.249,0.747011,-1,-1,-1
372,170,85.695,433.936,164.182,386.418,0.953000,-1,-1,-1
372,72,934.983,450.933,30.983,74.206,0.174299,-1,-1,-1
372,178,844.889,470.590,44.584,75.858,0.672248,-1,-1,-1
372,180,319.126,451.733,37.584,107.957,0.343824,-1,-1,-1
372,64,370.856,456.168,53.538,119.281,0.796521,-1,-1,-1
372,186,1066.317,453.927,43.587,131.211,0.653421,-1,-1,-1
372,189,-1.981,434.136,44.265,380.908,0.847591,-1,-1,-1
372,56,407.056,453.812,54.917,117.143,0.694238,-1,-1,-1
372,191,1100.562,442.818,45.120,129.094,0.662848,-1,-1,-1
372,192,1303.438,424.486,45.715,118.550,0.680535,-1,-1,-1
373,13,1059.826,402.621,301.082,612.221,0.946568,-1,-1,-1
373,100,925.958,406.614,177.318,541.990,0.946242,-1,-1,-1
373,107,1252.815,439.112,44.828,102.913,0.865756,-1,-1,-1
373,106,1552.476,439.839,37.384,97.611,0.404271,-1,-1,-1
373,124,656.274,483.495,54.565,99.147,0.665167,-1,-1,-1
373,142,729.558,480.208,51.926,114.545,0.716233,-1,-1,-1
373,144,439.727,400.539,187.677,375.049,0.955634,-1,-1,-1
373,147,622.081,455.981,28.557,58.110,0.462835,-1,-1,-1
373,92,575.508,456.069,27.049,57.233,0.582096,-1,-1,-1
373,105,556.874,453.373,29.532,66.062,0.473973,-1,-1,-1
373,155,801.604,483.843,38.995,65.380,0.595457,-1,-1,-1
373,160,255.532,433.579,151.211,322.942,0.946447,-1,-1,-1
373,161,1666.049,432.522,101.272,151.557,0.317173,-1,-1,-1
373,123,1836.113,467.939,74.648,181.470,0.438330,-1,-1,-1
373,128,689.988,480.195,49.027,102.561,0.669385,-1,-1,-1
373,170,101.943,433.756,167.801,383.927,0.940499,-1,-1,-1
373,72,936.583,462.671,27.391,63.681,0.308506,-1,-1,-1
373,178,846.461,469.812,44.019,75.339,0.506583,-1,-1,-1
373,180,324.700,452.388,36.946,103.941,0.146865,-1,-1,-1
373,64,372.981,456.921,53.438,119.641,0.814539,-1,-1,-1
373,186,1064.589,457.876,44.986,133.667,0.692878,-1,-1,-1
373,189,1.249,452.259,42.552,364.599,0.904715,-1,-1,-1
373,56,409.625,456.868,54.477,115.367,0.715301,-1,-1,-1
373,191,1105.117,445.851,38.888,111.123,0.546842,-1,-1,-1
373,192,1302.509,422.413,47.049,122.057,0.701913,-1,-1,-1
374,13,1060.648,401.212,302.492,612.262,0.947005,-1,-1,-1
374,100,930.805,405.246,174.857,538.447,0.947236,-1,-1,-1
374,107,1253.255,440.008,44.983,102.475,0.851351,-1,-1,-1
374,106,1553.523,441.228,36.611,97.158,0.462308,-1,-1,-1
374,124,656.059,490.398,53.668,97.871,0.734578,-1,-1,-1
374,142,730.790,484.176,49.747,110.561,0.641358,-1,-1,-1
374,144,450.024,403.869,182.773,370.101,0.950875,-1,-1,-1
374,147,624.566,453.772,27.868,56.872,0.245685,-1,-1,-1
374,92,573.121,458.918,28.631,60.783,0.544651,-1,-1,-1
374,105,557.607,455.672,32.320,72.570,0.339769,-1,-1,-1
374,155,801.120,481.907,39.385,66.449,0.531371,-1,-1,-1
374,160,262.924,435.727,152.293,321.125,0.929032,-1,-1,-1
374,161,1674.972,430.957,102.890,152.779,0.369660,-1,-1,-1
374,123,1836.057,466.282,73.709,179.423,0.359986,-1,-1,-1
374,128,694.195,484.290,46.756,98.823,0.723253,-1,-1,-1
374,170,115.849,436.445,171.412,381.680,0.946928,-1,-1,-1
374,178,843.150,470.021,46.227,78.986,0.664074,-1,-1,-1
374,64,373.262,455.594,53.458,119.720,0.806171,-1,-1,-1
374,186,1063.962,457.425,47.079,137.789,0.796432,-1,-1,-1
374,189,2.920,443.986,43.853,373.205,0.896396,-1,-1,-1
374,56,410.888,456.287,54.550,115.578,0.754770,-1,-1,-1
374,191,1106.205,442.389,36.953,105.494,0.533962,-1,-1,-1
374,192,1302.511,420.777,47.573,123.512,0.614530,-1,-1,-1
375,13,1059.749,400.334,304.734,613.834,0.944616,-1,-1,-1
375,100,934.406,404.656,173.504,536.729,0.940778,-1,-1,-1
375,107,1253.291,442.349,44.092,100.352,0.855866,-1,-1,-1
375,106,1554.251,442.116,36.832,98.956,0.406987,-1,-1,-1
375,124,656.800,483.746,59.318,107.847,0.604923,-1,-1,-1
375,142,730.906,482.081,48.474,107.321,0.356097,-1,-1,-1
375,144,456.446,401.086,180.869,371.517,0.956475,-1,-1,-1
375,147,625.324,457.014,28.197,57.253,0.436763,-1,-1,-1
375,92,574.731,458.107,27.891,58.904,0.522654,-1,-1,-1
375,105,557.963,454.805,36.585,81.738,0.193323,-1,-1,-1
375,155,802.617,485.180,37.308,62.481,0.430340,-1,-1,-1
375,160,265.034,432.918,153.134,318.917,0.939871,-1,-1,-1
375,161,1664.542,429.924,102.345,153.601,0.304487,-1,-1,-1
375,123,1844.021,491.637,63.050,150.706,0.319269,-1,-1,-1
375,128,691.391,480.675,48.605,102.417,0.646882,-1,-1,-1
375,170,133.375,437.744,177.811,381.031,0.963427,-1,-1,-1
375,178,842.851,469.935,46.403,78.842,0.240645,-1,-1,-1
375,64,373.416,456.709,52.476,116.752,0.837443,-1,-1,-1
375,186,1064.926,455.049,44.378,129.148,0.705506,-1,-1,-1
375,189,6.909,438.215,45.454,379.088,0.886127,-1,-1,-1
375,56,412.700,467.130,49.316,102.615,0.647177,-1,-1,-1
375,191,1099.700,440.381,44.076,126.013,0.608714,-1,-1,-1
375,192,1304.448,425.635,44.627,115.224,0.570837,-1,-1,-1
375,194,466.265,443.514,39.548,100.228,0.616470,-1,-1,-1
376,13,1056.628,396.534,307.261,618.165,0.940649,-1,-1,-1
376,100,938.918,407.871,173.665,536.002,0.933067,-1,-1,-1
376,107,1253.854,443.154,44.137,99.995,0.849526,-1,-1,-1
376,106,1555.226,442.130,35.821,97.506,0.483744,-1,-1,-1
376,124,650.518,480.306,61.556,112.608,0.323376,-1,-1,-1
376,142,725.623,480.478,51.563,111.850,0.331652,-1,-1,-1
376,144,462.886,396.351,180.455,374.647,0.948909,-1,-1,-1
376,147,624.207,457.281,30.187,61.586,0.591888,-1,-1,-1
376,92,577.158,454.949,27.719,58.838,0.567389,-1,-1,-1
376,105,555.088,447.092,44.035,98.908,0.145717,-1,-1,-1
376,155,802.650,484.394,37.428,62.259,0.408808,-1,-1,-1
376,160,266.927,430.777,153.108,315.564,0.938545,-1,-1,-1
376,161,1662.264,431.022,99.895,152.009,0.226915,-1,-1,-1
376,123,1848.225,492.822,65.435,155.654,0.151975,-1,-1,-1
376,128,686.960,475.248,51.950,108.313,0.631909,-1,-1,-1
376,170,143.466,436.568,184.915,383.084,0.964792,-1,-1,-1
376,178,842.557,469.901,46.617,78.683,0.535564,-1,-1,-1
376,64,374.202,457.778,52.163,115.355,0.800616,-1,-1,-1
376,186,1065.413,451.612,43.791,126.796,0.701020,-1,-1,-1
376,189,12.236,441.826,46.792,375.443,0.918140,-1,-1,-1
376,56,413.760,469.132,48.561,98.824,0.626269,-1,-1,-1
376,191,1096.343,441.680,46.417,132.653,0.509518,-1,-1,-1
376,192,1304.245,428.521,44.144,113.175,0.306507,-1,-1,-1
376,194,467.239,444.143,38.519,97.613,0.673258,-1,-1,-1
377,13,1057.269,397.253,307.849,618.441,0.951155,-1,-1,-1
377,100,942.101,408.000,174.284,535.283,0.938680,-1,-1,-1
377,107,1252.796,440.168,45.671,104.438,0.847106,-1,-1,-1
377,106,1557.225,445.390,33.757,92.878,0.354513,-1,-1,-1
377,124,649.013,484.203,58.059,105.608,0.501334,-1,-1,-1
377,142,726.779,476.237,52.665,114.572,0.778041,-1,-1,-1
377,144,469.280,397.738,177.806,372.307,0.945924,-1,-1,-1
377,147,622.315,457.489,30.737,62.846,0.550001,-1,-1,-1
377,92,579.848,453.022,28.111,59.533,0.418163,-1,-1,-1
377,155,804.681,484.616,37.708,61.971,0.623547,-1,-1,-1
377,160,272.705,431.893,153.122,316.581,0.930151,-1,-1,-1
377,161,1667.113,435.622,95.034,146.772,0.229074,-1,-1,-1
377,123,1837.150,475.443,72.371,170.133,0.477941,-1,-1,-1
377,128,686.650,473.631,53.007,110.557,0.685377,-1,-1,-1
377,170,152.630,439.495,189.052,379.854,0.962706,-1,-1,-1
377,178,843.235,468.201,47.549,80.870,0.750009,-1,-1,-1
377,64,371.322,454.902,56.081,123.196,0.851827,-1,-1,-1
377,186,1065.253,446.233,44.476,128.880,0.659739,-1,-1,-1
377,189,22.951,430.898,51.413,382.631,0.918704,-1,-1,-1
377,56,412.407,465.920,51.370,103.635,0.693494,-1,-1,-1
377,191,1096.342,438.790,50.009,143.303,0.640348,-1,-1,-1
377,192,1302.752,426.454,44.888,114.694,0.353055,-1,-1,-1
377,194,467.016,440.148,49.033,124.403,0.618524,-1,-1,-1
378,13,1057.084,397.347,308.498,618.196,0.957721,-1,-1,-1
378,100,943.431,405.346,174.311,533.628,0.942431,-1,-1,-1
378,107,1253.313,439.509,45.175,104.268,0.845597,-1,-1,-1
378,106,1557.569,446.182,31.622,87.453,0.237898,-1,-1,-1
378,124,667.474,479.698,54.464,100.521,0.601647,-1,-1,-1
378,142,726.955,475.848,52.829,115.753,0.807810,-1,-1,-1
378,144,476.146,398.188,176.368,372.566,0.945044,-1,-1,-1
378,147,622.214,457.779,32.349,67.136,0.529035,-1,-1,-1
378,92,578.678,446.298,35.965,77.949,0.135264,-1,-1,-1
378,155,805.181,484.993,38.053,62.260,0.647613,-1,-1,-1
378,160,274.914,431.962,154.558,320.030,0.905673,-1,-1,-1
378,161,1678.829,434.899,97.227,148.814,0.426457,-1,-1,-1
378,123,1833.069,469.692,75.173,174.960,0.431371,-1,-1,-1
378,128,687.432,475.349,52.034,109.218,0.725889,-1,-1,-1
378,170,155.893,437.408,193.546,380.816,0.963791,-1,-1,-1
378,178,843.873,467.760,47.105,80.879,0.720414,-1,-1,-1
378,64,371.446,457.100,56.132,123.094,0.826039,-1,-1,-1
378,186,1064.468,447.521,49.541,143.024,0.733538,-1,-1,-1
378,189,36.135,427.314,58.270,387.699,0.948698,-1,-1,-1
378,56,414.338,468.433,50.196,100.142,0.681467,-1,-1,-1
378,191,1091.503,443.639,53.013,149.913,0.475116,-1,-1,-1
378,192,1303.872,426.271,44.858,114.559,0.342480,-1,-1,-1
378,194,469.557,440.947,49.015,124.232,0.716842,-1,-1,-1
379,13,1057.510,398.557,308.601,617.190,0.953273,-1,-1,-1
379,100,942.484,403.503,174.495,534.890,0.946181,-1,-1,-1
379,107,1253.880,439.893,44.503,103.194,0.845591,-1,-1,-1
379,106,1557.439,445.185,29.694,81.941,0.156086,-1,-1,-1
379,124,652.723,485.345,55.231,101.836,0.725432,-1,-1,-1
379,142,727.705,476.765,52.009,114.481,0.835316,-1,-1,-1
379,144,488.314,400.429,175.685,370.066,0.950397,-1,-1,-1
379,147,620.798,456.045,31.940,67.148,0.114111,-1,-1,-1
379,155,804.935,485.906,38.500,62.561,0.616461,-1,-1,-1
379,160,283.157,429.956,154.064,321.426,0.902442,-1,-1,-1
379,161,1685.482,435.369,96.534,147.019,0.349431,-1,-1,-1
379,123,1831.226,465.742,77.198,177.972,0.387534,-1,-1,-1
379,128,687.945,478.557,49.437,103.630,0.780771,-1,-1,-1
379,170,159.469,440.701,194.748,376.267,0.961064,-1,-1,-1
379,178,843.886,467.449,47.118,81.473,0.712394,-1,-1,-1
379,64,371.121,457.606,56.902,124.140,0.798475,-1,-1,-1
379,186,1062.489,447.169,50.711,146.218,0.770772,-1,-1,-1
379,189,44.121,427.960,65.300,384.888,0.946798,-1,-1,-1
379,56,413.699,460.488,55.081,108.317,0.730859,-1,-1,-1
379,191,1094.842,444.050,55.994,155.921,0.275601,-1,-1,-1
379,192,1303.435,426.451,44.837,114.353,0.295485,-1,-1,-1
379,194,471.109,443.703,49.181,124.656,0.737943,-1,-1,-1
380,13,1056.744,395.215,311.092,621.175,0.955436,-1,-1,-1
380,100,943.472,406.476,174.272,532.430,0.940758,-1,-1,-1
380,107,1253.340,443.017,42.169,98.090,0.843223,-1,-1,-1
380,106,1557.667,443.871,28.543,78.740,0.199679,-1,-1,-1
380,124,644.139,476.969,60.259,111.908,0.728180,-1,-1,-1
380,142,727.600,476.193,51.990,115.433,0.824397,-1,-1,-1
380,144,491.883,401.806,174.259,367.231,0.955973,-1,-1,-1
380,147,620.423,455.903,30.740,65.322,0.134810,-1,-1,-1
380,155,804.303,484.775,38.849,62.944,0.624972,-1,-1,-1
380,160,290.741,429.498,151.408,320.393,0.904113,-1,-1,-1
380,161,1687.067,438.417,95.837,144.502,0.409147,-1,-1,-1
380,123,1831.836,464.846,77.819,178.470,0.435227,-1,-1,-1
380,128,687.626,478.037,49.599,104.640,0.748278,-1,-1,-1
380,170,163.267,443.256,195.841,372.792,0.963517,-1,-1,-1
380,178,845.926,467.692,45.091,78.679,0.567010,-1,-1,-1
380,64,372.347,458.631,55.134,121.087,0.770607,-1,-1,-1
380,186,1063.488,446.059,52.329,150.943,0.424575,-1,-1,-1
380,189,44.183,427.175,72.401,384.911,0.957638,-1,-1,-1
380,56,414.382,460.057,56.063,108.499,0.696702,-1,-1,-1
380,191,1104.041,444.830,52.017,144.430,0.623531,-1,-1,-1
380,192,1303.924,427.784,44.258,112.134,0.158172,-1,-1,-1
380,194,469.311,445.620,46.397,117.293,0.746250,-1,-1,-1
381,13,1056.531,392.830,312.708,624.036,0.953007,-1,-1,-1
381,100,944.916,406.891,174.795,531.606,0.947388,-1,-1,-1
381,107,1255.030,442.262,42.460,98.763,0.848658,-1,-1,-1
381,106,1558.058,443.169,27.691,76.115,0.188720,-1,-1,-1
381,124,640.021,477.251,64.049,121.040,0.717590,-1,-1,-1
381,142,729.337,480.690,49.327,109.875,0.746370,-1,-1,-1
381,144,501.275,400.730,173.356,367.603,0.942749,-1,-1,-1
381,147,621.349,454.766,30.348,65.154,0.173410,-1,-1,-1
381,155,804.056,483.792,39.588,64.473,0.605581,-1,-1,-1
381,160,295.792,428.979,148.555,320.834,0.913073,-1,-1,-1
381,161,1687.913,437.479,97.118,146.481,0.319075,-1,-1,-1
381,123,1831.497,463.868,79.406,180.746,0.437406,-1,-1,-1
381,128,690.260,481.671,47.635,100.534,0.750198,-1,-1,-1
381,170,164.404,438.321,200.887,375.519,0.964511,-1,-1,-1
381,178,846.233,467.946,44.391,78.122,0.676681,-1,-1,-1
381,64,374.909,458.147,51.913,115.398,0.693454,-1,-1,-1
381,186,1064.224,445.883,55.812,160.027,0.425971,-1,-1,-1
381,189,55.600,439.320,80.638,371.451,0.947197,-1,-1,-1
381,56,412.664,461.454,55.123,106.492,0.696583,-1,-1,-1
381,191,1103.079,445.413,58.480,163.337,0.429550,-1,-1,-1
381,192,1304.788,429.384,43.875,110.397,0.191428,-1,-1,-1
381,194,469.597,446.567,47.010,118.647,0.803240,-1,-1,-1
381,196,677.465,477.796,45.071,95.952,0.606379,-1,-1,-1
382,13,1058.854,395.319,311.698,621.175,0.956256,-1,-1,-1
382,100,946.202,408.229,176.062,530.243,0.944910,-1,-1,-1
382,107,1255.059,445.449,40.029,93.349,0.798381,-1,-1,-1
382,106,1558.368,444.842,28.968,79.723,0.172839,-1,-1,-1
382,124,639.170,473.023,65.841,126.035,0.594913,-1,-1,-1
382,142,729.467,480.875,51.410,114.737,0.804255,-1,-1,-1
382,144,509.455,403.476,172.025,365.791,0.947930,-1,-1,-1
382,147,622.749,454.186,29.702,64.201,0.132343,-1,-1,-1
382,155,804.224,483.100,39.581,64.742,0.551039,-1,-1,-1
382,160,310.361,427.877,144.728,316.710,0.903706,-1,-1,-1
382,161,1682.212,431.639,102.472,153.526,0.403958,-1,-1,-1
382,123,1830.115,465.709,78.490,178.521,0.573369,-1,-1,-1
382,128,688.432,479.045,49.816,105.150,0.754262,-1,-1,-1
382,170,169.522,442.810,199.814,369.276,0.960881,-1,-1,-1
382,178,847.520,469.317,42.036,74.263,0.467186,-1,-1,-1
382,64,377.503,454.303,53.297,117.850,0.372232,-1,-1,-1
382,186,1061.308,448.734,51.549,147.889,0.230306,-1,-1,-1
382,189,53.012,436.508,90.385,375.044,0.960803,-1,-1,-1
382,56,410.823,459.583,56.098,107.178,0.577225,-1,-1,-1
382,191,1098.782,452.027,59.567,164.486,0.108750,-1,-1,-1
382,192,1303.362,423.859,46.789,117.446,0.324072,-1,-1,-1
382,194,471.702,447.979,46.886,117.787,0.801155,-1,-1,-1
382,196,676.396,474.081,49.086,104.654,0.641018,-1,-1,-1
382,180,312.960,445.547,59.256,164.259,0.615037,-1,-1,-1
383,13,1059.195,393.545,313.079,622.986,0.960400,-1,-1,-1
383,100,946.050,407.767,177.488,530.764,0.946048,-1,-1,-1
383,107,1255.831,444.875,39.582,92.098,0.814216,-1,-1,-1
383,106,1558.820,445.190,28.417,78.150,0.173732,-1,-1,-1
383,124,639.978,474.280,65.044,125.939,0.595006,-1,-1,-1
383,142,729.385,481.927,51.053,114.271,0.706277,-1,-1,-1
383,144,518.200,404.955,170.927,364.276,0.951174,-1,-1,-1
383,147,620.459,455.684,32.469,70.804,0.392176,-1,-1,-1
383,155,804.083,483.429,39.347,64.949,0.542673,-1,-1,-1
383,160,323.144,430.652,141.239,313.612,0.905521,-1,-1,-1
383,161,1682.189,429.858,103.869,154.849,0.374535,-1,-1,-1
383,123,1835.253,479.588,73.344,166.249,0.541065,-1,-1,-1
383,128,688.173,477.407,50.982,107.904,0.766705,-1,-1,-1
383,170,179.995,442.423,199.584,369.704,0.952565,-1,-1,-1
383,178,847.825,468.215,42.030,74.835,0.420583,-1,-1,-1
383,64,378.962,450.290,58.060,128.139,0.228942,-1,-1,-1
383,189,55.868,437.635,100.617,374.215,0.954825,-1,-1,-1
383,56,408.002,457.032,56.481,106.320,0.515393,-1,-1,-1
383,191,1084.728,433.299,72.216,199.002,0.301162,-1,-1,-1
383,192,1303.559,421.340,47.348,119.110,0.342600,-1,-1,-1
383,194,471.538,448.216,46.028,114.460,0.794482,-1,-1,-1
383,196,666.121,475.939,59.137,125.569,0.104225,-1,-1,-1
383,180,309.657,442.621,63.363,175.594,0.578088,-1,-1,-1
383,169,945.182,434.675,72.862,193.178,0.744340,-1,-1,-1
384,13,1057.904,393.388,313.383,623.542,0.957299,-1,-1,-1
384,100,945.902,410.392,177.573,527.662,0.944517,-1,-1,-1
384,107,1254.529,445.612,39.904,93.600,0.710489,-1,-1,-1
384,106,1558.966,445.443,27.886,76.542,0.167090,-1,-1,-1
384,124,641.020,483.434,57.178,111.426,0.615964,-1,-1,-1
384,142,729.596,481.509,51.487,115.786,0.742185,-1,-1,-1
384,144,525.484,406.542,169.641,363.799,0.954092,-1,-1,-1
384,147,617.091,454.747,40.211,89.620,0.600412,-1,-1,-1
384,155,804.362,484.637,39.553,65.553,0.516438,-1,-1,-1
384,160,330.073,430.013,140.107,313.876,0.908023,-1,-1,-1
384,161,1677.979,428.535,106.287,156.713,0.347951,-1,-1,-1
384,123,1830.547,471.770,76.202,172.626,0.521815,-1,-1,-1
384,128,687.479,477.812,51.092,107.763,0.782501,-1,-1,-1
384,170,184.868,440.626,196.602,368.446,0.938188,-1,-1,-1
384,178,847.678,467.568,43.087,76.347,0.341780,-1,-1,-1
384,64,378.136,453.556,57.115,128.251,0.150562,-1,-1,-1
384,189,51.348,434.949,110.064,375.839,0.960459,-1,-1,-1
384,56,405.133,454.600,59.813,111.997,0.527816,-1,-1,-1
384,191,1084.563,421.573,83.294,232.537,0.113585,-1,-1,-1
384,192,1302.424,424.991,45.381,112.810,0.377216,-1,-1,-1
384,194,468.031,449.495,45.299,112.107,0.808019,-1,-1,-1
384,180,315.061,444.869,57.929,159.678,0.570152,-1,-1,-1
384,169,944.118,436.297,68.544,174.587,0.732842,-1,-1,-1
384,50,509.608,440.034,49.806,124.801,0.668662,-1,-1,-1
384,72,918.509,441.468,60.675,144.414,0.618363,-1,-1,-1
385,13,1058.639,391.759,314.265,625.033,0.957652,-1,-1,-1
385,100,945.994,412.458,177.750,524.959,0.946039,-1,-1,-1
385,107,1253.227,446.515,40.391,95.169,0.679284,-1,-1,-1
385,106,1558.485,445.026,28.702,78.726,0.150630,-1,-1,-1
385,124,644.766,480.270,54.472,107.030,0.311505,-1,-1,-1
385,142,728.446,476.891,53.894,122.578,0.832220,-1,-1,-1
385,144,529.251,405.760,169.290,364.599,0.961539,-1,-1,-1
385,147,619.495,456.029,38.645,86.935,0.415186,-1,-1,-1
385,155,804.204,485.568,38.831,64.668,0.490925,-1,-1,-1
385,160,339.511,430.341,137.221,312.993,0.932546,-1,-1,-1
385,161,1680.733,427.107,106.579,157.944,0.303123,-1,-1,-1
385,123,1830.050,468.758,76.910,174.496,0.473574,-1,-1,-1
385,128,685.977,477.659,50.877,106.542,0.798130,-1,-1,-1
385,170,193.754,439.594,193.640,365.840,0.957931,-1,-1,-1
385,178,849.842,469.338,40.973,72.871,0.188958,-1,-1,-1
385,189,48.804,433.021,118.861,375.165,0.966290,-1,-1,-1
385,56,404.198,452.349,64.617,121.854,0.484795,-1,-1,-1
385,191,1086.195,421.730,90.604,257.795,0.140627,-1,-1,-1
385,192,1301.426,420.393,48.078,119.916,0.359045,-1,-1,-1
385,194,464.598,449.998,44.788,110.636,0.782933,-1,-1,-1
385,180,315.432,451.060,52.690,145.904,0.187302,-1,-1,-1
385,169,943.120,438.732,63.216,157.985,0.694861,-1,-1,-1
385,50,502.921,450.481,33.710,82.932,0.600095,-1,-1,-1
385,72,915.421,441.471,61.201,147.352,0.663912,-1,-1,-1
385,183,515.852,444.751,36.506,82.280,0.610710,-1,-1,-1
386,13,1056.635,389.860,315.946,627.159,0.953471,-1,-1,-1
386,100,949.985,409.592,180.509,528.577,0.944864,-1,-1,-1
386,107,1252.819,446.835,40.206,95.487,0.769818,-1,-1,-1
386,106,1558.681,444.620,27.968,76.533,0.142086,-1,-1,-1
386,124,638.305,479.964,54.930,110.262,0.489954,-1,-1,-1
386,142,727.366,474.332,55.378,127.556,0.848779,-1,-1,-1
386,144,531.615,408.018,167.305,360.328,0.963414,-1,-1,-1
386,147,619.791,455.996,39.113,89.102,0.337422,-1,-1,-1
386,155,804.934,486.622,38.917,65.053,0.521275,-1,-1,-1
386,160,352.365,430.442,135.958,311.512,0.921384,-1,-1,-1
386,161,1678.097,431.374,117.564,178.420,0.342800,-1,-1,-1
386,123,1830.036,464.462,79.178,178.835,0.571828,-1,-1,-1
386,128,686.793,476.783,52.233,109.943,0.779262,-1,-1,-1
386,170,204.217,439.809,188.433,359.865,0.947184,-1,-1,-1
386,178,847.079,469.281,41.666,73.923,0.391250,-1,-1,-1
386,189,43.576,432.082,127.103,376.518,0.960338,-1,-1,-1
386,56,407.384,448.407,62.840,120.710,0.243577,-1,-1,-1
386,191,1100.371,439.595,82.698,233.652,0.127507,-1,-1,-1
386,192,1302.225,420.899,47.699,119.366,0.307614,-1,-1,-1
386,194,463.024,449.560,44.774,110.562,0.784615,-1,-1,-1
386,180,320.907,458.641,48.309,132.236,0.245811,-1,-1,-1
386,169,939.140,436.477,62.249,155.701,0.710313,-1,-1,-1
386,50,502.203,453.469,27.818,67.995,0.663515,-1,-1,-1
386,72,912.585,444.187,59.325,145.834,0.661319,-1,-1,-1
386,183,519.087,446.974,34.240,78.076,0.711246,-1,-1,-1
387,13,1056.389,384.773,319.091,632.717,0.953207,-1,-1,-1
387,100,950.886,405.205,183.621,534.065,0.940647,-1,-1,-1
387,107,1252.602,445.846,40.515,96.416,0.638438,-1,-1,-1
387,106,1559.180,443.502,28.338,77.646,0.138337,-1,-1,-1
387,124,631.381,472.619,59.312,121.851,0.510038,-1,-1,-1
387,142,726.770,468.728,57.300,133.744,0.861217,-1,-1,-1
387,144,534.736,406.997,168.215,363.537,0.961576,-1,-1,-1
387,147,621.016,454.194,39.609,90.943,0.358869,-1,-1,-1
387,155,806.042,489.388,38.022,63.344,0.505730,-1,-1,-1
387,160,367.184,431.718,137.419,310.763,0.950764,-1,-1,-1
387,161,1682.361,433.451,106.992,161.651,0.210729,-1,-1,-1
387,123,1829.703,468.819,78.082,175.143,0.548888,-1,-1,-1
387,128,684.075,472.116,54.019,115.123,0.820852,-1,-1,-1
387,170,209.222,436.316,187.388,362.252,0.957453,-1,-1,-1
387,178,846.934,469.187,41.829,74.266,0.271346,-1,-1,-1
387,189,40.889,431.520,134.369,376.543,0.964063,-1,-1,-1
387,56,413.778,448.310,61.413,120.675,0.381011,-1,-1,-1
387,191,1109.799,446.295,79.218,221.247,0.128923,-1,-1,-1
387,192,1301.442,420.435,48.549,121.681,0.296687,-1,-1,-1
387,194,463.949,450.706,44.788,110.116,0.822816,-1,-1,-1
387,180,325.654,458.360,47.645,128.145,0.228198,-1,-1,-1
387,169,935.731,433.105,61.450,151.992,0.843097,-1,-1,-1
387,50,500.778,454.726,27.133,65.809,0.679405,-1,-1,-1
387,72,914.825,442.219,58.619,146.259,0.484848,-1,-1,-1
387,183,519.921,446.712,33.611,77.536,0.731495,-1,-1,-1
387,197,530.460,444.302,31.210,80.076,0.628599,-1,-1,-1
387,198,486.662,452.926,33.363,84.856,0.695117,-1,-1,-1
388,13,1056.521,389.258,318.151,628.063,0.946780,-1,-1,-1
388,100,951.302,404.393,185.113,534.890,0.940082,-1,-1,-1
388,107,1252.785,445.309,39.572,94.234,0.660768,-1,-1,-1
388,106,1558.915,442.533,28.304,77.495,0.129543,-1,-1,-1
388,124,629.085,469.798,64.173,134.632,0.525806,-1,-1,-1
388,142,727.056,469.301,56.241,132.417,0.880497,-1,-1,-1
388,144,537.207,405.543,166.762,362.398,0.954383,-1,-1,-1
388,147,617.123,451.772,49.365,116.092,0.366958,-1,-1,-1
388,155,803.890,483.739,40.675,68.380,0.510753,-1,-1,-1
388,160,377.043,431.852,140.925,312.871,0.954185,-1,-1,-1
388,161,1686.617,434.153,101.383,153.560,0.167778,-1,-1,-1
388,123,1828.992,465.269,80.014,178.656,0.619098,-1,-1,-1
388,128,681.948,468.741,55.820,120.601,0.840389,-1,-1,-1
388,170,216.611,436.979,183.707,359.878,0.952637,-1,-1,-1
388,178,843.024,468.192,44.100,77.110,0.336881,-1,-1,-1
388,189,42.322,430.339,140.558,376.924,0.954005,-1,-1,-1
388,56,418.402,448.632,59.280,118.960,0.310364,-1,-1,-1
388,191,1112.090,451.982,79.207,220.109,0.145003,-1,-1,-1
388,192,1302.339,421.545,47.858,120.188,0.294654,-1,-1,-1
388,194,466.495,452.418,44.336,108.291,0.817584,-1,-1,-1
388,169,931.442,430.372,62.730,154.337,0.815305,-1,-1,-1
388,50,500.477,456.062,26.429,63.883,0.684381,-1,-1,-1
388,72,918.353,443.773,58.499,144.889,0.695534,-1,-1,-1
388,183,521.412,447.168,32.334,75.284,0.718177,-1,-1,-1
388,197,536.258,446.773,30.093,77.259,0.629548,-1,-1,-1
388,198,484.633,453.308,33.986,86.508,0.753760,-1,-1,-1
389,13,1051.758,389.165,319.849,627.206,0.947855,-1,-1,-1
389,100,951.329,407.235,185.164,531.242,0.933973,-1,-1,-1
389,107,1253.010,445.198,39.977,95.323,0.655392,-1,-1,-1
389,106,1559.695,443.819,27.401,74.917,0.125049,-1,-1,-1
389,124,625.724,462.594,67.546,144.906,0.224440,-1,-1,-1
389,142,726.268,468.867,56.166,132.973,0.880238,-1,-1,-1
389,144,541.354,408.628,164.187,358.258,0.960798,-1,-1,-1
389,155,804.147,484.425,40.027,67.600,0.524219,-1,-1,-1
389,160,377.882,433.438,143.178,308.921,0.951153,-1,-1,-1
389,161,1683.556,435.788,103.197,157.195,0.147814,-1,-1,-1
389,123,1829.092,466.121,80.213,178.219,0.527444,-1,-1,-1
389,128,680.813,468.701,54.477,118.897,0.808286,-1,-1,-1
389,170,223.233,433.367,184.762,365.984,0.942281,-1,-1,-1
389,178,846.615,469.794,41.409,72.879,0.208723,-1,-1,-1
389,189,44.846,430.022,144.338,374.100,0.936736,-1,-1,-1
389,56,417.856,447.749,60.520,124.419,0.383915,-1,-1,-1
389,191,1113.517,447.896,77.240,212.996,0.195207,-1,-1,-1
389,192,1302.815,421.438,47.492,119.806,0.306404,-1,-1,-1
389,194,467.428,451.923,44.631,108.868,0.795872,-1,-1,-1
389,169,931.059,429.782,63.713,156.262,0.874821,-1,-1,-1
389,50,500.444,456.449,26.177,63.198,0.690733,-1,-1,-1
389,183,522.424,447.583,31.137,73.307,0.707370,-1,-1,-1
389,197,547.119,447.810,28.956,74.513,0.613232,-1,-1,-1
389,198,485.824,453.520,33.173,84.595,0.752101,-1,-1,-1
390,13,1052.451,390.038,320.520,625.793,0.945775,-1,-1,-1
390,100,949.351,403.293,187.256,535.588,0.938144,-1,-1,-1
390,107,1252.860,443.654,41.363,99.015,0.681487,-1,-1,-1
390,106,1559.582,444.034,27.592,75.468,0.141176,-1,-1,-1
390,124,626.329,451.356,69.200,152.925,0.197435,-1,-1,-1
390,142,726.616,469.532,55.616,132.016,0.882130,-1,-1,-1
390,144,548.312,411.583,159.460,350.545,0.956997,-1,-1,-1
390,155,803.825,482.276,41.010,69.260,0.551693,-1,-1,-1
390,160,381.350,437.653,144.389,303.962,0.943991,-1,-1,-1
390,161,1681.243,431.487,103.861,157.325,0.199606,-1,-1,-1
390,123,1830.166,466.987,80.278,177.344,0.503695,-1,-1,-1
390,128,681.560,471.785,52.530,115.144,0.830371,-1,-1,-1
390,170,233.865,437.131,181.339,361.334,0.932503,-1,-1,-1
390,178,846.614,468.501,42.622,74.701,0.286473,-1,-1,-1
390,189,47.275,427.140,148.168,374.850,0.950490,-1,-1,-1
390,56,414.222,442.954,69.905,144.995,0.158928,-1,-1,-1
390,191,1110.885,451.593,79.738,219.947,0.216811,-1,-1,-1
390,192,1303.942,422.591,47.439,119.373,0.220053,-1,-1,-1
390,194,467.911,452.654,44.742,107.610,0.699892,-1,-1,-1
390,169,929.181,429.629,64.399,156.735,0.885149,-1,-1,-1
390,50,500.318,455.814,26.156,62.804,0.621445,-1,-1,-1
390,183,523.539,446.869,30.576,72.388,0.675736,-1,-1,-1
390,197,552.830,448.919,26.715,68.608,0.561530,-1,-1,-1
390,198,485.896,453.764,32.796,83.334,0.700327,-1,-1,-1
391,13,1052.445,392.127,321.106,623.878,0.947482,-1,-1,-1
391,100,949.032,409.425,185.770,528.129,0.933998,-1,-1,-1
391,107,1251.734,444.161,41.344,99.612,0.592358,-1,-1,-1
391,106,1558.847,443.182,28.049,76.674,0.150937,-1,-1,-1
391,124,627.976,448.793,67.257,152.820,0.160557,-1,-1,-1
391,142,726.526,470.856,54.470,128.854,0.855978,-1,-1,-1
391,144,552.695,411.021,156.656,348.008,0.960849,-1,-1,-1
391,155,804.838,483.607,41.062,68.924,0.507544,-1,-1,-1
391,160,386.600,435.806,147.138,303.900,0.939412,-1,-1,-1
391,161,1690.584,434.856,98.800,151.089,0.163835,-1,-1,-1
391,123,1829.904,467.327,81.016,178.001,0.543539,-1,-1,-1
391,128,682.885,474.670,50.076,109.625,0.839358,-1,-1,-1
391,170,242.643,435.220,181.512,364.214,0.936052,-1,-1,-1
391,178,845.063,468.663,44.407,76.880,0.334044,-1,-1,-1
391,189,50.091,427.299,150.377,375.252,0.939875,-1,-1,-1
391,191,1109.655,452.505,85.455,234.724,0.174921,-1,-1,-1
391,192,1303.557,423.975,46.977,117.964,0.218847,-1,-1,-1
391,194,470.382,453.353,47.412,114.657,0.762046,-1,-1,-1
391,169,927.658,430.166,64.090,156.209,0.891719,-1,-1,-1
391,50,501.037,455.758,26.169,62.881,0.511258,-1,-1,-1
391,183,523.533,449.446,29.387,69.671,0.658550,-1,-1,-1
391,197,556.923,449.869,27.004,69.382,0.535072,-1,-1,-1
391,198,487.689,450.918,33.078,84.244,0.407812,-1,-1,-1
391,186,1060.742,432.680,77.522,222.151,0.637283,-1,-1,-1
392,13,1052.416,393.518,321.328,623.215,0.947045,-1,-1,-1
392,100,947.157,406.227,187.415,532.198,0.940825,-1,-1,-1
392,107,1251.353,442.602,40.688,97.865,0.588771,-1,-1,-1
392,106,1558.607,443.046,28.584,78.354,0.177013,-1,-1,-1
392,124,631.012,443.144,66.278,155.383,0.217773,-1,-1,-1
392,142,726.129,471.287,54.212,128.227,0.878371,-1,-1,-1
392,144,557.137,409.832,155.168,349.563,0.959165,-1,-1,-1
392,155,804.904,484.318,40.979,68.505,0.526509,-1,-1,-1
392,160,387.796,432.396,150.044,304.970,0.943489,-1,-1,-1
392,161,1694.653,430.090,99.478,154.475,0.238167,-1,-1,-1
392,123,1828.887,466.071,81.556,178.709,0.443092,-1,-1,-1
392,128,682.371,474.767,50.135,109.963,0.831596,-1,-1,-1
392,170,255.486,437.118,180.627,362.840,0.948300,-1,-1,-1
392,178,846.635,468.466,42.917,74.019,0.298867,-1,-1,-1
392,189,57.485,427.136,150.426,373.635,0.940498,-1,-1,-1
392,191,1105.325,448.471,91.904,253.135,0.221005,-1,-1,-1
392,192,1303.645,422.994,47.498,119.291,0.305776,-1,-1,-1
392,194,472.595,452.002,48.958,120.105,0.689856,-1,-1,-1
392,169,925.237,431.108,64.909,158.085,0.882430,-1,-1,-1
392,50,497.773,454.035,28.033,67.870,0.578514,-1,-1,-1
392,183,523.800,450.198,29.149,69.334,0.674273,-1,-1,-1
392,197,567.368,454.930,24.483,62.461,0.409769,-1,-1,-1
392,198,487.294,451.579,33.585,85.380,0.652630,-1,-1,-1
392,186,1060.601,433.569,84.101,239.719,0.687162,-1,-1,-1
392,64,376.486,455.739,59.628,135.831,0.652952,-1,-1,-1
392,56,444.505,444.498,71.401,151.511,0.650925,-1,-1,-1
393,13,1051.825,387.229,324.586,630.103,0.950517,-1,-1,-1
393,100,944.982,407.386,187.087,531.018,0.937081,-1,-1,-1
393,107,1250.302,443.581,39.954,96.189,0.517467,-1,-1,-1
393,106,1558.433,443.364,29.094,79.984,0.177860,-1,-1,-1
393,124,632.342,440.230,64.484,153.908,0.199545,-1,-1,-1
393,142,725.482,470.852,54.502,128.812,0.874341,-1,-1,-1
393,144,562.333,406.005,152.570,349.460,0.957628,-1,-1,-1
393,155,803.128,480.765,42.687,71.777,0.467635,-1,-1,-1
393,160,392.842,438.110,149.299,300.944,0.937074,-1,-1,-1
393,161,1694.117,427.986,100.607,158.152,0.185600,-1,-1,-1
393,123,1830.378,462.098,83.797,183.896,0.538498,-1,-1,-1
393,128,678.516,469.363,53.892,119.667,0.854855,-1,-1,-1
393,170,267.279,437.327,182.621,364.732,0.959886,-1,-1,-1
393,178,845.784,469.008,43.509,74.278,0.210198,-1,-1,-1
393,189,62.715,427.777,150.810,370.935,0.952710,-1,-1,-1
393,191,1103.852,442.888,81.071,226.289,0.239849,-1,-1,-1
393,192,1303.327,421.349,48.308,121.662,0.379578,-1,-1,-1
393,194,477.402,453.562,44.981,110.743,0.666004,-1,-1,-1
393,169,921.151,434.414,67.569,166.290,0.884402,-1,-1,-1
393,50,496.506,454.203,28.732,69.302,0.672397,-1,-1,-1
393,183,524.450,451.275,28.584,67.952,0.658716,-1,-1,-1
393,197,575.879,455.917,23.082,58.369,0.402419,-1,-1,-1
393,186,1062.262,432.375,86.003,242.735,0.706628,-1,-1,-1
393,64,376.320,463.265,56.617,128.123,0.564792,-1,-1,-1
393,56,450.712,446.320,71.896,154.404,0.615744,-1,-1,-1
394,13,1054.333,389.993,322.869,627.904,0.945683,-1,-1,-1
394,100,947.095,415.026,185.564,522.845,0.935987,-1,-1,-1
394,107,1248.808,443.496,38.297,92.128,0.670477,-1,-1,-1
394,106,1558.503,444.316,28.917,79.578,0.170984,-1,-1,-1
394,124,630.090,434.063,66.878,162.447,0.191228,-1,-1,-1
394,142,723.570,467.623,56.611,134.497,0.863836,-1,-1,-1
394,144,567.243,405.124,150.266,350.718,0.953443,-1,-1,-1
394,155,800.366,473.158,43.837,73.693,0.517482,-1,-1,-1
394,160,397.233,434.376,150.787,304.294,0.927378,-1,-1,-1
394,161,1689.439,429.290,99.862,156.593,0.169440,-1,-1,-1
394,123,1831.412,462.438,82.760,182.067,0.629324,-1,-1,-1
394,128,676.918,466.855,55.399,123.830,0.844051,-1,-1,-1
394,170,277.026,436.649,184.008,364.374,0.959398,-1,-1,-1
394,178,847.032,468.680,43.311,73.815,0.288983,-1,-1,-1
394,189,68.220,429.934,151.899,370.293,0.948682,-1,-1,-1
394,191,1104.194,436.666,83.471,232.296,0.169450,-1,-1,-1
394,192,1303.007,420.115,48.981,123.757,0.490067,-1,-1,-1
394,194,480.461,452.350,40.535,99.731,0.539404,-1,-1,-1
394,169,918.876,436.983,68.211,168.838,0.912184,-1,-1,-1
394,50,495.107,454.672,29.066,70.087,0.722498,-1,-1,-1
394,183,524.327,450.321,28.919,68.873,0.698715,-1,-1,-1
394,197,585.077,454.724,22.742,56.603,0.279537,-1,-1,-1
394,186,1064.829,434.524,91.461,256.578,0.710499,-1,-1,-1
394,64,368.990,459.356,68.231,157.785,0.285473,-1,-1,-1
394,56,456.237,447.023,62.818,135.591,0.335750,-1,-1,-1
395,13,1055.400,392.561,321.170,624.984,0.949174,-1,-1,-1
395,100,945.341,416.191,185.798,522.658,0.935627,-1,-1,-1
395,107,1248.668,443.128,37.353,89.773,0.652630,-1,-1,-1
395,106,1558.288,445.611,29.202,80.491,0.198118,-1,-1,-1
395,124,629.984,432.691,65.419,162.217,0.161958,-1,-1,-1
395,142,723.202,466.402,56.324,133.889,0.776269,-1,-1,-1
395,144,571.841,403.889,147.267,348.427,0.940043,-1,-1,-1
395,155,802.170,476.585,42.854,72.094,0.451929,-1,-1,-1
395,160,405.050,434.431,147.970,301.022,0.932527,-1,-1,-1
395,161,1686.374,430.566,99.165,154.083,0.186530,-1,-1,-1
395,123,1831.215,462.095,82.385,180.943,0.496155,-1,-1,-1
395,128,676.952,463.875,55.393,124.359,0.650155,-1,-1,-1
395,170,288.739,442.243,183.550,357.693,0.964528,-1,-1,-1
395,178,845.752,468.736,44.344,75.085,0.312791,-1,-1,-1
395,189,77.095,428.923,154.700,370.851,0.944169,-1,-1,-1
395,191,1095.259,420.944,106.510,297.883,0.145279,-1,-1,-1
395,192,1302.873,418.808,49.464,125.393,0.511862,-1,-1,-1
395,194,484.616,451.751,36.178,89.215,0.473593,-1,-1,-1
395,169,914.838,436.747,68.780,172.822,0.915584,-1,-1,-1
395,50,495.320,454.318,29.190,70.704,0.703417,-1,-1,-1
395,183,524.741,450.738,28.908,68.983,0.703787,-1,-1,-1
395,197,589.716,454.757,22.022,53.605,0.265092,-1,-1,-1
395,186,1066.578,432.859,99.785,279.706,0.816602,-1,-1,-1
395,64,371.070,453.128,63.500,149.961,0.174045,-1,-1,-1
395,56,463.684,443.480,59.046,129.460,0.224944,-1,-1,-1
395,200,533.820,449.946,27.849,65.822,0.658019,-1,-1,-1
396,13,1058.580,403.655,316.129,614.096,0.946344,-1,-1,-1
396,100,944.266,417.637,185.889,521.878,0.933195,-1,-1,-1
396,107,1248.809,444.821,35.965,86.014,0.740510,-1,-1,-1
396,106,1558.322,445.612,29.245,80.838,0.218909,-1,-1,-1
396,124,623.867,422.889,69.410,174.166,0.195997,-1,-1,-1
396,142,723.492,467.303,56.434,134.176,0.850289,-1,-1,-1
396,144,578.894,404.274,143.792,343.739,0.933907,-1,-1,-1
396,155,802.169,476.836,41.845,70.448,0.523144,-1,-1,-1
396,160,414.711,441.128,142.171,293.042,0.922620,-1,-1,-1
396,161,1684.841,428.348,100.901,156.064,0.134833,-1,-1,-1
396,123,1831.003,463.880,81.695,178.997,0.588664,-1,-1,-1
396,128,678.401,464.168,53.817,121.234,0.746639,-1,-1,-1
396,170,295.341,443.477,183.764,354.499,0.949965,-1,-1,-1
396,178,846.617,468.192,43.410,73.813,0.296804,-1,-1,-1
396,189,88.350,429.089,157.348,371.815,0.941220,-1,-1,-1
396,191,1101.719,425.858,106.640,300.375,0.151650,-1,-1,-1
396,192,1303.218,419.080,49.202,124.703,0.520026,-1,-1,-1
396,194,484.260,451.474,38.911,96.829,0.418681,-1,-1,-1
396,169,912.092,437.227,69.276,175.259,0.918673,-1,-1,-1
396,50,500.563,452.749,29.176,70.995,0.607214,-1,-1,-1
396,183,524.195,450.776,28.749,68.655,0.666856,-1,-1,-1
396,186,1069.526,432.757,100.695,281.986,0.810790,-1,-1,-1
396,64,363.303,450.865,72.304,174.102,0.108258,-1,-1,-1
396,56,456.943,447.192,68.231,145.411,0.285803,-1,-1,-1
396,200,536.148,449.857,27.774,65.597,0.636057,-1,-1,-1
397,13,1060.873,412.008,312.768,606.561,0.942706,-1,-1,-1
397,100,941.791,417.193,185.322,521.412,0.933632,-1,-1,-1
397,107,1248.351,444.782,36.714,87.358,0.759860,-1,-1,-1
397,106,1558.573,446.044,29.146,80.682,0.188703,-1,-1,-1
397,124,628.351,429.634,64.253,163.386,0.390684,-1,-1,-1
397,142,723.026,468.821,56.086,134.211,0.837182,-1,-1,-1
397,144,588.254,414.495,137.778,331.283,0.927231,-1,-1,-1
397,155,801.194,476.237,41.621,70.361,0.589915,-1,-1,-1
397,160,414.754,443.467,141.701,294.149,0.921008,-1,-1,-1
397,161,1687.808,431.563,98.450,152.082,0.135040,-1,-1,-1
397,123,1831.601,464.497,80.804,177.126,0.505143,-1,-1,-1
397,128,679.217,467.838,50.989,115.074,0.732079,-1,-1,-1
397,170,302.317,442.679,183.376,351.735,0.944447,-1,-1,-1
397,178,845.710,467.142,43.827,74.449,0.320022,-1,-1,-1
397,189,100.158,429.740,159.993,370.428,0.944854,-1,-1,-1
397,191,1075.023,427.816,120.693,337.101,0.194232,-1,-1,-1
397,192,1303.530,420.453,48.463,122.743,0.447217,-1,-1,-1
397,194,480.676,446.885,44.810,113.018,0.262522,-1,-1,-1
397,169,909.993,438.957,67.412,172.655,0.900917,-1,-1,-1
397,50,505.109,453.158,27.829,67.528,0.573552,-1,-1,-1
397,183,525.182,451.480,27.979,66.772,0.632684,-1,-1,-1
397,186,1075.316,436.294,97.559,270.904,0.776755,-1,-1,-1
397,64,353.606,445.953,88.646,211.498,0.114060,-1,-1,-1
397,56,453.007,443.385,69.830,147.310,0.373509,-1,-1,-1
397,200,536.437,450.100,27.057,63.838,0.649833,-1,-1,-1
398,13,1063.387,415.724,311.433,603.331,0.943075,-1,-1,-1
398,100,940.936,415.740,185.231,522.248,0.937644,-1,-1,-1
398,107,1247.545,444.778,37.971,89.315,0.771886,-1,-1,-1
398,106,1558.765,445.764,29.042,80.662,0.218200,-1,-1,-1
398,124,628.787,422.721,67.590,173.665,0.239354,-1,-1,-1
398,142,721.070,467.995,57.007,136.805,0.868652,-1,-1,-1
398,144,589.547,411.894,138.793,335.220,0.935958,-1,-1,-1
398,155,801.109,476.369,41.145,69.403,0.577286,-1,-1,-1
398,160,418.513,436.588,142.841,301.049,0.928958,-1,-1,-1
398,161,1689.491,433.486,97.349,150.456,0.153071,-1,-1,-1
398,123,1832.788,465.640,80.255,175.906,0.508241,-1,-1,-1
398,128,677.052,470.481,51.978,118.014,0.523595,-1,-1,-1
398,170,308.899,440.956,186.202,356.405,0.957847,-1,-1,-1
398,178,845.751,467.362,43.811,74.333,0.357596,-1,-1,-1
398,189,113.517,432.176,161.828,367.478,0.941496,-1,-1,-1
398,191,1062.180,427.305,132.700,372.128,0.164146,-1,-1,-1
398,192,1304.284,421.315,47.949,121.195,0.375742,-1,-1,-1
398,169,908.047,440.383,66.229,170.892,0.881113,-1,-1,-1
398,50,510.673,457.099,25.598,61.506,0.439229,-1,-1,-1
398,183,526.216,452.992,26.781,63.443,0.579571,-1,-1,-1
398,186,1077.684,438.432,94.274,261.932,0.810395,-1,-1,-1
398,64,366.446,446.497,86.277,204.911,0.164391,-1,-1,-1
398,56,451.660,437.056,74.008,156.289,0.188871,-1,-1,-1
398,200,537.003,452.843,26.220,61.687,0.612863,-1,-1,-1
399,13,1062.827,409.653,314.637,610.394,0.943071,-1,-1,-1
399,100,941.577,419.917,183.304,517.511,0.934402,-1,-1,-1
399,107,1247.757,443.629,38.431,89.105,0.781405,-1,-1,-1
399,106,1558.065,444.336,29.254,81.645,0.234230,-1,-1,-1
399,124,635.984,430.910,63.818,163.698,0.269298,-1,-1,-1
399,142,719.738,467.557,57.754,139.658,0.875162,-1,-1,-1
399,144,593.620,410.008,138.844,336.168,0.940468,-1,-1,-1
399,155,799.234,476.032,41.346,70.217,0.640886,-1,-1,-1
399,160,428.040,431.534,140.750,304.810,0.924033,-1,-1,-1
399,161,1684.576,433.331,99.064,151.189,0.135782,-1,-1,-1
399,123,1831.508,462.824,81.707,179.056,0.446032,-1,-1,-1
399,128,679.863,471.099,49.443,112.995,0.544971,-1,-1,-1
399,170,313.402,437.775,185.792,355.392,0.954090,-1,-1,-1
399,178,845.755,467.348,42.919,73.286,0.381715,-1,-1,-1
399,189,123.891,430.318,165.276,368.648,0.939716,-1,-1,-1
399,191,1053.805,418.725,144.442,407.659,0.255687,-1,-1,-1
399,192,1306.171,427.921,43.911,109.677,0.295220,-1,-1,-1
399,169,907.871,442.676,63.716,165.236,0.855572,-1,-1,-1
399,50,511.807,454.588,26.905,64.163,0.446969,-1,-1,-1
399,183,525.425,452.576,27.189,64.246,0.575879,-1,-1,-1
399,186,1076.750,430.838,96.286,269.431,0.743283,-1,-1,-1
399,64,370.188,445.550,86.588,205.443,0.134036,-1,-1,-1
399,56,465.127,441.816,74.724,158.887,0.171827,-1,-1,-1
399,200,537.111,452.289,27.229,64.088,0.577147,-1,-1,-1
400,13,1060.736,405.724,315.967,614.948,0.948567,-1,-1,-1
400,100,940.696,417.168,183.863,519.820,0.940114,-1,-1,-1
400,107,1246.540,443.640,38.921,89.060,0.858603,-1,-1,-1
400,106,1558.711,444.555,28.935,80.852,0.191906,-1,-1,-1
400,124,622.987,421.138,74.033,189.582,0.162876,-1,-1,-1
400,142,718.308,465.757,58.040,141.387,0.857384,-1,-1,-1
400,144,598.958,403.809,140.411,340.979,0.943504,-1,-1,-1
400,155,799.469,476.705,41.719,71.220,0.603797,-1,-1,-1
400,160,437.232,431.487,136.221,302.053,0.919463,-1,-1,-1
400,161,1691.359,436.929,98.529,151.959,0.242691,-1,-1,-1
400,123,1831.376,462.626,82.044,179.590,0.437802,-1,-1,-1
400,128,676.875,466.164,54.354,125.699,0.270039,-1,-1,-1
400,170,314.526,432.448,187.407,359.271,0.954998,-1,-1,-1
400,178,845.659,468.001,43.012,73.352,0.314910,-1,-1,-1
400,189,131.239,430.180,167.653,366.394,0.948644,-1,-1,-1
400,191,1062.795,418.012,131.158,368.351,0.110628,-1,-1,-1
400,192,1306.273,431.950,42.015,103.321,0.262443,-1,-1,-1
400,169,906.071,443.765,61.396,159.906,0.840210,-1,-1,-1
400,183,525.594,450.773,28.548,67.460,0.573002,-1,-1,-1
400,186,1087.752,436.690,90.762,250.873,0.437226,-1,-1,-1
400,64,383.833,452.507,76.449,181.880,0.151451,-1,-1,-1
400,56,465.411,440.905,81.663,173.321,0.153826,-1,-1,-1
400,200,535.326,450.836,28.685,67.732,0.548917,-1,-1,-1
400,201,796.454,477.986,30.869,57.970,0.600567,-1,-1,-1
401,13,1062.225,415.322,309.747,603.305,0.948382,-1,-1,-1
401,100,942.808,418.943,184.344,519.744,0.939773,-1,-1,-1
401,107,1245.335,443.082,39.635,89.544,0.863937,-1,-1,-1
401,106,1558.977,444.777,28.003,78.025,0.189230,-1,-1,-1
401,124,616.947,413.128,77.525,203.234,0.140929,-1,-1,-1
401,142,716.248,463.789,58.321,143.169,0.825243,-1,-1,-1
401,144,606.944,404.857,140.093,337.831,0.948702,-1,-1,-1
401,155,799.664,477.653,41.504,71.279,0.600704,-1,-1,-1
401,160,444.490,427.077,134.938,305.940,0.897544,-1,-1,-1
401,161,1694.666,439.676,96.200,149.746,0.327886,-1,-1,-1
401,123,1830.130,463.552,82.249,179.473,0.426123,-1,-1,-1
401,128,681.782,473.935,54.273,127.873,0.166651,-1,-1,-1
401,170,317.904,436.324,183.380,353.243,0.953846,-1,-1,-1
401,178,844.738,469.302,44.353,75.839,0.505201,-1,-1,-1
401,189,136.209,430.327,171.132,368.061,0.955731,-1,-1,-1
401,192,1305.239,426.071,45.749,112.189,0.297096,-1,-1,-1
401,169,905.698,444.238,58.943,153.571,0.851678,-1,-1,-1
401,183,525.584,447.704,29.845,71.023,0.549444,-1,-1,-1
401,186,1090.854,450.907,80.809,222.621,0.106448,-1,-1,-1
401,64,381.240,449.954,83.838,199.961,0.145686,-1,-1,-1
401,56,452.646,436.999,72.987,159.096,0.637186,-1,-1,-1
401,200,535.821,445.103,30.373,72.056,0.502586,-1,-1,-1
401,201,796.749,478.696,30.234,56.728,0.600679,-1,-1,-1
402,13,1061.783,413.344,310.024,605.473,0.946344,-1,-1,-1
402,100,943.878,420.981,184.104,518.273,0.944192,-1,-1,-1
402,107,1245.229,443.358,39.282,88.283,0.855281,-1,-1,-1
402,106,1559.306,444.343,26.559,73.271,0.175611,-1,-1,-1
402,124,610.958,427.733,71.749,189.085,0.172956,-1,-1,-1
402,142,714.078,464.155,57.930,142.355,0.844273,-1,-1,-1
402,144,615.931,400.261,143.635,342.928,0.948704,-1,-1,-1
402,155,799.503,477.668,41.970,72.310,0.586794,-1,-1,-1
402,160,455.206,429.669,130.894,300.947,0.926766,-1,-1,-1
402,161,1691.578,436.563,96.233,149.468,0.219301,-1,-1,-1
402,123,1830.153,463.240,82.569,179.754,0.350430,-1,-1,-1
402,128,683.724,457.169,57.171,138.836,0.248827,-1,-1,-1
402,170,326.149,449.605,175.815,341.044,0.948060,-1,-1,-1
402,178,847.164,469.264,42.147,72.431,0.433081,-1,-1,-1
402,189,144.265,428.598,173.004,367.686,0.955084,-1,-1,-1
402,192,1304.399,426.574,46.046,112.708,0.215481,-1,-1,-1
402,169,903.229,446.228,58.752,152.885,0.855777,-1,-1,-1
402,183,529.147,446.876,30.145,71.925,0.522419,-1,-1,-1
402,64,378.627,454.719,57.916,138.296,0.601218,-1,-1,-1
402,56,450.032,437.578,60.501,136.307,0.712108,-1,-1,-1
402,200,538.583,443.252,30.996,73.612,0.546422,-1,-1,-1
402,201,796.905,479.551,30.200,56.606,0.597125,-1,-1,-1
403,13,1059.143,402.210,314.123,617.463,0.947011,-1,-1,-1
403,100,943.552,417.829,185.596,522.373,0.940288,-1,-1,-1
403,107,1245.831,442.194,39.449,89.258,0.866938,-1,-1,-1
403,106,1558.213,445.208,28.127,77.694,0.202548,-1,-1,-1
403,124,612.505,427.825,66.458,176.556,0.124785,-1,-1,-1
403,142,712.975,464.621,58.185,142.852,0.843077,-1,-1,-1
403,144,624.442,399.887,145.727,343.178,0.954990,-1,-1,-1
403,155,799.915,478.447,41.621,71.740,0.585365,-1,-1,-1
403,160,468.079,428.234,130.130,303.439,0.931530,-1,-1,-1
403,161,1690.942,434.011,96.090,150.056,0.267544,-1,-1,-1
403,123,1835.551,476.718,76.601,167.032,0.361159,-1,-1,-1
403,128,679.100,448.919,62.617,154.005,0.254642,-1,-1,-1
403,170,334.611,445.399,173.014,338.211,0.928380,-1,-1,-1
403,178,847.104,468.284,42.967,74.359,0.531959,-1,-1,-1
403,189,150.596,430.321,174.488,364.600,0.948469,-1,-1,-1
403,192,1304.092,425.591,46.629,114.086,0.215849,-1,-1,-1
403,169,900.299,445.566,58.602,151.413,0.786469,-1,-1,-1
403,64,377.107,454.562,46.527,111.034,0.646874,-1,-1,-1
403,56,451.441,437.444,62.079,142.639,0.685997,-1,-1,-1
403,201,796.880,479.570,30.555,57.169,0.561951,-1,-1,-1
403,180,318.488,451.065,40.423,106.433,0.600017,-1,-1,-1
404,13,1056.969,396.641,315.490,624.242,0.949625,-1,-1,-1
404,100,943.312,416.582,185.490,523.431,0.944324,-1,-1,-1
404,107,1243.651,442.757,40.116,91.296,0.869636,-1,-1,-1
404,106,1557.580,446.261,28.460,78.200,0.223009,-1,-1,-1
404,124,618.638,440.009,58.411,155.641,0.211301,-1,-1,-1
404,142,712.829,468.332,56.664,139.588,0.846689,-1,-1,-1
404,144,629.902,399.823,148.577,345.208,0.936256,-1,-1,-1
404,155,800.204,480.246,39.622,68.518,0.585025,-1,-1,-1
404,160,482.059,428.257,130.983,305.881,0.929576,-1,-1,-1
404,161,1682.737,432.534,98.971,151.693,0.399907,-1,-1,-1
404,123,1831.651,473.209,78.599,170.617,0.500595,-1,-1,-1
404,128,681.942,449.906,59.476,149.195,0.212627,-1,-1,-1
404,170,339.124,440.499,171.837,341.061,0.936448,-1,-1,-1
404,178,848.332,468.940,40.602,71.414,0.544043,-1,-1,-1
404,189,156.428,432.179,175.090,359.939,0.948268,-1,-1,-1
404,192,1303.994,425.221,46.772,114.392,0.180970,-1,-1,-1
404,169,893.832,446.520,61.750,159.678,0.724691,-1,-1,-1
404,64,377.714,455.541,41.358,97.645,0.697601,-1,-1,-1
404,56,451.907,436.228,66.193,152.398,0.702489,-1,-1,-1
404,201,796.893,480.449,29.882,56.007,0.572402,-1,-1,-1
404,180,316.397,451.100,42.688,112.366,0.682155,-1,-1,-1
405,13,1054.836,389.780,317.232,633.173,0.950813,-1,-1,-1
405,100,944.305,422.111,183.317,517.315,0.940771,-1,-1,-1
405,107,1243.547,442.600,40.273,91.563,0.866071,-1,-1,-1
405,106,1556.864,445.219,29.255,80.258,0.218312,-1,-1,-1
405,124,622.248,444.106,56.928,153.940,0.203543,-1,-1,-1
405,142,712.666,469.493,56.499,139.475,0.816041,-1,-1,-1
405,144,635.113,400.432,151.188,346.541,0.934367,-1,-1,-1
405,155,801.117,479.311,38.634,66.530,0.622256,-1,-1,-1
405,160,492.362,430.315,131.161,303.963,0.923526,-1,-1,-1
405,161,1677.324,431.438,102.942,155.012,0.483295,-1,-1,-1
405,123,1830.367,473.589,78.563,169.964,0.407890,-1,-1,-1
405,128,679.970,443.038,63.117,161.558,0.174843,-1,-1,-1
405,170,343.629,438.505,167.791,337.702,0.925580,-1,-1,-1
405,178,848.764,468.598,39.617,70.717,0.521102,-1,-1,-1
405,189,159.152,430.405,177.240,361.526,0.946542,-1,-1,-1
405,192,1304.510,427.628,46.599,113.349,0.243378,-1,-1,-1
405,169,891.562,446.117,63.489,163.743,0.823799,-1,-1,-1
405,64,376.493,454.881,41.975,99.061,0.712343,-1,-1,-1
405,56,453.151,438.246,67.354,156.431,0.586687,-1,-1,-1
405,201,797.395,480.665,29.861,55.877,0.610801,-1,-1,-1
405,180,316.032,450.814,43.172,112.762,0.717848,-1,-1,-1
406,13,1051.630,383.735,317.868,641.062,0.954897,-1,-1,-1
406,100,945.412,423.366,183.075,516.051,0.936702,-1,-1,-1
406,107,1239.912,444.447,41.651,95.729,0.848514,-1,-1,-1
406,106,1556.497,444.710,29.521,80.617,0.201546,-1,-1,-1
406,124,615.904,446.320,52.550,142.311,0.154302,-1,-1,-1
406,142,713.444,469.293,55.420,137.903,0.800581,-1,-1,-1
406,144,635.608,403.415,152.110,342.317,0.932143,-1,-1,-1
406,155,801.166,477.446,39.103,67.031,0.585517,-1,-1,-1
406,160,496.832,431.078,132.745,304.730,0.929233,-1,-1,-1
406,161,1673.237,430.532,108.426,161.721,0.512566,-1,-1,-1
406,123,1829.779,471.520,79.562,172.022,0.433777,-1,-1,-1
406,128,676.023,434.334,67.665,174.246,0.142424,-1,-1,-1
406,170,349.448,435.162,165.477,337.237,0.924920,-1,-1,-1
406,178,849.897,468.499,39.917,71.400,0.432980,-1,-1,-1
406,189,164.660,435.546,175.328,353.772,0.947427,-1,-1,-1
406,192,1304.537,430.170,45.986,111.404,0.155106,-1,-1,-1
406,169,893.085,447.273,64.146,162.487,0.660799,-1,-1,-1
406,64,375.954,455.254,42.036,98.423,0.710411,-1,-1,-1
406,56,463.394,441.575,61.943,145.610,0.602715,-1,-1,-1
406,201,794.494,470.798,30.847,58.170,0.193653,-1,-1,-1
406,180,314.922,449.204,44.678,116.531,0.769962,-1,-1,-1
407,13,1051.036,382.744,315.019,641.277,0.955667,-1,-1,-1
407,100,947.188,423.370,183.498,516.326,0.931909,-1,-1,-1
407,107,1237.991,444.505,42.175,97.978,0.837703,-1,-1,-1
407,106,1556.985,445.635,29.078,78.751,0.178704,-1,-1,-1
407,142,710.716,458.960,57.536,145.486,0.751775,-1,-1,-1
407,144,639.771,410.208,149.687,334.360,0.938280,-1,-1,-1
407,155,797.086,474.277,41.878,72.118,0.524174,-1,-1,-1
407,160,498.965,439.083,132.216,297.647,0.938681,-1,-1,-1
407,161,1675.646,429.119,106.522,157.567,0.387441,-1,-1,-1
407,123,1828.402,467.422,80.982,175.567,0.332625,-1,-1,-1
407,128,678.449,433.447,71.633,180.956,0.187791,-1,-1,-1
407,170,356.201,430.951,164.956,339.420,0.940866,-1,-1,-1
407,178,849.943,467.555,40.529,72.823,0.372101,-1,-1,-1
407,189,174.428,430.369,174.572,352.562,0.947689,-1,-1,-1
407,192,1304.431,431.133,46.018,110.947,0.167963,-1,-1,-1
407,169,889.258,447.671,63.402,160.506,0.716935,-1,-1,-1
407,64,373.442,454.587,44.700,104.353,0.717408,-1,-1,-1
407,56,470.271,448.164,55.257,130.870,0.656970,-1,-1,-1
407,201,795.269,473.196,31.000,58.394,0.434516,-1,-1,-1
407,180,315.299,448.900,44.559,116.724,0.711784,-1,-1,-1
407,194,482.632,447.453,54.451,136.753,0.621531,-1,-1,-1
408,13,1049.325,380.178,313.630,644.416,0.956595,-1,-1,-1
408,100,948.158,424.320,183.650,515.518,0.929525,-1,-1,-1
408,107,1239.165,444.439,41.416,97.108,0.848621,-1,-1,-1
408,106,1557.618,446.885,29.404,79.505,0.142277,-1,-1,-1
408,142,712.588,456.188,53.066,136.195,0.594825,-1,-1,-1
408,144,643.753,411.649,149.189,331.519,0.949047,-1,-1,-1
408,155,796.773,478.009,38.457,65.861,0.528874,-1,-1,-1
408,160,497.224,435.894,134.273,297.923,0.943490,-1,-1,-1
408,161,1680.639,430.723,104.751,154.924,0.430067,-1,-1,-1
408,123,1829.183,469.735,80.740,174.562,0.481390,-1,-1,-1
408,128,675.268,422.087,78.215,197.517,0.222647,-1,-1,-1
408,170,363.891,429.655,163.465,338.843,0.939714,-1,-1,-1
408,178,849.289,467.077,40.312,72.811,0.359797,-1,-1,-1
408,189,183.075,429.544,171.776,349.419,0.928532,-1,-1,-1
408,192,1303.209,427.144,48.143,116.287,0.263037,-1,-1,-1
408,169,884.057,449.148,64.197,160.859,0.851701,-1,-1,-1
408,64,374.446,455.859,44.169,103.358,0.726134,-1,-1,-1
408,56,477.805,450.676,45.651,108.562,0.586225,-1,-1,-1
408,201,795.801,474.034,30.442,57.560,0.228534,-1,-1,-1
408,180,317.648,450.209,43.994,114.727,0.637935,-1,-1,-1
408,194,487.435,449.134,47.756,121.842,0.508392,-1,-1,-1
408,124,621.348,452.586,32.964,87.609,0.728202,-1,-1,-1
409,13,1051.216,388.023,307.531,636.823,0.950001,-1,-1,-1
409,100,951.086,424.577,184.509,514.650,0.930364,-1,-1,-1
409,107,1239.017,444.350,40.747,95.944,0.835609,-1,-1,-1
409,106,1558.779,440.696,28.082,75.759,0.106664,-1,-1,-1
409,142,708.606,448.373,52.999,135.559,0.266714,-1,-1,-1
409,144,646.559,417.994,146.677,323.848,0.949978,-1,-1,-1
409,155,797.550,476.770,38.842,66.287,0.511026,-1,-1,-1
409,160,502.467,431.406,137.047,301.522,0.956630,-1,-1,-1
409,161,1688.222,430.809,102.889,154.593,0.506885,-1,-1,-1
409,123,1828.406,473.087,79.915,172.071,0.354071,-1,-1,-1
409,128,684.400,432.637,73.444,184.970,0.120885,-1,-1,-1
409,170,372.766,428.724,161.007,336.707,0.952686,-1,-1,-1
409,178,846.520,465.300,42.446,76.231,0.476138,-1,-1,-1
409,189,191.052,429.826,166.671,341.618,0.935407,-1,-1,-1
409,192,1303.935,427.695,47.770,115.502,0.232327,-1,-1,-1
409,169,877.248,448.422,64.461,159.636,0.845419,-1,-1,-1
409,64,375.592,455.755,44.735,105.149,0.730505,-1,-1,-1
409,56,481.567,456.750,39.989,95.185,0.615112,-1,-1,-1
409,201,794.339,468.882,28.902,53.361,0.201386,-1,-1,-1
409,180,316.820,450.711,43.922,114.619,0.671543,-1,-1,-1
409,194,489.634,453.494,41.780,108.732,0.487019,-1,-1,-1
409,124,621.702,454.010,29.466,76.586,0.692518,-1,-1,-1
410,13,1052.001,388.606,304.174,634.424,0.957014,-1,-1,-1
410,100,950.364,422.023,186.052,517.137,0.927773,-1,-1,-1
410,107,1238.074,442.505,41.664,98.683,0.819744,-1,-1,-1
410,106,1559.350,440.802,27.675,74.594,0.129126,-1,-1,-1
410,142,710.499,449.199,50.325,131.347,0.102671,-1,-1,-1
410,144,646.188,411.078,150.924,331.287,0.953158,-1,-1,-1
410,155,795.692,477.229,37.792,64.658,0.389826,-1,-1,-1
410,160,512.004,430.819,135.847,297.272,0.931286,-1,-1,-1
410,161,1690.357,429.777,102.013,155.298,0.354309,-1,-1,-1
410,123,1835.759,467.898,82.926,180.870,0.254609,-1,-1,-1
410,128,694.398,436.379,69.080,177.354,0.100991,-1,-1,-1
410,170,381.734,435.558,157.798,330.791,0.941581,-1,-1,-1
410,178,845.705,465.441,42.036,75.473,0.266968,-1,-1,-1
410,189,201.073,430.079,163.168,339.111,0.935953,-1,-1,-1
410,192,1303.576,428.501,47.138,114.079,0.142924,-1,-1,-1
410,169,874.280,450.798,65.229,158.781,0.698767,-1,-1,-1
410,64,379.843,457.215,39.873,93.155,0.588643,-1,-1,-1
410,201,792.684,472.380,28.487,51.412,0.146767,-1,-1,-1
410,180,312.686,451.424,46.330,121.699,0.308429,-1,-1,-1
410,194,490.876,450.869,41.604,109.217,0.327985,-1,-1,-1
410,124,618.508,454.094,24.784,63.109,0.362167,-1,-1,-1
411,13,1052.685,393.308,299.682,628.325,0.956145,-1,-1,-1
411,100,950.111,423.636,185.588,515.531,0.933960,-1,-1,-1
411,107,1238.146,441.329,41.659,99.004,0.838236,-1,-1,-1
411,106,1558.687,434.855,27.255,73.058,0.145625,-1,-1,-1
411,144,646.808,408.743,151.144,330.586,0.952381,-1,-1,-1
411,155,795.030,475.889,38.118,65.299,0.411555,-1,-1,-1
411,160,516.120,431.117,134.073,292.251,0.924755,-1,-1,-1
411,161,1692.915,430.022,102.307,158.191,0.395534,-1,-1,-1
411,123,1832.535,464.262,85.058,184.691,0.285599,-1,-1,-1
411,170,394.150,435.494,159.437,329.851,0.934769,-1,-1,-1
411,178,846.168,464.558,43.333,78.130,0.396219,-1,-1,-1
411,189,207.112,428.232,162.517,341.298,0.922641,-1,-1,-1
411,192,1303.039,429.544,46.312,111.970,0.149838,-1,-1,-1
411,169,873.045,446.427,66.768,162.350,0.831438,-1,-1,-1
411,64,377.931,457.693,42.616,99.336,0.635812,-1,-1,-1
411,201,789.616,470.704,28.798,51.253,0.145077,-1,-1,-1
411,180,304.926,443.544,52.927,142.367,0.112535,-1,-1,-1
411,194,498.115,451.134,39.954,106.061,0.237188,-1,-1,-1
411,124,620.129,450.794,25.147,62.831,0.337738,-1,-1,-1
412,13,1051.297,393.179,298.682,629.899,0.954235,-1,-1,-1
412,100,950.851,420.479,187.300,518.843,0.925391,-1,-1,-1
412,107,1236.744,441.482,41.153,97.951,0.842690,-1,-1,-1
412,106,1558.802,436.749,25.926,68.715,0.113232,-1,-1,-1
412,144,646.530,405.949,153.118,333.082,0.949291,-1,-1,-1
412,155,797.751,478.796,37.664,64.157,0.439631,-1,-1,-1
412,160,519.514,428.324,134.420,292.961,0.932521,-1,-1,-1
412,161,1690.653,430.018,100.397,155.584,0.483177,-1,-1,-1
412,123,1830.981,464.989,84.405,182.015,0.373998,-1,-1,-1
412,170,402.450,431.018,164.151,336.498,0.936591,-1,-1,-1
412,178,846.007,465.378,42.273,76.408,0.389198,-1,-1,-1
412,189,217.730,427.645,158.237,335.914,0.931343,-1,-1,-1
412,192,1301.250,428.182,46.063,111.691,0.163664,-1,-1,-1
412,169,872.006,442.098,68.126,164.774,0.785755,-1,-1,-1
412,64,378.164,458.921,41.109,94.860,0.696982,-1,-1,-1
412,194,498.300,435.099,64.871,172.769,0.639846,-1,-1,-1
412,124,617.947,449.163,25.061,61.254,0.368304,-1,-1,-1
413,13,1051.204,394.362,296.566,628.303,0.956543,-1,-1,-1
413,100,951.981,419.293,188.287,520.028,0.931075,-1,-1,-1
413,107,1235.517,441.142,40.976,97.979,0.812755,-1,-1,-1
413,106,1559.942,441.771,26.750,70.730,0.110433,-1,-1,-1
413,144,647.136,403.322,154.424,335.346,0.959350,-1,-1,-1
413,155,800.559,481.460,37.022,62.428,0.442862,-1,-1,-1
413,160,521.486,426.974,134.109,292.139,0.927729,-1,-1,-1
413,161,1687.310,430.425,99.922,153.703,0.369060,-1,-1,-1
413,123,1832.379,448.997,91.783,202.705,0.396279,-1,-1,-1
413,170,412.334,433.651,165.322,336.266,0.943597,-1,-1,-1
413,178,847.848,466.293,38.564,69.450,0.218119,-1,-1,-1
413,189,230.063,432.216,158.318,339.014,0.936674,-1,-1,-1
413,192,1300.204,427.098,46.242,112.863,0.147500,-1,-1,-1
413,169,869.574,439.340,69.031,167.371,0.859647,-1,-1,-1
413,64,374.990,456.831,45.392,105.419,0.784928,-1,-1,-1
413,194,517.505,438.242,61.973,166.377,0.717834,-1,-1,-1
414,13,1050.416,393.701,295.367,628.543,0.945861,-1,-1,-1
414,100,953.068,418.815,188.483,520.372,0.932394,-1,-1,-1
414,107,1232.873,440.106,41.758,100.413,0.840458,-1,-1,-1
414,106,1560.041,442.125,27.072,71.488,0.122017,-1,-1,-1
414,144,645.478,402.914,154.603,334.335,0.952483,-1,-1,-1
414,155,801.009,483.881,35.941,60.086,0.489693,-1,-1,-1
414,160,531.360,425.484,132.112,291.931,0.910743,-1,-1,-1
414,161,1688.554,429.018,101.094,155.511,0.343314,-1,-1,-1
414,123,1832.855,470.740,81.791,177.791,0.306214,-1,-1,-1
414,170,419.402,432.922,167.375,337.202,0.947640,-1,-1,-1
414,178,849.004,462.970,39.331,71.195,0.232822,-1,-1,-1
414,189,238.699,426.829,159.329,343.648,0.939250,-1,-1,-1
414,192,1297.992,425.939,46.011,113.546,0.131839,-1,-1,-1
414,169,867.208,438.660,69.213,168.059,0.897824,-1,-1,-1
414,64,372.722,455.357,48.344,113.154,0.829030,-1,-1,-1
414,194,527.864,438.301,66.385,179.106,0.802884,-1,-1,-1
414,204,409.699,449.302,46.467,129.482,0.762430,-1,-1,-1
414,147,609.614,452.768,57.317,139.913,0.701867,-1,-1,-1
414,72,935.566,443.886,31.991,78.032,0.627318,-1,-1,-1
415,13,1049.750,397.345,292.391,623.797,0.944391,-1,-1,-1
415,100,951.352,409.829,190.401,528.587,0.939497,-1,-1,-1
415,107,1232.046,441.008,40.092,96.907,0.818341,-1,-1,-1
415,106,1559.372,442.808,28.245,74.687,0.131678,-1,-1,-1
415,144,651.743,401.048,155.140,338.653,0.951381,-1,-1,-1
415,155,802.560,474.186,40.504,69.056,0.120970,-1,-1,-1
415,160,537.384,428.132,132.042,292.013,0.903351,-1,-1,-1
415,161,1687.538,427.629,101.644,156.099,0.360669,-1,-1,-1
415,123,1829.879,431.990,99.037,222.032,0.425503,-1,-1,-1
415,170,421.685,429.070,170.087,340.051,0.951249,-1,-1,-1
415,178,849.281,459.258,40.426,74.309,0.219692,-1,-1,-1
415,189,251.077,432.462,156.651,338.640,0.940505,-1,-1,-1
415,192,1296.233,430.171,42.484,104.469,0.115659,-1,-1,-1
415,169,863.571,440.456,67.909,165.910,0.890755,-1,-1,-1
415,64,371.979,453.728,51.316,120.535,0.833803,-1,-1,-1
415,194,531.218,439.950,68.928,185.223,0.723264,-1,-1,-1
415,204,408.773,451.191,46.923,130.613,0.774077,-1,-1,-1
415,147,615.770,452.436,53.926,130.834,0.398874,-1,-1,-1
415,72,934.222,442.039,32.849,79.405,0.467899,-1,-1,-1
415,191,1136.429,409.495,164.023,437.744,0.770377,-1,-1,-1
416,13,1048.644,400.146,290.654,620.756,0.940091,-1,-1,-1
416,100,953.417,413.830,188.418,524.573,0.931539,-1,-1,-1
416,107,1231.224,441.856,39.055,94.835,0.782235,-1,-1,-1
416,106,1558.715,438.802,28.255,74.648,0.124574,-1,-1,-1
416,144,656.758,400.201,153.419,338.268,0.951112,-1,-1,-1
416,155,805.627,479.590,41.019,69.573,0.552817,-1,-1,-1
416,160,535.952,424.678,134.233,299.289,0.911866,-1,-1,-1
416,161,1686.075,428.808,101.474,154.801,0.382180,-1,-1,-1
416,123,1826.984,429.177,98.196,221.447,0.296567,-1,-1,-1
416,170,426.653,436.719,166.634,330.598,0.950643,-1,-1,-1
416,178,846.523,462.586,40.868,75.733,0.383173,-1,-1,-1
416,189,263.450,435.597,154.765,336.439,0.928811,-1,-1,-1
416,192,1291.300,431.700,39.767,98.816,0.112851,-1,-1,-1
416,169,863.052,445.054,65.789,161.864,0.824936,-1,-1,-1
416,64,373.328,454.918,51.557,121.333,0.854370,-1,-1,-1
416,194,531.249,446.402,68.294,184.107,0.434309,-1,-1,-1
416,204,407.988,452.793,45.166,125.704,0.814528,-1,-1,-1
416,147,614.265,455.821,49.886,124.554,0.434397,-1,-1,-1
416,72,934.484,443.133,32.547,78.414,0.334019,-1,-1,-1
416,207,446.008,436.924,67.294,171.974,0.723605,-1,-1,-1
416,191,1132.497,407.033,182.584,473.611,0.794855,-1,-1,-1
417,13,1040.752,398.390,288.708,621.967,0.935125,-1,-1,-1
417,100,956.136,410.200,189.667,529.464,0.926491,-1,-1,-1
417,107,1232.542,440.923,35.130,85.430,0.450025,-1,-1,-1
417,106,1558.524,440.605,29.401,77.841,0.118532,-1,-1,-1
417,144,666.611,401.911,149.072,332.757,0.949586,-1,-1,-1
417,155,804.814,482.712,39.373,66.866,0.494403,-1,-1,-1
417,160,555.756,427.825,129.925,291.053,0.922760,-1,-1,-1
417,161,1684.373,428.125,102.523,155.374,0.473299,-1,-1,-1
417,123,1828.402,446.451,90.836,203.554,0.355298,-1,-1,-1
417,170,432.852,445.032,162.203,320.176,0.945669,-1,-1,-1
417,189,272.211,442.856,150.836,326.198,0.932775,-1,-1,-1
417,192,1289.131,431.758,37.736,94.747,0.118409,-1,-1,-1
417,169,859.030,439.834,66.627,166.345,0.858241,-1,-1,-1
417,64,374.161,454.279,51.336,121.615,0.860771,-1,-1,-1
417,194,528.889,451.600,69.681,185.203,0.482622,-1,-1,-1
417,204,409.661,456.952,41.824,115.821,0.817621,-1,-1,-1
417,147,618.672,446.994,57.056,138.927,0.267947,-1,-1,-1
417,72,931.922,440.817,34.646,82.767,0.392820,-1,-1,-1
417,207,451.683,437.313,63.702,162.220,0.778528,-1,-1,-1
417,191,1132.513,411.110,192.898,495.290,0.847686,-1,-1,-1
418,13,1034.603,396.056,286.096,624.344,0.933263,-1,-1,-1
418,100,960.086,409.075,189.376,528.643,0.920180,-1,-1,-1
418,107,1231.904,441.542,34.250,82.802,0.262422,-1,-1,-1
418,106,1558.890,439.849,29.295,77.689,0.111135,-1,-1,-1
418,144,674.256,402.994,144.931,328.213,0.942365,-1,-1,-1
418,155,807.281,475.766,42.845,73.357,0.506384,-1,-1,-1
418,160,568.455,427.991,127.398,289.372,0.926849,-1,-1,-1
418,161,1684.032,428.914,102.621,154.955,0.396963,-1,-1,-1
418,123,1835.184,450.581,89.151,203.536,0.362687,-1,-1,-1
418,170,437.125,442.409,162.208,319.316,0.941522,-1,-1,-1
418,189,279.002,440.624,153.271,328.643,0.929748,-1,-1,-1
418,169,856.390,437.675,65.569,165.921,0.774671,-1,-1,-1
418,64,374.306,453.990,51.901,124.122,0.859729,-1,-1,-1
418,194,532.090,444.791,71.510,190.519,0.364570,-1,-1,-1
418,204,410.022,455.457,43.968,121.308,0.833795,-1,-1,-1
418,147,620.073,444.833,56.919,144.272,0.195526,-1,-1,-1
418,72,931.032,440.713,33.595,79.398,0.384461,-1,-1,-1
418,207,445.742,436.009,74.274,189.323,0.815453,-1,-1,-1
418,191,1131.255,408.588,197.632,504.906,0.827067,-1,-1,-1
419,13,1024.309,400.113,276.977,617.204,0.931834,-1,-1,-1
419,100,961.013,408.800,187.565,524.818,0.927523,-1,-1,-1
419,107,1231.196,437.916,35.557,85.861,0.199373,-1,-1,-1
419,106,1558.142,436.907,29.843,79.513,0.145406,-1,-1,-1
419,144,678.083,402.082,144.411,329.680,0.954932,-1,-1,-1
419,155,809.174,474.272,43.687,75.613,0.465379,-1,-1,-1
419,160,577.521,427.642,124.925,288.444,0.935092,-1,-1,-1
419,161,1685.375,430.969,101.516,153.510,0.296932,-1,-1,-1
419,123,1833.400,465.828,81.166,183.339,0.262585,-1,-1,-1
419,170,441.389,440.113,163.748,322.779,0.942605,-1,-1,-1
419,189,287.907,435.497,158.163,334.098,0.942989,-1,-1,-1
419,169,858.482,436.922,58.951,149.813,0.739944,-1,-1,-1
419,64,373.260,452.434,52.574,127.380,0.818099,-1,-1,-1
419,194,534.799,445.663,72.235,191.667,0.208414,-1,-1,-1
419,204,409.623,454.279,44.197,121.392,0.823559,-1,-1,-1
419,147,608.017,435.244,67.136,162.188,0.137033,-1,-1,-1
419,72,930.020,440.766,33.844,79.533,0.426546,-1,-1,-1
419,207,445.288,434.714,77.448,197.666,0.855547,-1,-1,-1
419,191,1133.938,415.777,195.897,497.939,0.850747,-1,-1,-1
419,200,567.201,455.826,34.265,82.792,0.637598,-1,-1,-1
420,13,1016.521,393.656,273.383,624.159,0.931121,-1,-1,-1
420,100,960.877,408.633,187.022,525.116,0.918398,-1,-1,-1
420,106,1558.130,437.913,29.170,77.945,0.152590,-1,-1,-1
420,144,682.588,401.488,142.680,328.938,0.947679,-1,-1,-1
420,155,806.461,472.072,43.156,75.803,0.555435,-1,-1,-1
420,160,582.052,427.042,123.819,288.739,0.943075,-1,-1,-1
420,161,1687.338,429.500,102.110,154.418,0.411854,-1,-1,-1
420,123,1833.555,473.263,78.377,174.273,0.283784,-1,-1,-1
420,170,444.619,440.677,163.564,323.857,0.944366,-1,-1,-1
420,189,295.326,434.042,162.126,335.899,0.946317,-1,-1,-1
420,169,853.906,433.600,63.112,160.721,0.432009,-1,-1,-1
420,64,374.518,453.736,51.328,125.459,0.751641,-1,-1,-1
420,194,537.677,449.340,63.299,170.337,0.172831,-1,-1,-1
420,204,409.175,453.564,44.022,120.109,0.836137,-1,-1,-1
420,147,598.186,429.060,76.809,182.362,0.164369,-1,-1,-1
420,72,930.605,440.690,34.569,81.109,0.403480,-1,-1,-1
420,207,450.738,438.140,64.742,164.246,0.837400,-1,-1,-1
420,191,1128.782,411.761,198.792,500.346,0.880692,-1,-1,-1
420,200,571.735,454.044,39.068,95.033,0.601847,-1,-1,-1
421,13,1013.921,393.449,270.265,624.637,0.916277,-1,-1,-1
421,100,961.702,409.497,187.125,527.993,0.913442,-1,-1,-1
421,106,1559.358,440.023,28.233,75.763,0.137934,-1,-1,-1
421,144,685.969,401.005,141.412,327.698,0.938950,-1,-1,-1
421,155,808.059,471.632,44.956,78.720,0.302326,-1,-1,-1
421,160,588.862,427.335,122.225,286.867,0.944300,-1,-1,-1
421,161,1690.773,429.900,100.708,154.015,0.373229,-1,-1,-1
421,123,1833.211,480.893,76.176,166.976,0.258968,-1,-1,-1
421,170,443.694,439.850,164.203,326.882,0.943801,-1,-1,-1
421,189,297.517,436.711,163.821,333.428,0.951806,-1,-1,-1
421,169,852.627,434.225,61.603,157.904,0.598320,-1,-1,-1
421,64,378.753,452.696,49.796,122.400,0.377104,-1,-1,-1
421,194,541.953,451.874,55.761,150.706,0.151096,-1,-1,-1
421,204,408.145,451.817,44.345,119.855,0.805501,-1,-1,-1
421,147,591.847,430.062,74.823,179.005,0.240243,-1,-1,-1
421,72,928.957,440.160,35.908,83.890,0.350161,-1,-1,-1
421,207,451.316,437.612,60.269,152.261,0.849142,-1,-1,-1
421,191,1127.012,407.477,199.629,499.563,0.889716,-1,-1,-1
421,200,572.710,454.739,40.664,98.760,0.496997,-1,-1,-1
422,13,1019.281,394.016,267.069,626.881,0.914439,-1,-1,-1
422,100,963.963,413.303,182.740,516.339,0.918017,-1,-1,-1
422,106,1558.941,439.652,28.146,75.604,0.150346,-1,-1,-1
422,144,689.971,399.843,140.987,329.654,0.937131,-1,-1,-1
422,155,802.757,470.055,47.856,83.852,0.314349,-1,-1,-1
422,160,596.385,427.363,123.321,287.241,0.940663,-1,-1,-1
422,161,1691.884,430.637,98.907,152.917,0.292935,-1,-1,-1
422,123,1832.112,479.843,77.343,168.187,0.271183,-1,-1,-1
422,170,449.794,441.165,160.673,322.556,0.940647,-1,-1,-1
422,189,300.834,440.903,162.068,323.933,0.949025,-1,-1,-1
422,169,849.766,436.642,62.630,161.212,0.827978,-1,-1,-1
422,64,380.944,449.694,54.505,131.375,0.201054,-1,-1,-1
422,194,544.262,450.126,54.955,149.989,0.229658,-1,-1,-1
422,204,407.178,451.013,44.319,118.284,0.738350,-1,-1,-1
422,147,586.611,428.356,78.202,189.598,0.298317,-1,-1,-1
422,72,927.935,439.422,36.696,85.573,0.410929,-1,-1,-1
422,207,452.871,439.326,56.320,141.494,0.859256,-1,-1,-1
422,191,1133.103,407.793,190.742,469.051,0.882166,-1,-1,-1
422,200,575.362,457.196,41.339,100.528,0.429461,-1,-1,-1
422,142,679.373,443.094,65.263,171.733,0.614896,-1,-1,-1
423,13,1023.125,396.825,262.308,623.194,0.914946,-1,-1,-1
423,100,965.848,409.039,182.393,515.690,0.878176,-1,-1,-1
423,106,1557.466,435.722,29.235,78.739,0.152708,-1,-1,-1
423,144,697.317,401.601,139.976,328.355,0.940799,-1,-1,-1
423,155,795.229,469.459,49.807,87.958,0.456889,-1,-1,-1
423,160,599.824,431.813,122.830,284.900,0.930984,-1,-1,-1
423,161,1693.224,429.550,98.890,154.556,0.323371,-1,-1,-1
423,123,1829.912,470.296,81.698,177.361,0.344112,-1,-1,-1
423,170,453.735,437.332,158.607,322.286,0.938794,-1,-1,-1
423,189,298.501,441.689,163.668,319.918,0.932910,-1,-1,-1
423,169,847.485,437.695,63.607,163.516,0.912873,-1,-1,-1
423,64,381.385,446.571,67.452,162.849,0.270492,-1,-1,-1
423,194,546.646,453.204,56.231,152.973,0.363419,-1,-1,-1
423,204,404.560,445.948,47.731,124.691,0.615663,-1,-1,-1
423,147,587.960,435.402,72.191,177.253,0.401693,-1,-1,-1
423,72,927.201,440.071,38.661,90.262,0.425903,-1,-1,-1
423,207,454.163,438.902,54.703,136.491,0.835708,-1,-1,-1
423,191,1129.958,406.430,193.642,469.834,0.847152,-1,-1,-1
423,200,576.260,457.610,38.558,92.740,0.421785,-1,-1,-1
423,142,671.514,445.015,62.734,166.621,0.620369,-1,-1,-1
424,13,1030.114,397.901,260.881,627.535,0.930291,-1,-1,-1
424,100,965.210,408.743,182.777,517.783,0.869294,-1,-1,-1
424,106,1557.410,436.662,30.147,81.581,0.131743,-1,-1,-1
424,144,701.806,402.953,138.646,327.227,0.941330,-1,-1,-1
424,155,795.650,468.073,50.870,91.183,0.376425,-1,-1,-1
424,160,605.803,433.721,122.509,279.231,0.926953,-1,-1,-1
424,161,1690.346,428.800,101.583,160.136,0.316627,-1,-1,-1
424,123,1830.598,465.482,83.848,182.424,0.233403,-1,-1,-1
424,170,458.428,433.919,157.997,324.403,0.925152,-1,-1,-1
424,189,302.340,435.856,167.881,326.804,0.936150,-1,-1,-1
424,169,845.840,436.581,63.390,163.194,0.908077,-1,-1,-1
424,64,382.526,441.325,73.176,176.955,0.257885,-1,-1,-1
424,194,548.387,445.410,55.186,152.973,0.115577,-1,-1,-1
424,204,409.342,446.052,48.960,126.971,0.407098,-1,-1,-1
424,147,590.673,439.021,67.879,168.004,0.432548,-1,-1,-1
424,72,927.320,440.538,38.802,90.993,0.386433,-1,-1,-1
424,207,452.591,440.039,55.214,137.171,0.794735,-1,-1,-1
424,191,1124.680,401.846,203.910,493.456,0.875855,-1,-1,-1
424,200,581.858,463.900,32.642,77.147,0.422884,-1,-1,-1
424,142,668.585,447.715,61.022,161.418,0.516003,-1,-1,-1
424,208,1202.901,435.380,109.773,250.318,0.764177,-1,-1,-1
424,180,302.184,451.262,46.141,120.691,0.614730,-1,-1,-1
425,13,1026.825,391.792,262.502,638.798,0.913409,-1,-1,-1
425,100,968.400,428.030,177.680,501.834,0.847863,-1,-1,-1
425,106,1557.866,439.115,29.134,78.668,0.133042,-1,-1,-1
425,144,707.091,404.165,137.804,326.341,0.947307,-1,-1,-1
425,155,786.314,459.977,57.376,105.165,0.464577,-1,-1,-1
425,160,611.982,431.647,125.503,282.043,0.924492,-1,-1,-1
425,161,1691.992,429.211,99.256,158.068,0.366482,-1,-1,-1
425,123,1828.783,459.462,87.135,189.568,0.307371,-1,-1,-1
425,170,466.538,434.339,154.203,321.892,0.901306,-1,-1,-1
425,189,310.028,431.433,169.496,331.082,0.942474,-1,-1,-1
425,169,844.304,437.431,62.675,161.461,0.898149,-1,-1,-1
425,64,381.394,434.704,82.268,200.000,0.188313,-1,-1,-1
425,194,541.918,437.159,67.725,186.854,0.271852,-1,-1,-1
425,204,416.049,444.240,52.985,137.991,0.250338,-1,-1,-1
425,147,598.441,442.731,65.213,164.808,0.558641,-1,-1,-1
425,72,927.746,441.849,38.590,90.112,0.355725,-1,-1,-1
425,207,447.127,435.821,68.504,171.129,0.819780,-1,-1,-1
425,191,1114.542,400.885,217.420,527.840,0.885694,-1,-1,-1
425,142,669.068,450.803,59.515,159.472,0.727248,-1,-1,-1
425,208,1200.207,428.365,130.370,298.187,0.818040,-1,-1,-1
425,180,305.024,451.860,43.100,113.786,0.591398,-1,-1,-1
426,13,1023.152,389.824,259.991,640.610,0.919547,-1,-1,-1
426,100,966.519,411.494,184.764,521.030,0.762271,-1,-1,-1
426,106,1557.672,438.630,29.089,78.525,0.127882,-1,-1,-1
426,144,709.002,402.261,137.973,327.496,0.955556,-1,-1,-1
426,155,779.958,454.402,63.788,119.440,0.379269,-1,-1,-1
426,160,615.725,432.479,127.010,282.257,0.936204,-1,-1,-1
426,161,1689.876,427.443,100.228,160.401,0.469615,-1,-1,-1
426,123,1822.892,429.020,100.293,221.368,0.550493,-1,-1,-1
426,170,471.319,433.198,152.961,321.041,0.927274,-1,-1,-1
426,189,318.567,430.416,169.008,331.328,0.936527,-1,-1,-1
426,169,840.479,438.733,62.808,161.463,0.900572,-1,-1,-1
426,64,385.972,432.281,83.450,202.207,0.195117,-1,-1,-1
426,194,539.925,436.979,72.775,197.588,0.345681,-1,-1,-1
426,204,424.790,446.701,47.329,123.623,0.239007,-1,-1,-1
426,147,603.431,456.479,59.458,151.829,0.179954,-1,-1,-1
426,72,926.493,442.254,40.709,95.539,0.322573,-1,-1,-1
426,207,447.177,434.725,71.699,180.409,0.827622,-1,-1,-1
426,191,1115.779,400.805,216.626,526.150,0.886959,-1,-1,-1
426,142,667.755,445.625,57.629,154.069,0.321041,-1,-1,-1
426,208,1204.663,425.439,129.111,296.506,0.817162,-1,-1,-1
426,180,306.875,451.834,41.592,112.257,0.586696,-1,-1,-1
427,13,1021.383,394.036,255.747,636.848,0.898297,-1,-1,-1
427,100,967.143,404.914,189.550,533.911,0.877640,-1,-1,-1
427,144,708.884,403.184,136.195,325.697,0.940031,-1,-1,-1
427,155,778.888,453.861,63.877,122.475,0.374119,-1,-1,-1
427,160,619.296,437.924,127.878,277.758,0.934278,-1,-1,-1
427,161,1686.851,425.271,100.860,161.872,0.524989,-1,-1,-1
427,170,468.351,433.522,154.395,322.629,0.917554,-1,-1,-1
427,189,330.135,432.468,164.200,324.319,0.937223,-1,-1,-1
427,169,837.788,440.100,63.382,161.740,0.884004,-1,-1,-1
427,64,389.982,436.755,89.729,214.723,0.300705,-1,-1,-1
427,194,552.336,439.469,66.697,181.196,0.473977,-1,-1,-1
427,204,424.952,444.798,52.813,139.468,0.238729,-1,-1,-1
427,147,603.538,450.495,55.509,142.131,0.475255,-1,-1,-1
427,72,925.274,442.198,42.638,100.449,0.353164,-1,-1,-1
427,207,452.284,435.848,68.560,174.020,0.809591,-1,-1,-1
427,191,1118.795,398.738,218.838,532.275,0.903122,-1,-1,-1
427,142,665.774,444.556,51.472,138.812,0.182036,-1,-1,-1
427,208,1209.388,423.406,127.636,294.290,0.792879,-1,-1,-1
427,180,304.728,452.650,40.748,109.446,0.357741,-1,-1,-1
428,13,1028.450,395.125,249.476,631.138,0.906237,-1,-1,-1
428,100,966.993,403.518,192.019,538.724,0.873667,-1,-1,-1
428,144,712.899,406.017,134.586,323.239,0.941498,-1,-1,-1
428,155,779.037,452.835,64.392,126.504,0.311537,-1,-1,-1
428,160,622.711,448.948,125.709,265.914,0.909574,-1,-1,-1
428,161,1666.635,429.894,94.960,155.457,0.609856,-1,-1,-1
428,170,475.011,437.096,153.828,322.618,0.921441,-1,-1,-1
428,189,340.455,439.424,158.000,315.774,0.933258,-1,-1,-1
428,169,835.195,439.070,63.280,162.232,0.884550,-1,-1,-1
428,64,400.265,438.491,85.416,203.386,0.135531,-1,-1,-1
428,194,559.187,435.927,66.075,180.886,0.133640,-1,-1,-1
428,204,421.916,445.401,55.583,146.091,0.247561,-1,-1,-1
428,147,599.502,455.302,56.589,146.010,0.669623,-1,-1,-1
428,72,924.945,441.760,45.598,108.135,0.246746,-1,-1,-1
428,207,456.301,438.917,62.555,159.382,0.799389,-1,-1,-1
428,191,1121.335,402.004,218.004,532.238,0.906603,-1,-1,-1
428,142,670.834,441.903,52.003,135.665,0.102382,-1,-1,-1
428,208,1204.338,423.154,145.417,338.864,0.823149,-1,-1,-1
428,180,307.221,454.313,39.695,107.077,0.466301,-1,-1,-1
429,13,1033.135,396.903,250.749,640.330,0.906719,-1,-1,-1
429,100,967.515,402.593,192.564,537.979,0.891579,-1,-1,-1
429,144,719.290,407.743,132.402,320.707,0.938432,-1,-1,-1
429,155,779.504,453.030,66.023,131.963,0.428001,-1,-1,-1
429,160,621.362,441.024,130.034,273.575,0.932129,-1,-1,-1
429,161,1649.222,409.627,104.283,177.427,0.488039,-1,-1,-1
429,170,490.254,436.369,148.802,315.664,0.916191,-1,-1,-1
429,189,351.129,439.323,152.729,310.965,0.927707,-1,-1,-1
429,169,833.632,437.563,61.688,159.057,0.870985,-1,-1,-1
429,64,404.727,439.200,82.855,197.052,0.298253,-1,-1,-1
429,194,562.124,434.025,70.301,192.988,0.187565,-1,-1,-1
429,204,418.789,448.350,55.183,143.648,0.168064,-1,-1,-1
429,147,598.598,451.906,57.718,150.403,0.539481,-1,-1,-1
429,72,927.396,447.943,43.564,100.205,0.276506,-1,-1,-1
429,207,454.205,440.215,61.004,155.769,0.786730,-1,-1,-1
429,191,1126.230,407.563,214.326,524.520,0.895016,-1,-1,-1
429,208,1206.203,420.598,148.213,348.292,0.862691,-1,-1,-1
429,180,308.548,454.738,39.183,105.796,0.477098,-1,-1,-1
430,13,1039.693,399.062,246.653,635.864,0.897112,-1,-1,-1
430,100,968.189,403.186,194.385,541.371,0.889543,-1,-1,-1
430,144,721.551,410.763,131.345,318.515,0.940007,-1,-1,-1
430,155,777.288,448.818,66.560,136.665,0.509574,-1,-1,-1
430,160,630.025,437.844,128.279,271.454,0.895281,-1,-1,-1
430,170,508.280,435.924,147.424,315.430,0.919686,-1,-1,-1
430,189,358.404,437.572,150.773,314.272,0.909617,-1,-1,-1
430,169,830.747,436.797,61.568,158.558,0.897553,-1,-1,-1
430,194,559.109,434.859,79.409,216.932,0.199784,-1,-1,-1
430,204,414.864,445.225,59.863,154.137,0.256211,-1,-1,-1
430,147,598.652,448.988,56.652,148.922,0.565215,-1,-1,-1
430,72,929.859,449.708,39.440,87.668,0.226753,-1,-1,-1
430,207,457.418,441.526,58.992,151.992,0.794948,-1,-1,-1
430,191,1131.852,409.923,211.721,517.914,0.891743,-1,-1,-1
430,208,1212.361,421.958,145.888,345.299,0.867898,-1,-1,-1
430,180,309.961,454.981,39.376,106.477,0.573752,-1,-1,-1
431,13,1051.652,401.126,246.777,636.235,0.901857,-1,-1,-1
431,100,969.630,411.210,189.669,526.372,0.887546,-1,-1,-1
431,144,723.368,408.635,132.022,321.145,0.940707,-1,-1,-1
431,155,778.243,442.026,71.530,148.212,0.473673,-1,-1,-1
431,160,633.513,436.764,124.609,265.886,0.874928,-1,-1,-1
431,170,515.729,434.228,149.324,318.942,0.927467,-1,-1,-1
431,189,367.347,441.445,144.691,307.305,0.918436,-1,-1,-1
431,169,829.601,434.868,60.339,157.021,0.868397,-1,-1,-1
431,204,413.340,448.199,56.484,145.213,0.175412,-1,-1,-1
431,147,593.272,446.257,54.737,145.992,0.228293,-1,-1,-1
431,72,929.202,445.251,37.227,81.619,0.304275,-1,-1,-1
431,207,454.219,438.790,62.137,161.697,0.781409,-1,-1,-1
431,191,1139.901,410.549,204.196,496.910,0.871955,-1,-1,-1
431,208,1225.209,421.025,134.001,318.187,0.847208,-1,-1,-1
431,180,311.148,454.605,36.892,100.051,0.598905,-1,-1,-1
431,211,1504.281,314.822,409.256,764.716,0.853569,-1,-1,-1
431,56,509.285,442.756,49.266,122.098,0.612621,-1,-1,-1
431,123,1847.193,389.242,94.910,225.224,0.784551,-1,-1,-1
431,142,645.155,442.349,73.136,187.177,0.739218,-1,-1,-1
432,13,1049.548,405.128,241.285,627.716,0.896979,-1,-1,-1
432,100,971.350,412.054,191.480,528.152,0.881332,-1,-1,-1
432,144,726.619,406.378,133.018,323.217,0.934524,-1,-1,-1
432,155,773.140,425.510,80.067,167.789,0.221246,-1,-1,-1
432,160,641.098,432.914,129.579,275.637,0.614188,-1,-1,-1
432,170,523.656,433.242,152.134,321.661,0.931306,-1,-1,-1
432,189,375.230,442.332,141.807,307.553,0.923678,-1,-1,-1
432,169,828.595,433.681,59.608,156.635,0.902816,-1,-1,-1
432,204,412.224,449.774,49.796,129.391,0.285615,-1,-1,-1
432,147,585.566,443.715,62.181,167.610,0.153569,-1,-1,-1
432,72,923.325,445.917,58.698,125.976,0.705772,-1,-1,-1
432,207,456.043,440.419,56.920,149.267,0.754205,-1,-1,-1
432,191,1157.260,410.711,187.949,450.976,0.861712,-1,-1,-1
432,208,1230.494,420.721,135.874,325.654,0.850908,-1,-1,-1
432,180,310.697,454.684,37.332,101.020,0.653237,-1,-1,-1
432,211,1462.624,340.867,396.628,735.304,0.832177,-1,-1,-1
432,212,373.243,454.788,49.007,107.020,0.750381,-1,-1,-1
432,56,514.756,443.698,41.327,102.622,0.651407,-1,-1,-1
432,123,1842.673,433.665,85.690,206.924,0.732180,-1,-1,-1
432,142,646.289,441.476,80.924,203.757,0.844908,-1,-1,-1
433,13,1030.079,402.260,243.832,634.812,0.879465,-1,-1,-1
433,100,976.727,408.593,195.608,534.599,0.882591,-1,-1,-1
433,144,724.490,406.264,133.074,323.800,0.921466,-1,-1,-1
433,155,769.094,421.132,80.611,173.335,0.228040,-1,-1,-1
433,160,647.880,428.860,130.151,277.029,0.787236,-1,-1,-1
433,170,530.579,435.575,152.158,318.635,0.935680,-1,-1,-1
433,189,382.658,445.327,137.941,302.519,0.898416,-1,-1,-1
433,169,827.690,432.491,59.761,158.112,0.910586,-1,-1,-1
433,204,423.643,450.307,48.716,124.459,0.312029,-1,-1,-1
433,147,579.132,443.618,65.607,176.428,0.146555,-1,-1,-1
433,72,918.290,443.095,65.472,140.640,0.635944,-1,-1,-1
433,207,468.494,447.000,39.730,103.043,0.618970,-1,-1,-1
433,191,1165.441,407.360,181.900,428.826,0.876408,-1,-1,-1
433,208,1233.124,420.664,137.642,332.581,0.820423,-1,-1,-1
433,180,309.732,454.356,38.859,104.895,0.657577,-1,-1,-1
433,211,1435.982,300.804,421.573,775.727,0.865133,-1,-1,-1
433,212,374.477,456.264,45.996,100.619,0.762926,-1,-1,-1
433,56,518.757,445.598,35.834,87.380,0.708312,-1,-1,-1
433,123,1836.756,407.582,94.471,235.881,0.369967,-1,-1,-1
433,142,642.620,446.612,77.152,192.034,0.840025,-1,-1,-1
434,13,1051.632,406.884,225.204,586.137,0.829468,-1,-1,-1
434,100,978.099,416.574,192.463,523.163,0.908368,-1,-1,-1
434,144,726.635,409.916,131.398,320.963,0.928203,-1,-1,-1
434,155,761.396,413.132,88.344,189.776,0.157037,-1,-1,-1
434,160,660.073,434.000,123.559,268.829,0.860133,-1,-1,-1
434,170,534.686,438.599,152.941,318.211,0.950978,-1,-1,-1
434,189,390.335,448.006,136.369,302.411,0.907971,-1,-1,-1
434,169,824.816,433.266,59.724,158.546,0.901277,-1,-1,-1
434,147,582.686,442.336,62.708,170.925,0.121956,-1,-1,-1
434,72,915.802,442.747,66.969,145.322,0.546955,-1,-1,-1
434,207,466.127,454.906,31.482,78.224,0.116175,-1,-1,-1
434,191,1169.557,403.086,190.384,445.250,0.850519,-1,-1,-1
434,208,1245.042,418.508,133.492,324.907,0.877865,-1,-1,-1
434,180,310.377,454.682,38.116,103.002,0.703094,-1,-1,-1
434,211,1312.701,295.318,440.730,782.701,0.899180,-1,-1,-1
434,212,375.510,458.051,45.808,100.531,0.744260,-1,-1,-1
434,56,519.930,446.889,32.694,79.132,0.656756,-1,-1,-1
434,123,1831.900,407.046,95.970,243.250,0.532740,-1,-1,-1
434,142,644.167,451.359,74.473,183.532,0.822090,-1,-1,-1
435,13,1082.418,394.942,219.333,556.174,0.835343,-1,-1,-1
435,100,984.488,414.955,187.953,505.561,0.886665,-1,-1,-1
435,144,726.713,410.429,131.140,319.179,0.917043,-1,-1,-1
435,155,759.426,412.162,90.941,193.916,0.203689,-1,-1,-1
435,160,666.379,435.696,119.518,264.581,0.850214,-1,-1,-1
435,170,539.082,439.572,154.509,319.375,0.950830,-1,-1,-1
435,189,394.761,446.557,137.092,303.430,0.930054,-1,-1,-1
435,169,822.734,436.364,59.690,158.327,0.885312,-1,-1,-1
435,147,592.803,444.972,63.313,173.197,0.147406,-1,-1,-1
435,72,916.578,443.240,65.285,141.581,0.519612,-1,-1,-1
435,191,1177.922,403.103,167.875,382.456,0.887254,-1,-1,-1
435,208,1249.836,417.772,131.846,322.280,0.886621,-1,-1,-1
435,180,310.769,454.882,37.672,102.248,0.675363,-1,-1,-1
435,211,1257.593,288.092,461.777,788.474,0.876495,-1,-1,-1
435,212,374.339,457.884,48.035,105.737,0.784814,-1,-1,-1
435,56,519.812,448.710,32.626,77.309,0.715682,-1,-1,-1
435,123,1833.133,434.773,86.027,214.702,0.636310,-1,-1,-1
435,142,641.105,454.527,71.628,176.270,0.791011,-1,-1,-1
436,13,1076.660,388.693,249.840,638.723,0.886227,-1,-1,-1
436,100,979.310,405.437,198.372,535.491,0.850975,-1,-1,-1
436,144,731.360,409.396,129.888,317.333,0.919261,-1,-1,-1
436,155,762.381,411.721,89.938,191.578,0.293821,-1,-1,-1
436,160,668.782,430.236,121.669,274.535,0.883191,-1,-1,-1
436,170,539.647,436.207,156.772,323.589,0.952364,-1,-1,-1
436,189,400.427,436.295,140.288,313.584,0.930800,-1,-1,-1
436,169,821.233,438.536,59.125,156.311,0.872537,-1,-1,-1
436,147,578.154,443.726,72.072,189.765,0.309118,-1,-1,-1
436,72,914.857,442.608,69.156,148.408,0.660780,-1,-1,-1
436,191,1152.325,399.834,204.163,476.088,0.862228,-1,-1,-1
436,208,1246.984,415.334,140.910,350.529,0.787833,-1,-1,-1
436,180,311.006,455.023,36.577,99.330,0.667218,-1,-1,-1
436,211,1207.977,294.505,467.927,781.480,0.872536,-1,-1,-1
436,212,373.614,456.217,50.417,111.451,0.770426,-1,-1,-1
436,56,519.562,448.094,32.900,77.471,0.728038,-1,-1,-1
436,123,1827.714,418.440,92.315,231.190,0.414454,-1,-1,-1
436,142,639.604,454.940,71.701,176.448,0.695920,-1,-1,-1
436,215,525.744,450.278,43.155,79.626,0.622581,-1,-1,-1
437,13,1070.924,387.138,245.617,639.765,0.892429,-1,-1,-1
437,100,980.698,410.893,198.802,538.261,0.891428,-1,-1,-1
437,144,734.981,409.799,128.526,315.088,0.906229,-1,-1,-1
437,155,763.275,413.674,89.985,190.727,0.207600,-1,-1,-1
437,160,677.493,430.225,119.297,275.664,0.894110,-1,-1,-1
437,170,540.176,435.391,157.518,324.176,0.949317,-1,-1,-1
437,189,401.798,444.548,138.450,307.901,0.925481,-1,-1,-1
437,169,819.761,440.314,58.262,153.536,0.880448,-1,-1,-1
437,147,577.760,438.868,71.043,189.728,0.138996,-1,-1,-1
437,72,914.007,443.445,66.632,142.392,0.415500,-1,-1,-1
437,191,1145.402,395.421,229.530,551.196,0.782724,-1,-1,-1
437,180,311.481,454.776,36.553,99.460,0.620395,-1,-1,-1
437,211,1177.104,301.709,470.474,775.067,0.875105,-1,-1,-1
437,212,374.562,455.527,49.796,110.595,0.754718,-1,-1,-1
437,56,520.611,449.931,31.965,75.137,0.774109,-1,-1,-1
437,123,1834.827,419.760,89.567,229.407,0.122721,-1,-1,-1
437,142,638.208,455.927,70.002,173.080,0.724378,-1,-1,-1
437,215,529.717,451.843,40.801,75.490,0.635890,-1,-1,-1
438,13,1070.774,393.576,229.486,609.454,0.882927,-1,-1,-1
438,100,982.089,415.265,200.412,544.497,0.893456,-1,-1,-1
438,144,740.245,409.898,127.146,313.782,0.921189,-1,-1,-1
438,155,755.506,407.725,96.744,206.655,0.178515,-1,-1,-1
438,160,686.121,428.727,119.265,277.865,0.899310,-1,-1,-1
438,170,542.996,436.203,155.559,319.514,0.943603,-1,-1,-1
438,189,408.123,437.224,139.038,311.867,0.915179,-1,-1,-1
438,169,819.124,441.471,58.092,151.985,0.842749,-1,-1,-1
438,147,576.950,442.525,62.595,169.515,0.217465,-1,-1,-1
438,72,917.971,465.637,59.522,122.449,0.445316,-1,-1,-1
438,191,1156.513,395.167,244.218,590.550,0.271520,-1,-1,-1
438,180,312.581,453.794,35.326,96.806,0.653699,-1,-1,-1
438,211,1132.667,311.140,469.349,767.194,0.820622,-1,-1,-1
438,212,375.786,455.987,46.184,102.455,0.692909,-1,-1,-1
438,56,520.334,450.057,31.559,74.626,0.761482,-1,-1,-1
438,123,1836.809,407.083,91.555,240.708,0.297415,-1,-1,-1
438,142,639.044,454.604,69.283,174.234,0.592058,-1,-1,-1
438,215,539.265,450.870,39.774,74.181,0.725239,-1,-1,-1
439,13,1077.207,414.199,208.618,558.817,0.867213,-1,-1,-1
439,100,982.911,412.137,206.403,564.064,0.908373,-1,-1,-1
439,144,747.831,408.814,125.390,311.763,0.902911,-1,-1,-1
439,155,756.554,413.103,94.497,201.807,0.148451,-1,-1,-1
439,160,697.004,430.282,121.740,283.923,0.877096,-1,-1,-1
439,170,545.471,436.192,154.762,317.643,0.942448,-1,-1,-1
439,189,413.785,437.206,136.045,304.658,0.916690,-1,-1,-1
439,169,812.783,440.665,60.375,154.621,0.675011,-1,-1,-1
439,147,564.236,443.150,62.281,166.480,0.284747,-1,-1,-1
439,72,917.864,469.174,59.145,118.904,0.344476,-1,-1,-1
439,180,311.770,451.277,38.986,107.506,0.717568,-1,-1,-1
439,211,1094.778,335.210,458.466,744.268,0.741386,-1,-1,-1
439,212,375.713,454.538,48.468,107.682,0.680219,-1,-1,-1
439,56,518.969,452.294,31.137,74.065,0.681622,-1,-1,-1
439,123,1836.498,433.539,82.048,212.439,0.533945,-1,-1,-1
439,142,661.987,447.200,72.874,184.410,0.640407,-1,-1,-1
439,215,541.260,452.442,39.920,74.698,0.654281,-1,-1,-1
439,217,1000.293,449.902,39.035,83.924,0.645764,-1,-1,-1
440,13,1088.715,413.522,217.627,586.224,0.313602,-1,-1,-1
440,100,989.304,411.800,197.042,537.487,0.911573,-1,-1,-1
440,144,755.222,417.848,120.116,300.977,0.894897,-1,-1,-1
440,155,759.238,423.257,84.925,184.230,0.147311,-1,-1,-1
440,160,702.047,428.650,124.196,288.946,0.892862,-1,-1,-1
440,170,545.314,436.188,154.911,317.585,0.942445,-1,-1,-1
440,189,422.186,437.663,134.595,301.617,0.934276,-1,-1,-1
440,169,801.817,435.017,66.437,165.438,0.417271,-1,-1,-1
440,147,557.654,446.849,61.402,162.744,0.354060,-1,-1,-1
440,72,918.983,471.471,61.434,118.984,0.599492,-1,-1,-1
440,180,312.094,449.589,40.853,112.341,0.626580,-1,-1,-1
440,211,1050.533,347.784,450.290,732.114,0.830202,-1,-1,-1
440,212,367.557,481.943,61.070,130.631,0.802929,-1,-1,-1
440,56,516.887,450.425,32.448,77.700,0.586419,-1,-1,-1
440,123,1837.574,452.934,76.117,193.630,0.584662,-1,-1,-1
440,142,671.573,443.295,69.665,180.635,0.183569,-1,-1,-1
440,215,540.486,453.542,41.242,77.594,0.608866,-1,-1,-1
440,217,1002.378,453.423,37.393,80.272,0.616922,-1,-1,-1
441,100,1010.206,417.013,167.277,437.023,0.786959,-1,-1,-1
441,144,761.401,409.515,120.114,304.064,0.903453,-1,-1,-1
441,155,756.786,436.945,71.385,155.950,0.236709,-1,-1,-1
441,160,707.327,426.751,125.085,288.506,0.928495,-1,-1,-1
441,170,550.704,434.381,154.284,317.866,0.941877,-1,-1,-1
441,189,425.708,438.603,133.228,298.402,0.913498,-1,-1,-1
441,169,794.765,425.309,75.002,184.067,0.147921,-1,-1,-1
441,147,561.619,452.327,61.292,159.736,0.537892,-1,-1,-1
441,72,918.974,477.671,59.147,111.440,0.695455,-1,-1,-1
441,180,311.295,451.529,39.971,110.759,0.715635,-1,-1,-1
441,211,987.568,344.763,447.552,726.894,0.711734,-1,-1,-1
441,212,359.433,493.110,68.146,139.852,0.743291,-1,-1,-1
441,56,512.284,444.782,55.753,134.949,0.614797,-1,-1,-1
441,123,1837.255,455.468,76.381,191.990,0.700354,-1,-1,-1
441,142,676.778,444.473,65.372,172.588,0.159446,-1,-1,-1
441,215,532.359,448.253,61.680,118.652,0.569938,-1,-1,-1
441,217,1002.968,456.070,35.650,76.306,0.560111,-1,-1,-1
441,161,1679.045,425.063,98.621,160.866,0.627024,-1,-1,-1
441,208,1284.279,419.015,143.907,338.872,0.893594,-1,-1,-1
442,100,1019.896,428.052,140.379,348.656,0.642671,-1,-1,-1
442,144,766.628,411.498,115.725,294.645,0.884124,-1,-1,-1
442,155,756.312,442.135,65.889,144.711,0.241456,-1,-1,-1
442,160,711.171,427.715,126.402,288.172,0.930180,-1,-1,-1
442,170,554.746,434.960,151.348,314.720,0.941159,-1,-1,-1
442,189,428.383,439.241,133.322,299.103,0.901558,-1,-1,-1
442,169,795.728,428.155,65.509,161.015,0.126712,-1,-1,-1
442,147,567.005,450.671,53.675,142.982,0.387267,-1,-1,-1
442,72,917.570,479.350,59.331,109.040,0.558808,-1,-1,-1
442,180,311.923,451.465,39.242,109.040,0.663784,-1,-1,-1
442,211,948.290,356.059,437.971,712.700,0.752321,-1,-1,-1
442,212,351.689,497.031,73.704,147.250,0.736761,-1,-1,-1
442,56,512.473,444.624,53.883,134.448,0.452651,-1,-1,-1
442,123,1836.352,451.447,78.831,196.866,0.606795,-1,-1,-1
442,142,683.849,453.589,44.217,115.449,0.655772,-1,-1,-1
442,215,526.611,446.575,74.103,145.024,0.654104,-1,-1,-1
442,217,1005.375,455.598,35.952,76.800,0.554097,-1,-1,-1
442,220,377.804,456.124,45.652,100.110,0.717997,-1,-1,-1
442,161,1679.020,425.682,101.445,160.684,0.495424,-1,-1,-1
442,208,1296.862,423.780,145.865,332.073,0.917993,-1,-1,-1
443,100,1002.467,447.382,125.723,302.417,0.185068,-1,-1,-1
443,144,774.166,425.044,105.821,268.203,0.890541,-1,-1,-1
443,155,751.061,445.136,69.094,152.132,0.133664,-1,-1,-1
443,160,713.960,430.728,126.651,285.196,0.935109,-1,-1,-1
443,170,559.459,433.082,148.780,312.578,0.941943,-1,-1,-1
443,189,435.300,435.566,133.562,302.149,0.914018,-1,-1,-1
443,147,559.951,451.403,55.217,150.519,0.338359,-1,-1,-1
443,72,914.298,474.942,62.489,113.242,0.460520,-1,-1,-1
443,180,312.110,452.298,37.810,105.690,0.699456,-1,-1,-1
443,211,817.762,345.946,462.845,727.376,0.847567,-1,-1,-1
443,212,340.082,501.389,77.456,150.949,0.817575,-1,-1,-1
443,56,516.267,444.769,56.428,143.412,0.491380,-1,-1,-1
443,123,1835.662,460.108,75.101,185.359,0.625700,-1,-1,-1
443,142,687.995,456.845,32.269,82.959,0.625539,-1,-1,-1
443,215,525.428,447.109,79.148,158.530,0.752979,-1,-1,-1
443,217,1003.362,440.837,40.271,86.519,0.126919,-1,-1,-1
443,220,374.966,458.555,51.623,113.457,0.800895,-1,-1,-1
443,161,1677.696,426.969,103.481,160.207,0.563880,-1,-1,-1
443,208,1305.993,428.577,147.486,330.138,0.921198,-1,-1,-1
443,204,412.390,456.481,44.729,114.465,0.694709,-1,-1,-1
443,191,1193.652,427.110,184.210,450.462,0.854022,-1,-1,-1
444,144,769.714,417.907,112.980,288.675,0.888730,-1,-1,-1
444,155,747.117,443.530,65.774,146.827,0.124121,-1,-1,-1
444,160,712.189,430.416,126.812,284.253,0.930806,-1,-1,-1
444,170,568.302,434.691,143.093,305.200,0.930046,-1,-1,-1
444,189,447.990,435.310,130.996,299.732,0.921139,-1,-1,-1
444,147,567.365,447.370,65.283,176.431,0.636734,-1,-1,-1
444,72,919.253,473.731,63.510,113.050,0.436202,-1,-1,-1
444,180,313.080,453.566,34.871,97.582,0.658629,-1,-1,-1
444,211,822.179,349.793,459.081,723.731,0.786646,-1,-1,-1
444,212,333.041,509.703,76.759,145.570,0.702472,-1,-1,-1
444,56,525.309,446.641,54.379,141.654,0.379658,-1,-1,-1
444,123,1835.142,463.548,74.290,181.801,0.666347,-1,-1,-1
444,142,687.353,457.565,28.773,72.386,0.675034,-1,-1,-1
444,215,521.439,445.345,82.182,167.580,0.752017,-1,-1,-1
444,220,374.062,458.126,53.217,117.573,0.830641,-1,-1,-1
444,161,1677.799,427.450,104.473,159.442,0.618350,-1,-1,-1
444,208,1311.059,430.314,149.377,330.764,0.920045,-1,-1,-1
444,221,679.012,456.816,29.750,69.814,0.616633,-1,-1,-1
444,204,411.358,455.309,45.935,117.148,0.829312,-1,-1,-1
444,191,1219.404,428.244,157.214,372.837,0.854058,-1,-1,-1
444,207,461.317,446.072,44.426,112.182,0.699130,-1,-1,-1
444,13,1161.727,421.707,185.576,492.112,0.785975,-1,-1,-1
445,144,771.032,411.174,116.067,297.828,0.886521,-1,-1,-1
445,160,712.288,430.678,125.436,280.134,0.914870,-1,-1,-1
445,170,574.088,432.044,141.570,305.571,0.936752,-1,-1,-1
445,189,454.315,430.603,131.757,302.483,0.935983,-1,-1,-1
445,147,568.828,446.046,58.813,159.805,0.326446,-1,-1,-1
445,72,910.666,450.844,75.061,135.647,0.390284,-1,-1,-1
445,180,313.167,453.348,33.675,94.325,0.619149,-1,-1,-1
445,211,726.169,339.860,486.685,735.256,0.838736,-1,-1,-1
445,212,323.183,509.486,80.299,148.800,0.797568,-1,-1,-1
445,56,529.367,443.130,60.561,159.944,0.546768,-1,-1,-1
445,123,1835.132,464.959,73.964,179.648,0.536991,-1,-1,-1
445,142,687.209,458.277,27.988,69.162,0.631958,-1,-1,-1
445,215,530.926,441.785,82.844,172.311,0.363181,-1,-1,-1
445,220,374.366,457.747,52.949,117.265,0.826460,-1,-1,-1
445,161,1679.502,428.913,104.070,157.504,0.483097,-1,-1,-1
445,208,1313.584,427.061,151.902,337.034,0.915514,-1,-1,-1
445,221,677.315,453.311,31.244,72.936,0.472150,-1,-1,-1
445,204,412.026,455.528,46.280,116.285,0.844257,-1,-1,-1
445,191,1216.869,429.309,157.286,366.732,0.866827,-1,-1,-1
445,207,459.271,444.433,49.151,125.612,0.782249,-1,-1,-1
445,13,1151.333,417.024,188.706,484.837,0.868941,-1,-1,-1
446,144,773.975,412.349,114.971,298.109,0.885621,-1,-1,-1
446,160,715.786,433.332,124.302,275.839,0.923290,-1,-1,-1
446,170,585.196,432.331,138.569,302.952,0.918965,-1,-1,-1
446,189,460.598,427.874,129.930,300.501,0.938142,-1,-1,-1
446,147,568.056,444.034,51.590,141.531,0.301804,-1,-1,-1
446,72,899.235,439.680,82.176,149.406,0.157649,-1,-1,-1
446,180,309.162,449.998,37.717,105.786,0.409025,-1,-1,-1
446,211,690.242,327.991,492.856,745.087,0.776714,-1,-1,-1
446,212,317.196,510.014,81.207,147.120,0.824490,-1,-1,-1
446,56,530.283,441.518,63.513,169.176,0.633458,-1,-1,-1
446,123,1834.621,464.759,74.748,179.636,0.561167,-1,-1,-1
446,142,687.964,456.281,30.399,73.942,0.438972,-1,-1,-1
446,220,373.518,456.726,52.946,117.422,0.762066,-1,-1,-1
446,161,1679.682,430.477,103.170,155.658,0.617494,-1,-1,-1
446,208,1318.142,424.994,152.737,341.173,0.932528,-1,-1,-1
446,221,676.667,448.629,39.139,91.285,0.315884,-1,-1,-1
446,204,410.756,452.832,47.922,118.640,0.825939,-1,-1,-1
446,191,1211.422,437.976,172.225,405.750,0.881448,-1,-1,-1
446,207,460.168,444.882,48.219,123.524,0.775189,-1,-1,-1
446,13,1119.313,402.850,234.295,616.216,0.930882,-1,-1,-1
447,144,783.914,414.385,109.153,285.190,0.846345,-1,-1,-1
447,160,722.877,431.630,126.032,276.489,0.909075,-1,-1,-1
447,170,597.503,431.756,136.201,301.933,0.893891,-1,-1,-1
447,189,465.892,428.124,128.422,300.298,0.946190,-1,-1,-1
447,147,571.883,445.458,40.133,105.975,0.243860,-1,-1,-1
447,180,307.737,451.948,38.895,109.616,0.292413,-1,-1,-1
447,211,580.306,321.652,514.564,755.067,0.891896,-1,-1,-1
447,212,310.907,513.318,80.743,142.671,0.860847,-1,-1,-1
447,56,534.453,439.483,60.840,164.444,0.482108,-1,-1,-1
447,123,1840.659,488.388,66.403,156.268,0.506826,-1,-1,-1
447,142,691.336,451.239,33.021,80.749,0.497174,-1,-1,-1
447,220,374.321,457.472,52.347,116.262,0.778982,-1,-1,-1
447,161,1680.947,429.075,104.087,156.056,0.492357,-1,-1,-1
447,208,1322.789,422.140,152.639,345.154,0.934198,-1,-1,-1
447,221,675.781,439.648,53.174,124.576,0.311268,-1,-1,-1
447,204,409.887,452.112,48.860,119.418,0.817070,-1,-1,-1
447,191,1202.654,429.295,186.744,450.308,0.872579,-1,-1,-1
447,207,462.070,443.807,47.887,122.922,0.780041,-1,-1,-1
447,13,1108.824,398.222,245.825,658.750,0.931948,-1,-1,-1
447,194,593.990,451.944,76.408,200.369,0.658295,-1,-1,-1
447,100,1029.865,416.605,207.466,512.181,0.868962,-1,-1,-1
448,144,789.988,421.675,95.742,252.025,0.378294,-1,-1,-1
448,160,728.656,434.231,123.453,269.534,0.881019,-1,-1,-1
448,170,608.862,432.006,133.518,303.326,0.898740,-1,-1,-1
448,189,468.146,426.834,123.920,290.912,0.928559,-1,-1,-1
448,180,305.357,450.104,38.221,108.133,0.155282,-1,-1,-1
448,211,519.870,318.177,532.766,760.735,0.868457,-1,-1,-1
448,212,299.309,506.718,88.839,156.346,0.838763,-1,-1,-1
448,56,531.483,443.259,62.193,170.303,0.170947,-1,-1,-1
448,123,1843.899,497.689,65.088,151.918,0.310328,-1,-1,-1
448,142,694.349,452.398,32.313,79.220,0.596925,-1,-1,-1
448,220,374.805,457.476,52.145,116.518,0.820862,-1,-1,-1
448,161,1680.208,428.479,105.200,156.032,0.500581,-1,-1,-1
448,208,1326.480,422.089,150.615,344.495,0.940435,-1,-1,-1
448,221,669.169,435.723,63.621,149.830,0.267558,-1,-1,-1
448,204,408.991,453.623,48.682,118.076,0.798054,-1,-1,-1
448,191,1210.753,427.902,175.415,423.104,0.861079,-1,-1,-1
448,207,463.046,442.796,46.242,118.854,0.788417,-1,-1,-1
448,13,1109.430,402.698,246.869,670.876,0.931557,-1,-1,-1
448,223,721.587,452.926,31.238,86.856,0.679132,-1,-1,-1
448,194,592.857,461.616,72.533,183.606,0.777005,-1,-1,-1
448,100,1028.103,411.626,214.118,538.195,0.893482,-1,-1,-1
448,155,724.849,451.180,44.292,100.501,0.603118,-1,-1,-1
449,160,738.830,438.842,121.500,265.630,0.332993,-1,-1,-1
449,170,614.394,432.669,131.981,308.143,0.912327,-1,-1,-1
449,189,474.281,427.794,123.825,291.398,0.927353,-1,-1,-1
449,180,305.076,451.208,39.047,110.455,0.234796,-1,-1,-1
449,211,472.191,315.431,547.479,760.594,0.897707,-1,-1,-1
449,212,290.158,503.900,92.725,162.344,0.812620,-1,-1,-1
449,56,535.863,441.485,55.859,152.327,0.165270,-1,-1,-1
449,123,1849.801,502.562,64.078,149.165,0.149800,-1,-1,-1
449,142,697.190,452.602,31.498,77.757,0.545712,-1,-1,-1
449,220,376.501,459.435,50.544,113.640,0.830548,-1,-1,-1
449,161,1678.273,427.110,107.402,157.528,0.560438,-1,-1,-1
449,208,1332.257,422.799,147.857,341.809,0.936593,-1,-1,-1
449,221,664.428,433.832,69.151,163.872,0.126512,-1,-1,-1
449,204,409.066,454.991,48.176,116.195,0.798957,-1,-1,-1
449,191,1213.816,421.350,163.996,393.610,0.851366,-1,-1,-1
449,207,464.660,445.512,44.159,113.568,0.722319,-1,-1,-1
449,13,1110.840,400.958,246.231,679.185,0.937086,-1,-1,-1
449,223,720.917,454.221,28.811,80.000,0.675541,-1,-1,-1
449,194,593.266,467.198,68.305,170.006,0.857301,-1,-1,-1
449,100,1017.971,408.746,217.323,554.932,0.920163,-1,-1,-1
449,155,723.995,451.263,37.897,87.760,0.449826,-1,-1,-1
449,169,747.633,449.112,54.476,133.612,0.602704,-1,-1,-1
449,217,999.668,449.212,50.979,110.962,0.628399,-1,-1,-1
450,160,742.037,427.229,109.668,244.992,0.101593,-1,-1,-1
450,170,618.835,431.681,128.400,307.255,0.922013,-1,-1,-1
450,189,481.497,430.326,123.333,290.993,0.922564,-1,-1,-1
450,180,305.179,452.085,33.797,93.443,0.213619,-1,-1,-1
450,211,418.830,315.048,561.434,759.076,0.818712,-1,-1,-1
450,212,285.468,511.696,86.203,147.779,0.749641,-1,-1,-1
450,56,535.479,436.802,56.962,155.747,0.142394,-1,-1,-1
450,123,1840.524,474.644,76.058,177.473,0.698925,-1,-1,-1
450,142,699.222,449.297,31.718,78.803,0.589315,-1,-1,-1
450,220,378.107,458.773,50.180,112.924,0.826890,-1,-1,-1
450,161,1677.754,425.681,110.106,160.867,0.499287,-1,-1,-1
450,208,1336.453,420.500,147.310,342.732,0.932816,-1,-1,-1
450,221,668.705,431.082,64.825,154.544,0.245283,-1,-1,-1
450,204,410.230,452.153,49.090,117.933,0.829484,-1,-1,-1
450,191,1221.277,426.033,155.773,371.353,0.866766,-1,-1,-1
450,207,463.781,445.589,42.787,110.442,0.720327,-1,-1,-1
450,13,1118.569,403.452,244.393,679.064,0.927869,-1,-1,-1
450,223,720.534,453.444,28.417,78.721,0.737965,-1,-1,-1
450,194,591.756,469.936,69.851,171.284,0.805734,-1,-1,-1
450,100,1019.800,411.563,216.023,559.812,0.922872,-1,-1,-1
450,155,725.683,451.554,36.840,86.465,0.498627,-1,-1,-1
450,169,743.449,447.383,51.045,126.110,0.208303,-1,-1,-1
450,217,987.886,444.855,60.345,131.728,0.663959,-1,-1,-1
451,170,624.570,432.100,127.530,309.708,0.895005,-1,-1,-1
451,189,486.805,434.643,124.172,292.024,0.930020,-1,-1,-1
451,180,309.385,451.866,35.046,97.205,0.597906,-1,-1,-1
451,211,368.138,319.549,575.284,756.194,0.762644,-1,-1,-1
451,212,274.853,510.626,87.152,148.927,0.862081,-1,-1,-1
451,56,539.880,443.634,52.831,143.746,0.259256,-1,-1,-1
451,123,1842.327,485.873,70.927,162.406,0.585219,-1,-1,-1
451,220,378.047,459.479,50.349,113.494,0.840718,-1,-1,-1
451,161,1677.868,425.070,110.867,161.294,0.521456,-1,-1,-1
451,208,1338.235,417.698,148.139,344.353,0.941323,-1,-1,-1
451,221,674.920,428.595,69.003,167.148,0.326401,-1,-1,-1
451,204,410.607,450.655,49.748,119.441,0.846764,-1,-1,-1
451,191,1220.001,417.300,158.788,371.213,0.838367,-1,-1,-1
451,207,463.755,444.647,43.238,111.494,0.784866,-1,-1,-1
451,13,1128.695,400.711,247.340,680.060,0.925037,-1,-1,-1
451,194,587.947,470.178,74.668,178.784,0.708203,-1,-1,-1
451,100,1025.338,415.338,212.786,556.225,0.928287,-1,-1,-1
451,217,991.761,444.765,48.134,105.610,0.615507,-1,-1,-1
451,226,385.966,454.936,69.446,117.454,0.703894,-1,-1,-1
452,170,639.880,434.732,117.289,282.685,0.700256,-1,-1,-1
452,189,490.564,430.128,127.555,296.941,0.910614,-1,-1,-1
452,180,310.784,453.632,34.789,96.546,0.478565,-1,-1,-1
452,211,342.890,336.972,579.874,739.357,0.869534,-1,-1,-1
452,212,264.960,507.056,90.424,153.554,0.764473,-1,-1,-1
452,56,538.743,440.262,59.252,162.743,0.193883,-1,-1,-1
452,123,1840.932,475.407,75.938,174.687,0.488853,-1,-1,-1
452,220,377.726,458.588,51.229,115.395,0.828429,-1,-1,-1
452,161,1677.970,426.014,111.120,161.040,0.563661,-1,-1,-1
452,208,1345.444,413.330,149.062,349.286,0.956820,-1,-1,-1
452,204,410.471,450.340,49.760,119.401,0.797910,-1,-1,-1
452,191,1221.086,417.525,158.319,364.469,0.846072,-1,-1,-1
452,207,462.532,443.100,44.591,115.097,0.798249,-1,-1,-1
452,13,1118.778,404.102,254.578,678.286,0.906758,-1,-1,-1
452,194,583.672,470.073,76.894,180.272,0.563416,-1,-1,-1
452,100,1031.590,418.439,211.652,553.491,0.914436,-1,-1,-1
452,217,981.719,441.152,57.454,124.097,0.259207,-1,-1,-1
452,226,386.620,455.292,67.741,115.100,0.502460,-1,-1,-1
453,189,493.702,428.810,129.859,298.569,0.910979,-1,-1,-1
453,180,313.198,453.224,34.317,94.886,0.296459,-1,-1,-1
453,211,388.350,342.537,567.423,731.908,0.783265,-1,-1,-1
453,212,259.347,511.008,88.479,147.638,0.855123,-1,-1,-1
453,56,537.225,440.131,60.353,166.071,0.226722,-1,-1,-1
453,123,1843.811,488.423,70.208,159.184,0.437483,-1,-1,-1
453,220,378.001,458.575,51.932,116.664,0.838479,-1,-1,-1
453,161,1677.487,426.701,110.888,159.301,0.601830,-1,-1,-1
453,208,1351.457,412.227,148.940,352.809,0.952079,-1,-1,-1
453,204,410.468,450.717,49.752,119.184,0.781763,-1,-1,-1
453,191,1202.721,416.488,186.089,424.525,0.892880,-1,-1,-1
453,207,462.896,444.486,43.674,113.266,0.718638,-1,-1,-1
453,13,1146.334,412.339,255.796,664.492,0.864964,-1,-1,-1
453,194,579.451,463.242,73.497,173.962,0.680490,-1,-1,-1
453,100,1033.465,419.970,209.999,551.250,0.920587,-1,-1,-1
453,217,975.575,439.857,63.226,133.232,0.220825,-1,-1,-1
453,144,808.136,413.276,90.286,237.010,0.702623,-1,-1,-1
454,189,493.926,426.267,132.716,303.380,0.921834,-1,-1,-1
454,180,313.125,452.419,35.797,99.472,0.443535,-1,-1,-1
454,211,311.928,354.146,576.288,722.215,0.823151,-1,-1,-1
454,212,252.218,510.376,89.447,147.607,0.876813,-1,-1,-1
454,56,529.072,431.425,68.970,187.683,0.120153,-1,-1,-1
454,123,1844.653,502.103,66.298,146.993,0.557645,-1,-1,-1
454,220,376.562,457.877,52.183,116.743,0.829141,-1,-1,-1
454,161,1675.407,427.433,113.246,162.254,0.685708,-1,-1,-1
454,208,1357.744,413.581,147.376,352.663,0.948285,-1,-1,-1
454,204,412.635,452.498,49.024,117.525,0.765336,-1,-1,-1
454,191,1206.580,412.731,188.924,426.262,0.378861,-1,-1,-1
454,207,463.339,447.290,40.466,104.902,0.734364,-1,-1,-1
454,13,1157.256,404.838,264.955,673.011,0.944695,-1,-1,-1
454,194,578.798,458.383,70.527,169.548,0.617254,-1,-1,-1
454,100,1035.737,420.718,207.998,548.196,0.929545,-1,-1,-1
454,217,972.446,439.990,65.083,134.684,0.247701,-1,-1,-1
454,144,802.530,411.434,106.307,285.233,0.902110,-1,-1,-1
454,64,494.734,453.054,44.401,105.535,0.665387,-1,-1,-1
454,72,909.538,444.076,80.352,144.610,0.604180,-1,-1,-1
455,189,499.138,441.896,121.692,277.617,0.834998,-1,-1,-1
455,180,318.339,451.262,40.523,111.886,0.691586,-1,-1,-1
455,211,264.276,365.192,579.934,710.604,0.816157,-1,-1,-1
455,212,244.365,511.263,91.825,150.415,0.866595,-1,-1,-1
455,123,1844.859,508.813,64.704,139.879,0.558312,-1,-1,-1
455,220,376.945,457.804,52.216,116.288,0.813607,-1,-1,-1
455,161,1676.845,426.746,113.102,161.366,0.595508,-1,-1,-1
455,208,1363.449,413.497,147.244,355.915,0.956405,-1,-1,-1
455,204,414.121,455.708,48.076,114.431,0.730704,-1,-1,-1
455,191,1197.417,412.682,198.143,440.140,0.644172,-1,-1,-1
455,207,462.720,449.662,39.182,101.751,0.705107,-1,-1,-1
455,13,1158.980,406.918,268.850,672.385,0.925883,-1,-1,-1
455,194,572.420,444.630,77.491,188.477,0.126614,-1,-1,-1
455,100,1041.879,424.665,204.258,541.361,0.920840,-1,-1,-1
455,217,972.020,439.090,67.437,137.349,0.309988,-1,-1,-1
455,144,801.164,403.508,110.187,302.074,0.884490,-1,-1,-1
455,64,491.498,454.275,42.606,102.017,0.641991,-1,-1,-1
455,72,911.334,443.175,81.924,147.772,0.592394,-1,-1,-1
456,189,506.513,442.708,112.777,259.367,0.104376,-1,-1,-1
456,180,320.368,451.484,39.702,109.333,0.544527,-1,-1,-1
456,211,243.944,372.563,597.305,704.458,0.798172,-1,-1,-1
456,212,239.189,511.426,88.824,142.861,0.733823,-1,-1,-1
456,123,1844.414,508.567,65.824,141.089,0.444725,-1,-1,-1
456,220,377.743,458.689,52.050,115.310,0.808358,-1,-1,-1
456,161,1678.416,426.077,112.009,159.529,0.630276,-1,-1,-1
456,208,1370.708,412.451,147.083,358.802,0.954140,-1,-1,-1
456,204,414.217,456.043,48.190,113.592,0.724637,-1,-1,-1
456,191,1218.600,416.846,189.232,424.838,0.637991,-1,-1,-1
456,207,462.345,448.873,39.995,103.470,0.688749,-1,-1,-1
456,13,1164.067,408.943,272.567,670.751,0.934101,-1,-1,-1
456,100,1045.014,420.961,203.443,544.012,0.921845,-1,-1,-1
456,217,968.853,460.399,62.861,124.522,0.226227,-1,-1,-1
456,144,800.569,400.575,110.828,309.647,0.893115,-1,-1,-1
456,64,490.716,451.781,47.448,112.574,0.448430,-1,-1,-1
456,72,912.433,451.799,77.001,136.559,0.506469,-1,-1,-1
456,160,768.252,424.086,119.634,272.984,0.688958,-1,-1,-1
456,223,727.884,452.350,27.928,77.588,0.610417,-1,-1,-1
457,180,316.396,451.378,38.962,108.054,0.672594,-1,-1,-1
457,211,277.395,382.063,575.352,694.622,0.856181,-1,-1,-1
457,212,233.639,514.007,87.604,138.577,0.805126,-1,-1,-1
457,123,1843.005,506.699,68.076,143.229,0.510035,-1,-1,-1
457,220,378.046,459.659,52.615,115.508,0.855641,-1,-1,-1
457,161,1678.503,424.425,113.166,160.762,0.496107,-1,-1,-1
457,208,1375.526,415.035,147.671,362.169,0.954956,-1,-1,-1
457,204,414.616,455.155,48.926,114.527,0.780131,-1,-1,-1
457,191,1198.369,411.810,202.577,447.863,0.688681,-1,-1,-1
457,207,463.338,448.535,40.821,105.101,0.791889,-1,-1,-1
457,13,1167.147,411.832,271.890,663.005,0.900344,-1,-1,-1
457,100,1052.660,421.378,203.217,545.291,0.910337,-1,-1,-1
457,217,968.462,455.829,64.654,128.676,0.151561,-1,-1,-1
457,144,801.705,401.943,109.529,308.927,0.907870,-1,-1,-1
457,72,913.992,458.064,72.960,128.570,0.308690,-1,-1,-1
457,160,776.945,435.604,77.012,180.460,0.739092,-1,-1,-1
457,223,727.281,448.457,29.820,82.234,0.482781,-1,-1,-1
457,221,668.109,443.606,95.804,236.470,0.789511,-1,-1,-1
458,180,313.996,450.704,40.432,113.047,0.683311,-1,-1,-1
458,211,276.520,376.965,566.306,697.322,0.808897,-1,-1,-1
458,212,222.736,517.013,88.568,137.768,0.851036,-1,-1,-1
458,123,1845.081,507.487,66.863,140.195,0.454849,-1,-1,-1
458,220,377.970,460.302,52.912,115.080,0.839148,-1,-1,-1
458,161,1678.735,425.748,112.188,159.031,0.584373,-1,-1,-1
458,208,1379.753,414.476,150.913,370.680,0.954627,-1,-1,-1
458,204,413.806,456.120,48.962,113.750,0.758146,-1,-1,-1
458,191,1217.129,409.436,198.545,447.995,0.546533,-1,-1,-1
458,13,1169.342,404.300,280.223,674.223,0.934458,-1,-1,-1
458,100,1060.815,415.959,205.385,552.378,0.917353,-1,-1,-1
458,217,965.023,462.958,64.185,124.607,0.157523,-1,-1,-1
458,144,805.506,406.164,106.845,303.692,0.912516,-1,-1,-1
458,72,912.402,450.032,75.995,135.131,0.216689,-1,-1,-1
458,160,773.019,436.476,97.936,236.207,0.623350,-1,-1,-1
458,223,728.552,442.425,35.406,97.152,0.195990,-1,-1,-1
458,227,779.076,441.968,46.360,130.560,0.716353,-1,-1,-1
458,221,662.227,446.748,100.452,245.545,0.163234,-1,-1,-1
458,170,662.281,434.964,128.736,301.944,0.914577,-1,-1,-1
459,180,314.088,448.592,41.598,116.103,0.724085,-1,-1,-1
459,211,264.692,378.449,553.327,696.873,0.858404,-1,-1,-1
459,212,212.425,517.946,91.283,139.864,0.801147,-1,-1,-1
459,123,1845.810,505.948,67.201,140.224,0.463009,-1,-1,-1
459,220,378.067,458.630,53.135,114.275,0.839604,-1,-1,-1
459,161,1677.941,425.572,112.610,159.167,0.668154,-1,-1,-1
459,208,1387.105,417.790,151.142,369.143,0.959840,-1,-1,-1
459,204,410.808,461.889,46.559,106.937,0.364176,-1,-1,-1
459,191,1206.883,403.943,221.271,500.121,0.536896,-1,-1,-1
459,13,1173.644,399.644,283.760,674.359,0.934713,-1,-1,-1
459,100,1064.378,415.555,203.893,554.004,0.937036,-1,-1,-1
459,217,969.408,470.024,65.234,119.120,0.143132,-1,-1,-1
459,144,807.069,405.860,106.275,302.481,0.921214,-1,-1,-1
459,72,899.848,445.691,79.459,141.440,0.169033,-1,-1,-1
459,160,775.305,437.271,100.418,247.789,0.547021,-1,-1,-1
459,227,783.637,441.752,51.742,145.604,0.741361,-1,-1,-1
459,170,661.376,435.179,133.083,306.243,0.922689,-1,-1,-1
460,180,314.030,448.573,41.805,116.298,0.561928,-1,-1,-1
460,211,281.597,367.322,588.152,708.828,0.792956,-1,-1,-1
460,212,207.540,520.510,87.096,129.798,0.669643,-1,-1,-1
460,123,1841.133,499.183,72.800,150.081,0.358115,-1,-1,-1
460,220,378.349,461.630,51.295,109.393,0.119040,-1,-1,-1
460,161,1678.311,425.764,112.369,158.710,0.599584,-1,-1,-1
460,208,1400.288,421.571,154.859,370.198,0.957246,-1,-1,-1
460,191,1207.602,405.373,226.682,519.365,0.894213,-1,-1,-1
460,13,1206.467,586.584,225.954,489.706,0.345424,-1,-1,-1
460,100,1067.352,415.678,200.652,553.740,0.942071,-1,-1,-1
460,217,966.663,465.803,67.089,122.266,0.199932,-1,-1,-1
460,144,809.377,407.259,105.114,298.947,0.900823,-1,-1,-1
460,72,905.999,442.028,80.543,147.094,0.480035,-1,-1,-1
460,160,778.059,437.513,101.803,256.187,0.375725,-1,-1,-1
460,227,780.891,440.635,51.418,144.755,0.654980,-1,-1,-1
460,170,662.705,435.220,134.237,304.762,0.935592,-1,-1,-1
460,194,573.181,434.481,66.827,159.503,0.768463,-1,-1,-1
461,180,313.123,449.617,41.472,116.069,0.577593,-1,-1,-1
461,211,216.096,362.073,578.235,713.589,0.818979,-1,-1,-1
461,212,201.144,523.996,87.291,127.802,0.842334,-1,-1,-1
461,123,1841.637,491.443,75.082,155.406,0.407597,-1,-1,-1
461,161,1678.400,427.538,111.641,157.426,0.710852,-1,-1,-1
461,208,1407.114,423.138,156.874,368.885,0.955678,-1,-1,-1
461,191,1184.334,401.369,273.856,620.675,0.943867,-1,-1,-1
461,100,1073.033,418.539,198.506,552.747,0.938229,-1,-1,-1
461,217,962.923,464.373,67.724,123.443,0.173760,-1,-1,-1
461,144,806.876,403.240,107.572,302.041,0.931671,-1,-1,-1
461,72,909.356,440.235,81.921,151.049,0.395200,-1,-1,-1
461,227,777.716,440.269,52.126,146.478,0.821462,-1,-1,-1
461,170,663.538,433.804,135.590,304.702,0.946340,-1,-1,-1
461,194,579.604,436.022,64.906,156.587,0.260243,-1,-1,-1
461,189,542.870,432.142,123.534,294.113,0.818926,-1,-1,-1
462,180,311.892,448.650,41.164,116.849,0.598497,-1,-1,-1
462,211,190.250,357.739,573.814,718.191,0.877015,-1,-1,-1
462,212,185.348,521.371,94.838,137.069,0.771067,-1,-1,-1
462,123,1838.011,497.468,73.364,150.583,0.486767,-1,-1,-1
462,161,1679.241,427.773,111.676,157.511,0.677785,-1,-1,-1
462,208,1409.937,424.776,159.096,369.385,0.950101,-1,-1,-1
462,191,1171.740,399.916,294.396,661.174,0.908414,-1,-1,-1
462,100,1079.829,415.352,201.525,561.535,0.928324,-1,-1,-1
462,217,962.358,465.938,62.278,113.949,0.269293,-1,-1,-1
462,144,806.006,403.692,108.968,302.186,0.936269,-1,-1,-1
462,72,915.504,457.029,72.126,130.310,0.477241,-1,-1,-1
462,227,774.674,439.111,53.039,148.515,0.871909,-1,-1,-1
462,170,663.538,431.201,137.480,308.370,0.954362,-1,-1,-1
462,189,547.961,429.096,118.778,286.889,0.888209,-1,-1,-1
462,56,543.860,442.692,53.263,141.948,0.636927,-1,-1,-1
462,13,1222.280,435.744,226.222,493.612,0.693625,-1,-1,-1
463,211,127.263,347.354,573.849,723.893,0.821394,-1,-1,-1
463,212,172.743,520.292,100.753,144.296,0.738257,-1,-1,-1
463,123,1836.506,500.584,73.271,148.618,0.536252,-1,-1,-1
463,161,1677.549,428.780,112.712,159.310,0.681671,-1,-1,-1
463,208,1411.109,424.033,162.634,374.176,0.948346,-1,-1,-1
463,191,1168.408,399.842,302.961,676.269,0.941571,-1,-1,-1
463,100,1084.186,414.803,202.213,563.403,0.937311,-1,-1,-1
463,217,964.309,465.853,59.274,108.976,0.231890,-1,-1,-1
463,144,806.285,401.505,110.587,303.920,0.942681,-1,-1,-1
463,72,916.770,466.038,66.938,119.274,0.423622,-1,-1,-1
463,227,773.674,437.335,53.999,150.789,0.885500,-1,-1,-1
463,170,666.876,428.622,137.064,309.074,0.942211,-1,-1,-1
463,189,559.135,426.020,113.596,281.111,0.888324,-1,-1,-1
463,230,1046.020,438.118,45.279,128.646,0.652054,-1,-1,-1
463,56,538.461,443.911,71.314,191.156,0.763001,-1,-1,-1
463,13,1229.050,411.835,228.351,502.462,0.325070,-1,-1,-1
463,64,516.525,441.013,56.589,138.725,0.710614,-1,-1,-1
464,211,94.872,343.163,578.244,729.903,0.812911,-1,-1,-1
464,212,162.152,516.358,105.504,151.107,0.841089,-1,-1,-1
464,123,1836.346,500.433,74.406,149.175,0.524015,-1,-1,-1
464,161,1675.194,430.902,117.037,166.616,0.713185,-1,-1,-1
464,208,1415.448,427.487,162.372,372.709,0.954875,-1,-1,-1
464,191,1167.840,395.938,309.956,688.539,0.946352,-1,-1,-1
464,100,1088.514,411.573,203.191,566.217,0.940634,-1,-1,-1
464,217,963.853,470.118,57.564,106.459,0.308866,-1,-1,-1
464,144,808.173,401.775,111.911,304.726,0.948724,-1,-1,-1
464,72,917.356,468.587,65.599,115.348,0.441886,-1,-1,-1
464,227,771.689,434.390,54.096,150.339,0.885852,-1,-1,-1
464,170,672.035,431.589,134.352,305.089,0.944208,-1,-1,-1
464,189,560.175,427.618,112.025,279.491,0.908369,-1,-1,-1
464,230,1038.604,435.728,50.305,142.567,0.702516,-1,-1,-1
464,56,549.975,447.908,60.401,160.589,0.627623,-1,-1,-1
464,13,1238.156,400.672,225.653,499.408,0.547142,-1,-1,-1
464,64,512.059,438.590,68.473,169.368,0.691393,-1,-1,-1
464,169,669.692,462.697,30.807,74.261,0.610415,-1,-1,-1
464,207,464.190,445.504,39.924,102.831,0.695409,-1,-1,-1
465,211,72.663,347.345,567.687,728.037,0.892952,-1,-1,-1
465,212,139.433,512.831,120.314,174.965,0.388045,-1,-1,-1
465,123,1836.930,504.659,72.184,143.145,0.594198,-1,-1,-1
465,161,1674.647,432.812,119.403,171.839,0.511689,-1,-1,-1
465,208,1418.917,423.887,165.323,378.632,0.955651,-1,-1,-1
465,191,1174.415,393.070,310.618,689.486,0.941911,-1,-1,-1
465,100,1089.393,409.906,205.064,574.891,0.936074,-1,-1,-1
465,217,962.989,473.842,58.941,107.622,0.258682,-1,-1,-1
465,144,810.936,403.133,111.445,302.804,0.945458,-1,-1,-1
465,72,917.423,468.034,66.562,115.383,0.397601,-1,-1,-1
465,227,770.464,433.073,55.200,152.470,0.862285,-1,-1,-1
465,170,674.317,431.458,133.182,305.270,0.937077,-1,-1,-1
465,189,563.220,427.196,112.000,281.379,0.895769,-1,-1,-1
465,230,1034.795,432.786,53.588,151.375,0.637099,-1,-1,-1
465,56,521.848,438.587,74.861,196.663,0.739313,-1,-1,-1
465,13,1239.423,392.108,243.050,548.298,0.134828,-1,-1,-1
465,64,511.951,439.424,67.857,165.805,0.671218,-1,-1,-1
465,169,669.542,464.201,33.184,79.813,0.661644,-1,-1,-1
465,207,462.815,445.044,42.350,109.061,0.729561,-1,-1,-1
465,155,678.847,466.655,35.910,83.284,0.611510,-1,-1,-1
466,211,51.409,355.151,551.874,714.835,0.896612,-1,-1,-1
466,212,124.471,514.967,146.092,216.983,0.131103,-1,-1,-1
466,123,1837.249,503.820,73.435,144.601,0.597057,-1,-1,-1
466,161,1672.008,432.796,128.381,188.726,0.642163,-1,-1,-1
466,208,1422.839,418.786,167.672,386.250,0.952670,-1,-1,-1
466,191,1182.943,393.171,309.796,693.358,0.937135,-1,-1,-1
466,100,1088.817,414.990,202.163,573.327,0.939961,-1,-1,-1
466,217,964.083,472.021,60.693,110.223,0.208309,-1,-1,-1
466,144,815.709,406.230,110.091,299.944,0.935496,-1,-1,-1
466,72,915.571,465.541,68.810,117.711,0.489237,-1,-1,-1
466,227,767.657,439.418,55.410,152.402,0.779221,-1,-1,-1
466,170,678.036,427.133,134.189,309.228,0.931732,-1,-1,-1
466,189,563.227,424.951,112.945,284.204,0.919792,-1,-1,-1
466,230,1033.307,431.220,54.549,153.590,0.739908,-1,-1,-1
466,56,512.686,443.705,78.832,200.648,0.752036,-1,-1,-1
466,13,1253.234,395.038,231.850,528.863,0.633724,-1,-1,-1
466,169,670.082,469.264,29.645,69.640,0.574017,-1,-1,-1
466,207,460.048,444.730,46.600,121.073,0.713423,-1,-1,-1
466,155,679.900,470.425,31.767,71.896,0.590992,-1,-1,-1
466,226,394.532,453.717,71.207,124.727,0.632746,-1,-1,-1
466,204,419.809,477.068,70.219,152.895,0.615308,-1,-1,-1
467,211,50.028,362.481,538.757,709.533,0.928029,-1,-1,-1
467,123,1839.778,505.183,73.076,143.137,0.468451,-1,-1,-1
467,161,1674.884,431.578,124.191,185.106,0.500194,-1,-1,-1
467,208,1430.683,414.049,166.918,389.162,0.952726,-1,-1,-1
467,191,1194.135,391.827,306.344,694.770,0.938943,-1,-1,-1
467,100,1090.206,418.231,199.568,573.557,0.934512,-1,-1,-1
467,217,960.512,465.075,65.056,119.327,0.226747,-1,-1,-1
467,144,819.960,407.058,108.790,300.273,0.941150,-1,-1,-1
467,72,916.705,468.131,68.628,115.429,0.484081,-1,-1,-1
467,227,769.792,447.008,52.164,143.183,0.331819,-1,-1,-1
467,170,684.708,424.704,133.687,308.473,0.934512,-1,-1,-1
467,189,567.740,425.097,111.422,283.422,0.922551,-1,-1,-1
467,230,1044.797,436.100,48.530,137.175,0.679976,-1,-1,-1
467,56,508.014,456.710,76.319,189.897,0.860553,-1,-1,-1
467,13,1252.493,407.063,212.625,492.431,0.226661,-1,-1,-1
467,169,669.689,470.742,28.472,65.804,0.531221,-1,-1,-1
467,207,459.299,446.026,48.028,125.770,0.673836,-1,-1,-1
467,155,680.413,472.755,29.599,65.356,0.546327,-1,-1,-1
467,235,1085.312,426.638,68.334,165.776,0.823698,-1,-1,-1
467,236,-7.735,638.200,339.369,438.118,0.654539,-1,-1,-1
467,226,400.746,456.080,66.291,120.286,0.650655,-1,-1,-1
467,204,425.773,486.413,69.331,147.822,0.795011,-1,-1,-1
468,211,21.171,373.614,526.427,699.680,0.921381,-1,-1,-1
468,123,1833.742,489.835,81.439,159.239,0.291423,-1,-1,-1
468,161,1677.508,427.571,114.869,170.668,0.609342,-1,-1,-1
468,208,1441.806,414.659,164.039,388.695,0.930769,-1,-1,-1
468,191,1209.448,391.390,302.282,695.709,0.947594,-1,-1,-1
468,100,1097.928,419.657,197.891,572.971,0.946888,-1,-1,-1
468,217,960.070,462.468,62.496,116.178,0.352610,-1,-1,-1
468,144,823.160,408.844,106.738,298.642,0.942547,-1,-1,-1
468,72,916.728,467.079,70.120,116.901,0.477122,-1,-1,-1
468,227,759.821,440.527,60.431,164.839,0.152370,-1,-1,-1
468,170,688.920,426.880,132.912,307.495,0.934119,-1,-1,-1
468,189,570.594,427.919,109.369,279.488,0.943336,-1,-1,-1
468,230,1047.809,436.923,49.950,141.233,0.702003,-1,-1,-1
468,56,496.376,451.448,79.370,196.452,0.855909,-1,-1,-1
468,13,1240.443,415.718,202.528,478.549,0.343334,-1,-1,-1
468,169,666.567,466.465,28.297,64.905,0.512688,-1,-1,-1
468,207,459.231,445.416,46.105,120.655,0.588272,-1,-1,-1
468,155,685.928,468.464,28.407,62.159,0.606128,-1,-1,-1
468,235,1088.019,432.859,65.608,159.117,0.843241,-1,-1,-1
468,236,-34.644,616.274,354.572,459.889,0.754339,-1,-1,-1
468,226,405.695,457.149,58.858,109.625,0.466815,-1,-1,-1
468,204,424.807,493.733,66.205,138.139,0.635988,-1,-1,-1
468,220,377.131,464.700,49.543,106.235,0.650877,-1,-1,-1
469,211,-4.852,382.476,519.287,691.807,0.904903,-1,-1,-1
469,123,1835.429,478.380,86.432,171.577,0.224326,-1,-1,-1
469,161,1676.577,425.388,112.860,167.309,0.634567,-1,-1,-1
469,208,1451.625,411.869,162.480,392.147,0.946585,-1,-1,-1
469,191,1228.273,399.370,294.976,685.533,0.933941,-1,-1,-1
469,100,1102.879,421.510,195.450,569.449,0.941551,-1,-1,-1
469,217,959.462,464.979,62.242,117.063,0.437975,-1,-1,-1
469,144,825.813,407.262,105.650,299.719,0.937816,-1,-1,-1
469,72,913.029,462.673,72.575,120.783,0.434804,-1,-1,-1
469,227,756.203,438.111,63.691,171.628,0.134695,-1,-1,-1
469,170,694.547,427.906,130.951,304.297,0.925919,-1,-1,-1
469,189,574.406,430.243,107.242,275.415,0.931533,-1,-1,-1
469,230,1041.946,435.145,52.237,146.106,0.740254,-1,-1,-1
469,56,494.443,459.611,76.756,188.802,0.820800,-1,-1,-1
469,13,1233.480,424.801,198.746,480.635,0.476372,-1,-1,-1
469,169,666.180,465.901,27.810,63.632,0.485573,-1,-1,-1
469,207,460.621,446.137,43.844,114.747,0.584876,-1,-1,-1
469,155,683.088,460.185,32.254,71.882,0.214355,-1,-1,-1
469,235,1085.713,429.571,67.649,163.714,0.864598,-1,-1,-1
469,236,-45.417,650.889,325.711,426.049,0.718382,-1,-1,-1
469,226,408.031,457.478,56.287,107.268,0.427935,-1,-1,-1
469,204,421.887,494.876,67.680,139.277,0.791684,-1,-1,-1
469,220,377.489,464.997,48.605,105.190,0.690412,-1,-1,-1
469,194,569.324,453.449,36.497,89.862,0.625371,-1,-1,-1
470,211,-20.309,384.937,510.972,689.072,0.956687,-1,-1,-1
470,123,1840.678,483.021,83.324,167.831,0.132122,-1,-1,-1
470,161,1678.683,425.584,110.538,163.131,0.584532,-1,-1,-1
470,208,1460.065,406.873,161.096,396.740,0.951762,-1,-1,-1
470,191,1244.310,396.070,292.244,688.151,0.944679,-1,-1,-1
470,100,1105.474,416.767,198.070,582.571,0.942954,-1,-1,-1
470,217,960.751,466.798,60.731,115.531,0.375082,-1,-1,-1
470,144,826.786,409.395,104.089,297.396,0.941293,-1,-1,-1
470,72,914.011,462.055,72.730,121.316,0.342092,-1,-1,-1
470,227,751.143,436.451,72.754,195.153,0.136693,-1,-1,-1
470,170,702.186,429.908,128.735,299.825,0.938822,-1,-1,-1
470,189,577.949,429.539,106.853,276.341,0.940217,-1,-1,-1
470,230,1042.136,433.852,51.333,143.806,0.681843,-1,-1,-1
470,56,485.704,461.837,76.901,185.590,0.859691,-1,-1,-1
470,13,1243.389,410.566,203.108,497.712,0.758776,-1,-1,-1
470,207,460.464,447.590,42.820,112.053,0.607535,-1,-1,-1
470,155,689.513,464.315,29.834,65.095,0.612270,-1,-1,-1
470,235,1086.972,427.314,68.260,165.542,0.849478,-1,-1,-1
470,236,-53.461,672.996,303.726,402.703,0.694296,-1,-1,-1
470,226,408.997,460.398,52.959,102.237,0.431346,-1,-1,-1
470,204,416.536,494.226,70.540,144.076,0.810933,-1,-1,-1
470,220,376.848,463.556,48.477,105.402,0.685922,-1,-1,-1
470,194,565.091,454.521,34.672,86.340,0.708648,-1,-1,-1
470,180,311.965,451.137,38.192,108.219,0.645205,-1,-1,-1
471,211,-16.816,386.447,509.518,688.031,0.922507,-1,-1,-1
471,123,1822.549,418.827,114.455,239.704,0.604457,-1,-1,-1
471,161,1679.020,426.529,109.618,160.784,0.523557,-1,-1,-1
471,208,1468.635,407.056,158.153,396.472,0.953038,-1,-1,-1
471,191,1263.780,397.101,286.303,685.719,0.948676,-1,-1,-1
471,100,1111.848,415.640,198.733,588.867,0.944043,-1,-1,-1
471,217,961.526,469.952,58.352,112.295,0.314310,-1,-1,-1
471,144,829.739,410.799,101.701,292.326,0.933637,-1,-1,-1
471,72,915.257,461.068,73.519,123.396,0.387242,-1,-1,-1
471,170,710.028,429.262,130.296,300.466,0.951175,-1,-1,-1
471,189,579.358,430.164,107.507,277.533,0.932187,-1,-1,-1
471,230,1040.354,434.598,50.399,140.764,0.550250,-1,-1,-1
471,56,477.851,466.394,77.483,183.677,0.843118,-1,-1,-1
471,13,1244.295,418.108,200.363,495.767,0.855860,-1,-1,-1
471,207,459.609,448.924,44.079,114.768,0.618691,-1,-1,-1
471,155,686.490,464.119,31.030,66.793,0.602712,-1,-1,-1
471,235,1084.379,437.686,64.750,155.986,0.827167,-1,-1,-1
471,226,407.696,461.399,61.728,119.060,0.617724,-1,-1,-1
471,204,408.948,486.646,76.461,156.084,0.817439,-1,-1,-1
471,220,376.899,462.294,48.788,106.485,0.655178,-1,-1,-1
471,194,566.823,454.921,33.343,83.862,0.664323,-1,-1,-1
471,180,311.181,449.792,40.222,112.283,0.581582,-1,-1,-1
472,211,-38.997,389.208,498.869,685.220,0.963724,-1,-1,-1
472,123,1817.969,396.864,119.852,259.178,0.662253,-1,-1,-1
472,161,1677.698,426.517,110.081,160.113,0.580994,-1,-1,-1
472,208,1475.529,404.934,155.439,395.630,0.937770,-1,-1,-1
472,191,1272.507,396.551,284.148,686.949,0.929172,-1,-1,-1
472,100,1118.345,415.415,197.568,592.562,0.943985,-1,-1,-1
472,217,964.154,467.053,59.135,114.124,0.213107,-1,-1,-1
472,144,832.218,408.800,101.652,293.040,0.939941,-1,-1,-1
472,72,910.128,446.261,82.762,141.208,0.572954,-1,-1,-1
472,170,715.147,426.769,132.346,303.262,0.950161,-1,-1,-1
472,189,581.877,428.455,107.830,277.558,0.936870,-1,-1,-1
472,230,1045.340,435.935,47.669,133.577,0.604673,-1,-1,-1
472,56,469.733,467.699,77.243,178.914,0.855821,-1,-1,-1
472,13,1249.750,407.972,205.734,514.401,0.853713,-1,-1,-1
472,207,458.963,447.189,44.178,115.057,0.671735,-1,-1,-1
472,155,689.146,464.524,30.458,64.825,0.689744,-1,-1,-1
472,235,1082.819,440.596,64.300,153.633,0.858689,-1,-1,-1
472,226,406.369,458.005,63.008,123.359,0.593011,-1,-1,-1
472,204,403.495,482.553,76.809,158.596,0.719704,-1,-1,-1
472,220,375.353,460.126,48.898,107.488,0.681343,-1,-1,-1
472,194,565.110,455.755,30.366,77.272,0.720049,-1,-1,-1
472,180,310.728,449.661,41.202,113.958,0.543084,-1,-1,-1
472,64,554.642,452.464,32.932,80.646,0.674475,-1,-1,-1
473,211,-40.056,397.133,487.318,678.165,0.950875,-1,-1,-1
473,123,1816.661,384.430,122.537,274.335,0.487815,-1,-1,-1
473,161,1677.844,428.273,109.183,157.637,0.475970,-1,-1,-1
473,208,1481.754,402.910,153.869,397.046,0.928645,-1,-1,-1
473,191,1287.967,396.166,277.908,685.331,0.926910,-1,-1,-1
473,100,1124.305,415.091,195.186,591.994,0.943502,-1,-1,-1
473,217,963.857,467.016,59.604,114.854,0.241530,-1,-1,-1
473,144,834.505,411.331,100.625,289.776,0.932755,-1,-1,-1
473,72,916.930,458.962,73.695,126.452,0.316249,-1,-1,-1
473,170,719.489,429.003,133.004,302.294,0.944414,-1,-1,-1
473,189,583.694,427.919,108.187,277.772,0.935508,-1,-1,-1
473,230,1049.066,434.152,43.766,123.203,0.624681,-1,-1,-1
473,56,456.709,469.206,81.416,183.287,0.890896,-1,-1,-1
473,13,1255.630,405.336,206.565,521.779,0.857185,-1,-1,-1
473,207,455.935,446.263,45.275,116.686,0.598453,-1,-1,-1
473,155,690.025,463.701,30.095,64.249,0.700876,-1,-1,-1
473,235,1081.356,434.855,66.597,158.403,0.864501,-1,-1,-1
473,226,404.492,458.547,61.737,120.633,0.352448,-1,-1,-1
473,204,396.895,483.344,77.931,159.873,0.798078,-1,-1,-1
473,220,376.014,460.735,47.512,104.807,0.653250,-1,-1,-1
473,194,565.576,456.270,28.969,74.192,0.721730,-1,-1,-1
473,180,309.337,448.808,43.360,119.191,0.709494,-1,-1,-1
473,238,681.079,461.422,33.257,69.372,0.704485,-1,-1,-1
473,64,555.876,453.067,30.237,74.416,0.722894,-1,-1,-1
474,211,-46.087,398.283,478.304,677.572,0.926365,-1,-1,-1
474,123,1818.399,380.560,119.176,275.057,0.639286,-1,-1,-1
474,161,1678.543,429.794,107.853,154.638,0.475419,-1,-1,-1
474,208,1489.215,402.789,153.423,399.058,0.949118,-1,-1,-1
474,191,1301.144,393.482,273.686,686.863,0.936907,-1,-1,-1
474,100,1128.604,412.864,193.839,592.322,0.941192,-1,-1,-1
474,217,959.780,465.048,56.615,110.177,0.217075,-1,-1,-1
474,144,836.218,410.689,100.480,288.717,0.920309,-1,-1,-1
474,72,922.879,463.836,67.944,117.868,0.331507,-1,-1,-1
474,170,722.474,429.616,133.402,301.205,0.940841,-1,-1,-1
474,189,585.771,426.855,108.944,279.210,0.925511,-1,-1,-1
474,230,1051.128,435.836,40.429,113.842,0.593993,-1,-1,-1
474,56,452.155,471.762,81.807,179.247,0.901279,-1,-1,-1
474,13,1260.044,404.505,205.286,524.268,0.858681,-1,-1,-1
474,207,460.258,451.911,39.707,101.131,0.389476,-1,-1,-1
474,155,689.699,462.684,30.043,64.337,0.687385,-1,-1,-1
474,235,1082.544,435.207,66.664,158.339,0.876406,-1,-1,-1
474,204,388.170,471.680,83.278,171.434,0.799152,-1,-1,-1
474,220,379.278,462.619,42.559,92.723,0.517129,-1,-1,-1
474,194,566.262,455.598,28.747,73.421,0.748226,-1,-1,-1
474,180,309.337,450.115,42.912,118.346,0.692894,-1,-1,-1
474,238,680.142,461.289,32.838,68.569,0.668209,-1,-1,-1
474,64,554.896,452.581,29.974,74.169,0.684837,-1,-1,-1
474,239,523.900,454.572,33.991,74.498,0.716998,-1,-1,-1
474,240,712.527,455.418,31.819,75.266,0.737104,-1,-1,-1
475,211,-42.503,400.133,469.171,674.616,0.850043,-1,-1,-1
475,123,1818.921,379.454,117.533,279.266,0.654099,-1,-1,-1
475,161,1679.288,428.748,108.944,155.388,0.383729,-1,-1,-1
475,208,1496.498,402.887,152.972,400.462,0.950725,-1,-1,-1
475,191,1305.368,390.036,270.907,688.365,0.938223,-1,-1,-1
475,100,1133.429,410.854,192.353,592.196,0.944412,-1,-1,-1
475,217,961.710,452.403,62.669,123.428,0.232256,-1,-1,-1
475,144,839.875,410.622,101.082,287.900,0.893527,-1,-1,-1
475,72,917.816,453.400,75.254,132.597,0.529574,-1,-1,-1
475,170,729.184,431.182,132.678,299.055,0.925215,-1,-1,-1
475,189,588.605,437.557,106.105,269.136,0.918179,-1,-1,-1
475,230,1053.177,438.595,36.921,103.831,0.499768,-1,-1,-1
475,56,440.863,468.287,89.014,191.468,0.907175,-1,-1,-1
475,13,1269.909,404.356,203.705,527.998,0.858309,-1,-1,-1
475,207,463.345,448.292,38.338,97.527,0.357733,-1,-1,-1
475,155,688.909,461.741,30.830,66.190,0.710993,-1,-1,-1
475,235,1083.373,429.990,67.993,162.208,0.860669,-1,-1,-1
475,204,380.247,468.267,86.392,177.472,0.740722,-1,-1,-1
475,220,379.379,462.592,41.960,90.133,0.406387,-1,-1,-1
475,194,564.735,452.144,29.653,75.364,0.772742,-1,-1,-1
475,180,309.897,450.007,41.944,116.113,0.436502,-1,-1,-1
475,238,677.111,460.470,32.562,68.246,0.623895,-1,-1,-1
475,64,556.350,450.350,30.651,76.491,0.730356,-1,-1,-1
475,239,526.116,452.411,35.120,77.114,0.790194,-1,-1,-1
475,240,712.647,455.096,33.092,78.346,0.707338,-1,-1,-1
475,242,536.520,448.358,31.370,77.596,0.680960,-1,-1,-1
475,160,872.885,427.616,104.368,261.333,0.791878,-1,-1,-1
476,211,-53.118,391.532,465.089,684.551,0.935212,-1,-1,-1
476,123,1821.326,389.602,110.295,266.395,0.674572,-1,-1,-1
476,161,1676.972,428.713,110.339,156.487,0.592654,-1,-1,-1
476,208,1507.564,405.081,154.832,403.113,0.934975,-1,-1,-1
476,191,1304.277,383.129,270.359,692.762,0.921236,-1,-1,-1
476,100,1141.326,413.140,191.897,594.457,0.943405,-1,-1,-1
476,217,960.546,447.486,65.516,130.021,0.243768,-1,-1,-1
476,144,839.574,408.284,102.532,289.013,0.884351,-1,-1,-1
476,72,919.358,449.887,74.987,134.039,0.441853,-1,-1,-1
476,170,732.954,431.134,131.797,297.847,0.934275,-1,-1,-1
476,189,594.215,443.831,104.587,262.479,0.923024,-1,-1,-1
476,230,1056.370,437.841,36.906,103.775,0.661976,-1,-1,-1
476,56,435.053,468.468,90.878,192.450,0.885249,-1,-1,-1
476,13,1281.059,406.690,198.202,520.791,0.851342,-1,-1,-1
476,207,462.318,448.750,38.861,95.334,0.257198,-1,-1,-1
476,155,688.889,459.128,31.265,67.286,0.718188,-1,-1,-1
476,235,1084.330,430.918,68.160,162.670,0.884469,-1,-1,-1
476,204,375.301,466.896,87.181,178.911,0.761227,-1,-1,-1
476,220,378.745,462.185,41.662,88.790,0.301995,-1,-1,-1
476,194,565.153,450.723,30.008,75.640,0.785690,-1,-1,-1
476,180,309.419,449.893,42.380,117.545,0.507616,-1,-1,-1
476,238,678.519,459.612,33.647,70.649,0.664587,-1,-1,-1
476,64,556.258,451.162,30.141,74.696,0.690022,-1,-1,-1
476,239,526.109,451.462,35.437,77.979,0.775370,-1,-1,-1
476,240,713.381,451.868,33.118,78.454,0.715536,-1,-1,-1
476,242,536.390,447.793,31.119,76.878,0.659215,-1,-1,-1
476,243,723.267,449.614,29.312,82.264,0.671440,-1,-1,-1
476,160,874.289,427.233,105.410,259.282,0.833020,-1,-1,-1
476,223,739.817,448.669,28.599,78.913,0.625419,-1,-1,-1
477,211,-64.372,386.951,454.401,689.079,0.926133,-1,-1,-1
477,123,1823.988,393.567,106.006,260.661,0.705544,-1,-1,-1
477,161,1677.190,430.842,109.225,154.168,0.525555,-1,-1,-1
477,208,1517.023,405.403,161.040,413.801,0.950561,-1,-1,-1
477,191,1303.984,383.313,268.406,690.720,0.929374,-1,-1,-1
477,100,1145.540,409.440,193.178,602.251,0.938634,-1,-1,-1
477,217,968.359,443.084,72.415,138.711,0.190452,-1,-1,-1
477,144,834.916,408.188,102.942,290.291,0.884344,-1,-1,-1
477,170,734.709,429.332,131.142,297.270,0.936302,-1,-1,-1
477,189,599.462,443.547,105.126,260.564,0.928505,-1,-1,-1
477,230,1058.063,439.655,37.496,105.806,0.675432,-1,-1,-1
477,56,426.304,471.287,90.805,188.833,0.886181,-1,-1,-1
477,13,1289.177,404.697,190.478,506.947,0.676374,-1,-1,-1
477,207,464.795,447.564,33.390,79.924,0.427906,-1,-1,-1
477,155,689.026,458.050,31.541,68.195,0.722365,-1,-1,-1
477,235,1084.969,430.286,67.670,162.366,0.873542,-1,-1,-1
477,204,374.677,469.710,88.449,181.237,0.743158,-1,-1,-1
477,220,377.620,461.303,41.357,87.730,0.382979,-1,-1,-1
477,194,564.652,449.699,30.184,75.380,0.816394,-1,-1,-1
477,180,309.049,450.084,42.958,118.170,0.702696,-1,-1,-1
477,238,679.839,459.734,34.029,71.713,0.662110,-1,-1,-1
477,239,526.730,449.998,35.700,78.630,0.833916,-1,-1,-1
477,240,714.206,449.061,33.895,80.331,0.748721,-1,-1,-1
477,160,879.298,426.806,107.028,261.340,0.853692,-1,-1,-1
477,245,604.247,447.616,41.683,84.756,0.646701,-1,-1,-1
477,223,739.127,447.652,29.234,80.425,0.695111,-1,-1,-1
478,211,-73.182,377.311,444.393,697.109,0.899018,-1,-1,-1
478,123,1831.700,426.615,90.096,220.837,0.586822,-1,-1,-1
478,161,1677.533,432.515,108.004,151.856,0.511069,-1,-1,-1
478,208,1528.767,407.491,164.943,412.665,0.955753,-1,-1,-1
478,191,1309.424,383.580,267.655,692.909,0.935183,-1,-1,-1
478,100,1150.276,411.481,189.162,592.270,0.936030,-1,-1,-1
478,217,970.402,443.745,75.358,139.529,0.223086,-1,-1,-1
478,144,837.494,407.861,102.621,288.461,0.880324,-1,-1,-1
478,170,736.316,426.861,131.037,300.981,0.929560,-1,-1,-1
478,189,603.461,441.650,106.876,260.095,0.926453,-1,-1,-1
478,230,1058.012,441.043,36.993,103.854,0.616332,-1,-1,-1
478,56,409.184,470.111,96.828,195.769,0.879141,-1,-1,-1
478,13,1293.790,406.167,189.422,510.982,0.772564,-1,-1,-1
478,207,464.157,446.133,32.755,76.702,0.516946,-1,-1,-1
478,155,689.655,458.043,31.527,68.500,0.713262,-1,-1,-1
478,235,1085.362,429.063,68.138,163.368,0.881260,-1,-1,-1
478,204,370.540,470.071,88.947,178.055,0.639847,-1,-1,-1
478,220,376.432,457.871,37.393,78.486,0.319056,-1,-1,-1
478,194,564.366,449.896,30.271,74.682,0.810294,-1,-1,-1
478,180,308.650,449.810,43.494,119.134,0.565165,-1,-1,-1
478,238,681.235,459.775,33.776,71.764,0.667928,-1,-1,-1
478,239,526.761,450.404,35.446,77.941,0.857403,-1,-1,-1
478,240,715.542,448.971,34.119,81.048,0.731649,-1,-1,-1
478,160,882.464,420.431,110.239,266.841,0.828328,-1,-1,-1
478,245,604.109,450.437,42.297,86.180,0.640814,-1,-1,-1
478,223,739.955,446.616,30.765,84.695,0.693596,-1,-1,-1
478,246,1157.989,436.882,32.459,91.562,0.724692,-1,-1,-1
478,243,725.664,449.420,29.774,83.483,0.677069,-1,-1,-1
479,211,-78.140,371.329,431.869,702.354,0.906788,-1,-1,-1
479,123,1834.827,438.903,84.721,208.273,0.614595,-1,-1,-1
479,161,1672.873,432.719,121.326,173.521,0.598752,-1,-1,-1
479,208,1539.384,410.247,169.270,412.499,0.961910,-1,-1,-1
479,191,1320.918,383.718,266.745,694.996,0.936463,-1,-1,-1
479,100,1154.700,413.362,188.021,590.504,0.939191,-1,-1,-1
479,217,974.965,445.549,78.038,138.324,0.294986,-1,-1,-1
479,144,834.307,407.580,102.165,290.297,0.885653,-1,-1,-1
479,170,740.518,426.503,129.887,301.247,0.937662,-1,-1,-1
479,189,606.243,443.818,106.805,254.497,0.930548,-1,-1,-1
479,230,1057.279,446.485,35.071,96.614,0.694580,-1,-1,-1
479,56,403.056,473.680,96.584,191.949,0.881337,-1,-1,-1
479,13,1295.297,409.842,188.435,519.755,0.874317,-1,-1,-1
479,207,465.919,446.989,29.183,66.985,0.582961,-1,-1,-1
479,155,689.751,455.626,32.091,70.238,0.696700,-1,-1,-1
479,235,1086.632,438.397,64.378,153.533,0.881949,-1,-1,-1
479,204,364.218,473.773,84.323,166.358,0.633500,-1,-1,-1
479,220,375.046,459.071,40.581,85.114,0.399640,-1,-1,-1
479,194,562.829,448.254,32.447,79.165,0.831422,-1,-1,-1
479,180,311.645,449.762,44.556,119.244,0.520377,-1,-1,-1
479,238,682.274,458.886,32.594,69.501,0.578487,-1,-1,-1
479,239,526.115,449.148,36.442,80.141,0.855830,-1,-1,-1
479,240,715.347,448.039,33.439,79.578,0.765489,-1,-1,-1
479,160,890.786,424.541,111.062,266.692,0.868122,-1,-1,-1
479,245,600.721,448.792,41.921,85.432,0.602103,-1,-1,-1
479,223,742.632,444.728,30.833,84.279,0.762902,-1,-1,-1
479,246,1157.542,437.942,31.848,89.784,0.716218,-1,-1,-1
479,243,731.758,447.825,29.702,82.906,0.668737,-1,-1,-1
479,72,848.399,418.500,147.909,265.750,0.601251,-1,-1,-1
479,64,554.919,448.875,31.848,77.813,0.711829,-1,-1,-1
480,211,-80.011,365.109,419.002,707.842,0.894797,-1,-1,-1
480,123,1826.858,405.111,100.700,253.491,0.738029,-1,-1,-1
480,161,1674.504,429.709,116.479,165.963,0.560308,-1,-1,-1
480,208,1545.107,411.632,176.229,417.742,0.957732,-1,-1,-1
480,191,1331.532,385.032,266.516,694.286,0.947572,-1,-1,-1
480,100,1158.537,414.455,187.869,591.806,0.939032,-1,-1,-1
480,217,981.791,446.599,79.400,137.006,0.217109,-1,-1,-1
480,144,833.402,408.359,101.468,291.276,0.900520,-1,-1,-1
480,170,744.870,427.389,127.854,298.347,0.933600,-1,-1,-1
480,189,607.871,432.839,112.392,267.368,0.928365,-1,-1,-1
480,230,1056.816,444.541,35.257,96.470,0.614635,-1,-1,-1
480,56,403.223,476.352,95.785,188.887,0.887421,-1,-1,-1
480,13,1296.393,404.543,198.294,561.159,0.833745,-1,-1,-1
480,207,465.325,448.898,33.689,76.664,0.627984,-1,-1,-1
480,155,693.692,453.726,33.161,72.942,0.655752,-1,-1,-1
480,235,1085.034,433.678,66.814,158.744,0.888681,-1,-1,-1
480,204,362.076,477.654,86.806,169.327,0.656580,-1,-1,-1
480,220,377.304,460.150,36.566,76.402,0.312329,-1,-1,-1
480,194,560.865,448.282,34.142,82.334,0.841754,-1,-1,-1
480,180,313.545,450.353,44.675,117.842,0.425304,-1,-1,-1
480,238,675.505,448.073,39.859,85.629,0.469723,-1,-1,-1
480,239,525.928,449.189,36.462,80.077,0.847019,-1,-1,-1
480,240,711.634,447.832,33.990,80.681,0.781873,-1,-1,-1
480,160,898.094,428.589,108.756,262.155,0.904503,-1,-1,-1
480,245,597.756,450.050,40.924,83.775,0.651103,-1,-1,-1
480,223,743.874,445.073,31.389,84.269,0.797903,-1,-1,-1
480,246,1159.379,436.844,31.862,89.793,0.651483,-1,-1,-1
480,64,551.415,446.942,32.759,80.241,0.154404,-1,-1,-1
481,211,-86.338,360.103,403.294,711.760,0.858298,-1,-1,-1
481,123,1824.965,397.339,101.608,258.719,0.865073,-1,-1,-1
481,161,1665.796,427.962,133.790,194.111,0.687314,-1,-1,-1
481,208,1549.699,412.736,180.963,417.715,0.953492,-1,-1,-1
481,191,1341.016,384.862,268.471,695.952,0.946940,-1,-1,-1
481,100,1163.007,416.696,186.724,590.792,0.940017,-1,-1,-1
481,217,996.029,451.736,77.975,133.187,0.226211,-1,-1,-1
481,144,832.630,406.748,100.908,292.629,0.899918,-1,-1,-1
481,170,753.679,432.039,124.383,291.786,0.907931,-1,-1,-1
481,189,610.664,433.426,113.614,268.708,0.935406,-1,-1,-1
481,230,1055.217,440.778,36.727,99.694,0.626658,-1,-1,-1
481,56,393.217,483.026,95.985,185.184,0.902847,-1,-1,-1
481,13,1304.780,403.833,194.707,559.578,0.861375,-1,-1,-1
481,207,466.928,445.785,30.923,70.955,0.233618,-1,-1,-1
481,155,696.658,453.033,33.983,74.951,0.686608,-1,-1,-1
481,235,1085.193,432.100,67.604,161.072,0.871179,-1,-1,-1
481,204,356.088,491.979,76.123,146.311,0.473630,-1,-1,-1
481,220,376.118,457.761,35.139,73.338,0.347982,-1,-1,-1
481,194,560.711,447.903,34.527,82.453,0.850878,-1,-1,-1
481,180,316.547,451.814,43.545,113.089,0.321162,-1,-1,-1
481,238,672.598,443.091,43.152,93.176,0.375638,-1,-1,-1
481,239,525.464,447.225,37.552,82.485,0.853272,-1,-1,-1
481,240,709.516,449.341,34.109,80.580,0.785128,-1,-1,-1
481,160,902.701,430.601,107.817,258.894,0.913568,-1,-1,-1
481,245,600.324,450.724,35.099,72.149,0.628023,-1,-1,-1
481,223,743.912,445.479,34.463,89.869,0.781678,-1,-1,-1
481,246,1159.225,437.371,31.781,89.405,0.668620,-1,-1,-1
481,64,551.321,445.644,33.058,81.279,0.137163,-1,-1,-1
481,169,610.081,449.262,32.244,72.787,0.664884,-1,-1,-1
481,227,746.545,444.949,49.228,128.780,0.739036,-1,-1,-1
482,211,-81.958,377.889,378.435,696.309,0.884105,-1,-1,-1
482,123,1823.545,385.297,106.961,279.355,0.641184,-1,-1,-1
482,161,1665.628,428.607,134.801,198.681,0.714671,-1,-1,-1
482,208,1547.318,412.409,186.187,421.238,0.953019,-1,-1,-1
482,191,1351.931,386.789,268.995,694.038,0.952250,-1,-1,-1
482,100,1167.559,413.831,184.621,587.102,0.947349,-1,-1,-1
482,217,1004.294,443.922,79.392,136.770,0.305505,-1,-1,-1
482,144,833.130,407.337,99.585,292.181,0.905231,-1,-1,-1
482,170,757.992,430.382,123.886,290.557,0.913775,-1,-1,-1
482,189,614.731,433.560,112.692,265.614,0.944119,-1,-1,-1
482,230,1049.643,441.659,40.016,108.236,0.632440,-1,-1,-1
482,56,379.530,480.656,102.147,190.603,0.881722,-1,-1,-1
482,13,1310.094,404.422,189.403,551.360,0.879873,-1,-1,-1
482,207,461.542,452.042,35.874,81.953,0.682226,-1,-1,-1
482,155,692.676,446.013,34.823,77.256,0.103293,-1,-1,-1
482,235,1088.709,434.949,66.492,159.419,0.872207,-1,-1,-1
482,204,349.917,489.177,81.748,155.238,0.482179,-1,-1,-1
482,220,379.120,460.319,30.392,62.229,0.252151,-1,-1,-1
482,194,561.744,447.981,34.393,81.254,0.858688,-1,-1,-1
482,180,316.367,448.189,45.217,116.555,0.329618,-1,-1,-1
482,238,675.951,443.735,43.368,93.486,0.281322,-1,-1,-1
482,239,525.343,447.885,36.426,79.765,0.866577,-1,-1,-1
482,240,708.850,452.328,33.024,77.110,0.777822,-1,-1,-1
482,160,904.058,432.239,106.971,255.872,0.923269,-1,-1,-1
482,245,602.378,448.898,31.025,64.007,0.638536,-1,-1,-1
482,223,743.409,448.943,33.263,85.391,0.758951,-1,-1,-1
482,246,1160.240,439.018,31.266,87.253,0.634841,-1,-1,-1
482,64,552.229,445.952,32.065,78.798,0.169517,-1,-1,-1
482,169,607.547,447.243,34.223,76.173,0.623887,-1,-1,-1
482,227,746.812,449.057,46.448,119.687,0.617702,-1,-1,-1
483,211,-68.735,434.981,335.834,641.424,0.884436,-1,-1,-1
483,123,1827.366,393.694,100.392,265.483,0.510104,-1,-1,-1
483,161,1667.660,429.872,134.815,202.833,0.729156,-1,-1,-1
483,208,1555.384,417.716,184.537,412.603,0.925959,-1,-1,-1
483,191,1358.959,389.779,270.313,690.412,0.941671,-1,-1,-1
483,100,1172.450,415.297,183.865,588.919,0.941291,-1,-1,-1
483,217,1007.897,447.119,78.051,134.605,0.401593,-1,-1,-1
483,144,836.905,407.795,97.819,290.800,0.908993,-1,-1,-1
483,170,756.166,425.374,127.676,298.771,0.932174,-1,-1,-1
483,189,617.336,432.946,112.349,263.237,0.946281,-1,-1,-1
483,230,1045.901,441.086,45.363,122.212,0.634471,-1,-1,-1
483,56,371.197,475.088,108.734,197.759,0.918430,-1,-1,-1
483,13,1314.847,401.393,186.657,549.467,0.860142,-1,-1,-1
483,207,462.329,452.330,38.088,85.610,0.528429,-1,-1,-1
483,155,690.435,443.998,43.782,98.196,0.297868,-1,-1,-1
483,235,1089.568,435.039,65.860,158.878,0.868197,-1,-1,-1
483,204,342.059,490.901,87.606,164.079,0.360528,-1,-1,-1
483,194,561.293,449.131,34.130,79.601,0.854044,-1,-1,-1
483,180,321.694,451.515,39.347,100.755,0.121092,-1,-1,-1
483,238,678.878,438.822,43.727,93.864,0.275001,-1,-1,-1
483,239,525.800,449.717,35.029,76.431,0.847084,-1,-1,-1
483,240,708.465,453.176,33.247,76.897,0.768759,-1,-1,-1
483,160,905.114,432.949,106.191,253.732,0.921114,-1,-1,-1
483,245,602.718,449.972,27.285,56.169,0.589587,-1,-1,-1
483,223,741.471,448.592,34.337,87.436,0.775960,-1,-1,-1
483,246,1158.431,438.850,31.634,87.709,0.708583,-1,-1,-1
483,169,608.062,448.426,33.391,72.516,0.598551,-1,-1,-1
483,227,745.728,447.533,45.415,114.937,0.642477,-1,-1,-1
483,248,1300.962,407.878,50.061,134.390,0.650066,-1,-1,-1
483,243,733.777,449.602,30.421,83.655,0.722834,-1,-1,-1
484,211,-47.718,492.924,266.578,524.787,0.797082,-1,-1,-1
484,123,1833.367,402.293,93.972,252.538,0.538716,-1,-1,-1
484,161,1665.867,427.375,137.720,210.964,0.595243,-1,-1,-1
484,208,1562.954,418.596,189.255,417.676,0.947503,-1,-1,-1
484,191,1366.426,385.033,272.956,689.491,0.953755,-1,-1,-1
484,100,1178.854,415.726,181.914,584.198,0.944893,-1,-1,-1
484,217,1007.718,450.223,73.781,127.809,0.379527,-1,-1,-1
484,144,841.516,409.675,94.629,285.495,0.909342,-1,-1,-1
484,170,765.177,425.100,126.130,300.445,0.916087,-1,-1,-1
484,189,619.771,434.169,111.596,259.476,0.934627,-1,-1,-1
484,230,1049.282,446.132,41.778,111.705,0.607949,-1,-1,-1
484,56,364.561,473.747,114.222,203.087,0.910696,-1,-1,-1
484,13,1318.830,413.633,179.515,533.194,0.877393,-1,-1,-1
484,207,457.085,452.922,43.391,95.887,0.665477,-1,-1,-1
484,155,689.750,444.639,49.315,110.932,0.574676,-1,-1,-1
484,235,1091.127,436.395,64.812,157.061,0.875411,-1,-1,-1
484,204,339.975,481.933,91.469,168.317,0.551541,-1,-1,-1
484,194,561.382,448.350,34.767,80.168,0.858468,-1,-1,-1
484,180,322.393,452.753,34.897,86.439,0.125028,-1,-1,-1
484,238,680.089,438.308,42.196,90.230,0.285246,-1,-1,-1
484,239,527.890,448.533,35.492,77.725,0.828653,-1,-1,-1
484,240,704.375,450.740,36.432,83.895,0.691905,-1,-1,-1
484,160,905.846,436.313,106.044,250.935,0.915422,-1,-1,-1
484,245,601.600,450.691,24.032,48.995,0.460520,-1,-1,-1
484,223,740.592,445.004,36.875,94.552,0.206612,-1,-1,-1
484,246,1157.030,439.381,32.642,90.035,0.658938,-1,-1,-1
484,169,606.643,449.174,27.212,57.503,0.278941,-1,-1,-1
484,227,738.675,444.135,50.963,130.169,0.868852,-1,-1,-1
484,248,1296.734,408.020,51.274,137.561,0.594862,-1,-1,-1
484,212,-2.579,526.958,124.669,193.229,0.830716,-1,-1,-1
485,211,-57.563,518.258,263.085,542.140,0.886332,-1,-1,-1
485,123,1831.973,407.733,91.629,246.976,0.695881,-1,-1,-1
485,161,1668.406,430.387,135.888,212.318,0.591487,-1,-1,-1
485,208,1570.048,416.964,192.014,421.950,0.949950,-1,-1,-1
485,191,1370.393,388.685,274.422,688.227,0.960840,-1,-1,-1
485,100,1182.187,417.245,181.346,586.910,0.943411,-1,-1,-1
485,217,1008.161,449.269,71.047,123.618,0.267958,-1,-1,-1
485,144,846.643,413.279,90.578,276.089,0.900772,-1,-1,-1
485,170,767.968,425.631,125.303,298.152,0.924511,-1,-1,-1
485,189,624.767,431.480,113.859,262.036,0.942751,-1,-1,-1
485,230,1049.584,446.212,43.981,117.470,0.589804,-1,-1,-1
485,56,353.147,471.171,117.556,207.469,0.895907,-1,-1,-1
485,13,1319.975,422.618,173.097,520.108,0.872860,-1,-1,-1
485,207,457.268,453.638,43.472,95.142,0.719855,-1,-1,-1
485,155,687.135,440.563,55.939,126.260,0.521517,-1,-1,-1
485,235,1091.686,435.527,64.347,157.298,0.857576,-1,-1,-1
485,204,332.329,493.199,87.703,159.530,0.338451,-1,-1,-1
485,194,561.055,448.933,34.937,79.500,0.858482,-1,-1,-1
485,180,322.121,451.986,31.377,76.094,0.132503,-1,-1,-1
485,238,679.948,433.304,46.794,100.197,0.342427,-1,-1,-1
485,239,529.089,448.398,35.586,78.222,0.829283,-1,-1,-1
485,240,702.663,450.133,40.588,93.599,0.637032,-1,-1,-1
485,160,906.585,434.998,104.946,248.402,0.902727,-1,-1,-1
485,223,738.885,443.111,38.092,98.376,0.125054,-1,-1,-1
485,246,1157.692,442.710,30.756,84.119,0.658751,-1,-1,-1
485,169,604.259,450.377,25.010,50.812,0.467517,-1,-1,-1
485,227,734.411,442.873,52.681,135.080,0.881934,-1,-1,-1
485,248,1296.679,412.328,52.619,141.568,0.432546,-1,-1,-1
485,249,1190.836,443.930,32.555,87.428,0.649805,-1,-1,-1
485,212,-8.515,522.877,123.081,199.189,0.735769,-1,-1,-1
486,211,-55.872,519.193,236.936,511.586,0.847850,-1,-1,-1
486,123,1833.096,406.262,91.544,249.680,0.517328,-1,-1,-1
486,161,1670.921,430.463,133.101,212.405,0.442574,-1,-1,-1
486,208,1576.000,416.152,193.041,424.511,0.953425,-1,-1,-1
486,191,1370.196,388.024,278.010,691.430,0.953397,-1,-1,-1
486,100,1187.440,414.647,182.373,594.610,0.944316,-1,-1,-1
486,217,1012.172,452.496,67.439,118.339,0.326652,-1,-1,-1
486,144,846.624,413.137,90.354,279.615,0.889805,-1,-1,-1
486,170,771.646,426.310,125.626,296.944,0.915526,-1,-1,-1
486,189,627.851,427.207,117.916,268.101,0.942693,-1,-1,-1
486,230,1052.300,442.388,46.516,124.570,0.557288,-1,-1,-1
486,56,346.592,475.090,113.548,197.817,0.879555,-1,-1,-1
486,13,1320.233,419.973,174.767,532.505,0.885677,-1,-1,-1
486,207,456.892,455.030,44.337,96.176,0.690963,-1,-1,-1
486,155,686.846,437.649,58.913,134.092,0.477553,-1,-1,-1
486,235,1091.798,438.313,63.278,154.687,0.845707,-1,-1,-1
486,204,321.817,494.174,83.455,150.121,0.511615,-1,-1,-1
486,194,560.539,449.999,35.376,79.555,0.866103,-1,-1,-1
486,180,325.294,450.392,25.677,60.693,0.144901,-1,-1,-1
486,238,678.411,428.609,54.062,116.206,0.311840,-1,-1,-1
486,239,528.889,449.597,35.526,78.549,0.836604,-1,-1,-1
486,240,701.259,447.510,45.531,106.014,0.559023,-1,-1,-1
486,160,905.559,432.379,105.354,249.198,0.920704,-1,-1,-1
486,246,1159.963,444.089,31.768,85.520,0.606710,-1,-1,-1
486,169,602.317,451.520,23.293,46.042,0.404169,-1,-1,-1
486,227,732.297,441.070,53.197,136.273,0.872441,-1,-1,-1
486,248,1296.296,418.350,50.867,137.127,0.117815,-1,-1,-1
486,249,1192.113,444.642,32.241,86.531,0.616021,-1,-1,-1
486,212,-13.375,517.072,118.131,199.601,0.472642,-1,-1,-1
487,211,-50.063,547.497,204.414,462.781,0.867941,-1,-1,-1
487,123,1829.643,391.997,97.232,269.733,0.606046,-1,-1,-1
487,161,1674.726,428.843,126.534,205.357,0.579534,-1,-1,-1
487,208,1577.982,411.884,196.859,434.870,0.941073,-1,-1,-1
487,191,1370.315,386.646,280.864,692.637,0.956489,-1,-1,-1
487,100,1191.569,413.047,182.508,597.079,0.939528,-1,-1,-1
487,217,1009.562,450.903,65.477,116.502,0.254244,-1,-1,-1
487,144,845.077,413.026,90.864,280.695,0.859991,-1,-1,-1
487,170,778.901,427.871,125.939,294.658,0.906602,-1,-1,-1
487,189,632.869,427.553,119.619,270.314,0.946350,-1,-1,-1
487,230,1051.984,444.429,39.317,104.609,0.555892,-1,-1,-1
487,56,335.123,475.428,117.256,200.214,0.909743,-1,-1,-1
487,13,1322.710,418.823,175.699,543.175,0.878628,-1,-1,-1
487,207,456.348,454.037,46.252,99.883,0.745204,-1,-1,-1
487,155,685.601,434.547,62.657,141.471,0.342148,-1,-1,-1
487,235,1092.005,431.090,64.802,158.233,0.799738,-1,-1,-1
487,204,317.193,487.727,84.790,150.511,0.264993,-1,-1,-1
487,194,561.463,450.384,35.696,79.135,0.864602,-1,-1,-1
487,180,324.691,449.168,25.570,58.778,0.175012,-1,-1,-1
487,238,685.151,434.951,54.605,118.403,0.449740,-1,-1,-1
487,239,529.962,452.925,33.545,74.230,0.822888,-1,-1,-1
487,240,702.067,445.246,43.902,102.864,0.434779,-1,-1,-1
487,160,906.861,430.034,106.215,252.477,0.893303,-1,-1,-1
487,246,1160.523,443.949,33.045,88.228,0.652268,-1,-1,-1
487,169,597.906,452.545,22.907,44.404,0.376402,-1,-1,-1
487,227,732.013,442.841,51.291,130.605,0.875197,-1,-1,-1
487,248,1296.469,432.604,46.867,125.638,0.374319,-1,-1,-1
487,249,1190.802,444.799,32.937,88.368,0.606118,-1,-1,-1
487,212,-12.299,520.196,106.387,185.553,0.647128,-1,-1,-1
487,64,549.905,448.997,32.188,78.361,0.627375,-1,-1,-1
488,123,1832.669,395.895,93.467,262.624,0.534526,-1,-1,-1
488,161,1676.597,428.389,123.408,203.595,0.630040,-1,-1,-1
488,208,1585.648,409.270,194.097,431.733,0.937044,-1,-1,-1
488,191,1373.866,385.986,284.326,693.283,0.958939,-1,-1,-1
488,100,1200.945,414.012,184.049,596.851,0.929093,-1,-1,-1
488,217,1011.625,447.575,64.051,115.068,0.260818,-1,-1,-1
488,144,849.087,425.326,85.954,264.775,0.744968,-1,-1,-1
488,170,785.728,431.002,127.225,291.681,0.920826,-1,-1,-1
488,189,638.132,432.636,118.771,265.643,0.941697,-1,-1,-1
488,230,1052.496,445.433,35.672,93.787,0.604564,-1,-1,-1
488,56,327.044,474.047,118.691,200.360,0.898351,-1,-1,-1
488,13,1327.629,414.628,175.375,545.056,0.881151,-1,-1,-1
488,207,455.009,453.546,46.358,99.508,0.756315,-1,-1,-1
488,235,1095.822,428.723,62.817,153.931,0.798443,-1,-1,-1
488,204,310.695,499.144,82.697,144.998,0.122880,-1,-1,-1
488,194,562.418,450.898,35.785,78.591,0.853885,-1,-1,-1
488,180,325.415,449.082,26.242,58.665,0.189950,-1,-1,-1
488,238,682.387,430.829,57.728,124.495,0.295149,-1,-1,-1
488,239,530.506,453.982,33.044,73.115,0.818687,-1,-1,-1
488,240,700.211,441.466,49.909,117.671,0.198525,-1,-1,-1
488,160,906.392,431.218,105.445,250.373,0.902097,-1,-1,-1
488,246,1159.706,443.563,33.776,90.086,0.636188,-1,-1,-1
488,169,597.365,453.022,23.436,44.806,0.408777,-1,-1,-1
488,227,730.819,438.872,51.554,132.229,0.793165,-1,-1,-1
488,248,1295.584,435.138,50.381,134.856,0.134553,-1,-1,-1
488,249,1189.973,445.686,34.187,91.774,0.637814,-1,-1,-1
488,212,-11.208,523.737,92.291,165.879,0.692954,-1,-1,-1
488,64,548.643,450.290,31.633,76.621,0.645389,-1,-1,-1
488,72,849.478,430.584,100.990,195.464,0.686831,-1,-1,-1
489,123,1831.649,390.826,95.422,272.815,0.668055,-1,-1,-1
489,161,1675.040,423.443,124.241,209.173,0.590363,-1,-1,-1
489,208,1591.031,409.552,191.494,430.217,0.940799,-1,-1,-1
489,191,1377.798,381.124,288.694,693.997,0.956519,-1,-1,-1
489,100,1205.577,410.198,186.193,600.635,0.930736,-1,-1,-1
489,217,1019.009,449.777,50.445,93.041,0.645399,-1,-1,-1
489,144,853.418,418.330,83.706,260.241,0.797207,-1,-1,-1
489,170,794.149,430.603,129.600,293.412,0.922297,-1,-1,-1
489,189,638.421,432.750,119.787,267.292,0.952533,-1,-1,-1
489,230,1056.573,442.991,37.353,98.684,0.626193,-1,-1,-1
489,56,321.347,476.121,121.335,203.467,0.921023,-1,-1,-1
489,13,1334.740,419.639,172.608,536.260,0.872511,-1,-1,-1
489,207,455.649,455.324,45.062,95.993,0.693485,-1,-1,-1
489,235,1100.494,429.663,59.988,148.617,0.780436,-1,-1,-1
489,204,306.106,502.457,72.821,124.102,0.169594,-1,-1,-1
489,194,562.549,450.606,36.313,79.096,0.865195,-1,-1,-1
489,180,325.706,448.966,27.068,59.183,0.161085,-1,-1,-1
489,238,683.126,432.326,59.399,130.298,0.338748,-1,-1,-1
489,239,530.759,455.283,32.973,73.077,0.833587,-1,-1,-1
489,240,702.095,442.543,49.463,118.838,0.224239,-1,-1,-1
489,160,913.322,426.996,105.503,254.769,0.916336,-1,-1,-1
489,246,1161.047,441.393,33.157,88.622,0.569519,-1,-1,-1
489,169,598.251,453.578,23.096,43.379,0.425321,-1,-1,-1
489,227,730.071,439.544,52.188,134.439,0.881219,-1,-1,-1
489,249,1189.701,446.721,33.623,90.392,0.542701,-1,-1,-1
489,212,-12.685,525.657,88.146,164.498,0.862520,-1,-1,-1
489,64,548.306,450.448,31.616,76.390,0.621435,-1,-1,-1
489,250,1082.761,460.094,56.993,132.756,0.747097,-1,-1,-1
489,72,832.362,430.739,95.655,197.035,0.150117,-1,-1,-1
489,226,412.592,460.979,56.656,108.462,0.775241,-1,-1,-1
490,123,1836.515,389.617,91.266,265.985,0.404233,-1,-1,-1
490,161,1675.981,416.266,126.310,217.121,0.473920,-1,-1,-1
490,208,1596.548,404.706,193.874,439.844,0.956059,-1,-1,-1
490,191,1380.157,390.167,291.026,688.395,0.939201,-1,-1,-1
490,100,1206.221,411.707,186.356,598.425,0.931455,-1,-1,-1
490,217,1021.692,446.661,50.824,95.713,0.662957,-1,-1,-1
490,144,854.977,423.342,78.738,243.038,0.802840,-1,-1,-1
490,170,799.610,441.685,127.156,283.023,0.915045,-1,-1,-1
490,189,639.409,431.946,121.411,269.825,0.952854,-1,-1,-1
490,230,1053.631,441.076,43.578,114.567,0.720166,-1,-1,-1
490,56,311.642,482.526,120.794,199.811,0.892226,-1,-1,-1
490,13,1342.008,420.551,176.249,544.232,0.888623,-1,-1,-1
490,207,456.004,456.618,44.656,94.218,0.734762,-1,-1,-1
490,235,1098.996,429.013,61.648,153.312,0.826209,-1,-1,-1
490,204,297.728,504.384,69.346,116.435,0.241001,-1,-1,-1
490,194,562.345,450.477,36.498,78.597,0.861892,-1,-1,-1
490,180,325.522,450.638,29.643,63.763,0.256432,-1,-1,-1
490,238,685.320,434.485,59.426,132.810,0.204378,-1,-1,-1
490,239,530.620,453.769,33.263,73.773,0.823956,-1,-1,-1
490,240,702.614,440.683,53.277,130.025,0.177937,-1,-1,-1
490,160,919.493,430.197,102.986,251.328,0.895336,-1,-1,-1
490,246,1162.190,439.943,33.042,88.183,0.592624,-1,-1,-1
490,169,597.847,453.319,23.844,44.258,0.428539,-1,-1,-1
490,227,729.092,439.808,52.085,134.480,0.874692,-1,-1,-1
490,249,1190.725,447.001,32.860,88.385,0.354581,-1,-1,-1
490,212,-15.403,528.712,83.327,163.236,0.855882,-1,-1,-1
490,64,548.635,450.217,31.932,76.480,0.668636,-1,-1,-1
490,250,1077.273,439.957,64.403,150.557,0.717494,-1,-1,-1
490,251,987.137,443.954,38.400,100.220,0.670493,-1,-1,-1
490,226,412.209,463.109,56.135,105.091,0.810434,-1,-1,-1
490,211,83.318,740.274,174.225,329.565,0.714105,-1,-1,-1
491,123,1833.126,391.085,92.711,273.463,0.762133,-1,-1,-1
491,161,1673.685,410.808,130.134,227.577,0.385885,-1,-1,-1
491,208,1603.338,405.039,193.156,441.817,0.954383,-1,-1,-1
491,191,1386.316,387.090,298.285,691.285,0.953266,-1,-1,-1
491,100,1208.330,410.912,186.804,598.215,0.935453,-1,-1,-1
491,217,1024.171,449.871,46.312,88.318,0.443670,-1,-1,-1
491,144,858.684,418.421,71.604,218.219,0.753863,-1,-1,-1
491,170,804.121,442.196,129.308,284.095,0.937961,-1,-1,-1
491,189,640.626,433.074,120.346,266.619,0.953211,-1,-1,-1
491,230,1055.187,442.376,43.887,115.228,0.489888,-1,-1,-1
491,56,306.322,485.595,124.726,202.040,0.904950,-1,-1,-1
491,13,1347.655,413.005,176.541,543.755,0.890808,-1,-1,-1
491,207,458.115,458.557,43.617,90.495,0.666406,-1,-1,-1
491,235,1101.932,432.264,59.773,149.079,0.747290,-1,-1,-1
491,204,290.329,505.243,81.016,135.077,0.271071,-1,-1,-1
491,194,562.394,449.778,37.121,79.420,0.851312,-1,-1,-1
491,180,324.089,454.618,30.715,65.417,0.310517,-1,-1,-1
491,238,686.340,435.067,57.456,131.121,0.176462,-1,-1,-1
491,239,531.012,453.065,33.417,74.098,0.813298,-1,-1,-1
491,240,703.752,438.660,54.434,135.456,0.191881,-1,-1,-1
491,160,927.853,428.757,101.952,251.751,0.847438,-1,-1,-1
491,246,1162.255,439.389,33.335,88.963,0.659643,-1,-1,-1
491,169,597.352,453.230,24.231,44.609,0.412206,-1,-1,-1
491,227,728.473,440.541,52.468,135.556,0.886150,-1,-1,-1
491,249,1191.447,446.937,32.255,86.828,0.525812,-1,-1,-1
491,212,-19.486,531.492,81.728,170.081,0.857160,-1,-1,-1
491,64,548.240,450.739,31.970,76.032,0.692891,-1,-1,-1
491,250,1082.241,434.333,65.721,153.618,0.655345,-1,-1,-1
491,251,980.232,442.013,44.462,116.182,0.441134,-1,-1,-1
491,226,412.035,462.969,56.297,105.579,0.825020,-1,-1,-1
491,252,620.130,453.774,32.342,58.642,0.611521,-1,-1,-1
492,123,1835.719,396.897,88.306,262.303,0.478139,-1,-1,-1
492,161,1676.584,415.058,126.481,225.223,0.189781,-1,-1,-1
492,208,1608.859,398.657,194.665,454.130,0.936783,-1,-1,-1
492,191,1387.727,385.013,304.182,694.104,0.953449,-1,-1,-1
492,100,1211.185,411.576,187.343,596.972,0.933650,-1,-1,-1
492,217,1025.953,450.008,41.430,80.481,0.444418,-1,-1,-1
492,144,859.901,412.120,71.370,214.590,0.769716,-1,-1,-1
492,170,807.173,443.717,130.433,282.109,0.942436,-1,-1,-1
492,189,641.937,432.658,121.171,267.878,0.948878,-1,-1,-1
492,230,1057.572,441.594,40.741,106.972,0.520203,-1,-1,-1
492,56,293.943,481.354,128.598,209.322,0.913668,-1,-1,-1
492,13,1350.905,414.396,177.001,538.706,0.867324,-1,-1,-1
492,207,457.473,458.613,44.819,91.667,0.703939,-1,-1,-1
492,235,1103.354,436.052,59.071,147.612,0.756552,-1,-1,-1
492,204,280.010,505.678,81.712,137.810,0.366054,-1,-1,-1
492,194,567.476,452.496,35.017,75.440,0.821038,-1,-1,-1
492,180,321.545,456.152,33.536,71.436,0.256360,-1,-1,-1
492,238,686.663,432.678,56.774,132.626,0.197586,-1,-1,-1
492,239,531.086,453.756,33.271,73.945,0.802762,-1,-1,-1
492,160,935.967,430.372,100.332,249.132,0.913657,-1,-1,-1
492,246,1163.876,440.538,33.153,88.237,0.543147,-1,-1,-1
492,169,598.200,453.874,24.432,44.799,0.362579,-1,-1,-1
492,227,726.228,440.014,52.421,136.342,0.882500,-1,-1,-1
492,249,1190.157,446.966,32.333,86.862,0.545328,-1,-1,-1
492,212,-25.331,515.746,84.801,189.784,0.732182,-1,-1,-1
492,64,552.435,451.845,31.489,74.769,0.739731,-1,-1,-1
492,250,1083.322,433.238,65.733,154.337,0.648079,-1,-1,-1
492,251,982.468,442.570,45.611,119.584,0.231294,-1,-1,-1
492,226,410.897,462.435,57.313,107.453,0.812727,-1,-1,-1
492,252,620.683,454.852,33.894,61.561,0.642493,-1,-1,-1
493,123,1835.745,397.178,87.060,259.914,0.505341,-1,-1,-1
493,161,1670.849,405.931,129.097,232.665,0.321379,-1,-1,-1
493,208,1612.276,400.422,194.191,459.831,0.932758,-1,-1,-1
493,191,1395.173,394.506,305.191,683.990,0.960717,-1,-1,-1
493,100,1214.850,414.682,186.955,591.572,0.936804,-1,-1,-1
493,217,1024.885,446.185,42.240,84.049,0.496150,-1,-1,-1
493,144,857.809,416.515,72.437,215.239,0.459891,-1,-1,-1
493,170,805.922,434.547,134.286,288.671,0.933228,-1,-1,-1
493,189,646.276,432.227,121.859,269.937,0.945255,-1,-1,-1
493,230,1052.665,438.957,47.046,123.989,0.552563,-1,-1,-1
493,56,288.419,482.679,125.586,205.413,0.892566,-1,-1,-1
493,13,1352.893,411.255,177.319,540.349,0.889433,-1,-1,-1
493,207,457.941,458.655,46.311,92.616,0.679951,-1,-1,-1
493,235,1100.041,433.591,61.061,151.852,0.785997,-1,-1,-1
493,204,270.243,507.002,79.617,135.719,0.449379,-1,-1,-1
493,194,566.786,452.458,35.631,77.101,0.822130,-1,-1,-1
493,180,321.716,456.051,31.569,66.654,0.344713,-1,-1,-1
493,238,686.717,429.836,55.862,133.329,0.266755,-1,-1,-1
493,239,531.443,453.573,33.686,74.951,0.806569,-1,-1,-1
493,160,942.975,431.341,100.147,248.026,0.903500,-1,-1,-1
493,246,1163.744,441.313,33.178,87.543,0.532157,-1,-1,-1
493,169,599.272,453.185,24.817,45.249,0.409327,-1,-1,-1
493,227,723.569,439.565,52.384,136.521,0.862890,-1,-1,-1
493,249,1189.745,446.729,32.307,86.266,0.660201,-1,-1,-1
493,212,-25.261,521.131,75.993,183.332,0.646491,-1,-1,-1
493,64,552.489,451.980,32.142,75.864,0.681530,-1,-1,-1
493,250,1075.378,427.981,68.589,161.381,0.775954,-1,-1,-1
493,251,982.069,439.306,49.039,128.662,0.192248,-1,-1,-1
493,226,410.755,461.711,57.877,108.241,0.829708,-1,-1,-1
493,252,619.533,453.096,36.659,66.825,0.707862,-1,-1,-1
494,123,1836.981,395.624,86.711,261.536,0.557047,-1,-1,-1
494,161,1665.462,407.461,138.195,253.951,0.485920,-1,-1,-1
494,208,1613.704,401.714,190.583,456.624,0.921293,-1,-1,-1
494,191,1400.458,386.607,314.131,689.617,0.954802,-1,-1,-1
494,100,1217.128,414.641,188.191,590.730,0.932175,-1,-1,-1
494,217,1021.943,441.935,48.545,99.890,0.535679,-1,-1,-1
494,144,871.801,433.084,56.276,163.309,0.219767,-1,-1,-1
494,170,809.193,430.058,136.130,292.069,0.937244,-1,-1,-1
494,189,648.862,432.608,121.678,269.610,0.942779,-1,-1,-1
494,230,1051.573,435.365,47.645,127.071,0.556087,-1,-1,-1
494,56,273.855,479.854,131.873,216.422,0.897579,-1,-1,-1
494,13,1351.436,406.015,183.611,559.720,0.876003,-1,-1,-1
494,207,456.674,458.565,46.693,92.602,0.691022,-1,-1,-1
494,235,1105.572,433.815,59.364,149.334,0.493287,-1,-1,-1
494,204,261.962,506.603,87.744,150.772,0.271238,-1,-1,-1
494,194,568.232,452.864,35.186,76.642,0.826404,-1,-1,-1
494,180,319.119,454.713,32.310,67.355,0.221942,-1,-1,-1
494,238,687.566,431.415,54.795,133.375,0.181949,-1,-1,-1
494,239,531.509,455.037,32.955,73.181,0.802618,-1,-1,-1
494,160,949.028,431.170,99.232,246.668,0.893711,-1,-1,-1
494,246,1162.142,440.679,33.794,88.851,0.656711,-1,-1,-1
494,169,598.232,453.164,25.436,46.324,0.379235,-1,-1,-1
494,227,722.977,441.603,50.843,133.555,0.826045,-1,-1,-1
494,249,1189.634,446.633,32.563,86.588,0.660500,-1,-1,-1
494,64,554.777,452.784,31.949,74.948,0.684789,-1,-1,-1
494,250,1080.527,427.404,69.348,162.706,0.851887,-1,-1,-1
494,251,983.488,437.495,52.721,138.508,0.211056,-1,-1,-1
494,226,411.493,460.943,56.871,106.803,0.815983,-1,-1,-1
494,252,620.573,452.876,38.908,71.303,0.704745,-1,-1,-1
495,123,1836.979,396.220,86.136,261.566,0.517434,-1,-1,-1
495,161,1675.294,404.440,126.662,236.920,0.209974,-1,-1,-1
495,208,1620.740,399.081,192.000,463.249,0.924538,-1,-1,-1
495,191,1400.664,381.018,322.091,693.841,0.951874,-1,-1,-1
495,100,1215.870,414.808,190.142,589.958,0.933232,-1,-1,-1
495,217,1017.819,437.266,58.671,123.188,0.582427,-1,-1,-1
495,144,873.806,431.406,56.725,162.294,0.185390,-1,-1,-1
495,170,811.064,422.260,140.388,302.101,0.948327,-1,-1,-1
495,189,650.718,434.315,120.604,267.696,0.953173,-1,-1,-1
495,230,1050.317,435.482,49.030,131.877,0.444165,-1,-1,-1
495,56,266.266,481.592,132.424,216.351,0.864437,-1,-1,-1
495,13,1351.890,408.259,193.432,580.220,0.866802,-1,-1,-1
495,207,456.022,459.140,46.140,90.958,0.660374,-1,-1,-1
495,235,1105.492,431.852,59.181,150.027,0.447815,-1,-1,-1
495,204,256.654,505.155,78.023,133.770,0.381190,-1,-1,-1
495,194,568.658,451.993,35.830,78.784,0.833309,-1,-1,-1
495,180,323.216,455.438,29.693,60.571,0.329436,-1,-1,-1
495,238,684.171,433.774,50.772,125.828,0.143434,-1,-1,-1
495,239,531.519,455.043,32.492,72.100,0.775632,-1,-1,-1
495,160,953.117,430.789,100.110,248.616,0.908599,-1,-1,-1
495,246,1164.502,442.681,33.531,87.271,0.532423,-1,-1,-1
495,169,598.352,453.165,25.952,47.549,0.360554,-1,-1,-1
495,227,720.643,442.262,51.441,135.352,0.831962,-1,-1,-1
495,249,1188.914,446.439,33.031,87.439,0.601928,-1,-1,-1
495,64,551.903,451.435,32.702,76.780,0.670444,-1,-1,-1
495,250,1077.370,422.807,72.237,168.652,0.788272,-1,-1,-1
495,251,974.488,433.497,57.888,149.987,0.158123,-1,-1,-1
495,226,411.873,462.184,55.750,105.080,0.822225,-1,-1,-1
495,252,621.166,454.070,37.334,68.840,0.682976,-1,-1,-1
495,254,377.953,465.084,49.712,101.718,0.704795,-1,-1,-1
496,123,1832.877,399.957,91.938,283.428,0.528755,-1,-1,-1
496,208,1627.923,399.038,195.018,473.822,0.919231,-1,-1,-1
496,191,1410.187,380.087,327.868,693.196,0.958238,-1,-1,-1
496,100,1219.209,415.629,193.747,590.385,0.946913,-1,-1,-1
496,217,1015.244,433.553,61.445,130.689,0.582613,-1,-1,-1
496,144,878.052,451.502,47.584,132.929,0.187625,-1,-1,-1
496,170,815.190,430.148,136.912,294.648,0.936009,-1,-1,-1
496,189,652.865,436.088,119.107,264.672,0.948807,-1,-1,-1
496,230,1048.396,431.364,49.113,131.956,0.296426,-1,-1,-1
496,56,256.303,477.340,133.066,217.447,0.884558,-1,-1,-1
496,13,1358.844,404.331,196.098,578.466,0.876666,-1,-1,-1
496,207,456.810,459.140,46.481,90.946,0.662933,-1,-1,-1
496,204,253.989,493.791,65.885,110.499,0.154909,-1,-1,-1
496,194,568.477,450.609,36.170,80.184,0.833252,-1,-1,-1
496,180,323.482,456.378,30.271,61.889,0.339929,-1,-1,-1
496,239,531.593,455.195,32.021,71.207,0.771164,-1,-1,-1
496,160,955.364,433.294,100.943,245.402,0.925281,-1,-1,-1
496,246,1166.913,443.626,34.422,87.953,0.547171,-1,-1,-1
496,169,596.962,453.219,27.435,50.941,0.326054,-1,-1,-1
496,227,717.771,442.089,51.883,136.882,0.447416,-1,-1,-1
496,249,1188.536,445.859,33.847,89.133,0.502092,-1,-1,-1
496,64,548.323,450.904,32.004,75.801,0.649880,-1,-1,-1
496,250,1084.048,425.394,70.279,163.464,0.710327,-1,-1,-1
496,251,970.111,433.197,59.607,151.847,0.152740,-1,-1,-1
496,226,412.295,463.270,54.995,104.016,0.802523,-1,-1,-1
496,252,621.139,455.793,39.409,73.473,0.718513,-1,-1,-1
496,254,377.320,465.256,50.453,103.397,0.726364,-1,-1,-1
497,123,1838.432,402.705,85.419,265.530,0.435114,-1,-1,-1
497,208,1628.499,399.259,195.774,483.141,0.923725,-1,-1,-1
497,191,1400.783,379.997,328.796,694.643,0.949959,-1,-1,-1
497,100,1219.566,415.644,198.065,594.573,0.947779,-1,-1,-1
497,217,1016.655,436.386,68.686,144.987,0.325429,-1,-1,-1
497,144,881.567,447.761,51.381,139.459,0.153960,-1,-1,-1
497,170,822.908,434.729,134.004,292.404,0.906054,-1,-1,-1
497,189,656.274,431.803,120.180,269.749,0.939367,-1,-1,-1
497,56,255.030,476.939,133.907,219.905,0.828283,-1,-1,-1
497,13,1364.207,412.170,195.816,568.529,0.903370,-1,-1,-1
497,207,457.282,458.724,45.991,89.347,0.567901,-1,-1,-1
497,204,237.619,505.779,97.192,162.774,0.644450,-1,-1,-1
497,194,569.034,450.589,35.982,80.185,0.833425,-1,-1,-1
497,180,324.866,456.503,30.883,62.870,0.333085,-1,-1,-1
497,239,531.583,455.035,32.261,72.046,0.751639,-1,-1,-1
497,160,963.891,440.448,101.646,239.547,0.915300,-1,-1,-1
497,246,1171.392,443.979,35.196,88.223,0.543077,-1,-1,-1
497,169,596.763,453.433,26.903,50.256,0.360857,-1,-1,-1
497,227,714.263,440.212,52.110,138.549,0.142801,-1,-1,-1
497,249,1187.233,445.300,33.623,87.993,0.486221,-1,-1,-1
497,64,547.180,450.463,32.023,76.383,0.659330,-1,-1,-1
497,250,1085.841,425.960,70.371,162.964,0.772977,-1,-1,-1
497,251,965.583,438.345,58.791,146.903,0.131217,-1,-1,-1
497,226,412.092,463.979,54.605,103.338,0.776569,-1,-1,-1
497,252,623.056,456.897,37.656,70.642,0.719916,-1,-1,-1
497,254,375.043,463.374,51.197,105.150,0.707413,-1,-1,-1
497,238,667.901,451.462,38.807,95.734,0.733498,-1,-1,-1
498,123,1841.820,412.634,80.043,249.308,0.362101,-1,-1,-1
498,208,1644.064,405.882,195.296,484.370,0.917794,-1,-1,-1
498,191,1402.578,381.828,326.957,693.358,0.939735,-1,-1,-1
498,100,1224.564,416.560,201.653,596.462,0.942467,-1,-1,-1
498,217,1019.399,437.829,71.422,147.655,0.336361,-1,-1,-1
498,170,825.356,434.628,131.586,291.613,0.902562,-1,-1,-1
498,189,658.982,431.047,119.708,271.573,0.939501,-1,-1,-1
498,56,245.830,477.161,137.572,226.677,0.869623,-1,-1,-1
498,13,1361.044,415.522,198.075,566.279,0.897285,-1,-1,-1
498,207,457.486,458.958,46.655,89.812,0.503756,-1,-1,-1
498,204,224.775,506.807,104.974,176.361,0.482893,-1,-1,-1
498,194,568.450,449.702,36.407,81.506,0.835333,-1,-1,-1
498,180,325.132,455.599,30.751,62.327,0.433618,-1,-1,-1
498,239,531.990,455.121,32.464,72.678,0.747399,-1,-1,-1
498,160,968.898,442.918,104.121,238.694,0.888706,-1,-1,-1
498,246,1173.414,446.160,35.914,88.970,0.176496,-1,-1,-1
498,169,598.490,453.192,26.371,49.408,0.358557,-1,-1,-1
498,227,717.090,439.249,46.279,123.723,0.145624,-1,-1,-1
498,249,1187.890,445.436,33.877,88.053,0.611849,-1,-1,-1
498,64,542.774,449.441,32.676,78.353,0.627116,-1,-1,-1
498,250,1083.019,425.487,72.072,165.973,0.851362,-1,-1,-1
498,251,952.965,445.168,58.969,146.117,0.601120,-1,-1,-1
498,226,412.545,464.358,54.528,103.045,0.775007,-1,-1,-1
498,252,624.594,456.207,35.977,67.777,0.675960,-1,-1,-1
498,254,375.428,462.687,50.567,104.096,0.660492,-1,-1,-1
498,238,665.165,454.673,36.265,88.739,0.699766,-1,-1,-1
499,123,1841.049,401.796,82.049,258.006,0.345036,-1,-1,-1
499,208,1658.066,408.501,195.599,481.342,0.924626,-1,-1,-1
499,191,1413.609,372.639,331.121,703.899,0.935794,-1,-1,-1
499,100,1228.684,413.835,204.901,599.551,0.943095,-1,-1,-1
499,217,1020.154,442.759,73.571,148.462,0.231600,-1,-1,-1
499,170,833.290,438.558,128.156,288.149,0.891161,-1,-1,-1
499,189,663.384,429.082,118.723,273.763,0.941049,-1,-1,-1
499,56,230.514,480.793,136.165,223.653,0.882552,-1,-1,-1
499,13,1368.772,409.336,198.361,560.760,0.888798,-1,-1,-1
499,207,457.793,459.688,45.772,87.176,0.500920,-1,-1,-1
499,204,211.882,504.843,107.564,181.342,0.363357,-1,-1,-1
499,194,568.322,451.348,35.441,79.696,0.821481,-1,-1,-1
499,180,323.754,454.107,34.043,69.359,0.409153,-1,-1,-1
499,239,532.104,455.549,32.820,73.724,0.777147,-1,-1,-1
499,160,972.819,442.297,109.504,243.141,0.908615,-1,-1,-1
499,169,598.284,453.590,25.993,48.846,0.381587,-1,-1,-1
499,249,1188.284,445.268,34.422,88.943,0.511761,-1,-1,-1
499,64,541.310,451.125,32.278,77.622,0.652918,-1,-1,-1
499,250,1082.113,426.294,72.687,165.268,0.806537,-1,-1,-1
499,251,953.700,451.864,54.688,135.589,0.402302,-1,-1,-1
499,226,412.100,464.113,54.596,103.095,0.791955,-1,-1,-1
499,252,625.619,456.263,34.481,65.151,0.685072,-1,-1,-1
499,254,375.793,462.524,49.844,102.958,0.605733,-1,-1,-1
499,238,665.592,455.764,35.957,87.051,0.730331,-1,-1,-1
500,123,1843.176,403.872,79.308,250.816,0.280469,-1,-1,-1
500,208,1665.833,407.377,194.948,477.152,0.933801,-1,-1,-1
500,191,1419.531,371.467,328.414,704.909,0.909263,-1,-1,-1
500,100,1233.459,411.520,208.659,607.295,0.950929,-1,-1,-1
500,217,1024.991,451.998,67.978,135.668,0.371196,-1,-1,-1
500,170,836.490,422.908,133.362,303.206,0.918620,-1,-1,-1
500,189,666.134,428.584,117.491,274.984,0.940884,-1,-1,-1
500,56,213.748,478.553,138.113,227.787,0.909224,-1,-1,-1
500,13,1371.509,411.432,199.932,561.055,0.901941,-1,-1,-1
500,207,457.668,458.880,46.851,88.422,0.569165,-1,-1,-1
500,194,569.250,452.880,34.109,77.317,0.807089,-1,-1,-1
500,180,323.492,453.637,34.172,70.439,0.346740,-1,-1,-1
500,239,533.284,455.349,33.424,75.164,0.777112,-1,-1,-1
500,160,972.343,439.194,112.189,245.564,0.877150,-1,-1,-1
500,169,600.536,453.522,26.287,49.650,0.371075,-1,-1,-1
500,249,1189.205,447.774,33.581,86.355,0.485894,-1,-1,-1
500,64,546.524,448.649,32.681,79.203,0.200397,-1,-1,-1
500,250,1083.681,431.160,71.595,161.519,0.834959,-1,-1,-1
500,251,940.520,454.894,55.467,137.338,0.341236,-1,-1,-1
500,226,412.000,462.858,55.091,104.407,0.810469,-1,-1,-1
500,252,627.923,454.647,35.884,68.740,0.663667,-1,-1,-1
500,254,376.280,463.887,50.969,105.387,0.622309,-1,-1,-1
500,238,668.369,456.961,34.348,82.661,0.688311,-1,-1,-1
500,230,1069.911,438.702,46.577,123.003,0.736000,-1,-1,-1
501,123,1847.751,405.461,76.438,245.242,0.396752,-1,-1,-1
501,208,1680.490,409.286,198.832,477.259,0.919749,-1,-1,-1
501,191,1429.381,369.760,323.408,708.459,0.923384,-1,-1,-1
501,100,1242.932,410.709,209.447,608.217,0.933321,-1,-1,-1
501,217,1026.104,455.827,61.421,122.746,0.344407,-1,-1,-1
501,170,837.436,413.169,135.831,312.186,0.929515,-1,-1,-1
501,189,670.558,430.122,115.076,274.035,0.939433,-1,-1,-1
501,56,207.452,475.022,138.687,231.325,0.911453,-1,-1,-1
501,13,1381.158,417.635,198.240,551.487,0.889902,-1,-1,-1
501,207,456.998,458.350,47.866,89.495,0.578248,-1,-1,-1
501,194,571.124,454.402,33.010,75.530,0.816418,-1,-1,-1
501,180,324.016,454.522,33.530,69.236,0.344350,-1,-1,-1
501,239,535.260,456.584,33.009,74.267,0.789258,-1,-1,-1
501,160,975.305,446.265,111.283,238.358,0.900041,-1,-1,-1
501,169,602.301,453.397,25.834,49.006,0.310280,-1,-1,-1
501,249,1188.491,448.190,33.688,85.725,0.539924,-1,-1,-1
501,64,549.260,449.746,32.102,78.168,0.196551,-1,-1,-1
501,250,1085.291,430.082,73.525,165.277,0.826493,-1,-1,-1
501,251,934.448,454.145,53.623,133.311,0.410884,-1,-1,-1
501,226,411.238,461.470,55.713,106.037,0.819859,-1,-1,-1
501,252,627.849,454.674,38.276,74.397,0.682643,-1,-1,-1
501,254,375.644,463.633,52.191,108.381,0.699133,-1,-1,-1
501,238,669.897,457.674,34.879,83.224,0.628150,-1,-1,-1
501,230,1070.508,435.291,48.991,127.813,0.759574,-1,-1,-1
502,123,1849.845,397.665,76.068,248.666,0.606788,-1,-1,-1
502,208,1691.129,407.790,202.318,481.169,0.949137,-1,-1,-1
502,191,1446.523,368.494,317.389,708.821,0.913330,-1,-1,-1
502,100,1256.275,412.137,208.118,608.128,0.933978,-1,-1,-1
502,217,1024.619,458.653,62.511,123.152,0.293215,-1,-1,-1
502,170,839.478,410.649,136.154,316.447,0.926159,-1,-1,-1
502,189,676.228,429.966,113.115,273.766,0.930799,-1,-1,-1
502,56,203.554,477.815,135.503,227.892,0.882512,-1,-1,-1
502,13,1382.988,424.925,197.298,544.187,0.893039,-1,-1,-1
502,207,456.560,458.154,47.961,89.314,0.595361,-1,-1,-1
502,194,572.191,455.780,32.598,75.485,0.808983,-1,-1,-1
502,180,323.319,453.881,34.013,70.561,0.301298,-1,-1,-1
502,239,535.653,458.487,32.031,71.700,0.770600,-1,-1,-1
502,160,977.017,448.272,113.258,237.474,0.781259,-1,-1,-1
502,169,603.352,453.138,25.252,48.122,0.242968,-1,-1,-1
502,249,1189.318,451.046,31.444,79.101,0.373350,-1,-1,-1
502,64,547.174,456.965,29.524,71.594,0.725214,-1,-1,-1
502,250,1084.073,430.544,73.413,163.263,0.778917,-1,-1,-1
502,251,930.645,454.634,52.892,131.420,0.334811,-1,-1,-1
502,226,410.347,461.380,55.396,106.181,0.801183,-1,-1,-1
502,252,627.999,454.525,39.356,77.696,0.649688,-1,-1,-1
502,254,375.493,463.264,52.489,109.469,0.715842,-1,-1,-1
502,238,669.972,457.895,35.649,84.248,0.630427,-1,-1,-1
502,230,1073.415,438.149,49.844,128.646,0.618933,-1,-1,-1
503,123,1848.291,395.346,76.431,252.565,0.360239,-1,-1,-1
503,208,1697.998,403.598,209.301,494.379,0.950836,-1,-1,-1
503,191,1460.309,367.060,311.348,709.732,0.932393,-1,-1,-1
503,100,1267.860,413.516,204.243,603.375,0.940723,-1,-1,-1
503,217,1022.436,453.240,62.396,124.665,0.191284,-1,-1,-1
503,170,850.066,414.210,131.865,310.690,0.897863,-1,-1,-1
503,189,682.204,430.918,110.704,272.800,0.916156,-1,-1,-1
503,56,192.714,479.224,142.150,235.087,0.918420,-1,-1,-1
503,13,1386.013,421.649,199.620,547.245,0.907147,-1,-1,-1
503,207,456.447,457.549,49.843,92.584,0.617882,-1,-1,-1
503,194,571.027,455.495,32.923,77.007,0.832945,-1,-1,-1
503,180,323.676,451.987,33.731,70.111,0.437240,-1,-1,-1
503,239,534.688,459.301,32.146,72.140,0.808514,-1,-1,-1
503,160,977.263,439.570,116.521,244.799,0.846755,-1,-1,-1
503,169,605.346,453.220,24.918,47.573,0.295769,-1,-1,-1
503,249,1189.751,452.251,30.875,76.911,0.429738,-1,-1,-1
503,64,548.427,451.152,32.027,78.139,0.140761,-1,-1,-1
503,250,1082.991,430.236,74.319,164.077,0.855898,-1,-1,-1
503,251,924.580,446.327,58.345,145.137,0.256815,-1,-1,-1
503,226,410.376,460.061,55.400,106.880,0.828250,-1,-1,-1
503,252,627.788,453.495,39.784,79.507,0.625983,-1,-1,-1
503,254,376.150,463.829,52.235,108.882,0.742483,-1,-1,-1
503,238,669.868,457.451,36.085,83.734,0.623576,-1,-1,-1
503,230,1071.115,436.325,52.606,135.635,0.573477,-1,-1,-1
503,161,1640.783,414.064,167.933,328.770,0.656752,-1,-1,-1
503,144,848.434,414.302,98.616,271.422,0.799529,-1,-1,-1
504,123,1850.664,390.704,76.105,257.090,0.257610,-1,-1,-1
504,208,1700.742,401.306,212.707,501.172,0.919632,-1,-1,-1
504,191,1478.151,366.439,307.955,712.531,0.936676,-1,-1,-1
504,100,1276.626,412.234,203.090,607.161,0.937555,-1,-1,-1
504,217,1022.041,469.225,61.098,120.952,0.121416,-1,-1,-1
504,170,852.860,412.048,128.011,305.391,0.891306,-1,-1,-1
504,189,689.175,432.238,107.572,269.471,0.914817,-1,-1,-1
504,56,178.217,480.046,143.037,237.391,0.902837,-1,-1,-1
504,13,1398.800,424.754,198.518,542.873,0.909253,-1,-1,-1
504,207,455.799,456.819,49.831,92.812,0.668125,-1,-1,-1
504,194,571.831,455.863,32.325,75.922,0.835794,-1,-1,-1
504,239,533.904,460.631,31.545,71.036,0.787966,-1,-1,-1
504,160,981.546,449.207,111.410,235.122,0.867287,-1,-1,-1
504,169,604.538,452.939,24.462,46.636,0.283558,-1,-1,-1
504,249,1189.978,452.947,30.670,75.948,0.492039,-1,-1,-1
504,64,545.132,455.958,30.737,74.765,0.743463,-1,-1,-1
504,250,1089.339,437.599,70.286,155.992,0.783025,-1,-1,-1
504,251,921.373,444.942,60.183,148.415,0.272788,-1,-1,-1
504,226,410.648,462.033,54.494,105.306,0.783349,-1,-1,-1
504,252,627.516,453.340,40.480,81.694,0.680444,-1,-1,-1
504,254,376.439,463.670,52.585,109.625,0.742585,-1,-1,-1
504,238,670.312,457.062,36.980,84.662,0.671028,-1,-1,-1
504,230,1070.909,440.960,49.225,126.434,0.729866,-1,-1,-1
504,161,1638.246,426.992,170.127,345.894,0.118421,-1,-1,-1
505,123,1854.687,387.397,75.033,261.675,0.308065,-1,-1,-1
505,208,1706.328,403.363,214.564,505.559,0.938921,-1,-1,-1
505,191,1507.851,365.103,309.640,712.088,0.928753,-1,-1,-1
505,100,1284.474,407.533,201.914,612.361,0.940976,-1,-1,-1
505,170,875.209,424.871,124.944,297.947,0.901743,-1,-1,-1
505,189,693.912,430.266,106.246,271.215,0.917147,-1,-1,-1
505,56,161.950,478.406,142.380,238.706,0.918906,-1,-1,-1
505,13,1409.961,423.852,201.902,548.454,0.903610,-1,-1,-1
505,207,455.696,456.277,50.019,93.327,0.649701,-1,-1,-1
505,194,572.202,456.426,31.739,74.983,0.841499,-1,-1,-1
505,239,533.790,462.172,30.876,69.660,0.784912,-1,-1,-1
505,160,989.310,459.315,104.514,222.474,0.876647,-1,-1,-1
505,169,604.121,452.568,24.217,46.160,0.327705,-1,-1,-1
505,249,1186.436,452.693,32.337,80.283,0.347519,-1,-1,-1
505,64,544.159,458.881,29.729,72.248,0.728856,-1,-1,-1
505,250,1093.336,446.005,66.525,148.586,0.802654,-1,-1,-1
505,251,917.670,441.606,69.150,170.684,0.289532,-1,-1,-1
505,226,411.055,462.573,54.164,104.594,0.777665,-1,-1,-1
505,252,627.619,454.623,40.882,82.995,0.763641,-1,-1,-1
505,254,376.938,463.814,52.426,109.240,0.736064,-1,-1,-1
505,238,667.356,457.757,36.506,83.237,0.677276,-1,-1,-1
505,230,1070.547,443.092,48.032,123.468,0.815474,-1,-1,-1
505,161,1640.186,419.110,160.243,340.045,0.482567,-1,-1,-1
505,144,853.352,410.548,104.882,293.644,0.885038,-1,-1,-1
506,123,1849.079,390.827,77.446,273.317,0.287561,-1,-1,-1
506,208,1711.382,401.939,213.988,508.423,0.937485,-1,-1,-1
506,191,1501.483,362.399,305.767,714.281,0.923416,-1,-1,-1
506,100,1292.143,406.551,203.441,623.512,0.935153,-1,-1,-1
506,170,890.645,427.289,124.595,296.431,0.932511,-1,-1,-1
506,189,695.171,429.576,106.012,272.402,0.920039,-1,-1,-1
506,56,155.674,478.792,144.046,241.579,0.914152,-1,-1,-1
506,13,1422.510,424.613,202.449,550.016,0.898796,-1,-1,-1
506,207,454.724,458.115,48.067,90.065,0.548492,-1,-1,-1
506,194,571.895,455.887,32.288,76.358,0.863699,-1,-1,-1
506,239,534.119,461.437,31.165,70.176,0.818768,-1,-1,-1
506,160,988.078,439.150,111.454,242.911,0.901097,-1,-1,-1
506,169,602.884,452.246,25.186,48.219,0.260620,-1,-1,-1
506,249,1185.916,449.375,33.878,83.299,0.457273,-1,-1,-1
506,250,1094.336,447.207,66.148,147.696,0.818055,-1,-1,-1
506,251,911.046,436.459,71.892,176.780,0.110506,-1,-1,-1
506,226,410.880,460.279,54.824,106.677,0.829603,-1,-1,-1
506,252,626.955,455.467,40.122,82.243,0.791925,-1,-1,-1
506,254,377.487,464.804,51.591,107.632,0.771716,-1,-1,-1
506,238,664.456,457.734,34.961,80.163,0.726277,-1,-1,-1
506,230,1070.777,443.627,49.515,126.731,0.812232,-1,-1,-1
506,161,1625.072,408.964,179.899,398.718,0.170889,-1,-1,-1
506,257,382.113,463.984,76.230,107.042,0.671188,-1,-1,-1
506,144,854.398,410.539,104.115,297.302,0.896179,-1,-1,-1
507,123,1851.073,386.997,77.021,278.534,0.196298,-1,-1,-1
507,208,1716.984,395.811,216.435,521.297,0.949750,-1,-1,-1
507,191,1495.041,362.962,298.863,712.821,0.938758,-1,-1,-1
507,100,1294.608,402.150,207.658,644.241,0.944886,-1,-1,-1
507,170,898.278,432.427,124.340,291.925,0.928711,-1,-1,-1
507,189,695.230,429.071,106.517,273.058,0.923192,-1,-1,-1
507,56,145.442,479.263,145.240,241.859,0.911587,-1,-1,-1
507,13,1428.024,423.834,199.200,550.022,0.903085,-1,-1,-1
507,207,455.380,458.572,47.738,89.424,0.452609,-1,-1,-1
507,194,571.645,454.221,32.895,77.724,0.868853,-1,-1,-1
507,239,534.254,460.648,31.677,71.174,0.820973,-1,-1,-1
507,160,995.421,438.733,109.809,244.111,0.840181,-1,-1,-1
507,169,603.270,451.502,25.590,49.081,0.287184,-1,-1,-1
507,249,1184.052,452.362,33.730,81.922,0.386803,-1,-1,-1
507,250,1090.651,435.264,71.312,160.233,0.853901,-1,-1,-1
507,226,411.735,462.007,54.233,105.380,0.819337,-1,-1,-1
507,252,626.852,455.706,39.508,81.408,0.818546,-1,-1,-1
507,254,376.956,465.527,51.300,106.737,0.777749,-1,-1,-1
507,238,663.963,457.286,35.282,80.928,0.760306,-1,-1,-1
507,230,1068.793,441.787,53.139,135.626,0.726056,-1,-1,-1
507,161,1646.569,409.809,167.393,377.434,0.265191,-1,-1,-1
507,144,857.107,410.724,100.945,291.316,0.894278,-1,-1,-1
508,123,1852.403,392.242,75.983,281.303,0.367391,-1,-1,-1
508,208,1721.861,396.251,213.975,522.423,0.944883,-1,-1,-1
508,191,1514.560,362.170,300.532,713.481,0.936424,-1,-1,-1
508,100,1302.489,401.634,207.701,648.301,0.941510,-1,-1,-1
508,170,905.263,436.887,125.075,288.077,0.930469,-1,-1,-1
508,189,703.848,434.206,105.369,266.033,0.933033,-1,-1,-1
508,56,130.707,482.529,145.361,244.121,0.938402,-1,-1,-1
508,13,1433.847,416.374,198.454,558.340,0.920542,-1,-1,-1
508,207,455.714,458.603,47.710,90.094,0.566755,-1,-1,-1
508,194,570.331,451.124,34.266,81.570,0.885240,-1,-1,-1
508,239,527.882,459.247,33.496,74.968,0.231043,-1,-1,-1
508,160,1008.505,446.983,103.177,233.730,0.832661,-1,-1,-1
508,169,605.779,449.059,25.997,50.266,0.271578,-1,-1,-1
508,249,1184.495,454.796,33.069,79.658,0.300478,-1,-1,-1
508,250,1091.312,435.496,70.541,159.439,0.849765,-1,-1,-1
508,226,411.603,462.439,53.909,104.954,0.817962,-1,-1,-1
508,252,627.880,452.873,39.941,83.210,0.790387,-1,-1,-1
508,254,377.209,464.941,51.697,107.670,0.782841,-1,-1,-1
508,238,664.165,456.013,36.179,83.352,0.792271,-1,-1,-1
508,230,1067.052,445.671,50.625,129.099,0.690690,-1,-1,-1
508,161,1650.723,410.675,160.942,370.992,0.438492,-1,-1,-1
508,144,860.402,406.067,100.173,291.698,0.897170,-1,-1,-1
508,227,698.410,446.898,38.398,97.789,0.645794,-1,-1,-1
508,64,538.496,455.069,32.183,77.449,0.854904,-1,-1,-1
509,208,1725.043,395.652,209.715,517.791,0.949531,-1,-1,-1
509,191,1515.154,365.585,296.066,708.255,0.935967,-1,-1,-1
509,100,1314.000,401.028,211.282,659.314,0.947996,-1,-1,-1
509,170,909.198,440.459,126.902,286.294,0.938204,-1,-1,-1
509,189,709.335,433.278,106.706,267.203,0.926817,-1,-1,-1
509,56,116.409,483.452,143.171,242.057,0.910230,-1,-1,-1
509,13,1439.912,417.399,197.678,563.564,0.900772,-1,-1,-1
509,207,455.239,458.312,47.187,89.951,0.507927,-1,-1,-1
509,194,570.588,450.525,34.227,82.028,0.886229,-1,-1,-1
509,239,526.105,459.460,33.945,75.638,0.218891,-1,-1,-1
509,160,1011.254,435.576,106.103,244.363,0.892710,-1,-1,-1
509,169,606.287,448.173,26.326,51.394,0.209097,-1,-1,-1
509,249,1173.087,445.429,37.354,87.349,0.606684,-1,-1,-1
509,250,1088.775,426.570,74.216,167.937,0.890106,-1,-1,-1
509,226,411.362,460.652,54.364,106.375,0.828942,-1,-1,-1
509,252,628.545,451.139,39.752,83.785,0.809684,-1,-1,-1
509,254,375.995,464.374,51.354,107.215,0.752917,-1,-1,-1
509,238,665.844,457.031,35.557,81.761,0.818562,-1,-1,-1
509,230,1067.254,445.882,46.315,117.865,0.665201,-1,-1,-1
509,161,1652.042,411.258,152.943,361.431,0.383686,-1,-1,-1
509,144,863.286,408.218,98.095,288.203,0.883758,-1,-1,-1
509,262,805.469,467.134,39.791,78.670,0.659020,-1,-1,-1
509,227,697.253,453.289,36.744,91.593,0.600003,-1,-1,-1
509,64,537.650,454.582,32.712,78.262,0.851361,-1,-1,-1
509,155,693.967,447.675,54.929,125.948,0.807832,-1,-1,-1
510,208,1737.491,395.017,203.166,512.634,0.950400,-1,-1,-1
510,191,1520.964,365.291,294.756,707.475,0.934410,-1,-1,-1
510,100,1325.535,401.221,214.213,664.240,0.948582,-1,-1,-1
510,170,910.570,441.147,128.142,285.027,0.948340,-1,-1,-1
510,189,714.434,444.118,104.534,256.272,0.940798,-1,-1,-1
510,56,105.187,488.572,140.893,237.717,0.921268,-1,-1,-1
510,13,1443.669,416.375,192.369,555.602,0.892457,-1,-1,-1
510,207,455.703,459.130,47.348,90.772,0.475298,-1,-1,-1
510,194,570.299,450.709,34.161,82.371,0.882765,-1,-1,-1
510,239,526.163,461.144,33.964,75.096,0.164077,-1,-1,-1
510,160,1017.864,447.138,99.353,232.330,0.850943,-1,-1,-1
510,169,606.767,448.408,26.037,51.318,0.176810,-1,-1,-1
510,249,1168.002,442.554,39.860,91.310,0.600912,-1,-1,-1
510,250,1090.452,434.008,70.880,160.181,0.873205,-1,-1,-1
510,226,411.711,460.550,54.229,106.094,0.829536,-1,-1,-1
510,252,628.678,449.972,40.566,86.560,0.807570,-1,-1,-1
510,254,376.360,462.791,50.054,105.225,0.723811,-1,-1,-1
510,238,667.004,456.017,36.176,82.781,0.792609,-1,-1,-1
510,230,1068.640,452.383,40.539,103.070,0.647907,-1,-1,-1
510,161,1650.143,406.988,172.996,421.893,0.456137,-1,-1,-1
510,144,866.347,407.371,97.968,288.553,0.896031,-1,-1,-1
510,262,804.584,468.064,39.547,78.327,0.660861,-1,-1,-1
510,227,698.665,454.627,37.100,88.903,0.689438,-1,-1,-1
510,64,536.868,454.687,32.953,77.872,0.839996,-1,-1,-1
510,155,698.527,455.655,51.359,116.986,0.761033,-1,-1,-1
510,72,793.565,459.497,42.383,85.244,0.677867,-1,-1,-1
510,240,709.982,455.116,37.687,92.610,0.601516,-1,-1,-1
511,208,1745.416,393.375,203.984,531.252,0.955725,-1,-1,-1
511,191,1515.540,367.190,288.307,705.029,0.946256,-1,-1,-1
511,100,1334.638,403.996,215.618,661.437,0.957046,-1,-1,-1
511,170,912.056,442.612,130.803,284.380,0.942093,-1,-1,-1
511,189,717.062,440.115,107.474,259.690,0.929731,-1,-1,-1
511,56,98.567,498.296,139.289,232.154,0.868222,-1,-1,-1
511,13,1443.893,408.597,197.389,580.800,0.894350,-1,-1,-1
511,207,454.457,457.621,48.518,93.264,0.640203,-1,-1,-1
511,194,569.607,449.506,34.307,83.042,0.877306,-1,-1,-1
511,239,526.118,459.958,33.901,74.768,0.192767,-1,-1,-1
511,160,1024.856,450.903,96.490,226.881,0.886168,-1,-1,-1
511,169,605.420,448.467,25.692,50.948,0.172859,-1,-1,-1
511,249,1165.628,441.172,42.412,95.827,0.508848,-1,-1,-1
511,250,1093.662,440.012,67.465,151.861,0.877513,-1,-1,-1
511,226,411.283,461.712,53.643,105.516,0.830195,-1,-1,-1
511,252,629.871,449.885,40.578,87.263,0.812710,-1,-1,-1
511,254,376.341,462.936,49.445,104.960,0.729939,-1,-1,-1
511,238,667.309,456.662,36.067,82.229,0.796908,-1,-1,-1
511,230,1066.675,455.430,41.864,106.771,0.503837,-1,-1,-1
511,161,1644.121,402.551,183.977,463.216,0.157755,-1,-1,-1
511,144,867.532,408.351,98.272,289.543,0.902507,-1,-1,-1
511,262,802.447,465.505,43.499,85.984,0.592369,-1,-1,-1
511,227,696.589,456.668,39.041,92.446,0.679916,-1,-1,-1
511,64,537.388,453.181,33.181,78.331,0.845459,-1,-1,-1
511,155,700.231,457.839,50.816,115.588,0.782769,-1,-1,-1
511,72,786.223,455.781,48.475,95.147,0.567834,-1,-1,-1
511,240,710.596,447.717,31.453,76.745,0.132350,-1,-1,-1
512,208,1755.517,390.723,195.768,526.442,0.957956,-1,-1,-1
512,191,1532.263,371.087,287.951,701.838,0.917445,-1,-1,-1
512,100,1338.546,404.143,218.093,661.149,0.949927,-1,-1,-1
512,170,909.790,442.715,132.604,283.140,0.932042,-1,-1,-1
512,189,719.343,436.066,111.366,265.267,0.936272,-1,-1,-1
512,56,78.108,491.840,145.233,242.648,0.913233,-1,-1,-1
512,13,1449.682,405.434,191.764,571.505,0.902298,-1,-1,-1
512,207,451.097,454.592,51.177,98.263,0.646978,-1,-1,-1
512,194,569.527,450.151,33.966,82.425,0.877990,-1,-1,-1
512,239,525.616,459.611,34.016,74.714,0.280939,-1,-1,-1
512,160,1028.767,444.493,98.060,231.240,0.906965,-1,-1,-1
512,169,604.704,451.179,24.698,49.112,0.200108,-1,-1,-1
512,249,1165.246,438.423,42.389,94.618,0.468318,-1,-1,-1
512,250,1090.990,429.361,72.134,162.205,0.878134,-1,-1,-1
512,226,412.160,458.846,54.535,107.470,0.768059,-1,-1,-1
512,252,631.749,450.194,39.876,86.433,0.818446,-1,-1,-1
512,254,375.496,462.206,49.209,105.341,0.705848,-1,-1,-1
512,238,667.573,456.839,34.911,80.297,0.786718,-1,-1,-1
512,230,1067.492,456.957,41.054,105.126,0.299265,-1,-1,-1
512,161,1638.187,417.924,190.016,479.457,0.119044,-1,-1,-1
512,144,869.915,408.694,98.840,289.858,0.887373,-1,-1,-1
512,262,800.639,465.406,43.210,85.368,0.580869,-1,-1,-1
512,227,690.632,455.882,39.433,94.921,0.663073,-1,-1,-1
512,64,536.049,453.906,33.531,78.631,0.848759,-1,-1,-1
512,155,694.559,455.134,51.263,118.503,0.793150,-1,-1,-1
512,72,788.688,463.587,43.219,86.382,0.568426,-1,-1,-1
512,240,714.519,445.832,28.787,69.507,0.108598,-1,-1,-1
513,208,1763.855,389.151,190.554,531.571,0.941199,-1,-1,-1
513,191,1535.244,368.664,287.503,704.983,0.929108,-1,-1,-1
513,100,1340.653,406.378,221.132,661.063,0.953256,-1,-1,-1
513,170,910.041,439.354,135.780,286.245,0.929449,-1,-1,-1
513,189,721.215,431.769,114.130,268.531,0.941298,-1,-1,-1
513,56,59.709,480.585,155.945,258.167,0.894382,-1,-1,-1
513,13,1456.809,413.102,184.771,554.175,0.891349,-1,-1,-1
513,207,449.615,453.461,52.173,99.961,0.672388,-1,-1,-1
513,194,569.612,449.702,34.090,82.704,0.880049,-1,-1,-1
513,239,524.820,459.309,34.067,74.510,0.219146,-1,-1,-1
513,160,1032.146,438.677,100.610,236.565,0.912973,-1,-1,-1
513,169,606.928,451.087,24.975,49.805,0.274951,-1,-1,-1
513,249,1163.620,437.966,41.491,91.318,0.430956,-1,-1,-1
513,250,1091.057,429.645,71.902,160.983,0.837558,-1,-1,-1
513,226,412.485,457.836,54.950,108.325,0.766966,-1,-1,-1
513,252,633.101,451.858,39.285,85.353,0.827358,-1,-1,-1
513,254,375.058,461.581,49.510,106.666,0.733857,-1,-1,-1
513,238,666.800,457.339,34.436,79.979,0.782825,-1,-1,-1
513,230,1072.660,453.508,42.799,109.117,0.292434,-1,-1,-1
513,161,1633.795,420.782,188.236,482.173,0.102026,-1,-1,-1
513,144,872.942,409.521,99.381,288.635,0.876488,-1,-1,-1
513,262,800.446,467.195,41.940,83.090,0.513342,-1,-1,-1
513,227,678.713,454.456,37.481,90.034,0.688002,-1,-1,-1
513,64,535.656,454.650,33.340,77.493,0.849156,-1,-1,-1
513,155,689.065,449.789,52.477,124.933,0.848895,-1,-1,-1
513,72,790.179,466.173,41.129,84.230,0.540473,-1,-1,-1
513,240,713.437,445.578,31.198,76.047,0.146591,-1,-1,-1
513,265,628.204,455.748,27.749,62.920,0.610956,-1,-1,-1
513,217,1000.414,441.684,66.561,136.518,0.690371,-1,-1,-1
514,208,1772.796,383.314,182.373,528.542,0.939810,-1,-1,-1
514,191,1531.982,368.051,283.779,704.692,0.920234,-1,-1,-1
514,100,1340.189,409.312,224.136,658.740,0.943831,-1,-1,-1
514,170,912.814,441.625,136.223,282.685,0.914506,-1,-1,-1
514,189,720.619,429.251,115.880,270.123,0.944562,-1,-1,-1
514,56,44.648,479.562,159.798,264.534,0.917789,-1,-1,-1
514,13,1461.463,423.807,183.332,551.625,0.872702,-1,-1,-1
514,207,449.517,453.425,52.194,99.934,0.647925,-1,-1,-1
514,194,570.123,450.940,33.679,81.555,0.875305,-1,-1,-1
514,239,524.848,459.216,34.331,74.848,0.176252,-1,-1,-1
514,160,1037.396,440.910,100.659,235.515,0.903784,-1,-1,-1
514,169,607.718,449.751,25.668,51.580,0.296322,-1,-1,-1
514,249,1164.745,440.972,39.830,87.135,0.480488,-1,-1,-1
514,250,1091.920,432.581,70.526,158.161,0.829951,-1,-1,-1
514,226,412.024,457.469,55.030,108.882,0.759994,-1,-1,-1
514,252,631.761,451.104,40.712,88.872,0.836594,-1,-1,-1
514,254,374.784,461.302,49.555,107.427,0.712348,-1,-1,-1
514,238,664.604,457.659,34.500,80.894,0.768362,-1,-1,-1
514,230,1074.371,455.989,44.528,113.342,0.380173,-1,-1,-1
514,144,875.598,409.872,100.201,289.827,0.846917,-1,-1,-1
514,262,799.567,467.868,41.880,83.468,0.512122,-1,-1,-1
514,227,672.825,451.139,41.843,101.414,0.631009,-1,-1,-1
514,64,535.700,454.199,33.978,78.247,0.851867,-1,-1,-1
514,155,686.015,447.715,52.509,127.067,0.868190,-1,-1,-1
514,72,791.328,468.423,39.162,81.629,0.478225,-1,-1,-1
514,240,712.797,446.101,29.676,72.505,0.155923,-1,-1,-1
514,265,628.408,453.618,28.878,65.386,0.619034,-1,-1,-1
514,217,1007.398,445.214,60.177,129.024,0.433517,-1,-1,-1
515,208,1781.573,383.839,174.062,525.350,0.941744,-1,-1,-1
515,191,1559.318,371.780,287.579,703.952,0.914074,-1,-1,-1
515,100,1337.896,410.431,225.928,655.047,0.943684,-1,-1,-1
515,170,915.564,443.167,136.393,279.255,0.921443,-1,-1,-1
515,189,719.946,428.247,117.280,271.438,0.935926,-1,-1,-1
515,56,32.559,476.975,165.092,270.178,0.918990,-1,-1,-1
515,13,1465.559,417.245,187.858,561.598,0.872969,-1,-1,-1
515,207,449.969,452.644,52.038,99.899,0.679585,-1,-1,-1
515,194,570.465,450.630,33.512,81.130,0.861963,-1,-1,-1
515,239,524.546,458.639,34.934,76.025,0.167503,-1,-1,-1
515,160,1045.775,450.367,99.635,229.008,0.891796,-1,-1,-1
515,169,607.510,450.545,26.032,52.643,0.224825,-1,-1,-1
515,249,1166.402,441.113,40.409,87.906,0.433745,-1,-1,-1
515,250,1094.783,437.842,67.728,151.269,0.810619,-1,-1,-1
515,226,411.023,456.634,55.360,110.353,0.818352,-1,-1,-1
515,252,631.959,453.611,39.491,86.805,0.832238,-1,-1,-1
515,254,375.319,461.378,49.097,107.170,0.715820,-1,-1,-1
515,238,663.283,456.772,34.065,81.041,0.775683,-1,-1,-1
515,230,1075.586,457.014,41.284,103.785,0.403546,-1,-1,-1
515,144,875.279,408.120,101.369,293.870,0.884547,-1,-1,-1
515,262,798.170,466.245,43.880,87.904,0.464839,-1,-1,-1
515,227,673.454,449.678,45.510,111.197,0.698893,-1,-1,-1
515,64,535.565,454.289,33.929,77.711,0.840284,-1,-1,-1
515,155,683.982,445.189,52.593,129.122,0.871343,-1,-1,-1
515,72,786.940,461.370,44.339,93.194,0.490135,-1,-1,-1
515,240,711.899,448.024,31.093,76.984,0.163562,-1,-1,-1
515,265,630.050,454.079,29.377,66.398,0.600855,-1,-1,-1
515,217,1000.585,448.435,57.647,126.153,0.410735,-1,-1,-1
516,208,1787.465,381.196,168.344,529.791,0.939900,-1,-1,-1
516,191,1574.543,365.238,296.417,713.367,0.927068,-1,-1,-1
516,100,1333.613,411.758,228.123,653.760,0.951988,-1,-1,-1
516,170,917.942,445.308,135.313,272.548,0.923406,-1,-1,-1
516,189,724.940,428.808,116.753,269.574,0.939853,-1,-1,-1
516,56,16.929,477.094,165.357,267.299,0.907402,-1,-1,-1
516,13,1470.548,422.088,186.079,551.990,0.907152,-1,-1,-1
516,207,450.435,452.707,51.266,98.841,0.576125,-1,-1,-1
516,194,570.761,450.260,33.759,82.016,0.867250,-1,-1,-1
516,239,525.338,457.685,36.175,78.129,0.119312,-1,-1,-1
516,160,1043.332,439.773,105.335,241.248,0.910097,-1,-1,-1
516,169,608.181,449.367,26.606,54.282,0.210429,-1,-1,-1
516,249,1168.378,441.565,40.544,87.562,0.505463,-1,-1,-1
516,250,1094.376,439.482,67.497,150.365,0.815220,-1,-1,-1
516,226,411.236,456.908,55.200,110.311,0.776047,-1,-1,-1
516,252,632.885,454.805,39.144,86.364,0.815539,-1,-1,-1
516,254,375.587,461.471,48.932,107.117,0.701699,-1,-1,-1
516,238,662.275,456.213,34.643,83.568,0.736264,-1,-1,-1
516,144,875.926,404.148,102.905,299.269,0.913741,-1,-1,-1
516,262,804.247,467.595,41.912,84.996,0.469175,-1,-1,-1
516,64,535.844,453.963,34.313,78.052,0.828091,-1,-1,-1
516,155,682.368,445.359,52.054,128.633,0.865081,-1,-1,-1
516,72,789.122,457.562,45.546,95.887,0.331439,-1,-1,-1
516,240,710.410,445.410,39.896,101.239,0.363035,-1,-1,-1
516,265,630.556,453.814,28.066,63.186,0.536196,-1,-1,-1
516,217,997.132,445.920,56.725,125.328,0.272214,-1,-1,-1
517,208,1792.910,377.338,163.464,537.626,0.909830,-1,-1,-1
517,191,1557.750,368.572,291.553,708.618,0.915384,-1,-1,-1
517,100,1332.951,410.327,230.798,653.772,0.942732,-1,-1,-1
517,170,920.428,446.366,138.455,274.123,0.913886,-1,-1,-1
517,189,728.204,429.350,116.831,270.268,0.939613,-1,-1,-1
517,56,8.523,490.491,156.855,251.267,0.911159,-1,-1,-1
517,13,1470.305,413.988,191.538,565.417,0.879299,-1,-1,-1
517,207,449.085,452.662,52.452,100.878,0.560453,-1,-1,-1
517,194,569.604,449.021,34.279,83.586,0.864921,-1,-1,-1
517,160,1045.304,441.208,105.825,240.182,0.901407,-1,-1,-1
517,169,608.034,448.173,26.472,54.387,0.247436,-1,-1,-1
517,249,1167.118,441.617,40.704,88.139,0.566198,-1,-1,-1
517,250,1095.125,439.033,66.923,149.838,0.794790,-1,-1,-1
517,226,412.296,457.497,54.428,108.950,0.767159,-1,-1,-1
517,252,634.549,454.474,38.994,86.565,0.806768,-1,-1,-1
517,254,375.582,461.779,48.800,107.157,0.737254,-1,-1,-1
517,238,661.582,455.391,34.769,84.751,0.737813,-1,-1,-1
517,144,879.044,406.286,102.605,297.302,0.898733,-1,-1,-1
517,262,805.919,463.912,42.839,88.283,0.402291,-1,-1,-1
517,64,535.413,452.217,34.440,78.579,0.846738,-1,-1,-1
517,155,680.478,445.714,51.319,127.306,0.868770,-1,-1,-1
517,72,786.923,450.157,50.712,108.161,0.230490,-1,-1,-1
517,240,716.439,449.096,37.841,96.359,0.736392,-1,-1,-1
517,265,630.154,453.639,28.054,62.917,0.568822,-1,-1,-1
517,217,997.969,440.805,54.354,121.512,0.199672,-1,-1,-1
517,251,876.953,439.944,58.745,149.721,0.750834,-1,-1,-1
517,257,386.276,460.437,77.801,110.394,0.601754,-1,-1,-1
518,208,1801.640,382.794,153.096,526.339,0.920877,-1,-1,-1
518,191,1564.923,377.030,287.476,697.234,0.915553,-1,-1,-1
518,100,1332.259,407.067,235.285,660.708,0.945314,-1,-1,-1
518,170,921.636,444.555,140.308,275.898,0.917549,-1,-1,-1
518,189,731.541,428.633,116.579,271.940,0.944493,-1,-1,-1
518,56,1.227,494.793,155.748,248.812,0.909514,-1,-1,-1
518,13,1474.546,407.611,192.135,562.420,0.884312,-1,-1,-1
518,207,449.400,451.931,53.513,102.578,0.554279,-1,-1,-1
518,194,569.592,449.533,34.265,83.716,0.878151,-1,-1,-1
518,160,1047.693,444.142,104.409,235.891,0.904009,-1,-1,-1
518,169,609.216,448.565,26.079,53.820,0.369680,-1,-1,-1
518,249,1168.230,441.583,40.510,88.099,0.644852,-1,-1,-1
518,250,1098.961,445.728,64.406,145.034,0.715793,-1,-1,-1
518,226,411.341,455.360,55.561,111.661,0.774414,-1,-1,-1
518,252,636.343,455.276,38.023,84.991,0.818630,-1,-1,-1
518,254,373.756,460.925,49.773,108.693,0.700079,-1,-1,-1
518,238,661.270,455.026,33.595,82.601,0.742004,-1,-1,-1
518,144,879.152,404.090,103.358,298.977,0.904226,-1,-1,-1
518,262,808.798,463.537,47.146,98.713,0.116842,-1,-1,-1
518,64,536.117,452.335,34.741,78.644,0.841380,-1,-1,-1
518,155,680.113,445.205,50.926,127.690,0.872196,-1,-1,-1
518,72,788.448,446.284,49.188,106.194,0.197115,-1,-1,-1
518,240,720.037,451.941,34.348,87.590,0.789636,-1,-1,-1
518,217,994.074,434.522,49.383,113.291,0.104140,-1,-1,-1
518,251,876.683,439.164,56.416,148.436,0.701668,-1,-1,-1
518,235,1122.418,448.850,50.581,132.813,0.664332,-1,-1,-1
519,208,1809.321,396.788,138.620,493.781,0.912327,-1,-1,-1
519,191,1575.695,375.324,293.117,702.721,0.922324,-1,-1,-1
519,100,1333.581,405.585,237.872,663.048,0.950863,-1,-1,-1
519,170,927.628,442.970,140.606,274.582,0.913030,-1,-1,-1
519,189,734.528,426.104,116.283,273.377,0.936453,-1,-1,-1
519,56,-2.072,501.548,153.698,244.755,0.929000,-1,-1,-1
519,13,1485.650,411.839,190.052,558.808,0.900408,-1,-1,-1
519,207,450.957,452.777,53.871,102.612,0.554871,-1,-1,-1
519,194,570.066,450.030,33.954,83.054,0.878600,-1,-1,-1
519,160,1046.599,438.094,108.054,242.220,0.914157,-1,-1,-1
519,169,613.631,450.517,27.877,57.768,0.609177,-1,-1,-1
519,249,1168.395,440.585,41.087,89.048,0.582165,-1,-1,-1
519,250,1097.297,438.963,66.299,149.813,0.807215,-1,-1,-1
519,226,410.837,455.410,55.375,111.755,0.802005,-1,-1,-1
519,252,638.542,454.482,38.041,85.999,0.811821,-1,-1,-1
519,254,373.500,461.055,49.473,107.769,0.675350,-1,-1,-1
519,238,661.809,454.140,32.479,80.805,0.677328,-1,-1,-1
519,144,879.354,403.572,103.122,296.390,0.913057,-1,-1,-1
519,262,827.596,461.462,45.647,96.023,0.720765,-1,-1,-1
519,64,537.083,453.735,33.992,76.635,0.844457,-1,-1,-1
519,155,678.654,445.161,50.805,128.598,0.887595,-1,-1,-1
519,72,787.696,444.660,48.689,106.129,0.197470,-1,-1,-1
519,240,721.021,452.096,33.776,86.383,0.804279,-1,-1,-1
519,217,989.244,443.929,50.716,119.394,0.147593,-1,-1,-1
519,251,877.566,439.103,54.312,145.531,0.709791,-1,-1,-1
519,235,1129.799,444.964,41.134,106.060,0.510627,-1,-1,-1
520,208,1822.782,410.659,125.312,467.468,0.902341,-1,-1,-1
520,191,1566.128,379.783,285.350,692.872,0.911631,-1,-1,-1
520,100,1339.679,405.469,241.601,664.284,0.940429,-1,-1,-1
520,170,930.674,446.660,140.227,272.490,0.911494,-1,-1,-1
520,189,737.547,426.122,114.241,269.471,0.938953,-1,-1,-1
520,56,-8.393,485.536,166.965,267.968,0.947600,-1,-1,-1
520,13,1497.414,410.866,193.928,565.932,0.869739,-1,-1,-1
520,207,452.171,453.079,53.916,102.225,0.584435,-1,-1,-1
520,194,570.113,449.929,33.854,82.941,0.874333,-1,-1,-1
520,160,1047.650,447.336,105.384,232.931,0.879414,-1,-1,-1
520,169,614.634,448.767,29.128,60.771,0.623923,-1,-1,-1
520,249,1169.849,442.824,40.121,86.413,0.699531,-1,-1,-1
520,250,1102.651,443.251,63.543,144.988,0.740197,-1,-1,-1
520,226,411.390,456.072,54.951,111.056,0.811488,-1,-1,-1
520,252,640.050,453.378,38.104,86.506,0.831108,-1,-1,-1
520,254,375.088,461.267,48.516,106.279,0.685799,-1,-1,-1
520,238,661.339,453.004,31.995,80.355,0.692623,-1,-1,-1
520,144,880.009,403.455,104.283,296.938,0.910486,-1,-1,-1
520,262,835.221,461.261,41.720,88.652,0.615386,-1,-1,-1
520,64,537.829,454.705,33.622,75.856,0.851438,-1,-1,-1
520,155,677.275,444.763,51.047,129.405,0.897344,-1,-1,-1
520,72,785.010,441.736,52.011,112.917,0.162598,-1,-1,-1
520,240,720.789,450.142,34.160,87.054,0.838309,-1,-1,-1
520,251,879.252,439.067,52.405,143.437,0.604203,-1,-1,-1
520,235,1134.477,449.852,35.973,91.451,0.579501,-1,-1,-1
521,208,1827.924,403.376,123.001,483.185,0.767623,-1,-1,-1
521,191,1569.354,375.514,283.102,692.973,0.897824,-1,-1,-1
521,100,1340.321,403.508,246.084,670.111,0.945929,-1,-1,-1
521,170,934.699,450.530,138.193,268.339,0.918518,-1,-1,-1
521,189,741.791,428.425,112.676,265.109,0.930744,-1,-1,-1
521,56,-17.023,482.747,165.576,271.521,0.933581,-1,-1,-1
521,13,1501.365,416.205,193.318,559.374,0.870463,-1,-1,-1
521,207,452.481,452.994,54.732,103.529,0.619607,-1,-1,-1
521,194,570.684,450.846,33.102,81.327,0.866092,-1,-1,-1
521,160,1045.856,444.208,108.121,237.464,0.911608,-1,-1,-1
521,169,616.256,451.558,28.536,59.722,0.530771,-1,-1,-1
521,249,1170.200,443.175,40.436,86.203,0.696327,-1,-1,-1
521,250,1106.976,441.535,61.319,141.130,0.713431,-1,-1,-1
521,226,411.198,456.413,54.583,110.880,0.826495,-1,-1,-1
521,252,642.687,454.578,36.729,84.169,0.772688,-1,-1,-1
521,254,375.620,461.806,48.231,106.063,0.736779,-1,-1,-1
521,238,662.670,453.953,30.600,77.543,0.666936,-1,-1,-1
521,144,878.108,408.155,103.246,294.001,0.909157,-1,-1,-1
521,262,838.293,461.454,39.023,83.602,0.634801,-1,-1,-1
521,64,538.787,455.167,33.225,75.287,0.834250,-1,-1,-1
521,155,676.540,446.340,50.446,128.451,0.899277,-1,-1,-1
521,72,784.586,439.296,56.236,121.998,0.114241,-1,-1,-1
521,240,719.707,449.537,33.975,86.708,0.827770,-1,-1,-1
521,251,882.099,439.738,47.523,132.180,0.544153,-1,-1,-1
521,235,1135.772,448.593,34.803,87.441,0.491741,-1,-1,-1
521,265,636.451,451.269,34.260,77.099,0.622562,-1,-1,-1
522,208,1826.446,408.863,118.198,481.322,0.609520,-1,-1,-1
522,191,1586.446,375.708,291.441,698.952,0.916006,-1,-1,-1
522,100,1342.773,403.133,249.259,672.134,0.941479,-1,-1,-1
522,170,941.591,446.599,138.151,269.669,0.914705,-1,-1,-1
522,189,745.675,427.806,111.153,263.173,0.922101,-1,-1,-1
522,56,-20.768,476.444,166.633,279.614,0.875166,-1,-1,-1
522,13,1504.446,425.204,193.215,548.768,0.882997,-1,-1,-1
522,207,453.040,453.196,54.395,102.916,0.573066,-1,-1,-1
522,194,572.149,453.893,31.317,76.484,0.852346,-1,-1,-1
522,160,1046.573,442.896,108.547,236.821,0.913150,-1,-1,-1
522,169,617.750,453.147,28.016,58.629,0.481915,-1,-1,-1
522,249,1169.583,442.146,41.644,88.079,0.622246,-1,-1,-1
522,250,1109.662,441.711,59.691,138.331,0.681569,-1,-1,-1
522,226,411.141,458.307,53.464,109.068,0.795034,-1,-1,-1
522,252,643.025,454.894,37.028,85.307,0.783839,-1,-1,-1
522,254,376.139,462.330,47.348,104.666,0.724737,-1,-1,-1
522,238,664.609,453.096,29.920,75.848,0.606083,-1,-1,-1
522,144,875.621,404.311,104.143,298.258,0.907944,-1,-1,-1
522,262,842.091,462.012,41.741,90.442,0.737290,-1,-1,-1
522,64,538.288,454.719,33.573,75.994,0.824791,-1,-1,-1
522,155,675.314,447.749,50.081,128.112,0.900699,-1,-1,-1
522,72,780.839,436.910,61.767,133.596,0.100525,-1,-1,-1
522,240,718.493,447.639,35.005,89.390,0.832800,-1,-1,-1
522,251,882.935,441.773,44.212,124.443,0.538448,-1,-1,-1
522,235,1136.635,448.811,34.582,85.733,0.402327,-1,-1,-1
522,230,1063.694,446.470,43.941,110.512,0.601313,-1,-1,-1
522,217,958.392,451.388,57.337,135.142,0.653790,-1,-1,-1
523,191,1585.660,372.554,299.562,704.891,0.935015,-1,-1,-1
523,100,1348.451,400.989,251.035,673.211,0.945927,-1,-1,-1
523,170,947.255,446.822,136.137,268.512,0.910732,-1,-1,-1
523,189,754.261,428.868,111.288,261.898,0.929090,-1,-1,-1
523,56,-19.936,497.830,154.491,264.847,0.796343,-1,-1,-1
523,13,1509.877,418.576,195.526,549.872,0.881481,-1,-1,-1
523,207,453.161,455.816,54.080,101.980,0.648496,-1,-1,-1
523,194,572.354,452.532,32.413,78.545,0.862715,-1,-1,-1
523,160,1049.268,442.844,109.046,236.192,0.920248,-1,-1,-1
523,169,618.729,453.304,27.193,56.828,0.439773,-1,-1,-1
523,249,1169.577,441.337,41.856,88.719,0.517040,-1,-1,-1
523,250,1113.945,442.862,58.119,135.597,0.623071,-1,-1,-1
523,226,411.025,458.224,53.347,109.035,0.829109,-1,-1,-1
523,252,646.801,456.785,36.584,84.813,0.765418,-1,-1,-1
523,254,375.491,462.377,48.016,106.570,0.769802,-1,-1,-1
523,238,662.430,453.171,31.892,81.531,0.568464,-1,-1,-1
523,144,875.639,407.255,103.473,296.691,0.907505,-1,-1,-1
523,262,843.152,466.068,40.372,87.494,0.555963,-1,-1,-1
523,64,538.038,454.403,33.575,75.607,0.804872,-1,-1,-1
523,155,675.598,450.606,48.450,123.854,0.903923,-1,-1,-1
523,240,718.469,448.595,34.328,86.669,0.836955,-1,-1,-1
523,251,886.184,436.753,49.740,141.784,0.605091,-1,-1,-1
523,235,1140.347,443.499,36.579,91.034,0.390658,-1,-1,-1
523,230,1061.932,444.877,43.670,112.014,0.589492,-1,-1,-1
523,217,954.767,451.348,59.000,138.618,0.694013,-1,-1,-1
524,191,1589.615,368.906,305.415,707.935,0.938144,-1,-1,-1
524,100,1356.182,399.556,252.042,675.925,0.940255,-1,-1,-1
524,170,952.123,449.135,133.946,266.998,0.912869,-1,-1,-1
524,189,757.599,430.431,110.865,260.773,0.929342,-1,-1,-1
524,56,-36.160,494.934,148.178,269.153,0.741080,-1,-1,-1
524,13,1506.567,411.493,206.838,576.788,0.881261,-1,-1,-1
524,207,454.951,456.590,53.548,100.739,0.646402,-1,-1,-1
524,194,571.991,451.776,33.722,81.607,0.871811,-1,-1,-1
524,160,1050.984,440.388,109.551,237.799,0.932141,-1,-1,-1
524,169,617.274,453.055,27.864,58.389,0.441676,-1,-1,-1
524,249,1169.861,443.415,40.875,86.800,0.466809,-1,-1,-1
524,250,1117.148,445.755,55.536,130.864,0.570749,-1,-1,-1
524,226,411.455,459.530,52.561,107.276,0.840797,-1,-1,-1
524,252,647.674,455.521,36.125,84.329,0.785798,-1,-1,-1
524,254,375.118,462.526,47.704,106.300,0.739993,-1,-1,-1
524,238,665.941,451.331,31.188,79.635,0.402014,-1,-1,-1
524,144,878.852,405.402,104.590,299.459,0.915758,-1,-1,-1
524,262,844.413,464.691,41.435,90.289,0.744984,-1,-1,-1
524,64,538.740,455.243,33.556,75.746,0.829039,-1,-1,-1
524,155,674.779,449.150,48.678,124.527,0.907489,-1,-1,-1
524,240,718.705,447.960,35.682,89.311,0.868577,-1,-1,-1
524,251,886.740,442.714,43.098,122.946,0.655223,-1,-1,-1
524,235,1142.763,439.557,39.466,99.797,0.230808,-1,-1,-1
524,230,1062.774,448.279,42.420,110.608,0.538828,-1,-1,-1
524,217,952.111,452.893,58.417,137.361,0.479732,-1,-1,-1
524,204,-8.754,503.765,111.792,201.298,0.682237,-1,-1,-1
525,191,1590.249,369.937,309.337,706.083,0.954245,-1,-1,-1
525,100,1369.456,398.958,249.645,675.060,0.935779,-1,-1,-1
525,170,952.622,447.038,134.290,270.881,0.904535,-1,-1,-1
525,189,758.885,427.726,112.158,265.434,0.930362,-1,-1,-1
525,56,-39.479,512.204,129.502,250.589,0.733171,-1,-1,-1
525,13,1510.623,402.492,219.545,609.739,0.881671,-1,-1,-1
525,207,456.119,462.773,51.171,94.411,0.583251,-1,-1,-1
525,194,572.633,450.828,34.357,83.117,0.882502,-1,-1,-1
525,160,1053.828,440.157,108.886,236.813,0.922209,-1,-1,-1
525,169,619.006,452.593,27.466,57.136,0.442730,-1,-1,-1
525,249,1172.847,445.851,38.367,82.065,0.258458,-1,-1,-1
525,250,1123.188,447.461,44.746,106.001,0.502388,-1,-1,-1
525,226,410.774,458.358,52.644,107.776,0.826666,-1,-1,-1
525,252,647.839,454.119,37.551,88.298,0.791163,-1,-1,-1
525,254,375.371,462.457,46.881,104.674,0.747827,-1,-1,-1
525,238,663.780,450.370,30.809,77.953,0.432063,-1,-1,-1
525,144,882.859,402.748,105.599,304.453,0.913235,-1,-1,-1
525,262,846.224,466.531,38.919,84.449,0.615743,-1,-1,-1
525,64,539.487,456.927,33.371,75.444,0.835044,-1,-1,-1
525,155,673.728,448.980,48.334,123.130,0.909605,-1,-1,-1
525,240,718.588,446.884,36.513,90.564,0.889051,-1,-1,-1
525,251,887.139,447.935,36.006,102.783,0.387871,-1,-1,-1
525,235,1139.765,442.078,37.858,95.214,0.449551,-1,-1,-1
525,230,1040.055,448.265,50.559,131.033,0.631677,-1,-1,-1
525,217,949.010,445.289,64.466,153.538,0.415099,-1,-1,-1
525,204,-12.247,515.498,107.455,205.720,0.850659,-1,-1,-1
525,265,642.056,448.369,35.664,80.562,0.637625,-1,-1,-1
526,191,1588.895,369.591,313.276,705.322,0.936128,-1,-1,-1
526,100,1387.257,402.003,244.624,669.586,0.945050,-1,-1,-1
526,170,960.916,446.329,132.918,272.803,0.883435,-1,-1,-1
526,189,761.498,428.549,110.281,262.449,0.935740,-1,-1,-1
526,13,1511.152,403.322,223.432,622.619,0.870206,-1,-1,-1
526,207,455.622,461.464,52.281,95.598,0.578532,-1,-1,-1
526,194,572.960,450.415,34.284,82.778,0.886585,-1,-1,-1
526,160,1058.635,437.974,109.269,239.793,0.918465,-1,-1,-1
526,169,619.275,452.795,26.520,54.785,0.325970,-1,-1,-1
526,249,1168.372,442.079,40.859,87.437,0.480756,-1,-1,-1
526,250,1124.204,450.947,44.358,104.247,0.494557,-1,-1,-1
526,226,410.594,458.072,52.682,108.126,0.832298,-1,-1,-1
526,252,649.607,454.097,38.377,91.499,0.725419,-1,-1,-1
526,254,375.518,462.483,46.432,103.880,0.745200,-1,-1,-1
526,238,660.747,449.444,41.043,103.335,0.646871,-1,-1,-1
526,144,887.817,400.818,104.820,308.222,0.914889,-1,-1,-1
526,262,844.542,464.260,40.893,89.082,0.611683,-1,-1,-1
526,64,539.346,457.419,33.324,75.146,0.837029,-1,-1,-1
526,155,673.871,448.058,48.943,124.111,0.906384,-1,-1,-1
526,240,718.036,446.646,36.794,91.036,0.877760,-1,-1,-1
526,251,885.364,449.040,34.327,97.710,0.411282,-1,-1,-1
526,235,1139.257,443.596,38.050,96.082,0.452418,-1,-1,-1
526,230,1034.932,447.750,54.009,139.241,0.643984,-1,-1,-1
526,217,956.411,451.833,57.793,138.677,0.423563,-1,-1,-1
526,204,-19.465,521.202,110.063,227.404,0.756389,-1,-1,-1
526,265,643.250,448.728,35.640,80.161,0.284892,-1,-1,-1
527,191,1602.268,365.005,312.819,704.195,0.915565,-1,-1,-1
527,100,1401.662,402.298,240.945,669.585,0.949919,-1,-1,-1
527,170,961.020,446.335,131.076,273.998,0.864842,-1,-1,-1
527,189,765.293,429.453,110.322,262.004,0.936154,-1,-1,-1
527,13,1518.394,398.116,223.300,627.542,0.875946,-1,-1,-1
527,207,456.769,467.666,49.844,89.294,0.467300,-1,-1,-1
527,194,573.087,450.056,34.434,83.036,0.881326,-1,-1,-1
527,160,1068.371,446.762,105.508,230.216,0.894488,-1,-1,-1
527,169,620.025,453.718,26.389,54.037,0.348579,-1,-1,-1
527,249,1164.361,442.647,44.162,94.176,0.491168,-1,-1,-1
527,250,1125.726,460.997,45.899,104.014,0.670797,-1,-1,-1
527,226,410.412,457.899,52.654,108.487,0.834253,-1,-1,-1
527,252,650.414,456.257,36.896,88.927,0.693574,-1,-1,-1
527,254,375.606,462.558,46.341,103.910,0.740245,-1,-1,-1
527,238,660.882,452.491,38.989,98.014,0.453340,-1,-1,-1
527,144,893.345,398.648,103.865,310.972,0.912102,-1,-1,-1
527,262,845.305,464.482,42.180,91.120,0.516673,-1,-1,-1
527,64,539.642,457.626,33.388,75.222,0.833509,-1,-1,-1
527,155,673.217,448.852,49.081,123.705,0.898671,-1,-1,-1
527,240,717.267,447.579,36.180,89.441,0.876914,-1,-1,-1
527,251,883.322,453.444,33.705,95.324,0.340551,-1,-1,-1
527,235,1145.331,448.282,36.104,89.203,0.388062,-1,-1,-1
527,230,1032.810,448.606,53.696,138.744,0.594560,-1,-1,-1
527,217,959.268,449.190,57.072,139.064,0.333575,-1,-1,-1
527,204,-23.924,518.487,109.380,244.067,0.846834,-1,-1,-1
527,265,643.045,449.453,34.602,77.604,0.318658,-1,-1,-1
528,191,1620.224,364.920,310.339,706.788,0.944751,-1,-1,-1
528,100,1414.955,401.739,236.638,668.459,0.951905,-1,-1,-1
528,170,964.214,452.532,126.593,268.942,0.895169,-1,-1,-1
528,189,774.650,430.378,109.872,258.912,0.929472,-1,-1,-1
528,13,1521.324,413.182,215.971,609.476,0.908466,-1,-1,-1
528,207,456.768,467.547,51.300,90.405,0.499628,-1,-1,-1
528,194,572.424,449.760,34.841,83.724,0.877405,-1,-1,-1
528,160,1076.655,447.361,105.505,228.486,0.900971,-1,-1,-1
528,169,616.825,452.202,27.190,55.292,0.450020,-1,-1,-1
528,249,1163.181,442.044,44.987,95.443,0.617983,-1,-1,-1
528,250,1125.807,456.104,42.431,94.824,0.346635,-1,-1,-1
528,226,410.410,456.500,54.490,112.588,0.860481,-1,-1,-1
528,252,650.325,455.115,35.911,87.183,0.656024,-1,-1,-1
528,254,375.901,462.354,46.304,103.725,0.644079,-1,-1,-1
528,238,661.567,453.573,39.884,100.014,0.549619,-1,-1,-1
528,144,897.023,396.695,103.112,312.365,0.908027,-1,-1,-1
528,262,851.276,467.718,37.869,81.151,0.422767,-1,-1,-1
528,64,539.951,455.833,34.428,77.643,0.848489,-1,-1,-1
528,155,671.940,450.896,47.888,119.135,0.876964,-1,-1,-1
528,240,717.123,450.861,34.828,85.955,0.858995,-1,-1,-1
528,251,883.543,452.638,34.002,94.778,0.398088,-1,-1,-1
528,235,1149.413,451.680,37.976,90.046,0.389878,-1,-1,-1
528,230,1047.500,451.716,43.953,111.432,0.626883,-1,-1,-1
528,217,962.293,448.852,58.207,142.634,0.283797,-1,-1,-1
528,204,-28.704,517.869,109.160,264.768,0.780868,-1,-1,-1
528,265,641.644,448.346,35.006,77.660,0.282947,-1,-1,-1
529,191,1659.413,374.277,270.146,618.713,0.930163,-1,-1,-1
529,100,1422.637,402.457,231.852,664.559,0.937489,-1,-1,-1
529,170,971.901,450.103,126.809,272.687,0.874117,-1,-1,-1
529,189,781.783,431.339,111.200,259.004,0.928528,-1,-1,-1
529,13,1534.320,425.355,211.432,591.451,0.889895,-1,-1,-1
529,207,457.461,472.498,49.721,85.891,0.524121,-1,-1,-1
529,194,572.522,449.863,35.185,84.265,0.885309,-1,-1,-1
529,160,1081.277,442.582,105.970,228.923,0.892631,-1,-1,-1
529,169,614.635,451.000,27.739,56.269,0.380762,-1,-1,-1
529,249,1158.956,443.352,45.773,95.174,0.708920,-1,-1,-1
529,250,1106.998,448.703,61.238,130.952,0.687698,-1,-1,-1
529,226,410.279,454.332,55.235,115.148,0.872744,-1,-1,-1
529,252,651.044,454.520,35.009,85.323,0.675646,-1,-1,-1
529,254,376.241,462.694,46.987,105.400,0.718576,-1,-1,-1
529,144,901.731,398.773,101.294,309.962,0.891304,-1,-1,-1
529,262,851.736,462.278,39.048,83.699,0.324867,-1,-1,-1
529,64,539.462,452.610,36.398,82.232,0.860846,-1,-1,-1
529,155,667.964,453.026,47.922,117.462,0.881778,-1,-1,-1
529,240,716.410,452.496,34.142,84.208,0.859269,-1,-1,-1
529,251,884.172,448.803,33.887,93.237,0.394600,-1,-1,-1
529,230,1041.980,447.199,54.640,136.348,0.737108,-1,-1,-1
529,217,962.185,446.985,55.399,136.629,0.338838,-1,-1,-1
529,204,-28.945,517.116,98.941,260.390,0.706508,-1,-1,-1
529,265,644.184,448.747,34.705,76.104,0.249201,-1,-1,-1
529,180,315.431,451.938,52.742,113.539,0.607900,-1,-1,-1
530,191,1642.981,377.776,288.421,666.578,0.906640,-1,-1,-1
530,100,1431.887,398.600,231.639,667.996,0.936949,-1,-1,-1
530,170,978.811,448.832,127.623,275.559,0.883776,-1,-1,-1
530,189,785.263,429.910,112.180,258.248,0.941173,-1,-1,-1
530,13,1546.735,423.349,209.248,583.351,0.890513,-1,-1,-1
530,207,456.378,470.601,50.750,87.147,0.409972,-1,-1,-1
530,194,571.437,449.961,35.077,84.244,0.870254,-1,-1,-1
530,160,1081.660,438.178,108.756,235.523,0.889742,-1,-1,-1
530,169,612.849,450.156,28.386,57.754,0.384130,-1,-1,-1
530,249,1161.779,441.838,45.996,94.521,0.665069,-1,-1,-1
530,250,1112.783,445.544,60.821,123.196,0.399727,-1,-1,-1
530,226,410.634,454.030,54.343,114.433,0.870170,-1,-1,-1
530,252,651.788,454.142,33.597,82.146,0.497569,-1,-1,-1
530,254,376.541,463.012,46.800,105.223,0.746321,-1,-1,-1
530,144,904.962,396.293,100.293,310.212,0.918277,-1,-1,-1
530,262,852.994,458.968,38.133,82.845,0.329377,-1,-1,-1
530,64,538.936,455.237,35.007,79.455,0.836634,-1,-1,-1
530,155,664.340,453.779,47.507,115.067,0.907612,-1,-1,-1
530,240,714.722,451.279,34.905,86.469,0.859875,-1,-1,-1
530,251,884.880,446.889,33.786,92.501,0.457021,-1,-1,-1
530,230,1045.589,447.684,52.608,131.833,0.571839,-1,-1,-1
530,217,966.117,447.174,52.262,130.500,0.175570,-1,-1,-1
530,204,-24.081,510.855,78.633,222.921,0.656090,-1,-1,-1
530,265,644.230,450.916,32.214,70.163,0.247385,-1,-1,-1
530,180,315.620,452.179,50.688,112.836,0.564951,-1,-1,-1
530,235,1152.431,442.891,45.790,104.889,0.751487,-1,-1,-1
531,191,1674.754,372.066,260.547,609.913,0.858931,-1,-1,-1
531,100,1437.365,399.352,230.205,667.926,0.943300,-1,-1,-1
531,170,981.977,451.383,126.831,273.425,0.926629,-1,-1,-1
531,189,788.132,428.790,114.308,259.110,0.945048,-1,-1,-1
531,13,1551.432,414.326,217.198,602.144,0.874763,-1,-1,-1
531,207,454.128,466.280,53.019,91.200,0.550927,-1,-1,-1
531,194,570.692,449.180,35.657,86.146,0.865187,-1,-1,-1
531,160,1082.100,434.032,111.072,241.354,0.930131,-1,-1,-1
531,169,613.827,450.687,28.181,57.602,0.371388,-1,-1,-1
531,249,1159.281,440.913,48.895,101.096,0.550708,-1,-1,-1
531,250,1120.793,445.443,56.552,114.349,0.220174,-1,-1,-1
531,226,409.741,453.912,53.951,114.704,0.873774,-1,-1,-1
531,252,650.011,452.945,33.544,82.457,0.534820,-1,-1,-1
531,254,376.798,463.628,46.708,105.175,0.643989,-1,-1,-1
531,144,906.805,398.788,98.697,308.359,0.929325,-1,-1,-1
531,262,853.921,455.706,37.766,83.596,0.214634,-1,-1,-1
531,64,539.273,453.702,35.048,80.132,0.824032,-1,-1,-1
531,155,662.037,453.176,47.785,114.847,0.899071,-1,-1,-1
531,240,713.743,448.983,35.696,88.792,0.874388,-1,-1,-1
531,251,884.435,448.225,34.750,94.123,0.286560,-1,-1,-1
531,230,1046.334,449.882,52.335,130.474,0.440315,-1,-1,-1
531,217,974.991,448.904,48.619,121.635,0.149088,-1,-1,-1
531,265,642.835,452.656,31.529,68.608,0.363103,-1,-1,-1
531,180,317.839,464.347,44.155,98.299,0.316607,-1,-1,-1
531,235,1146.829,440.628,50.193,112.488,0.503528,-1,-1,-1
531,161,1630.538,357.519,283.226,721.908,0.914719,-1,-1,-1
532,100,1444.150,397.948,231.085,671.205,0.937288,-1,-1,-1
532,170,991.623,450.481,126.205,272.614,0.924836,-1,-1,-1
532,189,791.869,430.878,114.652,256.545,0.945234,-1,-1,-1
532,13,1548.541,411.783,221.108,613.062,0.883048,-1,-1,-1
532,207,452.929,465.158,53.165,91.470,0.412192,-1,-1,-1
532,194,570.571,448.687,36.202,87.701,0.880997,-1,-1,-1
532,160,1082.364,434.320,111.455,243.012,0.911900,-1,-1,-1
532,169,615.137,450.724,28.294,58.068,0.393791,-1,-1,-1
532,249,1166.253,441.958,44.515,91.133,0.233237,-1,-1,-1
532,250,1120.220,444.431,54.639,111.247,0.251032,-1,-1,-1
532,226,410.524,453.481,53.454,114.513,0.856726,-1,-1,-1
532,254,377.123,463.817,46.172,103.829,0.637529,-1,-1,-1
532,144,911.898,404.351,96.937,302.526,0.923163,-1,-1,-1
532,262,859.050,454.705,35.948,79.953,0.146350,-1,-1,-1
532,64,538.822,453.782,35.373,81.024,0.865484,-1,-1,-1
532,155,659.715,452.376,48.248,115.884,0.900751,-1,-1,-1
532,240,712.944,448.561,36.014,89.898,0.857410,-1,-1,-1
532,251,880.951,444.602,37.414,101.584,0.151822,-1,-1,-1
532,230,1044.656,441.827,62.185,153.282,0.349268,-1,-1,-1
532,217,976.522,445.710,49.993,124.617,0.161720,-1,-1,-1
532,265,644.408,452.971,31.152,68.403,0.518817,-1,-1,-1
532,180,315.316,457.357,47.937,107.889,0.435916,-1,-1,-1
532,235,1147.289,438.131,54.190,119.905,0.705616,-1,-1,-1
532,161,1626.045,376.208,284.787,707.243,0.924170,-1,-1,-1
533,100,1454.058,400.350,233.526,671.634,0.927009,-1,-1,-1
533,170,994.771,445.119,128.741,277.733,0.919317,-1,-1,-1
533,189,794.135,436.563,113.691,251.191,0.942393,-1,-1,-1
533,13,1536.257,410.396,226.197,623.845,0.825390,-1,-1,-1
533,207,453.522,464.782,53.702,92.110,0.462065,-1,-1,-1
533,194,570.915,448.205,36.391,88.066,0.875239,-1,-1,-1
533,160,1081.363,438.913,107.073,238.300,0.894545,-1,-1,-1
533,169,615.058,450.638,28.461,58.733,0.397748,-1,-1,-1
533,250,1123.701,453.645,48.183,99.474,0.493773,-1,-1,-1
533,226,411.214,453.311,52.899,113.730,0.862320,-1,-1,-1
533,254,377.941,463.731,44.742,100.406,0.581027,-1,-1,-1
533,144,914.301,405.320,96.907,301.109,0.920962,-1,-1,-1
533,262,861.074,450.346,32.757,73.061,0.119406,-1,-1,-1
533,64,538.770,454.637,34.661,79.379,0.848421,-1,-1,-1
533,155,658.671,452.146,47.547,114.486,0.895514,-1,-1,-1
533,240,711.977,450.222,35.242,88.767,0.845775,-1,-1,-1
533,251,884.667,448.211,34.958,93.498,0.221615,-1,-1,-1
533,230,1046.218,441.841,58.773,145.835,0.198665,-1,-1,-1
533,217,983.690,451.785,65.096,163.063,0.615266,-1,-1,-1
533,265,646.130,452.893,31.265,69.385,0.491850,-1,-1,-1
533,180,315.256,455.334,48.158,110.020,0.483819,-1,-1,-1
533,235,1153.033,440.684,51.858,115.182,0.783990,-1,-1,-1
533,161,1623.997,363.648,291.354,720.839,0.922912,-1,-1,-1
533,269,696.327,450.684,32.115,86.016,0.667569,-1,-1,-1
534,100,1453.604,403.074,232.366,670.041,0.938413,-1,-1,-1
534,170,1000.287,441.451,130.798,281.593,0.933513,-1,-1,-1
534,189,796.089,437.532,114.375,250.385,0.940279,-1,-1,-1
534,13,1543.650,409.739,225.774,623.020,0.896389,-1,-1,-1
534,207,453.830,460.790,56.708,96.919,0.624810,-1,-1,-1
534,194,571.456,446.750,36.766,88.597,0.871559,-1,-1,-1
534,160,1083.190,442.868,103.362,234.352,0.876565,-1,-1,-1
534,169,617.118,451.067,27.707,57.058,0.356833,-1,-1,-1
534,250,1125.031,458.368,45.107,92.037,0.401244,-1,-1,-1
534,226,410.847,450.852,53.930,117.160,0.872862,-1,-1,-1
534,254,377.033,463.068,46.046,103.429,0.732382,-1,-1,-1
534,144,916.842,408.617,96.271,299.098,0.925367,-1,-1,-1
534,262,861.417,445.991,39.512,90.099,0.153591,-1,-1,-1
534,64,538.544,454.124,35.078,80.489,0.860507,-1,-1,-1
534,155,657.713,451.420,47.691,115.218,0.905209,-1,-1,-1
534,240,713.992,452.829,34.061,86.466,0.843032,-1,-1,-1
534,251,881.365,444.499,33.875,89.593,0.364308,-1,-1,-1
534,230,1047.157,443.703,60.720,147.233,0.197878,-1,-1,-1
534,217,990.804,456.664,56.755,137.790,0.658765,-1,-1,-1
534,265,646.510,451.177,31.107,69.808,0.384966,-1,-1,-1
534,180,315.785,453.457,47.802,110.933,0.540694,-1,-1,-1
534,235,1159.895,441.534,46.792,102.853,0.572828,-1,-1,-1
534,161,1640.671,366.961,285.700,717.697,0.934797,-1,-1,-1
534,269,696.134,452.295,30.426,81.561,0.688812,-1,-1,-1
535,100,1456.259,403.027,232.481,670.359,0.937350,-1,-1,-1
535,170,1000.187,437.814,133.019,285.467,0.932556,-1,-1,-1
535,189,798.111,436.998,115.677,251.221,0.950107,-1,-1,-1
535,13,1556.538,408.853,226.592,626.988,0.887587,-1,-1,-1
535,207,454.482,460.691,57.027,97.075,0.618363,-1,-1,-1
535,194,572.381,447.266,36.724,88.046,0.872639,-1,-1,-1
535,160,1086.269,442.584,101.639,233.642,0.874209,-1,-1,-1
535,169,616.668,451.305,27.740,57.099,0.408956,-1,-1,-1
535,250,1122.595,457.081,47.865,96.010,0.544391,-1,-1,-1
535,226,411.542,451.065,53.948,117.956,0.864303,-1,-1,-1
535,254,377.103,463.004,47.658,106.643,0.783995,-1,-1,-1
535,144,917.573,408.660,97.043,298.504,0.925081,-1,-1,-1
535,64,539.363,454.853,34.693,79.753,0.875252,-1,-1,-1
535,155,658.779,451.715,47.410,115.042,0.904680,-1,-1,-1
535,240,713.623,452.830,33.892,86.190,0.856958,-1,-1,-1
535,251,881.454,446.461,33.798,88.989,0.372384,-1,-1,-1
535,230,1038.678,439.351,61.014,147.973,0.102489,-1,-1,-1
535,217,1001.911,454.293,44.909,108.779,0.630017,-1,-1,-1
535,265,646.573,451.861,30.358,68.577,0.593969,-1,-1,-1
535,180,315.317,451.125,49.126,114.949,0.579985,-1,-1,-1
535,235,1161.505,443.126,46.100,101.113,0.635842,-1,-1,-1
535,161,1658.762,371.211,277.047,712.368,0.917541,-1,-1,-1
535,269,698.146,452.050,30.422,81.720,0.687663,-1,-1,-1
536,100,1460.922,404.545,234.038,668.359,0.939364,-1,-1,-1
536,170,1003.602,447.715,130.284,275.338,0.935275,-1,-1,-1
536,189,800.029,435.432,116.541,251.728,0.949959,-1,-1,-1
536,13,1562.768,417.041,224.735,619.112,0.902487,-1,-1,-1
536,207,455.517,463.292,55.566,93.794,0.543881,-1,-1,-1
536,194,573.914,450.019,35.996,86.030,0.867985,-1,-1,-1
536,160,1090.814,437.284,103.989,241.588,0.908115,-1,-1,-1
536,169,616.818,452.134,27.617,56.794,0.399585,-1,-1,-1
536,226,411.955,451.728,53.398,117.490,0.864920,-1,-1,-1
536,254,377.450,463.181,47.692,106.429,0.782179,-1,-1,-1
536,144,919.210,409.137,98.653,299.006,0.921896,-1,-1,-1
536,64,539.856,455.526,34.366,79.432,0.861762,-1,-1,-1
536,155,659.546,453.583,46.268,112.330,0.888625,-1,-1,-1
536,240,712.699,451.956,34.120,86.293,0.872949,-1,-1,-1
536,251,881.642,445.481,36.505,96.532,0.385054,-1,-1,-1
536,230,1038.551,440.130,53.074,130.770,0.192617,-1,-1,-1
536,217,1004.865,451.075,40.584,99.034,0.512009,-1,-1,-1
536,265,648.315,454.089,29.317,66.235,0.585382,-1,-1,-1
536,180,315.805,450.519,48.288,113.758,0.510141,-1,-1,-1
536,235,1162.638,439.988,47.728,105.828,0.687225,-1,-1,-1
536,161,1685.658,367.850,265.194,711.866,0.933414,-1,-1,-1
536,269,699.652,452.460,30.110,80.944,0.702603,-1,-1,-1
537,100,1461.725,405.121,236.466,668.834,0.935474,-1,-1,-1
537,170,1003.009,443.457,133.523,280.384,0.929635,-1,-1,-1
537,189,800.932,435.040,116.983,251.821,0.949277,-1,-1,-1
537,13,1567.804,418.456,224.562,619.431,0.905442,-1,-1,-1
537,207,455.264,462.474,56.069,94.203,0.533503,-1,-1,-1
537,194,576.099,453.827,34.800,82.416,0.871788,-1,-1,-1
537,160,1091.593,438.553,102.182,237.778,0.867530,-1,-1,-1
537,169,616.901,452.401,27.588,56.807,0.394148,-1,-1,-1
537,226,412.062,451.587,53.262,118.181,0.871076,-1,-1,-1
537,254,377.458,463.328,47.743,106.539,0.796463,-1,-1,-1
537,144,921.458,410.303,99.472,297.024,0.924513,-1,-1,-1
537,64,540.435,455.118,34.360,79.701,0.862647,-1,-1,-1
537,155,659.472,454.247,46.054,112.345,0.879911,-1,-1,-1
537,240,712.203,450.499,34.953,88.000,0.881574,-1,-1,-1
537,251,883.630,446.551,36.248,96.730,0.420024,-1,-1,-1
537,230,1014.120,446.145,51.527,126.613,0.619291,-1,-1,-1
537,217,1007.296,451.291,38.727,95.955,0.674723,-1,-1,-1
537,265,647.669,454.027,29.241,66.369,0.566420,-1,-1,-1
537,180,315.908,450.442,47.698,113.132,0.481700,-1,-1,-1
537,235,1162.002,440.604,46.485,105.047,0.553918,-1,-1,-1
537,161,1706.951,377.593,250.875,704.414,0.937465,-1,-1,-1
537,269,700.922,451.789,30.740,82.726,0.689415,-1,-1,-1
538,100,1461.468,401.536,240.188,672.868,0.936230,-1,-1,-1
538,170,1006.290,439.499,134.903,282.499,0.928033,-1,-1,-1
538,189,802.761,433.567,117.856,251.807,0.947055,-1,-1,-1
538,13,1568.694,417.119,223.318,616.386,0.893979,-1,-1,-1
538,207,455.823,463.907,55.015,92.017,0.549471,-1,-1,-1
538,194,577.036,456.062,34.258,80.498,0.864751,-1,-1,-1
538,160,1086.113,438.157,103.508,238.336,0.894941,-1,-1,-1
538,169,618.984,454.468,26.353,53.736,0.386939,-1,-1,-1
538,226,412.357,452.709,52.749,116.952,0.870821,-1,-1,-1
538,254,376.587,463.534,48.181,106.857,0.792421,-1,-1,-1
538,144,923.033,410.701,101.934,295.839,0.929415,-1,-1,-1
538,64,540.163,454.467,34.660,80.536,0.862007,-1,-1,-1
538,155,665.903,454.907,41.980,103.219,0.466393,-1,-1,-1
538,240,711.446,449.502,35.165,88.231,0.876071,-1,-1,-1
538,251,884.123,444.484,34.054,90.813,0.107245,-1,-1,-1
538,230,1004.841,444.860,50.580,125.487,0.661866,-1,-1,-1
538,217,1007.260,449.883,38.186,95.643,0.781577,-1,-1,-1
538,265,647.106,455.214,28.456,64.971,0.484586,-1,-1,-1
538,180,315.445,450.662,47.827,113.936,0.513968,-1,-1,-1
538,235,1162.079,441.967,45.143,102.189,0.633266,-1,-1,-1
538,161,1720.879,379.364,239.569,703.285,0.947230,-1,-1,-1
538,269,700.026,450.976,31.049,83.617,0.720223,-1,-1,-1
538,238,659.779,455.501,42.938,108.885,0.881233,-1,-1,-1
539,100,1462.550,400.566,243.328,675.266,0.927164,-1,-1,-1
539,170,1010.895,441.112,133.336,278.863,0.931951,-1,-1,-1
539,189,804.935,430.354,120.071,255.331,0.945032,-1,-1,-1
539,13,1572.047,415.394,221.194,606.181,0.906569,-1,-1,-1
539,207,453.938,469.026,51.792,86.386,0.525658,-1,-1,-1
539,194,577.502,457.056,33.860,79.740,0.864561,-1,-1,-1
539,160,1086.330,433.181,105.761,245.910,0.880483,-1,-1,-1
539,169,615.927,452.624,26.814,54.808,0.436736,-1,-1,-1
539,226,412.080,452.557,52.606,116.883,0.872957,-1,-1,-1
539,254,375.695,462.781,48.292,107.404,0.807235,-1,-1,-1
539,144,925.829,411.778,104.014,293.496,0.928401,-1,-1,-1
539,64,540.746,454.123,34.533,80.622,0.857614,-1,-1,-1
539,155,672.950,453.441,36.505,90.278,0.461035,-1,-1,-1
539,240,710.454,449.318,35.859,89.491,0.874907,-1,-1,-1
539,251,881.392,445.720,42.582,115.354,0.471542,-1,-1,-1
539,230,1001.294,453.116,49.358,122.883,0.323197,-1,-1,-1
539,217,1006.006,449.660,39.484,100.009,0.749996,-1,-1,-1
539,265,647.796,452.698,26.233,59.603,0.476678,-1,-1,-1
539,180,315.597,451.710,48.072,114.791,0.605155,-1,-1,-1
539,235,1161.970,443.474,44.160,101.457,0.585668,-1,-1,-1
539,161,1730.981,383.291,228.581,699.407,0.940988,-1,-1,-1
539,269,699.160,451.034,30.932,83.184,0.725997,-1,-1,-1
539,238,658.319,454.537,43.679,110.787,0.886508,-1,-1,-1
540,100,1466.663,399.117,246.729,677.123,0.920002,-1,-1,-1
540,170,1013.399,442.294,132.693,277.565,0.907277,-1,-1,-1
540,189,806.870,430.045,120.245,255.292,0.934742,-1,-1,-1
540,13,1582.492,406.195,224.773,614.818,0.899901,-1,-1,-1
540,207,451.046,462.694,54.997,92.488,0.374289,-1,-1,-1
540,194,577.585,458.380,33.440,78.547,0.864579,-1,-1,-1
540,160,1087.224,428.069,108.040,252.505,0.869637,-1,-1,-1
540,169,615.254,452.741,27.251,55.930,0.359669,-1,-1,-1
540,226,413.393,452.757,52.126,116.000,0.838398,-1,-1,-1
540,254,376.791,463.067,47.633,106.281,0.692366,-1,-1,-1
540,144,927.102,409.210,107.994,296.536,0.936798,-1,-1,-1
540,64,541.004,456.629,33.764,78.887,0.849114,-1,-1,-1
540,155,674.070,453.301,34.460,85.576,0.676396,-1,-1,-1
540,240,710.217,447.009,36.659,91.521,0.870524,-1,-1,-1
540,251,880.790,444.648,45.300,124.223,0.163510,-1,-1,-1
540,230,995.603,444.332,51.579,131.041,0.456916,-1,-1,-1
540,217,1007.707,450.388,32.390,82.489,0.586745,-1,-1,-1
540,265,650.690,451.912,26.938,60.850,0.417431,-1,-1,-1
540,180,315.425,451.483,47.424,113.662,0.571697,-1,-1,-1
540,235,1162.923,441.847,45.115,104.035,0.668578,-1,-1,-1
540,161,1740.699,391.569,216.232,687.660,0.946005,-1,-1,-1
540,269,694.639,450.580,30.866,83.002,0.724007,-1,-1,-1
540,238,655.660,453.969,43.846,112.458,0.892939,-1,-1,-1
541,100,1470.273,398.163,249.067,677.337,0.921994,-1,-1,-1
541,170,1017.284,442.579,131.919,277.259,0.899140,-1,-1,-1
541,189,809.384,429.007,120.505,255.475,0.938120,-1,-1,-1
541,13,1584.757,411.373,224.027,608.721,0.885618,-1,-1,-1
541,207,447.912,457.819,56.901,97.393,0.474276,-1,-1,-1
541,194,577.264,458.568,33.581,78.747,0.858534,-1,-1,-1
541,160,1082.994,428.618,108.861,252.720,0.850175,-1,-1,-1
541,169,615.712,452.954,27.106,55.837,0.332144,-1,-1,-1
541,226,414.272,453.377,51.721,114.688,0.833461,-1,-1,-1
541,254,376.840,462.826,46.925,104.785,0.670461,-1,-1,-1
541,144,929.578,418.161,106.555,285.212,0.922441,-1,-1,-1
541,64,541.450,458.645,32.833,76.980,0.840779,-1,-1,-1
541,155,673.206,453.475,34.300,85.526,0.683349,-1,-1,-1
541,240,709.904,445.641,37.250,93.182,0.869499,-1,-1,-1
541,251,876.983,435.245,52.123,144.719,0.131230,-1,-1,-1
541,230,995.102,442.543,50.167,129.219,0.373555,-1,-1,-1
541,217,1006.906,451.523,30.789,78.446,0.572055,-1,-1,-1
541,265,651.135,452.254,26.117,58.639,0.418161,-1,-1,-1
541,180,315.855,451.910,47.179,112.852,0.600013,-1,-1,-1
541,235,1165.852,442.298,44.795,102.990,0.648559,-1,-1,-1
541,161,1746.350,381.723,211.123,699.302,0.945689,-1,-1,-1
541,269,691.146,450.322,30.925,83.322,0.697931,-1,-1,-1
541,238,654.929,454.035,43.484,112.358,0.891220,-1,-1,-1
541,271,919.900,460.488,55.189,132.910,0.649602,-1,-1,-1
541,72,802.489,472.333,35.063,73.205,0.605308,-1,-1,-1
542,100,1477.798,401.590,251.035,674.003,0.939478,-1,-1,-1
542,170,1019.354,435.062,136.645,285.271,0.911404,-1,-1,-1
542,189,815.989,428.990,119.928,254.962,0.919848,-1,-1,-1
542,13,1592.611,412.957,222.987,601.086,0.902976,-1,-1,-1
542,207,446.839,457.521,56.469,97.791,0.417230,-1,-1,-1
542,194,576.958,457.078,34.443,80.506,0.866882,-1,-1,-1
542,160,1090.020,433.753,105.833,249.503,0.727617,-1,-1,-1
542,169,614.947,450.937,27.962,57.949,0.407398,-1,-1,-1
542,226,415.516,454.445,51.323,113.011,0.819426,-1,-1,-1
542,254,377.589,462.336,45.957,103.275,0.573512,-1,-1,-1
542,144,927.840,416.647,108.906,287.040,0.927163,-1,-1,-1
542,64,540.649,457.991,32.880,77.143,0.836605,-1,-1,-1
542,155,675.539,453.572,33.273,83.212,0.667139,-1,-1,-1
542,240,710.503,446.217,37.500,94.662,0.853171,-1,-1,-1
542,251,875.900,432.053,57.295,157.229,0.148835,-1,-1,-1
542,230,996.913,439.907,48.564,126.331,0.370754,-1,-1,-1
542,217,1007.926,448.640,31.227,79.807,0.646350,-1,-1,-1
542,265,651.962,452.491,25.698,57.349,0.389655,-1,-1,-1
542,180,315.637,452.012,47.190,112.888,0.462173,-1,-1,-1
542,235,1166.360,442.109,44.849,102.384,0.665898,-1,-1,-1
542,161,1753.888,379.743,203.417,701.848,0.935510,-1,-1,-1
542,269,692.108,452.898,29.896,80.348,0.735841,-1,-1,-1
542,238,654.979,454.384,43.073,112.554,0.887535,-1,-1,-1
542,271,922.113,455.857,57.475,138.546,0.370179,-1,-1,-1
542,72,802.319,468.388,37.078,75.816,0.478439,-1,-1,-1
543,100,1485.132,402.809,251.658,672.139,0.937045,-1,-1,-1
543,170,1025.665,431.865,138.175,288.803,0.894283,-1,-1,-1
543,189,822.239,428.965,117.846,252.233,0.917704,-1,-1,-1
543,13,1597.720,413.917,224.539,599.360,0.910825,-1,-1,-1
543,207,449.443,458.791,55.943,96.704,0.444392,-1,-1,-1
543,194,576.919,456.979,34.629,80.368,0.865161,-1,-1,-1
543,160,1096.137,431.862,106.272,251.893,0.789594,-1,-1,-1
543,169,614.804,450.880,27.699,57.610,0.371779,-1,-1,-1
543,226,415.297,455.201,51.304,112.362,0.819243,-1,-1,-1
543,254,377.566,462.214,45.837,103.353,0.546681,-1,-1,-1
543,144,927.776,414.382,111.519,289.472,0.926934,-1,-1,-1
543,64,541.539,457.341,33.089,77.330,0.840433,-1,-1,-1
543,240,709.475,446.519,36.490,92.295,0.854397,-1,-1,-1
543,251,873.441,432.300,60.677,164.983,0.254303,-1,-1,-1
543,230,996.559,441.358,49.367,130.252,0.603203,-1,-1,-1
543,217,1006.535,448.961,35.733,92.872,0.725331,-1,-1,-1
543,265,653.069,452.030,25.780,56.870,0.356514,-1,-1,-1
543,180,316.366,452.766,46.853,111.823,0.417383,-1,-1,-1
543,235,1165.738,442.540,45.643,102.251,0.717036,-1,-1,-1
543,161,1761.572,390.073,192.100,687.950,0.933539,-1,-1,-1
543,269,691.075,453.218,29.830,79.762,0.775287,-1,-1,-1
543,238,653.901,452.743,43.349,114.062,0.896923,-1,-1,-1
543,271,924.865,451.073,59.023,142.858,0.401443,-1,-1,-1
543,72,799.886,465.832,37.389,76.699,0.519750,-1,-1,-1
544,100,1496.193,402.785,253.139,674.379,0.929189,-1,-1,-1
544,170,1034.530,429.353,139.971,290.486,0.864947,-1,-1,-1
544,189,828.252,429.991,117.186,252.671,0.924304,-1,-1,-1
544,13,1614.223,412.528,235.660,627.671,0.875868,-1,-1,-1
544,207,453.304,464.144,53.095,90.772,0.490104,-1,-1,-1
544,194,577.037,456.074,35.357,82.272,0.857030,-1,-1,-1
544,160,1089.055,429.686,111.281,260.459,0.686230,-1,-1,-1
544,169,614.754,450.740,27.671,57.677,0.387740,-1,-1,-1
544,226,414.798,455.613,51.612,113.091,0.845593,-1,-1,-1
544,254,377.390,463.100,46.573,105.385,0.684094,-1,-1,-1
544,144,927.728,414.862,112.075,287.969,0.915956,-1,-1,-1
544,64,541.812,454.331,34.479,80.459,0.859448,-1,-1,-1
544,240,708.608,446.462,36.241,91.506,0.855404,-1,-1,-1
544,251,879.066,435.363,56.182,151.890,0.115760,-1,-1,-1
544,230,994.743,439.344,51.674,137.693,0.631279,-1,-1,-1
544,217,1006.261,447.558,36.919,96.778,0.725739,-1,-1,-1
544,265,653.139,451.679,26.060,56.909,0.394422,-1,-1,-1
544,180,315.943,452.733,47.476,113.350,0.532296,-1,-1,-1
544,235,1165.757,444.598,47.818,104.748,0.602135,-1,-1,-1
544,161,1765.826,385.857,186.510,692.822,0.922145,-1,-1,-1
544,269,689.963,454.027,29.593,78.596,0.771037,-1,-1,-1
544,238,653.436,451.467,43.324,114.725,0.893442,-1,-1,-1
544,271,926.703,445.007,57.453,139.590,0.585478,-1,-1,-1
544,72,800.200,467.692,36.686,74.408,0.533065,-1,-1,-1
545,100,1521.038,401.208,255.712,675.219,0.916817,-1,-1,-1
545,170,1036.509,431.937,139.653,286.354,0.870268,-1,-1,-1
545,189,833.163,428.690,117.126,255.289,0.931849,-1,-1,-1
545,13,1614.278,408.167,234.050,620.593,0.876975,-1,-1,-1
545,207,454.039,457.344,56.130,96.936,0.477445,-1,-1,-1
545,194,576.877,451.152,37.734,87.981,0.867195,-1,-1,-1
545,160,1086.276,429.717,113.946,265.134,0.640224,-1,-1,-1
545,169,614.089,449.579,28.360,59.355,0.328613,-1,-1,-1
545,226,414.050,454.479,52.126,113.866,0.848622,-1,-1,-1
545,254,377.589,463.025,45.662,103.172,0.566285,-1,-1,-1
545,144,927.562,410.936,115.302,292.637,0.913750,-1,-1,-1
545,64,540.897,450.620,36.084,84.397,0.865107,-1,-1,-1
545,240,709.362,448.487,35.563,89.274,0.863984,-1,-1,-1
545,251,890.132,438.050,53.497,144.412,0.138080,-1,-1,-1
545,230,996.953,440.314,49.011,131.172,0.616809,-1,-1,-1
545,265,653.600,451.330,27.671,60.033,0.393272,-1,-1,-1
545,180,316.144,452.858,47.515,113.093,0.520620,-1,-1,-1
545,235,1176.741,444.929,47.730,102.937,0.777352,-1,-1,-1
545,161,1772.020,388.601,179.436,691.742,0.888678,-1,-1,-1
545,269,689.022,454.929,29.352,77.580,0.768528,-1,-1,-1
545,238,653.040,451.428,42.721,114.050,0.880519,-1,-1,-1
545,271,929.915,445.342,55.248,134.077,0.607818,-1,-1,-1
545,72,802.154,468.246,37.480,74.329,0.531333,-1,-1,-1
545,272,1027.571,443.528,68.908,132.428,0.603626,-1,-1,-1
546,100,1547.214,401.090,262.742,676.670,0.952953,-1,-1,-1
546,170,1042.165,430.498,140.916,286.024,0.866843,-1,-1,-1
546,189,838.213,427.561,116.341,256.473,0.912774,-1,-1,-1
546,13,1629.592,402.095,231.577,617.841,0.126183,-1,-1,-1
546,207,454.835,455.583,56.501,98.143,0.520286,-1,-1,-1
546,194,577.006,451.880,36.813,86.183,0.873371,-1,-1,-1
546,160,1087.247,426.799,115.884,269.104,0.557559,-1,-1,-1
546,169,617.139,453.245,26.538,55.050,0.181862,-1,-1,-1
546,226,414.113,456.659,51.175,111.349,0.822106,-1,-1,-1
546,254,376.974,463.647,45.166,101.627,0.507882,-1,-1,-1
546,144,927.931,413.419,116.570,291.115,0.915282,-1,-1,-1
546,64,541.408,449.352,36.487,85.569,0.866496,-1,-1,-1
546,240,710.573,450.729,34.679,87.867,0.848999,-1,-1,-1
546,251,894.729,435.624,54.027,146.501,0.133138,-1,-1,-1
546,230,1001.012,442.311,44.748,119.058,0.407030,-1,-1,-1
546,265,651.836,453.320,33.427,73.273,0.400883,-1,-1,-1
546,180,316.456,453.704,46.746,111.060,0.389886,-1,-1,-1
546,235,1178.694,444.645,48.566,102.522,0.630903,-1,-1,-1
546,161,1772.196,376.349,176.831,704.532,0.887184,-1,-1,-1
546,269,689.040,457.113,28.638,75.284,0.768653,-1,-1,-1
546,238,653.645,452.786,40.993,109.875,0.880905,-1,-1,-1
546,271,930.865,447.209,56.315,136.972,0.629963,-1,-1,-1
546,72,818.553,469.299,40.175,78.282,0.602905,-1,-1,-1
546,272,1038.276,447.165,73.889,141.814,0.749708,-1,-1,-1
546,191,1757.563,390.395,250.416,687.434,0.674554,-1,-1,-1
547,100,1555.451,400.580,266.739,675.444,0.925401,-1,-1,-1
547,170,1037.911,428.084,145.766,291.521,0.868972,-1,-1,-1
547,189,842.372,427.052,114.294,253.844,0.906338,-1,-1,-1
547,13,1635.747,409.356,236.204,630.726,0.756625,-1,-1,-1
547,207,455.179,454.881,55.408,97.354,0.504489,-1,-1,-1
547,194,577.398,449.617,37.906,88.707,0.875038,-1,-1,-1
547,160,1091.387,426.885,115.426,265.088,0.672836,-1,-1,-1
547,169,615.776,454.152,27.030,55.859,0.187845,-1,-1,-1
547,226,414.238,457.208,51.483,110.932,0.803204,-1,-1,-1
547,254,377.097,464.191,43.736,97.325,0.457579,-1,-1,-1
547,144,932.757,407.476,119.737,298.410,0.902698,-1,-1,-1
547,64,541.814,448.534,36.776,86.321,0.874771,-1,-1,-1
547,240,709.277,450.855,34.211,86.617,0.856508,-1,-1,-1
547,251,895.863,431.026,56.344,151.548,0.234788,-1,-1,-1
547,180,316.032,453.919,46.301,109.682,0.404443,-1,-1,-1
547,235,1179.235,442.525,51.103,106.891,0.636593,-1,-1,-1
547,161,1790.840,383.257,165.908,697.758,0.875454,-1,-1,-1
547,269,687.931,457.481,28.868,75.394,0.769048,-1,-1,-1
547,238,653.251,452.219,40.714,109.370,0.889064,-1,-1,-1
547,271,929.722,445.888,57.659,140.534,0.744847,-1,-1,-1
547,72,821.787,470.865,39.735,77.600,0.501002,-1,-1,-1
547,272,1042.979,449.410,72.820,139.358,0.594678,-1,-1,-1
548,100,1552.099,397.814,270.355,680.728,0.918716,-1,-1,-1
548,170,1040.908,421.218,149.928,298.718,0.885264,-1,-1,-1
548,189,850.917,434.291,108.027,244.861,0.903783,-1,-1,-1
548,13,1627.244,417.247,232.203,612.746,0.877086,-1,-1,-1
548,207,452.824,455.850,56.431,99.623,0.444516,-1,-1,-1
548,194,578.033,449.565,37.704,87.468,0.870747,-1,-1,-1
548,160,1088.820,428.809,115.215,263.205,0.567914,-1,-1,-1
548,169,615.918,454.537,26.586,54.528,0.223502,-1,-1,-1
548,226,415.282,458.033,51.327,108.795,0.802467,-1,-1,-1
548,254,376.337,464.026,44.559,97.799,0.560790,-1,-1,-1
548,144,934.081,407.591,119.687,298.478,0.889365,-1,-1,-1
548,64,542.503,448.093,36.816,86.069,0.870176,-1,-1,-1
548,240,709.653,451.420,34.385,86.987,0.866298,-1,-1,-1
548,251,901.862,431.186,48.754,130.196,0.217015,-1,-1,-1
548,180,316.624,453.278,46.296,109.538,0.585548,-1,-1,-1
548,235,1182.026,441.224,51.487,108.364,0.818104,-1,-1,-1
548,161,1796.841,391.962,156.905,689.010,0.821697,-1,-1,-1
548,269,688.358,458.903,28.641,73.845,0.771687,-1,-1,-1
548,238,652.354,452.208,40.576,109.263,0.892508,-1,-1,-1
548,271,935.738,445.990,56.648,137.818,0.626991,-1,-1,-1
548,72,822.619,474.876,38.152,74.035,0.480315,-1,-1,-1
548,272,1034.381,443.551,65.683,127.055,0.619121,-1,-1,-1
548,230,983.216,428.036,59.174,153.135,0.678463,-1,-1,-1
549,100,1541.366,396.535,265.033,672.513,0.912035,-1,-1,-1
549,170,1041.199,420.258,150.140,299.827,0.848532,-1,-1,-1
549,189,855.361,432.453,109.001,251.289,0.885217,-1,-1,-1
549,13,1627.496,416.204,234.021,609.171,0.875286,-1,-1,-1
549,207,454.470,453.917,56.194,100.553,0.521776,-1,-1,-1
549,194,578.082,448.742,38.383,88.832,0.877202,-1,-1,-1
549,160,1091.041,424.432,115.985,264.244,0.816882,-1,-1,-1
549,169,618.068,455.648,27.548,56.324,0.217809,-1,-1,-1
549,226,415.398,457.454,52.389,109.323,0.832411,-1,-1,-1
549,254,374.953,462.477,45.797,99.689,0.635114,-1,-1,-1
549,144,939.908,409.941,118.701,296.238,0.881130,-1,-1,-1
549,64,542.790,447.373,37.087,86.613,0.876965,-1,-1,-1
549,240,709.180,450.056,35.647,90.064,0.886792,-1,-1,-1
549,251,903.171,432.871,53.769,142.313,0.316225,-1,-1,-1
549,180,316.734,452.784,46.964,110.809,0.683469,-1,-1,-1
549,235,1183.806,441.126,53.368,111.580,0.717481,-1,-1,-1
549,161,1801.280,396.424,147.050,669.733,0.684144,-1,-1,-1
549,269,687.461,456.537,30.023,77.356,0.772978,-1,-1,-1
549,238,652.889,453.064,40.532,108.548,0.885365,-1,-1,-1
549,271,942.654,447.349,50.867,124.790,0.363356,-1,-1,-1
549,72,821.521,473.688,40.681,78.086,0.369843,-1,-1,-1
549,272,1031.067,440.534,68.897,134.506,0.603398,-1,-1,-1
549,230,977.273,428.984,56.618,147.674,0.270686,-1,-1,-1
549,191,1802.466,384.624,183.557,584.059,0.719775,-1,-1,-1
550,100,1539.883,396.412,263.646,673.656,0.911917,-1,-1,-1
550,170,1044.721,426.342,148.113,295.066,0.850766,-1,-1,-1
550,189,859.167,436.615,105.618,247.155,0.903402,-1,-1,-1
550,13,1629.839,414.047,237.472,610.530,0.875586,-1,-1,-1
550,207,454.783,453.013,55.857,100.802,0.485267,-1,-1,-1
550,194,579.958,452.443,36.665,85.006,0.871587,-1,-1,-1
550,160,1092.706,427.356,116.165,264.852,0.809100,-1,-1,-1
550,169,619.773,457.418,27.234,55.462,0.162221,-1,-1,-1
550,226,415.383,457.462,53.250,109.527,0.821640,-1,-1,-1
550,254,374.526,462.262,47.059,102.313,0.633528,-1,-1,-1
550,144,948.949,410.123,121.174,299.504,0.893921,-1,-1,-1
550,64,543.174,447.546,36.703,85.478,0.871878,-1,-1,-1
550,240,709.538,450.791,35.788,90.292,0.880752,-1,-1,-1
550,251,906.235,439.603,53.119,138.675,0.372840,-1,-1,-1
550,180,317.636,453.099,46.797,110.500,0.658566,-1,-1,-1
550,235,1184.337,443.648,52.493,109.417,0.671486,-1,-1,-1
550,161,1797.306,409.063,142.963,666.296,0.674854,-1,-1,-1
550,269,685.732,456.954,30.036,76.992,0.770070,-1,-1,-1
550,238,653.191,453.513,40.289,107.358,0.891859,-1,-1,-1
550,271,950.539,453.722,51.177,124.642,0.346738,-1,-1,-1
550,72,812.333,480.594,36.287,68.194,0.612561,-1,-1,-1
550,272,1030.846,440.072,67.568,133.129,0.605291,-1,-1,-1
550,230,967.175,433.113,54.934,141.585,0.291809,-1,-1,-1
550,191,1834.496,391.558,105.956,341.337,0.740029,-1,-1,-1
551,100,1540.124,396.522,263.881,678.844,0.926147,-1,-1,-1
551,170,1054.544,424.998,148.558,295.925,0.928568,-1,-1,-1
551,189,860.415,435.614,104.826,248.698,0.902921,-1,-1,-1
551,13,1642.206,416.201,235.500,603.393,0.892223,-1,-1,-1
551,207,453.620,452.819,55.347,100.349,0.451711,-1,-1,-1
551,194,579.732,450.921,37.472,86.628,0.877697,-1,-1,-1
551,160,1108.229,431.650,102.445,235.833,0.343902,-1,-1,-1
551,169,617.619,455.586,27.421,55.792,0.365278,-1,-1,-1
551,226,415.403,456.885,54.352,109.910,0.806679,-1,-1,-1
551,254,373.457,461.810,48.894,105.976,0.677906,-1,-1,-1
551,144,955.028,406.917,120.141,298.479,0.899046,-1,-1,-1
551,64,542.908,447.014,37.117,86.382,0.885880,-1,-1,-1
551,240,709.617,449.991,35.906,90.517,0.869117,-1,-1,-1
551,251,905.398,432.890,58.646,152.506,0.404896,-1,-1,-1
551,180,317.493,450.720,47.047,111.851,0.523991,-1,-1,-1
551,235,1188.053,446.022,49.250,104.247,0.508801,-1,-1,-1
551,161,1791.377,401.500,142.912,677.248,0.528392,-1,-1,-1
551,269,687.222,456.104,30.163,77.443,0.739842,-1,-1,-1
551,238,652.682,453.045,40.922,108.573,0.886692,-1,-1,-1
551,271,955.929,456.682,51.824,125.171,0.443529,-1,-1,-1
551,72,806.833,480.075,36.108,67.445,0.592473,-1,-1,-1
551,272,1029.352,440.870,64.557,129.105,0.666438,-1,-1,-1
551,230,968.372,438.647,50.293,130.896,0.237788,-1,-1,-1
551,191,1843.649,393.290,81.629,267.034,0.667732,-1,-1,-1
552,100,1545.200,398.069,263.088,679.494,0.913549,-1,-1,-1
552,170,1059.879,426.012,147.495,295.042,0.924673,-1,-1,-1
552,189,865.000,427.966,106.877,257.044,0.919443,-1,-1,-1
552,13,1650.540,417.821,238.500,608.176,0.883416,-1,-1,-1
552,207,453.102,452.767,54.677,99.923,0.456994,-1,-1,-1
552,194,580.666,453.125,36.548,84.425,0.874415,-1,-1,-1
552,160,1108.591,430.708,108.314,253.294,0.399591,-1,-1,-1
552,169,614.516,453.150,29.615,60.878,0.219593,-1,-1,-1
552,226,414.858,455.854,55.198,110.337,0.808091,-1,-1,-1
552,254,373.788,462.149,49.417,107.108,0.702408,-1,-1,-1
552,144,964.085,404.905,117.675,294.280,0.892643,-1,-1,-1
552,64,542.367,447.244,36.713,85.751,0.870403,-1,-1,-1
552,240,710.842,447.996,36.421,92.678,0.866530,-1,-1,-1
552,180,319.632,450.354,46.948,112.354,0.415922,-1,-1,-1
552,235,1187.230,442.958,51.076,108.888,0.800433,-1,-1,-1
552,161,1774.204,400.501,144.466,679.477,0.461483,-1,-1,-1
552,269,685.619,454.921,29.918,76.901,0.743180,-1,-1,-1
552,238,651.780,451.599,41.474,109.995,0.880820,-1,-1,-1
552,271,957.843,457.947,52.375,126.107,0.616601,-1,-1,-1
552,72,804.959,479.942,36.266,67.370,0.588852,-1,-1,-1
552,272,1029.669,439.400,64.307,130.813,0.613694,-1,-1,-1
552,230,971.490,443.931,41.956,108.853,0.277943,-1,-1,-1
552,191,1848.055,386.626,76.933,257.849,0.435057,-1,-1,-1
553,100,1550.020,400.268,261.173,678.119,0.924233,-1,-1,-1
553,170,1061.142,432.845,143.718,289.213,0.913565,-1,-1,-1
553,189,872.534,428.103,105.827,255.529,0.915107,-1,-1,-1
553,13,1656.166,423.140,237.333,601.077,0.875067,-1,-1,-1
553,207,452.504,451.935,56.427,103.626,0.518992,-1,-1,-1
553,194,580.934,454.435,36.040,83.339,0.870557,-1,-1,-1
553,160,1112.369,433.814,104.603,247.847,0.817845,-1,-1,-1
553,169,613.901,452.111,30.350,62.962,0.269204,-1,-1,-1
553,226,412.797,454.806,56.412,112.417,0.809925,-1,-1,-1
553,254,373.717,462.006,49.667,107.772,0.629058,-1,-1,-1
553,144,970.900,405.399,115.048,292.134,0.905137,-1,-1,-1
553,64,541.939,448.543,35.970,84.448,0.845609,-1,-1,-1
553,240,712.122,446.592,36.687,94.124,0.881454,-1,-1,-1
553,180,324.136,449.844,47.308,113.115,0.320055,-1,-1,-1
553,235,1186.054,432.916,54.290,118.528,0.862899,-1,-1,-1
553,161,1798.396,404.118,137.951,676.278,0.554544,-1,-1,-1
553,269,685.266,455.138,29.501,75.822,0.750959,-1,-1,-1
553,238,650.677,452.473,41.414,110.066,0.878936,-1,-1,-1
553,271,955.013,453.103,55.245,135.015,0.385249,-1,-1,-1
553,72,802.297,474.666,37.906,70.788,0.550952,-1,-1,-1
553,272,1034.380,441.483,58.822,121.944,0.665348,-1,-1,-1
553,230,966.383,444.559,49.799,128.474,0.592616,-1,-1,-1
553,191,1853.157,409.980,68.184,230.209,0.573650,-1,-1,-1
554,100,1580.139,402.876,267.276,673.698,0.910692,-1,-1,-1
554,170,1062.908,434.743,142.432,287.181,0.892264,-1,-1,-1
554,189,879.361,427.571,105.542,255.279,0.914790,-1,-1,-1
554,13,1666.971,408.791,250.443,639.325,0.771327,-1,-1,-1
554,207,453.596,452.301,56.583,104.298,0.560564,-1,-1,-1
554,194,580.884,453.613,36.146,83.822,0.879267,-1,-1,-1
554,160,1116.727,434.461,101.037,240.512,0.833954,-1,-1,-1
554,169,613.534,453.783,30.733,64.158,0.240609,-1,-1,-1
554,226,412.891,455.536,56.082,111.364,0.823764,-1,-1,-1
554,254,373.662,461.764,49.100,106.639,0.639467,-1,-1,-1
554,144,972.126,403.459,115.426,296.547,0.924491,-1,-1,-1
554,64,541.630,447.231,36.718,86.691,0.860277,-1,-1,-1
554,240,712.499,445.283,36.787,94.703,0.883630,-1,-1,-1
554,180,327.929,448.825,42.434,102.003,0.171386,-1,-1,-1
554,235,1185.206,426.384,56.422,126.287,0.877474,-1,-1,-1
554,161,1793.380,407.737,135.938,672.770,0.168131,-1,-1,-1
554,269,684.450,454.891,29.810,76.627,0.727169,-1,-1,-1
554,238,648.664,452.473,41.861,110.802,0.893199,-1,-1,-1
554,271,959.119,453.902,53.969,130.939,0.487805,-1,-1,-1
554,72,800.646,471.023,39.340,73.940,0.672639,-1,-1,-1
554,272,1034.443,443.439,57.169,120.867,0.658420,-1,-1,-1
554,191,1858.663,436.629,58.177,194.936,0.390421,-1,-1,-1
554,274,842.586,465.672,42.779,90.472,0.760482,-1,-1,-1
554,252,657.438,451.983,40.987,102.917,0.611644,-1,-1,-1
555,100,1570.146,402.566,270.020,674.041,0.919055,-1,-1,-1
555,170,1070.296,435.472,141.407,285.141,0.898047,-1,-1,-1
555,189,883.538,427.049,107.096,256.738,0.918510,-1,-1,-1
555,13,1669.058,405.862,247.886,629.210,0.901317,-1,-1,-1
555,207,453.777,451.457,57.075,105.600,0.589486,-1,-1,-1
555,194,581.329,455.570,35.380,82.165,0.877803,-1,-1,-1
555,160,1116.356,435.115,104.148,247.196,0.781790,-1,-1,-1
555,169,610.281,458.969,33.697,71.181,0.111256,-1,-1,-1
555,226,412.811,455.106,56.501,111.453,0.786556,-1,-1,-1
555,254,374.752,462.494,47.309,102.301,0.556852,-1,-1,-1
555,144,976.226,405.086,113.818,294.989,0.925946,-1,-1,-1
555,64,541.750,446.890,36.909,87.341,0.857752,-1,-1,-1
555,240,712.479,444.760,37.088,95.875,0.878950,-1,-1,-1
555,180,329.138,453.934,42.111,99.854,0.283274,-1,-1,-1
555,235,1187.601,426.701,54.994,125.763,0.845776,-1,-1,-1
555,269,682.928,457.184,29.157,75.071,0.698519,-1,-1,-1
555,238,647.006,455.028,40.868,107.934,0.883401,-1,-1,-1
555,271,967.063,455.934,47.148,115.704,0.164801,-1,-1,-1
555,72,804.874,472.102,38.959,72.461,0.645400,-1,-1,-1
555,272,1036.456,443.474,58.441,126.071,0.768230,-1,-1,-1
555,191,1856.888,431.711,61.507,206.940,0.423088,-1,-1,-1
555,274,842.641,465.336,42.782,90.417,0.731652,-1,-1,-1
555,275,1072.557,442.684,49.941,132.872,0.732203,-1,-1,-1
555,276,817.779,468.192,38.900,80.446,0.641137,-1,-1,-1
555,277,874.291,447.352,46.854,101.946,0.662275,-1,-1,-1
555,252,668.088,454.952,34.393,88.879,0.608607,-1,-1,-1
555,155,689.621,455.899,30.100,76.463,0.664511,-1,-1,-1
556,100,1583.460,402.133,278.674,674.584,0.921270,-1,-1,-1
556,170,1075.684,434.770,141.409,285.321,0.913096,-1,-1,-1
556,189,885.417,428.525,106.456,254.658,0.921875,-1,-1,-1
556,13,1680.888,395.092,245.184,626.663,0.464612,-1,-1,-1
556,207,453.867,451.283,56.993,106.006,0.576470,-1,-1,-1
556,194,581.440,455.901,35.053,81.607,0.875878,-1,-1,-1
556,160,1123.603,437.631,103.540,245.677,0.689431,-1,-1,-1
556,169,610.004,460.070,35.281,75.302,0.105864,-1,-1,-1
556,226,412.387,454.147,57.029,111.977,0.795630,-1,-1,-1
556,254,375.265,462.684,46.413,100.132,0.649232,-1,-1,-1
556,144,979.748,403.176,113.144,297.048,0.926597,-1,-1,-1
556,64,542.429,446.558,37.180,88.211,0.866009,-1,-1,-1
556,240,712.651,444.634,37.263,96.545,0.882634,-1,-1,-1
556,180,329.486,455.476,41.885,98.048,0.287866,-1,-1,-1
556,235,1185.886,425.302,55.917,129.379,0.850448,-1,-1,-1
556,269,682.934,458.001,28.514,73.248,0.722768,-1,-1,-1
556,238,645.074,454.630,41.122,108.564,0.888260,-1,-1,-1
556,271,967.608,448.972,51.599,127.613,0.164605,-1,-1,-1
556,72,805.212,471.182,39.574,72.715,0.606946,-1,-1,-1
556,272,1038.577,442.894,55.666,122.793,0.728432,-1,-1,-1
556,191,1864.229,483.934,46.901,150.803,0.165567,-1,-1,-1
556,274,841.286,463.549,42.878,90.189,0.676900,-1,-1,-1
556,275,1075.319,440.579,46.128,122.995,0.706325,-1,-1,-1
556,276,816.381,468.344,38.745,80.027,0.632648,-1,-1,-1
556,277,874.961,451.675,42.517,92.517,0.659382,-1,-1,-1
556,252,671.718,455.218,30.885,81.118,0.659092,-1,-1,-1
556,155,690.308,455.552,29.325,75.302,0.721103,-1,-1,-1
556,265,659.013,453.539,38.758,86.372,0.669095,-1,-1,-1
557,100,1573.548,402.713,281.230,673.351,0.914513,-1,-1,-1
557,170,1077.670,431.892,142.326,288.356,0.924921,-1,-1,-1
557,189,885.450,431.254,104.575,251.364,0.918938,-1,-1,-1
557,13,1676.446,397.566,245.443,626.634,0.833633,-1,-1,-1
557,207,453.468,451.448,57.172,106.099,0.487938,-1,-1,-1
557,194,580.963,455.685,35.540,82.841,0.878492,-1,-1,-1
557,160,1126.647,436.813,104.452,248.628,0.539439,-1,-1,-1
557,169,610.635,460.669,35.436,76.372,0.117532,-1,-1,-1
557,226,412.574,454.738,57.078,111.450,0.795340,-1,-1,-1
557,254,375.028,462.453,46.963,101.228,0.644942,-1,-1,-1
557,144,979.497,403.790,111.318,291.803,0.914279,-1,-1,-1
557,64,542.478,446.793,37.782,89.443,0.869912,-1,-1,-1
557,240,712.110,443.639,38.357,99.738,0.880693,-1,-1,-1
557,180,331.292,457.396,42.211,98.276,0.296814,-1,-1,-1
557,235,1189.182,429.807,53.453,126.002,0.852826,-1,-1,-1
557,269,682.733,460.768,28.558,73.109,0.713362,-1,-1,-1
557,238,644.134,454.429,41.620,109.819,0.882600,-1,-1,-1
557,271,971.966,450.993,45.516,113.442,0.284068,-1,-1,-1
557,72,806.750,471.936,41.423,75.573,0.592499,-1,-1,-1
557,272,1040.483,438.978,54.640,123.408,0.758170,-1,-1,-1
557,191,1867.189,508.534,38.434,119.281,0.265380,-1,-1,-1
557,274,845.619,463.646,42.139,88.241,0.636175,-1,-1,-1
557,275,1074.912,441.300,45.972,122.932,0.779516,-1,-1,-1
557,277,876.442,450.997,42.135,92.136,0.606570,-1,-1,-1
557,252,672.955,455.842,29.675,78.835,0.636222,-1,-1,-1
557,155,690.215,458.520,28.874,73.650,0.658146,-1,-1,-1
557,265,658.209,454.125,39.003,87.582,0.631142,-1,-1,-1
558,100,1584.083,398.149,290.680,678.766,0.954715,-1,-1,-1
558,170,1081.614,429.349,143.236,291.923,0.940858,-1,-1,-1
558,189,887.385,435.291,102.328,246.993,0.933299,-1,-1,-1
558,13,1683.378,394.369,241.157,617.535,0.519574,-1,-1,-1
558,207,453.112,451.235,57.480,106.355,0.547922,-1,-1,-1
558,194,580.495,454.989,35.826,83.881,0.888276,-1,-1,-1
558,160,1132.491,436.891,103.691,244.914,0.250505,-1,-1,-1
558,226,413.245,452.793,58.454,113.438,0.819679,-1,-1,-1
558,254,374.930,462.408,46.805,100.741,0.674294,-1,-1,-1
558,144,981.864,408.024,109.547,288.096,0.921949,-1,-1,-1
558,64,542.817,446.412,38.196,90.242,0.871644,-1,-1,-1
558,240,711.433,442.962,39.003,101.254,0.880896,-1,-1,-1
558,180,333.396,459.226,41.444,95.344,0.284493,-1,-1,-1
558,235,1187.760,436.539,50.749,120.717,0.803469,-1,-1,-1
558,269,681.852,461.410,29.182,74.175,0.720604,-1,-1,-1
558,238,643.784,455.413,41.054,107.034,0.879554,-1,-1,-1
558,271,976.816,451.623,50.310,125.825,0.128168,-1,-1,-1
558,72,807.002,472.442,42.280,76.228,0.610470,-1,-1,-1
558,272,1044.283,443.734,50.019,114.965,0.722020,-1,-1,-1
558,274,858.403,463.474,38.664,80.784,0.631113,-1,-1,-1
558,275,1075.060,440.738,48.451,130.124,0.784895,-1,-1,-1
558,277,881.663,451.943,40.843,89.854,0.535367,-1,-1,-1
558,252,673.624,457.376,29.024,76.859,0.662147,-1,-1,-1
558,155,689.196,456.328,30.115,76.350,0.613597,-1,-1,-1
559,100,1578.710,395.533,295.182,679.629,0.937624,-1,-1,-1
559,170,1086.179,430.096,141.826,290.198,0.940663,-1,-1,-1
559,189,887.676,432.377,103.871,251.320,0.935338,-1,-1,-1
559,13,1687.795,395.555,246.152,639.234,0.681839,-1,-1,-1
559,207,451.623,451.170,58.174,107.117,0.567792,-1,-1,-1
559,194,579.878,454.170,35.872,84.482,0.885392,-1,-1,-1
559,226,414.137,452.357,58.890,113.886,0.819517,-1,-1,-1
559,254,375.409,462.857,46.674,100.413,0.680739,-1,-1,-1
559,144,989.023,423.502,106.505,274.681,0.903875,-1,-1,-1
559,64,542.564,446.350,38.772,91.188,0.874268,-1,-1,-1
559,240,712.161,442.879,38.825,101.101,0.882382,-1,-1,-1
559,180,329.668,452.941,41.189,94.798,0.178580,-1,-1,-1
559,235,1194.549,438.482,48.378,116.302,0.831565,-1,-1,-1
559,269,680.578,461.298,29.239,73.885,0.735096,-1,-1,-1
559,238,643.179,456.502,40.806,105.490,0.877563,-1,-1,-1
559,271,979.090,454.157,50.270,124.542,0.217899,-1,-1,-1
559,72,807.795,474.279,42.115,75.282,0.552774,-1,-1,-1
559,272,1047.591,445.701,47.968,112.428,0.551709,-1,-1,-1
559,274,863.777,461.127,34.049,71.223,0.261426,-1,-1,-1
559,275,1075.208,442.251,48.385,130.607,0.773683,-1,-1,-1
559,277,882.400,454.745,42.001,92.880,0.293414,-1,-1,-1
559,252,673.932,458.348,28.021,73.557,0.707670,-1,-1,-1
559,155,688.946,459.285,28.931,73.010,0.703794,-1,-1,-1
560,100,1574.530,396.922,297.143,677.852,0.937567,-1,-1,-1
560,170,1090.167,432.011,140.575,288.449,0.934118,-1,-1,-1
560,189,887.034,429.498,104.943,254.079,0.937264,-1,-1,-1
560,13,1690.262,397.053,243.213,637.406,0.783403,-1,-1,-1
560,207,452.651,453.121,57.118,104.788,0.499793,-1,-1,-1
560,194,580.694,455.171,34.962,82.437,0.889472,-1,-1,-1
560,226,413.892,453.334,58.376,112.491,0.799010,-1,-1,-1
560,254,375.986,463.066,45.350,97.432,0.648790,-1,-1,-1
560,144,991.972,412.285,112.716,287.249,0.927672,-1,-1,-1
560,64,542.280,447.809,39.196,91.738,0.887093,-1,-1,-1
560,240,712.602,443.049,38.690,100.972,0.878259,-1,-1,-1
560,180,328.651,456.768,42.336,95.811,0.376068,-1,-1,-1
560,235,1191.594,437.334,49.243,119.062,0.754746,-1,-1,-1
560,269,680.637,461.401,29.148,73.330,0.733467,-1,-1,-1
560,238,642.084,457.543,40.596,104.234,0.883776,-1,-1,-1
560,271,981.233,453.162,52.333,128.561,0.329897,-1,-1,-1
560,72,807.766,474.665,41.750,73.820,0.536849,-1,-1,-1
560,272,1049.179,446.232,47.005,112.091,0.485484,-1,-1,-1
560,274,868.020,466.591,33.529,70.055,0.539821,-1,-1,-1
560,275,1073.681,442.222,48.574,131.903,0.739369,-1,-1,-1
560,277,889.272,461.211,38.858,86.181,0.258846,-1,-1,-1
560,252,675.122,458.996,27.047,70.462,0.701165,-1,-1,-1
560,155,688.845,460.540,28.559,71.929,0.696075,-1,-1,-1
560,160,1191.202,437.541,59.060,142.302,0.806469,-1,-1,-1
561,100,1576.077,394.679,302.715,682.713,0.941078,-1,-1,-1
561,170,1092.328,435.231,137.994,284.995,0.928573,-1,-1,-1
561,189,894.303,430.244,103.239,252.807,0.936404,-1,-1,-1
561,13,1684.474,392.457,248.345,656.395,0.633503,-1,-1,-1
561,207,452.165,453.344,57.526,104.891,0.539864,-1,-1,-1
561,194,581.562,455.658,34.628,81.711,0.882171,-1,-1,-1
561,226,413.451,452.758,59.290,113.804,0.817638,-1,-1,-1
561,254,374.661,463.097,46.261,98.856,0.671995,-1,-1,-1
561,144,996.088,407.308,115.133,290.853,0.921897,-1,-1,-1
561,64,543.293,450.145,38.003,89.509,0.885547,-1,-1,-1
561,240,713.227,443.720,38.624,100.538,0.888587,-1,-1,-1
561,180,329.850,451.667,41.162,93.396,0.195805,-1,-1,-1
561,235,1190.316,441.622,46.014,112.618,0.648691,-1,-1,-1
561,269,680.298,461.684,29.480,73.845,0.751411,-1,-1,-1
561,238,641.026,457.663,39.954,102.268,0.879597,-1,-1,-1
561,271,981.318,445.685,55.143,136.139,0.205335,-1,-1,-1
561,72,804.986,473.571,42.014,72.575,0.631650,-1,-1,-1
561,272,1050.471,445.311,46.390,112.216,0.453251,-1,-1,-1
561,274,873.358,465.079,34.186,71.136,0.487562,-1,-1,-1
561,275,1071.100,444.065,47.441,128.890,0.737914,-1,-1,-1
561,277,893.726,460.620,42.212,94.499,0.246723,-1,-1,-1
561,252,675.019,459.140,27.403,71.056,0.738779,-1,-1,-1
561,155,689.003,461.422,28.468,71.084,0.676881,-1,-1,-1
561,160,1208.311,440.846,47.195,114.991,0.852652,-1,-1,-1
562,100,1576.803,392.366,305.734,683.257,0.948880,-1,-1,-1
562,170,1098.153,433.793,135.877,282.560,0.927080,-1,-1,-1
562,189,900.394,429.557,102.510,252.295,0.927126,-1,-1,-1
562,13,1695.240,396.514,242.597,652.665,0.693508,-1,-1,-1
562,207,451.762,453.946,57.846,104.377,0.477112,-1,-1,-1
562,194,581.434,455.973,34.918,82.319,0.879648,-1,-1,-1
562,226,413.312,454.147,59.350,113.174,0.800814,-1,-1,-1
562,254,375.067,463.061,46.497,98.965,0.704883,-1,-1,-1
562,144,1001.224,411.256,116.132,287.061,0.906612,-1,-1,-1
562,64,544.106,450.758,37.504,88.570,0.884538,-1,-1,-1
562,240,714.410,443.260,38.328,99.774,0.891726,-1,-1,-1
562,180,330.134,454.358,40.942,91.303,0.381141,-1,-1,-1
562,235,1191.562,440.759,45.553,112.616,0.632890,-1,-1,-1
562,269,679.984,461.264,29.525,73.525,0.747564,-1,-1,-1
562,238,640.246,457.173,39.911,101.710,0.876632,-1,-1,-1
562,271,983.894,446.148,53.595,133.325,0.315350,-1,-1,-1
562,72,805.315,474.915,40.386,68.729,0.559248,-1,-1,-1
562,272,1051.446,445.678,48.061,117.991,0.416208,-1,-1,-1
562,274,878.043,452.917,35.396,74.029,0.481320,-1,-1,-1
562,275,1068.841,445.013,47.373,128.561,0.711430,-1,-1,-1
562,277,901.438,463.934,38.669,86.604,0.181104,-1,-1,-1
562,252,674.498,457.606,27.882,71.886,0.696997,-1,-1,-1
562,155,689.016,461.534,28.629,70.957,0.672476,-1,-1,-1
562,160,1212.133,441.351,45.328,110.764,0.867513,-1,-1,-1
563,100,1583.569,390.818,310.768,685.346,0.952711,-1,-1,-1
563,170,1101.817,435.583,134.140,280.681,0.924802,-1,-1,-1
563,189,903.138,428.886,102.926,255.196,0.910902,-1,-1,-1
563,13,1701.685,393.296,245.250,676.929,0.466361,-1,-1,-1
563,207,473.436,453.913,45.024,82.807,0.627558,-1,-1,-1
563,194,581.069,454.775,35.664,84.257,0.881132,-1,-1,-1
563,226,414.328,453.911,59.175,112.431,0.822097,-1,-1,-1
563,254,377.102,462.336,42.130,88.237,0.519398,-1,-1,-1
563,144,1003.212,428.711,112.635,268.994,0.894961,-1,-1,-1
563,64,544.358,449.696,37.043,87.744,0.877820,-1,-1,-1
563,240,715.512,442.891,38.552,100.278,0.872666,-1,-1,-1
563,180,324.324,450.357,47.952,107.256,0.324072,-1,-1,-1
563,235,1195.204,439.347,44.876,111.061,0.530853,-1,-1,-1
563,269,679.763,460.350,29.057,72.160,0.713967,-1,-1,-1
563,238,638.859,458.288,39.324,99.880,0.852102,-1,-1,-1
563,271,988.066,445.981,50.888,126.897,0.381992,-1,-1,-1
563,72,808.093,474.344,42.625,71.921,0.562907,-1,-1,-1
563,272,1036.512,443.578,51.418,126.630,0.719582,-1,-1,-1
563,274,880.864,447.859,34.297,71.869,0.387517,-1,-1,-1
563,275,1068.373,443.864,48.512,131.806,0.796687,-1,-1,-1
563,277,904.034,462.693,48.511,109.268,0.230907,-1,-1,-1
563,252,674.190,457.136,27.207,69.993,0.721796,-1,-1,-1
563,155,691.058,462.542,27.252,67.260,0.636563,-1,-1,-1
563,160,1213.906,441.933,44.511,108.760,0.868520,-1,-1,-1
564,100,1590.610,390.841,312.970,683.840,0.965342,-1,-1,-1
564,170,1106.099,432.630,132.977,280.382,0.931541,-1,-1,-1
564,189,909.535,428.573,100.525,249.081,0.884709,-1,-1,-1
564,13,1706.585,406.169,231.333,644.849,0.325581,-1,-1,-1
564,207,477.051,452.415,38.126,70.513,0.384378,-1,-1,-1
564,194,579.918,453.271,36.292,85.937,0.880409,-1,-1,-1
564,226,413.231,453.308,60.171,113.339,0.819085,-1,-1,-1
564,254,377.375,461.858,40.462,83.031,0.478826,-1,-1,-1
564,144,1006.289,428.044,116.751,272.542,0.924067,-1,-1,-1
564,64,545.233,448.011,37.305,88.821,0.872257,-1,-1,-1
564,240,716.722,442.927,38.112,99.243,0.883958,-1,-1,-1
564,180,323.143,450.728,49.685,111.300,0.308195,-1,-1,-1
564,235,1192.901,434.873,43.672,108.620,0.435336,-1,-1,-1
564,269,680.099,460.411,29.045,72.011,0.726727,-1,-1,-1
564,238,638.459,455.620,40.169,101.961,0.873193,-1,-1,-1
564,271,991.129,447.395,47.707,119.053,0.523903,-1,-1,-1
564,72,809.945,474.719,43.173,72.684,0.444238,-1,-1,-1
564,272,1040.580,444.720,51.124,128.113,0.169966,-1,-1,-1
564,274,882.388,445.701,32.175,67.266,0.318187,-1,-1,-1
564,275,1067.606,443.551,50.746,138.041,0.785774,-1,-1,-1
564,277,907.072,451.840,58.820,133.102,0.819359,-1,-1,-1
564,252,674.378,456.340,27.744,71.413,0.731051,-1,-1,-1
564,155,691.788,461.791,27.267,67.230,0.719560,-1,-1,-1
564,160,1217.003,440.194,44.070,108.065,0.869403,-1,-1,-1
565,100,1592.093,391.001,314.658,682.984,0.956535,-1,-1,-1
565,170,1108.825,432.002,132.341,281.372,0.941629,-1,-1,-1
565,189,913.895,429.736,99.366,247.858,0.905365,-1,-1,-1
565,13,1715.404,404.077,230.030,658.171,0.747567,-1,-1,-1
565,207,485.852,451.579,37.281,70.491,0.633160,-1,-1,-1
565,194,580.180,453.801,35.878,85.188,0.880369,-1,-1,-1
565,226,412.198,452.478,61.048,114.555,0.828473,-1,-1,-1
565,254,376.349,460.767,42.487,86.020,0.498237,-1,-1,-1
565,144,1005.156,433.402,117.124,269.170,0.935402,-1,-1,-1
565,64,545.803,448.672,36.474,87.343,0.877868,-1,-1,-1
565,240,717.141,443.310,37.906,98.425,0.878373,-1,-1,-1
565,180,319.735,451.202,48.885,109.143,0.400329,-1,-1,-1
565,235,1195.850,438.206,40.447,101.864,0.451858,-1,-1,-1
565,238,639.126,454.721,40.345,102.147,0.881863,-1,-1,-1
565,271,993.265,449.807,50.211,125.801,0.595267,-1,-1,-1
565,72,808.632,475.253,44.230,74.302,0.416002,-1,-1,-1
565,272,1035.894,442.060,54.209,136.304,0.582249,-1,-1,-1
565,274,883.465,446.976,30.423,63.302,0.224342,-1,-1,-1
565,275,1069.601,442.850,52.326,141.132,0.766891,-1,-1,-1
565,277,908.446,448.339,62.528,142.835,0.816090,-1,-1,-1
565,252,673.268,455.991,29.552,76.306,0.752694,-1,-1,-1
565,155,691.320,462.184,27.880,68.239,0.697321,-1,-1,-1
565,160,1219.272,441.651,42.506,105.235,0.847062,-1,-1,-1
566,100,1599.479,387.680,317.143,689.271,0.955052,-1,-1,-1
566,170,1110.229,432.463,131.714,280.981,0.940409,-1,-1,-1
566,189,921.681,429.404,99.463,246.895,0.891137,-1,-1,-1
566,13,1721.382,401.921,228.101,671.047,0.641831,-1,-1,-1
566,207,487.781,450.306,37.702,72.802,0.533675,-1,-1,-1
566,194,580.335,453.741,35.496,84.398,0.877319,-1,-1,-1
566,226,411.509,451.294,62.341,116.759,0.827716,-1,-1,-1
566,254,373.969,459.981,48.677,98.911,0.697186,-1,-1,-1
566,144,1003.561,428.472,120.965,275.076,0.927298,-1,-1,-1
566,64,544.422,446.685,36.515,87.169,0.863737,-1,-1,-1
566,240,717.727,444.683,37.445,97.563,0.877041,-1,-1,-1
566,180,319.748,449.989,50.333,113.015,0.360687,-1,-1,-1
566,235,1194.627,431.448,40.401,102.784,0.287272,-1,-1,-1
566,238,638.145,452.319,41.296,104.939,0.855843,-1,-1,-1
566,271,995.196,450.009,49.399,124.497,0.682172,-1,-1,-1
566,72,808.941,477.349,44.166,73.743,0.437205,-1,-1,-1
566,272,1038.018,437.189,55.347,139.893,0.219884,-1,-1,-1
566,274,883.971,446.386,28.921,59.733,0.236652,-1,-1,-1
566,275,1070.312,437.717,52.549,142.212,0.694250,-1,-1,-1
566,277,910.740,448.132,62.460,143.827,0.798823,-1,-1,-1
566,252,670.742,455.642,30.249,78.311,0.737783,-1,-1,-1
566,155,692.396,461.559,27.964,68.529,0.728564,-1,-1,-1
566,160,1219.815,441.179,44.704,111.645,0.791977,-1,-1,-1
566,250,1100.807,430.126,64.757,143.686,0.600097,-1,-1,-1
566,269,681.228,460.626,29.477,72.883,0.707749,-1,-1,-1
567,100,1609.316,387.836,314.932,688.267,0.959409,-1,-1,-1
567,170,1117.078,436.815,127.894,273.990,0.936610,-1,-1,-1
567,189,929.612,430.451,98.336,244.503,0.892993,-1,-1,-1
567,207,486.133,448.756,39.646,78.223,0.516962,-1,-1,-1
567,194,580.518,454.270,35.413,84.497,0.878763,-1,-1,-1
567,226,411.687,452.076,62.271,116.264,0.823930,-1,-1,-1
567,254,373.053,460.309,51.639,105.632,0.765048,-1,-1,-1
567,144,1004.304,430.019,121.923,272.671,0.926554,-1,-1,-1
567,64,545.164,446.908,36.650,87.992,0.866868,-1,-1,-1
567,240,717.807,445.186,37.224,97.577,0.874521,-1,-1,-1
567,180,320.484,449.399,49.819,113.135,0.372989,-1,-1,-1
567,235,1185.405,424.029,54.993,139.489,0.639325,-1,-1,-1
567,238,636.877,449.754,41.625,106.463,0.849348,-1,-1,-1
567,271,997.047,450.213,47.347,119.427,0.681374,-1,-1,-1
567,72,809.250,478.411,43.720,72.636,0.485819,-1,-1,-1
567,272,1036.156,441.512,52.289,133.005,0.193471,-1,-1,-1
567,274,884.153,444.911,29.500,59.993,0.266412,-1,-1,-1
567,275,1073.032,437.643,49.173,134.061,0.461504,-1,-1,-1
567,277,910.365,448.587,62.223,144.655,0.819384,-1,-1,-1
567,252,670.152,454.745,30.423,79.219,0.735207,-1,-1,-1
567,155,692.999,460.492,28.035,69.094,0.708392,-1,-1,-1
567,160,1217.388,437.345,46.930,118.684,0.710535,-1,-1,-1
567,250,1103.418,428.202,61.060,146.688,0.488735,-1,-1,-1
567,269,680.516,459.327,29.818,73.786,0.716582,-1,-1,-1
567,161,1782.245,396.752,133.340,652.587,0.741385,-1,-1,-1
568,100,1620.591,390.242,309.906,685.399,0.958925,-1,-1,-1
568,170,1120.766,435.660,128.385,275.377,0.941387,-1,-1,-1
568,189,931.584,429.749,98.214,243.189,0.903360,-1,-1,-1
568,207,490.949,448.807,36.321,72.657,0.378331,-1,-1,-1
568,194,581.428,456.153,34.613,82.643,0.876493,-1,-1,-1
568,226,411.100,453.035,61.863,115.304,0.832705,-1,-1,-1
568,254,372.090,461.343,52.125,106.991,0.679729,-1,-1,-1
568,144,1004.610,429.043,124.924,273.820,0.934230,-1,-1,-1
568,64,545.654,448.412,36.083,87.021,0.873581,-1,-1,-1
568,240,717.708,444.885,37.709,99.320,0.877145,-1,-1,-1
568,180,324.341,451.625,49.835,112.147,0.323835,-1,-1,-1
568,235,1187.934,427.185,57.869,143.401,0.583684,-1,-1,-1
568,238,637.137,448.282,42.234,108.194,0.857485,-1,-1,-1
568,271,996.364,451.062,51.837,131.928,0.185899,-1,-1,-1
568,72,805.725,473.382,47.500,78.054,0.404886,-1,-1,-1
568,272,1039.319,439.889,45.959,117.802,0.272388,-1,-1,-1
568,274,882.134,444.276,30.621,61.967,0.282786,-1,-1,-1
568,275,1072.658,438.646,50.566,136.542,0.464450,-1,-1,-1
568,277,912.528,447.243,63.062,146.140,0.683053,-1,-1,-1
568,252,669.902,455.050,31.193,81.713,0.774683,-1,-1,-1
568,155,691.170,460.748,27.862,68.739,0.708274,-1,-1,-1
568,160,1220.952,435.988,47.500,120.423,0.708317,-1,-1,-1
568,250,1104.400,430.479,57.822,143.516,0.668204,-1,-1,-1
568,161,1771.735,400.454,140.155,667.011,0.798933,-1,-1,-1
569,100,1628.555,390.249,305.418,686.643,0.963248,-1,-1,-1
569,170,1124.967,435.409,128.944,277.554,0.946592,-1,-1,-1
569,189,935.023,430.165,97.828,242.894,0.918736,-1,-1,-1
569,207,492.876,448.532,34.660,70.293,0.436132,-1,-1,-1
569,194,582.605,457.567,33.937,81.217,0.877447,-1,-1,-1
569,226,411.368,453.458,61.676,114.643,0.827867,-1,-1,-1
569,254,371.159,461.738,52.119,107.036,0.722316,-1,-1,-1
569,144,1005.946,432.798,124.953,269.803,0.938925,-1,-1,-1
569,64,546.350,450.858,35.583,86.310,0.875026,-1,-1,-1
569,240,717.341,445.283,37.838,100.332,0.882339,-1,-1,-1
569,180,327.221,451.296,42.211,93.696,0.144890,-1,-1,-1
569,235,1187.582,428.308,59.301,147.033,0.329961,-1,-1,-1
569,238,637.182,448.187,42.001,108.042,0.875321,-1,-1,-1
569,271,1000.295,452.801,38.094,95.555,0.627239,-1,-1,-1
569,72,804.269,471.372,49.104,80.466,0.396972,-1,-1,-1
569,272,1042.288,438.919,48.394,120.628,0.303216,-1,-1,-1
569,274,881.182,443.828,29.175,58.728,0.245666,-1,-1,-1
569,275,1073.673,440.743,48.188,131.033,0.199986,-1,-1,-1
569,277,914.791,447.084,62.983,145.842,0.534414,-1,-1,-1
569,252,669.119,455.800,32.901,86.490,0.784184,-1,-1,-1
569,155,690.891,461.493,27.963,69.065,0.685995,-1,-1,-1
569,160,1226.147,437.162,45.680,117.099,0.829871,-1,-1,-1
569,250,1107.182,431.125,55.868,142.261,0.837414,-1,-1,-1
569,161,1772.550,404.545,141.628,669.017,0.790700,-1,-1,-1
570,100,1634.911,387.912,302.285,690.519,0.959546,-1,-1,-1
570,170,1132.041,432.972,130.283,281.244,0.948252,-1,-1,-1
570,189,937.392,429.333,99.388,244.858,0.919206,-1,-1,-1
570,207,491.903,448.161,35.058,72.299,0.442520,-1,-1,-1
570,194,582.138,457.116,34.238,82.448,0.890773,-1,-1,-1
570,226,411.654,454.004,60.886,113.157,0.808678,-1,-1,-1
570,254,371.972,462.222,52.124,107.583,0.710018,-1,-1,-1
570,144,1006.047,432.935,125.583,266.797,0.934642,-1,-1,-1
570,64,546.261,450.758,35.981,87.613,0.877020,-1,-1,-1
570,240,717.068,444.397,38.485,102.409,0.886698,-1,-1,-1
570,180,325.753,453.897,47.180,105.039,0.296084,-1,-1,-1
570,235,1184.985,422.085,61.946,154.313,0.504201,-1,-1,-1
570,238,635.535,451.212,39.684,102.728,0.886758,-1,-1,-1
570,271,1000.698,452.676,33.901,84.131,0.641837,-1,-1,-1
570,72,801.494,469.886,48.754,79.279,0.686685,-1,-1,-1
570,272,1044.561,433.910,40.944,102.478,0.219831,-1,-1,-1
570,274,881.711,444.935,29.294,58.368,0.341697,-1,-1,-1
570,275,1075.915,440.593,42.051,114.043,0.319933,-1,-1,-1
570,277,918.164,446.392,62.350,145.284,0.486630,-1,-1,-1
570,252,666.985,454.585,33.900,89.094,0.810088,-1,-1,-1
570,155,691.704,461.634,27.841,68.650,0.697162,-1,-1,-1
570,160,1229.296,438.923,43.757,113.442,0.862195,-1,-1,-1
570,250,1108.104,431.041,53.587,138.115,0.847662,-1,-1,-1
570,161,1781.821,385.306,136.356,645.459,0.843489,-1,-1,-1
571,100,1641.152,387.923,297.147,687.591,0.962934,-1,-1,-1
571,170,1139.445,428.052,132.240,284.443,0.951913,-1,-1,-1
571,189,936.639,429.220,100.721,247.554,0.909635,-1,-1,-1
571,207,496.972,451.591,29.396,60.647,0.428780,-1,-1,-1
571,194,581.883,456.862,34.587,83.627,0.884569,-1,-1,-1
571,226,410.155,454.409,60.490,113.330,0.830934,-1,-1,-1
571,254,372.362,462.749,51.792,107.689,0.757311,-1,-1,-1
571,144,1008.461,429.577,127.891,271.435,0.924995,-1,-1,-1
571,64,546.985,453.110,35.721,87.053,0.883978,-1,-1,-1
571,240,717.334,443.419,38.920,103.525,0.894750,-1,-1,-1
571,180,319.412,452.472,48.511,109.242,0.525844,-1,-1,-1
571,235,1189.338,424.541,62.333,153.731,0.199897,-1,-1,-1
571,238,634.708,452.636,39.214,101.975,0.889183,-1,-1,-1
571,271,1003.097,450.615,31.074,76.006,0.635458,-1,-1,-1
571,72,802.719,470.184,47.094,76.956,0.666870,-1,-1,-1
571,272,1045.755,429.170,35.260,88.878,0.292200,-1,-1,-1
571,274,881.108,446.077,29.477,58.177,0.344771,-1,-1,-1
571,275,1073.202,439.066,42.293,113.685,0.272893,-1,-1,-1
571,277,916.123,447.950,60.221,140.345,0.455460,-1,-1,-1
571,252,666.328,454.119,34.507,90.695,0.807901,-1,-1,-1
571,155,692.399,461.508,27.723,68.299,0.724435,-1,-1,-1
571,160,1229.516,442.505,42.582,110.100,0.808602,-1,-1,-1
571,250,1107.944,429.468,53.338,139.545,0.860715,-1,-1,-1
571,161,1789.303,393.752,130.834,621.423,0.854570,-1,-1,-1
572,100,1645.892,389.353,292.712,685.955,0.968732,-1,-1,-1
572,170,1144.118,427.165,132.945,285.258,0.954044,-1,-1,-1
572,189,936.079,428.325,100.775,246.451,0.911283,-1,-1,-1
572,207,498.769,454.659,26.775,54.995,0.364081,-1,-1,-1
572,194,582.074,456.454,34.708,84.129,0.881117,-1,-1,-1
572,226,411.792,450.503,62.295,117.564,0.843306,-1,-1,-1
572,254,373.075,463.153,50.553,105.736,0.705395,-1,-1,-1
572,144,1009.651,425.559,129.474,275.896,0.927773,-1,-1,-1
572,64,547.206,453.415,35.940,86.858,0.882863,-1,-1,-1
572,240,717.530,441.666,39.309,104.450,0.904615,-1,-1,-1
572,180,317.251,452.996,48.809,110.767,0.487549,-1,-1,-1
572,235,1190.485,426.356,65.676,160.902,0.310047,-1,-1,-1
572,238,634.401,453.639,38.809,101.338,0.892834,-1,-1,-1
572,271,1001.685,450.700,37.221,91.528,0.704570,-1,-1,-1
572,72,801.908,469.899,47.451,77.150,0.714473,-1,-1,-1
572,272,1047.189,429.419,33.052,83.352,0.303127,-1,-1,-1
572,274,880.575,447.644,30.406,59.693,0.383264,-1,-1,-1
572,275,1071.691,438.477,43.651,116.534,0.188031,-1,-1,-1
572,277,917.563,453.997,57.007,131.839,0.567252,-1,-1,-1
572,252,667.808,454.284,34.928,91.756,0.836103,-1,-1,-1
572,155,691.868,460.332,28.720,70.743,0.726089,-1,-1,-1
572,160,1230.677,442.621,42.687,110.182,0.798527,-1,-1,-1
572,250,1105.730,427.711,54.861,144.065,0.883526,-1,-1,-1
572,161,1798.336,402.285,118.767,557.834,0.857574,-1,-1,-1
573,100,1648.493,389.522,289.132,685.050,0.974382,-1,-1,-1
573,170,1147.863,430.632,131.856,281.546,0.952525,-1,-1,-1
573,189,934.624,429.073,106.482,253.877,0.926410,-1,-1,-1
573,207,501.892,454.973,25.823,52.737,0.405452,-1,-1,-1
573,194,582.003,457.378,34.441,83.462,0.883808,-1,-1,-1
573,226,412.516,449.750,62.066,117.603,0.826563,-1,-1,-1
573,254,372.930,463.657,49.799,104.924,0.764186,-1,-1,-1
573,144,1012.916,424.022,128.421,275.911,0.916242,-1,-1,-1
573,64,547.846,455.279,35.188,84.562,0.875749,-1,-1,-1
573,240,716.948,442.200,39.480,104.579,0.900926,-1,-1,-1
573,180,316.894,452.699,48.052,110.197,0.436732,-1,-1,-1
573,235,1190.812,429.458,63.102,155.313,0.194772,-1,-1,-1
573,238,634.029,453.548,38.962,102.280,0.901141,-1,-1,-1
573,271,1004.979,450.833,31.222,75.550,0.616946,-1,-1,-1
573,72,802.885,469.909,47.052,76.674,0.709186,-1,-1,-1
573,272,1043.695,430.073,34.927,88.056,0.456349,-1,-1,-1
573,274,880.439,447.813,29.726,57.843,0.363790,-1,-1,-1
573,275,1071.951,433.633,38.870,103.659,0.148812,-1,-1,-1
573,277,916.143,452.953,58.218,133.057,0.373259,-1,-1,-1
573,252,666.792,454.613,36.483,95.491,0.851780,-1,-1,-1
573,155,692.269,459.679,29.575,72.868,0.721538,-1,-1,-1
573,160,1229.567,442.618,43.722,111.994,0.747722,-1,-1,-1
573,250,1106.252,428.147,54.570,145.554,0.880932,-1,-1,-1
573,161,1796.086,397.130,132.431,638.747,0.835874,-1,-1,-1
574,100,1650.536,387.806,286.728,687.020,0.975374,-1,-1,-1
574,170,1150.786,427.854,134.072,284.616,0.946510,-1,-1,-1
574,189,934.091,427.443,111.784,262.330,0.923672,-1,-1,-1
574,207,502.111,455.074,25.315,51.484,0.367886,-1,-1,-1
574,194,581.751,456.823,34.807,84.549,0.880556,-1,-1,-1
574,226,413.673,451.217,60.786,114.791,0.826656,-1,-1,-1
574,254,373.107,463.843,49.433,104.673,0.758554,-1,-1,-1
574,144,1014.141,423.791,127.558,276.754,0.900655,-1,-1,-1
574,64,548.295,456.005,34.993,83.654,0.867651,-1,-1,-1
574,240,716.474,442.127,39.815,105.163,0.899487,-1,-1,-1
574,180,318.293,453.048,47.009,107.958,0.485447,-1,-1,-1
574,235,1183.406,430.615,62.922,155.914,0.117143,-1,-1,-1
574,238,633.668,453.645,38.865,102.437,0.906375,-1,-1,-1
574,271,1002.198,447.308,36.086,87.644,0.478875,-1,-1,-1
574,72,802.201,470.965,45.668,73.920,0.671800,-1,-1,-1
574,272,1042.936,430.902,35.700,90.128,0.461027,-1,-1,-1
574,274,881.669,448.356,29.482,57.190,0.350071,-1,-1,-1
574,275,1072.198,431.006,39.914,107.287,0.127925,-1,-1,-1
574,277,919.591,459.505,56.780,128.178,0.322405,-1,-1,-1
574,252,667.186,454.794,37.097,96.593,0.849749,-1,-1,-1
574,155,692.223,458.628,29.881,73.728,0.730068,-1,-1,-1
574,160,1234.346,441.561,39.072,99.355,0.779675,-1,-1,-1
574,250,1106.698,427.080,54.689,147.739,0.887648,-1,-1,-1
574,161,1792.453,396.134,135.651,664.902,0.861205,-1,-1,-1
575,100,1653.621,389.614,283.113,685.914,0.973856,-1,-1,-1
575,170,1153.154,429.453,133.174,281.240,0.934940,-1,-1,-1
575,189,939.375,426.764,113.325,262.630,0.913514,-1,-1,-1
575,207,503.819,454.468,25.315,51.375,0.417973,-1,-1,-1
575,194,582.344,456.051,34.945,85.158,0.880510,-1,-1,-1
575,226,412.069,451.543,61.258,115.427,0.849725,-1,-1,-1
575,254,372.584,463.198,50.932,108.144,0.776250,-1,-1,-1
575,144,1018.583,419.160,129.638,285.545,0.888074,-1,-1,-1
575,64,548.167,457.218,34.584,82.297,0.869327,-1,-1,-1
575,240,716.354,443.078,39.474,104.138,0.892061,-1,-1,-1
575,180,317.391,452.591,47.074,109.070,0.513657,-1,-1,-1
575,235,1174.189,424.991,60.751,151.270,0.304282,-1,-1,-1
575,238,633.752,453.957,37.895,100.295,0.902231,-1,-1,-1
575,271,1000.140,439.509,41.412,101.145,0.212417,-1,-1,-1
575,72,802.234,472.655,45.149,72.329,0.567413,-1,-1,-1
575,272,1033.511,428.300,52.157,132.079,0.612850,-1,-1,-1
575,274,879.344,447.670,33.753,65.979,0.340508,-1,-1,-1
575,275,1066.999,425.968,57.643,154.568,0.634073,-1,-1,-1
575,277,919.597,457.522,60.092,131.630,0.503117,-1,-1,-1
575,252,666.852,454.972,37.213,96.703,0.856701,-1,-1,-1
575,155,692.934,457.820,29.905,73.991,0.722931,-1,-1,-1
575,160,1240.398,440.262,36.382,92.356,0.743196,-1,-1,-1
575,250,1107.599,426.129,53.647,146.583,0.877601,-1,-1,-1
575,161,1803.860,397.355,121.153,597.717,0.650204,-1,-1,-1
576,100,1654.885,388.575,280.828,687.420,0.969200,-1,-1,-1
576,170,1157.685,431.536,134.869,283.324,0.935251,-1,-1,-1
576,189,945.937,427.257,114.762,263.187,0.911234,-1,-1,-1
576,207,505.040,455.213,25.061,50.682,0.450259,-1,-1,-1
576,194,583.685,457.337,34.260,83.649,0.882105,-1,-1,-1
576,226,411.436,452.218,61.817,115.977,0.852861,-1,-1,-1
576,254,372.494,462.524,52.070,110.974,0.809797,-1,-1,-1
576,144,1020.479,419.839,128.297,285.576,0.899380,-1,-1,-1
576,64,548.552,458.675,34.259,80.977,0.864281,-1,-1,-1
576,240,717.245,443.266,39.376,104.065,0.886634,-1,-1,-1
576,180,317.328,453.595,46.010,107.006,0.568040,-1,-1,-1
576,235,1169.649,429.481,59.288,147.541,0.176728,-1,-1,-1
576,238,633.281,454.747,37.127,98.485,0.897511,-1,-1,-1
576,271,1000.379,433.194,46.499,115.616,0.189485,-1,-1,-1
576,72,801.567,471.332,46.503,74.276,0.657097,-1,-1,-1
576,272,1031.444,428.602,56.133,142.691,0.477561,-1,-1,-1
576,274,880.364,448.209,32.463,63.580,0.274923,-1,-1,-1
576,275,1070.992,431.002,56.738,150.743,0.763518,-1,-1,-1
576,277,921.931,459.421,55.849,121.584,0.191209,-1,-1,-1
576,252,667.863,456.429,35.552,91.995,0.833334,-1,-1,-1
576,155,694.398,459.727,28.978,71.603,0.729977,-1,-1,-1
576,160,1241.858,439.621,36.929,93.149,0.603263,-1,-1,-1
576,250,1109.287,426.509,52.072,144.202,0.854244,-1,-1,-1
576,161,1806.508,394.254,127.704,652.137,0.837113,-1,-1,-1
577,100,1655.557,388.891,278.668,688.428,0.967916,-1,-1,-1
577,170,1157.892,433.224,134.421,280.446,0.940584,-1,-1,-1
577,189,951.046,430.991,115.492,259.729,0.911159,-1,-1,-1
577,207,501.902,456.226,25.739,51.951,0.452857,-1,-1,-1
577,194,583.852,457.933,34.021,83.058,0.883092,-1,-1,-1
577,226,410.654,451.785,61.965,116.273,0.850355,-1,-1,-1
577,254,373.373,463.288,51.079,109.238,0.777733,-1,-1,-1
577,144,1029.796,427.831,121.475,274.305,0.875566,-1,-1,-1
577,64,549.095,460.393,33.839,79.187,0.861991,-1,-1,-1
577,240,718.251,444.374,38.984,103.306,0.889014,-1,-1,-1
577,180,321.075,454.723,47.222,107.816,0.393669,-1,-1,-1
577,235,1165.037,433.397,64.680,159.366,0.439896,-1,-1,-1
577,238,632.066,453.960,38.072,101.423,0.903033,-1,-1,-1
577,271,1004.293,430.481,46.478,114.472,0.181714,-1,-1,-1
577,72,801.733,470.863,46.491,74.321,0.683778,-1,-1,-1
577,272,1034.338,434.362,54.545,139.453,0.652465,-1,-1,-1
577,274,880.481,448.250,31.001,60.716,0.268053,-1,-1,-1
577,275,1074.630,435.550,56.558,147.318,0.734315,-1,-1,-1
577,277,923.759,460.382,59.864,125.585,0.409219,-1,-1,-1
577,252,665.082,454.213,37.175,96.761,0.851098,-1,-1,-1
577,155,695.426,460.406,28.670,70.996,0.743086,-1,-1,-1
577,160,1243.899,436.824,40.060,101.398,0.472162,-1,-1,-1
577,250,1111.302,428.765,50.602,141.330,0.845564,-1,-1,-1
577,161,1819.114,390.828,116.914,618.265,0.677829,-1,-1,-1
577,13,1734.179,391.458,217.275,683.786,0.856141,-1,-1,-1
578,100,1653.470,388.697,277.421,689.457,0.971147,-1,-1,-1
578,170,1156.055,434.906,133.333,277.142,0.922023,-1,-1,-1
578,189,956.001,432.391,112.619,250.972,0.907386,-1,-1,-1
578,207,501.370,455.900,25.560,51.370,0.400389,-1,-1,-1
578,194,583.579,457.533,34.227,83.793,0.878248,-1,-1,-1
578,226,411.561,450.404,61.926,117.077,0.851319,-1,-1,-1
578,254,374.534,462.831,48.439,104.118,0.651221,-1,-1,-1
578,144,1033.618,432.672,117.270,266.805,0.872991,-1,-1,-1
578,64,549.228,460.862,34.010,78.913,0.864124,-1,-1,-1
578,240,718.775,446.899,37.944,100.677,0.899160,-1,-1,-1
578,180,322.223,454.691,48.049,109.908,0.292013,-1,-1,-1
578,235,1156.830,433.258,66.363,163.091,0.130704,-1,-1,-1
578,238,631.848,453.991,37.975,101.621,0.904506,-1,-1,-1
578,271,1006.787,429.896,44.844,109.177,0.168049,-1,-1,-1
578,72,800.837,470.530,46.472,74.519,0.675575,-1,-1,-1
578,272,1036.458,435.714,52.973,136.168,0.644692,-1,-1,-1
578,274,878.869,445.697,33.926,67.361,0.309604,-1,-1,-1
578,275,1073.938,437.035,57.069,146.229,0.750778,-1,-1,-1
578,277,923.303,466.284,59.867,121.354,0.406030,-1,-1,-1
578,252,663.664,453.263,37.419,97.944,0.852411,-1,-1,-1
578,155,695.892,459.855,29.108,72.178,0.764126,-1,-1,-1
578,160,1246.641,437.201,37.663,94.292,0.213716,-1,-1,-1
578,250,1110.467,426.615,51.197,144.680,0.871034,-1,-1,-1
578,161,1811.323,385.702,114.020,602.779,0.186921,-1,-1,-1
579,100,1654.152,391.233,275.228,688.015,0.972233,-1,-1,-1
579,170,1156.856,432.132,134.603,279.628,0.911632,-1,-1,-1
579,189,956.676,438.939,108.371,237.752,0.915530,-1,-1,-1
579,207,499.154,455.164,25.962,52.075,0.383684,-1,-1,-1
579,194,583.902,456.651,34.478,84.477,0.876572,-1,-1,-1
579,226,410.860,452.005,60.568,114.939,0.845341,-1,-1,-1
579,254,374.570,462.762,48.326,104.392,0.691919,-1,-1,-1
579,144,1039.060,434.797,112.679,261.245,0.827056,-1,-1,-1
579,64,549.583,459.699,34.783,79.920,0.864380,-1,-1,-1
579,240,718.843,446.457,38.108,101.146,0.897681,-1,-1,-1
579,180,319.025,454.279,48.143,109.808,0.421143,-1,-1,-1
579,235,1152.875,433.792,87.725,214.630,0.663784,-1,-1,-1
579,238,631.274,454.278,37.715,101.301,0.891709,-1,-1,-1
579,271,1000.668,437.642,51.960,127.771,0.242598,-1,-1,-1
579,72,800.530,469.505,47.092,75.692,0.666223,-1,-1,-1
579,272,1039.432,439.886,54.789,140.434,0.725056,-1,-1,-1
579,274,877.635,444.569,36.445,73.206,0.285289,-1,-1,-1
579,275,1074.112,435.262,57.972,148.408,0.646517,-1,-1,-1
579,277,919.789,467.794,61.315,120.640,0.590661,-1,-1,-1
579,252,663.122,452.473,37.032,97.180,0.858641,-1,-1,-1
579,155,694.639,458.380,29.792,73.866,0.758816,-1,-1,-1
579,160,1246.604,434.023,36.199,89.490,0.209094,-1,-1,-1
579,250,1111.704,427.897,50.245,143.316,0.841726,-1,-1,-1
579,161,1809.633,387.858,112.113,593.811,0.178947,-1,-1,-1
579,276,827.421,462.369,39.753,79.880,0.615233,-1,-1,-1
580,100,1653.938,392.741,273.636,687.082,0.970598,-1,-1,-1
580,170,1161.813,435.153,133.458,276.423,0.938022,-1,-1,-1
580,189,957.469,436.584,109.021,237.307,0.929254,-1,-1,-1
580,207,498.746,455.605,25.957,51.835,0.389548,-1,-1,-1
580,194,584.086,455.134,34.825,85.447,0.871229,-1,-1,-1
580,226,411.531,448.309,62.218,119.527,0.843718,-1,-1,-1
580,254,374.779,460.982,48.784,105.263,0.750261,-1,-1,-1
580,144,1046.710,432.477,112.041,264.470,0.870867,-1,-1,-1
580,64,549.612,458.699,35.663,81.176,0.863333,-1,-1,-1
580,240,719.128,447.349,37.873,100.838,0.883887,-1,-1,-1
580,180,316.761,454.435,48.804,111.605,0.523495,-1,-1,-1
580,235,1156.208,441.662,90.899,221.309,0.519433,-1,-1,-1
580,238,630.371,453.557,37.870,101.788,0.878188,-1,-1,-1
580,271,997.016,433.908,56.660,141.015,0.168042,-1,-1,-1
580,72,800.784,469.461,47.317,75.910,0.652330,-1,-1,-1
580,272,1041.305,440.184,54.227,140.231,0.547286,-1,-1,-1
580,274,878.629,444.318,35.184,71.111,0.278927,-1,-1,-1
580,275,1079.503,430.678,56.640,145.378,0.464109,-1,-1,-1
580,277,917.691,471.971,60.798,116.624,0.697724,-1,-1,-1
580,252,662.493,453.168,37.174,98.045,0.852103,-1,-1,-1
580,155,695.161,459.352,29.287,72.647,0.738491,-1,-1,-1
580,250,1112.708,426.335,48.709,138.875,0.806140,-1,-1,-1
580,276,825.970,462.975,40.450,79.693,0.598677,-1,-1,-1
580,265,697.498,452.915,37.284,88.797,0.611189,-1,-1,-1
581,100,1653.043,395.361,272.056,684.705,0.966824,-1,-1,-1
581,170,1166.335,433.429,135.153,279.960,0.908419,-1,-1,-1
581,189,958.987,436.845,108.727,234.945,0.931908,-1,-1,-1
581,207,497.739,456.071,26.306,52.470,0.420296,-1,-1,-1
581,194,583.980,454.842,34.637,85.074,0.871634,-1,-1,-1
581,226,412.088,448.371,61.375,118.875,0.766631,-1,-1,-1
581,254,374.325,462.755,48.315,104.339,0.572686,-1,-1,-1
581,144,1049.926,433.501,111.390,266.731,0.889644,-1,-1,-1
581,64,548.517,456.052,37.281,84.442,0.868995,-1,-1,-1
581,240,720.416,447.709,37.478,99.974,0.868514,-1,-1,-1
581,180,316.121,454.843,48.748,111.331,0.331922,-1,-1,-1
581,235,1155.717,436.711,98.648,241.047,0.766877,-1,-1,-1
581,238,629.940,453.819,37.094,99.975,0.860147,-1,-1,-1
581,271,994.957,434.774,58.293,146.353,0.183633,-1,-1,-1
581,72,800.689,470.911,46.336,74.308,0.658400,-1,-1,-1
581,272,1040.072,441.592,52.069,136.555,0.580962,-1,-1,-1
581,274,877.410,445.441,35.538,72.474,0.287111,-1,-1,-1
581,275,1076.057,431.043,55.236,142.588,0.431320,-1,-1,-1
581,277,916.967,475.665,60.668,113.166,0.616333,-1,-1,-1
581,252,662.656,453.250,36.740,97.207,0.850203,-1,-1,-1
581,155,696.541,460.352,28.692,71.394,0.743291,-1,-1,-1
581,250,1111.590,422.838,49.971,141.586,0.817301,-1,-1,-1
581,276,832.145,460.996,38.943,76.735,0.469913,-1,-1,-1
582,100,1652.639,396.649,270.997,683.494,0.964110,-1,-1,-1
582,170,1170.046,432.080,135.716,282.661,0.926169,-1,-1,-1
582,189,958.877,428.619,112.527,241.912,0.933931,-1,-1,-1
582,207,497.952,455.829,25.999,51.750,0.406254,-1,-1,-1
582,194,584.182,454.458,34.678,85.267,0.845714,-1,-1,-1
582,226,411.652,450.425,59.391,115.733,0.781846,-1,-1,-1
582,254,372.531,462.629,49.688,106.875,0.600401,-1,-1,-1
582,144,1053.321,429.508,111.326,271.472,0.888779,-1,-1,-1
582,64,547.690,452.814,38.555,87.576,0.867549,-1,-1,-1
582,240,720.946,446.861,38.252,101.764,0.882170,-1,-1,-1
582,180,316.120,454.185,49.224,112.103,0.267086,-1,-1,-1
582,235,1157.003,436.653,100.039,245.868,0.806037,-1,-1,-1
582,238,629.516,453.926,36.840,99.556,0.876654,-1,-1,-1
582,72,800.075,471.561,45.609,73.060,0.622646,-1,-1,-1
582,272,1042.889,440.205,55.378,145.271,0.692964,-1,-1,-1
582,274,877.655,445.925,36.246,74.630,0.291786,-1,-1,-1
582,275,1078.017,425.674,61.324,158.309,0.246461,-1,-1,-1
582,277,916.790,478.611,60.231,109.312,0.587055,-1,-1,-1
582,252,662.794,452.835,36.802,97.731,0.860256,-1,-1,-1
582,155,696.931,460.370,28.220,70.295,0.730720,-1,-1,-1
582,250,1102.243,415.348,57.559,161.350,0.800202,-1,-1,-1
582,276,835.621,460.809,39.317,76.808,0.440447,-1,-1,-1
582,282,1156.197,436.318,37.872,108.274,0.704840,-1,-1,-1
583,100,1654.994,395.625,270.134,684.533,0.960941,-1,-1,-1
583,170,1176.469,429.354,134.968,284.951,0.926047,-1,-1,-1
583,189,960.151,426.154,115.204,245.806,0.924165,-1,-1,-1
583,207,499.453,455.902,26.143,52.159,0.403488,-1,-1,-1
583,194,584.538,454.003,34.694,85.401,0.881666,-1,-1,-1
583,226,411.241,451.931,57.921,113.041,0.699205,-1,-1,-1
583,254,373.273,461.566,47.176,100.405,0.333614,-1,-1,-1
583,144,1058.676,428.983,109.174,270.943,0.895255,-1,-1,-1
583,64,547.631,449.252,39.788,90.748,0.867518,-1,-1,-1
583,240,720.833,445.340,39.035,103.663,0.884959,-1,-1,-1
583,180,313.483,452.913,50.474,114.898,0.393772,-1,-1,-1
583,235,1156.504,432.619,102.669,255.319,0.858386,-1,-1,-1
583,238,629.315,453.725,37.081,100.313,0.876933,-1,-1,-1
583,72,800.024,468.399,47.132,76.143,0.694910,-1,-1,-1
583,272,1040.239,438.103,57.257,149.284,0.609043,-1,-1,-1
583,274,878.517,444.123,36.311,75.610,0.181613,-1,-1,-1
583,275,1083.161,427.647,57.456,148.915,0.374619,-1,-1,-1
583,277,917.093,475.503,63.257,112.411,0.317806,-1,-1,-1
583,252,662.569,452.297,37.269,99.086,0.862935,-1,-1,-1
583,155,696.941,458.817,29.232,72.877,0.741298,-1,-1,-1
583,250,1097.632,412.390,64.349,178.636,0.819066,-1,-1,-1
583,276,837.842,461.164,39.319,77.095,0.500455,-1,-1,-1
583,282,1155.042,433.542,39.354,112.582,0.720498,-1,-1,-1
584,100,1652.090,394.757,270.315,685.396,0.955445,-1,-1,-1
584,170,1182.701,434.164,130.693,278.714,0.917080,-1,-1,-1
584,189,962.247,423.675,117.279,250.134,0.915570,-1,-1,-1
584,207,500.749,455.631,25.764,51.323,0.436455,-1,-1,-1
584,194,584.981,454.075,34.639,85.130,0.886220,-1,-1,-1
584,226,410.088,453.384,57.921,112.508,0.744180,-1,-1,-1
584,254,375.119,463.604,46.201,97.506,0.339040,-1,-1,-1
584,144,1063.942,427.188,108.071,272.047,0.897409,-1,-1,-1
584,64,547.823,450.094,39.378,89.905,0.867228,-1,-1,-1
584,240,722.472,442.718,40.103,106.301,0.887807,-1,-1,-1
584,180,312.385,451.844,51.197,116.427,0.404024,-1,-1,-1
584,235,1159.174,430.350,101.194,255.081,0.863800,-1,-1,-1
584,238,627.901,452.672,37.691,101.497,0.887709,-1,-1,-1
584,72,800.156,467.399,47.639,77.555,0.698569,-1,-1,-1
584,272,1041.836,434.632,57.705,150.955,0.554151,-1,-1,-1
584,274,879.367,447.821,32.920,68.559,0.254276,-1,-1,-1
584,275,1099.316,421.898,59.602,155.368,0.724495,-1,-1,-1
584,277,915.917,474.433,65.859,114.473,0.487283,-1,-1,-1
584,252,662.590,451.811,36.251,96.001,0.846490,-1,-1,-1
584,155,697.031,457.566,29.904,74.540,0.755690,-1,-1,-1
584,250,1094.171,411.992,73.429,206.358,0.681648,-1,-1,-1
584,276,839.006,461.945,39.157,76.699,0.486064,-1,-1,-1
584,282,1154.664,435.578,39.929,114.329,0.649308,-1,-1,-1
584,283,576.621,451.800,33.454,86.338,0.660279,-1,-1,-1
585,100,1655.532,391.204,270.084,688.936,0.946624,-1,-1,-1
585,170,1188.704,430.598,130.826,282.867,0.919137,-1,-1,-1
585,189,965.671,420.307,119.139,255.281,0.917110,-1,-1,-1
585,207,499.348,455.863,25.657,51.098,0.424987,-1,-1,-1
585,194,586.012,455.967,33.648,82.618,0.879931,-1,-1,-1
585,226,409.168,453.000,57.928,112.694,0.801471,-1,-1,-1
585,254,371.114,463.603,47.397,98.542,0.398122,-1,-1,-1
585,144,1068.254,418.711,108.445,279.474,0.909125,-1,-1,-1
585,64,548.522,451.628,38.505,87.953,0.856197,-1,-1,-1
585,240,723.191,441.877,40.100,106.454,0.885975,-1,-1,-1
585,180,313.939,453.432,49.401,112.262,0.610076,-1,-1,-1
585,235,1160.730,431.803,100.045,254.509,0.857638,-1,-1,-1
585,238,627.157,452.190,37.849,101.797,0.890624,-1,-1,-1
585,72,800.107,466.700,47.787,78.263,0.655313,-1,-1,-1
585,272,1050.650,434.554,54.926,144.991,0.586058,-1,-1,-1
585,274,878.659,449.057,33.820,70.670,0.317694,-1,-1,-1
585,275,1104.446,416.612,62.284,164.375,0.535526,-1,-1,-1
585,277,922.257,473.260,67.445,115.968,0.478211,-1,-1,-1
585,252,663.299,451.734,35.299,92.712,0.850661,-1,-1,-1
585,155,696.823,457.939,29.555,73.606,0.756601,-1,-1,-1
585,276,837.312,460.297,39.287,77.170,0.527381,-1,-1,-1
585,282,1157.360,436.891,36.860,105.447,0.602790,-1,-1,-1
585,283,577.944,454.181,32.326,83.395,0.644207,-1,-1,-1
586,100,1659.988,391.479,268.008,688.646,0.933209,-1,-1,-1
586,170,1193.524,432.350,128.726,282.229,0.905294,-1,-1,-1
586,189,970.451,427.200,116.015,249.643,0.922384,-1,-1,-1
586,207,499.839,457.453,24.829,49.284,0.378629,-1,-1,-1
586,194,586.390,456.486,33.432,82.309,0.872525,-1,-1,-1
586,226,408.772,451.656,58.188,113.756,0.723217,-1,-1,-1
586,254,372.256,463.014,48.232,100.384,0.472586,-1,-1,-1
586,144,1071.969,420.933,105.656,277.895,0.910336,-1,-1,-1
586,64,549.673,452.809,37.773,86.687,0.848356,-1,-1,-1
586,240,722.906,441.236,40.459,107.645,0.888970,-1,-1,-1
586,180,313.473,452.608,49.949,113.425,0.534820,-1,-1,-1
586,235,1160.951,431.548,101.886,260.313,0.845506,-1,-1,-1
586,238,626.683,452.526,37.682,101.199,0.890956,-1,-1,-1
586,72,800.826,467.797,46.883,77.585,0.712732,-1,-1,-1
586,272,1057.272,436.786,52.434,139.878,0.494372,-1,-1,-1
586,274,878.928,451.342,32.119,67.117,0.276192,-1,-1,-1
586,277,922.910,474.067,68.604,116.135,0.607907,-1,-1,-1
586,252,663.520,452.413,36.300,95.094,0.857419,-1,-1,-1
586,155,697.252,455.975,30.465,76.360,0.746669,-1,-1,-1
586,276,837.313,462.297,39.093,77.161,0.542595,-1,-1,-1
586,282,1158.616,442.339,33.255,95.012,0.502936,-1,-1,-1
586,283,577.340,457.012,31.829,82.036,0.335692,-1,-1,-1
587,100,1665.880,388.360,266.221,691.751,0.931178,-1,-1,-1
587,170,1193.991,431.182,127.936,282.493,0.884766,-1,-1,-1
587,189,972.461,422.473,116.278,252.169,0.920587,-1,-1,-1
587,207,500.727,458.257,24.518,48.522,0.394476,-1,-1,-1
587,194,586.670,457.187,32.787,81.337,0.866158,-1,-1,-1
587,226,409.076,449.410,58.695,115.787,0.726605,-1,-1,-1
587,254,372.183,469.298,47.260,97.920,0.191825,-1,-1,-1
587,144,1075.496,413.491,107.625,285.706,0.910153,-1,-1,-1
587,64,550.871,454.533,36.446,84.354,0.850587,-1,-1,-1
587,240,723.497,441.005,40.310,107.530,0.891629,-1,-1,-1
587,180,311.115,453.140,48.422,111.470,0.466384,-1,-1,-1
587,235,1162.880,429.516,101.645,261.927,0.859349,-1,-1,-1
587,238,626.877,453.493,37.031,99.886,0.890142,-1,-1,-1
587,72,802.798,468.817,45.598,76.157,0.645387,-1,-1,-1
587,272,1060.168,437.642,51.715,139.859,0.380084,-1,-1,-1
587,274,878.180,452.757,32.921,69.147,0.305433,-1,-1,-1
587,277,921.589,472.690,70.974,117.848,0.665303,-1,-1,-1
587,252,664.162,453.012,35.028,91.352,0.843884,-1,-1,-1
587,155,696.444,457.354,29.638,74.280,0.683716,-1,-1,-1
587,276,836.408,461.818,39.846,79.118,0.510153,-1,-1,-1
587,282,1162.629,438.789,34.997,99.678,0.529312,-1,-1,-1
587,283,572.851,448.866,34.244,88.618,0.108335,-1,-1,-1
588,100,1668.697,388.647,263.568,691.452,0.908429,-1,-1,-1
588,170,1196.869,428.623,127.382,284.133,0.904716,-1,-1,-1
588,189,977.183,419.500,115.031,253.500,0.916999,-1,-1,-1
588,207,501.093,458.517,24.475,48.178,0.409111,-1,-1,-1
588,194,586.459,456.666,32.746,81.755,0.861119,-1,-1,-1
588,226,409.306,450.596,57.543,114.336,0.734528,-1,-1,-1
588,254,371.515,465.586,49.509,102.668,0.375530,-1,-1,-1
588,144,1079.765,410.034,109.016,289.096,0.927409,-1,-1,-1
588,64,551.612,455.227,36.144,84.270,0.859641,-1,-1,-1
588,240,723.963,442.771,40.023,107.234,0.892257,-1,-1,-1
588,180,310.952,453.188,47.833,111.116,0.496598,-1,-1,-1
588,235,1164.638,429.952,99.442,258.688,0.878417,-1,-1,-1
588,238,626.163,453.715,36.811,99.501,0.891949,-1,-1,-1
588,72,797.781,464.907,47.803,81.658,0.648467,-1,-1,-1
588,272,1062.474,440.583,50.830,138.858,0.315230,-1,-1,-1
588,274,877.624,451.559,34.267,72.340,0.341374,-1,-1,-1
588,277,921.383,469.357,73.740,120.193,0.469355,-1,-1,-1
588,252,663.170,452.345,36.587,95.112,0.848795,-1,-1,-1
588,155,695.690,457.180,29.331,73.253,0.682572,-1,-1,-1
588,276,831.077,463.849,40.319,80.074,0.604452,-1,-1,-1
588,282,1164.207,436.972,34.615,97.882,0.627390,-1,-1,-1
588,283,570.032,444.029,35.974,93.582,0.143081,-1,-1,-1
589,100,1672.765,387.603,260.748,691.784,0.881634,-1,-1,-1
589,170,1204.054,429.364,124.629,281.544,0.912352,-1,-1,-1
589,189,984.802,422.401,111.348,248.686,0.918402,-1,-1,-1
589,207,502.025,459.338,24.122,47.235,0.394606,-1,-1,-1
589,194,586.176,456.480,32.852,82.204,0.858113,-1,-1,-1
589,226,411.358,460.783,53.717,104.736,0.634616,-1,-1,-1
589,254,372.435,462.995,48.906,102.506,0.555515,-1,-1,-1
589,144,1082.178,409.292,108.150,288.560,0.928855,-1,-1,-1
589,64,550.259,454.977,36.400,85.078,0.848779,-1,-1,-1
589,240,724.009,443.310,40.432,108.716,0.876918,-1,-1,-1
589,180,314.585,458.013,43.433,101.060,0.454300,-1,-1,-1
589,235,1167.470,427.008,96.493,253.730,0.899150,-1,-1,-1
589,238,625.476,453.545,36.785,99.450,0.901897,-1,-1,-1
589,72,798.941,467.981,45.069,77.102,0.715989,-1,-1,-1
589,272,1066.793,447.558,51.709,140.647,0.462289,-1,-1,-1
589,274,878.631,450.866,31.895,67.191,0.261560,-1,-1,-1
589,277,919.425,472.454,71.964,116.995,0.543022,-1,-1,-1
589,252,662.325,451.562,38.467,100.513,0.877220,-1,-1,-1
589,155,697.424,458.449,29.072,72.902,0.686030,-1,-1,-1
589,276,835.095,463.261,38.434,76.340,0.563210,-1,-1,-1
589,282,1162.701,439.366,34.400,96.855,0.652392,-1,-1,-1
589,283,569.855,441.871,35.554,92.911,0.140283,-1,-1,-1
589,269,693.214,449.189,38.306,97.755,0.708567,-1,-1,-1
589,161,1792.145,397.731,127.172,678.518,0.789570,-1,-1,-1
589,265,711.588,444.095,41.895,106.333,0.677739,-1,-1,-1
589,275,1150.397,437.201,35.298,92.761,0.611192,-1,-1,-1
590,100,1686.648,394.531,252.868,685.282,0.783931,-1,-1,-1
590,170,1209.967,427.271,124.191,284.516,0.923147,-1,-1,-1
590,189,991.811,436.897,103.011,233.069,0.916922,-1,-1,-1
590,207,503.420,457.429,24.710,48.433,0.385389,-1,-1,-1
590,194,584.971,455.753,33.854,84.748,0.867497,-1,-1,-1
590,226,412.307,466.065,52.642,101.610,0.625888,-1,-1,-1
590,254,371.696,463.420,50.681,107.025,0.608542,-1,-1,-1
590,144,1086.445,402.425,109.852,294.328,0.924774,-1,-1,-1
590,64,550.082,453.731,36.544,86.037,0.870414,-1,-1,-1
590,240,723.726,442.155,40.679,109.385,0.885406,-1,-1,-1
590,180,314.436,456.217,46.382,108.241,0.633477,-1,-1,-1
590,235,1168.903,423.320,98.333,259.934,0.895859,-1,-1,-1
590,238,624.771,453.779,36.881,99.637,0.909019,-1,-1,-1
590,72,798.802,467.665,44.996,76.910,0.719681,-1,-1,-1
590,272,1071.296,449.073,50.791,138.670,0.470480,-1,-1,-1
590,274,877.724,452.209,34.208,72.225,0.255417,-1,-1,-1
590,277,917.109,472.245,70.531,114.214,0.677334,-1,-1,-1
590,252,661.874,451.783,38.860,101.977,0.874106,-1,-1,-1
590,155,697.937,458.353,29.143,73.001,0.733528,-1,-1,-1
590,276,835.379,462.501,39.080,77.440,0.605347,-1,-1,-1
590,282,1163.765,438.612,33.986,95.612,0.510766,-1,-1,-1
590,283,570.439,442.603,35.223,92.495,0.123356,-1,-1,-1
590,287,1674.123,429.264,112.003,157.546,0.612107,-1,-1,-1
590,161,1805.581,402.484,122.250,678.384,0.852020,-1,-1,-1
590,265,714.848,443.690,39.841,104.743,0.614455,-1,-1,-1
590,275,1154.152,440.788,29.868,77.384,0.453162,-1,-1,-1
591,170,1217.311,434.575,120.368,277.739,0.928664,-1,-1,-1
591,189,998.479,434.049,102.772,234.604,0.903503,-1,-1,-1
591,207,502.670,457.034,24.967,48.984,0.367198,-1,-1,-1
591,194,584.647,455.191,34.048,85.441,0.868669,-1,-1,-1
591,226,413.130,474.315,49.580,95.007,0.696740,-1,-1,-1
591,254,371.911,464.423,50.223,106.342,0.530026,-1,-1,-1
591,144,1089.432,398.473,111.173,298.994,0.916895,-1,-1,-1
591,64,550.440,452.427,36.942,87.676,0.867580,-1,-1,-1
591,240,723.799,442.667,40.289,108.880,0.885944,-1,-1,-1
591,180,316.068,455.104,47.420,110.244,0.529050,-1,-1,-1
591,235,1171.487,424.216,95.929,254.177,0.895236,-1,-1,-1
591,238,624.893,453.905,36.884,99.741,0.900398,-1,-1,-1
591,72,798.688,466.826,45.386,77.465,0.703814,-1,-1,-1
591,272,1068.300,446.613,51.784,141.435,0.272006,-1,-1,-1
591,274,877.762,453.048,32.931,69.395,0.270706,-1,-1,-1
591,277,913.690,468.673,74.145,119.107,0.685480,-1,-1,-1
591,252,661.603,451.547,39.156,102.959,0.878083,-1,-1,-1
591,155,697.780,458.265,29.302,73.242,0.738197,-1,-1,-1
591,276,829.207,464.697,39.507,77.776,0.609428,-1,-1,-1
591,282,1163.561,435.936,37.202,104.608,0.563092,-1,-1,-1
591,287,1675.787,433.142,111.875,157.463,0.649860,-1,-1,-1
591,161,1818.399,416.498,114.427,665.215,0.814470,-1,-1,-1
591,265,716.181,443.155,36.216,97.748,0.108250,-1,-1,-1
591,13,1741.365,421.691,195.917,658.274,0.700100,-1,-1,-1
592,170,1223.306,440.715,117.633,272.841,0.927852,-1,-1,-1
592,189,1001.531,430.787,103.307,239.520,0.915404,-1,-1,-1
592,207,501.797,456.893,25.269,49.647,0.364557,-1,-1,-1
592,194,585.566,455.469,33.648,84.887,0.857280,-1,-1,-1
592,226,412.766,471.395,50.789,97.379,0.655676,-1,-1,-1
592,254,371.253,465.270,50.780,107.314,0.591530,-1,-1,-1
592,144,1090.749,401.274,110.594,297.812,0.917497,-1,-1,-1
592,64,549.832,451.818,36.802,88.056,0.861002,-1,-1,-1
592,240,723.757,443.792,39.959,108.599,0.894118,-1,-1,-1
592,180,316.503,454.200,48.124,111.576,0.605907,-1,-1,-1
592,235,1176.818,426.667,94.350,251.414,0.909882,-1,-1,-1
592,238,624.460,452.992,37.362,101.161,0.905796,-1,-1,-1
592,72,799.785,466.164,46.304,78.935,0.740140,-1,-1,-1
592,272,1073.043,456.165,49.471,135.237,0.218246,-1,-1,-1
592,274,876.887,453.770,34.416,72.638,0.240072,-1,-1,-1
592,277,913.542,470.220,74.295,118.080,0.740612,-1,-1,-1
592,252,661.656,451.690,39.758,105.007,0.888170,-1,-1,-1
592,155,697.824,457.950,30.026,75.147,0.734806,-1,-1,-1
592,276,824.312,465.911,39.477,77.555,0.635743,-1,-1,-1
592,282,1162.902,433.715,38.494,108.388,0.516410,-1,-1,-1
592,287,1672.737,428.838,113.432,159.490,0.682496,-1,-1,-1
592,161,1826.558,407.515,109.840,671.561,0.704367,-1,-1,-1
592,13,1749.738,394.619,191.396,685.458,0.772810,-1,-1,-1
592,271,975.552,455.477,47.063,116.251,0.637282,-1,-1,-1
592,283,576.151,450.421,33.091,86.859,0.742039,-1,-1,-1
593,170,1227.044,436.814,118.897,277.381,0.937410,-1,-1,-1
593,189,1004.663,428.510,103.515,242.493,0.903857,-1,-1,-1
593,207,503.561,457.261,25.422,50.009,0.383161,-1,-1,-1
593,194,584.896,455.393,33.495,84.363,0.859803,-1,-1,-1
593,226,413.463,466.710,53.627,102.331,0.601170,-1,-1,-1
593,254,371.746,465.555,51.705,109.566,0.642213,-1,-1,-1
593,144,1091.726,401.510,110.078,296.981,0.929266,-1,-1,-1
593,64,549.273,452.053,36.493,87.717,0.862283,-1,-1,-1
593,240,724.773,445.091,39.062,106.499,0.888882,-1,-1,-1
593,180,316.366,453.286,48.693,112.897,0.560442,-1,-1,-1
593,235,1180.352,428.130,93.112,249.930,0.899567,-1,-1,-1
593,238,624.549,452.083,37.645,101.974,0.898498,-1,-1,-1
593,72,801.378,466.204,46.780,79.504,0.738213,-1,-1,-1
593,272,1072.911,457.929,47.030,127.903,0.357574,-1,-1,-1
593,274,878.015,451.496,35.382,74.426,0.146030,-1,-1,-1
593,277,918.239,473.618,74.441,114.921,0.719339,-1,-1,-1
593,252,662.102,451.347,39.260,103.922,0.876517,-1,-1,-1
593,155,698.997,458.081,30.097,75.552,0.750181,-1,-1,-1
593,276,806.723,470.215,36.463,70.487,0.640074,-1,-1,-1
593,282,1164.890,434.941,36.682,102.501,0.314948,-1,-1,-1
593,287,1672.584,428.574,114.090,160.199,0.611897,-1,-1,-1
593,161,1835.127,423.064,100.693,644.094,0.774887,-1,-1,-1
593,13,1721.588,422.352,191.915,653.522,0.174395,-1,-1,-1
593,271,966.666,461.494,53.913,126.740,0.614699,-1,-1,-1
594,170,1231.887,437.872,118.207,275.738,0.946977,-1,-1,-1
594,189,1007.088,429.388,102.099,241.706,0.898524,-1,-1,-1
594,207,503.283,457.609,25.891,50.993,0.429975,-1,-1,-1
594,194,584.304,455.017,33.742,84.762,0.867693,-1,-1,-1
594,226,411.725,457.119,58.223,111.272,0.639493,-1,-1,-1
594,254,370.999,463.801,52.962,112.404,0.711992,-1,-1,-1
594,144,1091.373,400.895,110.359,297.935,0.933467,-1,-1,-1
594,64,549.335,451.505,36.579,87.940,0.871597,-1,-1,-1
594,240,724.658,445.264,38.916,106.338,0.893403,-1,-1,-1
594,180,315.134,453.359,49.285,114.083,0.606597,-1,-1,-1
594,235,1181.437,430.922,92.957,249.937,0.895808,-1,-1,-1
594,238,624.546,451.700,37.753,102.721,0.887003,-1,-1,-1
594,72,801.992,466.868,46.347,78.417,0.729324,-1,-1,-1
594,272,1070.606,452.033,47.506,129.309,0.362033,-1,-1,-1
594,274,878.417,451.306,35.136,73.601,0.170814,-1,-1,-1
594,277,914.639,469.779,78.874,119.689,0.671061,-1,-1,-1
594,252,661.460,450.766,39.698,105.458,0.867140,-1,-1,-1
594,155,699.327,458.975,29.436,74.030,0.716470,-1,-1,-1
594,276,799.593,471.349,35.497,67.921,0.667952,-1,-1,-1
594,282,1167.185,434.269,34.984,97.699,0.390123,-1,-1,-1
594,287,1671.593,427.298,116.050,162.893,0.630873,-1,-1,-1
594,161,1826.938,357.810,108.202,716.203,0.638892,-1,-1,-1
594,13,1697.975,388.321,207.795,685.824,0.204072,-1,-1,-1
594,271,961.341,463.608,57.444,127.388,0.453217,-1,-1,-1
594,265,715.736,445.254,37.359,102.747,0.623606,-1,-1,-1
595,170,1234.436,435.131,119.251,278.602,0.953797,-1,-1,-1
595,189,1010.633,430.066,99.074,237.839,0.911582,-1,-1,-1
595,207,502.918,458.072,25.796,50.785,0.416839,-1,-1,-1
595,194,583.644,455.365,33.999,85.047,0.862935,-1,-1,-1
595,226,411.499,457.218,58.749,110.975,0.641606,-1,-1,-1
595,254,371.152,463.325,53.050,112.320,0.704678,-1,-1,-1
595,144,1092.051,402.510,109.635,295.650,0.936689,-1,-1,-1
595,64,549.534,452.551,36.173,86.659,0.864652,-1,-1,-1
595,240,725.015,445.693,38.861,106.507,0.900671,-1,-1,-1
595,180,315.509,453.574,48.389,111.871,0.574779,-1,-1,-1
595,235,1178.069,428.050,93.865,254.918,0.907560,-1,-1,-1
595,238,624.428,451.975,37.467,101.895,0.895700,-1,-1,-1
595,72,801.196,465.943,47.380,79.258,0.732631,-1,-1,-1
595,272,1075.527,452.888,48.213,129.775,0.394369,-1,-1,-1
595,274,879.203,447.260,36.833,77.711,0.416368,-1,-1,-1
595,277,920.447,474.140,78.546,115.315,0.676896,-1,-1,-1
595,252,661.135,451.439,39.679,105.693,0.872784,-1,-1,-1
595,155,699.387,459.234,28.845,72.757,0.737023,-1,-1,-1
595,276,795.993,470.383,36.438,69.271,0.578397,-1,-1,-1
595,282,1168.893,437.788,33.982,94.487,0.397840,-1,-1,-1
595,287,1673.179,428.346,114.550,160.642,0.512851,-1,-1,-1
595,161,1846.837,407.311,89.726,627.541,0.673678,-1,-1,-1
595,271,955.538,462.819,63.362,130.185,0.495300,-1,-1,-1
595,265,715.327,446.050,36.635,102.233,0.513995,-1,-1,-1
596,170,1238.542,437.934,118.023,275.190,0.951494,-1,-1,-1
596,189,1013.493,434.638,96.099,232.023,0.911783,-1,-1,-1
596,207,502.582,457.156,26.018,51.303,0.437810,-1,-1,-1
596,194,583.230,454.070,34.760,86.897,0.875831,-1,-1,-1
596,226,411.340,457.674,58.962,110.908,0.657652,-1,-1,-1
596,254,371.142,463.435,52.940,111.862,0.693545,-1,-1,-1
596,144,1095.026,404.741,108.708,291.713,0.926300,-1,-1,-1
596,64,549.430,450.126,37.301,89.478,0.861360,-1,-1,-1
596,240,725.107,446.093,38.805,106.455,0.901687,-1,-1,-1
596,180,314.651,453.423,49.026,113.541,0.650707,-1,-1,-1
596,235,1180.365,428.823,92.541,252.415,0.899871,-1,-1,-1
596,238,624.104,451.624,37.378,101.883,0.901605,-1,-1,-1
596,72,801.481,466.182,47.772,78.889,0.711105,-1,-1,-1
596,272,1089.982,446.947,45.844,124.848,0.604073,-1,-1,-1
596,274,880.416,445.910,34.339,72.477,0.396297,-1,-1,-1
596,277,918.907,475.616,79.382,113.697,0.700351,-1,-1,-1
596,252,660.718,451.024,40.072,107.301,0.876775,-1,-1,-1
596,155,698.491,459.521,28.572,72.099,0.721789,-1,-1,-1
596,276,795.484,470.704,36.246,68.029,0.662608,-1,-1,-1
596,282,1172.858,446.009,36.065,99.778,0.276429,-1,-1,-1
596,287,1673.203,429.041,113.954,159.545,0.482159,-1,-1,-1
596,161,1864.762,436.976,65.248,471.084,0.611439,-1,-1,-1
596,271,961.638,471.994,62.451,121.660,0.558263,-1,-1,-1
596,265,714.783,446.919,35.604,100.326,0.542347,-1,-1,-1
596,250,1115.675,434.261,46.574,131.429,0.613600,-1,-1,-1
597,170,1241.167,442.327,116.634,270.596,0.943707,-1,-1,-1
597,189,1015.470,431.454,96.519,235.251,0.913766,-1,-1,-1
597,207,502.777,457.432,25.770,50.783,0.457866,-1,-1,-1
597,194,582.973,453.826,34.673,86.660,0.855518,-1,-1,-1
597,226,412.318,461.145,56.690,106.681,0.656316,-1,-1,-1
597,254,370.608,462.988,53.403,112.313,0.728742,-1,-1,-1
597,144,1096.748,401.321,110.514,295.360,0.921958,-1,-1,-1
597,64,549.394,449.526,37.724,90.636,0.862211,-1,-1,-1
597,240,725.353,444.795,39.208,107.544,0.902945,-1,-1,-1
597,180,314.326,453.474,49.202,113.898,0.666732,-1,-1,-1
597,235,1186.365,433.678,91.031,246.701,0.910407,-1,-1,-1
597,238,624.104,451.814,36.910,101.116,0.890860,-1,-1,-1
597,72,801.042,466.165,48.092,78.917,0.719233,-1,-1,-1
597,272,1093.691,441.537,49.730,135.745,0.715076,-1,-1,-1
597,274,879.863,447.267,34.844,73.516,0.342067,-1,-1,-1
597,277,914.296,475.862,77.716,111.602,0.603865,-1,-1,-1
597,252,660.378,450.576,39.892,107.377,0.873013,-1,-1,-1
597,155,698.122,460.104,28.377,71.564,0.723451,-1,-1,-1
597,276,796.021,471.570,36.189,66.871,0.639459,-1,-1,-1
597,282,1173.490,445.703,37.438,103.362,0.212266,-1,-1,-1
597,287,1672.613,428.434,115.300,161.318,0.480399,-1,-1,-1
597,271,965.095,473.485,62.142,118.087,0.390824,-1,-1,-1
597,265,715.439,446.179,36.057,102.477,0.568279,-1,-1,-1
597,250,1113.416,427.421,53.925,151.698,0.724900,-1,-1,-1
598,170,1243.583,442.767,116.276,269.335,0.934856,-1,-1,-1
598,189,1018.845,432.564,95.567,232.647,0.909614,-1,-1,-1
598,207,503.377,457.284,25.799,50.956,0.447163,-1,-1,-1
598,194,583.022,453.746,34.622,86.753,0.862916,-1,-1,-1
598,226,414.499,468.871,53.295,99.366,0.678407,-1,-1,-1
598,254,373.099,464.250,52.224,108.551,0.724499,-1,-1,-1
598,144,1098.918,401.577,110.292,294.211,0.916939,-1,-1,-1
598,64,548.924,450.086,37.482,90.388,0.858941,-1,-1,-1
598,240,725.797,444.703,39.548,108.694,0.899472,-1,-1,-1
598,180,314.130,453.371,49.376,114.355,0.684470,-1,-1,-1
598,235,1183.191,431.029,93.264,252.991,0.916564,-1,-1,-1
598,238,624.652,452.627,36.210,99.936,0.887173,-1,-1,-1
598,72,801.525,467.215,47.794,78.096,0.725507,-1,-1,-1
598,272,1095.533,439.396,49.291,135.898,0.702422,-1,-1,-1
598,274,880.000,446.539,31.346,65.570,0.326748,-1,-1,-1
598,277,912.270,476.666,76.560,110.396,0.485947,-1,-1,-1
598,252,660.755,450.789,38.963,105.359,0.874514,-1,-1,-1
598,155,697.968,460.644,28.440,71.562,0.713108,-1,-1,-1
598,276,794.854,472.735,35.695,65.919,0.518653,-1,-1,-1
598,282,1172.970,436.765,40.577,112.536,0.239021,-1,-1,-1
598,287,1673.310,428.835,114.382,159.769,0.486448,-1,-1,-1
598,271,964.579,455.799,69.984,134.359,0.325033,-1,-1,-1
598,265,715.672,446.448,35.794,102.563,0.517461,-1,-1,-1
598,250,1116.064,430.798,49.889,141.494,0.697466,-1,-1,-1
599,170,1246.643,438.656,117.499,273.329,0.933611,-1,-1,-1
599,189,1025.042,434.550,97.115,235.207,0.916914,-1,-1,-1
599,207,503.019,455.763,26.109,51.709,0.439588,-1,-1,-1
599,194,583.273,454.645,34.081,85.186,0.861311,-1,-1,-1
599,226,414.139,472.433,51.884,96.099,0.680384,-1,-1,-1
599,254,373.351,464.913,52.722,108.478,0.733456,-1,-1,-1
599,144,1102.701,403.521,108.264,290.462,0.911182,-1,-1,-1
599,64,548.303,450.718,37.033,89.505,0.865625,-1,-1,-1
599,240,725.914,446.144,38.635,106.495,0.895295,-1,-1,-1
599,180,314.335,455.380,48.895,112.935,0.609360,-1,-1,-1
599,235,1183.444,429.072,94.536,256.350,0.918543,-1,-1,-1
599,238,625.272,452.146,36.048,100.110,0.881600,-1,-1,-1
599,72,803.014,468.600,46.976,76.533,0.709506,-1,-1,-1
599,272,1095.206,434.685,49.042,137.855,0.500458,-1,-1,-1
599,274,880.574,447.779,30.559,63.819,0.360518,-1,-1,-1
599,277,912.425,474.697,77.082,111.769,0.551978,-1,-1,-1
599,252,661.095,451.090,38.643,104.708,0.853668,-1,-1,-1
599,155,698.232,461.788,27.925,70.069,0.721527,-1,-1,-1
599,276,796.065,473.501,35.260,64.460,0.615448,-1,-1,-1
599,282,1173.579,438.642,40.589,113.513,0.247427,-1,-1,-1
599,287,1674.364,429.610,112.710,157.081,0.419182,-1,-1,-1
599,271,966.881,462.505,66.866,127.026,0.376223,-1,-1,-1
599,265,716.873,447.176,35.136,101.108,0.529205,-1,-1,-1
599,250,1116.865,431.549,48.941,139.297,0.714937,-1,-1,-1
600,170,1251.304,438.277,117.638,274.829,0.938758,-1,-1,-1
600,189,1030.446,440.466,99.116,236.092,0.922673,-1,-1,-1
600,207,502.702,454.002,26.640,53.083,0.389853,-1,-1,-1
600,194,583.409,454.821,33.931,84.765,0.852531,-1,-1,-1
600,226,415.076,469.429,53.019,97.679,0.603458,-1,-1,-1
600,254,371.530,466.022,52.368,107.380,0.634900,-1,-1,-1
600,144,1111.437,410.292,103.057,278.905,0.900380,-1,-1,-1
600,64,549.259,451.557,35.854,87.086,0.860387,-1,-1,-1
600,240,725.956,444.927,38.853,106.909,0.901318,-1,-1,-1
600,180,316.002,454.738,48.825,112.100,0.506118,-1,-1,-1
600,235,1181.547,427.164,95.869,261.186,0.922476,-1,-1,-1
600,238,625.539,451.769,35.838,100.061,0.885894,-1,-1,-1
600,72,796.258,465.224,48.038,79.589,0.701368,-1,-1,-1
600,272,1099.912,434.595,49.528,139.344,0.504019,-1,-1,-1
600,274,878.092,449.298,33.528,70.096,0.314985,-1,-1,-1
600,277,912.001,474.463,76.777,111.692,0.597177,-1,-1,-1
600,252,661.064,452.628,37.417,101.500,0.825057,-1,-1,-1
600,155,697.417,462.338,27.537,68.396,0.702750,-1,-1,-1
600,276,794.025,471.409,34.879,64.008,0.625594,-1,-1,-1
600,282,1176.517,444.955,35.875,100.132,0.363097,-1,-1,-1
600,287,1673.689,429.809,113.968,158.545,0.459665,-1,-1,-1
600,271,971.041,472.083,63.268,116.697,0.416236,-1,-1,-1
600,250,1114.560,431.884,49.429,140.609,0.661100,-1,-1,-1
