3,1,730.358,467.079,38.324,100.482,0.876062,-1,-1,-1
3,2,645.050,455.663,80.594,189.059,0.810498,-1,-1,-1
3,3,691.134,474.451,42.453,129.586,0.787132,-1,-1,-1
3,4,1253.933,434.234,46.215,112.079,0.737351,-1,-1,-1
3,5,1065.099,466.164,67.225,128.730,0.724043,-1,-1,-1
3,7,541.358,457.490,38.892,95.723,0.696935,-1,-1,-1
3,9,633.870,460.526,58.928,155.598,0.631354,-1,-1,-1
3,12,1347.681,433.601,183.343,344.862,0.926916,-1,-1,-1
3,13,578.447,440.788,100.223,272.240,0.924027,-1,-1,-1
3,14,419.090,441.187,138.712,280.610,0.928049,-1,-1,-1
3,15,1445.506,433.622,165.243,340.052,0.878633,-1,-1,-1
4,1,730.460,466.298,39.437,101.088,0.867513,-1,-1,-1
4,2,639.506,456.907,75.968,177.845,0.787608,-1,-1,-1
4,3,692.012,470.803,43.452,129.659,0.764926,-1,-1,-1
4,4,1252.978,432.894,45.553,112.481,0.735224,-1,-1,-1
4,5,1056.069,470.210,68.141,124.407,0.673011,-1,-1,-1
4,7,542.109,461.385,38.054,93.234,0.675071,-1,-1,-1
4,9,633.873,460.113,58.646,156.517,0.642768,-1,-1,-1
4,12,1347.956,421.120,180.748,360.247,0.937928,-1,-1,-1
4,13,579.256,442.565,99.930,269.579,0.926320,-1,-1,-1
4,14,418.263,440.044,142.814,281.290,0.923793,-1,-1,-1
4,15,1463.198,429.719,148.728,340.344,0.869660,-1,-1,-1
5,1,730.456,465.676,39.153,99.611,0.879101,-1,-1,-1
5,2,638.002,453.917,80.095,184.729,0.836567,-1,-1,-1
5,3,689.805,469.989,45.230,130.293,0.729726,-1,-1,-1
5,4,1252.538,435.910,43.930,110.465,0.738198,-1,-1,-1
5,5,1053.237,471.387,70.752,123.691,0.686629,-1,-1,-1
5,7,542.767,461.488,37.715,92.534,0.678128,-1,-1,-1
5,9,630.786,458.409,62.911,165.627,0.682803,-1,-1,-1
5,12,1352.386,405.591,176.390,374.965,0.944672,-1,-1,-1
5,13,577.125,444.087,100.275,268.181,0.922217,-1,-1,-1
5,14,420.644,442.089,141.768,278.576,0.920355,-1,-1,-1
5,15,1478.637,423.191,132.529,347.073,0.898176,-1,-1,-1
5,20,659.167,456.172,65.411,153.668,0.774152,-1,-1,-1
6,1,730.497,466.972,38.963,97.906,0.887300,-1,-1,-1
6,2,640.114,453.425,79.968,188.455,0.849691,-1,-1,-1
6,3,691.402,470.759,45.990,130.583,0.756342,-1,-1,-1
6,4,1253.602,436.889,42.509,109.933,0.687401,-1,-1,-1
6,5,1060.953,466.206,71.952,128.618,0.680557,-1,-1,-1
6,7,544.483,462.200,36.473,89.649,0.655167,-1,-1,-1
6,12,1359.251,404.925,173.251,378.101,0.937265,-1,-1,-1
6,13,578.851,443.240,101.727,269.319,0.919457,-1,-1,-1
6,14,420.478,441.096,143.156,279.494,0.919910,-1,-1,-1
6,15,1490.816,422.986,118.617,347.686,0.909327,-1,-1,-1
7,1,730.663,466.682,39.348,97.875,0.879320,-1,-1,-1
7,2,640.049,454.402,78.850,183.430,0.824682,-1,-1,-1
7,3,682.777,466.043,49.699,135.551,0.705000,-1,-1,-1
7,4,1252.511,439.905,40.012,106.243,0.762693,-1,-1,-1
7,5,1061.941,465.737,71.276,130.116,0.703658,-1,-1,-1
7,12,1370.181,404.897,160.364,376.184,0.939941,-1,-1,-1
7,13,576.910,443.284,103.253,269.227,0.911502,-1,-1,-1
7,14,429.935,442.639,139.058,278.319,0.903327,-1,-1,-1
7,15,1495.890,428.939,110.970,340.130,0.893918,-1,-1,-1
7,20,657.924,455.549,60.495,146.564,0.663368,-1,-1,-1
7,23,963.148,461.589,62.890,124.701,0.636154,-1,-1,-1
8,1,728.731,463.784,41.914,104.571,0.874161,-1,-1,-1
8,2,639.759,454.470,75.763,177.274,0.817112,-1,-1,-1
8,3,681.104,463.516,52.324,138.648,0.718180,-1,-1,-1
8,4,1253.990,440.586,38.640,106.075,0.738267,-1,-1,-1
8,5,1066.822,466.580,68.275,128.623,0.714676,-1,-1,-1
8,12,1387.354,413.207,141.723,371.912,0.935240,-1,-1,-1
8,13,575.596,438.927,105.665,273.077,0.919051,-1,-1,-1
8,14,426.956,442.801,142.473,282.037,0.914576,-1,-1,-1
8,15,1504.240,428.878,106.546,339.732,0.897369,-1,-1,-1
8,26,818.702,472.601,31.388,75.844,0.612170,-1,-1,-1
9,1,727.756,462.387,42.945,108.354,0.878379,-1,-1,-1
9,2,639.382,451.456,80.579,192.741,0.823151,-1,-1,-1
9,3,684.840,462.469,52.194,137.960,0.740200,-1,-1,-1
9,4,1254.720,443.880,36.729,99.989,0.744673,-1,-1,-1
9,5,1064.050,457.036,71.663,138.120,0.613034,-1,-1,-1
9,7,542.812,450.180,43.685,108.151,0.606982,-1,-1,-1
9,12,1402.755,405.350,136.016,380.971,0.938967,-1,-1,-1
9,13,574.453,438.859,104.199,272.992,0.921335,-1,-1,-1
9,14,426.185,442.793,143.548,279.390,0.912851,-1,-1,-1
9,15,1506.701,430.237,106.815,338.342,0.900498,-1,-1,-1
9,20,657.642,453.562,67.656,155.759,0.776951,-1,-1,-1
9,28,1377.644,429.820,44.733,132.118,0.838425,-1,-1,-1
10,1,728.126,464.184,42.526,105.541,0.881749,-1,-1,-1
10,2,645.098,455.387,76.079,175.649,0.843981,-1,-1,-1
10,3,684.505,458.883,52.758,139.640,0.691970,-1,-1,-1
10,4,1254.953,445.236,36.236,97.643,0.729373,-1,-1,-1
10,12,1410.918,419.630,138.682,372.750,0.931495,-1,-1,-1
10,13,575.371,438.570,104.192,272.106,0.916494,-1,-1,-1
10,14,423.450,440.330,146.002,282.665,0.904812,-1,-1,-1
10,15,1507.620,426.095,118.636,351.531,0.913842,-1,-1,-1
10,20,665.948,463.670,62.175,138.182,0.745565,-1,-1,-1
10,28,1380.827,431.955,43.316,121.957,0.814470,-1,-1,-1
10,30,1828.973,386.686,92.722,269.712,0.630273,-1,-1,-1
11,1,728.279,465.800,43.413,106.666,0.883967,-1,-1,-1
11,2,640.328,451.431,81.269,193.506,0.832255,-1,-1,-1
11,3,682.588,465.762,50.096,131.394,0.736659,-1,-1,-1
11,4,1251.698,441.913,38.830,104.230,0.767440,-1,-1,-1
11,5,1064.993,459.647,69.051,136.387,0.729865,-1,-1,-1
11,12,1414.918,412.489,147.627,383.925,0.943104,-1,-1,-1
11,13,575.782,438.588,104.766,273.999,0.916961,-1,-1,-1
11,14,425.218,440.982,149.417,286.311,0.895553,-1,-1,-1
11,15,1516.935,425.836,118.604,353.968,0.903385,-1,-1,-1
11,20,653.313,453.363,64.144,146.972,0.712634,-1,-1,-1
11,28,1379.860,440.256,40.090,109.964,0.743522,-1,-1,-1
12,1,728.355,462.998,44.012,108.092,0.879579,-1,-1,-1
12,2,641.348,456.367,76.747,183.005,0.722710,-1,-1,-1
12,3,686.378,457.199,52.350,141.969,0.676361,-1,-1,-1
12,4,1253.898,442.394,37.385,98.854,0.747665,-1,-1,-1
12,5,1064.332,459.251,68.696,137.162,0.707006,-1,-1,-1
12,9,627.272,456.842,64.031,166.675,0.633567,-1,-1,-1
12,12,1418.253,418.604,152.072,383.141,0.925362,-1,-1,-1
12,13,573.502,439.086,107.682,274.101,0.921136,-1,-1,-1
12,14,426.308,442.100,148.958,286.586,0.900239,-1,-1,-1
12,15,1528.308,419.364,115.284,360.106,0.887826,-1,-1,-1
12,20,656.359,461.383,67.856,142.771,0.821975,-1,-1,-1
12,28,1378.601,432.292,47.224,126.369,0.804330,-1,-1,-1
13,1,727.333,465.255,42.774,106.515,0.873540,-1,-1,-1
13,2,655.859,453.045,71.710,170.275,0.845446,-1,-1,-1
13,3,686.135,456.132,51.937,142.614,0.658875,-1,-1,-1
13,4,1253.310,443.419,37.062,97.881,0.622280,-1,-1,-1
13,5,1064.940,457.221,68.719,138.895,0.668782,-1,-1,-1
13,12,1430.569,412.315,146.353,390.372,0.931471,-1,-1,-1
13,13,572.929,438.154,107.984,273.504,0.923631,-1,-1,-1
13,14,421.279,440.243,154.755,287.519,0.912777,-1,-1,-1
13,15,1530.480,411.275,125.449,367.710,0.922942,-1,-1,-1
13,28,1380.242,430.953,44.995,121.162,0.742187,-1,-1,-1
13,30,1834.711,451.247,77.265,208.152,0.608266,-1,-1,-1
14,1,728.010,468.023,41.587,103.005,0.876017,-1,-1,-1
14,2,657.871,457.160,69.315,160.781,0.852308,-1,-1,-1
14,3,684.456,458.700,51.648,142.310,0.714977,-1,-1,-1
14,4,1253.503,442.142,37.966,100.106,0.704873,-1,-1,-1
14,5,1065.488,458.669,67.717,137.468,0.695277,-1,-1,-1
14,9,621.423,458.522,62.532,163.037,0.639747,-1,-1,-1
14,12,1429.005,411.538,152.727,387.064,0.915012,-1,-1,-1
14,13,571.746,433.473,107.860,278.295,0.921868,-1,-1,-1
14,14,415.872,436.371,162.373,295.072,0.919015,-1,-1,-1
14,15,1537.175,412.171,138.626,374.016,0.899320,-1,-1,-1
14,28,1381.178,429.173,48.224,127.217,0.749589,-1,-1,-1
14,30,1830.676,426.507,88.125,228.162,0.837206,-1,-1,-1
14,32,1688.095,426.039,108.734,188.173,0.780182,-1,-1,-1
15,1,725.975,467.721,43.404,102.538,0.867352,-1,-1,-1
15,4,1252.201,438.623,40.118,105.469,0.695501,-1,-1,-1
15,5,1065.207,460.119,67.192,135.697,0.627542,-1,-1,-1
15,9,626.763,455.868,62.585,162.647,0.671267,-1,-1,-1
15,12,1436.932,417.355,156.894,386.050,0.904910,-1,-1,-1
15,13,572.530,431.795,109.002,279.139,0.920781,-1,-1,-1
15,14,426.829,438.714,154.898,292.076,0.921002,-1,-1,-1
15,15,1552.650,421.488,162.352,375.531,0.908940,-1,-1,-1
15,20,661.998,449.007,67.566,154.410,0.833621,-1,-1,-1
15,26,818.332,470.987,32.734,77.511,0.644512,-1,-1,-1
15,28,1382.211,429.016,50.711,130.965,0.709105,-1,-1,-1
15,30,1826.999,404.501,94.531,251.042,0.802338,-1,-1,-1
15,32,1679.015,415.219,122.361,220.298,0.713419,-1,-1,-1
16,1,725.774,467.390,43.403,103.339,0.870927,-1,-1,-1
16,2,657.799,445.007,70.014,165.873,0.843247,-1,-1,-1
16,4,1253.141,441.055,38.044,100.716,0.688167,-1,-1,-1
16,5,1065.764,455.745,67.892,139.556,0.661636,-1,-1,-1
16,9,627.508,455.166,58.292,151.876,0.605443,-1,-1,-1
16,12,1444.979,418.990,173.765,386.777,0.887480,-1,-1,-1
16,13,576.222,435.248,109.206,276.398,0.924099,-1,-1,-1
16,14,422.233,441.993,157.425,289.420,0.905795,-1,-1,-1
16,15,1559.125,422.333,168.132,375.090,0.883010,-1,-1,-1
16,20,677.903,448.862,61.332,151.722,0.806895,-1,-1,-1
16,26,819.008,470.549,33.440,77.344,0.644302,-1,-1,-1
16,28,1395.206,431.850,47.332,125.379,0.738577,-1,-1,-1
16,30,1828.161,416.020,91.316,240.679,0.780959,-1,-1,-1
16,32,1684.049,425.801,107.560,190.444,0.732149,-1,-1,-1
17,1,724.413,464.015,44.529,108.138,0.857166,-1,-1,-1
17,2,654.347,448.029,64.859,158.832,0.738551,-1,-1,-1
17,4,1253.419,441.002,37.659,98.670,0.800019,-1,-1,-1
17,5,1064.263,449.262,70.381,146.479,0.649522,-1,-1,-1
17,12,1447.543,424.325,175.375,374.783,0.913126,-1,-1,-1
17,13,574.370,431.302,107.613,280.865,0.916938,-1,-1,-1
17,14,420.544,441.455,161.106,293.002,0.916763,-1,-1,-1
17,15,1555.474,427.896,179.913,375.729,0.889529,-1,-1,-1
17,20,672.674,451.471,61.990,153.555,0.823698,-1,-1,-1
17,26,811.790,472.585,33.881,76.434,0.624247,-1,-1,-1
17,28,1391.169,431.071,50.770,126.864,0.790043,-1,-1,-1
17,30,1829.521,431.421,88.457,224.352,0.815793,-1,-1,-1
17,32,1687.313,424.929,104.376,184.437,0.621711,-1,-1,-1
18,1,724.170,463.467,43.887,108.546,0.852868,-1,-1,-1
18,2,653.640,448.951,60.915,154.757,0.661153,-1,-1,-1
18,4,1254.047,439.946,38.099,98.500,0.841903,-1,-1,-1
18,5,1065.238,449.714,69.394,146.020,0.693061,-1,-1,-1
18,12,1448.020,426.350,179.960,373.264,0.908722,-1,-1,-1
18,13,574.995,431.445,108.864,280.209,0.919263,-1,-1,-1
18,14,416.305,442.276,163.326,292.926,0.924302,-1,-1,-1
18,15,1553.804,433.942,188.956,376.940,0.893104,-1,-1,-1
18,20,667.933,452.242,63.359,153.078,0.851338,-1,-1,-1
18,26,808.731,470.239,36.257,78.774,0.681344,-1,-1,-1
18,28,1399.693,433.172,46.790,122.159,0.752292,-1,-1,-1
18,30,1831.724,454.965,83.937,199.128,0.800257,-1,-1,-1
18,35,1104.957,443.349,31.015,84.950,0.627300,-1,-1,-1
19,1,722.432,464.168,45.408,109.630,0.837328,-1,-1,-1
19,3,684.000,448.413,52.814,145.764,0.740005,-1,-1,-1
19,4,1253.027,439.921,37.918,97.440,0.844840,-1,-1,-1
19,5,1064.956,448.585,69.053,146.955,0.630388,-1,-1,-1
19,12,1457.526,419.103,203.051,382.509,0.905440,-1,-1,-1
19,13,576.442,431.943,111.469,279.666,0.922231,-1,-1,-1
19,14,421.447,444.468,158.317,291.186,0.917876,-1,-1,-1
19,15,1575.580,444.302,183.336,359.682,0.881147,-1,-1,-1
19,20,663.894,452.257,64.816,153.156,0.844451,-1,-1,-1
19,30,1828.954,448.123,88.891,205.707,0.783464,-1,-1,-1
19,35,1104.405,443.038,32.097,86.358,0.648919,-1,-1,-1
20,1,724.652,466.831,43.253,98.317,0.823577,-1,-1,-1
20,3,684.976,450.987,51.441,143.011,0.690278,-1,-1,-1
20,4,1252.822,442.225,36.252,94.220,0.819677,-1,-1,-1
20,12,1450.774,418.751,200.855,386.748,0.906991,-1,-1,-1
20,13,574.954,435.176,114.358,278.232,0.916112,-1,-1,-1
20,14,426.357,443.397,155.713,296.674,0.922454,-1,-1,-1
20,15,1579.387,447.450,172.170,356.366,0.903705,-1,-1,-1
20,20,660.741,451.465,66.107,158.406,0.837463,-1,-1,-1
20,26,816.751,472.048,35.101,77.518,0.629723,-1,-1,-1
20,30,1826.336,435.546,93.705,217.209,0.700229,-1,-1,-1
21,1,722.589,463.887,46.315,100.832,0.814804,-1,-1,-1
21,2,654.746,447.829,59.754,152.713,0.662253,-1,-1,-1
21,4,1253.312,442.911,35.845,92.966,0.836759,-1,-1,-1
21,5,1069.160,451.809,65.984,143.476,0.632580,-1,-1,-1
21,12,1457.031,416.937,209.287,390.789,0.929741,-1,-1,-1
21,13,576.574,431.948,116.734,281.553,0.919234,-1,-1,-1
21,14,446.147,447.759,136.317,290.670,0.895354,-1,-1,-1
21,15,1593.632,439.680,165.691,365.661,0.881295,-1,-1,-1
21,20,668.238,445.209,63.453,157.302,0.827238,-1,-1,-1
21,26,808.964,469.764,36.234,79.199,0.610163,-1,-1,-1
21,43,432.223,450.936,90.184,175.882,0.706285,-1,-1,-1
22,1,718.572,465.458,49.680,103.819,0.787400,-1,-1,-1
22,2,655.673,450.796,58.750,148.890,0.631243,-1,-1,-1
22,4,1253.028,441.328,36.544,94.423,0.864815,-1,-1,-1
22,12,1456.125,405.633,200.599,393.716,0.933170,-1,-1,-1
22,13,576.033,432.166,122.089,281.354,0.924701,-1,-1,-1
22,14,451.657,446.935,130.737,288.497,0.889872,-1,-1,-1
22,15,1595.374,430.054,162.461,376.321,0.893388,-1,-1,-1
22,20,670.945,447.411,61.565,152.448,0.818512,-1,-1,-1
22,30,1824.427,429.311,97.435,229.494,0.655942,-1,-1,-1
22,35,1100.710,441.416,33.932,89.095,0.612645,-1,-1,-1
22,43,434.063,451.859,86.849,169.620,0.632200,-1,-1,-1
23,1,717.273,463.094,51.223,106.335,0.718605,-1,-1,-1
23,4,1252.497,441.932,36.599,93.701,0.870281,-1,-1,-1
23,5,1065.437,450.414,67.090,146.159,0.653253,-1,-1,-1
23,12,1465.210,403.512,193.086,400.004,0.934171,-1,-1,-1
23,13,576.741,431.740,122.758,282.895,0.927321,-1,-1,-1
23,14,460.518,449.326,124.928,283.058,0.880517,-1,-1,-1
23,15,1613.278,426.489,150.413,384.949,0.898466,-1,-1,-1
23,20,672.615,447.778,61.477,150.374,0.824171,-1,-1,-1
23,30,1823.307,417.888,99.929,241.539,0.655317,-1,-1,-1
23,35,1084.879,440.596,52.108,140.989,0.619504,-1,-1,-1
23,47,1439.159,462.204,41.368,93.864,0.834195,-1,-1,-1
24,1,717.058,462.248,52.582,109.789,0.745075,-1,-1,-1
24,4,1251.619,439.407,37.542,96.662,0.841498,-1,-1,-1
24,5,1065.972,451.077,66.839,146.596,0.655967,-1,-1,-1
24,12,1475.929,414.499,212.588,394.008,0.921079,-1,-1,-1
24,13,577.336,434.891,122.772,279.541,0.922508,-1,-1,-1
24,14,454.340,450.723,129.856,280.531,0.887701,-1,-1,-1
24,15,1626.279,416.781,149.496,391.303,0.893732,-1,-1,-1
24,20,674.084,446.590,61.716,152.088,0.849428,-1,-1,-1
24,28,1414.904,433.706,61.643,123.617,0.770452,-1,-1,-1
24,47,1437.116,456.742,44.436,100.125,0.763397,-1,-1,-1
25,1,719.007,462.312,50.471,107.281,0.784321,-1,-1,-1
25,4,1250.833,442.308,35.865,92.546,0.813656,-1,-1,-1
25,5,1066.423,448.965,66.452,146.572,0.728460,-1,-1,-1
25,12,1481.819,399.314,228.116,414.783,0.907174,-1,-1,-1
25,13,577.943,435.706,123.553,278.497,0.922073,-1,-1,-1
25,14,453.417,450.906,133.642,282.460,0.888661,-1,-1,-1
25,15,1633.339,414.832,143.677,391.853,0.898670,-1,-1,-1
25,20,675.570,444.650,60.190,152.194,0.828804,-1,-1,-1
25,28,1416.185,457.255,60.287,102.160,0.729893,-1,-1,-1
25,30,1823.001,405.007,100.213,248.086,0.634333,-1,-1,-1
25,47,1447.016,457.743,45.687,99.551,0.685502,-1,-1,-1
26,1,717.811,464.757,51.514,111.018,0.790465,-1,-1,-1
26,4,1250.626,441.037,36.324,93.710,0.802414,-1,-1,-1
26,5,1068.528,448.120,66.208,147.931,0.748451,-1,-1,-1
26,12,1491.804,412.848,226.649,402.615,0.914572,-1,-1,-1
26,13,579.978,435.890,120.926,278.918,0.921827,-1,-1,-1
26,14,462.401,451.640,126.884,284.209,0.895861,-1,-1,-1
26,15,1643.720,413.714,140.312,392.998,0.890071,-1,-1,-1
26,20,679.195,444.160,53.967,139.905,0.820616,-1,-1,-1
26,28,1413.480,451.534,67.536,106.844,0.810480,-1,-1,-1
26,30,1825.766,412.137,95.040,239.825,0.683387,-1,-1,-1
26,35,1086.638,438.069,47.302,130.450,0.658486,-1,-1,-1
26,47,1441.815,452.476,49.759,101.777,0.742763,-1,-1,-1
27,1,714.709,464.883,54.395,120.597,0.775419,-1,-1,-1
27,4,1251.021,441.711,35.905,92.705,0.819473,-1,-1,-1
27,5,1068.383,455.485,64.385,143.092,0.740808,-1,-1,-1
27,12,1497.297,412.063,218.331,413.027,0.907464,-1,-1,-1
27,13,581.399,431.173,119.214,283.887,0.926218,-1,-1,-1
27,14,456.238,444.689,135.355,292.157,0.898425,-1,-1,-1
27,15,1651.167,409.907,140.811,400.173,0.881449,-1,-1,-1
27,20,680.816,441.856,54.125,144.594,0.826170,-1,-1,-1
27,28,1405.430,446.486,66.290,111.847,0.657660,-1,-1,-1
27,30,1828.290,431.336,89.034,219.791,0.701748,-1,-1,-1
27,47,1453.396,454.659,45.831,97.540,0.704534,-1,-1,-1
28,1,713.422,461.180,54.251,120.320,0.754401,-1,-1,-1
28,4,1246.019,442.164,36.203,94.765,0.769579,-1,-1,-1
28,5,1069.758,455.852,63.302,141.000,0.717958,-1,-1,-1
28,12,1520.980,387.948,194.161,428.329,0.925455,-1,-1,-1
28,13,583.653,432.997,117.509,282.830,0.919564,-1,-1,-1
28,14,446.527,439.600,146.203,298.168,0.904461,-1,-1,-1
28,15,1670.265,414.402,133.582,390.635,0.918428,-1,-1,-1
28,20,680.278,441.708,54.301,144.691,0.791802,-1,-1,-1
28,28,1419.174,436.304,65.478,118.366,0.837414,-1,-1,-1
28,30,1829.965,442.278,87.639,212.976,0.657969,-1,-1,-1
28,47,1462.403,450.415,43.872,96.895,0.668454,-1,-1,-1
29,1,713.192,461.178,53.396,119.098,0.799500,-1,-1,-1
29,2,653.343,447.985,75.771,194.092,0.615125,-1,-1,-1
29,4,1245.680,442.893,35.784,94.934,0.770691,-1,-1,-1
29,5,1070.346,459.052,63.147,139.416,0.797099,-1,-1,-1
29,12,1547.904,404.706,175.919,419.695,0.920501,-1,-1,-1
29,13,583.952,437.326,118.238,278.108,0.922046,-1,-1,-1
29,14,446.320,433.475,149.225,306.700,0.903382,-1,-1,-1
29,15,1678.080,420.202,144.747,382.507,0.912174,-1,-1,-1
29,20,680.700,442.138,53.539,144.638,0.786036,-1,-1,-1
29,28,1424.706,444.255,57.024,109.575,0.789579,-1,-1,-1
29,30,1830.015,457.914,81.712,192.383,0.735086,-1,-1,-1
29,47,1464.389,451.749,41.412,96.584,0.734195,-1,-1,-1
30,1,710.201,452.028,56.909,127.463,0.707976,-1,-1,-1
30,4,1246.375,442.200,35.652,95.969,0.798378,-1,-1,-1
30,5,1070.037,461.833,62.910,136.104,0.757565,-1,-1,-1
30,12,1578.040,390.662,167.752,434.983,0.921600,-1,-1,-1
30,13,586.176,430.908,119.357,285.886,0.919824,-1,-1,-1
30,14,452.273,439.550,140.947,300.589,0.890361,-1,-1,-1
30,15,1691.102,417.889,166.981,389.299,0.893589,-1,-1,-1
30,20,683.335,440.879,54.247,144.098,0.785233,-1,-1,-1
30,26,802.859,466.354,35.002,79.143,0.631289,-1,-1,-1
30,28,1427.960,437.151,57.485,118.407,0.795415,-1,-1,-1
30,30,1828.635,457.957,86.481,196.917,0.677509,-1,-1,-1
30,47,1470.958,445.062,37.484,91.127,0.685277,-1,-1,-1
30,53,1546.075,448.407,46.228,112.408,0.847053,-1,-1,-1
31,1,713.305,459.638,51.614,118.395,0.757638,-1,-1,-1
31,4,1248.524,442.191,35.772,95.520,0.836081,-1,-1,-1
31,5,1070.372,464.500,62.438,132.019,0.782385,-1,-1,-1
31,12,1585.633,389.485,183.224,448.528,0.937460,-1,-1,-1
31,13,587.604,431.583,118.834,284.573,0.917931,-1,-1,-1
31,14,440.926,432.037,149.798,312.051,0.895281,-1,-1,-1
31,15,1691.139,415.185,187.258,397.669,0.908971,-1,-1,-1
31,20,678.786,443.630,58.873,149.242,0.808449,-1,-1,-1
31,26,804.433,469.209,33.765,77.231,0.619009,-1,-1,-1
31,28,1440.210,433.524,53.827,116.141,0.650680,-1,-1,-1
31,30,1831.502,456.698,87.016,196.989,0.663143,-1,-1,-1
31,47,1477.477,446.081,36.740,92.062,0.665395,-1,-1,-1
31,53,1546.909,447.857,45.138,109.122,0.836937,-1,-1,-1
32,4,1247.611,441.643,35.960,97.933,0.809235,-1,-1,-1
32,5,1067.197,465.283,63.895,131.107,0.741858,-1,-1,-1
32,12,1591.568,387.559,179.064,452.035,0.945254,-1,-1,-1
32,13,593.733,433.574,115.805,282.767,0.910858,-1,-1,-1
32,14,444.177,439.438,145.131,303.478,0.890787,-1,-1,-1
32,15,1710.942,411.636,197.254,403.409,0.918855,-1,-1,-1
32,20,678.668,442.731,62.977,157.199,0.800574,-1,-1,-1
32,26,803.641,467.692,34.658,79.812,0.640372,-1,-1,-1
32,28,1444.392,433.139,49.849,121.491,0.835111,-1,-1,-1
32,30,1837.613,461.629,82.437,188.295,0.771055,-1,-1,-1
32,47,1482.189,440.162,37.340,97.886,0.748998,-1,-1,-1
32,53,1547.502,447.586,44.378,110.331,0.840414,-1,-1,-1
33,1,711.744,463.518,51.709,121.319,0.712672,-1,-1,-1
33,4,1251.482,439.437,36.381,98.690,0.854509,-1,-1,-1
33,5,1069.523,465.785,64.052,131.561,0.720339,-1,-1,-1
33,12,1601.087,387.821,184.216,461.018,0.940153,-1,-1,-1
33,13,595.117,436.302,115.827,279.363,0.915755,-1,-1,-1
33,14,440.583,430.717,151.302,314.017,0.919459,-1,-1,-1
33,15,1705.919,400.931,208.828,417.915,0.922105,-1,-1,-1
33,20,681.263,443.004,63.463,152.875,0.783718,-1,-1,-1
33,26,802.910,466.446,35.262,81.537,0.657251,-1,-1,-1
33,28,1447.141,429.663,48.716,124.540,0.856779,-1,-1,-1
33,30,1836.941,400.881,95.599,243.219,0.718434,-1,-1,-1
33,47,1486.061,440.950,35.542,94.940,0.701207,-1,-1,-1
33,53,1546.508,442.963,47.912,116.671,0.843914,-1,-1,-1
33,55,491.338,436.454,101.940,273.848,0.711695,-1,-1,-1
34,1,714.342,468.248,46.876,114.112,0.722607,-1,-1,-1
34,2,672.106,440.738,68.278,209.645,0.820545,-1,-1,-1
34,4,1251.891,439.368,36.962,97.246,0.845227,-1,-1,-1
34,5,1068.465,464.170,64.306,132.078,0.686986,-1,-1,-1
34,12,1607.232,388.870,185.063,441.907,0.937975,-1,-1,-1
34,13,597.595,436.064,114.680,281.704,0.912733,-1,-1,-1
34,14,442.612,439.227,148.936,308.114,0.922653,-1,-1,-1
34,15,1706.363,401.676,211.558,419.132,0.903466,-1,-1,-1
34,26,803.995,467.299,34.956,81.762,0.672697,-1,-1,-1
34,28,1450.931,429.769,45.591,122.236,0.863348,-1,-1,-1
34,47,1487.219,442.867,35.300,94.116,0.713571,-1,-1,-1
34,53,1547.118,443.880,48.790,115.015,0.837200,-1,-1,-1
34,55,495.488,436.444,100.925,273.554,0.763448,-1,-1,-1
35,1,714.133,469.275,45.020,113.237,0.739307,-1,-1,-1
35,2,672.766,439.117,69.634,213.802,0.786100,-1,-1,-1
35,4,1250.272,440.750,36.337,95.256,0.794164,-1,-1,-1
35,5,1067.586,462.014,65.410,134.948,0.702131,-1,-1,-1
35,12,1616.604,388.125,201.680,451.972,0.922475,-1,-1,-1
35,13,600.726,435.157,108.981,281.214,0.913787,-1,-1,-1
35,14,441.543,438.473,151.241,309.918,0.919753,-1,-1,-1
35,15,1713.943,409.319,207.657,418.938,0.859324,-1,-1,-1
35,20,683.076,444.216,58.171,142.586,0.756593,-1,-1,-1
35,26,805.251,466.513,34.997,82.294,0.666152,-1,-1,-1
35,28,1451.161,430.079,47.699,123.670,0.871865,-1,-1,-1
35,47,1487.713,440.919,36.653,96.040,0.622549,-1,-1,-1
35,53,1548.640,445.359,49.605,115.311,0.791535,-1,-1,-1
35,55,494.016,436.589,101.800,274.090,0.742638,-1,-1,-1
36,1,713.529,469.528,43.995,111.269,0.709153,-1,-1,-1
36,2,666.507,442.561,70.354,210.389,0.788440,-1,-1,-1
36,4,1252.003,441.724,36.049,94.164,0.826141,-1,-1,-1
36,5,1066.603,460.025,66.071,136.162,0.702149,-1,-1,-1
36,12,1626.735,396.807,225.420,454.534,0.940440,-1,-1,-1
36,13,600.614,431.772,111.118,285.374,0.915119,-1,-1,-1
36,14,440.104,434.889,153.011,315.705,0.919512,-1,-1,-1
36,15,1732.201,407.292,190.419,412.647,0.892452,-1,-1,-1
36,20,682.752,445.124,56.247,139.034,0.685162,-1,-1,-1
36,26,805.738,468.045,34.080,80.230,0.649818,-1,-1,-1
36,28,1454.211,431.180,46.509,121.386,0.870889,-1,-1,-1
36,55,488.917,435.130,104.537,275.824,0.761671,-1,-1,-1
37,1,710.458,461.246,47.688,122.365,0.662751,-1,-1,-1
37,2,666.152,437.933,75.876,219.437,0.775010,-1,-1,-1
37,4,1251.492,440.153,36.791,96.673,0.830927,-1,-1,-1
37,5,1067.389,452.644,67.757,142.149,0.648488,-1,-1,-1
37,12,1632.747,397.605,249.218,452.287,0.928590,-1,-1,-1
37,13,600.822,431.381,110.698,287.092,0.912505,-1,-1,-1
37,14,445.284,440.364,148.822,306.166,0.898409,-1,-1,-1
37,15,1739.630,411.089,186.748,424.052,0.844174,-1,-1,-1
37,20,684.349,445.200,59.853,145.979,0.686926,-1,-1,-1
37,26,804.597,466.969,34.018,80.956,0.667725,-1,-1,-1
37,28,1457.769,433.678,47.623,119.564,0.836420,-1,-1,-1
38,1,710.252,463.574,47.290,121.168,0.718997,-1,-1,-1
38,2,660.300,441.501,76.993,219.859,0.785338,-1,-1,-1
38,4,1252.631,438.059,38.356,100.055,0.848441,-1,-1,-1
38,5,1070.076,456.042,65.054,138.631,0.698527,-1,-1,-1
38,12,1633.856,398.684,262.409,454.574,0.927274,-1,-1,-1
38,13,601.114,433.095,110.044,284.683,0.907768,-1,-1,-1
38,14,442.902,433.120,153.094,318.211,0.895076,-1,-1,-1
38,15,1773.699,422.311,152.840,383.219,0.871726,-1,-1,-1
38,26,803.997,466.838,33.689,79.895,0.642560,-1,-1,-1
38,28,1460.139,431.018,47.334,123.578,0.862410,-1,-1,-1
39,1,710.984,463.582,46.910,121.880,0.686445,-1,-1,-1
39,2,664.448,443.638,77.258,220.325,0.765857,-1,-1,-1
39,4,1250.828,433.483,41.018,108.454,0.841436,-1,-1,-1
39,12,1633.498,396.556,260.753,449.436,0.939812,-1,-1,-1
39,13,603.010,438.676,108.989,278.163,0.905832,-1,-1,-1
39,14,445.741,443.503,147.695,299.629,0.906979,-1,-1,-1
39,15,1781.329,417.293,143.783,405.473,0.896116,-1,-1,-1
39,26,805.040,468.605,34.802,80.580,0.659191,-1,-1,-1
39,28,1462.802,430.370,47.172,124.388,0.864568,-1,-1,-1
40,2,666.044,444.663,77.971,219.198,0.752766,-1,-1,-1
40,4,1251.270,434.430,41.109,108.567,0.816894,-1,-1,-1
40,12,1633.688,393.917,269.453,471.063,0.942905,-1,-1,-1
40,13,604.388,443.113,109.133,274.880,0.909794,-1,-1,-1
40,14,446.166,443.503,148.524,302.261,0.911613,-1,-1,-1
40,15,1795.597,411.077,128.767,416.122,0.907959,-1,-1,-1
40,20,687.061,452.336,55.970,137.304,0.608972,-1,-1,-1
40,26,803.999,469.403,34.438,79.781,0.663034,-1,-1,-1
40,28,1462.705,430.450,49.176,124.991,0.860149,-1,-1,-1
40,47,1496.268,432.388,47.175,119.662,0.660431,-1,-1,-1
41,1,723.242,449.702,41.596,109.996,0.646270,-1,-1,-1
41,2,683.007,446.309,70.148,202.166,0.741876,-1,-1,-1
41,4,1252.024,436.099,40.934,106.920,0.811193,-1,-1,-1
41,12,1629.427,402.197,277.600,471.550,0.945918,-1,-1,-1
41,13,609.305,437.446,109.020,277.278,0.911136,-1,-1,-1
41,14,447.740,443.333,146.180,304.408,0.917339,-1,-1,-1
41,15,1802.949,406.516,120.089,419.592,0.898264,-1,-1,-1
41,20,698.569,452.921,54.897,136.658,0.736076,-1,-1,-1
41,26,803.699,467.648,34.932,81.864,0.691599,-1,-1,-1
41,28,1465.550,430.362,49.209,123.310,0.844411,-1,-1,-1
41,47,1496.735,433.372,48.415,117.930,0.645742,-1,-1,-1
42,1,724.762,452.570,41.059,108.989,0.641779,-1,-1,-1
42,2,671.037,452.992,76.894,216.243,0.710343,-1,-1,-1
42,4,1253.515,436.926,40.503,105.741,0.803604,-1,-1,-1
42,12,1641.564,396.539,265.031,467.296,0.940748,-1,-1,-1
42,13,609.586,433.090,112.431,282.631,0.912108,-1,-1,-1
42,14,444.868,444.583,147.626,312.112,0.913775,-1,-1,-1
42,15,1823.778,402.179,103.533,443.169,0.898675,-1,-1,-1
42,20,703.647,464.750,50.372,123.856,0.697635,-1,-1,-1
42,26,804.253,468.470,34.149,80.428,0.682367,-1,-1,-1
42,28,1466.158,431.882,51.661,122.776,0.821831,-1,-1,-1
42,32,1662.819,437.127,70.852,149.753,0.664415,-1,-1,-1
43,2,671.414,450.826,81.560,218.818,0.738239,-1,-1,-1
43,3,581.622,460.356,49.508,127.816,0.627031,-1,-1,-1
43,4,1253.911,437.586,40.138,104.746,0.803492,-1,-1,-1
43,5,1062.413,447.082,71.323,151.478,0.645287,-1,-1,-1
43,9,681.816,458.497,72.290,137.646,0.721023,-1,-1,-1
43,12,1650.442,400.497,266.321,469.074,0.943012,-1,-1,-1
43,13,607.793,435.114,113.947,281.340,0.913794,-1,-1,-1
43,14,441.899,446.064,150.816,308.176,0.923928,-1,-1,-1
43,15,1835.711,403.472,89.612,433.506,0.878790,-1,-1,-1
43,20,703.978,450.590,56.422,138.919,0.682828,-1,-1,-1
43,26,804.994,467.746,33.740,79.467,0.673113,-1,-1,-1
43,28,1469.076,436.358,52.358,118.252,0.859246,-1,-1,-1
44,1,723.893,451.369,40.806,109.990,0.692769,-1,-1,-1
44,2,676.959,451.543,77.393,207.449,0.708204,-1,-1,-1
44,4,1254.187,438.658,39.776,103.348,0.829140,-1,-1,-1
44,5,1063.936,449.994,69.667,148.436,0.625179,-1,-1,-1
44,9,684.025,457.666,70.030,135.859,0.711580,-1,-1,-1
44,12,1658.799,389.520,262.494,481.315,0.945029,-1,-1,-1
44,13,607.380,431.822,114.439,283.992,0.911213,-1,-1,-1
44,14,443.134,444.182,151.663,314.749,0.923168,-1,-1,-1
44,15,1849.169,415.248,73.389,356.878,0.645634,-1,-1,-1
44,20,710.096,448.896,53.917,137.527,0.685432,-1,-1,-1
44,26,804.898,467.426,33.321,79.183,0.636534,-1,-1,-1
44,28,1472.171,433.623,52.166,120.248,0.870317,-1,-1,-1
45,1,727.213,451.689,39.520,108.709,0.724401,-1,-1,-1
45,2,680.705,450.791,75.748,215.310,0.789005,-1,-1,-1
45,3,590.691,447.148,53.554,137.621,0.639217,-1,-1,-1
45,4,1255.695,439.616,39.446,101.816,0.829420,-1,-1,-1
45,5,1066.256,457.099,67.351,141.686,0.752649,-1,-1,-1
45,12,1679.665,413.578,231.572,456.849,0.923701,-1,-1,-1
45,13,607.422,432.961,111.426,282.392,0.917574,-1,-1,-1
45,14,446.952,445.405,147.578,309.834,0.921757,-1,-1,-1
45,20,693.612,447.758,57.686,145.940,0.719268,-1,-1,-1
45,26,805.617,467.792,32.864,78.020,0.653886,-1,-1,-1
45,28,1478.720,434.229,47.377,119.484,0.858707,-1,-1,-1
46,1,722.128,447.577,41.582,113.718,0.647442,-1,-1,-1
46,2,678.631,448.531,77.387,221.353,0.793572,-1,-1,-1
46,3,591.523,449.054,52.045,135.293,0.659389,-1,-1,-1
46,4,1255.720,440.267,38.923,100.464,0.832746,-1,-1,-1
46,5,1069.971,446.868,68.168,150.673,0.713029,-1,-1,-1
46,12,1698.856,390.678,217.682,483.574,0.919773,-1,-1,-1
46,13,610.544,436.848,108.737,277.797,0.906392,-1,-1,-1
46,14,445.302,443.323,149.447,317.215,0.923024,-1,-1,-1
46,20,693.870,447.497,56.615,140.186,0.647565,-1,-1,-1
46,26,805.789,467.598,32.346,76.264,0.641346,-1,-1,-1
46,28,1482.239,436.189,43.207,118.120,0.863785,-1,-1,-1
47,1,729.889,453.620,39.947,107.214,0.729584,-1,-1,-1
47,2,684.026,448.540,75.560,218.380,0.820241,-1,-1,-1
47,3,576.610,455.070,51.454,131.536,0.629955,-1,-1,-1
47,4,1254.584,440.212,39.190,101.232,0.804205,-1,-1,-1
47,5,1076.290,442.481,63.971,151.741,0.682677,-1,-1,-1
47,12,1735.960,400.632,188.459,469.233,0.924773,-1,-1,-1
47,13,612.800,440.214,108.689,276.448,0.904431,-1,-1,-1
47,14,441.792,443.678,152.177,317.336,0.929134,-1,-1,-1
47,26,804.897,466.682,32.604,77.669,0.691509,-1,-1,-1
47,28,1485.987,437.834,40.425,115.831,0.813778,-1,-1,-1
48,1,737.297,457.835,38.064,101.466,0.699656,-1,-1,-1
48,2,685.943,441.619,74.252,221.012,0.865514,-1,-1,-1
48,3,577.799,454.191,50.867,130.941,0.620094,-1,-1,-1
48,4,1256.612,439.279,39.431,100.475,0.847190,-1,-1,-1
48,5,1068.894,450.598,63.638,147.088,0.662021,-1,-1,-1
48,12,1764.505,389.813,162.280,489.191,0.925077,-1,-1,-1
48,13,615.575,440.044,106.725,275.622,0.915489,-1,-1,-1
48,14,444.322,439.480,151.477,316.271,0.927486,-1,-1,-1
48,28,1491.122,440.395,39.098,112.771,0.638912,-1,-1,-1
48,35,1093.871,439.988,37.053,90.804,0.609972,-1,-1,-1
49,1,735.239,451.400,42.321,112.318,0.683275,-1,-1,-1
49,2,686.639,442.395,75.462,219.652,0.834040,-1,-1,-1
49,3,579.747,457.309,49.984,127.626,0.707336,-1,-1,-1
49,4,1257.351,439.393,38.822,99.862,0.736171,-1,-1,-1
49,12,1779.011,376.399,143.147,502.587,0.948203,-1,-1,-1
49,13,614.872,436.605,109.842,280.765,0.915177,-1,-1,-1
49,14,442.655,432.543,151.342,323.469,0.924317,-1,-1,-1
50,1,731.700,448.756,46.151,120.501,0.683623,-1,-1,-1
50,2,682.311,442.256,77.452,213.452,0.806936,-1,-1,-1
50,3,580.628,462.873,48.126,122.336,0.769976,-1,-1,-1
50,4,1257.161,441.107,37.894,98.382,0.760730,-1,-1,-1
50,12,1795.682,383.017,126.136,500.757,0.948113,-1,-1,-1
50,13,617.029,437.693,115.696,279.807,0.916729,-1,-1,-1
50,14,441.895,436.754,150.511,318.203,0.927284,-1,-1,-1
50,26,805.058,467.787,34.995,80.965,0.600823,-1,-1,-1
50,47,1496.478,435.489,48.092,117.067,0.637215,-1,-1,-1
51,1,731.870,448.966,46.220,118.753,0.713674,-1,-1,-1
51,2,681.833,445.587,82.066,220.151,0.838497,-1,-1,-1
51,3,580.124,459.507,50.149,127.109,0.747680,-1,-1,-1
51,4,1258.546,441.120,37.857,97.744,0.774573,-1,-1,-1
51,12,1796.305,373.058,124.258,507.004,0.938727,-1,-1,-1
51,13,615.520,438.258,113.621,279.621,0.915451,-1,-1,-1
51,14,437.561,438.899,153.180,317.437,0.930963,-1,-1,-1
51,26,808.193,472.151,34.148,76.128,0.610164,-1,-1,-1
51,47,1499.848,438.254,47.945,113.403,0.756790,-1,-1,-1
51,53,1517.087,440.000,38.470,91.645,0.628293,-1,-1,-1
52,1,737.516,455.685,42.752,110.346,0.625343,-1,-1,-1
52,2,677.855,443.433,83.565,222.485,0.815706,-1,-1,-1
52,3,579.849,458.528,50.745,128.940,0.672188,-1,-1,-1
52,4,1258.751,442.253,37.653,97.332,0.785998,-1,-1,-1
52,12,1794.569,375.323,125.302,506.747,0.937961,-1,-1,-1
52,13,614.958,438.351,110.596,279.789,0.912267,-1,-1,-1
52,14,432.972,437.784,157.485,320.090,0.924301,-1,-1,-1
52,26,806.689,469.889,35.032,77.411,0.602363,-1,-1,-1
52,47,1504.779,436.113,49.346,116.951,0.743599,-1,-1,-1
52,62,613.299,447.157,39.529,116.942,0.614331,-1,-1,-1
53,1,739.682,458.713,39.922,103.437,0.638464,-1,-1,-1
53,2,683.330,448.908,80.357,213.953,0.857622,-1,-1,-1
53,3,581.435,458.898,50.140,126.831,0.705480,-1,-1,-1
53,4,1259.157,441.572,38.552,98.536,0.795878,-1,-1,-1
53,12,1804.640,373.608,116.963,508.709,0.930237,-1,-1,-1
53,13,614.365,439.602,109.668,277.654,0.913013,-1,-1,-1
53,14,432.364,439.935,156.948,313.881,0.919174,-1,-1,-1
53,26,808.145,472.253,33.749,73.910,0.615431,-1,-1,-1
53,28,1498.351,436.920,52.738,118.540,0.825383,-1,-1,-1
53,47,1512.726,440.011,46.460,113.448,0.634610,-1,-1,-1
54,1,737.701,450.447,43.985,115.084,0.605433,-1,-1,-1
54,2,683.682,449.390,83.766,213.255,0.858661,-1,-1,-1
54,3,580.221,457.242,51.736,130.421,0.740951,-1,-1,-1
54,4,1259.237,443.731,39.237,98.065,0.761787,-1,-1,-1
54,12,1799.740,383.832,119.524,504.734,0.920960,-1,-1,-1
54,13,616.724,439.116,106.835,278.562,0.912948,-1,-1,-1
54,14,432.189,435.933,158.307,320.683,0.919925,-1,-1,-1
54,26,807.253,472.169,34.511,74.707,0.631742,-1,-1,-1
54,28,1499.640,436.193,53.010,119.174,0.704023,-1,-1,-1
54,47,1516.617,442.645,43.832,111.072,0.779046,-1,-1,-1
54,55,538.146,452.661,56.696,161.854,0.620158,-1,-1,-1
54,62,612.257,448.381,39.921,117.442,0.617726,-1,-1,-1
55,2,683.764,448.677,85.536,215.841,0.866184,-1,-1,-1
55,3,579.129,458.958,51.027,129.500,0.765096,-1,-1,-1
55,4,1258.470,442.525,40.233,99.793,0.779760,-1,-1,-1
55,12,1804.347,383.319,116.394,510.319,0.931625,-1,-1,-1
55,13,617.604,436.706,107.356,281.680,0.916345,-1,-1,-1
55,14,431.938,439.592,158.480,318.998,0.912754,-1,-1,-1
55,35,1097.518,442.237,36.414,89.514,0.606395,-1,-1,-1
55,47,1521.034,438.154,43.216,115.547,0.813419,-1,-1,-1
55,62,608.170,445.971,44.714,132.274,0.640751,-1,-1,-1
56,2,684.717,451.459,83.633,213.691,0.863393,-1,-1,-1
56,3,580.385,454.121,52.319,132.697,0.758884,-1,-1,-1
56,4,1258.816,441.828,38.719,98.316,0.809265,-1,-1,-1
56,12,1811.636,399.336,109.064,493.305,0.920501,-1,-1,-1
56,13,617.475,437.455,105.461,280.717,0.919648,-1,-1,-1
56,14,430.323,432.203,161.986,326.171,0.917909,-1,-1,-1
56,28,1495.358,445.700,46.753,109.056,0.779671,-1,-1,-1
56,47,1526.257,441.630,40.745,109.601,0.838755,-1,-1,-1
56,62,606.790,445.081,44.158,129.835,0.661221,-1,-1,-1
57,2,686.774,453.124,81.652,211.986,0.870804,-1,-1,-1
57,3,581.821,443.561,56.079,143.674,0.811638,-1,-1,-1
57,4,1259.826,441.475,39.267,99.107,0.796510,-1,-1,-1
57,13,617.845,437.082,102.549,282.729,0.919679,-1,-1,-1
57,14,430.548,436.717,162.305,321.149,0.916910,-1,-1,-1
57,15,1817.430,374.217,102.803,516.523,0.824569,-1,-1,-1
57,26,816.124,474.186,34.046,74.249,0.601785,-1,-1,-1
57,28,1494.514,441.206,45.161,111.655,0.859308,-1,-1,-1
57,35,1098.395,442.687,35.580,88.385,0.601612,-1,-1,-1
57,47,1529.643,440.997,40.937,109.545,0.852533,-1,-1,-1
58,1,750.164,456.235,39.750,106.876,0.773829,-1,-1,-1
58,2,684.964,454.379,78.868,200.137,0.799387,-1,-1,-1
58,3,581.243,439.668,58.609,147.160,0.845984,-1,-1,-1
58,4,1259.516,442.325,38.382,98.161,0.695665,-1,-1,-1
58,13,617.921,435.578,101.638,284.154,0.920099,-1,-1,-1
58,14,429.825,429.725,162.316,327.162,0.922741,-1,-1,-1
58,15,1817.185,352.734,104.771,545.693,0.799326,-1,-1,-1
58,26,816.357,474.474,33.901,73.708,0.609046,-1,-1,-1
58,28,1498.440,442.317,44.584,111.201,0.830949,-1,-1,-1
58,47,1532.054,439.506,41.056,112.353,0.818457,-1,-1,-1
59,1,750.878,455.411,38.407,105.999,0.765931,-1,-1,-1
59,2,692.967,465.447,78.053,199.583,0.856179,-1,-1,-1
59,3,580.573,440.477,59.921,146.757,0.863852,-1,-1,-1
59,4,1259.591,442.082,37.696,97.777,0.707122,-1,-1,-1
59,13,616.453,438.363,100.822,280.504,0.918230,-1,-1,-1
59,14,430.545,431.088,164.029,327.122,0.898722,-1,-1,-1
59,15,1822.571,362.113,101.235,540.282,0.696404,-1,-1,-1
59,20,734.092,449.692,42.680,108.728,0.629902,-1,-1,-1
59,26,818.247,474.771,33.519,73.643,0.625811,-1,-1,-1
59,47,1534.510,440.688,39.602,109.308,0.818572,-1,-1,-1
60,1,751.727,458.041,37.125,103.153,0.746577,-1,-1,-1
60,2,691.217,466.938,81.921,203.127,0.821157,-1,-1,-1
60,3,583.050,440.097,59.617,146.778,0.796102,-1,-1,-1
60,4,1259.878,443.747,38.097,98.495,0.723253,-1,-1,-1
60,13,615.788,437.815,101.962,286.649,0.912914,-1,-1,-1
60,14,435.025,442.588,160.187,315.171,0.889494,-1,-1,-1
60,15,1828.360,333.380,101.099,569.451,0.653791,-1,-1,-1
60,20,732.649,450.402,42.901,108.744,0.683648,-1,-1,-1
60,47,1534.752,435.086,40.114,114.462,0.832479,-1,-1,-1
61,1,751.152,458.428,37.568,104.092,0.786600,-1,-1,-1
61,2,690.077,462.640,84.187,210.087,0.856861,-1,-1,-1
61,3,579.255,443.966,58.433,143.891,0.774324,-1,-1,-1
61,4,1259.280,442.821,37.176,98.238,0.778321,-1,-1,-1
61,9,823.720,473.969,34.317,74.375,0.638538,-1,-1,-1
61,13,615.128,438.049,100.431,286.358,0.907295,-1,-1,-1
61,14,464.152,439.112,150.440,318.506,0.857625,-1,-1,-1
61,20,730.323,450.014,43.600,110.871,0.651429,-1,-1,-1
61,26,810.615,478.004,32.969,71.410,0.608724,-1,-1,-1
61,47,1535.810,434.309,40.294,112.307,0.790348,-1,-1,-1
62,1,752.158,458.731,37.970,106.730,0.733142,-1,-1,-1
62,2,689.061,461.621,83.432,212.166,0.856959,-1,-1,-1
62,3,585.921,445.184,58.386,142.284,0.743632,-1,-1,-1
62,4,1259.974,444.852,37.696,97.363,0.775588,-1,-1,-1
62,9,823.101,472.396,35.661,80.364,0.642456,-1,-1,-1
62,13,613.672,435.578,103.755,294.656,0.910383,-1,-1,-1
62,14,454.056,441.713,159.114,315.366,0.887011,-1,-1,-1
62,26,805.742,476.071,33.237,73.268,0.641462,-1,-1,-1
62,47,1539.582,445.310,37.264,100.553,0.750014,-1,-1,-1
63,1,751.627,456.964,38.864,109.257,0.758122,-1,-1,-1
63,2,680.166,452.935,85.738,220.971,0.852469,-1,-1,-1
63,3,576.852,444.640,57.405,142.877,0.686301,-1,-1,-1
63,4,1260.879,445.826,37.635,96.178,0.715406,-1,-1,-1
63,5,1031.813,454.580,35.746,84.644,0.657362,-1,-1,-1
63,9,824.026,470.359,36.108,81.066,0.658331,-1,-1,-1
63,13,613.672,437.585,103.113,292.536,0.909939,-1,-1,-1
63,14,462.845,444.346,163.633,315.367,0.887161,-1,-1,-1
63,26,804.329,469.058,34.903,79.574,0.654284,-1,-1,-1
63,47,1536.497,434.854,40.086,109.595,0.696858,-1,-1,-1
64,1,752.240,456.966,38.976,109.206,0.754758,-1,-1,-1
64,2,682.350,450.414,86.467,224.698,0.859305,-1,-1,-1
64,3,572.398,449.420,53.957,138.020,0.637460,-1,-1,-1
64,4,1260.909,446.086,39.082,96.669,0.716906,-1,-1,-1
64,9,827.069,470.251,35.285,79.799,0.640570,-1,-1,-1
64,13,613.280,436.241,100.996,290.345,0.907738,-1,-1,-1
64,14,459.953,444.475,173.328,315.874,0.906191,-1,-1,-1
64,20,730.998,444.576,48.418,123.250,0.616146,-1,-1,-1
64,26,803.672,466.993,34.547,81.353,0.641959,-1,-1,-1
64,62,595.842,442.190,48.964,148.553,0.622295,-1,-1,-1
65,1,752.807,457.008,39.476,109.192,0.758823,-1,-1,-1
65,2,682.407,444.587,84.925,228.854,0.857854,-1,-1,-1
65,4,1259.328,445.218,38.567,96.283,0.705239,-1,-1,-1
65,9,822.138,469.488,36.877,85.444,0.621306,-1,-1,-1
65,13,612.787,438.423,101.739,289.303,0.909530,-1,-1,-1
65,14,461.699,443.669,175.549,315.273,0.915017,-1,-1,-1
65,55,462.872,450.488,87.090,199.512,0.625710,-1,-1,-1
65,62,599.229,442.571,45.332,142.454,0.613270,-1,-1,-1
66,1,749.827,454.086,41.991,111.368,0.764310,-1,-1,-1
66,2,688.395,449.477,83.984,226.715,0.846120,-1,-1,-1
66,4,1259.714,445.301,38.211,94.962,0.694181,-1,-1,-1
66,5,1029.845,453.065,37.645,89.385,0.654155,-1,-1,-1
66,9,821.967,469.344,36.358,85.786,0.610000,-1,-1,-1
66,13,612.189,437.953,103.298,294.932,0.921831,-1,-1,-1
66,14,468.514,442.660,169.195,317.552,0.910371,-1,-1,-1
66,26,803.878,467.263,34.721,83.847,0.616454,-1,-1,-1
66,47,1545.243,436.386,38.941,108.464,0.616257,-1,-1,-1
66,55,455.763,453.372,94.051,194.023,0.709618,-1,-1,-1
66,62,594.048,445.565,45.801,140.324,0.721939,-1,-1,-1
67,1,748.911,453.301,41.923,113.511,0.738370,-1,-1,-1
67,2,689.226,450.293,82.605,225.148,0.866009,-1,-1,-1
67,4,1258.731,443.782,38.971,97.205,0.708575,-1,-1,-1
67,9,823.922,469.424,35.512,85.672,0.627331,-1,-1,-1
67,13,610.913,442.247,102.341,290.899,0.920852,-1,-1,-1
67,14,469.861,441.429,166.424,325.027,0.918363,-1,-1,-1
67,26,804.231,466.863,34.448,84.831,0.638575,-1,-1,-1
67,28,1541.290,425.961,44.851,123.509,0.747306,-1,-1,-1
67,55,444.016,448.177,136.446,296.305,0.646855,-1,-1,-1
68,1,751.809,450.805,42.051,112.878,0.787124,-1,-1,-1
68,2,688.548,454.846,78.663,219.326,0.896191,-1,-1,-1
68,4,1259.221,443.430,37.501,95.051,0.724240,-1,-1,-1
68,13,611.437,441.756,100.968,291.420,0.921468,-1,-1,-1
68,14,471.675,445.693,164.392,323.978,0.898957,-1,-1,-1
68,26,804.788,466.985,34.336,84.618,0.609569,-1,-1,-1
68,28,1544.023,428.310,40.617,120.374,0.728789,-1,-1,-1
68,53,1529.573,442.458,40.479,108.100,0.771764,-1,-1,-1
68,55,448.635,450.210,137.561,310.500,0.755871,-1,-1,-1
69,1,752.258,448.035,44.082,116.142,0.710952,-1,-1,-1
69,2,693.803,453.762,78.182,222.753,0.900336,-1,-1,-1
69,4,1259.599,443.493,37.229,94.732,0.696772,-1,-1,-1
69,13,607.485,441.513,105.096,293.313,0.923715,-1,-1,-1
69,14,480.890,440.294,161.632,331.271,0.907845,-1,-1,-1
69,28,1538.782,423.886,45.004,123.711,0.830156,-1,-1,-1
69,55,449.991,447.078,129.824,312.568,0.803239,-1,-1,-1
70,1,756.292,448.017,44.111,115.307,0.660482,-1,-1,-1
70,2,694.041,447.452,85.528,229.185,0.895131,-1,-1,-1
70,4,1258.724,444.127,38.122,96.665,0.686206,-1,-1,-1
70,13,606.063,441.183,109.878,293.632,0.923701,-1,-1,-1
70,14,468.879,441.372,173.413,325.806,0.914055,-1,-1,-1
70,20,738.513,443.399,48.669,120.341,0.600461,-1,-1,-1
70,26,804.883,466.872,34.044,83.785,0.605112,-1,-1,-1
70,28,1537.344,420.062,49.286,129.497,0.833771,-1,-1,-1
70,73,1068.677,463.344,61.920,132.598,0.667169,-1,-1,-1
71,1,760.192,449.302,43.387,114.433,0.722062,-1,-1,-1
71,2,694.161,447.038,87.361,228.610,0.891840,-1,-1,-1
71,4,1259.952,443.816,39.360,97.395,0.699465,-1,-1,-1
71,13,602.020,438.263,113.336,297.257,0.930503,-1,-1,-1
71,14,472.176,434.733,171.466,331.207,0.924768,-1,-1,-1
71,20,737.269,444.251,42.169,111.408,0.648382,-1,-1,-1
71,28,1545.370,431.257,45.657,118.550,0.726131,-1,-1,-1
71,73,1069.764,457.353,63.773,138.632,0.689025,-1,-1,-1
72,1,757.970,449.804,44.954,117.500,0.639420,-1,-1,-1
72,2,696.625,452.055,91.850,223.542,0.894205,-1,-1,-1
72,4,1260.240,442.566,41.072,98.792,0.699315,-1,-1,-1
72,13,603.650,437.374,111.508,298.101,0.926757,-1,-1,-1
72,14,474.429,439.186,168.849,326.212,0.913544,-1,-1,-1
72,28,1539.912,421.679,50.461,131.267,0.822162,-1,-1,-1
72,73,1070.401,455.885,63.310,140.115,0.666809,-1,-1,-1
73,2,693.671,450.087,91.350,225.646,0.900622,-1,-1,-1
73,3,491.659,447.034,46.458,118.215,0.613362,-1,-1,-1
73,4,1259.960,442.585,41.740,98.769,0.685388,-1,-1,-1
73,13,606.995,436.433,107.682,300.066,0.928700,-1,-1,-1
73,14,479.432,432.338,166.575,330.867,0.919729,-1,-1,-1
73,28,1541.713,422.534,49.982,131.459,0.780706,-1,-1,-1
73,62,655.319,450.089,58.751,177.611,0.640364,-1,-1,-1
73,79,468.696,442.782,65.835,168.147,0.801965,-1,-1,-1
74,2,694.730,447.531,90.921,227.390,0.899654,-1,-1,-1
74,3,467.520,444.264,50.074,128.490,0.675035,-1,-1,-1
74,4,1258.944,443.631,41.476,97.733,0.677792,-1,-1,-1
74,5,1049.116,458.786,51.117,125.746,0.606495,-1,-1,-1
74,13,608.826,436.916,105.546,298.862,0.923211,-1,-1,-1
74,14,493.677,434.031,160.486,329.646,0.909872,-1,-1,-1
74,28,1545.657,424.357,46.674,123.173,0.669793,-1,-1,-1
74,73,1073.065,465.286,59.088,131.414,0.772365,-1,-1,-1
74,79,481.944,443.707,62.495,161.662,0.714807,-1,-1,-1
75,1,760.579,450.328,45.713,117.201,0.655086,-1,-1,-1
75,2,696.679,446.971,91.789,225.454,0.900045,-1,-1,-1
75,3,466.972,445.480,48.293,123.346,0.645725,-1,-1,-1
75,4,1258.471,444.946,40.747,96.333,0.733073,-1,-1,-1
75,13,607.886,434.212,106.105,301.173,0.926746,-1,-1,-1
75,14,488.454,429.811,163.179,334.675,0.917831,-1,-1,-1
75,73,1073.114,467.541,58.588,129.085,0.809665,-1,-1,-1
75,79,490.362,445.733,51.873,133.416,0.709812,-1,-1,-1
76,2,691.578,443.121,88.709,233.411,0.897607,-1,-1,-1
76,3,463.240,446.194,45.017,117.436,0.617820,-1,-1,-1
76,4,1260.360,442.999,42.692,98.714,0.705910,-1,-1,-1
76,5,1045.515,451.377,52.978,131.273,0.624143,-1,-1,-1
76,13,608.938,437.100,107.244,299.069,0.917475,-1,-1,-1
76,14,493.180,433.548,160.355,331.459,0.900533,-1,-1,-1
76,55,481.245,460.460,116.277,271.690,0.667136,-1,-1,-1
76,73,1072.976,466.924,58.890,129.544,0.800910,-1,-1,-1
76,79,479.522,444.873,62.628,156.006,0.771175,-1,-1,-1
77,2,696.559,443.868,90.735,231.177,0.907733,-1,-1,-1
77,3,461.728,444.937,43.905,116.201,0.623088,-1,-1,-1
77,4,1260.061,442.582,43.615,99.227,0.706829,-1,-1,-1
77,5,1046.459,445.629,52.940,134.033,0.639221,-1,-1,-1
77,13,609.084,439.393,102.751,289.302,0.911283,-1,-1,-1
77,14,488.388,442.357,154.711,317.088,0.877840,-1,-1,-1
77,73,1072.261,464.441,59.829,131.934,0.796194,-1,-1,-1
77,79,483.988,442.648,61.312,149.216,0.815911,-1,-1,-1
78,2,697.381,449.972,91.663,225.517,0.901707,-1,-1,-1
78,4,1259.318,446.265,42.374,96.059,0.725263,-1,-1,-1
78,5,1045.837,447.572,53.205,135.924,0.657736,-1,-1,-1
78,13,610.893,438.717,107.152,296.493,0.900382,-1,-1,-1
78,14,495.269,438.004,157.687,333.077,0.897408,-1,-1,-1
78,55,485.360,447.680,122.558,293.180,0.703032,-1,-1,-1
78,73,1070.170,460.098,63.097,138.906,0.798072,-1,-1,-1
78,79,487.383,446.577,54.662,132.429,0.642495,-1,-1,-1
78,82,726.051,441.885,72.507,217.833,0.653510,-1,-1,-1
79,2,696.469,448.382,97.598,228.312,0.910182,-1,-1,-1
79,4,1259.457,446.794,42.178,94.977,0.723312,-1,-1,-1
79,13,606.256,435.921,112.604,299.729,0.907163,-1,-1,-1
79,14,502.983,437.673,150.160,336.971,0.891432,-1,-1,-1
79,20,745.886,443.839,52.203,125.360,0.629633,-1,-1,-1
79,55,489.762,442.045,121.080,311.220,0.745269,-1,-1,-1
79,73,1068.914,460.088,63.459,139.123,0.742915,-1,-1,-1
79,79,487.112,447.867,54.918,132.091,0.657591,-1,-1,-1
79,85,476.932,441.254,75.803,187.649,0.819247,-1,-1,-1
79,87,1003.180,444.107,36.494,96.423,0.727127,-1,-1,-1
80,2,700.091,449.826,96.956,227.542,0.898449,-1,-1,-1
80,4,1259.786,447.299,41.794,95.079,0.739781,-1,-1,-1
80,13,614.591,440.160,103.471,283.440,0.899860,-1,-1,-1
80,14,522.267,441.566,137.523,339.022,0.876836,-1,-1,-1
80,55,488.397,443.658,123.125,331.639,0.856128,-1,-1,-1
80,73,1068.504,459.349,63.689,139.417,0.600196,-1,-1,-1
80,85,477.085,440.196,75.234,192.835,0.822508,-1,-1,-1
80,87,1002.271,444.066,38.359,100.785,0.652919,-1,-1,-1
81,2,702.162,452.446,94.148,223.641,0.895697,-1,-1,-1
81,3,427.771,446.260,42.056,109.326,0.629310,-1,-1,-1
81,4,1260.028,447.470,41.132,94.490,0.737964,-1,-1,-1
81,13,621.761,449.106,97.802,271.165,0.899943,-1,-1,-1
81,14,509.236,437.766,142.525,347.112,0.876609,-1,-1,-1
81,55,490.255,440.502,117.479,323.725,0.787883,-1,-1,-1
81,79,480.480,443.031,63.779,159.490,0.812920,-1,-1,-1
81,87,1000.554,441.976,40.545,105.316,0.626846,-1,-1,-1
81,88,967.076,455.291,47.550,123.720,0.655318,-1,-1,-1
81,89,921.640,433.675,51.807,150.966,0.688429,-1,-1,-1
82,2,701.379,448.795,94.636,228.160,0.900317,-1,-1,-1
82,3,422.564,445.872,45.444,110.523,0.680735,-1,-1,-1
82,4,1260.834,446.015,41.567,95.379,0.725503,-1,-1,-1
82,13,619.619,441.320,99.588,290.671,0.904578,-1,-1,-1
82,14,506.587,440.283,145.932,335.308,0.891209,-1,-1,-1
82,55,491.816,443.091,114.924,320.564,0.737761,-1,-1,-1
82,73,1070.766,456.760,63.407,140.391,0.634458,-1,-1,-1
82,79,482.949,442.876,66.588,163.340,0.832868,-1,-1,-1
82,82,747.792,447.108,75.462,225.090,0.600118,-1,-1,-1
82,87,999.123,440.001,41.728,105.643,0.690072,-1,-1,-1
82,88,966.882,455.675,48.271,124.399,0.688591,-1,-1,-1
82,89,920.991,432.207,52.322,153.290,0.693260,-1,-1,-1
83,1,761.691,446.584,43.418,105.406,0.621452,-1,-1,-1
83,2,708.788,454.725,100.093,221.090,0.889459,-1,-1,-1
83,3,424.127,445.535,46.836,111.298,0.734924,-1,-1,-1
83,4,1262.596,444.457,42.488,98.098,0.735907,-1,-1,-1
83,5,1047.210,442.934,50.165,133.189,0.611711,-1,-1,-1
83,13,627.410,448.546,92.756,272.404,0.906325,-1,-1,-1
83,14,541.226,445.154,139.969,329.901,0.620820,-1,-1,-1
83,55,505.284,442.188,147.905,329.723,0.892393,-1,-1,-1
83,62,697.569,447.051,72.921,231.663,0.768771,-1,-1,-1
83,73,1059.874,443.599,64.057,146.790,0.610840,-1,-1,-1
83,79,482.281,443.948,68.839,172.121,0.817619,-1,-1,-1
83,87,998.697,440.644,44.053,112.260,0.626422,-1,-1,-1
83,88,969.097,458.220,46.014,116.724,0.691457,-1,-1,-1
83,89,923.734,434.510,49.828,147.034,0.667508,-1,-1,-1
84,2,707.083,448.452,104.013,230.601,0.882397,-1,-1,-1
84,3,430.211,460.912,40.449,95.514,0.619804,-1,-1,-1
84,4,1262.605,444.648,41.943,96.731,0.766767,-1,-1,-1
84,5,1045.322,444.086,52.893,143.689,0.716261,-1,-1,-1
84,13,623.779,440.297,101.680,289.838,0.894521,-1,-1,-1
84,14,508.836,442.483,153.034,341.824,0.887585,-1,-1,-1
84,35,1100.748,444.523,36.881,94.111,0.604473,-1,-1,-1
84,55,486.694,437.936,137.863,322.170,0.808223,-1,-1,-1
84,62,697.582,444.501,76.156,231.841,0.734557,-1,-1,-1
84,73,1055.114,440.663,64.220,148.342,0.618009,-1,-1,-1
84,79,483.342,444.529,73.920,186.076,0.829828,-1,-1,-1
84,87,998.895,440.987,43.528,110.840,0.627100,-1,-1,-1
84,88,968.767,458.865,46.035,117.222,0.604897,-1,-1,-1
84,89,923.047,433.572,51.550,152.002,0.704333,-1,-1,-1
85,2,707.742,452.888,95.712,223.970,0.858890,-1,-1,-1
85,3,421.869,447.492,48.706,109.351,0.747022,-1,-1,-1
85,4,1262.272,441.911,43.634,100.765,0.777565,-1,-1,-1
85,5,1044.146,442.992,53.828,144.662,0.774608,-1,-1,-1
85,13,626.730,441.942,101.699,290.282,0.896484,-1,-1,-1
85,14,507.577,437.813,158.927,350.339,0.901085,-1,-1,-1
85,35,1093.998,446.717,41.413,104.188,0.650089,-1,-1,-1
85,55,488.478,434.816,134.389,324.858,0.757384,-1,-1,-1
85,62,689.782,440.136,76.128,229.720,0.603247,-1,-1,-1
85,73,1055.631,441.368,64.356,148.005,0.712710,-1,-1,-1
85,79,479.511,441.084,74.644,197.547,0.844920,-1,-1,-1
85,82,734.788,446.235,84.658,229.349,0.760754,-1,-1,-1
85,87,1003.908,443.426,37.476,94.589,0.651775,-1,-1,-1
85,88,967.811,454.676,50.171,126.680,0.711588,-1,-1,-1
85,89,924.060,434.176,50.534,150.319,0.662255,-1,-1,-1
85,90,461.246,444.506,38.733,106.388,0.685370,-1,-1,-1
86,2,715.358,449.759,98.810,228.056,0.901684,-1,-1,-1
86,3,421.966,456.513,47.439,99.857,0.732376,-1,-1,-1
86,4,1262.618,443.491,42.238,97.970,0.740383,-1,-1,-1
86,5,1046.088,443.955,52.242,140.636,0.732391,-1,-1,-1
86,13,627.615,433.840,102.774,301.572,0.887642,-1,-1,-1
86,14,537.343,433.679,139.656,312.765,0.690035,-1,-1,-1
86,20,688.414,443.646,59.662,152.338,0.672281,-1,-1,-1
86,35,1092.494,446.356,43.322,111.783,0.662665,-1,-1,-1
86,55,506.643,442.025,138.919,316.998,0.876373,-1,-1,-1
86,73,1071.921,451.204,62.724,143.791,0.746245,-1,-1,-1
86,79,483.898,445.738,73.229,187.725,0.846175,-1,-1,-1
86,87,1000.285,443.340,40.507,102.244,0.690556,-1,-1,-1
86,89,922.021,433.227,51.956,152.503,0.731330,-1,-1,-1
86,90,460.913,445.995,36.194,98.896,0.614335,-1,-1,-1
87,2,715.532,453.252,92.417,223.339,0.876123,-1,-1,-1
87,3,423.749,459.632,47.426,97.879,0.728629,-1,-1,-1
87,4,1262.219,444.078,42.097,98.335,0.722490,-1,-1,-1
87,13,625.546,428.372,106.030,306.930,0.886916,-1,-1,-1
87,14,525.878,440.335,145.656,344.046,0.785180,-1,-1,-1
87,20,692.360,444.540,56.673,147.580,0.679553,-1,-1,-1
87,55,500.532,443.907,130.533,314.925,0.877028,-1,-1,-1
87,73,1073.808,456.023,60.594,137.914,0.679472,-1,-1,-1
87,79,483.322,447.088,72.076,186.043,0.833337,-1,-1,-1
87,82,743.135,451.516,80.970,226.327,0.758793,-1,-1,-1
87,89,922.714,433.565,51.436,150.943,0.666923,-1,-1,-1
87,90,458.565,445.666,38.905,103.940,0.721734,-1,-1,-1
88,2,720.916,443.480,103.738,233.974,0.903899,-1,-1,-1
88,3,423.782,457.735,48.152,98.993,0.681394,-1,-1,-1
88,4,1262.997,447.284,39.319,92.131,0.737237,-1,-1,-1
88,13,625.948,424.763,110.175,314.257,0.892059,-1,-1,-1
88,14,518.557,439.439,148.690,343.129,0.831151,-1,-1,-1
88,20,690.413,445.181,58.902,150.146,0.636934,-1,-1,-1
88,55,498.727,444.349,129.570,309.537,0.873562,-1,-1,-1
88,73,1066.584,460.711,64.387,136.913,0.778542,-1,-1,-1
88,79,483.006,446.551,65.672,171.463,0.814611,-1,-1,-1
88,85,488.669,448.735,49.555,128.831,0.604792,-1,-1,-1
88,89,921.983,433.414,52.199,152.197,0.657921,-1,-1,-1
88,90,458.356,445.482,38.655,102.499,0.721785,-1,-1,-1
89,2,721.070,446.655,103.982,231.143,0.903138,-1,-1,-1
89,3,419.707,449.473,50.382,105.254,0.638842,-1,-1,-1
89,4,1262.506,446.026,39.450,92.951,0.715820,-1,-1,-1
89,13,628.042,431.446,112.224,310.904,0.901204,-1,-1,-1
89,14,547.122,431.177,130.312,314.659,0.772438,-1,-1,-1
89,20,698.038,445.672,57.999,151.725,0.618912,-1,-1,-1
89,55,498.690,446.056,122.191,307.737,0.884243,-1,-1,-1
89,62,685.833,442.233,59.633,171.324,0.651749,-1,-1,-1
89,73,1067.853,458.184,66.921,139.746,0.778967,-1,-1,-1
89,79,480.948,443.028,70.348,191.652,0.819265,-1,-1,-1
89,85,488.139,445.226,50.105,124.165,0.657625,-1,-1,-1
89,89,922.055,433.492,51.697,152.665,0.684926,-1,-1,-1
89,90,459.259,445.134,38.640,101.909,0.735216,-1,-1,-1
90,2,727.324,446.686,102.055,231.969,0.902764,-1,-1,-1
90,3,418.697,444.536,51.785,109.697,0.677959,-1,-1,-1
90,4,1262.161,445.676,40.971,96.861,0.726146,-1,-1,-1
90,13,627.115,429.362,116.365,312.585,0.896302,-1,-1,-1
90,14,548.087,430.642,128.545,319.194,0.810187,-1,-1,-1
90,55,496.201,445.020,123.441,316.763,0.895593,-1,-1,-1
90,73,1068.590,457.597,66.836,139.522,0.729475,-1,-1,-1
90,85,485.902,444.289,61.130,147.434,0.817443,-1,-1,-1
90,89,923.833,434.454,50.397,149.990,0.659197,-1,-1,-1
90,90,458.505,445.021,42.020,109.939,0.772542,-1,-1,-1
91,2,729.977,448.719,99.322,233.246,0.904815,-1,-1,-1
91,4,1259.911,443.447,42.684,100.076,0.643116,-1,-1,-1
91,13,625.363,432.189,119.619,307.148,0.891934,-1,-1,-1
91,14,553.501,434.797,122.773,309.317,0.803475,-1,-1,-1
91,55,498.896,442.568,119.300,311.888,0.879341,-1,-1,-1
91,62,682.862,442.646,61.032,170.974,0.618341,-1,-1,-1
91,73,1066.682,458.442,68.397,138.546,0.798661,-1,-1,-1
91,85,485.960,445.233,57.715,138.107,0.765376,-1,-1,-1
91,87,1005.476,448.357,34.167,84.716,0.615776,-1,-1,-1
91,88,966.272,456.696,48.561,122.969,0.707188,-1,-1,-1
91,89,923.810,433.427,51.106,150.224,0.688831,-1,-1,-1
91,90,456.771,445.717,42.116,109.591,0.757497,-1,-1,-1
92,2,731.197,448.878,99.833,232.423,0.903964,-1,-1,-1
92,4,1258.106,445.208,39.993,95.524,0.740116,-1,-1,-1
92,13,620.871,430.344,124.146,314.646,0.892281,-1,-1,-1
92,14,525.641,434.946,149.240,352.284,0.848578,-1,-1,-1
92,55,504.512,442.749,117.550,312.532,0.836571,-1,-1,-1
92,73,1069.019,461.837,66.829,135.804,0.832939,-1,-1,-1
92,85,486.064,444.726,59.535,142.522,0.741335,-1,-1,-1
92,88,965.271,455.927,49.326,125.925,0.618244,-1,-1,-1
92,89,923.904,434.176,50.681,149.781,0.685144,-1,-1,-1
92,90,457.253,444.129,42.620,111.566,0.695703,-1,-1,-1
93,2,732.663,448.552,98.290,230.965,0.907745,-1,-1,-1
93,4,1258.097,444.315,40.695,97.072,0.789725,-1,-1,-1
93,13,629.552,435.714,120.324,307.525,0.897499,-1,-1,-1
93,14,545.857,443.243,138.594,348.947,0.850807,-1,-1,-1
93,55,502.197,446.135,113.272,306.617,0.880395,-1,-1,-1
93,62,690.869,442.735,72.904,208.442,0.630689,-1,-1,-1
93,73,1068.791,459.525,67.325,138.817,0.851395,-1,-1,-1
93,85,489.185,446.069,51.599,124.082,0.684622,-1,-1,-1
93,89,923.913,434.541,50.398,149.922,0.678268,-1,-1,-1
93,90,455.683,445.108,38.562,101.625,0.613325,-1,-1,-1
94,2,736.756,448.698,96.106,232.601,0.909462,-1,-1,-1
94,4,1257.989,445.026,39.733,95.694,0.814566,-1,-1,-1
94,13,633.334,439.715,116.315,303.335,0.900335,-1,-1,-1
94,14,536.069,438.659,138.182,357.521,0.855504,-1,-1,-1
94,20,699.960,450.275,58.543,158.011,0.620093,-1,-1,-1
94,55,502.840,447.432,112.129,306.860,0.868211,-1,-1,-1
94,62,686.845,445.240,61.754,175.902,0.617575,-1,-1,-1
94,73,1069.512,460.915,66.303,136.657,0.843277,-1,-1,-1
94,85,486.091,445.762,57.955,139.001,0.722693,-1,-1,-1
94,89,924.192,434.578,49.796,149.605,0.628181,-1,-1,-1
94,90,453.707,445.033,41.180,111.028,0.651071,-1,-1,-1
94,94,1252.095,452.963,32.124,85.597,0.651212,-1,-1,-1
95,2,739.385,445.749,92.040,233.348,0.914297,-1,-1,-1
95,4,1258.268,443.055,40.582,97.402,0.743080,-1,-1,-1
95,5,1071.260,448.092,63.093,148.471,0.774585,-1,-1,-1
95,13,637.748,439.397,116.495,305.923,0.906298,-1,-1,-1
95,14,551.675,446.797,125.418,350.714,0.830220,-1,-1,-1
95,55,503.585,449.729,111.676,308.119,0.888396,-1,-1,-1
95,85,484.397,444.587,59.076,144.482,0.830885,-1,-1,-1
95,89,924.846,434.729,49.431,150.695,0.699239,-1,-1,-1
95,90,455.291,447.161,38.983,106.476,0.629510,-1,-1,-1
96,2,739.431,449.048,93.682,233.890,0.918824,-1,-1,-1
96,4,1256.984,445.038,39.743,96.951,0.754802,-1,-1,-1
96,5,1068.979,445.796,64.328,149.640,0.672099,-1,-1,-1
96,13,634.667,439.829,116.931,308.425,0.903392,-1,-1,-1
96,14,548.030,444.129,124.872,307.982,0.864263,-1,-1,-1
96,55,502.607,450.081,112.121,304.529,0.893351,-1,-1,-1
96,85,484.095,446.198,59.138,145.211,0.806549,-1,-1,-1
96,89,925.098,435.075,49.009,150.109,0.682775,-1,-1,-1
96,90,455.102,457.067,35.977,96.951,0.632393,-1,-1,-1
97,2,741.808,449.993,90.562,235.105,0.909558,-1,-1,-1
97,4,1256.950,444.571,39.384,96.983,0.761617,-1,-1,-1
97,5,1069.821,451.900,62.899,143.884,0.721184,-1,-1,-1
97,13,634.617,440.844,120.668,310.679,0.903364,-1,-1,-1
97,14,542.959,445.844,129.601,302.317,0.833041,-1,-1,-1
97,55,500.002,447.651,115.082,310.336,0.887826,-1,-1,-1
97,85,484.617,446.778,59.185,144.925,0.763508,-1,-1,-1
97,89,920.897,435.478,50.561,152.135,0.656574,-1,-1,-1
97,90,455.624,456.187,36.356,97.930,0.627980,-1,-1,-1
98,2,739.418,445.896,98.399,241.793,0.917037,-1,-1,-1
98,4,1256.988,444.228,40.301,98.572,0.825430,-1,-1,-1
98,5,1067.984,447.198,64.909,147.686,0.716293,-1,-1,-1
98,13,635.447,438.505,122.311,308.478,0.900086,-1,-1,-1
98,14,519.674,432.364,152.622,366.621,0.858561,-1,-1,-1
98,55,499.113,440.428,120.816,322.651,0.883441,-1,-1,-1
98,85,483.106,445.631,60.248,148.741,0.798413,-1,-1,-1
98,89,923.347,434.412,49.714,151.300,0.670264,-1,-1,-1
98,90,452.342,454.299,38.302,101.774,0.653613,-1,-1,-1
99,2,744.917,450.086,95.794,234.464,0.909115,-1,-1,-1
99,4,1256.939,442.860,39.297,97.037,0.808233,-1,-1,-1
99,5,1065.192,446.965,60.962,141.567,0.686967,-1,-1,-1
99,13,634.334,437.617,123.286,313.438,0.908133,-1,-1,-1
99,14,546.052,434.293,129.111,325.306,0.849099,-1,-1,-1
99,35,1100.042,443.553,35.169,92.784,0.652093,-1,-1,-1
99,55,495.699,442.906,122.795,322.099,0.909280,-1,-1,-1
99,62,687.236,447.924,64.988,191.882,0.601723,-1,-1,-1
99,85,484.267,450.913,57.283,143.363,0.721272,-1,-1,-1
99,89,924.900,434.916,50.309,149.933,0.690665,-1,-1,-1
99,90,452.496,456.900,38.077,99.418,0.626114,-1,-1,-1
100,2,744.691,450.865,97.731,238.811,0.908533,-1,-1,-1
100,4,1257.451,440.490,40.297,100.729,0.818556,-1,-1,-1
100,5,1059.548,441.300,55.374,135.801,0.659891,-1,-1,-1
100,13,636.882,433.317,122.456,316.339,0.916209,-1,-1,-1
100,14,546.783,432.372,127.626,334.794,0.839681,-1,-1,-1
100,55,495.916,445.137,121.964,319.182,0.899590,-1,-1,-1
100,62,689.555,447.545,62.516,185.518,0.667975,-1,-1,-1
100,73,1085.307,438.955,53.802,127.571,0.721815,-1,-1,-1
100,85,486.233,455.335,54.898,138.702,0.696749,-1,-1,-1
100,89,924.224,433.288,51.165,152.782,0.685769,-1,-1,-1
100,90,448.335,456.763,39.928,101.931,0.744622,-1,-1,-1
101,2,741.852,448.264,100.526,243.131,0.902606,-1,-1,-1
101,4,1255.377,441.480,39.214,100.573,0.690831,-1,-1,-1
101,5,1073.210,442.890,59.880,148.691,0.647306,-1,-1,-1
101,13,641.210,433.924,117.407,314.447,0.923329,-1,-1,-1
101,14,555.136,436.802,121.467,362.688,0.880580,-1,-1,-1
101,35,1093.630,442.620,41.013,108.029,0.613170,-1,-1,-1
101,55,493.988,444.227,120.612,317.575,0.899496,-1,-1,-1
101,85,486.273,457.121,55.072,139.711,0.692682,-1,-1,-1
101,90,449.712,460.162,40.459,101.254,0.764037,-1,-1,-1
102,2,740.240,449.718,102.851,243.030,0.906861,-1,-1,-1
102,4,1253.788,443.569,37.219,97.526,0.730132,-1,-1,-1
102,5,1074.312,439.915,60.530,151.441,0.611112,-1,-1,-1
102,13,641.025,437.324,117.730,311.190,0.910838,-1,-1,-1
102,14,558.648,438.618,116.005,357.844,0.874389,-1,-1,-1
102,55,495.440,442.820,122.087,319.571,0.902635,-1,-1,-1
102,62,691.243,444.069,72.316,224.078,0.678246,-1,-1,-1
102,79,486.139,451.894,60.732,160.655,0.716290,-1,-1,-1
102,89,924.122,433.379,49.612,149.124,0.615625,-1,-1,-1
102,90,446.356,454.062,43.768,107.771,0.725155,-1,-1,-1
103,2,745.247,448.394,97.837,244.080,0.896358,-1,-1,-1
103,4,1254.711,445.617,35.828,94.066,0.789747,-1,-1,-1
103,5,1072.402,436.715,62.152,155.854,0.750972,-1,-1,-1
103,13,643.473,435.572,116.463,312.257,0.915832,-1,-1,-1
103,14,557.796,436.570,116.392,353.530,0.868715,-1,-1,-1
103,35,1089.026,437.368,47.174,123.515,0.717213,-1,-1,-1
103,55,494.218,445.235,123.435,316.825,0.897063,-1,-1,-1
103,62,697.828,444.146,67.491,208.298,0.671156,-1,-1,-1
103,85,487.787,455.522,58.253,144.804,0.686270,-1,-1,-1
103,87,1001.701,443.708,36.739,90.456,0.656502,-1,-1,-1
103,89,924.789,434.168,49.251,147.135,0.645918,-1,-1,-1
103,90,444.332,449.602,46.580,112.801,0.793599,-1,-1,-1
104,1,853.531,468.901,35.417,78.817,0.653412,-1,-1,-1
104,2,750.457,453.994,92.047,238.605,0.894562,-1,-1,-1
104,4,1251.799,446.143,36.920,96.483,0.843196,-1,-1,-1
104,5,1072.249,442.984,60.031,149.948,0.656777,-1,-1,-1
104,13,645.684,435.758,116.710,308.869,0.925359,-1,-1,-1
104,14,552.622,431.492,126.378,369.888,0.900003,-1,-1,-1
104,55,492.027,446.564,123.558,313.595,0.884262,-1,-1,-1
104,62,697.613,444.246,72.734,223.990,0.642706,-1,-1,-1
104,82,782.860,468.020,64.640,186.909,0.617893,-1,-1,-1
104,85,488.334,456.207,56.861,141.629,0.676204,-1,-1,-1
104,87,1002.126,443.948,35.795,88.710,0.691150,-1,-1,-1
104,90,444.088,455.948,45.311,105.533,0.783745,-1,-1,-1
105,1,856.733,468.089,35.888,78.103,0.649411,-1,-1,-1
105,2,754.194,452.379,91.167,240.477,0.900075,-1,-1,-1
105,4,1253.211,448.375,34.491,89.965,0.838476,-1,-1,-1
105,5,1071.860,445.045,60.016,148.508,0.641299,-1,-1,-1
105,13,646.069,436.903,119.853,309.746,0.920494,-1,-1,-1
105,14,546.836,433.287,132.489,366.900,0.903128,-1,-1,-1
105,55,492.180,442.938,128.790,318.491,0.891721,-1,-1,-1
105,85,489.626,459.883,54.856,136.272,0.700249,-1,-1,-1
105,87,999.066,443.278,40.554,99.236,0.633164,-1,-1,-1
105,89,925.150,434.278,49.771,147.923,0.668486,-1,-1,-1
105,90,443.949,457.521,45.757,104.618,0.776403,-1,-1,-1
106,1,855.758,468.072,35.418,77.581,0.643957,-1,-1,-1
106,2,754.250,451.551,87.963,241.030,0.894408,-1,-1,-1
106,4,1253.107,444.266,36.480,95.904,0.785225,-1,-1,-1
106,5,1072.349,450.407,59.327,145.043,0.669945,-1,-1,-1
106,13,647.749,437.448,117.660,309.393,0.922133,-1,-1,-1
106,14,548.525,436.801,132.846,364.765,0.911846,-1,-1,-1
106,55,493.271,443.342,122.494,309.049,0.884116,-1,-1,-1
106,85,490.922,466.476,54.945,136.330,0.759452,-1,-1,-1
106,89,925.178,434.360,48.897,147.122,0.618964,-1,-1,-1
106,90,444.203,460.416,44.916,101.038,0.804368,-1,-1,-1
107,1,854.183,468.081,35.448,77.052,0.644061,-1,-1,-1
107,2,748.386,453.307,96.459,246.075,0.905646,-1,-1,-1
107,4,1253.174,445.590,34.873,92.597,0.781995,-1,-1,-1
107,5,1070.690,450.469,60.492,146.036,0.659078,-1,-1,-1
107,13,652.062,436.346,116.931,312.634,0.922917,-1,-1,-1
107,14,547.326,437.325,136.001,366.364,0.912556,-1,-1,-1
107,55,498.156,442.309,127.000,317.976,0.886783,-1,-1,-1
107,85,490.591,470.149,56.356,142.409,0.778200,-1,-1,-1
107,90,445.991,460.277,44.156,99.882,0.752517,-1,-1,-1
107,95,839.073,469.244,36.432,75.779,0.617406,-1,-1,-1
108,1,854.046,468.119,35.966,77.836,0.653035,-1,-1,-1
108,2,749.669,448.583,98.686,250.409,0.914208,-1,-1,-1
108,4,1252.844,444.513,35.554,95.063,0.754936,-1,-1,-1
108,5,1069.176,457.491,59.694,139.051,0.660975,-1,-1,-1
108,13,654.207,437.185,114.465,313.011,0.920005,-1,-1,-1
108,14,552.627,444.266,132.372,359.264,0.899846,-1,-1,-1
108,55,499.490,440.260,129.616,312.068,0.883853,-1,-1,-1
108,85,493.020,474.491,51.247,127.356,0.713690,-1,-1,-1
108,90,446.442,463.717,42.966,95.080,0.756621,-1,-1,-1
108,95,839.073,469.322,36.470,75.591,0.635135,-1,-1,-1
109,1,854.832,468.220,35.629,77.463,0.668944,-1,-1,-1
109,2,750.785,449.817,97.928,249.461,0.901035,-1,-1,-1
109,4,1252.076,446.047,34.523,93.200,0.737191,-1,-1,-1
109,5,1066.767,459.389,60.175,137.148,0.647437,-1,-1,-1
109,13,653.462,438.275,115.237,314.594,0.922008,-1,-1,-1
109,14,545.307,440.462,136.750,364.419,0.910445,-1,-1,-1
109,55,497.580,441.580,131.108,316.997,0.861825,-1,-1,-1
109,85,494.724,474.966,49.022,120.131,0.695401,-1,-1,-1
109,88,872.425,472.335,33.151,74.777,0.603729,-1,-1,-1
109,90,446.336,465.491,42.243,92.935,0.602486,-1,-1,-1
109,95,835.190,469.240,36.298,75.445,0.650926,-1,-1,-1
110,1,854.013,468.966,35.705,77.852,0.649302,-1,-1,-1
110,2,752.974,447.905,95.793,251.047,0.905261,-1,-1,-1
110,4,1247.836,440.985,36.677,99.764,0.638951,-1,-1,-1
110,5,1068.581,459.260,61.306,138.350,0.640418,-1,-1,-1
110,13,654.323,435.359,115.599,320.785,0.915562,-1,-1,-1
110,14,542.575,437.781,145.935,376.629,0.909327,-1,-1,-1
110,55,498.128,436.847,130.725,326.051,0.858538,-1,-1,-1
110,89,921.652,438.995,52.316,150.257,0.643361,-1,-1,-1
110,95,836.997,468.520,36.937,77.059,0.643510,-1,-1,-1
111,1,853.776,468.152,35.745,78.436,0.631435,-1,-1,-1
111,2,753.529,451.171,93.936,244.929,0.904478,-1,-1,-1
111,4,1245.373,442.841,36.714,98.426,0.731048,-1,-1,-1
111,5,1069.480,464.271,61.008,134.009,0.725738,-1,-1,-1
111,13,655.982,435.608,115.382,319.853,0.919692,-1,-1,-1
111,14,557.705,433.779,142.613,380.598,0.909083,-1,-1,-1
111,55,498.093,434.529,125.337,325.605,0.879402,-1,-1,-1
111,85,495.668,459.042,44.392,109.623,0.625049,-1,-1,-1
111,89,919.861,436.574,55.332,152.790,0.667582,-1,-1,-1
111,90,438.669,461.128,43.826,97.927,0.658307,-1,-1,-1
112,1,854.244,468.247,35.965,79.001,0.647946,-1,-1,-1
112,2,759.406,450.824,92.177,247.759,0.899915,-1,-1,-1
112,4,1244.242,443.240,36.526,96.384,0.810025,-1,-1,-1
112,5,1067.814,463.189,62.589,135.023,0.669224,-1,-1,-1
112,13,658.660,430.448,117.005,329.979,0.920135,-1,-1,-1
112,14,555.476,439.963,142.346,377.418,0.903112,-1,-1,-1
112,55,497.517,440.221,123.097,318.828,0.876855,-1,-1,-1
112,89,923.682,435.255,52.050,146.522,0.627862,-1,-1,-1
112,90,439.394,458.191,44.528,99.865,0.615026,-1,-1,-1
113,2,755.297,454.314,92.904,241.037,0.891474,-1,-1,-1
113,4,1242.592,444.651,36.877,94.849,0.835898,-1,-1,-1
113,5,1066.517,450.366,66.670,145.573,0.627028,-1,-1,-1
113,13,658.146,432.175,114.977,328.133,0.918082,-1,-1,-1
113,14,551.877,442.359,148.745,376.643,0.900124,-1,-1,-1
113,20,737.231,455.468,45.998,130.526,0.604885,-1,-1,-1
113,55,498.782,438.217,126.955,319.358,0.864120,-1,-1,-1
113,79,525.216,455.404,35.295,90.770,0.635482,-1,-1,-1
113,85,495.314,456.008,37.675,95.550,0.650605,-1,-1,-1
113,89,923.774,435.060,49.961,138.182,0.677735,-1,-1,-1
114,1,852.933,468.112,35.953,79.774,0.651197,-1,-1,-1
114,2,757.171,453.747,93.420,245.962,0.906804,-1,-1,-1
114,4,1243.955,443.315,35.570,93.427,0.846925,-1,-1,-1
114,13,659.010,430.666,114.995,329.810,0.920743,-1,-1,-1
114,14,551.878,444.018,153.065,370.311,0.898869,-1,-1,-1
114,20,741.159,453.720,42.075,120.183,0.603070,-1,-1,-1
114,55,499.624,438.594,131.985,318.405,0.854743,-1,-1,-1
114,79,525.084,456.039,34.438,86.250,0.657240,-1,-1,-1
114,85,496.069,452.234,34.298,87.735,0.606281,-1,-1,-1
114,88,873.522,471.039,34.711,76.599,0.631349,-1,-1,-1
114,89,928.024,436.531,46.528,124.787,0.634927,-1,-1,-1
115,1,852.499,466.538,37.821,83.563,0.667537,-1,-1,-1
115,2,757.702,458.419,95.394,242.199,0.910899,-1,-1,-1
115,4,1243.397,443.857,35.585,94.343,0.867030,-1,-1,-1
115,5,1067.236,460.632,62.875,134.709,0.622235,-1,-1,-1
115,13,660.353,433.004,114.021,328.565,0.923932,-1,-1,-1
115,14,525.078,440.141,168.414,371.850,0.909230,-1,-1,-1
115,55,502.989,435.544,136.811,320.926,0.702751,-1,-1,-1
115,79,523.484,456.208,37.171,90.940,0.606542,-1,-1,-1
115,85,495.861,454.424,35.702,92.330,0.621063,-1,-1,-1
115,87,970.673,451.111,47.838,113.440,0.640304,-1,-1,-1
115,90,444.577,461.218,44.124,99.254,0.699518,-1,-1,-1
116,1,850.274,465.938,39.226,87.870,0.675450,-1,-1,-1
116,2,758.701,456.477,96.363,244.764,0.916616,-1,-1,-1
116,4,1242.116,441.982,36.479,98.214,0.860878,-1,-1,-1
116,5,1058.548,463.687,60.088,129.243,0.625538,-1,-1,-1
116,13,663.850,434.749,114.460,317.811,0.918608,-1,-1,-1
116,14,541.960,444.798,156.355,365.940,0.897053,-1,-1,-1
116,55,499.957,441.440,136.840,320.560,0.831120,-1,-1,-1
116,73,1002.927,447.163,37.062,89.047,0.621554,-1,-1,-1
116,87,966.712,450.097,52.349,121.878,0.612400,-1,-1,-1
116,89,920.307,443.257,55.819,142.629,0.617404,-1,-1,-1
116,90,443.404,462.873,43.444,97.556,0.625469,-1,-1,-1
117,1,849.464,463.745,39.591,90.018,0.634819,-1,-1,-1
117,2,760.794,456.613,95.900,241.973,0.907398,-1,-1,-1
117,4,1241.850,439.825,37.361,103.860,0.876601,-1,-1,-1
117,13,662.194,434.303,117.472,327.957,0.915601,-1,-1,-1
117,14,541.527,443.176,159.422,379.000,0.908541,-1,-1,-1
117,55,507.115,435.935,146.801,332.530,0.820553,-1,-1,-1
118,2,761.950,455.323,96.157,242.992,0.908366,-1,-1,-1
118,4,1241.573,442.193,35.504,100.148,0.864285,-1,-1,-1
118,13,666.457,438.263,113.678,318.780,0.912370,-1,-1,-1
118,14,541.707,437.474,158.435,385.531,0.899854,-1,-1,-1
118,20,747.875,450.399,48.694,139.292,0.654606,-1,-1,-1
118,55,505.931,437.366,156.291,346.298,0.821856,-1,-1,-1
118,90,441.939,461.123,43.457,99.621,0.670884,-1,-1,-1
119,2,762.378,456.057,96.551,241.570,0.910838,-1,-1,-1
119,3,491.499,457.078,46.914,113.124,0.674016,-1,-1,-1
119,4,1239.316,441.717,35.303,97.763,0.842495,-1,-1,-1
119,5,1077.541,454.600,60.211,138.466,0.674441,-1,-1,-1
119,13,665.148,440.120,115.717,320.339,0.908319,-1,-1,-1
119,14,544.677,445.441,153.144,381.118,0.903746,-1,-1,-1
119,73,1004.352,447.151,33.629,82.749,0.649051,-1,-1,-1
119,82,801.578,443.363,73.674,222.255,0.640750,-1,-1,-1
119,90,436.507,448.340,49.223,114.027,0.745514,-1,-1,-1
119,97,507.782,442.950,120.194,250.730,0.764887,-1,-1,-1
120,1,846.584,465.341,41.270,94.870,0.605404,-1,-1,-1
120,2,763.671,456.837,101.197,242.990,0.914630,-1,-1,-1
120,3,490.548,462.540,44.877,105.810,0.696161,-1,-1,-1
120,4,1237.828,442.707,34.304,97.498,0.851070,-1,-1,-1
120,13,666.463,440.402,114.610,320.371,0.907608,-1,-1,-1
120,14,528.112,441.027,169.186,391.756,0.908940,-1,-1,-1
120,73,1006.000,449.263,34.468,86.070,0.676792,-1,-1,-1
120,89,931.477,450.526,52.063,136.787,0.622842,-1,-1,-1
120,90,429.261,445.629,56.118,117.749,0.848975,-1,-1,-1
120,97,508.666,446.982,117.826,232.770,0.738807,-1,-1,-1
121,1,821.260,456.571,56.105,115.369,0.656955,-1,-1,-1
121,2,764.606,454.887,108.154,246.961,0.908652,-1,-1,-1
121,3,488.984,459.747,45.542,109.151,0.705424,-1,-1,-1
121,4,1237.210,442.009,33.428,98.834,0.812903,-1,-1,-1
121,5,1068.881,461.517,61.900,135.044,0.651298,-1,-1,-1
121,13,667.943,439.848,114.836,324.343,0.909148,-1,-1,-1
121,14,546.097,440.951,157.852,391.543,0.909014,-1,-1,-1
121,73,1007.203,449.197,34.138,85.736,0.616001,-1,-1,-1
121,89,931.864,462.612,49.055,125.047,0.618689,-1,-1,-1
121,90,426.307,446.637,56.902,116.277,0.796326,-1,-1,-1
121,97,507.515,443.719,124.106,235.312,0.822262,-1,-1,-1
122,1,819.193,453.472,64.469,131.666,0.667397,-1,-1,-1
122,2,763.362,454.137,110.548,249.016,0.900327,-1,-1,-1
122,3,489.268,464.461,45.590,107.552,0.749037,-1,-1,-1
122,4,1234.842,444.202,34.247,98.709,0.832719,-1,-1,-1
122,5,1068.916,465.381,63.048,131.275,0.750655,-1,-1,-1
122,13,672.756,433.773,111.910,330.076,0.913116,-1,-1,-1
122,14,526.700,443.157,174.549,395.084,0.918818,-1,-1,-1
122,73,1007.547,448.361,32.097,81.104,0.696996,-1,-1,-1
122,90,431.539,459.041,51.492,102.609,0.743387,-1,-1,-1
122,95,840.686,464.187,48.175,109.675,0.608985,-1,-1,-1
122,97,510.506,447.430,125.893,233.462,0.734133,-1,-1,-1
123,1,826.794,452.793,64.263,132.936,0.655965,-1,-1,-1
123,2,765.425,447.192,116.779,258.918,0.899545,-1,-1,-1
123,3,489.801,462.649,45.675,104.807,0.721054,-1,-1,-1
123,4,1235.819,448.947,33.081,95.124,0.840135,-1,-1,-1
123,5,1074.009,461.533,62.006,132.059,0.745565,-1,-1,-1
123,13,670.803,438.946,110.537,322.494,0.916777,-1,-1,-1
123,14,534.739,444.710,173.997,392.199,0.911251,-1,-1,-1
123,73,1007.536,449.721,33.324,84.532,0.694734,-1,-1,-1
123,89,924.025,466.407,52.144,121.856,0.712881,-1,-1,-1
123,95,844.740,465.811,46.324,106.381,0.616049,-1,-1,-1
123,97,509.115,439.561,132.039,244.040,0.829777,-1,-1,-1
124,2,769.336,451.157,116.510,253.126,0.901201,-1,-1,-1
124,3,488.528,462.224,45.469,107.114,0.772735,-1,-1,-1
124,4,1235.337,451.869,33.656,93.081,0.858769,-1,-1,-1
124,5,1074.821,463.656,60.770,132.285,0.776435,-1,-1,-1
124,13,666.674,432.978,122.861,331.257,0.916016,-1,-1,-1
124,14,522.561,433.740,194.608,403.651,0.915799,-1,-1,-1
124,73,1006.399,450.545,33.789,85.177,0.619116,-1,-1,-1
124,89,923.380,467.211,52.887,121.142,0.716467,-1,-1,-1
124,90,428.303,469.814,48.723,92.613,0.688451,-1,-1,-1
124,95,844.612,463.717,45.938,107.960,0.691333,-1,-1,-1
124,97,508.325,437.730,128.531,239.619,0.624471,-1,-1,-1
125,1,824.084,447.212,67.840,140.339,0.722318,-1,-1,-1
125,2,768.770,451.078,116.890,251.408,0.891037,-1,-1,-1
125,3,487.778,450.723,47.259,117.502,0.801030,-1,-1,-1
125,4,1232.848,451.521,35.670,97.756,0.860400,-1,-1,-1
125,5,1072.450,459.673,62.180,136.155,0.803390,-1,-1,-1
125,13,668.649,433.414,120.613,330.006,0.914785,-1,-1,-1
125,14,522.586,436.161,199.599,401.819,0.919676,-1,-1,-1
125,89,922.634,470.844,53.047,117.934,0.635982,-1,-1,-1
125,90,427.994,461.665,54.306,101.068,0.661590,-1,-1,-1
125,97,512.210,435.771,119.022,225.519,0.646442,-1,-1,-1
126,1,821.573,445.169,71.742,149.424,0.733876,-1,-1,-1
126,2,767.961,451.147,115.583,251.951,0.882011,-1,-1,-1
126,3,488.820,454.109,45.490,113.909,0.836623,-1,-1,-1
126,4,1232.573,450.971,36.047,95.607,0.866394,-1,-1,-1
126,5,1068.492,461.606,61.946,133.084,0.716534,-1,-1,-1
126,13,669.020,430.984,121.788,332.480,0.912881,-1,-1,-1
126,14,524.549,437.361,197.483,399.447,0.921426,-1,-1,-1
126,73,1006.771,453.311,31.893,78.229,0.601187,-1,-1,-1
126,90,426.138,463.895,53.408,99.106,0.704874,-1,-1,-1
126,97,515.286,443.731,113.135,223.462,0.681958,-1,-1,-1
127,1,823.126,442.996,79.919,166.834,0.690230,-1,-1,-1
127,2,774.492,458.102,117.562,249.822,0.903588,-1,-1,-1
127,3,488.303,450.972,45.187,116.181,0.801444,-1,-1,-1
127,4,1228.725,452.042,38.958,97.313,0.844914,-1,-1,-1
127,5,1069.548,456.721,63.991,138.380,0.744097,-1,-1,-1
127,13,667.711,431.037,120.882,332.874,0.924274,-1,-1,-1
127,14,524.611,440.407,196.820,396.629,0.932865,-1,-1,-1
127,89,907.254,463.851,55.688,124.859,0.656206,-1,-1,-1
127,90,426.606,463.691,53.295,99.019,0.615054,-1,-1,-1
127,99,945.862,439.389,41.509,100.970,0.703022,-1,-1,-1
128,2,777.167,459.086,116.496,248.009,0.898860,-1,-1,-1
128,3,487.065,454.085,45.039,113.543,0.786642,-1,-1,-1
128,4,1226.187,452.173,41.526,99.320,0.824379,-1,-1,-1
128,5,1067.241,461.818,63.987,134.234,0.782345,-1,-1,-1
128,13,668.171,431.227,122.851,333.592,0.927798,-1,-1,-1
128,14,525.022,433.936,196.825,406.377,0.933091,-1,-1,-1
128,82,823.442,439.662,80.240,209.212,0.775521,-1,-1,-1
128,89,907.587,463.215,55.875,125.590,0.640740,-1,-1,-1
128,90,425.837,462.748,53.708,100.239,0.657588,-1,-1,-1
128,99,944.547,432.861,44.873,109.996,0.707240,-1,-1,-1
129,1,830.788,445.800,68.729,143.321,0.634416,-1,-1,-1
129,2,782.566,459.760,115.490,248.755,0.909003,-1,-1,-1
129,3,488.823,454.429,43.154,110.432,0.743724,-1,-1,-1
129,4,1221.768,455.038,45.549,103.546,0.823644,-1,-1,-1
129,5,1065.960,459.788,67.151,137.247,0.756061,-1,-1,-1
129,13,674.073,432.333,120.359,335.018,0.928384,-1,-1,-1
129,14,525.756,437.082,195.949,403.334,0.929317,-1,-1,-1
129,20,779.285,445.457,47.147,141.280,0.694246,-1,-1,-1
129,79,526.385,448.339,34.764,82.310,0.619558,-1,-1,-1
129,82,819.106,440.539,90.218,247.781,0.759839,-1,-1,-1
129,89,909.581,465.169,55.616,124.031,0.607628,-1,-1,-1
129,90,424.578,454.924,54.270,108.252,0.667797,-1,-1,-1
129,97,520.976,442.742,135.607,265.345,0.637015,-1,-1,-1
129,99,943.338,433.208,45.447,111.733,0.705738,-1,-1,-1
130,1,829.222,447.277,76.487,169.682,0.749190,-1,-1,-1
130,2,783.542,459.607,111.247,248.880,0.902954,-1,-1,-1
130,3,490.291,456.205,42.183,109.080,0.762642,-1,-1,-1
130,4,1220.107,455.076,46.281,102.781,0.849921,-1,-1,-1
130,5,1065.809,462.586,66.374,133.832,0.710422,-1,-1,-1
130,13,671.704,431.095,120.897,333.573,0.922867,-1,-1,-1
130,14,526.764,437.068,196.979,405.448,0.921522,-1,-1,-1
130,20,779.223,444.747,49.492,145.469,0.604161,-1,-1,-1
130,89,909.609,467.633,53.826,121.061,0.652882,-1,-1,-1
130,97,520.105,440.054,147.191,290.167,0.620824,-1,-1,-1
130,99,945.380,435.699,43.284,106.821,0.689011,-1,-1,-1
131,1,832.291,442.648,76.549,175.203,0.752439,-1,-1,-1
131,2,785.080,452.153,112.628,256.333,0.905335,-1,-1,-1
131,3,491.474,450.975,43.166,112.488,0.665779,-1,-1,-1
131,4,1219.929,459.399,46.599,97.885,0.839561,-1,-1,-1
131,5,1070.283,460.996,66.532,136.819,0.683170,-1,-1,-1
131,13,671.679,431.188,123.230,336.351,0.927200,-1,-1,-1
131,14,529.223,435.457,194.567,407.757,0.921022,-1,-1,-1
131,20,776.708,443.218,51.164,147.398,0.608442,-1,-1,-1
131,97,521.198,440.408,144.576,292.663,0.727772,-1,-1,-1
131,99,945.588,434.165,44.433,109.285,0.669403,-1,-1,-1
132,1,829.041,442.304,82.306,194.174,0.647941,-1,-1,-1
132,2,787.882,450.062,115.221,258.134,0.911949,-1,-1,-1
132,4,1218.752,455.934,49.094,100.922,0.837709,-1,-1,-1
132,5,1068.709,460.211,67.632,137.730,0.693148,-1,-1,-1
132,13,675.146,430.572,119.612,334.874,0.920660,-1,-1,-1
132,14,545.959,431.485,182.406,409.511,0.911833,-1,-1,-1
132,20,781.079,444.424,46.487,130.177,0.679935,-1,-1,-1
132,97,523.064,438.224,148.847,305.692,0.796964,-1,-1,-1
132,99,946.102,434.225,43.425,107.871,0.716001,-1,-1,-1
133,1,838.547,441.561,65.086,155.673,0.678407,-1,-1,-1
133,2,788.947,455.483,110.798,253.614,0.916911,-1,-1,-1
133,3,492.595,455.436,42.594,109.516,0.686717,-1,-1,-1
133,4,1215.659,451.951,49.824,105.336,0.811496,-1,-1,-1
133,5,1070.766,461.951,65.997,135.310,0.616033,-1,-1,-1
133,13,679.202,430.916,118.069,336.008,0.919088,-1,-1,-1
133,14,542.810,432.735,184.412,406.524,0.911353,-1,-1,-1
133,20,782.504,446.825,43.273,118.916,0.702852,-1,-1,-1
133,90,449.409,444.554,51.502,113.454,0.684694,-1,-1,-1
133,97,521.664,439.606,147.603,307.505,0.751743,-1,-1,-1
133,99,945.279,432.101,43.492,111.149,0.672654,-1,-1,-1
134,2,788.830,455.570,110.881,254.299,0.916954,-1,-1,-1
134,3,491.148,451.977,43.854,114.097,0.696404,-1,-1,-1
134,4,1215.060,449.803,48.297,105.996,0.804881,-1,-1,-1
134,13,683.801,431.226,112.976,333.520,0.917090,-1,-1,-1
134,14,541.549,432.716,184.264,410.750,0.910782,-1,-1,-1
134,20,780.878,449.086,38.489,104.466,0.609090,-1,-1,-1
134,82,831.053,442.309,82.187,235.546,0.651706,-1,-1,-1
134,85,422.540,461.717,46.158,100.671,0.684492,-1,-1,-1
134,88,790.327,448.076,40.269,96.441,0.679964,-1,-1,-1
134,90,453.167,445.819,44.610,106.947,0.752948,-1,-1,-1
134,97,518.077,440.307,150.270,315.594,0.678932,-1,-1,-1
134,99,947.334,434.468,41.885,105.434,0.724171,-1,-1,-1
135,2,786.574,450.711,115.338,256.466,0.902824,-1,-1,-1
135,3,486.533,450.715,46.647,118.661,0.740303,-1,-1,-1
135,4,1212.943,447.549,45.726,107.453,0.779007,-1,-1,-1
135,5,1080.016,449.942,61.685,133.825,0.631657,-1,-1,-1
135,13,681.479,431.487,113.993,330.996,0.921257,-1,-1,-1
135,14,528.391,437.115,195.613,406.868,0.924273,-1,-1,-1
135,20,787.263,447.669,42.241,112.074,0.633220,-1,-1,-1
135,82,836.702,436.039,78.071,235.824,0.762646,-1,-1,-1
135,85,421.572,462.756,48.885,100.470,0.770996,-1,-1,-1
135,90,450.052,445.720,44.515,111.408,0.768360,-1,-1,-1
135,99,947.391,433.206,44.624,112.296,0.747187,-1,-1,-1
136,2,791.678,453.698,109.325,256.693,0.912791,-1,-1,-1
136,3,489.038,453.014,46.590,116.990,0.786351,-1,-1,-1
136,4,1212.155,434.723,46.976,121.515,0.850328,-1,-1,-1
136,5,1084.049,448.218,58.713,134.439,0.650923,-1,-1,-1
136,13,684.552,431.778,116.262,332.483,0.923550,-1,-1,-1
136,14,534.184,428.315,197.229,419.419,0.916353,-1,-1,-1
136,79,525.029,451.644,31.692,73.488,0.649820,-1,-1,-1
136,82,834.183,434.494,79.665,238.135,0.759825,-1,-1,-1
136,85,418.476,459.557,49.840,103.795,0.721739,-1,-1,-1
136,90,453.203,445.906,43.486,111.691,0.788567,-1,-1,-1
136,97,517.435,440.231,151.545,319.891,0.619779,-1,-1,-1
136,99,948.014,434.335,44.520,112.145,0.739715,-1,-1,-1
137,2,794.626,454.126,106.651,253.994,0.908656,-1,-1,-1
137,3,487.159,453.812,47.752,117.208,0.771577,-1,-1,-1
137,4,1212.729,439.348,43.384,115.672,0.844998,-1,-1,-1
137,5,1073.674,457.951,60.496,136.534,0.715945,-1,-1,-1
137,13,685.624,430.695,117.901,328.161,0.926668,-1,-1,-1
137,14,519.380,429.012,207.389,418.316,0.928769,-1,-1,-1
137,79,522.942,450.363,31.890,74.515,0.642855,-1,-1,-1
137,82,837.363,441.765,78.104,232.027,0.648097,-1,-1,-1
137,85,418.194,461.903,48.250,100.358,0.601492,-1,-1,-1
137,90,454.415,448.357,40.730,105.579,0.778957,-1,-1,-1
137,99,948.008,437.414,43.544,108.032,0.703964,-1,-1,-1
138,2,799.700,451.081,104.548,257.765,0.910101,-1,-1,-1
138,3,489.751,451.646,44.102,110.045,0.709403,-1,-1,-1
138,4,1214.081,446.744,39.538,107.399,0.787576,-1,-1,-1
138,13,686.471,429.833,119.009,332.119,0.924914,-1,-1,-1
138,14,524.194,426.946,205.679,424.996,0.924464,-1,-1,-1
138,85,418.558,463.869,47.178,98.390,0.620117,-1,-1,-1
138,89,944.038,434.343,53.840,132.902,0.694862,-1,-1,-1
138,90,455.064,449.879,40.429,105.257,0.685707,-1,-1,-1
139,2,804.390,452.092,103.316,258.311,0.916866,-1,-1,-1
139,4,1213.994,446.696,38.946,108.088,0.834136,-1,-1,-1
139,13,687.302,431.033,121.144,334.300,0.923694,-1,-1,-1
139,14,524.174,432.532,209.445,431.288,0.919296,-1,-1,-1
139,90,454.045,447.024,40.148,105.759,0.651418,-1,-1,-1
139,99,949.471,435.845,44.962,112.589,0.671807,-1,-1,-1
140,2,807.729,450.294,97.818,260.934,0.905108,-1,-1,-1
140,3,488.186,454.827,44.767,113.612,0.628067,-1,-1,-1
140,4,1211.364,443.887,40.555,111.629,0.873812,-1,-1,-1
140,5,1074.091,465.806,58.076,130.492,0.617562,-1,-1,-1
140,13,688.741,430.891,119.657,335.377,0.924978,-1,-1,-1
140,14,517.229,431.763,209.918,431.799,0.934065,-1,-1,-1
140,90,456.985,452.549,35.734,95.318,0.616495,-1,-1,-1
140,99,950.478,438.532,41.609,101.945,0.658197,-1,-1,-1
141,2,813.806,447.182,110.876,269.201,0.905042,-1,-1,-1
141,4,1209.813,444.249,40.028,110.597,0.876364,-1,-1,-1
141,13,690.633,429.995,123.369,338.835,0.923082,-1,-1,-1
141,14,521.479,430.046,211.934,431.144,0.931826,-1,-1,-1
142,2,811.064,446.490,112.048,271.247,0.899588,-1,-1,-1
142,3,490.639,454.855,45.049,112.971,0.636113,-1,-1,-1
142,4,1209.076,441.999,39.688,111.871,0.865412,-1,-1,-1
142,13,688.358,430.994,128.191,337.491,0.924044,-1,-1,-1
142,14,522.096,432.210,209.932,431.746,0.934728,-1,-1,-1
142,99,951.794,441.272,39.676,97.457,0.615808,-1,-1,-1
143,1,867.988,439.122,70.575,157.952,0.616202,-1,-1,-1
143,2,811.061,444.702,111.958,273.307,0.892863,-1,-1,-1
143,4,1209.484,441.884,38.321,112.167,0.799590,-1,-1,-1
143,5,1084.583,444.674,56.964,135.709,0.631462,-1,-1,-1
143,13,689.479,432.493,131.936,336.099,0.928783,-1,-1,-1
143,14,521.732,432.837,207.348,430.512,0.935580,-1,-1,-1
144,2,812.743,443.910,106.933,275.298,0.884725,-1,-1,-1
144,3,496.608,450.417,44.263,117.163,0.729661,-1,-1,-1
144,4,1208.296,446.035,36.537,106.680,0.792531,-1,-1,-1
144,13,690.570,432.331,138.109,337.337,0.934436,-1,-1,-1
144,14,523.007,429.519,206.758,442.571,0.943497,-1,-1,-1
144,82,865.760,433.159,88.181,244.613,0.745740,-1,-1,-1
144,90,468.398,454.232,41.986,112.989,0.602372,-1,-1,-1
145,2,816.194,448.638,100.277,271.543,0.855882,-1,-1,-1
145,3,495.647,449.865,43.304,115.443,0.687622,-1,-1,-1
145,4,1207.847,446.448,37.051,106.118,0.811473,-1,-1,-1
145,13,692.842,432.868,139.476,338.577,0.930441,-1,-1,-1
145,14,523.534,422.351,206.110,459.506,0.941016,-1,-1,-1
145,20,788.162,450.466,45.617,122.102,0.657839,-1,-1,-1
145,82,868.083,430.591,88.154,246.059,0.712294,-1,-1,-1
145,90,477.443,449.745,49.096,124.462,0.627881,-1,-1,-1
146,2,818.198,445.225,98.014,274.906,0.887126,-1,-1,-1
146,3,480.955,450.241,56.547,121.612,0.835653,-1,-1,-1
146,4,1207.469,447.658,36.861,104.271,0.799653,-1,-1,-1
146,5,1079.240,455.567,56.183,138.653,0.693449,-1,-1,-1
146,13,693.033,434.294,140.008,338.065,0.929318,-1,-1,-1
146,14,523.868,430.417,204.058,453.149,0.937107,-1,-1,-1
146,20,784.260,446.882,51.312,138.187,0.670081,-1,-1,-1
146,73,1050.639,458.985,47.398,128.305,0.603279,-1,-1,-1
146,82,870.428,439.888,90.704,242.861,0.845833,-1,-1,-1
147,2,820.524,454.896,90.354,263.639,0.893072,-1,-1,-1
147,3,474.929,449.400,57.269,122.202,0.682638,-1,-1,-1
147,4,1203.835,448.506,35.264,97.681,0.804327,-1,-1,-1
147,5,1074.920,460.181,57.183,137.000,0.705290,-1,-1,-1
147,13,698.298,435.566,139.339,339.257,0.931485,-1,-1,-1
147,14,521.561,431.297,208.627,458.095,0.944141,-1,-1,-1
147,20,778.927,445.589,57.414,149.201,0.684429,-1,-1,-1
147,73,1050.799,456.514,48.183,132.034,0.615175,-1,-1,-1
147,82,878.303,440.079,92.154,249.379,0.855535,-1,-1,-1
147,87,932.935,459.460,37.834,100.874,0.641162,-1,-1,-1
147,89,962.527,444.098,55.619,139.539,0.655069,-1,-1,-1
147,90,495.765,449.689,43.998,112.564,0.748846,-1,-1,-1
147,103,1125.458,456.574,31.533,82.894,0.673342,-1,-1,-1
148,2,821.143,452.292,94.036,267.304,0.908654,-1,-1,-1
148,3,471.372,447.637,60.153,127.504,0.750115,-1,-1,-1
148,4,1203.401,446.313,35.501,99.113,0.791402,-1,-1,-1
148,5,1076.892,462.973,56.807,135.134,0.720157,-1,-1,-1
148,13,699.621,435.292,142.124,339.830,0.937144,-1,-1,-1
148,14,512.914,430.871,212.040,459.336,0.944812,-1,-1,-1
148,20,787.605,446.250,48.686,124.157,0.706437,-1,-1,-1
148,73,1052.412,458.769,45.791,128.427,0.618388,-1,-1,-1
148,79,549.862,449.720,32.425,70.504,0.610328,-1,-1,-1
148,82,879.100,445.300,88.546,236.403,0.883825,-1,-1,-1
148,87,933.452,461.713,38.478,107.660,0.738307,-1,-1,-1
148,90,493.515,446.801,48.850,117.840,0.833559,-1,-1,-1
148,103,1128.674,457.980,32.325,84.187,0.712516,-1,-1,-1
148,104,1089.153,453.789,37.418,104.063,0.631287,-1,-1,-1
149,2,823.747,455.508,90.872,268.951,0.909271,-1,-1,-1
149,3,467.267,449.289,57.962,126.057,0.651292,-1,-1,-1
149,4,1201.274,446.036,35.901,99.475,0.800452,-1,-1,-1
149,5,1078.292,464.124,55.304,132.104,0.698422,-1,-1,-1
149,13,702.985,435.052,141.683,338.626,0.935395,-1,-1,-1
149,14,509.188,429.005,217.436,462.730,0.942586,-1,-1,-1
149,20,789.668,452.785,47.689,121.062,0.688861,-1,-1,-1
149,73,1053.523,461.607,43.651,124.990,0.645208,-1,-1,-1
149,79,549.026,449.468,34.777,76.753,0.622902,-1,-1,-1
149,82,879.830,445.498,87.600,233.924,0.871721,-1,-1,-1
149,87,935.135,460.208,37.064,104.625,0.630343,-1,-1,-1
149,89,962.453,445.969,53.793,137.339,0.601870,-1,-1,-1
149,90,497.765,446.820,45.716,114.369,0.848999,-1,-1,-1
149,103,1128.042,461.421,31.583,81.668,0.729125,-1,-1,-1
149,104,1089.579,456.840,37.174,102.050,0.642374,-1,-1,-1
150,2,825.935,453.456,91.832,273.534,0.914258,-1,-1,-1
150,3,466.226,448.645,57.166,126.758,0.652692,-1,-1,-1
150,4,1197.246,441.239,38.291,104.010,0.777496,-1,-1,-1
150,5,1074.083,461.561,58.333,137.598,0.646410,-1,-1,-1
150,13,704.818,432.611,139.786,345.223,0.930152,-1,-1,-1
150,14,506.515,421.510,221.029,470.148,0.944374,-1,-1,-1
150,20,791.447,457.027,44.021,108.970,0.739333,-1,-1,-1
150,79,546.886,447.989,36.015,80.413,0.650788,-1,-1,-1
150,82,885.771,443.771,84.576,233.876,0.874988,-1,-1,-1
150,90,499.176,447.205,45.539,116.047,0.861100,-1,-1,-1
150,103,1127.609,463.911,31.456,78.397,0.747098,-1,-1,-1
150,104,1086.074,457.016,37.170,100.055,0.628189,-1,-1,-1
151,2,825.387,451.533,97.077,276.279,0.915989,-1,-1,-1
151,3,467.179,453.062,51.828,120.605,0.786946,-1,-1,-1
151,4,1193.856,438.369,40.127,105.710,0.851474,-1,-1,-1
151,5,1072.740,448.036,62.329,150.572,0.748381,-1,-1,-1
151,13,711.249,433.276,134.876,344.348,0.929667,-1,-1,-1
151,14,502.707,435.757,223.378,457.457,0.938126,-1,-1,-1
151,73,1052.327,449.170,45.878,135.870,0.665120,-1,-1,-1
151,82,880.508,434.773,90.257,248.213,0.881348,-1,-1,-1
151,87,935.538,449.810,40.691,117.654,0.627255,-1,-1,-1
151,90,498.015,447.635,45.602,116.804,0.855338,-1,-1,-1
151,95,781.217,451.882,54.856,148.107,0.746953,-1,-1,-1
151,103,1127.789,463.023,32.729,80.144,0.776891,-1,-1,-1
151,104,1086.903,451.297,39.639,106.279,0.639815,-1,-1,-1
152,2,830.240,458.016,102.964,261.693,0.923104,-1,-1,-1
152,3,466.320,454.205,49.502,117.460,0.666399,-1,-1,-1
152,4,1193.269,438.069,40.015,107.712,0.863397,-1,-1,-1
152,5,1071.712,449.440,61.859,149.521,0.722376,-1,-1,-1
152,13,708.215,430.682,134.291,344.483,0.928468,-1,-1,-1
152,14,496.133,431.482,235.477,461.899,0.928115,-1,-1,-1
152,82,882.941,439.205,87.885,238.226,0.864992,-1,-1,-1
152,90,495.939,447.594,44.906,114.531,0.831868,-1,-1,-1
152,95,777.879,450.077,58.361,156.425,0.643009,-1,-1,-1
152,103,1127.340,461.667,33.770,81.302,0.772274,-1,-1,-1
152,104,1084.834,453.448,39.379,104.471,0.652756,-1,-1,-1
153,1,892.371,442.203,79.264,155.784,0.685948,-1,-1,-1
153,2,828.763,455.080,112.353,266.233,0.921583,-1,-1,-1
153,3,468.053,450.262,50.544,121.418,0.713545,-1,-1,-1
153,4,1192.504,436.562,39.573,108.661,0.857024,-1,-1,-1
153,5,1080.712,441.822,53.398,130.349,0.717296,-1,-1,-1
153,13,714.039,430.420,132.017,344.443,0.933135,-1,-1,-1
153,14,490.454,424.251,240.171,470.911,0.930548,-1,-1,-1
153,73,1052.330,446.606,44.355,134.154,0.650927,-1,-1,-1
153,82,882.028,433.820,89.763,247.776,0.836827,-1,-1,-1
153,90,496.652,447.206,44.547,115.062,0.821628,-1,-1,-1
153,103,1128.765,462.378,33.120,79.701,0.762387,-1,-1,-1
153,107,1137.509,459.566,29.378,77.654,0.646107,-1,-1,-1
154,2,827.527,450.172,113.503,272.215,0.917285,-1,-1,-1
154,3,467.488,453.040,47.894,117.561,0.759666,-1,-1,-1
154,4,1193.008,438.935,38.130,106.082,0.861208,-1,-1,-1
154,5,1071.291,441.648,62.362,153.276,0.625147,-1,-1,-1
154,13,717.307,430.220,129.606,344.582,0.936413,-1,-1,-1
154,14,483.442,417.046,242.852,478.163,0.932682,-1,-1,-1
154,73,1052.140,449.993,42.731,129.229,0.621455,-1,-1,-1
154,82,887.246,433.149,87.693,248.253,0.867727,-1,-1,-1
154,85,477.102,453.707,53.604,114.312,0.652255,-1,-1,-1
154,90,496.708,447.012,44.406,114.994,0.796488,-1,-1,-1
154,97,601.183,428.204,145.222,376.352,0.611479,-1,-1,-1
154,103,1127.609,458.692,34.565,83.162,0.753392,-1,-1,-1
154,104,1084.984,451.739,36.963,95.386,0.619301,-1,-1,-1
154,107,1138.923,457.084,30.256,81.449,0.669693,-1,-1,-1
155,2,827.381,448.324,113.428,281.123,0.896252,-1,-1,-1
155,3,463.592,450.729,47.757,120.817,0.743246,-1,-1,-1
155,4,1192.303,440.288,37.771,104.301,0.844069,-1,-1,-1
155,5,1067.955,446.242,62.204,150.621,0.621036,-1,-1,-1
155,13,718.589,432.708,130.294,339.812,0.931682,-1,-1,-1
155,14,477.202,418.411,249.722,477.722,0.940968,-1,-1,-1
155,82,886.492,432.231,86.851,245.875,0.868534,-1,-1,-1
155,90,494.982,444.697,45.649,115.433,0.789457,-1,-1,-1
155,97,610.576,429.665,132.519,364.436,0.733924,-1,-1,-1
155,103,1129.675,459.183,34.212,83.366,0.749406,-1,-1,-1
155,104,1083.635,451.603,39.478,101.236,0.633847,-1,-1,-1
156,2,828.814,449.190,107.629,281.014,0.908497,-1,-1,-1
156,4,1191.324,438.464,38.497,107.134,0.864246,-1,-1,-1
156,5,1063.664,453.969,56.682,136.417,0.601996,-1,-1,-1
156,13,722.945,427.726,133.434,347.944,0.939452,-1,-1,-1
156,14,470.780,424.510,247.865,473.042,0.931992,-1,-1,-1
156,82,890.130,429.434,86.600,252.740,0.885043,-1,-1,-1
156,90,494.663,445.227,44.952,113.354,0.744150,-1,-1,-1
156,97,639.279,440.252,111.471,348.402,0.839036,-1,-1,-1
156,103,1129.413,455.375,35.115,87.194,0.695025,-1,-1,-1
157,2,829.871,444.045,105.166,292.328,0.908921,-1,-1,-1
157,3,463.123,450.351,46.548,121.079,0.729503,-1,-1,-1
157,4,1190.353,439.484,37.630,107.029,0.764859,-1,-1,-1
157,13,723.076,428.058,143.536,348.531,0.944463,-1,-1,-1
157,14,469.246,426.342,251.092,470.188,0.937019,-1,-1,-1
157,82,896.143,430.347,87.862,259.227,0.862419,-1,-1,-1
157,90,495.397,445.739,44.088,111.516,0.760851,-1,-1,-1
157,97,627.735,434.839,113.892,351.449,0.844820,-1,-1,-1
158,2,836.837,448.105,102.496,278.783,0.901184,-1,-1,-1
158,3,463.488,447.829,45.391,123.120,0.781055,-1,-1,-1
158,4,1190.157,439.498,35.285,106.218,0.822204,-1,-1,-1
158,5,1068.664,442.442,62.469,151.813,0.601807,-1,-1,-1
158,13,722.758,429.055,140.241,345.753,0.937371,-1,-1,-1
158,14,465.641,425.214,256.691,471.700,0.932912,-1,-1,-1
158,73,1052.244,454.201,44.220,132.355,0.607608,-1,-1,-1
158,82,897.833,430.555,89.223,260.343,0.877308,-1,-1,-1
158,85,481.505,450.116,55.653,122.028,0.654781,-1,-1,-1
158,90,496.726,446.422,43.398,109.597,0.737231,-1,-1,-1
158,97,623.612,434.852,118.690,352.625,0.838548,-1,-1,-1
158,103,1130.649,436.507,41.779,108.658,0.708872,-1,-1,-1
159,2,837.365,448.444,106.761,289.175,0.905161,-1,-1,-1
159,3,463.820,446.071,45.065,123.809,0.764379,-1,-1,-1
159,4,1190.230,440.466,33.776,104.608,0.801657,-1,-1,-1
159,13,724.871,429.408,140.182,349.133,0.945730,-1,-1,-1
159,14,462.811,427.311,256.996,468.667,0.935758,-1,-1,-1
159,82,901.427,433.423,88.100,253.396,0.800528,-1,-1,-1
159,90,496.029,444.880,45.383,112.216,0.769401,-1,-1,-1
159,97,640.723,432.366,112.757,361.345,0.856658,-1,-1,-1
159,103,1135.058,435.159,39.389,105.619,0.811910,-1,-1,-1
160,2,840.035,454.966,101.069,273.887,0.925047,-1,-1,-1
160,3,463.697,449.876,45.353,122.848,0.765292,-1,-1,-1
160,4,1190.064,440.971,32.846,104.666,0.812625,-1,-1,-1
160,13,728.688,429.739,135.499,346.759,0.944529,-1,-1,-1
160,14,464.346,432.379,254.029,461.007,0.930465,-1,-1,-1
160,82,894.732,439.872,91.889,248.130,0.792596,-1,-1,-1
160,90,497.717,447.569,44.776,109.450,0.663915,-1,-1,-1
160,97,637.504,434.282,116.993,361.505,0.854128,-1,-1,-1
160,103,1135.047,433.164,41.624,110.346,0.782938,-1,-1,-1
160,109,1847.329,391.421,64.360,243.762,0.686045,-1,-1,-1
161,2,844.020,453.520,97.404,274.806,0.922589,-1,-1,-1
161,3,465.481,453.097,41.978,112.169,0.765261,-1,-1,-1
161,4,1188.243,443.258,32.684,104.274,0.774465,-1,-1,-1
161,13,733.353,426.588,130.833,346.103,0.945985,-1,-1,-1
161,14,461.746,425.196,250.542,462.155,0.927673,-1,-1,-1
161,82,904.549,444.344,93.216,251.574,0.665955,-1,-1,-1
161,90,497.955,447.308,44.826,109.173,0.667225,-1,-1,-1
161,97,642.315,434.508,115.678,360.240,0.871562,-1,-1,-1
161,103,1134.842,432.653,41.128,108.835,0.740037,-1,-1,-1
161,109,1853.711,388.654,68.779,266.300,0.613041,-1,-1,-1
162,2,845.167,449.681,96.279,279.955,0.923723,-1,-1,-1
162,3,464.032,451.149,45.093,120.734,0.776867,-1,-1,-1
162,4,1188.195,446.964,32.732,100.801,0.792250,-1,-1,-1
162,13,736.329,428.343,129.013,347.696,0.940886,-1,-1,-1
162,14,466.141,429.081,249.506,461.563,0.928978,-1,-1,-1
162,82,909.016,442.311,98.493,260.654,0.868979,-1,-1,-1
162,90,500.623,445.116,44.149,108.103,0.639956,-1,-1,-1
162,97,645.755,436.724,112.470,358.371,0.880310,-1,-1,-1
162,103,1137.212,435.469,38.990,103.100,0.819219,-1,-1,-1
162,109,1852.601,388.249,68.450,267.481,0.681680,-1,-1,-1
163,2,845.041,446.038,100.317,285.027,0.921771,-1,-1,-1
163,3,463.864,453.465,44.975,118.306,0.750364,-1,-1,-1
163,4,1186.210,443.919,34.989,105.076,0.837744,-1,-1,-1
163,13,741.693,425.576,124.190,349.646,0.947277,-1,-1,-1
163,14,471.354,432.037,248.179,463.840,0.927444,-1,-1,-1
163,82,913.585,442.435,90.874,249.853,0.886279,-1,-1,-1
163,97,642.760,436.941,110.805,363.528,0.878249,-1,-1,-1
163,103,1138.940,435.881,38.876,102.645,0.806845,-1,-1,-1
163,109,1854.873,390.028,66.432,262.356,0.633637,-1,-1,-1
164,2,844.828,445.838,101.936,285.146,0.923557,-1,-1,-1
164,3,464.045,457.381,44.738,114.304,0.777273,-1,-1,-1
164,4,1185.407,443.215,35.127,103.382,0.816413,-1,-1,-1
164,13,745.109,426.575,119.840,348.327,0.938154,-1,-1,-1
164,14,472.498,428.833,249.976,470.199,0.937440,-1,-1,-1
164,82,916.026,442.406,88.462,249.744,0.887434,-1,-1,-1
164,97,648.561,437.985,108.332,363.108,0.842123,-1,-1,-1
164,103,1139.591,435.863,40.278,103.377,0.835767,-1,-1,-1
165,2,847.601,444.217,105.060,289.824,0.909018,-1,-1,-1
165,3,465.569,464.026,43.750,107.613,0.786404,-1,-1,-1
165,4,1184.141,448.814,34.717,99.078,0.776327,-1,-1,-1
165,13,746.237,428.322,121.678,348.700,0.936651,-1,-1,-1
165,14,479.143,428.870,244.413,473.142,0.932547,-1,-1,-1
165,82,914.160,445.585,90.612,251.925,0.878329,-1,-1,-1
165,97,646.906,437.481,109.416,364.443,0.880076,-1,-1,-1
165,103,1139.483,439.890,38.513,101.288,0.783508,-1,-1,-1
166,2,853.234,448.933,109.831,285.619,0.925098,-1,-1,-1
166,3,466.649,462.613,43.665,104.634,0.738772,-1,-1,-1
166,4,1180.280,445.089,36.541,101.282,0.782963,-1,-1,-1
166,13,746.733,429.804,125.623,352.517,0.932876,-1,-1,-1
166,14,491.119,432.349,238.219,477.551,0.918109,-1,-1,-1
166,82,921.848,437.760,89.767,260.364,0.902967,-1,-1,-1
166,97,643.357,441.219,112.752,366.663,0.826731,-1,-1,-1
166,103,1140.623,439.136,38.348,102.879,0.722567,-1,-1,-1
167,2,853.027,447.705,118.482,296.490,0.932790,-1,-1,-1
167,3,466.988,464.901,45.330,103.017,0.745244,-1,-1,-1
167,4,1179.523,445.845,37.240,101.235,0.820813,-1,-1,-1
167,13,747.850,428.695,126.484,357.254,0.931522,-1,-1,-1
167,14,485.781,426.186,249.234,477.457,0.933309,-1,-1,-1
167,82,924.042,429.500,91.057,275.482,0.901836,-1,-1,-1
167,97,645.867,436.960,116.618,370.980,0.814053,-1,-1,-1
167,103,1143.712,440.254,37.309,101.905,0.757985,-1,-1,-1
168,2,856.165,446.065,122.351,297.743,0.932874,-1,-1,-1
168,3,468.319,467.682,45.965,104.966,0.785394,-1,-1,-1
168,4,1179.073,450.325,35.759,95.421,0.701736,-1,-1,-1
168,13,749.802,429.894,128.867,362.094,0.929524,-1,-1,-1
168,14,486.165,423.458,255.055,482.309,0.939436,-1,-1,-1
168,82,924.991,429.698,93.443,271.680,0.900949,-1,-1,-1
168,85,490.540,467.244,38.960,88.174,0.617369,-1,-1,-1
168,97,646.852,435.843,116.806,368.721,0.819948,-1,-1,-1
168,103,1145.666,441.728,37.525,100.864,0.799404,-1,-1,-1
169,2,858.096,447.034,129.016,289.634,0.930458,-1,-1,-1
169,3,467.984,463.387,47.106,109.507,0.778604,-1,-1,-1
169,4,1175.345,438.760,40.953,107.724,0.702107,-1,-1,-1
169,13,749.805,431.523,128.559,362.256,0.931097,-1,-1,-1
169,14,488.025,417.994,262.993,484.519,0.943497,-1,-1,-1
169,82,925.590,430.184,95.224,264.706,0.891962,-1,-1,-1
169,85,493.573,463.241,40.363,92.439,0.689252,-1,-1,-1
169,97,643.687,434.304,118.508,360.650,0.743319,-1,-1,-1
169,103,1145.273,434.154,40.355,108.348,0.795531,-1,-1,-1
170,2,858.508,445.266,130.748,289.693,0.933013,-1,-1,-1
170,3,467.703,465.492,44.457,106.541,0.820737,-1,-1,-1
170,4,1171.665,447.569,37.249,94.947,0.697205,-1,-1,-1
170,13,750.362,430.544,129.112,357.531,0.938434,-1,-1,-1
170,14,489.627,430.807,264.303,470.717,0.948775,-1,-1,-1
170,82,926.942,433.514,99.163,259.655,0.900502,-1,-1,-1
170,85,500.062,465.539,38.217,88.352,0.718547,-1,-1,-1
170,103,1148.824,436.647,38.989,106.578,0.816969,-1,-1,-1
171,2,858.271,445.776,130.400,290.659,0.927414,-1,-1,-1
171,3,465.742,468.929,41.504,102.232,0.818568,-1,-1,-1
171,4,1170.979,448.114,37.326,92.319,0.659528,-1,-1,-1
171,5,1068.779,440.519,64.683,157.449,0.663463,-1,-1,-1
171,13,749.509,432.354,132.708,361.898,0.938566,-1,-1,-1
171,14,487.391,420.661,273.107,482.168,0.952915,-1,-1,-1
171,82,933.026,435.887,98.685,258.623,0.901881,-1,-1,-1
171,85,498.623,468.353,36.737,86.055,0.739091,-1,-1,-1
171,103,1148.549,437.916,39.240,104.811,0.837730,-1,-1,-1
171,107,1181.179,438.311,37.470,104.219,0.689823,-1,-1,-1
172,2,861.659,451.902,128.822,286.429,0.919022,-1,-1,-1
172,3,467.480,466.845,39.956,101.062,0.831695,-1,-1,-1
172,4,1177.491,450.884,38.551,94.957,0.709919,-1,-1,-1
172,5,1069.399,441.169,63.924,157.402,0.703777,-1,-1,-1
172,13,751.788,433.806,130.388,356.992,0.936884,-1,-1,-1
172,14,493.344,431.418,260.296,480.180,0.944056,-1,-1,-1
172,79,485.541,471.277,41.120,92.543,0.670082,-1,-1,-1
172,82,938.875,432.634,96.615,265.679,0.906367,-1,-1,-1
172,85,502.819,465.301,37.930,90.814,0.795311,-1,-1,-1
172,90,510.849,457.612,35.596,88.899,0.659508,-1,-1,-1
172,103,1148.710,444.606,37.106,98.505,0.782404,-1,-1,-1
172,104,1088.235,441.392,42.368,106.351,0.614777,-1,-1,-1
173,2,864.048,449.910,129.115,288.163,0.929497,-1,-1,-1
173,3,465.607,465.399,41.350,105.729,0.833884,-1,-1,-1
173,4,1174.213,456.098,36.135,85.405,0.717531,-1,-1,-1
173,13,752.393,433.672,129.646,352.491,0.931790,-1,-1,-1
173,14,491.385,431.162,266.234,480.831,0.943511,-1,-1,-1
173,79,475.412,466.944,43.553,101.118,0.661760,-1,-1,-1
173,82,942.876,434.840,92.857,254.283,0.908244,-1,-1,-1
173,85,500.544,461.792,39.874,95.239,0.805557,-1,-1,-1
173,103,1150.261,453.292,34.344,89.398,0.794986,-1,-1,-1
174,2,865.885,449.762,128.717,291.169,0.930184,-1,-1,-1
174,3,466.133,462.155,40.976,107.332,0.829230,-1,-1,-1
174,4,1174.830,445.546,42.018,98.417,0.708650,-1,-1,-1
174,13,753.294,435.763,129.767,355.706,0.930485,-1,-1,-1
174,14,489.879,431.989,273.668,473.294,0.944236,-1,-1,-1
174,79,486.528,464.138,43.172,99.195,0.660180,-1,-1,-1
174,82,946.293,433.541,96.469,257.224,0.902754,-1,-1,-1
174,85,498.696,459.427,42.927,98.670,0.807469,-1,-1,-1
174,103,1148.542,442.094,38.237,100.972,0.811898,-1,-1,-1
174,104,1090.583,441.055,39.737,99.991,0.608381,-1,-1,-1
175,2,869.510,447.693,123.480,290.697,0.918183,-1,-1,-1
175,3,465.022,460.444,41.847,107.611,0.832182,-1,-1,-1
175,4,1172.604,449.381,42.104,96.298,0.772137,-1,-1,-1
175,5,1082.207,444.432,52.058,138.042,0.678298,-1,-1,-1
175,13,757.126,435.434,131.840,360.342,0.931402,-1,-1,-1
175,14,496.975,432.151,271.643,478.793,0.940597,-1,-1,-1
175,79,481.802,463.278,46.426,103.165,0.613648,-1,-1,-1
175,82,952.591,433.825,101.260,261.580,0.883474,-1,-1,-1
175,85,498.693,459.105,46.547,100.274,0.822611,-1,-1,-1
175,103,1150.241,447.010,36.606,96.910,0.801167,-1,-1,-1
175,109,1860.928,396.192,60.683,251.825,0.607540,-1,-1,-1
176,2,869.946,441.666,124.772,297.502,0.917139,-1,-1,-1
176,3,466.415,464.471,41.639,103.797,0.793340,-1,-1,-1
176,4,1161.523,455.346,49.896,94.751,0.835984,-1,-1,-1
176,5,1082.089,443.933,51.712,141.271,0.627866,-1,-1,-1
176,13,763.083,436.070,128.913,363.222,0.934757,-1,-1,-1
176,14,499.833,431.623,267.552,479.151,0.939827,-1,-1,-1
176,73,1047.606,453.748,50.701,137.181,0.625183,-1,-1,-1
176,82,952.655,433.188,102.994,259.688,0.868771,-1,-1,-1
176,85,499.788,460.594,46.816,98.348,0.817223,-1,-1,-1
176,89,1060.922,450.199,61.489,140.245,0.606540,-1,-1,-1
176,109,1861.676,394.658,59.554,255.046,0.662878,-1,-1,-1
177,2,874.328,451.718,129.842,289.511,0.907432,-1,-1,-1
177,3,465.053,464.472,41.267,106.724,0.815999,-1,-1,-1
177,4,1155.434,441.121,58.236,108.427,0.818655,-1,-1,-1
177,5,1082.527,447.118,50.946,142.819,0.624478,-1,-1,-1
177,13,765.274,437.417,130.257,363.762,0.929414,-1,-1,-1
177,14,506.028,432.240,266.845,478.862,0.946343,-1,-1,-1
177,82,944.670,432.114,107.772,275.032,0.829605,-1,-1,-1
177,85,499.359,460.168,46.994,99.466,0.795726,-1,-1,-1
178,2,872.639,452.319,131.401,291.852,0.899772,-1,-1,-1
178,3,464.160,464.945,42.829,108.654,0.789923,-1,-1,-1
178,4,1154.546,442.678,60.140,107.443,0.826620,-1,-1,-1
178,5,1071.088,449.974,56.391,148.074,0.659770,-1,-1,-1
178,13,767.849,436.258,133.642,365.298,0.928753,-1,-1,-1
178,14,517.836,427.159,260.662,483.854,0.937136,-1,-1,-1
178,73,1047.249,454.792,51.369,136.038,0.640688,-1,-1,-1
178,82,950.721,435.938,114.341,272.447,0.831979,-1,-1,-1
178,85,499.265,458.987,47.958,101.758,0.815140,-1,-1,-1
178,109,1862.105,392.374,59.276,260.868,0.656146,-1,-1,-1
179,2,879.590,446.711,135.724,296.581,0.911677,-1,-1,-1
179,3,462.328,465.162,44.146,110.384,0.835682,-1,-1,-1
179,4,1151.791,438.426,57.814,109.389,0.841469,-1,-1,-1
179,5,1073.891,448.435,56.805,149.684,0.613102,-1,-1,-1
179,13,767.181,433.764,136.781,367.495,0.927084,-1,-1,-1
179,14,521.076,431.894,261.125,478.780,0.939245,-1,-1,-1
179,82,955.296,430.474,112.257,277.922,0.868895,-1,-1,-1
179,85,500.111,457.436,48.153,103.110,0.808515,-1,-1,-1
179,95,570.472,459.612,38.794,88.881,0.623133,-1,-1,-1
180,2,883.888,447.116,130.709,299.708,0.921523,-1,-1,-1
180,3,462.151,464.813,44.611,110.064,0.841214,-1,-1,-1
180,4,1152.724,444.034,52.194,104.855,0.836374,-1,-1,-1
180,13,769.441,429.548,138.482,373.270,0.929875,-1,-1,-1
180,14,528.676,428.630,255.619,484.076,0.942363,-1,-1,-1
180,73,1045.922,457.551,48.966,132.455,0.604024,-1,-1,-1
180,82,959.405,430.265,107.823,277.219,0.873427,-1,-1,-1
180,85,501.751,457.827,47.505,103.734,0.835927,-1,-1,-1
180,95,568.539,459.392,45.793,107.340,0.683275,-1,-1,-1
180,109,1856.717,386.462,62.651,270.249,0.730161,-1,-1,-1
181,2,890.220,447.248,123.255,301.944,0.916271,-1,-1,-1
181,3,461.616,466.413,45.330,107.787,0.825296,-1,-1,-1
181,4,1153.335,445.345,45.395,102.138,0.876377,-1,-1,-1
181,5,1074.457,457.216,54.990,142.649,0.608024,-1,-1,-1
181,13,770.256,432.823,136.809,368.748,0.929330,-1,-1,-1
181,14,529.132,430.136,257.437,482.506,0.946562,-1,-1,-1
181,73,1046.249,464.506,46.768,126.985,0.624307,-1,-1,-1
181,79,491.284,466.851,46.879,96.119,0.661801,-1,-1,-1
181,82,964.302,439.042,101.681,269.688,0.880242,-1,-1,-1
181,85,502.139,458.034,46.937,103.807,0.834615,-1,-1,-1
181,95,569.445,459.573,57.479,125.059,0.782484,-1,-1,-1
181,109,1859.841,386.043,61.037,267.400,0.689755,-1,-1,-1
182,2,896.535,448.542,117.405,302.872,0.921262,-1,-1,-1
182,3,457.467,465.493,48.747,109.898,0.800604,-1,-1,-1
182,4,1155.314,450.853,42.633,97.369,0.886277,-1,-1,-1
182,5,1074.985,460.592,55.325,139.548,0.729913,-1,-1,-1
182,13,770.668,430.880,135.292,372.307,0.922848,-1,-1,-1
182,14,529.539,429.282,258.085,483.519,0.945849,-1,-1,-1
182,73,1046.667,471.547,44.144,120.833,0.719353,-1,-1,-1
182,82,970.657,439.757,100.799,273.087,0.882380,-1,-1,-1
182,85,501.639,458.682,46.584,102.620,0.825497,-1,-1,-1
182,89,1062.993,462.990,53.296,131.407,0.619050,-1,-1,-1
182,95,567.630,458.155,58.458,121.706,0.804446,-1,-1,-1
182,104,1092.542,449.959,41.913,114.573,0.642015,-1,-1,-1
182,109,1856.740,387.368,62.021,267.055,0.662267,-1,-1,-1
183,2,904.603,443.159,112.835,309.014,0.922124,-1,-1,-1
183,3,458.717,464.015,49.808,111.603,0.787982,-1,-1,-1
183,4,1155.129,452.507,42.390,97.780,0.856231,-1,-1,-1
183,5,1072.181,463.917,56.284,136.376,0.673332,-1,-1,-1
183,13,773.548,424.388,133.305,377.343,0.928710,-1,-1,-1
183,14,535.399,435.763,250.587,477.697,0.945942,-1,-1,-1
183,73,1047.325,469.836,45.379,123.964,0.690585,-1,-1,-1
183,82,971.057,437.734,101.755,281.937,0.877835,-1,-1,-1
183,85,500.640,455.389,48.677,106.813,0.826212,-1,-1,-1
183,89,1059.988,466.917,48.840,122.422,0.619241,-1,-1,-1
183,95,566.213,457.053,65.140,137.286,0.839193,-1,-1,-1
183,109,1855.918,388.269,62.349,264.275,0.630448,-1,-1,-1
184,2,909.704,439.178,110.397,314.262,0.922057,-1,-1,-1
184,3,456.373,462.137,51.479,113.196,0.770951,-1,-1,-1
184,4,1154.879,452.902,42.175,96.582,0.886430,-1,-1,-1
184,5,1070.671,468.661,56.916,130.897,0.705407,-1,-1,-1
184,13,775.294,426.386,137.714,374.929,0.927490,-1,-1,-1
184,14,537.526,434.486,252.607,481.229,0.940457,-1,-1,-1
184,73,1047.666,468.430,44.826,121.434,0.684987,-1,-1,-1
184,82,976.402,440.474,102.599,279.388,0.889946,-1,-1,-1
184,85,500.411,453.784,49.593,108.433,0.835048,-1,-1,-1
184,89,1061.566,467.435,46.334,117.863,0.600340,-1,-1,-1
184,95,565.004,454.700,68.255,145.850,0.813399,-1,-1,-1
184,109,1855.380,388.252,63.671,267.767,0.636620,-1,-1,-1
185,2,916.006,446.410,103.443,308.430,0.917203,-1,-1,-1
185,3,458.967,462.966,50.574,111.556,0.738993,-1,-1,-1
185,4,1154.416,452.554,43.110,98.498,0.867559,-1,-1,-1
185,5,1066.370,469.909,57.692,126.847,0.732627,-1,-1,-1
185,13,776.351,429.620,135.570,372.510,0.922031,-1,-1,-1
185,14,546.542,434.871,248.502,476.530,0.933385,-1,-1,-1
185,73,1045.584,461.046,45.605,124.102,0.609539,-1,-1,-1
185,82,978.694,440.882,101.205,274.245,0.894456,-1,-1,-1
185,85,499.748,452.445,49.663,109.136,0.844318,-1,-1,-1
185,95,564.777,454.466,68.199,150.853,0.858454,-1,-1,-1
186,2,922.003,453.733,101.735,304.104,0.906801,-1,-1,-1
186,3,457.271,463.877,52.041,110.597,0.745376,-1,-1,-1
186,4,1154.935,451.418,44.309,95.604,0.884147,-1,-1,-1
186,5,1065.155,469.539,59.524,126.413,0.720803,-1,-1,-1
186,13,776.685,430.973,136.311,369.399,0.925783,-1,-1,-1
186,14,556.838,431.263,239.957,480.307,0.938902,-1,-1,-1
186,79,490.665,463.715,49.631,98.066,0.655379,-1,-1,-1
186,82,979.634,440.371,102.357,267.232,0.889852,-1,-1,-1
186,85,501.527,451.377,48.393,110.344,0.834032,-1,-1,-1
186,95,564.545,454.660,69.414,160.360,0.877602,-1,-1,-1
187,2,923.041,444.662,100.368,307.632,0.915213,-1,-1,-1
187,3,457.198,464.311,52.481,110.015,0.697149,-1,-1,-1
187,4,1155.231,453.106,45.210,94.346,0.860455,-1,-1,-1
187,5,1057.925,461.590,60.490,130.450,0.668353,-1,-1,-1
187,13,777.035,431.348,137.198,367.610,0.928510,-1,-1,-1
187,14,560.544,421.853,241.287,490.844,0.937141,-1,-1,-1
187,79,490.246,465.363,49.976,96.037,0.638398,-1,-1,-1
187,82,986.818,440.413,97.927,265.752,0.896620,-1,-1,-1
187,85,502.731,455.381,46.056,105.963,0.832269,-1,-1,-1
187,90,547.408,448.648,29.847,70.045,0.602009,-1,-1,-1
187,95,565.740,454.240,67.467,155.000,0.880944,-1,-1,-1
188,2,927.357,447.182,102.493,303.540,0.918397,-1,-1,-1
188,3,454.424,464.739,53.703,110.137,0.745616,-1,-1,-1
188,4,1152.920,449.772,49.732,97.903,0.859148,-1,-1,-1
188,5,1064.212,461.917,64.545,138.768,0.621834,-1,-1,-1
188,13,780.916,430.533,136.533,371.604,0.931353,-1,-1,-1
188,14,568.391,430.174,236.713,489.195,0.926145,-1,-1,-1
188,82,986.643,437.898,98.661,268.568,0.892635,-1,-1,-1
188,85,502.365,459.538,45.538,102.291,0.830173,-1,-1,-1
188,95,563.595,443.363,73.253,173.742,0.883942,-1,-1,-1
188,109,1857.556,387.864,62.206,260.780,0.609485,-1,-1,-1
189,2,932.653,449.812,108.923,298.653,0.915619,-1,-1,-1
189,3,454.826,462.204,54.490,113.056,0.789482,-1,-1,-1
189,4,1151.642,448.117,50.383,99.249,0.831005,-1,-1,-1
189,13,785.101,431.396,135.884,378.185,0.931899,-1,-1,-1
189,14,562.701,429.592,245.905,503.123,0.922921,-1,-1,-1
189,82,986.010,438.539,102.218,273.352,0.871957,-1,-1,-1
189,85,499.932,457.237,48.156,105.635,0.818907,-1,-1,-1
189,90,546.707,446.733,31.103,71.103,0.633850,-1,-1,-1
189,95,563.878,443.955,71.515,165.320,0.893323,-1,-1,-1
189,104,1098.189,439.973,35.168,95.271,0.607097,-1,-1,-1
189,109,1860.571,388.479,60.873,260.888,0.620691,-1,-1,-1
190,2,934.776,451.718,112.822,296.583,0.909589,-1,-1,-1
190,3,450.860,450.360,59.271,124.375,0.733243,-1,-1,-1
190,4,1149.915,441.982,52.742,106.028,0.810809,-1,-1,-1
190,5,1075.892,438.557,64.197,151.912,0.641324,-1,-1,-1
190,13,789.688,428.013,131.334,379.908,0.935771,-1,-1,-1
190,14,567.112,419.532,243.232,510.047,0.923362,-1,-1,-1
190,73,1056.506,438.275,42.481,116.209,0.628722,-1,-1,-1
190,82,995.014,431.105,96.880,265.696,0.867759,-1,-1,-1
190,85,499.840,452.058,49.441,109.163,0.793070,-1,-1,-1
190,90,546.251,447.396,30.579,68.623,0.640635,-1,-1,-1
190,95,561.492,441.252,73.589,169.430,0.901648,-1,-1,-1
190,104,1095.862,437.937,38.914,110.095,0.690592,-1,-1,-1
190,109,1856.382,388.397,62.510,262.256,0.673739,-1,-1,-1
191,2,935.860,454.843,123.759,294.977,0.915547,-1,-1,-1
191,3,450.229,449.860,58.861,124.615,0.706268,-1,-1,-1
191,4,1152.204,445.294,52.129,102.374,0.840799,-1,-1,-1
191,5,1068.687,453.112,60.685,144.396,0.659164,-1,-1,-1
191,13,792.883,431.149,133.660,374.033,0.940111,-1,-1,-1
191,14,571.796,428.738,241.205,515.715,0.918638,-1,-1,-1
191,82,1004.547,430.821,96.873,276.692,0.865024,-1,-1,-1
191,85,499.783,454.991,48.317,106.266,0.791326,-1,-1,-1
191,90,547.700,448.835,30.892,70.071,0.622284,-1,-1,-1
191,95,564.298,453.008,66.230,157.435,0.901829,-1,-1,-1
191,103,1146.527,448.833,37.470,97.640,0.695751,-1,-1,-1
192,2,936.475,454.774,130.621,297.077,0.924005,-1,-1,-1
192,3,453.323,453.403,56.157,120.279,0.705044,-1,-1,-1
192,4,1153.498,446.433,53.573,100.720,0.821733,-1,-1,-1
192,13,794.959,428.566,132.116,374.680,0.947190,-1,-1,-1
192,14,575.318,427.864,239.737,523.834,0.922855,-1,-1,-1
192,79,486.253,453.797,52.611,107.049,0.629810,-1,-1,-1
192,82,1008.123,439.235,110.363,277.255,0.886100,-1,-1,-1
192,85,501.846,452.819,47.312,108.344,0.823510,-1,-1,-1
192,90,548.457,449.749,31.825,73.609,0.627687,-1,-1,-1
192,95,564.192,449.067,66.892,161.451,0.911557,-1,-1,-1
192,103,1147.118,448.600,37.813,96.703,0.794567,-1,-1,-1
192,104,1099.047,441.864,36.148,104.310,0.689192,-1,-1,-1
192,109,1857.639,390.059,62.370,261.993,0.668021,-1,-1,-1
193,2,934.240,452.553,124.977,298.174,0.927581,-1,-1,-1
193,3,448.649,443.841,60.552,130.651,0.760026,-1,-1,-1
193,4,1151.619,442.443,56.815,104.500,0.848210,-1,-1,-1
193,13,795.472,430.655,131.237,371.439,0.949178,-1,-1,-1
193,14,577.084,412.724,241.530,541.203,0.925997,-1,-1,-1
193,79,484.744,446.169,50.168,111.270,0.672079,-1,-1,-1
193,82,1009.763,446.902,113.259,269.757,0.904959,-1,-1,-1
193,85,503.101,447.036,47.471,113.930,0.827737,-1,-1,-1
193,90,547.981,450.096,31.602,74.161,0.621358,-1,-1,-1
193,95,564.871,451.421,66.377,162.878,0.915354,-1,-1,-1
193,97,760.605,446.368,60.646,167.403,0.639054,-1,-1,-1
193,103,1144.905,445.366,39.440,101.681,0.733056,-1,-1,-1
193,104,1101.415,439.333,37.367,109.393,0.735358,-1,-1,-1
193,109,1856.677,389.624,62.591,260.647,0.614568,-1,-1,-1
194,2,937.058,453.747,127.598,300.650,0.932683,-1,-1,-1
194,3,444.490,442.890,61.058,133.197,0.790529,-1,-1,-1
194,4,1157.204,445.360,55.383,102.421,0.795975,-1,-1,-1
194,13,798.103,431.329,135.404,371.809,0.952345,-1,-1,-1
194,14,596.193,425.230,224.850,537.624,0.926088,-1,-1,-1
194,79,485.197,445.859,48.727,113.067,0.696696,-1,-1,-1
194,82,1008.604,438.607,118.237,277.029,0.910592,-1,-1,-1
194,85,498.685,447.874,48.852,114.060,0.814382,-1,-1,-1
194,90,547.583,449.984,32.284,76.572,0.626635,-1,-1,-1
194,95,564.587,448.428,67.928,165.160,0.917199,-1,-1,-1
194,103,1144.804,448.819,38.363,97.840,0.779466,-1,-1,-1
194,104,1100.515,439.772,36.334,106.670,0.753678,-1,-1,-1
195,2,940.136,450.119,126.694,304.642,0.926702,-1,-1,-1
195,3,447.328,445.123,59.490,129.882,0.803838,-1,-1,-1
195,4,1163.620,445.010,51.679,101.487,0.816984,-1,-1,-1
195,13,798.073,431.280,139.176,373.766,0.947693,-1,-1,-1
195,14,590.365,417.863,231.791,543.005,0.928004,-1,-1,-1
195,79,486.599,445.927,46.834,111.678,0.682781,-1,-1,-1
195,82,1013.826,442.167,113.195,266.582,0.915107,-1,-1,-1
195,85,500.544,447.659,48.209,114.303,0.813271,-1,-1,-1
195,90,549.708,450.577,31.851,75.707,0.645496,-1,-1,-1
195,95,565.613,447.770,68.145,167.250,0.915578,-1,-1,-1
195,103,1144.392,449.230,38.447,97.209,0.819292,-1,-1,-1
195,104,1098.406,440.142,37.303,107.432,0.783958,-1,-1,-1
196,2,937.782,451.482,128.022,303.590,0.920161,-1,-1,-1
196,3,445.544,446.891,59.165,129.824,0.819014,-1,-1,-1
196,4,1152.737,441.883,51.110,103.208,0.747806,-1,-1,-1
196,5,1087.359,442.217,46.174,117.418,0.627717,-1,-1,-1
196,13,796.463,430.452,152.849,378.728,0.945849,-1,-1,-1
196,14,593.153,414.789,232.188,547.231,0.928648,-1,-1,-1
196,79,485.385,448.407,44.615,109.639,0.668008,-1,-1,-1
196,82,1018.824,438.488,109.294,271.465,0.912108,-1,-1,-1
196,85,501.843,450.990,45.947,111.362,0.809796,-1,-1,-1
196,90,550.302,451.642,30.482,72.657,0.610048,-1,-1,-1
196,95,566.778,455.656,66.052,160.756,0.908923,-1,-1,-1
196,103,1144.048,444.499,39.066,101.788,0.830331,-1,-1,-1
196,104,1100.272,441.414,34.789,101.887,0.752947,-1,-1,-1
196,107,1170.482,442.260,42.854,103.321,0.812048,-1,-1,-1
196,109,1856.119,387.540,63.956,266.790,0.657606,-1,-1,-1
197,2,945.709,447.276,128.773,308.384,0.917351,-1,-1,-1
197,3,445.647,448.425,57.744,128.185,0.830221,-1,-1,-1
197,13,796.442,430.580,156.900,379.381,0.948856,-1,-1,-1
197,14,598.461,417.731,229.611,551.431,0.928754,-1,-1,-1
197,79,492.187,451.405,44.010,110.662,0.678363,-1,-1,-1
197,82,1021.983,442.023,106.951,271.363,0.907704,-1,-1,-1
197,85,507.535,449.844,43.418,111.559,0.810486,-1,-1,-1
197,90,548.016,451.528,29.797,71.661,0.642300,-1,-1,-1
197,95,568.683,453.004,66.514,160.619,0.887602,-1,-1,-1
197,103,1144.767,448.179,37.158,98.240,0.832505,-1,-1,-1
197,104,1097.519,439.196,36.409,103.549,0.712144,-1,-1,-1
197,107,1173.386,445.370,41.626,98.603,0.817343,-1,-1,-1
197,109,1855.889,387.670,63.978,266.299,0.651538,-1,-1,-1
198,2,950.939,450.370,127.333,306.625,0.920321,-1,-1,-1
198,3,445.416,446.031,56.740,130.554,0.826988,-1,-1,-1
198,13,801.598,431.018,160.510,377.239,0.942433,-1,-1,-1
198,14,600.480,415.794,230.949,545.512,0.932964,-1,-1,-1
198,79,495.413,453.301,43.349,109.543,0.661767,-1,-1,-1
198,82,1026.116,442.617,104.266,265.916,0.903067,-1,-1,-1
198,85,509.308,453.147,41.267,108.357,0.791721,-1,-1,-1
198,90,548.426,451.581,29.594,70.897,0.661353,-1,-1,-1
198,95,567.639,450.025,68.135,165.218,0.900871,-1,-1,-1
198,103,1144.411,445.531,37.514,100.371,0.832815,-1,-1,-1
198,104,1098.841,440.762,35.153,100.781,0.727780,-1,-1,-1
198,107,1174.336,445.494,41.664,99.991,0.781100,-1,-1,-1
198,109,1855.676,388.033,64.244,266.917,0.717313,-1,-1,-1
199,2,961.674,450.727,121.797,307.499,0.916992,-1,-1,-1
199,3,446.100,447.625,55.174,129.272,0.844722,-1,-1,-1
199,13,808.077,428.050,166.381,384.397,0.936993,-1,-1,-1
199,14,614.042,427.064,222.699,523.246,0.935035,-1,-1,-1
199,79,483.790,449.618,42.543,108.843,0.687179,-1,-1,-1
199,82,1028.655,439.583,102.012,261.688,0.892309,-1,-1,-1
199,85,509.083,452.992,40.998,108.584,0.802047,-1,-1,-1
199,90,550.012,450.906,28.898,68.655,0.630368,-1,-1,-1
199,95,567.997,453.819,67.715,161.876,0.896023,-1,-1,-1
199,103,1143.776,442.296,38.277,101.824,0.836052,-1,-1,-1
199,104,1100.994,435.992,37.821,105.486,0.728119,-1,-1,-1
199,107,1174.948,441.849,42.395,104.371,0.726528,-1,-1,-1
199,109,1855.746,389.641,63.688,262.885,0.659706,-1,-1,-1
200,2,967.731,449.768,117.990,317.000,0.912271,-1,-1,-1
200,3,445.838,451.301,52.551,124.267,0.836965,-1,-1,-1
200,13,810.168,427.531,168.895,385.072,0.936992,-1,-1,-1
200,14,619.166,424.620,226.395,533.038,0.937176,-1,-1,-1
200,79,483.983,448.834,42.512,108.958,0.690434,-1,-1,-1
200,82,1029.490,438.760,102.669,267.276,0.884943,-1,-1,-1
200,85,504.498,450.310,43.310,111.109,0.802914,-1,-1,-1
200,90,552.687,451.020,29.869,70.497,0.600723,-1,-1,-1
200,95,568.059,455.328,69.014,159.519,0.896927,-1,-1,-1
200,103,1142.318,439.963,39.248,104.498,0.853124,-1,-1,-1
200,104,1099.952,434.235,40.284,111.716,0.684803,-1,-1,-1
200,107,1175.217,442.317,41.939,104.087,0.803959,-1,-1,-1
200,109,1855.351,387.304,64.539,266.320,0.664492,-1,-1,-1
201,2,974.362,448.050,116.537,317.935,0.915891,-1,-1,-1
201,3,446.761,460.151,47.507,111.705,0.758793,-1,-1,-1
201,13,813.822,431.350,166.643,381.562,0.926943,-1,-1,-1
201,14,623.127,426.035,224.145,524.358,0.935416,-1,-1,-1
201,79,490.860,450.736,43.101,108.679,0.654409,-1,-1,-1
201,82,1036.278,444.307,105.619,265.967,0.870518,-1,-1,-1
201,85,504.311,450.645,44.566,111.421,0.842075,-1,-1,-1
201,89,963.637,442.946,53.305,144.852,0.621328,-1,-1,-1
201,95,567.567,453.196,73.221,162.280,0.912078,-1,-1,-1
201,103,1139.448,440.513,39.955,102.796,0.853264,-1,-1,-1
201,104,1105.161,435.362,37.719,101.306,0.709738,-1,-1,-1
201,107,1174.852,440.978,42.171,104.956,0.754536,-1,-1,-1
201,109,1850.231,387.685,65.009,246.223,0.726103,-1,-1,-1
202,2,977.273,447.572,115.446,317.136,0.912740,-1,-1,-1
202,3,447.960,462.442,40.838,94.305,0.612012,-1,-1,-1
202,13,814.527,430.953,165.303,384.102,0.931449,-1,-1,-1
202,14,626.498,420.492,229.139,533.458,0.934949,-1,-1,-1
202,79,492.682,450.520,44.311,111.793,0.637991,-1,-1,-1
202,82,1039.597,439.895,108.333,272.828,0.877851,-1,-1,-1
202,85,504.583,449.507,45.591,112.948,0.854183,-1,-1,-1
202,89,965.603,439.809,51.787,140.008,0.630234,-1,-1,-1
202,95,566.434,453.826,75.872,161.355,0.916094,-1,-1,-1
202,103,1137.143,443.735,40.789,101.563,0.849931,-1,-1,-1
202,104,1101.762,435.023,39.657,108.370,0.664477,-1,-1,-1
202,107,1174.616,443.479,41.965,102.046,0.780663,-1,-1,-1
202,109,1856.365,388.305,65.495,254.555,0.672955,-1,-1,-1
203,2,976.225,452.874,114.984,314.147,0.915776,-1,-1,-1
203,3,448.265,460.022,38.317,86.666,0.674106,-1,-1,-1
203,13,816.685,432.683,162.635,382.290,0.934525,-1,-1,-1
203,14,630.309,436.219,222.967,522.477,0.934822,-1,-1,-1
203,82,1044.670,441.997,104.291,277.983,0.870438,-1,-1,-1
203,85,504.313,448.251,46.180,114.663,0.874973,-1,-1,-1
203,95,569.456,456.333,76.573,159.570,0.911882,-1,-1,-1
203,103,1135.985,447.148,40.712,98.218,0.822470,-1,-1,-1
203,107,1178.480,444.809,41.589,100.701,0.730680,-1,-1,-1
204,2,980.896,449.255,117.049,315.924,0.917019,-1,-1,-1
204,3,444.942,454.943,48.494,111.461,0.686570,-1,-1,-1
204,13,820.155,431.833,161.908,383.309,0.946768,-1,-1,-1
204,14,631.763,421.924,225.850,528.838,0.937808,-1,-1,-1
204,79,475.668,445.694,44.605,114.619,0.728950,-1,-1,-1
204,82,1051.274,446.246,100.420,275.566,0.854073,-1,-1,-1
204,85,505.001,447.508,46.046,115.300,0.847781,-1,-1,-1
204,95,569.814,459.608,74.800,156.917,0.905283,-1,-1,-1
204,103,1134.540,453.741,39.172,93.467,0.811544,-1,-1,-1
204,107,1181.305,443.322,42.645,103.367,0.707441,-1,-1,-1
204,109,1840.367,390.937,74.147,256.249,0.745544,-1,-1,-1
205,2,985.982,444.941,119.888,321.010,0.925090,-1,-1,-1
205,3,445.187,463.357,46.866,107.770,0.753472,-1,-1,-1
205,13,822.189,426.522,162.205,388.500,0.949690,-1,-1,-1
205,14,634.849,431.942,224.635,549.966,0.927551,-1,-1,-1
205,79,473.938,453.310,42.686,109.100,0.747535,-1,-1,-1
205,82,1057.141,440.729,96.259,279.390,0.915090,-1,-1,-1
205,85,507.696,446.421,44.244,113.946,0.855971,-1,-1,-1
205,90,545.491,448.152,30.797,72.325,0.604316,-1,-1,-1
205,95,569.454,454.591,77.070,162.434,0.909847,-1,-1,-1
205,103,1132.737,445.427,41.076,100.670,0.795939,-1,-1,-1
205,107,1180.604,441.632,45.055,108.906,0.764526,-1,-1,-1
206,2,991.838,445.564,118.096,318.548,0.927019,-1,-1,-1
206,3,444.504,464.778,46.084,105.999,0.742399,-1,-1,-1
206,13,826.718,430.887,155.384,383.776,0.944662,-1,-1,-1
206,14,645.075,428.039,214.410,548.310,0.931769,-1,-1,-1
206,79,473.564,453.911,42.378,108.026,0.785709,-1,-1,-1
206,82,1054.454,432.738,98.338,290.028,0.901958,-1,-1,-1
206,85,508.360,445.466,43.737,114.724,0.864741,-1,-1,-1
206,95,572.406,461.183,74.108,155.834,0.910693,-1,-1,-1
206,103,1130.899,440.983,41.732,105.339,0.773749,-1,-1,-1
206,107,1182.239,441.918,44.743,106.589,0.816632,-1,-1,-1
207,2,999.737,443.387,119.982,320.665,0.932061,-1,-1,-1
207,3,445.563,464.843,42.415,98.047,0.740322,-1,-1,-1
207,13,824.777,434.063,161.774,381.616,0.949155,-1,-1,-1
207,14,653.129,430.569,210.835,566.556,0.927333,-1,-1,-1
207,79,476.129,454.470,41.426,105.120,0.786694,-1,-1,-1
207,82,1053.108,438.991,100.519,279.892,0.890701,-1,-1,-1
207,85,508.104,447.381,43.199,111.921,0.854282,-1,-1,-1
207,95,577.658,459.108,72.323,159.109,0.912660,-1,-1,-1
207,103,1134.457,443.874,36.904,95.254,0.724902,-1,-1,-1
207,107,1183.581,443.497,45.044,103.467,0.812333,-1,-1,-1
208,2,1002.391,441.625,129.374,323.124,0.927102,-1,-1,-1
208,3,444.989,459.275,44.473,107.042,0.652645,-1,-1,-1
208,13,829.175,433.702,160.681,381.272,0.940193,-1,-1,-1
208,14,652.544,424.990,207.882,573.328,0.926531,-1,-1,-1
208,79,475.175,450.689,42.054,108.900,0.724216,-1,-1,-1
208,82,1059.887,431.866,99.947,294.163,0.888443,-1,-1,-1
208,85,506.174,446.303,44.104,113.652,0.858806,-1,-1,-1
208,90,550.154,448.760,29.558,70.869,0.659196,-1,-1,-1
208,95,577.505,453.232,73.828,165.809,0.912823,-1,-1,-1
208,103,1134.860,442.616,35.929,95.305,0.716176,-1,-1,-1
208,107,1184.362,442.893,46.294,105.902,0.804557,-1,-1,-1
209,2,1002.747,442.454,134.850,325.755,0.933933,-1,-1,-1
209,3,451.147,449.630,33.022,79.698,0.606036,-1,-1,-1
209,13,835.704,433.581,162.031,383.154,0.936114,-1,-1,-1
209,14,657.502,425.676,202.636,565.227,0.929360,-1,-1,-1
209,79,476.524,450.725,40.946,107.573,0.773539,-1,-1,-1
209,82,1066.641,429.240,99.271,288.686,0.856150,-1,-1,-1
209,85,506.339,446.707,44.358,112.808,0.864932,-1,-1,-1
209,90,549.966,448.647,29.677,71.551,0.695458,-1,-1,-1
209,95,577.877,456.052,74.550,161.989,0.920263,-1,-1,-1
209,103,1135.227,441.859,34.877,93.217,0.692584,-1,-1,-1
209,107,1184.191,442.082,47.215,109.645,0.819927,-1,-1,-1
209,109,1853.216,386.891,71.014,260.815,0.604812,-1,-1,-1
209,125,662.586,467.553,29.609,67.837,0.642575,-1,-1,-1
210,2,1011.076,445.288,141.487,321.351,0.937101,-1,-1,-1
210,3,447.668,461.057,39.898,97.203,0.601680,-1,-1,-1
210,13,842.940,431.309,160.594,380.431,0.936216,-1,-1,-1
210,14,659.683,416.629,202.383,580.676,0.929824,-1,-1,-1
210,79,477.792,456.419,38.683,101.760,0.754987,-1,-1,-1
210,82,1063.443,427.737,107.922,324.567,0.830655,-1,-1,-1
210,85,506.324,446.576,44.404,113.157,0.864198,-1,-1,-1
210,90,548.787,448.996,29.907,71.529,0.714969,-1,-1,-1
210,95,578.232,456.587,75.107,160.383,0.921685,-1,-1,-1
210,107,1186.075,445.500,46.125,104.966,0.849942,-1,-1,-1
210,109,1855.881,385.941,67.108,263.471,0.715375,-1,-1,-1
211,2,1011.633,443.575,159.120,321.901,0.941044,-1,-1,-1
211,3,446.047,466.795,43.583,104.158,0.743609,-1,-1,-1
211,4,1136.338,439.474,37.081,85.839,0.659065,-1,-1,-1
211,13,847.785,427.731,158.230,384.198,0.940904,-1,-1,-1
211,14,664.358,411.037,207.005,582.421,0.935553,-1,-1,-1
211,79,479.761,461.356,38.141,98.631,0.721194,-1,-1,-1
211,82,1072.019,431.528,105.576,316.037,0.835031,-1,-1,-1
211,85,506.330,445.337,45.190,115.425,0.860428,-1,-1,-1
211,90,548.878,448.872,29.986,71.989,0.681387,-1,-1,-1
211,95,577.734,454.380,77.386,163.220,0.930617,-1,-1,-1
211,107,1185.949,443.110,47.312,106.563,0.855507,-1,-1,-1
211,109,1856.722,386.123,65.177,264.000,0.715359,-1,-1,-1
211,125,661.339,471.243,29.852,66.892,0.605980,-1,-1,-1
212,2,1011.803,441.676,163.378,324.482,0.929268,-1,-1,-1
212,3,446.532,461.462,44.236,107.328,0.697625,-1,-1,-1
212,13,852.994,428.366,158.113,385.996,0.939641,-1,-1,-1
212,14,666.060,410.416,205.773,579.532,0.929896,-1,-1,-1
212,79,476.988,455.794,41.202,108.898,0.751881,-1,-1,-1
212,82,1074.552,426.187,106.778,325.250,0.837465,-1,-1,-1
212,85,505.231,440.605,47.337,121.080,0.867864,-1,-1,-1
212,90,550.322,447.813,30.556,73.291,0.646445,-1,-1,-1
212,95,579.056,447.699,74.349,170.102,0.928748,-1,-1,-1
212,97,677.470,469.960,47.269,125.270,0.675204,-1,-1,-1
212,107,1190.976,449.232,42.461,98.660,0.864920,-1,-1,-1
212,109,1852.501,387.480,64.490,247.715,0.717159,-1,-1,-1
212,125,664.592,470.954,30.665,67.324,0.628045,-1,-1,-1
213,2,1014.834,452.544,162.357,316.691,0.918914,-1,-1,-1
213,13,859.104,426.447,153.899,389.956,0.932462,-1,-1,-1
213,14,667.498,406.562,209.553,592.991,0.925625,-1,-1,-1
213,79,477.414,453.789,39.842,105.619,0.700276,-1,-1,-1
213,82,1073.147,428.550,116.865,331.083,0.841155,-1,-1,-1
213,85,505.424,442.924,46.289,118.181,0.847780,-1,-1,-1
213,90,549.061,447.047,30.852,74.056,0.633009,-1,-1,-1
213,95,580.467,448.770,72.549,170.316,0.924616,-1,-1,-1
213,97,676.741,469.931,48.072,134.684,0.738264,-1,-1,-1
213,107,1190.529,440.684,45.328,106.580,0.850541,-1,-1,-1
213,109,1850.511,387.885,66.296,242.909,0.728722,-1,-1,-1
213,125,663.272,470.277,31.524,69.118,0.623138,-1,-1,-1
214,2,1012.986,450.384,155.718,319.267,0.925859,-1,-1,-1
214,13,864.504,425.870,144.585,392.683,0.933493,-1,-1,-1
214,14,668.763,409.308,215.913,592.913,0.926159,-1,-1,-1
214,73,1022.782,437.379,48.126,131.033,0.654131,-1,-1,-1
214,79,478.145,454.644,39.104,103.654,0.674992,-1,-1,-1
214,82,1076.252,429.878,114.535,325.807,0.758543,-1,-1,-1
214,85,505.548,443.239,46.613,117.249,0.829091,-1,-1,-1
214,90,548.903,447.050,30.901,74.162,0.648419,-1,-1,-1
214,95,582.383,449.801,72.094,170.148,0.923320,-1,-1,-1
214,97,678.637,471.774,45.316,127.639,0.714032,-1,-1,-1
214,107,1190.625,440.093,47.333,111.362,0.815866,-1,-1,-1
214,109,1854.084,387.181,68.936,260.311,0.651877,-1,-1,-1
214,125,665.072,471.109,31.125,67.979,0.628286,-1,-1,-1
215,2,1013.610,445.196,174.863,327.473,0.926945,-1,-1,-1
215,13,870.194,422.432,140.102,393.960,0.932909,-1,-1,-1
215,14,669.769,418.392,218.006,580.876,0.927459,-1,-1,-1
215,79,476.967,456.422,39.497,105.577,0.705488,-1,-1,-1
215,82,1081.859,427.254,120.678,329.986,0.744313,-1,-1,-1
215,85,505.467,443.819,46.492,116.887,0.843130,-1,-1,-1
215,90,550.030,445.376,31.129,74.408,0.673537,-1,-1,-1
215,95,584.081,456.037,72.040,162.029,0.915327,-1,-1,-1
215,97,681.633,469.879,44.452,123.029,0.701984,-1,-1,-1
215,107,1191.611,436.253,48.690,116.957,0.718105,-1,-1,-1
215,109,1859.392,387.974,65.120,255.498,0.628984,-1,-1,-1
215,125,663.999,469.553,32.335,70.098,0.638683,-1,-1,-1
216,2,1011.378,443.040,175.835,327.795,0.921951,-1,-1,-1
216,13,876.218,422.108,144.947,395.449,0.943736,-1,-1,-1
216,14,672.145,422.118,217.523,577.919,0.921065,-1,-1,-1
216,79,476.852,458.508,37.565,100.821,0.643506,-1,-1,-1
216,82,1085.466,432.168,123.263,337.325,0.864930,-1,-1,-1
216,85,505.667,445.445,46.878,115.321,0.842376,-1,-1,-1
216,90,551.092,447.113,30.501,72.158,0.613415,-1,-1,-1
216,95,586.127,452.703,74.050,168.537,0.912507,-1,-1,-1
216,97,682.329,464.770,45.990,125.116,0.680546,-1,-1,-1
216,107,1197.147,438.396,46.849,115.520,0.738304,-1,-1,-1
216,109,1855.688,386.214,66.327,265.457,0.676257,-1,-1,-1
216,125,662.604,467.537,32.398,69.857,0.643047,-1,-1,-1
217,2,1017.995,439.435,182.606,333.504,0.905418,-1,-1,-1
217,3,431.150,462.632,48.599,108.504,0.639252,-1,-1,-1
217,13,878.925,421.350,144.370,398.923,0.940401,-1,-1,-1
217,14,668.269,410.974,221.500,586.074,0.920474,-1,-1,-1
217,73,1030.961,438.880,50.206,130.366,0.614518,-1,-1,-1
217,79,477.963,460.151,37.716,100.417,0.745341,-1,-1,-1
217,82,1096.578,426.405,124.446,318.664,0.841843,-1,-1,-1
217,85,506.029,448.853,46.709,111.262,0.839915,-1,-1,-1
217,90,551.297,448.649,30.099,70.266,0.644686,-1,-1,-1
217,95,588.549,451.312,75.820,174.229,0.890605,-1,-1,-1
217,97,683.398,468.019,44.189,117.036,0.661440,-1,-1,-1
217,107,1197.151,436.891,46.724,114.611,0.623467,-1,-1,-1
217,109,1856.442,385.792,65.390,270.003,0.738452,-1,-1,-1
217,129,682.719,468.472,34.807,72.940,0.610986,-1,-1,-1
217,130,575.993,448.564,30.845,70.897,0.649008,-1,-1,-1
218,2,1025.239,447.631,171.528,324.679,0.907593,-1,-1,-1
218,3,426.951,462.104,52.685,108.841,0.686878,-1,-1,-1
218,13,885.146,423.973,141.135,400.460,0.952671,-1,-1,-1
218,14,673.551,409.313,220.971,587.655,0.920536,-1,-1,-1
218,73,1036.012,432.665,58.044,154.779,0.763745,-1,-1,-1
218,79,475.958,458.903,38.678,102.471,0.759244,-1,-1,-1
218,82,1101.588,416.355,118.977,327.411,0.813548,-1,-1,-1
218,85,504.920,447.016,47.346,113.367,0.856448,-1,-1,-1
218,89,980.952,444.427,45.617,126.152,0.622477,-1,-1,-1
218,90,549.894,446.688,31.222,72.707,0.695151,-1,-1,-1
218,95,589.316,456.668,77.458,169.188,0.899995,-1,-1,-1
218,97,682.244,466.292,46.731,120.988,0.688457,-1,-1,-1
218,107,1200.217,439.619,47.343,110.560,0.799154,-1,-1,-1
218,109,1858.498,386.816,62.781,265.550,0.760982,-1,-1,-1
218,125,660.232,465.692,32.614,70.160,0.639011,-1,-1,-1
218,129,683.457,467.308,35.441,73.362,0.634483,-1,-1,-1
218,130,576.000,448.451,30.185,68.977,0.668099,-1,-1,-1
219,2,1033.289,445.971,176.426,326.134,0.916530,-1,-1,-1
219,3,421.364,465.555,58.189,109.124,0.766782,-1,-1,-1
219,13,885.970,423.660,140.765,409.383,0.949892,-1,-1,-1
219,14,683.370,399.214,215.162,590.229,0.910302,-1,-1,-1
219,73,1037.307,435.526,59.724,154.625,0.806047,-1,-1,-1
219,79,471.672,452.428,40.267,105.278,0.713171,-1,-1,-1
219,82,1108.171,406.279,122.233,350.538,0.714796,-1,-1,-1
219,85,506.380,452.179,44.706,106.921,0.864221,-1,-1,-1
219,90,550.761,447.516,30.639,71.755,0.679611,-1,-1,-1
219,95,589.152,455.226,76.930,170.108,0.897807,-1,-1,-1
219,107,1200.842,443.274,47.027,106.879,0.849457,-1,-1,-1
219,109,1858.667,385.591,62.490,267.945,0.709531,-1,-1,-1
219,125,660.829,467.467,31.879,68.946,0.601844,-1,-1,-1
219,130,575.118,448.216,30.541,70.263,0.714690,-1,-1,-1
220,2,1037.665,433.241,168.311,338.972,0.904766,-1,-1,-1
220,3,433.461,462.721,54.036,106.576,0.730466,-1,-1,-1
220,13,888.761,421.554,140.112,412.159,0.946357,-1,-1,-1
220,14,675.269,398.583,232.555,596.920,0.927785,-1,-1,-1
220,73,1040.757,436.834,55.855,145.876,0.721165,-1,-1,-1
220,79,471.862,452.104,41.036,105.623,0.761222,-1,-1,-1
220,82,1102.083,408.536,118.727,336.746,0.758805,-1,-1,-1
220,85,503.563,446.512,49.520,114.478,0.867837,-1,-1,-1
220,90,550.889,447.672,29.831,69.987,0.682502,-1,-1,-1
220,95,591.024,457.800,75.212,166.853,0.904174,-1,-1,-1
220,107,1205.237,444.814,44.313,101.692,0.826258,-1,-1,-1
220,109,1858.183,386.024,61.864,265.146,0.740167,-1,-1,-1
220,125,660.997,467.169,31.734,69.143,0.613498,-1,-1,-1
220,130,576.037,448.463,30.214,69.728,0.695767,-1,-1,-1
220,132,538.262,446.251,37.157,85.393,0.612132,-1,-1,-1
221,2,1045.477,435.342,154.675,341.069,0.909143,-1,-1,-1
221,3,430.141,463.416,54.169,106.915,0.710863,-1,-1,-1
221,13,891.238,423.494,138.920,413.033,0.951056,-1,-1,-1
221,14,679.583,405.517,234.690,587.857,0.927096,-1,-1,-1
221,73,1038.430,434.845,57.448,152.223,0.749238,-1,-1,-1
221,79,473.373,457.476,39.426,100.452,0.783535,-1,-1,-1
221,82,1125.974,428.128,102.472,291.404,0.804692,-1,-1,-1
221,85,504.015,447.063,49.448,112.376,0.851885,-1,-1,-1
221,90,551.797,449.550,28.695,67.260,0.648008,-1,-1,-1
221,95,593.517,462.808,73.734,157.515,0.899785,-1,-1,-1
221,107,1208.529,449.459,41.809,97.510,0.803859,-1,-1,-1
221,109,1856.945,386.239,62.793,268.049,0.725024,-1,-1,-1
221,125,661.348,467.480,31.370,69.165,0.612816,-1,-1,-1
221,130,574.431,450.411,29.091,67.051,0.681202,-1,-1,-1
221,132,529.399,448.531,38.318,88.692,0.623627,-1,-1,-1
222,2,1059.513,444.902,137.965,327.864,0.904604,-1,-1,-1
222,3,417.441,467.492,50.616,102.285,0.602908,-1,-1,-1
222,13,891.632,424.008,141.521,413.105,0.950792,-1,-1,-1
222,14,683.567,415.232,231.613,578.856,0.922144,-1,-1,-1
222,73,1039.490,435.890,56.433,150.085,0.803329,-1,-1,-1
222,79,471.221,453.147,42.329,106.264,0.785168,-1,-1,-1
222,82,1129.999,422.447,99.282,287.075,0.832017,-1,-1,-1
222,85,504.826,450.704,47.695,108.623,0.839867,-1,-1,-1
222,90,551.945,449.352,28.497,66.782,0.636534,-1,-1,-1
222,95,595.855,464.918,73.809,155.659,0.898987,-1,-1,-1
222,97,679.563,481.729,56.396,147.353,0.695022,-1,-1,-1
222,107,1210.257,443.825,44.475,104.272,0.685992,-1,-1,-1
222,109,1857.321,386.190,62.740,268.231,0.771939,-1,-1,-1
222,130,572.608,450.417,29.345,68.276,0.698805,-1,-1,-1
222,132,530.455,448.156,33.817,76.658,0.667029,-1,-1,-1
223,2,1073.715,436.786,138.564,341.320,0.911367,-1,-1,-1
223,3,422.807,467.148,56.342,106.953,0.725119,-1,-1,-1
223,13,893.060,424.997,142.137,410.600,0.950923,-1,-1,-1
223,14,690.658,401.317,274.405,602.230,0.945458,-1,-1,-1
223,73,1040.971,434.659,55.356,149.714,0.828120,-1,-1,-1
223,79,465.240,448.739,45.821,110.858,0.801582,-1,-1,-1
223,82,1133.164,424.314,100.712,289.298,0.774125,-1,-1,-1
223,85,503.687,446.433,48.762,113.429,0.873665,-1,-1,-1
223,90,549.973,450.000,27.957,65.896,0.624032,-1,-1,-1
223,95,598.884,463.555,75.667,156.304,0.891428,-1,-1,-1
223,97,681.251,482.081,62.998,160.494,0.664295,-1,-1,-1
223,107,1209.439,445.212,44.315,103.947,0.715949,-1,-1,-1
223,109,1849.266,386.008,65.297,258.467,0.730996,-1,-1,-1
223,130,572.032,452.145,28.472,65.695,0.707840,-1,-1,-1
223,132,524.523,447.074,38.499,88.339,0.663598,-1,-1,-1
224,2,1090.002,430.823,132.151,351.582,0.928937,-1,-1,-1
224,3,417.229,463.319,56.902,110.460,0.658575,-1,-1,-1
224,13,894.560,424.232,141.112,414.294,0.946236,-1,-1,-1
224,14,689.667,410.808,298.180,592.567,0.942870,-1,-1,-1
224,73,1043.634,437.483,52.331,146.549,0.809990,-1,-1,-1
224,79,466.798,450.144,44.859,109.343,0.812664,-1,-1,-1
224,82,1127.027,412.425,115.114,339.581,0.658352,-1,-1,-1
224,85,504.444,446.912,48.098,112.642,0.880672,-1,-1,-1
224,90,548.346,450.051,27.911,65.832,0.616609,-1,-1,-1
224,95,601.850,464.360,72.462,155.966,0.899271,-1,-1,-1
224,97,676.973,477.796,62.793,155.960,0.726855,-1,-1,-1
224,109,1857.834,387.850,64.743,265.249,0.700153,-1,-1,-1
224,130,572.935,451.817,28.753,66.310,0.715535,-1,-1,-1
224,132,521.750,447.918,40.830,94.763,0.663423,-1,-1,-1
225,2,1098.341,423.154,122.896,358.736,0.921797,-1,-1,-1
225,3,421.429,466.664,59.157,108.516,0.817924,-1,-1,-1
225,13,897.002,424.917,145.772,424.783,0.941001,-1,-1,-1
225,14,690.013,394.266,307.820,611.648,0.918612,-1,-1,-1
225,73,1043.519,435.067,53.888,152.867,0.811234,-1,-1,-1
225,79,474.232,459.786,41.486,101.298,0.814409,-1,-1,-1
225,82,1133.038,417.755,111.395,325.756,0.804523,-1,-1,-1
225,85,504.580,448.159,47.877,111.332,0.866381,-1,-1,-1
225,95,602.660,467.014,71.750,156.767,0.901450,-1,-1,-1
225,97,675.699,477.968,68.402,162.184,0.705330,-1,-1,-1
225,109,1857.151,388.692,63.826,266.615,0.778798,-1,-1,-1
225,130,579.004,452.865,29.447,67.574,0.683784,-1,-1,-1
225,132,520.805,449.273,40.172,93.650,0.624124,-1,-1,-1
226,2,1102.571,433.901,120.279,355.167,0.923107,-1,-1,-1
226,3,420.493,467.470,61.214,108.982,0.817136,-1,-1,-1
226,13,898.103,425.856,149.202,414.051,0.935236,-1,-1,-1
226,14,692.351,408.830,310.084,595.064,0.914090,-1,-1,-1
226,73,1043.158,435.615,53.988,154.170,0.810601,-1,-1,-1
226,79,467.304,455.615,44.487,104.542,0.801156,-1,-1,-1
226,82,1139.827,426.123,108.836,318.365,0.858227,-1,-1,-1
226,85,506.185,448.495,47.892,110.640,0.866782,-1,-1,-1
226,95,601.091,463.855,71.196,163.381,0.887036,-1,-1,-1
226,97,677.358,468.198,63.587,150.536,0.682662,-1,-1,-1
226,107,1214.061,444.665,46.833,111.903,0.681543,-1,-1,-1
226,109,1856.937,385.980,63.401,265.873,0.728928,-1,-1,-1
226,130,579.111,452.074,29.001,65.578,0.694898,-1,-1,-1
226,132,518.676,449.752,41.372,95.373,0.677489,-1,-1,-1
227,2,1104.149,425.948,120.997,362.585,0.924161,-1,-1,-1
227,3,417.319,466.911,60.456,107.441,0.801629,-1,-1,-1
227,5,1213.905,447.216,47.644,131.903,0.632322,-1,-1,-1
227,13,896.329,424.269,148.233,413.261,0.922840,-1,-1,-1
227,14,704.498,422.645,311.438,576.711,0.916535,-1,-1,-1
227,79,469.073,454.718,45.147,105.536,0.759617,-1,-1,-1
227,82,1153.362,427.720,110.174,323.629,0.880030,-1,-1,-1
227,85,503.363,451.319,49.041,109.695,0.851302,-1,-1,-1
227,95,602.533,461.719,71.070,162.473,0.891356,-1,-1,-1
227,109,1856.829,389.075,62.620,260.515,0.723478,-1,-1,-1
227,130,581.941,452.981,29.235,64.963,0.661180,-1,-1,-1
228,2,1108.361,433.884,127.868,365.829,0.934888,-1,-1,-1
228,3,415.897,467.449,57.946,106.190,0.787178,-1,-1,-1
228,5,1211.511,442.156,52.090,147.431,0.626231,-1,-1,-1
228,13,899.650,423.892,156.221,414.190,0.927054,-1,-1,-1
228,14,698.863,407.431,319.128,597.989,0.920525,-1,-1,-1
228,73,1045.182,436.353,52.763,149.855,0.648006,-1,-1,-1
228,79,470.575,458.794,43.117,100.121,0.727121,-1,-1,-1
228,82,1162.418,423.779,103.609,322.186,0.883852,-1,-1,-1
228,85,503.211,453.272,49.091,108.027,0.849981,-1,-1,-1
228,95,603.773,459.649,69.930,162.502,0.881121,-1,-1,-1
228,97,680.456,480.791,52.563,125.116,0.662753,-1,-1,-1
228,109,1838.507,386.973,73.668,268.350,0.762106,-1,-1,-1
228,130,583.156,454.516,29.032,63.931,0.647500,-1,-1,-1
229,2,1111.980,440.125,129.171,352.480,0.936579,-1,-1,-1
229,3,415.512,466.481,57.575,108.252,0.767436,-1,-1,-1
229,5,1186.177,437.663,71.757,177.706,0.659918,-1,-1,-1
229,13,896.902,421.183,160.245,416.613,0.924375,-1,-1,-1
229,14,696.556,412.449,328.330,595.862,0.921940,-1,-1,-1
229,79,469.174,455.274,44.412,103.940,0.728554,-1,-1,-1
229,82,1163.389,423.104,101.802,327.913,0.868268,-1,-1,-1
229,85,503.960,453.022,47.889,108.299,0.863010,-1,-1,-1
229,95,602.587,459.381,71.003,167.624,0.896567,-1,-1,-1
229,97,679.656,481.161,54.558,130.671,0.727362,-1,-1,-1
229,109,1838.679,385.967,76.734,259.410,0.781412,-1,-1,-1
229,130,584.187,454.556,28.270,61.409,0.681857,-1,-1,-1
230,2,1113.034,439.265,128.884,354.258,0.929541,-1,-1,-1
230,3,416.672,469.376,55.218,104.862,0.780435,-1,-1,-1
230,5,1180.126,432.801,86.515,191.906,0.838367,-1,-1,-1
230,13,896.566,420.671,164.160,418.297,0.921887,-1,-1,-1
230,14,697.770,404.480,337.279,603.816,0.935000,-1,-1,-1
230,73,1049.865,440.471,49.387,137.848,0.623975,-1,-1,-1
230,79,473.147,464.393,40.453,95.640,0.731460,-1,-1,-1
230,82,1171.641,428.042,94.403,304.427,0.821885,-1,-1,-1
230,85,505.382,453.344,46.605,107.596,0.860667,-1,-1,-1
230,95,604.352,458.181,71.668,165.596,0.897903,-1,-1,-1
230,97,679.231,482.368,55.217,130.964,0.698634,-1,-1,-1
230,109,1834.340,383.853,82.336,264.291,0.791867,-1,-1,-1
230,130,585.127,454.612,28.577,62.133,0.670717,-1,-1,-1
231,2,1121.901,438.852,136.626,351.748,0.927322,-1,-1,-1
231,3,417.108,468.304,56.398,106.290,0.821586,-1,-1,-1
231,13,905.352,423.783,158.900,422.505,0.925299,-1,-1,-1
231,14,710.157,413.914,329.769,597.349,0.929199,-1,-1,-1
231,73,1052.264,437.649,55.973,147.017,0.759974,-1,-1,-1
231,79,473.787,467.120,38.370,92.972,0.757706,-1,-1,-1
231,82,1182.761,428.466,87.945,277.561,0.836213,-1,-1,-1
231,85,505.429,454.311,45.645,106.709,0.853917,-1,-1,-1
231,95,607.052,462.612,72.117,160.833,0.903224,-1,-1,-1
231,97,681.468,483.780,51.331,119.003,0.696644,-1,-1,-1
231,104,1111.041,437.388,50.377,153.366,0.659471,-1,-1,-1
231,109,1839.329,384.773,80.175,256.908,0.768393,-1,-1,-1
231,130,585.855,457.481,27.854,59.923,0.646573,-1,-1,-1
232,2,1121.154,434.866,148.369,361.673,0.931700,-1,-1,-1
232,3,417.339,468.795,58.423,106.633,0.816776,-1,-1,-1
232,5,1186.053,431.328,89.440,195.626,0.804880,-1,-1,-1
232,13,907.131,422.744,158.192,423.911,0.928421,-1,-1,-1
232,14,712.651,413.014,325.053,596.089,0.934230,-1,-1,-1
232,73,1059.266,441.799,56.915,148.323,0.744385,-1,-1,-1
232,79,472.342,464.733,38.938,94.358,0.723125,-1,-1,-1
232,82,1169.680,423.547,112.619,359.642,0.803500,-1,-1,-1
232,85,505.428,453.393,45.649,107.135,0.858619,-1,-1,-1
232,95,608.012,456.762,73.295,173.522,0.911170,-1,-1,-1
232,97,675.218,475.129,58.578,136.284,0.746467,-1,-1,-1
232,103,1114.872,442.417,38.578,110.033,0.778260,-1,-1,-1
232,109,1842.144,384.997,78.725,254.492,0.679573,-1,-1,-1
232,129,670.875,467.039,52.738,109.980,0.614599,-1,-1,-1
232,130,588.332,455.991,29.044,61.934,0.657387,-1,-1,-1
232,145,728.438,456.364,65.332,166.794,0.644117,-1,-1,-1
233,2,1129.295,429.596,149.760,365.703,0.938976,-1,-1,-1
233,3,416.860,469.829,59.184,105.938,0.767910,-1,-1,-1
233,5,1186.619,429.307,95.897,203.881,0.762021,-1,-1,-1
233,13,901.449,418.917,167.457,425.530,0.928018,-1,-1,-1
233,14,721.272,411.667,320.844,598.842,0.928704,-1,-1,-1
233,73,1060.397,438.775,60.021,153.585,0.785454,-1,-1,-1
233,79,475.494,465.402,38.237,93.078,0.616686,-1,-1,-1
233,82,1183.334,418.920,102.880,323.241,0.679634,-1,-1,-1
233,85,505.909,453.818,44.890,106.771,0.845338,-1,-1,-1
233,95,610.618,457.908,70.773,173.401,0.908977,-1,-1,-1
233,97,672.604,476.450,59.677,140.518,0.803221,-1,-1,-1
233,103,1116.813,443.689,36.913,104.761,0.784876,-1,-1,-1
233,109,1843.464,384.666,77.454,255.111,0.773577,-1,-1,-1
233,130,588.138,456.505,29.059,61.583,0.682868,-1,-1,-1
233,145,715.198,467.511,54.253,137.198,0.654745,-1,-1,-1
233,146,707.096,424.074,190.907,427.614,0.747546,-1,-1,-1
234,2,1129.778,431.930,154.224,366.295,0.941508,-1,-1,-1
234,3,415.757,467.652,59.278,107.031,0.720159,-1,-1,-1
234,5,1192.949,428.457,101.212,220.490,0.702639,-1,-1,-1
234,13,908.984,420.623,163.183,421.437,0.941302,-1,-1,-1
234,14,735.175,407.016,310.174,601.113,0.920063,-1,-1,-1
234,73,1061.825,441.255,59.931,150.739,0.774972,-1,-1,-1
234,79,473.928,460.958,39.797,97.975,0.711810,-1,-1,-1
234,82,1182.661,421.094,109.188,334.560,0.774968,-1,-1,-1
234,85,505.487,452.848,44.413,107.449,0.842738,-1,-1,-1
234,95,614.112,457.353,68.566,169.237,0.901903,-1,-1,-1
234,97,673.715,476.247,57.793,133.640,0.797558,-1,-1,-1
234,103,1116.439,443.269,37.307,104.523,0.761679,-1,-1,-1
234,109,1845.617,386.456,75.029,249.082,0.714675,-1,-1,-1
234,130,586.651,455.926,29.525,63.119,0.676427,-1,-1,-1
234,145,715.408,468.556,59.995,153.683,0.676195,-1,-1,-1
234,146,714.564,419.598,185.926,442.882,0.806064,-1,-1,-1
235,2,1130.371,433.594,160.359,361.567,0.946649,-1,-1,-1
235,3,415.931,469.095,59.449,105.554,0.766034,-1,-1,-1
235,4,1117.303,446.658,39.439,101.035,0.774402,-1,-1,-1
235,5,1199.475,426.382,88.801,183.759,0.686091,-1,-1,-1
235,13,908.837,414.209,162.953,433.973,0.940372,-1,-1,-1
235,14,754.833,411.332,294.332,594.048,0.918971,-1,-1,-1
235,73,1059.597,443.704,63.769,150.115,0.854706,-1,-1,-1
235,79,469.233,455.603,42.110,103.007,0.660985,-1,-1,-1
235,82,1183.128,422.040,114.110,338.764,0.691273,-1,-1,-1
235,85,505.248,452.501,44.031,108.457,0.851856,-1,-1,-1
235,90,575.440,451.634,28.106,66.774,0.603451,-1,-1,-1
235,95,615.041,456.268,67.723,168.186,0.895521,-1,-1,-1
235,97,675.579,479.595,56.114,128.222,0.772596,-1,-1,-1
235,107,1296.743,426.512,49.062,117.938,0.601888,-1,-1,-1
235,109,1845.138,384.358,75.095,250.640,0.752840,-1,-1,-1
235,130,586.916,454.450,29.590,63.732,0.673689,-1,-1,-1
235,132,452.617,456.459,44.307,105.637,0.606721,-1,-1,-1
235,146,723.248,424.472,188.854,463.120,0.800090,-1,-1,-1
236,2,1129.349,434.914,164.772,362.790,0.935913,-1,-1,-1
236,3,415.327,464.416,61.161,109.944,0.628908,-1,-1,-1
236,4,1115.918,446.961,37.126,96.683,0.757409,-1,-1,-1
236,5,1208.698,426.218,89.740,187.757,0.842690,-1,-1,-1
236,13,903.248,411.288,164.221,435.085,0.932796,-1,-1,-1
236,14,755.772,412.055,290.621,593.565,0.912633,-1,-1,-1
236,73,1062.697,443.798,64.583,148.684,0.697553,-1,-1,-1
236,79,463.924,447.699,45.258,111.041,0.779457,-1,-1,-1
236,85,505.569,452.127,43.115,108.597,0.866208,-1,-1,-1
236,90,576.258,450.768,28.533,67.508,0.612406,-1,-1,-1
236,95,614.382,456.544,68.461,168.977,0.895826,-1,-1,-1
236,97,672.328,478.751,58.875,136.191,0.748613,-1,-1,-1
236,109,1843.795,385.177,74.146,244.122,0.639604,-1,-1,-1
236,130,583.163,453.568,29.806,64.075,0.684408,-1,-1,-1
236,132,452.911,446.177,43.055,107.114,0.632923,-1,-1,-1
236,145,717.002,464.369,63.570,164.341,0.670166,-1,-1,-1
236,146,716.154,428.020,189.688,450.752,0.827391,-1,-1,-1
237,2,1131.221,436.922,164.562,360.384,0.934933,-1,-1,-1
237,4,1116.515,445.765,37.074,98.179,0.799763,-1,-1,-1
237,5,1207.844,420.133,96.848,204.473,0.834322,-1,-1,-1
237,13,900.191,406.142,168.136,440.999,0.921054,-1,-1,-1
237,14,777.422,408.351,267.266,598.772,0.920695,-1,-1,-1
237,73,1060.339,440.246,64.981,151.907,0.822145,-1,-1,-1
237,79,469.243,447.667,43.284,109.353,0.655662,-1,-1,-1
237,85,505.232,449.215,43.394,110.353,0.868978,-1,-1,-1
237,90,574.838,449.151,29.696,70.696,0.665397,-1,-1,-1
237,95,614.714,453.718,70.603,172.359,0.889972,-1,-1,-1
237,97,679.121,481.948,51.142,117.361,0.713173,-1,-1,-1
237,109,1842.837,389.729,77.369,256.896,0.764970,-1,-1,-1
237,129,671.681,476.660,46.771,110.395,0.643274,-1,-1,-1
237,130,582.811,452.132,30.158,65.529,0.696334,-1,-1,-1
237,132,451.766,444.933,40.064,104.413,0.667054,-1,-1,-1
237,145,717.323,468.944,62.854,163.140,0.670449,-1,-1,-1
237,146,709.774,426.416,202.516,444.660,0.868009,-1,-1,-1
238,2,1138.211,434.353,164.287,359.628,0.926229,-1,-1,-1
238,4,1115.285,444.711,37.645,102.012,0.810460,-1,-1,-1
238,5,1215.154,424.656,99.499,218.194,0.733312,-1,-1,-1
238,13,899.120,405.422,169.259,441.449,0.900760,-1,-1,-1
238,14,787.424,405.150,259.423,604.114,0.935795,-1,-1,-1
238,73,1064.328,442.192,63.440,151.148,0.827164,-1,-1,-1
238,79,469.640,446.773,42.682,110.083,0.618378,-1,-1,-1
238,82,1201.284,427.256,113.366,332.869,0.798685,-1,-1,-1
238,85,504.851,448.763,43.367,110.244,0.868426,-1,-1,-1
238,90,572.791,449.473,28.748,68.705,0.631155,-1,-1,-1
238,95,616.217,452.509,74.752,175.312,0.877747,-1,-1,-1
238,97,680.295,481.276,50.037,112.847,0.697413,-1,-1,-1
238,107,1300.849,428.889,45.767,115.640,0.614825,-1,-1,-1
238,109,1839.897,387.111,79.344,261.075,0.753532,-1,-1,-1
238,129,675.743,475.696,42.127,103.906,0.623753,-1,-1,-1
238,130,585.163,451.113,29.573,64.818,0.685510,-1,-1,-1
238,132,451.948,444.382,38.966,104.552,0.679111,-1,-1,-1
238,145,720.158,466.356,58.112,146.665,0.621898,-1,-1,-1
238,146,720.076,427.133,199.514,452.582,0.883129,-1,-1,-1
239,2,1144.163,433.166,165.137,369.430,0.913898,-1,-1,-1
239,4,1115.402,444.616,37.502,101.651,0.823302,-1,-1,-1
239,5,1212.036,429.082,112.313,260.755,0.701022,-1,-1,-1
239,13,900.427,405.845,170.881,435.594,0.906085,-1,-1,-1
239,14,791.994,404.450,258.311,603.886,0.932462,-1,-1,-1
239,73,1063.881,441.925,62.903,151.213,0.822410,-1,-1,-1
239,79,469.933,447.266,41.729,108.400,0.617982,-1,-1,-1
239,82,1198.551,428.029,120.874,354.137,0.697773,-1,-1,-1
239,85,504.465,448.500,43.689,110.557,0.868371,-1,-1,-1
239,90,577.030,450.119,28.517,67.719,0.616083,-1,-1,-1
239,95,617.926,461.851,75.437,164.383,0.884201,-1,-1,-1
239,97,678.884,479.120,53.409,120.250,0.701551,-1,-1,-1
239,103,1151.364,433.152,34.605,97.038,0.611369,-1,-1,-1
239,109,1835.432,386.978,82.714,266.988,0.735010,-1,-1,-1
239,130,584.195,452.220,29.229,63.381,0.693685,-1,-1,-1
239,132,453.064,444.639,38.095,102.237,0.685541,-1,-1,-1
239,145,716.048,457.936,69.770,177.954,0.661865,-1,-1,-1
239,146,734.355,431.289,187.863,440.861,0.887934,-1,-1,-1
239,149,596.731,450.079,25.898,65.641,0.630202,-1,-1,-1
239,150,551.885,449.120,30.240,70.846,0.646484,-1,-1,-1
240,2,1161.055,430.936,152.775,367.351,0.904288,-1,-1,-1
240,4,1115.950,445.328,37.108,100.251,0.751699,-1,-1,-1
240,13,906.412,409.444,170.156,440.246,0.908085,-1,-1,-1
240,14,803.324,401.779,255.194,611.679,0.927825,-1,-1,-1
240,73,1067.164,439.229,62.121,153.143,0.766825,-1,-1,-1
240,79,456.249,446.052,47.156,112.377,0.747964,-1,-1,-1
240,82,1211.219,422.818,110.360,336.152,0.766150,-1,-1,-1
240,85,502.095,446.473,46.299,114.087,0.878962,-1,-1,-1
240,90,573.094,449.855,29.588,68.157,0.681678,-1,-1,-1
240,95,617.171,459.792,77.772,166.491,0.879392,-1,-1,-1
240,109,1832.571,386.703,85.239,268.562,0.754419,-1,-1,-1
240,130,585.509,451.350,30.162,65.115,0.676850,-1,-1,-1
240,146,712.019,434.299,203.265,442.301,0.933142,-1,-1,-1
240,149,595.055,448.222,26.115,65.435,0.603267,-1,-1,-1
240,150,550.932,448.462,30.885,71.348,0.655665,-1,-1,-1
241,2,1162.863,435.481,141.066,369.426,0.920065,-1,-1,-1
241,4,1115.084,444.480,36.572,101.064,0.774114,-1,-1,-1
241,13,901.933,409.731,173.856,440.443,0.903901,-1,-1,-1
241,14,806.929,408.423,252.732,602.435,0.925820,-1,-1,-1
241,73,1069.283,442.861,59.147,148.646,0.680583,-1,-1,-1
241,79,456.161,445.822,48.950,113.983,0.719640,-1,-1,-1
241,82,1230.783,420.567,93.149,303.231,0.754795,-1,-1,-1
241,85,501.214,447.183,47.071,114.186,0.875430,-1,-1,-1
241,90,574.287,453.294,28.470,64.617,0.603173,-1,-1,-1
241,95,623.286,464.787,72.576,161.120,0.877957,-1,-1,-1
241,97,682.251,480.414,51.057,115.388,0.650053,-1,-1,-1
241,109,1831.364,391.510,85.338,262.910,0.682072,-1,-1,-1
241,125,703.148,477.757,43.372,105.134,0.612998,-1,-1,-1
241,129,668.497,469.599,49.019,121.805,0.604923,-1,-1,-1
241,130,584.599,454.232,29.470,63.322,0.673592,-1,-1,-1
241,146,713.155,434.222,199.714,438.708,0.933652,-1,-1,-1
242,2,1176.068,439.396,124.257,364.908,0.915104,-1,-1,-1
242,4,1114.767,443.629,36.010,100.694,0.783376,-1,-1,-1
242,13,903.555,413.316,174.166,439.075,0.903125,-1,-1,-1
242,14,806.706,412.459,253.710,598.683,0.922598,-1,-1,-1
242,73,1067.425,441.698,58.978,149.741,0.781559,-1,-1,-1
242,79,462.309,449.448,45.863,108.665,0.713832,-1,-1,-1
242,82,1227.439,430.115,96.106,317.201,0.739786,-1,-1,-1
242,85,503.528,449.258,45.140,112.036,0.875830,-1,-1,-1
242,90,574.070,454.009,28.316,64.180,0.604953,-1,-1,-1
242,95,624.004,464.583,74.173,164.292,0.878521,-1,-1,-1
242,97,680.955,482.301,50.718,113.481,0.703479,-1,-1,-1
242,109,1840.122,385.376,82.478,263.590,0.737395,-1,-1,-1
242,130,586.654,452.936,29.826,64.491,0.704571,-1,-1,-1
242,146,716.762,435.457,194.784,438.979,0.930801,-1,-1,-1
242,149,594.862,449.764,26.637,66.060,0.606582,-1,-1,-1
242,150,553.989,452.299,28.650,65.925,0.604984,-1,-1,-1
243,2,1183.226,434.014,117.477,371.028,0.932493,-1,-1,-1
243,4,1115.387,444.696,35.717,102.704,0.781241,-1,-1,-1
243,13,901.249,407.359,178.043,444.733,0.902650,-1,-1,-1
243,14,810.907,415.765,251.471,597.278,0.921667,-1,-1,-1
243,73,1072.639,449.396,54.870,142.104,0.729162,-1,-1,-1
243,79,463.229,456.289,43.491,102.977,0.782022,-1,-1,-1
243,82,1230.325,421.714,97.555,328.344,0.837332,-1,-1,-1
243,85,504.023,450.768,44.326,110.780,0.873285,-1,-1,-1
243,89,734.008,471.218,43.563,105.402,0.610933,-1,-1,-1
243,90,571.261,454.226,28.132,63.748,0.623041,-1,-1,-1
243,95,627.101,463.490,73.872,163.775,0.883803,-1,-1,-1
243,97,680.822,478.928,52.924,116.058,0.754936,-1,-1,-1
243,109,1841.873,387.213,80.217,260.615,0.670220,-1,-1,-1
243,130,588.651,452.849,29.420,64.277,0.706161,-1,-1,-1
243,146,722.378,430.194,191.827,444.046,0.932210,-1,-1,-1
244,2,1195.554,435.194,119.731,372.290,0.933020,-1,-1,-1
244,4,1115.918,444.581,35.647,102.633,0.792961,-1,-1,-1
244,13,900.676,396.435,181.635,456.504,0.851077,-1,-1,-1
244,14,814.001,422.165,253.638,590.282,0.917320,-1,-1,-1
244,73,1074.296,449.053,54.609,142.102,0.744205,-1,-1,-1
244,79,460.197,451.760,45.930,108.063,0.767517,-1,-1,-1
244,82,1246.344,420.321,87.916,282.127,0.752978,-1,-1,-1
244,85,503.565,447.134,44.994,113.391,0.868632,-1,-1,-1
244,89,733.492,477.470,46.318,111.939,0.644438,-1,-1,-1
244,90,570.194,454.433,28.009,63.443,0.618714,-1,-1,-1
244,95,625.901,465.061,74.712,165.602,0.871606,-1,-1,-1
244,97,678.545,480.628,51.770,118.469,0.761361,-1,-1,-1
244,109,1843.211,385.431,78.024,258.046,0.738256,-1,-1,-1
244,130,587.753,452.351,29.860,66.111,0.716678,-1,-1,-1
244,146,733.521,423.796,187.331,445.880,0.930600,-1,-1,-1
244,150,553.936,452.275,28.138,64.587,0.616011,-1,-1,-1
245,2,1198.598,437.957,125.033,367.161,0.926290,-1,-1,-1
245,4,1115.930,444.236,35.375,100.279,0.729917,-1,-1,-1
245,13,913.851,378.940,177.672,464.265,0.797814,-1,-1,-1
245,14,830.871,389.006,248.852,619.043,0.906056,-1,-1,-1
245,73,1073.806,448.019,56.076,142.661,0.679184,-1,-1,-1
245,79,460.920,452.133,45.798,106.545,0.772447,-1,-1,-1
245,82,1245.078,413.786,99.078,334.578,0.835778,-1,-1,-1
245,85,502.644,446.918,45.846,113.641,0.867823,-1,-1,-1
245,89,730.904,466.658,52.123,127.831,0.637072,-1,-1,-1
245,90,571.862,455.044,27.665,62.607,0.602344,-1,-1,-1
245,95,626.385,463.534,77.720,169.190,0.885501,-1,-1,-1
245,97,683.615,477.683,50.062,117.304,0.789520,-1,-1,-1
245,109,1843.087,385.177,78.015,261.585,0.728363,-1,-1,-1
245,125,701.098,455.525,47.057,129.930,0.643102,-1,-1,-1
245,130,586.570,453.752,29.155,64.241,0.713857,-1,-1,-1
245,146,735.755,431.765,185.712,433.126,0.933355,-1,-1,-1
245,150,554.539,453.511,27.684,63.092,0.632248,-1,-1,-1
246,2,1200.813,441.337,124.863,363.678,0.929732,-1,-1,-1
246,4,1116.646,443.733,35.240,100.223,0.658210,-1,-1,-1
246,5,1250.966,412.614,96.264,260.588,0.833084,-1,-1,-1
246,13,929.220,399.874,166.946,457.690,0.793873,-1,-1,-1
246,14,837.949,389.448,241.488,626.448,0.911902,-1,-1,-1
246,73,1073.271,453.501,54.979,136.900,0.623466,-1,-1,-1
246,79,461.882,451.894,45.580,107.288,0.782169,-1,-1,-1
246,85,502.439,444.851,46.580,116.585,0.859670,-1,-1,-1
246,89,733.136,467.330,50.800,124.360,0.691952,-1,-1,-1
246,95,626.498,459.498,73.075,170.788,0.888689,-1,-1,-1
246,97,686.590,478.054,47.674,116.194,0.766825,-1,-1,-1
246,109,1836.442,393.493,80.512,262.109,0.692529,-1,-1,-1
246,125,702.987,455.476,45.312,132.749,0.663314,-1,-1,-1
246,130,586.096,453.741,29.091,63.940,0.701892,-1,-1,-1
246,146,732.833,433.344,189.509,438.116,0.927916,-1,-1,-1
246,149,594.769,457.200,25.618,60.957,0.601145,-1,-1,-1
246,150,552.852,453.420,28.033,63.296,0.606473,-1,-1,-1
247,2,1204.372,423.360,130.664,382.151,0.934660,-1,-1,-1
247,3,410.969,462.277,55.821,105.844,0.628156,-1,-1,-1
247,4,1117.728,446.167,34.713,99.052,0.633387,-1,-1,-1
247,14,848.584,380.884,245.998,650.375,0.921035,-1,-1,-1
247,73,1071.031,441.487,60.311,150.176,0.702947,-1,-1,-1
247,79,460.480,446.011,46.932,113.046,0.800830,-1,-1,-1
247,82,1239.864,413.783,104.588,344.061,0.748862,-1,-1,-1
247,85,499.667,443.432,48.807,117.921,0.878969,-1,-1,-1
247,90,570.780,452.439,28.426,64.943,0.660067,-1,-1,-1
247,95,628.549,459.063,83.589,178.664,0.884542,-1,-1,-1
247,97,681.915,476.494,49.744,118.939,0.672845,-1,-1,-1
247,109,1841.907,389.069,79.042,261.608,0.725789,-1,-1,-1
247,125,701.854,455.240,45.815,133.768,0.660398,-1,-1,-1
247,130,586.729,452.689,28.910,62.635,0.726699,-1,-1,-1
247,146,735.906,431.271,193.280,443.804,0.926708,-1,-1,-1
247,150,553.586,452.551,28.553,63.903,0.648061,-1,-1,-1
248,2,1211.522,423.933,140.652,380.373,0.939853,-1,-1,-1
248,3,409.719,461.248,53.834,107.997,0.731832,-1,-1,-1
248,14,861.338,376.618,239.796,663.046,0.908629,-1,-1,-1
248,73,1073.090,439.500,64.063,154.915,0.814889,-1,-1,-1
248,79,462.054,446.111,45.525,114.667,0.857144,-1,-1,-1
248,85,499.335,444.388,49.166,117.327,0.879018,-1,-1,-1
248,89,730.964,480.106,45.622,109.651,0.668954,-1,-1,-1
248,90,572.571,454.678,27.634,62.989,0.646622,-1,-1,-1
248,95,627.951,466.294,86.558,170.528,0.887630,-1,-1,-1
248,97,686.192,480.483,46.931,112.885,0.735830,-1,-1,-1
248,109,1833.147,387.160,84.381,268.074,0.781064,-1,-1,-1
248,125,703.359,463.524,42.587,124.856,0.631207,-1,-1,-1
248,130,585.110,454.111,29.070,62.374,0.720004,-1,-1,-1
248,132,488.556,447.239,44.029,113.545,0.608219,-1,-1,-1
248,146,737.572,429.059,188.981,445.444,0.932265,-1,-1,-1
248,149,594.424,456.702,26.667,61.725,0.636677,-1,-1,-1
248,150,551.959,452.784,28.023,62.942,0.602921,-1,-1,-1
249,2,1215.336,433.456,152.263,374.890,0.932844,-1,-1,-1
249,3,411.510,462.160,52.148,108.319,0.734053,-1,-1,-1
249,4,1117.689,444.293,35.815,101.998,0.649340,-1,-1,-1
249,14,870.447,400.667,231.486,643.499,0.901011,-1,-1,-1
249,73,1075.375,442.588,63.248,151.836,0.782342,-1,-1,-1
249,79,462.630,446.158,44.503,113.637,0.838124,-1,-1,-1
249,85,499.224,444.510,49.160,116.204,0.873432,-1,-1,-1
249,89,733.290,474.174,47.322,113.827,0.685638,-1,-1,-1
249,90,571.473,454.835,27.680,62.849,0.669095,-1,-1,-1
249,95,632.728,459.036,77.383,172.910,0.893194,-1,-1,-1
249,97,687.353,477.969,48.640,117.336,0.789444,-1,-1,-1
249,109,1833.703,412.699,80.646,243.280,0.700987,-1,-1,-1
249,125,701.018,463.767,43.809,126.131,0.601896,-1,-1,-1
249,130,586.750,454.220,28.718,61.491,0.695244,-1,-1,-1
249,146,744.279,429.955,196.039,447.631,0.936952,-1,-1,-1
249,149,595.310,456.082,26.891,61.198,0.633949,-1,-1,-1
249,150,553.211,452.110,27.956,62.752,0.625749,-1,-1,-1
250,2,1216.882,425.442,178.875,386.179,0.933021,-1,-1,-1
250,3,411.161,459.607,51.425,110.769,0.779667,-1,-1,-1
250,14,891.192,402.955,226.619,631.629,0.919221,-1,-1,-1
250,73,1077.747,441.824,65.461,153.467,0.828706,-1,-1,-1
250,79,462.515,445.326,44.334,112.351,0.831276,-1,-1,-1
250,85,502.495,448.123,46.637,110.996,0.860118,-1,-1,-1
250,89,727.818,462.493,53.067,129.855,0.729965,-1,-1,-1
250,90,573.232,454.067,27.895,63.655,0.662312,-1,-1,-1
250,95,638.064,455.556,77.342,177.122,0.904800,-1,-1,-1
250,97,686.617,473.174,50.814,123.768,0.762214,-1,-1,-1
250,130,585.643,453.593,29.206,62.649,0.687780,-1,-1,-1
250,146,741.821,431.365,195.905,450.798,0.935337,-1,-1,-1
250,149,595.319,456.193,26.949,60.455,0.600156,-1,-1,-1
250,150,552.763,450.250,28.502,64.514,0.640370,-1,-1,-1
251,2,1217.399,426.578,191.949,384.312,0.923380,-1,-1,-1
251,3,411.671,460.075,49.310,107.596,0.767246,-1,-1,-1
251,14,897.264,400.600,221.589,629.398,0.897145,-1,-1,-1
251,73,1078.402,445.454,66.406,149.878,0.817568,-1,-1,-1
251,79,461.931,444.453,44.414,112.890,0.844078,-1,-1,-1
251,85,502.628,448.730,46.226,109.648,0.861946,-1,-1,-1
251,89,726.432,462.921,52.921,128.100,0.722560,-1,-1,-1
251,90,579.036,453.049,28.712,64.519,0.658282,-1,-1,-1
251,95,641.771,454.017,77.938,179.488,0.900431,-1,-1,-1
251,97,684.365,468.280,52.533,129.640,0.708174,-1,-1,-1
251,146,745.478,431.400,188.983,449.574,0.935527,-1,-1,-1
252,2,1213.472,412.744,215.222,398.598,0.938409,-1,-1,-1
252,3,411.334,462.192,50.910,110.662,0.792321,-1,-1,-1
252,14,900.370,394.506,214.771,644.908,0.904687,-1,-1,-1
252,73,1084.573,438.123,62.893,148.891,0.808305,-1,-1,-1
252,79,461.097,445.889,45.258,113.253,0.851580,-1,-1,-1
252,85,503.697,448.702,45.384,110.196,0.868088,-1,-1,-1
252,89,724.430,479.857,46.055,108.418,0.756549,-1,-1,-1
252,95,646.295,459.603,71.113,173.036,0.909590,-1,-1,-1
252,97,692.819,478.654,46.043,118.103,0.766024,-1,-1,-1
252,130,581.247,455.510,28.985,61.825,0.666973,-1,-1,-1
252,146,755.691,425.452,183.338,454.858,0.935030,-1,-1,-1
253,2,1210.208,426.439,223.682,385.283,0.935127,-1,-1,-1
253,3,410.863,460.177,50.554,110.325,0.764027,-1,-1,-1
253,14,910.500,398.473,217.299,635.381,0.909795,-1,-1,-1
253,73,1086.704,435.066,61.524,147.901,0.797167,-1,-1,-1
253,79,460.587,446.005,46.339,111.920,0.843557,-1,-1,-1
253,85,504.376,446.907,45.910,112.825,0.866292,-1,-1,-1
253,89,722.024,468.077,52.045,120.244,0.775552,-1,-1,-1
253,90,580.219,454.485,28.444,62.838,0.694757,-1,-1,-1
253,95,647.037,457.199,72.486,179.259,0.900771,-1,-1,-1
253,97,692.751,473.135,46.937,124.504,0.759840,-1,-1,-1
253,146,758.017,432.144,181.476,450.464,0.937726,-1,-1,-1
253,154,1667.159,426.349,119.870,213.060,0.791617,-1,-1,-1
254,2,1207.763,423.230,227.985,389.280,0.935027,-1,-1,-1
254,3,408.815,456.966,50.474,111.890,0.707011,-1,-1,-1
254,14,919.312,408.117,213.318,636.832,0.897636,-1,-1,-1
254,73,1083.996,435.868,65.227,159.456,0.779097,-1,-1,-1
254,79,460.845,445.738,46.154,109.776,0.798294,-1,-1,-1
254,85,504.856,448.026,44.882,111.000,0.844583,-1,-1,-1
254,89,729.335,471.175,51.149,118.399,0.765774,-1,-1,-1
254,95,650.738,458.157,67.786,172.728,0.892502,-1,-1,-1
254,97,693.958,472.042,45.523,124.205,0.772652,-1,-1,-1
254,130,579.891,455.312,29.124,62.252,0.685226,-1,-1,-1
254,146,761.261,431.692,180.208,447.964,0.939682,-1,-1,-1
254,150,551.254,451.038,28.762,65.210,0.606898,-1,-1,-1
254,154,1666.973,428.715,120.097,210.232,0.851786,-1,-1,-1
254,155,1826.023,432.431,94.392,347.272,0.895248,-1,-1,-1
255,2,1205.836,421.334,226.731,392.664,0.933962,-1,-1,-1
255,3,405.116,459.642,52.860,114.871,0.750694,-1,-1,-1
255,4,1090.692,435.260,55.628,127.957,0.801450,-1,-1,-1
255,14,920.440,403.684,210.096,650.659,0.913119,-1,-1,-1
255,79,461.149,448.787,45.178,109.663,0.840409,-1,-1,-1
255,85,505.682,446.167,44.407,112.498,0.849671,-1,-1,-1
255,89,729.450,471.192,52.229,120.879,0.770187,-1,-1,-1
255,90,577.008,452.050,29.315,66.297,0.704345,-1,-1,-1
255,95,653.661,454.047,71.579,181.408,0.882503,-1,-1,-1
255,97,694.572,464.278,45.951,129.792,0.739151,-1,-1,-1
255,146,762.834,430.286,176.833,448.035,0.931859,-1,-1,-1
255,150,550.626,449.342,29.402,67.881,0.636550,-1,-1,-1
255,154,1665.401,424.608,123.726,215.709,0.779828,-1,-1,-1
255,155,1816.640,399.137,103.387,381.196,0.937958,-1,-1,-1
256,2,1212.541,421.974,220.774,390.475,0.935918,-1,-1,-1
256,3,404.885,464.631,48.092,105.502,0.739646,-1,-1,-1
256,4,1089.873,427.835,63.305,138.667,0.822763,-1,-1,-1
256,13,1020.014,460.342,93.167,205.562,0.658980,-1,-1,-1
256,14,928.803,413.839,203.742,630.481,0.917256,-1,-1,-1
256,79,461.570,450.264,44.728,109.925,0.852943,-1,-1,-1
256,85,506.310,451.724,43.189,107.750,0.860629,-1,-1,-1
256,89,726.143,467.695,55.645,126.652,0.803933,-1,-1,-1
256,90,576.600,454.016,28.595,64.220,0.711529,-1,-1,-1
256,95,651.728,454.807,76.849,184.681,0.896583,-1,-1,-1
256,97,691.375,466.849,46.960,130.634,0.704795,-1,-1,-1
256,103,1121.993,430.771,41.844,115.726,0.601269,-1,-1,-1
256,146,762.833,431.206,175.629,456.537,0.928624,-1,-1,-1
256,149,600.449,457.892,27.347,59.371,0.618118,-1,-1,-1
256,150,552.777,451.679,29.339,66.910,0.644729,-1,-1,-1
256,154,1663.334,409.980,129.559,230.649,0.841606,-1,-1,-1
256,155,1809.178,395.147,110.180,386.613,0.943315,-1,-1,-1
257,2,1226.078,422.806,202.754,390.284,0.945570,-1,-1,-1
257,3,404.725,464.107,47.848,105.514,0.772683,-1,-1,-1
257,4,1092.241,427.428,62.042,128.677,0.836486,-1,-1,-1
257,14,930.587,418.239,209.551,633.632,0.912666,-1,-1,-1
257,79,460.406,448.541,45.343,112.612,0.826991,-1,-1,-1
257,85,506.078,450.183,43.506,108.904,0.862790,-1,-1,-1
257,89,725.174,467.634,55.406,126.042,0.780318,-1,-1,-1
257,90,577.083,453.914,28.745,64.229,0.712276,-1,-1,-1
257,95,652.768,453.629,78.988,186.268,0.878056,-1,-1,-1
257,97,692.418,458.593,48.495,135.281,0.608704,-1,-1,-1
257,146,762.869,430.464,174.900,468.837,0.931403,-1,-1,-1
257,149,601.138,457.861,27.780,59.077,0.616379,-1,-1,-1
257,150,552.192,451.975,29.617,66.488,0.657105,-1,-1,-1
257,154,1664.087,407.707,129.695,231.538,0.712318,-1,-1,-1
257,155,1801.659,380.396,118.105,408.387,0.941265,-1,-1,-1
258,2,1238.836,417.547,201.283,397.328,0.935099,-1,-1,-1
258,4,1091.519,427.632,64.527,133.757,0.770868,-1,-1,-1
258,13,1022.461,449.147,103.982,222.393,0.759800,-1,-1,-1
258,14,933.114,410.933,215.327,639.062,0.903681,-1,-1,-1
258,79,463.167,455.945,41.586,101.770,0.804565,-1,-1,-1
258,85,505.260,448.543,45.553,113.165,0.881569,-1,-1,-1
258,89,728.509,468.765,55.080,124.040,0.828445,-1,-1,-1
258,90,576.012,455.303,28.470,62.637,0.699092,-1,-1,-1
258,95,657.280,453.466,78.249,186.392,0.898800,-1,-1,-1
258,130,583.034,454.700,29.111,61.831,0.695673,-1,-1,-1
258,146,766.354,425.599,169.769,471.463,0.917808,-1,-1,-1
258,149,592.194,457.488,28.044,59.109,0.601329,-1,-1,-1
258,150,552.719,449.157,30.594,68.716,0.702000,-1,-1,-1
258,155,1791.804,390.194,126.419,393.921,0.939434,-1,-1,-1
259,2,1247.971,422.128,197.135,391.699,0.934174,-1,-1,-1
259,4,1097.567,430.651,58.773,121.037,0.664393,-1,-1,-1
259,13,1019.256,455.213,103.879,214.778,0.606223,-1,-1,-1
259,14,933.577,414.651,218.441,638.893,0.898876,-1,-1,-1
259,79,462.721,452.433,42.344,105.052,0.741039,-1,-1,-1
259,85,505.899,449.988,45.621,111.597,0.870074,-1,-1,-1
259,89,729.558,480.742,49.847,108.217,0.799302,-1,-1,-1
259,90,574.834,456.127,27.467,60.839,0.625693,-1,-1,-1
259,95,658.666,458.101,74.191,179.864,0.878446,-1,-1,-1
259,107,1279.734,436.481,50.580,119.571,0.677930,-1,-1,-1
259,130,584.648,457.171,27.474,58.274,0.637533,-1,-1,-1
259,146,783.832,426.081,155.923,477.753,0.903096,-1,-1,-1
259,150,555.185,451.365,29.020,65.763,0.675113,-1,-1,-1
259,155,1776.935,402.344,139.865,377.060,0.933550,-1,-1,-1
260,2,1254.312,419.716,194.291,395.641,0.940646,-1,-1,-1
260,13,1018.502,455.529,106.870,216.515,0.634161,-1,-1,-1
260,14,933.317,403.217,212.082,630.068,0.905370,-1,-1,-1
260,79,458.445,446.523,44.534,110.666,0.741715,-1,-1,-1
260,85,505.032,449.529,46.943,112.458,0.871542,-1,-1,-1
260,89,726.266,468.498,56.370,125.130,0.840430,-1,-1,-1
260,95,661.501,450.250,73.097,187.190,0.892067,-1,-1,-1
260,107,1281.707,434.634,52.167,117.754,0.647989,-1,-1,-1
260,130,583.217,457.051,27.912,59.151,0.689062,-1,-1,-1
260,146,790.766,427.774,148.435,493.668,0.909040,-1,-1,-1
260,149,590.703,456.116,28.819,60.099,0.612778,-1,-1,-1
260,150,552.131,450.161,28.958,65.122,0.661203,-1,-1,-1
260,155,1753.372,403.894,163.685,372.675,0.944586,-1,-1,-1
261,2,1271.551,419.568,183.566,396.373,0.932903,-1,-1,-1
261,13,1024.963,446.496,108.136,220.657,0.703942,-1,-1,-1
261,14,929.954,402.385,227.901,647.166,0.886134,-1,-1,-1
261,79,459.450,450.167,42.601,107.127,0.762353,-1,-1,-1
261,85,504.702,450.567,47.542,109.044,0.867507,-1,-1,-1
261,89,726.563,469.713,56.876,124.740,0.839206,-1,-1,-1
261,90,575.373,455.932,27.844,61.159,0.670609,-1,-1,-1
261,95,663.678,454.876,71.114,183.360,0.894883,-1,-1,-1
261,103,1102.605,436.985,46.412,109.010,0.633438,-1,-1,-1
261,107,1287.385,436.039,51.900,118.083,0.850349,-1,-1,-1
261,130,583.683,455.464,28.030,59.575,0.694959,-1,-1,-1
261,146,787.586,424.802,151.162,500.644,0.908436,-1,-1,-1
261,149,593.138,455.346,29.045,60.616,0.630406,-1,-1,-1
261,150,551.936,451.617,28.909,64.312,0.658195,-1,-1,-1
261,155,1729.679,396.094,183.357,380.985,0.938943,-1,-1,-1
262,2,1293.658,414.575,166.981,404.387,0.937227,-1,-1,-1
262,3,396.617,463.805,49.184,104.757,0.610707,-1,-1,-1
262,4,1096.670,431.816,59.306,121.513,0.755998,-1,-1,-1
262,14,941.802,418.195,236.586,618.733,0.902905,-1,-1,-1
262,79,456.677,448.220,44.065,110.352,0.791532,-1,-1,-1
262,85,502.090,446.475,50.694,114.438,0.878026,-1,-1,-1
262,89,726.098,474.522,55.302,119.960,0.830895,-1,-1,-1
262,95,663.208,455.523,75.939,185.439,0.904457,-1,-1,-1
262,107,1288.855,434.543,52.732,120.512,0.782431,-1,-1,-1
262,109,1849.712,384.305,76.496,268.722,0.610047,-1,-1,-1
262,130,582.783,456.762,27.675,58.551,0.664022,-1,-1,-1
262,146,777.678,425.912,170.259,505.113,0.922364,-1,-1,-1
262,150,550.991,451.399,29.138,64.559,0.625746,-1,-1,-1
262,155,1690.545,403.443,220.660,368.890,0.927156,-1,-1,-1
263,2,1307.949,415.871,154.943,399.136,0.937202,-1,-1,-1
263,3,397.086,461.853,51.305,110.195,0.663811,-1,-1,-1
263,4,1096.571,436.464,59.036,119.565,0.763937,-1,-1,-1
263,13,1022.024,448.304,119.898,242.677,0.631234,-1,-1,-1
263,14,932.615,422.324,218.136,622.254,0.896358,-1,-1,-1
263,79,457.191,452.907,43.744,107.872,0.696324,-1,-1,-1
263,85,501.120,448.193,51.158,112.718,0.879133,-1,-1,-1
263,89,725.059,472.364,55.177,120.202,0.842883,-1,-1,-1
263,90,577.692,457.373,27.640,59.627,0.641515,-1,-1,-1
263,95,663.431,458.625,77.957,182.370,0.907923,-1,-1,-1
263,107,1289.955,434.456,49.524,116.649,0.738300,-1,-1,-1
263,109,1841.709,386.647,76.653,253.333,0.701060,-1,-1,-1
263,146,775.247,428.235,167.032,496.268,0.920998,-1,-1,-1
263,150,551.304,452.242,28.958,63.517,0.603797,-1,-1,-1
263,155,1669.952,409.315,245.673,361.617,0.939185,-1,-1,-1
264,2,1317.869,414.351,148.087,407.434,0.948973,-1,-1,-1
264,4,1097.150,433.885,61.079,121.971,0.743707,-1,-1,-1
264,14,942.084,416.561,227.880,611.008,0.901439,-1,-1,-1
264,79,456.936,451.271,44.332,108.282,0.762702,-1,-1,-1
264,85,500.687,447.654,50.941,112.643,0.882755,-1,-1,-1
264,89,725.733,471.890,56.929,122.844,0.831834,-1,-1,-1
264,95,665.316,457.877,79.922,182.899,0.899653,-1,-1,-1
264,107,1293.209,434.208,46.681,115.626,0.734784,-1,-1,-1
264,109,1845.351,384.857,75.791,263.006,0.807269,-1,-1,-1
264,130,581.405,459.102,27.667,57.312,0.677000,-1,-1,-1
264,146,774.388,431.201,168.294,498.637,0.918042,-1,-1,-1
264,150,552.614,452.884,29.412,63.617,0.654829,-1,-1,-1
264,155,1666.949,405.640,252.208,365.348,0.951411,-1,-1,-1
265,2,1323.091,419.909,148.091,408.703,0.940875,-1,-1,-1
265,3,396.231,461.248,50.608,107.171,0.738733,-1,-1,-1
265,4,1099.518,431.636,62.286,125.049,0.766535,-1,-1,-1
265,14,934.543,404.447,219.355,635.445,0.900735,-1,-1,-1
265,79,457.616,454.266,44.155,105.722,0.736343,-1,-1,-1
265,85,502.701,450.411,49.485,109.778,0.880638,-1,-1,-1
265,89,729.196,471.886,54.272,119.266,0.836887,-1,-1,-1
265,95,663.701,457.928,82.784,183.777,0.905104,-1,-1,-1
265,107,1297.062,427.584,48.670,122.994,0.740893,-1,-1,-1
265,109,1842.332,385.969,75.712,256.201,0.729506,-1,-1,-1
265,130,580.262,457.785,29.101,59.716,0.685883,-1,-1,-1
265,146,775.317,428.400,168.152,504.632,0.910937,-1,-1,-1
265,150,551.664,452.660,29.875,64.088,0.633559,-1,-1,-1
265,155,1653.620,406.212,249.279,356.761,0.954104,-1,-1,-1
266,2,1326.843,414.347,152.262,421.903,0.939512,-1,-1,-1
266,3,396.909,461.335,50.765,107.228,0.703210,-1,-1,-1
266,4,1105.854,445.138,55.604,112.956,0.786771,-1,-1,-1
266,13,1034.117,451.733,122.855,252.793,0.638621,-1,-1,-1
266,14,942.797,408.763,227.041,637.592,0.899242,-1,-1,-1
266,79,455.841,450.588,45.122,108.729,0.753200,-1,-1,-1
266,85,502.218,448.081,49.727,111.831,0.877928,-1,-1,-1
266,89,729.861,465.514,54.798,125.248,0.826784,-1,-1,-1
266,90,574.952,456.967,28.623,61.107,0.689008,-1,-1,-1
266,95,663.742,454.909,82.501,184.825,0.896438,-1,-1,-1
266,107,1297.655,426.168,49.024,127.306,0.655585,-1,-1,-1
266,109,1837.003,386.283,79.311,254.548,0.752512,-1,-1,-1
266,146,778.800,430.766,168.482,502.165,0.920636,-1,-1,-1
266,150,550.631,451.506,30.700,66.084,0.682943,-1,-1,-1
266,155,1652.764,411.564,237.604,354.352,0.939751,-1,-1,-1
267,2,1332.191,421.526,155.716,417.044,0.942693,-1,-1,-1
267,3,396.035,458.319,51.998,110.168,0.781805,-1,-1,-1
267,4,1104.893,439.093,59.608,122.100,0.791613,-1,-1,-1
267,14,936.186,406.679,212.402,638.148,0.891534,-1,-1,-1
267,79,455.236,448.338,44.663,110.038,0.818948,-1,-1,-1
267,85,502.430,450.064,48.881,108.837,0.881567,-1,-1,-1
267,89,730.896,466.776,52.951,123.763,0.809811,-1,-1,-1
267,90,574.760,458.039,28.021,59.794,0.692100,-1,-1,-1
267,95,664.866,452.050,83.246,186.779,0.904913,-1,-1,-1
267,107,1298.047,429.431,45.304,119.911,0.672594,-1,-1,-1
267,109,1834.705,385.295,84.699,270.143,0.793144,-1,-1,-1
267,132,531.004,451.940,32.772,74.906,0.616184,-1,-1,-1
267,146,776.838,428.853,164.539,503.938,0.915805,-1,-1,-1
267,150,550.961,452.973,29.876,64.136,0.676024,-1,-1,-1
267,155,1645.695,416.665,197.311,343.145,0.904782,-1,-1,-1
268,2,1341.992,421.401,153.275,414.692,0.947465,-1,-1,-1
268,3,396.102,460.626,51.031,108.547,0.715390,-1,-1,-1
268,4,1109.886,445.468,54.047,113.324,0.755050,-1,-1,-1
268,13,1032.262,446.037,130.807,276.034,0.689332,-1,-1,-1
268,14,944.637,416.264,200.070,628.892,0.894649,-1,-1,-1
268,79,454.282,456.062,41.565,104.258,0.791307,-1,-1,-1
268,85,500.344,445.532,50.746,114.426,0.887744,-1,-1,-1
268,89,730.730,469.105,52.509,124.688,0.818571,-1,-1,-1
268,95,668.162,446.106,82.859,197.584,0.913909,-1,-1,-1
268,109,1833.081,391.746,83.919,263.765,0.631832,-1,-1,-1
268,125,661.565,466.962,31.127,74.938,0.609203,-1,-1,-1
268,130,579.906,455.937,29.111,60.532,0.710543,-1,-1,-1
268,146,778.099,424.535,165.537,506.909,0.919674,-1,-1,-1
268,150,550.298,451.839,30.123,65.616,0.662333,-1,-1,-1
268,155,1653.624,410.110,173.081,349.115,0.922143,-1,-1,-1
269,2,1344.503,415.906,167.978,415.254,0.942970,-1,-1,-1
269,3,394.675,459.173,51.851,109.956,0.792370,-1,-1,-1
269,4,1112.446,438.963,53.127,112.664,0.700125,-1,-1,-1
269,13,1041.853,450.999,122.147,251.946,0.705791,-1,-1,-1
269,14,948.583,412.429,210.324,625.052,0.888323,-1,-1,-1
269,79,454.550,456.135,40.317,102.970,0.798610,-1,-1,-1
269,85,499.997,443.072,51.509,116.729,0.887668,-1,-1,-1
269,89,731.398,468.534,52.999,125.064,0.758020,-1,-1,-1
269,90,577.818,455.121,29.201,62.743,0.707368,-1,-1,-1
269,95,670.938,452.942,81.524,185.794,0.903845,-1,-1,-1
269,109,1835.387,435.507,74.449,219.321,0.622279,-1,-1,-1
269,125,660.610,463.376,35.240,80.588,0.619303,-1,-1,-1
269,146,783.518,422.549,162.126,507.376,0.914407,-1,-1,-1
269,150,550.242,449.630,30.617,67.729,0.686110,-1,-1,-1
269,155,1652.003,413.068,157.021,344.879,0.898673,-1,-1,-1
269,164,1008.883,440.168,207.621,422.490,0.680954,-1,-1,-1
270,2,1347.650,424.168,187.792,410.466,0.947237,-1,-1,-1
270,3,393.209,461.309,52.251,107.557,0.729976,-1,-1,-1
270,14,950.347,424.157,210.182,604.314,0.884625,-1,-1,-1
270,79,455.887,458.276,38.841,100.941,0.798904,-1,-1,-1
270,85,500.085,445.001,51.011,115.235,0.886348,-1,-1,-1
270,89,732.147,458.645,53.619,131.891,0.783580,-1,-1,-1
270,90,577.264,454.784,29.492,63.431,0.743940,-1,-1,-1
270,95,674.593,449.530,78.358,189.597,0.893891,-1,-1,-1
270,107,1299.918,428.495,50.318,126.960,0.765091,-1,-1,-1
270,109,1832.646,437.430,80.323,217.668,0.741501,-1,-1,-1
270,125,659.543,464.328,34.879,78.668,0.644445,-1,-1,-1
270,146,784.410,420.289,160.184,509.712,0.919409,-1,-1,-1
270,150,549.903,449.921,30.052,67.492,0.693742,-1,-1,-1
270,155,1651.393,409.648,150.811,347.774,0.904768,-1,-1,-1
270,164,992.227,421.087,213.138,436.603,0.768906,-1,-1,-1
271,2,1353.687,422.877,203.230,409.358,0.932660,-1,-1,-1
271,3,392.409,461.023,52.918,108.724,0.719171,-1,-1,-1
271,4,1119.712,432.847,49.510,118.525,0.761458,-1,-1,-1
271,14,955.919,403.448,220.267,625.447,0.895620,-1,-1,-1
271,79,455.921,460.026,37.564,98.707,0.788201,-1,-1,-1
271,85,502.000,445.431,49.673,114.584,0.879384,-1,-1,-1
271,89,732.254,458.439,52.849,132.372,0.780090,-1,-1,-1
271,90,576.847,456.023,28.815,61.848,0.697692,-1,-1,-1
271,95,679.052,445.059,76.078,194.331,0.868659,-1,-1,-1
271,97,661.505,450.151,62.718,169.787,0.603713,-1,-1,-1
271,103,1143.235,432.322,36.995,99.382,0.662001,-1,-1,-1
271,107,1300.001,431.177,53.286,125.348,0.820643,-1,-1,-1
271,109,1832.251,442.183,81.545,213.496,0.667223,-1,-1,-1
271,146,783.379,419.162,162.850,510.600,0.917748,-1,-1,-1
271,150,550.613,450.292,29.494,66.581,0.672701,-1,-1,-1
271,155,1647.215,410.801,127.669,345.617,0.904037,-1,-1,-1
271,164,983.689,409.607,225.456,464.628,0.713884,-1,-1,-1
272,2,1354.331,423.987,215.063,417.806,0.940989,-1,-1,-1
272,3,391.644,463.760,50.974,103.193,0.790972,-1,-1,-1
272,4,1121.395,434.931,45.695,114.878,0.691150,-1,-1,-1
272,13,1045.658,437.434,121.304,254.462,0.696637,-1,-1,-1
272,14,948.879,406.328,209.152,645.357,0.905956,-1,-1,-1
272,79,454.464,455.814,40.174,103.518,0.813075,-1,-1,-1
272,85,503.949,451.053,47.998,108.454,0.877700,-1,-1,-1
272,89,734.899,457.897,50.957,131.633,0.786539,-1,-1,-1
272,90,576.621,456.850,28.479,60.617,0.723216,-1,-1,-1
272,95,680.872,440.655,76.737,203.882,0.890267,-1,-1,-1
272,103,1150.122,432.765,34.754,94.020,0.664647,-1,-1,-1
272,107,1298.295,424.895,57.333,134.968,0.790735,-1,-1,-1
272,109,1844.178,393.762,89.583,258.621,0.649605,-1,-1,-1
272,125,665.428,462.045,31.820,72.496,0.724121,-1,-1,-1
272,132,526.032,449.175,34.789,78.459,0.631657,-1,-1,-1
272,146,785.196,421.502,167.017,511.230,0.920264,-1,-1,-1
272,150,550.663,451.646,29.205,65.494,0.688095,-1,-1,-1
272,155,1635.261,418.752,117.922,337.561,0.913619,-1,-1,-1
272,164,1000.693,412.339,187.497,392.565,0.620118,-1,-1,-1
273,2,1353.412,420.899,227.633,428.416,0.944806,-1,-1,-1
273,3,385.257,461.872,54.452,109.478,0.796432,-1,-1,-1
273,13,1036.602,426.956,138.712,292.967,0.749692,-1,-1,-1
273,14,955.006,407.008,203.696,642.285,0.904896,-1,-1,-1
273,73,1134.027,432.237,43.346,104.115,0.616109,-1,-1,-1
273,79,453.974,455.692,40.099,102.957,0.780354,-1,-1,-1
273,85,503.811,446.536,48.477,110.954,0.864372,-1,-1,-1
273,89,735.990,462.912,49.125,126.288,0.751076,-1,-1,-1
273,90,576.420,455.267,29.459,62.448,0.746212,-1,-1,-1
273,95,679.539,442.225,78.925,200.629,0.873335,-1,-1,-1
273,109,1844.871,387.146,85.545,268.600,0.679117,-1,-1,-1
273,125,666.436,462.169,35.198,74.748,0.734416,-1,-1,-1
273,132,528.196,448.765,32.878,72.725,0.634008,-1,-1,-1
273,146,782.046,420.930,172.815,512.088,0.919833,-1,-1,-1
273,150,550.156,450.660,29.594,66.359,0.706511,-1,-1,-1
273,155,1623.496,397.001,118.021,359.102,0.913023,-1,-1,-1
273,164,1023.411,418.535,186.644,388.603,0.636586,-1,-1,-1
274,2,1358.928,416.482,215.233,439.567,0.944800,-1,-1,-1
274,3,382.387,461.239,55.298,111.051,0.744776,-1,-1,-1
274,13,1051.661,436.690,120.963,257.896,0.769660,-1,-1,-1
274,14,953.692,401.919,199.840,647.640,0.901733,-1,-1,-1
274,79,454.080,457.584,38.913,100.151,0.736770,-1,-1,-1
274,85,505.349,449.839,47.057,108.915,0.857308,-1,-1,-1
274,89,737.386,463.854,48.542,125.208,0.785622,-1,-1,-1
274,90,576.563,457.333,28.467,60.249,0.740900,-1,-1,-1
274,95,680.538,444.274,81.778,197.643,0.886459,-1,-1,-1
274,107,1300.951,423.805,56.176,131.716,0.702826,-1,-1,-1
274,109,1848.532,386.395,79.069,269.346,0.710138,-1,-1,-1
274,125,665.118,461.986,36.093,74.334,0.729682,-1,-1,-1
274,132,529.047,451.431,31.932,70.219,0.605438,-1,-1,-1
274,146,787.126,420.430,177.764,511.234,0.924982,-1,-1,-1
274,150,550.545,453.385,28.838,64.111,0.674928,-1,-1,-1
274,155,1607.694,408.401,122.272,346.112,0.925509,-1,-1,-1
274,164,1019.085,418.400,168.827,362.353,0.608504,-1,-1,-1
275,2,1367.133,435.911,201.585,420.518,0.938443,-1,-1,-1
275,3,383.994,460.683,55.651,112.532,0.789452,-1,-1,-1
275,13,1061.674,440.579,113.231,243.582,0.842788,-1,-1,-1
275,14,955.470,404.032,198.762,645.497,0.902834,-1,-1,-1
275,79,453.565,453.662,40.971,105.971,0.731057,-1,-1,-1
275,82,1381.711,434.983,73.515,213.167,0.615097,-1,-1,-1
275,85,505.105,451.377,46.391,107.980,0.866139,-1,-1,-1
275,89,736.700,465.052,49.295,128.983,0.741682,-1,-1,-1
275,90,578.487,458.730,27.907,59.391,0.733160,-1,-1,-1
275,95,688.329,448.427,77.735,192.500,0.872931,-1,-1,-1
275,107,1299.114,424.570,57.133,132.585,0.771716,-1,-1,-1
275,109,1855.213,387.522,74.204,267.643,0.600134,-1,-1,-1
275,125,665.766,464.619,35.273,71.603,0.687549,-1,-1,-1
275,146,787.612,424.864,177.802,502.413,0.924289,-1,-1,-1
275,150,549.661,453.096,29.210,64.380,0.666063,-1,-1,-1
275,154,1691.298,431.554,101.605,202.463,0.655035,-1,-1,-1
275,155,1594.382,417.108,132.672,335.097,0.930537,-1,-1,-1
276,2,1371.821,424.689,204.221,427.632,0.941109,-1,-1,-1
276,3,387.572,461.813,54.654,110.852,0.749291,-1,-1,-1
276,13,1054.214,433.957,123.068,272.168,0.805483,-1,-1,-1
276,14,956.919,398.469,198.398,655.354,0.903814,-1,-1,-1
276,79,453.856,454.725,40.084,103.583,0.676439,-1,-1,-1
276,82,1392.185,439.717,75.370,210.054,0.610846,-1,-1,-1
276,85,505.530,450.853,46.754,108.211,0.869385,-1,-1,-1
276,95,694.505,449.539,76.114,188.980,0.867319,-1,-1,-1
276,97,725.498,453.484,62.708,185.072,0.757387,-1,-1,-1
276,107,1299.185,424.855,56.411,131.066,0.721149,-1,-1,-1
276,125,665.382,464.346,35.198,71.977,0.678222,-1,-1,-1
276,130,583.589,457.552,27.176,57.833,0.724603,-1,-1,-1
276,146,786.518,427.620,177.825,497.720,0.933933,-1,-1,-1
276,150,551.150,453.770,29.113,63.240,0.663978,-1,-1,-1
276,154,1695.102,430.613,97.378,201.647,0.630192,-1,-1,-1
276,155,1563.085,413.914,164.071,334.557,0.929172,-1,-1,-1
277,2,1374.069,425.876,208.439,427.946,0.934575,-1,-1,-1
277,3,390.339,462.261,52.889,106.795,0.611043,-1,-1,-1
277,13,1056.800,435.830,120.188,268.372,0.801748,-1,-1,-1
277,14,954.575,401.880,201.007,650.945,0.891141,-1,-1,-1
277,85,505.695,450.982,45.986,106.288,0.858352,-1,-1,-1
277,95,695.187,449.745,81.526,191.831,0.874823,-1,-1,-1
277,97,733.007,460.588,58.428,176.158,0.625969,-1,-1,-1
277,109,1851.993,387.196,71.311,268.551,0.693601,-1,-1,-1
277,125,666.887,463.716,35.115,72.297,0.678106,-1,-1,-1
277,130,580.250,456.830,28.389,61.437,0.722515,-1,-1,-1
277,146,785.327,425.180,184.322,500.390,0.936927,-1,-1,-1
277,150,551.268,453.935,29.308,62.926,0.663605,-1,-1,-1
277,155,1552.809,409.491,178.107,335.170,0.921854,-1,-1,-1
278,2,1383.429,420.989,205.750,431.947,0.920082,-1,-1,-1
278,3,388.429,464.189,54.065,107.505,0.685513,-1,-1,-1
278,13,1060.390,429.913,119.686,273.963,0.807060,-1,-1,-1
278,14,962.273,405.235,201.145,649.140,0.889156,-1,-1,-1
278,79,451.274,456.596,41.764,104.925,0.704352,-1,-1,-1
278,85,504.628,449.872,47.409,109.637,0.860753,-1,-1,-1
278,95,696.877,445.365,83.339,195.982,0.868225,-1,-1,-1
278,130,579.449,454.591,28.651,62.319,0.679855,-1,-1,-1
278,146,785.384,426.824,185.377,500.520,0.937343,-1,-1,-1
278,150,550.694,451.767,30.286,65.117,0.666064,-1,-1,-1
278,154,1694.998,426.816,96.471,207.038,0.697175,-1,-1,-1
278,155,1549.440,418.182,181.182,325.669,0.903147,-1,-1,-1
278,164,1045.352,422.348,175.472,382.814,0.627578,-1,-1,-1
279,2,1390.334,422.171,202.167,432.002,0.917003,-1,-1,-1
279,3,386.335,463.014,53.772,110.571,0.833276,-1,-1,-1
279,13,1059.152,433.007,124.922,285.868,0.748792,-1,-1,-1
279,14,972.983,401.103,208.672,653.609,0.875332,-1,-1,-1
279,79,450.981,456.321,41.694,102.475,0.728499,-1,-1,-1
279,85,504.121,448.348,47.118,108.666,0.859077,-1,-1,-1
279,95,703.832,450.809,85.477,190.821,0.875272,-1,-1,-1
279,109,1841.367,388.016,73.990,264.743,0.609150,-1,-1,-1
279,130,580.040,456.894,27.622,59.262,0.659399,-1,-1,-1
279,146,787.244,421.895,186.635,509.105,0.942165,-1,-1,-1
279,150,551.206,453.985,29.114,61.719,0.644117,-1,-1,-1
279,154,1697.269,424.455,95.679,210.049,0.627240,-1,-1,-1
279,155,1550.204,422.775,181.409,322.865,0.916620,-1,-1,-1
279,164,1047.849,426.610,173.976,384.396,0.621817,-1,-1,-1
280,2,1399.641,419.423,197.671,435.412,0.924153,-1,-1,-1
280,3,385.679,463.663,53.681,110.283,0.750807,-1,-1,-1
280,13,1057.747,435.269,126.649,286.259,0.703014,-1,-1,-1
280,14,971.421,409.309,206.350,638.212,0.870633,-1,-1,-1
280,79,449.839,449.136,43.938,108.362,0.602253,-1,-1,-1
280,85,502.320,446.001,49.559,113.815,0.855064,-1,-1,-1
280,95,704.343,452.249,85.020,188.577,0.863908,-1,-1,-1
280,109,1837.184,383.295,79.409,269.828,0.716531,-1,-1,-1
280,130,583.924,460.297,25.677,53.753,0.645741,-1,-1,-1
280,146,789.485,413.246,185.418,516.491,0.940564,-1,-1,-1
280,150,551.474,452.563,29.621,62.973,0.641358,-1,-1,-1
280,155,1542.471,405.759,181.016,345.256,0.901380,-1,-1,-1
280,170,667.503,466.893,57.776,134.375,0.837706,-1,-1,-1
281,2,1416.039,415.124,190.422,441.017,0.915992,-1,-1,-1
281,3,385.529,465.660,52.097,106.024,0.672287,-1,-1,-1
281,13,1065.452,443.493,113.922,256.817,0.661751,-1,-1,-1
281,14,974.119,403.787,214.679,651.133,0.893738,-1,-1,-1
281,79,449.832,454.777,42.533,104.144,0.609754,-1,-1,-1
281,85,504.051,447.657,47.234,110.022,0.843583,-1,-1,-1
281,95,702.114,452.148,84.443,189.841,0.847437,-1,-1,-1
281,109,1842.947,387.141,76.039,253.947,0.766079,-1,-1,-1
281,130,583.661,460.679,26.299,53.621,0.651890,-1,-1,-1
281,146,792.768,417.712,181.933,511.283,0.939998,-1,-1,-1
281,150,551.289,451.181,30.164,64.682,0.669555,-1,-1,-1
281,155,1515.805,406.567,188.962,364.205,0.806570,-1,-1,-1
281,170,669.766,469.164,56.353,130.702,0.834039,-1,-1,-1
282,2,1440.091,415.931,176.505,441.136,0.884929,-1,-1,-1
282,14,983.912,395.157,231.689,657.718,0.903864,-1,-1,-1
282,79,451.771,454.686,41.768,103.230,0.765737,-1,-1,-1
282,85,502.282,446.135,48.654,113.580,0.859774,-1,-1,-1
282,95,716.174,457.081,77.971,178.703,0.833937,-1,-1,-1
282,97,706.898,464.611,59.588,170.287,0.610586,-1,-1,-1
282,107,1336.592,441.641,44.115,105.627,0.707243,-1,-1,-1
282,109,1837.220,383.850,80.941,264.321,0.738748,-1,-1,-1
282,130,584.005,460.943,26.360,53.619,0.665844,-1,-1,-1
282,132,532.736,448.909,31.271,69.326,0.600533,-1,-1,-1
282,146,793.406,421.793,186.069,505.665,0.934886,-1,-1,-1
282,150,551.203,451.403,29.710,64.531,0.656036,-1,-1,-1
282,155,1518.507,413.740,172.061,330.300,0.838310,-1,-1,-1
282,170,674.536,480.865,50.625,118.897,0.835368,-1,-1,-1
283,2,1441.009,417.190,194.078,439.728,0.923821,-1,-1,-1
283,4,1137.781,441.151,45.915,112.188,0.646921,-1,-1,-1
283,14,984.736,405.169,240.710,647.735,0.910309,-1,-1,-1
283,79,449.839,449.525,42.743,108.685,0.759772,-1,-1,-1
283,85,501.366,443.171,49.227,118.700,0.851793,-1,-1,-1
283,95,718.104,461.356,76.696,175.578,0.862933,-1,-1,-1
283,107,1340.668,444.083,42.145,102.846,0.678285,-1,-1,-1
283,109,1838.727,384.274,80.085,258.063,0.742008,-1,-1,-1
283,130,580.396,457.695,29.153,60.674,0.710091,-1,-1,-1
283,132,530.539,447.419,31.532,71.278,0.657680,-1,-1,-1
283,146,800.324,422.706,184.122,501.595,0.936775,-1,-1,-1
283,150,551.682,449.900,29.510,65.555,0.669464,-1,-1,-1
283,170,674.800,480.468,51.240,120.839,0.853800,-1,-1,-1
284,2,1448.446,422.197,190.869,437.835,0.930457,-1,-1,-1
284,4,1140.521,440.474,45.127,110.635,0.682505,-1,-1,-1
284,14,985.258,417.631,236.256,628.063,0.920333,-1,-1,-1
284,79,451.678,456.872,40.528,102.022,0.790308,-1,-1,-1
284,82,1466.883,426.214,112.542,240.723,0.618507,-1,-1,-1
284,85,503.238,447.453,45.868,110.849,0.857748,-1,-1,-1
284,89,689.670,469.306,46.396,127.676,0.600917,-1,-1,-1
284,95,718.583,454.829,81.557,190.096,0.870743,-1,-1,-1
284,107,1342.058,442.557,41.138,102.428,0.788378,-1,-1,-1
284,109,1844.449,386.827,75.095,240.345,0.812507,-1,-1,-1
284,130,578.874,458.075,28.387,59.928,0.725977,-1,-1,-1
284,132,533.248,449.452,29.887,66.841,0.625846,-1,-1,-1
284,146,803.448,424.006,197.459,510.174,0.941685,-1,-1,-1
284,150,552.557,452.320,28.277,62.783,0.685814,-1,-1,-1
284,170,671.500,474.635,56.244,129.964,0.831927,-1,-1,-1
285,2,1459.684,414.875,182.867,442.259,0.938031,-1,-1,-1
285,14,981.295,410.541,243.353,643.447,0.908755,-1,-1,-1
285,79,452.564,458.211,38.590,96.786,0.658615,-1,-1,-1
285,85,505.621,452.296,43.096,105.630,0.843597,-1,-1,-1
285,89,675.716,471.168,41.193,115.745,0.620605,-1,-1,-1
285,95,720.113,452.093,82.306,191.931,0.870363,-1,-1,-1
285,107,1344.180,439.612,41.770,105.131,0.711145,-1,-1,-1
285,109,1841.153,385.939,78.715,251.565,0.827311,-1,-1,-1
285,125,653.744,467.848,29.170,60.509,0.662284,-1,-1,-1
285,130,582.695,459.921,26.463,55.146,0.723902,-1,-1,-1
285,146,802.525,421.876,204.064,508.287,0.946574,-1,-1,-1
285,150,552.837,455.971,27.430,60.100,0.681722,-1,-1,-1
285,170,666.734,471.825,59.424,135.606,0.837509,-1,-1,-1
285,171,970.176,441.745,49.056,142.842,0.646492,-1,-1,-1
286,2,1467.961,419.616,185.849,441.696,0.945545,-1,-1,-1
286,4,1142.768,439.456,44.403,110.883,0.673065,-1,-1,-1
286,14,982.968,405.748,243.920,645.140,0.908359,-1,-1,-1
286,79,452.381,456.452,40.560,100.880,0.735050,-1,-1,-1
286,85,505.286,451.326,42.684,106.534,0.854472,-1,-1,-1
286,89,675.076,472.437,39.874,112.677,0.644656,-1,-1,-1
286,95,719.181,451.200,85.048,196.183,0.877240,-1,-1,-1
286,107,1346.666,441.507,40.453,103.613,0.811706,-1,-1,-1
286,109,1842.717,387.130,77.314,247.204,0.803953,-1,-1,-1
286,125,655.595,468.115,28.371,59.852,0.624156,-1,-1,-1
286,130,583.432,459.348,26.579,55.090,0.717276,-1,-1,-1
286,132,531.384,452.496,28.882,63.255,0.626905,-1,-1,-1
286,146,803.502,418.459,206.491,505.289,0.945856,-1,-1,-1
286,150,552.712,456.440,27.580,60.104,0.687213,-1,-1,-1
286,170,667.924,473.086,58.802,133.165,0.847756,-1,-1,-1
286,171,969.618,442.525,51.637,150.280,0.683250,-1,-1,-1
287,2,1478.013,422.620,201.810,443.848,0.939147,-1,-1,-1
287,14,985.073,406.614,248.223,645.033,0.923382,-1,-1,-1
287,85,506.044,451.138,41.756,106.287,0.854163,-1,-1,-1
287,95,719.381,447.558,85.461,198.637,0.861365,-1,-1,-1
287,107,1347.965,437.857,42.893,109.376,0.741219,-1,-1,-1
287,109,1838.269,386.878,80.078,251.687,0.758699,-1,-1,-1
287,130,582.535,458.752,26.705,55.895,0.713380,-1,-1,-1
287,146,805.615,423.396,202.822,502.976,0.946099,-1,-1,-1
287,150,550.957,456.870,27.134,59.690,0.649414,-1,-1,-1
287,170,667.227,470.600,60.989,134.783,0.835829,-1,-1,-1
287,171,968.063,441.217,51.881,152.221,0.765617,-1,-1,-1
287,173,706.210,459.454,36.234,103.407,0.683345,-1,-1,-1
288,2,1490.304,422.920,229.770,440.371,0.931367,-1,-1,-1
288,14,980.620,406.798,252.969,645.003,0.923009,-1,-1,-1
288,79,452.192,459.866,38.447,96.730,0.697451,-1,-1,-1
288,85,507.333,454.149,40.401,103.513,0.854123,-1,-1,-1
288,95,723.222,442.822,82.222,204.156,0.870029,-1,-1,-1
288,107,1351.745,440.100,42.796,107.458,0.738667,-1,-1,-1
288,109,1835.851,385.697,84.195,265.423,0.801568,-1,-1,-1
288,130,582.107,459.540,26.979,57.014,0.700515,-1,-1,-1
288,146,806.977,418.006,203.790,510.208,0.941528,-1,-1,-1
288,150,550.349,457.890,26.869,59.607,0.640175,-1,-1,-1
288,170,668.823,475.688,59.576,128.602,0.843515,-1,-1,-1
288,171,967.365,442.852,52.728,152.527,0.734296,-1,-1,-1
288,173,702.690,466.890,37.963,105.892,0.686962,-1,-1,-1
288,174,806.079,477.453,35.709,84.932,0.610852,-1,-1,-1
289,2,1489.228,424.895,248.293,442.377,0.944798,-1,-1,-1
289,14,995.506,398.265,244.974,653.695,0.921550,-1,-1,-1
289,79,451.855,459.328,38.097,96.111,0.634699,-1,-1,-1
289,85,507.612,451.473,41.677,107.954,0.858205,-1,-1,-1
289,95,729.348,446.612,80.019,203.280,0.885322,-1,-1,-1
289,107,1352.335,441.087,44.276,106.252,0.819471,-1,-1,-1
289,109,1835.202,383.580,84.813,267.414,0.836685,-1,-1,-1
289,130,580.875,458.317,27.455,58.551,0.682657,-1,-1,-1
289,146,812.753,417.111,199.209,513.372,0.939063,-1,-1,-1
289,170,669.191,475.194,60.127,128.921,0.846015,-1,-1,-1
289,171,968.802,444.711,52.227,149.849,0.681531,-1,-1,-1
289,173,704.514,469.841,37.564,104.972,0.698976,-1,-1,-1
289,177,1297.800,426.109,49.030,120.550,0.627426,-1,-1,-1
290,2,1494.108,425.698,253.986,447.148,0.940563,-1,-1,-1
290,14,996.450,405.009,243.657,648.887,0.907255,-1,-1,-1
290,85,506.333,448.613,42.475,109.098,0.852446,-1,-1,-1
290,95,730.480,442.561,86.206,205.463,0.897306,-1,-1,-1
290,107,1355.380,438.381,45.464,109.738,0.688991,-1,-1,-1
290,109,1836.825,384.159,83.346,263.846,0.829191,-1,-1,-1
290,130,582.051,456.857,27.335,59.505,0.721247,-1,-1,-1
290,146,815.812,422.767,194.641,508.311,0.936995,-1,-1,-1
290,150,549.936,455.918,27.523,61.207,0.648016,-1,-1,-1
290,155,1442.488,410.021,154.953,328.946,0.871706,-1,-1,-1
290,170,670.008,474.935,60.863,128.929,0.841694,-1,-1,-1
290,171,969.168,442.935,52.793,144.036,0.807530,-1,-1,-1
290,173,702.124,473.402,40.334,112.021,0.688687,-1,-1,-1
291,2,1494.465,420.983,265.971,455.343,0.946197,-1,-1,-1
291,14,996.151,388.284,248.714,664.605,0.915253,-1,-1,-1
291,85,505.982,448.607,43.308,109.348,0.858511,-1,-1,-1
291,95,735.149,441.690,83.694,206.682,0.904656,-1,-1,-1
291,107,1358.109,438.917,47.708,109.240,0.728098,-1,-1,-1
291,109,1839.982,383.509,81.587,264.343,0.801665,-1,-1,-1
291,125,661.204,470.642,31.442,68.529,0.609156,-1,-1,-1
291,130,582.934,455.562,27.208,60.568,0.740022,-1,-1,-1
291,146,821.148,424.415,187.799,506.418,0.937284,-1,-1,-1
291,150,551.793,454.690,28.192,61.931,0.673349,-1,-1,-1
291,155,1430.248,419.762,182.426,326.561,0.865628,-1,-1,-1
291,170,674.541,476.163,59.140,127.778,0.825923,-1,-1,-1
291,171,967.669,440.884,56.181,152.102,0.764040,-1,-1,-1
291,173,703.509,475.332,38.996,109.137,0.645233,-1,-1,-1
292,2,1495.021,432.458,273.880,442.103,0.944177,-1,-1,-1
292,14,997.778,390.788,251.011,659.870,0.911452,-1,-1,-1
292,85,506.026,450.966,42.739,107.416,0.858469,-1,-1,-1
292,95,740.677,443.895,76.404,201.335,0.904813,-1,-1,-1
292,107,1355.927,438.634,50.071,109.125,0.686915,-1,-1,-1
292,109,1836.192,385.799,82.982,264.210,0.832890,-1,-1,-1
292,130,582.790,458.459,25.668,57.149,0.691185,-1,-1,-1
292,146,824.169,426.224,186.872,507.267,0.934997,-1,-1,-1
292,150,549.603,456.802,27.510,60.504,0.656879,-1,-1,-1
292,155,1405.869,435.994,178.008,286.457,0.829346,-1,-1,-1
292,170,673.823,477.316,57.644,126.422,0.820145,-1,-1,-1
292,171,968.345,440.917,55.217,149.789,0.712820,-1,-1,-1
292,173,706.230,477.208,36.293,103.663,0.641137,-1,-1,-1
293,2,1493.592,425.966,273.411,452.735,0.937544,-1,-1,-1
293,4,1155.209,437.045,46.501,119.730,0.672581,-1,-1,-1
293,14,997.240,389.220,245.541,655.395,0.908086,-1,-1,-1
293,79,453.380,462.612,36.850,91.898,0.608785,-1,-1,-1
293,85,505.544,452.623,41.421,105.512,0.857186,-1,-1,-1
293,95,743.915,445.154,73.839,198.887,0.901335,-1,-1,-1
293,107,1360.318,440.760,51.101,105.980,0.770427,-1,-1,-1
293,109,1831.789,385.938,86.905,269.902,0.830298,-1,-1,-1
293,125,662.086,473.875,29.719,65.326,0.623761,-1,-1,-1
293,130,582.081,460.115,24.900,55.070,0.677913,-1,-1,-1
293,146,825.486,426.561,185.578,506.334,0.935738,-1,-1,-1
293,155,1386.826,423.382,172.715,292.966,0.880217,-1,-1,-1
293,170,677.160,478.020,56.755,126.766,0.830059,-1,-1,-1
293,173,709.587,478.656,39.064,111.278,0.640701,-1,-1,-1
294,2,1496.490,431.063,266.650,444.802,0.938516,-1,-1,-1
294,14,990.677,389.988,226.456,654.099,0.900489,-1,-1,-1
294,73,1156.925,436.110,45.611,114.197,0.748592,-1,-1,-1
294,85,505.000,451.502,42.893,107.148,0.860503,-1,-1,-1
294,95,744.555,441.404,77.681,204.971,0.891028,-1,-1,-1
294,107,1363.826,440.664,50.132,105.747,0.712285,-1,-1,-1
294,109,1837.257,387.072,83.265,261.099,0.811692,-1,-1,-1
294,130,576.385,461.624,25.685,55.976,0.676167,-1,-1,-1
294,146,834.026,422.853,176.599,506.948,0.939304,-1,-1,-1
294,155,1389.540,418.840,157.560,295.491,0.912838,-1,-1,-1
294,170,678.187,480.777,56.878,125.524,0.846524,-1,-1,-1
295,2,1495.266,431.631,266.922,448.069,0.929917,-1,-1,-1
295,4,1157.579,434.489,50.104,118.213,0.782000,-1,-1,-1
295,14,999.379,383.983,244.704,661.940,0.911024,-1,-1,-1
295,85,504.355,451.239,42.849,106.149,0.846894,-1,-1,-1
295,90,583.131,459.595,25.472,55.329,0.656631,-1,-1,-1
295,95,751.952,443.087,72.389,207.638,0.875176,-1,-1,-1
295,97,685.912,474.554,36.571,98.118,0.615848,-1,-1,-1
295,107,1367.133,435.454,50.046,114.183,0.778610,-1,-1,-1
295,109,1836.941,387.949,82.310,255.318,0.804855,-1,-1,-1
295,125,659.639,471.961,27.083,61.278,0.611986,-1,-1,-1
295,130,575.971,459.907,26.611,57.830,0.650245,-1,-1,-1
295,146,834.894,410.848,175.054,515.790,0.948539,-1,-1,-1
295,155,1395.037,423.191,155.365,290.191,0.900326,-1,-1,-1
295,170,678.025,479.162,53.892,124.510,0.833036,-1,-1,-1
295,173,713.543,478.522,39.556,115.001,0.639113,-1,-1,-1
296,2,1497.964,431.116,263.926,447.397,0.929068,-1,-1,-1
296,4,1157.558,434.771,54.575,119.416,0.814521,-1,-1,-1
296,14,998.820,390.163,255.532,654.424,0.910033,-1,-1,-1
296,85,504.608,452.016,42.336,104.765,0.843634,-1,-1,-1
296,90,583.272,459.502,25.249,55.316,0.686554,-1,-1,-1
296,95,753.874,445.555,69.791,201.927,0.867790,-1,-1,-1
296,97,682.170,474.902,39.527,104.436,0.600088,-1,-1,-1
296,107,1372.640,439.005,44.274,105.557,0.687496,-1,-1,-1
296,109,1836.117,386.807,83.518,258.294,0.805725,-1,-1,-1
296,130,576.181,459.349,27.190,58.949,0.678708,-1,-1,-1
296,146,837.637,405.758,182.687,520.572,0.950857,-1,-1,-1
296,150,553.074,456.749,27.195,59.742,0.642280,-1,-1,-1
296,155,1393.534,423.292,142.427,295.954,0.899052,-1,-1,-1
296,170,678.167,479.546,53.800,123.938,0.839964,-1,-1,-1
296,173,713.741,477.738,39.540,115.432,0.649719,-1,-1,-1
297,2,1510.503,431.541,263.691,448.757,0.922702,-1,-1,-1
297,3,380.379,470.262,46.438,97.597,0.639389,-1,-1,-1
297,4,1157.128,436.304,56.091,118.467,0.850754,-1,-1,-1
297,14,997.719,398.426,257.159,639.444,0.925979,-1,-1,-1
297,85,504.997,449.142,42.951,106.745,0.791849,-1,-1,-1
297,90,582.854,459.910,25.423,55.657,0.637434,-1,-1,-1
297,95,760.264,443.829,69.100,206.669,0.882948,-1,-1,-1
297,107,1378.394,446.186,41.588,100.228,0.697631,-1,-1,-1
297,109,1830.500,385.344,88.407,271.016,0.742096,-1,-1,-1
297,130,575.113,459.517,26.857,58.410,0.623776,-1,-1,-1
297,146,840.504,412.971,179.109,514.297,0.951171,-1,-1,-1
297,155,1393.605,454.186,118.617,256.334,0.818303,-1,-1,-1
297,170,678.344,480.268,53.332,123.447,0.841433,-1,-1,-1
297,173,718.493,475.254,40.322,117.158,0.673232,-1,-1,-1
298,2,1542.019,430.747,243.507,452.207,0.926141,-1,-1,-1
298,4,1156.655,435.964,57.561,117.788,0.857026,-1,-1,-1
298,14,997.822,409.975,238.725,613.720,0.912923,-1,-1,-1
298,82,1560.710,428.237,130.386,309.886,0.652036,-1,-1,-1
298,85,505.159,450.475,42.456,105.893,0.814382,-1,-1,-1
298,89,721.538,470.677,42.922,121.634,0.755062,-1,-1,-1
298,90,582.709,461.804,24.815,54.042,0.637179,-1,-1,-1
298,95,761.906,444.055,71.651,202.427,0.899274,-1,-1,-1
298,109,1831.939,386.652,87.933,270.017,0.747975,-1,-1,-1
298,130,575.598,461.985,25.930,56.316,0.633024,-1,-1,-1
298,146,843.630,415.882,175.905,511.327,0.951689,-1,-1,-1
298,154,1686.200,426.515,98.651,185.036,0.622948,-1,-1,-1
298,155,1394.664,436.875,137.705,273.364,0.919884,-1,-1,-1
298,170,678.243,480.988,54.442,126.521,0.851678,-1,-1,-1
298,173,713.939,477.427,39.361,115.198,0.623620,-1,-1,-1
298,181,731.448,469.508,46.490,131.837,0.768802,-1,-1,-1
299,2,1553.163,430.065,236.439,453.987,0.930313,-1,-1,-1
299,3,378.645,468.039,45.880,100.422,0.641698,-1,-1,-1
299,4,1156.294,435.126,57.875,118.731,0.827688,-1,-1,-1
299,14,1002.763,396.424,246.745,638.159,0.924122,-1,-1,-1
299,82,1563.905,430.298,117.227,289.344,0.723808,-1,-1,-1
299,85,504.887,451.120,42.547,105.577,0.780212,-1,-1,-1
299,89,730.931,471.904,45.487,124.898,0.780489,-1,-1,-1
299,90,584.151,463.181,24.505,52.815,0.609906,-1,-1,-1
299,95,761.259,447.256,75.279,201.558,0.911907,-1,-1,-1
299,107,1378.180,437.093,46.287,113.421,0.667438,-1,-1,-1
299,109,1835.614,384.035,85.128,266.811,0.820725,-1,-1,-1
299,130,576.957,463.613,25.389,54.733,0.610505,-1,-1,-1
299,146,844.737,413.824,175.514,514.813,0.949706,-1,-1,-1
299,155,1388.055,446.860,114.847,260.424,0.919765,-1,-1,-1
299,170,679.769,484.042,52.449,123.074,0.849440,-1,-1,-1
299,173,716.873,475.973,41.051,119.326,0.748138,-1,-1,-1
300,2,1567.643,419.273,231.685,465.371,0.934198,-1,-1,-1
300,3,379.930,467.791,44.213,98.432,0.627461,-1,-1,-1
300,4,1157.609,435.354,57.227,116.801,0.793961,-1,-1,-1
300,14,1009.484,403.724,252.155,607.321,0.926958,-1,-1,-1
300,82,1557.185,427.793,151.537,389.548,0.735576,-1,-1,-1
300,85,506.149,452.220,41.581,104.030,0.813651,-1,-1,-1
300,89,722.322,479.844,40.302,110.081,0.756634,-1,-1,-1
300,95,758.783,445.691,80.832,203.777,0.912614,-1,-1,-1
300,109,1829.849,389.366,87.096,266.045,0.731757,-1,-1,-1
300,130,576.228,464.805,24.928,53.287,0.618054,-1,-1,-1
300,146,852.747,413.111,168.503,518.649,0.937170,-1,-1,-1
300,155,1384.303,443.721,104.073,264.867,0.914427,-1,-1,-1
300,170,678.958,480.951,52.091,125.510,0.845466,-1,-1,-1
300,173,712.915,482.816,38.894,111.229,0.741715,-1,-1,-1
300,181,737.876,476.443,45.508,123.054,0.743616,-1,-1,-1
301,2,1581.404,419.206,223.731,467.471,0.930024,-1,-1,-1
301,3,379.309,468.150,45.159,102.079,0.646109,-1,-1,-1
301,4,1157.497,436.926,57.394,116.254,0.830907,-1,-1,-1
301,14,1007.845,396.997,261.219,603.250,0.934062,-1,-1,-1
301,82,1561.199,413.410,170.673,434.976,0.828046,-1,-1,-1
301,85,505.066,454.140,41.163,104.056,0.785754,-1,-1,-1
301,89,718.118,475.086,43.181,113.790,0.789520,-1,-1,-1
301,95,766.578,450.249,78.795,199.005,0.913152,-1,-1,-1
301,97,683.373,474.875,38.448,100.592,0.634069,-1,-1,-1
301,109,1829.043,396.271,86.893,255.143,0.731790,-1,-1,-1
301,125,662.988,472.444,27.969,63.789,0.624893,-1,-1,-1
301,130,576.279,465.337,25.070,52.998,0.645909,-1,-1,-1
301,146,856.761,406.783,168.784,525.277,0.932741,-1,-1,-1
301,155,1377.029,418.548,97.371,292.586,0.933605,-1,-1,-1
301,170,678.902,480.711,51.808,127.116,0.852293,-1,-1,-1
301,173,708.745,479.368,39.393,113.961,0.743849,-1,-1,-1
301,181,735.699,472.179,46.052,121.967,0.803875,-1,-1,-1
302,2,1622.632,424.544,192.690,460.201,0.931178,-1,-1,-1
302,3,379.402,467.555,45.303,102.977,0.681968,-1,-1,-1
302,4,1159.358,438.861,58.176,116.854,0.779454,-1,-1,-1
302,14,1004.751,405.936,262.773,619.238,0.935368,-1,-1,-1
302,82,1571.512,423.708,149.544,374.467,0.847080,-1,-1,-1
302,85,504.126,452.301,42.227,107.272,0.790996,-1,-1,-1
302,89,721.976,475.423,45.789,114.851,0.788632,-1,-1,-1
302,95,767.739,455.677,80.662,192.651,0.913027,-1,-1,-1
302,97,681.628,473.049,36.152,91.899,0.628179,-1,-1,-1
302,109,1830.664,420.264,85.368,239.677,0.757594,-1,-1,-1
302,125,663.227,471.560,28.109,64.678,0.606815,-1,-1,-1
302,130,575.972,464.717,25.514,53.527,0.657167,-1,-1,-1
302,146,855.845,405.132,169.531,534.480,0.923278,-1,-1,-1
302,155,1369.408,428.118,92.320,283.911,0.923489,-1,-1,-1
302,170,679.563,481.707,51.514,124.866,0.846858,-1,-1,-1
302,173,703.958,478.934,40.239,116.831,0.737867,-1,-1,-1
302,181,735.157,473.696,45.968,121.058,0.824196,-1,-1,-1
302,184,1865.673,390.482,54.304,263.903,0.695635,-1,-1,-1
303,2,1636.125,416.020,189.695,484.301,0.926600,-1,-1,-1
303,3,378.818,467.404,45.272,102.797,0.696248,-1,-1,-1
303,4,1166.453,432.283,58.161,119.899,0.660286,-1,-1,-1
303,14,1002.271,411.917,267.647,615.649,0.928139,-1,-1,-1
303,82,1582.622,422.258,137.474,349.701,0.863450,-1,-1,-1
303,85,503.778,450.904,43.598,110.134,0.796786,-1,-1,-1
303,89,717.379,472.777,46.998,118.126,0.760316,-1,-1,-1
303,95,767.159,452.924,85.075,197.534,0.915309,-1,-1,-1
303,109,1829.927,421.508,86.632,236.183,0.732634,-1,-1,-1
303,125,662.494,465.536,29.648,69.754,0.651850,-1,-1,-1
303,130,575.653,464.153,25.609,53.806,0.649704,-1,-1,-1
303,146,857.167,409.043,168.927,535.697,0.923103,-1,-1,-1
303,155,1358.914,416.557,92.885,294.862,0.929403,-1,-1,-1
303,170,679.023,478.809,53.300,128.205,0.832832,-1,-1,-1
303,173,703.493,477.017,40.494,117.786,0.724565,-1,-1,-1
303,181,736.674,472.968,46.182,121.795,0.814069,-1,-1,-1
303,184,1865.364,388.336,54.630,265.457,0.663211,-1,-1,-1
303,185,2.718,422.373,114.157,449.429,0.783784,-1,-1,-1
304,2,1648.276,416.721,183.782,487.284,0.928640,-1,-1,-1
304,3,380.081,467.980,43.998,101.528,0.678655,-1,-1,-1
304,4,1165.839,429.832,58.228,123.171,0.815271,-1,-1,-1
304,14,1007.465,413.150,265.563,616.500,0.933206,-1,-1,-1
304,82,1581.296,409.207,148.714,394.193,0.874727,-1,-1,-1
304,85,503.732,452.596,43.065,108.339,0.811467,-1,-1,-1
304,90,582.636,462.758,24.875,52.986,0.605402,-1,-1,-1
304,95,769.432,451.662,82.072,197.569,0.911719,-1,-1,-1
304,109,1830.906,430.959,84.600,225.946,0.624349,-1,-1,-1
304,125,661.579,463.189,30.444,72.967,0.667887,-1,-1,-1
304,130,575.381,462.348,26.055,55.078,0.649410,-1,-1,-1
304,146,856.262,408.758,168.484,537.323,0.930645,-1,-1,-1
304,155,1351.492,411.902,96.703,297.364,0.925941,-1,-1,-1
304,170,678.240,477.151,53.601,129.054,0.831452,-1,-1,-1
304,173,703.149,476.261,40.020,117.912,0.688660,-1,-1,-1
304,181,734.429,472.086,46.021,121.861,0.811202,-1,-1,-1
304,185,9.835,524.758,107.297,344.356,0.837486,-1,-1,-1
305,2,1655.042,404.949,189.782,505.992,0.928767,-1,-1,-1
305,3,377.123,468.389,45.432,102.301,0.733666,-1,-1,-1
305,4,1178.384,435.990,47.798,114.674,0.848693,-1,-1,-1
305,14,1006.283,404.694,260.654,617.312,0.936662,-1,-1,-1
305,73,1156.748,434.012,39.918,105.324,0.636425,-1,-1,-1
305,82,1587.608,402.245,161.585,407.173,0.891434,-1,-1,-1
305,85,503.762,453.431,43.610,108.115,0.793856,-1,-1,-1
305,90,582.438,461.892,25.152,53.282,0.603516,-1,-1,-1
305,95,768.377,452.208,85.668,198.244,0.911201,-1,-1,-1
305,109,1829.336,418.867,88.967,236.207,0.643204,-1,-1,-1
305,125,661.320,464.126,29.993,72.038,0.672194,-1,-1,-1
305,130,575.139,460.891,26.623,56.521,0.642223,-1,-1,-1
305,146,860.773,408.249,163.809,539.640,0.929946,-1,-1,-1
305,150,556.656,461.795,25.591,55.457,0.605827,-1,-1,-1
305,155,1330.562,415.833,115.828,291.530,0.931860,-1,-1,-1
305,170,678.394,478.809,54.699,129.437,0.842526,-1,-1,-1
305,173,701.917,475.857,40.849,120.672,0.715906,-1,-1,-1
305,177,1299.361,420.243,48.250,128.832,0.654850,-1,-1,-1
305,181,736.122,472.141,46.668,124.065,0.822962,-1,-1,-1
305,185,-0.946,482.579,118.669,385.250,0.789572,-1,-1,-1
306,2,1654.870,407.551,200.464,506.131,0.933356,-1,-1,-1
306,3,375.787,468.186,46.922,102.768,0.704913,-1,-1,-1
306,4,1180.003,437.388,45.680,113.356,0.864061,-1,-1,-1
306,14,1008.395,407.090,261.382,602.651,0.927966,-1,-1,-1
306,82,1587.899,403.480,168.412,403.833,0.892792,-1,-1,-1
306,85,502.793,453.982,43.434,108.485,0.834405,-1,-1,-1
306,95,772.889,444.153,85.998,209.754,0.907757,-1,-1,-1
306,97,695.521,465.151,42.626,111.566,0.600563,-1,-1,-1
306,109,1832.513,420.636,86.908,230.476,0.635999,-1,-1,-1
306,125,660.097,461.072,31.184,75.882,0.676235,-1,-1,-1
306,130,576.306,459.836,27.083,57.638,0.677256,-1,-1,-1
306,146,863.247,409.491,164.964,535.511,0.926583,-1,-1,-1
306,155,1314.081,410.600,133.482,292.788,0.941818,-1,-1,-1
306,170,680.031,478.928,54.078,124.519,0.831063,-1,-1,-1
306,173,704.550,473.657,40.810,120.839,0.670325,-1,-1,-1
306,177,1298.594,420.438,49.738,137.364,0.664184,-1,-1,-1
306,181,735.169,470.727,47.833,125.352,0.810485,-1,-1,-1
306,185,-8.330,393.573,114.734,475.135,0.883156,-1,-1,-1
307,2,1659.063,419.084,212.163,497.836,0.931325,-1,-1,-1
307,3,375.847,468.286,47.660,102.747,0.695027,-1,-1,-1
307,4,1180.865,436.263,45.760,114.956,0.858319,-1,-1,-1
307,14,1007.144,420.347,261.897,590.506,0.924487,-1,-1,-1
307,82,1589.402,402.350,175.371,403.026,0.889824,-1,-1,-1
307,85,503.296,456.422,42.133,104.851,0.807965,-1,-1,-1
307,95,778.767,445.161,81.345,208.116,0.921448,-1,-1,-1
307,125,660.149,456.885,32.053,78.017,0.680116,-1,-1,-1
307,130,577.379,457.447,27.562,59.404,0.669403,-1,-1,-1
307,146,864.354,406.701,164.531,540.843,0.929385,-1,-1,-1
307,155,1311.835,428.758,139.242,276.145,0.946020,-1,-1,-1
307,170,679.676,479.157,55.594,124.561,0.827628,-1,-1,-1
307,173,703.231,477.322,39.806,116.120,0.653964,-1,-1,-1
307,177,1299.071,429.409,44.922,121.186,0.613713,-1,-1,-1
307,181,734.018,471.671,49.442,127.151,0.806979,-1,-1,-1
307,185,-1.677,389.025,107.254,475.405,0.910005,-1,-1,-1
308,2,1666.943,423.573,243.030,482.489,0.919789,-1,-1,-1
308,3,381.343,471.256,43.303,93.915,0.610450,-1,-1,-1
308,4,1183.269,439.385,45.796,112.226,0.855184,-1,-1,-1
308,14,1007.495,406.708,264.897,602.341,0.934250,-1,-1,-1
308,82,1595.887,408.089,176.045,399.650,0.907115,-1,-1,-1
308,85,501.694,456.226,43.052,105.982,0.845625,-1,-1,-1
308,95,781.851,448.248,79.207,205.404,0.915136,-1,-1,-1
308,109,1833.897,422.592,86.193,229.523,0.631498,-1,-1,-1
308,125,661.195,463.620,30.070,72.675,0.640059,-1,-1,-1
308,130,578.968,459.732,26.511,57.428,0.643818,-1,-1,-1
308,146,864.753,408.678,166.240,534.748,0.927472,-1,-1,-1
308,155,1301.218,428.671,147.357,272.180,0.933013,-1,-1,-1
308,170,681.003,482.138,54.347,119.624,0.815774,-1,-1,-1
308,173,702.315,480.022,40.031,116.119,0.721841,-1,-1,-1
308,177,1298.417,421.240,50.177,134.871,0.757314,-1,-1,-1
308,181,734.426,478.412,48.238,119.330,0.836487,-1,-1,-1
308,185,-2.578,389.212,96.962,476.981,0.909262,-1,-1,-1
309,2,1659.223,418.457,259.592,496.201,0.939998,-1,-1,-1
309,3,374.769,464.930,48.456,106.000,0.746552,-1,-1,-1
309,4,1184.404,442.998,45.186,109.904,0.797804,-1,-1,-1
309,14,1005.697,408.235,265.635,599.134,0.936201,-1,-1,-1
309,82,1606.957,407.840,185.251,398.315,0.894175,-1,-1,-1
309,85,500.474,451.234,44.995,110.289,0.836576,-1,-1,-1
309,95,784.671,452.388,80.527,201.275,0.923137,-1,-1,-1
309,125,661.099,464.767,29.798,70.992,0.636083,-1,-1,-1
309,130,579.156,456.872,27.727,59.855,0.714747,-1,-1,-1
309,132,532.016,456.351,28.728,59.263,0.631665,-1,-1,-1
309,146,866.506,414.522,167.114,534.785,0.928897,-1,-1,-1
309,150,555.405,456.688,27.376,58.923,0.662894,-1,-1,-1
309,155,1295.929,427.825,145.371,274.561,0.925149,-1,-1,-1
309,170,681.418,483.012,54.940,118.059,0.779483,-1,-1,-1
309,173,702.427,479.627,41.184,116.678,0.695579,-1,-1,-1
309,177,1297.139,421.557,52.442,135.377,0.649924,-1,-1,-1
309,181,733.704,479.866,49.421,119.191,0.820418,-1,-1,-1
309,185,0.342,392.734,97.372,469.240,0.922747,-1,-1,-1
310,2,1658.146,427.354,261.242,489.118,0.944158,-1,-1,-1
310,3,372.408,463.456,49.474,108.026,0.791865,-1,-1,-1
310,4,1184.225,439.135,46.422,113.357,0.774934,-1,-1,-1
310,14,1006.112,404.281,265.956,611.214,0.946164,-1,-1,-1
310,82,1609.070,415.218,184.760,391.824,0.903286,-1,-1,-1
310,85,497.909,449.446,46.371,112.401,0.837833,-1,-1,-1
310,89,732.627,466.839,51.159,129.851,0.834333,-1,-1,-1
310,95,791.058,451.257,81.201,203.122,0.926558,-1,-1,-1
310,97,694.043,459.026,42.632,112.652,0.634415,-1,-1,-1
310,125,659.212,460.272,31.650,75.770,0.665640,-1,-1,-1
310,130,576.911,455.171,28.797,61.771,0.720618,-1,-1,-1
310,132,531.391,454.391,29.313,61.170,0.639956,-1,-1,-1
310,146,864.632,411.325,164.662,535.869,0.931609,-1,-1,-1
310,150,556.407,454.176,27.655,61.258,0.679521,-1,-1,-1
310,155,1294.787,439.271,139.773,263.831,0.929644,-1,-1,-1
310,170,678.593,477.853,56.711,124.753,0.770557,-1,-1,-1
310,173,700.176,468.555,44.928,127.060,0.706967,-1,-1,-1
310,184,1856.283,386.436,60.451,272.333,0.623952,-1,-1,-1
310,185,0.822,405.945,97.894,454.662,0.916806,-1,-1,-1
311,2,1666.436,425.646,254.285,503.601,0.949314,-1,-1,-1
311,3,373.492,462.919,48.521,108.110,0.804134,-1,-1,-1
311,4,1184.282,442.476,45.161,110.200,0.771880,-1,-1,-1
311,14,1005.939,397.331,268.727,624.805,0.939904,-1,-1,-1
311,82,1607.984,409.443,187.327,409.736,0.908735,-1,-1,-1
311,85,497.683,448.974,46.887,113.449,0.831458,-1,-1,-1
311,95,792.183,453.638,75.687,201.104,0.917865,-1,-1,-1
311,97,693.627,464.215,42.864,114.801,0.665920,-1,-1,-1
311,125,660.111,464.620,30.551,72.433,0.671376,-1,-1,-1
311,130,576.822,456.872,27.969,59.792,0.702391,-1,-1,-1
311,132,531.787,452.999,29.691,62.103,0.625311,-1,-1,-1
311,146,864.154,406.579,161.464,540.555,0.933078,-1,-1,-1
311,150,556.275,454.552,27.385,60.570,0.665011,-1,-1,-1
311,155,1291.709,437.130,128.733,260.419,0.901816,-1,-1,-1
311,170,679.817,479.308,54.858,122.402,0.787257,-1,-1,-1
311,173,702.259,474.737,41.640,118.575,0.706448,-1,-1,-1
311,181,732.743,469.520,50.606,125.561,0.844688,-1,-1,-1
311,185,2.085,406.737,110.699,454.991,0.930815,-1,-1,-1
312,2,1672.289,427.387,247.708,502.050,0.950714,-1,-1,-1
312,3,373.752,462.688,48.672,107.793,0.774464,-1,-1,-1
312,4,1188.221,447.820,45.319,106.364,0.846986,-1,-1,-1
312,14,1009.926,412.825,267.654,604.190,0.944544,-1,-1,-1
312,82,1617.260,411.406,191.406,409.761,0.901536,-1,-1,-1
312,85,497.368,453.919,44.645,109.076,0.830849,-1,-1,-1
312,95,793.580,455.641,77.053,198.238,0.914706,-1,-1,-1
312,97,693.954,468.630,41.172,109.499,0.655089,-1,-1,-1
312,125,660.934,470.791,28.890,66.503,0.653951,-1,-1,-1
312,130,576.830,460.514,27.049,56.761,0.722227,-1,-1,-1
312,132,537.407,455.512,28.899,59.418,0.612933,-1,-1,-1
312,146,861.691,410.344,166.980,532.865,0.934479,-1,-1,-1
312,150,554.354,457.481,26.574,57.334,0.646261,-1,-1,-1
312,155,1288.563,419.215,117.165,272.166,0.911617,-1,-1,-1
312,170,680.182,480.707,54.423,122.548,0.804193,-1,-1,-1
312,173,704.193,477.825,40.966,116.462,0.681724,-1,-1,-1
312,181,733.462,471.232,49.747,124.675,0.838372,-1,-1,-1
312,184,1848.227,384.516,71.383,320.082,0.679091,-1,-1,-1
312,185,1.767,396.603,127.113,467.116,0.939843,-1,-1,-1
313,2,1664.761,419.772,254.494,503.314,0.944813,-1,-1,-1
313,3,372.777,461.617,49.546,110.649,0.801538,-1,-1,-1
313,4,1189.464,446.079,45.643,105.763,0.843787,-1,-1,-1
313,14,1010.714,399.303,267.078,619.132,0.941394,-1,-1,-1
313,82,1617.829,411.405,194.980,417.376,0.898244,-1,-1,-1
313,85,495.649,451.367,46.435,111.494,0.831149,-1,-1,-1
313,95,795.542,454.287,78.725,199.278,0.900843,-1,-1,-1
313,97,693.277,465.639,41.106,106.941,0.621272,-1,-1,-1
313,125,662.008,475.492,27.431,61.295,0.617123,-1,-1,-1
313,130,578.253,458.411,27.450,57.865,0.717059,-1,-1,-1
313,146,859.182,414.015,170.021,533.190,0.933254,-1,-1,-1
313,150,555.949,455.937,26.718,57.659,0.604451,-1,-1,-1
313,155,1282.464,410.785,110.019,281.675,0.896375,-1,-1,-1
313,170,681.612,479.753,55.225,123.146,0.810443,-1,-1,-1
313,173,702.396,475.655,41.780,118.219,0.664781,-1,-1,-1
313,181,732.631,469.510,50.262,125.828,0.845030,-1,-1,-1
313,185,2.977,391.675,146.234,472.969,0.940809,-1,-1,-1
314,2,1666.212,418.633,254.627,511.940,0.925348,-1,-1,-1
314,3,373.792,462.547,48.150,109.053,0.797205,-1,-1,-1
314,4,1188.611,441.092,47.893,111.503,0.867375,-1,-1,-1
314,14,1016.772,409.531,260.245,606.936,0.930247,-1,-1,-1
314,82,1620.966,416.418,196.347,407.767,0.899094,-1,-1,-1
314,85,496.254,451.478,46.681,111.929,0.825650,-1,-1,-1
314,95,797.627,449.383,78.684,204.416,0.913772,-1,-1,-1
314,125,659.362,470.273,27.712,62.910,0.601292,-1,-1,-1
314,130,581.180,458.980,26.357,55.696,0.699535,-1,-1,-1
314,146,858.358,417.976,171.988,528.020,0.935215,-1,-1,-1
314,155,1275.447,425.883,99.059,264.418,0.909687,-1,-1,-1
314,170,678.763,480.634,56.036,126.184,0.830781,-1,-1,-1
314,173,703.318,479.895,40.545,114.702,0.668040,-1,-1,-1
314,181,733.367,473.722,48.889,122.509,0.839113,-1,-1,-1
314,185,3.565,407.419,157.938,447.035,0.936354,-1,-1,-1
315,2,1656.199,418.457,259.530,487.847,0.914918,-1,-1,-1
315,3,374.089,463.261,47.840,109.390,0.817761,-1,-1,-1
315,4,1188.667,439.851,47.667,111.087,0.851511,-1,-1,-1
315,14,1023.154,393.673,259.489,621.470,0.933219,-1,-1,-1
315,82,1630.271,417.039,194.317,394.744,0.865742,-1,-1,-1
315,85,495.317,450.503,46.835,112.487,0.851340,-1,-1,-1
315,95,801.285,447.980,78.248,204.087,0.897227,-1,-1,-1
315,97,693.931,469.749,43.035,112.764,0.647817,-1,-1,-1
315,125,659.643,470.907,27.227,62.529,0.635620,-1,-1,-1
315,130,583.031,458.636,26.022,54.561,0.672063,-1,-1,-1
315,132,532.141,453.078,29.310,61.139,0.610217,-1,-1,-1
315,146,854.385,412.861,179.846,535.949,0.934540,-1,-1,-1
315,150,555.325,454.036,27.802,59.994,0.605823,-1,-1,-1
315,155,1272.293,421.017,89.594,268.983,0.915028,-1,-1,-1
315,170,680.008,481.706,54.349,120.099,0.814893,-1,-1,-1
315,173,702.792,478.626,41.334,116.444,0.703863,-1,-1,-1
315,181,733.344,473.287,48.857,122.163,0.847235,-1,-1,-1
315,185,4.038,401.046,187.749,453.428,0.945255,-1,-1,-1
316,2,1759.609,417.114,177.802,528.791,0.928976,-1,-1,-1
316,3,374.364,462.139,47.435,109.587,0.794171,-1,-1,-1
316,4,1188.065,440.026,48.826,112.143,0.866478,-1,-1,-1
316,14,1029.789,398.715,251.626,612.707,0.934679,-1,-1,-1
316,82,1637.258,412.949,190.160,390.518,0.885220,-1,-1,-1
316,85,496.138,449.353,46.763,113.265,0.874072,-1,-1,-1
316,95,802.763,443.327,76.075,210.458,0.900574,-1,-1,-1
316,107,1420.332,434.915,43.295,113.423,0.775004,-1,-1,-1
316,125,660.381,470.872,28.419,64.817,0.605590,-1,-1,-1
316,130,578.890,457.616,27.654,58.181,0.691526,-1,-1,-1
316,146,859.092,415.292,173.600,531.019,0.937749,-1,-1,-1
316,150,554.916,453.830,28.108,60.364,0.631822,-1,-1,-1
316,155,1265.126,418.769,89.725,270.683,0.908931,-1,-1,-1
316,170,679.601,479.333,55.325,121.868,0.816445,-1,-1,-1
316,173,701.931,475.400,42.237,119.602,0.701904,-1,-1,-1
316,181,733.280,471.746,49.271,123.983,0.835716,-1,-1,-1
316,185,21.560,397.299,218.100,459.792,0.950880,-1,-1,-1
317,2,1776.583,403.032,152.483,542.049,0.908663,-1,-1,-1
317,3,374.067,461.353,47.752,111.260,0.790190,-1,-1,-1
317,4,1190.323,440.244,46.962,111.572,0.849045,-1,-1,-1
317,14,1034.194,395.947,246.643,614.573,0.935661,-1,-1,-1
317,82,1652.188,405.466,204.651,417.554,0.869443,-1,-1,-1
317,85,494.898,447.920,46.653,114.555,0.854737,-1,-1,-1
317,95,804.530,438.654,81.107,219.875,0.899254,-1,-1,-1
317,107,1422.334,433.767,43.809,114.817,0.852752,-1,-1,-1
317,125,661.250,473.796,27.695,62.542,0.601387,-1,-1,-1
317,130,579.823,458.543,27.212,57.631,0.685419,-1,-1,-1
317,146,862.593,413.686,172.420,533.741,0.939451,-1,-1,-1
317,150,553.902,453.144,28.216,60.877,0.608617,-1,-1,-1
317,155,1258.193,425.791,88.707,261.791,0.916884,-1,-1,-1
317,170,680.280,480.164,55.905,121.651,0.821169,-1,-1,-1
317,173,700.028,475.200,42.460,120.327,0.734330,-1,-1,-1
317,181,732.777,470.136,49.920,126.634,0.828166,-1,-1,-1
317,185,19.741,389.085,240.885,467.552,0.935719,-1,-1,-1
318,2,1790.083,404.111,135.294,538.576,0.900123,-1,-1,-1
318,3,373.923,461.865,47.209,110.944,0.806136,-1,-1,-1
318,4,1197.556,442.127,43.028,105.818,0.826810,-1,-1,-1
318,14,1037.212,398.297,244.070,615.607,0.935513,-1,-1,-1
318,82,1660.474,402.805,197.450,428.246,0.889882,-1,-1,-1
318,85,493.603,446.157,47.375,116.519,0.840959,-1,-1,-1
318,95,805.094,442.298,84.124,217.595,0.904013,-1,-1,-1
318,107,1425.928,430.737,44.979,118.580,0.869759,-1,-1,-1
318,130,579.923,460.192,26.398,55.823,0.655847,-1,-1,-1
318,146,862.206,415.474,174.312,532.645,0.938090,-1,-1,-1
318,155,1259.107,430.920,87.796,260.440,0.919797,-1,-1,-1
318,170,681.138,481.449,56.246,120.033,0.813332,-1,-1,-1
318,173,701.187,478.327,41.326,117.089,0.701458,-1,-1,-1
318,181,731.773,470.962,49.574,125.904,0.840558,-1,-1,-1
318,185,15.797,390.151,265.136,462.938,0.938230,-1,-1,-1
319,2,1788.860,395.040,132.700,545.968,0.897748,-1,-1,-1
319,3,373.957,460.922,47.573,111.743,0.788125,-1,-1,-1
319,4,1203.951,446.245,42.141,102.251,0.804859,-1,-1,-1
319,14,1036.704,396.733,237.961,615.671,0.936243,-1,-1,-1
319,82,1676.169,399.384,184.840,444.110,0.913922,-1,-1,-1
319,85,494.448,444.657,47.308,117.583,0.854215,-1,-1,-1
319,95,805.391,441.996,87.638,220.102,0.901742,-1,-1,-1
319,107,1428.190,430.494,46.452,118.560,0.877000,-1,-1,-1
319,130,579.190,459.439,26.565,56.240,0.647819,-1,-1,-1
319,146,862.438,415.680,174.068,533.428,0.942243,-1,-1,-1
319,155,1247.834,431.341,97.137,257.564,0.894944,-1,-1,-1
319,170,679.537,478.822,57.475,122.506,0.823265,-1,-1,-1
319,173,700.656,473.941,42.277,120.856,0.695066,-1,-1,-1
319,181,731.662,469.519,50.125,128.133,0.835281,-1,-1,-1
319,185,5.037,394.800,287.452,464.433,0.948697,-1,-1,-1
320,2,1814.799,409.918,110.257,530.997,0.904261,-1,-1,-1
320,3,374.386,462.345,47.102,109.659,0.773961,-1,-1,-1
320,4,1204.824,446.388,42.782,106.139,0.819564,-1,-1,-1
320,14,1037.422,401.949,232.659,602.827,0.936377,-1,-1,-1
320,82,1688.723,395.912,178.608,446.673,0.921140,-1,-1,-1
320,85,493.763,443.432,47.949,118.468,0.857872,-1,-1,-1
320,95,807.891,445.810,86.009,212.713,0.887316,-1,-1,-1
320,107,1432.095,430.553,44.833,117.777,0.883384,-1,-1,-1
320,130,578.830,458.614,26.787,57.305,0.705961,-1,-1,-1
320,146,860.938,413.430,179.092,535.673,0.936343,-1,-1,-1
320,155,1234.729,423.373,106.146,265.615,0.881635,-1,-1,-1
320,170,678.684,479.720,56.288,121.579,0.808867,-1,-1,-1
320,173,700.755,473.739,42.331,121.297,0.693960,-1,-1,-1
320,181,732.369,470.844,49.803,126.264,0.795759,-1,-1,-1
320,185,19.176,390.763,281.307,464.426,0.945762,-1,-1,-1
321,2,1835.523,407.553,89.702,537.299,0.912752,-1,-1,-1
321,3,374.097,462.258,47.142,109.778,0.790569,-1,-1,-1
321,4,1207.231,446.343,41.088,101.533,0.806745,-1,-1,-1
321,14,1036.781,402.149,227.961,600.873,0.932961,-1,-1,-1
321,82,1704.731,399.945,163.724,447.315,0.930286,-1,-1,-1
321,85,492.780,443.623,48.164,118.504,0.850811,-1,-1,-1
321,95,813.996,447.299,79.134,207.704,0.878095,-1,-1,-1
321,107,1434.038,431.689,45.835,117.016,0.878245,-1,-1,-1
321,130,577.611,456.192,27.582,59.751,0.686808,-1,-1,-1
321,146,858.658,415.982,173.791,532.133,0.940433,-1,-1,-1
321,155,1235.739,429.974,107.169,257.838,0.904797,-1,-1,-1
321,170,679.517,479.634,56.062,122.757,0.802127,-1,-1,-1
321,173,701.373,472.839,41.418,120.861,0.697781,-1,-1,-1
321,181,731.542,469.422,50.068,127.571,0.749956,-1,-1,-1
321,185,16.954,407.381,283.167,441.483,0.946801,-1,-1,-1
322,2,1844.662,405.681,79.093,535.294,0.895353,-1,-1,-1
322,3,374.072,461.581,47.270,110.426,0.781506,-1,-1,-1
322,4,1208.385,449.354,38.918,94.170,0.770015,-1,-1,-1
322,14,1038.567,398.119,227.464,606.568,0.927319,-1,-1,-1
322,82,1714.349,391.774,169.985,459.150,0.926990,-1,-1,-1
322,85,489.654,445.960,49.977,117.931,0.861569,-1,-1,-1
322,95,812.357,447.409,80.912,209.991,0.878559,-1,-1,-1
322,107,1434.662,432.957,47.111,115.576,0.869187,-1,-1,-1
322,130,576.380,457.005,27.040,58.618,0.653402,-1,-1,-1
322,146,857.842,414.067,176.961,533.197,0.941797,-1,-1,-1
322,155,1235.069,426.749,109.571,261.232,0.902275,-1,-1,-1
322,170,679.591,480.199,55.365,122.607,0.796355,-1,-1,-1
322,173,701.215,469.572,41.651,123.272,0.730445,-1,-1,-1
322,181,732.405,468.872,49.487,126.574,0.778992,-1,-1,-1
322,185,17.871,399.761,292.113,449.034,0.940483,-1,-1,-1
323,2,1850.536,401.549,72.668,544.130,0.884403,-1,-1,-1
323,3,374.156,462.197,47.001,109.168,0.775880,-1,-1,-1
323,4,1206.540,450.042,41.357,99.662,0.678988,-1,-1,-1
323,14,1040.469,413.029,228.639,588.125,0.922172,-1,-1,-1
323,79,412.323,471.361,44.750,95.065,0.680810,-1,-1,-1
323,82,1736.070,395.271,171.135,452.750,0.922128,-1,-1,-1
323,85,490.114,447.055,48.673,116.655,0.852762,-1,-1,-1
323,95,817.028,445.307,80.901,213.718,0.881223,-1,-1,-1
323,97,694.062,462.639,40.975,107.222,0.665437,-1,-1,-1
323,107,1434.775,432.239,50.509,116.252,0.875904,-1,-1,-1
323,132,532.039,452.465,28.491,62.385,0.619221,-1,-1,-1
323,146,858.067,412.634,179.188,534.098,0.943782,-1,-1,-1
323,155,1226.327,441.657,112.839,242.516,0.888058,-1,-1,-1
323,170,679.446,477.445,55.577,124.905,0.716495,-1,-1,-1
323,173,702.263,467.264,42.431,126.658,0.681848,-1,-1,-1
323,181,733.451,467.950,48.343,125.472,0.740742,-1,-1,-1
323,185,22.344,407.457,289.346,441.519,0.947005,-1,-1,-1
324,2,1849.557,403.767,71.366,544.105,0.856793,-1,-1,-1
324,3,374.095,462.041,47.241,109.706,0.791906,-1,-1,-1
324,14,1038.643,401.984,226.752,602.055,0.922710,-1,-1,-1
324,79,411.312,469.352,46.234,97.570,0.665451,-1,-1,-1
324,82,1741.279,395.373,175.538,454.535,0.926448,-1,-1,-1
324,85,487.795,447.431,49.266,115.949,0.854466,-1,-1,-1
324,95,822.308,447.622,84.544,216.676,0.869395,-1,-1,-1
324,97,694.595,468.558,40.015,103.258,0.609988,-1,-1,-1
324,107,1437.212,432.618,51.224,112.652,0.841034,-1,-1,-1
324,130,574.864,457.147,26.923,58.371,0.643558,-1,-1,-1
324,132,531.902,452.417,28.195,62.766,0.645829,-1,-1,-1
324,146,852.570,409.460,188.209,538.148,0.940481,-1,-1,-1
324,155,1215.037,433.904,118.750,247.425,0.884788,-1,-1,-1
324,170,679.424,478.990,54.726,124.212,0.800828,-1,-1,-1
324,173,702.918,470.191,41.193,123.275,0.612726,-1,-1,-1
324,181,733.889,468.719,48.064,126.415,0.705671,-1,-1,-1
324,185,30.314,406.801,277.606,443.592,0.940892,-1,-1,-1
325,2,1830.079,395.564,76.416,546.651,0.635120,-1,-1,-1
325,3,374.613,462.650,46.878,108.377,0.773535,-1,-1,-1
325,14,1040.354,402.606,224.343,601.361,0.920388,-1,-1,-1
325,82,1748.043,399.491,172.198,460.485,0.936951,-1,-1,-1
325,85,488.376,448.098,49.256,115.276,0.855809,-1,-1,-1
325,95,828.912,445.294,83.156,212.992,0.827337,-1,-1,-1
325,107,1442.427,436.984,56.609,110.084,0.867195,-1,-1,-1
325,130,580.455,457.650,26.022,56.207,0.614733,-1,-1,-1
325,132,532.103,453.071,27.467,61.425,0.615081,-1,-1,-1
325,146,841.551,411.581,196.478,536.348,0.937601,-1,-1,-1
325,155,1214.892,440.386,116.686,238.020,0.815874,-1,-1,-1
325,170,679.952,480.523,54.764,123.120,0.832776,-1,-1,-1
325,173,703.221,474.879,39.644,118.535,0.622292,-1,-1,-1
325,181,731.764,469.797,49.248,128.464,0.752092,-1,-1,-1
325,185,37.427,419.518,275.273,432.901,0.932415,-1,-1,-1
326,2,1846.511,392.126,75.747,553.635,0.625001,-1,-1,-1
326,3,374.779,462.501,47.913,109.977,0.749140,-1,-1,-1
326,14,1040.440,400.501,225.706,601.804,0.921261,-1,-1,-1
326,82,1753.587,393.434,167.845,484.951,0.947408,-1,-1,-1
326,85,485.752,446.140,51.266,117.687,0.871288,-1,-1,-1
326,90,574.615,458.276,25.703,55.994,0.606145,-1,-1,-1
326,95,830.609,445.394,81.618,212.284,0.814945,-1,-1,-1
326,97,685.398,476.558,38.438,95.502,0.621306,-1,-1,-1
326,107,1443.817,437.264,57.069,109.608,0.871961,-1,-1,-1
326,125,662.610,478.781,27.301,59.137,0.629931,-1,-1,-1
326,130,580.364,457.076,26.630,57.680,0.647775,-1,-1,-1
326,132,532.551,452.535,27.926,62.765,0.637876,-1,-1,-1
326,146,839.304,408.741,202.391,541.779,0.931637,-1,-1,-1
326,170,678.605,480.000,53.773,122.109,0.819888,-1,-1,-1
326,173,702.896,479.214,37.997,112.381,0.686866,-1,-1,-1
326,181,731.663,473.689,49.694,124.209,0.784626,-1,-1,-1
326,185,52.530,420.243,256.040,418.664,0.923486,-1,-1,-1
327,3,376.067,463.721,46.840,107.593,0.679342,-1,-1,-1
327,14,1042.278,386.619,227.200,625.000,0.923922,-1,-1,-1
327,82,1752.825,385.186,168.755,514.954,0.936359,-1,-1,-1
327,85,485.133,448.266,50.727,112.741,0.852801,-1,-1,-1
327,89,730.933,479.614,47.468,111.871,0.685437,-1,-1,-1
327,90,573.158,457.703,26.299,57.784,0.611829,-1,-1,-1
327,95,837.737,443.291,83.672,216.449,0.808097,-1,-1,-1
327,107,1445.040,437.268,57.439,108.509,0.858470,-1,-1,-1
327,146,845.141,411.278,195.235,538.915,0.933066,-1,-1,-1
327,170,678.130,477.691,54.761,122.806,0.775025,-1,-1,-1
327,173,702.134,477.813,40.197,115.895,0.623046,-1,-1,-1
327,185,79.024,435.687,228.398,394.123,0.928312,-1,-1,-1
328,3,376.962,463.866,46.644,107.482,0.668331,-1,-1,-1
328,14,1041.251,384.013,225.266,627.609,0.925490,-1,-1,-1
328,82,1751.674,381.456,168.523,517.832,0.939675,-1,-1,-1
328,85,484.256,449.271,50.708,111.196,0.848006,-1,-1,-1
328,89,730.230,477.279,49.418,115.040,0.732448,-1,-1,-1
328,95,852.418,450.990,65.118,168.927,0.742692,-1,-1,-1
328,97,686.428,474.229,35.856,81.846,0.611785,-1,-1,-1
328,107,1448.799,437.847,55.466,110.504,0.856400,-1,-1,-1
328,125,661.379,477.072,28.836,59.985,0.639316,-1,-1,-1
328,130,575.117,457.125,26.930,58.600,0.632290,-1,-1,-1
328,132,531.978,452.136,27.952,62.538,0.620969,-1,-1,-1
328,146,842.233,412.027,195.832,538.174,0.937930,-1,-1,-1
328,150,553.747,453.689,28.085,61.342,0.621772,-1,-1,-1
328,155,1185.554,428.887,91.510,209.375,0.750900,-1,-1,-1
328,170,681.041,481.713,54.945,118.837,0.796981,-1,-1,-1
328,185,92.924,407.268,223.599,424.848,0.927003,-1,-1,-1
329,3,377.832,463.994,46.890,108.014,0.662913,-1,-1,-1
329,14,1040.428,394.214,217.741,618.264,0.928153,-1,-1,-1
329,82,1757.474,384.989,163.031,510.469,0.936761,-1,-1,-1
329,85,484.205,450.245,50.983,109.945,0.854223,-1,-1,-1
329,89,730.578,479.805,49.301,111.490,0.729226,-1,-1,-1
329,95,860.635,455.140,56.693,144.504,0.784538,-1,-1,-1
329,97,692.824,472.596,40.935,92.198,0.640133,-1,-1,-1
329,107,1453.935,435.766,51.542,110.023,0.868716,-1,-1,-1
329,125,660.711,474.293,30.068,62.082,0.650065,-1,-1,-1
329,130,574.527,458.302,26.381,57.231,0.620596,-1,-1,-1
329,132,532.537,452.744,27.510,61.216,0.608643,-1,-1,-1
329,146,847.820,413.266,194.940,537.194,0.944166,-1,-1,-1
329,154,1662.090,442.636,62.234,135.363,0.601015,-1,-1,-1
329,155,1189.959,437.253,76.756,175.624,0.679919,-1,-1,-1
329,170,681.518,481.422,55.581,118.744,0.774146,-1,-1,-1
329,173,700.564,478.491,40.262,113.317,0.600977,-1,-1,-1
329,185,120.443,440.425,185.587,388.857,0.941115,-1,-1,-1
330,3,375.136,463.778,49.227,109.228,0.710302,-1,-1,-1
330,14,1046.255,393.211,227.987,618.266,0.920099,-1,-1,-1
330,82,1758.109,387.864,161.719,502.105,0.937455,-1,-1,-1
330,85,483.283,448.376,52.413,112.111,0.852061,-1,-1,-1
330,95,865.141,453.542,49.138,119.916,0.645134,-1,-1,-1
330,107,1458.696,434.862,48.027,110.528,0.869943,-1,-1,-1
330,130,573.445,456.846,27.232,58.116,0.672707,-1,-1,-1
330,132,532.459,451.615,27.954,61.946,0.650700,-1,-1,-1
330,146,850.647,412.831,192.619,537.061,0.944537,-1,-1,-1
330,150,552.607,453.389,28.672,61.540,0.639430,-1,-1,-1
330,155,1183.904,422.343,79.022,183.916,0.630382,-1,-1,-1
330,170,680.467,478.543,58.104,121.734,0.772040,-1,-1,-1
330,181,731.338,470.845,52.468,126.251,0.732533,-1,-1,-1
330,185,131.123,413.976,184.233,414.278,0.930599,-1,-1,-1
331,3,374.769,461.058,50.383,111.176,0.711320,-1,-1,-1
331,14,1044.449,391.185,224.059,617.498,0.926463,-1,-1,-1
331,82,1760.556,391.574,158.450,468.065,0.940967,-1,-1,-1
331,85,482.924,446.649,51.719,113.305,0.852235,-1,-1,-1
331,107,1461.405,434.157,45.984,110.626,0.872441,-1,-1,-1
331,130,573.841,456.456,27.894,58.821,0.686688,-1,-1,-1
331,132,532.437,451.273,28.053,61.770,0.647912,-1,-1,-1
331,146,860.545,407.044,184.374,542.916,0.947474,-1,-1,-1
331,150,552.601,452.977,28.870,61.585,0.643427,-1,-1,-1
331,170,675.428,474.728,60.422,128.531,0.745733,-1,-1,-1
331,181,730.576,470.372,53.469,125.827,0.749923,-1,-1,-1
331,185,136.062,393.766,185.994,433.289,0.927416,-1,-1,-1
332,3,376.721,462.305,49.370,110.092,0.704365,-1,-1,-1
332,14,1049.027,397.104,236.779,611.416,0.922775,-1,-1,-1
332,79,409.868,450.295,49.896,114.708,0.640943,-1,-1,-1
332,82,1757.752,382.632,162.692,483.744,0.900535,-1,-1,-1
332,85,482.071,447.396,50.653,111.824,0.836282,-1,-1,-1
332,107,1463.799,433.209,45.630,114.134,0.879697,-1,-1,-1
332,125,659.594,469.931,31.467,64.722,0.625722,-1,-1,-1
332,130,573.849,454.371,29.060,60.324,0.703088,-1,-1,-1
332,132,538.966,450.496,28.701,63.257,0.661913,-1,-1,-1
332,146,863.456,410.599,183.183,539.401,0.946184,-1,-1,-1
332,150,548.121,451.532,29.039,62.405,0.661211,-1,-1,-1
332,170,676.779,475.603,59.234,128.006,0.692984,-1,-1,-1
332,185,147.560,409.295,198.092,415.247,0.933749,-1,-1,-1
333,3,378.823,469.036,44.973,101.948,0.731487,-1,-1,-1
333,4,1223.187,451.023,36.699,92.630,0.611452,-1,-1,-1
333,14,1047.984,395.111,238.958,614.630,0.917330,-1,-1,-1
333,79,413.988,458.218,42.811,102.469,0.656161,-1,-1,-1
333,82,1757.579,372.825,163.095,488.382,0.862812,-1,-1,-1
333,85,488.254,457.362,44.541,100.279,0.780051,-1,-1,-1
333,107,1467.711,432.881,45.334,112.808,0.835328,-1,-1,-1
333,125,661.017,472.086,30.835,63.889,0.639028,-1,-1,-1
333,130,575.330,455.822,28.264,58.460,0.683433,-1,-1,-1
333,132,538.032,451.452,29.200,64.213,0.673015,-1,-1,-1
333,146,863.734,415.685,175.092,536.419,0.943054,-1,-1,-1
333,150,547.817,453.648,28.659,61.223,0.662925,-1,-1,-1
333,170,681.565,481.275,57.091,120.108,0.780285,-1,-1,-1
333,181,732.384,477.153,51.980,120.563,0.676050,-1,-1,-1
333,185,157.177,425.612,200.285,402.603,0.916785,-1,-1,-1
333,196,23.102,386.009,72.561,412.465,0.706294,-1,-1,-1
334,3,380.007,471.748,43.854,99.097,0.699872,-1,-1,-1
334,4,1226.094,450.393,38.534,97.534,0.747421,-1,-1,-1
334,14,1047.786,406.134,235.034,603.825,0.918380,-1,-1,-1
334,82,1767.740,388.094,153.895,470.243,0.862519,-1,-1,-1
334,85,485.614,454.588,46.433,103.816,0.802893,-1,-1,-1
334,97,692.380,469.419,42.728,96.952,0.602928,-1,-1,-1
334,107,1470.815,434.552,44.640,111.476,0.827425,-1,-1,-1
334,125,661.530,469.249,31.633,67.128,0.689174,-1,-1,-1
334,130,575.879,454.318,29.045,60.445,0.713679,-1,-1,-1
334,132,540.645,448.092,31.133,68.826,0.641024,-1,-1,-1
334,146,865.650,412.680,179.113,541.236,0.943029,-1,-1,-1
334,150,549.705,454.061,28.632,60.989,0.688664,-1,-1,-1
334,170,679.840,481.026,58.451,120.846,0.799347,-1,-1,-1
334,173,697.963,475.652,45.660,120.107,0.640117,-1,-1,-1
334,181,732.872,473.717,54.421,124.846,0.824886,-1,-1,-1
334,185,168.779,437.087,205.760,389.045,0.940324,-1,-1,-1
334,196,16.715,383.840,102.638,404.911,0.823475,-1,-1,-1
335,3,378.221,465.648,46.551,106.185,0.772223,-1,-1,-1
335,14,1047.536,405.449,232.195,603.347,0.920843,-1,-1,-1
335,73,1223.060,450.914,43.110,112.544,0.644021,-1,-1,-1
335,82,1775.046,388.518,147.470,472.264,0.882546,-1,-1,-1
335,85,488.875,457.338,42.433,97.122,0.767702,-1,-1,-1
335,107,1471.776,434.854,44.867,111.134,0.865772,-1,-1,-1
335,125,663.027,472.202,30.173,64.205,0.648854,-1,-1,-1
335,130,575.125,457.663,27.595,57.369,0.662633,-1,-1,-1
335,132,539.439,451.670,28.637,63.590,0.666468,-1,-1,-1
335,146,868.039,422.254,189.584,528.216,0.945192,-1,-1,-1
335,150,549.316,454.928,28.026,59.782,0.642079,-1,-1,-1
335,170,680.550,483.574,57.300,118.177,0.785901,-1,-1,-1
335,181,733.749,478.170,51.873,118.548,0.674249,-1,-1,-1
335,185,175.463,440.816,211.891,382.338,0.946499,-1,-1,-1
335,196,12.034,424.023,124.685,371.499,0.862410,-1,-1,-1
335,198,804.983,474.125,34.089,72.848,0.601681,-1,-1,-1
336,3,375.424,461.740,47.857,108.304,0.665067,-1,-1,-1
336,14,1046.282,399.924,236.020,609.721,0.921363,-1,-1,-1
336,73,1223.900,447.118,45.453,119.871,0.630260,-1,-1,-1
336,82,1774.931,369.717,150.157,495.900,0.801362,-1,-1,-1
336,85,482.143,446.486,48.444,112.003,0.743129,-1,-1,-1
336,107,1473.136,436.053,44.991,109.046,0.877305,-1,-1,-1
336,125,661.731,470.901,30.080,64.863,0.611546,-1,-1,-1
336,130,574.622,455.877,27.964,58.316,0.638565,-1,-1,-1
336,132,538.303,449.322,29.078,64.962,0.663908,-1,-1,-1
336,146,867.460,417.134,189.418,531.590,0.948675,-1,-1,-1
336,150,547.839,452.398,28.713,61.651,0.625125,-1,-1,-1
336,170,679.748,481.125,57.436,119.708,0.776239,-1,-1,-1
336,185,181.051,442.840,219.226,381.184,0.950851,-1,-1,-1
336,196,5.477,412.235,140.676,381.270,0.874443,-1,-1,-1
337,3,374.378,462.170,49.020,109.616,0.701118,-1,-1,-1
337,4,1227.823,444.016,39.625,96.298,0.679303,-1,-1,-1
337,14,1047.277,400.826,228.275,608.645,0.928468,-1,-1,-1
337,82,1786.695,368.770,142.864,501.093,0.777648,-1,-1,-1
337,85,482.941,445.319,48.312,113.309,0.709544,-1,-1,-1
337,107,1475.580,438.023,46.007,109.399,0.865422,-1,-1,-1
337,109,1833.140,383.112,88.772,270.587,0.678177,-1,-1,-1
337,125,662.191,472.470,29.467,64.305,0.606333,-1,-1,-1
337,132,533.956,449.120,28.028,63.386,0.603385,-1,-1,-1
337,146,868.555,414.239,189.927,533.354,0.945134,-1,-1,-1
337,170,678.157,481.666,56.542,119.780,0.796481,-1,-1,-1
337,181,731.930,479.197,51.977,119.109,0.679493,-1,-1,-1
337,185,182.243,424.277,236.091,395.082,0.943212,-1,-1,-1
337,196,4.020,424.895,145.696,371.529,0.878812,-1,-1,-1
338,4,1230.137,442.422,40.828,96.753,0.620583,-1,-1,-1
338,14,1048.555,399.936,225.206,610.211,0.922218,-1,-1,-1
338,85,484.385,448.059,46.554,111.757,0.815441,-1,-1,-1
338,97,693.029,481.712,40.081,91.049,0.613828,-1,-1,-1
338,107,1475.339,434.622,47.209,110.551,0.874144,-1,-1,-1
338,125,662.926,473.418,29.474,64.788,0.654298,-1,-1,-1
338,130,572.527,457.682,27.167,56.635,0.638232,-1,-1,-1
338,132,534.939,452.356,26.465,60.289,0.630764,-1,-1,-1
338,146,867.380,413.043,186.681,535.604,0.947371,-1,-1,-1
338,170,678.480,481.792,56.726,119.870,0.783328,-1,-1,-1
338,177,1299.937,421.701,45.448,118.311,0.643209,-1,-1,-1
338,181,729.551,479.135,52.883,119.920,0.717242,-1,-1,-1
338,184,1824.630,380.369,96.745,464.246,0.648369,-1,-1,-1
338,185,194.354,400.521,244.783,421.215,0.936908,-1,-1,-1
338,196,2.829,434.389,147.633,357.001,0.898448,-1,-1,-1
338,203,1142.985,409.195,205.978,421.241,0.742641,-1,-1,-1
339,3,375.900,463.849,47.700,104.532,0.622365,-1,-1,-1
339,14,1050.786,397.396,232.150,611.969,0.914894,-1,-1,-1
339,85,485.229,449.781,45.357,109.905,0.785950,-1,-1,-1
339,89,685.766,473.702,35.030,71.033,0.601659,-1,-1,-1
339,97,692.546,474.395,41.646,95.832,0.623184,-1,-1,-1
339,107,1476.235,433.102,47.944,111.681,0.864592,-1,-1,-1
339,109,1852.326,386.697,74.904,262.647,0.628815,-1,-1,-1
339,125,662.427,472.978,29.187,64.283,0.660396,-1,-1,-1
339,130,574.039,457.854,26.941,56.544,0.624943,-1,-1,-1
339,132,535.212,454.836,25.454,57.769,0.605865,-1,-1,-1
339,146,868.059,411.434,181.407,539.221,0.945535,-1,-1,-1
339,170,679.260,481.521,57.424,120.728,0.803072,-1,-1,-1
339,177,1299.644,420.501,45.599,119.177,0.604394,-1,-1,-1
339,181,729.658,478.004,53.368,120.518,0.761650,-1,-1,-1
339,185,208.102,451.473,234.072,368.390,0.934795,-1,-1,-1
339,196,0.554,442.048,148.278,352.221,0.919609,-1,-1,-1
339,203,1139.139,407.644,208.028,429.300,0.745011,-1,-1,-1
340,3,375.475,466.592,47.078,100.275,0.608378,-1,-1,-1
340,14,1051.157,394.229,240.890,613.542,0.915460,-1,-1,-1
340,85,485.175,449.267,45.135,110.698,0.770907,-1,-1,-1
340,89,683.309,473.348,36.969,72.222,0.607727,-1,-1,-1
340,97,693.414,475.980,41.379,95.724,0.607664,-1,-1,-1
340,107,1479.087,433.205,49.839,112.525,0.853621,-1,-1,-1
340,109,1846.485,386.475,72.767,247.151,0.734180,-1,-1,-1
340,125,662.781,471.697,29.472,65.504,0.654574,-1,-1,-1
340,146,868.947,408.647,171.143,540.159,0.944042,-1,-1,-1
340,170,678.728,481.807,58.241,120.817,0.815445,-1,-1,-1
340,181,728.376,478.344,53.934,120.636,0.770131,-1,-1,-1
340,185,214.268,454.549,241.117,368.460,0.945974,-1,-1,-1
340,196,0.513,447.620,148.630,346.728,0.925905,-1,-1,-1
340,203,1140.390,405.735,203.856,418.777,0.777260,-1,-1,-1
341,14,1051.848,392.031,250.411,616.701,0.912297,-1,-1,-1
341,85,490.734,453.004,40.968,103.389,0.757920,-1,-1,-1
341,89,683.836,476.123,35.504,67.824,0.601977,-1,-1,-1
341,107,1480.866,433.157,49.454,112.232,0.825166,-1,-1,-1
341,125,663.312,472.579,29.175,64.954,0.632222,-1,-1,-1
341,130,573.855,454.931,27.695,59.337,0.604043,-1,-1,-1
341,132,535.048,446.658,29.158,66.699,0.638661,-1,-1,-1
341,146,870.154,412.928,177.581,538.196,0.946274,-1,-1,-1
341,170,679.966,482.707,57.770,117.667,0.742933,-1,-1,-1
341,181,728.349,480.341,54.015,118.528,0.669164,-1,-1,-1
341,185,222.748,452.748,231.279,372.906,0.953157,-1,-1,-1
341,196,0.190,437.817,151.380,350.835,0.929757,-1,-1,-1
341,203,1139.723,405.714,209.252,438.712,0.739834,-1,-1,-1
342,14,1049.242,397.956,238.830,607.605,0.913031,-1,-1,-1
342,85,489.939,456.193,40.544,102.260,0.797741,-1,-1,-1
342,107,1484.934,431.152,53.176,113.849,0.803460,-1,-1,-1
342,132,537.382,451.985,27.107,61.785,0.622211,-1,-1,-1
342,146,874.614,415.303,176.205,537.632,0.941037,-1,-1,-1
342,170,679.890,485.118,57.572,115.027,0.716780,-1,-1,-1
342,181,731.174,483.885,53.584,115.315,0.710675,-1,-1,-1
342,185,230.246,449.710,232.654,373.015,0.952998,-1,-1,-1
342,196,0.716,452.954,152.141,345.608,0.928260,-1,-1,-1
342,203,1144.444,408.339,207.600,439.540,0.739253,-1,-1,-1
343,14,1056.312,395.688,288.633,615.749,0.935848,-1,-1,-1
343,85,491.228,454.705,40.081,100.833,0.746787,-1,-1,-1
343,107,1496.772,433.665,50.642,108.466,0.660996,-1,-1,-1
343,130,578.215,456.251,26.737,56.369,0.645077,-1,-1,-1
343,132,538.762,452.137,27.453,62.228,0.644045,-1,-1,-1
343,146,876.990,409.907,174.708,541.957,0.941577,-1,-1,-1
343,170,678.381,483.795,61.081,118.194,0.780991,-1,-1,-1
343,181,730.753,479.004,54.844,120.429,0.762220,-1,-1,-1
343,185,237.281,439.318,224.879,373.893,0.946983,-1,-1,-1
343,196,0.758,452.778,155.194,347.826,0.935951,-1,-1,-1
343,203,1150.186,404.842,193.009,409.580,0.633489,-1,-1,-1
344,14,1049.394,394.507,287.366,612.040,0.911228,-1,-1,-1
344,85,491.438,454.667,40.793,102.357,0.772700,-1,-1,-1
344,107,1494.070,431.001,53.560,112.027,0.694771,-1,-1,-1
344,130,577.055,456.443,27.200,56.777,0.680657,-1,-1,-1
344,132,538.231,451.205,27.880,63.155,0.674411,-1,-1,-1
344,146,878.739,408.154,174.686,543.109,0.943913,-1,-1,-1
344,150,547.470,453.374,28.201,60.643,0.621915,-1,-1,-1
344,170,677.699,484.128,62.122,117.991,0.762471,-1,-1,-1
344,181,730.485,478.509,54.052,120.228,0.778922,-1,-1,-1
344,185,237.152,411.850,227.942,404.607,0.945588,-1,-1,-1
344,196,0.902,440.282,153.644,351.954,0.941563,-1,-1,-1
344,198,804.053,474.326,32.983,71.675,0.605985,-1,-1,-1
344,203,1153.399,404.631,196.156,434.608,0.762664,-1,-1,-1
345,3,376.925,458.006,48.763,114.578,0.620036,-1,-1,-1
345,14,1054.101,393.274,294.302,611.325,0.920657,-1,-1,-1
345,85,493.412,451.806,39.827,98.038,0.716733,-1,-1,-1
345,107,1494.926,430.357,54.459,111.937,0.677818,-1,-1,-1
345,130,577.506,457.239,28.267,57.450,0.683076,-1,-1,-1
345,132,539.793,450.869,28.039,63.180,0.663795,-1,-1,-1
345,146,881.683,414.369,167.277,538.815,0.940882,-1,-1,-1
345,170,678.280,481.693,62.844,115.537,0.720495,-1,-1,-1
345,181,731.130,478.449,52.741,114.871,0.724215,-1,-1,-1
345,185,245.947,403.576,219.267,409.800,0.937725,-1,-1,-1
345,196,2.246,453.162,155.337,337.182,0.935344,-1,-1,-1
345,203,1151.894,405.623,189.617,421.455,0.666067,-1,-1,-1
346,14,1051.336,389.497,295.470,618.114,0.922081,-1,-1,-1
346,85,492.651,453.698,40.582,97.538,0.736615,-1,-1,-1
346,107,1496.301,430.186,55.517,113.251,0.681711,-1,-1,-1
346,109,1836.052,424.766,77.052,230.964,0.626365,-1,-1,-1
346,130,574.156,459.338,28.252,55.353,0.698898,-1,-1,-1
346,132,540.945,454.488,26.455,58.814,0.621917,-1,-1,-1
346,146,881.819,413.015,170.824,539.797,0.936586,-1,-1,-1
346,170,673.884,478.916,66.115,121.910,0.713475,-1,-1,-1
346,181,730.632,476.874,53.792,117.414,0.729139,-1,-1,-1
346,185,258.327,422.091,203.494,389.460,0.937766,-1,-1,-1
346,196,21.731,460.718,146.460,327.987,0.920984,-1,-1,-1
346,198,802.228,467.893,34.910,78.621,0.623991,-1,-1,-1
346,203,1148.947,401.424,198.310,441.201,0.627617,-1,-1,-1
347,14,1056.606,395.205,299.740,618.950,0.921650,-1,-1,-1
347,85,491.968,451.817,41.359,98.933,0.677194,-1,-1,-1
347,107,1496.255,432.112,54.543,111.249,0.754041,-1,-1,-1
347,109,1833.097,423.488,82.486,232.796,0.665399,-1,-1,-1
347,130,579.178,460.956,27.883,53.949,0.640186,-1,-1,-1
347,146,883.850,416.348,162.782,533.505,0.934054,-1,-1,-1
347,185,269.250,421.748,189.652,394.390,0.951811,-1,-1,-1
347,196,31.891,445.362,147.345,342.876,0.925792,-1,-1,-1
347,198,802.141,467.214,34.464,79.556,0.622839,-1,-1,-1
348,14,1056.054,397.527,303.346,611.086,0.922054,-1,-1,-1
348,85,489.485,455.415,42.217,97.975,0.719637,-1,-1,-1
348,107,1496.278,430.213,55.211,113.861,0.766702,-1,-1,-1
348,130,579.750,461.645,27.909,53.470,0.638492,-1,-1,-1
348,146,885.909,418.016,160.801,525.146,0.937770,-1,-1,-1
348,170,672.407,483.524,65.591,118.016,0.780836,-1,-1,-1
348,185,282.285,433.943,177.209,376.425,0.937552,-1,-1,-1
348,196,25.645,436.217,155.941,351.998,0.908260,-1,-1,-1
348,198,805.780,473.330,33.352,73.975,0.602371,-1,-1,-1
349,4,1237.440,444.031,43.729,105.829,0.621233,-1,-1,-1
349,14,1052.274,389.684,305.680,625.008,0.929247,-1,-1,-1
349,85,488.991,455.657,42.644,95.612,0.729427,-1,-1,-1
349,107,1497.201,429.891,55.210,115.219,0.619477,-1,-1,-1
349,130,580.728,464.632,26.722,50.275,0.620991,-1,-1,-1
349,146,885.337,415.232,161.441,528.193,0.934376,-1,-1,-1
349,170,671.812,482.814,65.889,119.066,0.763806,-1,-1,-1
349,185,293.089,439.242,163.806,371.452,0.937197,-1,-1,-1
349,196,49.836,458.034,146.314,326.509,0.904313,-1,-1,-1
350,14,1055.518,397.188,301.098,609.455,0.924772,-1,-1,-1
350,85,486.230,451.887,45.797,102.196,0.693229,-1,-1,-1
350,97,681.038,478.654,34.775,68.451,0.606168,-1,-1,-1
350,130,580.604,463.108,27.841,51.478,0.630301,-1,-1,-1
350,146,883.396,412.470,170.065,533.079,0.936417,-1,-1,-1
350,170,671.668,485.233,63.514,116.540,0.794183,-1,-1,-1
350,173,702.393,483.067,41.432,105.751,0.609775,-1,-1,-1
350,181,731.049,480.472,51.769,112.120,0.724437,-1,-1,-1
350,185,307.793,437.758,154.106,368.913,0.933362,-1,-1,-1
350,196,71.187,441.254,142.707,339.976,0.925898,-1,-1,-1
350,198,804.590,480.372,32.758,70.757,0.603304,-1,-1,-1
351,14,1047.378,388.205,282.433,620.411,0.916613,-1,-1,-1
351,85,476.661,445.570,52.158,116.836,0.723037,-1,-1,-1
351,130,577.215,459.839,28.881,53.316,0.611700,-1,-1,-1
351,146,882.304,415.915,171.292,531.575,0.933328,-1,-1,-1
351,170,670.944,483.579,63.471,118.086,0.764185,-1,-1,-1
351,173,701.728,480.110,41.970,107.561,0.609401,-1,-1,-1
351,181,730.833,478.764,52.267,115.150,0.691236,-1,-1,-1
351,185,311.652,418.982,152.291,383.118,0.938499,-1,-1,-1
351,196,69.875,415.100,171.618,368.754,0.914470,-1,-1,-1
352,4,1240.580,443.369,42.886,110.099,0.648939,-1,-1,-1
352,14,1053.920,395.303,301.219,609.790,0.937521,-1,-1,-1
352,85,477.851,448.931,50.822,114.863,0.805970,-1,-1,-1
352,97,677.575,476.560,40.264,75.748,0.606678,-1,-1,-1
352,146,883.557,415.133,172.387,530.901,0.939379,-1,-1,-1
352,170,671.005,483.953,63.778,118.069,0.807230,-1,-1,-1
352,181,728.830,477.303,55.106,120.888,0.756666,-1,-1,-1
352,185,321.194,421.499,156.427,380.951,0.897432,-1,-1,-1
352,196,76.161,456.071,186.928,330.759,0.924999,-1,-1,-1
352,206,2.208,431.441,55.834,432.779,0.889075,-1,-1,-1
353,4,1241.805,444.189,41.118,107.350,0.689867,-1,-1,-1
353,14,1048.871,393.704,310.758,613.629,0.946231,-1,-1,-1
353,79,491.096,453.028,40.463,92.392,0.604693,-1,-1,-1
353,85,476.068,449.200,50.048,113.777,0.826244,-1,-1,-1
353,107,1511.006,434.555,48.619,106.739,0.655199,-1,-1,-1
353,130,577.305,461.898,28.214,52.160,0.622411,-1,-1,-1
353,132,525.392,456.080,27.866,60.341,0.629413,-1,-1,-1
353,146,881.966,413.636,172.216,534.097,0.935497,-1,-1,-1
353,170,670.177,484.877,62.266,116.621,0.814206,-1,-1,-1
353,173,700.756,478.429,41.899,106.559,0.659400,-1,-1,-1
353,181,728.691,476.298,56.087,123.559,0.803318,-1,-1,-1
353,185,320.200,400.947,166.890,398.867,0.931979,-1,-1,-1
353,196,76.046,420.229,209.062,366.081,0.935847,-1,-1,-1
353,198,801.723,469.371,37.079,79.243,0.603761,-1,-1,-1
353,206,3.100,446.223,66.261,417.145,0.911094,-1,-1,-1
354,4,1238.602,442.501,43.006,111.415,0.709806,-1,-1,-1
354,14,1054.290,391.310,306.725,623.824,0.928301,-1,-1,-1
354,85,475.437,450.195,49.653,112.504,0.815222,-1,-1,-1
354,97,675.573,476.452,44.763,84.635,0.607625,-1,-1,-1
354,107,1512.010,437.035,48.091,107.679,0.699913,-1,-1,-1
354,109,1847.048,387.284,80.070,267.083,0.666000,-1,-1,-1
354,130,576.016,459.203,29.157,54.355,0.601594,-1,-1,-1
354,132,525.596,454.484,27.838,60.101,0.606717,-1,-1,-1
354,146,885.732,417.048,165.598,528.968,0.937124,-1,-1,-1
354,170,671.750,484.885,62.954,115.045,0.802322,-1,-1,-1
354,173,699.057,479.278,43.470,109.253,0.621963,-1,-1,-1
354,181,727.323,472.047,57.480,126.310,0.786036,-1,-1,-1
354,185,330.700,402.490,167.409,399.854,0.935484,-1,-1,-1
354,196,80.624,438.809,209.166,349.931,0.937116,-1,-1,-1
354,206,3.284,442.322,79.024,417.222,0.911693,-1,-1,-1
355,4,1243.000,443.161,38.356,97.148,0.661341,-1,-1,-1
355,14,1058.281,399.320,302.677,610.737,0.927515,-1,-1,-1
355,85,475.283,448.837,50.248,113.353,0.768867,-1,-1,-1
355,109,1849.507,386.645,75.129,266.609,0.648645,-1,-1,-1
355,146,886.349,427.066,165.502,513.661,0.937337,-1,-1,-1
355,155,1050.109,442.129,81.071,203.798,0.737373,-1,-1,-1
355,170,670.331,487.163,61.246,109.992,0.756337,-1,-1,-1
355,173,701.029,482.721,42.634,106.037,0.642144,-1,-1,-1
355,181,729.859,480.271,53.875,117.273,0.779255,-1,-1,-1
355,185,336.725,414.112,167.038,385.433,0.939650,-1,-1,-1
355,196,78.847,409.746,216.975,371.518,0.917244,-1,-1,-1
355,206,6.075,452.670,101.217,401.986,0.913812,-1,-1,-1
356,14,1059.124,396.646,305.498,610.062,0.922943,-1,-1,-1
356,79,501.412,451.438,33.943,72.947,0.604659,-1,-1,-1
356,85,475.739,450.657,49.281,111.582,0.779493,-1,-1,-1
356,97,673.406,475.680,47.628,92.326,0.617815,-1,-1,-1
356,109,1839.981,386.369,76.750,254.630,0.715018,-1,-1,-1
356,125,690.717,470.870,45.214,100.548,0.621829,-1,-1,-1
356,132,524.324,453.635,27.677,60.146,0.606968,-1,-1,-1
356,146,886.581,423.158,168.721,517.859,0.938525,-1,-1,-1
356,150,554.012,453.916,27.777,59.114,0.612684,-1,-1,-1
356,155,1055.363,434.383,71.654,211.016,0.816451,-1,-1,-1
356,170,670.297,484.413,63.719,113.309,0.789157,-1,-1,-1
356,173,699.268,479.557,44.397,110.181,0.630592,-1,-1,-1
356,181,728.710,478.354,56.240,120.637,0.810175,-1,-1,-1
356,185,344.164,411.355,169.607,385.968,0.931958,-1,-1,-1
356,196,98.876,449.220,199.305,329.816,0.926040,-1,-1,-1
356,206,5.907,450.799,131.805,399.111,0.924598,-1,-1,-1
357,14,1058.963,397.925,303.571,615.077,0.930180,-1,-1,-1
357,85,473.666,448.056,51.020,114.790,0.766219,-1,-1,-1
357,89,665.134,481.140,31.212,58.343,0.601459,-1,-1,-1
357,97,675.400,480.834,43.292,84.192,0.621899,-1,-1,-1
357,109,1848.805,385.103,76.145,266.502,0.655160,-1,-1,-1
357,146,890.489,422.315,171.508,525.734,0.944008,-1,-1,-1
357,155,1052.135,433.931,73.528,211.359,0.898289,-1,-1,-1
357,170,671.493,487.707,60.906,107.771,0.794669,-1,-1,-1
357,173,700.573,483.364,43.001,105.328,0.634372,-1,-1,-1
357,181,730.217,481.481,54.869,116.492,0.754317,-1,-1,-1
357,185,348.405,418.666,176.356,381.284,0.924905,-1,-1,-1
357,196,100.905,449.468,197.224,322.819,0.913118,-1,-1,-1
357,206,5.552,454.320,170.593,390.895,0.938350,-1,-1,-1
358,14,1057.676,395.360,303.212,618.409,0.936438,-1,-1,-1
358,79,498.652,454.999,36.585,77.509,0.606521,-1,-1,-1
358,85,469.329,450.068,49.785,113.815,0.602858,-1,-1,-1
358,97,674.050,480.120,45.824,92.113,0.621557,-1,-1,-1
358,109,1853.665,386.421,71.662,266.771,0.687018,-1,-1,-1
358,146,891.648,421.674,168.885,521.273,0.938656,-1,-1,-1
358,155,1048.340,444.670,71.902,203.889,0.808882,-1,-1,-1
358,170,666.456,485.808,62.360,110.535,0.775169,-1,-1,-1
358,181,728.405,484.138,54.864,115.219,0.764282,-1,-1,-1
358,185,354.041,414.441,191.805,387.232,0.942877,-1,-1,-1
358,196,104.804,435.614,191.688,349.366,0.910183,-1,-1,-1
358,206,4.719,463.302,196.473,382.784,0.935395,-1,-1,-1
359,14,1061.824,407.602,302.981,605.234,0.933174,-1,-1,-1
359,79,496.982,453.561,39.141,82.761,0.628608,-1,-1,-1
359,85,473.421,453.888,48.065,109.753,0.631374,-1,-1,-1
359,107,1529.260,429.711,49.687,112.009,0.778391,-1,-1,-1
359,109,1840.263,396.118,74.002,255.370,0.689932,-1,-1,-1
359,146,893.336,417.257,174.964,518.118,0.937696,-1,-1,-1
359,155,1044.102,449.725,70.264,194.466,0.825732,-1,-1,-1
359,170,670.466,487.881,59.640,107.210,0.803485,-1,-1,-1
359,173,702.108,488.419,40.516,98.321,0.680343,-1,-1,-1
359,181,728.375,485.119,53.885,113.641,0.778711,-1,-1,-1
359,185,360.285,419.205,204.626,381.067,0.945095,-1,-1,-1
359,196,123.331,442.118,177.701,337.650,0.889182,-1,-1,-1
359,198,805.219,476.683,32.814,70.880,0.603502,-1,-1,-1
359,206,0.443,442.241,210.626,406.184,0.937105,-1,-1,-1
360,14,1061.682,398.928,306.884,614.690,0.934180,-1,-1,-1
360,73,1234.038,444.815,48.906,121.559,0.633567,-1,-1,-1
360,79,499.851,451.203,38.411,81.693,0.622841,-1,-1,-1
360,107,1528.848,420.415,53.200,122.216,0.696059,-1,-1,-1
360,109,1842.826,389.892,74.396,252.037,0.642953,-1,-1,-1
360,146,892.453,419.703,176.385,517.698,0.941322,-1,-1,-1
360,155,1035.286,452.720,72.216,193.577,0.609983,-1,-1,-1
360,170,669.750,485.714,60.788,110.587,0.770762,-1,-1,-1
360,173,693.044,486.698,41.360,99.871,0.642433,-1,-1,-1
360,181,725.679,478.623,57.384,120.670,0.811381,-1,-1,-1
360,185,364.202,398.599,224.375,403.873,0.942457,-1,-1,-1
360,196,139.412,458.888,158.713,323.748,0.907132,-1,-1,-1
360,206,-0.188,447.611,204.605,399.399,0.953231,-1,-1,-1
361,3,313.169,448.453,48.505,116.378,0.600760,-1,-1,-1
361,14,1060.960,403.923,305.729,607.468,0.935044,-1,-1,-1
361,73,1234.760,440.319,48.968,121.122,0.622307,-1,-1,-1
361,79,501.366,451.343,36.868,80.247,0.672357,-1,-1,-1
361,107,1532.317,424.938,49.954,117.170,0.688362,-1,-1,-1
361,109,1844.801,384.452,73.711,247.582,0.628165,-1,-1,-1
361,130,577.903,455.052,30.464,59.272,0.703022,-1,-1,-1
361,146,893.439,419.531,179.731,516.082,0.942039,-1,-1,-1
361,150,554.013,454.630,28.496,59.043,0.636428,-1,-1,-1
361,170,661.132,473.138,70.616,130.461,0.715678,-1,-1,-1
361,181,725.864,473.481,58.962,124.799,0.742290,-1,-1,-1
361,185,365.450,402.309,229.005,401.934,0.939179,-1,-1,-1
361,196,144.875,430.094,156.646,352.337,0.915394,-1,-1,-1
361,206,0.577,441.451,216.298,407.174,0.958024,-1,-1,-1
362,3,310.092,449.458,46.050,114.870,0.617366,-1,-1,-1
362,14,1059.757,386.945,310.336,627.453,0.930680,-1,-1,-1
362,109,1844.241,384.161,75.562,253.230,0.793728,-1,-1,-1
362,125,698.844,473.161,47.481,114.028,0.635585,-1,-1,-1
362,130,578.426,456.926,29.518,57.262,0.694235,-1,-1,-1
362,146,902.056,419.770,176.285,513.016,0.941054,-1,-1,-1
362,170,660.987,474.467,66.021,126.836,0.784127,-1,-1,-1
362,181,727.498,472.491,57.869,125.545,0.781552,-1,-1,-1
362,185,373.485,427.931,222.771,375.611,0.930692,-1,-1,-1
362,196,162.025,437.777,138.602,333.102,0.917998,-1,-1,-1
362,206,1.089,444.106,232.169,410.942,0.957456,-1,-1,-1
363,14,1061.408,399.270,307.770,614.605,0.929630,-1,-1,-1
363,107,1535.333,423.861,48.131,120.017,0.685789,-1,-1,-1
363,109,1849.536,384.840,75.136,261.007,0.656738,-1,-1,-1
363,130,576.045,455.471,29.500,57.320,0.670083,-1,-1,-1
363,146,905.240,423.369,174.159,511.092,0.939699,-1,-1,-1
363,170,660.602,475.379,64.241,127.146,0.775763,-1,-1,-1
363,173,700.866,473.704,44.094,113.242,0.735097,-1,-1,-1
363,181,727.904,471.295,55.378,125.383,0.807190,-1,-1,-1
363,185,370.990,396.512,226.132,404.855,0.936796,-1,-1,-1
363,196,174.630,431.102,126.870,337.405,0.915932,-1,-1,-1
363,206,0.435,437.030,234.029,409.122,0.961390,-1,-1,-1
363,210,1085.157,443.977,50.711,152.251,0.643710,-1,-1,-1
364,4,1246.061,443.458,41.018,104.473,0.656213,-1,-1,-1
364,14,1060.774,383.060,312.391,632.984,0.940864,-1,-1,-1
364,97,660.673,473.432,49.087,104.968,0.610924,-1,-1,-1
364,107,1537.414,423.807,46.236,120.191,0.646431,-1,-1,-1
364,109,1843.684,386.082,75.268,257.434,0.712120,-1,-1,-1
364,125,702.485,476.413,42.032,110.294,0.718412,-1,-1,-1
364,130,577.859,454.340,29.603,59.218,0.703848,-1,-1,-1
364,146,908.907,422.185,171.736,509.830,0.941766,-1,-1,-1
364,150,551.479,452.913,29.556,60.479,0.662172,-1,-1,-1
364,170,661.349,476.031,64.372,132.679,0.750950,-1,-1,-1
364,173,693.814,471.680,42.617,111.437,0.639572,-1,-1,-1
364,181,728.858,475.988,53.190,121.958,0.804905,-1,-1,-1
364,185,380.887,414.362,213.532,376.645,0.927696,-1,-1,-1
364,196,182.923,447.249,121.553,317.506,0.913443,-1,-1,-1
364,206,0.768,450.550,240.534,402.169,0.959337,-1,-1,-1
364,210,1082.785,442.790,52.686,153.058,0.749730,-1,-1,-1
365,3,310.073,451.172,44.490,113.342,0.623508,-1,-1,-1
365,4,1247.261,445.670,38.675,99.103,0.650161,-1,-1,-1
365,14,1059.996,389.426,309.460,626.227,0.941912,-1,-1,-1
365,109,1841.008,386.934,75.923,254.706,0.604305,-1,-1,-1
365,130,577.519,456.985,28.678,57.302,0.735379,-1,-1,-1
365,146,910.232,415.240,173.039,518.063,0.943623,-1,-1,-1
365,150,550.969,455.592,29.042,58.313,0.657459,-1,-1,-1
365,170,660.665,479.303,60.803,128.681,0.696801,-1,-1,-1
365,173,702.292,479.943,39.772,104.568,0.683557,-1,-1,-1
365,181,729.037,478.732,52.168,119.261,0.748187,-1,-1,-1
365,185,384.992,402.581,217.573,390.416,0.934611,-1,-1,-1
365,196,190.919,436.620,122.498,332.740,0.925798,-1,-1,-1
365,206,-0.623,439.230,237.746,410.614,0.956686,-1,-1,-1
365,210,1078.611,438.380,55.957,156.525,0.662596,-1,-1,-1
366,3,309.237,450.285,45.344,116.523,0.693800,-1,-1,-1
366,4,1250.196,447.983,35.740,91.661,0.692992,-1,-1,-1
366,14,1060.361,387.982,307.857,625.846,0.935759,-1,-1,-1
366,109,1841.104,386.606,75.965,248.751,0.658354,-1,-1,-1
366,130,578.262,458.700,28.082,56.537,0.695254,-1,-1,-1
366,146,913.849,416.037,168.866,517.062,0.944417,-1,-1,-1
366,170,662.665,479.761,54.851,123.109,0.790663,-1,-1,-1
366,173,700.325,482.301,41.413,107.578,0.726028,-1,-1,-1
366,181,728.693,478.426,51.904,120.759,0.800876,-1,-1,-1
366,185,383.224,409.280,220.308,392.845,0.938063,-1,-1,-1
366,196,199.858,430.302,120.956,336.886,0.914067,-1,-1,-1
366,206,4.440,443.735,227.562,388.258,0.940988,-1,-1,-1
366,210,1078.953,442.101,55.054,151.091,0.632136,-1,-1,-1
367,3,309.320,451.155,43.121,111.957,0.668053,-1,-1,-1
367,4,1250.498,448.311,36.662,92.540,0.723710,-1,-1,-1
367,14,1059.007,388.846,310.808,625.883,0.946688,-1,-1,-1
367,109,1843.132,388.692,76.240,248.775,0.707445,-1,-1,-1
367,130,578.713,459.095,27.278,55.110,0.605188,-1,-1,-1
367,146,914.461,416.398,168.398,515.952,0.941909,-1,-1,-1
367,170,664.961,479.839,50.832,121.526,0.809251,-1,-1,-1
367,173,700.285,481.601,41.728,109.099,0.755139,-1,-1,-1
367,181,728.488,478.999,52.839,121.641,0.826572,-1,-1,-1
367,185,394.240,415.085,200.277,383.195,0.924285,-1,-1,-1
367,196,208.405,431.029,127.488,337.103,0.930641,-1,-1,-1
367,206,13.711,447.300,213.741,381.950,0.940729,-1,-1,-1
367,211,373.657,467.908,49.357,101.278,0.726763,-1,-1,-1
368,3,309.881,451.199,41.743,108.542,0.602880,-1,-1,-1
368,4,1251.864,449.533,36.906,91.348,0.715192,-1,-1,-1
368,14,1055.789,382.945,316.378,631.487,0.943990,-1,-1,-1
368,109,1848.491,385.143,75.681,255.594,0.635264,-1,-1,-1
368,130,578.599,459.276,27.070,55.184,0.617355,-1,-1,-1
368,146,918.198,420.347,166.459,515.859,0.940172,-1,-1,-1
368,170,663.310,478.973,51.174,122.525,0.793777,-1,-1,-1
368,173,700.546,482.053,41.563,108.630,0.677105,-1,-1,-1
368,181,728.515,478.842,52.195,120.331,0.802759,-1,-1,-1
368,185,403.318,415.418,193.671,382.562,0.933274,-1,-1,-1
368,196,222.379,429.440,129.136,336.295,0.940614,-1,-1,-1
368,206,32.623,449.622,196.459,379.068,0.926162,-1,-1,-1
368,211,374.139,469.574,49.180,99.863,0.770063,-1,-1,-1
369,3,307.065,452.001,42.373,110.695,0.646484,-1,-1,-1
369,4,1253.549,446.551,37.712,92.591,0.668828,-1,-1,-1
369,14,1057.645,382.987,315.236,633.309,0.946919,-1,-1,-1
369,109,1849.458,384.999,74.433,257.727,0.600751,-1,-1,-1
369,146,921.364,422.635,161.568,512.847,0.945289,-1,-1,-1
369,170,664.234,476.021,50.959,123.640,0.778883,-1,-1,-1
369,173,697.857,478.596,43.259,112.030,0.745058,-1,-1,-1
369,181,729.788,476.946,51.259,120.283,0.790329,-1,-1,-1
369,185,402.980,415.061,190.098,376.881,0.934061,-1,-1,-1
369,196,225.630,428.597,144.927,337.527,0.930126,-1,-1,-1
369,206,47.168,442.201,186.073,380.392,0.915320,-1,-1,-1
369,211,372.575,469.538,50.421,102.299,0.765105,-1,-1,-1
370,4,1252.237,446.866,39.352,93.938,0.738980,-1,-1,-1
370,14,1061.316,394.871,312.210,619.005,0.950370,-1,-1,-1
370,109,1841.968,386.740,75.405,252.967,0.665185,-1,-1,-1
370,146,925.563,408.166,161.110,524.771,0.940699,-1,-1,-1
370,170,661.534,478.545,54.263,128.761,0.769544,-1,-1,-1
370,173,695.086,480.354,43.548,112.990,0.708387,-1,-1,-1
370,181,729.013,477.114,50.989,119.880,0.768797,-1,-1,-1
370,185,416.286,403.098,182.027,377.206,0.931265,-1,-1,-1
370,196,225.541,429.954,167.222,330.105,0.921328,-1,-1,-1
370,206,93.610,441.483,161.028,384.811,0.910129,-1,-1,-1
370,211,372.917,469.761,50.435,102.802,0.767278,-1,-1,-1
371,3,310.150,451.523,43.509,114.514,0.602431,-1,-1,-1
371,4,1253.837,446.760,40.317,95.626,0.748953,-1,-1,-1
371,14,1066.664,415.738,305.636,598.332,0.946237,-1,-1,-1
371,73,1298.799,426.506,45.726,117.820,0.611015,-1,-1,-1
371,85,410.376,473.062,40.974,96.101,0.643060,-1,-1,-1
371,109,1840.653,386.866,75.652,246.048,0.637968,-1,-1,-1
371,146,926.846,414.945,162.649,519.848,0.940917,-1,-1,-1
371,170,660.239,471.889,54.745,129.500,0.790638,-1,-1,-1
371,173,697.560,475.312,44.094,113.865,0.669454,-1,-1,-1
371,181,728.171,476.245,52.149,121.425,0.760793,-1,-1,-1
371,185,420.179,402.882,180.186,377.545,0.920971,-1,-1,-1
371,196,222.581,436.426,175.289,328.498,0.919333,-1,-1,-1
371,206,85.300,443.675,173.938,378.407,0.918387,-1,-1,-1
371,210,1093.278,448.757,49.592,142.885,0.688962,-1,-1,-1
371,211,372.652,472.063,50.574,99.910,0.753363,-1,-1,-1
372,4,1255.052,448.132,39.512,93.667,0.777473,-1,-1,-1
372,14,1062.056,417.851,311.451,597.386,0.946532,-1,-1,-1
372,73,1299.093,425.240,45.479,119.622,0.680569,-1,-1,-1
372,85,410.923,474.468,39.419,94.136,0.611251,-1,-1,-1
372,109,1841.859,386.107,75.273,238.423,0.666470,-1,-1,-1
372,130,575.799,456.182,29.090,59.642,0.633191,-1,-1,-1
372,146,929.691,420.044,160.233,514.117,0.943121,-1,-1,-1
372,170,659.088,474.136,55.204,131.589,0.793106,-1,-1,-1
372,173,691.322,476.034,45.477,115.581,0.752323,-1,-1,-1
372,181,728.063,477.303,51.630,119.890,0.778626,-1,-1,-1
372,185,441.802,404.446,164.809,374.242,0.930477,-1,-1,-1
372,196,237.862,432.857,168.458,329.274,0.921063,-1,-1,-1
372,206,85.961,451.110,174.335,370.153,0.932199,-1,-1,-1
372,210,1096.565,448.317,47.576,141.208,0.637226,-1,-1,-1
372,211,372.354,472.900,50.672,99.552,0.762233,-1,-1,-1
372,214,0.826,448.391,42.059,366.956,0.785135,-1,-1,-1
373,4,1255.398,444.236,41.918,101.365,0.756161,-1,-1,-1
373,14,1062.659,412.896,312.093,603.621,0.949991,-1,-1,-1
373,85,410.348,471.434,42.504,100.597,0.667362,-1,-1,-1
373,109,1833.307,411.581,80.203,239.470,0.664952,-1,-1,-1
373,146,930.860,420.070,168.630,518.273,0.936537,-1,-1,-1
373,170,657.911,474.238,54.942,131.242,0.796546,-1,-1,-1
373,173,692.646,476.240,44.978,113.158,0.672561,-1,-1,-1
373,181,729.167,476.800,51.345,118.287,0.715082,-1,-1,-1
373,185,448.955,406.517,161.626,372.015,0.934531,-1,-1,-1
373,196,243.954,434.921,169.147,322.603,0.912736,-1,-1,-1
373,206,94.789,456.848,181.918,362.082,0.913586,-1,-1,-1
373,211,371.899,468.345,53.452,104.603,0.745467,-1,-1,-1
373,214,0.322,442.499,43.145,372.604,0.840147,-1,-1,-1
374,4,1255.111,444.895,42.169,103.012,0.790882,-1,-1,-1
374,14,1065.271,401.037,314.333,616.043,0.944191,-1,-1,-1
374,109,1831.109,414.576,84.973,239.766,0.754341,-1,-1,-1
374,130,575.219,454.998,31.319,65.632,0.643303,-1,-1,-1
374,146,931.212,412.205,172.519,530.133,0.940454,-1,-1,-1
374,170,660.057,475.815,54.229,130.566,0.800033,-1,-1,-1
374,173,695.590,472.822,45.692,113.242,0.738718,-1,-1,-1
374,181,729.839,476.783,51.775,120.012,0.726046,-1,-1,-1
374,185,461.428,402.810,160.604,375.026,0.937299,-1,-1,-1
374,196,257.383,454.434,156.433,310.683,0.918023,-1,-1,-1
374,206,95.852,444.829,200.702,374.488,0.922256,-1,-1,-1
374,211,373.075,466.786,53.627,107.826,0.750139,-1,-1,-1
374,214,3.030,414.285,52.074,401.993,0.838927,-1,-1,-1
375,4,1255.650,445.027,40.751,99.581,0.796655,-1,-1,-1
375,14,1066.569,410.577,313.423,608.718,0.948143,-1,-1,-1
375,130,575.172,454.230,30.404,64.521,0.620460,-1,-1,-1
375,146,933.743,413.313,174.647,523.379,0.936532,-1,-1,-1
375,170,657.713,472.911,54.472,130.170,0.640220,-1,-1,-1
375,173,694.213,466.304,47.546,117.807,0.693512,-1,-1,-1
375,181,729.260,475.883,51.766,121.607,0.704386,-1,-1,-1
375,185,464.483,403.152,159.817,374.749,0.921294,-1,-1,-1
375,196,260.743,450.248,154.374,309.124,0.904910,-1,-1,-1
375,206,101.737,443.663,229.301,377.840,0.932369,-1,-1,-1
375,210,1084.184,443.407,52.383,150.495,0.707103,-1,-1,-1
375,211,372.865,466.961,53.152,108.196,0.734865,-1,-1,-1
375,214,2.626,427.501,63.291,389.268,0.905773,-1,-1,-1
376,4,1256.464,444.490,40.681,98.657,0.767820,-1,-1,-1
376,14,1066.073,391.297,312.702,626.319,0.949049,-1,-1,-1
376,109,1828.873,400.621,89.537,249.878,0.705949,-1,-1,-1
376,146,935.403,412.292,171.069,526.850,0.937563,-1,-1,-1
376,173,693.450,475.441,45.721,109.607,0.631764,-1,-1,-1
376,181,729.017,476.962,51.569,120.549,0.689049,-1,-1,-1
376,185,472.740,415.070,156.321,363.378,0.915668,-1,-1,-1
376,196,270.095,450.925,143.193,303.001,0.903340,-1,-1,-1
376,206,117.786,454.268,221.644,367.526,0.933327,-1,-1,-1
376,210,1076.351,442.044,55.677,152.197,0.723549,-1,-1,-1
376,211,371.249,463.080,55.212,112.509,0.774967,-1,-1,-1
376,214,1.695,431.960,69.759,380.925,0.916922,-1,-1,-1
376,218,1057.044,444.712,44.299,143.214,0.662447,-1,-1,-1
377,4,1256.522,441.897,41.368,101.341,0.772160,-1,-1,-1
377,14,1063.846,387.126,312.779,630.683,0.948464,-1,-1,-1
377,85,414.164,471.361,41.684,96.394,0.628075,-1,-1,-1
377,146,933.682,417.092,173.231,521.810,0.938782,-1,-1,-1
377,170,650.769,480.611,53.629,123.197,0.675116,-1,-1,-1
377,173,691.501,483.805,44.038,100.992,0.675706,-1,-1,-1
377,181,728.888,477.776,51.308,118.044,0.745268,-1,-1,-1
377,185,471.244,410.737,172.591,367.287,0.918444,-1,-1,-1
377,196,279.983,444.580,142.831,314.396,0.879507,-1,-1,-1
377,206,129.592,451.052,220.954,366.158,0.941104,-1,-1,-1
377,210,1079.932,438.218,56.389,154.169,0.724676,-1,-1,-1
377,211,371.289,461.563,54.771,114.609,0.782242,-1,-1,-1
377,214,3.952,420.571,88.301,392.693,0.914819,-1,-1,-1
377,218,1058.593,445.729,44.124,144.163,0.679252,-1,-1,-1
378,4,1256.245,441.813,40.090,99.164,0.747319,-1,-1,-1
378,14,1068.977,394.454,310.123,625.134,0.954795,-1,-1,-1
378,146,938.133,418.187,167.794,514.772,0.941289,-1,-1,-1
378,170,647.770,482.153,55.404,123.877,0.620905,-1,-1,-1
378,173,691.071,476.421,48.098,108.497,0.678892,-1,-1,-1
378,181,728.497,474.610,51.382,117.627,0.779379,-1,-1,-1
378,185,481.191,410.034,185.040,370.197,0.917692,-1,-1,-1
378,196,287.015,446.414,132.795,307.303,0.891440,-1,-1,-1
378,198,822.782,472.730,35.074,79.026,0.625882,-1,-1,-1
378,206,134.853,443.259,230.884,372.521,0.948741,-1,-1,-1
378,210,1081.235,442.824,52.923,147.360,0.711360,-1,-1,-1
378,211,372.583,462.423,53.725,112.837,0.756175,-1,-1,-1
378,214,4.558,417.206,114.853,397.357,0.926724,-1,-1,-1
378,218,1059.670,447.940,43.335,142.542,0.724211,-1,-1,-1
379,4,1256.188,443.622,39.553,98.788,0.713537,-1,-1,-1
379,14,1062.882,387.602,315.702,628.106,0.952471,-1,-1,-1
379,146,939.516,409.347,167.852,522.703,0.940618,-1,-1,-1
379,170,642.102,470.929,60.422,132.330,0.617864,-1,-1,-1
379,173,690.500,477.680,47.096,105.813,0.746979,-1,-1,-1
379,181,727.574,471.616,53.423,122.742,0.824045,-1,-1,-1
379,185,484.180,403.718,183.299,374.139,0.927372,-1,-1,-1
379,196,289.246,446.375,135.471,302.242,0.867013,-1,-1,-1
379,198,821.097,470.881,35.718,82.440,0.640288,-1,-1,-1
379,206,137.815,444.364,237.726,371.241,0.938055,-1,-1,-1
379,211,373.368,463.155,52.407,110.181,0.714460,-1,-1,-1
379,214,7.432,421.675,157.813,389.937,0.931813,-1,-1,-1
379,218,1057.415,445.385,45.308,150.461,0.703867,-1,-1,-1
380,4,1256.682,442.311,39.169,98.569,0.674819,-1,-1,-1
380,14,1059.515,385.721,318.411,632.573,0.949746,-1,-1,-1
380,79,477.222,448.340,43.141,111.545,0.663550,-1,-1,-1
380,146,944.395,411.209,167.019,523.648,0.933790,-1,-1,-1
380,170,637.042,465.913,65.895,146.887,0.820017,-1,-1,-1
380,173,688.287,474.457,49.279,111.485,0.736218,-1,-1,-1
380,181,726.835,466.779,54.587,128.757,0.841277,-1,-1,-1
380,185,498.018,407.596,161.098,366.513,0.910504,-1,-1,-1
380,196,307.100,437.069,125.668,317.807,0.889108,-1,-1,-1
380,198,808.575,471.873,33.461,77.999,0.608146,-1,-1,-1
380,206,141.954,445.804,242.180,365.325,0.941284,-1,-1,-1
380,211,375.919,464.734,48.987,104.739,0.615052,-1,-1,-1
380,214,2.624,451.578,164.461,357.508,0.940211,-1,-1,-1
381,4,1256.427,442.895,39.091,99.483,0.662070,-1,-1,-1
381,14,1066.895,417.096,310.623,600.526,0.946240,-1,-1,-1
381,79,473.060,448.067,41.845,111.099,0.608760,-1,-1,-1
381,146,948.042,406.913,171.999,527.737,0.935709,-1,-1,-1
381,170,639.102,468.646,64.033,145.730,0.644924,-1,-1,-1
381,173,689.626,475.900,47.263,108.495,0.722383,-1,-1,-1
381,181,728.827,476.135,50.470,116.509,0.788082,-1,-1,-1
381,185,503.126,400.288,159.304,377.136,0.920334,-1,-1,-1
381,196,316.972,437.573,118.350,315.754,0.889132,-1,-1,-1
381,206,148.224,451.093,228.933,361.228,0.940327,-1,-1,-1
381,214,1.073,451.405,173.636,360.086,0.941697,-1,-1,-1
382,4,1257.055,442.453,39.544,100.423,0.695595,-1,-1,-1
382,14,1067.651,382.394,315.103,635.696,0.959120,-1,-1,-1
382,79,470.410,445.940,44.915,114.932,0.753319,-1,-1,-1
382,146,946.043,407.545,174.456,525.200,0.942430,-1,-1,-1
382,173,690.053,478.013,46.587,105.314,0.744608,-1,-1,-1
382,181,726.124,478.810,54.689,120.272,0.848509,-1,-1,-1
382,185,505.726,402.771,169.247,373.352,0.922811,-1,-1,-1
382,196,317.903,438.725,118.493,313.647,0.901833,-1,-1,-1
382,198,806.319,472.622,31.890,74.832,0.638102,-1,-1,-1
382,206,152.937,445.638,235.759,364.804,0.941505,-1,-1,-1
382,214,1.529,441.439,191.508,370.659,0.944902,-1,-1,-1
383,4,1256.465,443.456,40.465,102.033,0.718603,-1,-1,-1
383,14,1067.552,391.801,315.348,623.873,0.957172,-1,-1,-1
383,79,465.529,445.877,47.472,115.443,0.733002,-1,-1,-1
383,146,943.464,409.741,175.776,523.546,0.943844,-1,-1,-1
383,155,959.018,462.051,52.786,119.467,0.666767,-1,-1,-1
383,173,689.358,478.654,47.329,106.405,0.759082,-1,-1,-1
383,181,727.704,478.364,54.195,119.842,0.844220,-1,-1,-1
383,185,510.208,399.172,174.149,376.436,0.928647,-1,-1,-1
383,196,330.776,447.755,119.550,299.180,0.893327,-1,-1,-1
383,198,807.206,472.998,31.591,74.868,0.626568,-1,-1,-1
383,206,178.225,454.785,203.932,356.078,0.934578,-1,-1,-1
383,210,1087.338,445.371,51.555,149.016,0.647241,-1,-1,-1
383,214,1.246,447.087,200.239,364.095,0.949441,-1,-1,-1
384,4,1255.930,440.698,41.053,103.427,0.644867,-1,-1,-1
384,14,1066.241,391.938,313.677,626.527,0.956746,-1,-1,-1
384,79,466.058,446.295,48.269,114.596,0.755790,-1,-1,-1
384,125,702.528,479.496,40.263,99.416,0.630204,-1,-1,-1
384,146,946.396,411.413,176.327,521.916,0.939195,-1,-1,-1
384,155,946.672,434.293,73.747,180.827,0.657788,-1,-1,-1
384,170,639.764,478.907,57.052,133.574,0.606588,-1,-1,-1
384,173,688.459,478.376,48.456,108.310,0.780870,-1,-1,-1
384,181,726.928,478.310,54.468,119.444,0.820407,-1,-1,-1
384,185,520.057,410.653,167.135,358.434,0.928079,-1,-1,-1
384,196,338.809,444.356,119.867,301.304,0.913731,-1,-1,-1
384,198,806.355,473.046,31.412,74.693,0.626969,-1,-1,-1
384,206,186.069,449.161,190.487,358.469,0.925799,-1,-1,-1
384,214,1.012,445.824,211.289,365.406,0.951325,-1,-1,-1
385,14,1065.789,396.409,317.366,616.942,0.951804,-1,-1,-1
385,79,465.200,444.471,48.883,115.387,0.766716,-1,-1,-1
385,109,1830.230,436.338,85.153,218.021,0.615227,-1,-1,-1
385,146,947.610,413.133,176.325,520.316,0.935108,-1,-1,-1
385,155,948.129,441.070,59.866,145.682,0.600347,-1,-1,-1
385,170,636.898,476.953,56.859,136.194,0.650190,-1,-1,-1
385,173,684.422,475.332,49.603,114.709,0.805004,-1,-1,-1
385,181,726.041,478.210,55.069,120.369,0.835015,-1,-1,-1
385,185,525.280,406.684,165.800,361.585,0.939852,-1,-1,-1
385,196,343.396,437.607,121.417,310.613,0.921781,-1,-1,-1
385,198,806.382,473.516,31.478,74.549,0.662321,-1,-1,-1
385,206,193.636,439.210,189.897,365.914,0.932198,-1,-1,-1
385,214,-0.933,451.480,197.090,359.899,0.954363,-1,-1,-1
386,4,1256.224,442.245,40.712,100.833,0.713405,-1,-1,-1
386,14,1068.034,401.280,317.396,611.111,0.952045,-1,-1,-1
386,79,464.135,447.222,48.878,112.596,0.791031,-1,-1,-1
386,97,674.369,481.231,46.539,108.041,0.713845,-1,-1,-1
386,132,499.441,454.719,30.278,65.787,0.621763,-1,-1,-1
386,146,949.293,413.300,180.457,521.972,0.930207,-1,-1,-1
386,155,943.814,439.227,59.775,146.024,0.604045,-1,-1,-1
386,170,638.954,484.309,55.495,129.388,0.754699,-1,-1,-1
386,173,688.733,475.894,47.911,112.855,0.780028,-1,-1,-1
386,181,729.551,474.902,52.709,121.095,0.825411,-1,-1,-1
386,185,528.471,404.507,168.668,372.680,0.938804,-1,-1,-1
386,196,357.124,442.755,127.904,301.031,0.929383,-1,-1,-1
386,198,807.407,474.089,31.428,74.464,0.639587,-1,-1,-1
386,206,212.005,445.882,178.662,356.691,0.936121,-1,-1,-1
386,214,0.177,445.555,197.789,358.141,0.950733,-1,-1,-1
387,14,1065.484,391.967,320.597,624.695,0.955235,-1,-1,-1
387,79,466.928,450.783,47.752,108.292,0.799251,-1,-1,-1
387,89,664.731,467.214,51.045,121.898,0.731919,-1,-1,-1
387,109,1827.892,439.558,88.611,215.594,0.646729,-1,-1,-1
387,132,497.574,454.443,30.358,67.095,0.633809,-1,-1,-1
387,146,949.468,415.311,189.201,521.373,0.929307,-1,-1,-1
387,155,938.366,438.182,60.394,153.476,0.774348,-1,-1,-1
387,173,688.297,471.036,46.939,114.050,0.807522,-1,-1,-1
387,181,726.754,471.077,55.199,130.748,0.842114,-1,-1,-1
387,185,531.701,420.005,163.917,344.179,0.931772,-1,-1,-1
387,196,356.514,441.374,147.187,307.308,0.942118,-1,-1,-1
387,198,806.097,471.413,32.387,76.816,0.630636,-1,-1,-1
387,206,214.874,446.348,172.620,356.067,0.934501,-1,-1,-1
387,214,0.121,442.768,192.780,360.132,0.944706,-1,-1,-1
388,4,1255.943,443.204,39.280,97.950,0.610630,-1,-1,-1
388,14,1048.911,396.116,337.276,622.080,0.943413,-1,-1,-1
388,79,469.682,452.224,47.302,109.376,0.802079,-1,-1,-1
388,132,498.609,456.009,29.693,66.618,0.632541,-1,-1,-1
388,146,948.581,413.740,195.756,521.529,0.921618,-1,-1,-1
388,173,686.754,468.586,48.158,119.152,0.791548,-1,-1,-1
388,181,727.027,468.831,53.579,130.847,0.814224,-1,-1,-1
388,185,541.790,416.830,161.827,349.694,0.929162,-1,-1,-1
388,196,360.448,445.866,167.931,301.896,0.923374,-1,-1,-1
388,198,806.439,471.907,31.802,75.099,0.633094,-1,-1,-1
388,206,224.771,444.150,174.040,358.073,0.924672,-1,-1,-1
388,214,7.583,423.428,186.777,378.282,0.945968,-1,-1,-1
389,4,1255.688,442.339,39.451,98.988,0.608546,-1,-1,-1
389,14,1054.290,394.254,330.727,624.815,0.948137,-1,-1,-1
389,79,469.072,453.563,46.896,106.545,0.815624,-1,-1,-1
389,89,655.192,468.862,53.066,131.285,0.614623,-1,-1,-1
389,132,499.909,455.588,29.454,67.049,0.614417,-1,-1,-1
389,146,947.095,415.114,193.146,520.315,0.927594,-1,-1,-1
389,155,934.796,434.971,58.532,155.910,0.799885,-1,-1,-1
389,173,685.946,470.717,46.443,118.319,0.814709,-1,-1,-1
389,181,725.371,468.852,55.054,133.029,0.846189,-1,-1,-1
389,185,547.285,425.065,152.323,339.697,0.937591,-1,-1,-1
389,196,351.737,441.595,180.768,309.831,0.920228,-1,-1,-1
389,198,805.293,471.145,32.188,76.330,0.651994,-1,-1,-1
389,206,232.301,457.389,173.577,349.608,0.934609,-1,-1,-1
389,210,1101.108,437.341,68.086,209.719,0.657936,-1,-1,-1
389,214,17.000,421.049,180.741,378.943,0.943201,-1,-1,-1
390,14,1057.324,398.905,323.962,622.150,0.941475,-1,-1,-1
390,79,470.676,454.671,47.343,108.156,0.732110,-1,-1,-1
390,89,656.877,465.938,54.940,137.977,0.602403,-1,-1,-1
390,146,947.767,415.400,187.450,521.235,0.929626,-1,-1,-1
390,155,932.586,430.209,54.339,151.770,0.767375,-1,-1,-1
390,173,687.946,479.808,44.092,109.031,0.727903,-1,-1,-1
390,181,727.294,474.182,53.691,128.095,0.822416,-1,-1,-1
390,185,548.035,427.975,152.738,338.194,0.926744,-1,-1,-1
390,196,366.835,446.585,175.870,299.075,0.911829,-1,-1,-1
390,198,802.439,472.786,33.206,77.178,0.629250,-1,-1,-1
390,206,234.654,446.896,174.993,356.289,0.925568,-1,-1,-1
390,210,1101.341,435.305,66.749,203.523,0.621729,-1,-1,-1
390,214,24.940,420.213,174.868,379.165,0.931951,-1,-1,-1
391,14,1058.269,399.230,315.706,618.200,0.948681,-1,-1,-1
391,146,945.937,416.885,179.567,519.029,0.930029,-1,-1,-1
391,150,523.114,448.627,31.523,72.399,0.627655,-1,-1,-1
391,173,684.795,480.320,45.929,109.519,0.799582,-1,-1,-1
391,181,726.546,474.920,52.755,123.584,0.780596,-1,-1,-1
391,185,557.989,422.281,144.805,334.413,0.943222,-1,-1,-1
391,196,374.344,442.314,165.703,302.220,0.909592,-1,-1,-1
391,206,242.448,440.190,181.019,362.926,0.927866,-1,-1,-1
391,210,1064.942,431.775,85.381,250.896,0.717037,-1,-1,-1
391,214,39.293,422.089,165.456,377.724,0.925679,-1,-1,-1
392,3,372.941,450.130,54.350,141.759,0.672676,-1,-1,-1
392,14,1062.006,393.502,309.444,623.219,0.951735,-1,-1,-1
392,85,485.768,453.404,31.027,66.465,0.633050,-1,-1,-1
392,89,659.689,459.388,51.361,133.189,0.603627,-1,-1,-1
392,132,494.498,454.341,29.568,66.986,0.635516,-1,-1,-1
392,146,949.191,413.317,185.329,524.723,0.928590,-1,-1,-1
392,150,522.966,450.557,30.596,69.758,0.677269,-1,-1,-1
392,173,682.006,470.713,50.687,120.219,0.797422,-1,-1,-1
392,181,725.336,469.934,55.123,129.961,0.782382,-1,-1,-1
392,185,563.246,422.093,136.443,331.889,0.938294,-1,-1,-1
392,196,381.856,440.510,162.889,309.577,0.912391,-1,-1,-1
392,198,802.845,471.085,34.200,77.388,0.615362,-1,-1,-1
392,206,248.941,445.863,178.822,355.979,0.920727,-1,-1,-1
392,210,1067.263,435.568,76.418,217.044,0.684821,-1,-1,-1
392,214,56.438,429.305,159.334,369.555,0.934758,-1,-1,-1
393,14,1059.140,396.791,317.832,618.033,0.949285,-1,-1,-1
393,89,665.130,457.115,52.921,136.763,0.670604,-1,-1,-1
393,109,1827.028,432.475,92.054,221.576,0.605139,-1,-1,-1
393,132,494.402,453.970,30.166,69.584,0.668446,-1,-1,-1
393,146,947.359,412.345,185.889,524.603,0.924240,-1,-1,-1
393,150,521.748,448.534,32.182,73.890,0.733790,-1,-1,-1
393,155,924.084,440.779,59.237,166.925,0.840858,-1,-1,-1
393,173,678.282,463.939,53.838,128.591,0.754591,-1,-1,-1
393,181,724.993,467.980,57.004,134.387,0.757425,-1,-1,-1
393,185,571.256,413.635,132.283,339.868,0.925059,-1,-1,-1
393,196,384.132,443.711,159.516,309.950,0.922861,-1,-1,-1
393,198,803.617,470.379,34.948,77.442,0.626853,-1,-1,-1
393,206,255.788,443.853,177.765,356.849,0.909206,-1,-1,-1
393,214,61.043,431.964,159.951,369.948,0.927204,-1,-1,-1
394,14,1061.096,401.100,310.235,619.097,0.948918,-1,-1,-1
394,85,483.610,451.973,34.835,74.694,0.619397,-1,-1,-1
394,132,495.048,452.855,30.064,70.004,0.663352,-1,-1,-1
394,146,944.814,415.058,185.503,521.774,0.928889,-1,-1,-1
394,150,521.730,448.535,31.725,73.181,0.684399,-1,-1,-1
394,155,918.914,441.132,59.632,163.697,0.857434,-1,-1,-1
394,173,675.840,463.269,53.293,127.995,0.731384,-1,-1,-1
394,181,726.472,463.975,56.725,135.910,0.809278,-1,-1,-1
394,185,575.308,401.698,132.815,349.962,0.930923,-1,-1,-1
394,196,398.214,441.434,148.776,302.437,0.917945,-1,-1,-1
394,198,803.071,469.253,35.974,77.910,0.654051,-1,-1,-1
394,206,273.650,440.960,193.295,361.371,0.933508,-1,-1,-1
394,210,1070.843,435.000,86.562,240.185,0.654749,-1,-1,-1
394,214,77.171,445.489,151.162,354.628,0.928913,-1,-1,-1
395,14,1063.956,393.070,305.434,629.116,0.948146,-1,-1,-1
395,132,490.701,452.749,29.704,68.461,0.694519,-1,-1,-1
395,146,945.388,415.260,186.140,523.264,0.930113,-1,-1,-1
395,150,522.646,452.207,29.684,68.496,0.619834,-1,-1,-1
395,155,919.524,453.191,56.693,154.722,0.852274,-1,-1,-1
395,173,677.388,465.485,52.821,126.421,0.691817,-1,-1,-1
395,181,725.696,462.162,57.213,139.746,0.807180,-1,-1,-1
395,185,579.585,412.632,131.032,337.904,0.922356,-1,-1,-1
395,196,405.386,443.249,142.154,298.107,0.869277,-1,-1,-1
395,198,804.291,469.825,36.217,77.363,0.647605,-1,-1,-1
395,206,281.870,444.126,193.924,356.538,0.935804,-1,-1,-1
395,210,1070.994,431.798,97.318,263.223,0.760517,-1,-1,-1
395,214,77.529,453.474,157.341,346.792,0.921476,-1,-1,-1
396,4,1252.411,444.292,34.548,86.263,0.656844,-1,-1,-1
396,14,1065.321,385.533,309.515,634.532,0.953869,-1,-1,-1
396,146,945.086,413.856,192.209,520.143,0.931780,-1,-1,-1
396,155,915.884,440.573,60.849,169.419,0.887186,-1,-1,-1
396,173,677.776,460.323,53.008,128.134,0.679433,-1,-1,-1
396,181,724.786,462.263,56.580,141.416,0.828533,-1,-1,-1
396,185,586.141,427.809,125.941,316.165,0.922893,-1,-1,-1
396,196,417.796,443.804,129.157,293.087,0.896301,-1,-1,-1
396,198,804.112,471.819,36.214,76.710,0.634010,-1,-1,-1
396,206,285.425,449.780,198.172,350.548,0.938782,-1,-1,-1
396,210,1070.118,428.993,102.077,278.512,0.721028,-1,-1,-1
396,214,93.172,451.302,159.209,347.094,0.920169,-1,-1,-1
397,4,1250.490,446.119,35.472,86.229,0.655125,-1,-1,-1
397,14,1067.073,403.972,308.999,616.797,0.953777,-1,-1,-1
397,146,944.326,412.923,191.532,518.794,0.932800,-1,-1,-1
397,173,675.611,458.676,53.560,129.996,0.645621,-1,-1,-1
397,181,725.410,462.174,55.704,141.353,0.774159,-1,-1,-1
397,185,589.705,428.234,131.274,320.846,0.930795,-1,-1,-1
397,196,430.775,446.434,117.424,289.560,0.892126,-1,-1,-1
397,198,802.903,470.319,36.240,76.329,0.602346,-1,-1,-1
397,206,290.319,456.585,199.875,343.303,0.933431,-1,-1,-1
397,210,1072.721,430.717,98.452,267.789,0.604997,-1,-1,-1
397,214,97.066,437.251,168.219,355.306,0.937890,-1,-1,-1
398,4,1251.517,445.827,35.138,84.405,0.710549,-1,-1,-1
398,14,1067.133,397.651,312.978,622.211,0.957936,-1,-1,-1
398,125,797.290,465.007,29.258,69.534,0.620043,-1,-1,-1
398,146,944.919,415.380,190.405,514.954,0.932094,-1,-1,-1
398,155,911.131,450.587,58.510,160.473,0.819462,-1,-1,-1
398,181,723.821,463.272,55.677,141.089,0.814086,-1,-1,-1
398,185,589.109,427.975,138.640,322.139,0.942498,-1,-1,-1
398,196,434.714,431.697,117.696,308.273,0.905142,-1,-1,-1
398,198,802.130,468.094,37.413,78.733,0.606455,-1,-1,-1
398,206,297.139,438.743,192.604,355.444,0.938346,-1,-1,-1
398,214,102.200,443.717,181.668,354.500,0.938492,-1,-1,-1
399,4,1246.995,445.303,39.835,94.436,0.735683,-1,-1,-1
399,14,1064.711,394.864,314.393,624.507,0.959404,-1,-1,-1
399,146,944.819,417.303,187.866,513.184,0.932775,-1,-1,-1
399,155,907.668,449.239,60.106,160.388,0.873826,-1,-1,-1
399,181,721.791,465.173,55.526,140.535,0.872361,-1,-1,-1
399,185,595.054,418.657,143.232,329.136,0.945018,-1,-1,-1
399,196,450.452,437.993,104.563,293.495,0.894224,-1,-1,-1
399,198,804.282,469.405,36.783,78.015,0.627730,-1,-1,-1
399,206,306.273,445.398,193.732,349.267,0.943379,-1,-1,-1
399,214,113.210,443.592,187.739,355.873,0.938733,-1,-1,-1
400,4,1250.104,446.107,34.724,80.000,0.714617,-1,-1,-1
400,14,1071.243,390.266,306.418,632.100,0.960715,-1,-1,-1
400,146,945.471,413.467,183.660,518.256,0.932273,-1,-1,-1
400,155,907.265,456.228,57.992,156.616,0.866480,-1,-1,-1
400,181,722.489,470.116,52.038,133.172,0.852166,-1,-1,-1
400,185,598.562,419.726,147.671,325.059,0.941084,-1,-1,-1
400,196,451.627,442.366,105.827,288.806,0.911067,-1,-1,-1
400,206,311.039,442.677,183.210,352.518,0.942733,-1,-1,-1
400,214,119.166,437.418,185.329,361.293,0.943191,-1,-1,-1
401,4,1243.529,444.957,39.007,89.385,0.761550,-1,-1,-1
401,14,1071.299,400.215,300.990,623.383,0.960872,-1,-1,-1
401,146,944.195,412.244,184.458,519.843,0.932579,-1,-1,-1
401,155,905.625,452.071,59.289,160.666,0.870296,-1,-1,-1
401,181,721.342,465.887,51.621,135.304,0.839050,-1,-1,-1
401,185,604.335,415.945,151.847,331.459,0.932198,-1,-1,-1
401,196,453.915,438.923,111.316,300.098,0.894059,-1,-1,-1
401,206,312.767,443.565,170.458,354.293,0.940505,-1,-1,-1
401,214,128.892,447.615,189.009,352.032,0.948271,-1,-1,-1
402,4,1242.163,444.811,39.984,95.834,0.786261,-1,-1,-1
402,14,1069.752,395.108,295.788,628.902,0.958896,-1,-1,-1
402,146,945.281,416.463,182.487,514.550,0.934254,-1,-1,-1
402,155,902.548,457.034,60.365,157.603,0.884279,-1,-1,-1
402,181,712.205,467.129,56.611,138.445,0.823516,-1,-1,-1
402,185,608.804,417.992,155.066,329.993,0.938054,-1,-1,-1
402,196,468.627,440.346,114.455,293.912,0.903575,-1,-1,-1
402,206,323.312,451.276,166.092,343.645,0.930091,-1,-1,-1
402,214,133.593,436.347,190.458,358.972,0.949443,-1,-1,-1
403,4,1240.906,443.770,39.870,98.155,0.775959,-1,-1,-1
403,14,1067.532,396.008,293.277,628.153,0.955972,-1,-1,-1
403,109,1829.190,390.173,94.737,250.505,0.614485,-1,-1,-1
403,146,945.491,416.571,184.389,516.231,0.934040,-1,-1,-1
403,155,900.430,451.626,63.287,164.222,0.860168,-1,-1,-1
403,181,709.530,464.069,59.176,141.912,0.721866,-1,-1,-1
403,185,610.793,424.469,157.059,318.335,0.939760,-1,-1,-1
403,196,477.701,430.703,122.279,299.638,0.912224,-1,-1,-1
403,198,796.623,466.544,30.913,66.823,0.641849,-1,-1,-1
403,206,332.735,460.686,160.639,325.026,0.915890,-1,-1,-1
403,214,135.057,438.183,201.264,355.869,0.943930,-1,-1,-1
404,4,1240.757,443.874,38.953,96.972,0.827638,-1,-1,-1
404,14,1068.569,403.554,292.058,620.018,0.951920,-1,-1,-1
404,79,450.859,444.525,66.916,155.214,0.618023,-1,-1,-1
404,109,1845.855,384.544,85.464,269.198,0.627029,-1,-1,-1
404,146,945.062,413.621,184.241,520.325,0.937991,-1,-1,-1
404,155,896.288,455.593,63.229,156.734,0.844519,-1,-1,-1
404,181,709.868,465.859,59.255,141.999,0.772142,-1,-1,-1
404,185,617.052,425.369,161.283,314.736,0.936410,-1,-1,-1
404,196,480.582,429.896,124.753,304.053,0.914159,-1,-1,-1
404,198,797.224,466.601,30.507,66.610,0.615483,-1,-1,-1
404,206,340.172,456.182,158.174,324.296,0.921670,-1,-1,-1
404,214,142.390,448.325,197.313,343.070,0.947531,-1,-1,-1
405,4,1238.471,444.152,38.369,95.947,0.777938,-1,-1,-1
405,14,1071.879,396.217,285.200,626.366,0.950696,-1,-1,-1
405,146,947.291,418.129,177.698,516.638,0.928148,-1,-1,-1
405,155,893.529,448.934,64.314,159.992,0.747261,-1,-1,-1
405,181,712.009,466.693,58.701,141.478,0.780955,-1,-1,-1
405,185,619.918,412.246,167.959,332.020,0.930791,-1,-1,-1
405,196,487.917,433.089,134.043,297.724,0.898482,-1,-1,-1
405,206,356.776,435.322,159.500,338.464,0.914961,-1,-1,-1
405,214,146.472,432.909,191.763,357.511,0.935021,-1,-1,-1
406,4,1240.122,443.805,38.154,97.345,0.683637,-1,-1,-1
406,14,1069.338,401.673,277.887,619.652,0.941125,-1,-1,-1
406,146,948.438,420.272,176.248,513.811,0.929392,-1,-1,-1
406,181,712.000,468.341,55.769,132.594,0.613403,-1,-1,-1
406,185,621.153,412.693,175.418,330.259,0.929550,-1,-1,-1
406,196,486.814,440.153,153.777,294.552,0.908689,-1,-1,-1
406,206,357.988,443.007,154.512,330.236,0.907121,-1,-1,-1
406,214,151.686,429.131,186.911,358.138,0.931702,-1,-1,-1
407,4,1237.103,444.007,37.245,96.171,0.728454,-1,-1,-1
407,14,1068.504,401.731,280.852,620.526,0.942253,-1,-1,-1
407,146,950.670,413.406,180.011,518.157,0.926040,-1,-1,-1
407,155,888.676,462.364,56.776,143.329,0.642555,-1,-1,-1
407,185,625.912,417.496,160.486,323.479,0.930883,-1,-1,-1
407,196,487.664,434.406,161.711,298.700,0.929151,-1,-1,-1
407,206,367.624,437.222,149.265,335.853,0.913818,-1,-1,-1
407,214,171.772,434.395,170.406,345.319,0.934930,-1,-1,-1
408,4,1236.538,442.786,38.260,97.651,0.767346,-1,-1,-1
408,14,1066.085,397.592,284.221,624.399,0.945132,-1,-1,-1
408,146,951.788,414.046,179.811,521.027,0.928014,-1,-1,-1
408,155,882.857,463.956,61.499,145.750,0.783935,-1,-1,-1
408,185,634.975,426.826,156.245,312.486,0.936316,-1,-1,-1
408,196,490.768,436.774,157.553,297.786,0.919559,-1,-1,-1
408,206,372.914,434.310,152.440,334.782,0.911833,-1,-1,-1
408,214,186.380,432.665,157.433,344.866,0.924936,-1,-1,-1
409,4,1236.527,444.835,38.212,94.539,0.752638,-1,-1,-1
409,14,1060.150,401.596,285.352,614.455,0.937006,-1,-1,-1
409,146,953.860,413.194,178.325,523.558,0.922136,-1,-1,-1
409,155,879.163,453.281,63.337,152.010,0.807363,-1,-1,-1
409,185,636.919,410.938,160.758,327.541,0.942048,-1,-1,-1
409,196,495.677,445.420,159.137,285.357,0.927764,-1,-1,-1
409,206,380.221,440.435,152.134,330.068,0.927860,-1,-1,-1
409,214,204.728,438.550,144.932,334.093,0.928181,-1,-1,-1
410,4,1237.075,446.242,37.614,92.306,0.622842,-1,-1,-1
410,14,1064.332,411.092,284.665,610.379,0.941165,-1,-1,-1
410,146,953.959,407.196,179.385,530.451,0.916045,-1,-1,-1
410,155,880.125,460.021,64.864,152.223,0.767289,-1,-1,-1
410,185,641.433,427.002,157.317,312.193,0.943915,-1,-1,-1
410,196,503.195,431.087,156.353,297.575,0.901018,-1,-1,-1
410,206,382.287,447.226,158.451,327.307,0.927410,-1,-1,-1
410,214,217.028,439.746,138.206,330.893,0.935057,-1,-1,-1
411,4,1234.099,442.051,39.703,96.594,0.726359,-1,-1,-1
411,14,1060.768,395.376,288.400,623.851,0.938733,-1,-1,-1
411,146,956.417,407.125,182.158,528.986,0.919583,-1,-1,-1
411,155,877.744,461.081,67.941,152.499,0.805847,-1,-1,-1
411,185,638.490,411.035,159.754,325.839,0.943944,-1,-1,-1
411,196,511.764,432.831,152.153,296.602,0.893374,-1,-1,-1
411,206,389.747,444.207,174.969,326.775,0.922622,-1,-1,-1
411,214,232.102,437.700,133.283,331.924,0.926968,-1,-1,-1
412,4,1233.928,444.113,37.740,91.551,0.721174,-1,-1,-1
412,14,1056.903,394.720,285.735,623.463,0.935412,-1,-1,-1
412,146,953.858,404.121,181.018,529.891,0.923372,-1,-1,-1
412,155,870.493,456.042,63.927,149.147,0.711119,-1,-1,-1
412,185,640.633,418.465,157.131,322.451,0.943461,-1,-1,-1
412,196,524.893,430.177,135.124,299.256,0.895559,-1,-1,-1
412,206,395.223,444.368,177.911,326.276,0.923159,-1,-1,-1
412,214,232.627,434.207,138.473,338.168,0.922768,-1,-1,-1
413,3,382.557,466.606,39.277,91.453,0.645398,-1,-1,-1
413,4,1233.517,443.099,38.964,97.041,0.634969,-1,-1,-1
413,14,1061.832,399.164,278.449,621.677,0.940229,-1,-1,-1
413,146,956.625,402.532,179.774,529.556,0.928102,-1,-1,-1
413,185,644.162,398.012,156.966,341.620,0.945891,-1,-1,-1
413,196,533.117,430.745,125.106,293.321,0.895614,-1,-1,-1
413,206,404.942,439.113,177.448,330.206,0.927376,-1,-1,-1
413,214,240.668,427.933,141.649,348.086,0.932245,-1,-1,-1
414,3,383.195,466.321,36.406,82.822,0.679463,-1,-1,-1
414,14,1062.816,400.326,271.696,620.823,0.939580,-1,-1,-1
414,132,407.446,464.713,30.494,66.891,0.601511,-1,-1,-1
414,146,957.925,402.205,179.673,529.793,0.921149,-1,-1,-1
414,155,868.521,451.367,61.484,151.158,0.640042,-1,-1,-1
414,185,641.907,420.405,156.311,318.316,0.935328,-1,-1,-1
414,196,546.449,433.534,112.955,286.591,0.879157,-1,-1,-1
414,206,406.105,435.928,190.341,336.815,0.937265,-1,-1,-1
414,214,242.919,441.485,148.031,336.180,0.919654,-1,-1,-1
415,3,382.276,465.747,39.086,91.963,0.692853,-1,-1,-1
415,4,1234.259,442.995,34.054,85.776,0.618283,-1,-1,-1
415,14,1060.479,399.803,273.025,621.856,0.932348,-1,-1,-1
415,97,534.252,444.702,62.418,162.867,0.706865,-1,-1,-1
415,146,958.848,405.868,170.703,527.026,0.927706,-1,-1,-1
415,155,870.123,447.592,57.807,152.687,0.743162,-1,-1,-1
415,173,644.501,468.175,48.113,120.497,0.634131,-1,-1,-1
415,185,654.035,416.826,152.931,320.767,0.928445,-1,-1,-1
415,196,543.463,431.970,116.847,295.990,0.899703,-1,-1,-1
415,206,410.826,442.063,184.524,325.165,0.934392,-1,-1,-1
415,214,255.797,438.301,145.274,335.758,0.940942,-1,-1,-1
416,3,381.729,465.347,41.468,97.737,0.644738,-1,-1,-1
416,14,1044.961,401.643,285.317,618.134,0.935957,-1,-1,-1
416,146,959.766,406.453,170.601,529.348,0.916904,-1,-1,-1
416,173,640.741,467.878,52.761,126.205,0.671084,-1,-1,-1
416,185,665.766,416.658,143.235,320.361,0.921915,-1,-1,-1
416,196,562.045,434.427,103.200,284.209,0.889180,-1,-1,-1
416,206,414.939,437.374,179.059,327.608,0.938380,-1,-1,-1
416,214,267.932,441.688,147.163,334.601,0.937173,-1,-1,-1
417,3,379.112,462.585,46.044,105.851,0.688435,-1,-1,-1
417,14,1044.430,400.875,283.589,618.089,0.924045,-1,-1,-1
417,79,407.786,461.502,43.839,104.582,0.602246,-1,-1,-1
417,146,961.159,408.117,169.136,530.556,0.914030,-1,-1,-1
417,155,862.504,440.986,57.704,158.127,0.789961,-1,-1,-1
417,185,672.011,412.977,138.560,322.130,0.922235,-1,-1,-1
417,196,567.444,431.494,112.766,289.285,0.898202,-1,-1,-1
417,206,421.161,441.264,172.112,324.249,0.936794,-1,-1,-1
417,210,1144.292,417.776,183.299,466.930,0.663173,-1,-1,-1
417,214,260.013,433.804,165.970,340.991,0.922030,-1,-1,-1
418,3,377.905,462.581,46.633,108.115,0.756733,-1,-1,-1
418,14,1033.309,390.065,262.931,635.695,0.900570,-1,-1,-1
418,146,961.062,407.970,166.898,525.786,0.926285,-1,-1,-1
418,185,677.341,427.565,133.279,307.701,0.925393,-1,-1,-1
418,196,570.192,430.225,113.984,290.529,0.912535,-1,-1,-1
418,206,429.318,446.247,169.841,320.283,0.928892,-1,-1,-1
418,210,1129.835,415.781,204.112,550.119,0.813089,-1,-1,-1
418,214,276.618,444.799,175.757,332.788,0.936657,-1,-1,-1
419,3,377.225,456.342,49.436,121.397,0.790003,-1,-1,-1
419,14,1039.004,394.631,249.677,630.393,0.892441,-1,-1,-1
419,146,962.993,411.202,163.361,513.437,0.921536,-1,-1,-1
419,155,859.492,446.534,54.798,155.821,0.709269,-1,-1,-1
419,185,679.876,414.200,134.533,321.225,0.924297,-1,-1,-1
419,196,579.869,430.464,107.544,288.850,0.913343,-1,-1,-1
419,206,439.414,442.659,164.407,321.000,0.925547,-1,-1,-1
419,210,1141.285,414.726,189.963,516.165,0.842336,-1,-1,-1
419,214,281.310,444.107,177.535,332.636,0.925602,-1,-1,-1
420,3,379.256,454.953,47.991,119.328,0.645527,-1,-1,-1
420,14,1042.733,396.771,232.494,624.925,0.910460,-1,-1,-1
420,79,405.551,455.739,47.389,113.591,0.699915,-1,-1,-1
420,146,961.838,410.973,166.947,516.066,0.918026,-1,-1,-1
420,155,858.409,449.813,52.776,153.410,0.703936,-1,-1,-1
420,185,682.110,415.853,134.313,316.564,0.911229,-1,-1,-1
420,196,583.045,427.516,113.409,291.122,0.912056,-1,-1,-1
420,206,437.454,439.864,162.706,329.321,0.922795,-1,-1,-1
420,210,1146.039,424.297,183.798,495.274,0.878001,-1,-1,-1
420,214,282.028,449.151,184.942,326.532,0.930652,-1,-1,-1
421,14,1034.299,385.355,244.053,645.172,0.901927,-1,-1,-1
421,79,400.025,455.455,48.632,115.895,0.712696,-1,-1,-1
421,89,783.083,456.314,47.428,121.099,0.668167,-1,-1,-1
421,146,961.671,399.415,172.780,525.784,0.909437,-1,-1,-1
421,155,857.752,442.004,52.973,156.888,0.806659,-1,-1,-1
421,185,686.435,427.392,139.083,299.734,0.919314,-1,-1,-1
421,196,585.923,426.234,117.884,289.987,0.916710,-1,-1,-1
421,206,438.650,443.426,158.412,322.632,0.915996,-1,-1,-1
421,210,1149.313,427.164,174.778,459.355,0.862296,-1,-1,-1
421,214,281.530,436.754,192.904,336.317,0.926394,-1,-1,-1
421,230,447.208,441.593,65.449,151.608,0.796096,-1,-1,-1
422,14,1032.399,392.294,233.827,629.635,0.892873,-1,-1,-1
422,146,961.818,402.008,176.968,535.273,0.901942,-1,-1,-1
422,155,854.495,443.189,52.956,153.178,0.784017,-1,-1,-1
422,181,673.690,443.410,61.721,166.244,0.694467,-1,-1,-1
422,185,690.237,406.902,141.914,323.939,0.918043,-1,-1,-1
422,196,591.893,428.143,122.261,289.760,0.917352,-1,-1,-1
422,206,449.270,436.996,153.420,327.966,0.919944,-1,-1,-1
422,210,1144.402,421.284,175.926,428.567,0.862432,-1,-1,-1
422,214,289.654,437.674,184.523,335.951,0.934565,-1,-1,-1
422,230,444.188,440.159,70.498,165.239,0.757475,-1,-1,-1
423,14,1030.000,388.616,250.658,648.091,0.902365,-1,-1,-1
423,79,404.103,449.002,49.000,123.492,0.682608,-1,-1,-1
423,89,786.078,455.490,48.107,124.193,0.602346,-1,-1,-1
423,146,959.980,405.416,174.291,531.158,0.891020,-1,-1,-1
423,150,451.099,442.572,58.781,132.440,0.808502,-1,-1,-1
423,155,848.849,441.066,56.430,161.475,0.845811,-1,-1,-1
423,181,674.101,439.554,61.378,170.585,0.722840,-1,-1,-1
423,185,694.112,415.104,137.730,315.263,0.896892,-1,-1,-1
423,196,594.681,429.778,136.409,294.055,0.919943,-1,-1,-1
423,206,460.524,437.652,141.020,321.389,0.918185,-1,-1,-1
423,210,1132.218,405.892,197.760,501.194,0.862262,-1,-1,-1
423,214,294.210,439.004,186.554,330.230,0.935174,-1,-1,-1
424,14,1029.139,393.725,247.333,634.261,0.898542,-1,-1,-1
424,89,787.312,453.542,47.854,123.883,0.637498,-1,-1,-1
424,146,959.541,414.094,165.236,515.085,0.908149,-1,-1,-1
424,155,845.974,443.121,58.519,158.859,0.863535,-1,-1,-1
424,181,673.210,444.080,57.713,168.237,0.719159,-1,-1,-1
424,185,701.933,420.357,136.487,312.232,0.909493,-1,-1,-1
424,196,599.834,432.956,138.466,285.756,0.931057,-1,-1,-1
424,206,475.072,438.431,133.998,322.089,0.909328,-1,-1,-1
424,210,1137.129,411.963,193.364,504.418,0.867193,-1,-1,-1
424,214,299.085,440.303,182.454,331.062,0.924838,-1,-1,-1
424,230,446.690,440.880,65.176,157.969,0.785006,-1,-1,-1
425,14,1037.816,382.623,251.302,653.083,0.906703,-1,-1,-1
425,97,441.551,434.642,72.842,188.101,0.803282,-1,-1,-1
425,146,961.698,403.941,168.352,518.032,0.897021,-1,-1,-1
425,155,846.442,443.726,59.458,157.814,0.846830,-1,-1,-1
425,181,680.536,447.514,58.767,167.036,0.673678,-1,-1,-1
425,185,702.070,404.557,140.345,328.884,0.907706,-1,-1,-1
425,196,602.079,441.541,143.277,276.550,0.903016,-1,-1,-1
425,206,483.950,437.287,131.406,322.937,0.897378,-1,-1,-1
425,210,1153.477,421.114,180.915,483.771,0.857973,-1,-1,-1
425,214,306.828,435.755,175.173,331.156,0.920339,-1,-1,-1
425,230,457.048,443.780,61.455,151.430,0.654871,-1,-1,-1
426,14,1035.861,381.448,243.725,655.554,0.905729,-1,-1,-1
426,146,962.801,406.377,166.666,515.614,0.905492,-1,-1,-1
426,155,845.154,448.590,56.014,152.990,0.844407,-1,-1,-1
426,173,606.193,445.884,56.886,145.749,0.623276,-1,-1,-1
426,185,708.309,413.393,134.729,318.110,0.910081,-1,-1,-1
426,196,605.023,443.654,136.770,273.131,0.912433,-1,-1,-1
426,206,480.914,431.777,142.974,330.080,0.921633,-1,-1,-1
426,210,1141.629,415.589,191.581,529.661,0.853576,-1,-1,-1
426,214,315.819,433.279,170.249,325.046,0.927146,-1,-1,-1
426,230,453.993,444.086,59.198,146.274,0.764601,-1,-1,-1
426,232,1193.860,423.701,141.748,374.552,0.703409,-1,-1,-1
427,14,1037.232,387.538,251.397,649.091,0.889766,-1,-1,-1
427,146,964.103,404.383,166.744,520.874,0.906931,-1,-1,-1
427,155,841.529,443.410,56.241,156.894,0.817649,-1,-1,-1
427,173,605.178,442.108,59.012,152.328,0.731660,-1,-1,-1
427,185,713.990,417.036,129.567,313.865,0.921965,-1,-1,-1
427,196,600.721,440.573,139.304,271.905,0.906091,-1,-1,-1
427,206,484.168,433.220,141.805,330.143,0.906427,-1,-1,-1
427,210,1134.421,409.381,199.410,555.638,0.870010,-1,-1,-1
427,214,330.299,432.858,162.174,329.330,0.919926,-1,-1,-1
427,230,449.718,441.257,64.465,158.276,0.761018,-1,-1,-1
427,232,1204.160,422.899,136.618,360.999,0.694317,-1,-1,-1
428,14,1043.254,407.275,272.870,636.122,0.895596,-1,-1,-1
428,146,964.619,408.893,171.284,515.144,0.895151,-1,-1,-1
428,155,839.760,442.254,54.171,154.265,0.795323,-1,-1,-1
428,173,596.356,459.844,52.024,137.785,0.612341,-1,-1,-1
428,185,720.248,413.463,124.579,318.994,0.912215,-1,-1,-1
428,196,604.165,434.567,140.960,278.640,0.877344,-1,-1,-1
428,206,507.760,430.146,128.619,331.513,0.911050,-1,-1,-1
428,210,1146.120,410.861,189.591,519.081,0.841409,-1,-1,-1
428,214,344.514,439.631,144.970,318.087,0.922149,-1,-1,-1
428,230,457.435,444.690,60.213,152.120,0.740684,-1,-1,-1
428,232,1218.290,424.738,127.360,343.697,0.753458,-1,-1,-1
428,235,1670.592,340.578,231.268,738.051,0.864037,-1,-1,-1
429,14,1037.727,400.559,289.729,663.078,0.890016,-1,-1,-1
429,97,450.938,439.004,65.225,181.564,0.724221,-1,-1,-1
429,146,960.814,408.159,171.432,515.845,0.893604,-1,-1,-1
429,155,839.186,447.116,50.355,147.044,0.799182,-1,-1,-1
429,185,719.683,410.585,127.140,320.523,0.914103,-1,-1,-1
429,196,609.202,442.095,138.733,269.475,0.879731,-1,-1,-1
429,206,510.957,433.238,130.120,327.455,0.921684,-1,-1,-1
429,210,1139.113,406.112,210.215,603.790,0.838939,-1,-1,-1
429,214,368.358,437.849,130.711,318.639,0.927175,-1,-1,-1
429,232,1220.145,424.989,126.192,345.209,0.758633,-1,-1,-1
430,14,1030.272,403.142,269.627,651.909,0.896187,-1,-1,-1
430,146,967.927,410.330,173.429,520.074,0.895648,-1,-1,-1
430,150,459.135,447.339,52.436,129.311,0.743324,-1,-1,-1
430,155,835.199,452.973,52.131,142.728,0.856787,-1,-1,-1
430,181,644.724,443.947,69.423,184.248,0.650548,-1,-1,-1
430,185,724.450,413.237,129.878,320.365,0.913144,-1,-1,-1
430,196,630.428,437.474,126.476,277.860,0.881954,-1,-1,-1
430,206,513.659,430.371,137.940,330.217,0.926685,-1,-1,-1
430,210,1140.726,411.626,208.860,614.587,0.783600,-1,-1,-1
430,214,378.983,431.813,119.170,320.198,0.932816,-1,-1,-1
430,232,1224.940,413.927,130.290,363.145,0.810674,-1,-1,-1
430,235,1574.552,351.743,317.873,723.937,0.868528,-1,-1,-1
430,238,1365.876,353.746,462.452,721.879,0.671472,-1,-1,-1
430,239,949.017,458.466,87.460,198.303,0.632051,-1,-1,-1
431,14,1041.469,407.604,278.732,652.076,0.892153,-1,-1,-1
431,89,804.308,472.122,43.697,121.341,0.698542,-1,-1,-1
431,146,970.930,403.861,180.604,530.809,0.907143,-1,-1,-1
431,155,836.058,452.651,51.268,143.273,0.895320,-1,-1,-1
431,181,636.442,453.394,69.699,191.308,0.779699,-1,-1,-1
431,185,718.603,415.221,131.925,317.725,0.906015,-1,-1,-1
431,196,637.708,444.456,120.499,272.110,0.838358,-1,-1,-1
431,206,512.606,431.950,149.466,329.694,0.929670,-1,-1,-1
431,210,1139.211,412.131,210.404,629.644,0.713279,-1,-1,-1
431,214,371.340,430.243,123.731,323.880,0.931351,-1,-1,-1
431,232,1217.906,409.641,141.039,400.422,0.834349,-1,-1,-1
431,235,1542.728,308.086,360.500,770.797,0.827145,-1,-1,-1
431,238,1297.612,313.729,562.601,761.653,0.786541,-1,-1,-1
432,14,1033.715,405.240,260.558,653.235,0.886470,-1,-1,-1
432,109,1841.496,444.825,76.016,207.813,0.712985,-1,-1,-1
432,146,970.829,414.413,177.242,520.609,0.911633,-1,-1,-1
432,155,830.811,450.804,54.095,143.408,0.890302,-1,-1,-1
432,185,722.289,411.518,127.496,319.626,0.902725,-1,-1,-1
432,196,635.824,445.983,99.493,234.445,0.791529,-1,-1,-1
432,206,522.195,439.878,153.178,320.954,0.917162,-1,-1,-1
432,214,379.189,440.287,126.388,316.996,0.919085,-1,-1,-1
432,232,1189.144,416.868,154.807,399.252,0.740676,-1,-1,-1
432,235,1484.358,300.726,423.195,777.269,0.903328,-1,-1,-1
432,238,1227.742,316.568,598.341,757.594,0.627392,-1,-1,-1
433,14,1042.095,403.856,235.685,621.827,0.846811,-1,-1,-1
433,109,1830.986,422.824,87.590,230.055,0.763661,-1,-1,-1
433,146,973.661,415.943,174.773,518.389,0.900795,-1,-1,-1
433,155,831.176,445.272,54.556,146.240,0.888534,-1,-1,-1
433,181,650.954,450.582,67.119,185.790,0.753856,-1,-1,-1
433,185,718.164,406.857,132.383,323.795,0.897534,-1,-1,-1
433,196,664.902,441.604,90.499,225.073,0.811884,-1,-1,-1
433,206,528.431,431.267,159.396,329.977,0.914292,-1,-1,-1
433,214,389.936,440.034,123.539,310.792,0.912956,-1,-1,-1
433,232,1209.280,405.331,155.694,404.364,0.661755,-1,-1,-1
433,235,1438.175,293.112,469.745,784.810,0.902843,-1,-1,-1
434,3,380.744,467.938,36.150,94.759,0.662198,-1,-1,-1
434,14,1068.872,401.395,216.155,547.830,0.830361,-1,-1,-1
434,146,975.862,411.153,184.541,527.823,0.918048,-1,-1,-1
434,155,829.619,444.742,54.351,148.920,0.878437,-1,-1,-1
434,181,661.236,454.803,62.174,168.235,0.639522,-1,-1,-1
434,185,723.811,410.578,127.920,319.346,0.900496,-1,-1,-1
434,196,675.163,440.672,93.574,257.128,0.775723,-1,-1,-1
434,206,532.643,439.646,155.682,317.702,0.925392,-1,-1,-1
434,214,399.368,440.111,120.902,312.509,0.918321,-1,-1,-1
434,232,1181.270,405.691,185.911,449.953,0.838326,-1,-1,-1
434,235,1386.621,299.768,521.306,774.797,0.928586,-1,-1,-1
434,241,520.149,453.521,29.778,67.596,0.672599,-1,-1,-1
434,242,1247.661,406.692,124.122,298.086,0.795345,-1,-1,-1
435,14,1072.362,406.960,204.957,516.650,0.772638,-1,-1,-1
435,146,980.438,412.473,186.046,493.887,0.910184,-1,-1,-1
435,155,827.667,442.888,54.461,150.792,0.831976,-1,-1,-1
435,181,666.898,451.674,64.274,172.712,0.721943,-1,-1,-1
435,185,730.745,413.400,123.860,310.534,0.896917,-1,-1,-1
435,196,681.407,439.326,82.300,257.235,0.854043,-1,-1,-1
435,206,536.064,438.624,151.332,318.953,0.941570,-1,-1,-1
435,214,383.562,443.840,134.032,311.537,0.916088,-1,-1,-1
435,232,1179.519,401.078,179.048,421.378,0.820599,-1,-1,-1
435,235,1301.259,294.517,535.794,779.836,0.856810,-1,-1,-1
435,241,520.006,454.013,30.132,69.724,0.705077,-1,-1,-1
435,242,1249.947,410.597,123.512,324.513,0.875303,-1,-1,-1
436,14,1078.473,397.970,209.715,546.290,0.850139,-1,-1,-1
436,146,974.565,411.286,193.189,549.990,0.890939,-1,-1,-1
436,155,823.103,439.563,55.017,151.564,0.740786,-1,-1,-1
436,181,657.255,450.656,65.872,177.487,0.619216,-1,-1,-1
436,185,740.048,407.964,119.565,310.561,0.891452,-1,-1,-1
436,196,696.308,433.787,89.178,279.678,0.748370,-1,-1,-1
436,206,543.457,434.722,150.508,319.746,0.943537,-1,-1,-1
436,214,406.223,440.296,128.811,309.971,0.916864,-1,-1,-1
436,230,536.535,447.996,65.672,170.623,0.644042,-1,-1,-1
436,232,1177.692,406.117,164.439,415.599,0.840720,-1,-1,-1
436,235,1183.476,299.263,575.678,773.587,0.883575,-1,-1,-1
436,241,520.009,454.765,29.548,68.207,0.658572,-1,-1,-1
436,242,1254.856,422.215,122.709,337.680,0.751686,-1,-1,-1
436,245,684.598,458.049,62.685,162.262,0.690299,-1,-1,-1
436,246,645.521,452.104,56.190,168.236,0.727584,-1,-1,-1
437,14,1081.441,396.058,198.202,521.608,0.841578,-1,-1,-1
437,146,984.163,412.419,183.076,500.991,0.890179,-1,-1,-1
437,155,818.083,441.745,55.550,148.695,0.762540,-1,-1,-1
437,181,677.610,453.041,60.022,167.069,0.675388,-1,-1,-1
437,185,745.902,419.577,117.111,302.983,0.855577,-1,-1,-1
437,196,704.433,440.012,100.168,276.452,0.819695,-1,-1,-1
437,206,540.474,432.685,153.745,322.749,0.941321,-1,-1,-1
437,214,401.666,443.323,139.198,310.170,0.916567,-1,-1,-1
437,232,1166.382,399.007,180.891,461.922,0.651237,-1,-1,-1
437,235,1100.563,309.381,604.478,767.966,0.872700,-1,-1,-1
437,241,520.562,455.110,28.864,66.543,0.600553,-1,-1,-1
437,245,686.190,444.235,70.783,189.955,0.774849,-1,-1,-1
437,246,641.944,447.210,62.399,182.775,0.735843,-1,-1,-1
438,14,1082.974,395.014,182.265,488.381,0.861506,-1,-1,-1
438,146,983.520,405.984,185.796,516.560,0.894006,-1,-1,-1
438,155,818.356,444.165,54.109,144.782,0.679903,-1,-1,-1
438,185,758.223,410.111,116.754,305.333,0.881240,-1,-1,-1
438,196,693.967,429.620,109.972,287.387,0.875073,-1,-1,-1
438,206,542.948,430.805,151.633,323.257,0.933680,-1,-1,-1
438,214,392.829,431.343,153.096,320.552,0.917496,-1,-1,-1
438,235,961.806,311.516,646.070,763.996,0.860026,-1,-1,-1
438,241,517.197,449.311,31.660,74.224,0.668790,-1,-1,-1
438,245,685.148,436.396,85.828,235.634,0.725054,-1,-1,-1
438,246,642.999,447.412,59.046,172.519,0.627865,-1,-1,-1
438,249,545.433,448.009,37.314,75.073,0.621356,-1,-1,-1
439,14,1074.323,416.965,184.855,490.831,0.828276,-1,-1,-1
439,146,985.627,413.216,186.215,524.212,0.876675,-1,-1,-1
439,181,679.162,454.266,58.290,165.958,0.641163,-1,-1,-1
439,185,761.597,413.025,116.299,302.993,0.891888,-1,-1,-1
439,196,697.724,430.466,117.807,290.072,0.885428,-1,-1,-1
439,206,544.810,430.270,151.940,324.954,0.937630,-1,-1,-1
439,214,407.029,437.350,145.283,311.953,0.909654,-1,-1,-1
439,235,1027.903,319.836,573.077,755.726,0.860375,-1,-1,-1
439,241,521.133,454.803,28.803,67.549,0.601694,-1,-1,-1
439,246,642.123,459.601,56.582,167.144,0.675934,-1,-1,-1
439,249,545.754,452.167,35.701,71.595,0.611113,-1,-1,-1
440,97,358.421,482.613,82.719,159.998,0.805310,-1,-1,-1
440,146,991.028,410.274,188.986,515.031,0.908400,-1,-1,-1
440,173,547.186,453.739,35.885,93.432,0.612312,-1,-1,-1
440,185,761.088,411.496,116.117,306.477,0.885703,-1,-1,-1
440,196,699.008,427.657,131.716,296.181,0.900946,-1,-1,-1
440,206,550.641,427.725,146.865,326.067,0.943238,-1,-1,-1
440,214,417.989,432.816,138.759,310.961,0.917927,-1,-1,-1
440,235,968.079,343.493,545.008,730.263,0.804500,-1,-1,-1
441,97,354.214,486.878,85.965,161.991,0.804088,-1,-1,-1
441,146,998.392,406.194,181.757,478.105,0.801941,-1,-1,-1
441,150,527.815,447.363,62.675,158.805,0.650983,-1,-1,-1
441,185,760.857,406.134,115.194,307.779,0.887765,-1,-1,-1
441,196,697.202,438.815,131.034,277.583,0.898826,-1,-1,-1
441,206,553.558,430.108,146.571,323.599,0.937675,-1,-1,-1
441,214,425.369,430.522,132.542,311.648,0.904594,-1,-1,-1
441,230,567.270,453.772,56.262,157.256,0.630857,-1,-1,-1
441,235,980.817,354.129,470.082,719.821,0.888150,-1,-1,-1
442,97,344.568,479.958,88.483,170.070,0.821042,-1,-1,-1
442,146,1002.881,396.808,168.595,429.455,0.627612,-1,-1,-1
442,150,534.800,445.743,59.718,157.589,0.742882,-1,-1,-1
442,185,767.877,408.297,111.099,305.218,0.876093,-1,-1,-1
442,196,698.593,428.642,137.833,288.043,0.904084,-1,-1,-1
442,206,559.645,434.728,141.413,316.907,0.931878,-1,-1,-1
442,214,438.673,431.143,128.653,309.455,0.892496,-1,-1,-1
442,235,935.684,358.386,449.009,714.992,0.852687,-1,-1,-1
442,242,1276.646,425.384,178.395,343.944,0.899071,-1,-1,-1
443,79,414.936,462.222,38.268,106.050,0.622385,-1,-1,-1
443,97,343.406,476.998,88.639,169.795,0.810569,-1,-1,-1
443,146,973.034,428.432,122.885,294.701,0.696458,-1,-1,-1
443,150,534.722,444.656,59.752,162.199,0.810119,-1,-1,-1
443,185,774.000,428.827,104.556,281.434,0.862889,-1,-1,-1
443,196,705.372,428.974,136.954,285.133,0.891370,-1,-1,-1
443,206,570.495,440.568,131.575,307.825,0.921048,-1,-1,-1
443,214,450.262,433.959,121.433,301.303,0.900066,-1,-1,-1
443,232,1206.981,430.623,158.428,381.392,0.851661,-1,-1,-1
443,235,911.852,353.228,436.961,720.534,0.815785,-1,-1,-1
443,242,1288.889,431.662,173.521,341.560,0.864091,-1,-1,-1
444,3,380.780,470.246,40.548,96.949,0.667367,-1,-1,-1
444,79,414.077,460.766,39.119,108.639,0.632600,-1,-1,-1
444,97,331.408,499.470,79.772,146.361,0.703574,-1,-1,-1
444,150,534.683,445.740,57.251,153.784,0.713448,-1,-1,-1
444,185,776.147,420.351,104.241,289.013,0.838279,-1,-1,-1
444,196,702.834,428.574,138.004,286.819,0.902456,-1,-1,-1
444,206,579.415,432.201,126.996,315.915,0.926987,-1,-1,-1
444,210,1171.077,414.671,199.783,488.359,0.871535,-1,-1,-1
444,214,454.900,432.327,124.699,306.121,0.916797,-1,-1,-1
444,235,869.063,353.154,416.666,722.033,0.858832,-1,-1,-1
444,242,1303.003,426.617,166.216,340.508,0.895370,-1,-1,-1
445,3,380.774,469.853,42.683,99.818,0.710308,-1,-1,-1
445,79,412.683,461.391,40.992,112.213,0.645009,-1,-1,-1
445,97,327.396,502.522,86.267,150.042,0.825878,-1,-1,-1
445,150,532.180,443.643,60.117,160.775,0.700992,-1,-1,-1
445,185,772.703,422.952,110.711,289.776,0.878260,-1,-1,-1
445,196,708.473,428.828,134.625,282.486,0.864451,-1,-1,-1
445,206,586.888,435.332,123.939,310.258,0.907296,-1,-1,-1
445,210,1130.563,402.129,231.308,507.507,0.877799,-1,-1,-1
445,214,461.525,429.071,124.746,304.822,0.929235,-1,-1,-1
445,232,1185.828,411.710,175.503,372.140,0.829506,-1,-1,-1
445,235,849.552,347.778,413.062,728.393,0.801671,-1,-1,-1
445,238,571.729,340.932,673.736,735.702,0.775999,-1,-1,-1
445,242,1312.221,419.977,155.554,344.282,0.916479,-1,-1,-1
445,245,727.452,438.158,84.139,211.062,0.635108,-1,-1,-1
446,3,378.075,470.899,43.912,103.558,0.699698,-1,-1,-1
446,14,1024.137,415.073,199.087,515.094,0.757097,-1,-1,-1
446,79,412.862,460.338,40.168,111.749,0.717233,-1,-1,-1
446,97,315.646,501.154,86.511,154.235,0.873614,-1,-1,-1
446,150,535.405,446.975,57.228,155.624,0.600289,-1,-1,-1
446,185,776.041,404.487,113.763,303.519,0.848167,-1,-1,-1
446,196,718.749,435.462,121.180,262.701,0.674842,-1,-1,-1
446,206,586.020,442.862,121.780,304.878,0.897979,-1,-1,-1
446,210,1103.419,411.995,256.000,651.731,0.873502,-1,-1,-1
446,214,466.701,430.997,122.889,295.559,0.926652,-1,-1,-1
446,232,1201.323,403.881,172.879,393.953,0.853352,-1,-1,-1
446,235,804.313,340.764,402.504,734.174,0.816613,-1,-1,-1
446,242,1320.983,418.806,146.619,346.360,0.925828,-1,-1,-1
446,245,716.052,428.680,146.526,283.986,0.869658,-1,-1,-1
447,14,1043.983,410.318,184.285,558.742,0.846760,-1,-1,-1
447,97,310.238,503.980,86.557,152.810,0.867162,-1,-1,-1
447,181,745.290,449.193,53.219,134.511,0.611514,-1,-1,-1
447,185,785.668,425.961,98.824,268.653,0.831942,-1,-1,-1
447,196,722.995,428.303,128.356,283.180,0.855734,-1,-1,-1
447,206,592.530,437.208,133.743,311.102,0.907192,-1,-1,-1
447,210,1118.722,408.314,231.557,659.369,0.910387,-1,-1,-1
447,214,475.207,426.846,119.677,305.392,0.906828,-1,-1,-1
447,232,1198.484,410.227,173.302,412.093,0.811164,-1,-1,-1
447,238,494.623,332.280,659.632,743.296,0.878935,-1,-1,-1
447,242,1325.618,403.607,141.592,363.521,0.929118,-1,-1,-1
448,3,381.306,469.451,42.387,100.154,0.621970,-1,-1,-1
448,14,1040.865,407.670,181.007,567.248,0.877687,-1,-1,-1
448,79,412.448,456.295,41.285,114.012,0.646358,-1,-1,-1
448,97,300.696,493.028,94.181,166.540,0.792518,-1,-1,-1
448,181,752.952,460.592,42.989,109.017,0.708770,-1,-1,-1
448,196,753.983,449.591,108.620,238.907,0.759373,-1,-1,-1
448,206,592.991,440.166,135.940,308.973,0.898690,-1,-1,-1
448,210,1124.855,403.197,236.116,676.921,0.905912,-1,-1,-1
448,214,483.180,430.664,109.806,293.393,0.894001,-1,-1,-1
448,232,1210.562,405.818,166.137,377.415,0.792285,-1,-1,-1
448,235,718.144,320.508,407.274,759.356,0.690503,-1,-1,-1
448,238,451.635,321.638,670.284,755.654,0.816961,-1,-1,-1
448,242,1329.843,413.187,137.538,354.219,0.928355,-1,-1,-1
448,255,721.023,454.988,29.479,80.379,0.663848,-1,-1,-1
449,3,381.861,468.375,43.972,105.447,0.715351,-1,-1,-1
449,14,1031.852,410.264,178.406,562.023,0.918469,-1,-1,-1
449,79,413.804,457.231,39.689,111.102,0.623156,-1,-1,-1
449,97,297.951,501.100,88.599,152.816,0.725342,-1,-1,-1
449,206,593.792,429.970,137.759,325.172,0.907027,-1,-1,-1
449,210,1127.594,409.595,230.262,663.663,0.886280,-1,-1,-1
449,214,488.245,419.282,112.663,302.817,0.912470,-1,-1,-1
449,232,1212.499,407.503,161.023,369.219,0.702659,-1,-1,-1
449,235,723.475,320.421,384.648,756.975,0.784850,-1,-1,-1
449,242,1335.019,426.673,134.212,336.662,0.926862,-1,-1,-1
449,255,718.526,450.252,29.647,81.552,0.626444,-1,-1,-1
450,3,381.682,470.350,43.062,104.072,0.732436,-1,-1,-1
450,14,1028.120,412.540,188.911,545.301,0.928182,-1,-1,-1
450,79,413.970,456.686,40.026,112.448,0.653496,-1,-1,-1
450,173,460.390,446.921,36.977,107.503,0.712005,-1,-1,-1
450,206,624.280,430.665,113.124,312.000,0.891678,-1,-1,-1
450,210,1120.638,403.852,248.885,674.497,0.897084,-1,-1,-1
450,214,488.721,429.803,109.138,285.043,0.909798,-1,-1,-1
450,230,591.496,458.401,70.274,185.092,0.795101,-1,-1,-1
450,232,1219.256,408.863,155.571,353.845,0.811337,-1,-1,-1
450,235,679.761,322.485,373.041,754.489,0.761504,-1,-1,-1
450,238,360.935,324.729,685.551,750.230,0.864367,-1,-1,-1
450,242,1338.524,419.193,141.810,346.845,0.924101,-1,-1,-1
450,255,720.611,450.595,29.832,82.986,0.609854,-1,-1,-1
451,3,382.710,471.669,41.878,102.236,0.673226,-1,-1,-1
451,14,1032.279,410.600,190.254,551.228,0.930194,-1,-1,-1
451,79,413.900,457.669,39.784,112.664,0.682671,-1,-1,-1
451,97,274.339,510.622,89.306,147.986,0.624850,-1,-1,-1
451,173,459.783,447.912,35.276,103.622,0.689872,-1,-1,-1
451,206,637.674,433.541,109.607,311.186,0.872213,-1,-1,-1
451,210,1125.536,404.695,276.020,669.238,0.909034,-1,-1,-1
451,214,489.869,434.952,117.461,293.881,0.908774,-1,-1,-1
451,230,584.741,448.203,92.957,241.565,0.727581,-1,-1,-1
451,232,1214.719,413.356,169.049,379.284,0.785822,-1,-1,-1
451,235,625.169,331.452,387.486,748.466,0.798349,-1,-1,-1
451,238,305.959,327.668,698.483,748.785,0.780074,-1,-1,-1
451,242,1343.471,415.247,142.441,351.062,0.929712,-1,-1,-1
452,3,382.699,470.960,41.736,103.625,0.723689,-1,-1,-1
452,14,1037.222,409.635,194.779,542.851,0.931613,-1,-1,-1
452,79,414.944,456.837,39.809,115.046,0.763817,-1,-1,-1
452,97,261.893,514.967,93.175,140.800,0.771117,-1,-1,-1
452,173,457.752,445.092,36.653,107.779,0.687136,-1,-1,-1
452,206,653.818,450.096,98.455,268.101,0.740757,-1,-1,-1
452,210,1109.883,406.469,299.484,673.619,0.905367,-1,-1,-1
452,214,488.571,429.678,125.463,299.378,0.913092,-1,-1,-1
452,232,1218.135,415.024,171.861,378.815,0.711625,-1,-1,-1
452,235,602.362,348.768,386.971,730.263,0.883472,-1,-1,-1
452,242,1348.861,418.575,144.641,344.120,0.931871,-1,-1,-1
453,3,382.208,466.244,44.853,110.794,0.747316,-1,-1,-1
453,14,1037.273,411.205,194.608,540.430,0.936417,-1,-1,-1
453,79,415.022,453.237,40.395,117.805,0.685437,-1,-1,-1
453,97,255.629,507.802,101.424,151.004,0.795799,-1,-1,-1
453,150,580.723,453.618,65.959,172.723,0.681303,-1,-1,-1
453,173,457.658,441.968,36.994,108.421,0.603148,-1,-1,-1
453,185,817.479,423.900,71.973,197.739,0.632127,-1,-1,-1
453,210,1116.732,407.969,317.058,671.015,0.893377,-1,-1,-1
453,214,490.091,434.222,128.027,290.113,0.903836,-1,-1,-1
453,232,1226.988,418.981,170.887,368.491,0.640019,-1,-1,-1
453,235,531.027,352.717,405.076,722.604,0.814944,-1,-1,-1
453,238,231.763,344.065,716.950,732.220,0.838692,-1,-1,-1
453,242,1357.034,414.903,140.630,345.431,0.937348,-1,-1,-1
454,3,383.959,468.844,42.198,105.616,0.764714,-1,-1,-1
454,14,1034.857,414.907,206.194,544.465,0.935493,-1,-1,-1
454,79,417.342,453.627,38.929,115.289,0.757802,-1,-1,-1
454,97,250.014,510.111,98.697,146.087,0.844742,-1,-1,-1
454,150,578.122,463.801,64.382,174.881,0.714724,-1,-1,-1
454,173,458.308,445.881,35.207,103.441,0.660726,-1,-1,-1
454,185,810.040,407.158,88.637,285.768,0.833256,-1,-1,-1
454,210,1133.805,404.887,315.055,669.781,0.876254,-1,-1,-1
454,214,492.123,435.929,127.576,292.017,0.908587,-1,-1,-1
454,232,1230.229,420.466,171.233,363.435,0.771367,-1,-1,-1
454,235,519.419,366.353,394.641,711.505,0.877834,-1,-1,-1
454,242,1367.890,421.281,134.101,344.277,0.944956,-1,-1,-1
455,3,382.839,464.325,43.970,109.813,0.781212,-1,-1,-1
455,14,1037.188,416.745,203.761,546.622,0.925233,-1,-1,-1
455,79,417.898,452.481,38.183,114.287,0.744266,-1,-1,-1
455,97,240.951,512.053,100.153,148.810,0.833500,-1,-1,-1
455,173,458.884,445.726,35.211,103.737,0.682577,-1,-1,-1
455,185,807.216,414.651,89.126,294.146,0.880048,-1,-1,-1
455,210,1139.348,401.452,312.178,670.506,0.908921,-1,-1,-1
455,214,495.813,439.266,115.256,276.423,0.864874,-1,-1,-1
455,232,1229.904,420.950,175.828,375.202,0.668748,-1,-1,-1
455,235,476.776,384.322,400.529,689.841,0.937820,-1,-1,-1
455,242,1375.158,414.977,130.248,352.951,0.946937,-1,-1,-1
456,3,381.766,465.120,47.264,110.974,0.814928,-1,-1,-1
456,14,1045.782,419.717,195.238,537.654,0.920060,-1,-1,-1
456,79,418.043,452.870,38.137,114.614,0.684944,-1,-1,-1
456,97,229.719,508.029,104.315,153.773,0.733873,-1,-1,-1
456,109,1827.669,382.935,93.610,265.668,0.664905,-1,-1,-1
456,173,458.214,445.899,34.820,102.492,0.614477,-1,-1,-1
456,185,806.745,422.401,92.163,287.021,0.890269,-1,-1,-1
456,210,1135.589,399.426,325.357,673.495,0.920117,-1,-1,-1
456,232,1235.529,416.144,179.768,382.935,0.647558,-1,-1,-1
456,235,441.993,385.354,410.789,692.703,0.937717,-1,-1,-1
456,242,1381.097,424.420,131.415,347.655,0.952156,-1,-1,-1
456,255,723.542,448.528,30.264,82.567,0.671692,-1,-1,-1
457,3,381.699,467.627,47.023,107.809,0.778518,-1,-1,-1
457,14,1054.539,421.525,187.649,537.001,0.925641,-1,-1,-1
457,79,416.461,456.092,38.988,115.870,0.684302,-1,-1,-1
457,97,227.026,518.390,104.462,142.530,0.826801,-1,-1,-1
457,155,779.730,440.328,44.031,121.706,0.604943,-1,-1,-1
457,173,466.946,446.039,35.694,103.991,0.713981,-1,-1,-1
457,185,805.146,419.150,97.411,287.722,0.899829,-1,-1,-1
457,206,674.169,442.837,95.006,269.299,0.793689,-1,-1,-1
457,210,1137.411,399.824,323.781,678.188,0.939075,-1,-1,-1
457,235,406.518,387.987,409.168,690.074,0.932724,-1,-1,-1
457,242,1381.836,418.781,136.349,358.882,0.955523,-1,-1,-1
458,3,383.073,468.191,44.306,104.992,0.776829,-1,-1,-1
458,14,1062.067,413.711,187.850,547.758,0.927220,-1,-1,-1
458,79,418.655,461.482,35.861,107.169,0.659902,-1,-1,-1
458,97,216.933,519.158,103.930,143.501,0.864629,-1,-1,-1
458,155,779.714,443.227,46.730,127.346,0.649205,-1,-1,-1
458,185,805.469,426.391,100.172,283.848,0.899523,-1,-1,-1
458,196,766.933,427.697,106.334,280.711,0.651479,-1,-1,-1
458,206,666.677,435.288,125.693,300.170,0.895952,-1,-1,-1
458,210,1135.558,400.482,333.957,674.546,0.924942,-1,-1,-1
458,232,1224.756,415.582,185.584,389.526,0.638477,-1,-1,-1
458,235,376.694,383.913,401.861,695.106,0.944120,-1,-1,-1
458,242,1382.656,417.193,147.633,358.846,0.949330,-1,-1,-1
459,3,383.133,460.914,49.473,115.214,0.791171,-1,-1,-1
459,14,1072.840,416.240,192.166,546.837,0.932374,-1,-1,-1
459,89,781.773,440.393,39.859,108.342,0.704859,-1,-1,-1
459,97,208.237,518.982,101.982,140.486,0.767262,-1,-1,-1
459,185,798.481,438.404,108.238,270.751,0.902723,-1,-1,-1
459,206,658.292,433.794,140.079,306.406,0.910308,-1,-1,-1
459,210,1135.662,396.726,348.374,677.195,0.901900,-1,-1,-1
459,232,1182.188,402.302,262.368,594.970,0.724276,-1,-1,-1
459,235,376.351,383.524,385.304,694.482,0.935493,-1,-1,-1
459,242,1383.997,421.348,153.930,354.209,0.944636,-1,-1,-1
460,14,1080.169,405.778,195.626,561.660,0.936748,-1,-1,-1
460,97,197.737,516.431,108.869,150.286,0.685906,-1,-1,-1
460,155,782.388,440.842,42.749,115.002,0.610140,-1,-1,-1
460,185,799.240,424.040,115.100,286.281,0.895027,-1,-1,-1
460,206,661.060,435.213,137.275,303.555,0.911731,-1,-1,-1
460,210,1133.322,407.732,344.975,665.486,0.921027,-1,-1,-1
460,235,333.541,385.265,414.955,694.726,0.926386,-1,-1,-1
460,242,1395.760,420.075,182.616,367.369,0.937608,-1,-1,-1
460,246,576.185,441.415,60.972,137.763,0.848109,-1,-1,-1
461,14,1081.362,410.744,196.521,558.355,0.929842,-1,-1,-1
461,97,190.227,508.080,109.692,158.861,0.756358,-1,-1,-1
461,155,778.002,440.713,50.703,140.307,0.776808,-1,-1,-1
461,185,798.412,421.373,119.775,287.226,0.915060,-1,-1,-1
461,206,658.566,433.276,138.378,304.822,0.925808,-1,-1,-1
461,210,1138.690,404.628,334.860,666.074,0.922884,-1,-1,-1
461,235,278.436,370.195,423.539,708.241,0.940313,-1,-1,-1
461,242,1396.820,425.845,179.754,362.949,0.945110,-1,-1,-1
461,246,577.417,434.509,67.568,160.966,0.784708,-1,-1,-1
462,14,1085.026,420.089,194.604,545.542,0.930533,-1,-1,-1
462,109,1831.358,383.989,88.647,253.225,0.701919,-1,-1,-1
462,155,775.587,442.651,55.657,146.499,0.803263,-1,-1,-1
462,185,801.844,413.553,122.791,293.380,0.917404,-1,-1,-1
462,206,658.268,433.505,139.885,303.892,0.926110,-1,-1,-1
462,210,1143.625,403.525,335.647,670.102,0.924836,-1,-1,-1
462,214,566.127,432.594,97.549,276.608,0.855317,-1,-1,-1
462,235,283.918,357.755,385.188,721.603,0.937507,-1,-1,-1
462,241,524.642,449.558,40.976,106.481,0.605510,-1,-1,-1
462,242,1403.421,433.835,173.941,355.110,0.951746,-1,-1,-1
463,14,1087.679,412.216,198.771,563.895,0.931421,-1,-1,-1
463,150,548.013,444.317,69.129,193.155,0.711599,-1,-1,-1
463,155,771.879,438.056,55.816,144.784,0.896243,-1,-1,-1
463,185,802.645,412.625,122.469,294.433,0.916755,-1,-1,-1
463,206,663.780,435.505,132.837,298.010,0.920694,-1,-1,-1
463,210,1148.271,401.957,326.534,671.913,0.924986,-1,-1,-1
463,214,572.005,436.487,93.930,239.757,0.878385,-1,-1,-1
463,235,243.526,355.993,405.135,723.228,0.936587,-1,-1,-1
463,241,522.545,446.849,43.604,115.500,0.707631,-1,-1,-1
463,242,1403.191,433.016,177.095,359.840,0.945258,-1,-1,-1
464,14,1093.718,415.875,193.932,559.048,0.933678,-1,-1,-1
464,97,152.250,505.391,120.355,194.037,0.826342,-1,-1,-1
464,150,557.533,451.192,51.370,142.963,0.607101,-1,-1,-1
464,155,771.842,437.454,55.518,148.414,0.883309,-1,-1,-1
464,173,466.483,448.736,34.694,99.373,0.727686,-1,-1,-1
464,185,805.185,409.939,122.062,294.413,0.908025,-1,-1,-1
464,206,670.880,431.821,128.042,304.344,0.916818,-1,-1,-1
464,210,1151.638,416.412,323.876,660.146,0.913604,-1,-1,-1
464,214,563.085,427.871,107.512,284.208,0.880859,-1,-1,-1
464,235,193.868,352.686,421.059,725.026,0.913149,-1,-1,-1
464,241,519.779,445.168,45.545,114.247,0.741762,-1,-1,-1
464,242,1414.496,428.607,169.498,360.153,0.942094,-1,-1,-1
464,263,1089.545,441.599,67.099,147.655,0.765404,-1,-1,-1
464,264,1048.137,437.028,48.182,140.888,0.682988,-1,-1,-1
465,14,1101.664,414.548,195.295,564.591,0.927669,-1,-1,-1
465,155,768.811,439.185,57.912,151.678,0.824886,-1,-1,-1
465,173,465.434,447.971,35.039,100.282,0.661216,-1,-1,-1
465,185,815.703,416.653,111.521,284.093,0.905995,-1,-1,-1
465,206,679.230,433.524,126.990,305.609,0.911750,-1,-1,-1
465,210,1181.652,405.020,295.170,673.072,0.921096,-1,-1,-1
465,214,573.741,421.110,103.446,284.124,0.892098,-1,-1,-1
465,235,94.722,360.525,490.990,716.928,0.924281,-1,-1,-1
465,242,1421.777,421.952,164.465,371.699,0.941967,-1,-1,-1
465,263,1084.513,430.267,71.108,158.387,0.611626,-1,-1,-1
465,264,1047.372,440.445,45.271,131.656,0.611375,-1,-1,-1
466,14,1104.539,419.567,186.939,551.746,0.928949,-1,-1,-1
466,173,465.039,446.688,35.845,102.247,0.647560,-1,-1,-1
466,185,824.847,416.405,104.079,288.028,0.909016,-1,-1,-1
466,206,685.827,434.360,137.047,301.299,0.910998,-1,-1,-1
466,210,1209.553,384.362,276.131,687.774,0.891861,-1,-1,-1
466,214,573.368,441.278,99.952,265.840,0.875772,-1,-1,-1
466,235,57.989,361.027,514.635,715.038,0.935370,-1,-1,-1
466,242,1427.824,411.438,161.233,390.420,0.935812,-1,-1,-1
466,263,1090.020,429.190,69.607,158.959,0.733519,-1,-1,-1
466,264,1037.922,441.661,46.720,135.482,0.634252,-1,-1,-1
467,14,1105.197,411.700,192.267,553.833,0.936416,-1,-1,-1
467,173,456.848,446.242,36.864,101.707,0.674339,-1,-1,-1
467,185,829.392,417.622,99.581,286.834,0.898234,-1,-1,-1
467,206,686.829,430.827,138.991,314.629,0.920747,-1,-1,-1
467,210,1240.597,404.453,247.166,659.751,0.857823,-1,-1,-1
467,214,574.070,422.767,102.611,285.159,0.893212,-1,-1,-1
467,235,85.316,365.122,471.361,711.276,0.930845,-1,-1,-1
467,242,1433.773,412.071,155.866,396.143,0.931614,-1,-1,-1
467,246,506.236,455.543,87.155,185.403,0.652279,-1,-1,-1
467,263,1075.892,457.480,59.644,135.271,0.687529,-1,-1,-1
468,14,1107.990,409.375,196.192,569.220,0.944629,-1,-1,-1
468,173,454.712,443.869,38.923,106.647,0.715658,-1,-1,-1
468,185,831.751,412.942,95.044,292.820,0.906828,-1,-1,-1
468,206,691.740,428.587,135.977,316.561,0.925466,-1,-1,-1
468,210,1238.981,388.748,260.516,683.773,0.861614,-1,-1,-1
468,214,574.807,428.602,102.984,276.841,0.907472,-1,-1,-1
468,232,1277.421,396.725,218.883,505.780,0.607246,-1,-1,-1
468,235,7.270,380.115,505.172,699.878,0.956202,-1,-1,-1
468,242,1456.889,413.765,142.315,389.787,0.923841,-1,-1,-1
468,246,491.642,448.397,83.486,184.242,0.666973,-1,-1,-1
468,263,1084.564,439.204,64.951,150.457,0.610461,-1,-1,-1
468,264,1050.032,440.737,47.468,133.919,0.630355,-1,-1,-1
469,14,1111.041,410.246,182.865,573.664,0.945735,-1,-1,-1
469,173,455.228,444.156,37.310,102.784,0.693230,-1,-1,-1
469,185,834.085,412.099,92.394,291.173,0.920292,-1,-1,-1
469,206,704.211,428.933,127.232,310.050,0.919464,-1,-1,-1
469,210,1250.293,387.327,262.920,686.767,0.906690,-1,-1,-1
469,214,576.858,427.879,107.150,279.549,0.913242,-1,-1,-1
469,235,9.050,382.190,498.475,697.811,0.949569,-1,-1,-1
469,242,1466.154,411.805,134.631,389.165,0.933378,-1,-1,-1
469,246,490.302,460.437,80.210,183.746,0.670852,-1,-1,-1
469,263,1082.696,431.668,70.503,162.221,0.740277,-1,-1,-1
469,264,1054.809,437.711,52.568,148.336,0.600370,-1,-1,-1
469,269,422.237,482.610,60.352,160.830,0.745841,-1,-1,-1
470,3,309.078,451.300,45.359,112.810,0.679573,-1,-1,-1
470,14,1114.118,408.125,182.635,587.140,0.945082,-1,-1,-1
470,150,575.734,454.129,31.748,84.510,0.617851,-1,-1,-1
470,173,455.713,443.904,37.814,103.437,0.714293,-1,-1,-1
470,185,838.755,421.187,90.767,283.490,0.903966,-1,-1,-1
470,206,706.576,426.969,128.954,313.990,0.911525,-1,-1,-1
470,210,1268.971,386.176,253.181,679.072,0.916512,-1,-1,-1
470,214,580.384,431.080,103.144,279.708,0.908194,-1,-1,-1
470,232,1250.927,411.268,183.337,500.699,0.704822,-1,-1,-1
470,235,3.143,386.404,469.055,691.681,0.944692,-1,-1,-1
470,242,1473.881,414.382,133.915,392.688,0.950422,-1,-1,-1
470,263,1082.567,451.795,63.423,141.715,0.687495,-1,-1,-1
470,264,1052.274,439.598,48.485,137.160,0.638668,-1,-1,-1
470,269,419.898,488.360,60.868,147.379,0.635093,-1,-1,-1
471,3,307.438,450.797,46.093,118.820,0.659704,-1,-1,-1
471,14,1118.928,403.703,179.043,598.434,0.937933,-1,-1,-1
471,173,456.346,443.118,38.013,104.739,0.719221,-1,-1,-1
471,185,836.738,416.674,94.413,288.798,0.909307,-1,-1,-1
471,206,705.003,425.762,135.252,315.241,0.916626,-1,-1,-1
471,210,1283.703,383.963,247.030,685.307,0.916484,-1,-1,-1
471,214,584.022,425.580,103.328,284.640,0.905359,-1,-1,-1
471,232,1255.205,402.572,186.070,527.011,0.665459,-1,-1,-1
471,235,-0.888,389.559,445.321,687.412,0.965888,-1,-1,-1
471,242,1479.241,407.963,132.956,399.322,0.949933,-1,-1,-1
471,246,486.657,463.347,72.561,160.141,0.739313,-1,-1,-1
471,263,1081.738,436.453,68.900,156.500,0.678222,-1,-1,-1
471,264,1060.725,439.840,50.063,144.789,0.632781,-1,-1,-1
471,269,412.733,482.342,66.286,151.587,0.660863,-1,-1,-1
472,14,1124.836,418.932,180.934,590.597,0.942580,-1,-1,-1
472,150,571.977,455.023,30.156,80.546,0.640720,-1,-1,-1
472,173,456.687,443.488,36.889,103.514,0.715847,-1,-1,-1
472,185,841.852,428.147,93.955,276.935,0.901152,-1,-1,-1
472,206,709.975,430.735,136.716,308.333,0.907581,-1,-1,-1
472,210,1290.948,392.438,240.688,682.200,0.894143,-1,-1,-1
472,214,586.203,426.805,103.970,281.143,0.914009,-1,-1,-1
472,232,1267.710,405.111,173.887,506.653,0.730635,-1,-1,-1
472,235,-0.751,396.667,409.729,680.863,0.972468,-1,-1,-1
472,241,525.443,453.620,30.359,73.748,0.689095,-1,-1,-1
472,242,1487.129,404.218,136.739,407.444,0.938726,-1,-1,-1
472,246,470.841,463.548,80.464,175.118,0.643737,-1,-1,-1
472,263,1079.330,447.985,67.823,146.077,0.751181,-1,-1,-1
472,264,1057.270,438.858,44.295,128.862,0.620231,-1,-1,-1
472,269,411.627,488.864,63.990,140.891,0.680987,-1,-1,-1
473,14,1130.887,405.745,190.475,594.308,0.939512,-1,-1,-1
473,89,694.674,461.659,28.845,68.769,0.658761,-1,-1,-1
473,150,576.214,455.049,29.193,78.412,0.603387,-1,-1,-1
473,173,457.230,442.492,35.261,99.236,0.622094,-1,-1,-1
473,185,837.772,407.359,99.767,299.830,0.907609,-1,-1,-1
473,206,717.315,436.986,131.791,301.103,0.903712,-1,-1,-1
473,210,1298.668,393.710,243.731,685.157,0.927225,-1,-1,-1
473,214,589.951,425.821,103.567,281.942,0.905296,-1,-1,-1
473,232,1266.163,403.244,176.688,521.891,0.681775,-1,-1,-1
473,235,-0.978,393.385,390.388,682.786,0.968242,-1,-1,-1
473,241,526.326,451.140,30.055,73.308,0.708249,-1,-1,-1
473,242,1488.122,403.894,137.602,404.470,0.930056,-1,-1,-1
473,246,466.453,463.804,75.700,170.375,0.743651,-1,-1,-1
473,263,1077.491,452.315,67.103,142.651,0.777955,-1,-1,-1
473,269,404.055,485.663,68.668,147.553,0.632625,-1,-1,-1
473,271,553.858,450.659,28.712,73.375,0.693577,-1,-1,-1
474,14,1134.651,407.064,195.567,595.306,0.945890,-1,-1,-1
474,79,386.416,456.312,75.836,179.606,0.631399,-1,-1,-1
474,89,694.051,458.316,29.574,70.199,0.643267,-1,-1,-1
474,150,578.557,451.845,28.523,75.965,0.622903,-1,-1,-1
474,185,842.873,406.528,97.386,298.816,0.883655,-1,-1,-1
474,196,878.742,420.883,83.982,255.917,0.708201,-1,-1,-1
474,206,718.087,431.613,131.978,307.054,0.919007,-1,-1,-1
474,210,1292.233,395.805,253.307,684.199,0.919238,-1,-1,-1
474,214,589.229,426.151,103.221,280.737,0.906911,-1,-1,-1
474,232,1271.126,405.244,171.731,518.905,0.731015,-1,-1,-1
474,235,-1.512,394.901,363.867,680.470,0.960732,-1,-1,-1
474,241,527.046,447.713,30.516,76.081,0.751039,-1,-1,-1
474,242,1490.585,405.471,143.874,398.417,0.943039,-1,-1,-1
474,246,457.979,453.200,83.522,186.017,0.772170,-1,-1,-1
474,263,1079.588,456.421,65.657,139.056,0.718218,-1,-1,-1
474,271,552.951,448.648,30.094,76.326,0.682303,-1,-1,-1
475,14,1138.153,407.008,191.015,596.117,0.940839,-1,-1,-1
475,89,693.124,460.066,28.824,67.494,0.667046,-1,-1,-1
475,150,576.659,450.961,30.325,81.542,0.648639,-1,-1,-1
475,185,839.117,415.380,95.979,290.888,0.891530,-1,-1,-1
475,196,886.474,429.468,83.323,255.540,0.667662,-1,-1,-1
475,206,724.377,432.235,129.557,307.261,0.921465,-1,-1,-1
475,210,1304.302,404.714,253.880,673.228,0.902776,-1,-1,-1
475,214,600.516,433.334,96.560,270.340,0.909501,-1,-1,-1
475,232,1282.028,405.762,164.398,543.255,0.839855,-1,-1,-1
475,235,3.127,398.386,379.020,677.063,0.940516,-1,-1,-1
475,241,527.173,447.379,30.358,75.926,0.705359,-1,-1,-1
475,242,1496.104,403.882,149.311,407.767,0.940909,-1,-1,-1
475,246,436.021,435.634,98.242,219.456,0.810788,-1,-1,-1
475,255,717.248,457.804,28.621,73.030,0.620308,-1,-1,-1
475,263,1080.034,430.962,73.509,162.390,0.728645,-1,-1,-1
475,271,551.112,447.875,30.253,77.323,0.643566,-1,-1,-1
476,14,1135.409,407.377,192.802,598.561,0.937415,-1,-1,-1
476,79,375.307,459.664,86.597,176.280,0.684765,-1,-1,-1
476,89,694.326,461.945,28.435,65.314,0.714694,-1,-1,-1
476,150,573.760,450.593,29.678,79.411,0.694343,-1,-1,-1
476,185,841.310,415.562,98.211,291.468,0.883577,-1,-1,-1
476,206,729.007,431.294,122.626,308.227,0.922184,-1,-1,-1
476,210,1316.346,387.515,240.089,692.480,0.910861,-1,-1,-1
476,214,596.069,437.516,101.400,264.492,0.915722,-1,-1,-1
476,232,1291.413,412.224,147.662,530.815,0.827022,-1,-1,-1
476,235,-2.787,395.002,349.922,682.932,0.950254,-1,-1,-1
476,241,528.973,449.421,29.964,74.465,0.756849,-1,-1,-1
476,242,1505.095,412.410,154.916,394.061,0.941609,-1,-1,-1
476,246,440.175,473.025,88.059,182.227,0.815284,-1,-1,-1
476,255,718.617,459.398,29.055,70.298,0.671888,-1,-1,-1
476,263,1081.948,441.405,67.551,152.171,0.783340,-1,-1,-1
476,271,552.950,448.939,29.181,75.203,0.634084,-1,-1,-1
477,14,1139.278,412.391,199.066,593.807,0.936673,-1,-1,-1
477,89,693.745,457.766,30.745,71.446,0.714576,-1,-1,-1
477,150,574.616,453.017,27.777,71.562,0.695673,-1,-1,-1
477,181,685.333,454.970,32.765,79.580,0.632614,-1,-1,-1
477,185,841.202,416.615,98.662,290.897,0.892882,-1,-1,-1
477,196,867.984,409.969,109.884,279.913,0.732223,-1,-1,-1
477,206,736.977,432.255,120.228,304.369,0.928334,-1,-1,-1
477,210,1312.823,399.812,245.892,671.324,0.892588,-1,-1,-1
477,214,605.474,434.006,101.499,265.377,0.915658,-1,-1,-1
477,235,-2.779,388.277,324.263,690.242,0.952304,-1,-1,-1
477,241,527.679,449.090,30.107,74.099,0.767220,-1,-1,-1
477,242,1510.315,412.121,160.751,399.435,0.937857,-1,-1,-1
477,246,428.247,458.443,93.992,193.122,0.760242,-1,-1,-1
477,255,715.269,455.327,32.672,77.664,0.694537,-1,-1,-1
477,263,1084.517,457.018,62.701,137.009,0.765519,-1,-1,-1
477,264,1061.153,445.994,38.640,114.535,0.618053,-1,-1,-1
477,271,553.976,448.020,29.412,75.318,0.689417,-1,-1,-1
478,14,1140.222,410.030,204.208,598.967,0.933671,-1,-1,-1
478,79,360.522,465.822,91.442,179.281,0.741922,-1,-1,-1
478,89,692.427,458.045,30.724,71.356,0.721368,-1,-1,-1
478,150,569.154,453.254,29.772,75.145,0.739344,-1,-1,-1
478,185,839.269,420.514,93.961,288.160,0.852476,-1,-1,-1
478,196,851.900,423.268,138.321,281.218,0.880997,-1,-1,-1
478,206,741.679,432.300,121.731,302.946,0.930225,-1,-1,-1
478,210,1321.415,382.186,246.329,697.442,0.913946,-1,-1,-1
478,214,607.047,436.317,108.281,263.983,0.913096,-1,-1,-1
478,232,1305.859,401.389,161.215,588.392,0.796627,-1,-1,-1
478,235,-6.201,375.395,308.357,700.642,0.915879,-1,-1,-1
478,241,527.036,450.011,30.132,74.202,0.818507,-1,-1,-1
478,242,1519.473,420.889,188.082,394.284,0.936491,-1,-1,-1
478,246,424.086,459.679,94.226,196.052,0.809664,-1,-1,-1
478,255,716.222,454.655,33.325,77.966,0.729007,-1,-1,-1
478,263,1086.389,445.858,65.532,146.960,0.822754,-1,-1,-1
478,264,1059.823,448.501,37.993,111.289,0.608112,-1,-1,-1
478,271,556.174,448.108,30.906,78.725,0.762249,-1,-1,-1
479,14,1154.583,409.551,189.989,598.446,0.949227,-1,-1,-1
479,79,359.828,471.714,89.536,179.642,0.758109,-1,-1,-1
479,89,696.550,460.328,30.790,71.524,0.722432,-1,-1,-1
479,150,569.840,453.746,30.175,74.594,0.743156,-1,-1,-1
479,181,685.711,455.210,32.726,80.046,0.603216,-1,-1,-1
479,185,838.307,414.314,92.584,292.375,0.856758,-1,-1,-1
479,196,864.299,428.289,135.000,258.582,0.876177,-1,-1,-1
479,206,751.425,437.053,117.038,293.761,0.919430,-1,-1,-1
479,210,1325.658,387.063,245.309,687.731,0.933338,-1,-1,-1
479,214,611.320,439.637,110.888,263.198,0.903949,-1,-1,-1
479,230,750.699,440.616,53.096,124.458,0.613270,-1,-1,-1
479,232,1310.519,401.545,147.473,548.491,0.724141,-1,-1,-1
479,235,-9.960,344.846,298.835,731.518,0.886545,-1,-1,-1
479,241,526.859,449.345,30.437,75.644,0.810580,-1,-1,-1
479,242,1522.968,411.422,210.380,410.193,0.940471,-1,-1,-1
479,246,416.226,458.045,94.110,195.604,0.805550,-1,-1,-1
479,255,723.296,450.080,34.885,82.826,0.609010,-1,-1,-1
479,263,1082.272,446.947,66.428,146.916,0.775185,-1,-1,-1
479,271,556.460,450.178,30.066,76.558,0.779952,-1,-1,-1
480,14,1157.645,409.859,189.779,598.785,0.942386,-1,-1,-1
480,79,360.906,472.267,86.526,168.137,0.628506,-1,-1,-1
480,89,695.082,462.565,31.136,73.102,0.688487,-1,-1,-1
480,150,566.395,454.188,31.257,74.900,0.754509,-1,-1,-1
480,173,460.692,445.634,33.338,86.590,0.636637,-1,-1,-1
480,185,832.322,414.258,95.637,280.186,0.809448,-1,-1,-1
480,196,850.951,419.081,149.878,287.029,0.888616,-1,-1,-1
480,206,747.061,433.825,126.504,300.637,0.931835,-1,-1,-1
480,210,1332.455,393.742,269.169,676.471,0.916129,-1,-1,-1
480,214,613.208,442.140,111.163,263.940,0.916003,-1,-1,-1
480,230,747.821,446.375,57.466,126.557,0.665811,-1,-1,-1
480,232,1326.849,395.934,165.814,590.547,0.669678,-1,-1,-1
480,235,-5.294,359.394,267.922,718.010,0.916698,-1,-1,-1
480,241,527.783,452.174,29.605,70.833,0.813567,-1,-1,-1
480,242,1526.336,410.243,212.837,418.221,0.936970,-1,-1,-1
480,246,408.915,465.440,96.432,196.946,0.637259,-1,-1,-1
480,255,715.517,454.790,32.682,78.329,0.712815,-1,-1,-1
480,263,1078.453,452.889,66.943,139.450,0.800892,-1,-1,-1
480,271,556.305,450.737,29.387,74.119,0.794808,-1,-1,-1
480,273,584.985,451.355,29.911,75.543,0.675445,-1,-1,-1
481,14,1166.297,400.482,183.210,606.037,0.947856,-1,-1,-1
481,79,355.259,483.195,88.022,163.041,0.779445,-1,-1,-1
481,89,695.990,460.047,32.641,77.674,0.690568,-1,-1,-1
481,150,574.106,450.816,31.729,75.477,0.728614,-1,-1,-1
481,173,458.265,445.311,36.775,95.037,0.708485,-1,-1,-1
481,185,836.976,421.840,92.427,276.552,0.871660,-1,-1,-1
481,196,869.246,431.304,133.531,255.082,0.885091,-1,-1,-1
481,206,753.094,432.777,123.936,296.503,0.917428,-1,-1,-1
481,210,1336.219,386.788,287.446,687.151,0.919552,-1,-1,-1
481,214,615.807,435.602,110.342,266.894,0.930623,-1,-1,-1
481,232,1326.424,383.400,186.172,657.338,0.679681,-1,-1,-1
481,235,-3.357,383.887,236.439,689.659,0.931081,-1,-1,-1
481,241,529.625,450.238,31.997,73.675,0.801671,-1,-1,-1
481,242,1529.577,404.913,211.396,427.284,0.929356,-1,-1,-1
481,246,402.555,479.654,92.811,181.870,0.812844,-1,-1,-1
481,255,707.245,454.287,33.164,80.330,0.688707,-1,-1,-1
481,263,1074.082,443.271,72.779,152.285,0.813035,-1,-1,-1
481,271,555.345,448.855,29.799,74.345,0.739266,-1,-1,-1
482,14,1171.399,403.309,180.068,603.973,0.943638,-1,-1,-1
482,79,347.272,485.776,83.843,153.636,0.705232,-1,-1,-1
482,89,693.368,461.583,35.122,85.061,0.670875,-1,-1,-1
482,150,566.578,449.225,33.205,76.562,0.795267,-1,-1,-1
482,173,458.117,448.986,38.372,96.588,0.769465,-1,-1,-1
482,185,840.403,414.447,90.064,279.384,0.881013,-1,-1,-1
482,196,889.870,438.741,121.233,252.292,0.856341,-1,-1,-1
482,206,758.188,427.799,122.177,300.572,0.917520,-1,-1,-1
482,210,1345.311,386.049,296.211,686.922,0.910522,-1,-1,-1
482,214,614.714,435.392,113.742,263.866,0.917257,-1,-1,-1
482,230,750.809,447.085,57.343,125.903,0.610371,-1,-1,-1
482,232,1329.168,392.722,175.097,601.000,0.796223,-1,-1,-1
482,235,-3.104,379.409,227.356,694.903,0.908299,-1,-1,-1
482,241,529.942,449.665,32.539,73.866,0.812400,-1,-1,-1
482,242,1537.983,410.062,202.408,421.335,0.928730,-1,-1,-1
482,246,389.007,480.662,93.823,173.475,0.749362,-1,-1,-1
482,255,709.938,452.761,33.425,81.242,0.697881,-1,-1,-1
482,263,1074.612,440.101,74.234,157.041,0.831646,-1,-1,-1
482,271,559.450,449.333,30.300,72.948,0.669450,-1,-1,-1
482,273,582.240,448.695,30.489,75.979,0.663629,-1,-1,-1
483,14,1176.763,403.816,185.970,601.563,0.941257,-1,-1,-1
483,89,692.685,459.470,35.263,86.236,0.682694,-1,-1,-1
483,150,563.904,450.113,34.172,78.382,0.816047,-1,-1,-1
483,155,743.439,444.840,49.895,126.717,0.741680,-1,-1,-1
483,173,458.031,452.675,37.585,93.898,0.765674,-1,-1,-1
483,185,842.007,415.450,89.787,283.032,0.871801,-1,-1,-1
483,196,897.693,440.015,110.413,248.446,0.853469,-1,-1,-1
483,206,768.513,428.831,119.006,301.705,0.885681,-1,-1,-1
483,210,1346.282,385.923,302.809,687.387,0.903294,-1,-1,-1
483,214,620.508,437.421,112.628,260.812,0.925575,-1,-1,-1
483,230,755.542,449.745,60.661,125.076,0.659318,-1,-1,-1
483,232,1322.251,401.921,160.457,562.143,0.827118,-1,-1,-1
483,235,-3.337,441.329,196.969,633.524,0.901722,-1,-1,-1
483,241,531.585,451.820,31.559,71.485,0.810207,-1,-1,-1
483,242,1549.216,417.991,197.134,419.930,0.926890,-1,-1,-1
483,246,388.948,477.187,98.218,180.409,0.817772,-1,-1,-1
483,255,715.217,456.775,30.004,71.504,0.686861,-1,-1,-1
483,263,1083.594,443.655,72.609,151.931,0.812296,-1,-1,-1
483,269,347.426,494.092,71.830,135.498,0.652314,-1,-1,-1
483,271,548.912,450.136,30.937,73.493,0.682669,-1,-1,-1
483,273,576.521,450.391,30.220,74.984,0.632172,-1,-1,-1
484,14,1182.432,407.819,181.511,601.464,0.948407,-1,-1,-1
484,109,1828.128,394.920,91.470,258.450,0.709253,-1,-1,-1
484,150,562.226,448.756,35.429,80.864,0.867768,-1,-1,-1
484,155,738.641,443.027,50.696,129.949,0.689008,-1,-1,-1
484,173,456.961,449.345,37.239,91.718,0.776298,-1,-1,-1
484,185,847.165,418.048,83.502,280.499,0.886629,-1,-1,-1
484,196,907.121,450.618,100.908,240.181,0.863508,-1,-1,-1
484,206,781.028,427.738,112.132,303.666,0.882042,-1,-1,-1
484,210,1348.533,385.626,307.884,688.332,0.904899,-1,-1,-1
484,214,623.625,434.234,113.839,263.167,0.931593,-1,-1,-1
484,232,1325.218,407.209,144.694,538.399,0.858593,-1,-1,-1
484,235,6.138,494.394,160.460,501.013,0.780314,-1,-1,-1
484,241,530.900,453.032,31.312,70.171,0.822106,-1,-1,-1
484,242,1560.574,429.807,197.842,407.205,0.920490,-1,-1,-1
484,246,382.738,477.601,99.465,177.729,0.745360,-1,-1,-1
484,263,1085.505,448.027,69.411,146.944,0.804576,-1,-1,-1
484,271,550.823,446.760,33.702,78.401,0.696359,-1,-1,-1
485,14,1188.565,410.294,179.895,597.772,0.948430,-1,-1,-1
485,79,322.648,494.312,86.626,164.811,0.823979,-1,-1,-1
485,97,-3.093,520.309,120.036,225.021,0.698029,-1,-1,-1
485,109,1827.649,391.822,92.348,261.459,0.699961,-1,-1,-1
485,150,564.215,453.981,33.228,76.058,0.859043,-1,-1,-1
485,155,736.636,444.072,49.774,131.534,0.860108,-1,-1,-1
485,173,455.182,448.901,38.667,94.908,0.734560,-1,-1,-1
485,185,847.622,416.912,87.213,286.316,0.889522,-1,-1,-1
485,196,910.258,453.072,94.491,230.827,0.887058,-1,-1,-1
485,206,783.288,427.307,113.285,299.496,0.868807,-1,-1,-1
485,210,1350.325,390.910,303.578,685.048,0.914304,-1,-1,-1
485,214,625.325,437.404,116.086,258.290,0.926687,-1,-1,-1
485,232,1328.841,408.557,143.361,544.067,0.864605,-1,-1,-1
485,235,-2.071,519.058,155.413,493.277,0.797849,-1,-1,-1
485,241,532.062,455.640,29.648,67.101,0.813896,-1,-1,-1
485,242,1564.058,417.296,191.200,421.447,0.927234,-1,-1,-1
485,246,374.104,480.486,97.752,188.768,0.860273,-1,-1,-1
485,263,1083.231,440.595,72.420,155.721,0.797208,-1,-1,-1
485,264,1053.682,441.805,45.015,139.349,0.608851,-1,-1,-1
485,271,543.751,450.778,30.641,73.468,0.679143,-1,-1,-1
486,14,1196.669,416.566,175.067,589.051,0.949635,-1,-1,-1
486,79,323.066,498.771,86.520,158.774,0.719353,-1,-1,-1
486,97,-1.399,516.030,103.110,196.949,0.685580,-1,-1,-1
486,150,563.066,447.815,35.419,81.564,0.857954,-1,-1,-1
486,155,735.177,444.129,51.131,133.684,0.874691,-1,-1,-1
486,173,454.105,448.099,42.457,105.727,0.776174,-1,-1,-1
486,185,850.168,418.490,83.542,281.351,0.886370,-1,-1,-1
486,196,912.929,439.841,99.337,244.770,0.907398,-1,-1,-1
486,206,783.972,426.739,116.934,305.359,0.884720,-1,-1,-1
486,210,1354.301,383.402,294.386,689.344,0.928955,-1,-1,-1
486,214,629.804,434.443,116.224,264.061,0.929730,-1,-1,-1
486,232,1335.528,411.150,136.244,546.302,0.868773,-1,-1,-1
486,235,-6.131,510.285,143.366,465.142,0.688867,-1,-1,-1
486,241,531.242,454.145,30.850,71.369,0.829743,-1,-1,-1
486,242,1570.853,417.539,181.312,422.087,0.931355,-1,-1,-1
486,246,340.477,478.080,113.579,187.777,0.818521,-1,-1,-1
486,263,1084.665,436.121,73.676,161.035,0.840473,-1,-1,-1
486,264,1060.375,435.220,42.054,128.341,0.600006,-1,-1,-1
486,271,545.951,447.419,31.218,75.915,0.697083,-1,-1,-1
487,14,1196.260,416.314,177.476,601.421,0.940697,-1,-1,-1
487,79,320.166,495.893,89.246,155.978,0.663726,-1,-1,-1
487,109,1826.851,382.584,94.154,270.396,0.679640,-1,-1,-1
487,150,562.676,450.266,35.199,80.391,0.858388,-1,-1,-1
487,155,733.864,441.562,49.292,131.214,0.900675,-1,-1,-1
487,173,454.609,447.080,41.367,103.925,0.718487,-1,-1,-1
487,185,839.211,420.727,92.871,284.224,0.867307,-1,-1,-1
487,196,915.457,441.501,95.609,242.501,0.910785,-1,-1,-1
487,206,782.966,429.987,125.251,304.720,0.899962,-1,-1,-1
487,210,1347.972,387.194,301.569,685.626,0.937969,-1,-1,-1
487,214,630.114,429.772,118.327,268.418,0.926152,-1,-1,-1
487,232,1339.631,415.447,138.720,553.850,0.865300,-1,-1,-1
487,235,-13.162,509.089,132.788,482.011,0.777124,-1,-1,-1
487,241,531.145,451.887,31.385,73.810,0.836429,-1,-1,-1
487,242,1581.329,419.450,177.377,421.326,0.919704,-1,-1,-1
487,246,334.127,477.546,127.801,195.932,0.817008,-1,-1,-1
487,263,1082.689,434.777,73.404,161.443,0.869472,-1,-1,-1
487,264,1057.490,440.255,41.163,125.171,0.600333,-1,-1,-1
487,271,543.936,446.970,30.780,76.208,0.653273,-1,-1,-1
488,14,1196.094,405.960,182.695,608.458,0.935828,-1,-1,-1
488,79,310.091,493.773,85.546,152.234,0.671399,-1,-1,-1
488,97,-0.608,538.340,74.638,149.493,0.849332,-1,-1,-1
488,109,1832.165,385.913,89.085,261.457,0.710983,-1,-1,-1
488,150,565.866,454.431,32.519,75.406,0.848776,-1,-1,-1
488,155,733.330,444.289,48.627,129.167,0.776301,-1,-1,-1
488,173,453.876,446.791,40.681,104.599,0.765815,-1,-1,-1
488,185,838.129,423.856,94.907,286.174,0.712312,-1,-1,-1
488,196,924.751,453.463,85.019,227.736,0.882145,-1,-1,-1
488,206,780.790,429.830,141.301,302.656,0.911506,-1,-1,-1
488,210,1353.220,383.498,311.423,692.444,0.920099,-1,-1,-1
488,214,634.246,431.985,116.499,266.004,0.923410,-1,-1,-1
488,232,1339.214,409.867,145.043,571.572,0.860254,-1,-1,-1
488,235,-17.245,566.677,106.521,409.632,0.606230,-1,-1,-1
488,241,532.068,452.014,30.774,75.341,0.821285,-1,-1,-1
488,242,1589.652,412.625,175.522,430.105,0.936822,-1,-1,-1
488,246,332.148,484.131,118.099,183.002,0.780302,-1,-1,-1
488,263,1086.498,447.115,67.639,148.222,0.800747,-1,-1,-1
488,271,543.670,447.941,30.297,75.891,0.641960,-1,-1,-1
488,273,552.709,446.814,35.437,80.576,0.665731,-1,-1,-1
489,14,1199.360,405.729,184.300,608.138,0.936024,-1,-1,-1
489,97,-2.641,527.311,75.107,168.175,0.868097,-1,-1,-1
489,109,1832.171,385.529,89.424,266.848,0.682712,-1,-1,-1
489,150,566.295,452.814,33.251,76.016,0.851635,-1,-1,-1
489,155,733.866,446.238,47.525,125.587,0.853461,-1,-1,-1
489,173,454.028,446.551,40.119,105.106,0.760309,-1,-1,-1
489,196,920.833,431.743,94.098,251.170,0.906157,-1,-1,-1
489,206,791.166,430.486,146.045,302.849,0.928257,-1,-1,-1
489,210,1354.027,380.787,325.829,692.833,0.934658,-1,-1,-1
489,214,636.259,437.106,114.302,260.514,0.916275,-1,-1,-1
489,232,1344.516,408.326,156.804,563.128,0.858104,-1,-1,-1
489,241,531.962,449.258,30.819,78.118,0.831015,-1,-1,-1
489,242,1599.936,411.036,168.163,434.272,0.925059,-1,-1,-1
489,246,316.915,476.434,121.809,189.783,0.826246,-1,-1,-1
489,263,1095.767,433.434,67.505,156.957,0.823562,-1,-1,-1
489,271,543.822,447.354,30.180,76.249,0.661918,-1,-1,-1
489,280,1870.747,387.596,48.986,268.901,0.692117,-1,-1,-1
489,282,1679.880,411.945,103.129,223.882,0.671669,-1,-1,-1
490,14,1201.863,410.166,189.009,606.150,0.942344,-1,-1,-1
490,97,-3.537,522.356,69.085,169.026,0.844550,-1,-1,-1
490,109,1831.290,387.520,88.882,265.185,0.618191,-1,-1,-1
490,150,567.191,453.818,32.255,73.288,0.839163,-1,-1,-1
490,155,732.254,444.312,47.898,126.359,0.872056,-1,-1,-1
490,173,453.416,447.630,39.587,104.904,0.747935,-1,-1,-1
490,196,926.699,433.352,91.557,247.079,0.895128,-1,-1,-1
490,206,791.387,427.397,153.465,305.516,0.920931,-1,-1,-1
490,210,1349.596,376.242,339.404,697.059,0.937527,-1,-1,-1
490,214,639.698,432.593,115.048,264.687,0.925690,-1,-1,-1
490,232,1344.242,401.347,166.580,582.750,0.858439,-1,-1,-1
490,241,532.059,447.759,31.018,79.686,0.835466,-1,-1,-1
490,242,1604.133,410.321,165.020,439.895,0.922963,-1,-1,-1
490,246,322.371,481.198,118.586,192.645,0.799323,-1,-1,-1
490,263,1097.764,434.097,64.123,157.384,0.814040,-1,-1,-1
490,271,539.973,446.639,31.159,78.784,0.686658,-1,-1,-1
490,280,1870.800,387.476,48.575,264.735,0.657149,-1,-1,-1
491,14,1205.628,400.319,194.291,618.149,0.943333,-1,-1,-1
491,97,-5.105,527.638,65.989,173.739,0.793624,-1,-1,-1
491,109,1832.147,421.457,82.879,235.106,0.672441,-1,-1,-1
491,150,567.449,450.813,33.102,75.425,0.823300,-1,-1,-1
491,155,734.535,445.912,46.226,124.931,0.878339,-1,-1,-1
491,173,452.810,448.639,38.808,104.535,0.731053,-1,-1,-1
491,181,629.244,447.402,29.669,65.803,0.702321,-1,-1,-1
491,196,934.936,435.257,90.505,247.055,0.883065,-1,-1,-1
491,206,796.620,436.667,154.208,293.307,0.928559,-1,-1,-1
491,210,1358.319,390.254,333.908,682.390,0.925364,-1,-1,-1
491,214,641.620,432.510,117.819,264.540,0.928261,-1,-1,-1
491,232,1350.896,393.118,177.190,593.863,0.853031,-1,-1,-1
491,241,532.204,445.042,31.818,83.263,0.827698,-1,-1,-1
491,242,1611.283,403.652,162.798,447.496,0.923310,-1,-1,-1
491,246,304.452,499.425,112.004,167.831,0.784030,-1,-1,-1
491,263,1096.653,428.630,65.587,163.095,0.761925,-1,-1,-1
491,264,1053.097,439.534,40.703,125.743,0.600023,-1,-1,-1
491,271,544.579,445.596,31.174,78.608,0.689418,-1,-1,-1
491,280,1870.982,388.809,48.642,264.231,0.616270,-1,-1,-1
491,284,1180.871,428.769,39.890,97.972,0.636227,-1,-1,-1
492,14,1203.588,413.259,196.703,607.059,0.935999,-1,-1,-1
492,97,-8.351,512.704,60.955,174.304,0.721644,-1,-1,-1
492,109,1829.704,397.141,90.157,256.931,0.662694,-1,-1,-1
492,150,569.737,454.184,31.539,71.932,0.822005,-1,-1,-1
492,155,732.544,449.497,45.558,123.875,0.788237,-1,-1,-1
492,173,453.611,446.655,39.100,104.822,0.751084,-1,-1,-1
492,196,944.013,436.376,85.632,241.372,0.900654,-1,-1,-1
492,206,791.284,433.024,155.395,294.697,0.920506,-1,-1,-1
492,210,1360.964,386.242,351.146,685.393,0.924069,-1,-1,-1
492,214,640.215,431.862,122.002,268.513,0.930766,-1,-1,-1
492,232,1356.381,395.605,180.056,593.131,0.861503,-1,-1,-1
492,241,534.142,454.378,29.027,74.174,0.825374,-1,-1,-1
492,242,1618.809,408.267,168.323,445.362,0.934069,-1,-1,-1
492,246,283.745,476.016,137.396,212.355,0.832971,-1,-1,-1
492,263,1103.858,434.635,58.690,153.593,0.795225,-1,-1,-1
492,264,1053.921,442.504,38.540,120.156,0.642110,-1,-1,-1
492,271,542.229,451.567,29.093,71.767,0.665485,-1,-1,-1
492,284,1172.332,437.074,37.646,92.678,0.612492,-1,-1,-1
493,14,1204.667,417.608,205.937,602.756,0.941047,-1,-1,-1
493,79,265.564,508.584,89.196,165.041,0.619860,-1,-1,-1
493,97,-6.696,544.920,50.958,153.015,0.626842,-1,-1,-1
493,109,1829.308,393.667,90.934,260.649,0.700165,-1,-1,-1
493,150,568.254,450.033,33.180,77.022,0.836958,-1,-1,-1
493,155,728.235,443.849,46.754,128.525,0.794454,-1,-1,-1
493,173,453.953,445.576,40.182,106.484,0.764786,-1,-1,-1
493,181,628.284,447.392,29.441,64.464,0.697019,-1,-1,-1
493,196,950.036,436.376,83.124,248.034,0.895725,-1,-1,-1
493,206,793.734,437.137,153.388,288.552,0.917224,-1,-1,-1
493,210,1361.923,386.687,361.169,686.316,0.926915,-1,-1,-1
493,214,644.576,431.819,120.725,271.282,0.938478,-1,-1,-1
493,232,1356.402,396.811,173.033,596.733,0.877929,-1,-1,-1
493,241,532.668,452.340,30.669,77.155,0.839273,-1,-1,-1
493,242,1626.167,406.812,171.217,453.485,0.942764,-1,-1,-1
493,246,282.880,487.357,134.643,201.409,0.813575,-1,-1,-1
493,263,1107.904,442.270,52.771,145.214,0.781887,-1,-1,-1
493,264,1054.726,444.608,39.139,123.776,0.664520,-1,-1,-1
493,271,543.353,447.956,31.312,76.774,0.705674,-1,-1,-1
493,280,1872.830,390.209,47.251,257.045,0.651283,-1,-1,-1
493,284,1166.427,442.417,35.613,86.164,0.618897,-1,-1,-1
493,288,1078.728,437.292,59.977,156.711,0.802557,-1,-1,-1
494,14,1204.401,421.071,209.235,601.037,0.936731,-1,-1,-1
494,109,1832.432,433.413,83.092,224.971,0.723066,-1,-1,-1
494,150,568.438,454.204,32.389,73.530,0.836929,-1,-1,-1
494,155,730.338,450.034,41.015,113.621,0.619112,-1,-1,-1
494,173,453.879,446.475,39.434,104.188,0.718840,-1,-1,-1
494,181,627.428,448.901,27.818,60.196,0.651494,-1,-1,-1
494,196,955.276,433.689,84.875,246.368,0.903194,-1,-1,-1
494,206,797.720,442.642,148.395,280.587,0.918605,-1,-1,-1
494,210,1371.412,380.789,369.610,692.798,0.924470,-1,-1,-1
494,214,650.691,439.820,115.553,264.527,0.936127,-1,-1,-1
494,232,1358.600,401.182,177.286,591.685,0.878307,-1,-1,-1
494,241,532.923,453.327,30.872,76.454,0.838132,-1,-1,-1
494,242,1624.802,407.793,166.613,442.171,0.932501,-1,-1,-1
494,246,271.985,483.377,133.569,205.613,0.827003,-1,-1,-1
494,263,1105.865,453.523,48.278,135.150,0.677833,-1,-1,-1
494,271,542.821,448.520,30.632,74.822,0.693587,-1,-1,-1
494,288,1077.504,440.573,59.528,152.296,0.750722,-1,-1,-1
495,14,1206.354,406.309,212.423,607.765,0.935324,-1,-1,-1
495,79,254.024,506.857,100.821,171.972,0.618211,-1,-1,-1
495,109,1833.276,447.487,81.943,209.965,0.732887,-1,-1,-1
495,150,568.936,452.550,33.732,76.875,0.836353,-1,-1,-1
495,173,453.786,446.583,40.094,106.331,0.746849,-1,-1,-1
495,181,626.534,448.005,30.325,66.464,0.705893,-1,-1,-1
495,196,952.651,435.445,94.261,246.541,0.913885,-1,-1,-1
495,206,805.272,431.451,144.083,300.486,0.912395,-1,-1,-1
495,210,1362.826,382.966,354.611,688.202,0.870139,-1,-1,-1
495,214,652.081,430.063,115.828,271.597,0.939824,-1,-1,-1
495,232,1376.652,403.091,183.576,576.441,0.874038,-1,-1,-1
495,241,532.610,452.238,31.328,77.257,0.838002,-1,-1,-1
495,242,1633.671,406.124,170.182,444.000,0.934786,-1,-1,-1
495,246,283.620,489.703,121.675,192.590,0.726581,-1,-1,-1
495,263,1101.812,438.229,53.454,150.550,0.618658,-1,-1,-1
495,271,542.991,447.433,31.363,77.340,0.700385,-1,-1,-1
495,288,1081.576,436.370,64.104,156.412,0.819937,-1,-1,-1
496,14,1205.767,413.996,217.629,597.506,0.931734,-1,-1,-1
496,79,240.758,512.371,94.051,163.406,0.695417,-1,-1,-1
496,109,1832.385,450.573,83.932,207.912,0.714507,-1,-1,-1
496,150,567.222,449.781,34.477,79.971,0.850106,-1,-1,-1
496,173,453.794,446.432,39.568,105.049,0.766326,-1,-1,-1
496,181,624.389,446.488,33.990,77.196,0.730255,-1,-1,-1
496,196,954.171,431.988,110.923,250.339,0.918795,-1,-1,-1
496,206,809.366,432.322,134.269,298.756,0.913421,-1,-1,-1
496,210,1386.476,382.162,387.030,690.329,0.918566,-1,-1,-1
496,214,653.491,432.950,116.783,270.784,0.943902,-1,-1,-1
496,232,1369.883,395.506,207.010,595.357,0.879410,-1,-1,-1
496,241,532.351,453.954,31.328,76.481,0.848178,-1,-1,-1
496,242,1636.506,413.258,165.538,442.989,0.913621,-1,-1,-1
496,246,263.725,493.834,126.789,195.826,0.757958,-1,-1,-1
496,271,539.475,448.731,31.976,77.959,0.709557,-1,-1,-1
496,284,1166.114,437.678,40.524,93.116,0.692433,-1,-1,-1
496,288,1085.827,439.039,66.752,152.755,0.852609,-1,-1,-1
497,3,376.978,465.321,45.932,97.678,0.648111,-1,-1,-1
497,14,1209.154,422.181,220.871,599.690,0.934968,-1,-1,-1
497,89,666.726,454.891,34.227,84.866,0.616832,-1,-1,-1
497,109,1826.089,397.444,99.110,259.761,0.734696,-1,-1,-1
497,150,568.281,449.284,34.538,80.105,0.847937,-1,-1,-1
497,173,454.423,447.924,38.939,103.857,0.746775,-1,-1,-1
497,181,624.814,445.799,33.714,77.835,0.707993,-1,-1,-1
497,196,955.932,439.335,121.641,244.215,0.903969,-1,-1,-1
497,206,822.333,445.611,122.914,275.768,0.899278,-1,-1,-1
497,210,1382.165,383.013,369.874,686.427,0.916783,-1,-1,-1
497,214,657.839,431.953,112.327,268.499,0.939812,-1,-1,-1
497,232,1367.253,404.357,198.454,574.403,0.879471,-1,-1,-1
497,241,533.272,452.141,31.879,78.434,0.869173,-1,-1,-1
497,242,1642.032,409.326,163.076,461.954,0.917003,-1,-1,-1
497,246,244.228,477.671,147.021,221.989,0.846871,-1,-1,-1
497,264,1074.500,441.724,34.700,102.248,0.628530,-1,-1,-1
497,280,1868.224,389.359,49.882,260.720,0.615663,-1,-1,-1
497,284,1173.044,439.722,38.577,88.731,0.605086,-1,-1,-1
497,288,1087.255,440.391,65.508,149.171,0.818949,-1,-1,-1
498,3,378.778,465.070,46.351,95.896,0.654106,-1,-1,-1
498,14,1209.652,412.503,226.083,603.630,0.925883,-1,-1,-1
498,89,667.808,453.662,34.348,83.778,0.677461,-1,-1,-1
498,109,1832.443,435.897,86.266,223.179,0.653090,-1,-1,-1
498,150,567.647,449.165,35.273,81.237,0.859298,-1,-1,-1
498,173,455.771,448.952,37.878,100.883,0.744760,-1,-1,-1
498,181,627.831,445.913,30.600,71.378,0.724170,-1,-1,-1
498,196,958.612,442.250,126.231,244.644,0.886553,-1,-1,-1
498,206,835.153,444.206,116.446,272.093,0.894293,-1,-1,-1
498,210,1399.042,392.684,349.288,675.771,0.900845,-1,-1,-1
498,214,662.313,428.779,110.588,273.764,0.940910,-1,-1,-1
498,232,1372.761,401.002,202.505,582.138,0.884089,-1,-1,-1
498,241,533.789,451.727,31.915,78.554,0.860881,-1,-1,-1
498,242,1651.001,406.227,175.542,471.255,0.917778,-1,-1,-1
498,246,235.576,481.311,138.828,215.371,0.843423,-1,-1,-1
498,264,1079.083,451.031,33.196,92.524,0.642370,-1,-1,-1
498,288,1093.597,466.173,58.418,125.658,0.799487,-1,-1,-1
499,3,377.178,465.462,47.039,95.808,0.663173,-1,-1,-1
499,14,1217.248,410.679,229.680,607.852,0.926870,-1,-1,-1
499,89,668.828,454.946,33.558,81.499,0.624432,-1,-1,-1
499,109,1834.937,454.356,81.619,205.060,0.665966,-1,-1,-1
499,150,567.098,451.447,33.938,78.632,0.848589,-1,-1,-1
499,173,454.800,449.156,37.817,100.487,0.715658,-1,-1,-1
499,181,628.756,447.588,28.477,65.553,0.708536,-1,-1,-1
499,196,957.629,445.465,129.096,245.024,0.876780,-1,-1,-1
499,206,841.295,441.438,116.694,275.884,0.906503,-1,-1,-1
499,210,1403.796,391.187,333.470,680.600,0.885268,-1,-1,-1
499,214,670.765,429.285,104.964,269.135,0.927345,-1,-1,-1
499,232,1376.157,395.999,201.612,589.274,0.893026,-1,-1,-1
499,241,534.054,451.749,31.736,77.936,0.860936,-1,-1,-1
499,242,1656.742,410.406,183.595,467.819,0.924554,-1,-1,-1
499,246,225.762,485.538,134.506,213.665,0.847632,-1,-1,-1
499,263,1087.457,446.405,64.036,146.939,0.773459,-1,-1,-1
499,264,1075.529,443.920,45.987,128.428,0.645975,-1,-1,-1
500,3,377.086,465.264,55.058,110.129,0.706386,-1,-1,-1
500,14,1220.211,411.156,231.406,613.630,0.917464,-1,-1,-1
500,89,668.570,454.392,33.458,81.055,0.651813,-1,-1,-1
500,150,566.182,446.809,36.204,83.450,0.868740,-1,-1,-1
500,173,455.128,452.672,37.704,98.746,0.738421,-1,-1,-1
500,181,627.358,445.719,31.296,72.640,0.736885,-1,-1,-1
500,196,966.596,461.104,119.017,218.764,0.882602,-1,-1,-1
500,206,843.069,429.535,119.336,290.519,0.910889,-1,-1,-1
500,210,1420.057,373.209,320.070,695.704,0.870842,-1,-1,-1
500,214,676.757,430.005,99.526,273.393,0.931118,-1,-1,-1
500,232,1377.282,401.136,198.153,580.243,0.888373,-1,-1,-1
500,241,533.777,450.467,33.227,80.065,0.876326,-1,-1,-1
500,242,1656.832,406.426,193.177,471.200,0.914571,-1,-1,-1
500,246,218.182,474.902,135.447,229.576,0.872987,-1,-1,-1
500,255,632.723,448.452,33.504,78.123,0.650301,-1,-1,-1
500,263,1091.732,443.552,67.331,145.113,0.833487,-1,-1,-1
500,264,1074.784,441.508,48.995,142.008,0.784666,-1,-1,-1
500,280,1846.665,390.008,64.154,266.920,0.663374,-1,-1,-1
500,284,1165.016,442.137,40.666,87.490,0.685207,-1,-1,-1
500,295,796.787,459.498,30.865,71.386,0.623758,-1,-1,-1
501,3,375.908,465.766,56.733,110.943,0.771687,-1,-1,-1
501,14,1239.292,419.314,219.857,602.689,0.920485,-1,-1,-1
501,89,667.127,455.220,34.146,83.335,0.688230,-1,-1,-1
501,150,566.651,448.736,36.771,83.212,0.876671,-1,-1,-1
501,173,454.451,451.499,38.571,99.125,0.758823,-1,-1,-1
501,181,628.808,446.371,36.021,82.410,0.744379,-1,-1,-1
501,196,966.806,458.156,118.784,223.496,0.900038,-1,-1,-1
501,206,847.063,420.882,121.320,299.750,0.912059,-1,-1,-1
501,210,1447.739,367.312,314.765,706.172,0.907763,-1,-1,-1
501,214,689.733,430.971,89.031,270.625,0.910121,-1,-1,-1
501,232,1377.444,403.520,195.317,571.184,0.880380,-1,-1,-1
501,241,533.485,449.424,34.278,81.357,0.868634,-1,-1,-1
501,242,1670.755,422.408,203.345,457.181,0.898224,-1,-1,-1
501,246,212.016,479.036,130.528,235.758,0.878288,-1,-1,-1
501,263,1090.726,438.861,71.143,150.412,0.847359,-1,-1,-1
501,264,1072.878,437.499,53.158,155.159,0.787567,-1,-1,-1
501,280,1846.494,389.685,70.370,267.594,0.765599,-1,-1,-1
501,284,1163.911,438.608,44.627,91.266,0.692685,-1,-1,-1
501,295,797.724,460.163,31.811,73.122,0.683478,-1,-1,-1
501,296,974.654,453.105,48.936,138.214,0.651954,-1,-1,-1
502,3,374.467,464.806,58.702,112.033,0.747276,-1,-1,-1
502,14,1260.764,418.131,204.786,598.217,0.916711,-1,-1,-1
502,89,665.368,455.844,33.195,82.810,0.727674,-1,-1,-1
502,150,566.725,449.582,36.524,82.843,0.876493,-1,-1,-1
502,173,453.949,450.240,39.557,100.980,0.749622,-1,-1,-1
502,181,625.446,444.147,35.428,82.938,0.697882,-1,-1,-1
502,196,973.340,462.405,114.505,218.383,0.872811,-1,-1,-1
502,206,847.686,412.076,128.513,309.888,0.904163,-1,-1,-1
502,210,1483.836,393.864,293.231,669.950,0.895909,-1,-1,-1
502,214,694.558,431.375,84.678,269.966,0.912189,-1,-1,-1
502,230,827.345,465.984,42.468,89.386,0.676751,-1,-1,-1
502,232,1390.508,409.972,187.619,547.656,0.880510,-1,-1,-1
502,241,533.796,449.354,34.435,81.556,0.858686,-1,-1,-1
502,242,1679.513,418.402,221.410,473.088,0.930053,-1,-1,-1
502,246,203.676,487.012,131.895,213.539,0.870377,-1,-1,-1
502,263,1093.832,439.248,69.109,148.717,0.825995,-1,-1,-1
502,264,1072.353,437.754,53.419,154.850,0.779519,-1,-1,-1
502,280,1846.927,390.261,70.957,265.257,0.649070,-1,-1,-1
502,284,1164.163,438.571,44.415,90.495,0.642725,-1,-1,-1
502,295,797.837,461.742,31.232,71.176,0.643463,-1,-1,-1
503,3,375.791,466.504,56.685,109.660,0.749153,-1,-1,-1
503,14,1280.306,416.747,195.145,615.266,0.935282,-1,-1,-1
503,89,666.345,455.818,32.755,82.414,0.766278,-1,-1,-1
503,150,567.227,448.913,36.116,83.587,0.893292,-1,-1,-1
503,173,453.705,453.884,39.055,99.123,0.716365,-1,-1,-1
503,181,629.816,448.041,33.439,77.799,0.731872,-1,-1,-1
503,196,962.761,442.099,125.920,240.388,0.884125,-1,-1,-1
503,206,858.787,425.648,117.844,291.207,0.908913,-1,-1,-1
503,210,1494.266,387.565,250.533,674.205,0.898181,-1,-1,-1
503,214,698.299,435.539,85.848,266.148,0.910392,-1,-1,-1
503,230,829.469,462.865,43.234,90.885,0.624851,-1,-1,-1
503,232,1407.823,405.319,175.050,550.338,0.887638,-1,-1,-1
503,241,534.757,450.677,34.609,81.211,0.876990,-1,-1,-1
503,242,1690.709,418.303,215.619,478.798,0.928415,-1,-1,-1
503,246,196.284,501.519,129.899,204.700,0.839068,-1,-1,-1
503,263,1090.246,439.638,70.732,149.212,0.815510,-1,-1,-1
503,264,1074.813,438.622,46.210,135.656,0.737704,-1,-1,-1
503,296,977.648,439.109,46.911,132.589,0.639307,-1,-1,-1
504,3,377.327,465.851,55.444,109.479,0.726661,-1,-1,-1
504,14,1282.516,407.326,191.956,634.207,0.935926,-1,-1,-1
504,89,666.625,456.273,32.996,82.233,0.747270,-1,-1,-1
504,150,567.596,450.018,35.504,82.674,0.895780,-1,-1,-1
504,173,451.986,450.742,39.699,102.249,0.771859,-1,-1,-1
504,181,630.101,449.719,33.046,76.529,0.736796,-1,-1,-1
504,196,975.674,446.337,117.845,234.933,0.840254,-1,-1,-1
504,206,865.497,438.103,121.265,287.833,0.913617,-1,-1,-1
504,210,1508.685,387.374,272.000,682.596,0.899121,-1,-1,-1
504,214,695.193,428.361,92.305,272.440,0.889468,-1,-1,-1
504,232,1415.250,402.162,174.526,563.330,0.896590,-1,-1,-1
504,241,534.423,451.034,34.364,81.157,0.867148,-1,-1,-1
504,242,1696.362,408.729,214.397,496.171,0.944158,-1,-1,-1
504,246,173.349,478.100,130.377,233.682,0.894403,-1,-1,-1
504,263,1096.632,446.086,66.314,144.642,0.808194,-1,-1,-1
504,264,1074.446,441.087,39.337,115.287,0.802555,-1,-1,-1
504,284,1165.823,442.834,42.812,87.110,0.621789,-1,-1,-1
504,295,795.226,459.899,32.754,74.437,0.605981,-1,-1,-1
505,3,377.845,465.110,55.454,109.893,0.718711,-1,-1,-1
505,14,1298.600,396.568,183.888,641.894,0.935068,-1,-1,-1
505,89,666.349,458.666,33.579,82.196,0.779466,-1,-1,-1
505,150,567.588,449.840,35.456,81.822,0.893012,-1,-1,-1
505,173,452.253,449.886,40.216,103.500,0.788696,-1,-1,-1
505,181,630.038,449.917,34.168,77.514,0.768751,-1,-1,-1
505,185,859.354,431.685,79.245,255.348,0.687705,-1,-1,-1
505,196,992.489,447.538,102.207,233.098,0.871943,-1,-1,-1
505,206,875.965,441.952,120.637,283.960,0.901761,-1,-1,-1
505,210,1508.632,378.802,266.938,690.652,0.901978,-1,-1,-1
505,214,705.897,434.515,85.245,266.761,0.912864,-1,-1,-1
505,232,1416.843,420.132,165.000,536.499,0.893869,-1,-1,-1
505,241,533.874,451.965,34.022,80.889,0.871312,-1,-1,-1
505,242,1699.286,402.820,215.846,500.851,0.936402,-1,-1,-1
505,246,168.235,475.095,126.810,241.219,0.895270,-1,-1,-1
505,263,1097.811,444.138,63.796,145.955,0.838829,-1,-1,-1
505,264,1074.675,440.656,40.670,123.523,0.828690,-1,-1,-1
505,284,1167.184,443.298,42.149,86.178,0.609736,-1,-1,-1
506,3,378.690,465.196,52.177,106.012,0.691135,-1,-1,-1
506,14,1305.833,404.784,178.792,634.331,0.937274,-1,-1,-1
506,89,666.608,457.418,33.694,82.846,0.806408,-1,-1,-1
506,150,568.170,448.611,35.952,83.108,0.886983,-1,-1,-1
506,173,449.233,451.290,39.325,99.732,0.663880,-1,-1,-1
506,181,628.583,448.619,35.265,80.251,0.797179,-1,-1,-1
506,185,861.048,425.723,75.667,265.564,0.812879,-1,-1,-1
506,196,1000.140,442.688,95.940,233.177,0.843850,-1,-1,-1
506,206,886.143,436.813,123.837,291.821,0.890108,-1,-1,-1
506,210,1508.570,370.883,268.185,697.072,0.890764,-1,-1,-1
506,214,707.118,431.579,85.830,268.836,0.916180,-1,-1,-1
506,232,1428.173,413.065,170.219,550.681,0.894011,-1,-1,-1
506,241,533.635,450.472,34.604,81.791,0.869390,-1,-1,-1
506,242,1714.385,403.455,202.509,505.212,0.944968,-1,-1,-1
506,246,157.673,488.045,127.152,224.695,0.893112,-1,-1,-1
506,263,1099.691,437.019,66.179,155.676,0.759752,-1,-1,-1
506,264,1070.247,439.844,47.126,141.716,0.830877,-1,-1,-1
506,284,1165.626,440.929,42.997,87.598,0.652539,-1,-1,-1
507,3,378.984,465.176,49.636,103.539,0.668389,-1,-1,-1
507,14,1309.776,409.032,183.520,639.741,0.937682,-1,-1,-1
507,89,666.710,456.206,33.971,83.482,0.820920,-1,-1,-1
507,150,567.621,449.694,36.218,82.699,0.885678,-1,-1,-1
507,155,701.725,446.871,35.974,93.164,0.618066,-1,-1,-1
507,173,451.017,446.451,40.185,102.285,0.666561,-1,-1,-1
507,181,629.321,448.453,35.789,81.543,0.814842,-1,-1,-1
507,185,868.516,437.870,79.064,266.389,0.862173,-1,-1,-1
507,196,1003.816,443.236,97.106,241.132,0.853046,-1,-1,-1
507,206,898.807,443.901,124.404,283.335,0.901488,-1,-1,-1
507,210,1511.019,402.070,264.626,669.496,0.885473,-1,-1,-1
507,214,706.380,435.371,93.135,265.952,0.908585,-1,-1,-1
507,232,1436.731,412.543,164.857,546.063,0.892529,-1,-1,-1
507,241,533.358,448.114,34.761,84.257,0.865597,-1,-1,-1
507,242,1725.007,400.200,193.712,513.405,0.929001,-1,-1,-1
507,246,148.599,495.545,135.470,219.369,0.865459,-1,-1,-1
507,263,1094.200,440.809,66.672,150.790,0.812853,-1,-1,-1
507,264,1073.584,441.293,39.246,113.661,0.798501,-1,-1,-1
508,3,377.747,463.443,50.670,107.261,0.666896,-1,-1,-1
508,14,1312.196,410.935,186.433,628.886,0.945882,-1,-1,-1
508,89,665.497,455.665,34.601,84.789,0.830019,-1,-1,-1
508,150,568.181,448.760,36.781,83.405,0.884025,-1,-1,-1
508,155,695.738,445.004,42.016,98.277,0.731280,-1,-1,-1
508,173,452.756,449.141,39.937,101.619,0.655471,-1,-1,-1
508,181,626.668,449.820,38.721,89.275,0.812605,-1,-1,-1
508,185,870.103,415.705,88.415,282.589,0.813168,-1,-1,-1
508,196,1019.416,437.305,93.178,238.137,0.831750,-1,-1,-1
508,206,894.688,416.770,150.602,310.206,0.896754,-1,-1,-1
508,210,1508.680,383.728,287.279,695.509,0.917860,-1,-1,-1
508,214,706.715,429.390,103.206,270.589,0.915393,-1,-1,-1
508,232,1442.809,405.344,173.572,555.845,0.870934,-1,-1,-1
508,241,533.706,448.481,36.737,82.945,0.877708,-1,-1,-1
508,242,1737.897,397.823,182.000,514.690,0.946937,-1,-1,-1
508,246,134.303,492.790,133.107,218.908,0.860737,-1,-1,-1
508,263,1095.306,434.196,68.234,158.268,0.830824,-1,-1,-1
508,264,1066.910,439.563,48.306,139.796,0.769559,-1,-1,-1
509,14,1317.401,409.523,195.471,632.894,0.946274,-1,-1,-1
509,89,666.529,457.344,34.255,82.552,0.829106,-1,-1,-1
509,150,567.480,448.855,36.398,82.802,0.875952,-1,-1,-1
509,155,695.260,445.112,46.012,110.903,0.752695,-1,-1,-1
509,173,453.430,448.127,37.816,95.788,0.689793,-1,-1,-1
509,185,871.841,436.292,88.407,275.074,0.803088,-1,-1,-1
509,196,1025.923,451.771,88.722,230.440,0.864217,-1,-1,-1
509,206,891.058,425.052,153.413,303.071,0.910582,-1,-1,-1
509,210,1500.059,393.834,279.083,683.147,0.938211,-1,-1,-1
509,214,706.576,428.701,104.569,269.539,0.912171,-1,-1,-1
509,232,1444.969,411.536,176.287,561.721,0.871297,-1,-1,-1
509,241,534.378,447.479,37.373,83.448,0.870363,-1,-1,-1
509,242,1742.722,395.921,177.748,515.868,0.950807,-1,-1,-1
509,246,127.944,483.786,132.115,234.496,0.865233,-1,-1,-1
509,255,629.106,449.565,30.086,65.654,0.762992,-1,-1,-1
509,263,1097.733,438.261,65.780,152.095,0.832173,-1,-1,-1
509,264,1067.817,442.605,44.730,129.091,0.779327,-1,-1,-1
510,14,1319.421,408.742,206.065,617.173,0.947176,-1,-1,-1
510,89,666.604,456.893,35.491,84.243,0.843086,-1,-1,-1
510,150,568.429,451.798,35.895,79.281,0.874797,-1,-1,-1
510,155,693.560,449.481,50.048,115.259,0.814257,-1,-1,-1
510,173,453.421,451.566,37.758,96.582,0.657400,-1,-1,-1
510,181,628.755,451.879,36.903,87.423,0.800935,-1,-1,-1
510,185,869.448,433.417,89.331,267.150,0.824253,-1,-1,-1
510,196,1029.785,451.827,87.819,223.176,0.885471,-1,-1,-1
510,206,896.202,445.224,148.465,283.098,0.898728,-1,-1,-1
510,210,1522.256,372.489,283.927,703.721,0.915557,-1,-1,-1
510,214,705.951,432.420,117.232,266.702,0.909051,-1,-1,-1
510,232,1449.122,405.647,170.737,561.913,0.875087,-1,-1,-1
510,241,535.994,450.328,36.362,80.445,0.876937,-1,-1,-1
510,242,1760.560,391.966,160.870,508.216,0.950838,-1,-1,-1
510,246,107.239,492.940,129.634,222.118,0.847162,-1,-1,-1
510,255,627.306,452.904,29.462,62.861,0.694759,-1,-1,-1
510,263,1098.829,455.247,62.180,137.570,0.815203,-1,-1,-1
510,264,1069.663,443.181,43.184,122.183,0.673562,-1,-1,-1
511,3,380.965,463.999,42.289,87.932,0.701093,-1,-1,-1
511,14,1317.609,422.906,217.939,610.819,0.940750,-1,-1,-1
511,89,666.093,458.625,34.501,81.673,0.822906,-1,-1,-1
511,150,568.433,452.168,36.322,79.257,0.872442,-1,-1,-1
511,155,693.969,450.281,48.584,110.890,0.774055,-1,-1,-1
511,173,453.360,451.834,36.641,93.764,0.644871,-1,-1,-1
511,181,630.650,453.777,35.578,86.029,0.786410,-1,-1,-1
511,185,866.105,427.247,93.690,271.513,0.771179,-1,-1,-1
511,196,1027.783,441.956,89.500,237.418,0.885784,-1,-1,-1
511,206,892.638,442.910,165.089,286.297,0.917547,-1,-1,-1
511,210,1531.306,368.454,297.387,707.631,0.915697,-1,-1,-1
511,214,711.133,433.384,121.129,267.633,0.915899,-1,-1,-1
511,232,1455.188,419.200,163.732,527.390,0.874443,-1,-1,-1
511,241,536.525,450.980,35.965,79.495,0.868266,-1,-1,-1
511,242,1764.700,396.056,156.110,515.101,0.947479,-1,-1,-1
511,246,99.703,489.934,133.541,233.949,0.758679,-1,-1,-1
511,255,626.745,454.844,30.041,63.607,0.642115,-1,-1,-1
511,263,1107.395,458.733,57.810,130.107,0.764723,-1,-1,-1
512,3,379.360,467.553,44.903,96.759,0.747670,-1,-1,-1
512,14,1312.308,412.207,257.255,654.197,0.941406,-1,-1,-1
512,89,665.853,458.133,34.374,81.257,0.819943,-1,-1,-1
512,150,569.507,454.273,35.459,77.345,0.868530,-1,-1,-1
512,155,694.376,457.617,45.178,104.672,0.743995,-1,-1,-1
512,173,449.270,459.354,38.630,95.316,0.673308,-1,-1,-1
512,181,631.125,454.908,34.657,84.210,0.791056,-1,-1,-1
512,185,866.005,423.891,95.464,273.467,0.777907,-1,-1,-1
512,196,1030.598,441.863,90.198,232.657,0.882315,-1,-1,-1
512,206,890.050,441.028,168.159,288.404,0.911427,-1,-1,-1
512,210,1529.343,361.382,290.046,715.763,0.891880,-1,-1,-1
512,214,706.556,437.948,126.766,261.425,0.908185,-1,-1,-1
512,232,1449.010,415.616,162.237,540.735,0.874523,-1,-1,-1
512,241,535.762,452.069,35.847,78.738,0.881316,-1,-1,-1
512,242,1775.219,392.867,146.377,522.598,0.942952,-1,-1,-1
512,246,81.141,504.105,136.001,219.093,0.825444,-1,-1,-1
512,255,626.785,455.532,29.291,61.100,0.620873,-1,-1,-1
512,288,1094.470,432.294,70.422,156.996,0.844051,-1,-1,-1
513,3,378.206,466.242,46.164,100.163,0.770980,-1,-1,-1
513,14,1309.613,406.975,251.827,654.322,0.944139,-1,-1,-1
513,89,666.852,459.628,33.318,78.747,0.828385,-1,-1,-1
513,150,569.206,454.455,35.681,77.422,0.865870,-1,-1,-1
513,155,695.445,459.479,42.429,101.063,0.751767,-1,-1,-1
513,173,448.334,459.170,40.703,97.463,0.688819,-1,-1,-1
513,181,632.835,455.836,33.889,83.809,0.779283,-1,-1,-1
513,185,879.121,425.823,105.173,289.283,0.805513,-1,-1,-1
513,196,1026.866,437.740,103.447,247.314,0.900316,-1,-1,-1
513,206,886.160,430.946,171.982,298.973,0.892190,-1,-1,-1
513,210,1551.858,365.350,293.994,712.885,0.882805,-1,-1,-1
513,214,711.242,435.260,121.629,265.512,0.917893,-1,-1,-1
513,232,1452.524,409.336,169.204,558.439,0.829080,-1,-1,-1
513,241,535.928,453.553,35.689,77.159,0.872978,-1,-1,-1
513,242,1785.917,386.804,135.376,523.439,0.943679,-1,-1,-1
513,246,60.807,483.323,141.067,250.562,0.884422,-1,-1,-1
513,255,625.234,454.930,28.927,60.437,0.605550,-1,-1,-1
513,288,1093.303,435.203,71.684,158.120,0.882111,-1,-1,-1
513,295,790.388,459.423,41.238,97.352,0.627906,-1,-1,-1
514,3,379.361,466.847,45.427,99.063,0.747270,-1,-1,-1
514,14,1311.376,406.500,247.494,647.122,0.943684,-1,-1,-1
514,89,666.642,459.199,33.962,82.199,0.833819,-1,-1,-1
514,150,568.810,454.271,36.169,77.316,0.862180,-1,-1,-1
514,155,689.381,456.210,44.974,112.415,0.860676,-1,-1,-1
514,173,448.273,461.362,40.696,95.078,0.662391,-1,-1,-1
514,181,633.808,455.755,32.986,83.523,0.766949,-1,-1,-1
514,185,871.032,413.992,108.425,301.671,0.872539,-1,-1,-1
514,196,1033.000,440.419,103.410,243.967,0.888532,-1,-1,-1
514,206,891.307,446.357,161.773,279.458,0.884081,-1,-1,-1
514,210,1545.963,371.990,279.867,699.169,0.868179,-1,-1,-1
514,214,717.011,438.966,114.994,260.082,0.930740,-1,-1,-1
514,232,1460.196,423.123,166.082,536.687,0.804514,-1,-1,-1
514,241,536.166,453.076,35.304,76.790,0.857634,-1,-1,-1
514,242,1800.717,381.388,120.522,518.358,0.951521,-1,-1,-1
514,246,50.109,498.959,139.763,237.639,0.878581,-1,-1,-1
514,288,1095.297,438.139,68.148,153.902,0.843250,-1,-1,-1
514,295,791.692,463.894,36.506,89.005,0.666174,-1,-1,-1
515,3,379.198,466.732,46.300,99.949,0.720215,-1,-1,-1
515,14,1313.339,405.551,254.414,629.626,0.939765,-1,-1,-1
515,89,667.135,459.631,33.221,80.878,0.818157,-1,-1,-1
515,150,568.863,452.202,37.283,79.910,0.873118,-1,-1,-1
515,155,688.319,453.766,46.259,116.503,0.881962,-1,-1,-1
515,173,449.020,461.065,40.214,91.977,0.630999,-1,-1,-1
515,181,632.839,454.045,33.178,84.993,0.734123,-1,-1,-1
515,185,874.427,425.738,104.673,286.219,0.828451,-1,-1,-1
515,196,1034.390,452.566,101.594,231.789,0.887916,-1,-1,-1
515,206,885.388,429.421,169.322,300.463,0.887664,-1,-1,-1
515,210,1551.304,368.932,266.135,652.036,0.864094,-1,-1,-1
515,214,721.315,440.097,114.361,258.325,0.923560,-1,-1,-1
515,232,1459.588,416.138,181.373,559.063,0.772840,-1,-1,-1
515,241,536.311,450.970,36.111,79.696,0.873418,-1,-1,-1
515,242,1817.126,383.239,104.949,526.346,0.946509,-1,-1,-1
515,246,33.493,512.629,162.034,244.196,0.870938,-1,-1,-1
515,255,626.122,458.905,29.174,58.546,0.639631,-1,-1,-1
515,288,1096.881,444.930,64.805,148.244,0.786486,-1,-1,-1
516,3,379.377,465.759,46.226,100.149,0.711898,-1,-1,-1
516,14,1315.440,417.598,257.892,623.482,0.938557,-1,-1,-1
516,89,667.651,459.487,31.728,80.268,0.789868,-1,-1,-1
516,150,569.881,452.576,36.188,80.177,0.873279,-1,-1,-1
516,155,685.577,448.451,48.029,123.391,0.882047,-1,-1,-1
516,173,448.657,458.171,41.923,95.505,0.605520,-1,-1,-1
516,181,634.125,457.983,31.900,82.432,0.697662,-1,-1,-1
516,185,873.603,403.312,108.637,318.533,0.864349,-1,-1,-1
516,196,1026.224,439.369,108.501,240.933,0.847859,-1,-1,-1
516,206,897.816,439.017,160.494,288.391,0.878705,-1,-1,-1
516,210,1549.120,372.765,288.935,678.118,0.884941,-1,-1,-1
516,214,723.334,439.786,111.482,256.505,0.922696,-1,-1,-1
516,232,1468.296,418.405,186.824,551.032,0.810583,-1,-1,-1
516,241,537.371,451.914,35.157,78.944,0.858655,-1,-1,-1
516,242,1813.598,383.196,106.229,534.467,0.945009,-1,-1,-1
516,246,14.168,481.037,161.998,269.651,0.892777,-1,-1,-1
516,288,1095.308,439.698,62.878,147.536,0.718214,-1,-1,-1
517,3,377.446,464.462,45.241,95.926,0.694231,-1,-1,-1
517,14,1319.628,411.541,270.591,645.911,0.941106,-1,-1,-1
517,89,668.812,458.848,30.698,79.756,0.754410,-1,-1,-1
517,150,569.581,451.760,36.141,81.030,0.879686,-1,-1,-1
517,155,683.544,454.312,50.816,121.429,0.884167,-1,-1,-1
517,173,447.688,455.323,43.547,99.311,0.652924,-1,-1,-1
517,181,634.221,454.393,32.595,85.240,0.665988,-1,-1,-1
517,185,876.598,412.260,103.024,311.159,0.879105,-1,-1,-1
517,196,1034.629,440.737,108.136,241.211,0.857482,-1,-1,-1
517,206,900.543,438.751,157.234,288.177,0.870403,-1,-1,-1
517,210,1544.523,376.258,287.255,693.349,0.868271,-1,-1,-1
517,214,723.414,431.457,113.299,267.241,0.906448,-1,-1,-1
517,232,1472.055,418.017,191.244,558.130,0.781356,-1,-1,-1
517,241,537.371,452.313,34.617,79.441,0.857863,-1,-1,-1
517,242,1822.058,386.134,99.859,540.239,0.920148,-1,-1,-1
517,246,4.715,493.572,160.089,248.571,0.885214,-1,-1,-1
517,288,1097.021,429.695,63.387,158.116,0.824548,-1,-1,-1
518,3,379.024,466.306,46.406,98.353,0.662722,-1,-1,-1
518,14,1318.639,415.238,279.617,641.970,0.940453,-1,-1,-1
518,89,668.455,456.095,31.510,84.251,0.731839,-1,-1,-1
518,150,571.128,451.394,34.806,81.072,0.875006,-1,-1,-1
518,155,683.486,443.676,52.198,131.502,0.866188,-1,-1,-1
518,173,448.121,457.649,42.703,97.243,0.600632,-1,-1,-1
518,181,634.093,455.729,32.786,85.990,0.651326,-1,-1,-1
518,185,881.006,415.294,106.482,313.845,0.887269,-1,-1,-1
518,196,1040.327,449.252,104.860,230.141,0.847606,-1,-1,-1
518,206,928.312,441.587,136.409,285.402,0.872064,-1,-1,-1
518,210,1564.681,395.947,308.858,679.881,0.865324,-1,-1,-1
518,214,737.136,430.503,107.300,266.727,0.904551,-1,-1,-1
518,232,1479.156,416.849,192.733,566.983,0.774812,-1,-1,-1
518,241,538.106,451.012,34.034,80.867,0.861755,-1,-1,-1
518,242,1826.877,388.041,94.682,548.821,0.916190,-1,-1,-1
518,246,8.586,499.155,153.452,242.579,0.875238,-1,-1,-1
518,288,1102.207,434.957,59.376,152.033,0.765749,-1,-1,-1
519,3,379.284,466.803,46.265,98.087,0.651689,-1,-1,-1
519,14,1320.201,400.401,291.954,655.002,0.938380,-1,-1,-1
519,89,666.724,455.080,30.678,84.047,0.679029,-1,-1,-1
519,150,572.398,454.443,32.855,78.835,0.869886,-1,-1,-1
519,155,679.764,444.519,49.384,127.091,0.887322,-1,-1,-1
519,181,635.202,454.900,33.344,87.810,0.709099,-1,-1,-1
519,185,875.294,414.148,107.431,306.843,0.893115,-1,-1,-1
519,196,1035.738,439.039,112.169,244.252,0.816417,-1,-1,-1
519,206,943.426,438.173,126.108,286.949,0.880794,-1,-1,-1
519,210,1563.150,388.132,319.184,687.542,0.902142,-1,-1,-1
519,214,746.786,443.169,98.785,251.099,0.911751,-1,-1,-1
519,232,1493.032,430.145,193.989,541.695,0.772544,-1,-1,-1
519,241,538.455,451.726,33.106,80.293,0.862079,-1,-1,-1
519,242,1830.044,391.894,89.778,517.769,0.856571,-1,-1,-1
519,246,0.689,507.797,155.188,241.882,0.888904,-1,-1,-1
519,288,1100.321,432.102,59.083,153.745,0.826524,-1,-1,-1
520,3,378.885,466.343,47.345,100.387,0.704531,-1,-1,-1
520,14,1321.715,400.476,290.335,651.313,0.937467,-1,-1,-1
520,89,667.596,455.524,30.750,86.020,0.680067,-1,-1,-1
520,150,573.181,454.830,31.469,75.985,0.861594,-1,-1,-1
520,155,680.535,443.988,49.135,127.466,0.860839,-1,-1,-1
520,173,447.690,458.071,43.377,98.832,0.675987,-1,-1,-1
520,181,641.735,455.303,33.625,87.693,0.768179,-1,-1,-1
520,185,879.533,421.586,106.380,297.822,0.883599,-1,-1,-1
520,196,1043.260,431.528,116.562,249.670,0.850919,-1,-1,-1
520,206,950.721,440.315,122.338,282.470,0.886783,-1,-1,-1
520,210,1562.244,383.941,305.075,686.950,0.895539,-1,-1,-1
520,214,757.629,442.462,89.238,245.072,0.908633,-1,-1,-1
520,232,1492.945,427.399,201.569,547.987,0.743606,-1,-1,-1
520,241,539.340,452.529,32.928,79.691,0.862680,-1,-1,-1
520,242,1835.652,411.641,84.549,489.338,0.867564,-1,-1,-1
520,246,-6.120,480.851,154.671,273.376,0.897577,-1,-1,-1
520,284,1168.557,441.626,43.150,90.314,0.611359,-1,-1,-1
520,288,1103.728,439.237,56.917,148.444,0.755319,-1,-1,-1
520,304,720.001,448.302,31.115,91.658,0.689570,-1,-1,-1
521,3,375.527,463.595,47.058,99.661,0.677071,-1,-1,-1
521,14,1330.263,409.675,280.625,647.361,0.938182,-1,-1,-1
521,89,668.420,454.618,30.615,87.659,0.693284,-1,-1,-1
521,150,573.217,455.003,31.431,76.780,0.861771,-1,-1,-1
521,155,681.513,444.174,47.164,127.846,0.850375,-1,-1,-1
521,173,448.147,456.898,42.966,98.957,0.659337,-1,-1,-1
521,181,640.806,459.678,30.560,79.898,0.656460,-1,-1,-1
521,185,878.153,425.993,102.708,287.846,0.871050,-1,-1,-1
521,196,1045.835,432.987,117.234,250.134,0.889293,-1,-1,-1
521,206,944.848,442.425,122.962,281.753,0.879242,-1,-1,-1
521,210,1580.428,383.674,331.777,690.323,0.919823,-1,-1,-1
521,214,760.998,433.715,88.945,253.628,0.910333,-1,-1,-1
521,232,1497.630,410.695,214.607,583.146,0.633322,-1,-1,-1
521,241,540.353,453.309,32.425,79.710,0.853797,-1,-1,-1
521,242,1826.941,389.591,106.128,636.127,0.619113,-1,-1,-1
521,246,-3.440,498.740,134.816,259.910,0.904435,-1,-1,-1
521,280,1843.694,442.892,79.609,367.873,0.721567,-1,-1,-1
521,284,1166.818,442.102,43.540,90.607,0.668447,-1,-1,-1
521,288,1107.938,435.309,53.346,140.871,0.661999,-1,-1,-1
521,304,719.368,447.558,31.733,94.570,0.789358,-1,-1,-1
522,3,375.887,463.546,44.788,94.072,0.605691,-1,-1,-1
522,14,1334.682,402.548,278.976,656.182,0.933672,-1,-1,-1
522,109,1854.742,456.806,70.027,224.079,0.641638,-1,-1,-1
522,150,573.424,456.354,31.035,74.963,0.866857,-1,-1,-1
522,155,674.423,442.331,49.781,131.987,0.863233,-1,-1,-1
522,181,642.625,453.579,28.172,72.106,0.657454,-1,-1,-1
522,185,879.346,429.331,98.799,275.439,0.863507,-1,-1,-1
522,196,1053.233,436.950,110.924,241.150,0.878281,-1,-1,-1
522,206,945.875,445.227,122.092,279.691,0.875910,-1,-1,-1
522,210,1591.897,359.309,329.698,714.677,0.914404,-1,-1,-1
522,214,761.198,430.541,91.213,257.247,0.905461,-1,-1,-1
522,232,1499.894,415.645,207.981,576.333,0.777175,-1,-1,-1
522,241,540.549,453.294,32.110,78.845,0.858862,-1,-1,-1
522,246,-3.515,489.068,126.545,260.073,0.882395,-1,-1,-1
522,284,1166.530,443.156,43.880,90.513,0.663101,-1,-1,-1
522,304,716.643,447.474,32.683,95.400,0.817118,-1,-1,-1
523,3,376.122,464.575,45.596,95.298,0.674176,-1,-1,-1
523,14,1344.103,407.213,280.177,659.983,0.926041,-1,-1,-1
523,89,669.342,455.247,36.744,103.797,0.670493,-1,-1,-1
523,150,573.508,454.186,32.275,76.965,0.871760,-1,-1,-1
523,155,675.216,444.929,48.584,125.913,0.858296,-1,-1,-1
523,173,448.228,458.650,42.558,97.404,0.726078,-1,-1,-1
523,185,882.043,433.717,97.903,269.374,0.870202,-1,-1,-1
523,196,1065.084,447.548,98.289,229.291,0.893902,-1,-1,-1
523,206,950.469,445.701,123.774,277.495,0.892360,-1,-1,-1
523,210,1583.223,388.828,334.259,688.124,0.931987,-1,-1,-1
523,214,763.008,437.756,100.500,252.083,0.912648,-1,-1,-1
523,232,1509.861,415.505,217.446,586.300,0.818889,-1,-1,-1
523,241,540.946,452.369,32.250,79.457,0.855236,-1,-1,-1
523,246,-2.233,507.549,106.049,245.760,0.924516,-1,-1,-1
523,284,1164.293,446.205,44.632,92.254,0.609177,-1,-1,-1
523,304,717.472,447.521,33.554,93.558,0.829896,-1,-1,-1
524,3,375.290,463.830,45.277,93.027,0.622488,-1,-1,-1
524,14,1357.975,404.361,275.631,666.374,0.931008,-1,-1,-1
524,150,574.003,454.467,32.541,76.731,0.873292,-1,-1,-1
524,155,672.269,449.694,48.040,119.923,0.870594,-1,-1,-1
524,173,449.143,457.692,40.933,93.178,0.667947,-1,-1,-1
524,185,882.807,419.756,98.475,283.520,0.878591,-1,-1,-1
524,196,1067.035,450.158,96.199,228.132,0.887069,-1,-1,-1
524,206,966.287,442.587,112.424,270.992,0.877569,-1,-1,-1
524,210,1573.646,370.213,346.017,705.853,0.944673,-1,-1,-1
524,214,762.762,439.712,103.523,254.361,0.895213,-1,-1,-1
524,232,1517.906,422.879,214.810,590.213,0.844640,-1,-1,-1
524,241,540.963,454.180,32.126,77.424,0.860160,-1,-1,-1
524,246,-1.395,505.819,103.353,246.516,0.888863,-1,-1,-1
524,264,1126.528,468.588,39.363,113.458,0.617610,-1,-1,-1
524,304,714.551,445.775,35.211,93.886,0.846535,-1,-1,-1
525,3,375.892,464.344,46.807,95.007,0.686500,-1,-1,-1
525,14,1373.065,403.690,267.099,663.249,0.927100,-1,-1,-1
525,89,662.179,454.982,38.009,105.394,0.605499,-1,-1,-1
525,150,574.119,453.966,32.573,75.435,0.874068,-1,-1,-1
525,155,671.738,449.908,47.008,117.886,0.862693,-1,-1,-1
525,173,450.675,452.242,43.697,102.146,0.732095,-1,-1,-1
525,185,896.398,413.512,97.547,290.672,0.873717,-1,-1,-1
525,196,1064.434,436.817,100.922,241.620,0.905492,-1,-1,-1
525,206,970.833,443.695,108.842,276.200,0.875244,-1,-1,-1
525,210,1586.497,395.009,333.624,681.086,0.911900,-1,-1,-1
525,214,771.335,436.570,104.548,256.517,0.898510,-1,-1,-1
525,232,1516.269,418.165,216.399,583.756,0.847684,-1,-1,-1
525,241,540.690,454.723,32.088,76.275,0.858539,-1,-1,-1
525,246,-1.666,521.874,90.283,225.824,0.889559,-1,-1,-1
525,263,1040.689,441.815,50.099,125.677,0.645701,-1,-1,-1
525,296,1029.624,446.697,53.809,142.301,0.640945,-1,-1,-1
525,304,713.346,444.442,35.956,97.661,0.853393,-1,-1,-1
526,3,376.188,465.350,51.232,103.987,0.705870,-1,-1,-1
526,14,1395.959,408.639,257.103,660.181,0.919701,-1,-1,-1
526,150,574.204,453.852,32.790,75.318,0.879808,-1,-1,-1
526,155,666.059,452.212,49.474,113.902,0.874595,-1,-1,-1
526,173,450.176,451.927,42.769,102.802,0.724364,-1,-1,-1
526,185,897.528,408.461,91.831,294.220,0.885187,-1,-1,-1
526,196,1067.806,432.463,99.858,240.970,0.912263,-1,-1,-1
526,206,976.868,443.861,101.028,279.254,0.880340,-1,-1,-1
526,210,1645.047,397.414,288.888,682.561,0.903942,-1,-1,-1
526,214,770.867,434.534,103.660,256.559,0.908839,-1,-1,-1
526,232,1508.744,413.922,215.564,602.931,0.842713,-1,-1,-1
526,241,540.074,454.508,32.330,77.171,0.867566,-1,-1,-1
526,246,-6.011,511.505,88.554,239.950,0.831473,-1,-1,-1
526,284,1170.251,440.262,44.022,94.337,0.646067,-1,-1,-1
526,296,1041.471,441.380,48.617,132.396,0.706836,-1,-1,-1
526,304,711.916,443.478,37.024,98.313,0.864429,-1,-1,-1
526,310,759.288,454.217,39.246,86.139,0.629171,-1,-1,-1
527,3,376.303,465.714,51.044,103.730,0.699454,-1,-1,-1
527,14,1415.665,401.531,250.136,667.130,0.920045,-1,-1,-1
527,150,574.249,453.802,33.031,76.264,0.875062,-1,-1,-1
527,155,664.531,455.310,53.150,114.664,0.881889,-1,-1,-1
527,173,448.225,455.480,41.691,99.692,0.691698,-1,-1,-1
527,185,901.977,435.352,84.814,267.243,0.897240,-1,-1,-1
527,196,1073.168,439.355,96.620,234.000,0.905381,-1,-1,-1
527,206,984.308,450.215,93.670,273.805,0.889044,-1,-1,-1
527,210,1665.703,380.292,257.791,636.297,0.903933,-1,-1,-1
527,214,777.372,450.422,98.390,237.950,0.897587,-1,-1,-1
527,232,1524.737,413.039,208.776,615.605,0.849417,-1,-1,-1
527,241,540.550,454.642,32.344,77.167,0.865167,-1,-1,-1
527,246,-3.731,510.085,77.071,230.700,0.863270,-1,-1,-1
527,296,1039.519,442.555,47.450,131.715,0.605433,-1,-1,-1
527,304,712.790,445.410,35.915,96.240,0.846918,-1,-1,-1
527,310,762.083,458.950,36.244,81.868,0.690920,-1,-1,-1
528,3,381.347,468.298,44.821,91.247,0.619381,-1,-1,-1
528,14,1433.745,400.531,226.779,679.435,0.937017,-1,-1,-1
528,150,574.057,449.069,33.909,79.839,0.861935,-1,-1,-1
528,155,664.552,456.871,52.541,112.819,0.876256,-1,-1,-1
528,173,446.805,450.713,45.299,107.258,0.722730,-1,-1,-1
528,185,903.743,431.305,84.778,271.309,0.900023,-1,-1,-1
528,196,1070.526,443.242,95.166,230.552,0.864122,-1,-1,-1
528,206,989.115,445.441,91.312,279.026,0.889373,-1,-1,-1
528,210,1671.330,376.848,257.279,694.256,0.893031,-1,-1,-1
528,214,780.733,440.706,100.920,245.051,0.899452,-1,-1,-1
528,232,1537.644,402.548,224.508,624.467,0.858546,-1,-1,-1
528,241,540.384,452.029,33.055,79.665,0.845023,-1,-1,-1
528,246,-4.137,512.714,71.301,217.673,0.673728,-1,-1,-1
528,304,714.185,447.851,35.370,96.579,0.864175,-1,-1,-1
528,310,766.851,456.191,38.213,87.148,0.712549,-1,-1,-1
529,3,378.858,466.189,53.700,107.413,0.634790,-1,-1,-1
529,14,1439.240,406.056,219.083,660.555,0.934617,-1,-1,-1
529,150,574.603,448.856,34.218,82.446,0.870463,-1,-1,-1
529,155,662.994,460.634,54.388,113.184,0.859311,-1,-1,-1
529,173,446.621,450.388,46.044,108.275,0.734765,-1,-1,-1
529,185,904.887,430.380,87.982,273.834,0.878424,-1,-1,-1
529,196,1073.101,435.171,95.001,238.874,0.747409,-1,-1,-1
529,206,990.188,445.533,93.215,274.124,0.875957,-1,-1,-1
529,210,1690.259,365.290,230.142,622.828,0.892381,-1,-1,-1
529,214,782.020,437.409,107.684,251.190,0.901148,-1,-1,-1
529,232,1544.043,405.865,218.646,603.566,0.877494,-1,-1,-1
529,241,540.242,451.420,33.485,81.373,0.859483,-1,-1,-1
529,246,-15.404,496.216,74.401,248.728,0.652167,-1,-1,-1
529,304,713.817,450.627,34.980,91.033,0.869803,-1,-1,-1
529,310,765.393,456.301,34.795,81.100,0.602645,-1,-1,-1
530,3,378.402,467.297,54.498,106.630,0.652951,-1,-1,-1
530,14,1443.915,412.220,213.686,654.243,0.939749,-1,-1,-1
530,89,689.310,455.975,34.322,99.691,0.665797,-1,-1,-1
530,150,572.604,447.879,35.442,85.113,0.860024,-1,-1,-1
530,155,660.043,456.792,51.983,112.898,0.872077,-1,-1,-1
530,185,902.751,428.216,91.005,278.061,0.872394,-1,-1,-1
530,196,1077.746,434.073,87.851,242.010,0.884278,-1,-1,-1
530,206,989.785,448.690,104.673,275.518,0.889555,-1,-1,-1
530,210,1694.807,371.865,225.947,618.777,0.905447,-1,-1,-1
530,214,787.445,435.762,109.859,254.856,0.898494,-1,-1,-1
530,232,1556.753,403.929,215.738,592.348,0.894400,-1,-1,-1
530,241,540.246,454.277,32.945,80.231,0.845122,-1,-1,-1
530,284,1161.982,441.033,52.347,111.504,0.717347,-1,-1,-1
530,304,714.844,447.211,36.601,96.251,0.857950,-1,-1,-1
530,310,764.510,456.449,33.359,79.865,0.605333,-1,-1,-1
531,3,378.779,468.218,51.295,102.925,0.706525,-1,-1,-1
531,14,1445.709,410.567,212.877,662.744,0.940889,-1,-1,-1
531,150,571.869,448.364,35.837,83.793,0.868044,-1,-1,-1
531,155,661.018,458.128,49.099,109.249,0.852739,-1,-1,-1
531,173,450.176,450.642,40.185,98.766,0.646783,-1,-1,-1
531,181,691.448,457.457,30.490,82.808,0.705332,-1,-1,-1
531,185,907.816,434.569,90.168,273.268,0.902966,-1,-1,-1
531,196,1079.659,431.094,88.467,244.837,0.885414,-1,-1,-1
531,206,998.055,447.705,107.517,276.516,0.894895,-1,-1,-1
531,210,1704.916,356.841,215.173,590.087,0.922730,-1,-1,-1
531,214,791.054,432.871,121.190,254.843,0.899985,-1,-1,-1
531,232,1563.714,400.649,221.929,604.564,0.899963,-1,-1,-1
531,241,539.792,451.570,33.481,82.340,0.845302,-1,-1,-1
531,284,1159.300,439.873,53.344,114.186,0.677577,-1,-1,-1
531,304,716.224,451.019,34.549,91.187,0.841418,-1,-1,-1
532,3,378.361,469.263,49.896,101.529,0.670038,-1,-1,-1
532,14,1451.598,409.764,216.596,668.435,0.940217,-1,-1,-1
532,150,570.526,448.345,37.354,83.551,0.876647,-1,-1,-1
532,155,659.688,456.931,50.020,111.925,0.862930,-1,-1,-1
532,181,691.868,456.208,28.650,78.098,0.664027,-1,-1,-1
532,185,909.437,410.404,101.210,298.867,0.907721,-1,-1,-1
532,196,1085.977,430.484,86.192,243.576,0.806569,-1,-1,-1
532,206,998.022,445.597,115.534,281.317,0.913296,-1,-1,-1
532,210,1632.184,371.151,280.122,700.265,0.904617,-1,-1,-1
532,214,793.259,438.016,118.133,250.565,0.906979,-1,-1,-1
532,232,1568.352,401.024,228.061,616.087,0.897844,-1,-1,-1
532,241,539.447,452.175,32.923,79.987,0.845228,-1,-1,-1
532,284,1157.003,438.185,54.093,113.287,0.651371,-1,-1,-1
532,304,714.968,453.253,34.352,88.528,0.853279,-1,-1,-1
533,14,1454.931,412.074,219.523,662.973,0.939899,-1,-1,-1
533,150,571.299,446.013,37.562,88.131,0.862085,-1,-1,-1
533,155,660.160,454.417,48.823,114.464,0.879851,-1,-1,-1
533,181,694.324,457.003,29.004,78.927,0.722561,-1,-1,-1
533,185,915.617,409.757,102.590,296.501,0.903940,-1,-1,-1
533,196,1091.228,438.825,81.629,237.889,0.880458,-1,-1,-1
533,206,995.826,439.722,126.720,288.184,0.910531,-1,-1,-1
533,210,1654.535,362.093,267.682,711.917,0.935590,-1,-1,-1
533,214,794.007,435.841,124.194,253.980,0.921423,-1,-1,-1
533,232,1563.281,405.691,215.297,614.007,0.893413,-1,-1,-1
533,241,540.069,454.103,32.085,78.941,0.852698,-1,-1,-1
533,284,1159.240,439.497,50.208,101.710,0.762728,-1,-1,-1
533,304,716.150,454.419,33.352,87.226,0.859060,-1,-1,-1
534,14,1454.070,412.550,228.275,660.274,0.933074,-1,-1,-1
534,150,573.555,445.488,36.974,86.888,0.860989,-1,-1,-1
534,155,659.442,456.784,46.906,111.556,0.864682,-1,-1,-1
534,181,695.503,459.040,28.176,75.990,0.685327,-1,-1,-1
534,185,911.959,417.375,106.025,289.798,0.907156,-1,-1,-1
534,196,1093.870,439.683,82.117,234.420,0.848538,-1,-1,-1
534,206,1000.996,440.401,126.175,286.668,0.912219,-1,-1,-1
534,210,1679.462,368.441,243.973,707.778,0.935512,-1,-1,-1
534,214,795.248,432.114,123.514,257.985,0.932204,-1,-1,-1
534,232,1570.940,418.918,209.221,608.151,0.891956,-1,-1,-1
534,241,540.246,453.408,32.102,78.586,0.843378,-1,-1,-1
534,304,716.689,456.611,31.689,83.213,0.853932,-1,-1,-1
535,14,1459.600,402.834,251.238,671.772,0.929784,-1,-1,-1
535,150,572.994,446.292,37.344,87.936,0.879434,-1,-1,-1
535,155,660.510,457.200,46.179,109.015,0.862659,-1,-1,-1
535,181,696.812,458.839,29.029,77.380,0.726964,-1,-1,-1
535,185,914.513,429.846,109.364,276.999,0.893756,-1,-1,-1
535,196,1095.567,447.908,80.570,225.581,0.828966,-1,-1,-1
535,206,1003.081,446.860,127.172,277.254,0.892807,-1,-1,-1
535,210,1706.956,377.727,217.342,698.652,0.930261,-1,-1,-1
535,214,792.236,433.900,132.338,257.524,0.934070,-1,-1,-1
535,232,1585.559,397.466,229.895,639.372,0.875557,-1,-1,-1
535,241,540.797,449.616,33.393,83.501,0.882353,-1,-1,-1
535,304,716.334,455.429,32.711,84.565,0.845831,-1,-1,-1
536,14,1458.955,405.623,262.392,667.231,0.925286,-1,-1,-1
536,150,574.315,446.619,35.717,87.388,0.875836,-1,-1,-1
536,155,659.752,457.530,45.136,109.411,0.852892,-1,-1,-1
536,181,695.588,457.238,29.397,78.470,0.714379,-1,-1,-1
536,185,914.646,422.265,113.021,283.219,0.889265,-1,-1,-1
536,196,1098.682,440.209,89.231,239.788,0.895460,-1,-1,-1
536,206,1000.293,449.585,125.801,274.505,0.890638,-1,-1,-1
536,210,1726.568,357.485,197.030,716.509,0.932417,-1,-1,-1
536,214,795.033,437.165,129.989,250.679,0.933630,-1,-1,-1
536,232,1581.174,410.453,220.906,630.709,0.883789,-1,-1,-1
536,241,540.818,453.492,32.250,81.395,0.877537,-1,-1,-1
536,304,717.227,451.367,33.040,87.885,0.838987,-1,-1,-1
537,14,1454.117,408.067,277.386,664.755,0.928913,-1,-1,-1
537,150,576.504,452.110,32.759,81.181,0.877504,-1,-1,-1
537,155,659.312,457.495,43.234,105.479,0.857572,-1,-1,-1
537,181,694.571,456.059,30.224,80.756,0.714167,-1,-1,-1
537,185,914.620,428.313,111.865,278.323,0.892958,-1,-1,-1
537,196,1097.058,437.454,87.820,235.641,0.844855,-1,-1,-1
537,206,1005.066,443.866,131.142,279.243,0.889337,-1,-1,-1
537,210,1746.095,370.149,176.000,704.755,0.938058,-1,-1,-1
537,214,797.349,438.086,129.571,248.666,0.935893,-1,-1,-1
537,232,1576.172,411.994,222.456,625.141,0.870006,-1,-1,-1
537,241,541.859,454.447,31.398,80.267,0.879526,-1,-1,-1
537,304,717.646,450.865,32.161,87.927,0.851614,-1,-1,-1
538,14,1453.967,409.953,275.002,664.682,0.936047,-1,-1,-1
538,150,576.700,451.974,33.332,82.187,0.884326,-1,-1,-1
538,155,658.018,460.184,41.811,101.586,0.849791,-1,-1,-1
538,181,691.689,457.792,29.001,78.501,0.722072,-1,-1,-1
538,185,916.129,434.103,116.917,271.991,0.911858,-1,-1,-1
538,196,1101.375,443.191,86.931,242.000,0.894608,-1,-1,-1
538,206,1007.067,445.613,123.084,273.816,0.901194,-1,-1,-1
538,210,1755.698,361.977,166.606,712.945,0.927597,-1,-1,-1
538,214,794.819,432.541,131.516,255.472,0.934099,-1,-1,-1
538,232,1585.093,414.767,223.591,618.163,0.866549,-1,-1,-1
538,241,542.149,454.935,30.872,79.393,0.875926,-1,-1,-1
538,304,716.689,451.938,31.808,86.522,0.860492,-1,-1,-1
539,3,380.282,471.083,46.910,99.698,0.657253,-1,-1,-1
539,14,1458.996,403.266,287.644,673.229,0.934145,-1,-1,-1
539,89,676.820,459.070,35.043,85.620,0.742755,-1,-1,-1
539,150,577.290,452.802,32.895,81.390,0.880350,-1,-1,-1
539,155,656.338,461.985,42.245,101.112,0.839187,-1,-1,-1
539,181,687.762,458.463,28.747,78.220,0.748802,-1,-1,-1
539,185,915.856,433.788,116.336,272.550,0.912481,-1,-1,-1
539,196,1104.454,438.637,84.493,246.950,0.895983,-1,-1,-1
539,206,1009.762,438.646,122.596,278.352,0.895912,-1,-1,-1
539,210,1767.482,389.867,153.943,689.014,0.925865,-1,-1,-1
539,214,801.007,430.002,127.086,261.048,0.916248,-1,-1,-1
539,232,1589.382,416.247,219.843,603.797,0.881131,-1,-1,-1
539,241,542.887,455.189,30.402,78.857,0.873040,-1,-1,-1
539,304,715.178,451.989,33.056,88.521,0.857425,-1,-1,-1
540,14,1457.769,409.332,283.270,667.411,0.930533,-1,-1,-1
540,89,665.521,459.257,40.841,104.854,0.601077,-1,-1,-1
540,150,576.565,452.517,33.653,83.405,0.882272,-1,-1,-1
540,155,654.859,461.885,40.362,100.717,0.857320,-1,-1,-1
540,181,687.881,462.316,27.571,74.249,0.738754,-1,-1,-1
540,185,915.807,404.030,128.547,305.271,0.913039,-1,-1,-1
540,196,1099.184,435.707,85.238,250.196,0.861085,-1,-1,-1
540,206,1017.706,438.778,124.280,281.143,0.876259,-1,-1,-1
540,210,1770.653,384.001,150.180,695.423,0.933476,-1,-1,-1
540,214,806.227,425.748,125.740,267.793,0.904254,-1,-1,-1
540,232,1598.978,413.999,211.513,606.273,0.890978,-1,-1,-1
540,241,542.965,455.144,30.870,79.657,0.869934,-1,-1,-1
540,255,622.814,454.227,28.242,59.004,0.632985,-1,-1,-1
540,264,1166.309,439.935,41.608,103.877,0.631711,-1,-1,-1
540,304,714.252,454.985,32.720,85.352,0.817924,-1,-1,-1
541,3,379.665,469.421,46.467,99.382,0.652617,-1,-1,-1
541,14,1462.853,405.093,277.455,671.790,0.923051,-1,-1,-1
541,150,576.936,453.590,33.080,82.424,0.879375,-1,-1,-1
541,155,656.161,465.214,38.519,96.918,0.854587,-1,-1,-1
541,181,688.187,463.833,26.859,71.853,0.734762,-1,-1,-1
541,185,917.075,424.332,125.111,282.621,0.903440,-1,-1,-1
541,196,1085.915,433.809,92.798,250.592,0.848939,-1,-1,-1
541,206,1021.960,432.478,128.871,286.609,0.874557,-1,-1,-1
541,210,1780.407,384.264,141.072,693.916,0.932829,-1,-1,-1
541,214,808.626,423.162,124.714,270.055,0.903448,-1,-1,-1
541,232,1604.807,417.808,210.960,603.218,0.883707,-1,-1,-1
541,241,543.149,455.596,30.821,79.246,0.868166,-1,-1,-1
541,255,624.002,456.974,28.108,58.101,0.609415,-1,-1,-1
541,264,1170.181,440.389,41.956,103.843,0.659216,-1,-1,-1
541,295,804.584,469.641,32.945,76.963,0.644161,-1,-1,-1
541,304,712.702,454.980,33.741,85.857,0.820771,-1,-1,-1
542,14,1475.186,402.888,286.125,671.924,0.932902,-1,-1,-1
542,150,577.004,449.733,33.948,86.164,0.879971,-1,-1,-1
542,155,656.488,465.023,37.360,95.146,0.849036,-1,-1,-1
542,181,687.876,465.100,26.763,71.361,0.723179,-1,-1,-1
542,185,911.663,412.519,128.254,295.581,0.899299,-1,-1,-1
542,196,1101.137,432.973,84.623,248.074,0.874550,-1,-1,-1
542,206,1022.957,443.491,124.250,277.285,0.886791,-1,-1,-1
542,210,1784.474,383.647,136.319,692.216,0.931093,-1,-1,-1
542,214,815.732,423.455,124.133,273.543,0.897663,-1,-1,-1
542,232,1606.870,416.754,218.363,607.655,0.872995,-1,-1,-1
542,241,542.867,453.749,31.078,80.521,0.872213,-1,-1,-1
542,263,1006.100,450.707,39.768,107.328,0.610654,-1,-1,-1
542,295,804.553,469.107,34.794,80.892,0.674607,-1,-1,-1
542,304,711.692,457.208,33.239,83.459,0.820023,-1,-1,-1
543,14,1494.797,403.674,288.992,659.441,0.928528,-1,-1,-1
543,150,576.680,448.898,34.165,86.037,0.881969,-1,-1,-1
543,155,655.189,462.753,38.615,96.294,0.870332,-1,-1,-1
543,181,687.055,463.134,27.654,73.650,0.762530,-1,-1,-1
543,185,918.736,430.709,127.800,275.008,0.891943,-1,-1,-1
543,196,1099.834,428.122,85.502,248.981,0.859689,-1,-1,-1
543,206,1030.028,437.802,129.007,283.594,0.856984,-1,-1,-1
543,210,1787.590,383.645,133.143,691.702,0.920393,-1,-1,-1
543,214,831.195,429.003,109.387,261.281,0.894377,-1,-1,-1
543,232,1614.949,412.271,220.970,614.144,0.880498,-1,-1,-1
543,241,543.306,454.273,31.232,80.265,0.878418,-1,-1,-1
543,264,1173.923,438.000,43.913,106.188,0.626519,-1,-1,-1
543,288,1007.498,445.125,36.206,91.572,0.606012,-1,-1,-1
543,295,804.739,469.140,35.643,82.453,0.678545,-1,-1,-1
543,304,711.539,457.202,33.370,82.911,0.837803,-1,-1,-1
544,3,375.033,465.306,50.912,104.917,0.630229,-1,-1,-1
544,14,1500.693,402.555,276.578,662.793,0.912143,-1,-1,-1
544,89,667.275,458.553,38.076,99.934,0.614970,-1,-1,-1
544,150,577.395,447.447,34.211,86.726,0.873600,-1,-1,-1
544,155,654.295,460.608,39.578,97.032,0.867087,-1,-1,-1
544,181,686.348,461.210,28.398,75.332,0.752472,-1,-1,-1
544,185,918.109,435.557,127.829,269.836,0.895395,-1,-1,-1
544,196,1102.509,439.409,81.569,237.841,0.825517,-1,-1,-1
544,206,1042.089,429.312,126.267,289.595,0.866338,-1,-1,-1
544,210,1797.479,381.001,124.695,694.601,0.916573,-1,-1,-1
544,214,841.661,426.308,105.327,262.315,0.904396,-1,-1,-1
544,232,1629.346,413.931,219.468,613.102,0.891149,-1,-1,-1
544,241,543.284,449.839,32.488,83.754,0.875998,-1,-1,-1
544,255,623.625,455.136,28.218,58.900,0.610595,-1,-1,-1
544,295,804.717,468.307,35.967,83.356,0.651958,-1,-1,-1
544,304,711.151,457.270,33.182,82.722,0.823312,-1,-1,-1
545,14,1517.745,399.671,310.418,672.424,0.926633,-1,-1,-1
545,89,667.856,458.747,37.804,100.674,0.608942,-1,-1,-1
545,150,578.220,446.606,34.702,88.717,0.869435,-1,-1,-1
545,155,652.907,459.840,41.586,99.495,0.874195,-1,-1,-1
545,181,685.776,460.574,28.375,75.310,0.728587,-1,-1,-1
545,185,919.203,440.839,125.224,261.671,0.885321,-1,-1,-1
545,196,1103.545,432.877,85.909,245.466,0.706703,-1,-1,-1
545,206,1051.401,434.726,123.781,283.094,0.864450,-1,-1,-1
545,210,1797.498,391.242,122.578,683.625,0.912133,-1,-1,-1
545,214,845.347,426.026,103.228,264.227,0.901080,-1,-1,-1
545,232,1633.696,412.051,210.550,588.985,0.717033,-1,-1,-1
545,241,544.711,447.542,33.491,86.580,0.881106,-1,-1,-1
545,263,1007.472,447.783,40.346,111.899,0.600640,-1,-1,-1
545,304,711.294,454.949,34.374,86.011,0.851454,-1,-1,-1
546,14,1533.918,404.117,304.199,662.448,0.929622,-1,-1,-1
546,150,577.338,445.677,34.742,88.277,0.865666,-1,-1,-1
546,155,650.849,460.659,42.835,101.747,0.881468,-1,-1,-1
546,181,685.078,459.209,29.185,77.841,0.771760,-1,-1,-1
546,185,922.818,433.748,129.151,270.569,0.870995,-1,-1,-1
546,196,1111.370,435.475,86.201,246.097,0.791744,-1,-1,-1
546,206,1061.032,429.483,125.857,293.204,0.844082,-1,-1,-1
546,210,1799.865,393.573,120.574,680.772,0.907136,-1,-1,-1
546,214,851.505,437.599,96.762,247.724,0.898665,-1,-1,-1
546,232,1635.055,415.997,215.725,601.175,0.862749,-1,-1,-1
546,241,544.600,448.989,32.883,85.397,0.874188,-1,-1,-1
546,304,712.072,455.039,34.679,86.658,0.853624,-1,-1,-1
547,3,377.304,465.615,50.081,104.867,0.640176,-1,-1,-1
547,14,1530.369,396.843,288.463,676.422,0.916053,-1,-1,-1
547,150,579.016,447.726,34.405,87.983,0.861575,-1,-1,-1
547,155,650.976,458.465,43.358,105.397,0.885573,-1,-1,-1
547,181,686.172,460.668,27.879,75.359,0.756613,-1,-1,-1
547,185,927.901,432.272,128.418,273.584,0.875305,-1,-1,-1
547,196,1100.698,423.608,92.961,258.121,0.713462,-1,-1,-1
547,206,1049.630,439.407,128.348,286.900,0.856768,-1,-1,-1
547,210,1803.865,423.325,115.947,651.494,0.888537,-1,-1,-1
547,214,854.405,435.748,102.304,252.938,0.886514,-1,-1,-1
547,232,1634.181,415.704,226.196,607.373,0.908886,-1,-1,-1
547,241,544.696,451.807,32.237,84.365,0.867091,-1,-1,-1
547,304,712.999,454.361,33.988,87.754,0.864415,-1,-1,-1
548,3,376.487,465.724,50.247,104.552,0.626414,-1,-1,-1
548,14,1535.750,391.641,270.875,687.588,0.908544,-1,-1,-1
548,150,579.398,447.224,35.258,87.385,0.871418,-1,-1,-1
548,155,652.698,459.850,40.455,102.806,0.880911,-1,-1,-1
548,181,685.422,464.484,27.845,73.717,0.731202,-1,-1,-1
548,185,931.527,420.254,125.972,282.533,0.853531,-1,-1,-1
548,206,1066.392,438.856,122.971,279.608,0.874624,-1,-1,-1
548,210,1808.936,434.002,112.270,639.582,0.837694,-1,-1,-1
548,214,851.716,435.063,101.608,249.684,0.879356,-1,-1,-1
548,232,1641.163,424.558,231.979,597.305,0.909718,-1,-1,-1
548,241,545.384,449.727,33.756,85.499,0.874512,-1,-1,-1
548,304,713.589,459.173,33.051,82.212,0.857120,-1,-1,-1
549,3,378.463,465.176,47.302,100.501,0.606951,-1,-1,-1
549,14,1539.611,400.055,245.956,667.538,0.914208,-1,-1,-1
549,150,579.066,446.586,36.454,89.164,0.859798,-1,-1,-1
549,155,651.380,459.682,39.190,99.370,0.884202,-1,-1,-1
549,181,686.348,461.801,29.025,75.830,0.757839,-1,-1,-1
549,185,942.173,433.302,113.452,268.521,0.846581,-1,-1,-1
549,196,1100.606,432.222,95.736,255.702,0.742314,-1,-1,-1
549,206,1059.316,439.670,128.438,282.883,0.890160,-1,-1,-1
549,210,1812.414,443.256,109.296,630.035,0.771409,-1,-1,-1
549,214,866.090,437.398,94.373,248.454,0.888726,-1,-1,-1
549,232,1647.965,417.192,229.654,609.299,0.909366,-1,-1,-1
549,241,544.897,448.177,35.270,86.916,0.871683,-1,-1,-1
549,296,932.967,456.762,39.862,118.624,0.651872,-1,-1,-1
549,304,714.183,458.549,33.359,82.606,0.859930,-1,-1,-1
549,310,829.035,471.192,34.829,78.437,0.607066,-1,-1,-1
550,3,378.731,466.698,47.336,102.266,0.632615,-1,-1,-1
550,14,1556.275,398.558,256.575,668.067,0.910975,-1,-1,-1
550,109,1845.338,408.329,74.775,240.878,0.622912,-1,-1,-1
550,150,579.197,447.579,36.741,88.400,0.864960,-1,-1,-1
550,155,650.786,458.478,37.667,99.570,0.865890,-1,-1,-1
550,181,686.523,464.416,28.847,73.820,0.737637,-1,-1,-1
550,185,951.681,424.797,113.922,275.894,0.869148,-1,-1,-1
550,196,1106.161,441.534,92.575,244.730,0.778648,-1,-1,-1
550,206,1064.547,438.889,127.769,287.665,0.883123,-1,-1,-1
550,214,872.823,438.992,86.707,246.469,0.904029,-1,-1,-1
550,232,1669.567,410.490,220.265,610.348,0.900441,-1,-1,-1
550,241,544.537,449.305,35.921,86.387,0.867956,-1,-1,-1
550,242,1820.327,458.708,100.045,616.308,0.701981,-1,-1,-1
550,304,713.357,459.048,33.980,82.918,0.851887,-1,-1,-1
550,317,983.605,428.346,74.003,228.431,0.613949,-1,-1,-1
550,318,1039.111,443.524,45.496,125.372,0.627391,-1,-1,-1
551,14,1553.063,401.306,252.094,669.076,0.929115,-1,-1,-1
551,150,579.622,447.214,36.472,87.028,0.863226,-1,-1,-1
551,155,650.542,458.615,38.074,99.812,0.869875,-1,-1,-1
551,181,687.792,459.850,31.360,79.504,0.777621,-1,-1,-1
551,185,960.925,426.623,109.301,273.400,0.858032,-1,-1,-1
551,196,1107.900,428.656,101.370,272.378,0.746260,-1,-1,-1
551,206,1064.160,439.958,126.936,283.233,0.891433,-1,-1,-1
551,214,868.833,441.298,89.913,243.773,0.906034,-1,-1,-1
551,232,1681.333,417.792,210.738,599.049,0.908166,-1,-1,-1
551,241,542.985,449.885,35.355,84.086,0.861396,-1,-1,-1
551,242,1816.094,487.533,100.363,590.995,0.640241,-1,-1,-1
551,304,715.038,455.061,34.326,87.147,0.852923,-1,-1,-1
551,318,1034.495,444.942,48.061,130.228,0.632857,-1,-1,-1
552,14,1559.120,400.632,269.677,670.215,0.924019,-1,-1,-1
552,150,579.692,445.875,36.931,87.910,0.873278,-1,-1,-1
552,155,650.010,459.441,37.524,102.004,0.852046,-1,-1,-1
552,181,688.141,459.476,30.511,77.541,0.763486,-1,-1,-1
552,185,970.534,424.327,103.898,277.888,0.863472,-1,-1,-1
552,196,1107.140,429.219,99.784,269.658,0.849667,-1,-1,-1
552,206,1064.345,435.485,121.665,288.667,0.892699,-1,-1,-1
552,214,877.727,436.840,91.039,250.944,0.884782,-1,-1,-1
552,232,1666.540,416.318,228.371,609.839,0.889546,-1,-1,-1
552,241,542.634,446.565,36.590,86.763,0.870083,-1,-1,-1
552,242,1822.270,488.712,98.692,591.198,0.680784,-1,-1,-1
552,304,715.987,448.692,34.403,91.938,0.855921,-1,-1,-1
552,318,1034.979,445.365,47.796,131.822,0.662408,-1,-1,-1
553,14,1557.287,401.922,268.045,671.704,0.922550,-1,-1,-1
553,150,580.173,447.110,36.055,87.666,0.876967,-1,-1,-1
553,155,647.500,461.045,42.055,106.362,0.865540,-1,-1,-1
553,181,687.180,460.636,30.297,76.753,0.779072,-1,-1,-1
553,185,979.626,428.147,92.925,270.740,0.884115,-1,-1,-1
553,196,1110.778,432.792,99.915,270.389,0.832047,-1,-1,-1
553,206,1072.111,434.198,124.193,289.757,0.895628,-1,-1,-1
553,214,882.437,437.555,90.271,252.589,0.884886,-1,-1,-1
553,232,1664.259,411.577,240.865,619.257,0.895000,-1,-1,-1
553,241,542.522,447.235,36.840,86.262,0.880619,-1,-1,-1
553,242,1834.729,523.483,89.384,556.336,0.627237,-1,-1,-1
553,264,1189.247,428.068,46.193,119.223,0.679777,-1,-1,-1
553,295,797.745,461.518,30.710,71.725,0.631312,-1,-1,-1
553,304,716.538,448.697,33.927,92.996,0.866213,-1,-1,-1
553,310,849.570,467.524,33.414,79.570,0.646148,-1,-1,-1
553,318,1038.390,446.067,45.526,128.700,0.683281,-1,-1,-1
554,14,1566.626,400.001,277.280,672.210,0.919231,-1,-1,-1
554,150,580.463,445.756,35.845,88.205,0.876658,-1,-1,-1
554,155,647.091,457.761,42.715,106.508,0.847318,-1,-1,-1
554,181,688.448,457.466,31.055,79.642,0.755298,-1,-1,-1
554,185,981.797,413.850,95.677,288.138,0.885066,-1,-1,-1
554,196,1114.471,430.478,98.586,271.217,0.801759,-1,-1,-1
554,206,1073.042,434.174,129.098,288.301,0.895811,-1,-1,-1
554,214,878.647,430.995,98.514,261.743,0.895405,-1,-1,-1
554,232,1674.060,405.629,241.949,630.999,0.910497,-1,-1,-1
554,241,542.148,445.880,37.256,87.588,0.884206,-1,-1,-1
554,264,1190.919,424.011,45.450,124.506,0.702449,-1,-1,-1
554,304,717.395,448.412,33.563,93.033,0.865558,-1,-1,-1
554,318,1040.417,446.990,44.565,125.222,0.642292,-1,-1,-1
555,14,1562.811,400.646,284.723,673.267,0.924015,-1,-1,-1
555,150,580.440,444.601,36.109,90.248,0.882061,-1,-1,-1
555,155,647.384,460.697,40.009,100.306,0.847596,-1,-1,-1
555,181,690.016,460.998,29.092,74.710,0.753103,-1,-1,-1
555,185,989.734,415.143,91.905,282.939,0.902688,-1,-1,-1
555,196,1120.733,431.312,97.925,267.724,0.775262,-1,-1,-1
555,206,1075.311,433.879,132.847,287.519,0.909238,-1,-1,-1
555,214,883.531,431.302,99.349,260.504,0.893111,-1,-1,-1
555,232,1687.842,399.869,236.444,641.861,0.881990,-1,-1,-1
555,241,542.379,445.499,37.363,89.803,0.897051,-1,-1,-1
555,264,1195.575,428.608,42.543,120.155,0.668754,-1,-1,-1
555,304,716.973,448.842,33.376,93.052,0.862037,-1,-1,-1
555,318,1040.987,445.535,44.400,124.632,0.683197,-1,-1,-1
556,14,1565.770,397.806,316.240,676.813,0.919089,-1,-1,-1
556,89,667.667,454.655,28.112,76.406,0.604036,-1,-1,-1
556,150,580.435,444.458,36.085,90.295,0.881757,-1,-1,-1
556,155,643.810,456.447,42.728,107.167,0.857397,-1,-1,-1
556,181,688.282,460.246,29.022,74.887,0.769331,-1,-1,-1
556,185,986.696,415.525,97.013,285.458,0.905488,-1,-1,-1
556,206,1075.584,430.091,141.057,293.342,0.938092,-1,-1,-1
556,214,886.202,434.234,97.328,258.095,0.906058,-1,-1,-1
556,232,1691.621,407.640,229.295,626.734,0.869906,-1,-1,-1
556,241,543.173,444.872,37.039,89.442,0.886239,-1,-1,-1
556,304,715.851,448.133,34.569,94.448,0.865731,-1,-1,-1
556,318,1042.965,445.067,40.695,114.549,0.640203,-1,-1,-1
557,14,1563.604,396.215,342.308,678.974,0.926983,-1,-1,-1
557,89,673.155,456.516,27.363,72.261,0.669398,-1,-1,-1
557,150,579.769,445.377,36.882,91.294,0.891097,-1,-1,-1
557,155,641.774,455.894,41.982,108.063,0.834616,-1,-1,-1
557,181,685.324,454.665,30.690,78.359,0.759215,-1,-1,-1
557,185,985.856,416.543,101.432,280.773,0.909101,-1,-1,-1
557,206,1078.805,430.972,136.644,293.006,0.930057,-1,-1,-1
557,214,890.442,434.190,96.481,254.850,0.904222,-1,-1,-1
557,232,1695.060,403.492,226.882,626.490,0.828489,-1,-1,-1
557,241,542.427,446.352,37.913,88.791,0.899188,-1,-1,-1
557,264,1183.919,421.038,53.092,135.429,0.795098,-1,-1,-1
557,304,715.439,446.095,35.877,97.510,0.860834,-1,-1,-1
557,318,1047.716,442.251,42.630,124.691,0.644184,-1,-1,-1
558,14,1557.840,389.601,340.729,682.820,0.937248,-1,-1,-1
558,89,670.733,455.054,28.147,73.397,0.718067,-1,-1,-1
558,150,580.391,445.476,35.820,88.617,0.884211,-1,-1,-1
558,155,639.428,456.134,42.541,105.848,0.835316,-1,-1,-1
558,181,687.364,453.901,30.835,78.004,0.759494,-1,-1,-1
558,185,989.310,425.006,102.214,273.876,0.899861,-1,-1,-1
558,206,1083.539,433.504,132.747,284.576,0.924861,-1,-1,-1
558,214,890.504,435.034,95.420,254.135,0.909521,-1,-1,-1
558,232,1711.224,400.667,216.584,624.275,0.810605,-1,-1,-1
558,241,541.977,448.016,38.087,86.660,0.883545,-1,-1,-1
558,264,1188.936,425.827,49.578,126.731,0.763728,-1,-1,-1
558,288,821.052,472.029,32.002,77.608,0.601951,-1,-1,-1
558,304,716.165,446.136,35.103,95.140,0.859322,-1,-1,-1
558,318,1052.777,439.062,40.349,118.765,0.623716,-1,-1,-1
559,3,374.006,466.171,51.887,105.299,0.671731,-1,-1,-1
559,14,1550.655,399.655,321.697,673.751,0.933269,-1,-1,-1
559,89,671.762,455.136,28.618,74.313,0.742796,-1,-1,-1
559,150,581.139,446.998,35.301,87.170,0.877234,-1,-1,-1
559,155,639.616,455.069,43.261,106.348,0.880219,-1,-1,-1
559,181,686.261,453.978,30.574,75.766,0.755261,-1,-1,-1
559,185,987.540,434.577,105.456,263.019,0.912881,-1,-1,-1
559,206,1087.877,430.991,134.665,284.708,0.925610,-1,-1,-1
559,214,890.416,433.074,100.963,255.341,0.911274,-1,-1,-1
559,232,1713.299,400.611,210.331,627.992,0.826310,-1,-1,-1
559,241,542.744,449.547,37.753,86.070,0.873599,-1,-1,-1
559,264,1184.722,425.777,50.816,130.986,0.610377,-1,-1,-1
559,304,716.402,446.570,34.941,94.493,0.858120,-1,-1,-1
560,3,373.797,466.102,51.572,103.837,0.641413,-1,-1,-1
560,14,1558.550,392.142,336.716,679.297,0.930221,-1,-1,-1
560,89,674.763,456.267,28.648,74.706,0.727057,-1,-1,-1
560,150,581.976,449.271,34.627,85.234,0.876684,-1,-1,-1
560,155,640.199,455.796,41.405,105.890,0.884035,-1,-1,-1
560,181,686.428,461.396,29.735,73.007,0.762921,-1,-1,-1
560,185,995.479,430.105,114.361,272.135,0.903397,-1,-1,-1
560,206,1089.509,435.429,138.391,282.586,0.903275,-1,-1,-1
560,214,892.335,429.156,103.228,259.611,0.911030,-1,-1,-1
560,232,1720.162,401.522,205.244,625.597,0.759599,-1,-1,-1
560,241,545.166,452.228,36.650,83.986,0.879786,-1,-1,-1
560,264,1189.769,426.712,47.151,122.262,0.648098,-1,-1,-1
560,304,715.397,447.258,35.151,94.793,0.857102,-1,-1,-1
561,3,372.630,465.455,51.660,103.587,0.611995,-1,-1,-1
561,14,1560.305,387.881,347.477,686.997,0.938444,-1,-1,-1
561,89,675.011,456.657,28.385,74.884,0.713610,-1,-1,-1
561,150,582.449,451.774,34.261,84.162,0.861723,-1,-1,-1
561,155,640.350,455.391,40.325,105.438,0.884822,-1,-1,-1
561,181,688.842,462.004,29.377,72.326,0.757120,-1,-1,-1
561,185,998.657,439.527,125.984,263.101,0.890974,-1,-1,-1
561,206,1095.406,433.924,132.109,282.210,0.896707,-1,-1,-1
561,214,899.242,433.708,97.723,249.843,0.904499,-1,-1,-1
561,232,1722.771,397.205,201.565,619.841,0.664107,-1,-1,-1
561,241,545.975,454.237,35.984,82.774,0.869983,-1,-1,-1
561,264,1208.873,439.565,41.597,110.739,0.724307,-1,-1,-1
561,304,716.838,447.182,35.237,96.857,0.845133,-1,-1,-1
562,14,1564.886,390.538,349.835,688.540,0.941094,-1,-1,-1
562,89,675.202,455.975,28.810,76.466,0.727635,-1,-1,-1
562,150,580.760,451.889,35.729,85.929,0.851467,-1,-1,-1
562,155,641.433,455.317,39.880,104.631,0.888267,-1,-1,-1
562,181,689.729,460.972,28.933,71.370,0.745997,-1,-1,-1
562,185,994.668,433.688,129.062,268.855,0.895719,-1,-1,-1
562,206,1103.579,432.558,124.879,281.631,0.910281,-1,-1,-1
562,214,905.468,436.236,97.840,247.595,0.896822,-1,-1,-1
562,232,1724.053,394.153,197.997,610.948,0.641858,-1,-1,-1
562,241,546.103,454.653,35.767,82.440,0.867522,-1,-1,-1
562,264,1214.987,436.774,44.387,117.179,0.661155,-1,-1,-1
562,304,716.442,447.359,34.306,93.335,0.847970,-1,-1,-1
563,14,1565.089,393.401,350.933,684.164,0.949331,-1,-1,-1
563,89,673.693,457.425,27.848,74.460,0.682835,-1,-1,-1
563,150,579.860,454.032,36.801,84.305,0.861473,-1,-1,-1
563,155,640.825,457.936,38.539,98.992,0.856457,-1,-1,-1
563,181,687.613,457.694,29.730,72.991,0.769650,-1,-1,-1
563,185,1000.566,435.119,128.837,265.655,0.881207,-1,-1,-1
563,206,1108.373,430.581,119.625,282.283,0.911833,-1,-1,-1
563,214,906.508,436.656,100.774,251.236,0.861103,-1,-1,-1
563,232,1731.709,390.754,201.735,665.251,0.731569,-1,-1,-1
563,241,545.975,450.967,36.694,86.105,0.873628,-1,-1,-1
563,264,1213.589,439.675,43.338,113.158,0.760390,-1,-1,-1
563,295,797.939,462.390,31.962,73.970,0.634383,-1,-1,-1
563,304,716.518,446.163,34.437,93.343,0.863228,-1,-1,-1
563,318,1069.642,438.666,48.368,136.915,0.694945,-1,-1,-1
563,322,596.813,450.485,37.116,90.820,0.668376,-1,-1,-1
564,14,1569.588,390.485,346.903,686.148,0.953755,-1,-1,-1
564,89,676.524,456.558,27.561,74.310,0.663142,-1,-1,-1
564,150,580.859,447.396,38.543,90.149,0.875837,-1,-1,-1
564,155,640.877,456.452,38.798,99.849,0.868168,-1,-1,-1
564,181,691.788,460.022,28.488,70.129,0.768188,-1,-1,-1
564,185,1001.483,437.173,130.719,262.401,0.881164,-1,-1,-1
564,206,1108.747,431.470,119.331,280.143,0.909156,-1,-1,-1
564,214,914.030,439.954,99.979,247.817,0.868461,-1,-1,-1
564,232,1745.600,394.160,179.741,620.988,0.797876,-1,-1,-1
564,241,545.426,447.739,36.164,86.576,0.882955,-1,-1,-1
564,263,985.816,444.121,48.928,140.943,0.635165,-1,-1,-1
564,264,1211.293,441.925,43.999,109.700,0.754023,-1,-1,-1
564,296,910.867,454.720,51.877,135.606,0.642297,-1,-1,-1
564,304,718.547,447.411,33.622,90.737,0.859605,-1,-1,-1
564,318,1069.276,436.359,46.260,138.566,0.681356,-1,-1,-1
564,322,596.893,449.256,37.505,92.336,0.674013,-1,-1,-1
565,14,1580.179,391.466,336.197,685.394,0.949921,-1,-1,-1
565,89,673.697,456.408,28.850,78.022,0.634546,-1,-1,-1
565,150,582.111,449.139,36.997,87.757,0.862790,-1,-1,-1
565,155,641.024,458.087,39.450,99.450,0.874831,-1,-1,-1
565,181,691.485,460.873,29.559,72.966,0.785946,-1,-1,-1
565,185,995.754,434.395,138.467,268.067,0.895506,-1,-1,-1
565,206,1112.726,430.554,120.011,284.203,0.917727,-1,-1,-1
565,214,919.613,432.094,101.546,250.484,0.887063,-1,-1,-1
565,232,1745.935,387.758,179.918,662.136,0.830984,-1,-1,-1
565,241,546.698,449.917,35.332,86.425,0.876011,-1,-1,-1
565,255,708.641,456.672,37.034,79.593,0.601313,-1,-1,-1
565,264,1213.103,440.245,44.620,112.221,0.607261,-1,-1,-1
565,296,918.359,453.006,57.636,143.402,0.623424,-1,-1,-1
565,304,719.067,448.972,33.555,89.764,0.859923,-1,-1,-1
565,322,595.393,449.495,37.497,92.629,0.663163,-1,-1,-1
566,3,371.932,460.712,52.391,106.287,0.658713,-1,-1,-1
566,14,1601.647,391.948,312.661,686.110,0.949445,-1,-1,-1
566,89,673.845,457.488,27.765,75.201,0.631423,-1,-1,-1
566,150,581.796,447.201,37.353,90.037,0.867580,-1,-1,-1
566,155,640.120,458.773,38.212,98.823,0.871214,-1,-1,-1
566,181,692.418,461.561,29.127,71.537,0.775581,-1,-1,-1
566,185,994.516,425.669,136.416,277.299,0.900659,-1,-1,-1
566,206,1121.731,438.947,121.996,277.310,0.909203,-1,-1,-1
566,214,925.343,440.573,97.471,241.872,0.870741,-1,-1,-1
566,232,1752.613,386.385,169.271,645.084,0.864301,-1,-1,-1
566,241,546.167,446.803,35.656,88.504,0.875478,-1,-1,-1
566,295,798.717,462.905,32.888,75.453,0.661062,-1,-1,-1
566,296,913.084,457.804,52.368,135.088,0.730031,-1,-1,-1
566,304,720.020,452.390,32.593,85.728,0.854296,-1,-1,-1
566,318,1073.723,431.777,46.244,140.666,0.646733,-1,-1,-1
566,322,595.687,448.780,38.099,94.408,0.695796,-1,-1,-1
567,3,372.427,461.618,54.837,110.646,0.689733,-1,-1,-1
567,14,1622.579,394.224,297.365,684.984,0.949264,-1,-1,-1
567,89,674.342,455.740,27.861,76.595,0.626036,-1,-1,-1
567,150,581.662,447.297,36.705,90.233,0.866748,-1,-1,-1
567,155,640.116,457.473,36.936,99.415,0.868148,-1,-1,-1
567,181,691.376,459.334,30.000,74.652,0.776765,-1,-1,-1
567,185,999.508,417.782,136.949,285.538,0.894866,-1,-1,-1
567,206,1124.955,440.335,120.729,271.774,0.909568,-1,-1,-1
567,214,922.502,437.890,100.208,239.389,0.868665,-1,-1,-1
567,232,1758.864,390.639,165.850,659.419,0.835044,-1,-1,-1
567,241,546.898,447.298,34.669,87.717,0.872373,-1,-1,-1
567,263,993.965,450.923,47.243,132.465,0.603295,-1,-1,-1
567,295,798.429,463.009,32.402,73.973,0.659239,-1,-1,-1
567,296,915.830,455.242,54.603,141.898,0.748170,-1,-1,-1
567,304,719.311,447.428,33.918,91.318,0.860733,-1,-1,-1
567,318,1075.118,433.739,44.907,139.621,0.695804,-1,-1,-1
567,322,596.364,448.193,37.712,94.545,0.656098,-1,-1,-1
568,3,373.125,464.076,55.602,109.322,0.743051,-1,-1,-1
568,14,1640.510,394.160,276.134,684.772,0.953839,-1,-1,-1
568,89,674.792,457.314,26.735,72.305,0.700356,-1,-1,-1
568,150,582.315,446.165,37.184,90.600,0.864362,-1,-1,-1
568,155,639.279,456.309,37.951,101.530,0.860659,-1,-1,-1
568,181,691.886,461.097,28.478,71.058,0.784840,-1,-1,-1
568,185,991.442,424.640,143.343,278.811,0.896434,-1,-1,-1
568,206,1126.982,437.189,127.101,276.789,0.924423,-1,-1,-1
568,214,939.081,432.065,87.770,239.302,0.871375,-1,-1,-1
568,232,1763.251,387.527,160.304,667.069,0.856850,-1,-1,-1
568,241,546.284,446.141,35.658,88.977,0.877230,-1,-1,-1
568,255,709.942,455.975,36.888,79.962,0.616150,-1,-1,-1
568,295,797.984,460.750,33.480,75.523,0.691843,-1,-1,-1
568,296,912.252,451.657,52.457,138.692,0.643310,-1,-1,-1
568,304,719.317,447.719,33.816,91.028,0.852039,-1,-1,-1
568,325,799.956,467.136,40.502,83.089,0.670760,-1,-1,-1
569,3,374.113,464.944,53.314,104.968,0.671973,-1,-1,-1
569,14,1649.356,397.861,269.271,680.352,0.947866,-1,-1,-1
569,89,673.176,457.265,27.795,73.624,0.705700,-1,-1,-1
569,150,581.097,453.247,37.048,86.692,0.861402,-1,-1,-1
569,155,637.600,452.192,39.708,105.863,0.866307,-1,-1,-1
569,181,692.061,461.126,29.026,72.564,0.786521,-1,-1,-1
569,185,1004.117,427.547,139.615,275.174,0.894652,-1,-1,-1
569,206,1134.362,440.767,118.314,270.762,0.932530,-1,-1,-1
569,214,942.970,439.829,86.895,235.235,0.899080,-1,-1,-1
569,232,1769.061,398.785,154.390,657.071,0.801226,-1,-1,-1
569,241,546.962,448.464,35.266,88.650,0.874689,-1,-1,-1
569,255,710.053,455.425,37.191,81.796,0.611833,-1,-1,-1
569,263,998.134,449.654,44.957,134.330,0.638738,-1,-1,-1
569,295,797.605,460.814,33.768,75.512,0.707446,-1,-1,-1
569,304,719.848,447.855,33.794,91.414,0.852726,-1,-1,-1
569,325,799.913,466.995,40.242,84.011,0.676598,-1,-1,-1
570,14,1654.957,399.657,264.306,677.525,0.953649,-1,-1,-1
570,89,673.191,456.729,28.003,73.507,0.707522,-1,-1,-1
570,150,581.870,446.801,38.100,91.168,0.864961,-1,-1,-1
570,155,635.944,452.468,40.193,106.084,0.872396,-1,-1,-1
570,181,692.402,460.597,28.656,72.317,0.791709,-1,-1,-1
570,185,1005.938,423.014,144.679,279.480,0.893163,-1,-1,-1
570,206,1138.231,426.299,123.436,287.750,0.933079,-1,-1,-1
570,214,945.880,436.833,90.710,240.032,0.896541,-1,-1,-1
570,232,1777.198,403.528,146.482,630.416,0.682910,-1,-1,-1
570,241,546.197,446.022,36.385,91.201,0.878398,-1,-1,-1
570,255,709.819,454.862,37.406,83.208,0.645221,-1,-1,-1
570,295,797.850,461.006,34.538,76.736,0.692199,-1,-1,-1
570,304,719.599,447.103,34.355,93.355,0.851087,-1,-1,-1
570,318,1112.799,430.549,48.173,142.442,0.767848,-1,-1,-1
570,325,801.128,467.511,41.050,85.562,0.612620,-1,-1,-1
571,3,374.607,464.396,52.614,106.092,0.747783,-1,-1,-1
571,14,1656.739,400.659,262.094,677.619,0.949369,-1,-1,-1
571,89,672.237,454.496,29.473,77.178,0.691228,-1,-1,-1
571,150,580.156,452.224,38.284,89.111,0.863148,-1,-1,-1
571,155,634.515,448.284,42.406,112.451,0.869412,-1,-1,-1
571,181,692.205,459.366,29.404,74.957,0.787337,-1,-1,-1
571,185,1005.874,424.744,136.446,274.718,0.891021,-1,-1,-1
571,206,1139.204,433.620,136.546,275.726,0.937516,-1,-1,-1
571,214,947.271,435.662,90.519,245.033,0.892697,-1,-1,-1
571,232,1779.907,421.012,136.307,557.265,0.810751,-1,-1,-1
571,241,547.283,446.921,35.043,90.242,0.871854,-1,-1,-1
571,264,1227.953,443.567,41.709,106.168,0.647097,-1,-1,-1
571,304,718.900,446.662,34.614,94.161,0.858999,-1,-1,-1
571,317,1055.361,432.973,56.429,161.447,0.615523,-1,-1,-1
571,318,1112.013,430.768,47.575,141.330,0.679426,-1,-1,-1
571,325,806.925,469.229,39.230,81.429,0.626983,-1,-1,-1
572,3,377.723,465.210,47.968,97.957,0.664795,-1,-1,-1
572,14,1663.419,400.721,256.445,675.713,0.957094,-1,-1,-1
572,89,669.608,454.629,29.421,78.674,0.700152,-1,-1,-1
572,150,579.878,453.100,37.938,86.901,0.858227,-1,-1,-1
572,155,634.460,453.323,38.793,105.577,0.872764,-1,-1,-1
572,181,694.410,458.211,29.206,76.085,0.783537,-1,-1,-1
572,185,1014.183,427.764,125.079,271.228,0.906422,-1,-1,-1
572,206,1138.008,430.379,144.514,283.277,0.941940,-1,-1,-1
572,214,950.729,433.103,87.023,248.754,0.895347,-1,-1,-1
572,232,1783.620,423.136,138.487,575.777,0.747624,-1,-1,-1
572,241,546.639,447.281,35.605,89.044,0.868415,-1,-1,-1
572,255,709.910,452.531,38.168,87.493,0.663759,-1,-1,-1
572,263,1000.777,450.921,36.103,106.774,0.641384,-1,-1,-1
572,304,719.677,446.360,34.148,94.206,0.851958,-1,-1,-1
572,318,1113.361,431.249,49.141,140.799,0.817563,-1,-1,-1
572,325,814.492,470.372,38.049,81.238,0.635483,-1,-1,-1
573,3,377.404,466.709,47.409,99.546,0.740793,-1,-1,-1
573,14,1665.421,403.328,254.149,673.092,0.963449,-1,-1,-1
573,89,669.059,455.747,30.921,84.280,0.759905,-1,-1,-1
573,150,579.328,451.884,38.428,87.194,0.867661,-1,-1,-1
573,155,633.237,450.161,39.641,109.045,0.888066,-1,-1,-1
573,181,695.208,459.883,28.338,74.691,0.782369,-1,-1,-1
573,185,1018.053,427.178,126.893,274.491,0.874419,-1,-1,-1
573,206,1142.114,430.956,142.553,284.787,0.935951,-1,-1,-1
573,214,945.499,430.978,99.767,253.040,0.891878,-1,-1,-1
573,232,1798.730,419.703,125.953,548.354,0.785226,-1,-1,-1
573,241,546.380,451.377,35.005,86.106,0.869635,-1,-1,-1
573,255,709.619,453.421,37.106,86.445,0.667357,-1,-1,-1
573,295,797.382,464.424,31.284,69.871,0.632716,-1,-1,-1
573,304,720.708,447.847,33.781,94.032,0.832396,-1,-1,-1
573,317,1059.290,432.861,58.400,163.634,0.627049,-1,-1,-1
573,318,1110.823,426.356,52.551,148.844,0.858555,-1,-1,-1
573,325,809.117,469.460,37.586,81.312,0.632424,-1,-1,-1
574,3,376.248,466.483,48.052,100.814,0.730765,-1,-1,-1
574,14,1663.228,395.848,256.215,681.181,0.966317,-1,-1,-1
574,89,669.173,455.155,31.905,87.548,0.800568,-1,-1,-1
574,150,581.059,454.570,37.629,84.648,0.866360,-1,-1,-1
574,155,633.720,450.708,38.795,105.044,0.896694,-1,-1,-1
574,181,695.977,460.945,28.043,74.124,0.765299,-1,-1,-1
574,185,1009.973,424.990,129.242,279.700,0.849472,-1,-1,-1
574,206,1143.291,432.501,142.802,283.349,0.931891,-1,-1,-1
574,214,948.131,433.352,100.364,246.083,0.865965,-1,-1,-1
574,232,1808.828,407.080,115.648,534.015,0.811854,-1,-1,-1
574,241,549.440,454.252,33.426,82.540,0.869562,-1,-1,-1
574,255,708.953,453.617,37.239,87.694,0.670027,-1,-1,-1
574,295,797.054,462.285,32.363,72.742,0.657211,-1,-1,-1
574,304,720.838,447.290,34.602,98.155,0.830810,-1,-1,-1
574,317,1067.148,434.760,54.575,149.465,0.723296,-1,-1,-1
574,318,1109.262,426.257,54.797,148.002,0.879589,-1,-1,-1
574,325,808.112,469.060,37.398,81.687,0.647206,-1,-1,-1
575,3,375.174,465.047,49.400,103.255,0.704850,-1,-1,-1
575,14,1666.288,397.628,253.419,678.583,0.966051,-1,-1,-1
575,89,669.522,456.089,32.607,90.206,0.818746,-1,-1,-1
575,150,582.081,453.692,37.792,85.294,0.863757,-1,-1,-1
575,155,634.154,453.214,38.009,101.326,0.883612,-1,-1,-1
575,181,694.722,458.495,28.631,76.823,0.778823,-1,-1,-1
575,185,1014.414,432.489,124.800,272.996,0.878368,-1,-1,-1
575,206,1147.232,434.131,142.429,280.177,0.926668,-1,-1,-1
575,214,951.011,440.877,95.824,235.001,0.869937,-1,-1,-1
575,241,549.156,455.175,33.088,82.185,0.844103,-1,-1,-1
575,242,1817.955,400.411,102.346,653.741,0.746371,-1,-1,-1
575,255,708.529,450.717,38.090,91.564,0.692039,-1,-1,-1
575,264,1242.363,436.845,39.633,112.995,0.695266,-1,-1,-1
575,295,797.350,461.368,32.636,74.671,0.681664,-1,-1,-1
575,304,720.149,447.504,34.549,98.075,0.852866,-1,-1,-1
575,317,1067.203,432.630,55.500,155.052,0.676088,-1,-1,-1
575,318,1108.351,428.024,54.975,147.070,0.877902,-1,-1,-1
575,325,803.911,468.388,37.443,83.292,0.633178,-1,-1,-1
576,3,375.428,465.147,48.028,101.121,0.697882,-1,-1,-1
576,14,1663.269,394.183,256.211,681.577,0.966940,-1,-1,-1
576,89,668.912,455.714,31.701,87.579,0.808662,-1,-1,-1
576,150,584.067,454.513,35.852,82.954,0.861773,-1,-1,-1
576,155,634.891,455.812,35.240,93.378,0.871563,-1,-1,-1
576,181,695.516,459.117,28.159,76.070,0.773175,-1,-1,-1
576,185,1030.096,451.703,111.735,246.685,0.844931,-1,-1,-1
576,206,1147.255,439.819,137.998,272.482,0.920910,-1,-1,-1
576,214,949.700,433.050,102.410,246.116,0.871494,-1,-1,-1
576,241,550.187,458.249,31.155,77.801,0.822649,-1,-1,-1
576,242,1821.969,398.333,99.498,655.753,0.746889,-1,-1,-1
576,295,797.778,463.200,31.430,72.244,0.681034,-1,-1,-1
576,304,718.592,448.846,34.391,96.401,0.858085,-1,-1,-1
576,310,827.157,470.761,32.128,76.804,0.602432,-1,-1,-1
576,318,1111.232,434.186,52.486,139.640,0.781798,-1,-1,-1
576,325,804.643,470.357,36.103,80.804,0.604802,-1,-1,-1
577,3,376.753,465.067,48.091,104.065,0.744488,-1,-1,-1
577,14,1656.769,400.253,261.946,679.742,0.964815,-1,-1,-1
577,89,669.479,456.221,31.316,88.114,0.795314,-1,-1,-1
577,150,583.790,454.105,35.977,83.805,0.852646,-1,-1,-1
577,155,632.003,454.582,38.463,99.370,0.863935,-1,-1,-1
577,181,695.127,459.687,28.280,76.918,0.791015,-1,-1,-1
577,185,1033.465,417.908,120.280,282.015,0.793337,-1,-1,-1
577,196,1038.910,441.837,45.226,136.025,0.725763,-1,-1,-1
577,206,1148.604,435.237,138.657,280.774,0.923455,-1,-1,-1
577,214,954.148,434.918,119.997,241.885,0.893019,-1,-1,-1
577,241,549.868,456.763,31.770,79.999,0.824654,-1,-1,-1
577,242,1824.909,394.531,96.917,645.861,0.609342,-1,-1,-1
577,255,710.317,452.899,36.688,89.383,0.668086,-1,-1,-1
577,295,797.563,464.231,30.908,70.098,0.716412,-1,-1,-1
577,304,722.025,452.168,32.434,92.482,0.851762,-1,-1,-1
577,310,824.234,469.966,33.342,78.563,0.672138,-1,-1,-1
577,317,1075.515,438.304,48.095,134.556,0.775105,-1,-1,-1
577,318,1110.972,431.941,52.206,141.488,0.775273,-1,-1,-1
577,325,811.149,469.862,35.261,78.738,0.633149,-1,-1,-1
578,3,381.205,467.110,41.141,90.391,0.675980,-1,-1,-1
578,14,1660.989,396.984,258.440,683.017,0.965067,-1,-1,-1
578,89,670.480,458.274,28.910,81.312,0.780874,-1,-1,-1
578,150,584.276,453.702,35.012,83.392,0.856147,-1,-1,-1
578,155,631.762,455.981,37.624,97.630,0.874331,-1,-1,-1
578,181,696.092,461.433,26.845,73.028,0.790458,-1,-1,-1
578,185,1039.510,424.222,114.204,274.964,0.726866,-1,-1,-1
578,196,1039.228,445.502,45.745,134.582,0.687598,-1,-1,-1
578,206,1150.531,441.492,136.478,274.002,0.917222,-1,-1,-1
578,214,955.113,439.979,117.678,233.281,0.894155,-1,-1,-1
578,241,547.500,456.186,33.044,81.168,0.812829,-1,-1,-1
578,255,710.881,455.681,35.180,85.740,0.662823,-1,-1,-1
578,304,720.573,455.300,32.118,88.540,0.853180,-1,-1,-1
578,310,827.266,467.061,35.066,83.116,0.605542,-1,-1,-1
578,317,1075.942,439.307,51.914,144.043,0.782828,-1,-1,-1
578,318,1113.760,434.259,49.959,137.411,0.791772,-1,-1,-1
578,325,809.404,470.043,34.802,78.379,0.631991,-1,-1,-1
579,3,379.270,466.877,44.408,101.198,0.735637,-1,-1,-1
579,14,1660.882,396.471,258.183,681.293,0.960386,-1,-1,-1
579,89,668.829,457.922,30.039,84.433,0.794637,-1,-1,-1
579,150,585.005,454.274,34.639,83.099,0.855316,-1,-1,-1
579,155,628.539,455.668,39.118,97.948,0.864038,-1,-1,-1
579,181,695.997,460.889,27.403,74.741,0.788215,-1,-1,-1
579,185,1053.636,426.851,101.256,271.790,0.818196,-1,-1,-1
579,196,1041.007,444.454,48.657,140.396,0.767006,-1,-1,-1
579,206,1150.103,442.528,137.612,270.755,0.920590,-1,-1,-1
579,214,954.368,441.026,109.844,232.030,0.900370,-1,-1,-1
579,241,549.453,457.343,32.203,79.215,0.815443,-1,-1,-1
579,255,710.510,454.944,35.604,87.414,0.667043,-1,-1,-1
579,288,575.243,453.212,32.812,83.899,0.710708,-1,-1,-1
579,304,722.086,450.543,33.109,94.106,0.844550,-1,-1,-1
579,310,820.356,469.092,34.111,80.954,0.634766,-1,-1,-1
579,317,1076.673,437.804,52.983,144.809,0.792693,-1,-1,-1
579,318,1115.254,433.872,49.149,138.763,0.739267,-1,-1,-1
579,325,809.606,469.988,34.672,78.794,0.622327,-1,-1,-1
579,331,676.595,454.189,30.289,83.129,0.726638,-1,-1,-1
580,3,380.293,467.475,42.167,98.595,0.677383,-1,-1,-1
580,14,1662.042,397.009,257.250,679.952,0.959320,-1,-1,-1
580,89,668.830,457.817,29.752,83.273,0.786234,-1,-1,-1
580,150,585.591,454.764,33.797,81.542,0.855389,-1,-1,-1
580,155,627.646,454.062,39.565,98.320,0.872633,-1,-1,-1
580,181,696.100,461.149,27.029,73.487,0.776278,-1,-1,-1
580,185,1062.677,428.112,94.889,269.755,0.861257,-1,-1,-1
580,196,1040.553,443.745,49.366,141.031,0.761423,-1,-1,-1
580,206,1149.211,442.145,141.194,270.367,0.924208,-1,-1,-1
580,214,955.758,434.827,116.281,237.265,0.900294,-1,-1,-1
580,241,549.210,455.678,33.073,82.276,0.805645,-1,-1,-1
580,255,710.772,455.003,35.085,86.494,0.645863,-1,-1,-1
580,295,798.694,465.726,29.456,66.446,0.602762,-1,-1,-1
580,304,722.673,451.485,31.916,92.506,0.830253,-1,-1,-1
580,310,823.166,469.437,33.829,80.223,0.639556,-1,-1,-1
580,317,1075.533,437.304,53.779,146.006,0.759784,-1,-1,-1
580,318,1118.034,432.971,45.818,134.105,0.763503,-1,-1,-1
580,325,805.769,470.276,35.086,80.657,0.614829,-1,-1,-1
580,331,676.387,454.046,29.955,82.283,0.721271,-1,-1,-1
581,3,381.442,468.383,41.051,97.138,0.626429,-1,-1,-1
581,14,1657.252,396.940,261.678,680.170,0.958020,-1,-1,-1
581,89,667.738,455.858,30.071,84.202,0.776043,-1,-1,-1
581,150,585.241,455.147,33.742,80.689,0.834790,-1,-1,-1
581,155,627.576,453.350,40.019,99.044,0.862102,-1,-1,-1
581,181,695.945,460.282,27.461,74.474,0.771675,-1,-1,-1
581,185,1070.193,435.059,89.679,263.657,0.882950,-1,-1,-1
581,196,1055.035,435.184,51.212,150.283,0.640442,-1,-1,-1
581,206,1160.411,441.108,136.043,273.231,0.924004,-1,-1,-1
581,214,949.102,428.346,116.949,240.179,0.897766,-1,-1,-1
581,241,549.543,454.940,33.300,83.017,0.785440,-1,-1,-1
581,295,798.950,463.167,30.294,68.651,0.625370,-1,-1,-1
581,304,723.610,449.497,32.736,96.581,0.822492,-1,-1,-1
581,317,1069.853,435.828,54.568,149.531,0.683957,-1,-1,-1
581,318,1118.572,431.850,45.828,136.078,0.610617,-1,-1,-1
582,3,380.162,467.696,42.957,102.576,0.713293,-1,-1,-1
582,14,1657.546,396.121,261.742,680.899,0.956864,-1,-1,-1
582,89,666.752,458.025,30.517,85.192,0.775560,-1,-1,-1
582,150,584.200,454.803,34.993,82.743,0.852120,-1,-1,-1
582,155,628.414,452.608,40.081,99.108,0.876749,-1,-1,-1
582,181,696.350,462.692,26.928,72.034,0.766480,-1,-1,-1
582,185,1077.225,453.336,83.209,246.082,0.869381,-1,-1,-1
582,196,1055.500,433.446,51.213,151.177,0.635214,-1,-1,-1
582,206,1169.640,440.646,133.700,274.560,0.917107,-1,-1,-1
582,214,949.540,430.732,120.868,241.330,0.902607,-1,-1,-1
582,241,548.971,456.810,33.451,82.263,0.809844,-1,-1,-1
582,255,706.915,457.247,33.715,83.843,0.614722,-1,-1,-1
582,295,798.019,462.984,30.606,69.715,0.652613,-1,-1,-1
582,304,724.414,454.808,31.525,92.296,0.825825,-1,-1,-1
582,310,825.938,470.748,32.784,78.442,0.616211,-1,-1,-1
582,317,1085.050,435.453,52.953,146.594,0.728220,-1,-1,-1
582,318,1121.380,431.720,44.847,134.082,0.698719,-1,-1,-1
582,325,806.887,470.921,34.424,80.171,0.613947,-1,-1,-1
583,14,1659.595,389.309,260.368,688.330,0.961012,-1,-1,-1
583,89,664.365,456.431,33.630,94.588,0.801130,-1,-1,-1
583,150,583.631,454.582,34.953,81.876,0.835398,-1,-1,-1
583,155,626.304,452.420,40.351,98.891,0.883876,-1,-1,-1
583,181,696.998,462.934,26.574,70.056,0.768372,-1,-1,-1
583,185,1075.142,443.130,86.231,253.394,0.880684,-1,-1,-1
583,196,1055.197,434.296,49.604,148.724,0.731330,-1,-1,-1
583,206,1175.571,438.235,131.701,276.648,0.922255,-1,-1,-1
583,214,955.708,431.658,119.292,240.408,0.903006,-1,-1,-1
583,241,547.816,453.201,34.034,84.228,0.797307,-1,-1,-1
583,295,797.793,461.933,30.749,70.859,0.679980,-1,-1,-1
583,304,725.672,455.439,33.271,94.418,0.847808,-1,-1,-1
583,310,826.380,469.080,32.770,79.310,0.631167,-1,-1,-1
583,317,1087.199,434.534,52.199,143.477,0.771526,-1,-1,-1
583,318,1122.577,429.596,45.293,137.677,0.658823,-1,-1,-1
583,325,803.729,468.333,33.801,79.717,0.615029,-1,-1,-1
584,14,1667.498,391.685,253.025,687.054,0.958193,-1,-1,-1
584,89,663.682,455.964,33.286,94.281,0.802846,-1,-1,-1
584,150,584.810,455.933,33.814,79.703,0.837156,-1,-1,-1
584,155,625.995,453.689,39.284,98.159,0.873461,-1,-1,-1
584,181,696.139,462.114,27.626,72.674,0.775451,-1,-1,-1
584,185,1075.385,442.381,85.211,258.653,0.867153,-1,-1,-1
584,196,1058.029,435.303,49.272,147.691,0.671561,-1,-1,-1
584,206,1174.838,438.487,132.656,275.402,0.898749,-1,-1,-1
584,214,957.759,439.799,117.828,234.268,0.896039,-1,-1,-1
584,241,549.566,455.732,31.909,79.624,0.781442,-1,-1,-1
584,295,798.201,461.310,30.740,71.429,0.693894,-1,-1,-1
584,296,861.498,464.210,32.116,81.032,0.609973,-1,-1,-1
584,304,726.923,451.761,33.999,96.007,0.859877,-1,-1,-1
584,310,827.106,469.224,32.356,79.218,0.645885,-1,-1,-1
584,317,1086.047,433.593,53.017,142.635,0.724267,-1,-1,-1
584,318,1123.321,429.703,42.792,131.948,0.709366,-1,-1,-1
584,325,803.579,467.790,33.253,79.175,0.666970,-1,-1,-1
584,331,670.448,452.234,31.092,83.336,0.705271,-1,-1,-1
585,3,376.416,465.269,44.573,104.672,0.648481,-1,-1,-1
585,14,1668.625,388.794,251.605,690.136,0.954415,-1,-1,-1
585,89,665.558,456.950,33.997,93.593,0.795015,-1,-1,-1
585,150,584.404,454.983,34.327,80.340,0.824112,-1,-1,-1
585,155,625.934,451.541,38.503,99.657,0.848606,-1,-1,-1
585,181,696.575,465.438,27.008,70.050,0.753829,-1,-1,-1
585,185,1074.257,437.226,89.291,261.152,0.875574,-1,-1,-1
585,206,1181.572,437.358,130.635,276.572,0.912885,-1,-1,-1
585,214,964.348,434.658,117.818,237.621,0.881926,-1,-1,-1
585,241,550.584,448.414,34.021,86.941,0.813958,-1,-1,-1
585,295,798.053,462.778,30.709,69.152,0.692194,-1,-1,-1
585,296,860.769,461.498,33.481,83.215,0.617258,-1,-1,-1
585,304,727.004,452.889,33.803,95.135,0.850241,-1,-1,-1
585,310,827.497,467.694,33.554,82.196,0.645587,-1,-1,-1
585,325,802.902,466.331,35.345,83.497,0.650070,-1,-1,-1
586,3,377.316,465.337,45.069,105.502,0.718257,-1,-1,-1
586,14,1669.883,404.529,249.651,673.913,0.946863,-1,-1,-1
586,89,665.494,456.320,34.996,93.449,0.809675,-1,-1,-1
586,150,585.604,454.560,34.505,80.864,0.853611,-1,-1,-1
586,155,625.378,450.974,36.706,96.543,0.859807,-1,-1,-1
586,181,696.660,462.659,28.000,72.136,0.770684,-1,-1,-1
586,185,1076.988,433.120,90.754,267.001,0.892142,-1,-1,-1
586,196,1061.117,433.378,50.186,150.763,0.702003,-1,-1,-1
586,206,1203.957,429.425,117.740,284.524,0.894996,-1,-1,-1
586,214,974.479,447.648,110.345,220.369,0.880932,-1,-1,-1
586,241,550.826,451.391,33.360,84.349,0.801579,-1,-1,-1
586,295,799.109,463.687,30.254,67.252,0.655756,-1,-1,-1
586,304,724.701,455.732,35.370,93.226,0.842424,-1,-1,-1
586,310,819.301,469.047,33.260,81.892,0.603960,-1,-1,-1
586,325,802.881,467.548,34.986,82.549,0.676852,-1,-1,-1
586,335,1171.226,432.551,89.550,252.485,0.854666,-1,-1,-1
587,3,377.166,465.118,44.238,104.314,0.709947,-1,-1,-1
587,14,1673.135,394.053,247.914,685.942,0.935026,-1,-1,-1
587,89,665.193,454.450,36.659,95.888,0.821254,-1,-1,-1
587,150,585.909,454.649,34.399,81.092,0.858812,-1,-1,-1
587,155,626.720,451.656,37.279,100.195,0.872861,-1,-1,-1
587,181,696.513,461.484,28.493,73.413,0.773523,-1,-1,-1
587,185,1083.063,414.152,93.655,284.392,0.899685,-1,-1,-1
587,196,1060.489,434.930,50.113,151.726,0.714224,-1,-1,-1
587,206,1212.586,429.616,110.010,283.869,0.885244,-1,-1,-1
587,214,978.249,446.465,105.003,220.665,0.871553,-1,-1,-1
587,241,550.975,453.700,33.242,82.914,0.824778,-1,-1,-1
587,295,797.319,461.796,31.678,68.421,0.697008,-1,-1,-1
587,304,725.307,449.536,37.162,99.657,0.850813,-1,-1,-1
587,310,820.738,468.635,33.937,84.084,0.629553,-1,-1,-1
587,318,1159.504,436.050,34.819,105.765,0.646506,-1,-1,-1
587,325,800.939,467.075,36.289,84.299,0.677466,-1,-1,-1
587,335,1172.070,430.874,86.687,243.056,0.814614,-1,-1,-1
588,3,378.991,467.346,42.427,101.279,0.657617,-1,-1,-1
588,14,1679.268,366.551,243.825,713.450,0.923328,-1,-1,-1
588,89,664.806,453.784,36.876,96.303,0.804639,-1,-1,-1
588,150,584.678,453.943,35.284,82.651,0.860806,-1,-1,-1
588,155,625.492,450.779,37.432,102.489,0.872249,-1,-1,-1
588,181,695.701,462.886,27.880,71.920,0.755224,-1,-1,-1
588,185,1083.876,416.232,93.061,279.801,0.895097,-1,-1,-1
588,196,1062.025,433.072,50.857,153.352,0.738723,-1,-1,-1
588,206,1202.124,431.726,117.523,279.429,0.886865,-1,-1,-1
588,214,973.693,441.235,111.482,226.920,0.873341,-1,-1,-1
588,241,550.572,453.358,33.791,84.929,0.825025,-1,-1,-1
588,295,797.787,462.541,32.318,69.031,0.696983,-1,-1,-1
588,304,723.680,449.033,38.618,101.245,0.858607,-1,-1,-1
588,310,824.469,468.199,34.294,84.881,0.614641,-1,-1,-1
588,318,1160.098,433.260,34.246,103.503,0.684462,-1,-1,-1
588,325,800.539,467.451,36.304,83.374,0.669696,-1,-1,-1
588,335,1177.200,430.801,87.171,243.076,0.632603,-1,-1,-1
589,3,375.324,464.823,46.380,109.566,0.766257,-1,-1,-1
589,14,1749.021,373.586,211.448,706.422,0.800640,-1,-1,-1
589,89,663.692,454.896,38.102,99.348,0.813226,-1,-1,-1
589,150,584.085,454.135,36.105,84.013,0.849448,-1,-1,-1
589,155,624.150,451.557,38.680,103.789,0.881905,-1,-1,-1
589,181,695.473,462.473,27.960,72.079,0.761308,-1,-1,-1
589,185,1086.628,413.990,92.123,281.333,0.904509,-1,-1,-1
589,206,1210.607,439.914,113.360,274.461,0.893682,-1,-1,-1
589,214,992.507,444.286,96.509,224.005,0.882536,-1,-1,-1
589,241,550.843,449.912,34.686,88.636,0.842550,-1,-1,-1
589,242,1692.209,376.697,224.565,703.287,0.914030,-1,-1,-1
589,263,969.571,465.425,54.563,129.035,0.631342,-1,-1,-1
589,295,797.786,461.358,33.635,73.480,0.699757,-1,-1,-1
589,296,861.618,465.132,33.060,81.164,0.636725,-1,-1,-1
589,304,722.748,449.101,38.807,102.071,0.846642,-1,-1,-1
589,318,1161.925,435.116,34.710,103.438,0.701914,-1,-1,-1
589,325,800.606,466.371,36.672,85.366,0.673340,-1,-1,-1
589,335,1177.389,433.919,87.458,240.585,0.732544,-1,-1,-1
590,3,372.607,465.125,49.124,111.712,0.806223,-1,-1,-1
590,14,1779.209,389.701,172.669,690.151,0.803662,-1,-1,-1
590,89,663.744,455.764,39.017,100.483,0.828906,-1,-1,-1
590,150,584.570,454.395,35.760,83.778,0.852398,-1,-1,-1
590,155,623.207,452.893,38.432,103.608,0.886281,-1,-1,-1
590,181,695.918,461.366,28.369,72.869,0.757822,-1,-1,-1
590,185,1086.928,423.972,92.734,274.434,0.895821,-1,-1,-1
590,206,1218.196,438.537,108.858,273.604,0.896074,-1,-1,-1
590,214,1002.707,446.743,86.686,220.740,0.896604,-1,-1,-1
590,241,550.927,450.643,34.653,88.273,0.840680,-1,-1,-1
590,242,1694.890,374.653,224.919,705.376,0.870963,-1,-1,-1
590,295,798.235,462.463,33.624,72.786,0.717608,-1,-1,-1
590,296,860.300,463.627,34.971,83.828,0.642093,-1,-1,-1
590,304,723.628,450.879,38.172,99.154,0.850604,-1,-1,-1
590,310,827.201,467.823,34.484,83.719,0.647725,-1,-1,-1
590,318,1162.910,435.779,34.222,102.635,0.637415,-1,-1,-1
590,335,1179.400,431.664,85.754,244.175,0.781582,-1,-1,-1
591,3,372.748,467.502,48.681,108.362,0.767514,-1,-1,-1
591,14,1815.740,427.813,123.824,616.448,0.826516,-1,-1,-1
591,89,663.270,455.328,40.670,102.161,0.852207,-1,-1,-1
591,150,585.033,454.872,35.178,83.723,0.852850,-1,-1,-1
591,155,623.844,454.338,35.535,97.332,0.868766,-1,-1,-1
591,181,695.803,461.385,28.490,73.215,0.759797,-1,-1,-1
591,185,1086.984,440.230,95.950,256.575,0.893801,-1,-1,-1
591,206,1224.291,445.132,110.237,268.644,0.906800,-1,-1,-1
591,214,1007.889,447.580,80.197,223.130,0.903302,-1,-1,-1
591,241,551.086,452.181,34.462,86.774,0.826482,-1,-1,-1
591,242,1736.767,420.652,196.921,659.045,0.797000,-1,-1,-1
591,295,798.627,464.092,32.334,70.098,0.697313,-1,-1,-1
591,296,859.262,464.206,35.794,84.664,0.653275,-1,-1,-1
591,304,723.540,455.780,37.564,94.483,0.848239,-1,-1,-1
591,310,827.265,468.161,34.112,82.092,0.638798,-1,-1,-1
591,318,1162.870,439.796,35.111,104.571,0.635075,-1,-1,-1
591,322,604.936,450.595,36.314,89.302,0.642386,-1,-1,-1
591,335,1182.186,443.893,83.344,231.516,0.779932,-1,-1,-1
592,3,371.777,466.855,50.128,108.641,0.740826,-1,-1,-1
592,14,1820.610,433.471,111.896,610.520,0.770538,-1,-1,-1
592,89,662.984,456.007,40.388,102.693,0.861691,-1,-1,-1
592,150,586.194,456.552,33.920,81.216,0.857764,-1,-1,-1
592,155,623.056,451.686,36.520,102.075,0.876929,-1,-1,-1
592,181,695.448,461.817,28.871,74.410,0.769227,-1,-1,-1
592,185,1083.978,436.143,102.215,264.645,0.890661,-1,-1,-1
592,206,1227.229,446.885,108.795,266.210,0.909283,-1,-1,-1
592,214,1011.017,449.125,76.518,220.046,0.908181,-1,-1,-1
592,241,551.802,454.128,33.977,85.090,0.830748,-1,-1,-1
592,242,1741.168,425.966,185.972,654.067,0.815359,-1,-1,-1
592,295,798.762,463.529,32.757,71.202,0.667930,-1,-1,-1
592,296,859.190,462.327,36.302,85.699,0.610503,-1,-1,-1
592,304,723.381,453.255,38.959,97.660,0.867336,-1,-1,-1
592,310,827.524,469.021,33.834,80.941,0.635709,-1,-1,-1
592,317,1108.093,436.122,53.842,151.183,0.681612,-1,-1,-1
592,318,1162.529,436.419,34.848,104.116,0.666118,-1,-1,-1
592,325,802.196,467.504,36.329,84.198,0.605208,-1,-1,-1
592,335,1177.643,433.963,88.871,243.510,0.805522,-1,-1,-1
593,3,370.716,468.053,51.568,107.401,0.743761,-1,-1,-1
593,14,1838.485,444.575,92.600,550.005,0.734656,-1,-1,-1
593,89,662.839,455.881,40.116,100.591,0.834289,-1,-1,-1
593,150,587.043,457.025,33.193,81.275,0.854684,-1,-1,-1
593,155,624.804,451.597,34.381,96.135,0.861667,-1,-1,-1
593,181,695.314,462.045,28.970,74.735,0.764783,-1,-1,-1
593,185,1083.734,415.602,109.313,284.112,0.891901,-1,-1,-1
593,196,1079.937,434.267,50.083,150.394,0.618067,-1,-1,-1
593,206,1230.613,440.678,117.995,270.603,0.912542,-1,-1,-1
593,214,1014.288,447.130,75.069,221.007,0.888469,-1,-1,-1
593,241,550.867,454.287,34.469,85.853,0.824710,-1,-1,-1
593,242,1763.316,425.993,175.972,649.107,0.660656,-1,-1,-1
593,263,970.802,454.756,51.687,122.123,0.604155,-1,-1,-1
593,295,798.719,463.284,32.930,71.527,0.712261,-1,-1,-1
593,296,859.777,462.221,35.156,83.214,0.605186,-1,-1,-1
593,304,724.603,456.320,38.218,94.180,0.876762,-1,-1,-1
593,310,827.696,468.870,34.178,81.182,0.636276,-1,-1,-1
593,325,802.232,467.302,36.663,84.094,0.636715,-1,-1,-1
593,335,1179.688,430.228,90.511,249.285,0.858491,-1,-1,-1
593,339,633.448,452.524,29.714,79.205,0.662275,-1,-1,-1
594,3,369.445,468.278,53.317,107.543,0.757085,-1,-1,-1
594,89,663.232,455.636,39.969,100.105,0.826811,-1,-1,-1
594,150,586.305,457.055,33.573,80.973,0.854016,-1,-1,-1
594,155,624.862,451.902,35.046,96.744,0.864068,-1,-1,-1
594,181,695.484,465.639,27.810,70.364,0.776458,-1,-1,-1
594,185,1084.960,414.015,109.925,285.756,0.893886,-1,-1,-1
594,196,1082.239,430.635,50.721,153.633,0.722434,-1,-1,-1
594,206,1232.538,435.772,119.610,275.616,0.928995,-1,-1,-1
594,214,1017.680,444.646,72.227,224.621,0.900318,-1,-1,-1
594,241,550.841,455.143,33.415,84.291,0.834372,-1,-1,-1
594,242,1795.911,388.793,169.044,690.735,0.602502,-1,-1,-1
594,295,798.386,464.982,31.326,68.278,0.621743,-1,-1,-1
594,296,859.859,461.593,34.894,83.263,0.619382,-1,-1,-1
594,304,724.940,457.382,38.117,93.161,0.878600,-1,-1,-1
594,310,823.478,469.077,34.239,81.441,0.623591,-1,-1,-1
594,325,802.105,467.891,35.575,82.411,0.702133,-1,-1,-1
594,335,1178.057,414.585,96.818,265.381,0.841133,-1,-1,-1
594,339,634.318,453.305,29.761,78.511,0.646375,-1,-1,-1
595,3,369.898,465.853,54.929,109.918,0.778765,-1,-1,-1
595,89,663.674,455.763,39.376,100.947,0.828614,-1,-1,-1
595,150,586.385,456.808,33.916,82.380,0.851524,-1,-1,-1
595,155,623.483,451.385,36.809,103.866,0.865410,-1,-1,-1
595,181,695.603,466.008,27.635,69.464,0.778302,-1,-1,-1
595,185,1091.265,404.039,109.901,288.693,0.893857,-1,-1,-1
595,196,1085.655,431.173,48.698,151.527,0.732476,-1,-1,-1
595,206,1234.183,429.079,119.403,284.094,0.940294,-1,-1,-1
595,214,1022.488,451.816,71.671,213.968,0.890315,-1,-1,-1
595,241,550.229,456.227,33.826,84.387,0.834508,-1,-1,-1
595,242,1808.257,354.882,156.357,724.498,0.613024,-1,-1,-1
595,295,798.730,465.215,30.441,66.441,0.611529,-1,-1,-1
595,296,859.735,461.389,34.968,83.615,0.617946,-1,-1,-1
595,304,724.768,457.366,38.080,94.400,0.874866,-1,-1,-1
595,310,818.724,469.378,34.121,80.877,0.618477,-1,-1,-1
595,325,802.651,467.611,35.784,83.179,0.688952,-1,-1,-1
595,331,700.457,459.027,32.612,82.648,0.607458,-1,-1,-1
595,335,1177.900,415.618,104.648,269.426,0.865003,-1,-1,-1
596,3,371.244,465.222,53.813,109.882,0.756013,-1,-1,-1
596,89,664.128,455.317,39.238,101.278,0.843975,-1,-1,-1
596,150,586.815,456.989,33.548,81.908,0.860037,-1,-1,-1
596,155,624.355,449.859,35.336,101.781,0.869647,-1,-1,-1
596,181,695.310,465.609,28.107,70.580,0.778135,-1,-1,-1
596,185,1095.287,406.465,107.999,286.110,0.893457,-1,-1,-1
596,196,1086.728,432.607,47.503,149.589,0.626730,-1,-1,-1
596,206,1237.276,431.706,119.356,282.151,0.935622,-1,-1,-1
596,214,1023.500,443.816,80.185,221.285,0.899984,-1,-1,-1
596,241,551.925,455.414,34.058,85.631,0.836108,-1,-1,-1
596,242,1826.957,373.368,106.592,525.203,0.650353,-1,-1,-1
596,263,967.705,461.540,59.610,128.872,0.604975,-1,-1,-1
596,295,797.989,463.741,32.006,70.426,0.620326,-1,-1,-1
596,296,859.873,460.772,35.396,84.839,0.632764,-1,-1,-1
596,304,724.694,457.049,38.466,95.238,0.878238,-1,-1,-1
596,310,823.494,469.098,34.219,80.804,0.623807,-1,-1,-1
596,317,1117.679,429.688,50.438,153.228,0.645516,-1,-1,-1
596,325,801.504,467.264,36.127,84.156,0.703636,-1,-1,-1
596,331,699.225,456.872,34.334,85.065,0.606742,-1,-1,-1
596,335,1180.786,418.140,104.429,268.587,0.873288,-1,-1,-1
597,3,370.198,464.066,54.762,111.620,0.758112,-1,-1,-1
597,89,664.341,455.121,38.969,100.696,0.844947,-1,-1,-1
597,150,586.722,454.990,33.791,83.254,0.852952,-1,-1,-1
597,155,625.676,450.140,33.980,97.678,0.867653,-1,-1,-1
597,181,694.835,464.888,29.225,73.257,0.781640,-1,-1,-1
597,185,1094.346,424.821,103.584,267.534,0.886180,-1,-1,-1
597,196,1089.211,438.023,44.637,138.534,0.719992,-1,-1,-1
597,206,1242.740,432.036,117.127,279.902,0.934822,-1,-1,-1
597,214,1023.282,438.301,87.774,231.140,0.905278,-1,-1,-1
597,241,550.194,455.267,34.651,85.994,0.825406,-1,-1,-1
597,255,720.519,456.801,33.291,87.450,0.606895,-1,-1,-1
597,295,797.019,458.700,34.411,76.686,0.646242,-1,-1,-1
597,296,859.880,459.698,35.342,85.262,0.609529,-1,-1,-1
597,304,726.896,455.256,38.116,96.406,0.881768,-1,-1,-1
597,310,833.917,465.565,35.453,83.057,0.606880,-1,-1,-1
597,317,1122.243,431.714,45.998,150.998,0.794669,-1,-1,-1
597,322,576.059,450.652,34.876,86.706,0.687866,-1,-1,-1
597,325,800.736,466.313,36.632,84.631,0.713879,-1,-1,-1
597,331,698.706,456.611,35.180,85.919,0.618333,-1,-1,-1
597,335,1181.076,416.615,101.227,264.968,0.850498,-1,-1,-1
598,3,371.828,466.736,54.135,108.890,0.723806,-1,-1,-1
598,89,663.747,454.667,38.840,100.136,0.836428,-1,-1,-1
598,150,586.071,453.522,34.611,86.569,0.864653,-1,-1,-1
598,155,626.898,449.879,32.808,94.990,0.864545,-1,-1,-1
598,181,694.876,465.193,29.071,72.574,0.783245,-1,-1,-1
598,185,1100.323,420.876,101.636,269.086,0.881827,-1,-1,-1
598,196,1095.106,445.551,41.663,128.813,0.696818,-1,-1,-1
598,206,1246.543,432.716,115.611,282.104,0.938235,-1,-1,-1
598,214,1024.328,440.343,92.959,229.136,0.897057,-1,-1,-1
598,241,549.162,452.229,35.665,88.998,0.828615,-1,-1,-1
598,295,798.847,462.413,33.714,73.064,0.717981,-1,-1,-1
598,304,727.031,455.478,37.671,96.027,0.882309,-1,-1,-1
598,310,823.361,466.961,35.704,84.291,0.609903,-1,-1,-1
598,317,1125.917,434.303,43.133,140.212,0.714812,-1,-1,-1
598,322,573.549,449.103,35.174,88.804,0.679304,-1,-1,-1
598,335,1181.452,424.485,98.074,258.277,0.856044,-1,-1,-1
599,3,373.139,467.638,53.755,108.217,0.708361,-1,-1,-1
599,89,663.218,455.182,38.729,99.303,0.823215,-1,-1,-1
599,150,586.402,454.798,33.917,84.241,0.871711,-1,-1,-1
599,155,627.206,450.831,31.966,92.097,0.865604,-1,-1,-1
599,181,695.040,465.033,28.666,70.942,0.776427,-1,-1,-1
599,185,1120.596,428.926,87.715,255.926,0.881725,-1,-1,-1
599,196,1100.365,436.364,44.537,135.741,0.622649,-1,-1,-1
599,206,1249.908,442.398,111.579,268.731,0.924356,-1,-1,-1
599,214,1020.432,433.855,99.271,238.499,0.898171,-1,-1,-1
599,241,548.317,455.862,33.625,84.669,0.839507,-1,-1,-1
599,263,971.698,441.702,56.145,128.407,0.648544,-1,-1,-1
599,295,798.136,462.332,34.700,73.113,0.709690,-1,-1,-1
599,304,726.026,456.546,37.911,94.276,0.872252,-1,-1,-1
599,310,835.827,465.532,36.034,83.639,0.608987,-1,-1,-1
599,317,1117.351,435.118,42.714,137.409,0.674215,-1,-1,-1
599,322,576.331,453.200,33.861,85.263,0.697739,-1,-1,-1
599,325,816.750,467.820,35.569,82.636,0.601795,-1,-1,-1
599,335,1184.235,433.450,94.405,251.926,0.874696,-1,-1,-1
600,3,370.243,469.396,53.739,107.606,0.800089,-1,-1,-1
600,89,662.508,455.737,38.586,98.700,0.797797,-1,-1,-1
600,150,586.177,454.070,34.514,85.188,0.863908,-1,-1,-1
600,155,627.066,451.025,32.321,92.413,0.865075,-1,-1,-1
600,181,695.060,464.880,29.025,71.233,0.775818,-1,-1,-1
600,185,1123.119,429.725,82.640,251.924,0.863089,-1,-1,-1
600,206,1251.897,432.981,112.247,279.014,0.931318,-1,-1,-1
600,214,1023.645,437.371,104.608,232.745,0.892477,-1,-1,-1
600,241,549.452,458.495,32.367,81.097,0.812064,-1,-1,-1
600,263,974.760,445.042,51.107,119.377,0.610993,-1,-1,-1
600,295,798.086,462.083,34.337,72.939,0.698783,-1,-1,-1
600,304,727.106,454.163,37.579,95.216,0.877685,-1,-1,-1
600,317,1133.628,435.523,51.215,153.353,0.718560,-1,-1,-1
600,325,803.880,467.751,35.774,83.283,0.667391,-1,-1,-1
600,335,1182.237,426.878,98.510,262.308,0.880218,-1,-1,-1
