1,1,728.160,465.310,42.360,101.570,0.896476,-1,-1,-1
1,2,675.610,470.950,57.060,132.870,0.819107,-1,-1,-1
1,3,541.870,451.370,45.360,105.710,0.792042,-1,-1,-1
1,4,1045.720,467.400,80.470,124.570,0.780142,-1,-1,-1
1,5,1677.110,434.190,112.080,153.550,0.751615,-1,-1,-1
1,6,927.140,433.410,50.320,115.490,0.726573,-1,-1,-1
1,7,1365.610,424.560,38.590,106.750,0.707516,-1,-1,-1
1,8,1100.560,439.580,34.780,96.330,0.703962,-1,-1,-1
1,9,1334.360,424.160,178.060,358.480,0.951254,-1,-1,-1
1,10,577.240,442.080,103.010,266.400,0.939545,-1,-1,-1
1,11,1418.160,428.290,189.450,342.550,0.937954,-1,-1,-1
1,12,419.610,443.060,139.330,277.770,0.935236,-1,-1,-1
1,13,1251.150,445.690,40.750,98.620,0.851065,-1,-1,-1
1,14,692.190,470.260,45.120,96.780,0.700440,-1,-1,-1
2,1,727.849,465.527,42.898,101.960,0.877782,-1,-1,-1
2,2,678.449,475.766,54.570,125.824,0.749409,-1,-1,-1
2,3,542.817,450.676,45.134,106.396,0.803417,-1,-1,-1
2,4,1044.775,468.485,81.572,122.201,0.797550,-1,-1,-1
2,5,1677.189,432.212,112.080,154.721,0.624234,-1,-1,-1
2,6,928.573,435.111,49.669,100.217,0.766207,-1,-1,-1
2,7,1369.985,425.498,31.483,93.864,0.639649,-1,-1,-1
2,8,1102.054,442.765,33.531,87.852,0.698190,-1,-1,-1
2,9,1338.180,418.190,184.134,364.685,0.954422,-1,-1,-1
2,10,578.048,444.198,103.132,263.458,0.941094,-1,-1,-1
2,11,1426.197,428.212,181.232,344.277,0.927078,-1,-1,-1
2,12,424.072,443.772,136.692,270.385,0.920146,-1,-1,-1
2,13,1251.846,445.864,39.570,98.637,0.816723,-1,-1,-1
2,14,691.115,469.523,43.645,97.353,0.698511,-1,-1,-1
3,1,727.729,465.337,44.316,100.697,0.892865,-1,-1,-1
3,2,682.478,474.613,52.788,122.866,0.764486,-1,-1,-1
3,3,544.722,451.761,42.908,104.733,0.855622,-1,-1,-1
3,4,1048.081,470.319,79.056,121.710,0.767319,-1,-1,-1
3,5,1676.464,432.827,111.620,153.881,0.713781,-1,-1,-1
3,6,929.249,435.252,46.282,90.552,0.746665,-1,-1,-1
3,7,1372.040,427.826,32.260,96.273,0.680011,-1,-1,-1
3,8,1102.108,441.382,33.500,88.598,0.706220,-1,-1,-1
3,9,1341.832,427.959,183.044,359.946,0.946286,-1,-1,-1
3,10,578.360,444.942,104.812,262.900,0.940728,-1,-1,-1
3,11,1438.978,435.945,169.807,333.130,0.906888,-1,-1,-1
3,12,417.611,444.136,146.434,275.015,0.928296,-1,-1,-1
3,13,1252.325,446.539,39.069,98.734,0.804128,-1,-1,-1
3,14,692.116,470.367,44.208,95.802,0.723382,-1,-1,-1
3,15,1013.297,438.548,43.178,96.442,0.764274,-1,-1,-1
4,1,728.075,464.168,45.128,103.355,0.897136,-1,-1,-1
4,2,684.689,472.502,52.261,126.597,0.770256,-1,-1,-1
4,3,545.846,453.701,41.700,102.765,0.850640,-1,-1,-1
4,4,1046.307,470.924,80.130,120.980,0.713019,-1,-1,-1
4,5,1676.586,430.820,113.029,158.348,0.757592,-1,-1,-1
4,6,929.636,434.355,46.215,93.538,0.784417,-1,-1,-1
4,7,1377.476,432.869,39.634,91.123,0.663756,-1,-1,-1
4,8,1100.258,437.923,36.653,97.807,0.758091,-1,-1,-1
4,9,1349.273,419.120,187.031,371.783,0.940630,-1,-1,-1
4,10,576.914,445.288,106.520,262.903,0.941938,-1,-1,-1
4,11,1457.110,425.809,151.967,342.493,0.912747,-1,-1,-1
4,12,420.144,448.637,143.874,272.566,0.930127,-1,-1,-1
4,13,1252.182,446.321,40.150,99.000,0.818700,-1,-1,-1
4,14,693.191,468.726,45.597,98.432,0.737292,-1,-1,-1
4,15,1011.330,434.047,46.174,101.195,0.828214,-1,-1,-1
4,16,842.026,467.024,48.938,83.862,0.745994,-1,-1,-1
5,1,728.337,463.158,44.861,104.447,0.895755,-1,-1,-1
5,2,684.013,468.679,51.513,129.752,0.671468,-1,-1,-1
5,3,545.339,454.642,41.627,101.706,0.848775,-1,-1,-1
5,4,1051.561,471.288,75.091,120.439,0.669994,-1,-1,-1
5,5,1675.879,430.615,114.242,158.930,0.623756,-1,-1,-1
5,6,930.242,434.073,46.641,105.084,0.789858,-1,-1,-1
5,7,1375.470,431.849,43.693,104.647,0.668893,-1,-1,-1
5,8,1100.507,436.517,36.636,100.591,0.761881,-1,-1,-1
5,9,1354.884,411.042,181.380,382.214,0.947922,-1,-1,-1
5,10,575.475,446.794,107.381,261.935,0.942490,-1,-1,-1
5,11,1470.560,422.484,138.697,348.482,0.918486,-1,-1,-1
5,12,424.354,451.665,139.517,269.826,0.931861,-1,-1,-1
5,13,1252.814,445.892,40.811,100.129,0.786686,-1,-1,-1
5,14,693.600,465.960,44.642,97.758,0.717364,-1,-1,-1
5,15,1010.784,431.765,47.681,104.563,0.809940,-1,-1,-1
5,16,843.146,466.486,48.021,81.391,0.712859,-1,-1,-1
6,1,728.849,463.752,44.094,105.548,0.893638,-1,-1,-1
6,2,685.674,472.300,50.276,124.249,0.711819,-1,-1,-1
6,3,545.429,453.344,42.104,102.898,0.856709,-1,-1,-1
6,4,1061.699,444.477,68.984,144.693,0.639084,-1,-1,-1
6,5,1675.887,431.888,114.443,155.520,0.595319,-1,-1,-1
6,6,929.329,434.160,47.773,103.973,0.768292,-1,-1,-1
6,7,1374.615,432.558,41.656,119.121,0.733284,-1,-1,-1
6,8,1099.854,435.937,36.694,103.094,0.752091,-1,-1,-1
6,9,1360.315,407.636,183.230,385.734,0.956129,-1,-1,-1
6,10,576.492,447.632,104.156,260.966,0.936919,-1,-1,-1
6,11,1482.668,423.030,125.446,349.413,0.918078,-1,-1,-1
6,12,424.723,453.178,139.629,268.689,0.939086,-1,-1,-1
6,13,1252.674,446.643,40.363,99.406,0.787063,-1,-1,-1
6,14,693.258,466.437,44.117,96.705,0.708232,-1,-1,-1
6,15,1011.072,431.142,47.395,105.594,0.812430,-1,-1,-1
6,16,845.417,465.232,45.217,79.291,0.738068,-1,-1,-1
6,17,919.563,457.219,63.798,125.534,0.669121,-1,-1,-1
7,1,729.530,465.436,41.345,104.702,0.886088,-1,-1,-1
7,2,685.544,478.202,49.267,119.474,0.744958,-1,-1,-1
7,3,545.803,453.028,41.726,102.221,0.845314,-1,-1,-1
7,4,1066.062,461.536,63.313,129.214,0.694299,-1,-1,-1
7,5,1675.821,432.542,113.160,154.973,0.385898,-1,-1,-1
7,6,929.226,434.612,47.166,100.399,0.774682,-1,-1,-1
7,7,1375.833,435.485,40.933,121.372,0.818875,-1,-1,-1
7,8,1101.836,436.449,34.106,98.947,0.710736,-1,-1,-1
7,9,1372.862,403.890,170.722,395.911,0.962751,-1,-1,-1
7,10,575.893,446.945,105.611,259.655,0.935131,-1,-1,-1
7,11,1480.320,424.619,127.461,347.822,0.911846,-1,-1,-1
7,12,428.622,448.709,135.899,277.406,0.939529,-1,-1,-1
7,13,1252.379,446.934,39.445,98.654,0.795504,-1,-1,-1
7,14,693.443,468.143,43.594,96.575,0.719646,-1,-1,-1
7,15,1011.472,432.397,46.726,103.606,0.721950,-1,-1,-1
7,16,845.423,467.617,44.579,77.498,0.710167,-1,-1,-1
7,17,919.132,455.798,69.454,126.478,0.636769,-1,-1,-1
8,1,729.435,466.190,40.868,104.614,0.879998,-1,-1,-1
8,2,683.477,481.891,48.536,118.687,0.774964,-1,-1,-1
8,3,546.292,455.961,40.286,100.529,0.800885,-1,-1,-1
8,4,1063.712,468.058,64.286,124.464,0.684418,-1,-1,-1
8,5,1673.274,430.058,116.604,156.846,0.531257,-1,-1,-1
8,6,930.785,434.298,43.860,95.087,0.739446,-1,-1,-1
8,7,1375.123,432.961,45.433,128.426,0.825990,-1,-1,-1
8,8,1101.899,436.271,33.114,97.125,0.686647,-1,-1,-1
8,9,1385.224,405.671,155.748,393.421,0.949621,-1,-1,-1
8,10,576.122,446.286,104.844,260.198,0.932809,-1,-1,-1
8,11,1489.805,423.700,121.104,351.376,0.911251,-1,-1,-1
8,12,431.859,446.808,132.891,278.022,0.944245,-1,-1,-1
8,13,1251.646,445.919,40.142,99.175,0.837673,-1,-1,-1
8,14,692.215,468.604,43.092,98.370,0.689106,-1,-1,-1
8,15,1012.710,432.694,46.198,107.992,0.728978,-1,-1,-1
8,16,847.600,466.974,39.775,75.050,0.577863,-1,-1,-1
8,17,946.432,473.176,73.737,117.250,0.609949,-1,-1,-1
8,18,642.968,464.923,72.608,161.890,0.738789,-1,-1,-1
9,1,728.428,466.709,41.787,103.696,0.877357,-1,-1,-1
9,2,679.947,474.948,49.696,129.442,0.225164,-1,-1,-1
9,3,544.775,455.371,41.838,102.314,0.704701,-1,-1,-1
9,4,1058.965,469.854,69.532,123.545,0.696757,-1,-1,-1
9,5,1676.039,429.854,115.179,157.647,0.571155,-1,-1,-1
9,6,931.510,433.887,40.422,90.998,0.722070,-1,-1,-1
9,7,1375.134,434.969,49.487,127.858,0.846761,-1,-1,-1
9,8,1101.668,438.002,35.345,96.850,0.658926,-1,-1,-1
9,9,1398.003,405.079,145.708,392.428,0.960148,-1,-1,-1
9,10,576.753,443.005,102.457,264.120,0.927352,-1,-1,-1
9,11,1495.667,417.452,117.907,357.222,0.912282,-1,-1,-1
9,12,428.751,445.131,136.597,276.663,0.940914,-1,-1,-1
9,13,1250.881,443.876,41.876,101.596,0.852003,-1,-1,-1
9,14,697.449,465.844,39.939,93.697,0.631579,-1,-1,-1
9,15,1012.215,431.725,47.914,108.468,0.815133,-1,-1,-1
9,16,846.661,466.662,39.948,72.614,0.560861,-1,-1,-1
9,17,955.811,469.754,78.767,123.601,0.766581,-1,-1,-1
9,18,653.188,466.529,70.280,151.925,0.816413,-1,-1,-1
10,1,727.904,467.292,42.848,102.337,0.882900,-1,-1,-1
10,2,679.869,476.858,49.533,128.901,0.351089,-1,-1,-1
10,3,544.113,452.270,43.027,105.614,0.700037,-1,-1,-1
10,4,1059.230,468.537,68.117,125.259,0.629005,-1,-1,-1
10,5,1675.762,430.330,115.621,157.025,0.634134,-1,-1,-1
10,6,930.593,432.657,40.674,94.356,0.721161,-1,-1,-1
10,7,1374.549,433.018,54.083,131.036,0.860049,-1,-1,-1
10,8,1102.465,438.907,32.911,94.097,0.653389,-1,-1,-1
10,9,1406.993,408.793,141.937,388.417,0.943460,-1,-1,-1
10,10,577.021,441.416,102.305,267.744,0.932643,-1,-1,-1
10,11,1512.880,416.710,107.097,358.090,0.911377,-1,-1,-1
10,12,429.393,444.209,138.763,275.268,0.940932,-1,-1,-1
10,13,1251.014,442.949,41.861,102.880,0.838134,-1,-1,-1
10,14,699.278,466.935,39.373,91.609,0.650232,-1,-1,-1
10,15,1013.670,434.213,46.094,105.378,0.774789,-1,-1,-1
10,16,845.526,466.114,41.798,73.483,0.481745,-1,-1,-1
10,17,960.581,474.816,76.888,119.028,0.660646,-1,-1,-1
10,18,656.944,470.281,67.574,147.618,0.801058,-1,-1,-1
11,1,727.733,466.440,43.782,104.653,0.888577,-1,-1,-1
11,2,679.756,472.386,49.473,132.684,0.669820,-1,-1,-1
11,3,545.616,453.538,42.189,104.093,0.752669,-1,-1,-1
11,4,1062.402,468.430,66.393,125.360,0.666422,-1,-1,-1
11,5,1673.804,430.537,118.012,157.050,0.609993,-1,-1,-1
11,6,930.510,433.047,40.816,93.230,0.720761,-1,-1,-1
11,7,1376.138,435.608,55.133,127.754,0.859785,-1,-1,-1
11,8,1102.661,439.719,32.198,90.922,0.646848,-1,-1,-1
11,9,1415.028,409.179,141.105,391.555,0.934160,-1,-1,-1
11,10,578.023,440.820,104.637,269.414,0.932074,-1,-1,-1
11,11,1523.198,415.823,106.147,359.208,0.925579,-1,-1,-1
11,12,431.440,443.291,140.434,276.204,0.942393,-1,-1,-1
11,13,1251.170,440.802,43.633,105.975,0.857086,-1,-1,-1
11,14,699.236,466.220,39.552,92.555,0.662259,-1,-1,-1
11,15,1014.217,434.684,44.953,104.777,0.709943,-1,-1,-1
11,16,844.649,465.962,43.625,74.675,0.491922,-1,-1,-1
11,17,961.981,474.573,74.497,117.560,0.616825,-1,-1,-1
11,18,651.349,465.011,74.278,152.786,0.782979,-1,-1,-1
12,1,727.900,466.016,43.642,106.375,0.881547,-1,-1,-1
12,2,672.607,474.966,58.993,130.938,0.742164,-1,-1,-1
12,3,545.386,455.353,42.552,102.158,0.732051,-1,-1,-1
12,4,1063.747,449.659,67.163,140.685,0.437570,-1,-1,-1
12,5,1676.138,431.166,114.411,157.945,0.752997,-1,-1,-1
12,6,931.961,433.393,39.276,90.129,0.624144,-1,-1,-1
12,7,1376.356,435.149,58.181,128.900,0.852334,-1,-1,-1
12,8,1103.049,440.236,31.516,89.158,0.630939,-1,-1,-1
12,9,1420.666,407.779,149.514,394.630,0.935685,-1,-1,-1
12,10,579.049,443.458,102.631,266.046,0.938615,-1,-1,-1
12,11,1528.802,415.427,107.668,361.895,0.925509,-1,-1,-1
12,12,431.484,441.828,139.428,278.646,0.941054,-1,-1,-1
12,13,1251.247,441.453,43.858,104.861,0.860816,-1,-1,-1
12,14,696.597,466.584,40.475,93.355,0.648057,-1,-1,-1
12,15,1016.253,439.183,41.390,97.898,0.608966,-1,-1,-1
12,16,844.598,465.715,43.879,74.352,0.422921,-1,-1,-1
12,17,969.954,484.051,90.097,105.012,0.174791,-1,-1,-1
12,18,657.800,458.310,58.726,140.965,0.615116,-1,-1,-1
13,1,727.354,466.257,44.068,106.729,0.868153,-1,-1,-1
13,2,671.383,475.476,61.890,134.701,0.792241,-1,-1,-1
13,3,544.035,453.429,44.722,105.302,0.689976,-1,-1,-1
13,4,1065.640,459.855,64.894,133.185,0.612523,-1,-1,-1
13,5,1678.292,432.070,111.772,157.611,0.683397,-1,-1,-1
13,6,932.533,432.410,38.894,88.045,0.680240,-1,-1,-1
13,7,1378.564,435.517,58.793,125.335,0.862515,-1,-1,-1
13,8,1102.821,441.435,31.395,85.264,0.631030,-1,-1,-1
13,9,1428.280,409.112,151.675,394.874,0.916854,-1,-1,-1
13,10,578.890,443.964,103.487,266.290,0.935312,-1,-1,-1
13,11,1533.705,415.079,114.578,364.494,0.926921,-1,-1,-1
13,12,429.859,441.303,143.817,279.795,0.939276,-1,-1,-1
13,13,1250.794,439.967,43.904,105.608,0.840204,-1,-1,-1
13,14,695.259,469.444,41.470,95.430,0.645599,-1,-1,-1
13,15,1017.364,445.802,39.268,89.546,0.538016,-1,-1,-1
13,16,847.028,465.662,42.701,74.291,0.398248,-1,-1,-1
13,17,965.279,491.130,105.804,100.160,0.170671,-1,-1,-1
13,18,658.702,458.183,55.159,144.733,0.600213,-1,-1,-1
14,1,727.430,468.229,44.184,105.823,0.854816,-1,-1,-1
14,2,675.511,473.281,57.044,133.719,0.721123,-1,-1,-1
14,3,543.572,453.276,45.265,106.129,0.759850,-1,-1,-1
14,4,1066.210,448.303,65.858,143.135,0.496424,-1,-1,-1
14,5,1677.854,430.840,111.763,159.661,0.775678,-1,-1,-1
14,6,932.153,432.188,40.121,90.980,0.680033,-1,-1,-1
14,7,1381.552,433.196,56.785,126.907,0.808185,-1,-1,-1
14,8,1102.852,441.085,31.497,86.027,0.603051,-1,-1,-1
14,9,1431.937,408.857,157.695,394.878,0.945532,-1,-1,-1
14,10,577.592,442.587,104.446,267.136,0.936679,-1,-1,-1
14,11,1542.058,417.855,135.634,366.463,0.924764,-1,-1,-1
14,12,433.106,439.990,143.018,284.177,0.931196,-1,-1,-1
14,13,1250.947,440.374,44.636,105.403,0.822256,-1,-1,-1
14,14,694.203,468.360,43.041,97.987,0.617862,-1,-1,-1
14,15,1014.990,449.355,39.778,84.441,0.643761,-1,-1,-1
14,16,849.056,465.950,38.907,71.696,0.439032,-1,-1,-1
14,17,973.663,491.508,112.429,99.644,0.173990,-1,-1,-1
14,18,655.357,462.148,66.784,145.913,0.726794,-1,-1,-1
15,1,727.383,467.484,43.825,105.832,0.880733,-1,-1,-1
15,2,669.398,463.878,55.997,125.651,0.613754,-1,-1,-1
15,3,541.976,451.966,47.193,108.018,0.787633,-1,-1,-1
15,4,1075.109,440.076,57.371,141.307,0.496327,-1,-1,-1
15,5,1679.522,432.196,109.811,159.513,0.731990,-1,-1,-1
15,6,928.825,431.773,45.421,99.345,0.714112,-1,-1,-1
15,7,1383.228,427.585,58.176,131.927,0.848626,-1,-1,-1
15,8,1102.397,438.996,32.887,96.818,0.679750,-1,-1,-1
15,9,1437.240,419.042,167.521,385.070,0.902011,-1,-1,-1
15,10,578.458,439.504,102.573,270.175,0.935405,-1,-1,-1
15,11,1542.257,421.942,162.464,366.858,0.893736,-1,-1,-1
15,12,428.725,439.855,146.898,286.476,0.929420,-1,-1,-1
15,13,1251.153,439.018,44.179,106.840,0.845812,-1,-1,-1
15,14,696.758,467.637,42.049,96.844,0.662243,-1,-1,-1
15,15,1015.771,455.906,38.974,80.473,0.651197,-1,-1,-1
15,16,849.692,466.042,35.941,72.055,0.556033,-1,-1,-1
15,18,656.313,462.427,71.779,149.702,0.785162,-1,-1,-1
16,1,728.236,466.415,41.539,106.705,0.873243,-1,-1,-1
16,2,686.114,452.444,42.975,97.656,0.631951,-1,-1,-1
16,3,540.853,450.074,48.259,111.442,0.778341,-1,-1,-1
16,4,1080.385,445.711,50.287,132.562,0.379282,-1,-1,-1
16,5,1677.440,430.064,114.548,159.894,0.780947,-1,-1,-1
16,6,927.897,431.755,47.014,101.346,0.690844,-1,-1,-1
16,7,1387.133,423.419,58.631,133.560,0.823380,-1,-1,-1
16,8,1101.390,438.934,33.527,96.743,0.635211,-1,-1,-1
16,9,1442.941,421.465,185.506,386.133,0.877036,-1,-1,-1
16,10,579.666,437.968,100.601,272.307,0.931162,-1,-1,-1
16,11,1550.674,423.029,180.542,371.456,0.874363,-1,-1,-1
16,12,425.533,441.211,150.232,287.253,0.929536,-1,-1,-1
16,13,1250.084,436.794,46.446,109.024,0.846776,-1,-1,-1
16,14,697.657,467.494,41.613,98.572,0.698404,-1,-1,-1
16,15,1017.507,456.592,40.231,80.882,0.711681,-1,-1,-1
16,16,849.456,465.724,34.221,71.694,0.537455,-1,-1,-1
16,18,656.251,459.811,71.454,155.779,0.812948,-1,-1,-1
16,19,919.157,430.937,63.468,150.182,0.728843,-1,-1,-1
16,20,810.259,470.773,38.452,75.790,0.664913,-1,-1,-1
17,1,725.738,463.572,42.968,111.899,0.829522,-1,-1,-1
17,2,692.717,448.337,38.280,86.927,0.609800,-1,-1,-1
17,3,540.381,446.943,47.659,113.332,0.765288,-1,-1,-1
17,4,1064.441,470.652,61.368,115.089,0.609369,-1,-1,-1
17,5,1676.822,429.932,115.134,159.785,0.641171,-1,-1,-1
17,6,927.987,432.060,45.650,106.987,0.697891,-1,-1,-1
17,7,1394.623,427.573,58.867,130.279,0.808775,-1,-1,-1
17,8,1100.782,439.973,33.944,92.196,0.598285,-1,-1,-1
17,9,1451.183,417.087,225.633,391.447,0.908243,-1,-1,-1
17,10,579.757,437.918,100.966,272.833,0.931018,-1,-1,-1
17,11,1558.213,421.959,191.356,379.905,0.876704,-1,-1,-1
17,12,426.566,442.825,147.100,285.936,0.929224,-1,-1,-1
17,13,1250.217,439.074,43.399,105.639,0.843066,-1,-1,-1
17,14,695.655,463.696,42.299,104.304,0.647241,-1,-1,-1
17,15,1016.864,454.754,42.380,84.451,0.682674,-1,-1,-1
17,16,848.920,466.990,36.337,73.159,0.549623,-1,-1,-1
17,18,657.645,460.535,70.299,150.448,0.789045,-1,-1,-1
17,19,919.683,429.010,60.837,147.444,0.750011,-1,-1,-1
17,20,810.635,473.843,40.680,73.398,0.608846,-1,-1,-1
17,17,958.176,485.349,96.294,105.340,0.621068,-1,-1,-1
18,1,724.178,462.762,43.985,113.899,0.838265,-1,-1,-1
18,2,693.622,447.768,36.795,85.975,0.614255,-1,-1,-1
18,3,541.461,446.065,46.180,111.993,0.768830,-1,-1,-1
18,4,1065.360,463.714,63.017,126.332,0.569899,-1,-1,-1
18,5,1680.913,431.525,110.476,155.972,0.588699,-1,-1,-1
18,6,929.725,432.349,41.056,105.899,0.531121,-1,-1,-1
18,7,1399.128,432.154,52.909,123.781,0.810515,-1,-1,-1
18,8,1099.435,440.594,34.509,90.107,0.543539,-1,-1,-1
18,9,1455.225,415.062,218.984,396.441,0.926736,-1,-1,-1
18,10,578.828,439.957,102.068,269.265,0.934192,-1,-1,-1
18,11,1565.007,423.130,191.367,384.045,0.926335,-1,-1,-1
18,12,425.668,443.800,145.130,285.666,0.938863,-1,-1,-1
18,13,1249.708,438.743,42.320,104.126,0.842325,-1,-1,-1
18,14,695.019,463.755,42.357,105.807,0.680043,-1,-1,-1
18,15,1016.635,452.679,43.864,89.590,0.613678,-1,-1,-1
18,16,847.457,467.539,39.716,74.071,0.540997,-1,-1,-1
18,18,656.302,460.070,70.027,148.537,0.748142,-1,-1,-1
18,19,919.955,428.727,59.680,148.492,0.779438,-1,-1,-1
18,20,811.301,471.497,44.008,76.602,0.637559,-1,-1,-1
18,17,962.588,472.220,92.797,116.777,0.560947,-1,-1,-1
19,1,722.912,461.606,45.912,112.859,0.821742,-1,-1,-1
19,2,701.006,447.353,35.416,77.367,0.363153,-1,-1,-1
19,3,540.187,446.559,48.589,118.221,0.748158,-1,-1,-1
19,4,1065.721,447.600,64.597,142.804,0.454731,-1,-1,-1
19,5,1681.362,429.850,108.350,159.471,0.607485,-1,-1,-1
19,6,928.027,431.095,44.528,111.638,0.734611,-1,-1,-1
19,7,1402.307,430.878,50.896,125.709,0.625833,-1,-1,-1
19,8,1097.036,438.979,38.838,92.541,0.526662,-1,-1,-1
19,9,1457.483,399.788,231.199,409.482,0.942964,-1,-1,-1
19,10,578.492,439.084,105.049,270.692,0.928011,-1,-1,-1
19,11,1572.808,424.903,193.929,377.441,0.920478,-1,-1,-1
19,12,429.707,447.250,140.102,281.771,0.936389,-1,-1,-1
19,13,1249.759,439.438,41.387,103.278,0.852576,-1,-1,-1
19,14,691.530,453.565,44.018,106.020,0.684948,-1,-1,-1
19,15,1020.187,446.297,42.226,91.042,0.649958,-1,-1,-1
19,16,848.165,467.560,39.525,74.306,0.561888,-1,-1,-1
19,18,651.563,459.554,77.038,155.483,0.811152,-1,-1,-1
19,19,919.179,434.370,62.783,146.283,0.570041,-1,-1,-1
19,20,809.989,471.701,43.051,77.190,0.604697,-1,-1,-1
19,17,961.996,482.231,93.931,107.304,0.220129,-1,-1,-1
19,22,1826.891,454.562,91.822,197.868,0.638903,-1,-1,-1
20,1,721.995,465.404,47.263,106.701,0.754638,-1,-1,-1
20,2,704.560,447.332,35.287,82.609,0.398228,-1,-1,-1
20,3,541.315,444.980,46.141,116.187,0.682216,-1,-1,-1
20,4,1068.192,439.928,62.788,149.625,0.424633,-1,-1,-1
20,5,1684.117,426.081,102.931,171.147,0.710847,-1,-1,-1
20,6,927.052,431.595,44.682,105.606,0.679512,-1,-1,-1
20,7,1404.827,429.159,50.627,129.673,0.822121,-1,-1,-1
20,8,1093.909,438.738,40.971,100.796,0.508305,-1,-1,-1
20,9,1457.140,406.209,247.919,407.031,0.952475,-1,-1,-1
20,10,580.615,437.654,105.633,273.081,0.938009,-1,-1,-1
20,11,1576.375,434.086,192.487,370.366,0.894699,-1,-1,-1
20,12,435.952,446.863,135.593,280.914,0.936506,-1,-1,-1
20,13,1249.160,440.426,41.430,101.308,0.803526,-1,-1,-1
20,14,687.688,449.784,47.443,120.224,0.671844,-1,-1,-1
20,15,1018.185,441.044,42.915,96.487,0.531218,-1,-1,-1
20,16,846.524,467.518,41.631,74.049,0.504904,-1,-1,-1
20,18,654.618,460.382,73.487,148.126,0.768729,-1,-1,-1
20,19,917.463,443.951,65.150,138.647,0.479790,-1,-1,-1
20,20,807.368,470.305,43.868,78.668,0.619861,-1,-1,-1
20,17,972.055,486.277,90.735,100.968,0.210595,-1,-1,-1
20,22,1827.059,457.464,92.080,195.043,0.556180,-1,-1,-1
21,1,718.086,464.151,51.626,109.480,0.724935,-1,-1,-1
21,2,694.170,447.461,43.283,103.892,0.673524,-1,-1,-1
21,3,542.119,445.065,44.425,108.112,0.604642,-1,-1,-1
21,4,1071.317,439.908,60.882,149.774,0.482933,-1,-1,-1
21,5,1688.027,430.166,97.531,161.707,0.618865,-1,-1,-1
21,6,926.612,432.253,45.104,110.448,0.710036,-1,-1,-1
21,7,1407.824,436.565,48.921,122.503,0.748324,-1,-1,-1
21,8,1096.568,439.702,37.625,95.808,0.538347,-1,-1,-1
21,9,1458.250,410.998,254.213,409.244,0.948578,-1,-1,-1
21,10,580.422,436.475,110.319,275.205,0.934460,-1,-1,-1
21,11,1600.131,426.562,171.839,375.001,0.922255,-1,-1,-1
21,12,438.760,445.596,133.691,282.135,0.932764,-1,-1,-1
21,13,1248.490,440.775,42.427,100.821,0.830016,-1,-1,-1
21,14,678.128,450.362,54.178,134.596,0.637888,-1,-1,-1
21,15,1014.404,438.679,45.800,98.642,0.528872,-1,-1,-1
21,16,847.412,466.395,41.109,74.161,0.619500,-1,-1,-1
21,18,649.633,458.792,78.638,153.860,0.763022,-1,-1,-1
21,19,918.377,446.442,63.491,135.470,0.453889,-1,-1,-1
21,20,807.379,469.504,43.619,78.842,0.663238,-1,-1,-1
21,17,977.281,488.302,88.241,97.965,0.205125,-1,-1,-1
21,22,1829.370,421.457,90.365,231.047,0.573528,-1,-1,-1
21,23,1496.081,437.452,41.834,101.046,0.695650,-1,-1,-1
22,1,715.178,465.777,55.813,110.292,0.769462,-1,-1,-1
22,2,689.601,446.743,46.726,108.721,0.725442,-1,-1,-1
22,3,539.391,445.065,48.576,121.760,0.660438,-1,-1,-1
22,4,1073.125,439.198,59.419,150.200,0.529608,-1,-1,-1
22,5,1690.121,431.723,94.759,158.348,0.599702,-1,-1,-1
22,6,927.036,434.477,41.216,99.879,0.702476,-1,-1,-1
22,7,1409.366,437.135,50.518,121.723,0.775013,-1,-1,-1
22,8,1096.538,437.713,37.323,98.101,0.604282,-1,-1,-1
22,9,1459.836,407.319,251.377,410.949,0.949312,-1,-1,-1
22,10,581.544,436.389,111.236,274.828,0.939642,-1,-1,-1
22,11,1612.857,423.120,160.709,381.037,0.917945,-1,-1,-1
22,12,434.915,444.913,139.986,282.197,0.933712,-1,-1,-1
22,13,1247.941,441.371,42.193,100.394,0.834053,-1,-1,-1
22,14,674.175,449.640,56.722,143.670,0.638567,-1,-1,-1
22,15,1014.378,435.070,46.220,102.852,0.636965,-1,-1,-1
22,16,847.592,465.914,42.021,74.212,0.525228,-1,-1,-1
22,18,649.133,458.959,78.534,151.977,0.779317,-1,-1,-1
22,19,918.052,464.730,65.706,117.421,0.185371,-1,-1,-1
22,20,808.109,471.063,43.226,77.688,0.561910,-1,-1,-1
22,22,1827.211,401.934,92.793,251.506,0.746268,-1,-1,-1
22,23,1503.826,433.909,35.273,92.378,0.410748,-1,-1,-1
23,1,714.925,467.867,55.983,108.943,0.832809,-1,-1,-1
23,2,686.404,445.029,47.197,99.812,0.679666,-1,-1,-1
23,3,539.309,445.933,49.798,122.682,0.646720,-1,-1,-1
23,4,1078.302,440.412,54.308,146.041,0.398488,-1,-1,-1
23,5,1693.292,428.741,95.762,193.913,0.262245,-1,-1,-1
23,6,928.066,436.357,42.508,97.524,0.633272,-1,-1,-1
23,7,1413.638,449.433,60.587,111.426,0.811073,-1,-1,-1
23,8,1097.759,437.891,36.088,93.547,0.577483,-1,-1,-1
23,9,1468.334,403.933,237.362,412.217,0.938053,-1,-1,-1
23,10,581.144,436.494,113.624,274.184,0.943281,-1,-1,-1
23,11,1622.472,421.223,148.113,384.161,0.914176,-1,-1,-1
23,12,443.078,445.870,132.848,280.128,0.930229,-1,-1,-1
23,13,1247.959,441.661,41.591,99.997,0.854237,-1,-1,-1
23,14,670.431,451.789,59.427,154.173,0.821897,-1,-1,-1
23,15,1016.661,435.624,42.976,100.272,0.563186,-1,-1,-1
23,16,847.493,466.076,41.086,73.226,0.493205,-1,-1,-1
23,18,645.690,454.449,66.173,143.703,0.315456,-1,-1,-1
23,19,917.157,440.480,67.027,142.409,0.444824,-1,-1,-1
23,20,806.149,471.214,45.957,78.183,0.604029,-1,-1,-1
23,22,1826.702,395.336,93.429,259.573,0.831915,-1,-1,-1
23,23,1509.565,431.954,30.337,73.345,0.315182,-1,-1,-1
24,1,714.978,469.552,56.288,107.130,0.825697,-1,-1,-1
24,2,683.696,446.030,47.765,106.003,0.756411,-1,-1,-1
24,3,539.973,445.621,48.641,116.522,0.609098,-1,-1,-1
24,4,1074.603,454.322,56.613,136.019,0.540467,-1,-1,-1
24,5,1686.577,424.677,93.663,203.020,0.124355,-1,-1,-1
24,6,928.806,438.312,40.648,90.515,0.622997,-1,-1,-1
24,7,1411.504,442.077,69.215,116.922,0.757014,-1,-1,-1
24,8,1097.603,438.125,35.930,91.288,0.563165,-1,-1,-1
24,9,1474.951,400.464,239.783,414.308,0.953348,-1,-1,-1
24,10,580.593,436.837,115.173,274.252,0.939765,-1,-1,-1
24,11,1632.151,420.836,142.210,383.286,0.915516,-1,-1,-1
24,12,448.758,446.529,128.321,280.523,0.927108,-1,-1,-1
24,13,1247.859,441.970,41.835,99.499,0.816423,-1,-1,-1
24,14,668.754,451.959,59.859,151.895,0.767876,-1,-1,-1
24,15,1017.432,438.002,42.018,98.884,0.630534,-1,-1,-1
24,16,847.120,465.643,42.262,73.826,0.516364,-1,-1,-1
24,18,644.886,454.630,64.859,132.061,0.383153,-1,-1,-1
24,19,915.683,470.232,70.758,113.554,0.475511,-1,-1,-1
24,20,806.124,471.535,47.813,78.605,0.629660,-1,-1,-1
24,22,1826.024,397.998,93.964,257.304,0.779340,-1,-1,-1
24,23,1510.279,433.444,29.326,68.492,0.286781,-1,-1,-1
24,17,956.458,489.406,88.779,100.348,0.623089,-1,-1,-1
25,1,714.689,466.641,55.784,110.411,0.849129,-1,-1,-1
25,2,685.243,446.285,45.972,97.395,0.717322,-1,-1,-1
25,3,539.801,446.913,45.553,106.361,0.528378,-1,-1,-1
25,4,1078.303,450.082,53.661,139.248,0.473518,-1,-1,-1
25,5,1691.679,418.698,93.810,232.054,0.371586,-1,-1,-1
25,6,927.368,437.223,43.020,89.660,0.703812,-1,-1,-1
25,7,1414.121,445.452,71.001,113.731,0.809627,-1,-1,-1
25,8,1098.829,436.319,35.258,91.877,0.670378,-1,-1,-1
25,9,1480.678,405.258,236.577,410.470,0.953213,-1,-1,-1
25,10,582.316,438.210,113.907,273.274,0.942832,-1,-1,-1
25,11,1643.844,417.129,135.171,385.425,0.910007,-1,-1,-1
25,12,447.706,448.179,130.821,280.930,0.933213,-1,-1,-1
25,13,1247.684,442.066,41.570,100.134,0.857354,-1,-1,-1
25,14,666.349,450.859,62.021,154.568,0.735596,-1,-1,-1
25,15,1020.088,439.376,40.609,97.207,0.534667,-1,-1,-1
25,16,845.968,466.073,42.317,73.653,0.456558,-1,-1,-1
25,18,645.001,454.348,75.204,165.181,0.604491,-1,-1,-1
25,19,919.211,444.609,59.427,122.455,0.679281,-1,-1,-1
25,20,810.406,471.603,44.156,77.358,0.466640,-1,-1,-1
25,22,1825.604,405.987,94.172,249.959,0.754369,-1,-1,-1
25,23,1514.158,435.189,29.657,66.083,0.354201,-1,-1,-1
25,24,1525.883,440.950,46.672,113.352,0.714460,-1,-1,-1
25,17,963.272,496.251,81.539,93.149,0.177773,-1,-1,-1
26,1,713.942,463.073,58.658,114.080,0.862678,-1,-1,-1
26,2,686.849,444.704,44.261,93.185,0.764734,-1,-1,-1
26,3,541.426,448.179,42.081,102.823,0.435618,-1,-1,-1
26,4,1079.495,447.548,53.551,141.335,0.530534,-1,-1,-1
26,5,1691.508,412.261,93.490,243.784,0.159673,-1,-1,-1
26,6,925.485,435.950,46.664,99.120,0.629763,-1,-1,-1
26,7,1412.112,442.094,74.989,116.711,0.870131,-1,-1,-1
26,8,1098.221,435.026,36.430,95.211,0.710500,-1,-1,-1
26,9,1490.159,404.972,225.361,412.045,0.954412,-1,-1,-1
26,10,582.980,437.903,114.116,273.739,0.937858,-1,-1,-1
26,11,1653.007,415.829,128.139,386.862,0.916920,-1,-1,-1
26,12,445.050,445.296,136.132,285.232,0.935056,-1,-1,-1
26,13,1247.705,442.040,41.457,100.374,0.869230,-1,-1,-1
26,14,673.196,445.530,56.875,145.472,0.671156,-1,-1,-1
26,15,1018.702,446.335,42.227,89.682,0.450234,-1,-1,-1
26,16,844.549,466.193,45.255,74.575,0.330556,-1,-1,-1
26,18,646.788,451.528,78.861,166.785,0.543235,-1,-1,-1
26,19,918.520,436.582,60.981,132.867,0.671825,-1,-1,-1
26,20,810.322,469.407,54.102,82.940,0.278229,-1,-1,-1
26,22,1825.130,404.573,94.459,252.237,0.712048,-1,-1,-1
26,23,1518.155,439.199,29.655,67.436,0.349255,-1,-1,-1
26,24,1527.143,441.527,40.678,105.320,0.461790,-1,-1,-1
26,17,964.002,493.502,83.813,96.284,0.257028,-1,-1,-1
27,1,714.056,461.514,58.386,111.541,0.819738,-1,-1,-1
27,2,688.697,442.121,43.346,94.615,0.776015,-1,-1,-1
27,3,543.810,450.189,42.857,102.081,0.478203,-1,-1,-1
27,4,1080.461,437.953,53.684,149.490,0.528248,-1,-1,-1
27,6,926.864,434.944,42.459,101.309,0.401948,-1,-1,-1
27,7,1412.834,440.361,75.557,117.391,0.864298,-1,-1,-1
27,8,1096.921,434.605,38.123,99.949,0.694802,-1,-1,-1
27,9,1504.598,404.207,219.916,419.055,0.933253,-1,-1,-1
27,10,584.048,438.183,112.660,274.846,0.940232,-1,-1,-1
27,11,1659.994,415.410,129.004,391.581,0.903644,-1,-1,-1
27,12,445.503,442.119,138.730,288.408,0.939719,-1,-1,-1
27,13,1247.724,442.240,40.959,100.008,0.858313,-1,-1,-1
27,14,657.596,449.518,68.640,135.098,0.539200,-1,-1,-1
27,15,1007.695,446.402,47.394,91.908,0.619429,-1,-1,-1
27,16,844.554,466.207,45.803,73.377,0.290441,-1,-1,-1
27,18,643.400,450.836,86.456,184.243,0.165620,-1,-1,-1
27,19,918.513,431.857,62.671,142.154,0.726790,-1,-1,-1
27,20,808.927,469.021,56.932,84.139,0.281284,-1,-1,-1
27,22,1826.046,402.913,93.819,251.504,0.774535,-1,-1,-1
27,23,1522.437,442.184,31.094,67.284,0.394941,-1,-1,-1
27,17,965.384,498.404,83.964,91.702,0.179653,-1,-1,-1
28,1,715.279,460.978,55.969,109.322,0.830260,-1,-1,-1
28,2,689.778,440.916,43.363,95.680,0.783262,-1,-1,-1
28,3,544.487,450.553,41.765,100.825,0.419227,-1,-1,-1
28,4,1077.424,439.902,56.867,149.056,0.590540,-1,-1,-1
28,6,925.291,433.951,45.748,108.437,0.623726,-1,-1,-1
28,7,1414.568,436.730,74.701,122.161,0.883048,-1,-1,-1
28,8,1097.484,434.596,38.195,98.488,0.731976,-1,-1,-1
28,9,1526.111,400.463,207.023,428.123,0.930348,-1,-1,-1
28,10,585.758,437.230,110.833,276.358,0.934725,-1,-1,-1
28,11,1667.370,410.650,136.330,387.136,0.924926,-1,-1,-1
28,12,439.031,439.588,145.656,291.217,0.940687,-1,-1,-1
28,13,1248.751,441.269,41.293,101.049,0.872652,-1,-1,-1
28,14,673.470,451.386,57.779,123.640,0.622686,-1,-1,-1
28,15,1004.331,444.273,50.812,94.999,0.689478,-1,-1,-1
28,16,843.977,466.143,45.728,74.963,0.477752,-1,-1,-1
28,18,649.098,456.136,81.513,184.096,0.730866,-1,-1,-1
28,19,917.063,428.900,64.733,148.184,0.713031,-1,-1,-1
28,20,813.716,467.720,57.976,84.523,0.414107,-1,-1,-1
28,22,1837.066,407.228,82.890,249.966,0.830782,-1,-1,-1
28,23,1524.225,436.195,31.746,77.220,0.284303,-1,-1,-1
28,17,963.346,499.513,87.510,91.084,0.158688,-1,-1,-1
28,24,1542.364,434.406,45.435,118.965,0.777525,-1,-1,-1
29,1,713.527,463.834,57.070,113.387,0.824989,-1,-1,-1
29,2,690.248,441.183,42.739,94.159,0.771793,-1,-1,-1
29,3,542.838,447.969,45.324,117.718,0.459111,-1,-1,-1
29,4,1075.436,452.564,57.805,138.756,0.699003,-1,-1,-1
29,6,924.258,433.390,47.723,104.736,0.562400,-1,-1,-1
29,7,1419.017,435.787,69.656,123.995,0.865264,-1,-1,-1
29,8,1097.810,434.684,37.598,95.942,0.699538,-1,-1,-1
29,9,1544.114,401.899,190.847,424.211,0.931367,-1,-1,-1
29,10,587.603,438.785,109.462,275.564,0.927680,-1,-1,-1
29,11,1675.308,410.689,140.609,384.447,0.924055,-1,-1,-1
29,12,440.780,440.299,144.936,289.053,0.934836,-1,-1,-1
29,13,1247.953,441.888,40.937,100.804,0.863497,-1,-1,-1
29,15,1004.257,449.766,48.109,88.101,0.677058,-1,-1,-1
29,16,843.947,466.463,45.192,74.142,0.452108,-1,-1,-1
29,18,643.274,453.964,88.266,189.603,0.739207,-1,-1,-1
29,19,917.105,428.596,64.348,145.985,0.598170,-1,-1,-1
29,20,812.935,469.661,50.078,79.984,0.512209,-1,-1,-1
29,22,1829.954,419.339,89.942,236.268,0.853486,-1,-1,-1
29,23,1527.085,442.734,30.672,66.935,0.290108,-1,-1,-1
29,17,962.715,495.927,84.732,94.523,0.173901,-1,-1,-1
29,25,571.631,445.768,43.402,123.752,0.702025,-1,-1,-1
29,24,1547.390,442.146,44.207,113.516,0.805205,-1,-1,-1
30,1,713.781,464.450,56.682,112.869,0.798086,-1,-1,-1
30,2,688.674,442.478,46.155,109.175,0.749496,-1,-1,-1
30,3,540.976,446.096,46.737,125.241,0.417524,-1,-1,-1
30,4,1074.184,459.709,59.346,132.210,0.730423,-1,-1,-1
30,6,924.619,434.242,46.381,107.246,0.515258,-1,-1,-1
30,7,1429.526,432.644,56.971,126.029,0.885978,-1,-1,-1
30,8,1098.090,435.535,37.468,90.405,0.654035,-1,-1,-1
30,9,1566.740,397.737,183.273,426.088,0.946527,-1,-1,-1
30,10,590.346,436.969,109.311,277.143,0.929344,-1,-1,-1
30,11,1673.489,414.969,172.521,385.342,0.903856,-1,-1,-1
30,12,445.852,439.495,140.991,291.627,0.934892,-1,-1,-1
30,13,1248.864,441.928,40.399,100.672,0.860757,-1,-1,-1
30,15,1001.570,454.174,49.573,89.835,0.649565,-1,-1,-1
30,16,843.968,466.675,45.175,74.893,0.522725,-1,-1,-1
30,18,642.226,449.315,91.778,196.567,0.582240,-1,-1,-1
30,19,917.566,429.293,62.517,144.759,0.583473,-1,-1,-1
30,20,812.721,469.795,45.449,78.873,0.526788,-1,-1,-1
30,22,1831.012,427.019,88.974,221.786,0.790649,-1,-1,-1
30,23,1528.129,448.606,30.050,59.687,0.313104,-1,-1,-1
30,17,965.539,484.105,82.532,105.965,0.259984,-1,-1,-1
30,25,564.553,444.380,51.383,133.798,0.759887,-1,-1,-1
30,24,1549.679,450.359,44.129,106.338,0.837743,-1,-1,-1
31,1,714.452,467.003,53.647,111.444,0.824186,-1,-1,-1
31,2,685.659,444.016,50.266,120.054,0.746010,-1,-1,-1
31,3,543.431,448.794,46.255,128.602,0.406053,-1,-1,-1
31,4,1072.625,459.364,60.683,133.295,0.628808,-1,-1,-1
31,6,923.946,434.954,50.045,111.347,0.600448,-1,-1,-1
31,7,1438.702,431.158,48.182,126.377,0.860575,-1,-1,-1
31,8,1097.840,434.392,38.163,98.640,0.666643,-1,-1,-1
31,9,1581.961,395.117,184.560,434.999,0.931807,-1,-1,-1
31,10,593.810,436.165,109.855,277.084,0.931121,-1,-1,-1
31,11,1671.956,409.696,207.831,396.344,0.914578,-1,-1,-1
31,12,450.293,438.199,137.062,294.476,0.936055,-1,-1,-1
31,13,1248.958,441.391,40.714,100.968,0.866288,-1,-1,-1
31,15,1000.867,453.037,47.930,88.066,0.689652,-1,-1,-1
31,16,845.406,466.546,44.140,76.136,0.627226,-1,-1,-1
31,18,642.037,450.573,92.807,197.194,0.603939,-1,-1,-1
31,19,913.357,431.165,68.079,148.950,0.797543,-1,-1,-1
31,20,810.025,471.000,42.778,76.157,0.553820,-1,-1,-1
31,22,1836.147,429.999,83.951,219.308,0.726927,-1,-1,-1
31,23,1528.373,450.630,29.963,54.756,0.389219,-1,-1,-1
31,17,963.464,490.503,82.524,99.520,0.224765,-1,-1,-1
31,25,562.596,446.844,52.094,138.788,0.767643,-1,-1,-1
31,24,1548.429,456.972,45.756,99.749,0.758617,-1,-1,-1
31,26,1478.129,446.379,35.562,91.510,0.757262,-1,-1,-1
31,14,670.014,448.326,64.249,155.946,0.650859,-1,-1,-1
32,1,712.097,463.121,54.231,116.811,0.743046,-1,-1,-1
32,2,689.485,441.828,46.143,109.232,0.590660,-1,-1,-1
32,3,545.797,451.399,48.907,130.501,0.381622,-1,-1,-1
32,4,1072.504,456.901,61.191,135.841,0.636109,-1,-1,-1
32,6,923.605,435.272,51.588,110.780,0.574313,-1,-1,-1
32,7,1444.943,429.712,44.939,127.309,0.886513,-1,-1,-1
32,8,1099.023,434.753,37.680,102.040,0.688583,-1,-1,-1
32,9,1592.008,391.285,189.996,443.944,0.942519,-1,-1,-1
32,10,596.700,438.840,109.166,272.733,0.932752,-1,-1,-1
32,11,1681.228,410.196,223.532,400.768,0.936502,-1,-1,-1
32,12,446.466,438.127,141.741,296.718,0.935759,-1,-1,-1
32,13,1249.397,441.084,39.849,101.425,0.869084,-1,-1,-1
32,15,1001.026,455.254,45.823,83.909,0.588007,-1,-1,-1
32,16,845.975,466.807,43.010,76.408,0.593012,-1,-1,-1
32,18,657.056,451.122,83.491,194.464,0.710668,-1,-1,-1
32,19,912.183,433.689,70.703,148.183,0.779110,-1,-1,-1
32,20,807.794,471.475,41.849,74.032,0.598188,-1,-1,-1
32,22,1839.944,416.221,80.110,238.645,0.618968,-1,-1,-1
32,23,1528.634,450.762,28.741,51.527,0.457447,-1,-1,-1
32,17,961.433,496.763,83.657,93.526,0.208124,-1,-1,-1
32,25,558.276,447.774,56.613,141.352,0.793352,-1,-1,-1
32,24,1549.927,447.479,43.205,109.013,0.767393,-1,-1,-1
32,26,1481.352,446.408,35.628,90.329,0.824864,-1,-1,-1
32,14,679.505,445.355,59.582,147.024,0.687585,-1,-1,-1
33,1,708.011,458.864,56.630,123.336,0.688608,-1,-1,-1
33,2,688.340,443.397,54.904,135.553,0.705382,-1,-1,-1
33,3,547.251,450.135,49.856,132.179,0.394207,-1,-1,-1
33,4,1072.614,457.883,60.619,134.359,0.629504,-1,-1,-1
33,6,923.260,435.112,52.787,112.529,0.584305,-1,-1,-1
33,7,1446.973,429.221,43.076,126.301,0.883399,-1,-1,-1
33,8,1100.007,435.081,36.855,100.761,0.709327,-1,-1,-1
33,9,1602.304,390.832,190.120,452.390,0.943423,-1,-1,-1
33,10,597.607,437.477,107.204,273.422,0.931632,-1,-1,-1
33,11,1690.307,408.280,228.115,405.919,0.946993,-1,-1,-1
33,12,446.377,437.312,143.029,297.413,0.939491,-1,-1,-1
33,13,1249.873,440.601,39.826,101.750,0.875946,-1,-1,-1
33,15,1002.891,448.675,45.704,86.747,0.681100,-1,-1,-1
33,16,847.680,466.794,40.020,76.046,0.583512,-1,-1,-1
33,18,664.872,451.792,77.313,196.795,0.748817,-1,-1,-1
33,19,912.045,432.118,71.435,150.994,0.781320,-1,-1,-1
33,20,806.045,470.539,40.700,73.822,0.561795,-1,-1,-1
33,22,1841.324,406.145,78.695,249.363,0.751612,-1,-1,-1
33,23,1528.425,446.574,28.458,53.276,0.417333,-1,-1,-1
33,17,958.844,495.444,84.331,95.001,0.280792,-1,-1,-1
33,25,557.296,445.594,57.501,143.667,0.785428,-1,-1,-1
33,24,1550.034,442.639,43.860,114.820,0.809656,-1,-1,-1
33,26,1482.800,439.025,37.972,99.913,0.777734,-1,-1,-1
34,1,707.098,462.988,54.392,117.140,0.653269,-1,-1,-1
34,2,693.359,443.174,44.983,117.517,0.638553,-1,-1,-1
34,3,547.689,449.889,49.212,131.518,0.398040,-1,-1,-1
34,4,1070.870,465.573,60.256,128.320,0.647442,-1,-1,-1
34,6,923.602,434.020,50.121,101.791,0.532127,-1,-1,-1
34,7,1449.452,428.544,44.444,128.028,0.893308,-1,-1,-1
34,8,1099.429,434.604,36.656,96.049,0.664775,-1,-1,-1
34,9,1610.457,383.665,195.528,470.447,0.945084,-1,-1,-1
34,10,600.503,439.231,106.338,270.870,0.923364,-1,-1,-1
34,11,1699.797,416.282,223.734,408.092,0.884966,-1,-1,-1
34,12,444.622,438.543,145.812,300.207,0.945334,-1,-1,-1
34,13,1249.976,441.333,40.388,101.145,0.863758,-1,-1,-1
34,15,1002.425,448.009,48.465,97.097,0.736647,-1,-1,-1
34,16,846.301,467.701,42.411,75.921,0.503171,-1,-1,-1
34,18,667.177,453.975,72.605,180.352,0.685835,-1,-1,-1
34,19,916.469,433.876,63.328,141.966,0.592039,-1,-1,-1
34,20,801.858,474.406,41.618,67.206,0.362754,-1,-1,-1
34,22,1839.232,402.893,80.704,252.675,0.597671,-1,-1,-1
34,23,1527.964,446.705,29.478,52.192,0.374115,-1,-1,-1
34,17,953.564,491.494,84.525,97.222,0.206538,-1,-1,-1
34,25,557.247,445.651,58.255,143.956,0.756074,-1,-1,-1
34,24,1550.964,440.990,43.990,116.852,0.731811,-1,-1,-1
34,26,1484.993,442.135,37.588,96.417,0.823250,-1,-1,-1
34,14,689.531,445.817,51.265,135.613,0.697817,-1,-1,-1
35,1,710.732,469.290,50.567,110.550,0.672217,-1,-1,-1
35,2,695.465,442.683,40.230,103.713,0.683951,-1,-1,-1
35,3,548.166,450.197,46.457,130.162,0.385764,-1,-1,-1
35,4,1071.275,470.057,57.376,124.334,0.705699,-1,-1,-1
35,6,925.336,434.435,45.050,92.014,0.469660,-1,-1,-1
35,7,1451.317,428.120,44.748,128.030,0.889913,-1,-1,-1
35,8,1099.631,434.425,34.598,90.324,0.655304,-1,-1,-1
35,9,1617.405,385.457,208.211,471.057,0.946432,-1,-1,-1
35,10,601.940,438.723,104.048,271.233,0.929994,-1,-1,-1
35,11,1712.986,421.242,212.905,403.337,0.898219,-1,-1,-1
35,12,443.208,437.597,147.230,303.145,0.944850,-1,-1,-1
35,13,1250.199,440.384,40.219,102.218,0.865782,-1,-1,-1
35,15,1000.543,448.002,48.268,102.214,0.660566,-1,-1,-1
35,16,846.125,467.810,44.089,74.834,0.518371,-1,-1,-1
35,18,660.422,450.873,76.313,197.553,0.811802,-1,-1,-1
35,19,912.764,469.925,68.435,111.854,0.717013,-1,-1,-1
35,20,798.019,474.493,38.911,64.776,0.347988,-1,-1,-1
35,22,1849.622,403.604,70.112,251.696,0.601015,-1,-1,-1
35,23,1526.994,441.522,30.999,60.742,0.331785,-1,-1,-1
35,17,954.871,495.313,75.873,92.257,0.224352,-1,-1,-1
35,25,561.541,446.613,54.756,142.154,0.800596,-1,-1,-1
35,24,1548.316,436.812,47.954,121.004,0.696979,-1,-1,-1
35,26,1485.482,442.129,38.219,96.446,0.816615,-1,-1,-1
35,14,691.252,445.130,48.192,130.269,0.629007,-1,-1,-1
36,1,707.537,466.344,53.449,121.774,0.677325,-1,-1,-1
36,2,700.019,442.160,33.109,81.086,0.640849,-1,-1,-1
36,3,548.610,450.454,44.310,130.199,0.376228,-1,-1,-1
36,4,1072.772,471.689,55.692,122.579,0.774914,-1,-1,-1
36,6,927.216,435.168,40.839,86.857,0.469122,-1,-1,-1
36,7,1454.516,427.916,44.825,129.742,0.898051,-1,-1,-1
36,8,1099.892,434.618,33.312,86.608,0.658670,-1,-1,-1
36,9,1620.694,391.096,234.157,471.210,0.936319,-1,-1,-1
36,10,602.923,437.852,102.192,273.091,0.931737,-1,-1,-1
36,11,1730.337,418.052,195.984,405.934,0.920727,-1,-1,-1
36,12,440.618,437.124,150.573,305.833,0.942063,-1,-1,-1
36,13,1250.390,439.856,40.669,103.534,0.859141,-1,-1,-1
36,15,1001.226,448.464,46.127,99.874,0.738138,-1,-1,-1
36,16,844.124,467.876,46.675,75.999,0.551262,-1,-1,-1
36,18,659.749,454.974,78.863,198.306,0.826620,-1,-1,-1
36,19,912.237,482.691,70.567,101.346,0.592265,-1,-1,-1
36,20,802.015,472.002,42.816,73.697,0.627296,-1,-1,-1
36,22,1857.251,402.197,62.668,256.660,0.479984,-1,-1,-1
36,23,1527.042,440.352,31.271,60.327,0.226557,-1,-1,-1
36,17,954.159,495.461,74.640,92.015,0.346878,-1,-1,-1
36,25,566.205,447.937,50.105,139.334,0.793184,-1,-1,-1
36,24,1547.699,439.619,48.056,117.976,0.668990,-1,-1,-1
36,26,1486.676,442.352,41.129,97.336,0.692348,-1,-1,-1
36,14,689.969,458.349,50.453,129.951,0.574086,-1,-1,-1
37,1,703.478,458.377,54.057,122.674,0.585743,-1,-1,-1
37,2,700.478,442.229,31.309,69.656,0.388812,-1,-1,-1
37,3,548.386,450.621,45.531,130.292,0.313999,-1,-1,-1
37,4,1071.562,474.638,56.657,120.362,0.773271,-1,-1,-1
37,6,927.397,435.339,41.456,87.564,0.583248,-1,-1,-1
37,7,1456.993,427.113,45.583,130.289,0.897197,-1,-1,-1
37,8,1100.412,433.788,32.842,83.415,0.638448,-1,-1,-1
37,9,1628.645,388.547,260.121,488.480,0.956440,-1,-1,-1
37,10,605.174,439.047,100.085,272.093,0.933322,-1,-1,-1
37,11,1757.155,416.281,168.770,408.066,0.928141,-1,-1,-1
37,12,438.743,441.398,153.849,298.543,0.942217,-1,-1,-1
37,13,1250.955,440.703,40.207,102.440,0.866867,-1,-1,-1
37,15,1001.268,447.068,46.413,100.660,0.716927,-1,-1,-1
37,16,843.128,467.153,47.887,74.900,0.459236,-1,-1,-1
37,18,658.015,458.099,69.712,186.325,0.635476,-1,-1,-1
37,19,911.645,488.927,70.819,95.692,0.628210,-1,-1,-1
37,20,801.414,473.297,44.307,69.886,0.388537,-1,-1,-1
37,22,1861.277,427.698,58.668,219.255,0.192252,-1,-1,-1
37,23,1526.939,440.929,31.580,61.657,0.178979,-1,-1,-1
37,17,952.475,501.749,72.456,85.672,0.192518,-1,-1,-1
37,25,567.520,448.189,49.105,136.125,0.765650,-1,-1,-1
37,24,1549.790,436.519,46.905,120.465,0.463387,-1,-1,-1
37,26,1491.052,440.714,41.157,97.928,0.413742,-1,-1,-1
37,14,671.896,459.665,79.028,171.709,0.728342,-1,-1,-1
38,1,702.597,455.654,54.347,122.029,0.597667,-1,-1,-1
38,2,701.621,443.268,30.829,67.796,0.562537,-1,-1,-1
38,3,549.200,451.079,41.720,118.052,0.302914,-1,-1,-1
38,4,1072.477,467.382,56.427,126.478,0.533331,-1,-1,-1
38,6,925.575,435.859,46.744,92.833,0.528274,-1,-1,-1
38,7,1460.150,425.765,45.509,130.863,0.905538,-1,-1,-1
38,8,1100.880,433.695,33.170,85.535,0.605042,-1,-1,-1
38,9,1632.138,390.528,270.527,480.853,0.957501,-1,-1,-1
38,10,606.583,439.456,99.268,272.462,0.929101,-1,-1,-1
38,11,1767.477,430.211,157.458,390.253,0.873184,-1,-1,-1
38,12,435.904,443.500,157.073,302.089,0.944935,-1,-1,-1
38,13,1251.262,440.068,40.052,103.042,0.864048,-1,-1,-1
38,15,1002.136,446.788,45.207,99.925,0.628821,-1,-1,-1
38,16,846.640,466.724,44.929,74.721,0.496291,-1,-1,-1
38,18,653.639,454.270,88.046,206.304,0.811219,-1,-1,-1
38,19,911.023,472.985,72.637,111.182,0.601439,-1,-1,-1
38,20,799.945,472.907,41.225,66.554,0.383666,-1,-1,-1
38,22,1864.287,401.940,55.777,247.239,0.600636,-1,-1,-1
38,23,1527.300,440.316,30.516,62.104,0.243858,-1,-1,-1
38,17,958.317,499.956,80.704,88.133,0.173882,-1,-1,-1
38,25,569.924,448.267,45.302,126.437,0.603543,-1,-1,-1
38,24,1552.488,436.798,41.129,114.560,0.459530,-1,-1,-1
38,26,1495.386,434.120,45.723,110.539,0.514126,-1,-1,-1
38,27,408.647,462.257,55.212,94.038,0.764345,-1,-1,-1
38,28,310.719,451.009,40.480,102.156,0.655890,-1,-1,-1
39,1,702.608,453.427,53.378,123.194,0.638030,-1,-1,-1
39,2,704.282,444.833,36.963,84.185,0.623643,-1,-1,-1
39,3,551.067,450.474,41.999,122.319,0.290311,-1,-1,-1
39,4,1073.475,466.981,56.680,126.169,0.603922,-1,-1,-1
39,6,922.832,434.326,51.471,95.608,0.590584,-1,-1,-1
39,7,1461.598,425.644,47.201,129.564,0.905593,-1,-1,-1
39,8,1100.669,433.802,33.968,86.205,0.613952,-1,-1,-1
39,9,1630.916,392.281,279.651,480.930,0.968018,-1,-1,-1
39,10,607.983,441.889,102.528,270.197,0.928582,-1,-1,-1
39,11,1795.807,420.689,128.418,397.477,0.928367,-1,-1,-1
39,12,437.874,445.841,154.759,297.127,0.944522,-1,-1,-1
39,13,1251.201,439.622,40.540,103.982,0.857854,-1,-1,-1
39,15,1001.781,440.545,59.112,120.930,0.187125,-1,-1,-1
39,16,844.956,467.359,48.717,76.656,0.526745,-1,-1,-1
39,18,651.945,452.094,94.305,215.914,0.781555,-1,-1,-1
39,19,912.033,449.382,71.581,134.195,0.675114,-1,-1,-1
39,20,798.275,473.486,39.259,64.607,0.442092,-1,-1,-1
39,22,1869.883,400.860,50.208,249.928,0.549352,-1,-1,-1
39,23,1529.183,436.646,30.520,63.788,0.142151,-1,-1,-1
39,17,959.981,497.504,80.136,91.027,0.247216,-1,-1,-1
39,25,587.370,439.076,47.967,139.030,0.608388,-1,-1,-1
39,24,1555.228,436.171,37.407,115.734,0.273182,-1,-1,-1
39,26,1496.272,430.717,48.557,115.599,0.382931,-1,-1,-1
39,27,408.881,460.859,57.482,95.908,0.757891,-1,-1,-1
39,28,309.735,448.222,38.951,113.250,0.692466,-1,-1,-1
40,1,701.495,451.811,55.152,126.826,0.711074,-1,-1,-1
40,2,700.270,444.452,42.621,106.580,0.616562,-1,-1,-1
40,3,557.077,446.524,53.919,138.788,0.722743,-1,-1,-1
40,4,1068.312,471.986,62.472,121.727,0.571564,-1,-1,-1
40,6,920.999,434.466,54.802,105.727,0.537569,-1,-1,-1
40,7,1462.168,426.802,50.219,126.853,0.885483,-1,-1,-1
40,8,1100.434,434.270,34.418,87.931,0.624079,-1,-1,-1
40,9,1629.573,392.930,285.134,486.120,0.965228,-1,-1,-1
40,10,607.106,441.609,109.856,270.683,0.925831,-1,-1,-1
40,11,1811.661,410.620,111.448,403.015,0.929738,-1,-1,-1
40,12,437.462,446.889,156.273,299.097,0.937088,-1,-1,-1
40,13,1251.463,438.986,40.435,105.206,0.853770,-1,-1,-1
40,15,1000.767,437.506,59.220,128.407,0.176670,-1,-1,-1
40,16,845.267,467.263,47.759,76.867,0.560789,-1,-1,-1
40,18,654.468,452.083,93.898,215.103,0.641589,-1,-1,-1
40,19,910.722,438.454,73.677,144.905,0.695894,-1,-1,-1
40,20,798.436,475.329,39.198,62.504,0.405911,-1,-1,-1
40,22,1872.030,394.698,48.065,255.879,0.320403,-1,-1,-1
40,23,1530.178,435.888,32.051,67.875,0.252289,-1,-1,-1
40,17,959.011,496.191,88.266,92.334,0.190301,-1,-1,-1
40,25,593.394,436.263,53.171,146.875,0.557305,-1,-1,-1
40,24,1554.515,431.519,34.744,96.660,0.187091,-1,-1,-1
40,26,1494.139,430.277,52.176,114.899,0.552860,-1,-1,-1
40,27,408.816,460.224,56.198,97.936,0.789713,-1,-1,-1
40,28,309.535,447.431,40.471,117.507,0.760682,-1,-1,-1
41,1,700.691,449.596,53.141,125.241,0.719504,-1,-1,-1
41,2,702.914,444.816,41.617,103.389,0.692829,-1,-1,-1
41,3,561.456,446.222,53.654,140.325,0.732647,-1,-1,-1
41,4,1065.956,473.065,63.656,120.515,0.529873,-1,-1,-1
41,6,921.115,433.703,55.203,114.137,0.632906,-1,-1,-1
41,7,1463.748,429.076,55.565,125.280,0.872485,-1,-1,-1
41,8,1101.264,435.233,33.532,85.458,0.651049,-1,-1,-1
41,9,1634.132,392.457,277.386,487.493,0.965817,-1,-1,-1
41,10,607.744,441.428,114.689,271.040,0.933455,-1,-1,-1
41,11,1822.617,406.806,99.703,407.778,0.884508,-1,-1,-1
41,12,438.853,447.259,155.272,301.282,0.940203,-1,-1,-1
41,13,1251.318,439.172,41.414,105.550,0.863377,-1,-1,-1
41,15,1001.986,438.879,53.148,117.291,0.672375,-1,-1,-1
41,16,844.446,467.331,48.585,76.184,0.477407,-1,-1,-1
41,18,660.521,452.455,88.950,215.164,0.490220,-1,-1,-1
41,19,910.778,431.508,72.616,152.263,0.777467,-1,-1,-1
41,20,798.404,475.007,39.239,62.324,0.423496,-1,-1,-1
41,22,1883.062,385.037,36.941,216.794,0.112749,-1,-1,-1
41,23,1531.138,435.053,33.580,69.953,0.252123,-1,-1,-1
41,17,962.650,498.095,78.948,90.249,0.192026,-1,-1,-1
41,25,594.620,437.122,53.019,147.964,0.696867,-1,-1,-1
41,24,1553.197,428.932,33.949,81.901,0.185236,-1,-1,-1
41,26,1488.062,430.180,59.137,117.799,0.633142,-1,-1,-1
41,27,408.672,460.546,57.545,97.965,0.792551,-1,-1,-1
41,28,309.616,446.706,40.358,118.598,0.777703,-1,-1,-1
42,1,714.190,451.462,50.397,122.503,0.678063,-1,-1,-1
42,2,700.366,447.147,50.648,121.735,0.728816,-1,-1,-1
42,3,561.120,447.000,54.898,138.573,0.520909,-1,-1,-1
42,4,1063.700,471.853,65.978,121.728,0.740940,-1,-1,-1
42,6,919.443,434.233,56.534,113.942,0.643050,-1,-1,-1
42,7,1464.700,429.541,59.472,125.732,0.875030,-1,-1,-1
42,8,1099.190,433.054,35.571,89.112,0.673705,-1,-1,-1
42,9,1640.333,392.196,269.133,481.972,0.966212,-1,-1,-1
42,10,608.048,441.580,119.300,271.049,0.934858,-1,-1,-1
42,11,1830.462,393.269,91.278,430.497,0.918373,-1,-1,-1
42,12,438.688,447.193,155.834,304.516,0.948215,-1,-1,-1
42,13,1251.231,439.735,41.381,104.163,0.863344,-1,-1,-1
42,15,1002.764,442.022,50.710,111.109,0.748827,-1,-1,-1
42,16,843.407,465.826,52.173,78.180,0.542036,-1,-1,-1
42,18,661.880,452.047,89.711,213.353,0.571983,-1,-1,-1
42,19,910.730,431.109,71.829,152.632,0.764364,-1,-1,-1
42,20,795.918,472.443,35.320,57.644,0.431705,-1,-1,-1
42,22,1887.083,381.008,32.875,198.411,0.134168,-1,-1,-1
42,23,1529.627,434.638,33.923,70.500,0.214685,-1,-1,-1
42,17,966.920,498.914,74.073,89.096,0.188146,-1,-1,-1
42,25,593.885,436.054,55.515,150.153,0.685586,-1,-1,-1
42,24,1554.764,426.954,32.472,74.041,0.147728,-1,-1,-1
42,26,1485.691,429.310,60.223,122.954,0.601442,-1,-1,-1
42,27,409.606,458.287,55.600,97.283,0.765290,-1,-1,-1
42,28,309.552,447.623,41.438,117.406,0.739478,-1,-1,-1
43,1,706.610,452.486,56.922,125.601,0.736848,-1,-1,-1
43,2,703.047,447.656,45.689,107.637,0.544297,-1,-1,-1
43,3,565.478,446.176,55.640,138.546,0.755045,-1,-1,-1
43,4,1063.743,472.221,65.196,124.034,0.701034,-1,-1,-1
43,6,920.194,434.589,55.166,106.297,0.633688,-1,-1,-1
43,7,1465.588,429.060,61.555,126.959,0.867627,-1,-1,-1
43,8,1099.725,434.118,34.584,87.479,0.704185,-1,-1,-1
43,9,1646.530,388.469,268.662,489.583,0.958714,-1,-1,-1
43,10,609.155,440.910,111.893,271.916,0.928614,-1,-1,-1
43,11,1839.476,391.673,81.846,429.104,0.902177,-1,-1,-1
43,12,440.409,446.843,154.800,310.214,0.950752,-1,-1,-1
43,13,1251.114,439.431,41.668,104.712,0.847132,-1,-1,-1
43,15,1002.459,440.366,50.042,106.699,0.736983,-1,-1,-1
43,16,840.923,466.927,54.775,77.705,0.520538,-1,-1,-1
43,18,662.125,452.369,94.424,214.323,0.619189,-1,-1,-1
43,19,911.606,431.373,70.407,151.559,0.750841,-1,-1,-1
43,20,795.216,471.442,33.731,55.974,0.405877,-1,-1,-1
43,22,1883.617,381.237,36.328,168.180,0.139822,-1,-1,-1
43,23,1527.810,433.418,36.588,78.109,0.186444,-1,-1,-1
43,17,968.792,494.313,72.120,93.730,0.192005,-1,-1,-1
43,25,597.233,436.383,46.447,124.726,0.460122,-1,-1,-1
43,24,1553.610,427.739,33.498,79.749,0.121673,-1,-1,-1
43,27,408.696,464.019,56.198,92.129,0.762878,-1,-1,-1
43,28,309.244,448.766,41.899,116.242,0.708800,-1,-1,-1
44,1,702.724,450.215,52.119,122.059,0.661789,-1,-1,-1
44,2,704.826,446.985,40.554,101.105,0.631803,-1,-1,-1
44,3,564.189,446.769,57.482,136.724,0.656733,-1,-1,-1
44,4,1067.249,472.669,61.404,124.128,0.652255,-1,-1,-1
44,6,922.727,435.603,50.951,99.184,0.560975,-1,-1,-1
44,7,1468.920,430.285,58.062,124.868,0.877762,-1,-1,-1
44,8,1100.370,434.486,33.782,87.285,0.713619,-1,-1,-1
44,9,1655.931,385.979,263.665,496.552,0.955098,-1,-1,-1
44,10,609.396,439.885,111.052,273.105,0.935429,-1,-1,-1
44,11,1849.536,396.002,70.880,401.475,0.640194,-1,-1,-1
44,12,439.777,446.649,155.583,311.602,0.951581,-1,-1,-1
44,13,1251.308,439.209,41.228,104.859,0.850277,-1,-1,-1
44,15,1001.755,445.253,51.407,104.726,0.590151,-1,-1,-1
44,16,845.472,465.572,52.147,77.238,0.438395,-1,-1,-1
44,18,669.283,451.246,85.736,211.116,0.693312,-1,-1,-1
44,19,914.396,431.611,64.773,144.607,0.626516,-1,-1,-1
44,20,795.006,471.919,32.485,54.687,0.373556,-1,-1,-1
44,22,1877.342,403.324,42.292,129.516,0.199157,-1,-1,-1
44,23,1524.426,432.762,38.650,84.679,0.244760,-1,-1,-1
44,17,964.386,494.934,84.050,93.809,0.183481,-1,-1,-1
44,25,605.678,438.605,40.753,111.941,0.424324,-1,-1,-1
44,24,1553.929,427.859,33.059,80.034,0.164959,-1,-1,-1
44,27,408.720,468.035,55.774,87.958,0.734558,-1,-1,-1
44,28,309.017,449.388,42.077,115.704,0.712865,-1,-1,-1
45,1,720.526,453.514,45.346,112.936,0.798922,-1,-1,-1
45,2,705.297,445.541,40.052,103.965,0.704210,-1,-1,-1
45,3,566.197,445.535,56.503,138.264,0.764839,-1,-1,-1
45,4,1068.860,469.079,60.473,126.921,0.721582,-1,-1,-1
45,6,924.726,434.800,46.690,92.927,0.511454,-1,-1,-1
45,7,1473.289,430.265,53.311,125.094,0.869465,-1,-1,-1
45,8,1099.741,435.904,33.751,85.809,0.656019,-1,-1,-1
45,9,1676.563,383.002,241.288,496.422,0.943214,-1,-1,-1
45,10,609.849,439.169,111.546,274.622,0.937875,-1,-1,-1
45,11,1851.429,391.498,69.121,432.739,0.795524,-1,-1,-1
45,12,440.666,446.985,153.711,314.587,0.946888,-1,-1,-1
45,13,1251.462,439.938,41.672,104.360,0.833885,-1,-1,-1
45,15,1002.254,448.822,52.439,104.051,0.626129,-1,-1,-1
45,16,841.780,467.867,52.328,79.327,0.666776,-1,-1,-1
45,18,673.317,453.197,78.946,208.406,0.761965,-1,-1,-1
45,19,917.423,434.167,59.629,133.376,0.561730,-1,-1,-1
45,20,803.541,473.026,40.269,68.110,0.633434,-1,-1,-1
45,22,1872.375,393.845,46.622,126.877,0.253287,-1,-1,-1
45,17,961.911,495.681,82.714,92.947,0.270062,-1,-1,-1
45,25,609.733,441.496,36.990,100.282,0.458766,-1,-1,-1
45,24,1554.661,429.003,32.635,82.999,0.169900,-1,-1,-1
45,27,408.776,467.261,55.844,88.107,0.712591,-1,-1,-1
45,28,310.828,454.612,42.051,103.882,0.549453,-1,-1,-1
45,14,682.578,459.793,66.510,139.503,0.703743,-1,-1,-1
46,1,727.839,453.760,42.683,107.230,0.727717,-1,-1,-1
46,2,706.580,445.419,39.134,104.225,0.712217,-1,-1,-1
46,3,566.452,443.580,58.170,141.858,0.707822,-1,-1,-1
46,4,1068.510,469.702,61.027,125.371,0.537722,-1,-1,-1
46,6,923.297,436.088,49.300,94.560,0.596052,-1,-1,-1
46,7,1478.489,430.216,47.274,123.930,0.879145,-1,-1,-1
46,8,1100.973,435.032,33.378,86.770,0.722930,-1,-1,-1
46,9,1700.828,383.522,218.610,493.114,0.936999,-1,-1,-1
46,10,611.611,440.315,110.415,273.022,0.941787,-1,-1,-1
46,11,1856.681,389.745,63.651,437.010,0.768065,-1,-1,-1
46,12,440.403,445.358,153.490,318.453,0.956610,-1,-1,-1
46,13,1252.475,437.337,41.922,107.111,0.848351,-1,-1,-1
46,15,1003.879,447.642,48.609,93.958,0.649199,-1,-1,-1
46,16,839.756,468.641,54.648,81.519,0.629735,-1,-1,-1
46,18,673.868,455.260,79.921,207.264,0.707060,-1,-1,-1
46,19,915.893,456.715,65.351,120.831,0.480384,-1,-1,-1
46,20,801.002,474.149,40.200,67.819,0.479174,-1,-1,-1
46,22,1871.166,390.556,48.424,186.194,0.625059,-1,-1,-1
46,17,956.659,495.308,87.557,93.907,0.233898,-1,-1,-1
46,25,613.659,439.132,33.116,85.643,0.267100,-1,-1,-1
46,24,1555.624,429.664,32.579,84.665,0.132840,-1,-1,-1
46,27,409.528,470.164,55.341,84.133,0.620174,-1,-1,-1
46,28,309.684,451.186,41.709,111.363,0.684485,-1,-1,-1
46,14,693.770,452.423,56.933,123.848,0.582868,-1,-1,-1
47,1,729.638,453.080,41.208,108.617,0.718968,-1,-1,-1
47,2,707.995,444.403,39.293,104.210,0.616956,-1,-1,-1
47,3,570.298,440.742,56.848,146.019,0.759215,-1,-1,-1
47,4,1069.171,471.974,60.630,122.169,0.682064,-1,-1,-1
47,6,925.092,434.961,46.040,90.106,0.554576,-1,-1,-1
47,7,1484.065,429.429,43.552,124.250,0.873473,-1,-1,-1
47,8,1101.405,436.620,32.909,85.225,0.703476,-1,-1,-1
47,9,1725.838,381.355,195.468,491.926,0.950502,-1,-1,-1
47,10,612.084,439.512,109.035,273.681,0.943046,-1,-1,-1
47,11,1850.600,391.765,69.792,416.812,0.545512,-1,-1,-1
47,12,440.012,443.499,152.983,321.947,0.955249,-1,-1,-1
47,13,1253.140,435.590,41.915,108.722,0.855494,-1,-1,-1
47,15,1005.081,449.650,44.388,86.599,0.690813,-1,-1,-1
47,16,839.657,468.784,52.525,82.535,0.666990,-1,-1,-1
47,18,672.644,453.722,86.442,208.503,0.824149,-1,-1,-1
47,19,914.736,441.576,64.447,134.890,0.627657,-1,-1,-1
47,20,801.212,473.868,39.083,72.149,0.608436,-1,-1,-1
47,22,1867.260,394.860,52.470,194.155,0.465803,-1,-1,-1
47,17,956.716,495.369,84.332,94.223,0.352349,-1,-1,-1
47,25,616.453,439.167,31.543,77.990,0.233930,-1,-1,-1
47,24,1553.629,426.711,33.495,90.627,0.167421,-1,-1,-1
47,27,409.665,468.752,55.028,85.518,0.647239,-1,-1,-1
47,28,309.579,449.898,41.361,113.552,0.734810,-1,-1,-1
47,14,696.348,451.945,58.785,119.002,0.471526,-1,-1,-1
47,26,1507.780,435.705,43.407,103.977,0.685842,-1,-1,-1
48,1,731.368,454.066,41.110,107.113,0.671277,-1,-1,-1
48,2,707.668,448.170,43.995,101.188,0.449457,-1,-1,-1
48,3,571.240,440.828,56.492,146.816,0.775558,-1,-1,-1
48,4,1068.798,473.478,61.103,120.848,0.765004,-1,-1,-1
48,6,922.732,436.923,49.831,96.621,0.600126,-1,-1,-1
48,7,1489.570,429.622,39.960,124.131,0.734884,-1,-1,-1
48,8,1100.969,435.021,33.534,86.962,0.693768,-1,-1,-1
48,9,1760.688,376.629,161.816,499.198,0.956024,-1,-1,-1
48,10,612.365,438.823,109.967,274.631,0.942099,-1,-1,-1
48,11,1853.083,395.105,67.310,409.146,0.339053,-1,-1,-1
48,12,439.273,443.194,153.651,322.266,0.955237,-1,-1,-1
48,13,1254.168,437.970,41.448,106.272,0.876981,-1,-1,-1
48,15,1005.899,446.998,43.337,89.402,0.740581,-1,-1,-1
48,16,841.832,468.230,51.524,79.737,0.686793,-1,-1,-1
48,18,675.429,453.873,85.492,208.693,0.846982,-1,-1,-1
48,19,909.750,440.798,67.338,140.440,0.330574,-1,-1,-1
48,20,799.831,474.917,40.561,67.419,0.425211,-1,-1,-1
48,22,1869.015,382.616,50.546,262.206,0.126606,-1,-1,-1
48,17,952.928,499.045,86.858,90.592,0.404192,-1,-1,-1
48,25,616.106,439.881,30.862,76.359,0.186193,-1,-1,-1
48,24,1556.260,429.225,31.808,83.782,0.105479,-1,-1,-1
48,27,410.679,470.361,56.662,83.922,0.640515,-1,-1,-1
48,28,310.833,454.096,40.243,102.322,0.593611,-1,-1,-1
48,14,695.465,450.974,51.128,104.254,0.548804,-1,-1,-1
48,26,1511.262,434.181,43.825,104.641,0.474480,-1,-1,-1
49,1,731.012,455.019,42.667,106.794,0.635990,-1,-1,-1
49,2,709.105,445.684,44.522,102.318,0.487951,-1,-1,-1
49,3,571.099,443.665,57.636,144.082,0.778614,-1,-1,-1
49,4,1065.656,475.970,64.568,118.030,0.741462,-1,-1,-1
49,6,923.095,434.634,49.641,96.984,0.564428,-1,-1,-1
49,7,1490.882,438.540,38.410,112.277,0.422336,-1,-1,-1
49,8,1100.868,436.773,33.386,84.767,0.626152,-1,-1,-1
49,9,1771.131,378.301,151.168,497.840,0.946136,-1,-1,-1
49,10,613.160,439.841,109.369,273.916,0.943014,-1,-1,-1
49,11,1858.185,399.313,62.235,391.578,0.239910,-1,-1,-1
49,12,439.176,443.169,153.464,321.311,0.952849,-1,-1,-1
49,13,1254.435,439.772,41.631,103.986,0.873213,-1,-1,-1
49,15,1005.832,445.902,43.529,88.090,0.677710,-1,-1,-1
49,16,842.921,467.929,51.570,79.317,0.715097,-1,-1,-1
49,18,677.538,453.249,85.986,212.650,0.863482,-1,-1,-1
49,19,908.807,448.040,73.048,136.482,0.673582,-1,-1,-1
49,20,804.037,472.623,42.256,73.569,0.659477,-1,-1,-1
49,22,1863.386,378.400,55.808,278.845,0.132322,-1,-1,-1
49,17,943.680,497.937,95.110,91.887,0.233497,-1,-1,-1
49,25,617.084,441.717,30.669,75.216,0.226749,-1,-1,-1
49,24,1555.632,433.144,32.662,81.630,0.126684,-1,-1,-1
49,27,412.223,465.492,55.271,87.941,0.600010,-1,-1,-1
49,28,310.750,454.513,41.780,100.766,0.431755,-1,-1,-1
49,14,693.469,449.667,52.843,105.014,0.412548,-1,-1,-1
49,26,1512.524,437.217,44.316,98.266,0.526207,-1,-1,-1
50,1,729.407,455.006,45.369,108.367,0.616836,-1,-1,-1
50,2,709.559,448.461,50.124,100.853,0.522915,-1,-1,-1
50,3,572.040,445.039,57.171,142.980,0.800741,-1,-1,-1
50,4,1061.434,473.687,69.127,119.838,0.706257,-1,-1,-1
50,6,924.852,434.708,46.932,96.872,0.453544,-1,-1,-1
50,7,1493.941,438.861,42.071,114.523,0.720576,-1,-1,-1
50,8,1100.833,436.207,33.738,84.084,0.591374,-1,-1,-1
50,9,1791.762,381.186,130.287,494.419,0.928236,-1,-1,-1
50,10,612.904,441.931,112.955,271.688,0.936364,-1,-1,-1
50,11,1858.699,403.869,61.594,397.259,0.155647,-1,-1,-1
50,12,435.102,443.627,158.488,318.475,0.955560,-1,-1,-1
50,13,1253.867,440.955,40.940,103.101,0.842508,-1,-1,-1
50,15,1005.115,447.337,40.959,84.663,0.617187,-1,-1,-1
50,16,842.434,466.746,52.612,81.488,0.727297,-1,-1,-1
50,18,678.921,453.540,88.617,212.014,0.851538,-1,-1,-1
50,19,909.934,463.010,72.604,123.228,0.605111,-1,-1,-1
50,20,804.534,473.139,42.288,73.318,0.624642,-1,-1,-1
50,22,1875.287,374.160,44.411,362.502,0.215979,-1,-1,-1
50,17,953.045,496.472,90.827,93.175,0.184015,-1,-1,-1
50,25,617.497,442.592,30.320,79.369,0.215386,-1,-1,-1
50,24,1556.992,434.124,31.380,80.061,0.108016,-1,-1,-1
50,27,411.991,460.465,56.368,94.747,0.600670,-1,-1,-1
50,28,311.527,451.219,38.409,108.649,0.435294,-1,-1,-1
50,14,694.278,450.788,50.349,98.532,0.500771,-1,-1,-1
50,26,1519.720,439.815,36.956,90.515,0.407831,-1,-1,-1
50,5,1676.306,432.927,113.788,160.414,0.607809,-1,-1,-1
51,1,732.732,454.209,44.032,107.179,0.778484,-1,-1,-1
51,2,721.605,448.332,43.718,96.556,0.397741,-1,-1,-1
51,3,573.744,448.167,56.290,140.130,0.726067,-1,-1,-1
51,4,1061.584,474.357,69.370,119.400,0.724854,-1,-1,-1
51,6,925.173,433.201,45.180,94.491,0.463409,-1,-1,-1
51,7,1497.058,437.268,49.993,116.402,0.794577,-1,-1,-1
51,8,1100.287,437.413,33.832,81.360,0.533039,-1,-1,-1
51,9,1807.506,374.818,113.977,503.439,0.932579,-1,-1,-1
51,10,613.342,439.732,110.646,273.606,0.948994,-1,-1,-1
51,11,1867.766,408.490,52.442,456.629,0.177498,-1,-1,-1
51,12,436.582,443.623,156.810,318.037,0.953457,-1,-1,-1
51,13,1254.145,441.355,41.460,102.801,0.850875,-1,-1,-1
51,15,1003.633,447.742,42.156,84.952,0.621353,-1,-1,-1
51,16,842.691,467.776,50.877,79.059,0.626114,-1,-1,-1
51,18,680.331,451.539,89.158,213.273,0.853285,-1,-1,-1
51,19,910.961,478.757,71.960,107.582,0.595230,-1,-1,-1
51,20,804.270,475.256,41.771,72.858,0.622096,-1,-1,-1
51,22,1883.125,375.860,36.737,409.212,0.190110,-1,-1,-1
51,17,947.534,499.947,90.623,89.396,0.208809,-1,-1,-1
51,25,617.651,444.441,31.107,81.358,0.186820,-1,-1,-1
51,24,1556.760,439.025,32.195,82.647,0.118188,-1,-1,-1
51,27,412.164,461.646,55.045,91.289,0.542202,-1,-1,-1
51,28,308.863,449.548,42.265,114.047,0.468198,-1,-1,-1
51,14,693.983,452.357,49.632,95.435,0.513570,-1,-1,-1
51,26,1518.583,439.450,38.402,94.571,0.450876,-1,-1,-1
51,5,1675.988,436.410,113.815,152.583,0.692211,-1,-1,-1
52,1,734.010,457.030,43.923,104.427,0.612066,-1,-1,-1
52,2,718.369,448.415,50.042,101.725,0.413860,-1,-1,-1
52,3,575.253,447.449,53.638,142.316,0.681569,-1,-1,-1
52,4,1064.728,473.862,65.444,119.568,0.689435,-1,-1,-1
52,6,925.816,432.747,43.796,92.729,0.604902,-1,-1,-1
52,7,1501.076,437.393,52.960,115.426,0.753745,-1,-1,-1
52,8,1099.683,436.335,34.444,84.544,0.650847,-1,-1,-1
52,9,1811.701,373.164,109.387,505.152,0.924709,-1,-1,-1
52,10,614.478,439.030,107.607,274.748,0.949746,-1,-1,-1
52,11,1871.542,398.661,48.603,486.937,0.151453,-1,-1,-1
52,12,435.331,439.428,158.206,321.468,0.952149,-1,-1,-1
52,13,1253.708,443.078,41.377,100.790,0.849905,-1,-1,-1
52,15,1003.554,446.782,41.795,84.450,0.655995,-1,-1,-1
52,16,833.578,466.898,63.836,82.072,0.621670,-1,-1,-1
52,18,680.544,453.932,88.091,208.570,0.872254,-1,-1,-1
52,19,916.318,448.940,62.002,114.801,0.620629,-1,-1,-1
52,20,806.391,473.364,48.521,75.572,0.489135,-1,-1,-1
52,22,1887.030,401.595,32.902,413.628,0.227630,-1,-1,-1
52,17,927.588,497.237,109.442,91.501,0.239022,-1,-1,-1
52,25,617.532,445.716,30.900,80.955,0.217429,-1,-1,-1
52,24,1553.490,440.860,32.945,87.418,0.138787,-1,-1,-1
52,27,411.519,457.738,56.015,95.896,0.670311,-1,-1,-1
52,28,309.915,450.068,39.086,113.147,0.640187,-1,-1,-1
52,14,692.889,450.853,53.415,104.342,0.440797,-1,-1,-1
52,26,1519.766,442.634,40.632,99.818,0.596225,-1,-1,-1
52,5,1675.775,435.492,113.595,154.065,0.678650,-1,-1,-1
53,1,736.045,457.271,42.335,102.677,0.814263,-1,-1,-1
53,2,719.281,445.476,40.450,94.414,0.608021,-1,-1,-1
53,3,573.065,447.533,56.178,141.745,0.656379,-1,-1,-1
53,4,1066.360,470.452,63.805,122.181,0.655970,-1,-1,-1
53,6,922.297,433.023,47.556,101.165,0.651200,-1,-1,-1
53,7,1499.574,435.275,58.671,116.906,0.770392,-1,-1,-1
53,8,1098.489,435.294,35.789,91.522,0.720349,-1,-1,-1
53,9,1808.225,375.226,112.582,501.431,0.923061,-1,-1,-1
53,10,615.459,438.404,104.888,275.988,0.946152,-1,-1,-1
53,12,438.186,437.484,154.878,321.860,0.945513,-1,-1,-1
53,13,1254.715,443.112,42.415,102.538,0.876149,-1,-1,-1
53,15,1003.096,446.356,39.538,82.094,0.609567,-1,-1,-1
53,16,838.864,466.380,55.559,78.253,0.545177,-1,-1,-1
53,18,681.863,458.901,84.852,202.764,0.874468,-1,-1,-1
53,19,913.800,455.878,64.670,118.794,0.421688,-1,-1,-1
53,20,808.345,473.324,47.934,75.771,0.583991,-1,-1,-1
53,22,1888.664,390.510,31.194,444.826,0.177946,-1,-1,-1
53,17,921.795,496.789,111.433,92.262,0.148174,-1,-1,-1
53,25,617.262,445.677,30.735,80.791,0.196363,-1,-1,-1
53,24,1553.811,439.629,32.440,87.404,0.130936,-1,-1,-1
53,27,411.908,467.444,55.098,86.577,0.433031,-1,-1,-1
53,28,308.873,450.117,38.948,113.818,0.683921,-1,-1,-1
53,14,693.563,451.334,49.464,101.248,0.511392,-1,-1,-1
53,26,1520.940,441.066,41.104,105.039,0.582140,-1,-1,-1
53,5,1675.127,435.255,114.268,153.401,0.384633,-1,-1,-1
54,1,735.868,457.102,44.086,105.652,0.769872,-1,-1,-1
54,2,716.831,444.842,35.904,85.566,0.571180,-1,-1,-1
54,3,569.621,445.677,60.989,144.060,0.748640,-1,-1,-1
54,4,1071.317,472.056,59.723,119.811,0.724450,-1,-1,-1
54,6,922.274,434.648,47.163,96.152,0.633665,-1,-1,-1
54,7,1497.660,437.771,53.617,114.657,0.720400,-1,-1,-1
54,8,1098.702,434.683,35.693,89.050,0.690965,-1,-1,-1
54,9,1806.563,379.127,114.235,497.900,0.940988,-1,-1,-1
54,10,616.080,437.673,103.534,276.982,0.943383,-1,-1,-1
54,12,435.832,436.727,157.413,322.291,0.951020,-1,-1,-1
54,13,1254.667,442.365,41.625,102.055,0.874191,-1,-1,-1
54,15,1002.625,445.221,38.896,83.042,0.647413,-1,-1,-1
54,16,838.874,466.571,54.446,79.477,0.652030,-1,-1,-1
54,18,680.623,458.434,88.216,202.908,0.862532,-1,-1,-1
54,19,911.869,445.418,62.707,127.335,0.220032,-1,-1,-1
54,20,808.427,473.066,48.019,76.630,0.606655,-1,-1,-1
54,22,1890.359,392.953,29.602,441.953,0.133639,-1,-1,-1
54,17,915.709,499.657,107.502,89.682,0.118986,-1,-1,-1
54,25,599.231,445.730,43.710,118.619,0.618580,-1,-1,-1
54,24,1552.167,441.135,31.401,90.575,0.135211,-1,-1,-1
54,27,412.306,471.501,55.021,82.085,0.457803,-1,-1,-1
54,28,309.661,451.178,36.896,112.058,0.627726,-1,-1,-1
54,14,693.835,451.055,50.093,104.991,0.518867,-1,-1,-1
54,26,1524.478,441.877,42.219,106.185,0.797425,-1,-1,-1
54,5,1677.003,433.724,111.919,161.400,0.603569,-1,-1,-1
55,1,734.618,451.862,46.721,111.923,0.695678,-1,-1,-1
55,2,714.135,444.908,36.339,83.230,0.507384,-1,-1,-1
55,3,571.029,445.767,59.085,143.954,0.828381,-1,-1,-1
55,4,1070.769,473.360,59.847,118.464,0.763328,-1,-1,-1
55,6,923.093,435.461,46.206,92.326,0.688775,-1,-1,-1
55,7,1496.010,440.885,47.177,110.636,0.805707,-1,-1,-1
55,8,1099.416,435.009,35.148,87.922,0.721182,-1,-1,-1
55,9,1809.304,387.644,111.441,489.994,0.937412,-1,-1,-1
55,10,616.509,439.997,104.251,274.618,0.941571,-1,-1,-1
55,12,442.047,438.978,152.140,321.345,0.946039,-1,-1,-1
55,13,1254.254,441.090,41.591,103.144,0.871952,-1,-1,-1
55,15,1002.140,443.772,40.676,83.739,0.671057,-1,-1,-1
55,16,835.596,465.739,59.386,82.900,0.748524,-1,-1,-1
55,18,679.547,457.514,91.030,203.902,0.865202,-1,-1,-1
55,19,908.804,442.692,63.364,127.995,0.178937,-1,-1,-1
55,20,808.149,473.908,48.256,76.606,0.616875,-1,-1,-1
55,22,1891.085,448.473,28.935,411.856,0.113394,-1,-1,-1
55,17,915.029,494.803,92.692,94.162,0.114650,-1,-1,-1
55,25,605.474,446.488,42.021,108.945,0.660296,-1,-1,-1
55,24,1553.528,442.097,30.141,90.093,0.110697,-1,-1,-1
55,27,413.273,474.184,54.051,79.009,0.443257,-1,-1,-1
55,28,311.461,451.673,35.383,110.688,0.580595,-1,-1,-1
55,14,693.039,449.185,51.139,108.018,0.515436,-1,-1,-1
55,26,1525.473,441.621,42.068,106.828,0.824329,-1,-1,-1
55,5,1678.611,433.925,111.021,178.516,0.585531,-1,-1,-1
56,1,734.593,449.131,45.027,109.181,0.705361,-1,-1,-1
56,2,712.988,444.970,35.653,84.159,0.440491,-1,-1,-1
56,3,572.614,445.729,57.368,142.379,0.798764,-1,-1,-1
56,4,1071.062,472.404,59.137,119.274,0.738119,-1,-1,-1
56,6,921.937,434.598,48.934,105.434,0.703306,-1,-1,-1
56,7,1495.392,442.685,42.045,108.162,0.753931,-1,-1,-1
56,8,1099.332,434.357,35.225,89.294,0.727087,-1,-1,-1
56,9,1815.743,388.298,104.898,491.355,0.916563,-1,-1,-1
56,10,617.088,443.544,103.750,272.182,0.938456,-1,-1,-1
56,12,448.388,440.221,145.860,318.346,0.947216,-1,-1,-1
56,13,1255.026,439.553,41.188,104.024,0.880613,-1,-1,-1
56,15,1001.675,443.814,40.551,84.354,0.747654,-1,-1,-1
56,16,836.376,467.092,58.965,81.896,0.570914,-1,-1,-1
56,18,676.928,451.796,97.692,213.779,0.890126,-1,-1,-1
56,19,911.292,455.346,65.143,122.289,0.483805,-1,-1,-1
56,20,807.885,474.739,49.023,75.191,0.585254,-1,-1,-1
56,25,610.396,446.673,38.524,98.451,0.658430,-1,-1,-1
56,24,1551.703,443.529,29.841,89.945,0.140882,-1,-1,-1
56,27,413.713,466.469,52.341,83.471,0.422750,-1,-1,-1
56,28,312.371,451.065,34.459,109.716,0.500758,-1,-1,-1
56,14,693.860,449.175,48.763,105.071,0.482249,-1,-1,-1
56,26,1527.714,445.507,39.689,101.948,0.849316,-1,-1,-1
56,5,1686.610,433.491,102.234,164.718,0.344702,-1,-1,-1
57,1,733.762,449.539,45.020,104.050,0.614684,-1,-1,-1
57,2,716.986,445.336,35.313,79.242,0.416407,-1,-1,-1
57,3,572.871,446.529,56.972,141.115,0.844309,-1,-1,-1
57,4,1069.988,471.761,60.247,119.819,0.745118,-1,-1,-1
57,6,926.152,434.162,42.543,97.868,0.634807,-1,-1,-1
57,7,1496.173,443.464,39.821,105.838,0.718166,-1,-1,-1
57,8,1099.468,434.348,35.013,88.214,0.693230,-1,-1,-1
57,9,1822.406,376.421,97.922,515.334,0.792216,-1,-1,-1
57,10,618.028,443.412,102.794,273.672,0.937017,-1,-1,-1
57,12,439.971,440.324,155.571,317.629,0.945312,-1,-1,-1
57,13,1255.038,439.435,40.611,103.817,0.856411,-1,-1,-1
57,15,1001.428,444.836,41.173,85.655,0.749264,-1,-1,-1
57,16,839.743,467.609,53.802,79.750,0.569117,-1,-1,-1
57,18,676.478,450.165,98.953,215.709,0.894836,-1,-1,-1
57,19,911.445,476.976,64.413,104.986,0.319445,-1,-1,-1
57,20,807.983,473.356,49.314,76.396,0.558156,-1,-1,-1
57,25,610.487,446.555,38.285,106.937,0.716580,-1,-1,-1
57,24,1552.335,445.381,31.037,90.422,0.223558,-1,-1,-1
57,27,414.393,472.169,53.435,78.999,0.364621,-1,-1,-1
57,28,311.060,453.727,38.780,101.833,0.485453,-1,-1,-1
57,14,693.469,451.580,49.006,104.451,0.435484,-1,-1,-1
57,26,1529.361,447.202,38.952,101.935,0.860189,-1,-1,-1
57,5,1686.923,435.480,101.224,155.084,0.668923,-1,-1,-1
58,1,736.980,450.790,46.532,111.511,0.740838,-1,-1,-1
58,2,722.197,444.335,32.416,75.307,0.112667,-1,-1,-1
58,3,573.720,447.870,55.346,139.569,0.828321,-1,-1,-1
58,4,1059.435,473.460,69.750,118.971,0.622812,-1,-1,-1
58,6,926.490,434.498,40.589,91.658,0.679402,-1,-1,-1
58,7,1496.966,443.500,39.590,106.783,0.714312,-1,-1,-1
58,8,1100.553,437.893,34.368,85.552,0.632178,-1,-1,-1
58,9,1823.779,375.909,96.650,515.522,0.800447,-1,-1,-1
58,10,618.029,443.160,101.488,274.761,0.943327,-1,-1,-1
58,12,440.801,437.944,156.441,320.838,0.943598,-1,-1,-1
58,13,1255.539,440.957,40.315,102.223,0.860731,-1,-1,-1
58,15,1003.488,444.293,38.611,86.478,0.782243,-1,-1,-1
58,16,843.892,467.115,49.441,77.331,0.564819,-1,-1,-1
58,18,681.144,453.822,91.865,213.618,0.903609,-1,-1,-1
58,19,911.952,487.410,64.471,95.824,0.321286,-1,-1,-1
58,20,805.739,472.153,43.487,78.688,0.586419,-1,-1,-1
58,25,609.725,446.487,40.507,116.147,0.670955,-1,-1,-1
58,24,1555.468,443.933,30.998,90.231,0.175958,-1,-1,-1
58,27,414.594,475.678,53.383,78.312,0.333368,-1,-1,-1
58,28,311.869,453.249,35.140,103.367,0.352101,-1,-1,-1
58,14,694.569,456.829,49.780,109.722,0.312093,-1,-1,-1
58,26,1530.537,447.294,39.209,102.633,0.860899,-1,-1,-1
58,5,1679.551,433.327,107.772,156.503,0.729272,-1,-1,-1
59,1,735.811,452.872,46.914,111.684,0.407357,-1,-1,-1
59,2,730.020,444.381,31.364,76.032,0.450505,-1,-1,-1
59,3,570.144,446.124,57.896,140.969,0.790097,-1,-1,-1
59,4,1053.454,474.349,76.157,117.591,0.572355,-1,-1,-1
59,6,927.440,433.498,39.862,98.339,0.603931,-1,-1,-1
59,7,1497.742,440.792,40.829,109.820,0.776464,-1,-1,-1
59,8,1101.277,438.818,33.511,86.050,0.580981,-1,-1,-1
59,9,1820.910,368.561,99.525,527.756,0.855987,-1,-1,-1
59,10,618.941,440.810,99.692,278.069,0.941304,-1,-1,-1
59,12,441.318,440.680,158.642,318.990,0.939209,-1,-1,-1
59,13,1256.165,441.713,41.059,101.352,0.865492,-1,-1,-1
59,15,1004.898,444.993,36.644,84.660,0.777480,-1,-1,-1
59,16,844.275,467.064,48.449,75.904,0.577219,-1,-1,-1
59,18,684.541,454.651,90.738,213.653,0.919569,-1,-1,-1
59,19,911.620,479.878,66.078,103.854,0.391098,-1,-1,-1
59,20,807.821,474.346,43.147,74.917,0.601691,-1,-1,-1
59,25,610.430,446.538,38.360,111.999,0.624723,-1,-1,-1
59,24,1555.026,443.572,31.443,91.806,0.165995,-1,-1,-1
59,27,413.909,475.594,55.568,82.620,0.406745,-1,-1,-1
59,28,312.224,453.816,34.400,105.214,0.456205,-1,-1,-1
59,14,696.488,460.484,54.649,118.191,0.270219,-1,-1,-1
59,26,1529.836,444.952,41.306,106.101,0.872254,-1,-1,-1
59,5,1675.816,431.169,112.474,157.165,0.771291,-1,-1,-1
60,1,743.559,457.193,44.618,107.981,0.668359,-1,-1,-1
60,2,732.226,448.852,42.061,101.357,0.645372,-1,-1,-1
60,3,571.182,447.573,55.632,140.532,0.694342,-1,-1,-1
60,4,1060.078,475.252,69.207,116.340,0.545398,-1,-1,-1
60,6,927.228,431.720,41.501,99.384,0.636440,-1,-1,-1
60,7,1497.552,439.075,38.403,109.387,0.591119,-1,-1,-1
60,8,1101.151,438.661,33.472,88.394,0.662077,-1,-1,-1
60,9,1824.542,381.584,95.742,516.324,0.734825,-1,-1,-1
60,10,619.510,442.005,97.789,278.324,0.941579,-1,-1,-1
60,12,446.002,444.634,159.776,314.861,0.934878,-1,-1,-1
60,13,1255.934,441.941,41.161,101.358,0.870987,-1,-1,-1
60,15,1004.724,442.828,36.806,86.466,0.822285,-1,-1,-1
60,16,844.845,468.920,45.828,75.602,0.643758,-1,-1,-1
60,18,686.073,454.808,88.567,215.355,0.920242,-1,-1,-1
60,19,913.456,453.948,66.175,129.928,0.496822,-1,-1,-1
60,20,807.106,475.301,40.176,75.379,0.686645,-1,-1,-1
60,25,608.750,444.428,40.932,119.190,0.653264,-1,-1,-1
60,24,1551.704,444.116,31.141,91.887,0.473448,-1,-1,-1
60,27,413.095,468.270,54.339,85.074,0.301059,-1,-1,-1
60,28,313.092,453.639,32.656,95.126,0.335896,-1,-1,-1
60,14,697.105,463.088,55.044,118.940,0.279359,-1,-1,-1
60,26,1523.863,436.168,43.215,114.250,0.817164,-1,-1,-1
60,5,1675.970,431.086,112.892,155.421,0.483754,-1,-1,-1
61,1,738.987,450.305,49.637,117.598,0.655349,-1,-1,-1
61,2,732.492,446.812,42.430,106.958,0.561993,-1,-1,-1
61,3,567.354,448.496,59.388,141.455,0.683825,-1,-1,-1
61,4,1066.806,455.712,65.727,134.149,0.605267,-1,-1,-1
61,6,929.532,432.722,39.080,95.342,0.691994,-1,-1,-1
61,7,1499.872,435.149,34.354,98.626,0.257042,-1,-1,-1
61,8,1099.024,435.462,35.768,95.178,0.789543,-1,-1,-1
61,9,1829.190,420.214,90.948,477.045,0.767490,-1,-1,-1
61,10,618.222,442.756,98.552,279.787,0.942115,-1,-1,-1
61,12,444.018,445.588,168.929,314.685,0.938774,-1,-1,-1
61,13,1255.324,442.067,40.982,101.017,0.876158,-1,-1,-1
61,15,1003.999,443.187,36.737,86.357,0.837380,-1,-1,-1
61,16,844.939,467.491,45.554,75.917,0.526305,-1,-1,-1
61,18,684.319,455.616,90.730,215.893,0.902955,-1,-1,-1
61,19,912.946,450.863,66.391,131.986,0.386141,-1,-1,-1
61,20,805.526,474.106,40.472,77.952,0.621772,-1,-1,-1
61,25,608.847,443.973,41.031,114.630,0.632412,-1,-1,-1
61,24,1550.644,439.005,32.903,99.352,0.484196,-1,-1,-1
61,27,413.311,457.228,54.219,96.284,0.459047,-1,-1,-1
61,28,312.950,452.311,38.780,97.041,0.533482,-1,-1,-1
61,14,695.060,456.159,59.348,118.153,0.348022,-1,-1,-1
61,26,1520.413,428.741,48.802,121.794,0.860856,-1,-1,-1
61,5,1677.568,434.914,110.404,150.406,0.419690,-1,-1,-1
62,1,737.792,452.795,50.837,116.126,0.755154,-1,-1,-1
62,2,732.140,447.727,43.994,106.877,0.395128,-1,-1,-1
62,3,578.932,447.309,61.612,140.411,0.723744,-1,-1,-1
62,4,1068.379,449.300,62.957,138.212,0.418939,-1,-1,-1
62,6,931.486,435.342,36.722,88.353,0.685794,-1,-1,-1
62,7,1500.614,433.654,32.316,87.357,0.260374,-1,-1,-1
62,8,1098.811,434.035,36.030,95.185,0.780410,-1,-1,-1
62,9,1835.854,367.926,84.037,534.115,0.309003,-1,-1,-1
62,10,616.144,443.962,103.587,278.855,0.934028,-1,-1,-1
62,12,445.362,443.136,175.508,321.835,0.944927,-1,-1,-1
62,13,1255.017,442.248,40.663,100.803,0.874063,-1,-1,-1
62,15,1003.753,444.876,35.855,84.697,0.854787,-1,-1,-1
62,16,847.328,467.404,40.561,72.992,0.566234,-1,-1,-1
62,18,684.470,454.001,90.910,217.827,0.908509,-1,-1,-1
62,19,912.036,472.394,69.880,111.844,0.425789,-1,-1,-1
62,20,806.359,473.738,40.376,77.144,0.636554,-1,-1,-1
62,25,608.312,444.969,43.614,118.279,0.651349,-1,-1,-1
62,24,1551.283,446.098,32.891,96.212,0.616670,-1,-1,-1
62,27,409.834,466.147,57.308,87.586,0.533880,-1,-1,-1
62,28,311.192,450.602,39.013,104.782,0.663039,-1,-1,-1
62,14,696.637,457.610,56.301,116.332,0.239096,-1,-1,-1
62,26,1522.564,433.566,46.191,116.634,0.811441,-1,-1,-1
62,5,1678.636,436.163,108.363,155.612,0.414705,-1,-1,-1
62,29,1033.160,450.452,33.606,81.866,0.785352,-1,-1,-1
63,1,740.474,454.871,49.138,111.152,0.734140,-1,-1,-1
63,2,733.510,449.182,43.063,101.891,0.352000,-1,-1,-1
63,3,590.319,444.181,51.407,133.264,0.567713,-1,-1,-1
63,4,1076.170,437.494,56.152,146.157,0.423424,-1,-1,-1
63,6,931.388,435.575,35.870,88.325,0.695386,-1,-1,-1
63,7,1505.718,432.922,29.453,75.453,0.271319,-1,-1,-1
63,8,1098.269,434.589,36.799,97.310,0.775891,-1,-1,-1
63,10,615.793,442.656,101.700,283.179,0.944909,-1,-1,-1
63,12,447.706,441.605,175.704,323.177,0.945511,-1,-1,-1
63,13,1255.820,442.152,42.030,101.354,0.871780,-1,-1,-1
63,15,1004.172,445.479,34.536,84.449,0.829482,-1,-1,-1
63,16,846.970,468.541,39.238,71.493,0.602465,-1,-1,-1
63,18,681.817,453.636,92.869,218.385,0.908993,-1,-1,-1
63,19,910.012,478.197,68.311,105.692,0.263970,-1,-1,-1
63,20,806.931,474.917,37.714,77.440,0.680085,-1,-1,-1
63,25,609.095,445.457,39.688,106.882,0.601549,-1,-1,-1
63,24,1549.210,445.179,34.345,100.408,0.489095,-1,-1,-1
63,27,411.007,460.973,55.428,92.366,0.337706,-1,-1,-1
63,28,310.662,449.073,38.810,107.929,0.505734,-1,-1,-1
63,14,691.585,457.958,59.058,121.204,0.156021,-1,-1,-1
63,26,1524.219,432.693,43.767,117.320,0.785387,-1,-1,-1
63,5,1684.490,437.412,101.851,154.666,0.402235,-1,-1,-1
63,29,1032.977,450.555,33.718,83.176,0.804769,-1,-1,-1
64,1,744.281,464.626,45.932,102.062,0.774102,-1,-1,-1
64,2,734.352,449.593,43.282,101.526,0.387110,-1,-1,-1
64,3,595.587,443.402,44.021,120.421,0.557559,-1,-1,-1
64,4,1077.050,434.825,55.178,150.128,0.454336,-1,-1,-1
64,6,932.092,436.832,33.685,86.535,0.661046,-1,-1,-1
64,7,1506.150,432.376,28.704,73.259,0.296807,-1,-1,-1
64,8,1098.269,436.776,35.939,95.326,0.719523,-1,-1,-1
64,10,615.321,443.144,103.636,284.992,0.941634,-1,-1,-1
64,12,451.525,439.819,175.974,323.926,0.947695,-1,-1,-1
64,13,1255.636,442.763,43.425,101.151,0.864308,-1,-1,-1
64,15,1004.293,446.452,33.173,84.548,0.834277,-1,-1,-1
64,16,848.702,470.293,38.143,69.379,0.641558,-1,-1,-1
64,18,681.818,452.123,92.399,221.093,0.899417,-1,-1,-1
64,19,910.251,464.848,67.218,118.581,0.358118,-1,-1,-1
64,20,806.526,475.064,35.767,77.458,0.650336,-1,-1,-1
64,25,610.046,446.330,37.163,100.980,0.567143,-1,-1,-1
64,24,1549.953,435.316,34.722,109.131,0.428044,-1,-1,-1
64,27,410.522,455.459,55.154,97.976,0.452434,-1,-1,-1
64,28,310.191,448.139,38.042,108.714,0.483055,-1,-1,-1
64,14,692.014,457.435,58.068,120.890,0.173469,-1,-1,-1
64,26,1524.472,430.814,43.543,119.084,0.704917,-1,-1,-1
64,5,1673.371,435.884,112.258,156.631,0.585991,-1,-1,-1
64,29,1032.850,452.197,33.075,82.580,0.822480,-1,-1,-1
65,1,741.987,462.492,47.735,107.954,0.696366,-1,-1,-1
65,2,733.324,450.330,43.713,104.057,0.479213,-1,-1,-1
65,3,593.413,445.342,51.823,133.286,0.648056,-1,-1,-1
65,4,1078.030,431.656,54.917,153.928,0.399134,-1,-1,-1
65,6,930.527,436.507,35.832,88.339,0.668438,-1,-1,-1
65,7,1505.286,432.381,28.228,73.365,0.338440,-1,-1,-1
65,8,1098.909,438.017,35.077,94.368,0.662616,-1,-1,-1
65,10,614.319,442.012,105.902,287.983,0.942172,-1,-1,-1
65,12,447.689,438.347,182.951,325.671,0.952506,-1,-1,-1
65,13,1255.939,443.757,43.391,100.802,0.871957,-1,-1,-1
65,15,1003.565,446.351,32.785,83.802,0.781493,-1,-1,-1
65,16,849.018,470.656,38.010,68.938,0.568623,-1,-1,-1
65,18,681.594,453.742,90.034,221.221,0.910129,-1,-1,-1
65,19,908.768,463.797,66.962,118.619,0.252507,-1,-1,-1
65,20,806.378,475.622,35.004,77.831,0.705474,-1,-1,-1
65,25,611.558,446.056,36.507,100.316,0.554691,-1,-1,-1
65,24,1551.065,434.924,33.922,108.864,0.453541,-1,-1,-1
65,27,412.693,452.786,51.575,97.223,0.403650,-1,-1,-1
65,28,309.478,447.202,37.726,110.804,0.440043,-1,-1,-1
65,14,691.397,458.497,55.380,117.499,0.160672,-1,-1,-1
65,26,1524.293,430.631,42.248,118.213,0.740235,-1,-1,-1
65,5,1672.320,434.898,100.337,158.106,0.314629,-1,-1,-1
65,29,1033.450,454.922,32.180,79.173,0.755494,-1,-1,-1
66,1,734.601,451.981,49.745,115.974,0.758076,-1,-1,-1
66,2,734.230,446.852,41.649,94.784,0.602172,-1,-1,-1
66,3,593.623,447.098,52.021,136.338,0.741531,-1,-1,-1
66,4,1084.734,437.682,47.598,132.505,0.439994,-1,-1,-1
66,6,930.647,436.796,35.155,88.645,0.622515,-1,-1,-1
66,7,1502.142,433.824,28.354,75.104,0.424962,-1,-1,-1
66,8,1099.234,437.504,35.014,96.522,0.694690,-1,-1,-1
66,10,614.666,442.091,103.249,288.751,0.942882,-1,-1,-1
66,12,449.856,440.323,187.012,321.975,0.942909,-1,-1,-1
66,13,1256.043,444.102,43.510,100.331,0.863731,-1,-1,-1
66,15,1001.956,445.281,32.820,87.001,0.792286,-1,-1,-1
66,16,849.255,470.444,38.544,69.607,0.547785,-1,-1,-1
66,18,683.853,452.969,90.254,224.073,0.919132,-1,-1,-1
66,19,909.597,457.724,66.974,124.885,0.257537,-1,-1,-1
66,20,805.882,475.339,35.315,77.722,0.711232,-1,-1,-1
66,25,609.981,445.894,38.267,103.530,0.499726,-1,-1,-1
66,24,1550.534,433.256,34.949,110.802,0.707544,-1,-1,-1
66,27,412.917,456.804,52.549,94.976,0.417661,-1,-1,-1
66,28,308.592,446.949,38.905,112.977,0.491119,-1,-1,-1
66,14,695.786,460.104,50.873,104.580,0.216486,-1,-1,-1
66,26,1526.857,429.690,41.429,118.855,0.812146,-1,-1,-1
66,5,1681.650,435.345,99.211,152.898,0.353043,-1,-1,-1
66,29,1033.564,453.899,32.436,82.437,0.777177,-1,-1,-1
67,1,740.329,455.823,49.730,112.576,0.440157,-1,-1,-1
67,2,733.965,447.491,42.523,100.154,0.656930,-1,-1,-1
67,3,594.924,448.164,54.470,138.435,0.621955,-1,-1,-1
67,4,1087.646,440.386,44.854,123.094,0.491768,-1,-1,-1
67,6,930.960,436.105,34.820,89.013,0.619743,-1,-1,-1
67,7,1504.612,432.582,27.439,72.179,0.332107,-1,-1,-1
67,8,1098.389,435.826,36.208,100.809,0.726540,-1,-1,-1
67,10,614.556,442.606,103.649,285.569,0.941934,-1,-1,-1
67,12,450.413,438.826,192.824,326.662,0.946750,-1,-1,-1
67,13,1256.338,445.096,43.292,98.980,0.862730,-1,-1,-1
67,15,1000.903,445.661,32.978,85.876,0.801873,-1,-1,-1
67,16,849.622,470.747,38.292,68.873,0.586348,-1,-1,-1
67,18,685.116,454.505,92.223,223.626,0.919924,-1,-1,-1
67,19,911.049,458.285,67.477,124.557,0.166559,-1,-1,-1
67,20,807.029,477.524,34.492,74.945,0.722771,-1,-1,-1
67,25,609.243,446.485,38.912,110.118,0.471161,-1,-1,-1
67,24,1548.149,428.416,39.552,119.844,0.820968,-1,-1,-1
67,27,413.353,456.273,51.122,93.715,0.408323,-1,-1,-1
67,28,304.532,447.734,47.246,116.583,0.482602,-1,-1,-1
67,14,694.490,464.016,56.830,109.185,0.109691,-1,-1,-1
67,26,1530.279,428.144,40.187,120.234,0.739347,-1,-1,-1
67,5,1678.901,432.843,105.867,158.748,0.471588,-1,-1,-1
67,29,1033.131,452.764,33.543,83.973,0.787087,-1,-1,-1
68,1,747.791,458.892,45.413,107.543,0.440299,-1,-1,-1
68,2,733.179,447.532,44.448,104.251,0.601640,-1,-1,-1
68,3,598.287,447.110,53.607,138.497,0.432603,-1,-1,-1
68,4,1078.363,447.950,53.490,134.115,0.517829,-1,-1,-1
68,6,932.156,436.550,34.922,88.543,0.648958,-1,-1,-1
68,7,1507.431,433.485,26.719,68.617,0.261977,-1,-1,-1
68,8,1098.476,436.176,35.732,94.653,0.660336,-1,-1,-1
68,10,611.412,444.054,107.013,285.455,0.945473,-1,-1,-1
68,12,455.405,442.197,189.092,322.560,0.944571,-1,-1,-1
68,13,1256.535,445.907,43.195,98.600,0.864924,-1,-1,-1
68,15,1000.034,444.661,35.033,86.985,0.821733,-1,-1,-1
68,16,848.370,470.918,40.544,70.292,0.596897,-1,-1,-1
68,18,686.199,454.411,91.423,223.149,0.923859,-1,-1,-1
68,19,911.298,463.398,67.195,119.086,0.197941,-1,-1,-1
68,20,807.352,478.570,35.255,74.730,0.693043,-1,-1,-1
68,25,604.203,447.795,40.836,107.050,0.547738,-1,-1,-1
68,24,1545.064,423.454,44.328,126.818,0.793219,-1,-1,-1
68,27,414.490,454.052,52.202,96.520,0.378866,-1,-1,-1
68,28,306.843,448.137,43.101,114.997,0.585060,-1,-1,-1
68,26,1531.876,428.094,40.616,120.743,0.666694,-1,-1,-1
68,5,1677.985,434.342,108.087,151.607,0.416302,-1,-1,-1
68,29,1033.738,451.566,33.751,83.814,0.768137,-1,-1,-1
69,1,750.218,464.812,45.315,102.856,0.435015,-1,-1,-1
69,2,734.039,447.248,43.022,101.391,0.507576,-1,-1,-1
69,3,598.799,447.691,53.268,141.078,0.405914,-1,-1,-1
69,4,1076.495,450.441,55.517,138.367,0.629960,-1,-1,-1
69,6,932.906,437.095,34.397,85.714,0.592129,-1,-1,-1
69,7,1508.135,433.500,27.643,68.098,0.276527,-1,-1,-1
69,8,1096.154,435.191,39.884,109.459,0.660412,-1,-1,-1
69,10,609.929,444.391,109.019,286.392,0.943996,-1,-1,-1
69,12,460.383,442.071,185.657,324.350,0.935193,-1,-1,-1
69,13,1256.487,446.259,43.303,98.164,0.861458,-1,-1,-1
69,15,999.823,446.006,35.288,84.889,0.801728,-1,-1,-1
69,16,849.174,471.764,38.368,68.147,0.535702,-1,-1,-1
69,18,685.202,454.094,92.587,224.044,0.924685,-1,-1,-1
69,19,912.752,461.620,65.867,121.068,0.259611,-1,-1,-1
69,20,807.421,479.305,34.611,73.590,0.703752,-1,-1,-1
69,25,601.266,449.048,39.574,105.832,0.456118,-1,-1,-1
69,24,1540.224,419.592,50.735,130.924,0.790046,-1,-1,-1
69,27,414.802,453.182,52.900,99.658,0.432590,-1,-1,-1
69,28,308.094,448.786,41.023,114.471,0.549294,-1,-1,-1
69,26,1531.677,428.381,43.332,119.796,0.593347,-1,-1,-1
69,5,1675.496,433.738,111.322,149.324,0.414849,-1,-1,-1
69,29,1033.188,454.122,34.119,79.614,0.727310,-1,-1,-1
70,1,751.474,476.505,44.816,90.448,0.431784,-1,-1,-1
70,2,736.984,447.502,40.658,88.450,0.610677,-1,-1,-1
70,3,602.033,445.313,48.641,136.786,0.213387,-1,-1,-1
70,4,1078.951,445.646,55.238,143.387,0.502644,-1,-1,-1
70,6,932.922,437.068,34.464,85.249,0.644145,-1,-1,-1
70,7,1511.986,433.411,29.928,65.640,0.337204,-1,-1,-1
70,8,1095.158,434.585,41.362,108.239,0.680899,-1,-1,-1
70,10,607.439,442.009,109.380,286.804,0.938951,-1,-1,-1
70,12,461.502,441.152,187.694,325.523,0.949569,-1,-1,-1
70,13,1256.185,445.994,43.642,98.346,0.867272,-1,-1,-1
70,15,999.539,446.229,36.885,83.363,0.816220,-1,-1,-1
70,16,849.518,471.956,37.788,67.214,0.534881,-1,-1,-1
70,18,687.318,456.383,88.833,222.634,0.915791,-1,-1,-1
70,19,911.908,460.084,66.233,122.825,0.200789,-1,-1,-1
70,20,807.219,478.960,34.990,74.216,0.678897,-1,-1,-1
70,25,600.327,447.898,37.252,90.590,0.317479,-1,-1,-1
70,24,1537.318,414.985,54.969,137.060,0.851014,-1,-1,-1
70,27,414.269,455.058,53.065,98.645,0.367722,-1,-1,-1
70,28,308.356,448.859,40.590,114.531,0.542669,-1,-1,-1
70,5,1675.245,433.688,111.849,149.759,0.431666,-1,-1,-1
70,29,1033.443,454.430,36.016,78.574,0.735291,-1,-1,-1
70,30,467.317,447.363,64.930,126.134,0.744488,-1,-1,-1
71,1,756.215,465.709,43.601,99.572,0.593886,-1,-1,-1
71,2,737.234,447.324,38.415,90.343,0.642235,-1,-1,-1
71,3,603.406,443.817,46.037,138.799,0.201837,-1,-1,-1
71,4,1071.326,459.534,58.513,133.913,0.672844,-1,-1,-1
71,6,932.404,437.978,35.079,83.957,0.635671,-1,-1,-1
71,7,1515.243,432.872,30.435,67.626,0.328849,-1,-1,-1
71,8,1095.489,436.465,40.552,102.446,0.656378,-1,-1,-1
71,10,605.338,438.645,112.242,291.637,0.939129,-1,-1,-1
71,12,468.869,442.263,182.834,325.139,0.944692,-1,-1,-1
71,13,1255.986,445.686,43.438,98.831,0.866181,-1,-1,-1
71,15,999.266,446.662,37.220,81.842,0.815127,-1,-1,-1
71,16,848.961,471.456,38.777,67.813,0.527614,-1,-1,-1
71,18,688.638,456.869,88.325,221.720,0.910472,-1,-1,-1
71,19,913.461,462.397,65.682,120.258,0.303538,-1,-1,-1
71,20,806.554,476.679,36.094,76.875,0.660939,-1,-1,-1
71,25,598.714,448.208,37.382,83.938,0.302305,-1,-1,-1
71,24,1536.919,418.165,55.761,133.395,0.821835,-1,-1,-1
71,27,413.631,452.527,53.402,102.319,0.503727,-1,-1,-1
71,28,305.432,448.511,45.236,116.854,0.499862,-1,-1,-1
71,5,1674.778,434.002,111.678,148.890,0.367325,-1,-1,-1
71,29,1033.076,454.118,36.783,78.338,0.709196,-1,-1,-1
71,30,467.687,447.697,59.399,124.866,0.789747,-1,-1,-1
72,1,753.818,481.236,45.747,85.642,0.407880,-1,-1,-1
72,2,740.635,447.984,35.897,84.978,0.660151,-1,-1,-1
72,3,607.943,443.626,41.219,125.253,0.223376,-1,-1,-1
72,4,1073.699,446.172,57.225,145.441,0.575552,-1,-1,-1
72,6,931.831,438.425,36.067,85.129,0.519744,-1,-1,-1
72,7,1515.195,432.357,31.332,70.254,0.393014,-1,-1,-1
72,8,1095.413,436.787,41.215,105.281,0.691280,-1,-1,-1
72,10,605.734,439.624,110.208,291.084,0.936774,-1,-1,-1
72,12,474.191,441.412,181.342,326.609,0.938251,-1,-1,-1
72,13,1255.774,445.977,43.479,98.659,0.863072,-1,-1,-1
72,15,998.882,446.686,38.132,81.932,0.800037,-1,-1,-1
72,16,847.972,470.640,40.644,69.626,0.568632,-1,-1,-1
72,18,688.404,455.181,94.450,223.692,0.917242,-1,-1,-1
72,19,911.419,463.431,68.170,119.336,0.236393,-1,-1,-1
72,20,806.685,476.165,37.967,75.461,0.627444,-1,-1,-1
72,25,599.899,448.609,35.683,78.592,0.143512,-1,-1,-1
72,24,1537.645,415.830,54.278,136.413,0.829879,-1,-1,-1
72,27,413.773,450.426,53.260,104.073,0.511220,-1,-1,-1
72,28,307.329,449.247,42.686,115.082,0.557398,-1,-1,-1
72,5,1673.617,433.437,113.445,151.157,0.414436,-1,-1,-1
72,29,1033.501,455.038,36.776,77.906,0.604216,-1,-1,-1
72,30,467.014,448.370,58.103,125.095,0.777816,-1,-1,-1
73,1,757.687,474.058,42.904,90.812,0.219049,-1,-1,-1
73,2,742.075,448.254,35.348,86.020,0.632366,-1,-1,-1
73,3,613.616,442.603,37.010,107.176,0.199795,-1,-1,-1
73,4,1073.943,442.769,57.115,148.719,0.609265,-1,-1,-1
73,6,931.008,438.210,37.004,86.095,0.611850,-1,-1,-1
73,7,1516.594,431.849,31.547,70.411,0.359136,-1,-1,-1
73,8,1094.866,436.564,42.315,107.293,0.712050,-1,-1,-1
73,10,606.212,439.375,108.277,291.738,0.938242,-1,-1,-1
73,12,481.670,437.759,174.729,330.923,0.938662,-1,-1,-1
73,13,1255.861,445.792,43.688,98.463,0.864443,-1,-1,-1
73,15,998.400,445.787,38.105,84.100,0.790594,-1,-1,-1
73,16,846.942,470.244,43.132,70.059,0.544898,-1,-1,-1
73,18,689.820,454.578,96.768,224.324,0.918244,-1,-1,-1
73,19,912.237,461.594,69.294,121.470,0.256892,-1,-1,-1
73,20,805.832,474.747,37.901,74.897,0.567263,-1,-1,-1
73,25,597.967,447.595,39.517,88.580,0.146727,-1,-1,-1
73,24,1538.716,416.671,53.730,135.282,0.826930,-1,-1,-1
73,27,414.569,451.119,51.448,103.104,0.486438,-1,-1,-1
73,28,308.249,448.641,41.339,115.612,0.595143,-1,-1,-1
73,5,1674.321,434.647,112.572,152.786,0.388740,-1,-1,-1
73,29,1032.865,455.175,50.589,113.476,0.672456,-1,-1,-1
73,30,465.754,448.693,57.536,126.292,0.796467,-1,-1,-1
74,1,761.006,472.503,39.957,91.121,0.188079,-1,-1,-1
74,2,744.274,446.891,33.424,86.325,0.680286,-1,-1,-1
74,3,615.125,445.157,36.531,111.430,0.118529,-1,-1,-1
74,4,1071.844,457.318,56.749,137.064,0.763481,-1,-1,-1
74,6,930.454,437.237,37.261,87.123,0.638041,-1,-1,-1
74,7,1518.143,432.542,29.278,67.141,0.257767,-1,-1,-1
74,8,1097.371,439.450,36.971,95.280,0.693320,-1,-1,-1
74,10,606.879,439.097,106.814,292.183,0.939959,-1,-1,-1
74,12,501.459,436.884,155.628,331.403,0.928558,-1,-1,-1
74,13,1255.960,444.961,43.315,98.966,0.861620,-1,-1,-1
74,15,998.551,445.211,38.173,84.903,0.755967,-1,-1,-1
74,16,846.379,469.578,43.024,71.335,0.489022,-1,-1,-1
74,18,691.821,454.410,95.859,223.698,0.919691,-1,-1,-1
74,19,914.523,458.903,65.581,123.953,0.233136,-1,-1,-1
74,20,805.187,474.400,37.866,75.559,0.564884,-1,-1,-1
74,24,1540.007,420.383,53.710,130.878,0.771552,-1,-1,-1
74,27,414.902,454.361,50.205,99.339,0.449165,-1,-1,-1
74,28,305.121,447.499,46.644,118.245,0.591116,-1,-1,-1
74,5,1669.071,433.845,109.473,151.484,0.258677,-1,-1,-1
74,29,1044.128,453.519,47.464,121.428,0.608554,-1,-1,-1
74,30,464.054,451.013,52.267,118.865,0.770638,-1,-1,-1
75,1,763.336,470.766,38.628,91.170,0.259126,-1,-1,-1
75,2,744.872,445.776,33.797,83.133,0.616926,-1,-1,-1
75,3,611.407,443.276,37.195,113.998,0.149954,-1,-1,-1
75,4,1071.310,462.641,56.866,132.828,0.797507,-1,-1,-1
75,6,930.230,436.914,36.868,86.796,0.615876,-1,-1,-1
75,7,1516.664,433.761,29.615,65.468,0.378146,-1,-1,-1
75,8,1097.178,441.231,35.738,90.889,0.640622,-1,-1,-1
75,10,607.068,438.980,106.590,291.477,0.935590,-1,-1,-1
75,12,501.951,434.907,154.781,332.410,0.930104,-1,-1,-1
75,13,1255.503,444.636,43.678,98.566,0.866231,-1,-1,-1
75,15,1000.856,446.925,36.587,85.904,0.751018,-1,-1,-1
75,16,847.124,468.945,42.874,72.804,0.499751,-1,-1,-1
75,18,693.014,454.861,95.706,221.581,0.923685,-1,-1,-1
75,19,913.486,456.107,66.840,126.770,0.324945,-1,-1,-1
75,20,803.961,471.585,37.575,78.681,0.520889,-1,-1,-1
75,24,1541.091,422.994,51.945,126.146,0.602337,-1,-1,-1
75,27,414.596,468.681,50.105,85.065,0.402117,-1,-1,-1
75,28,307.065,447.803,43.189,117.505,0.531987,-1,-1,-1
75,5,1674.792,432.714,109.247,152.714,0.302313,-1,-1,-1
75,29,1043.120,452.276,46.786,117.296,0.701348,-1,-1,-1
75,30,463.319,451.832,47.119,112.719,0.721343,-1,-1,-1
75,31,490.875,451.318,52.212,129.116,0.759339,-1,-1,-1
76,1,761.642,459.366,43.889,98.882,0.632138,-1,-1,-1
76,2,744.609,444.940,32.783,82.084,0.676614,-1,-1,-1
76,3,611.928,444.533,37.475,121.329,0.158994,-1,-1,-1
76,4,1070.638,466.343,56.963,129.435,0.803744,-1,-1,-1
76,6,930.776,437.432,36.308,87.511,0.665381,-1,-1,-1
76,7,1516.479,436.454,28.557,63.986,0.331080,-1,-1,-1
76,8,1097.917,442.280,34.686,87.370,0.654806,-1,-1,-1
76,10,608.589,439.080,105.214,289.707,0.932543,-1,-1,-1
76,12,502.454,434.967,151.608,331.395,0.927447,-1,-1,-1
76,13,1255.652,444.505,43.792,98.453,0.863547,-1,-1,-1
76,15,1000.106,445.011,37.927,85.941,0.797108,-1,-1,-1
76,16,847.159,469.211,41.169,70.335,0.507524,-1,-1,-1
76,18,694.073,456.042,100.848,219.377,0.917720,-1,-1,-1
76,19,914.893,445.637,62.369,134.176,0.181037,-1,-1,-1
76,20,803.540,470.842,38.375,78.166,0.559094,-1,-1,-1
76,24,1547.902,430.869,43.861,118.362,0.610345,-1,-1,-1
76,27,414.070,468.284,50.326,86.300,0.518383,-1,-1,-1
76,28,308.320,448.361,41.237,116.685,0.561499,-1,-1,-1
76,5,1675.220,433.278,110.581,153.049,0.322393,-1,-1,-1
76,29,1043.278,451.155,47.065,117.150,0.736527,-1,-1,-1
76,30,461.583,452.095,46.408,113.068,0.724175,-1,-1,-1
76,31,485.977,450.545,58.801,129.520,0.766178,-1,-1,-1
77,1,764.233,450.305,39.932,86.963,0.649349,-1,-1,-1
77,2,745.296,443.743,34.558,88.354,0.719005,-1,-1,-1
77,3,614.814,444.892,36.207,110.380,0.165114,-1,-1,-1
77,4,1069.260,467.226,58.641,128.743,0.763042,-1,-1,-1
77,6,931.060,437.560,35.694,87.837,0.696020,-1,-1,-1
77,7,1516.159,436.604,28.538,66.213,0.346624,-1,-1,-1
77,8,1098.108,442.292,34.465,86.683,0.671677,-1,-1,-1
77,10,610.480,438.983,102.327,288.391,0.931552,-1,-1,-1
77,12,510.259,434.909,143.100,329.965,0.933543,-1,-1,-1
77,13,1255.707,444.283,43.904,98.502,0.865814,-1,-1,-1
77,15,1000.357,446.051,38.308,86.491,0.802050,-1,-1,-1
77,16,846.589,469.021,41.453,70.195,0.486982,-1,-1,-1
77,18,695.347,455.551,102.802,220.022,0.920492,-1,-1,-1
77,19,916.616,438.372,58.328,137.414,0.182363,-1,-1,-1
77,20,803.846,469.129,38.982,79.445,0.559090,-1,-1,-1
77,24,1552.048,431.129,38.904,117.053,0.409824,-1,-1,-1
77,27,413.869,470.975,49.921,83.487,0.481740,-1,-1,-1
77,28,308.790,448.521,40.301,116.192,0.551792,-1,-1,-1
77,5,1672.996,433.630,113.596,154.514,0.337743,-1,-1,-1
77,29,1044.475,449.964,47.379,109.065,0.689434,-1,-1,-1
77,30,460.769,452.106,45.433,112.204,0.721600,-1,-1,-1
77,31,484.165,448.370,61.502,137.500,0.772786,-1,-1,-1
78,1,761.599,446.376,42.157,94.766,0.468439,-1,-1,-1
78,2,745.806,443.796,35.102,89.292,0.629878,-1,-1,-1
78,3,618.106,449.601,36.775,111.090,0.162212,-1,-1,-1
78,4,1072.772,452.668,57.051,143.071,0.634270,-1,-1,-1
78,6,931.927,438.832,34.036,86.968,0.757999,-1,-1,-1
78,7,1515.103,434.306,29.088,67.140,0.298322,-1,-1,-1
78,8,1097.521,441.616,34.924,86.699,0.654876,-1,-1,-1
78,10,610.476,437.122,102.624,288.855,0.933324,-1,-1,-1
78,12,512.303,435.391,141.565,333.145,0.923097,-1,-1,-1
78,13,1256.153,445.919,42.578,97.104,0.846625,-1,-1,-1
78,15,1000.182,445.894,38.745,87.333,0.809099,-1,-1,-1
78,16,846.497,468.464,42.450,74.603,0.549925,-1,-1,-1
78,18,695.404,453.319,103.673,223.616,0.918144,-1,-1,-1
78,19,916.587,457.680,58.093,121.439,0.167599,-1,-1,-1
78,20,798.649,467.218,41.916,80.244,0.257263,-1,-1,-1
78,24,1553.799,426.242,35.876,114.575,0.180993,-1,-1,-1
78,27,413.881,470.978,54.902,84.274,0.414861,-1,-1,-1
78,28,309.669,448.988,38.188,113.395,0.396934,-1,-1,-1
78,5,1678.488,433.338,109.081,153.928,0.397514,-1,-1,-1
78,29,1045.686,447.250,47.142,124.268,0.724172,-1,-1,-1
78,30,461.026,451.202,44.129,109.989,0.631844,-1,-1,-1
78,31,480.799,446.296,62.032,143.548,0.784503,-1,-1,-1
79,1,760.956,444.519,39.701,87.913,0.617178,-1,-1,-1
79,2,746.810,444.291,37.655,95.360,0.605278,-1,-1,-1
79,4,1072.942,458.012,56.373,137.882,0.647663,-1,-1,-1
79,6,931.567,439.107,34.524,86.274,0.755562,-1,-1,-1
79,7,1515.089,435.241,28.388,65.764,0.284502,-1,-1,-1
79,8,1098.532,441.071,34.183,86.379,0.662777,-1,-1,-1
79,10,612.576,438.156,100.594,286.069,0.929494,-1,-1,-1
79,12,516.724,437.871,137.289,333.151,0.921091,-1,-1,-1
79,13,1257.187,446.912,42.555,96.109,0.851998,-1,-1,-1
79,15,998.323,446.164,42.016,88.033,0.819264,-1,-1,-1
79,16,845.539,467.596,44.303,77.597,0.570908,-1,-1,-1
79,18,696.832,451.812,104.945,226.239,0.919137,-1,-1,-1
79,19,916.186,474.470,58.195,106.489,0.203230,-1,-1,-1
79,20,801.168,471.360,40.827,77.695,0.502729,-1,-1,-1
79,24,1556.331,429.598,31.261,88.445,0.167176,-1,-1,-1
79,27,416.283,474.533,51.963,80.720,0.487834,-1,-1,-1
79,28,310.088,449.592,36.867,110.339,0.379802,-1,-1,-1
79,5,1697.259,441.977,92.725,154.878,0.366430,-1,-1,-1
79,29,1046.191,447.892,46.412,124.184,0.698273,-1,-1,-1
79,30,460.698,452.255,44.281,111.856,0.754155,-1,-1,-1
79,31,484.484,448.235,56.679,137.751,0.747806,-1,-1,-1
79,32,494.851,454.376,116.882,264.960,0.801703,-1,-1,-1
80,1,760.245,445.878,40.427,89.331,0.482340,-1,-1,-1
80,2,746.393,446.990,38.639,90.754,0.354570,-1,-1,-1
80,4,1071.652,448.723,57.716,145.457,0.490746,-1,-1,-1
80,6,931.318,438.144,34.752,88.315,0.791479,-1,-1,-1
80,7,1515.301,435.648,28.337,67.466,0.337799,-1,-1,-1
80,8,1100.267,440.231,32.742,87.313,0.686216,-1,-1,-1
80,10,613.285,436.917,100.455,287.096,0.934644,-1,-1,-1
80,12,521.050,439.230,133.880,333.340,0.906340,-1,-1,-1
80,13,1257.420,445.909,43.257,97.405,0.862753,-1,-1,-1
80,15,998.372,445.169,41.626,87.497,0.802495,-1,-1,-1
80,16,844.956,467.195,44.655,78.734,0.612612,-1,-1,-1
80,18,699.913,453.922,106.951,225.573,0.939177,-1,-1,-1
80,19,916.128,472.071,57.315,108.943,0.124625,-1,-1,-1
80,20,803.873,473.044,36.698,72.111,0.505292,-1,-1,-1
80,24,1556.221,423.163,30.318,80.412,0.183123,-1,-1,-1
80,27,414.989,473.119,55.310,83.567,0.545296,-1,-1,-1
80,28,309.952,449.916,36.842,108.831,0.371418,-1,-1,-1
80,5,1704.300,442.599,85.629,148.995,0.341549,-1,-1,-1
80,29,1049.668,446.558,41.528,108.569,0.630413,-1,-1,-1
80,30,459.745,452.475,46.042,112.852,0.692553,-1,-1,-1
80,31,481.619,446.211,68.244,154.559,0.771577,-1,-1,-1
80,32,491.768,450.850,122.316,280.979,0.852334,-1,-1,-1
81,1,766.017,447.173,39.716,86.895,0.469101,-1,-1,-1
81,2,755.226,447.226,35.058,81.138,0.674515,-1,-1,-1
81,4,1073.837,439.776,56.908,152.281,0.390031,-1,-1,-1
81,6,930.471,437.352,35.741,89.850,0.786863,-1,-1,-1
81,7,1514.208,434.189,28.979,67.306,0.333708,-1,-1,-1
81,8,1100.784,440.197,32.395,86.799,0.677962,-1,-1,-1
81,10,614.967,437.913,99.324,288.335,0.931160,-1,-1,-1
81,12,531.083,441.596,128.112,333.781,0.918059,-1,-1,-1
81,13,1257.560,446.570,43.054,97.011,0.862821,-1,-1,-1
81,15,998.427,444.383,41.015,87.485,0.817860,-1,-1,-1
81,16,845.014,467.278,44.076,75.830,0.528600,-1,-1,-1
81,18,702.737,454.977,107.692,226.083,0.938839,-1,-1,-1
81,19,920.007,448.230,52.681,121.437,0.182902,-1,-1,-1
81,20,803.351,474.775,36.698,70.807,0.482305,-1,-1,-1
81,24,1556.723,423.702,29.432,76.778,0.260313,-1,-1,-1
81,27,413.902,470.770,55.097,85.620,0.518750,-1,-1,-1
81,28,310.133,450.158,36.421,107.680,0.361542,-1,-1,-1
81,5,1708.516,445.797,82.144,143.023,0.389539,-1,-1,-1
81,29,1051.920,444.009,38.965,105.588,0.601376,-1,-1,-1
81,30,458.928,452.870,46.289,112.475,0.747276,-1,-1,-1
81,31,481.532,444.691,68.514,162.097,0.754677,-1,-1,-1
81,32,488.773,445.469,124.689,287.344,0.858716,-1,-1,-1
82,1,767.554,447.525,40.923,81.664,0.303596,-1,-1,-1
82,2,758.574,446.876,32.101,74.227,0.596315,-1,-1,-1
82,4,1074.399,435.574,57.377,154.508,0.401808,-1,-1,-1
82,6,930.291,438.295,36.482,88.986,0.754136,-1,-1,-1
82,7,1515.666,435.367,28.913,68.544,0.305113,-1,-1,-1
82,8,1101.205,438.902,32.620,88.825,0.702024,-1,-1,-1
82,10,615.346,435.815,101.473,292.629,0.932396,-1,-1,-1
82,12,529.402,437.162,130.669,340.268,0.921640,-1,-1,-1
82,13,1257.829,444.240,42.624,99.015,0.877977,-1,-1,-1
82,15,999.477,444.594,40.600,88.522,0.807062,-1,-1,-1
82,16,844.755,467.630,45.046,74.961,0.450664,-1,-1,-1
82,18,705.399,456.467,109.895,223.200,0.939738,-1,-1,-1
82,19,911.854,465.703,61.296,111.742,0.317978,-1,-1,-1
82,20,804.102,476.137,36.220,70.661,0.484872,-1,-1,-1
82,24,1557.016,427.887,29.152,73.791,0.171285,-1,-1,-1
82,27,414.635,456.569,53.008,99.351,0.569589,-1,-1,-1
82,28,307.125,449.611,44.127,112.785,0.349241,-1,-1,-1
82,5,1704.458,439.775,86.722,169.697,0.303213,-1,-1,-1
82,29,1051.747,441.992,39.649,115.052,0.619918,-1,-1,-1
82,30,459.009,450.446,46.810,114.262,0.789387,-1,-1,-1
82,31,484.439,442.686,69.751,170.061,0.740678,-1,-1,-1
82,32,487.438,442.204,129.218,294.047,0.841632,-1,-1,-1
83,1,768.282,447.579,41.108,78.226,0.359723,-1,-1,-1
83,2,761.211,446.331,31.607,70.905,0.649010,-1,-1,-1
83,4,1076.529,453.688,54.994,138.814,0.280568,-1,-1,-1
83,6,929.022,437.828,38.377,90.572,0.730461,-1,-1,-1
83,7,1518.534,437.158,27.370,63.515,0.331847,-1,-1,-1
83,8,1101.016,437.885,33.402,91.302,0.721211,-1,-1,-1
83,10,617.862,436.526,99.148,294.200,0.934012,-1,-1,-1
83,12,530.841,439.136,134.170,342.569,0.908368,-1,-1,-1
83,13,1258.463,442.419,42.349,101.035,0.880815,-1,-1,-1
83,15,1000.233,443.363,42.223,94.414,0.837080,-1,-1,-1
83,16,848.214,467.342,40.481,71.480,0.475229,-1,-1,-1
83,18,709.000,459.447,108.431,221.944,0.938921,-1,-1,-1
83,19,913.952,474.527,61.623,107.363,0.306409,-1,-1,-1
83,20,802.536,476.266,35.499,69.785,0.406379,-1,-1,-1
83,24,1557.633,430.689,28.022,69.477,0.158195,-1,-1,-1
83,27,415.224,455.082,54.949,100.442,0.735630,-1,-1,-1
83,28,308.883,451.341,40.238,106.660,0.319629,-1,-1,-1
83,5,1688.242,437.345,100.971,158.107,0.370287,-1,-1,-1
83,29,1054.462,442.113,37.386,110.014,0.648195,-1,-1,-1
83,30,459.255,448.262,47.116,113.754,0.774259,-1,-1,-1
83,31,491.419,443.665,75.916,176.905,0.664596,-1,-1,-1
83,32,489.149,443.433,124.521,291.803,0.855290,-1,-1,-1
84,1,769.956,447.769,39.849,73.680,0.395766,-1,-1,-1
84,2,763.636,445.404,30.261,66.823,0.645164,-1,-1,-1
84,4,1076.906,468.096,54.127,125.177,0.239688,-1,-1,-1
84,6,929.221,438.724,38.208,90.434,0.681225,-1,-1,-1
84,7,1517.400,436.798,27.316,63.633,0.378652,-1,-1,-1
84,8,1099.540,435.965,35.974,99.100,0.752183,-1,-1,-1
84,10,617.458,439.423,101.231,292.203,0.931740,-1,-1,-1
84,12,533.538,439.577,133.987,342.055,0.917771,-1,-1,-1
84,13,1259.041,442.443,41.577,100.636,0.882417,-1,-1,-1
84,15,1000.549,443.494,42.272,92.295,0.822848,-1,-1,-1
84,16,846.421,467.723,41.971,71.459,0.484902,-1,-1,-1
84,18,709.100,462.375,109.715,218.925,0.933239,-1,-1,-1
84,19,915.069,486.532,60.847,97.257,0.193490,-1,-1,-1
84,20,803.824,479.519,36.843,70.487,0.588268,-1,-1,-1
84,24,1557.210,428.846,28.878,75.350,0.143848,-1,-1,-1
84,27,416.123,462.759,54.272,93.074,0.704118,-1,-1,-1
84,28,310.528,451.198,36.048,98.786,0.271332,-1,-1,-1
84,5,1694.740,441.406,94.964,146.350,0.243049,-1,-1,-1
84,29,1050.931,442.019,42.208,122.395,0.697684,-1,-1,-1
84,30,459.446,446.668,46.532,115.892,0.778548,-1,-1,-1
84,31,488.299,443.219,74.654,175.976,0.731522,-1,-1,-1
84,32,492.627,445.569,121.031,292.131,0.878069,-1,-1,-1
85,1,769.897,447.225,37.940,75.794,0.349344,-1,-1,-1
85,2,764.555,445.036,30.723,74.318,0.661940,-1,-1,-1
85,4,1075.206,477.067,55.126,116.397,0.232110,-1,-1,-1
85,6,929.789,439.099,38.071,90.068,0.693681,-1,-1,-1
85,7,1516.240,436.205,29.162,67.866,0.384159,-1,-1,-1
85,8,1098.474,435.552,37.481,101.023,0.717028,-1,-1,-1
85,10,619.809,444.171,99.226,288.030,0.924307,-1,-1,-1
85,12,535.287,437.880,133.761,344.472,0.904922,-1,-1,-1
85,13,1258.863,441.502,42.391,101.749,0.873852,-1,-1,-1
85,15,1000.774,444.172,39.665,91.412,0.789399,-1,-1,-1
85,16,840.515,466.363,48.357,77.935,0.394527,-1,-1,-1
85,18,710.387,461.439,109.276,221.488,0.932745,-1,-1,-1
85,19,915.529,479.713,61.317,103.734,0.318201,-1,-1,-1
85,20,802.805,477.720,37.388,71.847,0.382030,-1,-1,-1
85,24,1555.784,428.703,30.269,77.778,0.165040,-1,-1,-1
85,27,419.155,467.960,49.962,86.883,0.760015,-1,-1,-1
85,28,309.208,452.969,40.399,105.963,0.264596,-1,-1,-1
85,5,1699.406,439.680,90.839,148.326,0.408935,-1,-1,-1
85,29,1047.842,441.993,45.562,131.082,0.757254,-1,-1,-1
85,30,458.913,446.691,46.964,114.603,0.768253,-1,-1,-1
85,31,483.699,442.445,79.339,180.197,0.760842,-1,-1,-1
85,32,491.214,446.174,121.217,295.573,0.850404,-1,-1,-1
86,2,764.088,443.165,31.583,78.009,0.496363,-1,-1,-1
86,4,1076.557,467.473,54.040,124.445,0.237215,-1,-1,-1
86,6,929.220,440.083,38.779,90.184,0.652595,-1,-1,-1
86,7,1515.967,436.276,29.148,66.214,0.356662,-1,-1,-1
86,8,1098.352,435.408,37.754,103.194,0.724160,-1,-1,-1
86,10,620.639,444.528,101.876,288.896,0.925352,-1,-1,-1
86,12,530.845,432.025,138.003,350.729,0.923740,-1,-1,-1
86,13,1259.372,440.864,41.693,102.049,0.873405,-1,-1,-1
86,15,999.790,444.345,40.263,94.277,0.811589,-1,-1,-1
86,16,842.464,467.506,47.317,76.372,0.502892,-1,-1,-1
86,18,712.007,459.403,107.314,224.005,0.949063,-1,-1,-1
86,19,914.110,486.027,61.307,97.497,0.255594,-1,-1,-1
86,20,803.230,485.416,35.330,66.476,0.405991,-1,-1,-1
86,24,1555.613,425.595,30.500,79.374,0.167302,-1,-1,-1
86,27,420.659,471.295,48.381,83.139,0.749296,-1,-1,-1
86,28,308.556,452.675,43.719,111.060,0.277097,-1,-1,-1
86,5,1687.239,436.493,102.601,152.055,0.350708,-1,-1,-1
86,29,1047.537,442.797,47.063,134.534,0.751788,-1,-1,-1
86,30,458.554,446.798,47.939,113.618,0.751768,-1,-1,-1
86,31,482.254,440.542,86.111,187.639,0.772684,-1,-1,-1
86,32,492.241,440.058,120.907,304.547,0.809551,-1,-1,-1
87,2,764.021,442.564,30.596,72.170,0.413816,-1,-1,-1
87,4,1083.661,449.829,47.681,125.094,0.398605,-1,-1,-1
87,6,929.398,439.583,38.597,92.378,0.717314,-1,-1,-1
87,7,1515.914,437.418,27.549,63.682,0.325661,-1,-1,-1
87,8,1099.525,436.735,35.941,99.889,0.636925,-1,-1,-1
87,10,620.440,441.938,101.768,292.557,0.931035,-1,-1,-1
87,12,521.233,430.675,150.599,352.722,0.931155,-1,-1,-1
87,13,1259.103,440.941,41.534,101.856,0.868563,-1,-1,-1
87,15,1001.216,444.770,39.283,91.219,0.788127,-1,-1,-1
87,16,842.234,468.008,48.426,75.678,0.511199,-1,-1,-1
87,18,712.857,460.389,106.489,223.021,0.954159,-1,-1,-1
87,19,913.219,499.612,60.562,85.171,0.227207,-1,-1,-1
87,20,806.342,487.476,37.295,63.616,0.394650,-1,-1,-1
87,24,1555.649,427.006,29.978,76.806,0.151740,-1,-1,-1
87,27,419.485,473.235,48.109,81.415,0.688156,-1,-1,-1
87,28,307.810,452.859,42.468,109.724,0.306327,-1,-1,-1
87,5,1680.651,433.614,109.205,154.893,0.374719,-1,-1,-1
87,29,1050.517,442.400,43.810,130.666,0.688062,-1,-1,-1
87,30,457.178,445.965,49.589,115.665,0.813427,-1,-1,-1
87,31,482.130,441.113,84.991,186.863,0.794550,-1,-1,-1
87,32,493.568,438.702,122.098,311.406,0.730409,-1,-1,-1
88,2,761.863,440.266,30.159,73.071,0.107906,-1,-1,-1
88,4,1086.341,445.615,44.605,123.946,0.375990,-1,-1,-1
88,6,929.477,440.580,38.537,87.774,0.576608,-1,-1,-1
88,7,1516.435,437.602,27.278,62.800,0.343207,-1,-1,-1
88,8,1100.111,438.960,34.476,92.976,0.646595,-1,-1,-1
88,10,622.109,447.618,107.125,286.098,0.923269,-1,-1,-1
88,12,524.646,431.734,147.842,356.037,0.893495,-1,-1,-1
88,13,1258.847,442.034,41.466,100.138,0.862471,-1,-1,-1
88,15,1001.866,445.765,37.156,89.943,0.785337,-1,-1,-1
88,16,842.428,469.063,47.692,75.124,0.535103,-1,-1,-1
88,18,716.701,455.148,104.725,227.435,0.950678,-1,-1,-1
88,19,913.612,488.225,62.377,96.347,0.269871,-1,-1,-1
88,20,808.271,485.946,36.178,64.565,0.454446,-1,-1,-1
88,24,1556.171,431.387,29.816,76.392,0.139881,-1,-1,-1
88,27,418.942,469.716,47.569,85.024,0.705310,-1,-1,-1
88,28,307.932,453.419,44.071,110.213,0.237774,-1,-1,-1
88,5,1678.579,434.983,111.202,152.153,0.340798,-1,-1,-1
88,29,1051.637,443.080,43.709,132.560,0.772775,-1,-1,-1
88,30,457.897,447.334,48.136,114.842,0.786904,-1,-1,-1
88,31,480.449,442.867,81.537,180.085,0.823518,-1,-1,-1
88,32,500.612,440.085,124.306,310.116,0.851789,-1,-1,-1
89,4,1085.473,443.317,44.858,128.398,0.395638,-1,-1,-1
89,6,929.600,440.199,38.172,83.931,0.622917,-1,-1,-1
89,7,1516.547,437.303,27.031,62.382,0.337414,-1,-1,-1
89,8,1099.678,439.755,34.401,92.016,0.634287,-1,-1,-1
89,10,623.880,443.405,109.996,290.259,0.925219,-1,-1,-1
89,12,536.646,434.477,134.113,353.207,0.877134,-1,-1,-1
89,13,1258.256,440.780,42.513,101.990,0.873092,-1,-1,-1
89,15,1002.318,445.688,35.571,90.089,0.754979,-1,-1,-1
89,16,843.019,469.100,47.601,75.382,0.557042,-1,-1,-1
89,18,718.667,452.787,104.335,229.586,0.950555,-1,-1,-1
89,19,915.850,486.840,64.219,99.063,0.441286,-1,-1,-1
89,20,810.123,485.683,36.564,65.210,0.429213,-1,-1,-1
89,24,1556.352,432.415,30.194,77.287,0.123221,-1,-1,-1
89,27,419.924,463.442,47.105,91.860,0.708004,-1,-1,-1
89,28,308.657,454.934,42.666,109.358,0.293348,-1,-1,-1
89,5,1694.240,439.229,96.082,147.229,0.345841,-1,-1,-1
89,29,1052.995,442.779,41.733,128.642,0.698402,-1,-1,-1
89,30,457.924,447.854,49.029,115.814,0.779119,-1,-1,-1
89,31,480.592,441.296,80.639,195.492,0.789895,-1,-1,-1
89,32,502.561,444.002,122.894,304.737,0.874132,-1,-1,-1
89,14,705.872,449.859,41.819,110.766,0.627254,-1,-1,-1
90,4,1078.871,448.014,52.566,136.546,0.612596,-1,-1,-1
90,6,929.092,439.480,39.831,88.844,0.672130,-1,-1,-1
90,7,1516.744,438.328,26.373,61.040,0.333996,-1,-1,-1
90,8,1099.183,440.190,34.828,91.507,0.656138,-1,-1,-1
90,10,622.499,442.744,115.219,290.525,0.918151,-1,-1,-1
90,12,537.294,438.539,136.903,349.897,0.866167,-1,-1,-1
90,13,1257.748,440.786,44.152,101.743,0.861376,-1,-1,-1
90,15,1003.119,446.133,35.132,87.185,0.704131,-1,-1,-1
90,16,843.921,468.742,45.617,74.207,0.466887,-1,-1,-1
90,18,720.802,452.466,103.872,229.945,0.946932,-1,-1,-1
90,19,916.981,479.678,64.183,107.056,0.471527,-1,-1,-1
90,20,811.019,484.710,36.483,66.226,0.410034,-1,-1,-1
90,24,1557.046,430.259,29.191,74.885,0.139490,-1,-1,-1
90,27,419.681,460.403,47.510,95.123,0.671567,-1,-1,-1
90,28,310.244,455.595,40.908,108.325,0.262208,-1,-1,-1
90,5,1689.890,435.648,98.726,150.132,0.220669,-1,-1,-1
90,29,1054.848,442.224,39.670,121.613,0.613985,-1,-1,-1
90,30,458.047,447.513,48.481,115.676,0.786588,-1,-1,-1
90,31,480.266,443.370,78.527,173.087,0.770000,-1,-1,-1
90,32,497.757,444.265,124.647,305.029,0.882233,-1,-1,-1
90,14,698.346,449.542,57.115,133.238,0.648545,-1,-1,-1
91,4,1076.744,455.364,55.572,133.708,0.766083,-1,-1,-1
91,6,927.493,440.329,42.856,93.422,0.589927,-1,-1,-1
91,7,1517.140,438.555,26.606,61.598,0.331027,-1,-1,-1
91,8,1098.654,440.985,34.956,84.331,0.652443,-1,-1,-1
91,10,628.143,441.650,113.138,290.863,0.919178,-1,-1,-1
91,12,540.848,437.570,135.286,344.001,0.899376,-1,-1,-1
91,13,1255.814,441.511,44.220,101.922,0.829167,-1,-1,-1
91,15,1002.949,445.877,36.588,83.784,0.748199,-1,-1,-1
91,16,847.443,468.920,44.026,74.144,0.425743,-1,-1,-1
91,18,723.553,453.261,102.367,229.335,0.948160,-1,-1,-1
91,19,917.810,491.440,62.402,95.901,0.394003,-1,-1,-1
91,20,812.716,485.921,36.540,65.421,0.491646,-1,-1,-1
91,24,1556.910,432.689,29.278,74.475,0.131770,-1,-1,-1
91,27,417.048,454.929,51.474,100.588,0.718279,-1,-1,-1
91,28,312.180,460.002,41.443,103.334,0.423121,-1,-1,-1
91,5,1688.616,437.891,100.060,164.843,0.229355,-1,-1,-1
91,29,1057.595,444.526,39.206,114.897,0.576517,-1,-1,-1
91,30,458.201,447.822,49.007,113.842,0.758374,-1,-1,-1
91,31,481.544,443.334,76.940,159.958,0.733080,-1,-1,-1
91,32,501.672,445.206,120.943,302.953,0.883277,-1,-1,-1
91,14,693.889,447.499,65.491,157.663,0.710265,-1,-1,-1
92,4,1072.146,455.677,59.787,134.567,0.713190,-1,-1,-1
92,6,928.164,439.895,39.285,87.522,0.575556,-1,-1,-1
92,7,1516.874,437.724,27.191,62.333,0.319463,-1,-1,-1
92,8,1101.393,438.926,32.990,85.401,0.714351,-1,-1,-1
92,10,624.651,441.279,119.850,296.298,0.915919,-1,-1,-1
92,12,534.234,437.070,144.677,340.097,0.905936,-1,-1,-1
92,13,1254.408,442.104,43.057,101.416,0.859727,-1,-1,-1
92,15,1002.324,446.125,37.485,82.439,0.682560,-1,-1,-1
92,16,852.565,468.450,41.559,74.085,0.370232,-1,-1,-1
92,18,727.239,453.654,101.093,228.318,0.943948,-1,-1,-1
92,19,917.388,484.685,61.332,101.884,0.194426,-1,-1,-1
92,20,813.666,483.617,37.172,68.371,0.388366,-1,-1,-1
92,24,1556.183,433.357,29.748,74.746,0.149470,-1,-1,-1
92,27,416.305,462.271,52.388,94.314,0.757539,-1,-1,-1
92,28,315.577,459.986,40.602,100.422,0.535082,-1,-1,-1
92,5,1689.570,438.677,99.281,171.174,0.368232,-1,-1,-1
92,29,1058.936,443.947,38.331,107.496,0.509524,-1,-1,-1
92,30,457.241,451.203,49.477,112.016,0.765529,-1,-1,-1
92,31,484.550,444.467,72.330,145.006,0.716152,-1,-1,-1
92,32,502.900,443.423,119.867,303.264,0.866221,-1,-1,-1
92,14,686.648,445.939,66.956,159.595,0.658399,-1,-1,-1
93,4,1069.926,458.642,61.186,132.968,0.744439,-1,-1,-1
93,6,928.441,439.382,37.553,83.806,0.623909,-1,-1,-1
93,7,1516.873,437.166,27.777,63.908,0.327292,-1,-1,-1
93,8,1100.596,438.043,33.555,83.601,0.691332,-1,-1,-1
93,10,625.322,438.223,121.040,302.690,0.909622,-1,-1,-1
93,12,535.280,437.013,144.441,343.131,0.905441,-1,-1,-1
93,13,1254.139,442.103,43.167,101.389,0.866578,-1,-1,-1
93,15,1001.505,446.442,37.222,83.625,0.609454,-1,-1,-1
93,16,853.378,468.529,40.795,73.216,0.328287,-1,-1,-1
93,18,732.019,452.706,97.557,229.595,0.937617,-1,-1,-1
93,19,917.659,481.007,64.535,105.269,0.165184,-1,-1,-1
93,20,811.706,479.721,37.507,71.156,0.324945,-1,-1,-1
93,24,1555.946,433.446,30.290,77.796,0.154860,-1,-1,-1
93,27,418.463,471.888,50.423,85.395,0.572424,-1,-1,-1
93,28,311.655,453.865,40.070,110.315,0.655377,-1,-1,-1
93,5,1694.667,438.130,94.372,170.186,0.314000,-1,-1,-1
93,29,1057.802,449.761,41.113,116.595,0.540599,-1,-1,-1
93,30,455.453,451.171,51.645,113.134,0.783595,-1,-1,-1
93,31,487.513,445.805,68.824,139.270,0.714049,-1,-1,-1
93,32,503.307,443.893,117.567,301.926,0.876654,-1,-1,-1
93,14,685.567,443.965,72.404,174.951,0.719766,-1,-1,-1
94,4,1070.639,449.732,61.947,141.048,0.636959,-1,-1,-1
94,6,930.567,440.006,37.089,84.568,0.633338,-1,-1,-1
94,7,1516.959,436.772,28.507,66.433,0.334313,-1,-1,-1
94,8,1099.387,436.047,35.524,89.914,0.749626,-1,-1,-1
94,10,626.681,437.710,119.335,304.757,0.922234,-1,-1,-1
94,12,526.581,435.826,155.061,357.486,0.907098,-1,-1,-1
94,13,1254.228,441.559,43.240,101.937,0.874068,-1,-1,-1
94,15,1001.307,443.451,38.603,87.537,0.749319,-1,-1,-1
94,16,852.045,468.084,42.219,75.159,0.405168,-1,-1,-1
94,18,734.682,452.282,97.599,229.863,0.942037,-1,-1,-1
94,19,917.334,472.632,63.942,112.790,0.247232,-1,-1,-1
94,20,808.815,477.052,40.170,73.446,0.376929,-1,-1,-1
94,24,1555.907,431.962,30.291,79.778,0.165065,-1,-1,-1
94,27,417.518,479.440,50.022,77.367,0.564880,-1,-1,-1
94,28,309.731,451.912,39.749,113.395,0.635547,-1,-1,-1
94,5,1696.662,438.509,92.134,166.347,0.319911,-1,-1,-1
94,29,1057.419,444.473,40.969,121.510,0.586062,-1,-1,-1
94,30,455.342,451.346,52.122,114.465,0.787748,-1,-1,-1
94,31,488.839,447.966,60.609,129.869,0.678171,-1,-1,-1
94,32,502.752,445.328,117.002,300.071,0.876262,-1,-1,-1
94,14,685.633,445.165,64.418,164.520,0.622098,-1,-1,-1
95,4,1067.601,459.393,61.449,130.142,0.512326,-1,-1,-1
95,6,928.797,439.570,37.649,85.558,0.664440,-1,-1,-1
95,7,1518.289,437.136,27.316,63.902,0.296673,-1,-1,-1
95,8,1099.832,437.146,34.784,91.010,0.743690,-1,-1,-1
95,10,627.524,437.750,120.855,306.754,0.924599,-1,-1,-1
95,12,532.076,436.826,148.576,355.316,0.907879,-1,-1,-1
95,13,1254.786,441.126,42.223,102.548,0.874892,-1,-1,-1
95,15,1001.412,444.053,38.346,87.841,0.763744,-1,-1,-1
95,16,858.885,465.691,41.935,76.968,0.497691,-1,-1,-1
95,18,734.875,451.618,99.034,231.053,0.935158,-1,-1,-1
95,19,917.531,462.346,61.999,121.554,0.291568,-1,-1,-1
95,20,807.376,474.458,39.572,75.152,0.401305,-1,-1,-1
95,24,1556.933,432.018,30.145,84.015,0.162112,-1,-1,-1
95,27,419.877,472.793,48.567,83.707,0.650126,-1,-1,-1
95,28,311.050,452.492,36.250,109.066,0.652851,-1,-1,-1
95,5,1690.824,434.980,97.851,174.385,0.332298,-1,-1,-1
95,29,1057.510,443.186,41.585,124.055,0.623445,-1,-1,-1
95,30,457.322,453.279,48.393,111.226,0.779945,-1,-1,-1
95,31,488.708,449.668,61.496,124.205,0.688553,-1,-1,-1
95,32,498.291,442.642,122.510,302.986,0.880258,-1,-1,-1
95,14,690.076,444.378,49.526,129.847,0.626179,-1,-1,-1
96,4,1066.491,466.776,62.382,123.341,0.599461,-1,-1,-1
96,6,927.344,439.122,41.742,85.649,0.643565,-1,-1,-1
96,7,1517.489,438.107,26.941,62.088,0.340723,-1,-1,-1
96,8,1100.694,437.711,33.941,89.478,0.731311,-1,-1,-1
96,10,628.937,439.242,122.027,306.250,0.924486,-1,-1,-1
96,12,526.190,437.790,154.175,353.908,0.921975,-1,-1,-1
96,13,1254.317,442.133,41.847,101.016,0.863749,-1,-1,-1
96,15,1001.512,445.381,37.588,85.769,0.730340,-1,-1,-1
96,16,861.731,461.647,41.940,80.049,0.428765,-1,-1,-1
96,18,735.361,448.085,101.470,236.086,0.932340,-1,-1,-1
96,19,918.811,446.007,57.280,127.617,0.657498,-1,-1,-1
96,20,806.903,472.483,40.257,78.311,0.419114,-1,-1,-1
96,24,1556.797,433.357,30.129,84.131,0.150957,-1,-1,-1
96,27,418.234,463.758,52.531,91.877,0.693380,-1,-1,-1
96,28,309.072,451.905,38.653,111.509,0.680999,-1,-1,-1
96,5,1696.441,435.618,93.042,187.394,0.334961,-1,-1,-1
96,29,1057.160,447.305,41.820,119.765,0.557618,-1,-1,-1
96,30,458.158,452.590,46.870,108.835,0.712668,-1,-1,-1
96,31,488.604,453.455,98.326,182.014,0.603063,-1,-1,-1
96,32,501.690,444.923,120.790,298.513,0.862040,-1,-1,-1
96,14,694.584,444.186,39.891,106.179,0.621338,-1,-1,-1
97,4,1064.227,466.131,63.815,123.779,0.506685,-1,-1,-1
97,6,928.405,438.753,40.989,84.459,0.668305,-1,-1,-1
97,7,1517.646,438.118,26.986,62.861,0.352547,-1,-1,-1
97,8,1102.172,438.590,32.709,87.449,0.731516,-1,-1,-1
97,10,630.602,438.786,123.354,306.196,0.927778,-1,-1,-1
97,12,521.452,436.547,158.691,356.260,0.925709,-1,-1,-1
97,13,1254.642,442.339,41.025,100.457,0.862613,-1,-1,-1
97,15,1001.976,446.276,37.033,84.846,0.775455,-1,-1,-1
97,16,860.883,460.502,42.472,80.801,0.464258,-1,-1,-1
97,18,736.452,447.334,104.320,236.887,0.932119,-1,-1,-1
97,19,920.528,438.178,53.418,125.714,0.626582,-1,-1,-1
97,20,805.262,470.713,39.028,77.053,0.473836,-1,-1,-1
97,24,1556.523,431.729,29.830,82.332,0.166397,-1,-1,-1
97,27,420.616,465.132,53.059,90.401,0.610176,-1,-1,-1
97,28,309.766,452.584,37.763,110.292,0.615899,-1,-1,-1
97,5,1697.056,433.967,92.699,191.990,0.337054,-1,-1,-1
97,29,1059.125,448.078,41.371,113.082,0.549217,-1,-1,-1
97,30,458.805,457.644,46.672,105.959,0.695055,-1,-1,-1
97,31,489.079,453.998,106.012,178.112,0.631632,-1,-1,-1
97,32,503.270,444.715,120.533,299.324,0.849167,-1,-1,-1
97,14,694.243,438.798,34.654,90.640,0.202243,-1,-1,-1
98,4,1065.695,466.047,61.048,123.314,0.569826,-1,-1,-1
98,6,928.152,438.696,41.304,88.199,0.644864,-1,-1,-1
98,7,1517.257,437.096,27.596,63.679,0.302385,-1,-1,-1
98,8,1102.525,437.672,32.045,88.586,0.747760,-1,-1,-1
98,10,632.485,437.417,124.505,307.227,0.926884,-1,-1,-1
98,12,522.605,434.980,157.434,360.437,0.938340,-1,-1,-1
98,13,1254.067,440.145,42.480,103.145,0.876213,-1,-1,-1
98,15,1001.752,446.017,37.334,85.959,0.790908,-1,-1,-1
98,16,860.269,458.888,41.758,81.283,0.374884,-1,-1,-1
98,18,735.982,444.621,108.153,239.450,0.940068,-1,-1,-1
98,19,911.376,439.904,67.157,136.070,0.326827,-1,-1,-1
98,20,803.213,465.044,41.393,81.567,0.317349,-1,-1,-1
98,24,1555.785,432.950,30.586,81.861,0.133128,-1,-1,-1
98,27,420.593,461.936,57.163,94.442,0.566014,-1,-1,-1
98,28,310.166,452.698,37.645,109.566,0.587777,-1,-1,-1
98,5,1695.957,432.659,93.938,189.102,0.365597,-1,-1,-1
98,29,1061.140,449.052,39.565,108.266,0.637031,-1,-1,-1
98,30,453.410,455.490,49.227,105.597,0.696861,-1,-1,-1
98,31,486.927,447.529,94.906,179.939,0.668403,-1,-1,-1
98,32,497.086,443.805,126.116,302.090,0.865931,-1,-1,-1
98,14,692.679,435.881,33.670,89.486,0.175339,-1,-1,-1
99,4,1063.316,469.328,56.702,117.203,0.517054,-1,-1,-1
99,6,930.043,438.828,38.855,85.207,0.651904,-1,-1,-1
99,7,1515.276,435.582,30.124,68.616,0.360270,-1,-1,-1
99,8,1100.742,437.357,34.545,93.788,0.803358,-1,-1,-1
99,10,635.655,435.178,125.269,309.088,0.931159,-1,-1,-1
99,12,525.911,435.550,153.166,358.247,0.943870,-1,-1,-1
99,13,1254.155,440.470,43.040,102.868,0.874788,-1,-1,-1
99,15,1000.403,444.865,37.685,87.353,0.789809,-1,-1,-1
99,16,860.194,459.389,42.721,81.986,0.402244,-1,-1,-1
99,18,738.971,443.684,108.499,240.269,0.926462,-1,-1,-1
99,19,918.051,435.171,56.575,122.723,0.586077,-1,-1,-1
99,20,805.834,466.203,41.462,81.857,0.324028,-1,-1,-1
99,24,1554.940,430.080,31.532,86.060,0.172300,-1,-1,-1
99,27,420.430,467.817,51.811,88.561,0.544691,-1,-1,-1
99,28,307.174,453.455,40.913,112.332,0.679037,-1,-1,-1
99,5,1687.319,431.799,102.994,168.877,0.326605,-1,-1,-1
99,29,1060.960,448.446,39.399,111.425,0.661058,-1,-1,-1
99,30,451.519,456.716,48.993,105.082,0.729687,-1,-1,-1
99,31,486.446,448.646,89.486,188.957,0.575020,-1,-1,-1
99,32,491.831,443.366,131.367,301.623,0.856219,-1,-1,-1
99,14,694.436,436.465,32.585,84.903,0.168871,-1,-1,-1
100,4,1078.855,449.258,50.252,131.219,0.617846,-1,-1,-1
100,6,931.556,437.976,37.385,83.801,0.633005,-1,-1,-1
100,7,1515.551,434.885,31.476,71.691,0.400015,-1,-1,-1
100,8,1098.179,436.118,38.069,103.884,0.799794,-1,-1,-1
100,10,638.463,434.708,125.029,308.300,0.928575,-1,-1,-1
100,12,530.608,435.263,146.932,358.520,0.940966,-1,-1,-1
100,13,1253.110,440.718,43.984,103.034,0.882655,-1,-1,-1
100,15,999.298,444.606,38.103,88.165,0.803050,-1,-1,-1
100,16,859.181,467.255,46.971,81.724,0.135775,-1,-1,-1
100,18,742.657,444.274,106.138,241.423,0.920574,-1,-1,-1
100,19,921.312,432.474,52.039,118.504,0.560402,-1,-1,-1
100,20,809.353,468.699,37.626,76.610,0.410867,-1,-1,-1
100,24,1555.322,429.014,31.612,87.465,0.185733,-1,-1,-1
100,27,421.922,472.978,47.754,83.759,0.482354,-1,-1,-1
100,28,309.155,451.968,39.192,109.508,0.368710,-1,-1,-1
100,5,1682.468,430.558,108.455,159.296,0.343137,-1,-1,-1
100,29,1061.844,444.587,37.244,110.181,0.669372,-1,-1,-1
100,30,450.765,455.708,49.303,106.546,0.669226,-1,-1,-1
100,31,486.561,445.918,88.439,201.173,0.426955,-1,-1,-1
100,32,488.370,443.270,130.124,300.682,0.873480,-1,-1,-1
100,14,694.667,435.051,31.759,84.070,0.128133,-1,-1,-1
101,4,1079.018,443.093,53.506,141.723,0.634953,-1,-1,-1
101,6,931.698,436.408,36.718,84.035,0.615326,-1,-1,-1
101,7,1514.237,435.675,30.366,69.712,0.288770,-1,-1,-1
101,8,1098.294,436.924,37.466,98.857,0.769627,-1,-1,-1
101,10,641.096,437.246,126.951,305.988,0.933457,-1,-1,-1
101,12,532.291,432.425,144.411,361.265,0.930225,-1,-1,-1
101,13,1253.234,441.564,42.039,101.890,0.869191,-1,-1,-1
101,15,999.206,443.702,38.136,89.173,0.771921,-1,-1,-1
101,16,864.627,463.319,45.620,83.311,0.549275,-1,-1,-1
101,18,743.366,444.762,104.856,243.290,0.925257,-1,-1,-1
101,19,921.734,430.103,50.812,122.556,0.539324,-1,-1,-1
101,20,808.974,468.257,35.543,75.786,0.391625,-1,-1,-1
101,24,1556.500,428.523,30.938,81.288,0.105185,-1,-1,-1
101,27,426.379,463.637,42.587,86.822,0.146805,-1,-1,-1
101,28,309.731,452.262,39.562,110.038,0.334864,-1,-1,-1
101,5,1679.707,429.965,111.005,156.146,0.508765,-1,-1,-1
101,29,1062.282,443.293,36.123,107.849,0.595770,-1,-1,-1
101,30,450.099,456.178,45.519,106.584,0.750513,-1,-1,-1
101,31,491.017,448.058,77.465,179.092,0.416061,-1,-1,-1
101,32,487.346,443.391,128.940,303.160,0.862555,-1,-1,-1
102,4,1072.682,442.297,60.473,145.659,0.645228,-1,-1,-1
102,6,931.306,436.329,38.586,86.591,0.614510,-1,-1,-1
102,7,1513.500,436.324,29.877,68.153,0.314314,-1,-1,-1
102,8,1098.777,438.757,36.527,92.265,0.764548,-1,-1,-1
102,10,644.080,437.100,122.682,305.133,0.933810,-1,-1,-1
102,12,526.315,432.692,150.495,360.301,0.930171,-1,-1,-1
102,13,1252.429,441.921,41.184,101.461,0.875454,-1,-1,-1
102,15,999.729,443.840,38.028,88.533,0.789605,-1,-1,-1
102,16,868.368,458.608,43.709,88.104,0.412604,-1,-1,-1
102,18,747.471,446.605,100.894,242.162,0.916511,-1,-1,-1
102,19,921.011,432.145,53.735,124.311,0.563051,-1,-1,-1
102,20,809.474,468.174,34.895,74.603,0.428805,-1,-1,-1
102,27,425.313,469.324,45.918,86.628,0.494406,-1,-1,-1
102,28,308.522,451.865,42.318,112.587,0.351158,-1,-1,-1
102,5,1689.451,433.874,99.808,151.542,0.375338,-1,-1,-1
102,29,1065.469,440.979,32.234,93.064,0.657951,-1,-1,-1
102,30,447.805,455.395,44.534,107.735,0.751159,-1,-1,-1
102,31,487.578,445.856,68.486,156.905,0.662214,-1,-1,-1
102,32,486.893,441.685,132.386,306.178,0.854373,-1,-1,-1
103,4,1067.977,440.111,64.180,148.569,0.628589,-1,-1,-1
103,6,931.627,436.606,37.012,85.492,0.631218,-1,-1,-1
103,7,1511.510,436.981,29.673,67.481,0.285343,-1,-1,-1
103,8,1097.996,437.471,37.010,94.324,0.782662,-1,-1,-1
103,10,644.558,435.146,121.117,302.891,0.942514,-1,-1,-1
103,12,529.461,436.712,146.758,355.441,0.922808,-1,-1,-1
103,13,1252.608,440.695,40.605,103.220,0.858690,-1,-1,-1
103,15,1000.967,444.583,36.711,86.713,0.813888,-1,-1,-1
103,16,866.274,461.339,43.297,82.293,0.428367,-1,-1,-1
103,18,748.531,448.030,100.173,241.696,0.923945,-1,-1,-1
103,19,921.706,432.174,51.082,119.770,0.564505,-1,-1,-1
103,20,809.277,468.433,33.566,71.492,0.356895,-1,-1,-1
103,27,421.065,480.981,44.450,75.953,0.556741,-1,-1,-1
103,28,309.059,452.385,40.689,112.545,0.332212,-1,-1,-1
103,5,1698.289,435.557,90.868,149.630,0.346106,-1,-1,-1
103,29,1064.988,439.309,31.400,88.308,0.620443,-1,-1,-1
103,30,445.574,462.071,43.461,100.746,0.682513,-1,-1,-1
103,31,487.793,446.559,62.019,150.113,0.642263,-1,-1,-1
103,32,487.753,442.050,132.512,306.430,0.865833,-1,-1,-1
104,4,1067.855,456.466,61.347,135.352,0.481038,-1,-1,-1
104,6,929.630,437.585,37.992,83.506,0.647600,-1,-1,-1
104,7,1511.905,437.582,29.452,68.357,0.271242,-1,-1,-1
104,8,1096.856,434.635,38.974,100.941,0.786161,-1,-1,-1
104,10,645.246,431.942,119.675,306.213,0.942230,-1,-1,-1
104,12,531.538,435.097,144.628,355.256,0.929101,-1,-1,-1
104,13,1252.242,441.502,41.132,102.930,0.865511,-1,-1,-1
104,15,1000.428,444.955,36.403,85.731,0.794252,-1,-1,-1
104,16,868.394,463.868,41.797,79.997,0.329147,-1,-1,-1
104,18,751.227,446.799,98.733,244.799,0.919148,-1,-1,-1
104,19,925.513,437.046,53.744,110.450,0.310423,-1,-1,-1
104,20,812.080,470.347,33.114,70.599,0.450344,-1,-1,-1
104,27,419.042,477.542,47.958,81.354,0.457367,-1,-1,-1
104,28,309.934,450.521,39.895,113.907,0.582194,-1,-1,-1
104,5,1690.723,434.567,97.251,150.235,0.361919,-1,-1,-1
104,29,1064.798,436.156,29.707,82.462,0.578208,-1,-1,-1
104,30,437.836,466.854,49.533,96.030,0.648863,-1,-1,-1
104,31,486.350,445.513,61.297,154.613,0.690739,-1,-1,-1
104,32,488.508,443.855,135.146,303.685,0.850442,-1,-1,-1
105,4,1069.724,466.953,58.576,125.939,0.474053,-1,-1,-1
105,6,931.078,437.726,37.711,82.801,0.640526,-1,-1,-1
105,7,1514.098,436.569,28.954,68.737,0.304196,-1,-1,-1
105,8,1100.636,437.548,34.458,94.955,0.705591,-1,-1,-1
105,10,646.408,430.880,119.774,307.033,0.942473,-1,-1,-1
105,12,532.841,433.450,146.449,355.778,0.928672,-1,-1,-1
105,13,1252.060,441.529,39.559,102.369,0.821000,-1,-1,-1
105,15,999.658,445.910,37.540,85.946,0.720088,-1,-1,-1
105,16,866.475,466.731,43.614,77.183,0.267617,-1,-1,-1
105,18,754.239,450.720,96.571,243.428,0.924932,-1,-1,-1
105,19,924.859,435.437,50.229,108.698,0.524879,-1,-1,-1
105,20,809.138,466.777,33.618,70.250,0.380703,-1,-1,-1
105,27,421.587,468.233,54.228,93.459,0.649055,-1,-1,-1
105,28,310.105,450.348,38.305,113.098,0.649166,-1,-1,-1
105,5,1698.859,438.885,89.619,146.746,0.263897,-1,-1,-1
105,29,1064.246,436.367,28.886,79.962,0.525191,-1,-1,-1
105,30,439.907,461.105,48.250,101.960,0.627980,-1,-1,-1
105,31,486.597,448.920,58.397,152.850,0.681837,-1,-1,-1
105,32,489.089,442.591,134.137,302.698,0.877103,-1,-1,-1
106,4,1069.832,462.823,59.327,129.393,0.368764,-1,-1,-1
106,6,930.602,436.637,39.353,84.680,0.626279,-1,-1,-1
106,7,1515.352,436.393,28.098,66.954,0.308397,-1,-1,-1
106,8,1099.376,436.201,36.804,100.962,0.707400,-1,-1,-1
106,10,649.987,434.639,117.721,303.229,0.941355,-1,-1,-1
106,12,534.269,433.661,146.002,355.580,0.925525,-1,-1,-1
106,13,1251.211,443.481,39.758,100.842,0.849631,-1,-1,-1
106,15,998.952,445.215,37.208,87.295,0.723699,-1,-1,-1
106,16,866.069,468.457,44.362,75.091,0.283946,-1,-1,-1
106,18,755.417,453.039,95.236,241.395,0.914858,-1,-1,-1
106,19,926.276,438.923,53.061,105.084,0.333892,-1,-1,-1
106,20,810.449,469.130,33.994,70.227,0.371432,-1,-1,-1
106,27,421.990,470.822,51.863,88.805,0.489525,-1,-1,-1
106,28,310.525,450.401,37.194,110.723,0.625570,-1,-1,-1
106,5,1702.899,439.927,85.748,146.266,0.295767,-1,-1,-1
106,29,1063.718,437.558,28.522,78.535,0.535683,-1,-1,-1
106,30,442.204,458.644,47.475,104.768,0.671098,-1,-1,-1
106,31,487.003,451.169,56.196,151.238,0.694929,-1,-1,-1
106,32,492.503,441.989,128.684,303.669,0.876029,-1,-1,-1
107,4,1069.199,447.101,62.406,143.999,0.636577,-1,-1,-1
107,6,930.107,435.178,40.781,87.704,0.758852,-1,-1,-1
107,7,1516.403,435.915,27.782,65.865,0.372795,-1,-1,-1
107,8,1098.003,435.435,39.276,105.965,0.722420,-1,-1,-1
107,10,652.652,432.656,117.906,304.580,0.943160,-1,-1,-1
107,12,518.722,433.381,160.113,356.994,0.931199,-1,-1,-1
107,13,1251.604,445.129,38.388,98.556,0.829148,-1,-1,-1
107,15,999.122,444.991,37.954,88.146,0.745701,-1,-1,-1
107,16,871.908,464.054,39.873,78.768,0.275339,-1,-1,-1
107,18,756.880,452.779,94.743,243.486,0.922390,-1,-1,-1
107,19,926.438,439.159,53.755,105.007,0.403871,-1,-1,-1
107,20,811.037,465.715,34.966,75.020,0.370752,-1,-1,-1
107,27,425.141,470.378,50.877,89.014,0.422622,-1,-1,-1
107,28,310.456,450.678,37.425,113.061,0.632161,-1,-1,-1
107,5,1704.058,442.700,85.539,144.453,0.349997,-1,-1,-1
107,29,1064.494,437.411,29.651,81.771,0.598791,-1,-1,-1
107,30,442.985,458.927,47.324,103.846,0.637569,-1,-1,-1
107,31,489.755,447.919,61.906,156.914,0.721028,-1,-1,-1
107,32,495.415,438.182,128.911,311.840,0.784400,-1,-1,-1
108,4,1067.874,458.377,62.709,134.500,0.623501,-1,-1,-1
108,6,931.083,435.436,40.368,91.546,0.616146,-1,-1,-1
108,7,1516.083,435.362,27.314,63.999,0.312862,-1,-1,-1
108,8,1100.723,437.757,35.280,93.875,0.707630,-1,-1,-1
108,10,655.736,430.455,114.107,308.361,0.940931,-1,-1,-1
108,12,513.911,433.219,163.395,361.924,0.933493,-1,-1,-1
108,13,1251.149,444.302,37.862,99.490,0.834886,-1,-1,-1
108,15,999.175,445.349,38.115,88.145,0.760754,-1,-1,-1
108,16,865.812,466.765,45.014,78.159,0.429984,-1,-1,-1
108,18,754.882,445.987,99.153,252.345,0.918167,-1,-1,-1
108,19,923.779,435.772,54.747,115.976,0.780637,-1,-1,-1
108,20,810.470,462.844,34.658,74.956,0.399893,-1,-1,-1
108,27,425.286,471.075,56.574,89.929,0.500039,-1,-1,-1
108,28,310.474,450.408,37.835,114.342,0.647201,-1,-1,-1
108,5,1703.738,442.790,86.023,143.797,0.363711,-1,-1,-1
108,29,1065.771,437.500,29.341,80.621,0.525069,-1,-1,-1
108,30,446.810,458.181,43.681,97.977,0.293758,-1,-1,-1
108,31,491.111,447.446,63.004,159.332,0.816481,-1,-1,-1
108,32,497.962,440.631,130.714,307.841,0.652158,-1,-1,-1
109,4,1067.497,458.149,61.955,135.665,0.648535,-1,-1,-1
109,6,931.243,435.244,39.855,93.463,0.602252,-1,-1,-1
109,7,1516.092,435.391,27.841,65.747,0.353767,-1,-1,-1
109,8,1101.956,438.552,33.439,89.893,0.681707,-1,-1,-1
109,10,657.273,429.020,112.980,310.822,0.942508,-1,-1,-1
109,12,514.104,433.720,164.054,363.768,0.936743,-1,-1,-1
109,13,1250.436,444.773,38.402,99.009,0.850228,-1,-1,-1
109,15,998.926,444.883,38.839,92.808,0.591208,-1,-1,-1
109,16,863.181,468.495,47.577,76.865,0.419467,-1,-1,-1
109,18,753.721,445.178,101.618,249.821,0.921989,-1,-1,-1
109,19,923.486,435.360,53.602,118.104,0.752586,-1,-1,-1
109,20,813.720,466.401,34.152,69.966,0.344854,-1,-1,-1
109,27,423.313,473.485,55.922,86.406,0.510324,-1,-1,-1
109,28,310.434,450.538,37.564,114.071,0.621627,-1,-1,-1
109,5,1704.661,443.073,85.280,143.012,0.317244,-1,-1,-1
109,29,1066.955,437.551,29.105,81.305,0.481096,-1,-1,-1
109,30,449.868,457.971,41.577,93.949,0.277005,-1,-1,-1
109,31,491.898,450.709,56.929,150.291,0.816361,-1,-1,-1
109,32,496.721,440.755,135.670,306.178,0.676589,-1,-1,-1
110,4,1067.543,464.352,61.466,129.777,0.690380,-1,-1,-1
110,6,927.070,434.375,49.102,96.755,0.737742,-1,-1,-1
110,7,1516.570,435.722,28.506,67.671,0.354871,-1,-1,-1
110,8,1102.135,438.901,32.874,87.592,0.671279,-1,-1,-1
110,10,660.219,429.893,110.974,311.944,0.935446,-1,-1,-1
110,12,519.037,435.045,163.512,368.231,0.926715,-1,-1,-1
110,13,1249.941,444.185,39.394,98.923,0.858572,-1,-1,-1
110,15,999.270,448.483,38.468,87.199,0.543509,-1,-1,-1
110,16,865.117,469.634,45.656,76.278,0.290380,-1,-1,-1
110,18,751.668,445.524,103.670,251.327,0.914034,-1,-1,-1
110,19,920.146,436.087,58.694,133.268,0.784538,-1,-1,-1
110,20,811.680,464.035,35.768,73.702,0.271282,-1,-1,-1
110,27,425.811,468.318,54.152,93.001,0.647999,-1,-1,-1
110,28,309.369,450.635,38.530,115.283,0.638713,-1,-1,-1
110,5,1703.534,441.924,85.473,144.102,0.246640,-1,-1,-1
110,29,1066.813,437.994,28.839,79.665,0.475079,-1,-1,-1
110,30,453.869,457.330,37.641,83.639,0.210282,-1,-1,-1
110,31,492.605,453.043,52.146,137.425,0.791230,-1,-1,-1
110,32,495.494,466.318,132.005,277.754,0.787873,-1,-1,-1
111,4,1065.706,459.482,64.428,135.062,0.663545,-1,-1,-1
111,6,927.531,433.144,48.521,99.202,0.753323,-1,-1,-1
111,7,1516.335,436.437,28.399,68.081,0.399406,-1,-1,-1
111,8,1098.074,434.984,39.279,99.181,0.730691,-1,-1,-1
111,10,660.547,429.617,112.601,316.800,0.934388,-1,-1,-1
111,12,519.983,435.960,170.690,367.866,0.924997,-1,-1,-1
111,13,1249.063,442.057,39.871,100.564,0.843072,-1,-1,-1
111,15,1000.236,447.142,36.042,84.911,0.772212,-1,-1,-1
111,16,852.803,468.237,45.105,75.586,0.606596,-1,-1,-1
111,18,751.624,447.835,104.043,246.466,0.905881,-1,-1,-1
111,19,920.412,434.730,58.213,134.128,0.800298,-1,-1,-1
111,20,805.663,456.162,41.808,85.165,0.384927,-1,-1,-1
111,27,425.744,463.516,56.675,98.955,0.774902,-1,-1,-1
111,28,307.905,450.503,40.356,114.415,0.604866,-1,-1,-1
111,5,1696.596,440.255,91.786,147.604,0.322111,-1,-1,-1
111,29,1067.253,438.126,29.179,78.922,0.579112,-1,-1,-1
111,30,455.917,456.585,36.452,80.882,0.256781,-1,-1,-1
111,31,492.508,454.218,50.513,125.399,0.780040,-1,-1,-1
111,32,493.459,477.430,132.797,266.542,0.693065,-1,-1,-1
112,4,1063.920,457.909,66.271,136.161,0.674031,-1,-1,-1
112,6,927.812,432.696,45.851,102.184,0.666347,-1,-1,-1
112,7,1516.922,436.856,27.510,65.590,0.378438,-1,-1,-1
112,8,1096.054,433.870,42.059,103.471,0.738010,-1,-1,-1
112,10,661.652,428.569,116.293,318.710,0.931791,-1,-1,-1
112,12,521.811,434.066,169.172,370.213,0.924160,-1,-1,-1
112,13,1248.073,441.898,40.380,100.821,0.857105,-1,-1,-1
112,15,999.471,446.095,36.584,86.255,0.759400,-1,-1,-1
112,16,850.199,467.074,43.305,76.068,0.517607,-1,-1,-1
112,18,752.087,447.764,101.901,249.826,0.909911,-1,-1,-1
112,19,921.112,432.986,58.079,136.188,0.806790,-1,-1,-1
112,20,801.771,446.371,45.520,101.418,0.395903,-1,-1,-1
112,27,431.363,459.299,50.492,101.010,0.559878,-1,-1,-1
112,28,308.620,450.188,38.972,113.472,0.606032,-1,-1,-1
112,5,1703.690,445.035,86.102,146.674,0.276764,-1,-1,-1
112,29,1067.293,438.017,29.884,80.065,0.560451,-1,-1,-1
112,30,452.244,456.216,36.371,83.723,0.362490,-1,-1,-1
112,31,491.269,453.996,45.736,103.764,0.744281,-1,-1,-1
112,32,493.122,452.728,143.067,293.611,0.610881,-1,-1,-1
113,4,1067.501,443.795,64.587,147.925,0.658119,-1,-1,-1
113,6,928.279,433.539,43.898,98.116,0.677069,-1,-1,-1
113,7,1515.774,434.666,28.805,69.742,0.326630,-1,-1,-1
113,8,1095.394,433.134,43.111,110.522,0.714928,-1,-1,-1
113,10,661.646,428.236,116.914,320.401,0.934071,-1,-1,-1
113,12,517.997,433.236,173.068,375.572,0.926343,-1,-1,-1
113,13,1245.421,442.470,42.467,101.737,0.871665,-1,-1,-1
113,15,999.431,447.249,35.971,84.731,0.710736,-1,-1,-1
113,16,842.749,468.459,45.479,75.508,0.368640,-1,-1,-1
113,18,753.179,446.573,100.248,249.769,0.912067,-1,-1,-1
113,19,921.346,433.002,57.894,133.765,0.784044,-1,-1,-1
113,20,798.155,442.808,44.496,103.226,0.202464,-1,-1,-1
113,27,434.050,458.626,46.753,101.312,0.664151,-1,-1,-1
113,28,309.074,451.453,38.970,112.007,0.611408,-1,-1,-1
113,5,1702.825,440.122,86.533,153.002,0.328534,-1,-1,-1
113,29,1067.042,437.121,30.006,84.325,0.523615,-1,-1,-1
113,30,449.466,456.737,37.031,89.728,0.385526,-1,-1,-1
113,31,491.703,455.673,44.417,97.644,0.720433,-1,-1,-1
113,32,489.346,459.735,141.169,284.696,0.644336,-1,-1,-1
114,4,1072.737,437.767,61.777,152.652,0.663199,-1,-1,-1
114,6,926.554,432.149,48.949,102.247,0.809098,-1,-1,-1
114,7,1514.712,435.033,28.779,67.726,0.365703,-1,-1,-1
114,8,1094.151,433.075,44.786,120.754,0.754064,-1,-1,-1
114,10,662.279,429.398,117.942,320.621,0.930031,-1,-1,-1
114,12,506.145,430.097,185.506,381.033,0.932978,-1,-1,-1
114,13,1244.182,442.940,40.698,101.832,0.878669,-1,-1,-1
114,15,998.950,449.823,37.894,82.475,0.673364,-1,-1,-1
114,16,842.348,471.067,43.563,77.085,0.435612,-1,-1,-1
114,18,755.086,445.881,100.057,252.726,0.914919,-1,-1,-1
114,19,918.756,436.255,63.160,139.364,0.613358,-1,-1,-1
114,20,798.331,438.130,48.051,113.983,0.134135,-1,-1,-1
114,27,434.413,458.946,47.497,102.228,0.621919,-1,-1,-1
114,28,310.056,451.159,37.151,109.942,0.672907,-1,-1,-1
114,5,1701.299,436.213,88.771,179.797,0.389435,-1,-1,-1
114,29,1066.689,437.323,30.109,86.134,0.499788,-1,-1,-1
114,30,449.697,456.376,37.667,93.583,0.379325,-1,-1,-1
114,31,491.380,455.027,41.256,89.973,0.665930,-1,-1,-1
114,32,488.143,454.186,138.113,289.149,0.415286,-1,-1,-1
115,4,1076.802,434.658,58.579,153.010,0.625716,-1,-1,-1
115,6,927.507,434.260,49.267,101.274,0.787082,-1,-1,-1
115,7,1511.424,435.274,27.930,62.925,0.245334,-1,-1,-1
115,8,1095.241,432.518,44.354,123.845,0.779040,-1,-1,-1
115,10,663.391,431.919,115.757,318.909,0.931615,-1,-1,-1
115,12,503.038,429.220,190.728,382.565,0.931334,-1,-1,-1
115,13,1242.750,440.972,41.089,102.279,0.887011,-1,-1,-1
115,15,1000.295,450.975,36.521,80.301,0.695601,-1,-1,-1
115,16,839.591,467.365,43.819,90.414,0.577558,-1,-1,-1
115,18,757.508,446.422,100.697,253.290,0.919543,-1,-1,-1
115,19,919.887,439.309,63.153,139.781,0.531846,-1,-1,-1
115,20,799.199,441.891,48.809,116.054,0.271491,-1,-1,-1
115,27,436.251,460.724,44.208,92.827,0.383870,-1,-1,-1
115,28,308.758,449.437,40.556,114.532,0.435035,-1,-1,-1
115,5,1688.141,434.314,102.160,193.125,0.467416,-1,-1,-1
115,29,1068.651,440.810,30.646,85.405,0.506830,-1,-1,-1
115,31,490.000,455.718,40.840,85.358,0.598979,-1,-1,-1
115,32,489.229,449.178,139.051,294.508,0.422478,-1,-1,-1
116,4,1074.987,439.950,59.766,149.051,0.695172,-1,-1,-1
116,6,928.945,435.136,48.185,101.346,0.810149,-1,-1,-1
116,7,1512.339,433.298,28.524,64.244,0.302614,-1,-1,-1
116,8,1095.474,435.123,44.242,121.536,0.752427,-1,-1,-1
116,10,664.947,432.663,112.244,320.209,0.925872,-1,-1,-1
116,12,516.560,430.946,177.714,380.283,0.919715,-1,-1,-1
116,13,1241.132,441.384,41.712,102.858,0.889476,-1,-1,-1
116,15,999.637,450.551,35.105,78.395,0.679719,-1,-1,-1
116,16,838.665,465.316,44.044,93.873,0.667997,-1,-1,-1
116,18,758.429,445.492,99.553,255.197,0.922027,-1,-1,-1
116,19,922.189,439.211,60.364,141.418,0.324959,-1,-1,-1
116,20,802.515,443.106,47.540,122.478,0.193985,-1,-1,-1
116,27,438.286,460.729,40.293,90.691,0.434240,-1,-1,-1
116,28,308.883,449.312,41.120,114.798,0.201335,-1,-1,-1
116,5,1689.336,433.051,100.388,187.968,0.375543,-1,-1,-1
116,29,1069.066,442.139,31.062,84.314,0.535823,-1,-1,-1
116,31,492.151,454.372,39.637,84.994,0.499155,-1,-1,-1
116,32,497.009,438.552,139.931,301.704,0.735157,-1,-1,-1
117,4,1072.474,451.383,58.446,137.952,0.419508,-1,-1,-1
117,6,928.545,435.254,49.798,103.658,0.802221,-1,-1,-1
117,7,1512.366,433.320,28.906,65.281,0.288830,-1,-1,-1
117,8,1093.800,433.562,45.802,129.433,0.784886,-1,-1,-1
117,10,663.585,433.080,112.630,320.751,0.931006,-1,-1,-1
117,12,511.239,433.038,183.458,376.932,0.923656,-1,-1,-1
117,13,1240.322,439.628,42.161,104.901,0.878055,-1,-1,-1
117,15,999.255,450.440,35.701,76.956,0.734377,-1,-1,-1
117,16,838.052,462.445,45.705,97.836,0.674843,-1,-1,-1
117,18,759.992,447.534,99.637,252.182,0.920929,-1,-1,-1
117,19,919.954,435.418,63.331,144.156,0.607243,-1,-1,-1
117,20,804.893,442.024,49.538,122.734,0.384374,-1,-1,-1
117,27,435.837,456.644,35.940,89.010,0.277604,-1,-1,-1
117,28,308.823,451.276,40.858,112.243,0.187650,-1,-1,-1
117,5,1682.943,435.138,105.291,179.441,0.495737,-1,-1,-1
117,29,1068.507,441.866,31.144,84.955,0.547491,-1,-1,-1
117,31,492.112,456.046,42.201,93.431,0.635891,-1,-1,-1
117,32,496.751,437.993,142.829,308.484,0.644881,-1,-1,-1
117,30,438.267,458.003,45.184,101.260,0.605801,-1,-1,-1
118,4,1076.803,439.058,57.408,144.283,0.561711,-1,-1,-1
118,6,927.620,434.652,51.318,103.202,0.790822,-1,-1,-1
118,7,1509.501,433.769,28.053,63.648,0.304812,-1,-1,-1
118,8,1093.266,433.747,45.043,122.672,0.793389,-1,-1,-1
118,10,664.714,434.324,109.706,320.524,0.932790,-1,-1,-1
118,12,506.153,434.165,187.952,379.811,0.933715,-1,-1,-1
118,13,1239.825,439.868,40.258,103.618,0.883629,-1,-1,-1
118,15,1000.913,449.359,34.849,77.467,0.757976,-1,-1,-1
118,16,839.071,463.769,46.208,97.040,0.528646,-1,-1,-1
118,18,760.765,447.744,101.624,252.268,0.927230,-1,-1,-1
118,19,921.154,439.228,62.597,143.815,0.660043,-1,-1,-1
118,20,807.066,437.500,48.044,120.928,0.356776,-1,-1,-1
118,27,436.185,452.459,35.524,89.521,0.175875,-1,-1,-1
118,28,307.677,449.861,41.474,114.379,0.308757,-1,-1,-1
118,5,1678.789,432.127,110.987,168.485,0.448268,-1,-1,-1
118,29,1068.594,442.608,31.046,84.471,0.562571,-1,-1,-1
118,31,490.778,455.590,44.493,101.236,0.650556,-1,-1,-1
118,32,496.828,439.257,150.296,299.210,0.139177,-1,-1,-1
118,30,435.541,460.151,45.991,101.201,0.633445,-1,-1,-1
119,4,1075.306,451.554,58.009,136.157,0.362729,-1,-1,-1
119,6,928.216,435.093,50.172,105.668,0.719429,-1,-1,-1
119,7,1512.105,435.284,26.960,61.949,0.295810,-1,-1,-1
119,8,1092.767,433.099,45.461,124.970,0.787517,-1,-1,-1
119,10,665.261,434.659,112.748,325.223,0.929181,-1,-1,-1
119,12,506.717,433.963,185.600,387.212,0.937531,-1,-1,-1
119,13,1238.793,439.311,39.933,102.379,0.877001,-1,-1,-1
119,15,1002.378,448.226,33.445,78.389,0.784747,-1,-1,-1
119,16,842.537,466.133,44.889,95.192,0.492911,-1,-1,-1
119,18,761.065,447.426,104.294,252.794,0.927166,-1,-1,-1
119,19,920.147,437.905,62.608,147.513,0.827897,-1,-1,-1
119,20,809.767,444.047,46.150,111.719,0.207847,-1,-1,-1
119,27,433.668,452.579,36.385,94.947,0.310062,-1,-1,-1
119,28,307.683,451.341,41.039,113.170,0.329245,-1,-1,-1
119,5,1685.192,435.503,104.450,157.930,0.509786,-1,-1,-1
119,29,1069.748,442.235,30.211,81.503,0.496365,-1,-1,-1
119,31,491.070,456.288,46.213,105.771,0.746919,-1,-1,-1
119,32,504.589,450.351,136.523,275.397,0.269113,-1,-1,-1
119,30,436.307,458.984,48.157,103.289,0.626447,-1,-1,-1
120,4,1070.140,451.287,60.911,139.076,0.338256,-1,-1,-1
120,6,928.824,435.225,50.737,105.822,0.699004,-1,-1,-1
120,7,1514.142,436.983,26.959,59.669,0.330201,-1,-1,-1
120,8,1094.480,434.156,43.075,114.661,0.780556,-1,-1,-1
120,10,665.599,435.521,111.525,324.177,0.928744,-1,-1,-1
120,12,505.883,432.982,186.533,391.616,0.938069,-1,-1,-1
120,13,1238.202,439.344,39.564,102.772,0.865394,-1,-1,-1
120,15,1004.269,448.371,32.440,78.857,0.793377,-1,-1,-1
120,16,843.461,461.638,46.232,105.874,0.170451,-1,-1,-1
120,18,762.203,446.648,103.802,253.348,0.924532,-1,-1,-1
120,19,919.905,438.332,63.381,148.553,0.809737,-1,-1,-1
120,20,807.692,441.448,69.210,164.704,0.831664,-1,-1,-1
120,27,431.542,453.338,34.527,88.133,0.196012,-1,-1,-1
120,28,308.209,450.755,40.973,114.246,0.349812,-1,-1,-1
120,5,1684.022,436.810,104.440,152.134,0.530223,-1,-1,-1
120,29,1068.709,439.108,28.455,80.494,0.466634,-1,-1,-1
120,31,491.255,457.758,46.375,108.055,0.770490,-1,-1,-1
120,32,521.954,442.677,127.773,243.878,0.343024,-1,-1,-1
120,30,434.948,457.605,49.974,106.005,0.731384,-1,-1,-1
121,4,1073.646,442.433,59.865,147.466,0.648958,-1,-1,-1
121,6,927.939,435.163,52.536,110.568,0.661228,-1,-1,-1
121,7,1514.498,436.592,27.615,61.073,0.318625,-1,-1,-1
121,8,1094.116,434.022,43.687,117.531,0.751113,-1,-1,-1
121,10,667.272,436.432,112.754,323.831,0.929595,-1,-1,-1
121,12,508.759,433.708,186.551,395.305,0.939011,-1,-1,-1
121,13,1237.414,438.987,39.449,103.543,0.861822,-1,-1,-1
121,15,1004.508,449.145,32.172,78.735,0.791541,-1,-1,-1
121,16,837.724,455.190,52.298,112.849,0.520867,-1,-1,-1
121,18,763.445,448.152,106.852,251.500,0.931307,-1,-1,-1
121,19,918.998,439.472,65.338,148.040,0.816419,-1,-1,-1
121,20,807.776,441.451,76.293,184.551,0.867848,-1,-1,-1
121,28,308.286,450.763,41.711,115.456,0.335571,-1,-1,-1
121,5,1686.437,439.090,102.623,152.073,0.617165,-1,-1,-1
121,29,1068.452,438.544,27.974,79.676,0.489145,-1,-1,-1
121,31,491.130,455.076,47.308,113.312,0.798187,-1,-1,-1
121,32,517.796,448.680,130.904,246.418,0.510818,-1,-1,-1
121,30,431.993,452.283,53.288,113.167,0.790825,-1,-1,-1
122,4,1074.519,453.198,59.032,136.743,0.774224,-1,-1,-1
122,6,927.785,434.790,53.888,112.473,0.803513,-1,-1,-1
122,7,1515.182,438.303,27.848,61.190,0.346197,-1,-1,-1
122,8,1097.180,434.670,38.982,98.982,0.682762,-1,-1,-1
122,10,669.225,435.611,115.063,323.822,0.927188,-1,-1,-1
122,12,510.973,434.122,185.666,396.613,0.939634,-1,-1,-1
122,13,1236.357,441.032,39.344,102.145,0.872705,-1,-1,-1
122,15,1003.429,449.256,32.715,77.656,0.797384,-1,-1,-1
122,16,809.787,442.397,82.569,204.881,0.706254,-1,-1,-1
122,18,762.344,449.659,114.197,250.360,0.928610,-1,-1,-1
122,19,914.089,434.453,70.787,150.470,0.735794,-1,-1,-1
122,20,810.658,441.751,78.713,187.209,0.863012,-1,-1,-1
122,28,312.218,453.130,34.111,97.584,0.515533,-1,-1,-1
122,5,1688.014,437.274,100.522,167.937,0.515936,-1,-1,-1
122,29,1069.359,440.587,28.263,76.069,0.444849,-1,-1,-1
122,31,491.692,455.820,45.884,112.257,0.792320,-1,-1,-1
122,32,521.328,444.321,130.439,246.458,0.174739,-1,-1,-1
122,30,430.447,455.303,52.399,109.888,0.691404,-1,-1,-1
123,4,1075.482,449.935,58.252,138.522,0.625724,-1,-1,-1
123,6,931.738,436.139,52.491,103.839,0.778063,-1,-1,-1
123,7,1514.585,438.763,28.585,61.569,0.274041,-1,-1,-1
123,8,1098.396,435.383,37.218,99.655,0.726354,-1,-1,-1
123,10,670.383,436.803,112.500,320.100,0.929075,-1,-1,-1
123,12,512.421,434.566,189.637,397.719,0.943554,-1,-1,-1
123,13,1235.975,443.645,39.183,100.325,0.873985,-1,-1,-1
123,15,1000.822,448.170,36.404,78.988,0.804299,-1,-1,-1
123,16,802.305,440.272,95.026,235.456,0.125014,-1,-1,-1
123,18,763.295,450.233,117.480,251.073,0.934396,-1,-1,-1
123,19,916.479,442.354,69.419,142.949,0.800166,-1,-1,-1
123,20,815.796,440.637,77.221,175.972,0.848940,-1,-1,-1
123,28,311.988,456.480,37.767,91.903,0.306185,-1,-1,-1
123,5,1677.425,434.250,112.926,159.623,0.566835,-1,-1,-1
123,29,1070.017,441.905,28.531,74.099,0.469074,-1,-1,-1
123,31,491.388,458.077,43.868,110.312,0.819009,-1,-1,-1
123,32,517.328,440.183,133.360,260.651,0.615777,-1,-1,-1
123,30,430.931,459.078,50.196,106.944,0.777765,-1,-1,-1
124,4,1079.133,452.258,54.887,136.743,0.639769,-1,-1,-1
124,6,935.749,437.009,48.699,98.587,0.778536,-1,-1,-1
124,7,1515.029,437.157,28.235,62.167,0.259295,-1,-1,-1
124,8,1099.791,435.975,35.621,94.387,0.734425,-1,-1,-1
124,10,669.297,437.374,114.173,319.541,0.929440,-1,-1,-1
124,12,513.285,431.334,191.882,403.040,0.943015,-1,-1,-1
124,13,1233.685,448.019,40.722,96.417,0.879862,-1,-1,-1
124,15,999.684,449.517,37.816,77.816,0.772614,-1,-1,-1
124,16,799.052,438.502,102.095,252.982,0.507973,-1,-1,-1
124,18,765.627,452.973,118.244,249.031,0.932745,-1,-1,-1
124,19,918.056,450.474,67.593,134.603,0.716820,-1,-1,-1
124,20,816.280,440.633,76.806,181.119,0.836352,-1,-1,-1
124,28,313.299,455.450,37.098,88.847,0.247408,-1,-1,-1
124,5,1680.550,432.818,108.981,156.025,0.590943,-1,-1,-1
124,29,1070.172,443.169,29.078,72.682,0.455019,-1,-1,-1
124,31,491.705,458.333,41.558,110.044,0.821309,-1,-1,-1
124,32,519.706,436.055,143.123,289.792,0.449859,-1,-1,-1
124,30,431.081,457.767,49.667,108.574,0.811299,-1,-1,-1
125,4,1077.259,457.809,55.445,131.241,0.624789,-1,-1,-1
125,6,938.422,437.090,49.167,99.525,0.818788,-1,-1,-1
125,7,1515.862,436.650,28.056,63.106,0.266994,-1,-1,-1
125,8,1099.934,436.105,34.880,90.753,0.735140,-1,-1,-1
125,10,668.129,437.723,116.802,320.513,0.924526,-1,-1,-1
125,12,513.602,430.076,193.972,406.247,0.943162,-1,-1,-1
125,13,1230.929,449.961,42.351,95.510,0.879076,-1,-1,-1
125,15,997.557,450.959,38.969,76.841,0.690061,-1,-1,-1
125,16,798.872,437.913,106.598,256.040,0.436960,-1,-1,-1
125,18,770.548,461.922,118.191,240.905,0.929138,-1,-1,-1
125,19,910.685,472.448,73.125,115.421,0.677538,-1,-1,-1
125,20,816.859,442.473,82.189,166.232,0.843437,-1,-1,-1
125,28,311.958,452.305,37.449,101.764,0.317924,-1,-1,-1
125,5,1678.426,429.947,110.557,158.609,0.620841,-1,-1,-1
125,29,1070.020,443.036,29.263,71.088,0.454401,-1,-1,-1
125,31,492.425,455.773,40.953,113.304,0.840081,-1,-1,-1
125,32,518.927,441.076,124.064,261.943,0.370332,-1,-1,-1
125,30,427.893,459.813,54.921,106.861,0.793013,-1,-1,-1
126,4,1077.909,452.997,54.260,132.238,0.423593,-1,-1,-1
126,6,938.628,437.057,48.287,97.755,0.837084,-1,-1,-1
126,7,1514.838,440.192,27.763,61.833,0.317532,-1,-1,-1
126,8,1100.812,435.252,33.867,87.517,0.783835,-1,-1,-1
126,10,667.118,437.189,121.031,322.648,0.921172,-1,-1,-1
126,12,517.361,436.009,192.211,393.346,0.945987,-1,-1,-1
126,13,1229.145,449.171,42.525,96.760,0.864999,-1,-1,-1
126,15,998.646,451.846,38.377,76.192,0.740349,-1,-1,-1
126,18,774.902,466.478,116.149,237.289,0.926321,-1,-1,-1
126,19,901.051,471.272,82.302,115.015,0.629031,-1,-1,-1
126,20,819.608,442.020,80.783,152.192,0.844661,-1,-1,-1
126,28,312.333,452.658,36.040,101.744,0.471125,-1,-1,-1
126,5,1678.657,433.486,108.948,160.271,0.450656,-1,-1,-1
126,29,1068.482,438.795,28.571,75.933,0.517605,-1,-1,-1
126,31,488.787,455.442,44.446,112.866,0.807202,-1,-1,-1
126,32,519.267,446.104,114.769,265.192,0.104486,-1,-1,-1
126,30,424.775,456.636,58.927,110.221,0.762450,-1,-1,-1
126,34,759.870,444.263,60.074,142.170,0.788251,-1,-1,-1
127,4,1073.448,465.819,56.607,123.128,0.721881,-1,-1,-1
127,6,937.886,435.807,48.737,97.871,0.833358,-1,-1,-1
127,7,1514.641,438.785,27.825,63.749,0.395240,-1,-1,-1
127,8,1100.338,436.065,33.977,84.124,0.727237,-1,-1,-1
127,10,668.366,433.898,122.930,330.408,0.915690,-1,-1,-1
127,12,520.434,434.623,191.743,397.540,0.936226,-1,-1,-1
127,13,1224.932,447.288,46.430,100.587,0.885604,-1,-1,-1
127,15,1001.064,452.411,36.965,75.528,0.786636,-1,-1,-1
127,18,777.997,465.680,113.310,240.024,0.924075,-1,-1,-1
127,19,905.162,455.920,78.091,129.721,0.561200,-1,-1,-1
127,20,821.895,439.470,80.042,151.275,0.833889,-1,-1,-1
127,28,311.385,452.254,38.593,107.910,0.559951,-1,-1,-1
127,5,1679.865,433.826,107.955,155.001,0.450004,-1,-1,-1
127,29,1067.151,439.404,28.251,75.482,0.481110,-1,-1,-1
127,31,486.155,454.021,48.148,115.856,0.810588,-1,-1,-1
127,32,520.883,445.972,131.682,287.936,0.141701,-1,-1,-1
127,30,423.231,461.049,59.617,105.449,0.751538,-1,-1,-1
127,34,760.483,444.624,61.048,143.544,0.757379,-1,-1,-1
128,4,1071.601,465.501,60.089,125.652,0.775183,-1,-1,-1
128,6,938.017,435.425,49.747,96.739,0.845193,-1,-1,-1
128,7,1515.480,437.693,28.590,67.792,0.477954,-1,-1,-1
128,8,1099.497,439.389,34.569,80.674,0.646614,-1,-1,-1
128,10,668.039,433.617,126.203,332.844,0.920604,-1,-1,-1
128,12,523.029,435.675,195.743,398.151,0.931682,-1,-1,-1
128,13,1221.018,448.559,49.195,100.477,0.880207,-1,-1,-1
128,15,1002.690,453.287,35.540,74.938,0.736935,-1,-1,-1
128,18,779.670,465.033,112.294,240.974,0.931892,-1,-1,-1
128,19,900.337,467.906,79.389,118.593,0.392821,-1,-1,-1
128,20,824.811,440.570,75.395,151.669,0.798760,-1,-1,-1
128,28,310.505,451.726,38.874,111.051,0.561087,-1,-1,-1
128,5,1689.208,435.766,99.238,151.581,0.556447,-1,-1,-1
128,29,1066.625,439.291,28.238,74.420,0.413492,-1,-1,-1
128,31,483.531,454.909,51.957,115.252,0.812598,-1,-1,-1
128,32,522.490,443.251,142.461,291.481,0.732796,-1,-1,-1
128,30,421.058,457.572,62.539,109.064,0.765075,-1,-1,-1
128,34,763.861,445.239,59.776,121.271,0.753246,-1,-1,-1
129,4,1070.311,464.071,62.091,126.768,0.752459,-1,-1,-1
129,6,939.402,435.541,49.402,97.018,0.824627,-1,-1,-1
129,7,1516.052,436.810,28.405,66.344,0.394208,-1,-1,-1
129,8,1099.021,440.478,34.904,79.962,0.610466,-1,-1,-1
129,10,666.379,434.961,127.274,329.466,0.929129,-1,-1,-1
129,12,523.379,439.725,198.604,393.636,0.942162,-1,-1,-1
129,13,1218.991,451.920,49.710,97.601,0.882165,-1,-1,-1
129,15,1002.013,451.909,35.988,76.644,0.667870,-1,-1,-1
129,18,782.869,460.079,108.448,246.104,0.936096,-1,-1,-1
129,19,895.245,467.222,86.324,118.939,0.297957,-1,-1,-1
129,20,829.478,440.176,70.198,153.225,0.785085,-1,-1,-1
129,28,311.702,452.596,36.282,106.161,0.548349,-1,-1,-1
129,5,1693.329,435.185,95.136,151.672,0.438980,-1,-1,-1
129,29,1066.516,439.434,28.504,73.332,0.389871,-1,-1,-1
129,31,485.806,453.421,50.475,115.059,0.798209,-1,-1,-1
129,32,524.591,447.389,140.200,265.657,0.815707,-1,-1,-1
129,30,423.054,454.899,63.002,109.961,0.779671,-1,-1,-1
129,34,772.494,443.719,52.186,120.080,0.774288,-1,-1,-1
129,35,522.978,448.886,33.618,74.076,0.699546,-1,-1,-1
129,36,552.030,448.608,33.796,77.238,0.651212,-1,-1,-1
129,16,818.646,439.219,84.289,223.344,0.833712,-1,-1,-1
130,4,1071.543,464.624,63.292,127.333,0.781832,-1,-1,-1
130,6,945.386,436.014,44.797,94.861,0.816500,-1,-1,-1
130,7,1515.102,435.131,29.651,68.508,0.416869,-1,-1,-1
130,8,1098.222,439.619,35.815,79.355,0.656261,-1,-1,-1
130,10,666.944,434.672,125.380,329.388,0.929421,-1,-1,-1
130,12,524.021,439.241,199.577,393.400,0.939230,-1,-1,-1
130,13,1218.504,450.942,49.655,99.055,0.874801,-1,-1,-1
130,15,1002.071,452.267,35.808,77.010,0.682883,-1,-1,-1
130,18,785.559,456.684,107.140,248.620,0.933464,-1,-1,-1
130,19,894.238,467.258,88.181,118.640,0.354470,-1,-1,-1
130,20,830.665,439.736,72.475,173.728,0.717766,-1,-1,-1
130,28,312.464,453.105,34.790,103.674,0.552153,-1,-1,-1
130,5,1694.554,436.169,93.884,150.882,0.516587,-1,-1,-1
130,29,1066.379,438.755,28.396,72.667,0.432462,-1,-1,-1
130,31,485.200,454.617,50.951,114.628,0.840994,-1,-1,-1
130,32,526.023,449.491,138.202,264.793,0.780348,-1,-1,-1
130,30,420.681,457.764,65.070,107.195,0.799622,-1,-1,-1
130,34,772.870,444.467,52.190,127.098,0.772026,-1,-1,-1
130,35,522.147,450.215,34.026,72.303,0.688757,-1,-1,-1
130,36,552.348,450.405,34.178,74.158,0.635002,-1,-1,-1
131,4,1073.078,458.975,63.994,133.246,0.780433,-1,-1,-1
131,6,944.281,435.611,47.066,96.893,0.821761,-1,-1,-1
131,7,1515.205,434.926,30.204,66.834,0.405266,-1,-1,-1
131,8,1096.775,438.915,38.529,80.867,0.674123,-1,-1,-1
131,10,668.426,433.071,124.930,332.553,0.933574,-1,-1,-1
131,12,526.489,434.732,194.167,397.906,0.936519,-1,-1,-1
131,13,1217.597,452.375,51.918,98.723,0.867459,-1,-1,-1
131,15,1002.261,450.114,36.070,79.489,0.757095,-1,-1,-1
131,18,788.162,452.611,106.847,254.126,0.937521,-1,-1,-1
131,19,892.089,474.122,87.375,111.910,0.384288,-1,-1,-1
131,20,836.012,438.847,61.209,149.962,0.661260,-1,-1,-1
131,28,312.002,455.670,39.194,97.969,0.375174,-1,-1,-1
131,5,1683.995,432.520,104.568,154.557,0.499435,-1,-1,-1
131,29,1066.345,437.600,29.142,75.327,0.464971,-1,-1,-1
131,31,483.989,454.691,52.517,113.865,0.817264,-1,-1,-1
131,32,526.676,444.669,138.397,289.419,0.770165,-1,-1,-1
131,30,422.534,457.230,64.220,108.141,0.749460,-1,-1,-1
131,34,773.693,444.707,53.949,127.224,0.736636,-1,-1,-1
131,35,521.320,449.604,35.321,74.015,0.708472,-1,-1,-1
131,36,551.575,448.998,35.762,76.367,0.668402,-1,-1,-1
132,4,1071.101,460.127,66.366,131.806,0.684706,-1,-1,-1
132,6,948.832,436.552,43.606,91.861,0.800358,-1,-1,-1
132,7,1513.182,435.391,30.399,65.241,0.343891,-1,-1,-1
132,8,1096.625,436.733,39.430,85.350,0.737942,-1,-1,-1
132,10,672.183,431.681,121.208,334.151,0.937924,-1,-1,-1
132,12,529.099,433.945,193.522,400.297,0.941467,-1,-1,-1
132,13,1217.462,450.823,51.690,100.983,0.803116,-1,-1,-1
132,15,1002.263,448.715,36.933,80.526,0.743704,-1,-1,-1
132,18,789.924,449.290,108.502,255.785,0.938863,-1,-1,-1
132,19,891.961,472.587,91.576,113.499,0.331601,-1,-1,-1
132,20,838.554,436.384,60.262,154.434,0.622617,-1,-1,-1
132,28,313.260,453.976,35.351,94.271,0.349617,-1,-1,-1
132,5,1675.662,430.297,113.567,156.888,0.604110,-1,-1,-1
132,29,1066.324,435.902,29.494,76.406,0.464148,-1,-1,-1
132,31,484.888,455.678,49.950,111.688,0.755141,-1,-1,-1
132,32,525.373,442.406,140.619,311.821,0.739129,-1,-1,-1
132,30,420.143,455.597,68.025,109.272,0.728453,-1,-1,-1
132,34,781.743,445.875,48.209,117.738,0.697811,-1,-1,-1
132,35,520.504,448.733,35.734,76.073,0.720192,-1,-1,-1
132,36,551.959,449.009,36.322,76.935,0.641793,-1,-1,-1
133,4,1070.434,458.928,65.999,133.347,0.583636,-1,-1,-1
133,6,950.952,437.805,40.694,86.091,0.785770,-1,-1,-1
133,7,1513.647,435.641,30.094,65.495,0.337195,-1,-1,-1
133,8,1096.921,436.260,39.416,87.046,0.748013,-1,-1,-1
133,10,671.357,430.299,122.845,336.198,0.937690,-1,-1,-1
133,12,539.863,438.299,183.669,396.991,0.937660,-1,-1,-1
133,13,1217.331,448.539,50.482,103.317,0.848760,-1,-1,-1
133,15,1001.865,446.122,37.551,82.452,0.770579,-1,-1,-1
133,18,790.308,447.425,110.463,257.476,0.931756,-1,-1,-1
133,19,894.989,469.809,89.477,116.042,0.281614,-1,-1,-1
133,20,840.535,438.311,61.527,154.171,0.624925,-1,-1,-1
133,28,312.192,455.558,39.070,98.398,0.357450,-1,-1,-1
133,5,1681.088,427.033,107.732,159.796,0.331521,-1,-1,-1
133,29,1066.835,435.862,29.353,77.780,0.500797,-1,-1,-1
133,31,485.387,456.237,48.485,112.116,0.804680,-1,-1,-1
133,32,523.450,435.418,144.226,339.141,0.844135,-1,-1,-1
133,30,420.270,457.937,62.982,104.762,0.674307,-1,-1,-1
133,34,786.660,444.379,45.388,118.994,0.619942,-1,-1,-1
133,35,520.392,448.330,35.934,76.456,0.712233,-1,-1,-1
133,36,552.057,450.091,35.443,74.016,0.563896,-1,-1,-1
133,37,447.834,450.294,49.996,107.982,0.740709,-1,-1,-1
134,4,1071.640,452.709,64.391,137.106,0.550846,-1,-1,-1
134,6,951.631,437.446,41.381,87.056,0.792250,-1,-1,-1
134,7,1512.437,434.631,31.120,68.681,0.349410,-1,-1,-1
134,8,1096.115,436.478,40.446,88.861,0.706960,-1,-1,-1
134,10,671.867,430.217,123.383,337.230,0.939548,-1,-1,-1
134,12,538.852,437.736,186.180,398.180,0.934612,-1,-1,-1
134,13,1216.372,446.685,48.470,107.511,0.850103,-1,-1,-1
134,15,1000.936,445.373,38.953,83.170,0.770083,-1,-1,-1
134,18,789.796,448.894,115.704,256.477,0.932404,-1,-1,-1
134,19,894.374,450.751,83.841,132.224,0.231704,-1,-1,-1
134,20,841.590,436.669,65.318,166.046,0.242728,-1,-1,-1
134,28,311.745,454.890,40.479,99.026,0.526610,-1,-1,-1
134,5,1674.949,429.796,113.993,160.363,0.529234,-1,-1,-1
134,29,1064.989,434.668,31.159,83.817,0.510976,-1,-1,-1
134,31,488.187,454.991,45.947,110.565,0.705596,-1,-1,-1
134,32,519.627,433.121,153.055,349.901,0.825506,-1,-1,-1
134,30,414.436,463.152,62.807,98.252,0.758940,-1,-1,-1
134,34,791.521,440.896,44.035,112.794,0.586744,-1,-1,-1
134,35,519.113,447.837,37.064,77.180,0.707437,-1,-1,-1
134,36,550.745,449.942,35.371,73.751,0.656640,-1,-1,-1
134,37,450.364,450.240,46.768,102.663,0.742494,-1,-1,-1
135,4,1068.610,447.703,68.413,142.150,0.566096,-1,-1,-1
135,6,951.105,437.265,42.893,90.099,0.802007,-1,-1,-1
135,7,1514.068,434.635,30.960,68.751,0.324805,-1,-1,-1
135,8,1095.217,436.311,40.674,89.203,0.721572,-1,-1,-1
135,10,675.747,430.856,120.532,336.025,0.944907,-1,-1,-1
135,12,530.584,434.204,196.942,405.953,0.944588,-1,-1,-1
135,13,1215.714,445.861,45.556,107.978,0.862434,-1,-1,-1
135,15,1000.888,445.267,38.471,82.157,0.748940,-1,-1,-1
135,18,791.299,447.795,117.831,256.857,0.934975,-1,-1,-1
135,19,899.833,448.160,82.127,135.827,0.419766,-1,-1,-1
135,20,845.302,435.812,65.194,144.229,0.634713,-1,-1,-1
135,28,311.840,452.567,37.195,102.234,0.525006,-1,-1,-1
135,5,1670.028,428.407,106.947,161.297,0.336408,-1,-1,-1
135,29,1064.549,432.453,30.918,84.462,0.511190,-1,-1,-1
135,31,483.936,455.366,49.935,113.770,0.807439,-1,-1,-1
135,32,517.134,433.443,157.113,336.164,0.730301,-1,-1,-1
135,30,414.567,464.484,62.390,93.752,0.782732,-1,-1,-1
135,34,795.816,437.986,42.797,100.806,0.681714,-1,-1,-1
135,35,518.559,445.732,36.592,79.645,0.679431,-1,-1,-1
135,36,550.559,450.115,34.227,75.388,0.659288,-1,-1,-1
135,37,451.442,450.549,44.938,100.345,0.749584,-1,-1,-1
136,4,1070.345,445.278,66.650,144.388,0.614364,-1,-1,-1
136,6,950.744,436.799,43.266,94.571,0.820984,-1,-1,-1
136,7,1515.011,436.416,29.792,67.847,0.384412,-1,-1,-1
136,8,1095.354,436.935,40.561,89.255,0.711188,-1,-1,-1
136,10,677.396,429.822,119.451,336.299,0.942235,-1,-1,-1
136,12,533.199,434.952,197.057,408.276,0.946200,-1,-1,-1
136,13,1216.448,443.878,43.151,108.485,0.858651,-1,-1,-1
136,15,1000.737,445.195,38.082,81.829,0.789810,-1,-1,-1
136,18,794.182,446.439,115.962,258.307,0.933095,-1,-1,-1
136,19,912.076,441.993,71.644,137.564,0.490743,-1,-1,-1
136,20,845.854,435.907,62.944,150.375,0.539336,-1,-1,-1
136,28,312.370,450.511,34.725,100.367,0.491353,-1,-1,-1
136,5,1681.271,431.371,102.615,156.721,0.400952,-1,-1,-1
136,29,1064.423,433.494,30.130,83.016,0.520943,-1,-1,-1
136,31,483.101,455.394,50.520,114.406,0.806228,-1,-1,-1
136,32,514.378,431.871,158.749,339.190,0.817123,-1,-1,-1
136,30,413.756,464.249,59.682,92.167,0.736935,-1,-1,-1
136,34,799.482,441.387,39.600,83.612,0.550846,-1,-1,-1
136,35,519.898,447.224,35.652,77.948,0.727598,-1,-1,-1
136,36,550.945,450.780,33.215,75.737,0.663329,-1,-1,-1
136,37,449.746,450.459,47.072,101.589,0.779574,-1,-1,-1
137,4,1072.935,445.366,64.745,144.016,0.697374,-1,-1,-1
137,6,950.693,436.580,43.024,94.868,0.815470,-1,-1,-1
137,7,1515.889,436.845,28.726,64.156,0.304598,-1,-1,-1
137,8,1091.303,441.337,44.903,93.891,0.736919,-1,-1,-1
137,10,679.451,429.982,119.633,335.921,0.938613,-1,-1,-1
137,12,528.036,435.828,201.609,413.199,0.949570,-1,-1,-1
137,13,1216.835,443.293,40.542,108.593,0.862799,-1,-1,-1
137,15,1001.671,446.084,36.046,80.218,0.796269,-1,-1,-1
137,18,795.710,447.761,115.146,257.460,0.936515,-1,-1,-1
137,19,917.872,462.043,72.356,121.951,0.632444,-1,-1,-1
137,20,854.948,433.184,54.797,133.283,0.713031,-1,-1,-1
137,28,311.508,451.857,36.387,102.375,0.500218,-1,-1,-1
137,5,1674.810,428.918,112.130,157.950,0.426147,-1,-1,-1
137,29,1063.860,434.321,30.431,83.718,0.573542,-1,-1,-1
137,31,485.654,455.362,48.047,110.768,0.743647,-1,-1,-1
137,32,514.407,433.576,157.812,337.537,0.679829,-1,-1,-1
137,30,411.037,463.548,61.668,96.746,0.695803,-1,-1,-1
137,34,805.506,439.579,34.182,73.086,0.697090,-1,-1,-1
137,35,520.554,448.281,35.365,76.329,0.697990,-1,-1,-1
137,36,550.796,450.464,33.420,75.560,0.716754,-1,-1,-1
137,37,449.716,450.577,48.981,103.200,0.777648,-1,-1,-1
138,4,1069.728,446.324,67.261,144.147,0.692780,-1,-1,-1
138,6,950.943,435.860,43.933,97.124,0.822427,-1,-1,-1
138,7,1514.017,435.981,28.522,62.741,0.327172,-1,-1,-1
138,8,1094.941,440.847,40.780,92.036,0.671045,-1,-1,-1
138,10,681.372,431.547,119.128,335.079,0.931216,-1,-1,-1
138,12,530.842,435.414,199.779,416.650,0.948138,-1,-1,-1
138,13,1215.125,442.596,42.339,108.718,0.872079,-1,-1,-1
138,15,1001.151,446.358,36.593,80.023,0.794469,-1,-1,-1
138,18,797.778,447.030,113.721,259.366,0.930015,-1,-1,-1
138,19,918.190,458.333,69.671,124.601,0.416079,-1,-1,-1
138,20,858.689,437.271,54.734,141.320,0.742749,-1,-1,-1
138,28,311.414,454.679,39.729,100.076,0.324979,-1,-1,-1
138,5,1677.763,431.659,109.633,177.945,0.498350,-1,-1,-1
138,29,1064.639,436.481,30.573,83.659,0.527145,-1,-1,-1
138,31,487.446,455.107,45.164,110.049,0.754204,-1,-1,-1
138,32,513.550,430.799,162.449,345.648,0.805114,-1,-1,-1
138,30,410.949,463.128,60.401,94.659,0.662926,-1,-1,-1
138,34,808.016,441.178,34.395,69.786,0.678468,-1,-1,-1
138,35,521.959,447.891,34.456,76.902,0.684113,-1,-1,-1
138,36,549.760,449.701,32.346,75.597,0.718559,-1,-1,-1
138,37,452.952,451.354,46.020,101.064,0.710086,-1,-1,-1
139,4,1069.694,459.114,66.059,133.834,0.672997,-1,-1,-1
139,6,952.152,435.690,43.026,97.287,0.824624,-1,-1,-1
139,7,1513.768,435.425,28.450,62.475,0.239365,-1,-1,-1
139,8,1096.804,441.256,38.189,91.175,0.674283,-1,-1,-1
139,10,683.959,432.884,118.012,334.449,0.937035,-1,-1,-1
139,12,523.766,434.772,207.606,422.182,0.953274,-1,-1,-1
139,13,1213.458,442.799,44.099,108.925,0.865296,-1,-1,-1
139,15,1000.214,444.590,38.170,82.968,0.737017,-1,-1,-1
139,18,804.746,445.136,108.331,263.728,0.925567,-1,-1,-1
139,19,914.997,458.019,67.787,125.694,0.289962,-1,-1,-1
139,20,860.226,437.661,57.159,147.689,0.743061,-1,-1,-1
139,28,312.644,456.400,40.719,96.808,0.249957,-1,-1,-1
139,5,1674.146,431.663,113.958,168.511,0.411965,-1,-1,-1
139,29,1068.034,443.922,29.533,77.878,0.465810,-1,-1,-1
139,31,487.754,455.737,45.034,109.145,0.774663,-1,-1,-1
139,32,513.726,435.008,159.280,317.157,0.639700,-1,-1,-1
139,30,412.584,463.009,58.733,95.906,0.708784,-1,-1,-1
139,34,809.092,441.694,36.228,77.908,0.670019,-1,-1,-1
139,35,522.234,449.495,32.762,75.306,0.693549,-1,-1,-1
139,36,547.721,449.755,32.583,74.104,0.716607,-1,-1,-1
139,37,457.359,450.923,41.262,97.547,0.657704,-1,-1,-1
140,4,1071.302,459.294,64.102,132.392,0.713486,-1,-1,-1
140,6,953.384,434.603,41.775,99.529,0.826912,-1,-1,-1
140,7,1514.227,435.975,28.625,63.322,0.293733,-1,-1,-1
140,8,1095.438,435.642,40.853,99.711,0.724988,-1,-1,-1
140,10,685.070,432.321,122.038,335.863,0.932438,-1,-1,-1
140,12,517.031,433.934,216.601,424.626,0.954116,-1,-1,-1
140,13,1212.477,444.525,43.092,108.160,0.880872,-1,-1,-1
140,15,1000.135,444.044,38.734,85.176,0.786325,-1,-1,-1
140,18,809.124,443.736,106.648,268.590,0.906545,-1,-1,-1
140,19,908.847,447.983,71.885,136.811,0.436396,-1,-1,-1
140,20,859.069,439.287,66.332,156.541,0.712640,-1,-1,-1
140,28,314.011,458.101,42.154,94.610,0.279759,-1,-1,-1
140,5,1675.708,430.369,113.064,188.723,0.631271,-1,-1,-1
140,29,1066.367,439.248,30.118,84.028,0.408396,-1,-1,-1
140,31,489.751,454.303,43.202,107.846,0.757080,-1,-1,-1
140,32,515.929,431.904,159.554,303.253,0.630529,-1,-1,-1
140,30,413.349,462.319,55.666,92.657,0.567886,-1,-1,-1
140,34,811.864,439.321,36.343,79.922,0.517767,-1,-1,-1
140,35,521.247,448.618,33.578,76.640,0.669800,-1,-1,-1
140,36,547.465,449.023,33.079,73.581,0.648964,-1,-1,-1
140,37,459.575,451.383,41.085,100.106,0.721180,-1,-1,-1
141,4,1072.352,457.648,62.699,133.272,0.669063,-1,-1,-1
141,6,954.033,434.870,41.284,99.036,0.813511,-1,-1,-1
141,7,1514.330,437.343,28.137,63.453,0.272068,-1,-1,-1
141,8,1097.113,436.175,38.920,100.098,0.650744,-1,-1,-1
141,10,686.312,431.220,125.079,337.659,0.927444,-1,-1,-1
141,12,522.565,435.073,210.189,428.241,0.948511,-1,-1,-1
141,13,1210.821,443.878,42.607,107.787,0.871853,-1,-1,-1
141,15,1000.723,444.525,38.286,85.820,0.803339,-1,-1,-1
141,18,812.705,443.240,103.223,271.403,0.902745,-1,-1,-1
141,19,912.204,458.407,70.585,126.775,0.594588,-1,-1,-1
141,20,862.098,441.420,66.785,155.987,0.728162,-1,-1,-1
141,28,312.029,459.609,42.799,95.002,0.227216,-1,-1,-1
141,5,1679.246,432.655,110.092,193.609,0.587416,-1,-1,-1
141,29,1065.460,438.383,30.292,86.262,0.431164,-1,-1,-1
141,31,489.008,454.499,44.565,101.287,0.561669,-1,-1,-1
141,32,516.617,432.643,156.586,284.099,0.732488,-1,-1,-1
141,30,411.880,463.384,60.950,95.064,0.685572,-1,-1,-1
141,34,813.488,442.325,35.001,77.990,0.537736,-1,-1,-1
141,35,520.543,447.926,34.811,76.861,0.613290,-1,-1,-1
141,36,546.852,448.951,32.589,71.687,0.629876,-1,-1,-1
141,37,459.892,449.309,38.430,96.536,0.421228,-1,-1,-1
142,4,1072.941,438.974,63.311,150.461,0.564020,-1,-1,-1
142,6,953.881,435.184,42.506,102.425,0.832791,-1,-1,-1
142,7,1515.668,437.291,27.920,61.375,0.258262,-1,-1,-1
142,8,1093.996,434.953,43.574,102.398,0.680874,-1,-1,-1
142,10,686.249,430.173,129.954,332.930,0.941557,-1,-1,-1
142,12,516.016,433.874,215.052,428.764,0.961041,-1,-1,-1
142,13,1209.015,443.928,42.012,105.275,0.883307,-1,-1,-1
142,15,1001.733,445.412,36.512,85.603,0.834410,-1,-1,-1
142,18,813.285,442.207,106.082,275.640,0.907717,-1,-1,-1
142,19,913.409,464.687,67.911,120.345,0.461418,-1,-1,-1
142,20,867.686,440.097,63.235,157.208,0.742186,-1,-1,-1
142,28,311.322,461.257,42.429,93.954,0.242184,-1,-1,-1
142,5,1680.237,436.447,108.264,172.402,0.485101,-1,-1,-1
142,29,1063.453,437.921,30.804,86.518,0.480691,-1,-1,-1
142,31,493.333,452.896,40.625,93.280,0.662169,-1,-1,-1
142,32,522.250,432.368,147.685,299.183,0.202533,-1,-1,-1
142,30,411.403,465.113,62.778,93.063,0.712603,-1,-1,-1
142,34,803.700,448.970,31.737,69.638,0.601365,-1,-1,-1
142,35,521.900,448.654,33.509,76.212,0.659467,-1,-1,-1
142,36,537.151,447.631,31.455,74.012,0.647112,-1,-1,-1
142,37,463.754,450.406,35.906,82.593,0.478690,-1,-1,-1
143,4,1072.190,439.097,64.233,151.388,0.740324,-1,-1,-1
143,6,953.061,435.211,43.395,106.196,0.831740,-1,-1,-1
143,7,1515.734,435.505,28.830,61.050,0.376494,-1,-1,-1
143,8,1094.800,436.572,42.444,101.841,0.650728,-1,-1,-1
143,10,687.178,428.853,133.606,333.701,0.944629,-1,-1,-1
143,12,515.897,433.879,213.875,431.183,0.958771,-1,-1,-1
143,13,1207.949,443.797,42.239,107.229,0.889695,-1,-1,-1
143,15,1002.089,444.861,36.433,85.399,0.785695,-1,-1,-1
143,18,814.028,440.900,103.784,280.505,0.922276,-1,-1,-1
143,19,910.934,459.541,65.130,128.964,0.343193,-1,-1,-1
143,20,868.273,440.686,69.715,157.890,0.786057,-1,-1,-1
143,28,311.083,454.837,38.921,105.018,0.444077,-1,-1,-1
143,5,1681.746,437.016,106.719,175.161,0.535919,-1,-1,-1
143,29,1062.114,439.831,34.023,90.000,0.444032,-1,-1,-1
143,31,495.252,452.666,39.720,94.888,0.653626,-1,-1,-1
143,32,527.813,436.139,135.949,290.243,0.224985,-1,-1,-1
143,30,413.711,461.282,58.994,96.312,0.687941,-1,-1,-1
143,34,804.135,449.981,32.445,74.559,0.538600,-1,-1,-1
143,35,522.711,448.469,33.273,75.126,0.587390,-1,-1,-1
143,36,536.931,446.856,32.564,74.670,0.676336,-1,-1,-1
143,37,468.534,450.552,52.483,105.955,0.653565,-1,-1,-1
144,4,1073.974,441.988,62.657,148.931,0.731658,-1,-1,-1
144,6,953.572,437.023,41.730,97.217,0.770542,-1,-1,-1
144,7,1515.761,437.189,28.361,59.828,0.293494,-1,-1,-1
144,8,1102.148,437.557,40.674,102.762,0.622547,-1,-1,-1
144,10,687.822,431.612,138.818,332.466,0.946449,-1,-1,-1
144,12,516.998,431.018,212.475,434.740,0.945657,-1,-1,-1
144,13,1207.452,443.955,39.899,107.047,0.866203,-1,-1,-1
144,15,1002.624,446.813,35.655,83.411,0.763035,-1,-1,-1
144,18,815.872,446.906,99.281,273.174,0.919987,-1,-1,-1
144,19,896.265,457.564,79.985,138.375,0.453357,-1,-1,-1
144,20,870.564,443.308,70.573,178.573,0.638432,-1,-1,-1
144,28,312.017,454.380,36.263,99.670,0.439947,-1,-1,-1
144,5,1690.300,438.532,97.184,163.046,0.384660,-1,-1,-1
144,29,1061.999,441.424,34.208,89.221,0.497839,-1,-1,-1
144,31,490.899,450.816,41.463,77.605,0.203555,-1,-1,-1
144,32,531.645,450.442,130.543,265.318,0.219538,-1,-1,-1
144,30,410.115,459.828,65.911,96.598,0.704673,-1,-1,-1
144,34,799.437,449.610,37.412,86.988,0.723424,-1,-1,-1
144,35,521.451,448.472,33.237,73.526,0.687677,-1,-1,-1
144,36,535.699,446.482,32.946,74.086,0.707414,-1,-1,-1
144,37,470.346,452.147,57.872,113.728,0.850102,-1,-1,-1
145,4,1075.530,442.843,60.272,148.441,0.747211,-1,-1,-1
145,6,953.631,437.634,40.738,96.761,0.768049,-1,-1,-1
145,7,1516.541,436.908,29.010,61.366,0.328797,-1,-1,-1
145,8,1116.126,440.085,37.179,96.852,0.684255,-1,-1,-1
145,10,689.631,433.658,143.172,331.690,0.942985,-1,-1,-1
145,12,518.449,427.594,207.306,451.878,0.946993,-1,-1,-1
145,13,1205.946,442.256,40.479,109.825,0.871707,-1,-1,-1
145,15,1002.510,447.691,35.974,83.027,0.729916,-1,-1,-1
145,18,817.054,448.222,96.142,270.823,0.932144,-1,-1,-1
145,19,885.886,453.887,86.847,146.304,0.234350,-1,-1,-1
145,20,873.827,441.556,68.278,174.870,0.701537,-1,-1,-1
145,28,312.736,454.375,34.400,97.021,0.454871,-1,-1,-1
145,5,1693.749,438.212,93.572,157.765,0.450166,-1,-1,-1
145,29,1062.477,443.131,33.586,86.767,0.514363,-1,-1,-1
145,31,498.662,450.101,38.703,86.711,0.637202,-1,-1,-1
145,32,534.869,463.582,128.114,247.981,0.152397,-1,-1,-1
145,30,410.406,459.100,64.770,97.447,0.577382,-1,-1,-1
145,34,796.110,448.679,41.471,106.032,0.756337,-1,-1,-1
145,35,522.528,450.255,32.141,70.162,0.670548,-1,-1,-1
145,36,536.782,448.623,32.718,72.437,0.692608,-1,-1,-1
145,37,471.942,453.685,59.301,115.520,0.852241,-1,-1,-1
146,4,1073.876,452.575,60.019,139.890,0.725251,-1,-1,-1
146,6,955.891,438.302,39.187,95.542,0.793710,-1,-1,-1
146,7,1516.818,437.761,28.490,61.072,0.335894,-1,-1,-1
146,8,1122.135,440.690,36.679,96.801,0.714463,-1,-1,-1
146,10,689.953,433.011,148.121,337.434,0.938723,-1,-1,-1
146,12,519.793,424.894,204.544,459.652,0.948125,-1,-1,-1
146,13,1204.047,441.558,39.981,109.194,0.865257,-1,-1,-1
146,15,1002.369,446.230,36.546,84.118,0.798252,-1,-1,-1
146,18,819.617,444.289,96.116,272.704,0.917426,-1,-1,-1
146,19,873.643,439.811,100.127,215.836,0.854923,-1,-1,-1
146,20,879.615,434.701,72.993,164.092,0.133047,-1,-1,-1
146,28,312.583,454.254,34.135,93.694,0.414652,-1,-1,-1
146,5,1691.335,437.326,95.931,174.446,0.524781,-1,-1,-1
146,29,1063.114,438.314,31.625,87.566,0.523627,-1,-1,-1
146,31,499.827,450.450,38.432,90.658,0.715290,-1,-1,-1
146,32,532.742,446.900,118.796,274.448,0.213316,-1,-1,-1
146,30,409.275,458.399,66.292,97.586,0.686154,-1,-1,-1
146,34,790.582,446.592,49.245,121.486,0.842382,-1,-1,-1
146,35,522.773,451.208,31.336,69.320,0.661287,-1,-1,-1
146,36,538.213,449.416,31.670,70.750,0.692195,-1,-1,-1
146,37,471.104,451.552,61.269,119.992,0.866269,-1,-1,-1
147,4,1073.738,460.261,58.875,133.443,0.717116,-1,-1,-1
147,6,956.974,438.957,38.337,96.791,0.732646,-1,-1,-1
147,7,1517.100,436.455,27.478,61.462,0.322427,-1,-1,-1
147,8,1126.885,444.057,34.590,96.282,0.696766,-1,-1,-1
147,10,691.020,434.271,148.719,339.439,0.945523,-1,-1,-1
147,12,516.935,428.020,207.111,461.361,0.949302,-1,-1,-1
147,13,1202.032,442.045,41.159,108.044,0.863576,-1,-1,-1
147,15,1001.507,445.166,34.931,84.878,0.650377,-1,-1,-1
147,18,823.214,443.991,94.563,272.102,0.923007,-1,-1,-1
147,19,871.589,438.322,103.243,236.704,0.867766,-1,-1,-1
147,20,886.210,435.304,75.521,161.670,0.110467,-1,-1,-1
147,28,313.276,453.951,32.101,78.523,0.390789,-1,-1,-1
147,5,1693.248,436.224,95.625,191.304,0.653874,-1,-1,-1
147,29,1061.879,442.994,34.294,92.622,0.467612,-1,-1,-1
147,31,499.660,449.809,39.200,94.755,0.697146,-1,-1,-1
147,32,529.011,443.335,125.335,280.964,0.202526,-1,-1,-1
147,30,405.549,455.300,69.796,103.184,0.610925,-1,-1,-1
147,34,785.593,445.656,56.772,128.068,0.840904,-1,-1,-1
147,35,533.806,450.924,31.387,68.303,0.627276,-1,-1,-1
147,36,544.015,451.663,30.532,67.096,0.660822,-1,-1,-1
147,37,469.262,448.201,64.625,124.487,0.870975,-1,-1,-1
147,16,771.174,439.282,81.759,165.311,0.626382,-1,-1,-1
148,4,1076.012,457.904,57.296,135.570,0.797636,-1,-1,-1
148,6,958.510,437.563,36.458,93.068,0.727488,-1,-1,-1
148,7,1517.078,436.353,26.870,61.072,0.335683,-1,-1,-1
148,8,1126.338,442.709,36.448,100.669,0.692093,-1,-1,-1
148,10,694.925,433.846,145.941,341.135,0.948193,-1,-1,-1
148,12,513.537,427.215,211.448,464.204,0.947872,-1,-1,-1
148,13,1200.719,443.156,41.025,104.928,0.857563,-1,-1,-1
148,15,1000.109,444.048,34.875,85.987,0.701764,-1,-1,-1
148,18,826.059,447.178,92.866,270.395,0.929782,-1,-1,-1
148,19,872.372,434.630,104.337,251.159,0.900566,-1,-1,-1
148,20,894.465,434.854,69.469,152.962,0.327649,-1,-1,-1
148,28,312.023,456.246,38.073,92.360,0.518750,-1,-1,-1
148,5,1698.825,436.167,89.881,177.598,0.270030,-1,-1,-1
148,29,1064.403,439.365,31.735,90.383,0.492999,-1,-1,-1
148,31,492.662,449.878,46.649,107.273,0.712906,-1,-1,-1
148,32,526.497,443.286,127.131,289.077,0.246064,-1,-1,-1
148,30,405.120,459.645,65.143,100.109,0.600156,-1,-1,-1
148,34,789.329,446.169,53.102,125.784,0.818353,-1,-1,-1
148,35,537.563,450.848,31.889,69.395,0.648435,-1,-1,-1
148,36,547.145,452.080,30.972,67.233,0.714626,-1,-1,-1
148,37,468.724,448.503,64.619,124.046,0.866725,-1,-1,-1
148,16,768.435,443.872,75.811,180.927,0.410318,-1,-1,-1
149,4,1074.789,453.449,58.153,139.738,0.765486,-1,-1,-1
149,6,957.817,437.411,36.209,88.829,0.776504,-1,-1,-1
149,7,1516.353,436.255,27.197,62.219,0.343344,-1,-1,-1
149,8,1127.720,447.992,35.838,94.587,0.756858,-1,-1,-1
149,10,698.897,435.617,142.773,339.060,0.951277,-1,-1,-1
149,12,509.912,425.464,213.324,468.091,0.947481,-1,-1,-1
149,13,1200.163,445.471,39.151,100.975,0.839455,-1,-1,-1
149,15,999.560,443.611,35.767,85.901,0.730586,-1,-1,-1
149,18,828.246,445.304,90.924,274.934,0.940290,-1,-1,-1
149,19,875.688,436.942,102.447,252.021,0.904206,-1,-1,-1
149,20,905.463,439.678,66.798,156.903,0.276152,-1,-1,-1
149,28,311.930,454.027,37.658,100.472,0.607990,-1,-1,-1
149,5,1691.264,432.452,98.140,194.131,0.539789,-1,-1,-1
149,29,1062.912,441.400,33.579,94.856,0.544393,-1,-1,-1
149,31,496.399,451.938,44.241,107.767,0.725358,-1,-1,-1
149,32,547.189,452.913,106.513,236.425,0.218239,-1,-1,-1
149,30,407.177,457.753,64.939,102.012,0.659128,-1,-1,-1
149,34,790.458,448.131,51.538,120.170,0.804823,-1,-1,-1
149,35,529.644,451.599,31.023,70.086,0.612547,-1,-1,-1
149,36,547.616,450.723,32.141,70.025,0.738302,-1,-1,-1
149,37,468.378,449.836,65.998,121.987,0.843440,-1,-1,-1
149,16,759.005,442.656,82.117,221.274,0.366820,-1,-1,-1
150,4,1075.293,446.544,57.369,145.530,0.775332,-1,-1,-1
150,6,956.947,438.614,36.229,88.229,0.757974,-1,-1,-1
150,7,1517.257,437.178,26.340,60.395,0.260291,-1,-1,-1
150,8,1129.785,450.605,33.803,91.929,0.805993,-1,-1,-1
150,10,703.313,431.790,140.034,343.186,0.948335,-1,-1,-1
150,12,503.267,426.067,217.732,468.495,0.944138,-1,-1,-1
150,13,1196.570,443.910,40.020,102.364,0.874196,-1,-1,-1
150,15,1000.721,445.113,35.331,84.701,0.617621,-1,-1,-1
150,18,828.808,443.007,91.841,280.786,0.936750,-1,-1,-1
150,19,878.836,434.372,96.441,253.856,0.905252,-1,-1,-1
150,28,312.576,452.757,36.718,103.882,0.635722,-1,-1,-1
150,5,1695.701,435.177,93.255,177.121,0.471562,-1,-1,-1
150,29,1060.715,443.182,35.947,100.575,0.522521,-1,-1,-1
150,31,497.820,452.861,42.930,109.016,0.779078,-1,-1,-1
150,32,542.051,455.345,116.362,244.098,0.320073,-1,-1,-1
150,30,409.093,459.069,63.330,100.760,0.666886,-1,-1,-1
150,34,791.005,449.858,49.755,118.734,0.738867,-1,-1,-1
150,35,524.261,451.747,31.279,72.543,0.627816,-1,-1,-1
150,36,547.734,451.158,31.166,68.702,0.728682,-1,-1,-1
150,37,469.266,453.238,58.054,119.220,0.854894,-1,-1,-1
150,16,760.100,443.934,77.764,218.078,0.476179,-1,-1,-1
151,4,1074.735,446.010,58.824,147.234,0.810588,-1,-1,-1
151,6,956.022,439.716,35.909,86.516,0.733324,-1,-1,-1
151,7,1516.730,437.631,26.687,59.822,0.249595,-1,-1,-1
151,8,1130.249,453.417,34.099,90.121,0.845124,-1,-1,-1
151,10,706.973,430.746,136.039,342.213,0.950992,-1,-1,-1
151,12,497.383,426.233,222.549,468.491,0.933727,-1,-1,-1
151,13,1195.160,446.890,40.456,98.457,0.894338,-1,-1,-1
151,15,1000.894,443.657,35.851,85.140,0.722957,-1,-1,-1
151,18,827.938,445.283,94.603,281.253,0.935314,-1,-1,-1
151,19,879.116,432.920,100.380,257.009,0.910381,-1,-1,-1
151,28,312.136,450.955,35.590,105.347,0.501356,-1,-1,-1
151,5,1698.626,435.593,90.687,190.449,0.549892,-1,-1,-1
151,29,1059.803,445.986,37.964,102.396,0.533875,-1,-1,-1
151,31,495.852,452.937,44.658,111.163,0.795566,-1,-1,-1
151,32,543.547,455.914,114.256,224.667,0.179120,-1,-1,-1
151,30,404.390,459.022,68.457,102.605,0.691768,-1,-1,-1
151,34,791.416,451.120,49.730,111.985,0.739700,-1,-1,-1
151,35,523.084,451.396,31.638,71.898,0.642663,-1,-1,-1
151,36,547.236,450.586,32.868,72.412,0.728473,-1,-1,-1
151,37,469.396,453.932,54.894,119.324,0.856706,-1,-1,-1
151,16,758.636,441.248,78.826,228.774,0.497270,-1,-1,-1
151,39,1084.049,443.385,47.858,107.002,0.695023,-1,-1,-1
152,4,1074.958,448.660,57.806,145.233,0.818372,-1,-1,-1
152,6,955.736,440.598,35.524,83.263,0.732813,-1,-1,-1
152,7,1515.618,437.712,27.151,61.604,0.305234,-1,-1,-1
152,8,1130.476,454.650,34.227,88.830,0.818874,-1,-1,-1
152,10,709.944,431.650,136.138,341.924,0.941255,-1,-1,-1
152,12,492.422,423.434,224.255,471.938,0.927275,-1,-1,-1
152,13,1194.118,446.737,40.985,98.648,0.897516,-1,-1,-1
152,15,1001.981,445.415,34.781,83.098,0.797722,-1,-1,-1
152,18,826.400,447.731,102.790,281.087,0.929920,-1,-1,-1
152,19,876.797,431.473,107.000,260.409,0.870735,-1,-1,-1
152,28,310.847,450.567,37.674,108.159,0.551345,-1,-1,-1
152,5,1701.394,432.446,85.098,168.187,0.174572,-1,-1,-1
152,29,1060.834,446.903,39.677,107.270,0.574779,-1,-1,-1
152,31,493.956,452.306,45.748,111.157,0.794132,-1,-1,-1
152,32,544.505,454.118,111.525,211.477,0.223884,-1,-1,-1
152,30,402.258,457.285,70.443,103.313,0.717161,-1,-1,-1
152,34,781.781,451.599,62.478,139.220,0.687086,-1,-1,-1
152,35,521.623,450.751,32.877,71.476,0.606625,-1,-1,-1
152,36,546.964,449.754,34.344,73.106,0.684582,-1,-1,-1
152,37,469.494,455.703,54.385,115.992,0.839741,-1,-1,-1
152,16,754.267,440.087,81.651,204.991,0.291306,-1,-1,-1
152,39,1085.802,447.291,45.999,102.019,0.684378,-1,-1,-1
153,4,1075.860,448.178,56.887,145.474,0.779561,-1,-1,-1
153,6,954.255,439.385,36.968,85.284,0.723218,-1,-1,-1
153,7,1515.150,438.542,26.353,59.583,0.203354,-1,-1,-1
153,8,1130.818,454.637,33.574,88.646,0.790926,-1,-1,-1
153,10,712.230,433.202,133.585,340.654,0.943794,-1,-1,-1
153,12,488.768,422.653,224.615,472.191,0.937232,-1,-1,-1
153,13,1194.342,447.287,39.365,97.998,0.891819,-1,-1,-1
153,15,1002.080,446.726,35.156,82.717,0.739037,-1,-1,-1
153,18,827.154,450.137,106.344,280.542,0.938498,-1,-1,-1
153,19,879.790,431.546,100.901,250.496,0.850509,-1,-1,-1
153,28,310.330,451.414,37.265,107.118,0.586187,-1,-1,-1
153,5,1705.488,441.861,80.458,145.206,0.163758,-1,-1,-1
153,29,1058.045,448.766,41.455,108.265,0.583392,-1,-1,-1
153,31,494.070,451.498,45.232,110.055,0.761900,-1,-1,-1
153,32,546.284,451.106,105.964,208.569,0.209903,-1,-1,-1
153,30,402.383,459.244,67.559,98.729,0.665963,-1,-1,-1
153,34,776.886,450.243,65.261,145.155,0.565875,-1,-1,-1
153,35,519.682,449.915,32.162,72.459,0.595491,-1,-1,-1
153,36,547.300,447.619,36.120,77.391,0.713087,-1,-1,-1
153,37,468.936,456.010,52.327,115.487,0.809060,-1,-1,-1
153,16,750.359,434.043,86.303,196.628,0.348980,-1,-1,-1
153,39,1088.288,447.374,43.197,97.808,0.623610,-1,-1,-1
154,4,1070.397,454.454,59.713,139.264,0.663479,-1,-1,-1
154,6,955.327,439.610,36.404,83.946,0.749475,-1,-1,-1
154,7,1514.235,437.998,26.728,60.890,0.188957,-1,-1,-1
154,8,1130.793,452.533,34.231,90.646,0.798947,-1,-1,-1
154,10,714.069,432.482,131.495,341.678,0.943123,-1,-1,-1
154,12,480.237,419.532,234.990,476.751,0.943183,-1,-1,-1
154,13,1193.388,446.518,39.571,98.931,0.891133,-1,-1,-1
154,15,1000.536,444.920,37.485,85.965,0.765479,-1,-1,-1
154,18,827.494,448.908,107.321,283.082,0.936237,-1,-1,-1
154,19,883.869,430.592,96.058,255.293,0.897288,-1,-1,-1
154,28,310.553,449.763,37.338,109.573,0.576928,-1,-1,-1
154,5,1685.172,434.774,101.679,154.213,0.445496,-1,-1,-1
154,29,1057.186,446.681,45.014,114.845,0.661165,-1,-1,-1
154,31,493.631,451.813,46.606,108.296,0.798579,-1,-1,-1
154,32,541.958,453.149,108.155,205.348,0.237756,-1,-1,-1
154,30,400.083,462.225,66.606,94.750,0.658697,-1,-1,-1
154,34,773.823,449.457,65.988,152.288,0.359016,-1,-1,-1
154,35,520.448,450.106,31.555,70.671,0.493437,-1,-1,-1
154,36,546.895,448.067,37.116,76.534,0.555311,-1,-1,-1
154,37,468.104,460.586,49.674,109.572,0.791464,-1,-1,-1
154,16,744.607,428.800,89.467,204.443,0.329993,-1,-1,-1
154,39,1097.029,441.177,37.817,98.174,0.697366,-1,-1,-1
154,40,654.776,447.404,75.744,202.154,0.624758,-1,-1,-1
155,4,1078.746,448.745,50.039,124.364,0.579362,-1,-1,-1
155,6,956.545,439.167,35.032,81.936,0.625854,-1,-1,-1
155,7,1514.013,436.865,27.470,62.740,0.276043,-1,-1,-1
155,8,1130.440,452.122,34.228,90.596,0.798450,-1,-1,-1
155,10,714.549,431.109,134.203,343.110,0.941787,-1,-1,-1
155,12,472.940,417.898,240.475,479.270,0.949533,-1,-1,-1
155,13,1191.931,445.391,40.182,100.273,0.889967,-1,-1,-1
155,15,1001.706,446.731,35.246,83.352,0.737465,-1,-1,-1
155,18,827.029,447.364,111.028,284.293,0.930440,-1,-1,-1
155,19,887.196,429.899,91.160,259.023,0.898535,-1,-1,-1
155,28,305.825,450.838,41.306,109.363,0.192353,-1,-1,-1
155,5,1683.852,427.519,103.069,187.220,0.422795,-1,-1,-1
155,29,1062.106,448.721,48.555,128.222,0.615347,-1,-1,-1
155,31,493.800,451.994,46.796,107.471,0.801630,-1,-1,-1
155,32,541.518,441.995,113.980,220.024,0.208782,-1,-1,-1
155,30,403.433,463.809,60.987,90.227,0.635286,-1,-1,-1
155,34,773.738,449.124,64.552,156.349,0.284624,-1,-1,-1
155,35,521.000,450.130,31.950,69.338,0.446133,-1,-1,-1
155,36,545.713,448.370,38.067,76.253,0.434092,-1,-1,-1
155,37,468.386,462.067,47.234,107.583,0.787436,-1,-1,-1
155,16,735.274,426.463,96.312,207.479,0.221460,-1,-1,-1
155,39,1099.349,440.591,34.795,96.597,0.656343,-1,-1,-1
155,40,656.400,437.187,81.078,181.546,0.783239,-1,-1,-1
155,41,616.599,434.694,119.632,347.676,0.760935,-1,-1,-1
156,4,1073.844,442.138,58.040,143.287,0.707004,-1,-1,-1
156,6,955.816,438.382,33.898,85.562,0.624473,-1,-1,-1
156,7,1515.095,437.109,25.937,59.863,0.260394,-1,-1,-1
156,8,1130.036,451.636,34.156,91.930,0.763653,-1,-1,-1
156,10,713.289,428.465,139.525,345.104,0.944511,-1,-1,-1
156,12,468.621,419.385,245.184,477.039,0.937182,-1,-1,-1
156,13,1191.849,444.819,40.304,101.017,0.897673,-1,-1,-1
156,15,1001.586,446.522,33.286,83.339,0.711814,-1,-1,-1
156,18,828.786,447.482,109.260,284.708,0.929607,-1,-1,-1
156,19,888.267,429.893,88.005,261.678,0.895969,-1,-1,-1
156,28,304.424,449.866,38.623,102.885,0.127733,-1,-1,-1
156,5,1684.023,427.873,103.133,199.583,0.588397,-1,-1,-1
156,29,1060.402,449.995,46.043,125.295,0.565274,-1,-1,-1
156,31,494.104,452.233,46.528,105.951,0.754787,-1,-1,-1
156,32,542.230,437.984,106.090,227.948,0.255895,-1,-1,-1
156,30,403.693,466.710,62.030,83.841,0.645226,-1,-1,-1
156,34,771.769,446.799,65.908,162.308,0.219805,-1,-1,-1
156,35,520.106,449.018,32.686,70.915,0.472588,-1,-1,-1
156,36,545.564,447.679,35.859,76.051,0.498897,-1,-1,-1
156,37,468.743,461.029,46.506,107.586,0.767229,-1,-1,-1
156,16,730.780,424.485,100.981,214.584,0.203670,-1,-1,-1
156,39,1098.376,441.607,34.387,98.015,0.582247,-1,-1,-1
156,40,648.672,432.810,92.539,174.670,0.478683,-1,-1,-1
156,41,622.237,433.985,119.800,347.099,0.876527,-1,-1,-1
157,4,1070.363,447.518,59.695,142.256,0.730889,-1,-1,-1
157,6,954.802,440.395,37.633,91.566,0.539757,-1,-1,-1
157,7,1514.509,437.638,25.621,59.217,0.213888,-1,-1,-1
157,8,1131.673,449.974,35.685,93.820,0.716033,-1,-1,-1
157,10,717.450,428.777,138.090,345.343,0.942168,-1,-1,-1
157,12,463.801,419.036,251.177,475.999,0.948887,-1,-1,-1
157,13,1192.869,443.344,39.131,102.779,0.885295,-1,-1,-1
157,15,1002.233,447.199,31.504,81.606,0.717539,-1,-1,-1
157,18,831.262,449.693,107.241,283.517,0.921391,-1,-1,-1
157,19,892.484,429.707,89.303,266.988,0.900190,-1,-1,-1
157,28,308.939,450.906,34.109,82.129,0.265555,-1,-1,-1
157,5,1677.779,428.101,110.120,174.195,0.377849,-1,-1,-1
157,29,1061.226,451.506,46.270,127.800,0.541423,-1,-1,-1
157,31,495.325,452.978,44.565,104.342,0.741733,-1,-1,-1
157,32,539.851,435.248,111.130,233.134,0.179895,-1,-1,-1
157,30,407.760,469.577,56.199,80.398,0.548153,-1,-1,-1
157,34,771.000,443.003,70.900,172.341,0.167155,-1,-1,-1
157,35,519.994,449.423,32.826,73.803,0.533772,-1,-1,-1
157,36,548.841,443.150,33.065,76.613,0.243092,-1,-1,-1
157,37,467.272,461.437,47.827,108.832,0.826678,-1,-1,-1
157,39,1100.533,444.117,37.236,97.724,0.530117,-1,-1,-1
157,40,651.054,432.453,93.082,167.917,0.573115,-1,-1,-1
157,41,621.745,429.418,119.911,356.389,0.858197,-1,-1,-1
157,20,948.539,448.904,64.868,140.315,0.603592,-1,-1,-1
158,4,1066.965,452.323,62.933,138.158,0.609598,-1,-1,-1
158,6,956.318,438.679,35.488,87.699,0.343736,-1,-1,-1
158,7,1514.545,437.165,26.704,61.200,0.216696,-1,-1,-1
158,8,1131.954,449.481,36.677,94.242,0.720399,-1,-1,-1
158,10,723.722,428.174,136.962,344.179,0.951837,-1,-1,-1
158,12,463.500,419.322,250.057,473.938,0.941256,-1,-1,-1
158,13,1193.324,442.863,37.825,102.279,0.876140,-1,-1,-1
158,15,1002.886,449.068,31.270,79.973,0.620569,-1,-1,-1
158,18,832.485,446.098,119.251,287.045,0.917565,-1,-1,-1
158,19,893.206,430.355,96.133,267.933,0.906451,-1,-1,-1
158,28,311.147,448.786,30.601,74.121,0.172121,-1,-1,-1
158,5,1692.050,428.129,95.642,162.308,0.223967,-1,-1,-1
158,29,1063.491,451.844,43.906,119.224,0.534296,-1,-1,-1
158,31,495.597,448.075,47.133,110.548,0.711437,-1,-1,-1
158,32,539.119,432.714,114.969,242.394,0.266770,-1,-1,-1
158,30,405.976,468.783,54.208,81.650,0.628625,-1,-1,-1
158,34,769.173,437.801,76.760,182.759,0.130998,-1,-1,-1
158,35,523.350,442.638,36.128,81.010,0.493355,-1,-1,-1
158,36,547.684,443.750,34.067,75.823,0.343886,-1,-1,-1
158,37,465.470,455.988,50.538,111.115,0.799762,-1,-1,-1
158,39,1095.838,448.193,41.361,95.756,0.479096,-1,-1,-1
158,40,649.254,431.855,98.271,166.487,0.693948,-1,-1,-1
158,41,626.821,429.576,117.721,356.523,0.884996,-1,-1,-1
158,20,952.005,451.685,64.307,136.022,0.610703,-1,-1,-1
159,4,1067.621,453.528,61.334,137.935,0.660111,-1,-1,-1
159,6,955.688,439.406,39.434,102.922,0.658213,-1,-1,-1
159,7,1517.267,437.742,26.885,63.021,0.221571,-1,-1,-1
159,8,1133.262,448.617,37.358,94.457,0.758989,-1,-1,-1
159,10,729.994,429.623,130.268,340.694,0.953557,-1,-1,-1
159,12,460.363,419.959,251.473,472.450,0.945320,-1,-1,-1
159,13,1191.189,446.122,37.343,99.594,0.864947,-1,-1,-1
159,15,1001.320,448.477,32.994,81.818,0.712679,-1,-1,-1
159,18,833.902,446.471,114.440,285.751,0.923916,-1,-1,-1
159,19,895.880,430.924,98.157,267.904,0.911918,-1,-1,-1
159,28,311.831,448.275,32.176,80.924,0.287920,-1,-1,-1
159,5,1689.786,429.778,97.257,156.860,0.311822,-1,-1,-1
159,29,1064.220,450.407,41.459,114.825,0.558688,-1,-1,-1
159,31,495.993,446.531,51.176,114.287,0.790888,-1,-1,-1
159,32,533.545,449.257,108.489,224.044,0.124086,-1,-1,-1
159,30,404.502,466.659,55.432,85.319,0.635579,-1,-1,-1
159,35,520.006,439.273,36.192,85.241,0.116689,-1,-1,-1
159,36,546.294,445.160,35.285,79.648,0.445221,-1,-1,-1
159,37,465.705,456.816,49.533,109.102,0.798812,-1,-1,-1
159,39,1097.788,443.094,36.983,95.004,0.572040,-1,-1,-1
159,40,646.667,433.131,103.658,166.609,0.454760,-1,-1,-1
159,41,628.985,435.879,127.410,353.554,0.895637,-1,-1,-1
159,20,952.406,447.554,61.449,133.512,0.582126,-1,-1,-1
160,4,1068.384,453.975,61.892,138.332,0.647554,-1,-1,-1
160,6,956.127,439.371,40.855,102.769,0.521319,-1,-1,-1
160,7,1515.873,437.218,27.688,65.423,0.285564,-1,-1,-1
160,8,1134.576,447.558,38.379,95.072,0.702589,-1,-1,-1
160,10,735.007,429.241,127.473,340.911,0.948953,-1,-1,-1
160,12,461.101,422.176,251.989,469.521,0.943397,-1,-1,-1
160,13,1189.758,446.165,38.479,99.931,0.803148,-1,-1,-1
160,15,1000.651,447.809,32.999,81.461,0.723885,-1,-1,-1
160,18,836.554,448.511,111.235,282.061,0.926850,-1,-1,-1
160,19,898.588,431.867,101.737,266.846,0.909467,-1,-1,-1
160,28,307.582,448.450,35.522,88.039,0.166696,-1,-1,-1
160,5,1688.691,432.965,96.474,152.966,0.263320,-1,-1,-1
160,29,1059.544,450.236,44.889,125.244,0.513512,-1,-1,-1
160,31,496.494,445.183,53.739,117.673,0.757564,-1,-1,-1
160,32,530.355,457.207,103.929,215.763,0.153641,-1,-1,-1
160,30,403.540,467.354,56.581,86.934,0.674246,-1,-1,-1
160,36,544.780,445.665,36.664,87.499,0.487468,-1,-1,-1
160,37,463.660,455.982,51.235,113.386,0.826689,-1,-1,-1
160,39,1096.834,440.490,37.526,95.790,0.528793,-1,-1,-1
160,40,648.259,436.315,103.244,165.643,0.500505,-1,-1,-1
160,41,630.699,441.543,127.225,350.687,0.894614,-1,-1,-1
160,20,961.835,448.509,63.540,134.441,0.217270,-1,-1,-1
161,4,1065.357,452.372,65.029,139.971,0.621929,-1,-1,-1
161,6,957.653,439.104,39.311,96.478,0.476838,-1,-1,-1
161,7,1515.179,437.213,27.546,66.298,0.253314,-1,-1,-1
161,8,1135.066,445.160,39.218,98.026,0.709134,-1,-1,-1
161,10,738.555,427.977,127.122,344.072,0.945455,-1,-1,-1
161,12,463.006,424.106,250.459,467.213,0.940503,-1,-1,-1
161,13,1189.118,446.557,36.667,99.196,0.834613,-1,-1,-1
161,15,1000.567,447.501,32.764,82.205,0.714219,-1,-1,-1
161,18,841.251,448.521,105.541,280.701,0.920459,-1,-1,-1
161,19,902.243,433.319,101.914,268.597,0.893044,-1,-1,-1
161,28,305.854,448.206,37.536,93.373,0.149342,-1,-1,-1
161,5,1683.899,433.853,102.078,151.789,0.321206,-1,-1,-1
161,29,1056.637,450.683,48.772,131.580,0.515778,-1,-1,-1
161,31,497.411,439.926,56.791,123.559,0.714186,-1,-1,-1
161,32,528.523,459.746,103.907,214.956,0.163595,-1,-1,-1
161,30,403.009,466.020,56.912,84.663,0.674638,-1,-1,-1
161,36,545.263,443.903,34.843,81.141,0.180790,-1,-1,-1
161,37,463.593,452.480,52.666,115.046,0.813606,-1,-1,-1
161,39,1091.331,439.324,42.912,99.854,0.506020,-1,-1,-1
161,40,650.873,435.128,101.673,170.664,0.361688,-1,-1,-1
161,41,633.670,442.880,128.044,341.924,0.908536,-1,-1,-1
161,20,970.454,463.197,64.577,123.979,0.303917,-1,-1,-1
162,4,1070.170,444.426,63.866,146.939,0.444278,-1,-1,-1
162,6,922.350,443.613,77.612,135.146,0.655328,-1,-1,-1
162,7,1515.242,437.036,27.521,65.690,0.260850,-1,-1,-1
162,8,1135.731,443.519,40.927,100.595,0.591170,-1,-1,-1
162,10,740.484,428.637,127.140,345.263,0.945094,-1,-1,-1
162,12,464.273,426.641,248.797,465.584,0.943906,-1,-1,-1
162,13,1189.008,448.334,35.023,96.996,0.748692,-1,-1,-1
162,15,999.960,446.294,33.598,83.472,0.679641,-1,-1,-1
162,18,842.537,443.734,106.759,286.725,0.933386,-1,-1,-1
162,19,904.058,435.321,102.266,267.472,0.903245,-1,-1,-1
162,28,309.276,447.699,35.803,94.941,0.362436,-1,-1,-1
162,5,1685.475,433.118,99.598,151.782,0.359746,-1,-1,-1
162,29,1058.331,449.317,54.532,136.122,0.555225,-1,-1,-1
162,31,500.259,435.838,58.065,127.881,0.732983,-1,-1,-1
162,32,528.924,457.790,104.525,218.760,0.135445,-1,-1,-1
162,30,403.024,466.280,54.769,85.575,0.615220,-1,-1,-1
162,36,546.412,442.195,33.376,76.737,0.145831,-1,-1,-1
162,37,463.398,451.582,51.762,117.803,0.812435,-1,-1,-1
162,39,1089.694,440.017,44.843,99.026,0.490894,-1,-1,-1
162,40,654.022,435.678,101.525,176.284,0.283055,-1,-1,-1
162,41,638.265,440.870,125.000,344.332,0.912990,-1,-1,-1
162,20,975.666,468.333,62.711,120.042,0.145017,-1,-1,-1
163,4,1059.200,448.844,72.404,143.251,0.642798,-1,-1,-1
163,6,914.171,446.565,86.724,153.339,0.671051,-1,-1,-1
163,7,1513.595,436.461,28.287,65.499,0.269734,-1,-1,-1
163,8,1136.080,444.558,40.603,98.554,0.733333,-1,-1,-1
163,10,743.142,428.206,124.384,346.206,0.943798,-1,-1,-1
163,12,465.481,427.259,252.464,468.330,0.941199,-1,-1,-1
163,13,1187.944,447.020,35.480,98.174,0.879689,-1,-1,-1
163,15,998.921,445.211,35.152,85.396,0.699667,-1,-1,-1
163,18,842.888,443.401,109.179,289.751,0.930677,-1,-1,-1
163,19,908.074,439.834,99.322,261.570,0.876194,-1,-1,-1
163,28,307.091,448.283,38.581,98.873,0.176989,-1,-1,-1
163,5,1683.602,430.878,101.797,153.768,0.354289,-1,-1,-1
163,29,1060.339,449.242,48.906,117.103,0.441115,-1,-1,-1
163,31,502.192,433.471,55.507,128.081,0.774120,-1,-1,-1
163,32,528.572,450.863,101.119,222.759,0.215110,-1,-1,-1
163,30,403.990,460.468,56.272,91.483,0.654873,-1,-1,-1
163,36,545.703,441.089,32.763,74.217,0.113630,-1,-1,-1
163,37,462.273,447.624,50.911,121.245,0.834333,-1,-1,-1
163,39,1088.696,440.625,45.204,99.235,0.539355,-1,-1,-1
163,40,655.509,436.401,102.911,184.607,0.285357,-1,-1,-1
163,41,641.094,439.200,123.690,351.824,0.917627,-1,-1,-1
163,20,988.922,450.186,60.998,126.764,0.187138,-1,-1,-1
164,4,1059.081,450.073,70.859,142.816,0.642018,-1,-1,-1
164,6,918.611,444.425,71.145,181.305,0.244828,-1,-1,-1
164,7,1512.931,436.775,28.808,65.164,0.247734,-1,-1,-1
164,8,1137.027,443.719,40.368,98.671,0.814359,-1,-1,-1
164,10,745.782,428.946,121.513,348.845,0.944085,-1,-1,-1
164,12,478.136,426.924,245.472,472.140,0.934706,-1,-1,-1
164,13,1187.698,449.174,33.858,95.782,0.869068,-1,-1,-1
164,15,998.538,444.521,34.923,86.187,0.711197,-1,-1,-1
164,18,847.598,443.203,106.852,291.794,0.930930,-1,-1,-1
164,19,913.636,439.911,92.602,257.435,0.862292,-1,-1,-1
164,28,309.319,448.690,37.805,102.501,0.429108,-1,-1,-1
164,5,1672.236,431.408,113.688,154.054,0.392570,-1,-1,-1
164,29,1063.144,448.745,45.233,113.918,0.480745,-1,-1,-1
164,31,500.925,436.997,53.789,122.461,0.792915,-1,-1,-1
164,32,528.991,446.812,99.055,227.140,0.242770,-1,-1,-1
164,30,403.201,462.956,59.491,87.464,0.606532,-1,-1,-1
164,36,543.531,440.977,32.535,76.131,0.137291,-1,-1,-1
164,37,461.827,446.626,50.358,117.997,0.840762,-1,-1,-1
164,39,1089.279,441.806,44.173,99.507,0.598269,-1,-1,-1
164,40,661.803,434.732,97.469,188.132,0.169460,-1,-1,-1
164,41,641.888,438.206,122.749,357.957,0.916931,-1,-1,-1
164,20,999.055,453.655,57.107,129.564,0.208224,-1,-1,-1
165,4,1062.835,447.885,61.758,140.788,0.496864,-1,-1,-1
165,6,921.188,442.387,63.627,186.665,0.334181,-1,-1,-1
165,7,1513.536,438.468,28.710,64.030,0.313263,-1,-1,-1
165,8,1139.985,444.436,39.924,96.004,0.802596,-1,-1,-1
165,10,748.267,427.710,121.372,354.959,0.946781,-1,-1,-1
165,12,476.915,426.439,248.064,475.956,0.939451,-1,-1,-1
165,13,1184.702,448.731,35.425,95.731,0.851830,-1,-1,-1
165,15,998.732,443.964,34.635,84.973,0.718180,-1,-1,-1
165,18,850.441,445.129,111.964,290.765,0.939445,-1,-1,-1
165,19,917.102,435.922,91.357,259.012,0.902296,-1,-1,-1
165,28,309.917,449.765,39.090,106.702,0.613123,-1,-1,-1
165,5,1674.404,432.508,113.350,152.002,0.341898,-1,-1,-1
165,29,1061.471,447.045,43.526,112.994,0.428456,-1,-1,-1
165,31,502.403,442.431,48.820,110.777,0.674559,-1,-1,-1
165,32,529.480,454.564,100.693,216.212,0.122573,-1,-1,-1
165,30,404.224,463.831,62.395,88.867,0.674775,-1,-1,-1
165,36,540.524,443.065,33.218,75.673,0.429843,-1,-1,-1
165,37,463.956,447.635,49.027,114.596,0.805927,-1,-1,-1
165,39,1090.235,440.567,44.828,102.891,0.628969,-1,-1,-1
165,41,645.881,438.194,120.709,358.194,0.919377,-1,-1,-1
166,4,1054.220,452.863,67.838,137.325,0.375283,-1,-1,-1
166,6,920.755,442.494,63.286,187.018,0.352916,-1,-1,-1
166,7,1514.334,441.283,27.870,60.983,0.242017,-1,-1,-1
166,8,1140.632,446.234,45.329,96.969,0.780757,-1,-1,-1
166,10,749.541,428.834,121.846,355.791,0.943455,-1,-1,-1
166,12,472.527,420.473,256.940,485.023,0.942755,-1,-1,-1
166,13,1184.633,450.574,34.380,94.053,0.822597,-1,-1,-1
166,15,998.577,442.872,35.413,86.191,0.775887,-1,-1,-1
166,18,853.381,446.304,117.948,289.211,0.935424,-1,-1,-1
166,19,920.523,433.725,97.251,264.144,0.902887,-1,-1,-1
166,28,310.631,451.007,38.230,107.072,0.648356,-1,-1,-1
166,5,1679.766,430.039,107.860,155.590,0.165636,-1,-1,-1
166,29,1059.949,445.348,43.455,112.166,0.378726,-1,-1,-1
166,31,501.820,445.546,48.316,107.442,0.717921,-1,-1,-1
166,32,528.751,455.017,101.176,209.517,0.149102,-1,-1,-1
166,30,405.306,465.478,63.634,88.974,0.697186,-1,-1,-1
166,36,542.455,441.060,31.837,76.854,0.170678,-1,-1,-1
166,37,464.467,448.407,48.955,112.824,0.798623,-1,-1,-1
166,39,1090.135,440.591,45.410,101.642,0.588841,-1,-1,-1
166,41,644.070,436.735,123.461,359.749,0.923783,-1,-1,-1
167,4,1059.580,452.962,65.692,137.986,0.361659,-1,-1,-1
167,6,920.757,438.124,59.455,188.553,0.318341,-1,-1,-1
167,7,1513.694,441.715,28.062,61.039,0.233454,-1,-1,-1
167,8,1143.544,445.965,43.106,97.323,0.761023,-1,-1,-1
167,10,750.730,427.985,120.680,358.941,0.939687,-1,-1,-1
167,12,473.680,417.510,258.497,489.608,0.948336,-1,-1,-1
167,13,1183.276,452.794,34.955,91.900,0.838689,-1,-1,-1
167,15,997.975,443.965,35.747,88.023,0.665846,-1,-1,-1
167,18,855.227,445.642,123.269,292.073,0.945338,-1,-1,-1
167,19,922.614,432.168,96.962,267.008,0.897764,-1,-1,-1
167,28,310.624,451.573,38.069,107.309,0.647968,-1,-1,-1
167,5,1692.559,431.426,94.164,166.425,0.137145,-1,-1,-1
167,29,1055.957,450.150,47.738,124.624,0.263719,-1,-1,-1
167,31,501.933,447.289,46.083,104.967,0.741861,-1,-1,-1
167,32,528.947,456.761,102.526,201.833,0.138897,-1,-1,-1
167,30,404.594,466.254,65.309,90.507,0.691915,-1,-1,-1
167,36,543.688,442.013,30.027,74.569,0.192997,-1,-1,-1
167,37,464.344,449.570,49.033,111.342,0.809749,-1,-1,-1
167,39,1089.972,440.567,46.235,102.303,0.618322,-1,-1,-1
167,41,644.861,436.823,123.766,359.219,0.925758,-1,-1,-1
168,4,1059.775,450.891,68.182,141.779,0.732116,-1,-1,-1
168,6,922.409,441.725,48.701,154.422,0.631585,-1,-1,-1
168,7,1512.993,443.483,27.433,57.725,0.231305,-1,-1,-1
168,8,1143.508,444.682,43.412,97.463,0.849884,-1,-1,-1
168,10,751.392,427.973,122.302,357.268,0.945168,-1,-1,-1
168,12,471.844,416.725,268.503,489.548,0.956043,-1,-1,-1
168,13,1184.175,451.878,34.582,92.585,0.850595,-1,-1,-1
168,15,997.841,443.254,35.981,88.369,0.769467,-1,-1,-1
168,18,858.212,443.933,128.072,293.729,0.948104,-1,-1,-1
168,19,926.086,429.863,94.126,267.051,0.887762,-1,-1,-1
168,28,311.663,452.274,36.142,105.238,0.584136,-1,-1,-1
168,5,1699.498,434.652,87.055,159.293,0.256102,-1,-1,-1
168,29,1055.427,448.478,49.692,133.289,0.578437,-1,-1,-1
168,31,499.476,450.044,44.457,104.592,0.709525,-1,-1,-1
168,32,529.700,450.010,103.237,207.601,0.244268,-1,-1,-1
168,30,407.681,466.442,56.268,88.173,0.441305,-1,-1,-1
168,36,541.851,439.847,30.649,80.762,0.206587,-1,-1,-1
168,37,466.502,451.028,47.051,115.932,0.848438,-1,-1,-1
168,39,1091.356,442.879,45.529,99.725,0.693274,-1,-1,-1
168,41,642.375,436.747,125.925,359.944,0.923519,-1,-1,-1
168,35,506.404,440.672,47.231,116.159,0.764681,-1,-1,-1
169,4,1058.966,448.869,70.541,145.098,0.804505,-1,-1,-1
169,6,925.593,443.992,46.913,143.483,0.345498,-1,-1,-1
169,7,1515.572,441.379,27.184,61.409,0.297452,-1,-1,-1
169,8,1144.403,443.555,42.725,98.847,0.845904,-1,-1,-1
169,10,751.093,427.952,122.517,357.037,0.942805,-1,-1,-1
169,12,469.571,416.904,280.388,488.177,0.958841,-1,-1,-1
169,13,1181.669,448.101,35.854,93.857,0.769876,-1,-1,-1
169,15,997.295,443.521,35.861,90.090,0.771084,-1,-1,-1
169,18,860.311,443.874,127.327,294.403,0.949625,-1,-1,-1
169,19,928.335,429.466,92.749,266.644,0.898282,-1,-1,-1
169,28,312.259,452.018,37.386,106.651,0.560602,-1,-1,-1
169,5,1701.738,437.493,85.254,181.704,0.545850,-1,-1,-1
169,29,1055.160,447.314,48.577,137.718,0.373546,-1,-1,-1
169,31,499.170,450.111,43.487,107.297,0.724169,-1,-1,-1
169,32,521.424,450.219,90.587,202.227,0.298162,-1,-1,-1
169,30,409.086,467.518,50.129,85.450,0.389113,-1,-1,-1
169,36,541.746,441.196,31.101,82.282,0.223837,-1,-1,-1
169,37,467.293,453.052,46.270,116.145,0.843582,-1,-1,-1
169,39,1088.328,443.729,47.548,110.802,0.660828,-1,-1,-1
169,41,643.812,437.215,125.011,361.647,0.928140,-1,-1,-1
169,35,506.093,440.331,47.998,118.631,0.762179,-1,-1,-1
170,4,1055.392,450.761,73.473,143.188,0.773514,-1,-1,-1
170,6,918.449,442.289,59.663,155.299,0.471977,-1,-1,-1
170,7,1515.633,441.505,26.913,61.205,0.281672,-1,-1,-1
170,8,1144.289,444.762,44.940,98.397,0.853199,-1,-1,-1
170,10,751.866,427.513,124.701,359.202,0.939859,-1,-1,-1
170,12,468.766,417.809,292.891,485.311,0.955582,-1,-1,-1
170,13,1181.264,449.835,37.695,92.349,0.789567,-1,-1,-1
170,15,997.008,444.509,35.414,88.003,0.803288,-1,-1,-1
170,18,862.069,443.880,130.691,295.746,0.944894,-1,-1,-1
170,19,930.810,430.014,92.291,257.246,0.879650,-1,-1,-1
170,28,312.652,452.960,35.207,100.272,0.461299,-1,-1,-1
170,5,1703.982,437.016,82.354,162.401,0.353610,-1,-1,-1
170,29,1061.665,447.096,42.559,121.452,0.334871,-1,-1,-1
170,31,497.593,448.505,43.285,108.986,0.722007,-1,-1,-1
170,32,532.150,446.645,76.744,201.984,0.146471,-1,-1,-1
170,30,409.301,464.852,47.138,80.813,0.469745,-1,-1,-1
170,36,536.470,440.177,36.955,93.207,0.476629,-1,-1,-1
170,37,466.779,450.261,47.267,120.561,0.830573,-1,-1,-1
170,39,1090.933,442.030,46.613,104.161,0.662615,-1,-1,-1
170,41,643.283,437.796,124.982,363.176,0.920770,-1,-1,-1
170,35,505.402,440.272,49.193,119.678,0.733183,-1,-1,-1
171,4,1052.875,451.118,77.938,143.065,0.795897,-1,-1,-1
171,6,923.638,443.868,49.776,134.729,0.642521,-1,-1,-1
171,7,1516.198,441.774,26.468,58.918,0.305271,-1,-1,-1
171,8,1144.469,444.115,47.218,99.273,0.879178,-1,-1,-1
171,10,752.055,428.078,127.322,360.055,0.937602,-1,-1,-1
171,12,471.584,417.907,297.646,487.700,0.954466,-1,-1,-1
171,13,1183.184,448.688,36.475,93.663,0.827819,-1,-1,-1
171,15,997.277,444.282,35.814,86.992,0.786291,-1,-1,-1
171,18,863.974,445.943,133.437,293.891,0.946034,-1,-1,-1
171,19,933.501,429.901,92.465,256.664,0.896739,-1,-1,-1
171,28,313.034,453.847,33.950,94.128,0.460075,-1,-1,-1
171,5,1701.767,435.623,84.764,156.908,0.334084,-1,-1,-1
171,29,1063.828,447.465,39.292,108.541,0.337198,-1,-1,-1
171,31,500.662,447.721,46.891,108.911,0.788780,-1,-1,-1
171,32,518.266,447.142,83.650,193.167,0.151162,-1,-1,-1
171,30,409.180,463.162,47.558,79.337,0.449910,-1,-1,-1
171,36,534.252,441.735,40.084,98.267,0.509336,-1,-1,-1
171,37,468.351,449.783,45.741,117.931,0.774792,-1,-1,-1
171,39,1089.570,441.234,48.155,97.348,0.670502,-1,-1,-1
171,41,641.243,437.545,130.218,364.479,0.896662,-1,-1,-1
171,35,513.928,443.476,44.551,113.025,0.447115,-1,-1,-1
172,4,1049.266,452.021,73.028,142.175,0.787956,-1,-1,-1
172,6,927.062,444.683,45.177,128.346,0.559906,-1,-1,-1
172,7,1516.218,439.246,26.992,62.695,0.298246,-1,-1,-1
172,8,1144.729,445.319,47.974,98.760,0.838786,-1,-1,-1
172,10,753.887,427.572,129.048,361.560,0.939817,-1,-1,-1
172,12,473.819,416.825,298.009,490.701,0.957955,-1,-1,-1
172,13,1182.495,448.171,36.786,92.279,0.704906,-1,-1,-1
172,15,997.551,444.091,36.375,88.457,0.652555,-1,-1,-1
172,18,865.697,444.039,132.041,296.209,0.948402,-1,-1,-1
172,19,935.932,431.367,94.882,257.855,0.916659,-1,-1,-1
172,28,312.636,452.891,35.534,98.584,0.378612,-1,-1,-1
172,5,1700.818,437.428,86.497,170.590,0.406319,-1,-1,-1
172,29,1064.653,447.423,38.621,105.766,0.260561,-1,-1,-1
172,31,500.710,450.872,46.369,106.341,0.797599,-1,-1,-1
172,30,411.631,462.092,45.363,78.684,0.375261,-1,-1,-1
172,36,539.974,445.339,42.136,98.773,0.611893,-1,-1,-1
172,37,467.750,451.646,45.499,118.456,0.827338,-1,-1,-1
172,39,1091.489,442.627,47.268,97.992,0.677634,-1,-1,-1
172,41,641.207,440.264,132.022,360.972,0.874848,-1,-1,-1
172,35,518.055,445.973,41.191,102.341,0.420694,-1,-1,-1
172,40,670.210,443.115,95.433,181.709,0.626879,-1,-1,-1
173,4,1049.761,451.699,73.390,143.129,0.775756,-1,-1,-1
173,6,927.552,443.746,45.945,122.747,0.355713,-1,-1,-1
173,7,1516.317,438.409,26.964,63.554,0.310595,-1,-1,-1
173,8,1144.980,444.813,56.936,100.374,0.846094,-1,-1,-1
173,10,756.082,427.330,130.141,363.406,0.935715,-1,-1,-1
173,12,475.866,414.837,295.920,492.478,0.958664,-1,-1,-1
173,13,1167.910,449.278,49.898,95.638,0.748932,-1,-1,-1
173,15,997.404,446.283,35.360,80.182,0.482214,-1,-1,-1
173,18,866.686,444.361,135.588,296.589,0.947095,-1,-1,-1
173,19,939.305,432.567,100.469,257.105,0.917180,-1,-1,-1
173,28,312.555,452.119,35.839,95.880,0.320817,-1,-1,-1
173,5,1709.171,436.526,76.932,157.295,0.217092,-1,-1,-1
173,29,1065.057,447.882,38.946,104.739,0.257038,-1,-1,-1
173,31,500.608,453.482,46.577,104.101,0.832136,-1,-1,-1
173,30,412.414,461.945,45.725,76.881,0.465738,-1,-1,-1
173,36,543.425,449.122,41.132,92.772,0.630576,-1,-1,-1
173,37,468.231,455.727,43.999,112.350,0.818718,-1,-1,-1
173,39,1090.195,443.779,49.218,100.953,0.668941,-1,-1,-1
173,41,638.420,440.713,135.874,357.830,0.798491,-1,-1,-1
173,35,518.230,449.355,39.660,93.491,0.437129,-1,-1,-1
173,40,671.811,448.218,99.050,163.733,0.671033,-1,-1,-1
173,20,1079.592,447.900,54.790,141.212,0.641395,-1,-1,-1
174,4,1048.065,454.454,70.167,139.311,0.799530,-1,-1,-1
174,6,926.917,440.716,47.538,128.107,0.244184,-1,-1,-1
174,7,1516.857,438.303,27.047,63.732,0.307638,-1,-1,-1
174,8,1145.618,444.927,63.123,100.343,0.859797,-1,-1,-1
174,10,759.780,429.795,128.213,359.862,0.942681,-1,-1,-1
174,12,475.566,411.872,302.600,498.220,0.955325,-1,-1,-1
174,13,1171.761,452.374,48.042,91.661,0.496751,-1,-1,-1
174,15,998.647,448.666,33.190,78.629,0.327246,-1,-1,-1
174,18,868.036,444.760,141.233,298.959,0.945876,-1,-1,-1
174,19,941.052,432.589,101.957,260.616,0.920628,-1,-1,-1
174,28,312.786,452.024,35.153,91.945,0.332615,-1,-1,-1
174,5,1714.598,436.027,65.393,147.888,0.146861,-1,-1,-1
174,29,1066.642,447.207,36.578,94.818,0.256660,-1,-1,-1
174,31,497.325,453.471,45.031,103.022,0.687100,-1,-1,-1
174,30,412.932,462.180,44.893,74.702,0.486947,-1,-1,-1
174,36,545.399,450.661,37.847,81.048,0.677470,-1,-1,-1
174,37,467.054,456.469,45.226,112.463,0.828150,-1,-1,-1
174,39,1091.225,444.685,48.798,98.805,0.726159,-1,-1,-1
174,41,636.432,442.074,136.594,355.472,0.768972,-1,-1,-1
174,35,509.139,449.696,45.578,102.349,0.854001,-1,-1,-1
174,40,673.896,448.529,98.645,159.486,0.747018,-1,-1,-1
174,20,1079.352,453.955,57.512,136.841,0.583852,-1,-1,-1
175,4,1049.069,453.124,69.603,139.066,0.789764,-1,-1,-1
175,6,922.351,440.325,55.241,159.031,0.115188,-1,-1,-1
175,7,1516.367,438.061,28.131,64.835,0.314551,-1,-1,-1
175,8,1147.666,447.886,64.789,98.986,0.842274,-1,-1,-1
175,10,762.118,432.839,128.345,360.723,0.944496,-1,-1,-1
175,12,481.944,415.833,295.614,494.441,0.952803,-1,-1,-1
175,13,1173.403,456.013,47.036,87.043,0.390505,-1,-1,-1
175,15,999.911,447.837,31.713,71.872,0.209647,-1,-1,-1
175,18,872.162,442.592,131.349,301.501,0.955892,-1,-1,-1
175,19,941.621,431.671,107.342,264.630,0.921408,-1,-1,-1
175,28,313.599,451.936,33.771,83.802,0.304928,-1,-1,-1
175,5,1705.351,434.051,79.119,180.500,0.520165,-1,-1,-1
175,29,1066.523,448.361,36.811,99.954,0.221858,-1,-1,-1
175,31,494.951,453.123,46.412,104.637,0.648431,-1,-1,-1
175,30,410.603,460.723,45.599,78.726,0.524735,-1,-1,-1
175,36,543.029,448.300,38.316,84.568,0.628946,-1,-1,-1
175,37,466.849,455.348,45.822,113.845,0.828877,-1,-1,-1
175,39,1090.114,443.389,49.973,103.440,0.687387,-1,-1,-1
175,41,646.044,445.604,129.377,352.000,0.819169,-1,-1,-1
175,35,505.348,449.191,48.709,106.343,0.854900,-1,-1,-1
175,40,679.530,449.663,93.080,172.770,0.635734,-1,-1,-1
175,20,1076.769,451.973,61.196,140.657,0.698519,-1,-1,-1
176,4,1049.398,452.109,71.904,142.125,0.780286,-1,-1,-1
176,7,1515.683,437.334,28.458,66.153,0.285146,-1,-1,-1
176,8,1149.882,451.243,65.091,95.349,0.843377,-1,-1,-1
176,10,765.697,435.392,127.690,359.801,0.944296,-1,-1,-1
176,12,485.691,416.355,293.159,494.454,0.946815,-1,-1,-1
176,15,999.802,445.680,32.366,80.497,0.232251,-1,-1,-1
176,18,875.672,443.510,126.627,301.675,0.950852,-1,-1,-1
176,19,944.151,431.359,110.893,268.312,0.917007,-1,-1,-1
176,28,312.812,451.001,34.018,90.483,0.306924,-1,-1,-1
176,5,1705.403,430.636,79.949,181.435,0.529343,-1,-1,-1
176,29,1065.242,448.933,38.572,104.792,0.206615,-1,-1,-1
176,31,492.908,451.144,44.934,106.083,0.637123,-1,-1,-1
176,30,415.321,459.901,41.089,79.374,0.512061,-1,-1,-1
176,36,548.029,448.589,36.785,81.385,0.659349,-1,-1,-1
176,37,465.590,455.224,46.395,116.987,0.814001,-1,-1,-1
176,39,1088.846,444.376,51.387,106.277,0.665353,-1,-1,-1
176,41,641.839,451.819,140.184,342.868,0.578255,-1,-1,-1
176,35,503.185,447.458,51.217,110.888,0.856036,-1,-1,-1
176,40,686.079,455.071,85.826,146.325,0.278896,-1,-1,-1
176,20,1075.491,449.979,63.589,143.495,0.726460,-1,-1,-1
177,4,1050.903,452.090,73.600,144.996,0.845903,-1,-1,-1
177,7,1515.474,437.506,28.044,64.482,0.290656,-1,-1,-1
177,8,1149.759,445.235,64.231,102.761,0.869870,-1,-1,-1
177,10,763.879,437.847,132.593,362.370,0.943803,-1,-1,-1
177,12,495.736,425.020,283.529,488.210,0.941790,-1,-1,-1
177,15,999.785,446.130,33.835,87.625,0.203035,-1,-1,-1
177,18,880.145,441.871,122.812,304.940,0.945314,-1,-1,-1
177,19,945.064,432.715,119.856,271.439,0.914139,-1,-1,-1
177,28,311.379,451.324,37.357,101.231,0.390138,-1,-1,-1
177,5,1703.055,427.203,82.600,185.357,0.535640,-1,-1,-1
177,29,1067.217,449.249,37.708,98.315,0.200502,-1,-1,-1
177,31,480.824,451.798,47.065,110.702,0.681074,-1,-1,-1
177,30,415.434,457.036,51.239,95.974,0.596477,-1,-1,-1
177,36,547.196,448.445,36.485,78.421,0.639484,-1,-1,-1
177,37,464.131,453.809,48.331,119.218,0.791559,-1,-1,-1
177,39,1091.315,443.942,48.555,98.251,0.673730,-1,-1,-1
177,41,649.941,452.175,133.000,345.425,0.374382,-1,-1,-1
177,35,503.846,446.672,51.048,112.344,0.823585,-1,-1,-1
177,40,699.195,448.216,56.024,115.893,0.668714,-1,-1,-1
177,20,1079.177,445.386,56.403,139.898,0.438551,-1,-1,-1
178,4,1053.557,451.509,72.025,144.314,0.748838,-1,-1,-1
178,7,1516.245,436.632,28.308,64.791,0.262375,-1,-1,-1
178,8,1150.568,443.449,60.867,104.808,0.866191,-1,-1,-1
178,10,766.406,437.341,132.547,360.743,0.944023,-1,-1,-1
178,12,505.654,425.746,270.856,485.706,0.944420,-1,-1,-1
178,15,1002.334,441.586,37.031,101.489,0.122149,-1,-1,-1
178,18,884.106,441.510,122.573,304.780,0.933442,-1,-1,-1
178,19,948.880,430.344,121.791,276.308,0.904794,-1,-1,-1
178,28,308.200,451.218,42.690,107.911,0.457138,-1,-1,-1
178,5,1690.262,424.389,95.634,200.865,0.502018,-1,-1,-1
178,29,1065.915,449.046,37.929,105.593,0.221304,-1,-1,-1
178,31,477.003,451.827,48.295,111.171,0.661194,-1,-1,-1
178,30,414.079,456.521,60.966,101.687,0.688727,-1,-1,-1
178,36,548.558,446.905,34.895,78.549,0.609770,-1,-1,-1
178,37,462.906,453.111,48.572,118.262,0.798423,-1,-1,-1
178,39,1091.623,440.860,47.962,104.600,0.589341,-1,-1,-1
178,41,633.164,440.561,148.385,330.525,0.108284,-1,-1,-1
178,35,496.016,448.125,46.722,112.225,0.612264,-1,-1,-1
178,40,704.286,449.391,43.405,98.872,0.458418,-1,-1,-1
178,20,1081.308,443.019,52.422,141.389,0.494311,-1,-1,-1
178,43,567.702,442.670,73.528,171.062,0.790698,-1,-1,-1
178,32,505.170,442.907,51.773,121.025,0.792688,-1,-1,-1
179,4,1066.985,446.429,64.039,148.746,0.665621,-1,-1,-1
179,7,1516.552,436.476,27.880,64.084,0.282661,-1,-1,-1
179,8,1150.575,445.303,60.761,102.143,0.867093,-1,-1,-1
179,10,764.294,436.576,137.152,360.160,0.942560,-1,-1,-1
179,12,518.094,417.399,264.054,493.836,0.935681,-1,-1,-1
179,15,1004.288,438.340,39.431,124.629,0.130217,-1,-1,-1
179,18,888.445,444.726,124.243,300.989,0.939903,-1,-1,-1
179,19,955.493,431.013,120.673,273.121,0.920455,-1,-1,-1
179,28,308.761,450.952,39.828,104.194,0.367643,-1,-1,-1
179,5,1684.583,429.285,100.644,195.531,0.506171,-1,-1,-1
179,29,1068.490,449.542,35.538,103.932,0.272918,-1,-1,-1
179,30,415.125,459.754,64.805,101.122,0.395284,-1,-1,-1
179,36,548.725,447.772,32.688,76.461,0.643754,-1,-1,-1
179,37,465.550,455.448,46.602,114.520,0.789227,-1,-1,-1
179,39,1095.043,439.384,38.610,100.396,0.302100,-1,-1,-1
179,41,660.548,447.913,126.501,299.748,0.246602,-1,-1,-1
179,35,501.866,448.077,47.041,113.746,0.805862,-1,-1,-1
179,40,699.890,446.672,45.265,106.603,0.111668,-1,-1,-1
179,20,1088.053,439.352,49.067,125.670,0.594123,-1,-1,-1
179,43,570.209,451.616,70.843,154.080,0.610739,-1,-1,-1
179,32,495.329,450.873,44.509,107.946,0.558500,-1,-1,-1
180,4,1068.019,450.730,50.637,135.296,0.465882,-1,-1,-1
180,7,1517.735,437.379,27.368,64.090,0.332253,-1,-1,-1
180,8,1151.709,444.772,54.221,102.082,0.873627,-1,-1,-1
180,10,767.066,436.156,137.677,361.269,0.943156,-1,-1,-1
180,12,523.159,422.168,257.215,491.293,0.942571,-1,-1,-1
180,15,981.786,438.903,64.540,168.528,0.690646,-1,-1,-1
180,18,893.633,446.968,121.043,300.210,0.934422,-1,-1,-1
180,19,962.324,435.607,116.186,269.287,0.878412,-1,-1,-1
180,28,307.925,448.579,42.115,110.443,0.227783,-1,-1,-1
180,5,1692.929,432.993,92.582,188.773,0.353263,-1,-1,-1
180,29,1067.626,448.672,34.451,103.908,0.385171,-1,-1,-1
180,30,411.979,461.755,63.050,100.615,0.715010,-1,-1,-1
180,36,551.914,448.977,32.820,78.153,0.579580,-1,-1,-1
180,37,465.101,456.691,45.874,114.240,0.810621,-1,-1,-1
180,39,1094.134,438.484,41.011,110.171,0.650438,-1,-1,-1
180,41,678.178,453.211,108.965,261.588,0.298612,-1,-1,-1
180,35,503.669,447.266,46.583,115.909,0.801816,-1,-1,-1
180,20,1086.791,440.600,48.238,135.796,0.595491,-1,-1,-1
180,43,568.900,440.161,67.083,139.604,0.711506,-1,-1,-1
180,32,495.415,451.206,42.051,107.464,0.579817,-1,-1,-1
181,4,1078.452,449.007,48.003,135.549,0.604965,-1,-1,-1
181,7,1518.597,439.001,26.436,62.352,0.297245,-1,-1,-1
181,8,1152.302,443.900,49.833,102.639,0.890596,-1,-1,-1
181,10,769.035,431.922,140.547,365.407,0.946750,-1,-1,-1
181,12,524.172,412.024,259.288,505.347,0.944358,-1,-1,-1
181,15,970.910,439.616,63.476,183.243,0.621774,-1,-1,-1
181,18,899.439,444.957,115.696,301.278,0.934112,-1,-1,-1
181,19,965.732,439.371,114.714,265.930,0.902201,-1,-1,-1
181,28,309.851,446.881,40.575,111.961,0.236006,-1,-1,-1
181,5,1692.983,437.984,91.047,161.207,0.336753,-1,-1,-1
181,29,1058.526,457.518,41.195,120.066,0.608102,-1,-1,-1
181,30,410.228,462.844,62.575,98.685,0.719645,-1,-1,-1
181,36,552.348,450.326,33.007,79.282,0.565934,-1,-1,-1
181,37,466.540,456.512,44.517,110.698,0.756936,-1,-1,-1
181,39,1094.960,439.929,40.927,111.752,0.640221,-1,-1,-1
181,41,685.079,453.334,106.020,273.722,0.344536,-1,-1,-1
181,35,504.859,446.838,47.066,116.899,0.747380,-1,-1,-1
181,43,566.925,449.583,65.536,118.996,0.734601,-1,-1,-1
181,32,493.551,450.994,39.632,104.017,0.462422,-1,-1,-1
182,4,1079.011,449.750,54.091,140.168,0.702328,-1,-1,-1
182,7,1517.608,438.365,27.673,64.330,0.335406,-1,-1,-1
182,8,1154.020,444.862,45.967,100.772,0.889239,-1,-1,-1
182,10,772.434,433.634,138.898,364.728,0.948591,-1,-1,-1
182,12,525.595,409.431,261.477,508.334,0.943810,-1,-1,-1
182,15,978.540,439.469,70.669,179.322,0.116845,-1,-1,-1
182,18,904.170,444.841,109.950,301.722,0.937857,-1,-1,-1
182,19,968.183,438.560,112.760,269.905,0.913476,-1,-1,-1
182,28,311.384,451.030,42.340,103.413,0.251353,-1,-1,-1
182,5,1694.611,438.259,90.842,170.477,0.505476,-1,-1,-1
182,29,1055.948,461.866,43.950,123.763,0.587082,-1,-1,-1
182,30,408.041,463.249,63.401,99.075,0.740059,-1,-1,-1
182,36,552.112,450.553,32.492,79.057,0.617209,-1,-1,-1
182,37,466.108,457.773,44.198,109.981,0.785748,-1,-1,-1
182,39,1094.389,441.615,42.484,115.849,0.671821,-1,-1,-1
182,41,685.616,451.976,103.411,284.672,0.265741,-1,-1,-1
182,35,506.092,446.272,45.976,117.344,0.822232,-1,-1,-1
182,43,565.684,453.508,63.635,127.979,0.783378,-1,-1,-1
182,32,493.915,450.764,40.383,107.749,0.518114,-1,-1,-1
183,4,1077.976,452.183,55.682,140.546,0.709445,-1,-1,-1
183,7,1517.039,438.906,27.852,64.975,0.336547,-1,-1,-1
183,8,1153.087,447.544,46.147,98.529,0.878372,-1,-1,-1
183,10,774.124,431.336,139.379,363.326,0.952755,-1,-1,-1
183,12,529.712,406.392,258.216,514.601,0.951973,-1,-1,-1
183,15,970.248,438.228,63.261,190.662,0.472319,-1,-1,-1
183,18,907.806,437.455,107.657,310.493,0.939420,-1,-1,-1
183,19,969.844,432.819,109.095,279.719,0.917695,-1,-1,-1
183,28,308.655,446.489,41.852,113.663,0.161956,-1,-1,-1
183,5,1698.458,438.672,87.566,178.516,0.517986,-1,-1,-1
183,29,1056.852,463.101,45.040,125.635,0.582803,-1,-1,-1
183,30,407.782,462.396,60.282,99.258,0.733805,-1,-1,-1
183,36,550.081,449.559,32.193,75.380,0.602598,-1,-1,-1
183,37,464.594,456.833,45.467,113.809,0.802698,-1,-1,-1
183,39,1094.121,441.723,42.795,117.404,0.675896,-1,-1,-1
183,41,693.490,455.344,92.826,226.085,0.123022,-1,-1,-1
183,35,506.762,446.013,45.607,116.957,0.812108,-1,-1,-1
183,43,565.351,445.759,66.859,150.365,0.867319,-1,-1,-1
183,32,493.985,450.618,42.002,109.275,0.564691,-1,-1,-1
184,4,1072.543,458.797,56.936,135.127,0.651286,-1,-1,-1
184,7,1516.833,438.807,27.946,64.350,0.330105,-1,-1,-1
184,8,1152.853,449.029,46.134,97.222,0.889653,-1,-1,-1
184,10,776.176,432.057,139.671,365.154,0.951749,-1,-1,-1
184,12,532.317,406.585,256.075,514.948,0.955186,-1,-1,-1
184,15,970.424,436.538,59.826,178.067,0.167711,-1,-1,-1
184,18,915.848,435.473,100.824,312.414,0.924232,-1,-1,-1
184,19,971.773,433.773,107.169,277.941,0.909347,-1,-1,-1
184,28,310.985,448.009,39.158,104.000,0.278997,-1,-1,-1
184,5,1698.333,441.580,86.774,155.842,0.488056,-1,-1,-1
184,29,1062.152,462.372,41.730,125.290,0.525540,-1,-1,-1
184,30,407.481,462.758,61.400,99.711,0.746857,-1,-1,-1
184,36,548.598,448.475,32.608,75.096,0.625245,-1,-1,-1
184,37,463.942,456.289,45.329,115.720,0.808267,-1,-1,-1
184,39,1095.216,441.350,39.689,103.151,0.676307,-1,-1,-1
184,41,710.448,437.362,78.925,206.259,0.111421,-1,-1,-1
184,35,506.759,445.599,45.218,116.849,0.826205,-1,-1,-1
184,43,564.802,444.234,66.060,163.658,0.851768,-1,-1,-1
184,32,494.546,450.108,43.938,111.027,0.642502,-1,-1,-1
185,4,1071.047,447.010,61.558,144.834,0.639940,-1,-1,-1
185,7,1516.942,438.728,27.598,64.572,0.336674,-1,-1,-1
185,8,1151.577,450.832,46.748,94.889,0.883554,-1,-1,-1
185,10,777.671,431.319,138.939,368.414,0.948110,-1,-1,-1
185,12,533.392,406.600,256.489,514.768,0.945812,-1,-1,-1
185,15,977.421,436.462,51.345,147.753,0.203332,-1,-1,-1
185,18,918.654,438.033,100.822,310.946,0.932114,-1,-1,-1
185,19,974.564,433.714,105.480,279.420,0.922447,-1,-1,-1
185,28,308.753,446.276,41.581,113.310,0.252820,-1,-1,-1
185,5,1695.209,437.755,89.709,175.897,0.615555,-1,-1,-1
185,29,1065.521,457.052,39.816,129.532,0.493064,-1,-1,-1
185,30,407.599,462.569,60.132,98.859,0.736650,-1,-1,-1
185,36,548.478,448.447,32.522,75.121,0.665873,-1,-1,-1
185,37,464.944,458.153,44.810,114.635,0.815765,-1,-1,-1
185,39,1092.182,438.607,44.052,111.541,0.669698,-1,-1,-1
185,35,506.831,445.719,44.151,116.894,0.833132,-1,-1,-1
185,43,564.242,439.430,69.641,179.100,0.852157,-1,-1,-1
186,4,1069.136,454.399,61.382,139.917,0.609376,-1,-1,-1
186,7,1517.159,438.606,27.443,64.249,0.326403,-1,-1,-1
186,8,1151.327,451.974,48.483,93.164,0.880510,-1,-1,-1
186,10,780.144,432.950,135.699,369.223,0.944513,-1,-1,-1
186,12,543.692,406.051,247.099,516.814,0.946539,-1,-1,-1
186,15,982.786,440.279,49.729,137.041,0.341987,-1,-1,-1
186,18,920.773,441.204,102.408,309.021,0.932674,-1,-1,-1
186,19,983.975,438.014,99.164,273.444,0.914865,-1,-1,-1
186,28,307.441,445.511,42.632,116.738,0.268452,-1,-1,-1
186,5,1697.994,438.927,86.250,157.902,0.396288,-1,-1,-1
186,29,1066.615,453.996,40.043,127.274,0.550543,-1,-1,-1
186,30,408.672,462.243,55.823,96.736,0.714500,-1,-1,-1
186,36,548.090,448.471,31.938,74.495,0.650958,-1,-1,-1
186,37,464.762,459.120,44.998,114.699,0.813473,-1,-1,-1
186,39,1092.322,437.751,43.873,110.628,0.701714,-1,-1,-1
186,35,506.260,445.826,45.091,117.102,0.860844,-1,-1,-1
186,43,564.518,438.929,70.171,183.354,0.884370,-1,-1,-1
186,32,495.849,450.396,43.173,110.128,0.647744,-1,-1,-1
187,4,1067.403,460.454,61.060,135.252,0.695080,-1,-1,-1
187,7,1517.530,441.408,27.664,61.874,0.319402,-1,-1,-1
187,8,1150.878,453.883,49.208,89.965,0.874663,-1,-1,-1
187,10,781.384,433.395,136.643,369.093,0.940751,-1,-1,-1
187,12,549.521,405.568,244.404,518.407,0.947893,-1,-1,-1
187,15,978.299,440.589,54.601,170.214,0.203894,-1,-1,-1
187,18,925.630,444.574,104.566,307.278,0.938509,-1,-1,-1
187,19,990.615,438.586,93.415,274.789,0.912417,-1,-1,-1
187,28,306.491,446.609,42.457,116.059,0.211469,-1,-1,-1
187,5,1694.670,437.913,88.489,152.906,0.466161,-1,-1,-1
187,29,1065.965,457.187,38.353,121.108,0.454910,-1,-1,-1
187,30,409.605,462.054,53.599,96.039,0.724908,-1,-1,-1
187,36,547.884,448.731,31.351,72.957,0.662585,-1,-1,-1
187,37,465.339,458.901,44.716,115.017,0.804730,-1,-1,-1
187,39,1092.678,436.903,43.746,112.822,0.721418,-1,-1,-1
187,35,506.483,446.812,45.635,116.276,0.860041,-1,-1,-1
187,43,563.244,439.678,71.292,180.638,0.875870,-1,-1,-1
187,32,496.003,451.434,42.778,109.243,0.622576,-1,-1,-1
188,4,1068.115,463.461,60.161,132.364,0.655363,-1,-1,-1
188,7,1516.916,439.604,27.647,63.068,0.339617,-1,-1,-1
188,8,1151.310,450.019,50.004,95.095,0.882481,-1,-1,-1
188,10,783.623,433.570,134.810,368.126,0.940503,-1,-1,-1
188,12,553.198,403.819,244.590,523.898,0.948329,-1,-1,-1
188,15,975.708,437.875,60.344,187.281,0.189937,-1,-1,-1
188,18,928.514,445.614,103.265,304.369,0.941649,-1,-1,-1
188,19,992.846,435.835,95.759,277.716,0.925516,-1,-1,-1
188,28,306.753,447.373,42.387,116.151,0.190444,-1,-1,-1
188,5,1696.543,437.169,87.669,167.047,0.537665,-1,-1,-1
188,29,1066.417,452.887,40.929,120.972,0.546168,-1,-1,-1
188,30,409.414,461.943,53.142,96.125,0.709836,-1,-1,-1
188,36,548.256,448.696,31.578,74.509,0.682176,-1,-1,-1
188,37,471.826,457.619,43.897,108.511,0.651446,-1,-1,-1
188,39,1094.559,437.022,41.740,101.748,0.763592,-1,-1,-1
188,35,507.595,448.958,45.550,114.097,0.862632,-1,-1,-1
188,43,562.963,441.142,72.261,179.839,0.891125,-1,-1,-1
188,32,495.748,452.074,41.297,107.909,0.612275,-1,-1,-1
188,31,465.629,460.441,43.975,112.247,0.771450,-1,-1,-1
189,4,1064.061,458.399,62.815,139.958,0.722863,-1,-1,-1
189,7,1515.122,437.956,28.783,64.356,0.288614,-1,-1,-1
189,8,1151.289,447.684,48.846,97.706,0.883854,-1,-1,-1
189,10,789.862,432.214,129.302,368.015,0.950011,-1,-1,-1
189,12,560.546,405.176,241.746,523.007,0.946383,-1,-1,-1
189,18,934.814,451.415,108.244,298.187,0.948240,-1,-1,-1
189,19,995.017,431.513,102.043,286.147,0.924084,-1,-1,-1
189,28,306.294,446.789,42.819,116.129,0.206656,-1,-1,-1
189,5,1691.670,435.155,93.592,187.534,0.611564,-1,-1,-1
189,29,1060.063,447.041,45.498,124.379,0.301410,-1,-1,-1
189,30,409.707,461.413,49.811,95.966,0.662876,-1,-1,-1
189,36,548.465,449.220,31.555,74.217,0.685285,-1,-1,-1
189,39,1095.896,436.491,41.003,98.475,0.814750,-1,-1,-1
189,35,507.160,449.092,45.665,114.409,0.863519,-1,-1,-1
189,43,563.497,442.939,72.429,178.885,0.896173,-1,-1,-1
189,32,495.303,451.443,40.721,109.161,0.605390,-1,-1,-1
189,31,464.992,459.419,44.349,114.729,0.785677,-1,-1,-1
190,4,1073.920,445.046,57.669,148.579,0.679251,-1,-1,-1
190,7,1518.137,437.754,27.165,61.314,0.283298,-1,-1,-1
190,8,1150.235,448.455,49.914,97.433,0.882533,-1,-1,-1
190,10,792.285,430.851,130.050,368.334,0.949363,-1,-1,-1
190,12,562.829,405.186,244.137,529.475,0.945004,-1,-1,-1
190,18,936.306,450.259,116.325,300.095,0.935525,-1,-1,-1
190,19,996.998,427.024,102.332,294.514,0.923332,-1,-1,-1
190,28,309.311,449.282,39.622,101.481,0.295803,-1,-1,-1
190,5,1690.569,432.520,95.488,183.664,0.515881,-1,-1,-1
190,29,1061.514,449.831,58.074,140.565,0.769006,-1,-1,-1
190,30,409.814,461.617,49.630,95.774,0.605520,-1,-1,-1
190,36,548.973,449.460,31.960,73.775,0.683393,-1,-1,-1
190,39,1094.683,434.271,42.881,112.722,0.811183,-1,-1,-1
190,35,506.533,446.737,46.774,116.477,0.859305,-1,-1,-1
190,43,563.150,444.345,73.930,174.913,0.908659,-1,-1,-1
190,32,496.151,450.167,40.789,110.815,0.644123,-1,-1,-1
190,37,467.498,457.299,44.474,113.518,0.750562,-1,-1,-1
191,4,1064.517,447.908,64.529,150.384,0.701953,-1,-1,-1
191,7,1519.095,439.080,26.843,59.237,0.283823,-1,-1,-1
191,8,1149.194,448.036,51.516,97.876,0.870032,-1,-1,-1
191,10,795.464,429.406,129.060,369.319,0.953047,-1,-1,-1
191,12,569.788,408.684,237.024,530.876,0.942214,-1,-1,-1
191,18,938.044,447.010,121.036,305.340,0.938075,-1,-1,-1
191,19,1000.138,428.979,105.267,285.488,0.894934,-1,-1,-1
191,28,310.452,450.653,38.141,100.911,0.310784,-1,-1,-1
191,5,1687.209,429.952,98.422,192.976,0.569195,-1,-1,-1
191,30,410.567,461.472,47.450,95.288,0.612526,-1,-1,-1
191,36,549.366,450.813,31.271,71.460,0.654945,-1,-1,-1
191,39,1094.716,434.354,43.521,107.516,0.810310,-1,-1,-1
191,35,505.485,447.184,47.174,115.192,0.846200,-1,-1,-1
191,43,563.247,443.679,73.889,175.698,0.910939,-1,-1,-1
191,32,495.750,449.919,41.044,110.407,0.670853,-1,-1,-1
191,37,464.991,458.269,42.648,108.319,0.689030,-1,-1,-1
192,4,1062.985,444.419,66.608,155.943,0.505718,-1,-1,-1
192,7,1517.562,438.422,26.228,57.928,0.285009,-1,-1,-1
192,8,1146.273,447.206,58.547,99.146,0.872471,-1,-1,-1
192,10,797.264,428.768,131.931,367.312,0.957915,-1,-1,-1
192,12,571.750,407.916,237.081,536.983,0.930642,-1,-1,-1
192,18,940.306,448.489,123.827,306.342,0.944187,-1,-1,-1
192,19,1000.940,430.105,114.455,287.147,0.909175,-1,-1,-1
192,28,311.719,455.541,40.001,94.084,0.202173,-1,-1,-1
192,5,1690.576,433.440,95.240,192.972,0.553029,-1,-1,-1
192,30,411.193,462.951,43.662,91.506,0.591680,-1,-1,-1
192,36,548.469,451.202,31.067,72.165,0.672441,-1,-1,-1
192,39,1094.876,436.882,42.481,99.743,0.776379,-1,-1,-1
192,35,505.245,447.515,46.927,114.523,0.847554,-1,-1,-1
192,43,562.994,445.465,73.375,173.566,0.915738,-1,-1,-1
192,32,491.554,453.288,45.703,105.117,0.672015,-1,-1,-1
192,31,459.182,460.521,43.896,112.220,0.759977,-1,-1,-1
193,4,1063.699,445.345,65.056,155.511,0.391873,-1,-1,-1
193,7,1517.188,437.635,26.780,60.122,0.284601,-1,-1,-1
193,8,1146.260,446.298,62.221,100.815,0.865625,-1,-1,-1
193,10,799.346,428.315,134.173,368.031,0.954915,-1,-1,-1
193,12,579.419,406.488,231.240,545.004,0.939099,-1,-1,-1
193,18,941.850,447.772,124.869,308.601,0.942290,-1,-1,-1
193,19,1004.537,432.753,117.025,281.034,0.929693,-1,-1,-1
193,28,313.709,455.489,40.417,92.972,0.213834,-1,-1,-1
193,5,1695.651,436.463,89.812,164.884,0.563544,-1,-1,-1
193,30,410.590,463.021,45.550,93.632,0.584629,-1,-1,-1
193,36,548.634,451.635,32.063,73.890,0.673140,-1,-1,-1
193,39,1094.598,437.868,42.308,97.782,0.787065,-1,-1,-1
193,35,504.864,449.312,47.126,112.593,0.868517,-1,-1,-1
193,43,564.458,447.311,71.976,170.247,0.919625,-1,-1,-1
193,32,489.977,455.811,45.618,101.702,0.658213,-1,-1,-1
193,31,457.835,461.920,45.579,111.715,0.794670,-1,-1,-1
194,4,1055.884,436.020,71.501,161.205,0.235569,-1,-1,-1
194,7,1516.054,438.224,27.479,62.049,0.258184,-1,-1,-1
194,8,1161.230,447.387,51.429,96.496,0.657347,-1,-1,-1
194,10,800.016,428.734,134.949,370.741,0.951137,-1,-1,-1
194,12,583.365,407.865,231.602,551.085,0.946860,-1,-1,-1
194,18,944.571,446.076,125.592,311.650,0.946356,-1,-1,-1
194,19,1008.762,429.766,117.175,285.200,0.926581,-1,-1,-1
194,28,310.588,453.855,41.575,99.143,0.167501,-1,-1,-1
194,5,1696.786,436.576,89.045,183.330,0.459782,-1,-1,-1
194,30,410.127,462.342,46.107,94.551,0.537334,-1,-1,-1
194,36,549.293,452.606,33.169,81.484,0.751225,-1,-1,-1
194,39,1095.345,437.618,41.456,98.359,0.801211,-1,-1,-1
194,35,504.957,451.125,46.913,110.992,0.836330,-1,-1,-1
194,43,563.792,447.700,72.881,170.475,0.928076,-1,-1,-1
194,32,487.593,455.766,45.792,102.703,0.713121,-1,-1,-1
194,31,456.264,461.456,47.033,113.199,0.779538,-1,-1,-1
194,13,1146.472,446.426,51.255,100.150,0.850445,-1,-1,-1
195,4,1043.944,430.876,84.384,176.522,0.133327,-1,-1,-1
195,7,1515.765,438.152,27.909,62.488,0.235742,-1,-1,-1
195,8,1160.040,446.479,51.880,97.805,0.720831,-1,-1,-1
195,10,802.352,429.558,137.186,367.950,0.956139,-1,-1,-1
195,12,585.074,406.544,235.110,553.728,0.944422,-1,-1,-1
195,18,943.725,445.281,128.158,316.051,0.944024,-1,-1,-1
195,19,1013.764,429.609,115.107,291.655,0.935983,-1,-1,-1
195,28,309.772,453.529,43.315,102.992,0.166458,-1,-1,-1
195,5,1692.873,435.748,92.694,194.047,0.687162,-1,-1,-1
195,30,410.043,463.302,44.330,92.804,0.554074,-1,-1,-1
195,36,550.859,452.126,33.304,83.227,0.734761,-1,-1,-1
195,39,1096.378,437.525,40.582,98.476,0.827280,-1,-1,-1
195,35,504.566,450.059,47.346,113.396,0.859005,-1,-1,-1
195,43,563.295,447.435,73.068,170.198,0.918022,-1,-1,-1
195,32,486.556,456.087,44.294,100.688,0.635156,-1,-1,-1
195,31,454.460,462.198,47.657,108.054,0.763959,-1,-1,-1
195,13,1145.262,443.801,51.034,101.904,0.868062,-1,-1,-1
196,4,1031.406,426.606,99.954,191.158,0.104992,-1,-1,-1
196,7,1518.414,438.723,26.925,60.598,0.244092,-1,-1,-1
196,8,1162.846,446.393,47.785,99.120,0.774567,-1,-1,-1
196,10,804.496,432.535,141.371,367.626,0.963141,-1,-1,-1
196,12,590.968,405.554,228.387,557.071,0.941840,-1,-1,-1
196,18,944.352,444.577,126.608,316.884,0.947351,-1,-1,-1
196,19,1015.913,431.344,113.729,292.293,0.935911,-1,-1,-1
196,28,305.542,450.756,45.099,111.638,0.149553,-1,-1,-1
196,5,1698.749,434.310,88.138,200.230,0.709158,-1,-1,-1
196,30,410.567,463.175,43.624,91.533,0.575865,-1,-1,-1
196,36,552.900,452.661,33.104,84.401,0.675447,-1,-1,-1
196,39,1097.507,440.388,38.931,97.913,0.811484,-1,-1,-1
196,35,503.488,447.528,49.311,115.999,0.866473,-1,-1,-1
196,43,563.855,446.864,71.985,169.141,0.910878,-1,-1,-1
196,32,487.180,456.573,44.809,99.730,0.665920,-1,-1,-1
196,31,453.580,462.258,48.637,109.129,0.785398,-1,-1,-1
196,13,1145.543,442.722,51.208,103.000,0.853199,-1,-1,-1
197,7,1519.646,438.919,26.220,59.481,0.242927,-1,-1,-1
197,8,1163.642,446.144,44.748,99.490,0.788898,-1,-1,-1
197,10,807.390,432.984,143.414,369.883,0.959606,-1,-1,-1
197,12,595.450,410.025,224.951,549.938,0.942060,-1,-1,-1
197,18,947.052,448.869,127.120,309.335,0.949805,-1,-1,-1
197,19,1019.895,434.037,111.969,287.484,0.929624,-1,-1,-1
197,28,308.715,452.341,40.661,96.798,0.215470,-1,-1,-1
197,5,1700.892,436.796,86.960,197.306,0.575733,-1,-1,-1
197,30,411.878,463.026,41.988,88.858,0.503537,-1,-1,-1
197,36,552.864,451.252,34.349,83.849,0.651192,-1,-1,-1
197,39,1098.402,440.746,38.192,95.793,0.797973,-1,-1,-1
197,35,503.981,448.098,50.078,115.805,0.862341,-1,-1,-1
197,43,564.615,447.748,71.154,166.963,0.912798,-1,-1,-1
197,32,483.366,456.840,42.775,97.190,0.669752,-1,-1,-1
197,31,453.941,460.973,46.785,109.891,0.751804,-1,-1,-1
197,13,1144.190,444.758,47.243,101.103,0.858917,-1,-1,-1
198,7,1519.956,439.604,26.685,59.568,0.269710,-1,-1,-1
198,8,1170.411,447.639,40.452,97.674,0.738154,-1,-1,-1
198,10,811.455,433.671,150.755,373.553,0.961008,-1,-1,-1
198,12,605.164,414.187,219.266,544.659,0.940532,-1,-1,-1
198,18,952.322,449.670,124.913,309.294,0.955516,-1,-1,-1
198,19,1021.906,432.777,113.425,288.206,0.932200,-1,-1,-1
198,28,308.284,450.935,42.604,105.141,0.294076,-1,-1,-1
198,5,1689.655,435.027,97.416,199.774,0.725040,-1,-1,-1
198,30,412.035,463.644,39.268,86.069,0.445489,-1,-1,-1
198,36,553.353,450.736,34.220,79.487,0.606546,-1,-1,-1
198,39,1098.625,440.499,39.543,96.199,0.823306,-1,-1,-1
198,35,505.492,449.904,49.530,113.085,0.841507,-1,-1,-1
198,43,565.434,447.102,71.082,168.431,0.912045,-1,-1,-1
198,32,481.421,456.651,42.288,96.221,0.548777,-1,-1,-1
198,31,453.188,459.999,47.868,111.643,0.766494,-1,-1,-1
198,13,1144.308,445.651,44.738,100.342,0.862022,-1,-1,-1
199,7,1518.609,438.047,27.088,62.693,0.294986,-1,-1,-1
199,8,1174.617,446.375,41.412,99.191,0.741236,-1,-1,-1
199,10,813.162,432.829,160.182,377.937,0.956954,-1,-1,-1
199,12,609.983,411.931,220.013,543.566,0.953755,-1,-1,-1
199,18,960.162,449.285,117.474,309.977,0.944347,-1,-1,-1
199,19,1026.333,431.534,112.012,282.958,0.917267,-1,-1,-1
199,28,309.212,450.937,40.156,106.353,0.307715,-1,-1,-1
199,5,1683.142,435.672,103.418,197.882,0.725075,-1,-1,-1
199,30,409.769,463.186,38.571,86.847,0.472277,-1,-1,-1
199,36,553.659,450.346,33.361,76.388,0.522221,-1,-1,-1
199,39,1098.729,438.062,40.639,102.003,0.834727,-1,-1,-1
199,35,506.452,449.271,48.280,112.761,0.847818,-1,-1,-1
199,43,566.592,445.247,70.143,170.819,0.919692,-1,-1,-1
199,32,480.044,455.336,42.058,99.651,0.616283,-1,-1,-1
199,31,452.150,460.048,46.462,111.653,0.800625,-1,-1,-1
199,13,1142.280,446.179,42.132,99.831,0.862171,-1,-1,-1
199,15,961.935,449.937,44.394,128.084,0.727829,-1,-1,-1
200,7,1516.517,436.812,27.985,65.085,0.303742,-1,-1,-1
200,8,1175.137,445.963,42.571,100.062,0.813790,-1,-1,-1
200,10,814.598,433.442,163.524,378.778,0.958615,-1,-1,-1
200,12,616.242,413.804,217.274,544.678,0.944863,-1,-1,-1
200,18,965.333,451.215,115.290,307.874,0.944440,-1,-1,-1
200,19,1029.331,432.645,112.021,278.710,0.918852,-1,-1,-1
200,28,310.116,451.320,37.272,101.156,0.353940,-1,-1,-1
200,5,1689.324,433.656,98.108,201.724,0.772123,-1,-1,-1
200,30,410.065,464.744,39.929,84.165,0.595749,-1,-1,-1
200,36,553.562,451.355,33.463,75.843,0.580520,-1,-1,-1
200,39,1100.250,436.283,39.724,103.329,0.808752,-1,-1,-1
200,35,506.370,453.021,47.559,109.759,0.857668,-1,-1,-1
200,43,566.810,446.816,70.871,169.183,0.915220,-1,-1,-1
200,32,479.247,457.246,40.412,97.953,0.578235,-1,-1,-1
200,31,451.486,460.492,45.136,110.458,0.804005,-1,-1,-1
200,13,1140.916,444.345,42.778,102.047,0.856995,-1,-1,-1
200,15,963.091,447.939,41.474,100.408,0.743398,-1,-1,-1
201,7,1513.781,436.074,28.780,63.998,0.320828,-1,-1,-1
201,8,1179.301,443.746,41.338,102.706,0.800986,-1,-1,-1
201,10,817.023,432.439,166.038,381.639,0.961326,-1,-1,-1
201,12,624.698,421.709,210.208,541.012,0.936202,-1,-1,-1
201,18,970.443,446.381,114.778,313.755,0.936671,-1,-1,-1
201,19,1034.148,434.169,108.506,281.502,0.899179,-1,-1,-1
201,28,310.131,451.156,36.492,104.325,0.398292,-1,-1,-1
201,5,1685.742,437.455,100.083,200.452,0.745929,-1,-1,-1
201,30,412.765,464.156,36.760,72.154,0.512461,-1,-1,-1
201,36,551.397,453.234,32.122,70.998,0.517829,-1,-1,-1
201,39,1101.301,435.458,38.259,103.053,0.794656,-1,-1,-1
201,35,506.339,454.015,46.441,108.990,0.868018,-1,-1,-1
201,43,567.836,447.823,70.287,168.577,0.921306,-1,-1,-1
201,32,474.219,460.256,41.167,96.148,0.495006,-1,-1,-1
201,31,450.586,461.674,45.066,106.929,0.770512,-1,-1,-1
201,13,1139.615,443.527,42.183,102.729,0.852293,-1,-1,-1
201,15,963.897,446.711,41.931,105.272,0.748293,-1,-1,-1
201,6,925.760,448.651,40.961,94.482,0.664743,-1,-1,-1
201,29,1091.467,433.222,46.676,138.103,0.601073,-1,-1,-1
202,7,1514.424,436.481,28.491,64.676,0.376064,-1,-1,-1
202,8,1180.077,442.270,41.036,103.900,0.848846,-1,-1,-1
202,10,821.548,432.349,162.968,383.208,0.959700,-1,-1,-1
202,12,629.898,419.510,208.216,545.212,0.930811,-1,-1,-1
202,18,978.962,447.637,106.441,312.822,0.945835,-1,-1,-1
202,19,1036.417,436.437,109.646,285.465,0.917452,-1,-1,-1
202,28,309.156,447.871,39.859,112.872,0.270810,-1,-1,-1
202,5,1690.686,436.820,95.595,181.760,0.633786,-1,-1,-1
202,30,415.363,464.476,33.742,68.486,0.553286,-1,-1,-1
202,36,550.159,452.249,31.908,69.085,0.514339,-1,-1,-1
202,39,1101.717,434.904,38.190,103.768,0.806922,-1,-1,-1
202,35,506.312,453.463,46.154,109.579,0.851702,-1,-1,-1
202,43,568.961,449.053,71.204,167.080,0.930116,-1,-1,-1
202,32,468.768,463.241,44.196,96.674,0.474665,-1,-1,-1
202,31,449.605,464.578,44.285,99.686,0.784209,-1,-1,-1
202,13,1137.339,441.925,43.462,103.547,0.849212,-1,-1,-1
202,15,963.522,445.324,49.328,119.147,0.806768,-1,-1,-1
202,6,925.256,447.856,41.570,91.223,0.654833,-1,-1,-1
202,29,1093.035,431.078,47.624,139.348,0.521600,-1,-1,-1
203,7,1514.489,438.146,27.357,61.011,0.383257,-1,-1,-1
203,8,1180.897,440.929,42.310,104.896,0.846164,-1,-1,-1
203,10,823.560,432.093,163.615,382.941,0.961947,-1,-1,-1
203,12,632.018,420.806,210.118,559.679,0.941050,-1,-1,-1
203,18,982.708,444.847,106.239,315.240,0.940619,-1,-1,-1
203,19,1035.557,437.362,113.931,289.143,0.926405,-1,-1,-1
203,28,310.546,449.875,36.301,104.155,0.480265,-1,-1,-1
203,5,1684.837,437.256,100.246,194.005,0.734980,-1,-1,-1
203,30,418.892,465.349,30.672,61.401,0.316391,-1,-1,-1
203,36,548.682,453.519,29.968,65.437,0.535882,-1,-1,-1
203,39,1100.640,434.731,38.734,101.368,0.729882,-1,-1,-1
203,35,505.924,453.841,46.011,109.369,0.858944,-1,-1,-1
203,43,571.145,452.739,70.652,163.296,0.931846,-1,-1,-1
203,32,478.192,460.226,40.694,95.157,0.662090,-1,-1,-1
203,31,448.055,463.919,44.034,94.331,0.800627,-1,-1,-1
203,13,1137.410,441.598,43.788,103.537,0.850408,-1,-1,-1
203,15,963.178,448.158,53.155,132.223,0.682004,-1,-1,-1
203,6,927.091,446.252,37.761,84.462,0.229457,-1,-1,-1
203,29,1086.545,430.850,50.214,125.229,0.396803,-1,-1,-1
204,7,1514.661,438.586,26.783,60.276,0.290295,-1,-1,-1
204,8,1182.090,444.516,42.277,100.985,0.857725,-1,-1,-1
204,10,824.966,431.184,161.662,382.940,0.964250,-1,-1,-1
204,12,637.752,422.471,209.542,562.812,0.938445,-1,-1,-1
204,18,984.479,443.026,110.988,317.988,0.936003,-1,-1,-1
204,19,1042.239,441.336,108.133,284.936,0.897927,-1,-1,-1
204,28,311.003,450.098,35.526,100.985,0.551070,-1,-1,-1
204,5,1680.584,432.086,104.626,204.101,0.739386,-1,-1,-1
204,30,419.857,462.913,30.087,60.683,0.317569,-1,-1,-1
204,36,549.732,454.449,29.629,62.816,0.540340,-1,-1,-1
204,39,1102.672,438.030,37.376,99.856,0.722380,-1,-1,-1
204,35,507.301,453.739,43.928,109.561,0.832818,-1,-1,-1
204,43,572.453,456.054,70.635,160.000,0.927616,-1,-1,-1
204,32,478.652,459.595,41.018,99.065,0.745879,-1,-1,-1
204,31,448.949,464.593,43.300,96.494,0.798757,-1,-1,-1
204,13,1135.196,442.015,45.848,103.313,0.821804,-1,-1,-1
204,15,966.187,447.275,47.835,124.502,0.603163,-1,-1,-1
204,6,929.337,446.842,31.884,72.896,0.147492,-1,-1,-1
204,29,1082.976,434.001,49.714,113.423,0.336159,-1,-1,-1
205,7,1515.762,438.428,26.513,59.227,0.350357,-1,-1,-1
205,8,1177.118,441.631,50.756,105.477,0.746605,-1,-1,-1
205,10,826.993,432.501,160.770,383.062,0.961106,-1,-1,-1
205,12,639.281,418.240,212.216,570.065,0.937430,-1,-1,-1
205,18,987.408,441.820,110.499,319.869,0.938922,-1,-1,-1
205,19,1049.412,433.458,102.584,292.984,0.914040,-1,-1,-1
205,28,311.631,450.219,35.182,100.668,0.599886,-1,-1,-1
205,5,1678.517,430.858,106.687,206.054,0.671944,-1,-1,-1
205,30,417.201,467.415,33.281,58.623,0.399465,-1,-1,-1
205,36,550.359,455.559,29.201,62.041,0.541644,-1,-1,-1
205,39,1101.236,435.389,42.446,111.502,0.580705,-1,-1,-1
205,35,507.431,453.990,43.253,108.696,0.815038,-1,-1,-1
205,43,573.380,455.924,68.718,160.830,0.922385,-1,-1,-1
205,32,479.540,459.431,40.405,99.529,0.740719,-1,-1,-1
205,31,448.270,462.737,43.139,95.538,0.734454,-1,-1,-1
205,13,1133.296,441.167,46.691,105.178,0.748979,-1,-1,-1
205,15,966.094,444.637,50.214,135.357,0.668169,-1,-1,-1
205,29,1075.659,432.012,59.639,134.116,0.229540,-1,-1,-1
206,7,1515.647,438.826,26.142,58.402,0.299077,-1,-1,-1
206,8,1181.219,445.065,47.002,101.987,0.874549,-1,-1,-1
206,10,829.259,432.492,158.946,383.294,0.956494,-1,-1,-1
206,12,644.305,420.746,211.502,570.340,0.933082,-1,-1,-1
206,18,992.455,443.807,111.053,318.900,0.933007,-1,-1,-1
206,19,1054.831,434.059,99.498,293.365,0.923410,-1,-1,-1
206,28,311.666,451.023,36.923,104.225,0.607774,-1,-1,-1
206,5,1691.909,432.508,95.252,190.052,0.446136,-1,-1,-1
206,30,418.888,466.428,31.962,57.568,0.274204,-1,-1,-1
206,36,549.288,455.670,28.383,60.937,0.473028,-1,-1,-1
206,39,1106.202,439.988,39.540,106.992,0.281203,-1,-1,-1
206,35,506.917,451.329,45.514,110.687,0.857521,-1,-1,-1
206,43,575.983,455.266,68.076,162.101,0.915458,-1,-1,-1
206,32,477.006,457.021,42.077,102.832,0.755570,-1,-1,-1
206,31,447.103,461.209,44.401,98.632,0.769033,-1,-1,-1
206,13,1136.467,439.734,43.293,107.064,0.715896,-1,-1,-1
206,15,965.070,443.328,53.251,136.820,0.698875,-1,-1,-1
207,7,1514.434,438.987,26.915,59.499,0.321499,-1,-1,-1
207,8,1184.340,445.128,45.024,101.985,0.875716,-1,-1,-1
207,10,831.091,431.285,160.431,383.986,0.963768,-1,-1,-1
207,12,650.843,419.296,210.422,575.129,0.934129,-1,-1,-1
207,18,999.217,446.916,113.059,316.295,0.946552,-1,-1,-1
207,19,1061.591,435.563,94.510,292.794,0.918606,-1,-1,-1
207,28,307.876,450.836,44.248,111.385,0.604666,-1,-1,-1
207,5,1689.471,433.842,97.527,184.470,0.600027,-1,-1,-1
207,30,416.311,467.921,33.563,56.522,0.427876,-1,-1,-1
207,36,547.621,457.033,27.339,61.669,0.443375,-1,-1,-1
207,39,1104.838,439.572,39.699,109.271,0.295675,-1,-1,-1
207,35,506.922,453.245,45.402,108.341,0.867164,-1,-1,-1
207,43,576.747,450.898,66.475,166.785,0.918544,-1,-1,-1
207,32,477.013,458.591,41.554,100.060,0.699423,-1,-1,-1
207,31,447.654,461.123,44.196,94.761,0.746640,-1,-1,-1
207,13,1138.840,443.749,37.409,98.158,0.752271,-1,-1,-1
207,15,966.347,448.053,52.235,131.150,0.701795,-1,-1,-1
208,7,1513.916,439.849,26.939,59.944,0.324144,-1,-1,-1
208,8,1185.716,442.951,45.410,105.706,0.873416,-1,-1,-1
208,10,831.035,430.221,161.530,387.281,0.959839,-1,-1,-1
208,12,653.030,420.784,208.979,575.411,0.938146,-1,-1,-1
208,18,1002.703,446.891,118.808,316.665,0.937564,-1,-1,-1
208,19,1063.705,430.066,97.263,311.521,0.907819,-1,-1,-1
208,28,308.169,449.180,42.096,108.625,0.625969,-1,-1,-1
208,5,1688.365,433.192,99.153,193.356,0.691579,-1,-1,-1
208,30,419.646,465.709,30.691,55.233,0.272547,-1,-1,-1
208,36,547.758,456.661,27.658,62.986,0.491753,-1,-1,-1
208,35,507.289,452.153,46.035,108.731,0.876235,-1,-1,-1
208,43,576.485,451.019,68.628,166.976,0.913492,-1,-1,-1
208,32,476.406,458.944,41.369,97.913,0.705586,-1,-1,-1
208,31,439.259,463.904,51.690,102.743,0.758142,-1,-1,-1
208,13,1135.345,445.993,38.852,94.972,0.677751,-1,-1,-1
208,15,969.135,457.570,49.847,120.720,0.644482,-1,-1,-1
209,7,1514.036,440.308,26.962,59.690,0.335251,-1,-1,-1
209,8,1185.795,439.481,46.345,109.796,0.878861,-1,-1,-1
209,10,830.962,431.968,163.705,386.555,0.961655,-1,-1,-1
209,12,655.055,409.521,207.905,587.821,0.935747,-1,-1,-1
209,18,1007.708,443.482,124.648,320.881,0.931325,-1,-1,-1
209,19,1066.753,426.291,97.487,297.085,0.880838,-1,-1,-1
209,28,308.617,448.359,39.611,106.952,0.535734,-1,-1,-1
209,5,1688.912,432.048,98.452,186.555,0.557782,-1,-1,-1
209,30,420.064,466.176,30.093,56.580,0.314017,-1,-1,-1
209,36,548.276,456.721,27.455,62.620,0.457970,-1,-1,-1
209,35,507.760,452.963,46.275,107.581,0.875855,-1,-1,-1
209,43,577.225,451.999,71.748,165.675,0.913677,-1,-1,-1
209,32,475.310,459.361,42.056,96.015,0.682915,-1,-1,-1
209,31,444.652,463.323,45.450,93.871,0.704987,-1,-1,-1
209,13,1136.996,443.131,38.299,92.492,0.611520,-1,-1,-1
209,15,971.964,465.380,48.189,113.968,0.535973,-1,-1,-1
210,7,1516.008,439.888,26.238,59.518,0.328319,-1,-1,-1
210,8,1186.966,444.084,46.766,106.874,0.885662,-1,-1,-1
210,10,836.047,430.065,160.845,385.635,0.962567,-1,-1,-1
210,12,659.275,406.776,200.849,585.609,0.947611,-1,-1,-1
210,18,1012.055,445.064,140.710,319.331,0.947930,-1,-1,-1
210,19,1070.145,424.659,99.836,308.402,0.845062,-1,-1,-1
210,28,307.772,450.567,40.058,108.717,0.530168,-1,-1,-1
210,5,1680.355,429.789,107.035,171.200,0.344003,-1,-1,-1
210,30,415.663,469.063,34.236,57.889,0.392399,-1,-1,-1
210,36,550.165,456.787,27.376,62.201,0.532165,-1,-1,-1
210,35,508.427,450.517,46.042,109.703,0.863688,-1,-1,-1
210,43,580.780,455.415,68.292,162.426,0.909369,-1,-1,-1
210,32,477.201,458.345,40.730,96.370,0.637965,-1,-1,-1
210,31,441.456,468.355,49.165,95.241,0.402234,-1,-1,-1
210,13,1132.451,440.905,37.793,97.082,0.273951,-1,-1,-1
210,15,971.075,456.302,45.838,117.988,0.663930,-1,-1,-1
211,7,1516.936,439.804,25.870,59.651,0.336288,-1,-1,-1
211,8,1188.347,445.598,46.152,104.397,0.881835,-1,-1,-1
211,10,842.904,428.530,162.801,387.854,0.962406,-1,-1,-1
211,12,660.304,404.496,201.378,593.156,0.942247,-1,-1,-1
211,18,1015.086,444.448,156.177,320.670,0.952982,-1,-1,-1
211,19,1069.429,427.564,110.958,314.367,0.856159,-1,-1,-1
211,28,308.184,450.605,39.572,110.430,0.602452,-1,-1,-1
211,5,1675.867,429.390,111.393,165.416,0.459177,-1,-1,-1
211,30,414.745,468.910,36.259,62.243,0.345206,-1,-1,-1
211,36,551.550,455.053,27.373,63.409,0.518694,-1,-1,-1
211,35,508.706,448.405,46.019,112.044,0.866875,-1,-1,-1
211,43,582.127,453.199,69.588,165.281,0.913498,-1,-1,-1
211,32,478.133,456.821,40.398,98.963,0.647814,-1,-1,-1
211,31,439.689,467.627,47.942,100.884,0.660339,-1,-1,-1
211,13,1138.918,441.706,37.470,92.697,0.630174,-1,-1,-1
211,15,971.054,451.877,44.892,113.092,0.701820,-1,-1,-1
211,4,1013.884,443.279,49.217,120.598,0.657512,-1,-1,-1
212,7,1514.315,442.246,27.306,59.003,0.267726,-1,-1,-1
212,8,1190.553,442.851,43.858,107.923,0.886675,-1,-1,-1
212,10,850.154,425.229,157.806,391.713,0.965826,-1,-1,-1
212,12,665.178,402.017,197.621,592.064,0.946251,-1,-1,-1
212,18,1018.894,444.816,163.452,321.509,0.951927,-1,-1,-1
212,19,1077.490,428.903,108.487,317.258,0.872673,-1,-1,-1
212,28,305.107,449.909,43.272,115.318,0.492885,-1,-1,-1
212,5,1672.416,428.962,114.186,159.435,0.486230,-1,-1,-1
212,30,415.516,468.185,35.324,62.138,0.394698,-1,-1,-1
212,36,552.841,454.144,27.765,64.255,0.550995,-1,-1,-1
212,35,509.295,447.350,44.880,113.110,0.864807,-1,-1,-1
212,43,585.703,453.175,64.860,165.590,0.914189,-1,-1,-1
212,32,474.739,455.842,42.257,100.194,0.708324,-1,-1,-1
212,31,431.087,467.632,53.280,98.468,0.372894,-1,-1,-1
212,13,1132.561,435.683,38.036,100.984,0.179893,-1,-1,-1
212,15,968.660,448.731,44.041,113.952,0.734517,-1,-1,-1
212,4,1012.058,442.580,63.394,135.593,0.740056,-1,-1,-1
213,7,1514.327,442.356,28.552,59.547,0.316798,-1,-1,-1
213,8,1191.303,441.258,44.149,109.996,0.870186,-1,-1,-1
213,10,854.981,422.697,157.354,394.822,0.963857,-1,-1,-1
213,12,665.484,402.956,202.948,589.364,0.937476,-1,-1,-1
213,18,1020.243,447.085,166.819,323.461,0.944918,-1,-1,-1
213,19,1082.453,426.292,104.867,304.053,0.883279,-1,-1,-1
213,28,306.841,450.689,41.192,112.758,0.620844,-1,-1,-1
213,5,1668.025,427.409,118.550,157.213,0.425713,-1,-1,-1
213,30,418.375,468.099,34.221,59.038,0.315211,-1,-1,-1
213,36,553.292,453.300,27.853,64.373,0.535120,-1,-1,-1
213,35,509.189,446.538,45.168,114.087,0.866317,-1,-1,-1
213,43,588.010,453.629,64.765,164.847,0.917540,-1,-1,-1
213,32,471.876,454.408,44.825,101.184,0.747504,-1,-1,-1
213,31,426.646,466.813,57.067,100.156,0.275366,-1,-1,-1
213,13,1126.650,429.564,43.549,127.489,0.126292,-1,-1,-1
213,15,967.689,446.798,39.672,103.981,0.563306,-1,-1,-1
213,4,1013.882,442.696,61.280,132.221,0.702872,-1,-1,-1
214,7,1515.074,440.977,27.984,59.516,0.329513,-1,-1,-1
214,8,1191.013,442.660,46.306,107.688,0.869284,-1,-1,-1
214,10,868.120,424.246,148.298,390.759,0.959818,-1,-1,-1
214,12,666.360,402.223,207.875,588.701,0.939300,-1,-1,-1
214,18,1020.782,446.826,167.387,324.568,0.956366,-1,-1,-1
214,19,1084.072,430.443,108.475,295.741,0.872130,-1,-1,-1
214,28,304.006,450.491,45.538,115.610,0.602207,-1,-1,-1
214,5,1670.096,428.820,116.427,155.462,0.465253,-1,-1,-1
214,30,420.364,468.727,32.905,57.409,0.310822,-1,-1,-1
214,36,554.393,452.979,27.907,64.270,0.578575,-1,-1,-1
214,35,509.319,447.023,44.847,113.785,0.861833,-1,-1,-1
214,43,589.020,452.111,68.053,168.010,0.908608,-1,-1,-1
214,32,471.747,454.606,45.040,101.103,0.767337,-1,-1,-1
214,31,426.769,467.672,56.620,98.734,0.333028,-1,-1,-1
214,13,1123.845,433.078,44.628,121.104,0.143683,-1,-1,-1
214,15,968.179,448.572,37.567,100.638,0.482937,-1,-1,-1
214,4,1021.556,444.137,50.130,126.617,0.798520,-1,-1,-1
214,37,448.749,460.321,40.074,87.862,0.610457,-1,-1,-1
215,7,1514.423,441.670,27.921,59.025,0.304590,-1,-1,-1
215,8,1193.417,445.416,45.787,104.267,0.862496,-1,-1,-1
215,10,874.517,425.340,144.310,393.087,0.957137,-1,-1,-1
215,12,667.894,401.314,209.768,589.572,0.940579,-1,-1,-1
215,18,1020.732,443.934,167.846,327.524,0.945033,-1,-1,-1
215,19,1079.750,416.988,127.013,321.028,0.870117,-1,-1,-1
215,28,302.968,450.524,46.726,116.609,0.609870,-1,-1,-1
215,5,1679.138,430.032,107.492,154.124,0.525738,-1,-1,-1
215,30,425.534,465.786,32.689,60.386,0.180933,-1,-1,-1
215,36,553.176,453.050,27.874,63.883,0.535431,-1,-1,-1
215,35,508.809,446.282,45.646,114.195,0.867330,-1,-1,-1
215,43,590.247,453.764,71.933,168.961,0.880198,-1,-1,-1
215,32,471.215,454.725,45.173,101.598,0.780349,-1,-1,-1
215,31,436.414,465.970,48.548,95.372,0.645370,-1,-1,-1
215,13,1138.551,433.235,42.482,106.404,0.621521,-1,-1,-1
215,15,970.721,447.802,36.265,91.823,0.468293,-1,-1,-1
215,4,1024.379,440.074,55.148,132.726,0.778580,-1,-1,-1
215,46,674.310,486.593,53.514,103.964,0.694120,-1,-1,-1
216,7,1512.793,441.753,29.092,59.559,0.289578,-1,-1,-1
216,8,1194.372,445.228,47.661,106.832,0.875969,-1,-1,-1
216,10,878.547,425.769,140.726,393.866,0.958267,-1,-1,-1
216,12,669.132,399.944,211.130,592.838,0.934960,-1,-1,-1
216,18,1021.060,443.847,170.238,331.770,0.944980,-1,-1,-1
216,19,1085.520,425.089,135.214,322.224,0.900157,-1,-1,-1
216,28,306.692,452.507,41.925,111.506,0.640172,-1,-1,-1
216,5,1681.302,429.547,104.720,156.907,0.589938,-1,-1,-1
216,30,430.355,465.617,31.837,59.056,0.279271,-1,-1,-1
216,36,551.463,453.208,28.205,63.952,0.489214,-1,-1,-1
216,35,509.122,444.108,45.564,116.272,0.863095,-1,-1,-1
216,43,590.911,457.726,76.926,166.603,0.890015,-1,-1,-1
216,32,470.917,453.551,44.741,101.982,0.751992,-1,-1,-1
216,31,441.303,464.290,44.731,96.160,0.567771,-1,-1,-1
216,13,1141.304,432.638,47.367,117.678,0.338551,-1,-1,-1
216,15,970.417,446.425,35.849,87.304,0.401910,-1,-1,-1
216,4,1027.772,439.171,52.538,130.389,0.803886,-1,-1,-1
216,46,675.056,485.736,54.916,112.037,0.713022,-1,-1,-1
217,7,1513.068,442.300,28.911,59.868,0.318120,-1,-1,-1
217,8,1197.426,447.711,46.765,104.487,0.858633,-1,-1,-1
217,10,880.464,426.095,138.443,392.820,0.954750,-1,-1,-1
217,12,672.897,399.996,216.447,594.481,0.932191,-1,-1,-1
217,18,1024.530,443.169,168.945,333.251,0.935414,-1,-1,-1
217,19,1090.386,424.042,141.544,324.791,0.862135,-1,-1,-1
217,28,308.244,451.619,39.478,110.221,0.567970,-1,-1,-1
217,5,1688.757,433.541,96.530,153.887,0.570101,-1,-1,-1
217,30,432.379,461.835,35.373,65.887,0.249172,-1,-1,-1
217,36,553.753,453.756,28.188,62.352,0.477371,-1,-1,-1
217,35,509.657,444.375,45.572,115.013,0.880533,-1,-1,-1
217,43,590.256,453.512,83.528,175.882,0.912725,-1,-1,-1
217,32,472.260,452.447,43.582,102.521,0.745587,-1,-1,-1
217,31,435.724,463.391,48.483,99.018,0.715570,-1,-1,-1
217,13,1120.867,426.334,76.721,230.806,0.698318,-1,-1,-1
217,15,972.004,440.885,37.027,81.719,0.338249,-1,-1,-1
217,4,1031.627,437.292,56.299,130.120,0.803066,-1,-1,-1
217,46,676.371,486.073,56.221,120.956,0.692491,-1,-1,-1
217,47,849.958,468.681,38.620,81.784,0.669086,-1,-1,-1
218,7,1513.413,441.285,28.574,61.707,0.299434,-1,-1,-1
218,8,1202.020,450.040,42.770,100.679,0.854670,-1,-1,-1
218,10,883.104,425.537,137.207,400.566,0.956277,-1,-1,-1
218,12,670.721,404.805,220.112,588.954,0.935881,-1,-1,-1
218,18,1029.782,439.804,163.685,335.810,0.940764,-1,-1,-1
218,19,1089.839,426.820,146.991,329.539,0.783253,-1,-1,-1
218,28,309.388,451.339,38.027,107.905,0.502782,-1,-1,-1
218,5,1685.130,433.242,97.037,150.650,0.422641,-1,-1,-1
218,30,432.517,459.582,38.714,68.951,0.147502,-1,-1,-1
218,36,551.354,452.342,28.443,64.671,0.553621,-1,-1,-1
218,35,508.936,444.432,46.223,115.277,0.866168,-1,-1,-1
218,43,590.716,458.559,84.741,166.686,0.885971,-1,-1,-1
218,32,470.618,451.154,44.625,105.057,0.734879,-1,-1,-1
218,31,428.971,464.935,54.623,96.831,0.628411,-1,-1,-1
218,13,1116.937,425.646,90.698,266.384,0.647966,-1,-1,-1
218,15,985.697,444.569,34.480,71.409,0.635335,-1,-1,-1
218,4,1033.813,437.299,59.395,131.880,0.817452,-1,-1,-1
218,46,676.966,486.265,55.847,113.529,0.699258,-1,-1,-1
218,47,849.240,469.327,39.775,80.226,0.558810,-1,-1,-1
219,7,1513.849,440.641,28.004,62.006,0.311964,-1,-1,-1
219,8,1203.832,449.077,41.763,102.095,0.848996,-1,-1,-1
219,10,885.077,423.820,136.523,405.246,0.958311,-1,-1,-1
219,12,678.906,400.560,218.382,590.947,0.932590,-1,-1,-1
219,18,1035.857,440.796,161.271,334.390,0.954973,-1,-1,-1
219,19,1099.608,426.685,135.218,324.927,0.699128,-1,-1,-1
219,28,309.957,452.081,37.548,107.617,0.488636,-1,-1,-1
219,5,1684.802,433.835,96.282,148.522,0.473341,-1,-1,-1
219,30,430.505,461.732,40.120,67.846,0.221781,-1,-1,-1
219,36,550.101,452.779,28.099,65.252,0.543355,-1,-1,-1
219,35,508.199,445.349,45.777,113.469,0.875656,-1,-1,-1
219,43,592.304,458.964,81.466,166.663,0.886027,-1,-1,-1
219,32,469.306,450.494,44.601,102.535,0.654889,-1,-1,-1
219,31,424.616,464.365,56.018,86.872,0.456172,-1,-1,-1
219,13,1114.977,427.377,88.743,268.060,0.263940,-1,-1,-1
219,15,992.579,446.194,31.163,64.900,0.617530,-1,-1,-1
219,4,1034.968,437.491,59.624,140.358,0.821508,-1,-1,-1
219,46,676.708,485.550,55.974,118.046,0.646887,-1,-1,-1
219,47,848.936,471.235,39.231,79.169,0.414342,-1,-1,-1
220,7,1513.962,441.310,27.797,61.903,0.285845,-1,-1,-1
220,8,1205.621,449.897,41.558,101.698,0.849479,-1,-1,-1
220,10,887.603,423.342,136.850,409.619,0.956145,-1,-1,-1
220,12,676.055,398.185,231.723,594.294,0.950257,-1,-1,-1
220,18,1042.141,440.615,156.468,335.946,0.952994,-1,-1,-1
220,19,1108.089,431.107,111.323,311.265,0.604911,-1,-1,-1
220,28,310.061,451.912,37.294,107.294,0.553571,-1,-1,-1
220,5,1688.811,430.182,94.880,170.261,0.585866,-1,-1,-1
220,30,433.002,460.614,38.529,70.063,0.274373,-1,-1,-1
220,36,549.347,452.662,27.897,65.524,0.583861,-1,-1,-1
220,35,508.113,444.282,46.385,115.508,0.875686,-1,-1,-1
220,43,594.702,459.901,74.205,164.588,0.876474,-1,-1,-1
220,32,468.585,450.932,44.418,103.339,0.767457,-1,-1,-1
220,31,428.971,463.162,49.619,94.617,0.639944,-1,-1,-1
220,13,1117.488,434.520,85.876,219.990,0.420933,-1,-1,-1
220,15,995.558,447.600,29.566,64.899,0.611124,-1,-1,-1
220,4,1036.679,438.237,59.324,143.494,0.830134,-1,-1,-1
220,46,675.922,485.639,55.554,113.433,0.589051,-1,-1,-1
220,47,850.513,467.104,37.464,80.351,0.314441,-1,-1,-1
221,7,1513.488,441.347,28.249,62.796,0.328479,-1,-1,-1
221,8,1205.973,448.823,44.692,102.812,0.880513,-1,-1,-1
221,10,891.318,423.292,136.544,409.315,0.953011,-1,-1,-1
221,12,677.207,400.283,244.295,594.541,0.949433,-1,-1,-1
221,18,1049.325,440.245,146.926,336.371,0.946309,-1,-1,-1
221,19,1119.848,429.006,111.439,312.148,0.862133,-1,-1,-1
221,28,310.082,451.148,35.607,101.686,0.498083,-1,-1,-1
221,5,1685.403,430.293,98.680,161.454,0.459393,-1,-1,-1
221,30,432.751,461.881,34.361,62.428,0.222554,-1,-1,-1
221,36,551.344,452.878,28.130,64.252,0.580451,-1,-1,-1
221,35,508.570,446.138,44.910,113.676,0.873511,-1,-1,-1
221,43,595.345,460.257,74.701,159.313,0.861329,-1,-1,-1
221,32,469.748,452.847,43.300,102.243,0.716747,-1,-1,-1
221,31,433.041,462.592,47.327,98.998,0.631092,-1,-1,-1
221,15,995.274,448.691,30.373,67.271,0.575342,-1,-1,-1
221,4,1037.654,439.546,57.375,143.668,0.830278,-1,-1,-1
221,46,674.952,486.405,58.107,126.547,0.621564,-1,-1,-1
221,47,849.585,470.317,38.958,80.377,0.238110,-1,-1,-1
222,7,1511.936,442.001,29.093,63.776,0.306421,-1,-1,-1
222,8,1207.351,445.531,48.443,105.387,0.837478,-1,-1,-1
222,10,892.307,423.766,137.541,406.426,0.949061,-1,-1,-1
222,12,679.572,403.601,250.249,588.896,0.938444,-1,-1,-1
222,18,1056.841,438.061,142.564,337.979,0.938114,-1,-1,-1
222,19,1127.874,426.799,112.334,315.660,0.863041,-1,-1,-1
222,28,309.834,451.441,34.833,103.291,0.562739,-1,-1,-1
222,5,1697.526,429.787,85.627,153.966,0.209958,-1,-1,-1
222,30,432.967,463.093,34.177,64.559,0.257783,-1,-1,-1
222,36,548.433,452.284,27.427,64.782,0.357239,-1,-1,-1
222,35,509.294,447.250,43.717,112.633,0.882662,-1,-1,-1
222,43,596.812,460.239,72.737,162.335,0.890778,-1,-1,-1
222,32,469.482,452.651,42.889,102.636,0.732581,-1,-1,-1
222,31,432.273,461.457,46.021,98.494,0.619977,-1,-1,-1
222,15,995.162,448.103,30.856,69.995,0.487552,-1,-1,-1
222,4,1037.329,439.639,57.490,146.118,0.815338,-1,-1,-1
222,46,674.422,488.306,56.778,116.773,0.695529,-1,-1,-1
222,47,853.536,469.208,36.416,76.404,0.248731,-1,-1,-1
223,7,1511.144,439.345,28.981,65.662,0.297638,-1,-1,-1
223,8,1209.104,446.141,50.059,104.033,0.858383,-1,-1,-1
223,10,894.751,426.236,139.186,407.452,0.953344,-1,-1,-1
223,12,682.504,399.937,269.424,593.440,0.957483,-1,-1,-1
223,18,1074.341,439.106,125.740,336.296,0.920875,-1,-1,-1
223,19,1136.515,422.835,97.553,304.966,0.718371,-1,-1,-1
223,28,309.533,452.103,36.164,97.323,0.345630,-1,-1,-1
223,5,1701.847,433.677,81.334,152.973,0.386445,-1,-1,-1
223,30,427.712,461.432,36.850,72.875,0.203104,-1,-1,-1
223,36,548.738,450.631,28.137,67.111,0.638811,-1,-1,-1
223,35,508.731,445.504,44.667,114.882,0.889320,-1,-1,-1
223,43,599.195,461.454,73.722,163.271,0.899353,-1,-1,-1
223,32,467.313,449.711,46.060,107.819,0.787102,-1,-1,-1
223,31,426.872,464.075,54.697,103.862,0.664396,-1,-1,-1
223,15,994.973,448.625,31.603,79.382,0.420281,-1,-1,-1
223,4,1038.544,440.614,57.141,145.230,0.835253,-1,-1,-1
223,46,671.602,487.127,61.226,128.717,0.720599,-1,-1,-1
223,47,857.672,466.773,34.321,70.405,0.162947,-1,-1,-1
224,7,1510.667,441.676,29.101,63.807,0.311963,-1,-1,-1
224,8,1215.437,444.043,45.701,105.698,0.793877,-1,-1,-1
224,10,896.980,426.521,142.403,410.629,0.956455,-1,-1,-1
224,12,683.132,398.236,293.095,596.513,0.958088,-1,-1,-1
224,18,1089.177,437.829,117.713,338.570,0.946638,-1,-1,-1
224,19,1139.527,428.592,94.760,318.827,0.752193,-1,-1,-1
224,28,310.410,452.467,35.360,96.407,0.307523,-1,-1,-1
224,5,1701.364,433.336,83.799,153.854,0.475311,-1,-1,-1
224,30,426.539,459.659,39.534,89.432,0.244412,-1,-1,-1
224,36,549.442,450.384,28.642,67.215,0.591432,-1,-1,-1
224,35,508.202,443.672,46.772,116.717,0.894705,-1,-1,-1
224,43,599.641,459.942,75.305,169.712,0.897360,-1,-1,-1
224,32,466.956,449.646,45.370,108.453,0.735351,-1,-1,-1
224,31,426.297,464.228,55.257,106.494,0.798912,-1,-1,-1
224,4,1040.228,443.290,54.813,142.527,0.832407,-1,-1,-1
224,46,672.051,484.069,57.678,120.140,0.719369,-1,-1,-1
224,47,856.993,471.319,38.861,77.931,0.139049,-1,-1,-1
224,48,571.384,454.166,28.702,65.006,0.728694,-1,-1,-1
225,7,1510.364,439.913,29.280,64.139,0.322757,-1,-1,-1
225,8,1220.661,443.791,41.660,104.800,0.829844,-1,-1,-1
225,10,900.785,426.442,142.114,414.398,0.957384,-1,-1,-1
225,12,688.443,397.350,307.418,600.132,0.960393,-1,-1,-1
225,18,1097.183,438.193,113.290,338.829,0.944007,-1,-1,-1
225,19,1144.328,434.046,96.348,312.783,0.833476,-1,-1,-1
225,28,308.137,452.171,40.243,106.217,0.325837,-1,-1,-1
225,5,1707.283,433.522,78.407,148.289,0.122581,-1,-1,-1
225,36,553.772,450.501,29.084,66.497,0.605066,-1,-1,-1
225,35,507.330,443.961,47.889,115.795,0.900952,-1,-1,-1
225,43,600.202,459.039,74.736,174.637,0.907881,-1,-1,-1
225,32,463.893,449.489,45.806,108.140,0.789452,-1,-1,-1
225,31,422.444,463.456,58.900,109.851,0.788409,-1,-1,-1
225,4,1042.778,442.254,54.152,144.073,0.827664,-1,-1,-1
225,46,673.325,485.241,58.289,113.175,0.657091,-1,-1,-1
225,47,854.959,473.058,43.094,85.517,0.136948,-1,-1,-1
225,48,570.043,454.537,28.838,64.769,0.716901,-1,-1,-1
225,29,1099.965,438.749,37.420,104.710,0.683027,-1,-1,-1
226,7,1511.695,439.917,29.817,65.261,0.294863,-1,-1,-1
226,8,1222.103,443.518,39.556,102.198,0.759149,-1,-1,-1
226,10,900.710,427.583,146.211,417.099,0.958782,-1,-1,-1
226,12,690.731,395.345,315.725,601.703,0.959828,-1,-1,-1
226,18,1104.449,439.837,107.236,340.052,0.944352,-1,-1,-1
226,19,1149.022,432.205,95.767,309.944,0.884957,-1,-1,-1
226,28,308.780,451.832,38.321,107.470,0.564552,-1,-1,-1
226,5,1714.335,435.278,70.672,145.482,0.101774,-1,-1,-1
226,36,552.232,449.577,28.695,67.602,0.555957,-1,-1,-1
226,35,507.044,442.435,48.693,117.102,0.897122,-1,-1,-1
226,43,600.365,454.209,73.756,180.416,0.910256,-1,-1,-1
226,32,463.019,448.820,44.915,110.160,0.789339,-1,-1,-1
226,31,421.792,461.231,55.698,111.014,0.754167,-1,-1,-1
226,4,1045.004,442.132,51.255,142.211,0.799214,-1,-1,-1
226,46,672.395,480.007,62.946,139.045,0.632240,-1,-1,-1
226,47,859.204,474.056,42.628,81.544,0.141506,-1,-1,-1
226,48,572.107,454.785,29.248,66.050,0.702501,-1,-1,-1
226,29,1096.701,436.455,36.827,101.278,0.695950,-1,-1,-1
227,7,1513.738,439.899,28.173,62.911,0.284121,-1,-1,-1
227,8,1222.389,443.956,39.049,104.392,0.764589,-1,-1,-1
227,10,899.820,429.976,149.541,413.769,0.957011,-1,-1,-1
227,12,692.789,402.114,320.369,594.121,0.948209,-1,-1,-1
227,18,1111.006,442.451,106.055,338.853,0.933706,-1,-1,-1
227,19,1155.058,430.419,92.870,309.371,0.878609,-1,-1,-1
227,28,310.152,451.205,36.282,105.119,0.465256,-1,-1,-1
227,5,1711.611,430.465,75.286,150.156,0.114326,-1,-1,-1
227,36,549.124,447.133,28.251,69.970,0.364630,-1,-1,-1
227,35,506.061,441.981,48.577,117.801,0.884886,-1,-1,-1
227,43,601.507,446.252,72.103,187.240,0.907271,-1,-1,-1
227,32,462.771,448.577,44.455,109.945,0.765623,-1,-1,-1
227,31,420.247,461.051,53.882,108.579,0.618703,-1,-1,-1
227,4,1046.354,441.097,49.911,140.353,0.766258,-1,-1,-1
227,46,672.090,477.463,63.756,139.873,0.569070,-1,-1,-1
227,47,861.458,469.105,42.770,87.732,0.150035,-1,-1,-1
227,48,572.653,453.409,29.998,68.120,0.691992,-1,-1,-1
227,29,1095.773,437.169,36.970,104.935,0.643815,-1,-1,-1
228,7,1513.110,440.452,27.567,62.073,0.282117,-1,-1,-1
228,8,1220.055,444.570,42.332,108.460,0.752586,-1,-1,-1
228,10,899.075,429.007,155.590,416.137,0.944094,-1,-1,-1
228,12,694.941,402.798,335.024,594.811,0.966679,-1,-1,-1
228,18,1113.500,441.315,109.704,346.788,0.932141,-1,-1,-1
228,19,1160.501,419.438,93.995,327.635,0.847781,-1,-1,-1
228,28,311.033,452.357,35.798,102.347,0.553977,-1,-1,-1
228,5,1693.118,425.424,94.922,156.283,0.286805,-1,-1,-1
228,36,550.578,449.110,28.003,67.817,0.491558,-1,-1,-1
228,35,505.604,442.001,49.272,117.751,0.887007,-1,-1,-1
228,43,602.771,446.219,70.164,185.033,0.909813,-1,-1,-1
228,32,463.233,448.211,43.716,110.219,0.796251,-1,-1,-1
228,31,420.862,463.622,53.826,106.563,0.656768,-1,-1,-1
228,4,1046.988,440.133,51.707,141.490,0.755517,-1,-1,-1
228,46,672.450,479.298,61.930,136.422,0.715343,-1,-1,-1
228,47,863.367,454.786,42.781,103.675,0.100378,-1,-1,-1
228,48,574.496,453.621,29.051,67.972,0.683776,-1,-1,-1
228,29,1097.137,435.131,38.104,108.750,0.740537,-1,-1,-1
229,7,1514.142,440.837,26.752,60.803,0.315199,-1,-1,-1
229,8,1189.751,440.050,69.782,151.978,0.671194,-1,-1,-1
229,10,900.219,430.555,159.289,413.628,0.944742,-1,-1,-1
229,12,698.388,411.254,341.525,586.257,0.954420,-1,-1,-1
229,18,1117.091,440.164,115.738,348.357,0.933312,-1,-1,-1
229,19,1163.494,420.625,95.184,314.524,0.845266,-1,-1,-1
229,28,311.698,453.315,35.494,100.511,0.449291,-1,-1,-1
229,5,1675.101,425.252,109.715,156.995,0.361639,-1,-1,-1
229,36,549.820,449.077,27.341,67.423,0.344703,-1,-1,-1
229,35,506.144,442.449,48.619,117.678,0.881797,-1,-1,-1
229,43,603.965,442.416,69.797,189.061,0.899789,-1,-1,-1
229,32,465.185,447.577,42.844,110.425,0.808361,-1,-1,-1
229,31,419.067,461.413,59.030,109.100,0.836444,-1,-1,-1
229,4,1049.892,438.028,55.626,148.599,0.673578,-1,-1,-1
229,46,674.722,480.607,60.399,131.648,0.704163,-1,-1,-1
229,47,865.744,447.212,46.669,118.473,0.102400,-1,-1,-1
229,48,574.442,454.326,29.009,66.632,0.661371,-1,-1,-1
229,29,1097.913,437.228,36.712,105.487,0.736492,-1,-1,-1
229,50,582.302,456.759,28.678,66.060,0.643488,-1,-1,-1
230,7,1513.668,440.547,27.120,61.994,0.286445,-1,-1,-1
230,8,1189.317,424.798,66.367,151.276,0.331604,-1,-1,-1
230,10,899.377,428.983,163.892,415.535,0.951386,-1,-1,-1
230,12,701.449,408.466,342.048,589.022,0.939119,-1,-1,-1
230,18,1120.720,441.628,120.231,350.019,0.942850,-1,-1,-1
230,19,1177.612,428.705,87.901,266.385,0.871172,-1,-1,-1
230,28,312.344,451.775,36.503,103.001,0.514151,-1,-1,-1
230,5,1676.781,425.876,108.024,154.881,0.390254,-1,-1,-1
230,36,548.537,448.104,26.967,68.361,0.437538,-1,-1,-1
230,35,506.954,445.278,47.542,114.341,0.888835,-1,-1,-1
230,43,605.714,442.107,71.397,189.706,0.903983,-1,-1,-1
230,32,466.041,448.333,41.597,109.069,0.804945,-1,-1,-1
230,31,419.964,463.073,58.575,107.354,0.807484,-1,-1,-1
230,4,1052.478,439.561,56.453,146.629,0.810291,-1,-1,-1
230,46,673.891,477.776,60.804,134.717,0.680991,-1,-1,-1
230,48,573.988,454.926,29.325,65.699,0.687846,-1,-1,-1
230,29,1097.174,440.451,36.685,99.104,0.762399,-1,-1,-1
230,50,582.515,457.831,29.390,63.862,0.674925,-1,-1,-1
230,51,714.184,426.116,159.096,356.756,0.750059,-1,-1,-1
231,7,1513.291,439.206,28.677,65.862,0.343936,-1,-1,-1
231,8,1186.033,428.630,78.576,165.717,0.880237,-1,-1,-1
231,10,901.088,429.636,164.088,415.776,0.944287,-1,-1,-1
231,12,712.150,406.655,332.870,591.332,0.930670,-1,-1,-1
231,18,1124.903,441.997,128.500,346.911,0.945604,-1,-1,-1
231,28,313.579,451.580,35.156,98.628,0.385481,-1,-1,-1
231,5,1675.699,425.455,109.805,157.064,0.379164,-1,-1,-1
231,36,555.346,450.555,27.382,65.722,0.607203,-1,-1,-1
231,35,507.189,445.633,47.444,114.023,0.889891,-1,-1,-1
231,43,605.567,443.240,72.319,187.755,0.901248,-1,-1,-1
231,32,467.413,449.735,40.877,106.321,0.767915,-1,-1,-1
231,31,419.789,462.891,58.387,106.601,0.822174,-1,-1,-1
231,4,1053.649,439.280,55.333,146.854,0.832344,-1,-1,-1
231,46,673.710,480.098,59.611,128.595,0.746807,-1,-1,-1
231,48,573.752,455.338,28.858,64.411,0.697818,-1,-1,-1
231,29,1098.113,440.484,35.674,99.918,0.747812,-1,-1,-1
231,50,582.742,459.272,28.574,60.846,0.648752,-1,-1,-1
231,51,703.664,427.038,183.209,377.186,0.788458,-1,-1,-1
231,39,1119.106,442.806,36.150,101.501,0.686275,-1,-1,-1
232,7,1512.983,439.247,28.309,66.051,0.338796,-1,-1,-1
232,8,1190.078,418.987,63.380,169.435,0.278433,-1,-1,-1
232,10,902.084,428.645,164.378,415.245,0.944898,-1,-1,-1
232,12,711.907,410.013,327.847,588.573,0.879332,-1,-1,-1
232,18,1128.268,442.950,134.167,351.293,0.941331,-1,-1,-1
232,28,313.086,450.579,36.350,105.619,0.511218,-1,-1,-1
232,5,1674.918,425.717,109.356,157.018,0.510561,-1,-1,-1
232,36,557.842,450.692,28.047,65.300,0.584466,-1,-1,-1
232,35,506.768,445.765,47.385,113.816,0.892207,-1,-1,-1
232,43,607.927,446.634,70.125,183.379,0.912357,-1,-1,-1
232,32,467.350,449.786,38.971,104.188,0.689645,-1,-1,-1
232,31,418.865,465.825,59.003,104.541,0.789506,-1,-1,-1
232,4,1054.629,439.745,54.789,146.096,0.757481,-1,-1,-1
232,46,674.062,478.814,57.760,128.269,0.797902,-1,-1,-1
232,48,573.650,454.520,29.662,65.052,0.704035,-1,-1,-1
232,29,1098.262,440.770,34.383,100.765,0.751504,-1,-1,-1
232,50,583.258,456.869,30.129,62.028,0.709290,-1,-1,-1
232,51,704.778,427.433,177.318,375.957,0.788803,-1,-1,-1
232,52,1107.363,441.397,36.416,103.390,0.749877,-1,-1,-1
232,39,1119.597,444.213,33.939,100.914,0.781579,-1,-1,-1
232,19,1186.785,427.446,89.747,212.653,0.857241,-1,-1,-1
233,7,1514.217,440.070,27.583,63.794,0.344814,-1,-1,-1
233,8,1164.039,415.926,71.986,189.434,0.619885,-1,-1,-1
233,10,902.366,427.973,164.460,415.937,0.942173,-1,-1,-1
233,12,725.333,408.027,318.831,590.971,0.925665,-1,-1,-1
233,18,1129.654,444.033,149.967,354.043,0.927064,-1,-1,-1
233,28,312.316,449.510,35.334,104.509,0.567498,-1,-1,-1
233,5,1678.575,427.113,104.048,155.340,0.496602,-1,-1,-1
233,36,559.204,451.860,28.418,64.358,0.668554,-1,-1,-1
233,35,506.408,445.719,47.790,114.207,0.888296,-1,-1,-1
233,43,610.612,452.001,68.887,178.434,0.909941,-1,-1,-1
233,32,465.868,449.951,41.710,103.977,0.734232,-1,-1,-1
233,31,415.557,464.813,61.768,105.090,0.797217,-1,-1,-1
233,4,1057.646,441.114,50.137,137.392,0.682434,-1,-1,-1
233,46,674.682,480.100,55.862,120.825,0.749500,-1,-1,-1
233,48,572.575,454.268,30.873,65.328,0.724944,-1,-1,-1
233,29,1099.113,441.018,34.079,99.159,0.737433,-1,-1,-1
233,50,582.570,456.852,31.108,62.666,0.699332,-1,-1,-1
233,51,703.829,424.423,179.582,400.044,0.840045,-1,-1,-1
233,52,1108.940,442.898,36.341,102.094,0.748293,-1,-1,-1
233,39,1120.637,445.047,33.874,99.720,0.792081,-1,-1,-1
233,53,711.299,465.930,72.976,160.926,0.749645,-1,-1,-1
233,19,1190.524,428.406,95.637,217.328,0.826951,-1,-1,-1
234,7,1513.696,440.807,27.587,64.639,0.337888,-1,-1,-1
234,8,1156.119,417.941,80.361,194.902,0.711153,-1,-1,-1
234,10,904.771,427.788,162.862,414.966,0.941745,-1,-1,-1
234,12,738.509,406.428,306.724,591.669,0.939196,-1,-1,-1
234,18,1129.797,443.664,153.680,358.194,0.931257,-1,-1,-1
234,28,312.428,450.123,33.919,97.569,0.594734,-1,-1,-1
234,5,1676.878,428.462,105.528,154.024,0.461659,-1,-1,-1
234,36,557.681,452.276,28.422,65.085,0.672990,-1,-1,-1
234,35,505.990,444.944,47.426,114.980,0.887837,-1,-1,-1
234,43,611.831,453.612,70.312,174.579,0.918733,-1,-1,-1
234,32,464.285,449.774,44.085,105.514,0.724971,-1,-1,-1
234,31,414.691,463.701,59.839,106.532,0.801290,-1,-1,-1
234,4,1059.658,441.032,49.809,134.398,0.687360,-1,-1,-1
234,46,675.327,478.963,55.586,119.768,0.708804,-1,-1,-1
234,48,571.128,454.790,31.166,65.292,0.739330,-1,-1,-1
234,29,1098.814,439.968,36.431,101.286,0.727635,-1,-1,-1
234,50,582.053,457.257,31.472,62.710,0.682425,-1,-1,-1
234,51,708.438,423.078,173.651,421.175,0.854873,-1,-1,-1
234,52,1109.010,441.380,39.185,103.617,0.740765,-1,-1,-1
234,39,1120.076,444.541,36.023,99.624,0.750215,-1,-1,-1
234,53,709.786,463.943,82.665,169.016,0.766921,-1,-1,-1
234,19,1193.396,423.740,99.899,281.057,0.781588,-1,-1,-1
235,7,1513.905,439.944,27.888,64.427,0.335452,-1,-1,-1
235,8,1152.874,414.444,82.213,204.845,0.689936,-1,-1,-1
235,10,911.614,424.128,156.652,416.081,0.941943,-1,-1,-1
235,12,749.531,404.387,296.672,594.173,0.936112,-1,-1,-1
235,18,1128.705,442.209,159.768,362.382,0.936549,-1,-1,-1
235,28,312.564,451.223,34.272,99.642,0.640346,-1,-1,-1
235,5,1680.276,429.299,99.798,152.021,0.308596,-1,-1,-1
235,36,558.974,453.018,29.245,65.704,0.665223,-1,-1,-1
235,35,506.702,446.606,46.079,113.260,0.888221,-1,-1,-1
235,43,613.752,452.609,68.706,175.233,0.913373,-1,-1,-1
235,32,461.080,449.451,47.022,108.480,0.755720,-1,-1,-1
235,31,414.120,463.643,58.631,105.241,0.805001,-1,-1,-1
235,4,1060.576,440.329,61.298,144.725,0.649856,-1,-1,-1
235,46,674.382,480.479,58.009,121.030,0.735038,-1,-1,-1
235,48,569.691,455.725,31.102,63.833,0.731277,-1,-1,-1
235,29,1097.523,439.916,36.347,100.725,0.633954,-1,-1,-1
235,50,590.176,456.605,29.139,62.171,0.688520,-1,-1,-1
235,51,718.306,426.102,175.839,432.487,0.856528,-1,-1,-1
235,39,1119.125,445.515,36.976,99.455,0.789443,-1,-1,-1
235,53,707.824,459.497,86.508,175.558,0.650317,-1,-1,-1
235,19,1196.549,433.055,107.229,301.171,0.612677,-1,-1,-1
235,54,1208.690,430.494,80.246,185.356,0.874217,-1,-1,-1
236,7,1513.421,439.707,26.993,61.191,0.250864,-1,-1,-1
236,8,1158.449,414.263,78.247,201.104,0.575661,-1,-1,-1
236,10,915.456,422.950,153.945,416.939,0.941731,-1,-1,-1
236,12,755.334,402.269,296.381,597.555,0.915840,-1,-1,-1
236,18,1130.203,440.188,162.465,363.834,0.944046,-1,-1,-1
236,28,313.818,451.768,33.421,94.609,0.531823,-1,-1,-1
236,5,1681.843,427.031,100.463,155.297,0.284857,-1,-1,-1
236,36,558.860,452.250,28.822,67.413,0.657816,-1,-1,-1
236,35,506.820,443.770,46.123,116.176,0.881022,-1,-1,-1
236,43,617.657,449.254,69.094,179.740,0.905676,-1,-1,-1
236,32,460.264,447.710,46.442,111.469,0.770019,-1,-1,-1
236,31,413.884,460.645,57.662,110.527,0.813264,-1,-1,-1
236,4,1061.046,441.398,61.815,146.083,0.690477,-1,-1,-1
236,46,671.908,474.781,56.773,124.952,0.743392,-1,-1,-1
236,48,571.818,455.321,30.518,63.555,0.716999,-1,-1,-1
236,29,1098.742,440.593,36.352,100.749,0.715461,-1,-1,-1
236,50,586.738,455.130,30.003,62.987,0.682407,-1,-1,-1
236,51,730.479,431.015,170.336,432.815,0.848413,-1,-1,-1
236,39,1119.880,446.030,36.569,98.369,0.770898,-1,-1,-1
236,53,711.551,453.548,73.180,150.219,0.607465,-1,-1,-1
236,19,1196.517,423.918,115.193,320.713,0.432982,-1,-1,-1
236,54,1207.442,427.419,85.053,203.172,0.868861,-1,-1,-1
236,52,1111.214,441.776,37.258,102.694,0.721980,-1,-1,-1
237,7,1514.197,439.806,26.731,62.166,0.302275,-1,-1,-1
237,8,1160.034,415.149,81.509,202.341,0.629194,-1,-1,-1
237,10,911.835,421.512,158.903,419.236,0.925423,-1,-1,-1
237,12,769.368,405.736,280.935,594.579,0.909844,-1,-1,-1
237,18,1134.672,439.428,157.562,366.120,0.937287,-1,-1,-1
237,28,313.799,452.192,34.784,98.701,0.450436,-1,-1,-1
237,5,1683.004,425.181,100.505,156.472,0.217762,-1,-1,-1
237,36,558.386,451.595,29.022,69.169,0.663508,-1,-1,-1
237,35,506.211,442.641,47.032,117.204,0.875766,-1,-1,-1
237,43,616.866,450.558,71.295,176.019,0.900218,-1,-1,-1
237,32,459.096,446.958,45.965,111.671,0.785709,-1,-1,-1
237,31,414.161,459.956,54.941,107.981,0.794149,-1,-1,-1
237,4,1064.776,440.840,59.367,149.447,0.823367,-1,-1,-1
237,46,670.810,474.108,57.474,121.340,0.744695,-1,-1,-1
237,48,572.209,454.416,30.279,64.263,0.729934,-1,-1,-1
237,29,1100.375,441.050,34.226,102.041,0.697980,-1,-1,-1
237,50,583.464,455.314,29.840,63.002,0.694558,-1,-1,-1
237,51,721.664,432.296,186.633,436.035,0.862558,-1,-1,-1
237,39,1118.643,443.964,35.983,101.208,0.826318,-1,-1,-1
237,53,714.129,457.987,64.591,125.973,0.506365,-1,-1,-1
237,19,1200.560,424.628,113.451,322.773,0.668804,-1,-1,-1
237,54,1212.721,425.720,85.170,195.214,0.859811,-1,-1,-1
238,7,1515.258,439.641,25.911,59.817,0.262780,-1,-1,-1
238,8,1170.737,415.424,69.639,182.267,0.682259,-1,-1,-1
238,10,907.296,420.475,164.317,421.823,0.927595,-1,-1,-1
238,12,764.524,409.948,283.721,589.537,0.907831,-1,-1,-1
238,18,1137.879,441.062,162.466,365.448,0.933521,-1,-1,-1
238,28,312.981,452.805,34.494,99.923,0.542365,-1,-1,-1
238,5,1679.184,424.771,107.094,157.103,0.270397,-1,-1,-1
238,36,558.200,451.844,31.421,67.807,0.671229,-1,-1,-1
238,35,505.980,442.565,47.801,117.892,0.865288,-1,-1,-1
238,43,620.567,453.517,70.118,175.521,0.883670,-1,-1,-1
238,32,459.089,446.733,46.741,112.352,0.795489,-1,-1,-1
238,31,418.173,459.755,50.016,107.155,0.799912,-1,-1,-1
238,4,1067.840,440.632,58.205,151.092,0.848787,-1,-1,-1
238,46,670.587,469.406,58.593,122.350,0.758723,-1,-1,-1
238,48,570.063,453.709,31.414,64.558,0.741254,-1,-1,-1
238,29,1101.354,442.191,32.795,100.727,0.662173,-1,-1,-1
238,50,581.688,455.252,30.579,62.902,0.691494,-1,-1,-1
238,51,709.958,431.050,209.762,437.056,0.784622,-1,-1,-1
238,39,1119.157,444.425,35.444,100.724,0.816746,-1,-1,-1
238,53,716.998,460.903,61.046,115.571,0.474807,-1,-1,-1
238,19,1201.288,428.329,118.371,331.668,0.700479,-1,-1,-1
238,54,1211.743,427.285,89.936,199.462,0.798685,-1,-1,-1
239,7,1514.725,439.583,25.684,57.900,0.246641,-1,-1,-1
239,8,1179.904,422.445,55.461,168.279,0.208651,-1,-1,-1
239,10,904.393,421.379,168.312,420.250,0.917584,-1,-1,-1
239,12,777.702,408.625,273.280,590.043,0.917437,-1,-1,-1
239,18,1144.195,438.542,151.087,370.512,0.944543,-1,-1,-1
239,28,312.426,453.816,35.064,99.750,0.439207,-1,-1,-1
239,5,1681.172,426.183,105.151,158.246,0.277972,-1,-1,-1
239,36,558.247,452.307,30.582,66.480,0.624745,-1,-1,-1
239,35,505.667,442.609,48.335,117.907,0.863217,-1,-1,-1
239,43,622.332,452.917,74.399,178.396,0.892551,-1,-1,-1
239,32,458.992,447.528,48.530,110.945,0.764610,-1,-1,-1
239,31,417.781,460.094,49.634,105.510,0.776641,-1,-1,-1
239,4,1069.307,440.424,56.226,149.548,0.768204,-1,-1,-1
239,46,670.594,466.137,57.715,123.564,0.772820,-1,-1,-1
239,48,572.598,454.761,30.383,63.498,0.720417,-1,-1,-1
239,29,1099.007,441.703,32.414,100.405,0.624872,-1,-1,-1
239,50,581.267,456.736,30.529,62.186,0.718211,-1,-1,-1
239,51,706.992,432.054,207.108,441.446,0.887406,-1,-1,-1
239,39,1119.727,444.569,34.661,100.189,0.820486,-1,-1,-1
239,53,717.863,471.116,60.627,109.912,0.651782,-1,-1,-1
239,19,1209.747,427.322,109.891,340.219,0.869983,-1,-1,-1
239,54,1217.132,434.807,87.504,206.914,0.225626,-1,-1,-1
240,7,1514.457,439.651,25.936,57.798,0.281913,-1,-1,-1
240,8,1183.179,418.985,53.079,188.460,0.140770,-1,-1,-1
240,10,907.241,421.113,169.077,423.267,0.902679,-1,-1,-1
240,12,793.632,408.533,261.626,592.216,0.945667,-1,-1,-1
240,18,1156.047,436.873,137.258,374.669,0.941099,-1,-1,-1
240,28,312.282,452.917,35.510,101.513,0.441169,-1,-1,-1
240,5,1679.918,427.376,104.270,154.450,0.355734,-1,-1,-1
240,36,557.352,452.677,29.851,66.035,0.589422,-1,-1,-1
240,35,505.289,442.010,48.390,118.961,0.861258,-1,-1,-1
240,43,622.995,453.133,76.278,178.564,0.896546,-1,-1,-1
240,32,459.026,448.743,47.852,109.213,0.762585,-1,-1,-1
240,31,419.871,460.527,47.024,101.493,0.704162,-1,-1,-1
240,4,1068.659,440.197,57.626,148.406,0.807841,-1,-1,-1
240,46,670.628,464.488,54.670,125.115,0.803502,-1,-1,-1
240,48,570.921,454.422,31.100,64.362,0.723548,-1,-1,-1
240,29,1094.487,441.241,38.265,106.219,0.658484,-1,-1,-1
240,50,579.105,457.876,31.359,61.543,0.690853,-1,-1,-1
240,51,704.350,434.456,207.638,438.914,0.901091,-1,-1,-1
240,53,718.101,476.135,63.215,107.307,0.764724,-1,-1,-1
240,19,1213.595,427.119,109.579,330.164,0.875766,-1,-1,-1
240,54,1224.406,431.504,84.832,230.308,0.142771,-1,-1,-1
240,52,1115.645,442.369,35.818,102.466,0.761077,-1,-1,-1
241,7,1516.966,440.671,25.843,57.738,0.283007,-1,-1,-1
241,10,912.250,418.873,166.427,424.842,0.916984,-1,-1,-1
241,12,802.109,410.852,253.200,591.302,0.934852,-1,-1,-1
241,18,1164.076,434.625,129.608,374.277,0.944221,-1,-1,-1
241,28,314.629,453.992,36.659,97.560,0.440120,-1,-1,-1
241,5,1691.868,425.408,92.788,157.995,0.246734,-1,-1,-1
241,36,556.869,453.947,28.943,64.536,0.562396,-1,-1,-1
241,35,506.187,442.061,47.497,118.896,0.862073,-1,-1,-1
241,43,623.164,454.027,77.193,176.857,0.902778,-1,-1,-1
241,32,455.114,450.286,47.377,104.181,0.760796,-1,-1,-1
241,31,421.669,460.518,45.618,104.775,0.758829,-1,-1,-1
241,4,1074.967,437.857,53.741,126.228,0.790118,-1,-1,-1
241,46,673.429,472.052,53.610,119.672,0.807745,-1,-1,-1
241,48,571.966,455.686,30.226,62.781,0.674963,-1,-1,-1
241,29,1094.478,438.520,38.547,106.695,0.677181,-1,-1,-1
241,50,579.606,460.019,30.080,59.670,0.664572,-1,-1,-1
241,51,706.617,437.387,204.783,436.327,0.901936,-1,-1,-1
241,53,717.774,475.760,64.689,117.973,0.757544,-1,-1,-1
241,19,1219.659,424.902,104.195,326.106,0.881026,-1,-1,-1
241,54,1235.971,422.972,76.573,228.868,0.300252,-1,-1,-1
241,52,1115.962,439.163,36.571,105.196,0.778112,-1,-1,-1
242,7,1514.988,439.277,26.792,60.950,0.301272,-1,-1,-1
242,10,914.394,417.953,164.494,427.500,0.912851,-1,-1,-1
242,12,811.917,408.586,244.649,593.742,0.915347,-1,-1,-1
242,18,1174.174,431.494,126.191,376.918,0.938648,-1,-1,-1
242,28,311.773,450.731,37.795,107.395,0.673342,-1,-1,-1
242,5,1686.986,428.397,91.122,155.019,0.240038,-1,-1,-1
242,36,557.440,454.562,28.704,63.908,0.602659,-1,-1,-1
242,35,506.115,444.302,46.388,116.848,0.868765,-1,-1,-1
242,43,622.826,456.291,78.841,175.227,0.906402,-1,-1,-1
242,32,455.487,450.994,51.422,106.140,0.785749,-1,-1,-1
242,31,419.301,461.303,46.495,104.643,0.760069,-1,-1,-1
242,4,1074.562,441.103,53.388,135.188,0.819680,-1,-1,-1
242,46,674.328,475.359,52.249,117.482,0.743664,-1,-1,-1
242,48,571.622,457.061,30.781,61.552,0.714495,-1,-1,-1
242,29,1098.505,439.525,36.651,108.715,0.532395,-1,-1,-1
242,50,579.966,460.805,30.426,59.643,0.699479,-1,-1,-1
242,51,730.866,433.532,192.857,443.878,0.890920,-1,-1,-1
242,53,718.142,478.444,65.274,122.446,0.594133,-1,-1,-1
242,19,1225.824,427.248,99.148,328.358,0.821121,-1,-1,-1
242,54,1245.470,418.649,69.297,220.783,0.221556,-1,-1,-1
242,52,1116.536,440.749,36.348,103.742,0.794190,-1,-1,-1
243,7,1514.303,437.944,26.845,60.409,0.276936,-1,-1,-1
243,10,918.438,416.627,163.871,429.546,0.909670,-1,-1,-1
243,12,819.328,406.745,237.577,597.206,0.934515,-1,-1,-1
243,18,1182.339,430.007,123.690,378.201,0.949101,-1,-1,-1
243,28,310.632,448.714,37.566,111.021,0.646373,-1,-1,-1
243,5,1684.232,426.895,97.291,157.905,0.340202,-1,-1,-1
243,36,558.913,454.445,29.414,64.183,0.545112,-1,-1,-1
243,35,506.419,444.604,46.518,116.527,0.864222,-1,-1,-1
243,43,624.246,458.522,79.849,173.973,0.911353,-1,-1,-1
243,32,456.845,450.969,51.197,106.938,0.777389,-1,-1,-1
243,31,420.413,460.876,44.547,106.331,0.725184,-1,-1,-1
243,4,1079.411,442.209,48.628,120.263,0.806493,-1,-1,-1
243,46,675.913,478.539,51.954,115.149,0.695949,-1,-1,-1
243,48,571.515,457.577,31.641,60.777,0.742599,-1,-1,-1
243,29,1099.297,438.062,34.772,108.686,0.346572,-1,-1,-1
243,50,578.779,461.003,31.325,60.500,0.707066,-1,-1,-1
243,51,744.494,432.271,181.748,445.338,0.902967,-1,-1,-1
243,53,715.106,475.285,70.312,158.011,0.781953,-1,-1,-1
243,19,1231.598,428.385,98.226,327.866,0.806972,-1,-1,-1
243,54,1247.439,421.479,73.923,214.361,0.130935,-1,-1,-1
243,52,1114.407,443.084,35.043,107.836,0.228252,-1,-1,-1
243,39,1121.478,447.202,32.986,97.691,0.813225,-1,-1,-1
244,7,1514.854,437.694,27.143,60.401,0.292586,-1,-1,-1
244,10,926.425,414.060,157.486,434.123,0.893629,-1,-1,-1
244,12,830.760,405.301,229.674,598.265,0.934668,-1,-1,-1
244,18,1191.863,430.672,116.987,377.922,0.940208,-1,-1,-1
244,28,310.884,448.128,36.114,109.590,0.587467,-1,-1,-1
244,5,1683.343,429.144,100.914,155.120,0.360956,-1,-1,-1
244,36,556.473,453.879,29.138,63.458,0.544275,-1,-1,-1
244,35,506.035,443.501,46.602,117.265,0.867080,-1,-1,-1
244,43,625.465,459.741,78.666,173.477,0.911152,-1,-1,-1
244,32,455.540,452.328,53.144,107.040,0.787310,-1,-1,-1
244,31,414.295,460.233,47.558,108.910,0.753148,-1,-1,-1
244,4,1075.632,444.622,51.645,134.646,0.604543,-1,-1,-1
244,46,675.914,480.992,49.873,112.894,0.717658,-1,-1,-1
244,48,572.203,456.237,31.879,60.872,0.674687,-1,-1,-1
244,29,1088.112,440.644,42.243,110.163,0.781345,-1,-1,-1
244,50,578.668,460.648,31.842,59.841,0.667577,-1,-1,-1
244,51,736.978,431.881,182.997,441.809,0.918134,-1,-1,-1
244,53,719.548,474.614,62.172,136.472,0.771291,-1,-1,-1
244,19,1237.247,426.908,94.481,324.976,0.799324,-1,-1,-1
244,54,1254.774,417.644,70.576,215.356,0.313324,-1,-1,-1
244,52,1112.965,444.509,34.989,109.131,0.179533,-1,-1,-1
244,39,1120.840,447.256,33.743,98.010,0.791235,-1,-1,-1
244,37,444.509,454.009,43.071,98.542,0.662742,-1,-1,-1
244,30,436.189,458.517,40.724,97.587,0.601443,-1,-1,-1
245,7,1515.046,437.034,27.314,61.411,0.309031,-1,-1,-1
245,10,930.410,403.382,158.720,445.313,0.811577,-1,-1,-1
245,12,843.594,401.908,227.779,604.373,0.913435,-1,-1,-1
245,18,1196.446,430.713,124.575,378.285,0.937169,-1,-1,-1
245,28,311.271,447.958,34.854,106.728,0.593102,-1,-1,-1
245,5,1679.901,427.277,106.117,157.813,0.427641,-1,-1,-1
245,36,553.513,452.136,29.851,64.526,0.534735,-1,-1,-1
245,35,505.921,444.247,46.676,116.288,0.852603,-1,-1,-1
245,43,626.146,460.005,78.800,172.687,0.900178,-1,-1,-1
245,32,458.150,450.649,51.322,106.591,0.749272,-1,-1,-1
245,31,412.774,459.460,52.012,111.854,0.729407,-1,-1,-1
245,4,1077.723,443.326,50.483,121.358,0.770605,-1,-1,-1
245,46,677.515,482.811,50.019,112.376,0.699489,-1,-1,-1
245,48,571.927,454.260,31.806,61.913,0.659635,-1,-1,-1
245,29,1091.677,439.175,37.963,110.759,0.269267,-1,-1,-1
245,50,580.890,459.073,31.398,60.071,0.627891,-1,-1,-1
245,51,735.797,431.464,186.119,442.883,0.923224,-1,-1,-1
245,53,727.650,479.013,49.384,108.193,0.617638,-1,-1,-1
245,19,1237.985,423.835,95.036,329.073,0.755907,-1,-1,-1
245,54,1257.932,410.096,71.211,223.953,0.139877,-1,-1,-1
245,52,1111.226,447.631,35.036,109.123,0.200856,-1,-1,-1
245,39,1121.818,449.053,33.119,96.281,0.777940,-1,-1,-1
245,37,444.854,452.570,42.952,98.086,0.530343,-1,-1,-1
245,30,433.681,456.953,40.132,97.477,0.501988,-1,-1,-1
246,7,1514.874,437.780,27.280,60.976,0.329955,-1,-1,-1
246,10,938.012,409.698,156.494,434.017,0.824796,-1,-1,-1
246,12,852.803,403.955,225.322,610.417,0.939103,-1,-1,-1
246,18,1203.383,432.745,121.832,375.469,0.936479,-1,-1,-1
246,28,310.455,447.632,35.580,108.021,0.610314,-1,-1,-1
246,5,1676.236,427.831,108.314,156.203,0.371263,-1,-1,-1
246,36,555.173,451.428,29.539,64.869,0.408683,-1,-1,-1
246,35,505.840,442.876,47.262,117.941,0.861889,-1,-1,-1
246,43,626.000,460.614,82.460,172.675,0.893992,-1,-1,-1
246,32,460.258,449.480,49.605,111.338,0.761720,-1,-1,-1
246,31,412.466,457.947,54.187,114.273,0.793703,-1,-1,-1
246,4,1072.970,447.681,54.762,135.092,0.687189,-1,-1,-1
246,46,680.650,481.881,48.924,113.339,0.649029,-1,-1,-1
246,48,573.293,453.047,31.521,63.069,0.631713,-1,-1,-1
246,29,1082.667,441.315,46.302,112.485,0.785776,-1,-1,-1
246,50,582.758,457.808,30.442,60.905,0.602840,-1,-1,-1
246,51,739.805,431.221,184.847,443.572,0.926354,-1,-1,-1
246,53,728.137,478.983,49.159,114.314,0.557664,-1,-1,-1
246,19,1255.568,425.034,84.013,273.155,0.820542,-1,-1,-1
246,54,1270.612,408.856,58.699,189.352,0.317429,-1,-1,-1
246,52,1107.551,446.352,36.335,113.997,0.166438,-1,-1,-1
246,39,1120.783,449.980,33.535,95.083,0.760714,-1,-1,-1
246,37,445.921,451.024,46.030,101.374,0.445010,-1,-1,-1
246,30,439.249,451.928,35.859,93.803,0.371588,-1,-1,-1
247,7,1515.931,438.788,27.582,61.633,0.328396,-1,-1,-1
247,10,942.455,419.511,157.129,420.320,0.737645,-1,-1,-1
247,12,862.384,406.475,220.389,619.616,0.909935,-1,-1,-1
247,18,1205.816,435.577,128.062,369.466,0.944691,-1,-1,-1
247,28,310.684,452.511,34.501,99.117,0.577911,-1,-1,-1
247,5,1675.926,426.937,109.437,163.558,0.451112,-1,-1,-1
247,36,553.419,451.371,29.646,63.954,0.504201,-1,-1,-1
247,35,503.401,445.525,48.799,113.789,0.873472,-1,-1,-1
247,43,626.125,454.598,90.733,181.531,0.902366,-1,-1,-1
247,32,459.324,449.525,48.221,110.783,0.806062,-1,-1,-1
247,31,409.559,457.415,58.432,114.835,0.813928,-1,-1,-1
247,4,1069.438,448.024,57.625,142.518,0.544952,-1,-1,-1
247,46,683.136,467.489,48.280,127.750,0.634353,-1,-1,-1
247,48,573.836,452.855,30.963,63.032,0.628157,-1,-1,-1
247,29,1078.987,441.178,48.692,115.896,0.786957,-1,-1,-1
247,50,583.866,455.674,30.046,62.551,0.577756,-1,-1,-1
247,51,735.357,431.536,190.374,445.392,0.933533,-1,-1,-1
247,53,725.136,475.156,51.855,116.152,0.632232,-1,-1,-1
247,19,1262.161,422.398,82.460,275.766,0.721251,-1,-1,-1
247,54,1274.087,408.306,60.488,199.055,0.187157,-1,-1,-1
247,52,1110.231,444.840,35.446,114.055,0.221356,-1,-1,-1
247,39,1120.241,449.370,33.930,95.955,0.743674,-1,-1,-1
247,37,445.098,449.980,40.368,97.742,0.316005,-1,-1,-1
247,30,438.754,451.134,35.779,85.294,0.255722,-1,-1,-1
248,7,1515.722,438.534,27.687,59.945,0.332320,-1,-1,-1
248,10,946.408,419.203,161.684,417.050,0.639846,-1,-1,-1
248,12,868.119,408.454,225.657,625.056,0.937079,-1,-1,-1
248,18,1209.158,434.248,138.669,371.009,0.951376,-1,-1,-1
248,28,311.524,454.213,32.601,88.205,0.519421,-1,-1,-1
248,5,1679.959,426.971,106.127,190.868,0.457103,-1,-1,-1
248,36,551.621,449.330,29.255,65.903,0.601833,-1,-1,-1
248,35,502.613,447.210,49.507,111.802,0.872681,-1,-1,-1
248,43,628.528,451.191,88.807,186.126,0.899157,-1,-1,-1
248,32,459.344,450.251,47.629,108.502,0.799389,-1,-1,-1
248,31,407.601,458.008,58.961,115.618,0.836224,-1,-1,-1
248,4,1070.692,448.080,58.646,144.710,0.707674,-1,-1,-1
248,46,686.284,466.551,45.558,127.743,0.704574,-1,-1,-1
248,48,573.640,452.094,31.114,63.956,0.652216,-1,-1,-1
248,29,1079.022,439.688,51.660,117.758,0.798398,-1,-1,-1
248,50,583.054,454.396,30.352,63.875,0.629604,-1,-1,-1
248,51,734.371,429.358,196.837,447.906,0.938172,-1,-1,-1
248,53,724.608,472.389,52.106,121.157,0.580521,-1,-1,-1
248,19,1262.978,420.012,86.387,293.611,0.702718,-1,-1,-1
248,54,1276.863,405.661,62.600,197.491,0.200756,-1,-1,-1
248,52,1100.162,443.501,44.280,107.562,0.645616,-1,-1,-1
248,39,1119.676,448.118,35.394,97.173,0.700669,-1,-1,-1
248,37,447.210,450.592,36.643,93.796,0.353955,-1,-1,-1
248,30,441.292,451.055,33.914,80.908,0.277684,-1,-1,-1
249,7,1515.579,437.472,27.949,61.181,0.370987,-1,-1,-1
249,10,938.578,411.073,179.011,433.901,0.539783,-1,-1,-1
249,12,873.298,408.014,238.297,630.111,0.936457,-1,-1,-1
249,18,1211.442,431.700,156.212,376.055,0.946586,-1,-1,-1
249,28,312.311,451.953,32.016,89.442,0.533334,-1,-1,-1
249,5,1674.064,427.287,112.608,173.974,0.539004,-1,-1,-1
249,36,552.148,449.859,29.091,65.656,0.544619,-1,-1,-1
249,35,503.084,446.251,49.747,112.493,0.861580,-1,-1,-1
249,43,633.088,448.617,83.712,187.066,0.900750,-1,-1,-1
249,32,459.665,449.705,47.254,108.522,0.780002,-1,-1,-1
249,31,407.321,460.813,58.515,113.318,0.820581,-1,-1,-1
249,4,1068.388,451.580,58.463,141.255,0.598376,-1,-1,-1
249,46,692.261,462.973,46.134,119.548,0.635730,-1,-1,-1
249,48,573.461,451.939,30.904,65.190,0.632765,-1,-1,-1
249,29,1084.892,439.251,49.215,113.895,0.810859,-1,-1,-1
249,50,582.203,454.236,31.192,65.090,0.571258,-1,-1,-1
249,51,738.781,428.156,196.790,449.029,0.932202,-1,-1,-1
249,53,726.504,474.341,53.850,120.340,0.561347,-1,-1,-1
249,19,1271.437,425.809,92.341,300.066,0.737532,-1,-1,-1
249,54,1276.652,405.758,59.512,176.869,0.330074,-1,-1,-1
249,52,1101.499,442.224,44.459,105.297,0.748485,-1,-1,-1
249,39,1121.438,448.505,35.045,94.637,0.748973,-1,-1,-1
249,37,446.052,450.310,34.753,92.855,0.320799,-1,-1,-1
249,30,447.221,442.119,31.485,81.074,0.104136,-1,-1,-1
250,7,1514.657,437.645,29.108,63.193,0.328747,-1,-1,-1
250,10,946.249,419.298,174.535,423.104,0.811507,-1,-1,-1
250,12,882.341,412.198,230.700,629.706,0.928236,-1,-1,-1
250,18,1212.703,429.319,179.462,381.320,0.946483,-1,-1,-1
250,28,312.443,449.745,33.593,96.732,0.395914,-1,-1,-1
250,5,1672.534,427.834,113.380,189.222,0.582511,-1,-1,-1
250,36,553.346,450.697,29.864,64.745,0.529842,-1,-1,-1
250,35,503.646,443.641,49.993,115.978,0.876828,-1,-1,-1
250,43,635.480,449.168,85.898,183.367,0.917731,-1,-1,-1
250,32,460.624,448.228,46.448,108.962,0.798460,-1,-1,-1
250,31,407.129,460.469,58.882,113.994,0.847335,-1,-1,-1
250,4,1076.012,442.015,58.642,149.954,0.791027,-1,-1,-1
250,46,694.345,465.614,46.166,114.756,0.621416,-1,-1,-1
250,48,575.224,453.359,30.134,64.085,0.664501,-1,-1,-1
250,29,1089.200,437.700,51.577,112.283,0.803281,-1,-1,-1
250,50,584.012,454.605,32.966,64.275,0.637510,-1,-1,-1
250,51,743.407,425.945,191.668,454.741,0.930207,-1,-1,-1
250,53,725.740,473.978,54.290,119.086,0.774373,-1,-1,-1
250,19,1270.242,428.272,113.200,322.136,0.746355,-1,-1,-1
250,54,1283.394,403.642,62.520,156.846,0.171658,-1,-1,-1
250,39,1121.378,445.845,35.481,98.530,0.682933,-1,-1,-1
250,37,451.759,449.998,36.487,96.468,0.326602,-1,-1,-1
250,30,444.009,448.699,34.258,73.303,0.142293,-1,-1,-1
250,56,688.958,479.718,44.200,115.820,0.700981,-1,-1,-1
251,7,1514.459,440.496,29.290,61.556,0.282607,-1,-1,-1
251,10,950.485,421.980,176.001,421.603,0.836723,-1,-1,-1
251,12,895.498,409.155,215.481,629.009,0.922328,-1,-1,-1
251,18,1214.805,426.654,194.893,384.543,0.955993,-1,-1,-1
251,28,311.465,452.461,34.940,98.671,0.474315,-1,-1,-1
251,5,1673.915,429.067,112.284,194.543,0.676476,-1,-1,-1
251,36,552.240,450.668,29.497,65.487,0.488770,-1,-1,-1
251,35,504.826,444.603,47.973,115.767,0.855803,-1,-1,-1
251,43,641.536,449.179,81.287,182.611,0.911561,-1,-1,-1
251,32,461.496,447.213,45.974,108.868,0.791566,-1,-1,-1
251,31,407.672,460.334,57.465,113.252,0.827932,-1,-1,-1
251,4,1073.506,443.479,63.658,149.780,0.687515,-1,-1,-1
251,46,699.325,472.767,44.358,108.896,0.574702,-1,-1,-1
251,48,576.090,454.830,29.294,62.596,0.683522,-1,-1,-1
251,29,1090.587,436.948,54.215,120.431,0.821546,-1,-1,-1
251,50,590.132,455.828,31.484,61.743,0.641499,-1,-1,-1
251,51,746.524,425.517,188.163,456.411,0.932200,-1,-1,-1
251,53,722.316,484.923,55.197,106.568,0.618458,-1,-1,-1
251,19,1269.195,426.286,123.088,329.614,0.621881,-1,-1,-1
251,39,1123.425,447.386,36.572,97.605,0.670129,-1,-1,-1
251,30,441.611,450.994,35.007,73.374,0.135050,-1,-1,-1
251,56,688.994,480.579,43.964,113.945,0.630929,-1,-1,-1
252,7,1513.606,439.419,28.994,62.900,0.248256,-1,-1,-1
252,10,951.256,423.758,182.852,429.550,0.675626,-1,-1,-1
252,12,906.788,403.876,214.830,631.513,0.936612,-1,-1,-1
252,18,1215.556,429.525,205.822,384.759,0.958507,-1,-1,-1
252,28,310.413,451.599,37.116,101.369,0.320914,-1,-1,-1
252,5,1673.808,430.515,111.674,187.750,0.625589,-1,-1,-1
252,36,553.307,450.611,29.252,65.520,0.573426,-1,-1,-1
252,35,505.363,443.194,48.270,117.642,0.870637,-1,-1,-1
252,43,645.162,448.578,78.776,184.294,0.919634,-1,-1,-1
252,32,461.375,447.071,46.544,109.832,0.776339,-1,-1,-1
252,31,408.080,460.530,55.991,109.675,0.814842,-1,-1,-1
252,4,1068.643,457.253,60.052,139.999,0.687718,-1,-1,-1
252,46,704.098,455.843,37.548,86.542,0.624439,-1,-1,-1
252,48,576.046,454.651,28.461,62.460,0.694981,-1,-1,-1
252,29,1092.932,436.439,52.577,119.053,0.829209,-1,-1,-1
252,50,585.754,455.261,31.701,62.644,0.657456,-1,-1,-1
252,51,749.229,424.496,189.926,457.863,0.931243,-1,-1,-1
252,53,726.189,479.402,52.873,111.961,0.776412,-1,-1,-1
252,19,1272.384,425.394,123.673,298.205,0.484534,-1,-1,-1
252,39,1124.048,447.148,36.097,98.809,0.730260,-1,-1,-1
252,30,438.454,451.982,36.613,74.024,0.100393,-1,-1,-1
252,56,691.868,466.164,43.299,125.662,0.671117,-1,-1,-1
253,7,1512.923,439.581,29.049,62.995,0.237717,-1,-1,-1
253,10,952.931,427.005,181.849,438.433,0.145224,-1,-1,-1
253,12,918.219,406.832,213.318,629.615,0.938966,-1,-1,-1
253,18,1215.546,430.879,214.051,384.000,0.966588,-1,-1,-1
253,28,308.588,451.171,40.453,106.904,0.293927,-1,-1,-1
253,5,1675.059,428.908,111.332,197.665,0.678285,-1,-1,-1
253,36,554.372,450.761,28.920,64.766,0.558968,-1,-1,-1
253,35,504.898,441.919,49.930,119.060,0.883974,-1,-1,-1
253,43,649.715,447.100,76.195,184.562,0.918631,-1,-1,-1
253,32,460.755,446.621,47.448,110.257,0.800535,-1,-1,-1
253,31,407.051,462.059,55.920,107.895,0.786151,-1,-1,-1
253,4,1064.063,460.033,63.559,137.126,0.653428,-1,-1,-1
253,46,704.173,448.041,37.261,81.901,0.621308,-1,-1,-1
253,48,575.016,454.174,29.139,63.242,0.733890,-1,-1,-1
253,29,1094.008,436.028,53.483,118.701,0.847166,-1,-1,-1
253,50,596.526,453.333,30.717,63.362,0.646873,-1,-1,-1
253,51,751.514,425.886,187.961,458.295,0.934313,-1,-1,-1
253,53,725.617,475.215,55.724,118.230,0.827561,-1,-1,-1
253,19,1279.906,425.026,141.603,322.664,0.265299,-1,-1,-1
253,39,1124.262,443.527,37.079,102.455,0.664404,-1,-1,-1
253,56,693.365,458.947,44.209,130.801,0.648957,-1,-1,-1
253,57,764.385,446.027,36.484,79.696,0.726811,-1,-1,-1
253,59,1829.381,435.239,90.684,344.910,0.881466,-1,-1,-1
254,7,1513.610,439.485,29.130,63.786,0.281887,-1,-1,-1
254,10,952.215,427.221,184.965,447.114,0.323751,-1,-1,-1
254,12,923.147,403.679,208.469,631.674,0.935067,-1,-1,-1
254,18,1213.993,431.892,220.143,384.380,0.969656,-1,-1,-1
254,28,309.006,451.462,39.456,104.950,0.283669,-1,-1,-1
254,5,1676.482,432.562,109.618,201.058,0.795571,-1,-1,-1
254,36,554.612,450.889,28.556,64.930,0.549593,-1,-1,-1
254,35,505.565,442.175,49.845,119.059,0.877237,-1,-1,-1
254,43,652.295,447.849,72.382,184.187,0.909736,-1,-1,-1
254,32,461.598,447.094,46.982,108.435,0.721647,-1,-1,-1
254,31,406.665,461.047,53.807,108.353,0.806265,-1,-1,-1
254,4,1064.337,458.224,49.313,119.870,0.637250,-1,-1,-1
254,46,705.218,447.623,37.503,87.606,0.455674,-1,-1,-1
254,48,575.074,454.826,28.317,62.726,0.675630,-1,-1,-1
254,29,1087.960,437.296,53.910,139.276,0.671323,-1,-1,-1
254,50,598.727,454.828,29.287,61.469,0.606798,-1,-1,-1
254,51,751.910,423.568,186.498,458.970,0.935255,-1,-1,-1
254,53,728.694,472.260,53.781,124.703,0.831739,-1,-1,-1
254,19,1287.409,426.883,115.050,297.978,0.186159,-1,-1,-1
254,39,1121.748,444.740,39.616,102.239,0.693801,-1,-1,-1
254,56,692.956,464.004,45.505,129.824,0.735705,-1,-1,-1
254,57,766.954,444.159,36.902,88.040,0.610378,-1,-1,-1
254,59,1829.797,453.018,89.753,326.851,0.877509,-1,-1,-1
254,52,1096.749,439.150,51.519,114.615,0.818444,-1,-1,-1
255,7,1513.116,441.038,30.549,63.509,0.300853,-1,-1,-1
255,10,983.600,436.508,128.367,296.398,0.703520,-1,-1,-1
255,12,925.174,407.314,206.210,631.197,0.947407,-1,-1,-1
255,18,1213.713,431.710,224.298,385.050,0.964988,-1,-1,-1
255,28,308.718,449.586,40.567,112.206,0.452048,-1,-1,-1
255,5,1679.115,433.033,107.941,199.177,0.657554,-1,-1,-1
255,36,557.036,450.554,27.856,65.727,0.493417,-1,-1,-1
255,35,506.741,444.038,47.927,117.228,0.883778,-1,-1,-1
255,43,652.956,448.569,73.761,184.827,0.902401,-1,-1,-1
255,32,461.162,450.299,47.339,106.736,0.811735,-1,-1,-1
255,31,404.873,462.203,56.246,108.999,0.826595,-1,-1,-1
255,4,1061.090,461.542,57.225,126.367,0.627434,-1,-1,-1
255,46,707.687,448.021,35.587,84.649,0.417005,-1,-1,-1
255,48,575.687,454.821,27.821,62.742,0.697251,-1,-1,-1
255,29,1085.115,450.304,53.955,122.464,0.346628,-1,-1,-1
255,50,599.273,455.059,28.943,61.345,0.626751,-1,-1,-1
255,51,753.096,423.778,192.038,459.545,0.936924,-1,-1,-1
255,53,727.729,473.239,53.244,123.427,0.827099,-1,-1,-1
255,19,1283.020,422.168,108.186,243.703,0.180742,-1,-1,-1
255,39,1114.775,442.128,45.569,107.043,0.681064,-1,-1,-1
255,56,690.587,462.393,48.409,137.144,0.681889,-1,-1,-1
255,57,771.885,452.839,33.260,75.662,0.334261,-1,-1,-1
255,59,1808.445,426.263,111.383,354.100,0.920514,-1,-1,-1
255,52,1096.119,438.465,51.726,115.123,0.856728,-1,-1,-1
256,7,1513.801,438.794,30.703,65.803,0.310085,-1,-1,-1
256,10,1006.447,447.896,112.295,271.581,0.250893,-1,-1,-1
256,12,925.859,407.377,208.820,632.677,0.942944,-1,-1,-1
256,18,1218.374,431.664,223.184,386.459,0.966402,-1,-1,-1
256,28,308.394,448.802,41.427,116.058,0.430820,-1,-1,-1
256,5,1673.414,431.351,113.738,207.966,0.840406,-1,-1,-1
256,36,554.578,450.580,28.555,66.757,0.544810,-1,-1,-1
256,35,507.497,445.695,46.948,115.450,0.885202,-1,-1,-1
256,43,654.875,451.199,73.564,182.919,0.911306,-1,-1,-1
256,32,460.066,453.000,48.660,106.395,0.803517,-1,-1,-1
256,31,404.665,462.766,54.427,108.798,0.791115,-1,-1,-1
256,4,1062.626,466.783,56.004,123.782,0.594836,-1,-1,-1
256,46,699.298,455.596,41.706,120.180,0.609135,-1,-1,-1
256,48,575.712,453.677,28.084,63.570,0.655944,-1,-1,-1
256,29,1088.090,439.143,50.086,138.477,0.652308,-1,-1,-1
256,50,588.919,455.512,28.253,60.818,0.605589,-1,-1,-1
256,51,754.830,427.633,193.526,460.070,0.934355,-1,-1,-1
256,53,726.712,473.685,54.008,123.593,0.856183,-1,-1,-1
256,19,1302.842,426.549,92.677,259.201,0.374793,-1,-1,-1
256,39,1118.031,442.340,44.374,106.941,0.673597,-1,-1,-1
256,56,682.310,456.352,52.952,146.634,0.657225,-1,-1,-1
256,57,771.504,451.029,32.429,75.535,0.516182,-1,-1,-1
256,59,1798.513,402.649,121.421,379.569,0.942925,-1,-1,-1
256,52,1096.427,438.379,49.934,115.804,0.834871,-1,-1,-1
257,7,1513.552,438.148,31.006,67.520,0.300833,-1,-1,-1
257,10,1017.384,450.903,103.576,222.175,0.239501,-1,-1,-1
257,12,926.556,403.143,214.454,637.779,0.925909,-1,-1,-1
257,18,1225.562,428.533,214.408,390.335,0.965567,-1,-1,-1
257,28,308.639,448.674,41.402,116.730,0.391510,-1,-1,-1
257,5,1673.079,431.964,113.162,207.971,0.807118,-1,-1,-1
257,36,554.887,451.079,29.498,66.600,0.558582,-1,-1,-1
257,35,507.783,447.931,46.349,112.540,0.872170,-1,-1,-1
257,43,654.933,455.774,77.138,179.128,0.907493,-1,-1,-1
257,32,460.286,456.725,49.201,103.400,0.816737,-1,-1,-1
257,31,403.825,464.191,57.066,107.346,0.814700,-1,-1,-1
257,4,1060.749,464.756,57.251,127.653,0.365287,-1,-1,-1
257,46,695.475,456.942,45.373,122.294,0.475331,-1,-1,-1
257,48,574.325,453.689,28.739,63.290,0.619902,-1,-1,-1
257,29,1088.757,453.323,48.554,117.941,0.350256,-1,-1,-1
257,50,586.450,455.941,28.760,59.954,0.564324,-1,-1,-1
257,51,755.475,426.109,190.259,470.375,0.927514,-1,-1,-1
257,53,725.925,473.373,53.428,122.057,0.834897,-1,-1,-1
257,19,1318.733,435.860,85.830,239.589,0.131252,-1,-1,-1
257,39,1123.771,442.956,40.472,105.461,0.491536,-1,-1,-1
257,57,770.618,449.513,33.910,75.444,0.431455,-1,-1,-1
257,59,1794.791,391.301,125.188,388.287,0.949041,-1,-1,-1
257,52,1097.346,437.811,49.911,116.414,0.851920,-1,-1,-1
257,30,429.627,464.273,40.831,88.697,0.611905,-1,-1,-1
258,7,1512.578,437.889,30.010,64.269,0.242657,-1,-1,-1
258,10,1018.866,446.236,105.030,219.581,0.318111,-1,-1,-1
258,12,929.103,410.312,225.414,626.488,0.926815,-1,-1,-1
258,18,1233.421,427.435,206.768,392.450,0.957586,-1,-1,-1
258,28,309.411,449.329,38.844,105.424,0.227838,-1,-1,-1
258,5,1677.433,426.699,108.291,182.488,0.585914,-1,-1,-1
258,36,553.671,449.666,28.589,67.120,0.624799,-1,-1,-1
258,35,505.820,445.632,48.970,114.465,0.868502,-1,-1,-1
258,43,655.181,453.780,76.918,183.395,0.895204,-1,-1,-1
258,32,459.224,455.314,50.915,104.199,0.716044,-1,-1,-1
258,31,405.034,463.929,54.432,107.520,0.764685,-1,-1,-1
258,4,1046.170,466.141,76.509,140.685,0.545801,-1,-1,-1
258,46,702.796,463.649,44.763,126.540,0.638147,-1,-1,-1
258,48,575.378,452.297,28.817,64.748,0.712113,-1,-1,-1
258,29,1089.068,451.695,46.787,115.177,0.263095,-1,-1,-1
258,50,585.084,451.996,28.412,62.706,0.639668,-1,-1,-1
258,51,759.288,425.138,185.119,472.996,0.915688,-1,-1,-1
258,53,726.216,471.667,52.826,126.274,0.838280,-1,-1,-1
258,39,1120.074,443.328,43.355,106.145,0.652643,-1,-1,-1
258,57,769.646,445.285,31.334,76.070,0.523419,-1,-1,-1
258,59,1790.787,388.066,129.185,394.500,0.953572,-1,-1,-1
258,52,1099.131,437.760,51.237,115.139,0.832807,-1,-1,-1
258,30,425.185,463.859,45.428,94.807,0.550964,-1,-1,-1
259,7,1513.331,438.013,29.406,63.253,0.226437,-1,-1,-1
259,12,932.088,404.289,230.290,634.309,0.936682,-1,-1,-1
259,18,1243.903,429.089,197.916,389.645,0.949438,-1,-1,-1
259,28,310.477,450.063,37.033,96.503,0.209721,-1,-1,-1
259,5,1680.511,426.261,103.736,171.217,0.572487,-1,-1,-1
259,36,551.688,449.547,28.690,67.620,0.583797,-1,-1,-1
259,35,504.643,443.117,50.241,116.809,0.872175,-1,-1,-1
259,43,655.502,452.227,80.056,179.446,0.868692,-1,-1,-1
259,32,459.368,454.502,50.781,104.360,0.752575,-1,-1,-1
259,31,405.249,461.626,50.588,105.392,0.725455,-1,-1,-1
259,4,1041.280,464.948,83.748,150.487,0.661634,-1,-1,-1
259,46,710.781,468.007,46.083,126.718,0.631113,-1,-1,-1
259,48,575.776,452.183,28.884,64.926,0.697389,-1,-1,-1
259,29,1086.582,448.034,50.588,129.007,0.179418,-1,-1,-1
259,50,583.758,450.676,28.622,64.512,0.603380,-1,-1,-1
259,51,760.353,427.522,183.511,471.864,0.932824,-1,-1,-1
259,53,724.599,472.842,55.087,124.228,0.838013,-1,-1,-1
259,39,1122.478,443.594,41.034,105.054,0.589454,-1,-1,-1
259,57,769.552,452.919,29.663,65.489,0.129954,-1,-1,-1
259,59,1779.093,390.449,140.779,388.884,0.953460,-1,-1,-1
259,52,1098.576,435.620,54.468,119.242,0.824003,-1,-1,-1
259,30,419.013,459.681,48.422,100.112,0.411018,-1,-1,-1
260,7,1514.531,437.398,28.962,63.060,0.266465,-1,-1,-1
260,12,932.821,407.141,239.435,632.780,0.934963,-1,-1,-1
260,18,1255.797,425.821,190.071,396.583,0.952916,-1,-1,-1
260,28,308.757,455.700,40.405,94.963,0.276619,-1,-1,-1
260,5,1680.376,429.252,103.889,159.859,0.582829,-1,-1,-1
260,36,550.380,448.990,28.768,67.416,0.582768,-1,-1,-1
260,35,503.394,444.325,51.016,115.755,0.875057,-1,-1,-1
260,43,656.427,452.964,79.572,180.007,0.885497,-1,-1,-1
260,32,459.192,454.759,51.675,104.494,0.687859,-1,-1,-1
260,31,404.553,462.534,49.935,105.772,0.843161,-1,-1,-1
260,4,1037.750,459.849,87.809,172.272,0.797166,-1,-1,-1
260,46,713.339,464.783,48.123,134.028,0.713000,-1,-1,-1
260,48,575.719,451.203,29.043,65.802,0.662442,-1,-1,-1
260,29,1087.015,444.891,49.353,124.330,0.484903,-1,-1,-1
260,50,583.578,452.439,28.904,62.886,0.605315,-1,-1,-1
260,51,761.391,427.291,191.761,473.104,0.933222,-1,-1,-1
260,53,723.806,470.298,56.914,128.099,0.850991,-1,-1,-1
260,39,1119.598,443.362,42.701,106.025,0.750776,-1,-1,-1
260,57,768.005,458.801,29.702,61.529,0.156077,-1,-1,-1
260,59,1759.720,392.368,159.678,387.835,0.944545,-1,-1,-1
260,52,1099.619,439.339,51.574,110.234,0.770353,-1,-1,-1
260,30,422.389,458.811,44.978,101.806,0.335010,-1,-1,-1
260,60,1280.003,435.672,52.080,115.188,0.778785,-1,-1,-1
260,56,702.812,452.297,44.073,134.205,0.663866,-1,-1,-1
261,7,1514.643,437.474,28.596,63.331,0.273542,-1,-1,-1
261,12,935.456,406.127,245.327,633.336,0.937438,-1,-1,-1
261,18,1269.939,427.523,180.860,393.215,0.933778,-1,-1,-1
261,28,310.955,457.267,39.785,92.938,0.376529,-1,-1,-1
261,5,1677.576,428.495,105.359,156.484,0.398211,-1,-1,-1
261,36,551.314,449.043,28.032,66.572,0.593563,-1,-1,-1
261,35,502.696,446.051,51.109,114.212,0.866375,-1,-1,-1
261,43,658.200,451.424,80.045,183.139,0.889712,-1,-1,-1
261,32,459.681,454.987,52.427,103.476,0.421278,-1,-1,-1
261,31,402.616,462.877,51.238,104.075,0.780619,-1,-1,-1
261,4,1038.476,439.780,79.540,172.995,0.312382,-1,-1,-1
261,46,707.099,458.870,49.482,136.930,0.654544,-1,-1,-1
261,48,574.946,451.183,28.920,65.198,0.653294,-1,-1,-1
261,29,1094.057,437.730,43.275,117.530,0.498686,-1,-1,-1
261,50,583.002,453.199,28.597,61.937,0.574577,-1,-1,-1
261,51,769.908,427.455,180.915,484.408,0.925513,-1,-1,-1
261,53,723.351,468.974,60.231,130.758,0.834341,-1,-1,-1
261,39,1122.779,438.432,40.149,105.970,0.404330,-1,-1,-1
261,57,767.867,454.453,31.121,65.982,0.323191,-1,-1,-1
261,59,1728.257,390.547,191.423,390.058,0.960667,-1,-1,-1
261,52,1102.164,436.423,54.778,113.881,0.807969,-1,-1,-1
261,30,417.480,460.820,47.243,99.021,0.485955,-1,-1,-1
261,60,1281.076,439.132,54.408,111.077,0.817190,-1,-1,-1
261,56,703.575,450.297,41.076,109.656,0.355531,-1,-1,-1
261,10,1023.596,432.326,108.216,231.687,0.775209,-1,-1,-1
262,7,1515.105,438.614,28.139,61.061,0.321051,-1,-1,-1
262,12,937.206,407.832,249.801,632.444,0.932043,-1,-1,-1
262,18,1288.351,431.944,164.725,386.652,0.932048,-1,-1,-1
262,28,310.557,452.686,39.221,105.869,0.506531,-1,-1,-1
262,5,1671.182,429.005,106.089,155.246,0.222000,-1,-1,-1
262,36,551.401,448.896,28.588,67.292,0.602835,-1,-1,-1
262,35,503.608,444.605,50.319,116.097,0.865948,-1,-1,-1
262,43,658.209,451.630,79.090,184.827,0.895266,-1,-1,-1
262,32,464.997,452.846,46.273,101.002,0.339860,-1,-1,-1
262,31,400.799,462.805,53.007,104.790,0.799447,-1,-1,-1
262,4,1039.895,432.901,77.856,176.185,0.261523,-1,-1,-1
262,46,707.600,457.244,45.975,131.901,0.607142,-1,-1,-1
262,48,575.460,451.653,28.597,65.021,0.661756,-1,-1,-1
262,29,1096.762,435.628,36.314,106.939,0.339014,-1,-1,-1
262,50,582.505,454.587,28.817,61.540,0.593625,-1,-1,-1
262,51,770.134,427.220,182.795,490.158,0.929507,-1,-1,-1
262,53,722.620,470.218,58.843,129.339,0.855966,-1,-1,-1
262,39,1123.264,437.400,38.567,107.359,0.432544,-1,-1,-1
262,57,768.222,447.930,30.992,72.512,0.448304,-1,-1,-1
262,59,1698.397,393.514,221.413,383.700,0.971481,-1,-1,-1
262,52,1104.733,436.981,52.634,115.024,0.834724,-1,-1,-1
262,30,414.605,459.044,46.147,97.503,0.252298,-1,-1,-1
262,60,1284.321,437.813,54.149,110.921,0.836823,-1,-1,-1
262,56,708.083,449.884,36.835,100.364,0.516991,-1,-1,-1
262,10,1028.068,430.675,103.486,228.276,0.823375,-1,-1,-1
263,7,1511.653,438.749,27.997,61.494,0.194913,-1,-1,-1
263,12,938.181,402.329,230.468,637.577,0.934340,-1,-1,-1
263,18,1306.371,428.506,150.910,391.200,0.918905,-1,-1,-1
263,28,309.551,451.620,39.082,110.402,0.512441,-1,-1,-1
263,5,1665.591,434.849,88.972,145.373,0.307160,-1,-1,-1
263,36,550.199,450.696,28.458,65.559,0.620493,-1,-1,-1
263,35,503.694,445.330,49.423,115.069,0.862720,-1,-1,-1
263,43,660.151,451.325,79.138,186.196,0.878307,-1,-1,-1
263,32,466.460,451.150,46.757,103.720,0.140957,-1,-1,-1
263,31,398.818,462.067,53.896,104.493,0.758073,-1,-1,-1
263,4,1041.277,427.517,79.582,187.735,0.342767,-1,-1,-1
263,46,700.752,458.906,48.024,129.374,0.534324,-1,-1,-1
263,48,575.333,453.860,27.965,62.732,0.627089,-1,-1,-1
263,29,1096.757,433.846,39.316,116.353,0.574828,-1,-1,-1
263,50,582.686,456.287,28.115,59.144,0.595407,-1,-1,-1
263,51,780.938,426.652,168.756,491.988,0.920972,-1,-1,-1
263,53,720.433,471.551,60.640,128.340,0.853932,-1,-1,-1
263,39,1123.570,436.129,37.387,108.447,0.407354,-1,-1,-1
263,57,766.845,453.205,29.391,66.884,0.231278,-1,-1,-1
263,59,1672.192,397.434,247.731,378.101,0.974244,-1,-1,-1
263,52,1106.765,437.297,50.915,116.321,0.845483,-1,-1,-1
263,30,412.012,457.958,49.045,98.506,0.269064,-1,-1,-1
263,60,1288.240,441.277,52.399,107.326,0.840502,-1,-1,-1
263,56,708.793,450.267,33.923,85.398,0.424026,-1,-1,-1
263,10,1028.825,433.089,103.590,224.924,0.849520,-1,-1,-1
264,7,1511.756,438.696,27.515,60.981,0.241596,-1,-1,-1
264,12,939.041,407.079,233.578,632.844,0.927099,-1,-1,-1
264,18,1317.799,423.228,147.491,395.069,0.949876,-1,-1,-1
264,28,311.124,455.566,39.506,102.710,0.334338,-1,-1,-1
264,5,1664.099,435.745,75.757,148.781,0.325554,-1,-1,-1
264,36,551.281,451.225,27.290,64.829,0.593414,-1,-1,-1
264,35,504.379,444.949,48.488,115.032,0.866740,-1,-1,-1
264,43,662.910,451.529,77.639,185.162,0.851514,-1,-1,-1
264,32,455.858,451.422,51.891,106.013,0.529087,-1,-1,-1
264,31,400.297,462.188,47.400,100.684,0.728497,-1,-1,-1
264,4,1038.052,423.289,81.237,185.487,0.311488,-1,-1,-1
264,46,710.076,465.342,47.644,121.650,0.475124,-1,-1,-1
264,48,576.411,453.683,27.370,63.428,0.642210,-1,-1,-1
264,29,1097.492,435.204,42.009,113.577,0.674611,-1,-1,-1
264,50,582.794,456.485,27.866,60.670,0.569454,-1,-1,-1
264,51,775.483,426.509,173.274,491.078,0.933924,-1,-1,-1
264,53,720.456,471.635,58.417,127.578,0.849229,-1,-1,-1
264,57,771.970,450.149,29.564,70.215,0.489315,-1,-1,-1
264,59,1657.332,402.857,259.550,373.236,0.972569,-1,-1,-1
264,52,1109.864,436.047,49.718,115.605,0.826709,-1,-1,-1
264,30,414.469,460.199,47.502,96.972,0.435036,-1,-1,-1
264,60,1293.266,440.038,48.475,108.706,0.774061,-1,-1,-1
264,56,709.515,454.747,32.248,87.340,0.475599,-1,-1,-1
264,10,1023.802,427.942,109.049,229.175,0.821828,-1,-1,-1
265,7,1512.545,438.399,27.900,60.221,0.263394,-1,-1,-1
265,12,938.550,405.389,229.986,635.111,0.931755,-1,-1,-1
265,18,1329.470,421.757,141.433,400.851,0.946649,-1,-1,-1
265,28,306.357,449.759,44.491,113.525,0.420858,-1,-1,-1
265,5,1664.715,430.736,82.947,158.593,0.110672,-1,-1,-1
265,36,551.657,450.943,26.855,65.320,0.573127,-1,-1,-1
265,35,503.937,443.696,49.368,116.475,0.871780,-1,-1,-1
265,43,663.355,453.217,77.756,185.434,0.884092,-1,-1,-1
265,32,453.186,459.103,51.899,99.600,0.454025,-1,-1,-1
265,31,398.064,462.765,53.783,103.150,0.713057,-1,-1,-1
265,4,1043.732,435.898,81.313,172.374,0.141990,-1,-1,-1
265,48,576.863,454.390,27.068,62.905,0.615057,-1,-1,-1
265,29,1097.606,435.651,37.829,109.466,0.568801,-1,-1,-1
265,50,585.705,453.140,27.111,63.586,0.429789,-1,-1,-1
265,51,773.277,426.787,177.935,489.732,0.936829,-1,-1,-1
265,53,722.949,478.426,56.051,119.295,0.780815,-1,-1,-1
265,57,773.977,455.004,27.100,58.357,0.133209,-1,-1,-1
265,59,1647.279,403.789,263.456,370.451,0.970146,-1,-1,-1
265,52,1109.133,435.786,49.964,116.186,0.835279,-1,-1,-1
265,30,413.755,461.477,48.542,98.003,0.464637,-1,-1,-1
265,60,1298.353,440.437,43.953,108.071,0.794930,-1,-1,-1
265,56,710.804,459.988,32.047,84.164,0.379516,-1,-1,-1
265,10,1018.804,417.625,118.617,245.627,0.741245,-1,-1,-1
265,62,659.607,463.396,36.818,101.046,0.727668,-1,-1,-1
266,7,1514.933,438.269,28.423,61.059,0.278510,-1,-1,-1
266,12,941.848,403.969,234.658,635.999,0.933872,-1,-1,-1
266,18,1334.639,421.440,142.665,405.022,0.942478,-1,-1,-1
266,28,306.120,447.809,45.681,117.741,0.265249,-1,-1,-1
266,5,1664.927,424.478,80.481,168.873,0.154404,-1,-1,-1
266,36,551.190,451.643,26.796,64.396,0.589569,-1,-1,-1
266,35,504.198,441.846,49.720,118.445,0.879068,-1,-1,-1
266,43,669.158,448.277,75.597,189.690,0.906261,-1,-1,-1
266,32,452.343,462.742,51.462,95.974,0.547922,-1,-1,-1
266,31,401.474,462.825,52.546,99.527,0.605943,-1,-1,-1
266,4,1024.492,423.133,134.236,315.497,0.669088,-1,-1,-1
266,48,577.705,455.821,26.817,61.747,0.652748,-1,-1,-1
266,29,1096.440,435.501,36.467,107.741,0.524399,-1,-1,-1
266,50,585.956,452.223,26.897,63.847,0.452804,-1,-1,-1
266,51,776.603,432.505,176.855,484.266,0.938654,-1,-1,-1
266,53,731.380,477.383,47.921,117.960,0.779649,-1,-1,-1
266,57,774.942,457.696,26.271,56.512,0.142706,-1,-1,-1
266,59,1643.703,408.469,257.033,365.821,0.963132,-1,-1,-1
266,52,1112.547,436.728,46.793,116.121,0.837029,-1,-1,-1
266,60,1300.556,440.014,41.065,108.259,0.464946,-1,-1,-1
266,56,712.464,458.736,31.913,90.120,0.352433,-1,-1,-1
266,10,1019.605,417.303,124.724,267.158,0.755880,-1,-1,-1
266,62,660.577,466.163,34.520,98.665,0.677170,-1,-1,-1
267,7,1515.296,437.977,28.307,61.184,0.289607,-1,-1,-1
267,12,943.078,399.934,235.609,640.639,0.936589,-1,-1,-1
267,18,1335.818,418.161,149.414,415.793,0.937756,-1,-1,-1
267,28,308.807,449.438,40.200,108.905,0.262281,-1,-1,-1
267,36,551.326,452.007,26.467,63.570,0.548833,-1,-1,-1
267,35,503.847,443.681,49.094,116.427,0.874001,-1,-1,-1
267,43,665.905,446.747,77.462,191.676,0.889425,-1,-1,-1
267,32,450.381,467.478,47.402,90.338,0.225550,-1,-1,-1
267,31,399.825,463.114,50.748,98.545,0.593969,-1,-1,-1
267,4,1009.262,413.877,171.350,382.823,0.635832,-1,-1,-1
267,48,577.938,456.954,26.123,60.234,0.602298,-1,-1,-1
267,29,1095.764,437.404,34.192,99.931,0.645940,-1,-1,-1
267,50,585.370,452.992,26.525,62.396,0.439032,-1,-1,-1
267,51,777.074,428.832,176.701,488.318,0.935806,-1,-1,-1
267,53,734.997,478.119,44.081,117.449,0.705184,-1,-1,-1
267,57,776.345,454.701,26.045,58.051,0.131739,-1,-1,-1
267,59,1644.194,409.561,242.815,362.199,0.940136,-1,-1,-1
267,52,1115.749,438.852,45.643,110.484,0.854820,-1,-1,-1
267,60,1301.152,440.481,40.520,107.639,0.557740,-1,-1,-1
267,56,714.994,461.087,33.509,82.524,0.308543,-1,-1,-1
267,10,1016.310,419.536,138.745,291.228,0.653503,-1,-1,-1
267,62,661.415,468.484,32.669,87.732,0.524235,-1,-1,-1
268,7,1514.931,438.842,28.977,60.091,0.259722,-1,-1,-1
268,12,941.960,397.905,246.461,647.822,0.940863,-1,-1,-1
268,18,1344.716,428.722,151.963,407.822,0.936261,-1,-1,-1
268,28,307.698,449.956,41.599,111.407,0.517975,-1,-1,-1
268,36,551.460,452.864,26.459,62.175,0.599732,-1,-1,-1
268,35,502.171,446.379,49.508,112.010,0.872763,-1,-1,-1
268,43,667.163,447.063,80.779,192.971,0.892639,-1,-1,-1
268,32,452.291,458.813,42.500,93.094,0.227538,-1,-1,-1
268,31,398.019,462.681,49.173,100.031,0.629744,-1,-1,-1
268,4,1006.091,411.608,174.236,396.471,0.819595,-1,-1,-1
268,48,577.270,456.559,26.372,60.540,0.664201,-1,-1,-1
268,29,1096.057,437.702,34.252,97.392,0.639906,-1,-1,-1
268,50,585.556,452.838,27.650,63.920,0.481313,-1,-1,-1
268,51,778.184,427.304,175.408,489.150,0.932731,-1,-1,-1
268,53,729.762,480.704,51.916,122.709,0.636243,-1,-1,-1
268,57,775.854,446.036,32.461,70.212,0.546623,-1,-1,-1
268,59,1645.918,411.008,215.594,351.254,0.939322,-1,-1,-1
268,52,1116.690,440.418,45.501,107.657,0.843632,-1,-1,-1
268,60,1297.568,433.636,42.736,112.848,0.128549,-1,-1,-1
268,56,713.899,457.335,37.568,106.142,0.348481,-1,-1,-1
268,10,1017.703,425.139,139.289,275.589,0.299454,-1,-1,-1
268,62,662.492,467.673,32.671,79.575,0.562268,-1,-1,-1
269,7,1512.942,438.915,28.645,59.735,0.212450,-1,-1,-1
269,12,944.510,398.449,239.043,644.389,0.946987,-1,-1,-1
269,18,1353.957,426.199,165.033,412.277,0.941557,-1,-1,-1
269,28,307.762,451.925,41.463,109.171,0.535943,-1,-1,-1
269,36,551.305,452.169,27.089,62.402,0.616654,-1,-1,-1
269,35,501.227,449.451,50.406,108.603,0.881612,-1,-1,-1
269,43,667.979,449.157,82.784,188.484,0.873337,-1,-1,-1
269,32,450.050,457.083,44.623,97.420,0.546769,-1,-1,-1
269,31,395.503,461.708,48.962,103.255,0.747702,-1,-1,-1
269,4,1005.525,410.208,172.899,414.703,0.849003,-1,-1,-1
269,48,575.871,456.593,27.295,60.038,0.689984,-1,-1,-1
269,29,1097.693,437.154,32.540,94.836,0.519238,-1,-1,-1
269,50,585.004,452.375,29.021,64.715,0.493627,-1,-1,-1
269,51,780.358,425.587,172.297,492.342,0.929314,-1,-1,-1
269,53,726.037,496.146,57.236,115.029,0.653518,-1,-1,-1
269,57,777.903,444.458,37.441,77.803,0.497706,-1,-1,-1
269,59,1646.554,415.827,190.093,342.163,0.930489,-1,-1,-1
269,52,1119.992,440.863,43.037,106.268,0.806708,-1,-1,-1
269,60,1301.299,437.328,42.460,111.715,0.271053,-1,-1,-1
269,56,711.380,454.676,39.357,100.791,0.243625,-1,-1,-1
269,10,1019.838,432.400,138.815,283.827,0.107866,-1,-1,-1
269,62,662.549,464.933,35.205,78.510,0.601397,-1,-1,-1
269,5,1676.250,419.070,101.117,210.236,0.629392,-1,-1,-1
270,7,1512.046,439.038,28.865,57.488,0.239061,-1,-1,-1
270,12,947.579,398.214,226.490,644.683,0.934622,-1,-1,-1
270,18,1357.791,418.938,182.265,420.709,0.949547,-1,-1,-1
270,28,307.911,451.616,40.733,109.095,0.607902,-1,-1,-1
270,36,550.710,452.343,27.630,62.165,0.615520,-1,-1,-1
270,35,501.018,450.566,51.038,107.531,0.879934,-1,-1,-1
270,43,669.899,450.099,84.491,185.144,0.864713,-1,-1,-1
270,32,450.912,453.417,46.392,102.216,0.593875,-1,-1,-1
270,31,389.346,460.306,54.528,107.351,0.772019,-1,-1,-1
270,4,1004.119,407.766,171.811,434.886,0.847982,-1,-1,-1
270,48,574.566,456.465,27.702,59.835,0.665652,-1,-1,-1
270,29,1101.385,433.216,29.655,88.181,0.487612,-1,-1,-1
270,50,586.358,452.093,28.702,62.367,0.408723,-1,-1,-1
270,51,781.165,425.209,171.369,492.952,0.937865,-1,-1,-1
270,53,723.826,494.179,59.229,114.329,0.627456,-1,-1,-1
270,57,777.716,441.481,36.170,77.777,0.342890,-1,-1,-1
270,59,1647.623,412.669,159.031,342.381,0.931588,-1,-1,-1
270,52,1124.478,439.943,38.511,106.262,0.702665,-1,-1,-1
270,60,1302.464,436.573,45.286,111.879,0.228223,-1,-1,-1
270,10,1022.612,420.388,140.561,292.251,0.195681,-1,-1,-1
270,62,663.302,463.760,34.318,74.304,0.593763,-1,-1,-1
270,5,1682.243,404.784,100.043,230.264,0.286607,-1,-1,-1
271,7,1508.801,439.135,29.776,58.865,0.238340,-1,-1,-1
271,12,951.347,398.817,206.951,644.021,0.929300,-1,-1,-1
271,18,1359.624,417.047,198.106,422.766,0.957989,-1,-1,-1
271,28,308.585,449.569,39.388,108.770,0.473259,-1,-1,-1
271,36,550.793,453.422,27.122,60.705,0.603649,-1,-1,-1
271,35,502.599,450.787,49.661,107.394,0.853359,-1,-1,-1
271,43,677.058,444.453,80.547,179.892,0.834573,-1,-1,-1
271,32,449.782,446.620,49.165,109.744,0.629793,-1,-1,-1
271,31,387.286,458.842,55.992,109.939,0.761690,-1,-1,-1
271,48,574.373,457.048,27.361,59.305,0.641071,-1,-1,-1
271,29,1104.089,432.958,29.268,86.279,0.444672,-1,-1,-1
271,50,584.070,452.589,27.793,61.783,0.431170,-1,-1,-1
271,51,781.529,424.338,171.415,495.762,0.926518,-1,-1,-1
271,53,714.207,471.987,67.606,134.475,0.662267,-1,-1,-1
271,57,780.380,447.854,35.976,72.421,0.298822,-1,-1,-1
271,59,1645.672,405.206,139.412,347.768,0.921235,-1,-1,-1
271,52,1127.998,438.122,36.769,111.357,0.749722,-1,-1,-1
271,60,1303.519,440.209,47.889,111.774,0.277117,-1,-1,-1
271,10,1013.432,413.627,179.675,376.520,0.830680,-1,-1,-1
271,62,663.258,471.027,32.908,66.961,0.659559,-1,-1,-1
271,5,1694.222,419.122,91.564,210.955,0.290230,-1,-1,-1
272,7,1507.064,436.606,29.714,58.371,0.305550,-1,-1,-1
272,12,956.233,398.328,201.270,645.970,0.936030,-1,-1,-1
272,18,1359.665,419.523,209.667,421.945,0.964833,-1,-1,-1
272,28,310.032,449.065,36.810,109.564,0.545067,-1,-1,-1
272,36,551.112,453.015,27.519,61.364,0.676477,-1,-1,-1
272,35,503.592,450.373,49.513,107.926,0.861941,-1,-1,-1
272,43,680.028,446.496,91.146,166.241,0.861216,-1,-1,-1
272,32,449.021,447.792,49.910,109.321,0.741570,-1,-1,-1
272,31,386.220,459.022,56.687,110.712,0.770345,-1,-1,-1
272,48,574.433,455.090,28.106,60.620,0.673445,-1,-1,-1
272,29,1104.305,434.491,30.170,81.797,0.387740,-1,-1,-1
272,50,585.472,451.178,27.946,62.711,0.469719,-1,-1,-1
272,51,782.021,424.753,172.693,495.327,0.932384,-1,-1,-1
272,53,716.271,460.944,63.062,133.561,0.245848,-1,-1,-1
272,57,779.289,449.026,37.478,71.903,0.426973,-1,-1,-1
272,59,1639.257,403.024,112.831,348.148,0.917631,-1,-1,-1
272,52,1128.414,436.556,36.239,111.161,0.774016,-1,-1,-1
272,60,1301.317,435.583,55.188,116.707,0.194933,-1,-1,-1
272,10,1014.143,409.469,171.225,404.816,0.849968,-1,-1,-1
272,62,663.379,472.099,32.088,64.369,0.598733,-1,-1,-1
272,5,1694.212,418.079,93.717,217.444,0.733945,-1,-1,-1
273,7,1507.645,435.485,29.322,58.793,0.282143,-1,-1,-1
273,12,959.348,397.808,208.244,646.260,0.929447,-1,-1,-1
273,18,1358.702,421.437,217.011,425.991,0.966305,-1,-1,-1
273,28,309.829,448.788,36.642,111.691,0.629490,-1,-1,-1
273,36,550.931,453.022,27.628,61.597,0.662775,-1,-1,-1
273,35,504.368,449.917,48.702,108.621,0.872939,-1,-1,-1
273,43,681.580,445.962,91.310,186.207,0.856740,-1,-1,-1
273,32,448.833,449.051,50.171,108.553,0.818356,-1,-1,-1
273,31,386.842,457.508,55.695,113.122,0.841819,-1,-1,-1
273,48,574.347,454.516,28.076,60.903,0.677940,-1,-1,-1
273,29,1103.935,434.381,30.882,80.254,0.419353,-1,-1,-1
273,50,582.549,453.275,28.487,60.674,0.576857,-1,-1,-1
273,51,781.665,423.543,176.649,495.917,0.935749,-1,-1,-1
273,53,717.888,455.861,59.207,132.187,0.240628,-1,-1,-1
273,57,783.567,447.115,33.860,72.108,0.172675,-1,-1,-1
273,59,1631.553,401.416,106.338,349.382,0.914576,-1,-1,-1
273,52,1129.648,434.661,36.607,106.051,0.744653,-1,-1,-1
273,60,1298.568,428.712,62.130,123.942,0.359415,-1,-1,-1
273,10,1014.691,406.518,173.323,416.442,0.824608,-1,-1,-1
273,62,663.242,467.465,33.730,66.989,0.581873,-1,-1,-1
273,5,1695.637,417.265,92.915,222.508,0.639550,-1,-1,-1
274,7,1508.429,436.346,30.485,61.203,0.264068,-1,-1,-1
274,12,961.442,401.390,197.253,641.288,0.926760,-1,-1,-1
274,18,1360.285,423.518,221.076,429.194,0.959836,-1,-1,-1
274,28,310.337,449.045,36.080,111.675,0.567594,-1,-1,-1
274,36,550.937,453.409,27.841,61.312,0.672492,-1,-1,-1
274,35,504.926,450.564,48.303,108.034,0.872972,-1,-1,-1
274,43,681.738,446.185,91.406,191.654,0.879303,-1,-1,-1
274,32,450.270,449.935,48.713,107.719,0.789615,-1,-1,-1
274,31,387.252,457.293,55.069,114.156,0.839773,-1,-1,-1
274,48,574.874,454.204,28.333,61.174,0.681325,-1,-1,-1
274,29,1102.984,433.773,31.120,81.248,0.326222,-1,-1,-1
274,50,582.391,454.255,28.263,59.996,0.604479,-1,-1,-1
274,51,787.142,429.511,175.792,490.709,0.916961,-1,-1,-1
274,53,719.397,454.629,57.533,131.510,0.294157,-1,-1,-1
274,57,785.158,444.603,34.450,79.274,0.263770,-1,-1,-1
274,59,1615.908,402.393,111.744,346.609,0.937621,-1,-1,-1
274,52,1140.178,436.104,39.725,102.577,0.722636,-1,-1,-1
274,60,1300.058,426.768,62.465,123.955,0.373529,-1,-1,-1
274,10,1014.206,408.615,182.050,435.156,0.834488,-1,-1,-1
274,62,663.056,469.997,35.513,65.996,0.580210,-1,-1,-1
274,5,1696.095,421.977,92.147,218.961,0.778054,-1,-1,-1
274,39,1127.770,435.257,37.650,103.419,0.676257,-1,-1,-1
275,7,1507.914,435.802,32.207,61.832,0.246876,-1,-1,-1
275,12,966.380,403.621,215.687,638.379,0.923702,-1,-1,-1
275,18,1366.844,421.934,215.136,435.908,0.956206,-1,-1,-1
275,28,310.167,448.032,36.403,111.924,0.543221,-1,-1,-1
275,36,550.963,453.359,28.757,61.301,0.646198,-1,-1,-1
275,35,503.991,452.711,48.888,105.159,0.878022,-1,-1,-1
275,43,684.986,444.578,90.442,193.732,0.896835,-1,-1,-1
275,32,449.062,450.521,49.875,107.486,0.782722,-1,-1,-1
275,31,387.375,456.286,53.711,114.745,0.841812,-1,-1,-1
275,48,573.593,454.118,28.868,60.805,0.661684,-1,-1,-1
275,29,1100.715,432.210,30.332,81.619,0.281262,-1,-1,-1
275,50,581.610,454.941,28.977,58.412,0.524074,-1,-1,-1
275,51,787.658,427.674,181.267,490.973,0.926250,-1,-1,-1
275,53,717.395,449.350,61.553,139.976,0.135054,-1,-1,-1
275,57,788.019,446.390,32.218,76.621,0.198718,-1,-1,-1
275,59,1594.153,407.773,128.006,341.860,0.935309,-1,-1,-1
275,52,1140.083,439.037,42.705,98.092,0.661707,-1,-1,-1
275,60,1301.089,429.560,61.790,119.945,0.511327,-1,-1,-1
275,10,1015.842,409.199,184.486,428.188,0.819088,-1,-1,-1
275,62,664.497,463.327,33.871,66.363,0.455152,-1,-1,-1
275,5,1695.675,428.823,91.971,207.483,0.804383,-1,-1,-1
275,39,1127.211,436.302,37.451,98.115,0.549154,-1,-1,-1
275,46,740.711,478.111,46.569,115.380,0.706694,-1,-1,-1
276,7,1510.334,434.806,33.170,67.241,0.336763,-1,-1,-1
276,12,969.582,402.424,207.128,641.247,0.937660,-1,-1,-1
276,18,1374.837,423.319,207.598,436.182,0.955870,-1,-1,-1
276,28,310.972,446.942,34.879,106.518,0.407209,-1,-1,-1
276,36,550.511,453.217,29.576,62.241,0.658080,-1,-1,-1
276,35,503.345,454.904,49.512,102.596,0.879610,-1,-1,-1
276,43,692.607,445.199,82.021,193.256,0.884547,-1,-1,-1
276,32,448.099,453.835,50.770,104.281,0.786772,-1,-1,-1
276,31,386.820,455.959,54.341,116.332,0.860633,-1,-1,-1
276,48,572.325,453.112,29.403,61.701,0.623794,-1,-1,-1
276,29,1103.200,431.948,29.932,83.688,0.169951,-1,-1,-1
276,50,582.975,452.923,28.595,59.477,0.472062,-1,-1,-1
276,51,787.072,423.582,180.746,494.003,0.939679,-1,-1,-1
276,53,715.336,451.681,62.423,142.634,0.147656,-1,-1,-1
276,57,786.769,445.936,31.391,76.088,0.148820,-1,-1,-1
276,59,1567.162,408.060,152.731,339.970,0.944309,-1,-1,-1
276,52,1141.358,440.122,44.826,99.026,0.741206,-1,-1,-1
276,60,1301.421,433.705,61.713,116.397,0.426691,-1,-1,-1
276,10,1022.114,410.749,168.954,395.471,0.820805,-1,-1,-1
276,62,667.362,460.848,33.003,66.186,0.455652,-1,-1,-1
276,5,1693.561,433.572,94.528,193.160,0.774221,-1,-1,-1
276,39,1128.202,437.982,38.177,99.366,0.569063,-1,-1,-1
276,46,744.123,477.768,45.296,116.850,0.730092,-1,-1,-1
276,4,1037.280,430.381,134.969,275.943,0.710184,-1,-1,-1
277,7,1512.501,433.825,34.401,68.201,0.176626,-1,-1,-1
277,12,970.846,400.827,197.798,644.493,0.938000,-1,-1,-1
277,18,1375.883,422.334,210.200,434.600,0.944382,-1,-1,-1
277,28,310.174,447.918,36.412,110.379,0.467480,-1,-1,-1
277,36,549.384,453.100,29.757,62.605,0.685625,-1,-1,-1
277,35,503.117,454.964,49.505,102.475,0.879767,-1,-1,-1
277,43,691.997,445.621,81.908,195.227,0.879886,-1,-1,-1
277,32,447.924,454.162,50.301,102.754,0.765407,-1,-1,-1
277,31,385.948,457.629,55.583,115.260,0.829955,-1,-1,-1
277,29,1105.347,432.489,29.624,83.578,0.161541,-1,-1,-1
277,50,578.052,453.980,28.596,60.483,0.693824,-1,-1,-1
277,51,786.698,423.002,185.201,492.520,0.940711,-1,-1,-1
277,53,715.837,455.409,59.549,140.041,0.151484,-1,-1,-1
277,57,788.930,444.607,32.112,81.981,0.195205,-1,-1,-1
277,59,1543.515,410.950,176.972,338.930,0.950949,-1,-1,-1
277,52,1145.677,440.266,40.444,90.852,0.656647,-1,-1,-1
277,60,1305.504,436.404,57.665,112.643,0.455834,-1,-1,-1
277,10,1025.581,411.027,160.232,388.098,0.821460,-1,-1,-1
277,62,669.874,460.032,44.448,86.434,0.674120,-1,-1,-1
277,5,1691.278,430.957,96.156,201.212,0.793583,-1,-1,-1
277,39,1127.344,439.935,35.081,89.032,0.508747,-1,-1,-1
277,46,745.485,472.022,44.288,123.136,0.701795,-1,-1,-1
277,4,1040.195,433.254,132.113,233.443,0.716479,-1,-1,-1
277,19,1407.853,451.733,63.739,203.298,0.743864,-1,-1,-1
278,7,1515.719,432.472,36.047,76.310,0.138259,-1,-1,-1
278,12,973.087,397.410,206.273,647.855,0.938767,-1,-1,-1
278,18,1379.874,418.359,211.089,437.861,0.943557,-1,-1,-1
278,28,310.543,448.373,35.987,110.162,0.478404,-1,-1,-1
278,36,549.198,453.021,28.866,61.725,0.678906,-1,-1,-1
278,35,502.749,455.070,49.639,102.421,0.879920,-1,-1,-1
278,43,697.826,448.339,85.678,194.582,0.895428,-1,-1,-1
278,32,447.664,454.127,50.665,103.901,0.767600,-1,-1,-1
278,31,385.812,457.742,57.191,115.854,0.833303,-1,-1,-1
278,29,1106.082,430.694,33.403,92.293,0.212919,-1,-1,-1
278,50,575.747,454.779,28.410,60.191,0.703948,-1,-1,-1
278,51,787.768,424.907,187.496,490.543,0.934935,-1,-1,-1
278,53,713.138,454.106,53.855,127.016,0.158251,-1,-1,-1
278,57,787.744,443.999,31.254,78.664,0.138275,-1,-1,-1
278,59,1530.847,412.604,190.332,340.375,0.946503,-1,-1,-1
278,52,1147.890,439.211,39.524,87.068,0.669407,-1,-1,-1
278,60,1323.941,441.155,42.542,104.717,0.679142,-1,-1,-1
278,10,1026.384,407.168,170.508,397.860,0.830113,-1,-1,-1
278,62,667.946,462.988,56.008,116.998,0.728803,-1,-1,-1
278,5,1691.862,430.970,94.914,197.437,0.668416,-1,-1,-1
278,39,1126.834,439.488,36.697,89.305,0.556618,-1,-1,-1
278,46,745.857,468.480,49.602,130.512,0.203245,-1,-1,-1
278,4,1042.057,430.576,132.392,243.087,0.704619,-1,-1,-1
278,65,1828.621,446.809,90.482,205.020,0.646077,-1,-1,-1
278,19,1417.806,452.974,66.276,203.997,0.114843,-1,-1,-1
279,12,969.955,395.205,239.354,653.160,0.935815,-1,-1,-1
279,18,1388.986,419.166,202.855,435.763,0.937464,-1,-1,-1
279,28,310.748,447.765,35.345,110.214,0.596034,-1,-1,-1
279,36,549.374,452.931,28.558,60.808,0.657527,-1,-1,-1
279,35,502.115,453.834,50.223,103.725,0.884606,-1,-1,-1
279,43,705.046,448.808,85.227,194.425,0.871554,-1,-1,-1
279,32,448.651,455.997,50.676,102.230,0.711086,-1,-1,-1
279,31,384.075,456.597,56.886,117.943,0.869835,-1,-1,-1
279,50,576.357,455.298,28.101,59.864,0.640727,-1,-1,-1
279,51,789.474,421.145,186.308,491.814,0.940995,-1,-1,-1
279,53,713.708,450.397,42.837,106.600,0.232849,-1,-1,-1
279,57,791.032,450.676,33.322,78.881,0.509923,-1,-1,-1
279,59,1529.128,415.037,184.828,338.019,0.953823,-1,-1,-1
279,52,1147.177,436.584,41.218,90.646,0.602089,-1,-1,-1
279,60,1332.908,442.214,37.152,102.064,0.729939,-1,-1,-1
279,10,1030.948,406.135,179.480,396.418,0.758255,-1,-1,-1
279,62,666.379,470.397,63.098,124.076,0.750980,-1,-1,-1
279,5,1692.398,431.779,93.919,195.094,0.615093,-1,-1,-1
279,39,1128.349,440.760,36.586,85.004,0.326108,-1,-1,-1
279,46,747.727,461.567,47.146,123.830,0.253945,-1,-1,-1
279,4,1046.918,430.375,130.417,265.102,0.540991,-1,-1,-1
279,65,1831.868,458.085,86.630,191.056,0.513112,-1,-1,-1
279,19,1426.923,454.518,53.385,190.003,0.119062,-1,-1,-1
280,12,969.239,400.891,256.874,648.075,0.931950,-1,-1,-1
280,18,1420.259,416.873,173.050,437.575,0.911011,-1,-1,-1
280,28,310.862,447.485,35.254,111.199,0.554853,-1,-1,-1
280,36,549.016,452.992,27.978,60.943,0.612566,-1,-1,-1
280,35,501.665,453.095,50.454,104.287,0.876690,-1,-1,-1
280,43,707.170,448.469,88.813,195.546,0.892022,-1,-1,-1
280,32,450.488,457.930,47.376,100.013,0.579449,-1,-1,-1
280,31,382.280,456.004,58.383,118.230,0.842080,-1,-1,-1
280,50,575.965,456.348,27.400,59.733,0.596615,-1,-1,-1
280,51,791.777,422.151,183.956,492.169,0.940924,-1,-1,-1
280,53,712.725,453.662,36.373,98.195,0.209797,-1,-1,-1
280,57,793.577,456.773,33.739,77.032,0.459308,-1,-1,-1
280,59,1538.824,416.272,165.659,330.966,0.934970,-1,-1,-1
280,52,1146.018,440.990,41.532,86.856,0.440831,-1,-1,-1
280,60,1336.267,442.265,35.424,101.151,0.780499,-1,-1,-1
280,10,1039.461,408.610,172.383,401.767,0.673164,-1,-1,-1
280,62,667.098,470.828,61.910,129.242,0.806303,-1,-1,-1
280,5,1689.307,431.783,96.651,167.543,0.420662,-1,-1,-1
280,39,1129.083,447.008,34.297,76.985,0.277819,-1,-1,-1
280,46,752.699,460.741,47.563,120.892,0.310288,-1,-1,-1
280,4,1051.565,428.564,132.184,281.065,0.613596,-1,-1,-1
280,65,1832.232,445.930,87.077,200.130,0.477339,-1,-1,-1
281,12,971.799,403.064,238.922,643.678,0.921473,-1,-1,-1
281,18,1439.709,414.911,155.609,439.489,0.908979,-1,-1,-1
281,28,307.922,446.380,40.367,115.737,0.419679,-1,-1,-1
281,36,548.583,453.548,27.292,60.510,0.633934,-1,-1,-1
281,35,501.844,454.176,49.999,103.108,0.877079,-1,-1,-1
281,43,709.330,451.272,88.573,192.380,0.883756,-1,-1,-1
281,32,450.598,456.074,46.383,100.748,0.601049,-1,-1,-1
281,31,380.657,458.008,57.629,115.902,0.818099,-1,-1,-1
281,50,580.684,456.720,26.536,59.688,0.638802,-1,-1,-1
281,51,794.318,423.772,189.374,492.620,0.946725,-1,-1,-1
281,53,714.184,454.806,30.597,76.814,0.277335,-1,-1,-1
281,57,795.271,458.810,32.927,76.541,0.435598,-1,-1,-1
281,59,1537.462,416.216,155.618,328.403,0.926676,-1,-1,-1
281,52,1145.594,443.960,41.694,85.303,0.528883,-1,-1,-1
281,60,1338.327,442.135,36.283,101.537,0.812612,-1,-1,-1
281,10,1044.651,409.410,163.286,399.415,0.599462,-1,-1,-1
281,62,668.409,473.750,60.812,126.055,0.728416,-1,-1,-1
281,5,1684.380,427.895,100.292,165.067,0.545024,-1,-1,-1
281,39,1127.800,443.050,32.043,76.361,0.136617,-1,-1,-1
281,46,751.085,468.369,52.478,148.698,0.368414,-1,-1,-1
281,4,1055.853,427.520,129.761,271.245,0.638407,-1,-1,-1
281,65,1830.356,443.355,88.915,201.816,0.552154,-1,-1,-1
281,48,575.574,456.501,27.161,60.199,0.666471,-1,-1,-1
282,12,969.051,399.265,237.808,649.507,0.918218,-1,-1,-1
282,18,1441.238,416.414,156.846,438.161,0.913113,-1,-1,-1
282,28,308.785,448.241,38.829,111.454,0.574782,-1,-1,-1
282,36,548.045,454.033,26.957,60.354,0.640434,-1,-1,-1
282,35,502.348,454.486,49.020,103.085,0.875505,-1,-1,-1
282,43,709.497,452.030,92.379,191.573,0.876309,-1,-1,-1
282,32,450.196,457.143,43.715,100.240,0.674201,-1,-1,-1
282,31,379.663,460.359,56.675,113.883,0.830677,-1,-1,-1
282,50,582.493,455.756,26.295,60.365,0.611058,-1,-1,-1
282,51,794.715,424.396,191.310,493.663,0.954339,-1,-1,-1
282,53,716.950,454.813,29.174,62.042,0.203142,-1,-1,-1
282,57,795.596,459.353,32.064,76.130,0.456349,-1,-1,-1
282,59,1536.719,416.187,142.518,320.366,0.889024,-1,-1,-1
282,52,1146.942,446.192,39.588,85.902,0.608082,-1,-1,-1
282,60,1339.577,441.911,37.025,102.875,0.816272,-1,-1,-1
282,10,1041.803,402.235,170.882,412.409,0.642479,-1,-1,-1
282,62,670.852,475.688,59.684,122.686,0.687567,-1,-1,-1
282,5,1695.543,425.725,90.277,158.876,0.282806,-1,-1,-1
282,39,1126.229,443.637,30.886,76.568,0.124119,-1,-1,-1
282,4,1056.461,423.424,123.783,279.991,0.382924,-1,-1,-1
282,65,1831.811,445.709,87.398,199.265,0.563655,-1,-1,-1
282,48,575.531,456.809,26.795,59.873,0.649702,-1,-1,-1
283,12,971.190,394.658,245.359,653.043,0.922861,-1,-1,-1
283,18,1451.605,414.366,178.930,440.364,0.922687,-1,-1,-1
283,28,310.059,449.075,36.820,106.764,0.585888,-1,-1,-1
283,36,548.390,454.113,26.683,60.602,0.634181,-1,-1,-1
283,35,502.519,453.927,48.343,104.155,0.864232,-1,-1,-1
283,43,711.507,453.460,91.734,190.607,0.886913,-1,-1,-1
283,32,447.907,455.548,43.330,98.643,0.707277,-1,-1,-1
283,31,379.776,461.930,55.546,112.544,0.829876,-1,-1,-1
283,50,583.243,455.256,25.838,61.030,0.556887,-1,-1,-1
283,51,796.729,427.172,197.898,491.167,0.948713,-1,-1,-1
283,53,717.909,453.604,26.315,49.622,0.164507,-1,-1,-1
283,57,796.796,459.591,31.818,76.709,0.542586,-1,-1,-1
283,59,1529.693,416.423,111.205,276.539,0.845527,-1,-1,-1
283,52,1146.714,446.529,40.847,93.489,0.643400,-1,-1,-1
283,60,1341.478,442.649,37.263,102.575,0.772376,-1,-1,-1
283,10,1040.323,405.426,188.177,419.273,0.612256,-1,-1,-1
283,62,672.814,481.086,59.025,117.303,0.684371,-1,-1,-1
283,5,1708.032,428.514,78.129,153.186,0.133349,-1,-1,-1
283,4,1056.531,419.512,130.636,324.369,0.699507,-1,-1,-1
283,65,1833.050,445.340,86.267,200.791,0.544529,-1,-1,-1
283,48,576.409,457.545,26.341,59.012,0.694125,-1,-1,-1
284,12,977.529,397.905,252.503,650.184,0.937626,-1,-1,-1
284,18,1463.626,418.704,173.755,435.845,0.934039,-1,-1,-1
284,28,310.985,451.121,36.008,104.330,0.491605,-1,-1,-1
284,36,549.130,454.300,26.386,60.173,0.611042,-1,-1,-1
284,35,502.425,453.064,48.806,105.287,0.865324,-1,-1,-1
284,43,714.128,453.418,88.873,190.820,0.898880,-1,-1,-1
284,32,447.837,456.251,42.704,98.896,0.703097,-1,-1,-1
284,31,380.174,461.630,54.720,112.495,0.842200,-1,-1,-1
284,51,797.579,427.912,204.469,490.743,0.954763,-1,-1,-1
284,57,797.409,458.754,31.195,78.484,0.559403,-1,-1,-1
284,59,1472.751,410.064,118.214,309.572,0.807042,-1,-1,-1
284,52,1146.899,445.434,41.720,98.048,0.743500,-1,-1,-1
284,60,1344.062,441.780,37.170,103.194,0.848354,-1,-1,-1
284,10,1042.991,406.712,190.805,399.533,0.499890,-1,-1,-1
284,62,670.193,479.435,60.721,118.820,0.621997,-1,-1,-1
284,5,1680.493,427.982,103.324,156.010,0.668211,-1,-1,-1
284,4,1058.274,417.371,126.936,322.992,0.557731,-1,-1,-1
284,65,1832.117,447.069,86.789,197.023,0.552785,-1,-1,-1
284,48,577.800,457.467,25.586,58.472,0.645454,-1,-1,-1
285,12,982.448,397.643,253.914,650.285,0.942362,-1,-1,-1
285,18,1480.970,419.601,160.916,436.790,0.940355,-1,-1,-1
285,28,311.410,452.819,33.761,94.158,0.434557,-1,-1,-1
285,36,549.888,453.799,26.195,60.933,0.643187,-1,-1,-1
285,35,501.707,452.564,49.119,105.783,0.870041,-1,-1,-1
285,43,712.602,451.526,91.319,193.258,0.885952,-1,-1,-1
285,32,447.817,454.013,44.006,100.158,0.600002,-1,-1,-1
285,31,378.870,462.042,56.035,112.351,0.800336,-1,-1,-1
285,51,798.878,428.536,214.265,490.813,0.956299,-1,-1,-1
285,57,800.194,460.014,35.643,87.550,0.621808,-1,-1,-1
285,59,1459.668,412.808,122.892,344.982,0.837830,-1,-1,-1
285,52,1148.566,442.818,43.476,97.514,0.782445,-1,-1,-1
285,60,1345.648,441.273,38.576,103.708,0.850995,-1,-1,-1
285,62,668.984,481.364,61.807,121.378,0.271990,-1,-1,-1
285,5,1672.871,422.777,109.667,159.974,0.541049,-1,-1,-1
285,4,1041.036,407.338,150.007,336.595,0.120578,-1,-1,-1
285,65,1831.334,438.438,87.276,205.526,0.612419,-1,-1,-1
285,48,577.555,457.466,26.110,58.755,0.694097,-1,-1,-1
285,67,962.451,444.047,55.314,136.560,0.739920,-1,-1,-1
285,19,1467.411,430.116,74.360,234.858,0.663735,-1,-1,-1
286,12,986.645,395.389,255.213,651.124,0.946428,-1,-1,-1
286,18,1485.631,421.231,167.862,437.824,0.952928,-1,-1,-1
286,28,311.564,453.853,32.974,89.067,0.442637,-1,-1,-1
286,36,550.897,453.663,25.769,61.143,0.631284,-1,-1,-1
286,35,501.405,452.035,49.451,106.211,0.866938,-1,-1,-1
286,43,714.838,450.862,90.278,197.383,0.899410,-1,-1,-1
286,32,446.533,451.571,46.239,101.618,0.616010,-1,-1,-1
286,31,378.049,461.400,56.638,113.494,0.824838,-1,-1,-1
286,51,802.521,428.166,215.714,491.052,0.955471,-1,-1,-1
286,57,802.569,464.666,36.486,87.383,0.622552,-1,-1,-1
286,59,1457.300,415.648,113.252,356.891,0.732498,-1,-1,-1
286,52,1147.652,442.389,45.436,100.840,0.803363,-1,-1,-1
286,60,1346.881,441.431,40.113,103.934,0.873888,-1,-1,-1
286,62,668.752,475.534,64.581,124.835,0.617177,-1,-1,-1
286,5,1666.943,425.502,112.439,156.818,0.530011,-1,-1,-1
286,4,1049.670,412.156,131.185,291.770,0.519761,-1,-1,-1
286,65,1829.793,445.137,88.852,198.821,0.446783,-1,-1,-1
286,48,577.455,457.048,26.187,59.512,0.657884,-1,-1,-1
286,67,958.113,451.219,60.510,140.273,0.758515,-1,-1,-1
286,19,1470.529,430.813,78.634,266.614,0.801797,-1,-1,-1
287,12,989.560,396.155,253.343,650.211,0.943456,-1,-1,-1
287,18,1487.260,424.454,191.023,436.168,0.948617,-1,-1,-1
287,28,310.416,453.788,36.842,98.777,0.449008,-1,-1,-1
287,36,551.905,454.250,25.002,61.423,0.637872,-1,-1,-1
287,35,502.048,452.184,48.746,106.144,0.873529,-1,-1,-1
287,43,717.054,445.237,92.037,202.834,0.919864,-1,-1,-1
287,32,448.393,455.543,43.616,99.517,0.592683,-1,-1,-1
287,31,377.781,461.970,55.248,110.707,0.850538,-1,-1,-1
287,51,804.810,428.584,214.703,490.674,0.952394,-1,-1,-1
287,57,802.255,460.210,36.566,93.388,0.612009,-1,-1,-1
287,59,1462.412,417.828,103.650,356.998,0.602810,-1,-1,-1
287,52,1148.822,443.520,43.302,100.351,0.796738,-1,-1,-1
287,60,1347.510,442.497,40.762,103.326,0.854619,-1,-1,-1
287,62,683.127,475.536,54.097,108.417,0.605999,-1,-1,-1
287,5,1665.724,427.036,112.365,164.040,0.474972,-1,-1,-1
287,4,1056.704,412.901,118.049,271.035,0.504276,-1,-1,-1
287,65,1828.141,457.006,88.942,186.472,0.562389,-1,-1,-1
287,48,577.294,457.276,26.031,59.367,0.652024,-1,-1,-1
287,67,963.574,448.464,53.324,138.299,0.771283,-1,-1,-1
287,19,1477.436,428.631,76.345,264.186,0.802619,-1,-1,-1
288,12,990.892,393.381,253.409,652.154,0.955379,-1,-1,-1
288,18,1490.997,428.693,215.579,433.831,0.959599,-1,-1,-1
288,28,309.658,453.540,38.588,102.644,0.435558,-1,-1,-1
288,36,551.803,455.409,24.483,60.779,0.622244,-1,-1,-1
288,35,503.997,452.812,46.358,106.679,0.865382,-1,-1,-1
288,43,720.037,443.560,91.526,204.392,0.916083,-1,-1,-1
288,32,447.763,458.707,43.162,97.180,0.602707,-1,-1,-1
288,31,378.132,462.777,54.751,110.963,0.840190,-1,-1,-1
288,51,809.039,427.969,211.698,490.288,0.944582,-1,-1,-1
288,57,801.799,462.784,37.259,93.929,0.637560,-1,-1,-1
288,59,1469.789,411.206,109.543,367.727,0.863586,-1,-1,-1
288,52,1150.184,441.550,43.297,100.989,0.822441,-1,-1,-1
288,60,1348.922,442.044,44.671,105.095,0.822569,-1,-1,-1
288,62,682.574,477.787,55.528,111.663,0.691535,-1,-1,-1
288,5,1663.742,426.901,113.823,174.470,0.551960,-1,-1,-1
288,4,1064.845,415.793,108.448,256.667,0.399640,-1,-1,-1
288,65,1836.111,407.319,82.845,241.268,0.620370,-1,-1,-1
288,48,578.040,458.858,25.373,58.156,0.598804,-1,-1,-1
288,67,962.928,458.916,53.718,129.223,0.719408,-1,-1,-1
288,19,1482.731,418.240,80.781,273.027,0.675332,-1,-1,-1
288,46,792.080,457.182,37.328,102.998,0.665784,-1,-1,-1
289,12,991.002,395.260,255.267,649.129,0.940792,-1,-1,-1
289,18,1497.544,432.914,233.660,432.561,0.966319,-1,-1,-1
289,28,310.278,452.385,37.529,104.544,0.624849,-1,-1,-1
289,36,550.644,455.283,25.019,60.309,0.619160,-1,-1,-1
289,35,504.629,453.036,46.507,106.899,0.855623,-1,-1,-1
289,43,724.833,440.704,90.448,205.536,0.912195,-1,-1,-1
289,32,447.745,455.070,40.009,91.928,0.392513,-1,-1,-1
289,31,377.205,463.155,54.800,108.850,0.801246,-1,-1,-1
289,51,810.577,428.654,210.733,490.443,0.947284,-1,-1,-1
289,57,803.380,461.217,35.368,93.337,0.751281,-1,-1,-1
289,59,1460.881,411.872,115.720,339.916,0.897400,-1,-1,-1
289,52,1151.560,441.202,44.128,100.719,0.810598,-1,-1,-1
289,60,1351.691,442.091,46.400,104.850,0.843032,-1,-1,-1
289,62,673.459,480.474,60.527,113.554,0.716773,-1,-1,-1
289,5,1662.711,427.110,116.162,164.065,0.576154,-1,-1,-1
289,4,1063.739,417.404,109.875,242.769,0.264383,-1,-1,-1
289,65,1830.862,432.414,87.506,212.966,0.542248,-1,-1,-1
289,67,966.263,478.191,49.045,110.223,0.597378,-1,-1,-1
289,46,795.747,454.566,33.131,96.411,0.601007,-1,-1,-1
289,50,583.024,458.145,26.358,58.234,0.620799,-1,-1,-1
290,12,994.930,396.683,248.869,647.576,0.930737,-1,-1,-1
290,18,1494.951,435.398,248.830,432.396,0.964734,-1,-1,-1
290,28,310.506,450.580,36.625,107.483,0.554559,-1,-1,-1
290,36,549.754,454.974,26.394,60.793,0.605204,-1,-1,-1
290,35,503.764,455.226,47.068,102.604,0.847094,-1,-1,-1
290,43,727.315,439.490,91.602,206.460,0.917177,-1,-1,-1
290,32,445.561,464.110,41.054,89.489,0.589675,-1,-1,-1
290,31,376.965,465.022,53.839,106.844,0.768279,-1,-1,-1
290,51,815.806,427.311,207.110,492.482,0.943637,-1,-1,-1
290,57,806.526,469.861,34.329,84.615,0.488466,-1,-1,-1
290,59,1436.720,410.885,149.940,327.415,0.901797,-1,-1,-1
290,52,1150.847,438.851,46.749,107.445,0.806049,-1,-1,-1
290,60,1353.551,439.085,47.968,108.040,0.715374,-1,-1,-1
290,62,671.392,478.276,64.513,117.624,0.810143,-1,-1,-1
290,5,1666.673,424.564,115.954,178.147,0.567765,-1,-1,-1
290,4,1066.603,419.471,106.667,223.188,0.317704,-1,-1,-1
290,65,1831.294,430.068,87.094,214.215,0.539179,-1,-1,-1
290,67,965.596,456.446,51.617,129.779,0.600529,-1,-1,-1
290,46,803.292,456.564,31.637,88.586,0.292180,-1,-1,-1
290,48,577.735,456.950,27.032,59.993,0.621007,-1,-1,-1
291,12,996.218,397.747,233.685,647.322,0.931405,-1,-1,-1
291,18,1499.106,425.875,259.519,446.151,0.972741,-1,-1,-1
291,28,309.654,449.429,37.248,111.275,0.591007,-1,-1,-1
291,36,550.059,455.197,26.715,60.773,0.560191,-1,-1,-1
291,35,505.870,453.940,44.770,104.331,0.812021,-1,-1,-1
291,43,731.645,440.752,86.147,205.007,0.924254,-1,-1,-1
291,32,445.322,467.399,40.070,88.130,0.513160,-1,-1,-1
291,31,377.342,464.297,49.544,108.497,0.703391,-1,-1,-1
291,51,818.483,425.625,207.637,494.626,0.947861,-1,-1,-1
291,57,805.526,479.761,33.537,75.411,0.396721,-1,-1,-1
291,59,1421.522,412.728,169.986,333.236,0.902265,-1,-1,-1
291,52,1150.623,439.109,48.467,113.067,0.789266,-1,-1,-1
291,60,1355.244,439.561,49.155,108.542,0.787499,-1,-1,-1
291,62,668.664,475.284,65.787,125.411,0.829361,-1,-1,-1
291,5,1665.341,423.589,118.360,171.053,0.504689,-1,-1,-1
291,4,1065.948,420.329,108.117,220.357,0.296454,-1,-1,-1
291,65,1830.532,444.162,87.428,199.846,0.610655,-1,-1,-1
291,67,968.568,446.685,47.677,140.206,0.695333,-1,-1,-1
291,46,809.842,460.903,28.677,76.326,0.130310,-1,-1,-1
291,48,578.474,456.555,26.589,59.838,0.582877,-1,-1,-1
292,12,996.724,400.639,233.790,644.442,0.924573,-1,-1,-1
292,18,1495.645,431.254,264.984,442.620,0.959734,-1,-1,-1
292,28,311.173,449.442,34.628,102.010,0.536043,-1,-1,-1
292,36,550.038,454.491,27.017,59.531,0.597799,-1,-1,-1
292,35,503.877,454.459,46.018,102.682,0.827232,-1,-1,-1
292,43,740.061,441.443,82.660,206.251,0.914135,-1,-1,-1
292,32,440.098,471.835,42.646,84.873,0.436107,-1,-1,-1
292,31,377.521,466.394,47.932,105.303,0.704764,-1,-1,-1
292,51,821.331,425.357,208.992,496.671,0.944988,-1,-1,-1
292,57,808.837,479.172,33.419,74.762,0.398343,-1,-1,-1
292,59,1404.843,424.667,181.558,299.481,0.805291,-1,-1,-1
292,52,1152.160,437.474,47.911,117.020,0.851369,-1,-1,-1
292,60,1354.220,440.625,52.348,106.526,0.706478,-1,-1,-1
292,62,669.185,477.625,65.224,126.292,0.790470,-1,-1,-1
292,5,1667.952,426.563,117.413,161.665,0.603471,-1,-1,-1
292,4,1069.079,428.867,105.222,206.761,0.325208,-1,-1,-1
292,65,1828.849,460.142,85.274,181.640,0.398974,-1,-1,-1
292,67,965.490,446.635,52.704,141.481,0.762136,-1,-1,-1
292,48,578.170,456.071,27.373,60.470,0.696494,-1,-1,-1
292,19,1487.911,417.163,164.038,342.199,0.752617,-1,-1,-1
293,12,996.702,403.480,242.774,640.053,0.931671,-1,-1,-1
293,18,1499.424,431.694,269.087,449.634,0.953850,-1,-1,-1
293,28,312.106,450.666,34.371,102.321,0.524086,-1,-1,-1
293,36,550.265,454.379,26.987,59.443,0.586230,-1,-1,-1
293,35,502.641,453.740,45.815,102.987,0.837552,-1,-1,-1
293,43,745.127,443.966,77.228,202.490,0.904173,-1,-1,-1
293,32,432.307,470.209,47.911,88.085,0.512681,-1,-1,-1
293,31,375.977,462.596,48.716,108.702,0.786044,-1,-1,-1
293,51,825.712,424.155,202.875,496.405,0.941241,-1,-1,-1
293,57,809.784,478.050,32.712,74.388,0.369607,-1,-1,-1
293,59,1396.224,426.434,170.688,290.893,0.858292,-1,-1,-1
293,52,1152.730,436.433,48.021,115.892,0.868035,-1,-1,-1
293,60,1355.723,441.150,54.071,105.392,0.783547,-1,-1,-1
293,62,674.868,482.151,58.412,114.843,0.711037,-1,-1,-1
293,5,1666.861,429.982,113.034,157.851,0.499525,-1,-1,-1
293,4,1069.863,428.179,103.392,213.772,0.283934,-1,-1,-1
293,65,1824.153,466.659,88.921,176.263,0.412288,-1,-1,-1
293,67,967.370,442.301,48.195,140.057,0.681784,-1,-1,-1
293,48,577.301,457.156,26.676,58.638,0.653108,-1,-1,-1
293,69,1454.995,431.674,65.308,160.208,0.726583,-1,-1,-1
293,19,1487.337,414.433,176.662,354.734,0.666501,-1,-1,-1
294,12,995.034,402.158,249.366,640.088,0.939778,-1,-1,-1
294,18,1498.707,432.135,275.405,453.843,0.949311,-1,-1,-1
294,28,312.051,450.569,34.719,101.956,0.498114,-1,-1,-1
294,36,552.129,454.613,27.487,59.125,0.589166,-1,-1,-1
294,35,503.227,455.307,44.285,100.593,0.832463,-1,-1,-1
294,43,746.531,444.218,78.402,197.473,0.870853,-1,-1,-1
294,32,431.525,472.267,47.735,85.462,0.487837,-1,-1,-1
294,31,375.769,462.217,48.933,109.494,0.790235,-1,-1,-1
294,51,831.778,425.274,199.510,495.923,0.941970,-1,-1,-1
294,57,809.258,474.643,33.911,77.671,0.393324,-1,-1,-1
294,59,1391.933,424.774,162.038,292.692,0.933745,-1,-1,-1
294,52,1154.860,436.337,46.602,114.934,0.885548,-1,-1,-1
294,60,1359.710,441.124,50.966,105.473,0.809827,-1,-1,-1
294,62,675.619,484.868,58.714,115.071,0.725569,-1,-1,-1
294,5,1667.047,433.058,109.953,160.393,0.570142,-1,-1,-1
294,4,1072.398,431.948,100.783,205.945,0.285696,-1,-1,-1
294,65,1825.883,445.895,90.695,198.027,0.496617,-1,-1,-1
294,67,969.982,441.167,42.724,125.177,0.561627,-1,-1,-1
294,48,575.676,457.680,26.473,58.009,0.663122,-1,-1,-1
294,19,1492.964,424.892,167.019,352.814,0.728286,-1,-1,-1
294,70,1521.585,428.234,102.988,273.806,0.612738,-1,-1,-1
294,50,583.152,458.095,25.214,57.457,0.608286,-1,-1,-1
295,12,995.681,400.215,244.197,640.579,0.935369,-1,-1,-1
295,18,1496.696,429.423,277.977,454.362,0.939603,-1,-1,-1
295,28,312.017,452.226,33.798,94.706,0.451990,-1,-1,-1
295,36,551.856,455.884,27.300,58.341,0.585142,-1,-1,-1
295,35,502.987,455.932,45.940,101.070,0.847575,-1,-1,-1
295,43,750.159,445.792,79.521,193.879,0.855308,-1,-1,-1
295,32,422.108,472.835,58.073,88.054,0.560791,-1,-1,-1
295,31,375.764,463.018,48.341,109.533,0.809781,-1,-1,-1
295,51,836.261,422.870,196.993,500.250,0.943973,-1,-1,-1
295,57,809.777,474.791,33.754,75.578,0.322584,-1,-1,-1
295,59,1388.699,423.805,167.113,291.595,0.932356,-1,-1,-1
295,52,1156.626,439.992,48.009,113.442,0.859192,-1,-1,-1
295,60,1365.388,441.253,48.530,104.759,0.841851,-1,-1,-1
295,62,676.652,484.925,58.054,115.856,0.720677,-1,-1,-1
295,5,1669.160,428.720,111.536,180.969,0.705280,-1,-1,-1
295,4,1069.791,440.888,104.179,196.534,0.312949,-1,-1,-1
295,65,1825.804,437.207,92.136,209.200,0.557064,-1,-1,-1
295,67,970.848,447.822,45.120,111.360,0.306223,-1,-1,-1
295,48,575.790,457.882,26.082,57.650,0.649380,-1,-1,-1
295,19,1511.109,421.789,149.873,312.116,0.823531,-1,-1,-1
295,70,1529.408,432.462,97.825,245.862,0.650801,-1,-1,-1
295,50,583.478,457.801,25.481,57.798,0.623839,-1,-1,-1
296,12,996.717,401.888,243.363,638.606,0.933871,-1,-1,-1
296,18,1501.777,425.826,274.893,457.302,0.943972,-1,-1,-1
296,28,310.407,452.164,36.771,105.700,0.615366,-1,-1,-1
296,36,552.938,455.660,26.869,58.742,0.585762,-1,-1,-1
296,35,503.084,455.558,44.577,100.491,0.816019,-1,-1,-1
296,43,754.922,444.807,78.969,198.979,0.885835,-1,-1,-1
296,32,418.982,473.291,62.466,88.448,0.645151,-1,-1,-1
296,31,375.280,462.128,48.629,111.227,0.837811,-1,-1,-1
296,51,841.893,422.235,188.361,502.039,0.944773,-1,-1,-1
296,57,807.996,473.887,33.585,74.869,0.369983,-1,-1,-1
296,59,1386.225,423.909,169.034,290.985,0.920362,-1,-1,-1
296,52,1156.099,440.002,50.903,113.936,0.865472,-1,-1,-1
296,60,1372.110,440.563,44.036,105.237,0.798978,-1,-1,-1
296,62,675.859,483.227,57.657,120.801,0.752580,-1,-1,-1
296,5,1679.609,427.078,103.053,174.968,0.677155,-1,-1,-1
296,4,1070.714,443.368,105.375,218.081,0.278827,-1,-1,-1
296,65,1825.422,437.310,92.700,208.148,0.562817,-1,-1,-1
296,67,969.209,446.697,47.141,112.461,0.608996,-1,-1,-1
296,48,576.027,457.677,25.832,57.618,0.645944,-1,-1,-1
296,70,1540.538,426.915,110.860,241.160,0.788700,-1,-1,-1
296,50,583.239,457.555,25.478,57.418,0.629730,-1,-1,-1
297,12,999.038,402.078,233.519,636.361,0.934145,-1,-1,-1
297,18,1507.423,420.346,276.447,462.763,0.940005,-1,-1,-1
297,28,309.575,451.555,38.967,112.307,0.542036,-1,-1,-1
297,36,553.631,455.017,26.941,59.183,0.578375,-1,-1,-1
297,35,502.868,454.445,44.672,101.572,0.834868,-1,-1,-1
297,43,756.676,442.010,81.472,204.245,0.892876,-1,-1,-1
297,32,418.052,473.623,63.597,88.021,0.593249,-1,-1,-1
297,31,375.261,462.471,48.185,111.208,0.803152,-1,-1,-1
297,51,843.430,422.352,185.783,501.598,0.943472,-1,-1,-1
297,57,809.932,466.126,33.652,81.407,0.370199,-1,-1,-1
297,59,1388.812,422.388,154.644,292.089,0.921998,-1,-1,-1
297,52,1155.282,438.802,54.285,113.987,0.841975,-1,-1,-1
297,60,1374.502,438.436,43.833,108.493,0.754761,-1,-1,-1
297,62,674.206,482.153,59.275,123.627,0.754912,-1,-1,-1
297,5,1685.546,425.614,98.568,170.566,0.587216,-1,-1,-1
297,4,1070.072,444.302,106.473,229.191,0.249841,-1,-1,-1
297,65,1827.585,400.152,91.770,248.998,0.595745,-1,-1,-1
297,67,970.357,459.694,42.555,110.342,0.373950,-1,-1,-1
297,48,575.819,457.137,26.169,57.902,0.674952,-1,-1,-1
297,50,583.999,455.705,26.620,59.508,0.561234,-1,-1,-1
297,19,1544.766,420.782,115.881,290.529,0.815572,-1,-1,-1
298,12,1001.429,401.427,243.836,635.426,0.942908,-1,-1,-1
298,18,1514.352,427.607,271.373,455.587,0.926370,-1,-1,-1
298,28,306.653,449.140,45.352,116.392,0.473482,-1,-1,-1
298,36,553.701,454.617,26.948,59.752,0.578188,-1,-1,-1
298,35,502.322,452.654,45.951,103.434,0.849972,-1,-1,-1
298,43,755.907,441.732,85.006,202.559,0.909712,-1,-1,-1
298,32,424.846,472.209,58.287,88.087,0.551556,-1,-1,-1
298,31,375.091,462.482,48.756,111.260,0.787384,-1,-1,-1
298,51,845.993,420.523,182.875,504.904,0.947526,-1,-1,-1
298,57,807.436,463.696,35.125,84.319,0.301926,-1,-1,-1
298,59,1390.240,423.453,140.333,285.654,0.916595,-1,-1,-1
298,52,1154.157,439.260,58.997,112.626,0.864148,-1,-1,-1
298,60,1377.524,437.318,40.247,109.001,0.517073,-1,-1,-1
298,62,675.121,482.372,58.166,121.815,0.727732,-1,-1,-1
298,5,1686.171,426.498,98.875,168.891,0.657573,-1,-1,-1
298,4,1074.851,450.629,102.175,217.901,0.379966,-1,-1,-1
298,65,1827.406,390.830,92.409,260.164,0.627250,-1,-1,-1
298,67,964.520,458.762,56.411,144.247,0.623016,-1,-1,-1
298,48,575.631,457.428,26.518,57.991,0.664251,-1,-1,-1
298,50,582.565,455.332,27.748,60.824,0.548807,-1,-1,-1
298,19,1558.418,426.382,108.160,254.767,0.809998,-1,-1,-1
298,56,724.838,470.076,52.589,127.440,0.625552,-1,-1,-1
299,12,1002.248,400.880,253.181,635.387,0.949661,-1,-1,-1
299,18,1529.546,426.087,261.429,459.668,0.935367,-1,-1,-1
299,28,306.509,451.543,43.699,112.639,0.257674,-1,-1,-1
299,36,552.485,454.218,27.557,60.102,0.565996,-1,-1,-1
299,35,502.236,452.726,45.637,103.846,0.796757,-1,-1,-1
299,43,758.082,443.788,86.109,202.698,0.920248,-1,-1,-1
299,32,423.393,471.992,61.317,89.522,0.567907,-1,-1,-1
299,31,375.316,464.621,50.197,108.756,0.802133,-1,-1,-1
299,51,848.168,421.062,180.521,506.252,0.945463,-1,-1,-1
299,57,807.630,458.255,35.757,89.321,0.200029,-1,-1,-1
299,59,1386.427,435.853,125.569,269.401,0.929155,-1,-1,-1
299,52,1155.447,440.098,60.479,111.155,0.859192,-1,-1,-1
299,60,1381.786,435.011,39.945,108.620,0.652125,-1,-1,-1
299,62,674.970,482.410,57.601,123.882,0.748003,-1,-1,-1
299,5,1694.634,425.051,91.415,164.989,0.157340,-1,-1,-1
299,4,1068.125,446.793,110.007,233.070,0.318322,-1,-1,-1
299,65,1827.119,392.596,92.309,260.017,0.550343,-1,-1,-1
299,67,959.656,456.763,62.117,157.681,0.483465,-1,-1,-1
299,48,575.903,457.319,26.814,57.736,0.664264,-1,-1,-1
299,19,1564.872,423.527,109.515,299.877,0.845076,-1,-1,-1
299,56,729.095,473.099,50.689,123.913,0.663791,-1,-1,-1
300,12,1006.232,402.115,260.103,631.268,0.953071,-1,-1,-1
300,18,1588.949,423.422,206.948,463.806,0.929143,-1,-1,-1
300,28,306.796,452.174,44.325,114.271,0.366552,-1,-1,-1
300,36,551.646,453.617,28.053,60.255,0.587605,-1,-1,-1
300,35,502.024,450.636,46.936,106.501,0.809403,-1,-1,-1
300,43,761.374,442.963,84.770,206.749,0.922781,-1,-1,-1
300,32,416.627,469.421,65.871,93.264,0.462858,-1,-1,-1
300,31,374.105,466.276,52.265,108.332,0.751328,-1,-1,-1
300,51,850.583,420.387,177.848,509.297,0.947395,-1,-1,-1
300,57,805.350,456.139,37.168,93.061,0.235962,-1,-1,-1
300,59,1383.912,421.442,109.600,285.307,0.940838,-1,-1,-1
300,52,1158.014,439.969,59.901,111.577,0.878333,-1,-1,-1
300,60,1385.041,428.771,41.495,121.681,0.359158,-1,-1,-1
300,62,677.365,483.283,54.830,114.788,0.740359,-1,-1,-1
300,5,1708.549,424.422,77.863,166.296,0.206582,-1,-1,-1
300,4,1064.628,438.442,114.480,242.866,0.289171,-1,-1,-1
300,65,1826.657,402.579,92.724,249.487,0.615088,-1,-1,-1
300,67,962.414,451.141,57.622,162.269,0.294577,-1,-1,-1
300,48,576.881,457.249,27.350,57.269,0.666836,-1,-1,-1
300,19,1574.712,424.037,111.830,302.688,0.861236,-1,-1,-1
300,56,731.942,475.589,48.632,123.235,0.762513,-1,-1,-1
300,46,832.602,455.184,41.454,97.218,0.639254,-1,-1,-1
301,12,1006.122,402.946,264.507,625.331,0.946135,-1,-1,-1
301,18,1603.555,415.386,200.881,472.045,0.938512,-1,-1,-1
301,28,307.143,452.730,43.558,113.981,0.245362,-1,-1,-1
301,36,551.137,453.962,28.095,61.144,0.626038,-1,-1,-1
301,35,502.282,449.034,45.826,108.809,0.811677,-1,-1,-1
301,43,765.079,441.548,82.310,210.397,0.928462,-1,-1,-1
301,32,414.796,471.014,66.723,90.503,0.399239,-1,-1,-1
301,31,374.203,464.060,52.935,111.185,0.771510,-1,-1,-1
301,51,851.935,420.255,176.451,513.138,0.943376,-1,-1,-1
301,57,806.007,456.188,37.177,95.100,0.238129,-1,-1,-1
301,59,1381.219,420.036,93.699,286.042,0.915653,-1,-1,-1
301,52,1160.176,442.370,59.775,109.157,0.869927,-1,-1,-1
301,60,1382.196,435.611,44.437,118.138,0.358266,-1,-1,-1
301,62,676.668,481.362,53.218,115.983,0.753610,-1,-1,-1
301,5,1712.227,424.341,75.349,166.099,0.759705,-1,-1,-1
301,4,1065.265,441.490,111.226,231.566,0.243091,-1,-1,-1
301,65,1825.969,405.370,92.902,246.836,0.632048,-1,-1,-1
301,67,959.632,456.668,62.496,166.970,0.299181,-1,-1,-1
301,48,579.716,458.256,27.433,56.844,0.668059,-1,-1,-1
301,19,1581.617,425.965,109.781,262.084,0.888299,-1,-1,-1
301,56,735.012,475.907,46.327,123.553,0.834423,-1,-1,-1
301,46,835.010,455.557,41.439,95.608,0.592535,-1,-1,-1
302,12,1004.304,407.541,267.134,607.590,0.934143,-1,-1,-1
302,18,1588.375,411.001,223.155,480.375,0.938271,-1,-1,-1
302,28,307.847,452.624,42.802,114.129,0.225236,-1,-1,-1
302,36,549.982,454.127,28.166,61.851,0.683409,-1,-1,-1
302,35,502.324,448.966,45.890,110.269,0.837707,-1,-1,-1
302,43,764.837,444.044,87.650,208.769,0.924175,-1,-1,-1
302,32,420.164,463.411,58.392,95.580,0.390749,-1,-1,-1
302,31,375.480,463.008,51.629,111.149,0.781219,-1,-1,-1
302,51,852.222,418.346,175.621,520.366,0.937926,-1,-1,-1
302,57,806.675,456.949,40.071,95.009,0.205505,-1,-1,-1
302,59,1369.500,429.775,92.676,276.203,0.913939,-1,-1,-1
302,52,1163.224,444.180,59.163,106.433,0.877292,-1,-1,-1
302,60,1376.798,430.827,46.238,141.140,0.317087,-1,-1,-1
302,62,676.045,480.586,54.388,119.438,0.776035,-1,-1,-1
302,5,1713.905,424.201,74.474,163.161,0.730155,-1,-1,-1
302,4,1066.671,441.402,106.507,204.337,0.245002,-1,-1,-1
302,65,1825.730,395.004,93.846,256.147,0.659415,-1,-1,-1
302,67,960.003,452.073,59.548,170.076,0.274684,-1,-1,-1
302,48,580.766,457.031,27.452,58.264,0.717758,-1,-1,-1
302,19,1584.176,421.368,119.985,305.351,0.866180,-1,-1,-1
302,56,734.784,475.775,47.144,122.910,0.811570,-1,-1,-1
302,46,837.734,456.969,40.575,91.840,0.581913,-1,-1,-1
302,71,699.495,477.372,44.710,107.776,0.659110,-1,-1,-1
302,72,0.567,519.710,122.840,350.932,0.829613,-1,-1,-1
303,12,1006.009,407.461,270.678,602.328,0.938165,-1,-1,-1
303,18,1624.639,405.834,196.693,488.161,0.947869,-1,-1,-1
303,28,308.008,451.233,40.743,111.457,0.182692,-1,-1,-1
303,36,549.433,454.676,28.195,61.192,0.655127,-1,-1,-1
303,35,501.534,447.959,47.383,112.095,0.827904,-1,-1,-1
303,43,766.939,442.108,87.493,213.315,0.924676,-1,-1,-1
303,32,416.268,464.531,64.338,94.436,0.578350,-1,-1,-1
303,31,373.726,461.565,52.955,111.873,0.816394,-1,-1,-1
303,51,852.625,416.575,175.016,526.292,0.944207,-1,-1,-1
303,57,807.616,455.776,37.075,92.739,0.112238,-1,-1,-1
303,59,1353.846,432.695,96.026,274.178,0.931505,-1,-1,-1
303,52,1167.404,444.354,54.301,105.681,0.839695,-1,-1,-1
303,60,1366.778,434.180,51.784,140.598,0.291517,-1,-1,-1
303,62,676.871,480.909,54.918,114.221,0.738212,-1,-1,-1
303,5,1723.754,430.228,66.277,163.176,0.156806,-1,-1,-1
303,4,1064.665,438.266,112.955,223.043,0.292711,-1,-1,-1
303,65,1827.255,389.062,92.360,263.387,0.727380,-1,-1,-1
303,67,958.448,449.827,61.539,173.500,0.337910,-1,-1,-1
303,48,578.062,456.469,27.592,58.111,0.692887,-1,-1,-1
303,19,1590.010,419.536,128.731,329.166,0.855452,-1,-1,-1
303,56,735.798,476.415,47.150,122.863,0.818206,-1,-1,-1
303,46,838.421,455.460,41.951,94.325,0.654344,-1,-1,-1
303,71,695.842,476.252,45.925,105.880,0.667222,-1,-1,-1
303,72,0.503,513.097,126.270,358.858,0.872255,-1,-1,-1
304,12,1008.664,408.831,270.406,610.679,0.934159,-1,-1,-1
304,18,1638.701,404.265,191.557,495.428,0.949063,-1,-1,-1
304,28,308.086,451.234,40.712,111.747,0.241230,-1,-1,-1
304,36,549.085,455.056,28.760,61.308,0.698868,-1,-1,-1
304,35,500.019,448.880,48.737,111.918,0.827435,-1,-1,-1
304,43,769.333,439.905,88.956,218.853,0.927288,-1,-1,-1
304,32,414.024,461.633,65.365,101.108,0.691760,-1,-1,-1
304,31,374.556,460.214,50.133,113.767,0.826124,-1,-1,-1
304,51,854.236,415.456,174.123,531.786,0.944119,-1,-1,-1
304,57,812.233,460.130,38.635,94.981,0.156318,-1,-1,-1
304,59,1343.182,424.397,100.967,281.890,0.944157,-1,-1,-1
304,52,1165.185,444.085,45.795,106.079,0.626022,-1,-1,-1
304,60,1360.843,427.187,68.029,158.113,0.190730,-1,-1,-1
304,62,675.859,481.618,55.952,121.829,0.814561,-1,-1,-1
304,4,1066.226,437.935,112.424,228.833,0.268633,-1,-1,-1
304,65,1829.109,388.382,90.356,264.950,0.682069,-1,-1,-1
304,67,961.780,452.546,56.878,167.873,0.302379,-1,-1,-1
304,48,579.177,456.985,28.915,58.110,0.727618,-1,-1,-1
304,19,1594.903,419.783,129.172,359.783,0.883538,-1,-1,-1
304,56,735.683,476.710,51.406,122.944,0.814171,-1,-1,-1
304,46,839.843,457.192,43.956,95.675,0.585743,-1,-1,-1
304,71,693.238,475.807,47.475,106.272,0.678823,-1,-1,-1
304,72,0.461,512.035,128.252,361.562,0.900556,-1,-1,-1
305,12,1008.337,407.926,268.978,611.238,0.929855,-1,-1,-1
305,18,1659.106,412.913,176.809,496.680,0.951995,-1,-1,-1
305,28,306.375,451.893,43.253,114.371,0.289756,-1,-1,-1
305,36,549.209,455.559,28.454,60.729,0.686705,-1,-1,-1
305,35,500.243,450.048,48.204,110.509,0.797533,-1,-1,-1
305,43,769.534,440.835,89.589,218.649,0.924248,-1,-1,-1
305,32,412.130,455.554,68.013,109.878,0.768293,-1,-1,-1
305,31,375.340,459.165,48.238,114.980,0.822751,-1,-1,-1
305,51,856.536,415.531,170.561,533.429,0.944287,-1,-1,-1
305,57,813.165,460.087,40.798,97.515,0.204464,-1,-1,-1
305,59,1331.356,412.323,111.392,293.565,0.949439,-1,-1,-1
305,52,1176.022,442.537,44.874,105.946,0.877544,-1,-1,-1
305,62,674.959,482.587,57.350,123.095,0.757705,-1,-1,-1
305,4,1074.674,445.493,106.035,222.724,0.222603,-1,-1,-1
305,65,1833.678,391.941,85.704,284.814,0.634654,-1,-1,-1
305,67,960.588,451.959,56.972,169.239,0.287536,-1,-1,-1
305,48,576.318,456.007,28.369,58.624,0.711649,-1,-1,-1
305,19,1600.073,412.041,135.206,388.711,0.879265,-1,-1,-1
305,56,734.452,477.651,53.693,121.410,0.787889,-1,-1,-1
305,46,840.575,455.930,44.214,98.780,0.677224,-1,-1,-1
305,71,692.743,475.086,47.442,100.211,0.655623,-1,-1,-1
305,72,0.096,502.644,128.436,371.658,0.880310,-1,-1,-1
306,12,1006.839,409.119,273.287,602.164,0.937917,-1,-1,-1
306,18,1666.687,417.121,183.628,495.715,0.942714,-1,-1,-1
306,28,303.850,453.339,45.711,111.038,0.237770,-1,-1,-1
306,36,548.746,455.047,29.042,60.989,0.718268,-1,-1,-1
306,35,498.396,449.823,49.276,110.161,0.843375,-1,-1,-1
306,43,772.521,435.683,85.305,222.912,0.920668,-1,-1,-1
306,32,411.445,461.965,68.449,103.837,0.685078,-1,-1,-1
306,31,374.288,459.656,49.774,114.198,0.817867,-1,-1,-1
306,51,859.114,415.990,168.123,531.723,0.943102,-1,-1,-1
306,57,816.058,456.552,38.925,100.071,0.123623,-1,-1,-1
306,59,1318.083,417.966,121.817,287.068,0.948150,-1,-1,-1
306,52,1179.969,440.523,45.268,107.332,0.901617,-1,-1,-1
306,62,674.556,480.459,57.486,126.079,0.782437,-1,-1,-1
306,4,1083.658,435.528,96.491,191.003,0.154096,-1,-1,-1
306,65,1832.516,386.266,87.339,275.209,0.772206,-1,-1,-1
306,67,957.575,450.650,63.661,174.178,0.323759,-1,-1,-1
306,48,574.480,455.426,28.982,59.192,0.727862,-1,-1,-1
306,19,1605.911,410.143,148.437,398.312,0.899899,-1,-1,-1
306,56,734.376,477.628,54.161,120.437,0.805866,-1,-1,-1
306,46,843.868,455.549,41.800,94.246,0.707883,-1,-1,-1
306,71,691.351,471.800,48.752,106.099,0.684860,-1,-1,-1
306,72,0.316,439.410,128.096,434.096,0.915942,-1,-1,-1
307,12,1011.484,408.258,267.056,601.576,0.933655,-1,-1,-1
307,18,1668.958,422.643,209.034,496.412,0.948683,-1,-1,-1
307,28,308.436,452.495,40.021,108.860,0.412162,-1,-1,-1
307,36,549.282,454.127,28.834,62.259,0.728618,-1,-1,-1
307,35,496.835,449.865,49.835,109.752,0.859532,-1,-1,-1
307,43,775.984,442.580,84.010,215.183,0.925896,-1,-1,-1
307,32,412.184,463.575,66.461,103.211,0.643452,-1,-1,-1
307,31,374.788,461.187,49.941,112.896,0.830556,-1,-1,-1
307,51,862.208,415.808,163.845,531.407,0.945421,-1,-1,-1
307,59,1307.098,425.782,132.210,278.923,0.943691,-1,-1,-1
307,52,1183.828,439.135,43.175,109.445,0.888485,-1,-1,-1
307,62,673.584,481.887,57.608,125.051,0.793009,-1,-1,-1
307,4,1098.767,444.850,75.864,181.099,0.143665,-1,-1,-1
307,65,1832.435,393.556,87.548,295.196,0.664217,-1,-1,-1
307,67,955.661,452.638,64.303,171.188,0.339110,-1,-1,-1
307,48,576.702,453.970,27.538,60.357,0.709703,-1,-1,-1
307,19,1607.420,407.245,159.861,403.570,0.908046,-1,-1,-1
307,56,735.500,476.968,53.352,121.948,0.842259,-1,-1,-1
307,46,850.380,461.600,34.779,82.219,0.282992,-1,-1,-1
307,71,691.651,473.351,49.638,108.087,0.688285,-1,-1,-1
307,72,0.306,407.178,127.550,466.221,0.926774,-1,-1,-1
307,60,1387.213,435.311,48.331,122.005,0.684634,-1,-1,-1
308,12,1014.250,408.136,262.429,602.358,0.939013,-1,-1,-1
308,18,1670.050,420.159,234.333,498.273,0.938042,-1,-1,-1
308,28,308.514,453.360,41.230,110.772,0.431755,-1,-1,-1
308,36,549.815,454.141,28.351,61.910,0.610547,-1,-1,-1
308,35,495.246,449.025,51.268,110.995,0.848524,-1,-1,-1
308,43,779.221,441.532,82.030,215.248,0.931955,-1,-1,-1
308,32,412.840,461.448,59.424,104.283,0.654353,-1,-1,-1
308,31,376.246,462.002,49.256,113.192,0.847941,-1,-1,-1
308,51,864.292,417.162,162.445,529.170,0.945820,-1,-1,-1
308,59,1300.368,423.084,137.733,282.284,0.942655,-1,-1,-1
308,52,1185.162,437.901,43.413,111.674,0.887315,-1,-1,-1
308,62,674.679,483.207,55.272,120.929,0.800391,-1,-1,-1
308,4,1100.411,443.348,75.012,183.489,0.492744,-1,-1,-1
308,65,1830.172,385.256,89.881,282.363,0.613978,-1,-1,-1
308,67,956.869,452.256,62.571,165.312,0.437904,-1,-1,-1
308,48,575.669,454.923,26.324,61.892,0.287751,-1,-1,-1
308,19,1609.475,404.186,171.172,407.094,0.908914,-1,-1,-1
308,56,734.068,475.591,53.823,122.214,0.853464,-1,-1,-1
308,46,851.329,463.954,32.186,78.538,0.419620,-1,-1,-1
308,71,698.689,479.668,44.683,103.920,0.705908,-1,-1,-1
308,72,0.304,395.694,128.933,476.473,0.918994,-1,-1,-1
308,60,1392.339,436.386,50.012,112.185,0.515812,-1,-1,-1
308,50,582.242,453.979,27.312,60.908,0.645084,-1,-1,-1
309,12,1014.618,412.445,260.162,599.858,0.940972,-1,-1,-1
309,18,1672.394,419.323,246.105,504.550,0.959250,-1,-1,-1
309,28,309.193,452.275,40.950,112.436,0.587386,-1,-1,-1
309,36,550.281,454.190,28.714,61.794,0.699932,-1,-1,-1
309,35,494.707,451.224,51.642,108.117,0.881470,-1,-1,-1
309,43,782.534,442.353,81.311,214.246,0.931847,-1,-1,-1
309,32,413.442,456.867,58.774,108.062,0.690681,-1,-1,-1
309,31,376.466,461.184,48.021,112.934,0.863019,-1,-1,-1
309,51,865.387,415.174,162.159,530.171,0.944266,-1,-1,-1
309,59,1289.447,425.305,144.536,277.011,0.939599,-1,-1,-1
309,52,1187.248,438.519,43.255,111.534,0.881701,-1,-1,-1
309,62,674.244,483.389,55.364,117.902,0.789425,-1,-1,-1
309,65,1829.782,403.925,90.116,257.884,0.486717,-1,-1,-1
309,67,961.853,451.463,60.471,166.407,0.374904,-1,-1,-1
309,48,573.998,455.936,26.097,63.179,0.204261,-1,-1,-1
309,19,1611.804,412.497,173.957,400.245,0.909830,-1,-1,-1
309,56,732.346,477.563,54.077,121.062,0.835933,-1,-1,-1
309,46,849.790,465.738,35.474,77.164,0.546837,-1,-1,-1
309,71,695.959,477.110,47.130,107.965,0.692884,-1,-1,-1
309,72,0.319,391.025,129.576,480.344,0.921204,-1,-1,-1
309,60,1395.985,437.729,45.067,107.532,0.285461,-1,-1,-1
309,50,581.477,454.505,27.709,59.559,0.643003,-1,-1,-1
310,12,1015.399,414.969,257.337,598.739,0.941791,-1,-1,-1
310,18,1673.075,420.339,250.865,513.395,0.968855,-1,-1,-1
310,28,309.382,451.378,39.715,113.008,0.514736,-1,-1,-1
310,36,550.523,454.123,28.663,62.419,0.711935,-1,-1,-1
310,35,493.785,452.080,52.214,107.053,0.880574,-1,-1,-1
310,43,786.149,440.256,81.839,217.956,0.931516,-1,-1,-1
310,32,412.775,458.601,56.430,108.175,0.694483,-1,-1,-1
310,31,376.834,460.973,45.448,112.249,0.864465,-1,-1,-1
310,51,864.480,412.874,165.124,525.531,0.947659,-1,-1,-1
310,59,1283.248,425.942,146.041,274.927,0.950477,-1,-1,-1
310,52,1188.335,441.364,42.393,108.705,0.851695,-1,-1,-1
310,62,673.257,484.995,53.358,117.039,0.740999,-1,-1,-1
310,65,1829.820,402.582,89.649,268.355,0.502893,-1,-1,-1
310,67,961.894,462.900,63.719,159.700,0.109747,-1,-1,-1
310,19,1610.938,410.214,186.988,402.600,0.905963,-1,-1,-1
310,56,732.770,478.483,53.051,119.570,0.818610,-1,-1,-1
310,46,852.511,465.809,34.536,77.511,0.514800,-1,-1,-1
310,71,701.606,481.346,41.242,103.641,0.720663,-1,-1,-1
310,72,-0.060,387.402,128.313,485.517,0.934028,-1,-1,-1
310,60,1396.483,439.321,41.566,103.289,0.371348,-1,-1,-1
310,50,578.911,456.390,27.154,57.919,0.622470,-1,-1,-1
311,12,1014.103,416.563,257.841,597.042,0.943467,-1,-1,-1
311,18,1674.323,421.927,251.483,517.089,0.967803,-1,-1,-1
311,28,310.232,451.171,38.363,111.106,0.582310,-1,-1,-1
311,36,550.016,453.428,29.016,62.900,0.717012,-1,-1,-1
311,35,492.604,450.846,52.086,109.202,0.869385,-1,-1,-1
311,43,790.559,440.893,80.780,217.250,0.930371,-1,-1,-1
311,32,413.198,463.701,53.312,102.262,0.704151,-1,-1,-1
311,31,374.809,461.451,47.294,111.032,0.861585,-1,-1,-1
311,51,864.003,414.349,167.458,530.500,0.942235,-1,-1,-1
311,59,1280.870,424.624,138.041,271.345,0.926639,-1,-1,-1
311,52,1189.971,438.607,41.470,111.155,0.870412,-1,-1,-1
311,62,674.216,485.174,51.055,114.087,0.704808,-1,-1,-1
311,65,1835.305,389.026,84.369,280.296,0.649981,-1,-1,-1
311,67,966.235,457.072,58.848,155.173,0.349351,-1,-1,-1
311,19,1613.566,407.400,202.786,411.178,0.908060,-1,-1,-1
311,56,731.294,477.577,53.680,118.578,0.807448,-1,-1,-1
311,46,852.595,467.138,33.940,75.882,0.469303,-1,-1,-1
311,71,703.873,481.603,38.310,93.277,0.663521,-1,-1,-1
311,72,-0.172,381.658,124.418,485.305,0.953644,-1,-1,-1
311,60,1402.121,438.627,37.680,94.644,0.311555,-1,-1,-1
311,50,577.221,454.772,27.144,58.577,0.581932,-1,-1,-1
312,12,1014.315,414.717,252.562,598.675,0.946551,-1,-1,-1
312,18,1673.929,422.808,252.204,518.414,0.963262,-1,-1,-1
312,28,310.030,450.674,38.086,108.956,0.537903,-1,-1,-1
312,36,549.738,453.177,29.481,62.283,0.681859,-1,-1,-1
312,35,490.829,450.977,51.109,109.777,0.873813,-1,-1,-1
312,43,793.289,441.779,81.066,213.823,0.931118,-1,-1,-1
312,32,413.197,458.402,52.107,106.568,0.782657,-1,-1,-1
312,31,374.626,460.338,46.663,110.406,0.844753,-1,-1,-1
312,51,862.866,414.460,172.344,523.460,0.941470,-1,-1,-1
312,59,1278.701,427.979,125.574,263.824,0.897848,-1,-1,-1
312,52,1190.630,438.327,42.405,110.900,0.884268,-1,-1,-1
312,62,674.033,484.752,51.732,115.706,0.722533,-1,-1,-1
312,65,1843.230,383.092,76.614,309.589,0.559135,-1,-1,-1
312,67,988.310,451.277,40.314,108.045,0.635413,-1,-1,-1
312,19,1615.716,412.987,208.269,410.760,0.884279,-1,-1,-1
312,56,731.717,477.298,52.981,118.040,0.844745,-1,-1,-1
312,46,853.922,463.238,34.089,79.949,0.541653,-1,-1,-1
312,71,705.905,482.403,37.386,91.160,0.645365,-1,-1,-1
312,72,-0.064,382.742,129.545,480.826,0.961968,-1,-1,-1
312,60,1409.199,434.351,36.807,95.671,0.244652,-1,-1,-1
312,50,576.950,455.722,26.525,57.419,0.581964,-1,-1,-1
313,12,1014.204,411.697,252.499,603.230,0.943841,-1,-1,-1
313,18,1678.096,424.787,247.890,517.695,0.953580,-1,-1,-1
313,28,311.983,451.898,36.572,104.213,0.461199,-1,-1,-1
313,36,549.935,453.139,29.451,61.457,0.628457,-1,-1,-1
313,35,491.515,451.166,49.834,109.542,0.859827,-1,-1,-1
313,43,793.763,443.786,86.016,213.487,0.931342,-1,-1,-1
313,32,413.066,456.898,50.790,107.571,0.704890,-1,-1,-1
313,31,373.952,460.156,48.121,112.446,0.844774,-1,-1,-1
313,51,860.265,413.022,178.066,521.626,0.934567,-1,-1,-1
313,59,1272.852,429.415,112.728,257.927,0.912738,-1,-1,-1
313,52,1192.073,437.773,43.089,111.430,0.892614,-1,-1,-1
313,62,677.635,486.468,48.117,99.561,0.634403,-1,-1,-1
313,65,1846.621,380.455,73.404,323.063,0.679183,-1,-1,-1
313,67,990.629,449.443,41.026,107.844,0.466702,-1,-1,-1
313,19,1614.255,410.448,214.427,414.806,0.899401,-1,-1,-1
313,56,731.446,477.618,53.227,115.377,0.819704,-1,-1,-1
313,46,854.641,464.738,34.496,77.902,0.377063,-1,-1,-1
313,71,705.041,483.420,38.783,93.730,0.687821,-1,-1,-1
313,72,1.630,381.549,142.823,481.529,0.963369,-1,-1,-1
313,60,1413.438,434.149,37.630,100.670,0.295960,-1,-1,-1
313,50,577.656,456.660,26.281,55.924,0.533558,-1,-1,-1
314,12,1010.438,412.430,258.293,604.085,0.936089,-1,-1,-1
314,18,1685.127,422.335,240.330,522.333,0.927907,-1,-1,-1
314,28,311.516,454.235,39.121,100.119,0.357662,-1,-1,-1
314,36,550.206,452.306,29.164,62.130,0.605627,-1,-1,-1
314,35,491.418,450.260,50.016,110.375,0.851709,-1,-1,-1
314,43,797.134,442.233,85.126,215.907,0.926164,-1,-1,-1
314,32,411.662,454.726,53.749,110.947,0.771051,-1,-1,-1
314,31,374.548,459.401,48.033,113.308,0.821497,-1,-1,-1
314,51,863.351,413.074,175.665,524.331,0.930174,-1,-1,-1
314,59,1271.516,427.461,100.703,261.724,0.925495,-1,-1,-1
314,52,1194.543,438.408,42.222,111.068,0.901351,-1,-1,-1
314,62,677.052,487.075,51.285,96.459,0.663805,-1,-1,-1
314,65,1850.265,380.129,69.805,307.694,0.660359,-1,-1,-1
314,67,993.203,449.152,40.837,105.299,0.435030,-1,-1,-1
314,19,1617.783,410.859,215.150,415.522,0.900616,-1,-1,-1
314,56,731.437,480.230,53.264,111.584,0.815502,-1,-1,-1
314,46,855.934,460.517,37.147,85.303,0.240737,-1,-1,-1
314,71,703.026,484.558,40.845,94.824,0.655920,-1,-1,-1
314,72,5.670,384.419,153.829,477.916,0.954762,-1,-1,-1
314,60,1412.541,431.880,43.808,110.638,0.499538,-1,-1,-1
314,50,577.903,456.778,26.402,55.996,0.571633,-1,-1,-1
315,12,1020.603,413.058,253.208,602.263,0.937246,-1,-1,-1
315,18,1731.817,421.804,192.492,524.494,0.908022,-1,-1,-1
315,28,313.117,454.857,35.136,96.584,0.338397,-1,-1,-1
315,36,546.789,451.907,27.761,61.241,0.640954,-1,-1,-1
315,35,491.986,449.781,49.394,110.610,0.879058,-1,-1,-1
315,43,801.552,440.677,84.500,217.247,0.917582,-1,-1,-1
315,32,412.106,456.058,53.247,109.088,0.730539,-1,-1,-1
315,31,374.066,459.384,48.374,113.935,0.854835,-1,-1,-1
315,51,859.267,412.913,179.894,529.669,0.933087,-1,-1,-1
315,59,1268.978,432.973,92.674,253.910,0.920249,-1,-1,-1
315,52,1195.703,441.017,41.908,107.672,0.905802,-1,-1,-1
315,62,676.991,482.513,56.366,114.870,0.703039,-1,-1,-1
315,65,1853.622,391.320,66.513,269.151,0.388841,-1,-1,-1
315,67,999.516,448.698,35.498,88.930,0.627071,-1,-1,-1
315,19,1620.523,411.571,214.871,417.322,0.854073,-1,-1,-1
315,56,730.050,480.001,55.984,113.849,0.837339,-1,-1,-1
315,46,858.064,465.559,37.449,81.814,0.205906,-1,-1,-1
315,71,704.843,484.043,41.809,97.458,0.618720,-1,-1,-1
315,72,12.587,384.409,171.350,473.853,0.948144,-1,-1,-1
315,60,1418.042,433.041,43.156,110.579,0.779614,-1,-1,-1
315,50,577.668,457.195,25.781,54.795,0.484143,-1,-1,-1
316,12,1027.086,415.669,244.238,599.269,0.936091,-1,-1,-1
316,18,1773.949,418.448,149.264,529.611,0.934057,-1,-1,-1
316,28,314.233,455.209,32.603,93.511,0.275453,-1,-1,-1
316,36,545.048,451.738,27.755,61.941,0.651045,-1,-1,-1
316,35,493.094,450.111,48.245,110.704,0.881342,-1,-1,-1
316,43,803.715,441.950,85.909,213.270,0.922847,-1,-1,-1
316,32,412.339,456.526,53.061,108.239,0.727139,-1,-1,-1
316,31,373.612,459.386,48.254,113.851,0.857478,-1,-1,-1
316,51,859.509,414.085,181.792,532.159,0.935747,-1,-1,-1
316,59,1268.504,430.798,83.198,256.567,0.895925,-1,-1,-1
316,52,1196.291,441.603,42.372,107.161,0.906536,-1,-1,-1
316,62,676.830,480.628,58.171,120.924,0.737838,-1,-1,-1
316,65,1851.192,382.782,68.912,333.408,0.729270,-1,-1,-1
316,67,1001.026,447.387,33.997,86.206,0.637141,-1,-1,-1
316,19,1640.340,415.741,190.899,401.915,0.884554,-1,-1,-1
316,56,729.843,479.274,56.878,114.362,0.850588,-1,-1,-1
316,46,860.239,465.627,35.086,75.925,0.184765,-1,-1,-1
316,71,705.297,483.629,42.319,99.005,0.632249,-1,-1,-1
316,72,15.154,387.710,210.904,472.068,0.954658,-1,-1,-1
316,60,1418.967,433.332,45.217,110.504,0.872594,-1,-1,-1
316,50,576.940,457.920,25.652,53.691,0.479154,-1,-1,-1
317,12,1034.068,414.989,243.687,599.905,0.938595,-1,-1,-1
317,18,1788.199,417.850,134.164,531.333,0.907361,-1,-1,-1
317,28,307.398,455.463,38.417,100.314,0.193552,-1,-1,-1
317,36,543.995,450.039,28.812,65.522,0.610335,-1,-1,-1
317,35,492.345,450.284,49.384,110.526,0.882429,-1,-1,-1
317,43,803.821,442.189,87.566,215.567,0.911594,-1,-1,-1
317,32,412.412,458.977,49.684,108.635,0.747113,-1,-1,-1
317,31,374.191,458.588,49.010,115.716,0.861711,-1,-1,-1
317,51,857.382,415.866,183.178,530.579,0.933434,-1,-1,-1
317,59,1261.581,435.277,83.567,251.591,0.924340,-1,-1,-1
317,52,1195.432,444.404,45.285,104.114,0.898997,-1,-1,-1
317,62,676.884,481.283,58.067,120.259,0.733752,-1,-1,-1
317,65,1858.035,380.744,62.038,331.544,0.302605,-1,-1,-1
317,67,1001.577,450.732,33.579,79.092,0.561818,-1,-1,-1
317,19,1654.401,400.863,196.644,465.447,0.879012,-1,-1,-1
317,56,730.088,480.211,56.161,116.102,0.823991,-1,-1,-1
317,46,859.498,462.569,36.017,84.024,0.189727,-1,-1,-1
317,71,697.427,481.055,45.762,105.524,0.679553,-1,-1,-1
317,72,14.707,388.057,243.151,471.131,0.949158,-1,-1,-1
317,60,1422.459,433.967,44.557,111.909,0.866981,-1,-1,-1
317,50,577.280,458.843,25.170,52.524,0.413530,-1,-1,-1
318,12,1038.472,416.480,237.301,597.966,0.937252,-1,-1,-1
318,18,1802.057,411.381,119.958,535.806,0.921613,-1,-1,-1
318,28,309.886,454.407,38.026,104.785,0.262372,-1,-1,-1
318,36,543.463,448.867,29.661,67.750,0.568415,-1,-1,-1
318,35,491.532,450.488,49.909,110.127,0.884705,-1,-1,-1
318,43,803.702,441.945,85.791,216.621,0.915468,-1,-1,-1
318,32,412.251,460.516,49.795,107.402,0.750352,-1,-1,-1
318,31,374.920,460.111,48.650,114.405,0.842479,-1,-1,-1
318,51,855.637,416.316,183.851,530.304,0.934810,-1,-1,-1
318,59,1257.111,430.062,84.922,256.546,0.925984,-1,-1,-1
318,52,1197.792,445.816,46.385,102.885,0.891992,-1,-1,-1
318,62,676.825,481.048,57.995,121.837,0.769587,-1,-1,-1
318,65,1848.861,377.499,71.231,350.083,0.221309,-1,-1,-1
318,67,1002.877,451.568,33.208,80.043,0.577135,-1,-1,-1
318,19,1667.040,399.032,193.765,491.866,0.887417,-1,-1,-1
318,56,729.628,479.723,55.779,119.431,0.853785,-1,-1,-1
318,46,860.058,457.178,36.644,89.086,0.130128,-1,-1,-1
318,71,693.638,478.867,47.829,110.773,0.689054,-1,-1,-1
318,72,13.464,386.289,270.789,471.722,0.950310,-1,-1,-1
318,60,1426.566,435.824,44.006,110.319,0.842187,-1,-1,-1
318,50,575.633,458.717,25.413,53.381,0.427082,-1,-1,-1
319,12,1040.565,418.799,227.955,595.237,0.938675,-1,-1,-1
319,18,1810.643,411.690,110.902,530.501,0.920007,-1,-1,-1
319,28,311.178,453.521,37.203,107.240,0.292293,-1,-1,-1
319,36,543.595,450.326,28.637,63.798,0.604695,-1,-1,-1
319,35,490.818,450.914,51.016,109.771,0.892550,-1,-1,-1
319,43,804.083,442.151,90.469,218.373,0.918685,-1,-1,-1
319,32,413.084,461.642,49.440,106.193,0.751952,-1,-1,-1
319,31,375.431,460.313,48.485,114.632,0.855383,-1,-1,-1
319,51,854.861,416.356,182.354,531.523,0.934036,-1,-1,-1
319,59,1243.975,423.465,95.592,263.688,0.924116,-1,-1,-1
319,52,1199.983,444.278,47.963,106.294,0.866492,-1,-1,-1
319,62,677.232,481.974,57.643,121.328,0.721785,-1,-1,-1
319,65,1847.632,378.573,72.431,366.236,0.185611,-1,-1,-1
319,67,1003.822,452.245,32.598,79.055,0.551264,-1,-1,-1
319,19,1679.958,401.660,177.391,460.766,0.910194,-1,-1,-1
319,56,729.658,479.810,54.817,119.540,0.826783,-1,-1,-1
319,46,860.000,454.702,38.643,91.454,0.168081,-1,-1,-1
319,71,693.255,479.233,46.836,107.944,0.686151,-1,-1,-1
319,72,14.238,387.807,287.034,468.242,0.951999,-1,-1,-1
319,60,1428.308,435.585,46.228,110.804,0.875533,-1,-1,-1
319,50,576.359,458.729,25.388,53.549,0.461910,-1,-1,-1
319,4,1149.386,432.404,39.118,93.984,0.647290,-1,-1,-1
320,12,1041.782,419.811,228.521,592.919,0.934743,-1,-1,-1
320,18,1822.008,409.178,99.214,537.280,0.916344,-1,-1,-1
320,28,312.430,453.186,35.507,97.435,0.271997,-1,-1,-1
320,36,544.545,451.620,28.047,61.476,0.621575,-1,-1,-1
320,35,489.862,450.783,51.544,110.228,0.885862,-1,-1,-1
320,43,803.743,442.796,92.037,216.733,0.920224,-1,-1,-1
320,32,414.025,462.595,52.148,104.052,0.704260,-1,-1,-1
320,31,375.353,460.807,48.469,114.005,0.850045,-1,-1,-1
320,51,853.510,418.355,186.050,527.959,0.932969,-1,-1,-1
320,59,1231.960,424.536,107.354,264.541,0.913568,-1,-1,-1
320,52,1201.807,444.235,47.451,106.819,0.863646,-1,-1,-1
320,62,675.686,482.417,56.048,120.895,0.758127,-1,-1,-1
320,65,1851.441,380.424,68.623,347.179,0.239622,-1,-1,-1
320,67,1006.001,452.816,30.369,76.834,0.556003,-1,-1,-1
320,19,1691.849,403.431,179.304,452.347,0.917888,-1,-1,-1
320,56,729.602,479.311,54.478,119.704,0.840959,-1,-1,-1
320,46,861.025,452.213,38.223,93.552,0.229695,-1,-1,-1
320,71,693.328,479.005,47.929,110.148,0.685873,-1,-1,-1
320,72,15.271,390.362,296.695,467.650,0.970384,-1,-1,-1
320,60,1432.274,434.515,45.871,111.667,0.892829,-1,-1,-1
320,50,575.298,458.281,24.820,57.580,0.234934,-1,-1,-1
320,4,1149.166,433.592,37.377,81.390,0.600688,-1,-1,-1
321,12,1042.790,410.623,240.279,601.538,0.944946,-1,-1,-1
321,18,1829.977,406.116,90.914,542.193,0.904635,-1,-1,-1
321,28,312.767,453.499,34.128,94.563,0.285566,-1,-1,-1
321,36,545.386,453.558,28.034,60.571,0.645604,-1,-1,-1
321,35,488.389,449.063,52.518,112.496,0.882978,-1,-1,-1
321,43,812.262,445.148,83.349,212.971,0.904375,-1,-1,-1
321,32,414.069,459.419,57.971,106.971,0.740424,-1,-1,-1
321,31,373.872,460.013,50.558,113.549,0.838004,-1,-1,-1
321,51,850.764,418.790,188.182,526.327,0.932840,-1,-1,-1
321,59,1221.203,423.357,120.944,271.621,0.909651,-1,-1,-1
321,52,1204.978,444.372,44.977,108.789,0.865081,-1,-1,-1
321,62,676.386,482.741,55.690,119.151,0.740983,-1,-1,-1
321,65,1846.335,393.354,73.727,321.857,0.261233,-1,-1,-1
321,67,1003.468,450.801,32.013,79.626,0.618761,-1,-1,-1
321,19,1709.765,398.735,171.406,456.212,0.896518,-1,-1,-1
321,56,729.674,479.215,54.345,118.171,0.838575,-1,-1,-1
321,46,860.031,449.041,44.572,114.736,0.232134,-1,-1,-1
321,71,692.851,478.973,48.803,112.235,0.694811,-1,-1,-1
321,72,15.304,396.092,302.062,460.267,0.970459,-1,-1,-1
321,60,1436.026,435.968,44.358,109.249,0.885562,-1,-1,-1
321,50,579.191,458.515,25.598,55.907,0.633884,-1,-1,-1
321,4,1149.979,432.763,36.879,91.210,0.576197,-1,-1,-1
322,12,1042.597,405.028,230.542,607.372,0.936857,-1,-1,-1
322,18,1847.785,399.148,72.832,550.415,0.908763,-1,-1,-1
322,28,311.713,451.287,35.685,104.706,0.399571,-1,-1,-1
322,36,545.928,454.306,28.078,59.942,0.625200,-1,-1,-1
322,35,487.697,448.975,52.182,112.526,0.881058,-1,-1,-1
322,43,815.627,443.852,80.793,214.040,0.901650,-1,-1,-1
322,32,414.633,462.788,57.175,102.608,0.679733,-1,-1,-1
322,31,375.642,458.882,48.542,115.867,0.860134,-1,-1,-1
322,51,850.094,418.966,189.203,526.670,0.926198,-1,-1,-1
322,59,1224.238,421.836,117.509,270.786,0.919741,-1,-1,-1
322,52,1207.497,444.482,42.049,104.112,0.843799,-1,-1,-1
322,62,677.746,483.201,56.447,119.919,0.708202,-1,-1,-1
322,65,1856.630,385.945,63.319,280.043,0.593301,-1,-1,-1
322,67,1001.982,449.777,32.339,80.137,0.605395,-1,-1,-1
322,19,1723.316,396.268,168.719,473.509,0.923498,-1,-1,-1
322,56,729.307,478.529,54.218,117.343,0.818848,-1,-1,-1
322,46,860.252,445.877,52.120,141.878,0.291672,-1,-1,-1
322,71,696.952,482.300,46.463,105.467,0.625304,-1,-1,-1
322,72,18.816,396.819,305.534,456.543,0.971489,-1,-1,-1
322,60,1435.503,436.098,47.024,110.085,0.903422,-1,-1,-1
322,50,581.429,456.630,25.825,57.273,0.631452,-1,-1,-1
322,4,1150.631,435.193,35.090,89.182,0.550102,-1,-1,-1
323,12,1044.397,413.265,219.257,599.008,0.933036,-1,-1,-1
323,18,1854.520,400.140,65.818,551.268,0.891596,-1,-1,-1
323,28,310.070,451.971,37.916,104.680,0.631813,-1,-1,-1
323,36,548.337,455.017,28.645,59.249,0.613753,-1,-1,-1
323,35,485.550,448.790,52.698,112.924,0.885138,-1,-1,-1
323,43,817.220,445.158,86.221,212.306,0.895420,-1,-1,-1
323,32,414.949,459.638,59.433,102.161,0.621143,-1,-1,-1
323,31,373.028,458.115,52.344,116.928,0.866426,-1,-1,-1
323,51,854.376,417.124,185.800,528.249,0.939298,-1,-1,-1
323,59,1219.953,433.247,117.671,258.143,0.908724,-1,-1,-1
323,52,1207.019,444.654,39.254,103.030,0.826326,-1,-1,-1
323,62,676.428,482.284,56.418,121.911,0.405680,-1,-1,-1
323,65,1861.665,388.227,58.219,296.381,0.150583,-1,-1,-1
323,67,1001.193,449.553,34.475,82.248,0.630753,-1,-1,-1
323,19,1734.763,398.609,160.683,467.330,0.918658,-1,-1,-1
323,56,726.031,476.272,57.513,120.199,0.815846,-1,-1,-1
323,46,864.241,445.343,46.094,131.902,0.104711,-1,-1,-1
323,71,691.990,479.040,46.151,100.772,0.651270,-1,-1,-1
323,72,23.549,398.145,305.500,456.632,0.971433,-1,-1,-1
323,60,1435.941,436.329,51.675,109.462,0.903385,-1,-1,-1
323,50,581.581,455.946,25.941,57.345,0.619737,-1,-1,-1
324,12,1046.464,398.439,219.212,614.793,0.945131,-1,-1,-1
324,18,1849.203,397.085,71.123,553.405,0.875864,-1,-1,-1
324,28,311.332,452.706,36.677,104.186,0.524069,-1,-1,-1
324,36,550.076,455.911,28.096,59.408,0.641613,-1,-1,-1
324,35,485.672,450.110,51.705,111.939,0.883173,-1,-1,-1
324,43,825.070,446.636,82.029,205.083,0.885871,-1,-1,-1
324,32,414.556,456.381,60.970,109.247,0.752110,-1,-1,-1
324,31,373.333,458.459,52.033,116.561,0.869808,-1,-1,-1
324,51,850.331,416.555,190.936,520.429,0.946866,-1,-1,-1
324,59,1218.876,428.588,115.948,261.290,0.913237,-1,-1,-1
324,52,1209.619,447.165,36.853,99.993,0.821058,-1,-1,-1
324,62,677.944,482.999,56.869,121.251,0.755216,-1,-1,-1
324,65,1865.896,387.889,54.090,324.317,0.227058,-1,-1,-1
324,67,1001.501,449.818,34.963,81.705,0.590367,-1,-1,-1
324,19,1741.379,392.936,167.358,463.853,0.903418,-1,-1,-1
324,56,727.230,475.649,55.535,120.771,0.845495,-1,-1,-1
324,46,865.318,448.323,41.482,116.821,0.115170,-1,-1,-1
324,71,697.401,483.190,45.302,100.372,0.602120,-1,-1,-1
324,72,29.413,397.641,299.504,455.215,0.970441,-1,-1,-1
324,60,1437.321,436.926,54.288,109.034,0.885551,-1,-1,-1
324,50,581.928,457.120,26.092,56.698,0.624076,-1,-1,-1
325,12,1051.007,392.874,233.291,621.034,0.938705,-1,-1,-1
325,18,1856.584,398.115,63.784,556.078,0.767994,-1,-1,-1
325,28,308.912,449.533,41.396,113.199,0.254459,-1,-1,-1
325,36,550.475,455.457,28.535,59.929,0.670032,-1,-1,-1
325,35,486.402,450.998,50.576,110.519,0.885346,-1,-1,-1
325,43,831.802,445.940,79.901,204.300,0.879262,-1,-1,-1
325,32,414.629,459.053,60.051,107.221,0.741851,-1,-1,-1
325,31,373.237,459.217,52.457,114.764,0.864997,-1,-1,-1
325,51,846.230,415.503,195.265,517.658,0.945615,-1,-1,-1
325,59,1211.853,428.197,117.315,252.761,0.877717,-1,-1,-1
325,52,1209.498,446.151,37.624,106.687,0.634476,-1,-1,-1
325,62,678.283,482.676,56.771,121.901,0.762151,-1,-1,-1
325,65,1867.904,386.482,52.076,317.525,0.323202,-1,-1,-1
325,67,1008.986,453.882,33.430,75.639,0.649218,-1,-1,-1
325,19,1749.117,395.892,169.260,466.884,0.920138,-1,-1,-1
325,56,727.105,476.768,55.221,120.303,0.861510,-1,-1,-1
325,46,859.298,445.705,45.839,112.600,0.190726,-1,-1,-1
325,71,699.355,483.728,44.496,101.810,0.609784,-1,-1,-1
325,72,37.639,400.614,291.640,444.409,0.967384,-1,-1,-1
325,60,1439.953,438.728,58.504,107.150,0.885932,-1,-1,-1
325,50,579.529,457.891,25.609,56.084,0.614998,-1,-1,-1
326,12,1052.638,394.902,231.125,616.700,0.927364,-1,-1,-1
326,18,1860.460,404.187,59.794,551.859,0.627588,-1,-1,-1
326,28,306.595,448.098,45.402,116.757,0.248986,-1,-1,-1
326,36,550.709,455.020,29.093,60.555,0.649115,-1,-1,-1
326,35,485.461,449.656,51.065,112.015,0.882675,-1,-1,-1
326,43,829.304,444.983,89.123,212.563,0.901904,-1,-1,-1
326,32,413.172,456.435,64.786,110.040,0.738353,-1,-1,-1
326,31,373.575,458.525,52.607,116.372,0.855780,-1,-1,-1
326,51,847.042,416.110,193.630,515.433,0.949344,-1,-1,-1
326,59,1208.574,445.557,105.082,220.132,0.802260,-1,-1,-1
326,52,1211.992,451.640,40.573,107.795,0.556644,-1,-1,-1
326,62,676.908,482.755,58.362,121.843,0.758530,-1,-1,-1
326,65,1870.195,390.998,49.646,385.454,0.350671,-1,-1,-1
326,67,1011.295,455.414,33.047,75.361,0.648672,-1,-1,-1
326,19,1758.441,398.408,164.052,472.652,0.943218,-1,-1,-1
326,56,726.390,475.754,56.640,121.928,0.841032,-1,-1,-1
326,46,847.454,447.296,60.442,135.936,0.119816,-1,-1,-1
326,71,700.616,483.634,44.444,101.632,0.596731,-1,-1,-1
326,72,52.054,398.740,276.153,438.762,0.964162,-1,-1,-1
326,60,1442.284,438.254,57.948,108.826,0.891632,-1,-1,-1
326,50,577.892,457.485,25.752,56.555,0.579547,-1,-1,-1
327,12,1052.280,394.375,219.868,616.972,0.932965,-1,-1,-1
327,18,1865.482,457.983,54.679,493.666,0.357596,-1,-1,-1
327,28,306.160,446.727,45.682,118.966,0.284287,-1,-1,-1
327,36,550.592,454.987,29.427,60.189,0.650131,-1,-1,-1
327,35,484.645,448.887,51.298,112.715,0.877054,-1,-1,-1
327,43,835.099,443.966,86.262,216.146,0.881994,-1,-1,-1
327,32,409.073,453.203,68.842,112.392,0.750673,-1,-1,-1
327,31,374.151,457.779,52.226,117.722,0.861685,-1,-1,-1
327,51,836.257,418.508,205.387,512.961,0.950315,-1,-1,-1
327,59,1201.990,435.789,90.742,213.307,0.700526,-1,-1,-1
327,52,1204.227,450.871,42.620,109.437,0.194409,-1,-1,-1
327,62,678.574,485.961,56.410,112.989,0.737144,-1,-1,-1
327,65,1865.866,391.495,53.840,381.569,0.165635,-1,-1,-1
327,67,1011.627,455.904,32.111,73.861,0.614727,-1,-1,-1
327,19,1761.863,396.739,161.673,475.322,0.933657,-1,-1,-1
327,56,728.211,478.670,54.675,118.306,0.828967,-1,-1,-1
327,71,701.418,483.960,43.975,100.813,0.600384,-1,-1,-1
327,72,73.373,396.566,252.762,436.882,0.963031,-1,-1,-1
327,60,1442.497,437.079,59.265,109.952,0.894635,-1,-1,-1
327,50,578.364,457.438,25.575,55.684,0.579384,-1,-1,-1
328,12,1051.636,393.334,207.734,617.962,0.933370,-1,-1,-1
328,18,1870.007,483.278,50.070,468.326,0.425480,-1,-1,-1
328,28,308.572,449.615,41.689,113.231,0.432276,-1,-1,-1
328,36,552.185,454.648,29.041,60.444,0.620870,-1,-1,-1
328,35,483.696,448.545,51.187,113.415,0.849545,-1,-1,-1
328,43,843.143,446.812,80.211,212.102,0.858184,-1,-1,-1
328,32,408.330,451.353,68.569,114.856,0.732936,-1,-1,-1
328,31,374.618,458.163,51.976,117.353,0.855514,-1,-1,-1
328,51,834.308,417.695,209.632,513.952,0.951022,-1,-1,-1
328,59,1193.303,432.402,95.013,231.389,0.837784,-1,-1,-1
328,52,1197.864,440.055,50.525,128.785,0.201221,-1,-1,-1
328,62,680.172,486.102,55.485,110.805,0.789827,-1,-1,-1
328,65,1863.157,400.305,56.767,374.125,0.144868,-1,-1,-1
328,67,1012.503,456.317,31.406,75.459,0.609763,-1,-1,-1
328,19,1766.141,395.021,157.541,478.710,0.936208,-1,-1,-1
328,56,728.702,476.229,54.095,121.519,0.840243,-1,-1,-1
328,71,701.982,484.248,43.200,99.806,0.604583,-1,-1,-1
328,72,94.562,398.094,236.587,431.599,0.955365,-1,-1,-1
328,60,1446.749,437.320,55.952,109.360,0.891761,-1,-1,-1
328,50,578.552,456.307,25.549,56.084,0.546143,-1,-1,-1
329,12,1054.645,399.850,229.594,611.825,0.928550,-1,-1,-1
329,18,1872.522,501.760,47.479,446.464,0.455668,-1,-1,-1
329,28,310.939,451.629,38.008,96.668,0.366791,-1,-1,-1
329,36,551.659,453.311,29.417,60.595,0.649873,-1,-1,-1
329,35,483.161,448.344,51.399,114.113,0.850364,-1,-1,-1
329,43,850.728,446.132,76.675,212.456,0.840348,-1,-1,-1
329,32,407.924,450.592,69.598,115.321,0.775264,-1,-1,-1
329,31,374.367,459.502,52.242,115.133,0.825552,-1,-1,-1
329,51,841.990,416.466,203.754,514.411,0.953131,-1,-1,-1
329,59,1189.361,426.604,79.353,214.803,0.795212,-1,-1,-1
329,52,1193.848,437.504,50.610,116.919,0.102987,-1,-1,-1
329,62,681.721,487.190,53.243,106.895,0.748131,-1,-1,-1
329,65,1853.900,388.300,66.108,315.044,0.103504,-1,-1,-1
329,67,1012.375,455.108,32.019,80.748,0.620727,-1,-1,-1
329,19,1764.095,391.572,159.306,491.815,0.947349,-1,-1,-1
329,56,728.168,478.002,54.704,120.036,0.840470,-1,-1,-1
329,71,702.135,484.306,43.382,99.417,0.569593,-1,-1,-1
329,72,115.513,393.480,215.944,436.465,0.947043,-1,-1,-1
329,60,1454.611,438.500,48.885,106.480,0.873317,-1,-1,-1
329,50,577.936,454.403,25.991,56.664,0.550082,-1,-1,-1
330,12,1055.775,395.904,243.003,616.812,0.930450,-1,-1,-1
330,18,1872.513,494.761,47.287,453.218,0.437490,-1,-1,-1
330,28,313.493,452.004,39.697,100.478,0.397036,-1,-1,-1
330,36,552.455,453.592,28.361,59.736,0.559710,-1,-1,-1
330,35,482.264,449.282,51.655,112.605,0.870916,-1,-1,-1
330,43,857.302,447.107,70.233,186.949,0.856995,-1,-1,-1
330,32,407.380,451.972,67.999,113.208,0.741248,-1,-1,-1
330,31,374.457,459.534,52.243,115.036,0.844887,-1,-1,-1
330,51,848.553,416.751,201.727,515.155,0.943530,-1,-1,-1
330,59,1183.208,422.024,79.396,211.075,0.801807,-1,-1,-1
330,52,1190.986,426.640,63.354,132.059,0.501328,-1,-1,-1
330,62,678.878,483.257,56.178,113.714,0.756359,-1,-1,-1
330,65,1848.281,382.122,69.192,259.468,0.159438,-1,-1,-1
330,67,1012.548,454.934,32.406,84.805,0.627295,-1,-1,-1
330,19,1765.392,389.188,157.734,487.449,0.935447,-1,-1,-1
330,56,729.792,478.906,52.544,119.749,0.857011,-1,-1,-1
330,71,701.661,484.046,44.377,100.094,0.639284,-1,-1,-1
330,72,132.562,396.093,195.892,430.763,0.935853,-1,-1,-1
330,60,1458.333,437.926,46.623,105.614,0.884961,-1,-1,-1
330,50,576.604,454.586,26.072,56.495,0.524837,-1,-1,-1
331,12,1052.882,393.205,221.355,618.362,0.927793,-1,-1,-1
331,18,1870.716,460.415,49.184,487.966,0.303161,-1,-1,-1
331,28,315.575,451.556,38.297,98.826,0.374872,-1,-1,-1
331,36,553.296,453.406,27.869,59.724,0.570441,-1,-1,-1
331,35,482.145,449.062,50.543,112.354,0.861854,-1,-1,-1
331,43,862.306,447.635,68.728,166.664,0.823676,-1,-1,-1
331,32,409.285,450.472,66.162,114.382,0.793195,-1,-1,-1
331,31,374.747,458.423,50.570,116.032,0.831717,-1,-1,-1
331,51,853.736,417.353,197.632,515.966,0.944116,-1,-1,-1
331,59,1168.393,421.250,94.081,239.518,0.576788,-1,-1,-1
331,52,1188.897,425.369,66.437,152.093,0.697665,-1,-1,-1
331,62,676.037,483.953,56.353,115.545,0.748657,-1,-1,-1
331,65,1856.531,383.536,62.494,271.882,0.106880,-1,-1,-1
331,67,1013.436,454.639,31.570,87.522,0.520373,-1,-1,-1
331,19,1764.809,389.457,157.936,503.131,0.922060,-1,-1,-1
331,56,731.082,479.854,51.182,118.579,0.837808,-1,-1,-1
331,71,702.019,484.874,44.146,99.431,0.679578,-1,-1,-1
331,72,144.306,395.639,184.693,429.750,0.942928,-1,-1,-1
331,60,1462.109,434.895,43.800,108.995,0.892815,-1,-1,-1
331,50,576.138,454.949,26.096,56.443,0.537697,-1,-1,-1
332,12,1054.297,391.708,210.472,620.593,0.936419,-1,-1,-1
332,18,1882.716,490.264,37.347,449.685,0.119378,-1,-1,-1
332,28,314.637,451.236,37.556,105.212,0.456429,-1,-1,-1
332,36,552.601,453.032,28.296,60.486,0.635856,-1,-1,-1
332,35,483.004,449.126,49.816,113.353,0.847848,-1,-1,-1
332,43,863.683,446.504,74.068,182.172,0.773504,-1,-1,-1
332,32,409.109,448.755,69.888,116.494,0.801909,-1,-1,-1
332,31,374.920,458.308,50.336,115.562,0.831841,-1,-1,-1
332,51,860.902,415.575,196.569,516.849,0.943130,-1,-1,-1
332,59,1137.252,409.443,156.944,350.609,0.776792,-1,-1,-1
332,52,1188.396,418.990,62.353,151.193,0.403661,-1,-1,-1
332,62,675.342,483.930,54.758,113.410,0.772002,-1,-1,-1
332,65,1828.415,393.057,91.303,354.716,0.647822,-1,-1,-1
332,67,1011.210,454.464,31.879,83.153,0.626829,-1,-1,-1
332,19,1764.686,392.568,157.188,502.868,0.830589,-1,-1,-1
332,56,732.379,479.753,50.369,119.171,0.836594,-1,-1,-1
332,71,703.245,485.429,42.561,98.916,0.709473,-1,-1,-1
332,72,149.636,394.967,191.628,430.435,0.924098,-1,-1,-1
332,60,1465.425,434.573,42.999,109.570,0.901081,-1,-1,-1
332,50,575.315,454.664,26.566,57.507,0.568546,-1,-1,-1
333,12,1056.631,389.735,236.133,623.512,0.927771,-1,-1,-1
333,18,1888.311,420.689,31.823,437.433,0.139997,-1,-1,-1
333,28,319.436,453.317,43.268,109.994,0.683564,-1,-1,-1
333,36,552.956,453.902,27.934,60.241,0.652011,-1,-1,-1
333,35,484.649,450.509,48.228,111.657,0.854305,-1,-1,-1
333,43,864.634,440.033,81.399,200.658,0.835946,-1,-1,-1
333,32,410.281,451.696,66.234,114.234,0.774709,-1,-1,-1
333,31,376.543,459.375,49.759,115.438,0.847567,-1,-1,-1
333,51,864.139,417.079,203.542,518.691,0.935982,-1,-1,-1
333,59,1125.626,403.933,183.850,401.759,0.616064,-1,-1,-1
333,52,1182.382,428.224,71.337,154.762,0.130064,-1,-1,-1
333,62,676.785,484.737,54.503,112.608,0.761733,-1,-1,-1
333,65,1830.194,404.410,89.865,300.991,0.427800,-1,-1,-1
333,67,1011.121,455.393,32.127,81.365,0.490463,-1,-1,-1
333,19,1767.231,394.131,154.305,470.638,0.905492,-1,-1,-1
333,56,733.156,480.751,51.460,118.424,0.824447,-1,-1,-1
333,71,703.508,485.360,42.880,99.284,0.725880,-1,-1,-1
333,72,156.817,396.309,200.129,426.598,0.944303,-1,-1,-1
333,60,1469.322,434.530,41.765,108.667,0.884138,-1,-1,-1
333,50,576.675,455.782,26.631,57.564,0.634281,-1,-1,-1
333,77,0.663,432.051,115.472,359.582,0.885100,-1,-1,-1
334,12,1056.182,394.262,251.593,619.619,0.927005,-1,-1,-1
334,18,1886.834,422.951,33.211,438.938,0.104566,-1,-1,-1
334,28,322.046,453.005,43.859,112.778,0.724047,-1,-1,-1
334,36,552.786,453.823,27.332,60.016,0.617948,-1,-1,-1
334,35,486.767,450.591,45.125,110.558,0.851296,-1,-1,-1
334,43,867.973,439.976,77.698,190.100,0.822673,-1,-1,-1
334,32,412.356,453.480,57.790,111.144,0.742896,-1,-1,-1
334,31,377.286,459.234,49.957,115.224,0.832703,-1,-1,-1
334,51,865.828,417.205,196.883,520.326,0.933343,-1,-1,-1
334,59,1118.958,404.200,212.048,474.161,0.543879,-1,-1,-1
334,52,1205.689,439.552,53.947,132.798,0.720461,-1,-1,-1
334,62,681.809,487.246,54.485,106.642,0.717909,-1,-1,-1
334,65,1830.932,429.861,89.179,270.490,0.255010,-1,-1,-1
334,67,1010.737,455.517,32.104,78.086,0.574912,-1,-1,-1
334,19,1769.536,392.191,151.462,454.806,0.850929,-1,-1,-1
334,56,733.220,480.666,52.054,117.313,0.845463,-1,-1,-1
334,71,703.038,485.425,43.771,100.186,0.738681,-1,-1,-1
334,72,168.055,408.860,206.626,413.847,0.952128,-1,-1,-1
334,60,1471.976,434.499,40.795,109.351,0.870769,-1,-1,-1
334,50,577.979,455.912,26.351,57.923,0.628782,-1,-1,-1
334,77,0.858,436.637,130.556,355.707,0.910554,-1,-1,-1
335,12,1054.524,402.279,272.276,610.390,0.926402,-1,-1,-1
335,18,1884.518,402.882,35.390,426.079,0.142832,-1,-1,-1
335,28,318.451,451.207,48.058,115.843,0.546523,-1,-1,-1
335,36,552.153,454.561,27.169,58.946,0.647051,-1,-1,-1
335,35,486.889,450.552,46.078,111.237,0.801624,-1,-1,-1
335,43,872.934,445.076,78.513,182.873,0.722304,-1,-1,-1
335,32,412.302,453.512,58.743,110.491,0.761804,-1,-1,-1
335,31,377.159,458.725,50.041,116.909,0.876055,-1,-1,-1
335,51,865.702,417.667,197.146,516.716,0.937116,-1,-1,-1
335,59,1128.084,414.631,180.329,431.115,0.645726,-1,-1,-1
335,52,1215.746,444.465,50.491,141.944,0.652969,-1,-1,-1
335,62,678.300,484.540,54.800,110.333,0.748521,-1,-1,-1
335,65,1839.166,434.979,80.753,259.028,0.376278,-1,-1,-1
335,67,1009.392,454.976,32.408,76.808,0.648916,-1,-1,-1
335,19,1772.548,406.731,148.595,444.547,0.882489,-1,-1,-1
335,56,732.600,479.613,51.970,116.653,0.819908,-1,-1,-1
335,71,702.488,484.734,43.844,99.805,0.661234,-1,-1,-1
335,72,174.838,398.878,219.398,422.902,0.953489,-1,-1,-1
335,60,1473.603,434.895,39.899,108.640,0.865099,-1,-1,-1
335,50,576.311,456.390,26.426,57.575,0.662997,-1,-1,-1
335,77,0.807,432.571,142.703,357.843,0.944472,-1,-1,-1
336,12,1054.491,403.376,243.488,609.319,0.923612,-1,-1,-1
336,18,1885.371,395.738,34.423,401.547,0.141697,-1,-1,-1
336,28,317.720,451.272,47.720,109.995,0.404733,-1,-1,-1
336,36,551.636,454.381,27.334,58.705,0.630715,-1,-1,-1
336,35,487.227,450.092,45.727,111.065,0.784277,-1,-1,-1
336,43,874.770,445.741,83.131,184.783,0.654987,-1,-1,-1
336,32,410.691,453.040,66.431,111.381,0.696785,-1,-1,-1
336,31,375.854,456.805,49.533,118.473,0.836907,-1,-1,-1
336,51,865.447,418.808,192.155,512.649,0.939185,-1,-1,-1
336,59,1135.784,411.987,160.734,436.319,0.741521,-1,-1,-1
336,52,1220.872,445.345,47.240,133.704,0.683391,-1,-1,-1
336,62,679.899,483.904,52.926,109.266,0.759266,-1,-1,-1
336,65,1840.849,405.334,78.858,257.130,0.302446,-1,-1,-1
336,67,1007.720,454.759,30.865,76.308,0.590606,-1,-1,-1
336,19,1783.092,413.723,137.634,441.118,0.785811,-1,-1,-1
336,56,732.428,479.451,51.055,118.798,0.816366,-1,-1,-1
336,71,702.898,482.112,43.074,100.254,0.580640,-1,-1,-1
336,72,181.262,392.138,223.083,428.945,0.952526,-1,-1,-1
336,60,1474.428,433.908,39.411,108.875,0.876795,-1,-1,-1
336,50,574.073,455.438,26.902,57.833,0.586404,-1,-1,-1
336,77,1.116,432.826,150.892,359.338,0.923773,-1,-1,-1
337,12,1054.033,401.102,226.701,610.524,0.933082,-1,-1,-1
337,18,1882.426,419.981,37.327,414.405,0.195963,-1,-1,-1
337,28,321.752,453.561,40.591,95.588,0.365763,-1,-1,-1
337,36,551.650,455.611,27.127,57.400,0.580722,-1,-1,-1
337,35,484.999,446.732,46.477,114.185,0.782336,-1,-1,-1
337,43,877.622,446.636,81.562,176.532,0.551193,-1,-1,-1
337,32,411.300,463.283,68.288,102.017,0.602494,-1,-1,-1
337,31,374.271,457.870,51.032,117.899,0.840755,-1,-1,-1
337,51,865.529,419.915,191.048,511.101,0.937168,-1,-1,-1
337,59,1131.540,413.969,192.165,437.659,0.768112,-1,-1,-1
337,52,1222.257,444.395,47.891,128.700,0.676507,-1,-1,-1
337,62,677.730,480.815,55.200,119.221,0.794083,-1,-1,-1
337,65,1844.685,409.660,75.028,260.394,0.429645,-1,-1,-1
337,67,1006.604,452.518,28.884,74.065,0.105865,-1,-1,-1
337,19,1794.384,418.231,126.040,441.648,0.797222,-1,-1,-1
337,56,731.069,477.670,51.850,121.740,0.851982,-1,-1,-1
337,71,694.399,477.281,45.304,106.077,0.616831,-1,-1,-1
337,72,189.643,392.367,230.601,428.649,0.952543,-1,-1,-1
337,60,1475.501,435.377,41.549,106.858,0.873422,-1,-1,-1
337,50,574.105,457.845,26.163,54.712,0.468959,-1,-1,-1
337,77,0.293,435.486,155.081,355.065,0.948449,-1,-1,-1
338,12,1053.803,398.453,228.090,612.289,0.932664,-1,-1,-1
338,18,1884.445,423.989,35.456,405.774,0.209140,-1,-1,-1
338,28,322.532,451.501,43.238,99.599,0.326724,-1,-1,-1
338,36,551.942,455.900,26.568,56.810,0.533381,-1,-1,-1
338,35,484.724,447.928,45.666,112.589,0.818506,-1,-1,-1
338,43,877.865,446.975,83.895,172.516,0.461932,-1,-1,-1
338,32,411.832,465.715,68.170,100.599,0.719381,-1,-1,-1
338,31,375.035,458.826,49.918,115.791,0.850587,-1,-1,-1
338,51,866.246,419.669,193.028,511.892,0.940004,-1,-1,-1
338,59,1132.693,411.755,201.804,436.811,0.757512,-1,-1,-1
338,52,1223.524,443.682,49.280,124.454,0.668478,-1,-1,-1
338,62,678.236,482.547,54.899,115.376,0.762043,-1,-1,-1
338,65,1859.391,421.708,60.183,244.561,0.424399,-1,-1,-1
338,67,1007.683,455.300,29.551,78.293,0.442646,-1,-1,-1
338,19,1813.623,318.966,107.052,540.710,0.242993,-1,-1,-1
338,56,730.879,479.573,52.702,120.493,0.819383,-1,-1,-1
338,71,701.053,478.724,42.667,104.243,0.444741,-1,-1,-1
338,72,196.819,398.479,240.125,422.173,0.958596,-1,-1,-1
338,60,1476.804,435.327,43.959,107.715,0.875713,-1,-1,-1
338,50,574.100,458.043,25.820,54.578,0.493537,-1,-1,-1
338,77,0.127,443.752,157.131,346.436,0.946807,-1,-1,-1
339,12,1052.649,396.126,274.805,613.895,0.937724,-1,-1,-1
339,18,1884.925,474.326,35.091,341.053,0.241043,-1,-1,-1
339,28,327.760,451.089,41.831,95.230,0.129785,-1,-1,-1
339,36,552.920,455.528,26.122,56.904,0.533343,-1,-1,-1
339,35,483.786,447.562,46.369,112.792,0.794135,-1,-1,-1
339,43,878.394,438.806,91.240,215.575,0.394430,-1,-1,-1
339,32,412.427,467.645,67.450,97.927,0.709900,-1,-1,-1
339,31,374.309,459.314,50.507,115.547,0.846304,-1,-1,-1
339,51,867.599,420.051,190.175,512.747,0.937817,-1,-1,-1
339,59,1133.951,410.130,208.974,420.304,0.647758,-1,-1,-1
339,52,1227.996,443.243,45.909,109.712,0.769297,-1,-1,-1
339,62,676.852,480.720,56.678,120.129,0.823834,-1,-1,-1
339,65,1836.778,442.009,81.309,209.224,0.673464,-1,-1,-1
339,67,1006.899,455.930,29.503,77.340,0.436158,-1,-1,-1
339,19,1822.733,263.047,97.915,609.763,0.201722,-1,-1,-1
339,56,730.626,477.652,52.915,122.413,0.847787,-1,-1,-1
339,71,702.745,479.466,41.826,102.881,0.503067,-1,-1,-1
339,72,205.946,421.506,245.254,399.966,0.955895,-1,-1,-1
339,60,1478.094,435.674,43.668,107.584,0.827619,-1,-1,-1
339,50,574.345,457.813,25.427,54.656,0.492235,-1,-1,-1
339,77,0.489,446.813,156.604,342.517,0.952247,-1,-1,-1
340,12,1053.445,392.465,255.677,618.002,0.935617,-1,-1,-1
340,18,1887.735,470.408,32.337,358.749,0.204278,-1,-1,-1
340,28,331.365,452.564,40.809,88.463,0.139834,-1,-1,-1
340,36,552.678,455.385,26.271,57.283,0.564677,-1,-1,-1
340,35,486.151,449.929,45.332,109.987,0.785187,-1,-1,-1
340,43,880.043,433.877,95.747,246.047,0.263676,-1,-1,-1
340,32,412.257,468.181,66.980,97.146,0.754386,-1,-1,-1
340,31,374.001,460.352,49.981,113.305,0.840190,-1,-1,-1
340,51,869.724,420.174,187.723,511.822,0.941876,-1,-1,-1
340,59,1132.904,405.779,212.240,427.075,0.743255,-1,-1,-1
340,52,1230.814,443.405,43.803,99.933,0.763342,-1,-1,-1
340,62,676.858,480.950,56.773,121.151,0.818804,-1,-1,-1
340,65,1833.146,450.531,85.813,199.374,0.617606,-1,-1,-1
340,67,1006.600,455.962,29.599,78.659,0.391794,-1,-1,-1
340,19,1841.558,345.631,78.928,543.465,0.274533,-1,-1,-1
340,56,730.547,477.086,53.279,122.064,0.835781,-1,-1,-1
340,71,704.011,479.309,41.251,100.309,0.447275,-1,-1,-1
340,72,217.123,427.297,242.588,395.262,0.958659,-1,-1,-1
340,60,1479.530,435.629,48.153,107.639,0.804943,-1,-1,-1
340,50,574.520,457.031,25.548,55.802,0.576368,-1,-1,-1
340,77,0.258,442.027,157.418,348.353,0.959579,-1,-1,-1
341,12,1054.790,391.274,266.812,620.263,0.936882,-1,-1,-1
341,18,1890.106,453.436,29.974,323.128,0.101702,-1,-1,-1
341,36,551.491,455.023,26.286,58.025,0.547395,-1,-1,-1
341,35,487.614,449.824,44.668,108.850,0.757811,-1,-1,-1
341,43,878.169,433.134,98.298,246.281,0.317714,-1,-1,-1
341,32,411.976,471.059,64.542,94.388,0.675736,-1,-1,-1
341,31,373.878,460.028,52.321,114.788,0.828885,-1,-1,-1
341,51,870.680,420.893,178.823,512.563,0.942433,-1,-1,-1
341,59,1132.718,405.575,217.417,429.619,0.722048,-1,-1,-1
341,52,1232.096,440.716,44.302,99.703,0.725298,-1,-1,-1
341,62,676.389,479.542,57.308,123.990,0.826444,-1,-1,-1
341,65,1830.124,455.946,87.255,190.120,0.513780,-1,-1,-1
341,67,1005.369,455.528,30.233,77.572,0.410494,-1,-1,-1
341,19,1850.569,345.974,69.821,533.722,0.208140,-1,-1,-1
341,56,730.627,479.695,53.896,120.162,0.821115,-1,-1,-1
341,71,704.928,479.518,41.676,101.328,0.405834,-1,-1,-1
341,72,225.211,419.405,240.806,400.954,0.954665,-1,-1,-1
341,60,1482.183,434.508,46.516,109.239,0.725728,-1,-1,-1
341,50,573.908,456.934,25.894,56.637,0.555076,-1,-1,-1
341,77,0.162,440.221,160.439,350.982,0.948705,-1,-1,-1
342,12,1056.617,391.395,246.802,618.955,0.941492,-1,-1,-1
342,18,1892.912,494.014,27.296,305.354,0.175717,-1,-1,-1
342,36,552.916,456.283,25.613,56.628,0.464548,-1,-1,-1
342,35,489.677,451.296,42.841,106.886,0.771991,-1,-1,-1
342,43,885.916,432.747,98.894,240.957,0.193585,-1,-1,-1
342,32,411.918,469.146,65.324,94.576,0.675633,-1,-1,-1
342,31,373.622,460.216,52.977,113.838,0.763745,-1,-1,-1
342,51,872.141,420.157,175.884,515.054,0.946348,-1,-1,-1
342,59,1140.352,407.310,208.134,431.522,0.852091,-1,-1,-1
342,52,1232.569,441.664,45.369,90.665,0.627026,-1,-1,-1
342,62,676.920,481.206,57.215,123.482,0.669395,-1,-1,-1
342,65,1832.039,460.668,85.779,183.248,0.525905,-1,-1,-1
342,67,1004.241,456.158,30.212,76.707,0.415257,-1,-1,-1
342,56,730.771,480.939,54.612,118.799,0.803887,-1,-1,-1
342,71,696.966,480.898,42.682,101.376,0.604272,-1,-1,-1
342,72,232.273,431.418,240.386,388.103,0.949217,-1,-1,-1
342,60,1484.568,437.290,47.579,105.924,0.584034,-1,-1,-1
342,50,573.745,458.770,25.584,54.195,0.444297,-1,-1,-1
342,77,0.276,442.379,160.781,344.740,0.946350,-1,-1,-1
343,12,1056.388,388.519,239.882,619.910,0.939643,-1,-1,-1
343,18,1883.536,478.678,36.433,323.368,0.115986,-1,-1,-1
343,36,553.047,456.093,26.030,57.369,0.607499,-1,-1,-1
343,35,486.064,449.663,45.274,110.464,0.768532,-1,-1,-1
343,43,887.907,432.564,100.962,245.468,0.192278,-1,-1,-1
343,32,411.307,466.147,67.945,97.263,0.682064,-1,-1,-1
343,31,374.054,458.762,53.836,115.889,0.771418,-1,-1,-1
343,51,874.130,421.181,172.738,512.758,0.946004,-1,-1,-1
343,59,1134.376,398.877,215.271,447.173,0.843126,-1,-1,-1
343,52,1234.282,442.242,45.444,90.372,0.736995,-1,-1,-1
343,62,678.610,483.460,58.316,111.997,0.743557,-1,-1,-1
343,65,1829.514,465.487,84.971,177.161,0.488305,-1,-1,-1
343,67,1005.486,456.287,30.290,76.601,0.576110,-1,-1,-1
343,56,730.966,481.438,54.624,118.526,0.810635,-1,-1,-1
343,71,700.948,479.128,40.914,94.898,0.354477,-1,-1,-1
343,72,236.984,416.448,236.062,402.755,0.957451,-1,-1,-1
343,60,1486.233,444.217,52.536,100.391,0.552745,-1,-1,-1
343,50,574.372,457.732,25.639,55.162,0.566801,-1,-1,-1
343,77,0.190,440.110,156.771,364.189,0.935735,-1,-1,-1
344,12,1054.072,390.016,226.839,620.383,0.938145,-1,-1,-1
344,36,553.439,456.703,25.982,57.238,0.607638,-1,-1,-1
344,35,487.849,451.239,43.874,103.418,0.744470,-1,-1,-1
344,43,890.458,435.194,97.632,241.131,0.230956,-1,-1,-1
344,32,411.600,467.781,67.552,95.794,0.679398,-1,-1,-1
344,31,375.362,458.466,51.781,115.664,0.744584,-1,-1,-1
344,51,876.693,420.654,174.437,513.049,0.943944,-1,-1,-1
344,59,1133.534,394.718,212.038,451.976,0.818161,-1,-1,-1
344,52,1236.168,442.835,43.577,89.773,0.749544,-1,-1,-1
344,62,676.509,481.313,60.417,120.156,0.783211,-1,-1,-1
344,65,1827.171,465.526,88.229,176.060,0.548665,-1,-1,-1
344,67,1008.215,457.149,28.835,76.461,0.580222,-1,-1,-1
344,56,731.486,479.758,53.944,121.132,0.847005,-1,-1,-1
344,71,703.272,479.327,43.485,106.439,0.431415,-1,-1,-1
344,72,240.875,408.812,234.620,409.555,0.960344,-1,-1,-1
344,60,1486.964,444.468,53.820,100.837,0.682562,-1,-1,-1
344,50,574.927,457.950,25.258,54.705,0.536913,-1,-1,-1
344,77,0.597,441.315,153.828,353.579,0.938278,-1,-1,-1
345,12,1056.552,390.119,258.588,621.939,0.941651,-1,-1,-1
345,36,552.861,455.940,26.772,57.585,0.631836,-1,-1,-1
345,35,487.740,449.585,45.373,107.974,0.797677,-1,-1,-1
345,43,893.465,436.799,97.363,241.969,0.161896,-1,-1,-1
345,32,411.396,460.894,67.401,102.730,0.799140,-1,-1,-1
345,31,377.892,460.527,47.800,110.443,0.750083,-1,-1,-1
345,51,880.015,421.178,174.442,511.021,0.941405,-1,-1,-1
345,59,1132.591,393.205,214.215,455.348,0.795943,-1,-1,-1
345,52,1237.595,444.094,42.296,92.970,0.763450,-1,-1,-1
345,62,683.007,485.675,56.137,105.280,0.672540,-1,-1,-1
345,65,1828.657,467.139,83.970,174.927,0.381257,-1,-1,-1
345,67,1008.800,455.633,30.604,76.022,0.677834,-1,-1,-1
345,56,731.105,481.208,54.578,113.727,0.835818,-1,-1,-1
345,71,702.093,481.570,46.384,106.164,0.479975,-1,-1,-1
345,72,245.554,405.010,228.144,412.933,0.962204,-1,-1,-1
345,60,1491.990,442.721,55.017,101.945,0.285596,-1,-1,-1
345,50,578.954,458.620,26.380,54.621,0.610761,-1,-1,-1
345,77,1.682,441.035,155.754,349.990,0.929447,-1,-1,-1
346,12,1058.033,389.691,285.663,622.478,0.948128,-1,-1,-1
346,36,551.927,457.029,26.970,55.791,0.594857,-1,-1,-1
346,35,486.012,448.147,46.408,112.370,0.790993,-1,-1,-1
346,43,893.828,439.931,96.443,232.481,0.187757,-1,-1,-1
346,32,411.786,456.271,67.045,107.138,0.782947,-1,-1,-1
346,31,377.619,460.884,48.296,110.500,0.587254,-1,-1,-1
346,51,883.340,421.264,174.229,518.065,0.935423,-1,-1,-1
346,59,1133.637,405.401,218.857,438.026,0.610807,-1,-1,-1
346,52,1238.853,445.007,41.587,88.448,0.803149,-1,-1,-1
346,62,680.126,487.406,58.798,99.066,0.598941,-1,-1,-1
346,65,1831.320,467.689,79.835,174.633,0.385477,-1,-1,-1
346,67,1008.134,458.676,28.626,71.419,0.543265,-1,-1,-1
346,56,731.373,480.509,54.372,114.338,0.828560,-1,-1,-1
346,71,700.701,483.738,46.839,100.226,0.474258,-1,-1,-1
346,72,257.347,402.809,213.516,415.161,0.954123,-1,-1,-1
346,60,1499.046,436.381,49.339,104.827,0.357686,-1,-1,-1
346,50,579.936,458.589,26.910,54.322,0.618326,-1,-1,-1
346,77,16.883,439.943,146.973,346.619,0.928285,-1,-1,-1
347,12,1059.268,389.241,260.697,623.547,0.936064,-1,-1,-1
347,36,551.959,455.970,27.099,56.920,0.547732,-1,-1,-1
347,35,485.545,446.963,46.774,114.617,0.743799,-1,-1,-1
347,43,893.345,443.183,92.237,229.536,0.123616,-1,-1,-1
347,32,411.981,458.956,64.956,103.414,0.727598,-1,-1,-1
347,31,379.935,456.988,44.780,110.369,0.249735,-1,-1,-1
347,51,884.742,418.927,171.497,515.027,0.935503,-1,-1,-1
347,59,1135.564,410.384,216.069,436.171,0.790316,-1,-1,-1
347,52,1239.323,444.282,41.691,91.305,0.803116,-1,-1,-1
347,62,677.700,487.871,59.205,101.016,0.578904,-1,-1,-1
347,65,1832.157,482.723,78.941,158.147,0.361815,-1,-1,-1
347,67,1008.360,459.756,27.894,70.349,0.582277,-1,-1,-1
347,56,731.639,480.332,53.806,114.118,0.823468,-1,-1,-1
347,71,699.961,485.669,46.215,99.802,0.468828,-1,-1,-1
347,72,268.948,398.210,201.669,417.404,0.954849,-1,-1,-1
347,60,1500.542,436.239,47.989,104.358,0.390511,-1,-1,-1
347,50,580.659,458.676,26.747,53.577,0.563685,-1,-1,-1
347,77,38.430,435.356,135.489,349.281,0.929634,-1,-1,-1
348,12,1058.753,387.224,247.752,624.481,0.942748,-1,-1,-1
348,36,551.822,454.452,27.286,58.424,0.517572,-1,-1,-1
348,35,483.815,447.723,47.983,114.280,0.760036,-1,-1,-1
348,43,898.749,443.854,76.777,223.127,0.105372,-1,-1,-1
348,32,411.987,468.045,58.832,96.763,0.459694,-1,-1,-1
348,51,887.554,420.657,171.549,518.125,0.932539,-1,-1,-1
348,59,1142.443,410.201,211.773,434.885,0.789296,-1,-1,-1
348,52,1240.077,444.811,41.853,92.383,0.814940,-1,-1,-1
348,62,670.952,486.911,61.742,108.633,0.767330,-1,-1,-1
348,65,1829.486,478.374,79.437,164.740,0.435068,-1,-1,-1
348,67,1008.597,460.135,28.684,73.379,0.611926,-1,-1,-1
348,56,731.565,481.024,53.528,112.220,0.801998,-1,-1,-1
348,71,702.898,484.679,42.500,96.788,0.587859,-1,-1,-1
348,72,284.040,403.589,189.149,408.816,0.946655,-1,-1,-1
348,60,1500.291,431.156,49.917,110.840,0.822201,-1,-1,-1
348,50,581.142,459.067,26.330,52.657,0.538769,-1,-1,-1
348,77,41.203,435.994,146.497,348.612,0.920583,-1,-1,-1
349,12,1058.367,389.555,251.645,624.187,0.943940,-1,-1,-1
349,36,551.626,453.763,27.158,58.106,0.492573,-1,-1,-1
349,35,483.351,448.473,48.072,112.812,0.699560,-1,-1,-1
349,43,906.612,438.744,73.300,188.870,0.114626,-1,-1,-1
349,32,414.413,470.595,51.290,94.674,0.604520,-1,-1,-1
349,51,889.512,420.732,174.230,518.442,0.930844,-1,-1,-1
349,59,1137.213,405.864,218.541,435.029,0.724203,-1,-1,-1
349,52,1239.590,445.246,43.036,93.950,0.813595,-1,-1,-1
349,62,668.014,486.576,64.788,105.514,0.707415,-1,-1,-1
349,65,1827.744,474.730,80.634,168.729,0.421395,-1,-1,-1
349,67,1008.398,460.313,29.569,76.190,0.617911,-1,-1,-1
349,56,732.882,480.572,50.396,106.727,0.740244,-1,-1,-1
349,71,703.740,482.870,42.346,94.712,0.455482,-1,-1,-1
349,72,298.723,401.803,171.805,406.130,0.956904,-1,-1,-1
349,60,1509.626,434.913,44.851,105.812,0.300060,-1,-1,-1
349,50,576.431,457.810,27.632,53.693,0.446448,-1,-1,-1
349,77,54.558,433.325,143.884,349.161,0.931268,-1,-1,-1
350,12,1055.414,397.358,253.150,615.954,0.937959,-1,-1,-1
350,36,551.458,454.438,27.233,57.260,0.503915,-1,-1,-1
350,35,478.134,448.094,53.136,113.260,0.623277,-1,-1,-1
350,43,913.888,443.991,58.995,152.977,0.164454,-1,-1,-1
350,32,415.769,470.616,52.061,96.383,0.546957,-1,-1,-1
350,51,889.850,419.748,177.707,522.441,0.929227,-1,-1,-1
350,59,1138.730,423.461,216.733,412.828,0.661855,-1,-1,-1
350,52,1238.256,445.065,43.576,96.665,0.813068,-1,-1,-1
350,62,666.571,485.006,69.249,106.946,0.738061,-1,-1,-1
350,65,1825.945,472.543,82.619,171.176,0.451972,-1,-1,-1
350,67,1006.985,460.596,30.800,80.150,0.629620,-1,-1,-1
350,56,732.194,479.924,50.808,108.781,0.775382,-1,-1,-1
350,71,702.992,482.692,43.000,98.618,0.489933,-1,-1,-1
350,72,306.505,417.072,162.544,388.691,0.942940,-1,-1,-1
350,60,1507.274,434.063,49.024,107.727,0.715778,-1,-1,-1
350,50,575.305,458.243,27.787,53.111,0.477083,-1,-1,-1
350,77,63.320,431.189,153.364,349.345,0.943845,-1,-1,-1
351,12,1051.588,396.477,235.599,616.405,0.943621,-1,-1,-1
351,36,551.831,455.317,26.641,56.322,0.442939,-1,-1,-1
351,35,481.233,446.453,48.581,107.237,0.562245,-1,-1,-1
351,43,917.553,449.132,50.228,134.014,0.128562,-1,-1,-1
351,32,422.902,472.964,41.047,92.798,0.396386,-1,-1,-1
351,51,890.602,418.471,175.072,523.843,0.930273,-1,-1,-1
351,59,1139.480,423.413,212.745,414.004,0.772466,-1,-1,-1
351,52,1238.154,444.706,43.201,99.715,0.841258,-1,-1,-1
351,62,666.712,484.667,67.327,110.472,0.755975,-1,-1,-1
351,65,1826.286,476.678,80.637,166.525,0.442772,-1,-1,-1
351,67,1005.261,458.786,31.458,79.572,0.499751,-1,-1,-1
351,56,733.526,479.125,49.711,113.315,0.812502,-1,-1,-1
351,71,701.176,478.466,42.018,99.079,0.641320,-1,-1,-1
351,72,313.738,404.704,156.492,397.852,0.940171,-1,-1,-1
351,60,1509.466,435.063,48.074,106.934,0.585593,-1,-1,-1
351,50,575.006,456.866,26.657,55.495,0.105626,-1,-1,-1
351,77,72.241,436.517,169.571,343.155,0.950038,-1,-1,-1
351,80,0.201,451.640,49.902,411.340,0.884232,-1,-1,-1
352,12,1052.794,391.780,240.962,621.532,0.939626,-1,-1,-1
352,36,551.704,454.845,26.641,56.233,0.421407,-1,-1,-1
352,35,482.725,444.914,47.657,107.506,0.596711,-1,-1,-1
352,43,921.597,444.123,49.364,140.655,0.169571,-1,-1,-1
352,32,427.648,464.727,37.113,93.535,0.353801,-1,-1,-1
352,51,891.187,418.253,174.372,524.003,0.929185,-1,-1,-1
352,59,1148.984,422.678,204.471,410.609,0.736774,-1,-1,-1
352,52,1239.421,445.126,42.101,97.398,0.829545,-1,-1,-1
352,62,665.881,485.242,66.028,109.550,0.755680,-1,-1,-1
352,65,1827.470,470.378,86.130,176.230,0.611485,-1,-1,-1
352,67,1002.437,455.107,37.723,83.291,0.400670,-1,-1,-1
352,56,732.992,478.038,50.881,117.622,0.835055,-1,-1,-1
352,71,700.191,478.014,41.703,97.762,0.666213,-1,-1,-1
352,72,317.395,398.470,161.908,402.029,0.938922,-1,-1,-1
352,60,1510.200,431.307,48.856,111.234,0.624690,-1,-1,-1
352,50,573.069,457.077,25.910,55.802,0.135641,-1,-1,-1
352,77,71.327,444.904,191.938,333.574,0.957049,-1,-1,-1
352,80,0.040,450.293,56.442,409.710,0.907146,-1,-1,-1
353,12,1057.728,389.330,267.833,623.360,0.937584,-1,-1,-1
353,36,551.915,453.982,26.305,57.188,0.458102,-1,-1,-1
353,35,485.177,446.511,44.089,102.243,0.628291,-1,-1,-1
353,43,926.332,442.324,44.830,135.738,0.239185,-1,-1,-1
353,32,427.970,464.876,38.880,94.416,0.183620,-1,-1,-1
353,51,891.963,420.090,172.877,522.733,0.930167,-1,-1,-1
353,59,1154.444,432.417,200.115,400.956,0.528224,-1,-1,-1
353,52,1240.605,445.769,41.284,95.124,0.842800,-1,-1,-1
353,62,665.602,484.366,69.445,109.375,0.762667,-1,-1,-1
353,65,1827.336,466.675,87.792,179.955,0.555737,-1,-1,-1
353,67,999.063,452.479,44.730,105.726,0.345679,-1,-1,-1
353,56,731.409,476.522,52.307,119.614,0.820290,-1,-1,-1
353,71,697.657,475.952,43.091,97.422,0.640298,-1,-1,-1
353,72,319.219,394.601,167.383,402.683,0.944876,-1,-1,-1
353,60,1514.081,434.078,46.319,108.171,0.830635,-1,-1,-1
353,50,572.801,456.635,25.693,56.009,0.231505,-1,-1,-1
353,77,73.641,440.132,208.598,340.840,0.959127,-1,-1,-1
353,80,0.009,441.862,67.798,417.712,0.907311,-1,-1,-1
353,46,846.502,472.865,43.381,77.828,0.668061,-1,-1,-1
354,12,1057.645,384.798,294.195,628.590,0.940001,-1,-1,-1
354,36,552.354,453.743,26.099,57.607,0.503137,-1,-1,-1
354,35,488.198,448.018,39.323,87.373,0.590770,-1,-1,-1
354,43,927.028,440.516,38.680,125.670,0.466079,-1,-1,-1
354,32,429.586,455.397,39.613,99.710,0.194133,-1,-1,-1
354,51,892.234,420.990,178.949,521.941,0.941818,-1,-1,-1
354,59,1154.731,440.378,208.926,396.372,0.517180,-1,-1,-1
354,52,1240.590,445.324,41.774,101.078,0.846471,-1,-1,-1
354,62,666.586,478.033,71.819,120.753,0.793482,-1,-1,-1
354,65,1826.515,467.241,86.182,178.639,0.507773,-1,-1,-1
354,67,1002.723,450.371,42.159,104.085,0.296680,-1,-1,-1
354,56,731.254,475.369,53.407,121.403,0.844135,-1,-1,-1
354,71,693.189,472.052,47.571,103.887,0.620574,-1,-1,-1
354,72,322.895,394.849,172.380,403.414,0.942826,-1,-1,-1
354,60,1516.045,432.336,45.027,109.730,0.764888,-1,-1,-1
354,50,574.945,456.596,25.781,54.466,0.474865,-1,-1,-1
354,77,76.326,440.432,217.149,340.817,0.957027,-1,-1,-1
354,80,0.079,450.341,80.316,401.604,0.922227,-1,-1,-1
354,81,1054.392,435.607,84.268,210.388,0.827243,-1,-1,-1
354,46,847.126,472.229,42.452,73.551,0.573527,-1,-1,-1
355,12,1057.511,385.569,304.458,627.537,0.945028,-1,-1,-1
355,36,552.809,453.581,26.365,58.150,0.550478,-1,-1,-1
355,35,488.362,447.637,37.728,84.754,0.290832,-1,-1,-1
355,43,928.292,441.057,35.312,118.551,0.520503,-1,-1,-1
355,32,428.215,448.303,43.255,107.492,0.165299,-1,-1,-1
355,51,892.536,420.907,174.844,521.768,0.941305,-1,-1,-1
355,59,1167.960,443.352,190.432,386.805,0.453199,-1,-1,-1
355,52,1240.796,445.919,40.929,96.364,0.838247,-1,-1,-1
355,62,669.077,483.499,66.384,112.487,0.744255,-1,-1,-1
355,65,1826.839,464.531,86.373,180.418,0.491991,-1,-1,-1
355,67,1006.693,450.774,39.671,107.130,0.269074,-1,-1,-1
355,56,731.594,476.667,54.083,121.849,0.853070,-1,-1,-1
355,71,693.976,474.739,46.241,101.161,0.662656,-1,-1,-1
355,72,334.616,394.875,170.993,404.772,0.931394,-1,-1,-1
355,60,1515.896,429.692,48.692,112.014,0.800249,-1,-1,-1
355,50,575.772,456.191,26.201,54.568,0.497995,-1,-1,-1
355,77,80.212,437.477,222.398,346.039,0.955084,-1,-1,-1
355,80,0.093,448.677,110.394,399.839,0.913669,-1,-1,-1
355,81,1054.282,434.073,80.741,213.733,0.894018,-1,-1,-1
355,46,847.021,471.921,42.909,72.789,0.465169,-1,-1,-1
356,12,1056.890,387.019,309.298,625.223,0.946683,-1,-1,-1
356,36,552.540,453.583,26.756,58.223,0.553727,-1,-1,-1
356,35,492.310,450.167,34.379,75.361,0.596753,-1,-1,-1
356,43,925.923,444.688,40.643,108.338,0.758397,-1,-1,-1
356,51,892.276,420.419,179.493,521.134,0.941074,-1,-1,-1
356,59,1159.328,442.830,205.603,388.474,0.485819,-1,-1,-1
356,52,1241.384,445.812,40.672,92.238,0.832464,-1,-1,-1
356,62,668.645,482.160,64.583,116.465,0.797854,-1,-1,-1
356,65,1826.109,465.814,87.508,178.846,0.458660,-1,-1,-1
356,67,1005.859,449.866,38.294,104.989,0.366350,-1,-1,-1
356,56,731.516,475.975,55.613,123.605,0.838399,-1,-1,-1
356,71,693.732,473.709,46.687,104.560,0.618452,-1,-1,-1
356,72,342.589,394.481,172.678,402.907,0.944859,-1,-1,-1
356,60,1517.138,432.255,49.230,107.958,0.745750,-1,-1,-1
356,50,575.959,456.367,26.557,54.085,0.519145,-1,-1,-1
356,77,92.787,435.958,212.172,340.868,0.953953,-1,-1,-1
356,80,0.105,448.870,142.951,404.962,0.927284,-1,-1,-1
356,81,1050.790,434.585,75.800,210.919,0.894809,-1,-1,-1
356,46,847.270,470.003,44.425,77.853,0.602639,-1,-1,-1
357,12,1056.799,386.761,310.196,626.420,0.947945,-1,-1,-1
357,36,551.700,453.444,27.228,58.498,0.635735,-1,-1,-1
357,35,488.008,451.136,37.340,78.081,0.674075,-1,-1,-1
357,43,926.769,447.941,39.763,110.891,0.669001,-1,-1,-1
357,51,892.961,418.042,179.738,521.101,0.944792,-1,-1,-1
357,59,1158.919,430.992,207.584,396.517,0.488567,-1,-1,-1
357,52,1242.501,445.768,39.446,95.037,0.829417,-1,-1,-1
357,62,671.596,481.708,62.862,114.660,0.762225,-1,-1,-1
357,65,1826.276,454.981,90.455,192.019,0.592526,-1,-1,-1
357,67,1006.309,451.634,36.960,101.086,0.202472,-1,-1,-1
357,56,731.177,476.916,56.800,122.052,0.772017,-1,-1,-1
357,71,690.534,471.577,48.824,107.776,0.577395,-1,-1,-1
357,72,350.316,395.693,190.488,403.103,0.946717,-1,-1,-1
357,60,1521.322,435.108,47.679,104.243,0.691936,-1,-1,-1
357,50,575.609,455.583,26.685,54.574,0.594732,-1,-1,-1
357,77,103.319,436.537,206.216,338.643,0.938593,-1,-1,-1
357,80,0.953,442.466,175.948,411.877,0.955373,-1,-1,-1
357,81,1048.119,437.131,76.939,206.925,0.883801,-1,-1,-1
357,46,850.012,468.583,40.736,75.433,0.534938,-1,-1,-1
358,12,1057.411,385.230,308.305,628.979,0.951643,-1,-1,-1
358,36,552.366,453.536,26.941,58.744,0.560009,-1,-1,-1
358,35,480.211,447.474,44.306,101.650,0.735719,-1,-1,-1
358,43,929.767,451.382,37.406,101.569,0.376877,-1,-1,-1
358,51,893.299,416.856,178.039,520.802,0.947023,-1,-1,-1
358,59,1162.599,431.249,197.162,396.815,0.538719,-1,-1,-1
358,52,1245.651,445.588,36.845,95.758,0.808391,-1,-1,-1
358,62,670.611,483.156,61.452,112.344,0.777773,-1,-1,-1
358,65,1827.822,428.642,90.589,219.927,0.466350,-1,-1,-1
358,67,1008.104,450.166,34.373,91.725,0.187757,-1,-1,-1
358,56,731.915,484.516,54.087,113.031,0.686229,-1,-1,-1
358,71,694.222,477.212,44.247,98.135,0.596831,-1,-1,-1
358,72,354.148,398.230,208.018,399.805,0.948859,-1,-1,-1
358,60,1524.509,435.288,46.484,103.647,0.719245,-1,-1,-1
358,50,575.733,456.304,25.818,54.461,0.523907,-1,-1,-1
358,77,106.807,438.523,202.360,330.069,0.926144,-1,-1,-1
358,80,1.428,441.554,200.796,414.492,0.953748,-1,-1,-1
358,81,1048.191,440.870,74.561,203.532,0.895061,-1,-1,-1
358,46,850.665,469.295,40.811,76.848,0.575462,-1,-1,-1
359,12,1057.913,388.613,308.922,624.558,0.951949,-1,-1,-1
359,36,552.590,454.451,27.139,58.037,0.531188,-1,-1,-1
359,35,478.940,448.039,45.202,107.522,0.741460,-1,-1,-1
359,43,930.971,448.849,37.607,109.055,0.549796,-1,-1,-1
359,51,893.910,419.318,179.424,519.031,0.943197,-1,-1,-1
359,59,1162.911,430.552,194.500,399.997,0.469074,-1,-1,-1
359,52,1246.044,444.650,38.163,95.999,0.809213,-1,-1,-1
359,62,669.023,483.456,63.458,115.322,0.800286,-1,-1,-1
359,65,1829.016,448.366,84.385,198.574,0.496861,-1,-1,-1
359,67,1008.631,447.465,33.371,86.634,0.214939,-1,-1,-1
359,56,731.064,488.005,54.217,107.012,0.635214,-1,-1,-1
359,71,692.700,476.552,45.630,101.743,0.549380,-1,-1,-1
359,72,357.629,406.249,221.455,391.583,0.958314,-1,-1,-1
359,60,1527.305,433.228,45.142,104.327,0.733535,-1,-1,-1
359,50,574.736,457.617,25.803,53.440,0.472079,-1,-1,-1
359,77,117.336,433.825,192.685,331.912,0.937791,-1,-1,-1
359,80,1.422,445.244,218.789,412.083,0.964776,-1,-1,-1
359,81,1043.941,443.164,71.750,202.652,0.896572,-1,-1,-1
359,46,848.656,470.055,42.918,76.155,0.569468,-1,-1,-1
360,12,1056.211,387.268,311.729,625.717,0.955701,-1,-1,-1
360,36,551.827,454.820,27.127,57.650,0.565986,-1,-1,-1
360,35,473.084,447.097,51.827,115.004,0.750018,-1,-1,-1
360,43,928.957,447.698,39.917,108.926,0.316428,-1,-1,-1
360,51,893.974,419.520,183.352,517.974,0.947371,-1,-1,-1
360,59,1171.123,428.774,192.922,399.498,0.202109,-1,-1,-1
360,52,1244.739,444.676,39.999,97.842,0.824210,-1,-1,-1
360,62,666.363,482.638,69.843,114.369,0.768685,-1,-1,-1
360,65,1833.722,402.918,83.720,246.870,0.665056,-1,-1,-1
360,67,1009.244,447.663,34.214,90.948,0.203537,-1,-1,-1
360,56,731.596,486.583,53.543,106.166,0.569169,-1,-1,-1
360,71,695.372,479.599,49.677,102.192,0.215481,-1,-1,-1
360,72,361.071,411.935,227.361,387.805,0.959803,-1,-1,-1
360,60,1529.406,431.769,44.903,106.043,0.684400,-1,-1,-1
360,50,574.827,457.959,25.740,53.209,0.473239,-1,-1,-1
360,77,127.027,433.273,183.394,329.924,0.936955,-1,-1,-1
360,80,0.643,446.261,225.548,411.380,0.962852,-1,-1,-1
360,81,1035.610,435.426,73.599,212.153,0.757931,-1,-1,-1
360,46,847.386,471.001,43.235,76.884,0.567481,-1,-1,-1
361,12,1055.857,386.106,310.021,627.716,0.954969,-1,-1,-1
361,36,551.932,454.405,26.771,57.220,0.566637,-1,-1,-1
361,35,471.785,446.031,55.329,115.948,0.572694,-1,-1,-1
361,43,932.296,448.753,39.862,101.632,0.207160,-1,-1,-1
361,51,893.857,414.769,184.232,520.557,0.949562,-1,-1,-1
361,59,1163.882,425.884,201.558,401.921,0.246052,-1,-1,-1
361,52,1244.484,441.884,41.893,102.368,0.790121,-1,-1,-1
361,62,666.441,485.088,67.878,106.960,0.701453,-1,-1,-1
361,65,1830.713,437.068,84.820,212.571,0.702324,-1,-1,-1
361,56,732.904,482.530,53.310,110.909,0.644664,-1,-1,-1
361,71,697.661,481.091,48.592,104.035,0.236607,-1,-1,-1
361,72,368.216,405.039,226.421,395.466,0.958374,-1,-1,-1
361,60,1531.763,430.996,45.790,106.155,0.704933,-1,-1,-1
361,50,576.240,456.248,25.625,54.602,0.566611,-1,-1,-1
361,77,135.889,431.378,171.661,332.488,0.917211,-1,-1,-1
361,80,0.154,442.083,232.108,411.383,0.966609,-1,-1,-1
361,81,1027.261,433.429,75.066,212.925,0.793203,-1,-1,-1
361,46,845.024,472.461,45.298,77.258,0.620074,-1,-1,-1
362,12,1057.057,386.181,307.558,628.109,0.957216,-1,-1,-1
362,36,551.319,454.222,27.086,57.198,0.600089,-1,-1,-1
362,35,477.485,445.372,51.880,114.710,0.520983,-1,-1,-1
362,43,932.021,462.290,36.091,84.406,0.232043,-1,-1,-1
362,51,897.355,413.555,180.417,522.139,0.955631,-1,-1,-1
362,59,1168.838,434.198,193.943,397.717,0.168270,-1,-1,-1
362,52,1244.700,441.640,40.216,102.670,0.796973,-1,-1,-1
362,62,665.231,485.041,64.547,109.025,0.774551,-1,-1,-1
362,65,1830.615,402.391,87.894,247.845,0.597551,-1,-1,-1
362,56,732.352,481.773,52.911,114.176,0.707324,-1,-1,-1
362,71,687.665,484.094,53.324,105.909,0.693743,-1,-1,-1
362,72,374.000,404.878,225.381,395.047,0.954671,-1,-1,-1
362,60,1533.316,433.241,45.121,103.146,0.504231,-1,-1,-1
362,50,577.191,455.744,25.876,55.142,0.649193,-1,-1,-1
362,77,156.630,429.222,148.878,334.209,0.924928,-1,-1,-1
362,80,0.071,442.719,242.530,412.653,0.968620,-1,-1,-1
362,81,1027.273,435.250,72.463,211.658,0.878900,-1,-1,-1
362,46,844.879,472.129,45.166,78.622,0.680179,-1,-1,-1
363,12,1055.413,391.353,306.802,624.370,0.953158,-1,-1,-1
363,36,552.305,453.936,26.538,57.133,0.537782,-1,-1,-1
363,35,488.531,444.405,42.239,109.584,0.181923,-1,-1,-1
363,43,936.387,464.072,34.417,83.618,0.290293,-1,-1,-1
363,51,899.919,414.892,185.440,518.569,0.946718,-1,-1,-1
363,59,1172.326,443.652,191.127,385.137,0.119575,-1,-1,-1
363,52,1244.600,442.213,40.819,101.591,0.797032,-1,-1,-1
363,62,669.854,485.281,65.327,109.493,0.741394,-1,-1,-1
363,65,1828.992,398.719,90.615,251.814,0.640240,-1,-1,-1
363,56,732.540,479.725,52.900,117.234,0.767497,-1,-1,-1
363,71,690.658,483.204,50.530,104.629,0.667648,-1,-1,-1
363,72,381.786,404.359,218.760,393.003,0.951642,-1,-1,-1
363,60,1533.787,427.398,49.021,110.483,0.613747,-1,-1,-1
363,50,577.737,454.964,25.852,55.328,0.593840,-1,-1,-1
363,77,169.991,431.454,133.596,335.130,0.932000,-1,-1,-1
363,80,0.015,444.414,238.647,407.930,0.967247,-1,-1,-1
363,81,1018.780,443.008,74.978,200.660,0.499184,-1,-1,-1
363,46,847.414,473.243,41.539,74.978,0.559616,-1,-1,-1
364,12,1057.113,389.927,309.007,624.666,0.950742,-1,-1,-1
364,36,551.518,453.481,27.067,58.912,0.643921,-1,-1,-1
364,35,492.118,441.025,41.481,114.647,0.110154,-1,-1,-1
364,43,935.837,476.267,33.317,69.325,0.219445,-1,-1,-1
364,51,902.590,414.735,183.159,516.960,0.942447,-1,-1,-1
364,59,1176.800,446.424,188.552,380.588,0.148767,-1,-1,-1
364,52,1245.229,443.884,42.890,99.088,0.826894,-1,-1,-1
364,62,666.985,485.343,65.975,108.427,0.743504,-1,-1,-1
364,65,1838.766,385.932,81.399,261.162,0.418580,-1,-1,-1
364,56,732.454,479.775,53.262,116.840,0.759741,-1,-1,-1
364,71,689.902,480.011,50.214,109.971,0.606229,-1,-1,-1
364,72,388.939,404.313,216.479,392.338,0.958032,-1,-1,-1
364,60,1535.742,423.497,49.833,114.251,0.786206,-1,-1,-1
364,50,577.043,454.978,26.367,55.803,0.633126,-1,-1,-1
364,77,178.798,429.170,127.608,338.467,0.923760,-1,-1,-1
364,80,0.363,443.275,242.074,408.471,0.964841,-1,-1,-1
364,81,1019.704,446.534,70.054,185.125,0.265155,-1,-1,-1
364,46,845.760,472.826,42.670,76.916,0.606932,-1,-1,-1
365,12,1054.007,394.177,312.930,620.428,0.953193,-1,-1,-1
365,36,551.105,453.748,26.631,58.863,0.610392,-1,-1,-1
365,35,494.158,439.269,41.562,116.832,0.121204,-1,-1,-1
365,43,934.943,461.984,36.664,80.316,0.260333,-1,-1,-1
365,51,906.621,411.846,179.167,524.698,0.943958,-1,-1,-1
365,59,1182.201,436.854,184.377,393.974,0.112703,-1,-1,-1
365,52,1245.537,443.225,44.577,100.136,0.822085,-1,-1,-1
365,62,665.728,487.358,65.996,105.369,0.721391,-1,-1,-1
365,65,1847.863,381.958,72.473,259.377,0.221594,-1,-1,-1
365,56,732.623,480.914,53.274,114.549,0.745252,-1,-1,-1
365,71,693.550,484.329,47.953,102.964,0.575915,-1,-1,-1
365,72,390.695,408.324,218.048,391.018,0.956101,-1,-1,-1
365,60,1542.736,420.898,45.746,116.279,0.670233,-1,-1,-1
365,50,576.665,454.672,26.271,56.387,0.625414,-1,-1,-1
365,77,194.912,437.596,114.676,327.738,0.917243,-1,-1,-1
365,80,2.529,439.413,239.795,413.529,0.958486,-1,-1,-1
365,81,1017.748,438.895,70.244,190.776,0.237643,-1,-1,-1
365,46,845.031,471.919,43.178,77.629,0.667521,-1,-1,-1
366,12,1053.021,392.642,315.097,623.201,0.954688,-1,-1,-1
366,36,551.759,454.798,25.812,57.745,0.552011,-1,-1,-1
366,35,500.138,437.521,42.777,111.281,0.153940,-1,-1,-1
366,43,934.607,458.345,35.605,82.383,0.292202,-1,-1,-1
366,51,912.215,411.778,173.478,527.591,0.947424,-1,-1,-1
366,52,1246.634,443.057,44.600,100.239,0.817304,-1,-1,-1
366,62,665.480,486.177,66.435,106.473,0.778509,-1,-1,-1
366,65,1848.177,380.372,72.059,261.046,0.255317,-1,-1,-1
366,56,732.599,482.127,52.459,114.029,0.748887,-1,-1,-1
366,71,691.197,482.184,48.368,108.956,0.632070,-1,-1,-1
366,72,393.361,409.272,218.891,390.134,0.954751,-1,-1,-1
366,60,1545.630,424.132,43.053,112.969,0.533448,-1,-1,-1
366,50,579.690,456.741,25.856,54.341,0.592276,-1,-1,-1
366,77,205.320,438.757,111.685,325.169,0.905583,-1,-1,-1
366,80,3.527,437.948,239.989,406.838,0.953052,-1,-1,-1
366,81,1007.114,444.526,82.337,196.581,0.207597,-1,-1,-1
366,46,845.393,471.660,42.951,76.699,0.622802,-1,-1,-1
366,31,373.100,459.541,49.050,112.913,0.721112,-1,-1,-1
367,12,1051.805,393.646,315.810,622.958,0.955161,-1,-1,-1
367,36,553.537,454.686,24.480,57.227,0.526340,-1,-1,-1
367,35,498.779,436.857,51.214,130.397,0.116388,-1,-1,-1
367,43,933.388,462.008,36.110,82.330,0.286475,-1,-1,-1
367,51,915.210,412.229,170.661,528.359,0.946528,-1,-1,-1
367,52,1247.121,440.977,45.251,102.591,0.836163,-1,-1,-1
367,62,663.902,486.233,56.422,103.424,0.748786,-1,-1,-1
367,65,1845.504,380.881,74.697,262.741,0.327541,-1,-1,-1
367,56,732.128,479.627,52.610,118.595,0.725371,-1,-1,-1
367,71,688.708,485.093,50.935,103.067,0.748773,-1,-1,-1
367,72,396.435,408.367,217.535,385.719,0.950013,-1,-1,-1
367,60,1549.829,425.343,38.655,115.461,0.189751,-1,-1,-1
367,50,580.618,455.543,25.798,54.630,0.478302,-1,-1,-1
367,77,213.356,432.200,117.257,333.347,0.918331,-1,-1,-1
367,80,13.679,437.703,227.437,401.005,0.934792,-1,-1,-1
367,46,845.696,472.348,43.246,76.122,0.571613,-1,-1,-1
367,31,370.582,458.140,53.652,116.203,0.691255,-1,-1,-1
368,12,1050.987,392.825,317.698,624.542,0.953378,-1,-1,-1
368,36,552.534,454.412,24.888,55.462,0.402045,-1,-1,-1
368,43,932.280,465.858,37.037,79.871,0.321682,-1,-1,-1
368,51,919.309,410.367,169.032,532.019,0.946872,-1,-1,-1
368,52,1249.181,438.554,43.855,104.999,0.779965,-1,-1,-1
368,62,661.596,482.581,70.152,114.412,0.681459,-1,-1,-1
368,65,1835.932,431.020,82.375,212.896,0.626664,-1,-1,-1
368,56,731.145,478.936,53.125,119.187,0.792039,-1,-1,-1
368,71,685.437,484.103,53.991,105.141,0.817114,-1,-1,-1
368,72,398.394,399.725,214.941,390.133,0.952024,-1,-1,-1
368,60,1549.791,432.516,38.773,106.052,0.385582,-1,-1,-1
368,50,580.601,457.162,26.320,52.193,0.518342,-1,-1,-1
368,77,219.669,431.948,129.731,332.497,0.926557,-1,-1,-1
368,80,31.240,436.944,207.303,396.385,0.943797,-1,-1,-1
368,46,845.918,472.658,41.930,74.713,0.627493,-1,-1,-1
368,31,370.704,456.612,53.283,119.567,0.792032,-1,-1,-1
369,12,1050.879,392.498,319.028,624.348,0.954051,-1,-1,-1
369,36,551.523,454.905,25.118,53.734,0.501113,-1,-1,-1
369,43,933.182,453.501,37.101,86.058,0.362382,-1,-1,-1
369,51,921.361,410.171,167.438,531.292,0.948687,-1,-1,-1
369,52,1248.820,439.094,43.884,104.355,0.788588,-1,-1,-1
369,62,659.937,479.703,68.275,121.678,0.695902,-1,-1,-1
369,65,1831.590,453.104,86.084,193.848,0.674736,-1,-1,-1
369,56,729.807,478.686,53.894,118.176,0.813461,-1,-1,-1
369,71,684.809,482.314,55.285,107.933,0.797996,-1,-1,-1
369,72,403.642,394.058,208.445,392.461,0.950664,-1,-1,-1
369,60,1550.135,434.367,37.914,104.093,0.311112,-1,-1,-1
369,50,579.118,457.746,28.019,52.988,0.709423,-1,-1,-1
369,77,226.723,429.060,142.784,334.960,0.944792,-1,-1,-1
369,80,44.928,437.680,191.758,387.881,0.929964,-1,-1,-1
369,46,845.774,472.991,42.549,73.813,0.623671,-1,-1,-1
369,31,371.160,457.744,51.573,118.431,0.814881,-1,-1,-1
370,12,1050.952,396.489,318.612,619.858,0.954743,-1,-1,-1
370,36,551.807,452.732,25.595,57.777,0.579534,-1,-1,-1
370,43,935.231,451.623,34.188,82.096,0.191269,-1,-1,-1
370,51,924.397,409.956,164.702,531.598,0.948519,-1,-1,-1
370,52,1248.880,439.959,44.692,102.382,0.789888,-1,-1,-1
370,62,660.313,480.194,64.479,112.516,0.653291,-1,-1,-1
370,65,1831.796,460.153,85.310,188.360,0.668812,-1,-1,-1
370,56,729.649,478.306,52.910,117.497,0.772679,-1,-1,-1
370,71,686.622,482.999,52.674,105.352,0.792787,-1,-1,-1
370,72,412.694,404.226,194.619,384.265,0.943027,-1,-1,-1
370,60,1551.664,437.832,36.461,101.004,0.244303,-1,-1,-1
370,50,576.939,455.720,26.733,55.319,0.641467,-1,-1,-1
370,77,225.467,425.847,164.554,338.578,0.946030,-1,-1,-1
370,80,54.803,433.977,187.653,388.826,0.950936,-1,-1,-1
370,46,845.192,472.650,43.335,73.720,0.655130,-1,-1,-1
370,31,370.168,456.971,54.312,119.034,0.804880,-1,-1,-1
371,12,1050.577,397.303,319.626,619.122,0.955594,-1,-1,-1
371,36,555.827,452.791,25.172,59.872,0.505462,-1,-1,-1
371,43,935.071,455.361,33.827,78.548,0.254725,-1,-1,-1
371,51,926.096,409.828,163.666,533.756,0.948207,-1,-1,-1
371,52,1248.404,441.205,45.108,99.277,0.817296,-1,-1,-1
371,62,659.073,480.718,53.743,107.686,0.744298,-1,-1,-1
371,65,1832.154,462.411,85.637,186.215,0.562579,-1,-1,-1
371,56,729.621,479.545,52.316,115.763,0.795726,-1,-1,-1
371,71,689.695,482.522,49.101,104.193,0.802464,-1,-1,-1
371,72,428.683,403.631,177.952,384.398,0.934034,-1,-1,-1
371,60,1554.295,435.667,33.938,104.031,0.436945,-1,-1,-1
371,50,577.240,454.775,25.913,55.515,0.570729,-1,-1,-1
371,77,230.904,425.155,172.797,339.439,0.941800,-1,-1,-1
371,80,67.198,432.711,185.432,387.921,0.947253,-1,-1,-1
371,46,845.183,473.288,44.034,73.260,0.640651,-1,-1,-1
371,31,368.840,456.718,56.124,118.266,0.798536,-1,-1,-1
371,84,1057.974,446.787,84.468,148.768,0.721600,-1,-1,-1
371,85,0.082,444.435,42.722,375.030,0.800349,-1,-1,-1
371,86,801.952,480.511,40.940,69.286,0.739873,-1,-1,-1
372,12,1049.880,392.461,320.023,624.157,0.953873,-1,-1,-1
372,36,557.961,454.519,26.158,61.499,0.528224,-1,-1,-1
372,43,934.835,450.921,31.268,73.735,0.174299,-1,-1,-1
372,51,929.289,409.099,162.837,537.094,0.948914,-1,-1,-1
372,52,1250.132,441.178,46.417,99.564,0.854763,-1,-1,-1
372,62,659.356,478.372,49.141,105.330,0.730197,-1,-1,-1
372,65,1831.075,460.188,87.062,188.281,0.575346,-1,-1,-1
372,56,729.742,478.164,51.325,116.008,0.768335,-1,-1,-1
372,71,689.026,479.504,49.760,106.196,0.747011,-1,-1,-1
372,72,439.108,401.750,168.913,377.464,0.952707,-1,-1,-1
372,60,1553.953,434.480,33.093,104.306,0.595151,-1,-1,-1
372,50,576.066,455.765,25.681,55.585,0.554254,-1,-1,-1
372,77,240.097,429.292,174.953,329.674,0.949768,-1,-1,-1
372,80,75.034,433.802,186.076,386.519,0.953000,-1,-1,-1
372,46,845.584,470.610,43.283,75.875,0.672248,-1,-1,-1
372,31,370.289,456.130,54.845,119.281,0.796521,-1,-1,-1
372,84,1056.494,446.531,90.769,148.717,0.710159,-1,-1,-1
372,85,0.132,432.428,40.592,382.748,0.847591,-1,-1,-1
372,86,801.620,479.579,41.008,70.932,0.722700,-1,-1,-1
373,12,1050.468,402.551,320.438,612.221,0.946568,-1,-1,-1
373,36,558.138,453.300,27.573,66.062,0.473973,-1,-1,-1
373,43,934.439,462.693,31.954,63.261,0.308506,-1,-1,-1
373,51,932.364,406.543,165.056,541.990,0.946242,-1,-1,-1
373,52,1251.975,439.043,46.919,102.913,0.865756,-1,-1,-1
373,62,658.153,483.480,51.333,99.044,0.665167,-1,-1,-1
373,65,1832.408,467.944,82.421,181.366,0.438330,-1,-1,-1
373,56,730.968,480.138,49.575,114.545,0.716233,-1,-1,-1
373,71,690.147,480.113,49.036,102.512,0.669385,-1,-1,-1
373,72,456.447,400.469,155.271,375.050,0.955634,-1,-1,-1
373,60,1555.767,439.770,30.913,97.611,0.404271,-1,-1,-1
373,50,576.082,455.996,26.308,57.246,0.582096,-1,-1,-1
373,77,243.929,433.518,175.802,322.944,0.946447,-1,-1,-1
373,80,84.060,433.612,204.416,384.016,0.940499,-1,-1,-1
373,46,847.821,469.806,41.709,75.360,0.506583,-1,-1,-1
373,31,373.561,456.860,52.770,119.641,0.814539,-1,-1,-1
373,84,1059.114,455.762,67.886,138.380,0.692878,-1,-1,-1
373,85,0.327,450.329,45.394,366.649,0.904715,-1,-1,-1
373,86,800.818,484.562,40.732,64.480,0.595457,-1,-1,-1
374,12,1053.204,401.176,317.996,612.262,0.947005,-1,-1,-1
374,36,558.652,455.630,30.846,72.570,0.339769,-1,-1,-1
374,43,932.644,456.008,37.206,76.181,0.353464,-1,-1,-1
374,51,937.240,405.209,162.558,538.447,0.947236,-1,-1,-1
374,52,1252.078,439.971,47.809,102.475,0.851351,-1,-1,-1
374,62,657.473,490.451,51.280,97.737,0.734578,-1,-1,-1
374,65,1835.052,466.308,76.102,179.337,0.359986,-1,-1,-1
374,56,732.588,484.139,46.635,110.561,0.641358,-1,-1,-1
374,71,695.762,484.246,43.955,98.780,0.723253,-1,-1,-1
374,72,463.799,403.833,156.265,370.101,0.950875,-1,-1,-1
374,60,1556.606,441.195,30.615,97.158,0.462308,-1,-1,-1
374,50,573.733,458.868,27.776,60.803,0.544651,-1,-1,-1
374,77,252.993,435.698,173.436,321.127,0.929032,-1,-1,-1
374,80,95.281,436.345,212.892,381.757,0.946928,-1,-1,-1
374,46,843.454,470.037,46.002,78.975,0.664074,-1,-1,-1
374,31,373.657,455.565,53.170,119.720,0.806171,-1,-1,-1
374,84,1059.642,456.998,61.109,138.723,0.796432,-1,-1,-1
374,85,0.316,442.118,49.744,375.221,0.896396,-1,-1,-1
374,86,801.780,482.088,38.173,66.033,0.531371,-1,-1,-1
374,87,411.607,456.296,54.796,115.304,0.754770,-1,-1,-1
374,88,1303.325,420.812,46.350,123.390,0.614530,-1,-1,-1
374,32,464.453,442.613,42.848,108.619,0.664725,-1,-1,-1
375,12,1052.693,400.299,319.210,613.834,0.944616,-1,-1,-1
375,36,557.899,454.763,37.070,81.738,0.193323,-1,-1,-1
375,43,932.275,448.420,35.171,78.665,0.105394,-1,-1,-1
375,51,939.208,404.620,164.213,536.729,0.940778,-1,-1,-1
375,52,1252.753,442.314,45.446,100.352,0.855866,-1,-1,-1
375,62,656.756,483.756,59.628,107.756,0.604923,-1,-1,-1
375,65,1840.525,491.663,70.232,150.626,0.319269,-1,-1,-1
375,56,731.021,482.046,48.457,107.321,0.356097,-1,-1,-1
375,71,691.355,480.633,48.657,102.382,0.646882,-1,-1,-1
375,72,469.554,401.052,155.239,371.518,0.956475,-1,-1,-1
375,60,1556.716,442.083,31.882,98.955,0.406987,-1,-1,-1
375,50,574.566,458.057,28.361,58.933,0.522654,-1,-1,-1
375,77,255.878,432.890,172.615,318.918,0.939871,-1,-1,-1
375,80,105.348,437.653,233.489,381.099,0.963427,-1,-1,-1
375,46,842.108,469.945,48.079,78.835,0.240645,-1,-1,-1
375,31,372.732,456.681,54.100,116.752,0.837443,-1,-1,-1
375,84,1064.290,454.993,48.726,128.209,0.705506,-1,-1,-1
375,85,0.093,436.492,59.267,380.944,0.886127,-1,-1,-1
375,86,802.170,485.699,38.291,61.722,0.430340,-1,-1,-1
375,87,411.126,468.767,52.845,100.348,0.647177,-1,-1,-1
375,88,1302.562,426.153,48.773,114.448,0.570837,-1,-1,-1
375,32,466.336,443.239,40.573,101.357,0.616470,-1,-1,-1
376,12,1052.814,396.529,314.889,618.165,0.940649,-1,-1,-1
376,36,555.714,447.082,42.726,98.908,0.145717,-1,-1,-1
376,43,927.389,451.887,40.571,70.815,0.294487,-1,-1,-1
376,51,939.433,407.866,172.573,536.002,0.933067,-1,-1,-1
376,52,1252.942,443.150,45.854,99.995,0.849526,-1,-1,-1
376,62,651.542,480.338,59.508,112.518,0.323376,-1,-1,-1
376,65,1845.661,492.858,69.886,155.602,0.151975,-1,-1,-1
376,56,722.442,480.474,57.907,111.850,0.331652,-1,-1,-1
376,71,685.206,475.236,55.236,108.282,0.631909,-1,-1,-1
376,72,473.541,396.347,159.310,374.648,0.948909,-1,-1,-1
376,60,1557.371,442.128,31.184,97.506,0.483744,-1,-1,-1
376,50,577.311,454.938,27.095,58.866,0.567389,-1,-1,-1
376,77,258.860,430.779,170.127,315.565,0.938545,-1,-1,-1
376,80,114.091,436.515,243.006,383.143,0.964792,-1,-1,-1
376,46,841.116,469.937,49.319,78.679,0.535564,-1,-1,-1
376,31,372.987,457.780,54.456,115.355,0.800616,-1,-1,-1
376,84,1065.477,451.589,45.841,125.750,0.701020,-1,-1,-1
376,85,-0.138,440.465,70.750,376.942,0.918140,-1,-1,-1
376,86,801.617,484.714,39.271,61.723,0.408808,-1,-1,-1
376,87,395.971,465.360,63.014,105.080,0.612342,-1,-1,-1
376,88,1301.125,429.191,50.431,112.432,0.306507,-1,-1,-1
376,32,467.592,443.905,39.032,98.106,0.673258,-1,-1,-1
377,12,1054.408,397.189,313.261,618.441,0.951155,-1,-1,-1
377,43,927.099,453.709,38.279,63.830,0.285757,-1,-1,-1
377,51,939.573,407.936,178.929,535.283,0.938680,-1,-1,-1
377,52,1253.569,440.105,43.722,104.438,0.847106,-1,-1,-1
377,62,648.274,484.181,59.082,105.505,0.501334,-1,-1,-1
377,65,1833.256,475.416,79.520,170.087,0.477941,-1,-1,-1
377,56,725.508,476.173,54.503,114.572,0.778041,-1,-1,-1
377,71,685.695,473.558,54.309,110.528,0.685377,-1,-1,-1
377,72,477.646,397.675,160.878,372.307,0.945924,-1,-1,-1
377,60,1558.850,445.330,29.923,92.878,0.354513,-1,-1,-1
377,50,579.526,452.953,28.277,59.558,0.418163,-1,-1,-1
377,77,271.004,431.836,156.963,316.582,0.930151,-1,-1,-1
377,80,124.168,439.389,245.290,379.907,0.962706,-1,-1,-1
377,46,843.581,468.177,46.304,80.860,0.750009,-1,-1,-1
377,31,369.667,454.844,58.988,123.196,0.851827,-1,-1,-1
377,84,1066.558,446.092,43.452,128.039,0.659739,-1,-1,-1
377,85,-0.328,429.624,94.722,383.928,0.918704,-1,-1,-1
377,86,802.812,484.837,41.120,61.540,0.623547,-1,-1,-1
377,87,403.417,464.571,59.709,105.693,0.693494,-1,-1,-1
377,88,1300.511,426.712,49.110,114.322,0.353055,-1,-1,-1
377,32,468.191,440.506,46.234,120.534,0.618524,-1,-1,-1
378,12,1053.787,397.341,314.976,618.196,0.957721,-1,-1,-1
378,43,927.383,458.451,35.141,60.258,0.214464,-1,-1,-1
378,51,940.746,405.340,179.545,533.628,0.942431,-1,-1,-1
378,52,1254.846,439.504,41.897,104.268,0.845597,-1,-1,-1
378,62,669.084,479.719,50.366,100.425,0.601647,-1,-1,-1
378,65,1829.329,469.722,82.427,174.916,0.431371,-1,-1,-1
378,56,727.546,475.843,51.308,115.753,0.807810,-1,-1,-1
378,71,687.935,475.337,50.677,109.191,0.725889,-1,-1,-1
378,72,483.940,398.183,160.772,372.566,0.945044,-1,-1,-1
378,60,1558.545,446.179,29.308,87.453,0.237898,-1,-1,-1
378,50,581.311,446.293,30.365,77.956,0.135264,-1,-1,-1
378,77,275.020,431.962,154.684,320.031,0.905673,-1,-1,-1
378,80,133.019,437.366,239.342,380.863,0.963791,-1,-1,-1
378,46,845.401,467.791,43.775,80.871,0.720414,-1,-1,-1
378,31,370.479,457.099,57.852,123.094,0.826039,-1,-1,-1
378,84,1064.959,447.552,50.544,142.589,0.733538,-1,-1,-1
378,85,-0.236,426.257,125.135,388.837,0.948698,-1,-1,-1
378,86,804.000,485.234,40.326,61.933,0.647613,-1,-1,-1
378,87,409.751,468.285,56.122,100.301,0.681467,-1,-1,-1
378,88,1303.040,426.492,46.550,114.293,0.342480,-1,-1,-1
378,32,470.040,441.310,47.639,120.283,0.716842,-1,-1,-1
379,12,1054.564,398.521,314.498,617.190,0.953273,-1,-1,-1
379,43,932.465,454.613,32.733,70.355,0.377074,-1,-1,-1
379,51,942.122,403.467,175.276,534.890,0.946181,-1,-1,-1
379,52,1255.070,439.856,42.035,103.194,0.845591,-1,-1,-1
379,62,652.444,485.345,54.273,101.759,0.725432,-1,-1,-1
379,65,1827.605,465.737,84.362,177.932,0.387534,-1,-1,-1
379,56,728.627,476.729,50.038,114.481,0.835316,-1,-1,-1
379,71,687.906,478.516,49.306,103.606,0.780771,-1,-1,-1
379,72,489.749,400.393,173.024,370.066,0.950397,-1,-1,-1
379,60,1557.548,445.153,29.309,81.941,0.156086,-1,-1,-1
379,77,286.874,429.924,147.150,321.427,0.902442,-1,-1,-1
379,80,140.408,440.631,233.176,376.308,0.961064,-1,-1,-1
379,46,845.482,467.444,43.794,81.466,0.712394,-1,-1,-1
379,31,369.937,457.573,59.195,124.140,0.798475,-1,-1,-1
379,84,1063.312,447.186,50.716,145.788,0.770772,-1,-1,-1
379,85,-0.160,427.031,148.073,385.849,0.946798,-1,-1,-1
379,86,803.743,486.102,40.924,62.303,0.616461,-1,-1,-1
379,87,409.764,459.889,62.165,108.754,0.730859,-1,-1,-1
379,88,1302.896,426.593,45.967,114.159,0.295485,-1,-1,-1
379,32,471.569,443.731,48.047,121.718,0.737943,-1,-1,-1
380,12,1054.189,395.169,316.162,621.175,0.955436,-1,-1,-1
380,43,933.457,452.510,34.515,74.047,0.362540,-1,-1,-1
380,51,941.551,406.429,178.093,532.430,0.940758,-1,-1,-1
380,52,1254.123,442.971,40.451,98.090,0.843223,-1,-1,-1
380,62,645.348,476.943,57.185,111.851,0.728180,-1,-1,-1
380,65,1829.158,464.829,83.016,178.434,0.435227,-1,-1,-1
380,56,729.230,476.147,48.573,115.433,0.824397,-1,-1,-1
380,71,688.493,477.988,47.651,104.621,0.748278,-1,-1,-1
380,72,492.678,401.760,172.976,367.231,0.955973,-1,-1,-1
380,60,1557.599,443.832,28.525,78.740,0.199679,-1,-1,-1
380,77,298.784,429.456,135.716,320.394,0.904113,-1,-1,-1
380,80,147.489,443.182,227.720,372.828,0.963517,-1,-1,-1
380,46,847.733,467.672,41.338,78.677,0.567010,-1,-1,-1
380,31,372.808,458.587,54.093,121.087,0.770607,-1,-1,-1
380,84,1064.666,446.061,51.526,150.588,0.424575,-1,-1,-1
380,85,-0.173,426.375,157.671,385.723,0.957638,-1,-1,-1
380,86,803.516,484.897,40.413,62.737,0.624972,-1,-1,-1
380,87,410.439,459.660,63.820,108.655,0.696702,-1,-1,-1
380,88,1302.457,427.909,47.210,111.943,0.158172,-1,-1,-1
380,32,469.158,445.491,46.967,115.431,0.746250,-1,-1,-1
381,12,1055.172,392.753,315.581,624.036,0.953007,-1,-1,-1
381,43,934.644,459.247,36.731,72.018,0.391721,-1,-1,-1
381,51,941.895,406.815,181.018,531.606,0.947388,-1,-1,-1
381,52,1255.373,442.189,41.841,98.763,0.848658,-1,-1,-1
381,62,643.874,477.191,56.102,120.991,0.717590,-1,-1,-1
381,65,1828.755,463.817,84.945,180.714,0.437406,-1,-1,-1
381,56,730.482,480.613,47.107,109.875,0.746370,-1,-1,-1
381,71,690.707,481.591,46.812,100.516,0.750198,-1,-1,-1
381,72,504.786,400.655,166.642,367.603,0.942749,-1,-1,-1
381,60,1557.748,443.104,28.350,76.115,0.188720,-1,-1,-1
381,77,308.243,428.907,123.891,320.835,0.913073,-1,-1,-1
381,80,147.768,438.222,234.685,375.550,0.964511,-1,-1,-1
381,46,848.131,467.893,40.643,78.121,0.676681,-1,-1,-1
381,31,376.951,458.074,47.948,115.398,0.693454,-1,-1,-1
381,84,1064.232,445.854,57.502,159.762,0.425971,-1,-1,-1
381,85,-0.043,438.626,187.427,372.119,0.947197,-1,-1,-1
381,86,804.491,483.846,38.893,64.322,0.605581,-1,-1,-1
381,87,410.971,461.203,58.778,106.464,0.696583,-1,-1,-1
381,88,1303.100,429.471,47.441,110.228,0.191428,-1,-1,-1
381,32,469.500,446.373,47.719,117.245,0.803240,-1,-1,-1
382,12,1057.339,395.310,315.148,621.175,0.956256,-1,-1,-1
382,43,933.873,458.071,39.928,89.066,0.323220,-1,-1,-1
382,51,940.158,408.221,188.596,530.243,0.944910,-1,-1,-1
382,52,1255.649,445.442,39.210,93.349,0.798381,-1,-1,-1
382,62,665.948,474.310,49.845,112.897,0.641018,-1,-1,-1
382,65,1829.031,465.724,81.026,178.493,0.573369,-1,-1,-1
382,56,730.330,480.867,50.008,114.737,0.804255,-1,-1,-1
382,71,688.743,479.034,49.505,105.136,0.754262,-1,-1,-1
382,72,512.328,403.469,166.816,365.791,0.947930,-1,-1,-1
382,60,1558.490,444.841,28.987,79.723,0.172839,-1,-1,-1
382,77,321.325,427.872,124.143,316.711,0.903706,-1,-1,-1
382,80,156.743,442.781,226.250,369.303,0.960881,-1,-1,-1
382,46,848.857,469.327,39.669,74.266,0.467186,-1,-1,-1
382,31,377.561,454.297,53.732,117.850,0.372232,-1,-1,-1
382,84,1062.176,448.789,51.490,147.559,0.230306,-1,-1,-1
382,85,0.137,435.984,194.113,375.605,0.960803,-1,-1,-1
382,86,805.103,483.199,38.238,64.610,0.551039,-1,-1,-1
382,87,408.511,459.402,61.120,107.144,0.577225,-1,-1,-1
382,88,1302.483,423.910,48.982,117.405,0.324072,-1,-1,-1
382,32,471.058,447.825,48.873,116.680,0.801155,-1,-1,-1
383,12,1057.348,393.514,317.059,622.986,0.960400,-1,-1,-1
383,43,935.625,448.648,39.511,99.390,0.386560,-1,-1,-1
383,51,940.103,407.737,189.770,530.764,0.946048,-1,-1,-1
383,52,1255.807,444.847,39.842,92.098,0.814216,-1,-1,-1
383,62,664.240,469.419,45.125,114.604,0.505768,-1,-1,-1
383,65,1834.216,479.579,75.692,166.223,0.541065,-1,-1,-1
383,56,730.175,481.896,49.689,114.271,0.706277,-1,-1,-1
383,71,688.722,477.373,50.067,107.891,0.766705,-1,-1,-1
383,72,520.445,404.926,166.806,364.276,0.951174,-1,-1,-1
383,60,1558.813,445.167,28.582,78.150,0.173732,-1,-1,-1
383,77,333.752,430.625,121.112,313.613,0.905521,-1,-1,-1
383,80,176.737,442.375,206.694,369.728,0.952565,-1,-1,-1
383,46,849.373,468.202,39.117,74.837,0.420583,-1,-1,-1
383,31,378.675,450.262,58.828,128.139,0.228942,-1,-1,-1
383,85,0.087,437.155,209.924,374.706,0.954825,-1,-1,-1
383,86,805.576,483.497,36.617,64.836,0.542673,-1,-1,-1
383,87,404.810,456.818,63.164,106.262,0.515393,-1,-1,-1
383,88,1303.684,421.348,47.406,119.082,0.342600,-1,-1,-1
383,32,469.661,448.057,50.460,113.630,0.794482,-1,-1,-1
383,81,939.263,434.265,84.690,193.049,0.744340,-1,-1,-1
384,12,1057.125,393.403,314.925,623.542,0.957299,-1,-1,-1
384,43,926.568,443.801,49.300,128.993,0.618363,-1,-1,-1
384,51,940.249,410.407,188.974,527.662,0.944517,-1,-1,-1
384,52,1255.439,445.627,38.027,93.600,0.710489,-1,-1,-1
384,62,650.174,481.719,47.760,106.981,0.615964,-1,-1,-1
384,65,1829.964,471.800,77.322,172.606,0.521815,-1,-1,-1
384,56,730.523,481.524,49.550,115.786,0.742185,-1,-1,-1
384,71,687.060,477.824,51.807,107.751,0.782501,-1,-1,-1
384,72,529.390,406.557,161.876,363.799,0.954092,-1,-1,-1
384,60,1558.699,445.462,28.297,76.542,0.167090,-1,-1,-1
384,77,337.752,430.031,125.241,313.876,0.908023,-1,-1,-1
384,80,190.770,440.625,184.722,368.467,0.938188,-1,-1,-1
384,46,847.486,467.599,43.375,76.347,0.341780,-1,-1,-1
384,31,380.662,453.574,52.037,128.251,0.150562,-1,-1,-1
384,85,-0.075,434.571,211.714,376.268,0.960459,-1,-1,-1
384,86,805.355,484.747,37.553,65.457,0.516438,-1,-1,-1
384,87,402.886,454.431,64.297,112.030,0.527816,-1,-1,-1
384,88,1300.541,425.064,49.033,112.746,0.377216,-1,-1,-1
384,32,466.759,449.384,48.605,111.477,0.808019,-1,-1,-1
384,81,938.364,436.029,79.868,175.078,0.732842,-1,-1,-1
384,35,513.711,440.018,41.777,124.801,0.668662,-1,-1,-1
385,12,1057.996,391.813,315.505,625.033,0.957652,-1,-1,-1
385,43,919.664,442.987,53.982,139.913,0.663912,-1,-1,-1
385,51,940.607,412.511,188.580,524.959,0.946039,-1,-1,-1
385,52,1254.048,446.569,38.601,95.169,0.679284,-1,-1,-1
385,62,649.002,479.801,48.482,105.503,0.311505,-1,-1,-1
385,65,1830.147,468.826,76.631,174.477,0.473574,-1,-1,-1
385,56,730.620,476.945,49.439,122.578,0.832220,-1,-1,-1
385,71,684.711,477.710,53.299,106.531,0.798130,-1,-1,-1
385,72,532.790,405.814,162.152,364.599,0.961539,-1,-1,-1
385,60,1558.274,445.080,28.995,78.726,0.150630,-1,-1,-1
385,77,349.938,430.396,116.761,312.993,0.932546,-1,-1,-1
385,80,200.869,439.632,179.415,365.858,0.957931,-1,-1,-1
385,46,850.076,469.404,40.331,72.873,0.188958,-1,-1,-1
385,85,-0.091,432.728,215.804,375.541,0.966290,-1,-1,-1
385,86,805.123,485.709,36.927,64.577,0.490925,-1,-1,-1
385,87,404.625,452.224,63.734,121.976,0.484795,-1,-1,-1
385,88,1301.270,420.468,48.261,119.900,0.359045,-1,-1,-1
385,32,464.065,449.941,46.551,110.135,0.782933,-1,-1,-1
385,81,939.189,438.552,70.942,158.468,0.694861,-1,-1,-1
385,35,517.522,443.423,33.665,94.601,0.610710,-1,-1,-1
386,12,1054.642,389.904,319.923,627.159,0.953471,-1,-1,-1
386,43,916.336,445.124,52.116,142.370,0.661319,-1,-1,-1
386,51,943.342,409.634,193.792,528.577,0.944864,-1,-1,-1
386,52,1254.079,446.878,37.604,95.487,0.769818,-1,-1,-1
386,62,643.253,479.879,45.559,109.703,0.489954,-1,-1,-1
386,65,1828.998,464.519,81.241,178.818,0.571828,-1,-1,-1
386,56,730.273,474.377,49.485,127.556,0.848779,-1,-1,-1
386,71,687.036,476.824,51.599,109.934,0.779262,-1,-1,-1
386,72,532.899,408.061,164.708,360.328,0.963414,-1,-1,-1
386,60,1558.384,444.665,28.487,76.533,0.142086,-1,-1,-1
386,77,358.199,430.487,125.043,311.513,0.921384,-1,-1,-1
386,80,213.238,439.838,170.498,359.881,0.947184,-1,-1,-1
386,46,846.804,469.332,42.117,73.924,0.391250,-1,-1,-1
386,85,-0.066,431.821,214.255,376.847,0.960338,-1,-1,-1
386,86,805.736,486.744,37.315,64.976,0.521275,-1,-1,-1
386,87,410.980,448.266,55.851,120.807,0.243577,-1,-1,-1
386,88,1302.736,420.969,46.663,119.346,0.307614,-1,-1,-1
386,32,463.014,449.515,45.423,110.142,0.784615,-1,-1,-1
386,81,938.020,436.360,64.449,156.036,0.710313,-1,-1,-1
386,35,521.720,447.441,31.073,78.908,0.711246,-1,-1,-1
387,12,1054.606,384.797,322.540,632.717,0.953207,-1,-1,-1
387,43,917.989,442.850,52.278,144.544,0.484848,-1,-1,-1
387,51,944.598,405.229,196.080,534.065,0.940647,-1,-1,-1
387,52,1253.247,445.869,39.067,96.416,0.638438,-1,-1,-1
387,62,637.101,472.699,47.219,121.607,0.510038,-1,-1,-1
387,65,1827.687,468.855,81.995,175.128,0.548888,-1,-1,-1
387,56,730.099,468.754,50.502,133.744,0.861217,-1,-1,-1
387,71,686.091,472.138,49.724,115.115,0.820852,-1,-1,-1
387,72,536.880,407.021,163.863,363.537,0.961576,-1,-1,-1
387,60,1559.105,443.526,28.315,77.646,0.138337,-1,-1,-1
387,77,364.067,431.743,143.963,310.764,0.950764,-1,-1,-1
387,80,219.543,436.327,166.521,362.266,0.957453,-1,-1,-1
387,46,846.831,469.219,41.865,74.267,0.271346,-1,-1,-1
387,85,1.309,431.275,213.396,376.833,0.964063,-1,-1,-1
387,86,805.938,489.490,38.138,63.270,0.505730,-1,-1,-1
387,87,419.688,448.178,50.367,120.751,0.381011,-1,-1,-1
387,88,1301.830,420.482,47.648,121.668,0.296687,-1,-1,-1
387,32,463.418,450.648,46.306,109.758,0.822816,-1,-1,-1
387,81,933.943,433.012,64.922,152.266,0.843097,-1,-1,-1
387,35,522.307,447.152,30.519,76.024,0.731495,-1,-1,-1
388,12,1051.731,389.287,327.596,628.063,0.946780,-1,-1,-1
388,43,918.814,444.284,57.549,143.873,0.695534,-1,-1,-1
388,51,945.278,404.422,197.048,534.890,0.940082,-1,-1,-1
388,52,1253.049,445.337,38.871,94.234,0.660768,-1,-1,-1
388,62,635.170,469.930,51.374,134.513,0.525806,-1,-1,-1
388,65,1827.071,465.308,83.687,178.643,0.619098,-1,-1,-1
388,56,729.694,469.333,50.786,132.417,0.880497,-1,-1,-1
388,71,684.922,468.770,49.576,120.593,0.840389,-1,-1,-1
388,72,540.676,405.572,159.694,362.398,0.954383,-1,-1,-1
388,60,1558.752,442.562,28.443,77.495,0.129543,-1,-1,-1
388,77,368.333,431.881,158.387,312.871,0.954185,-1,-1,-1
388,80,227.876,436.996,160.887,359.891,0.952637,-1,-1,-1
388,46,840.858,468.228,48.267,77.110,0.336881,-1,-1,-1
388,85,8.133,430.133,208.603,377.179,0.954005,-1,-1,-1
388,86,804.984,483.815,38.393,68.332,0.510753,-1,-1,-1
388,87,424.582,448.528,47.699,119.013,0.310364,-1,-1,-1
388,88,1302.763,421.598,46.875,120.172,0.294654,-1,-1,-1
388,32,465.422,452.368,46.779,107.993,0.817584,-1,-1,-1
388,81,930.097,430.310,65.297,154.536,0.815305,-1,-1,-1
388,35,523.576,447.671,29.526,73.019,0.718177,-1,-1,-1
389,12,1043.692,389.174,335.884,627.206,0.947855,-1,-1,-1
389,51,945.111,407.244,197.469,531.242,0.933973,-1,-1,-1
389,52,1253.189,445.207,39.405,95.323,0.655392,-1,-1,-1
389,62,632.313,462.730,53.576,144.840,0.224440,-1,-1,-1
389,65,1827.118,466.139,83.946,178.207,0.527444,-1,-1,-1
389,56,728.096,468.878,52.278,132.973,0.880238,-1,-1,-1
389,71,683.438,468.710,48.851,118.890,0.808286,-1,-1,-1
389,72,544.542,408.637,157.604,358.258,0.960798,-1,-1,-1
389,60,1559.439,443.828,27.691,74.917,0.125049,-1,-1,-1
389,77,363.307,433.448,173.195,308.921,0.951153,-1,-1,-1
389,80,233.637,433.367,163.719,365.995,0.942281,-1,-1,-1
389,46,846.174,469.810,41.846,72.880,0.208723,-1,-1,-1
389,85,16.741,429.824,200.124,374.324,0.936736,-1,-1,-1
389,86,805.056,484.482,38.044,67.551,0.524219,-1,-1,-1
389,87,424.605,447.643,47.280,124.481,0.383915,-1,-1,-1
389,88,1303.608,421.468,45.738,119.791,0.306404,-1,-1,-1
389,32,466.891,451.868,45.880,108.611,0.795872,-1,-1,-1
389,81,930.117,429.710,65.452,156.420,0.874821,-1,-1,-1
389,35,524.520,448.032,28.180,71.094,0.707370,-1,-1,-1
389,89,486.961,453.506,31.206,84.438,0.752101,-1,-1,-1
390,12,1045.283,390.074,334.787,625.793,0.945775,-1,-1,-1
390,51,945.284,403.329,195.403,535.588,0.938144,-1,-1,-1
390,52,1253.407,443.690,40.164,99.015,0.681487,-1,-1,-1
390,62,634.893,451.536,51.582,152.884,0.197435,-1,-1,-1
390,65,1828.042,467.031,84.403,177.334,0.503695,-1,-1,-1
390,56,727.713,469.571,53.300,132.016,0.882130,-1,-1,-1
390,71,683.192,471.821,49.077,115.137,0.830371,-1,-1,-1
390,72,553.017,411.619,149.972,350.545,0.956997,-1,-1,-1
390,60,1559.501,444.069,27.648,75.468,0.141176,-1,-1,-1
390,77,365.834,437.689,176.662,303.962,0.943991,-1,-1,-1
390,80,241.022,437.159,167.007,361.344,0.932503,-1,-1,-1
390,46,845.849,468.541,43.978,74.702,0.286473,-1,-1,-1
390,85,25.650,426.994,191.109,375.045,0.950490,-1,-1,-1
390,86,804.171,482.352,40.258,69.219,0.551693,-1,-1,-1
390,87,418.463,442.876,61.691,145.099,0.158928,-1,-1,-1
390,88,1303.887,422.648,47.518,119.359,0.220053,-1,-1,-1
390,32,465.796,452.634,49.220,107.389,0.699892,-1,-1,-1
390,81,927.690,429.592,67.344,156.868,0.885149,-1,-1,-1
390,35,525.208,447.206,28.425,70.484,0.675736,-1,-1,-1
390,89,485.074,453.739,34.734,83.335,0.700327,-1,-1,-1
391,12,1045.140,392.179,335.689,623.878,0.947482,-1,-1,-1
391,51,944.208,409.477,195.451,528.129,0.933998,-1,-1,-1
391,52,1252.718,444.214,39.305,99.612,0.592358,-1,-1,-1
391,62,636.707,448.982,49.590,152.799,0.160557,-1,-1,-1
391,65,1827.781,467.386,85.194,177.992,0.543539,-1,-1,-1
391,56,726.392,470.911,54.674,128.854,0.855978,-1,-1,-1
391,71,683.288,474.722,49.156,109.619,0.839358,-1,-1,-1
391,72,559.398,411.071,143.172,348.008,0.960849,-1,-1,-1
391,60,1558.755,443.233,28.176,76.674,0.150937,-1,-1,-1
391,77,372.566,435.858,176.234,303.900,0.939412,-1,-1,-1
391,80,249.178,435.264,168.470,364.223,0.936052,-1,-1,-1
391,46,843.116,468.720,48.214,76.880,0.334044,-1,-1,-1
391,85,35.657,427.190,179.004,375.424,0.939875,-1,-1,-1
391,86,804.248,483.698,42.211,68.886,0.507544,-1,-1,-1
391,88,1303.254,424.046,47.596,117.950,0.218847,-1,-1,-1
391,32,470.411,453.355,47.372,114.451,0.762046,-1,-1,-1
391,81,927.376,430.151,64.626,156.322,0.891719,-1,-1,-1
391,35,524.640,449.907,28.135,67.926,0.658550,-1,-1,-1
391,89,487.908,450.679,32.907,84.369,0.407812,-1,-1,-1
391,84,1060.840,432.643,78.083,222.209,0.637283,-1,-1,-1
392,12,1048.076,393.518,330.139,623.215,0.947045,-1,-1,-1
392,51,944.790,406.227,192.371,532.198,0.940825,-1,-1,-1
392,52,1251.576,442.602,40.321,97.865,0.588771,-1,-1,-1
392,62,640.641,443.268,47.233,155.370,0.217773,-1,-1,-1
392,65,1827.499,466.078,84.443,178.701,0.443092,-1,-1,-1
392,56,726.103,471.289,54.379,128.227,0.878371,-1,-1,-1
392,71,682.852,474.767,49.240,109.959,0.831596,-1,-1,-1
392,72,566.326,409.831,136.844,349.563,0.959165,-1,-1,-1
392,60,1558.870,443.046,28.161,78.354,0.177013,-1,-1,-1
392,77,375.660,432.396,175.586,304.970,0.943489,-1,-1,-1
392,80,258.647,437.112,174.581,362.847,0.948300,-1,-1,-1
392,46,845.371,468.470,45.475,74.020,0.298867,-1,-1,-1
392,85,50.232,426.994,164.988,373.788,0.940498,-1,-1,-1
392,86,804.268,484.352,42.398,68.471,0.526509,-1,-1,-1
392,88,1303.627,423.009,47.683,119.280,0.305776,-1,-1,-1
392,32,475.099,451.957,44.325,119.906,0.689856,-1,-1,-1
392,81,925.128,431.048,65.278,158.179,0.882430,-1,-1,-1
392,35,524.856,450.539,27.997,67.932,0.674273,-1,-1,-1
392,89,486.979,451.415,34.513,85.572,0.652630,-1,-1,-1
392,84,1060.018,433.493,85.938,239.775,0.687162,-1,-1,-1
392,31,378.838,455.774,54.808,135.831,0.652952,-1,-1,-1
392,87,450.968,444.433,59.021,151.585,0.650925,-1,-1,-1
393,12,1051.112,387.244,326.049,630.103,0.950517,-1,-1,-1
393,51,943.831,407.402,189.461,531.018,0.937081,-1,-1,-1
393,52,1250.485,443.596,39.615,96.189,0.517467,-1,-1,-1
393,62,639.313,440.358,50.666,153.903,0.199545,-1,-1,-1
393,65,1830.220,462.119,84.126,183.889,0.538498,-1,-1,-1
393,56,725.317,470.869,54.847,128.812,0.874341,-1,-1,-1
393,71,680.749,469.378,49.411,119.663,0.854855,-1,-1,-1
393,72,573.469,406.020,130.248,349.460,0.957628,-1,-1,-1
393,60,1558.767,443.379,28.435,79.984,0.177860,-1,-1,-1
393,77,384.686,438.125,166.682,300.944,0.937074,-1,-1,-1
393,80,265.322,437.337,186.614,364.738,0.959886,-1,-1,-1
393,46,843.937,469.027,47.175,74.279,0.210198,-1,-1,-1
393,85,55.659,427.668,164.901,371.068,0.952710,-1,-1,-1
393,86,803.641,480.808,41.731,71.749,0.467635,-1,-1,-1
393,88,1303.734,421.378,47.542,121.653,0.379578,-1,-1,-1
393,32,479.067,453.538,42.054,110.565,0.666004,-1,-1,-1
393,81,923.102,434.373,63.710,166.362,0.884402,-1,-1,-1
393,35,525.087,451.597,28.074,66.724,0.658716,-1,-1,-1
393,89,493.194,453.214,31.685,74.977,0.672397,-1,-1,-1
393,84,1060.488,432.331,89.986,242.807,0.706628,-1,-1,-1
393,31,376.362,463.292,56.462,128.123,0.564792,-1,-1,-1
393,87,455.632,446.294,62.919,154.430,0.615744,-1,-1,-1
394,12,1055.862,390.040,319.806,627.904,0.945683,-1,-1,-1
394,51,942.670,415.072,194.442,522.845,0.935987,-1,-1,-1
394,52,1248.763,443.541,38.354,92.128,0.670477,-1,-1,-1
394,62,636.201,434.214,54.599,162.439,0.191228,-1,-1,-1
394,65,1831.942,462.491,81.658,182.061,0.629324,-1,-1,-1
394,56,724.367,467.672,54.980,134.497,0.863836,-1,-1,-1
394,71,678.814,466.904,51.523,123.827,0.844051,-1,-1,-1
394,72,580.012,405.169,124.605,350.718,0.953443,-1,-1,-1
394,60,1558.691,444.363,28.491,79.578,0.170984,-1,-1,-1
394,77,394.817,434.422,156.462,304.294,0.927378,-1,-1,-1
394,80,271.626,436.691,194.773,364.379,0.959398,-1,-1,-1
394,46,846.011,468.729,45.229,73.815,0.288983,-1,-1,-1
394,85,61.573,429.871,165.117,370.410,0.948682,-1,-1,-1
394,86,800.467,473.227,43.552,73.668,0.517482,-1,-1,-1
394,88,1303.634,420.173,47.711,123.750,0.490067,-1,-1,-1
394,32,481.052,452.363,39.545,99.597,0.539404,-1,-1,-1
394,81,920.736,436.978,64.532,168.904,0.912184,-1,-1,-1
394,35,524.938,450.577,28.301,67.883,0.698715,-1,-1,-1
394,89,494.702,454.400,30.065,71.380,0.722498,-1,-1,-1
394,84,1062.935,434.523,95.430,256.645,0.710499,-1,-1,-1
394,31,372.516,459.405,61.204,157.785,0.285473,-1,-1,-1
394,87,459.006,447.039,58.032,135.577,0.335750,-1,-1,-1
395,12,1056.610,392.566,318.687,624.984,0.949174,-1,-1,-1
395,51,942.767,416.195,190.991,522.658,0.935627,-1,-1,-1
395,52,1248.506,443.132,37.595,89.773,0.652630,-1,-1,-1
395,62,636.124,432.791,52.991,162.212,0.161958,-1,-1,-1
395,65,1830.982,462.105,82.750,180.937,0.496155,-1,-1,-1
395,56,723.555,466.409,55.528,133.889,0.776269,-1,-1,-1
395,71,678.354,463.881,52.479,124.356,0.650155,-1,-1,-1
395,72,582.499,403.893,125.715,348.427,0.940043,-1,-1,-1
395,60,1558.460,445.616,28.767,80.491,0.198118,-1,-1,-1
395,77,407.878,434.435,142.965,301.022,0.932527,-1,-1,-1
395,80,278.086,442.243,204.685,357.698,0.964528,-1,-1,-1
395,46,844.432,468.742,46.846,75.085,0.312791,-1,-1,-1
395,85,66.884,428.832,175.081,370.953,0.944169,-1,-1,-1
395,86,802.272,476.612,42.558,72.071,0.451929,-1,-1,-1
395,88,1303.587,418.823,47.972,125.387,0.511862,-1,-1,-1
395,32,485.093,451.730,35.300,89.118,0.473593,-1,-1,-1
395,81,918.447,436.706,61.491,172.879,0.915584,-1,-1,-1
395,35,525.322,450.936,28.240,68.118,0.703787,-1,-1,-1
395,89,496.300,454.150,28.691,70.671,0.703417,-1,-1,-1
395,84,1065.628,432.821,101.772,279.767,0.816602,-1,-1,-1
395,31,375.147,453.135,55.274,149.961,0.174045,-1,-1,-1
395,87,467.303,443.456,52.318,129.439,0.224944,-1,-1,-1
396,12,1057.468,403.608,318.310,614.096,0.946344,-1,-1,-1
396,51,942.208,417.590,190.027,521.878,0.933195,-1,-1,-1
396,52,1248.208,444.775,37.109,86.014,0.740510,-1,-1,-1
396,62,628.505,422.928,59.873,174.158,0.195997,-1,-1,-1
396,65,1830.329,463.837,82.973,178.992,0.588664,-1,-1,-1
396,56,723.636,467.257,56.077,134.176,0.850289,-1,-1,-1
396,71,679.448,464.121,51.648,121.231,0.746639,-1,-1,-1
396,72,587.278,404.227,126.922,343.739,0.933907,-1,-1,-1
396,60,1558.613,445.565,28.598,80.838,0.218909,-1,-1,-1
396,77,421.640,441.081,128.880,293.043,0.922620,-1,-1,-1
396,80,285.781,443.427,203.000,354.504,0.949965,-1,-1,-1
396,46,846.581,468.147,43.374,73.813,0.296804,-1,-1,-1
396,85,77.686,428.958,178.430,371.906,0.941220,-1,-1,-1
396,86,802.290,476.809,41.556,70.426,0.523144,-1,-1,-1
396,88,1303.456,419.041,48.688,124.697,0.520026,-1,-1,-1
396,32,485.688,451.414,36.123,96.751,0.418681,-1,-1,-1
396,81,914.794,437.139,63.850,175.310,0.918673,-1,-1,-1
396,35,524.645,450.898,28.274,67.898,0.666856,-1,-1,-1
396,89,502.307,452.509,28.141,70.563,0.607214,-1,-1,-1
396,84,1068.960,432.664,101.974,282.049,0.810790,-1,-1,-1
396,31,368.122,450.818,62.408,174.102,0.108258,-1,-1,-1
397,12,1058.947,411.972,316.548,606.561,0.942706,-1,-1,-1
397,51,942.204,417.157,184.476,521.412,0.933632,-1,-1,-1
397,52,1247.521,444.748,38.280,87.358,0.759860,-1,-1,-1
397,62,632.320,429.671,56.023,163.383,0.390684,-1,-1,-1
397,65,1831.423,464.465,81.066,177.122,0.505143,-1,-1,-1
397,56,724.099,468.785,53.855,134.211,0.837182,-1,-1,-1
397,71,679.844,467.801,49.640,115.072,0.732079,-1,-1,-1
397,72,593.683,414.458,126.850,331.283,0.927231,-1,-1,-1
397,60,1558.776,446.007,28.655,80.682,0.188703,-1,-1,-1
397,77,420.072,443.431,130.875,294.149,0.921008,-1,-1,-1
397,80,295.527,442.640,197.077,351.739,0.944447,-1,-1,-1
397,46,845.503,467.107,44.102,74.449,0.320022,-1,-1,-1
397,85,86.467,429.629,187.130,370.508,0.944854,-1,-1,-1
397,86,801.729,476.217,40.484,70.343,0.589915,-1,-1,-1
397,88,1303.498,420.424,48.463,122.738,0.447217,-1,-1,-1
397,32,483.145,446.836,39.793,112.937,0.262522,-1,-1,-1
397,81,913.353,438.882,60.628,172.703,0.900917,-1,-1,-1
397,35,525.447,451.599,27.802,66.092,0.632684,-1,-1,-1
397,89,506.358,453.020,27.776,66.840,0.573552,-1,-1,-1
397,84,1073.213,436.213,101.872,270.965,0.776755,-1,-1,-1
398,12,1061.665,415.742,314.721,603.331,0.943075,-1,-1,-1
398,51,942.222,415.758,182.541,522.248,0.937644,-1,-1,-1
398,52,1245.849,444.797,41.187,89.315,0.771886,-1,-1,-1
398,62,632.272,422.804,60.353,173.661,0.239354,-1,-1,-1
398,65,1832.650,465.661,80.372,175.903,0.508241,-1,-1,-1
398,56,721.870,468.013,55.212,136.805,0.868652,-1,-1,-1
398,71,678.177,470.498,49.571,118.011,0.523595,-1,-1,-1
398,72,593.348,411.911,131.073,335.220,0.935958,-1,-1,-1
398,60,1559.064,445.781,28.282,80.662,0.218200,-1,-1,-1
398,77,427.146,436.606,125.495,301.049,0.928958,-1,-1,-1
398,80,305.087,440.971,193.830,356.408,0.957847,-1,-1,-1
398,46,845.436,467.382,44.249,74.333,0.357596,-1,-1,-1
398,85,98.886,432.129,190.543,367.549,0.941496,-1,-1,-1
398,86,800.986,476.402,41.251,69.386,0.577286,-1,-1,-1
398,88,1303.921,421.339,48.530,121.190,0.375742,-1,-1,-1
398,81,910.689,440.368,60.822,170.934,0.881113,-1,-1,-1
398,35,532.643,453.195,27.760,62.326,0.612863,-1,-1,-1
398,89,511.086,457.205,26.871,60.693,0.439229,-1,-1,-1
398,84,1076.929,438.413,95.816,261.988,0.810395,-1,-1,-1
399,12,1063.518,409.663,313.096,610.394,0.943071,-1,-1,-1
399,51,942.780,419.927,180.773,517.511,0.934402,-1,-1,-1
399,52,1245.410,443.641,42.890,89.105,0.781405,-1,-1,-1
399,62,636.926,430.980,61.638,163.697,0.269298,-1,-1,-1
399,65,1831.362,462.838,81.827,179.053,0.446032,-1,-1,-1
399,56,721.286,467.569,54.468,139.658,0.875162,-1,-1,-1
399,71,681.203,471.110,46.642,112.993,0.544971,-1,-1,-1
399,72,595.960,410.018,134.012,336.168,0.940468,-1,-1,-1
399,60,1558.541,444.346,28.124,81.645,0.234230,-1,-1,-1
399,77,443.304,431.545,110.459,304.810,0.924033,-1,-1,-1
399,80,311.547,437.783,189.456,355.395,0.954090,-1,-1,-1
399,46,846.376,467.361,41.487,73.286,0.381715,-1,-1,-1
399,85,109.455,430.272,193.648,368.710,0.939716,-1,-1,-1
399,86,799.990,476.056,39.711,70.203,0.640886,-1,-1,-1
399,88,1304.517,427.938,47.067,109.671,0.295220,-1,-1,-1
399,81,909.774,442.657,59.802,165.274,0.855572,-1,-1,-1
399,35,535.953,452.415,27.466,63.849,0.577147,-1,-1,-1
399,89,511.848,454.544,28.532,63.688,0.446969,-1,-1,-1
399,84,1078.268,430.819,93.224,269.479,0.743283,-1,-1,-1
400,12,1064.034,405.735,309.181,614.948,0.948567,-1,-1,-1
400,51,941.891,417.179,181.337,519.820,0.940114,-1,-1,-1
400,52,1244.084,443.652,43.651,89.060,0.858603,-1,-1,-1
400,62,623.202,421.201,73.794,189.577,0.162876,-1,-1,-1
400,65,1830.993,462.640,82.627,179.587,0.437802,-1,-1,-1
400,56,720.093,465.769,54.255,141.387,0.857384,-1,-1,-1
400,71,679.365,466.174,49.221,125.697,0.270039,-1,-1,-1
400,72,600.973,403.820,136.182,340.979,0.943504,-1,-1,-1
400,60,1558.943,444.566,28.301,80.852,0.191906,-1,-1,-1
400,77,452.877,431.498,105.219,302.054,0.919463,-1,-1,-1
400,80,315.013,432.457,186.349,359.274,0.954998,-1,-1,-1
400,46,845.653,468.013,42.843,73.352,0.314910,-1,-1,-1
400,85,115.671,430.141,198.454,366.448,0.948644,-1,-1,-1
400,86,800.370,476.728,39.802,71.208,0.603797,-1,-1,-1
400,88,1303.684,431.966,47.093,103.315,0.262443,-1,-1,-1
400,81,907.514,443.751,58.380,159.939,0.840210,-1,-1,-1
400,35,535.877,450.941,27.486,67.122,0.548917,-1,-1,-1
400,84,1085.708,436.673,95.080,250.920,0.437226,-1,-1,-1
401,12,1064.222,415.322,305.608,603.305,0.948382,-1,-1,-1
401,51,941.756,418.943,186.402,519.744,0.939773,-1,-1,-1
401,52,1242.891,443.083,44.426,89.544,0.863937,-1,-1,-1
401,62,622.182,413.180,67.240,203.228,0.140929,-1,-1,-1
401,65,1829.210,463.555,83.982,179.471,0.426123,-1,-1,-1
401,56,718.214,463.790,54.222,143.169,0.825243,-1,-1,-1
401,71,685.873,473.935,46.283,127.871,0.166651,-1,-1,-1
401,72,604.737,404.857,144.363,337.831,0.948702,-1,-1,-1
401,60,1558.808,444.778,28.238,78.025,0.189230,-1,-1,-1
401,77,459.560,427.078,105.077,305.940,0.897544,-1,-1,-1
401,80,320.673,436.322,177.736,353.245,0.953846,-1,-1,-1
401,46,845.067,469.303,43.581,75.840,0.505201,-1,-1,-1
401,85,122.208,430.283,199.028,368.109,0.955731,-1,-1,-1
401,86,800.738,477.664,39.293,71.268,0.600704,-1,-1,-1
401,88,1303.885,426.075,48.331,112.186,0.297096,-1,-1,-1
401,81,906.300,444.217,57.680,153.601,0.851678,-1,-1,-1
401,35,537.178,445.328,28.234,71.284,0.502586,-1,-1,-1
401,84,1089.351,450.882,84.177,222.664,0.106448,-1,-1,-1
402,12,1065.082,413.382,303.331,605.473,0.946344,-1,-1,-1
402,51,942.628,421.019,186.558,518.273,0.944192,-1,-1,-1
402,52,1243.644,443.396,42.366,88.283,0.855281,-1,-1,-1
402,62,613.697,427.822,65.542,189.080,0.172956,-1,-1,-1
402,65,1829.217,463.280,84.353,179.752,0.350430,-1,-1,-1
402,56,714.947,464.195,56.030,142.355,0.844273,-1,-1,-1
402,71,690.856,457.208,43.277,138.835,0.248827,-1,-1,-1
402,72,610.646,400.298,153.749,342.929,0.948704,-1,-1,-1
402,60,1558.462,444.380,28.177,73.271,0.175611,-1,-1,-1
402,77,466.388,429.708,108.983,300.947,0.926766,-1,-1,-1
402,80,330.865,449.641,166.298,341.046,0.948060,-1,-1,-1
402,46,847.887,469.304,40.632,72.431,0.433081,-1,-1,-1
402,85,132.829,428.597,195.770,367.728,0.955084,-1,-1,-1
402,86,800.301,477.716,40.332,72.300,0.586794,-1,-1,-1
402,88,1303.611,426.617,47.528,112.705,0.215481,-1,-1,-1
402,81,903.234,446.245,58.701,152.910,0.855777,-1,-1,-1
402,35,539.596,443.536,29.718,72.837,0.546422,-1,-1,-1
402,31,376.165,457.785,42.973,106.158,0.601218,-1,-1,-1
403,12,1066.591,402.256,299.174,617.463,0.947011,-1,-1,-1
403,51,942.977,417.875,186.743,522.373,0.940288,-1,-1,-1
403,52,1246.030,442.240,39.005,89.258,0.866938,-1,-1,-1
403,62,614.972,427.913,61.255,176.554,0.124785,-1,-1,-1
403,65,1835.521,476.766,76.597,167.030,0.361159,-1,-1,-1
403,56,713.130,464.670,57.784,142.852,0.843077,-1,-1,-1
403,71,693.098,452.467,40.545,124.170,0.237834,-1,-1,-1
403,72,616.410,399.934,161.293,343.178,0.954990,-1,-1,-1
403,60,1558.028,445.251,28.481,77.694,0.202548,-1,-1,-1
403,77,477.932,428.281,110.945,303.439,0.931530,-1,-1,-1
403,80,340.481,445.443,161.310,338.213,0.928380,-1,-1,-1
403,46,848.298,468.330,40.555,74.359,0.531959,-1,-1,-1
403,85,137.606,430.333,200.430,364.637,0.948469,-1,-1,-1
403,86,800.278,478.503,40.888,71.732,0.585365,-1,-1,-1
403,88,1303.745,425.641,47.287,114.083,0.215849,-1,-1,-1
403,81,899.091,445.594,61.023,151.435,0.786469,-1,-1,-1
403,35,546.606,445.305,30.507,71.055,0.463039,-1,-1,-1
403,31,376.523,455.327,42.730,102.013,0.646874,-1,-1,-1
403,32,459.473,438.272,50.857,143.457,0.685997,-1,-1,-1
404,12,1066.044,396.656,297.273,624.242,0.949625,-1,-1,-1
404,51,944.539,416.597,183.067,523.431,0.944324,-1,-1,-1
404,52,1244.389,442.772,38.532,91.296,0.869636,-1,-1,-1
404,62,620.002,440.058,55.631,155.641,0.211301,-1,-1,-1
404,65,1830.509,473.225,80.825,170.615,0.500595,-1,-1,-1
404,56,713.411,468.349,55.456,139.588,0.846689,-1,-1,-1
404,71,690.610,451.426,44.439,137.900,0.212627,-1,-1,-1
404,72,620.855,399.838,166.317,345.208,0.936256,-1,-1,-1
404,60,1557.064,446.274,29.493,78.200,0.223009,-1,-1,-1
404,77,486.468,428.272,122.882,305.881,0.929576,-1,-1,-1
404,80,349.384,440.512,151.278,341.062,0.936448,-1,-1,-1
404,46,850.742,468.955,35.786,71.414,0.544043,-1,-1,-1
404,85,143.200,432.164,201.630,359.971,0.948268,-1,-1,-1
404,86,800.720,480.269,38.616,68.510,0.585025,-1,-1,-1
404,88,1303.830,425.238,47.105,114.389,0.180970,-1,-1,-1
404,81,893.622,446.519,62.309,159.696,0.724691,-1,-1,-1
404,35,551.708,446.194,31.367,69.661,0.351001,-1,-1,-1
404,31,376.382,455.985,43.220,95.381,0.697601,-1,-1,-1
404,32,454.415,436.472,61.458,153.221,0.702489,-1,-1,-1
405,12,1066.621,389.769,293.644,633.173,0.950813,-1,-1,-1
405,51,944.831,422.099,182.344,517.315,0.940771,-1,-1,-1
405,52,1243.729,442.588,39.930,91.563,0.866071,-1,-1,-1
405,62,625.278,444.123,50.847,153.941,0.203543,-1,-1,-1
405,65,1829.185,473.579,80.979,169.963,0.407890,-1,-1,-1
405,56,713.249,469.483,55.357,139.475,0.816041,-1,-1,-1
405,71,690.508,446.019,42.762,127.445,0.132924,-1,-1,-1
405,72,625.568,400.420,170.059,346.541,0.934367,-1,-1,-1
405,60,1556.561,445.207,29.926,80.258,0.218312,-1,-1,-1
405,77,491.266,430.303,133.946,303.963,0.923526,-1,-1,-1
405,80,354.472,438.492,145.824,337.704,0.925580,-1,-1,-1
405,46,851.473,468.588,34.232,70.717,0.521102,-1,-1,-1
405,85,150.129,430.367,195.550,361.554,0.946542,-1,-1,-1
405,86,800.855,479.307,39.235,66.523,0.622256,-1,-1,-1
405,88,1303.735,427.619,48.211,113.346,0.243378,-1,-1,-1
405,81,891.038,446.091,64.687,163.759,0.823799,-1,-1,-1
405,35,552.540,446.732,30.190,80.843,0.100179,-1,-1,-1
405,31,376.258,455.214,42.889,98.473,0.712343,-1,-1,-1
405,32,454.691,438.150,62.768,157.373,0.586687,-1,-1,-1
406,12,1065.928,383.727,289.019,641.062,0.954897,-1,-1,-1
406,51,944.939,423.358,183.940,516.051,0.936702,-1,-1,-1
406,52,1241.293,444.439,38.775,95.729,0.848514,-1,-1,-1
406,62,616.914,446.338,49.946,142.312,0.154302,-1,-1,-1
406,65,1829.123,471.513,80.763,172.021,0.433777,-1,-1,-1
406,56,714.886,469.286,52.402,137.903,0.800581,-1,-1,-1
406,71,687.242,443.897,47.232,135.527,0.111630,-1,-1,-1
406,72,623.880,403.407,175.505,342.317,0.932143,-1,-1,-1
406,60,1555.920,444.701,30.573,80.617,0.201546,-1,-1,-1
406,77,492.896,431.071,141.292,304.730,0.929233,-1,-1,-1
406,80,359.666,435.153,144.705,337.238,0.924920,-1,-1,-1
406,46,851.076,468.492,37.545,71.400,0.432980,-1,-1,-1
406,85,155.689,435.515,193.279,353.797,0.947427,-1,-1,-1
406,86,800.467,477.444,40.399,67.025,0.585517,-1,-1,-1
406,88,1303.641,430.164,47.686,111.402,0.155106,-1,-1,-1
406,81,889.512,447.252,71.174,162.502,0.660799,-1,-1,-1
406,35,553.903,450.032,32.641,91.281,0.330786,-1,-1,-1
406,31,374.979,455.521,44.611,98.476,0.710411,-1,-1,-1
406,32,464.578,441.320,56.941,146.887,0.602715,-1,-1,-1
406,91,314.613,449.007,45.680,117.488,0.769962,-1,-1,-1
407,12,1065.237,382.765,286.469,641.277,0.955667,-1,-1,-1
407,51,946.066,423.390,185.762,516.326,0.931909,-1,-1,-1
407,52,1239.861,444.526,38.360,97.978,0.837703,-1,-1,-1
407,65,1828.842,467.443,80.105,175.566,0.332625,-1,-1,-1
407,56,714.125,458.981,50.666,145.486,0.751775,-1,-1,-1
407,72,631.955,410.228,165.503,334.361,0.938280,-1,-1,-1
407,60,1556.090,445.655,30.874,78.751,0.178704,-1,-1,-1
407,77,490.417,439.103,150.389,297.647,0.938681,-1,-1,-1
407,80,364.811,430.970,147.655,339.421,0.940866,-1,-1,-1
407,46,850.967,467.576,38.546,72.823,0.372101,-1,-1,-1
407,85,171.581,430.369,180.327,352.584,0.947689,-1,-1,-1
407,86,797.485,474.302,41.172,72.113,0.524174,-1,-1,-1
407,88,1303.469,431.154,47.964,110.946,0.167963,-1,-1,-1
407,81,887.784,447.681,66.529,160.519,0.716935,-1,-1,-1
407,35,557.538,450.736,34.771,86.026,0.193572,-1,-1,-1
407,31,372.947,454.841,46.523,104.502,0.717408,-1,-1,-1
407,32,470.789,447.794,51.850,132.339,0.656970,-1,-1,-1
407,91,316.007,449.011,43.869,116.903,0.711784,-1,-1,-1
407,87,482.419,447.180,55.879,137.343,0.621531,-1,-1,-1
408,12,1063.484,380.207,285.351,644.416,0.956595,-1,-1,-1
408,51,946.532,424.349,187.121,515.518,0.929525,-1,-1,-1
408,52,1241.142,444.470,37.698,97.108,0.848621,-1,-1,-1
408,65,1828.814,469.765,81.696,174.561,0.481390,-1,-1,-1
408,56,716.329,456.219,45.782,136.195,0.594825,-1,-1,-1
408,72,638.591,411.677,159.825,331.519,0.949047,-1,-1,-1
408,60,1557.221,446.913,30.377,79.505,0.142277,-1,-1,-1
408,77,488.855,435.923,152.869,297.923,0.943490,-1,-1,-1
408,80,370.821,429.683,149.771,338.844,0.939714,-1,-1,-1
408,46,850.394,467.106,38.347,72.811,0.359797,-1,-1,-1
408,85,186.032,429.555,166.103,349.438,0.928532,-1,-1,-1
408,86,796.464,478.044,39.287,65.856,0.528874,-1,-1,-1
408,88,1303.237,427.174,48.305,116.286,0.263037,-1,-1,-1
408,81,881.647,449.167,69.292,160.871,0.851701,-1,-1,-1
408,35,559.606,449.850,35.488,91.593,0.249206,-1,-1,-1
408,31,374.794,456.078,44.396,103.597,0.726134,-1,-1,-1
408,32,477.513,450.353,44.288,110.229,0.586225,-1,-1,-1
408,91,318.138,450.637,44.529,114.297,0.637935,-1,-1,-1
408,87,489.272,449.098,45.418,121.034,0.508392,-1,-1,-1
408,62,619.832,452.633,35.987,87.611,0.728202,-1,-1,-1
409,12,1063.723,388.042,282.604,636.823,0.950001,-1,-1,-1
409,51,947.065,424.596,192.756,514.650,0.930364,-1,-1,-1
409,52,1240.339,444.370,38.329,95.944,0.835609,-1,-1,-1
409,65,1827.384,473.107,82.198,172.070,0.354071,-1,-1,-1
409,56,709.255,448.393,51.648,135.559,0.266714,-1,-1,-1
409,72,641.904,418.013,156.292,323.848,0.949978,-1,-1,-1
409,60,1558.516,440.714,28.817,75.759,0.106664,-1,-1,-1
409,77,496.034,431.425,151.283,301.522,0.956630,-1,-1,-1
409,80,379.673,428.742,147.399,336.708,0.952686,-1,-1,-1
409,46,846.239,465.320,43.233,76.231,0.476138,-1,-1,-1
409,85,196.166,429.829,156.542,341.635,0.935407,-1,-1,-1
409,86,797.076,476.792,39.979,66.283,0.511026,-1,-1,-1
409,88,1304.179,427.715,47.524,115.500,0.232327,-1,-1,-1
409,81,874.308,448.433,70.803,159.646,0.845419,-1,-1,-1
409,35,557.936,447.414,37.742,91.342,0.101187,-1,-1,-1
409,31,376.510,455.935,43.706,105.365,0.730505,-1,-1,-1
409,32,480.807,456.387,40.057,96.603,0.615112,-1,-1,-1
409,91,317.307,451.118,43.841,114.243,0.671543,-1,-1,-1
409,87,492.347,453.563,37.306,107.847,0.487019,-1,-1,-1
409,62,619.102,454.028,34.686,76.587,0.692518,-1,-1,-1
410,12,1063.293,388.612,281.725,634.424,0.957014,-1,-1,-1
410,51,946.979,422.028,193.090,517.137,0.927773,-1,-1,-1
410,52,1239.389,442.511,39.274,98.682,0.819744,-1,-1,-1
410,65,1838.657,467.904,77.200,180.870,0.254609,-1,-1,-1
410,56,706.444,441.865,53.389,159.137,0.100991,-1,-1,-1
410,72,641.885,411.082,159.897,331.287,0.953158,-1,-1,-1
410,60,1559.251,440.807,28.096,74.594,0.129126,-1,-1,-1
410,77,507.540,430.824,145.839,297.272,0.931286,-1,-1,-1
410,80,385.485,435.562,150.553,330.792,0.941581,-1,-1,-1
410,46,845.636,465.447,42.490,75.473,0.266968,-1,-1,-1
410,85,210.206,430.070,145.152,339.125,0.935953,-1,-1,-1
410,86,795.890,477.237,37.676,64.655,0.389826,-1,-1,-1
410,88,1303.883,428.507,46.765,114.078,0.142924,-1,-1,-1
410,81,870.013,450.795,74.154,158.790,0.698767,-1,-1,-1
410,31,379.707,457.352,40.897,93.426,0.588643,-1,-1,-1
410,91,323.447,453.786,40.485,109.394,0.359613,-1,-1,-1
410,87,492.928,450.842,38.407,108.612,0.327985,-1,-1,-1
410,62,616.332,454.101,29.762,63.110,0.362167,-1,-1,-1
411,12,1061.517,393.304,281.958,628.325,0.956145,-1,-1,-1
411,51,948.455,423.632,188.972,515.531,0.933960,-1,-1,-1
411,52,1239.037,441.326,39.922,99.004,0.838236,-1,-1,-1
411,65,1832.242,464.259,85.359,184.691,0.285599,-1,-1,-1
411,72,643.568,408.739,157.820,330.586,0.952381,-1,-1,-1
411,60,1558.174,434.851,28.305,73.058,0.145625,-1,-1,-1
411,77,512.977,431.113,141.121,292.251,0.924755,-1,-1,-1
411,80,389.204,435.489,169.273,329.852,0.934769,-1,-1,-1
411,46,846.639,464.555,42.452,78.130,0.396219,-1,-1,-1
411,85,215.630,428.216,145.378,341.310,0.922641,-1,-1,-1
411,86,795.234,475.888,37.780,65.296,0.411555,-1,-1,-1
411,88,1303.000,429.541,46.422,111.969,0.149838,-1,-1,-1
411,81,871.065,446.417,70.717,162.357,0.831438,-1,-1,-1
411,31,377.668,457.792,43.594,99.497,0.635812,-1,-1,-1
411,91,328.635,457.778,37.009,106.465,0.130517,-1,-1,-1
411,87,500.296,451.105,36.604,105.514,0.237188,-1,-1,-1
411,62,617.683,450.794,29.712,62.832,0.337738,-1,-1,-1
412,12,1059.816,393.163,281.611,629.899,0.954235,-1,-1,-1
412,51,948.691,420.463,191.701,518.843,0.925391,-1,-1,-1
412,52,1237.280,441.467,40.137,97.951,0.842690,-1,-1,-1
412,65,1829.250,464.973,87.837,182.014,0.373998,-1,-1,-1
412,72,642.856,405.933,160.650,333.082,0.949291,-1,-1,-1
412,60,1557.781,436.733,28.027,68.715,0.113232,-1,-1,-1
412,77,518.400,428.308,137.351,292.961,0.932521,-1,-1,-1
412,80,395.959,431.002,176.827,336.499,0.936591,-1,-1,-1
412,46,846.494,465.362,41.353,76.408,0.389198,-1,-1,-1
412,85,226.200,427.618,141.359,335.925,0.931343,-1,-1,-1
412,86,797.235,478.783,38.803,64.155,0.439631,-1,-1,-1
412,88,1301.666,428.167,45.287,111.690,0.163664,-1,-1,-1
412,81,870.227,442.076,71.785,164.781,0.785755,-1,-1,-1
412,31,376.961,458.998,43.946,95.030,0.696982,-1,-1,-1
412,87,499.954,434.871,63.218,173.117,0.639846,-1,-1,-1
412,62,615.396,449.155,30.039,61.254,0.368304,-1,-1,-1
413,12,1058.386,394.343,282.104,628.303,0.956543,-1,-1,-1
413,51,949.481,419.273,193.277,520.028,0.931075,-1,-1,-1
413,52,1236.249,441.122,39.492,97.979,0.812755,-1,-1,-1
413,65,1838.449,448.978,79.361,202.704,0.396279,-1,-1,-1
413,72,644.959,403.302,158.897,335.346,0.959350,-1,-1,-1
413,60,1559.311,441.753,27.906,70.730,0.110433,-1,-1,-1
413,77,520.932,426.954,135.729,292.138,0.927729,-1,-1,-1
413,80,405.848,433.631,177.943,336.267,0.943597,-1,-1,-1
413,46,847.605,466.273,39.032,69.450,0.218119,-1,-1,-1
413,85,237.540,432.188,143.639,339.024,0.936674,-1,-1,-1
413,86,799.204,481.443,39.654,62.425,0.442862,-1,-1,-1
413,88,1301.262,427.079,44.090,112.862,0.147500,-1,-1,-1
413,81,869.365,439.314,69.445,167.377,0.859647,-1,-1,-1
413,31,375.589,456.899,44.542,105.524,0.784928,-1,-1,-1
413,87,519.336,438.002,59.693,166.646,0.717834,-1,-1,-1
413,62,613.771,446.741,32.910,74.536,0.379333,-1,-1,-1
414,12,1056.914,393.675,282.171,628.543,0.945861,-1,-1,-1
414,51,951.837,418.789,190.817,520.372,0.932394,-1,-1,-1
414,52,1233.778,440.080,39.793,100.413,0.840458,-1,-1,-1
414,65,1831.479,470.712,83.469,177.790,0.306214,-1,-1,-1
414,72,642.689,402.888,160.127,334.335,0.952483,-1,-1,-1
414,60,1559.628,442.100,27.725,71.488,0.122017,-1,-1,-1
414,77,536.893,425.458,121.425,291.931,0.910743,-1,-1,-1
414,80,412.049,432.895,181.744,337.203,0.947640,-1,-1,-1
414,46,849.453,462.945,38.263,71.195,0.232822,-1,-1,-1
414,85,245.005,426.795,146.838,343.657,0.939250,-1,-1,-1
414,86,799.518,483.858,38.780,60.083,0.489693,-1,-1,-1
414,88,1299.845,425.913,42.090,113.545,0.131839,-1,-1,-1
414,81,867.382,438.629,68.748,168.065,0.897824,-1,-1,-1
414,31,374.070,455.415,45.804,113.248,0.829030,-1,-1,-1
414,87,529.725,438.107,64.041,179.286,0.802884,-1,-1,-1
414,62,612.507,450.058,44.877,116.543,0.701867,-1,-1,-1
415,12,1054.342,397.337,283.059,623.797,0.944391,-1,-1,-1
415,51,954.040,409.821,184.940,528.587,0.939497,-1,-1,-1
415,52,1232.966,441.000,38.139,96.907,0.818341,-1,-1,-1
415,65,1839.546,431.982,78.667,222.031,0.425503,-1,-1,-1
415,72,655.029,401.040,148.531,338.653,0.951381,-1,-1,-1
415,60,1559.313,442.801,28.255,74.687,0.131678,-1,-1,-1
415,77,539.705,428.124,127.752,292.013,0.903351,-1,-1,-1
415,80,415.003,429.062,183.406,340.051,0.951249,-1,-1,-1
415,46,851.357,459.251,36.199,74.309,0.219692,-1,-1,-1
415,85,254.579,432.447,149.830,338.648,0.940505,-1,-1,-1
415,86,797.269,485.359,33.989,54.858,0.353897,-1,-1,-1
415,88,1296.413,430.164,41.819,104.468,0.115659,-1,-1,-1
415,81,864.849,440.444,65.241,165.915,0.890755,-1,-1,-1
415,31,373.094,453.799,49.313,120.617,0.833803,-1,-1,-1
415,87,531.635,439.804,69.478,185.359,0.723264,-1,-1,-1
415,62,605.861,442.814,48.470,135.257,0.165504,-1,-1,-1
415,92,407.780,451.230,49.008,130.806,0.774077,-1,-1,-1
415,32,450.271,432.160,65.539,167.367,0.654577,-1,-1,-1
416,12,1051.246,400.121,285.357,620.756,0.940091,-1,-1,-1
416,51,956.055,413.804,183.122,524.573,0.931539,-1,-1,-1
416,52,1232.085,441.831,37.267,94.835,0.782235,-1,-1,-1
416,65,1831.896,429.147,87.044,221.446,0.296567,-1,-1,-1
416,72,662.745,400.175,141.532,338.268,0.951112,-1,-1,-1
416,60,1558.608,438.777,28.395,74.648,0.124574,-1,-1,-1
416,77,540.235,424.653,126.065,299.289,0.911866,-1,-1,-1
416,80,420.362,436.692,179.305,330.598,0.950643,-1,-1,-1
416,46,848.156,462.560,37.321,75.733,0.383173,-1,-1,-1
416,85,267.385,435.565,147.048,336.446,0.928811,-1,-1,-1
416,86,799.260,484.435,34.463,55.896,0.327066,-1,-1,-1
416,88,1292.652,431.677,37.068,98.816,0.112851,-1,-1,-1
416,81,864.948,445.024,61.984,161.868,0.824936,-1,-1,-1
416,31,374.116,454.959,50.219,121.413,0.854370,-1,-1,-1
416,87,532.301,446.265,67.692,184.207,0.434309,-1,-1,-1
416,62,611.616,451.089,45.209,129.762,0.434397,-1,-1,-1
416,92,407.836,452.592,45.836,125.645,0.814528,-1,-1,-1
416,93,1117.577,406.087,211.430,480.274,0.794855,-1,-1,-1
416,32,448.038,434.421,64.055,173.449,0.723605,-1,-1,-1
417,12,1049.131,398.368,271.887,621.967,0.935125,-1,-1,-1
417,51,958.643,410.177,184.624,529.464,0.926491,-1,-1,-1
417,52,1232.975,440.901,34.170,85.430,0.450025,-1,-1,-1
417,65,1828.731,446.424,89.440,203.554,0.355298,-1,-1,-1
417,72,674.573,401.888,133.438,332.757,0.949586,-1,-1,-1
417,60,1558.636,440.582,29.070,77.841,0.118532,-1,-1,-1
417,77,559.457,427.802,123.257,291.053,0.922760,-1,-1,-1
417,80,428.003,445.009,171.986,320.177,0.945669,-1,-1,-1
417,85,271.350,442.829,152.628,326.203,0.932775,-1,-1,-1
417,86,797.316,480.782,32.512,57.445,0.236059,-1,-1,-1
417,88,1290.749,431.737,34.301,94.746,0.118409,-1,-1,-1
417,81,862.717,439.808,59.139,166.349,0.858241,-1,-1,-1
417,31,375.465,454.316,48.880,121.687,0.860771,-1,-1,-1
417,87,541.223,441.704,72.152,194.604,0.394117,-1,-1,-1
417,62,619.280,449.438,39.235,116.664,0.214574,-1,-1,-1
417,92,407.787,456.928,45.816,115.297,0.817621,-1,-1,-1
417,93,1123.460,411.533,208.421,498.334,0.847686,-1,-1,-1
417,32,446.818,435.255,70.941,167.799,0.778528,-1,-1,-1
418,12,1048.719,396.054,257.448,624.344,0.933263,-1,-1,-1
418,51,960.969,409.072,187.468,528.643,0.920180,-1,-1,-1
418,52,1231.346,441.540,35.163,82.801,0.262422,-1,-1,-1
418,65,1839.762,450.576,78.992,203.536,0.362687,-1,-1,-1
418,72,683.641,402.991,126.306,328.213,0.942365,-1,-1,-1
418,60,1558.987,439.847,28.873,77.689,0.111135,-1,-1,-1
418,77,575.235,427.989,114.249,289.372,0.926849,-1,-1,-1
418,80,433.900,442.407,168.599,319.317,0.941522,-1,-1,-1
418,85,274.747,440.617,161.743,328.648,0.929748,-1,-1,-1
418,86,795.341,475.602,34.034,61.057,0.248496,-1,-1,-1
418,81,860.346,437.670,57.394,165.924,0.774671,-1,-1,-1
418,31,376.225,454.041,48.069,124.185,0.859729,-1,-1,-1
418,87,537.658,440.888,71.787,194.345,0.364570,-1,-1,-1
418,62,624.217,445.756,42.679,137.921,0.195526,-1,-1,-1
418,92,408.179,455.326,47.700,121.285,0.833795,-1,-1,-1
418,93,1125.771,408.614,204.853,506.237,0.827067,-1,-1,-1
418,32,444.422,434.646,74.352,188.922,0.815453,-1,-1,-1
419,12,1046.758,400.107,231.007,617.204,0.931834,-1,-1,-1
419,51,962.585,408.794,184.255,524.818,0.927523,-1,-1,-1
419,52,1230.773,437.910,36.139,85.861,0.199373,-1,-1,-1
419,65,1832.338,465.821,82.095,183.339,0.262585,-1,-1,-1
419,72,684.995,402.076,130.575,329.681,0.954932,-1,-1,-1
419,60,1558.521,436.901,28.841,79.513,0.145406,-1,-1,-1
419,77,586.395,427.636,107.470,288.444,0.935092,-1,-1,-1
419,80,440.777,440.107,164.875,322.779,0.942605,-1,-1,-1
419,85,279.224,435.488,175.294,334.102,0.942989,-1,-1,-1
419,86,794.512,470.808,34.899,66.294,0.170551,-1,-1,-1
419,81,860.724,436.914,54.328,149.816,0.739944,-1,-1,-1
419,31,375.988,452.477,47.054,127.436,0.818099,-1,-1,-1
419,87,536.302,444.137,74.027,193.142,0.208414,-1,-1,-1
419,92,407.767,454.120,47.968,121.378,0.823559,-1,-1,-1
419,93,1130.071,416.816,200.053,496.375,0.850747,-1,-1,-1
419,32,444.703,433.574,75.699,197.313,0.855547,-1,-1,-1
419,35,569.045,455.924,31.998,83.238,0.637598,-1,-1,-1
420,12,1045.064,393.654,215.164,624.159,0.931121,-1,-1,-1
420,51,963.379,408.630,181.905,525.116,0.918398,-1,-1,-1
420,65,1829.499,473.260,85.930,174.273,0.283784,-1,-1,-1
420,72,689.404,401.486,129.069,328.938,0.947679,-1,-1,-1
420,60,1558.493,437.911,28.280,77.945,0.152590,-1,-1,-1
420,77,588.930,427.040,110.037,288.739,0.943075,-1,-1,-1
420,80,446.554,440.675,159.606,323.857,0.944366,-1,-1,-1
420,85,282.871,434.036,186.890,335.903,0.946317,-1,-1,-1
420,86,796.918,469.329,36.766,71.387,0.373973,-1,-1,-1
420,81,855.108,433.596,60.629,160.723,0.432009,-1,-1,-1
420,31,376.910,453.777,46.593,125.512,0.751641,-1,-1,-1
420,87,540.561,448.777,59.903,170.776,0.172831,-1,-1,-1
420,92,406.991,453.416,48.506,120.088,0.836137,-1,-1,-1
420,93,1121.990,412.030,207.845,498.571,0.880692,-1,-1,-1
420,32,447.022,436.716,69.714,168.239,0.837400,-1,-1,-1
420,35,572.948,453.911,37.877,95.797,0.601847,-1,-1,-1
421,12,1033.981,393.489,229.553,624.637,0.916277,-1,-1,-1
421,51,965.341,409.537,179.683,527.993,0.913442,-1,-1,-1
421,65,1828.373,480.929,85.491,166.975,0.258968,-1,-1,-1
421,72,690.618,401.044,132.017,327.698,0.938950,-1,-1,-1
421,60,1559.785,440.063,27.181,75.763,0.137934,-1,-1,-1
421,77,593.748,427.375,112.417,286.867,0.944300,-1,-1,-1
421,80,446.956,439.889,157.352,326.882,0.943801,-1,-1,-1
421,85,284.419,436.747,190.324,333.431,0.951806,-1,-1,-1
421,86,797.373,472.845,35.666,76.651,0.322597,-1,-1,-1
421,81,854.172,434.264,58.352,157.907,0.598320,-1,-1,-1
421,31,380.483,452.774,46.393,122.448,0.377104,-1,-1,-1
421,87,543.679,451.736,53.107,150.773,0.151096,-1,-1,-1
421,92,405.344,451.708,49.993,119.847,0.805501,-1,-1,-1
421,93,1121.175,407.389,206.981,497.577,0.889716,-1,-1,-1
421,32,447.539,436.586,66.149,156.815,0.849142,-1,-1,-1
421,35,572.908,454.759,40.332,98.816,0.496997,-1,-1,-1
422,12,1039.206,394.024,227.102,626.881,0.914439,-1,-1,-1
422,51,966.139,413.311,178.403,516.339,0.918017,-1,-1,-1
422,65,1828.425,479.848,84.592,168.187,0.271183,-1,-1,-1
422,72,695.568,399.850,129.894,329.654,0.937131,-1,-1,-1
422,60,1559.216,439.660,27.593,75.604,0.150346,-1,-1,-1
422,77,595.456,427.371,125.366,287.241,0.940663,-1,-1,-1
422,80,455.135,441.173,149.948,322.556,0.940647,-1,-1,-1
422,85,287.576,440.908,189.305,323.936,0.949025,-1,-1,-1
422,86,794.871,473.608,36.934,84.433,0.397363,-1,-1,-1
422,81,851.179,436.648,59.851,161.214,0.827978,-1,-1,-1
422,31,378.424,449.737,59.787,131.413,0.201054,-1,-1,-1
422,87,546.602,450.085,50.847,149.980,0.229658,-1,-1,-1
422,92,403.822,450.890,51.267,118.272,0.738350,-1,-1,-1
422,93,1123.024,407.732,207.445,465.398,0.882166,-1,-1,-1
422,32,449.035,438.255,62.696,146.066,0.859256,-1,-1,-1
422,35,575.490,457.254,40.962,100.302,0.429461,-1,-1,-1
422,56,680.359,442.997,62.935,172.341,0.614896,-1,-1,-1
423,12,1040.060,396.824,228.667,623.194,0.914946,-1,-1,-1
423,51,967.007,409.038,180.074,515.690,0.878176,-1,-1,-1
423,65,1828.063,470.293,85.249,177.361,0.344112,-1,-1,-1
423,72,700.799,401.601,133.174,328.355,0.940799,-1,-1,-1
423,60,1557.800,435.721,28.546,78.739,0.152708,-1,-1,-1
423,77,598.049,431.812,126.815,284.900,0.930984,-1,-1,-1
423,80,461.560,437.331,142.840,322.286,0.938794,-1,-1,-1
423,85,283.184,441.686,195.355,319.920,0.932910,-1,-1,-1
423,86,793.314,470.853,43.443,88.284,0.456889,-1,-1,-1
423,81,847.772,437.693,63.058,163.518,0.912873,-1,-1,-1
423,31,380.609,446.604,68.476,162.877,0.270492,-1,-1,-1
423,87,546.961,453.207,55.999,152.946,0.363419,-1,-1,-1
423,92,399.156,445.807,58.730,124.730,0.615663,-1,-1,-1
423,93,1119.220,406.316,212.089,467.008,0.847152,-1,-1,-1
423,32,450.205,438.041,61.332,140.377,0.835708,-1,-1,-1
423,35,575.423,457.659,39.900,92.302,0.421785,-1,-1,-1
423,56,672.593,445.420,59.892,165.543,0.620369,-1,-1,-1
424,12,1046.236,397.918,229.108,627.535,0.930291,-1,-1,-1
424,51,966.728,408.760,179.799,517.782,0.869294,-1,-1,-1
424,65,1830.434,465.497,84.104,182.424,0.233403,-1,-1,-1
424,72,705.660,402.970,131.103,327.227,0.941330,-1,-1,-1
424,60,1557.986,436.680,29.029,81.581,0.131743,-1,-1,-1
424,77,598.948,433.737,136.565,279.231,0.926953,-1,-1,-1
424,80,466.350,433.936,142.118,324.403,0.925152,-1,-1,-1
424,85,294.497,435.871,184.430,326.806,0.936150,-1,-1,-1
424,86,797.122,468.604,44.099,91.416,0.376425,-1,-1,-1
424,81,846.223,436.596,62.682,163.196,0.908077,-1,-1,-1
424,31,382.559,441.379,73.046,176.985,0.257885,-1,-1,-1
424,87,551.554,445.433,49.313,152.939,0.115577,-1,-1,-1
424,92,405.592,445.949,56.139,127.014,0.407098,-1,-1,-1
424,93,1118.816,401.621,212.942,491.846,0.875855,-1,-1,-1
424,32,449.594,439.252,60.302,140.217,0.794735,-1,-1,-1
424,35,580.352,464.033,35.351,76.551,0.422884,-1,-1,-1
424,56,668.617,448.209,60.699,160.123,0.516003,-1,-1,-1
424,94,1205.219,435.396,105.250,250.318,0.764177,-1,-1,-1
425,12,1042.010,391.822,232.533,638.798,0.913409,-1,-1,-1
425,51,967.443,428.059,179.670,501.834,0.847863,-1,-1,-1
425,65,1828.695,459.490,87.248,189.568,0.307371,-1,-1,-1
425,72,709.946,404.194,132.264,326.341,0.947307,-1,-1,-1
425,60,1557.933,439.146,29.057,78.668,0.133042,-1,-1,-1
425,77,604.117,431.676,141.408,282.043,0.924492,-1,-1,-1
425,80,477.315,434.368,132.742,321.892,0.901306,-1,-1,-1
425,85,309.006,431.461,172.249,331.084,0.942474,-1,-1,-1
425,86,790.996,460.217,46.905,105.271,0.464577,-1,-1,-1
425,81,844.589,437.459,62.190,161.462,0.898149,-1,-1,-1
425,31,382.706,434.771,79.732,200.027,0.188313,-1,-1,-1
425,92,405.045,438.548,63.881,165.340,0.288668,-1,-1,-1
425,93,1113.627,400.703,216.552,527.090,0.885694,-1,-1,-1
425,32,447.488,435.335,66.865,172.286,0.819780,-1,-1,-1
425,35,577.172,464.369,38.144,102.995,0.486795,-1,-1,-1
425,56,670.606,451.307,56.374,158.271,0.727248,-1,-1,-1
425,94,1208.749,428.394,113.663,298.187,0.818040,-1,-1,-1
426,12,1038.398,389.869,229.674,640.610,0.919547,-1,-1,-1
426,51,965.259,411.537,187.228,521.030,0.762271,-1,-1,-1
426,65,1827.417,429.064,91.075,221.368,0.550493,-1,-1,-1
426,72,710.985,402.305,134.047,327.496,0.955556,-1,-1,-1
426,60,1557.639,438.675,29.103,78.525,0.127882,-1,-1,-1
426,77,608.515,432.523,141.632,282.257,0.936204,-1,-1,-1
426,80,477.636,433.242,140.239,321.041,0.927274,-1,-1,-1
426,85,320.186,430.459,166.290,331.329,0.936527,-1,-1,-1
426,86,785.906,454.539,51.584,119.491,0.379269,-1,-1,-1
426,81,840.157,438.776,63.433,161.465,0.900572,-1,-1,-1
426,31,385.791,432.366,83.885,202.235,0.195117,-1,-1,-1
426,92,417.708,438.848,59.607,172.175,0.395459,-1,-1,-1
426,93,1115.379,400.673,214.978,525.298,0.886959,-1,-1,-1
426,32,448.888,434.241,67.350,181.696,0.827622,-1,-1,-1
426,35,576.092,450.292,39.325,105.775,0.195107,-1,-1,-1
426,56,668.075,445.972,56.912,152.901,0.321041,-1,-1,-1
426,94,1214.255,425.478,110.148,296.506,0.817162,-1,-1,-1
427,12,1034.968,394.056,228.571,636.848,0.898297,-1,-1,-1
427,51,965.913,404.933,191.811,533.911,0.877640,-1,-1,-1
427,72,712.566,403.203,128.753,325.697,0.940031,-1,-1,-1
427,77,608.067,437.944,150.451,277.758,0.934278,-1,-1,-1
427,80,468.616,433.541,153.683,322.629,0.917554,-1,-1,-1
427,85,334.543,432.486,155.733,324.321,0.937223,-1,-1,-1
427,86,785.570,453.910,50.544,122.525,0.374119,-1,-1,-1
427,81,836.206,440.118,66.396,161.741,0.884004,-1,-1,-1
427,31,386.651,436.809,96.166,214.748,0.300705,-1,-1,-1
427,92,416.641,437.737,68.391,182.343,0.307969,-1,-1,-1
427,93,1119.231,398.588,215.892,531.530,0.903122,-1,-1,-1
427,32,454.713,435.353,62.788,175.438,0.809591,-1,-1,-1
427,56,666.805,444.833,49.264,137.569,0.182036,-1,-1,-1
427,94,1217.304,423.414,111.865,294.290,0.792879,-1,-1,-1
428,12,1045.122,395.150,216.001,631.138,0.906237,-1,-1,-1
428,51,964.092,403.543,197.368,538.724,0.873667,-1,-1,-1
428,72,715.820,406.041,128.394,323.239,0.941498,-1,-1,-1
428,77,608.914,448.971,153.426,265.914,0.909574,-1,-1,-1
428,80,476.359,437.121,150.473,322.618,0.921441,-1,-1,-1
428,85,347.746,439.447,143.408,315.775,0.933258,-1,-1,-1
428,86,786.131,452.863,50.190,126.547,0.311537,-1,-1,-1
428,81,835.235,439.094,62.784,162.233,0.884550,-1,-1,-1
428,31,397.308,438.549,90.503,203.411,0.135531,-1,-1,-1
428,92,417.512,442.446,63.599,163.533,0.247561,-1,-1,-1
428,93,1123.429,401.922,211.742,531.518,0.906603,-1,-1,-1
428,32,457.617,438.451,58.835,160.863,0.799389,-1,-1,-1
428,56,666.901,442.102,59.836,134.683,0.102382,-1,-1,-1
428,94,1218.860,423.165,116.174,338.864,0.823149,-1,-1,-1
428,62,600.496,457.680,53.198,148.095,0.669623,-1,-1,-1
429,12,1046.378,396.926,224.584,640.330,0.906719,-1,-1,-1
429,51,963.930,402.617,199.386,537.979,0.891579,-1,-1,-1
429,72,723.669,407.766,123.395,320.707,0.938432,-1,-1,-1
429,77,614.085,441.046,145.110,273.575,0.932129,-1,-1,-1
429,80,495.634,436.392,137.597,315.664,0.916191,-1,-1,-1
429,85,362.739,439.344,129.597,310.967,0.927707,-1,-1,-1
429,86,785.617,453.045,53.995,131.999,0.428001,-1,-1,-1
429,81,834.619,437.585,59.409,159.058,0.870985,-1,-1,-1
429,31,403.169,439.252,85.439,197.074,0.298253,-1,-1,-1
429,92,415.269,447.345,61.399,149.826,0.168064,-1,-1,-1
429,93,1128.322,407.540,208.459,523.784,0.895016,-1,-1,-1
429,32,454.840,439.821,58.851,157.017,0.786730,-1,-1,-1
429,94,1219.123,420.609,122.195,348.292,0.862691,-1,-1,-1
429,62,600.143,452.839,53.580,151.413,0.539481,-1,-1,-1
430,12,1051.644,399.082,223.245,635.865,0.897112,-1,-1,-1
430,51,965.084,403.206,200.603,541.371,0.889543,-1,-1,-1
430,72,723.643,410.782,127.186,318.515,0.940007,-1,-1,-1
430,77,629.656,437.863,129.619,271.454,0.895281,-1,-1,-1
430,80,514.429,435.944,135.704,315.430,0.919686,-1,-1,-1
430,85,373.962,437.590,119.859,314.273,0.909617,-1,-1,-1
430,86,785.015,448.833,51.608,136.697,0.509574,-1,-1,-1
430,81,830.941,436.816,61.209,158.558,0.897553,-1,-1,-1
430,92,411.447,444.722,66.429,156.555,0.256211,-1,-1,-1
430,93,1132.397,409.912,209.549,517.210,0.891743,-1,-1,-1
430,32,459.258,441.174,54.775,153.105,0.794948,-1,-1,-1
430,94,1222.823,421.966,125.197,345.299,0.867898,-1,-1,-1
430,62,600.360,449.632,52.689,149.411,0.565215,-1,-1,-1
431,12,1056.329,401.158,238.261,636.235,0.901857,-1,-1,-1
431,51,966.652,411.241,195.961,526.373,0.887546,-1,-1,-1
431,72,725.521,408.665,128.070,321.145,0.940707,-1,-1,-1
431,77,636.675,436.794,118.717,265.886,0.874928,-1,-1,-1
431,80,517.284,434.258,146.760,318.942,0.927467,-1,-1,-1
431,85,381.468,441.474,116.703,307.306,0.918436,-1,-1,-1
431,86,784.944,448.881,46.596,131.837,0.230634,-1,-1,-1
431,81,831.671,434.897,56.513,157.021,0.868397,-1,-1,-1
431,92,411.905,448.031,59.516,145.857,0.175412,-1,-1,-1
431,93,1137.237,410.551,208.865,496.177,0.871955,-1,-1,-1
431,32,456.954,438.531,56.420,162.554,0.781409,-1,-1,-1
431,94,1231.314,421.045,122.305,318.187,0.847208,-1,-1,-1
431,62,603.808,449.982,46.474,136.812,0.415617,-1,-1,-1
431,95,1504.847,314.850,408.358,764.716,0.853569,-1,-1,-1
431,91,370.656,455.550,49.268,107.603,0.723011,-1,-1,-1
431,65,1869.705,389.273,50.108,225.224,0.784551,-1,-1,-1
431,56,640.980,442.343,82.279,187.216,0.739218,-1,-1,-1
432,12,1057.688,405.099,225.885,627.716,0.896979,-1,-1,-1
432,51,966.780,412.026,200.833,528.152,0.881332,-1,-1,-1
432,72,727.027,406.348,132.454,323.217,0.934524,-1,-1,-1
432,77,641.081,432.885,130.339,275.637,0.614188,-1,-1,-1
432,80,519.708,433.212,160.247,321.661,0.931306,-1,-1,-1
432,85,389.663,442.303,113.118,307.554,0.923678,-1,-1,-1
432,81,831.207,433.652,54.654,156.635,0.902816,-1,-1,-1
432,92,413.335,449.667,47.460,129.222,0.285615,-1,-1,-1
432,93,1148.920,410.656,203.889,450.156,0.861712,-1,-1,-1
432,32,458.336,440.103,52.046,150.166,0.754205,-1,-1,-1
432,94,1238.342,420.685,120.505,325.654,0.850908,-1,-1,-1
432,62,605.728,447.370,39.446,126.460,0.311866,-1,-1,-1
432,95,1405.594,340.864,510.846,735.304,0.832177,-1,-1,-1
432,91,374.957,454.837,46.390,107.150,0.750381,-1,-1,-1
432,65,1848.925,433.639,67.955,206.924,0.732180,-1,-1,-1
432,56,642.103,441.264,89.969,204.015,0.844908,-1,-1,-1
433,12,1033.320,402.246,237.474,634.812,0.879465,-1,-1,-1
433,51,969.620,408.579,209.765,534.599,0.882591,-1,-1,-1
433,72,725.218,406.249,131.859,323.800,0.921466,-1,-1,-1
433,77,648.134,428.845,130.105,277.029,0.787236,-1,-1,-1
433,80,524.743,435.560,163.944,318.635,0.935680,-1,-1,-1
433,85,392.452,445.311,118.311,302.519,0.898416,-1,-1,-1
433,81,829.933,432.476,55.472,158.113,0.910586,-1,-1,-1
433,92,421.920,450.257,53.315,124.139,0.312029,-1,-1,-1
433,93,1152.938,407.310,206.136,428.117,0.876408,-1,-1,-1
433,32,468.208,446.709,40.094,104.072,0.618970,-1,-1,-1
433,94,1240.617,420.642,122.847,332.581,0.820423,-1,-1,-1
433,62,604.956,449.824,38.779,98.742,0.371807,-1,-1,-1
433,95,1373.976,300.816,543.803,775.727,0.865133,-1,-1,-1
433,91,376.947,456.011,43.134,101.590,0.762926,-1,-1,-1
433,65,1847.055,407.570,71.687,235.881,0.369967,-1,-1,-1
433,56,639.357,446.367,84.132,192.444,0.840025,-1,-1,-1
433,96,915.115,441.937,70.878,147.534,0.635944,-1,-1,-1
434,12,1052.403,406.882,223.712,586.137,0.829468,-1,-1,-1
434,51,972.387,416.572,204.080,523.163,0.908368,-1,-1,-1
434,72,728.473,409.914,127.999,320.963,0.928203,-1,-1,-1
434,77,668.295,433.997,107.635,268.829,0.860133,-1,-1,-1
434,80,529.582,438.596,163.495,318.211,0.950978,-1,-1,-1
434,85,398.596,448.003,119.966,302.412,0.907971,-1,-1,-1
434,81,826.329,433.264,56.931,158.546,0.901277,-1,-1,-1
434,93,1160.238,403.041,208.166,444.749,0.850519,-1,-1,-1
434,94,1251.629,418.499,120.696,324.907,0.877865,-1,-1,-1
434,62,603.350,453.628,38.763,91.804,0.294045,-1,-1,-1
434,95,1158.967,295.338,758.356,782.701,0.899180,-1,-1,-1
434,91,378.545,457.572,41.813,101.178,0.744260,-1,-1,-1
434,65,1838.800,407.045,80.840,243.250,0.532740,-1,-1,-1
434,56,641.526,451.145,80.226,183.926,0.822090,-1,-1,-1
434,96,917.346,442.449,62.343,145.217,0.546955,-1,-1,-1
434,97,519.115,447.441,33.394,77.118,0.656756,-1,-1,-1
435,12,1065.483,394.984,252.596,556.174,0.835343,-1,-1,-1
435,51,976.533,414.999,203.844,505.561,0.886665,-1,-1,-1
435,72,725.922,410.473,132.769,319.179,0.917043,-1,-1,-1
435,77,675.732,435.739,100.823,264.581,0.850214,-1,-1,-1
435,80,534.081,439.616,164.674,319.375,0.950830,-1,-1,-1
435,85,396.873,446.600,132.816,303.430,0.930054,-1,-1,-1
435,81,823.133,436.409,58.950,158.328,0.885312,-1,-1,-1
435,93,1162.705,403.113,197.649,381.857,0.887254,-1,-1,-1
435,94,1254.311,417.810,123.054,322.280,0.886621,-1,-1,-1
435,62,604.292,446.262,41.195,95.044,0.213109,-1,-1,-1
435,95,1073.329,288.147,838.875,788.474,0.876495,-1,-1,-1
435,91,377.296,457.605,44.084,105.556,0.784814,-1,-1,-1
435,65,1832.378,434.821,86.654,214.702,0.636310,-1,-1,-1
435,56,640.029,454.386,74.028,176.622,0.791011,-1,-1,-1
435,96,917.719,443.446,62.180,137.560,0.519612,-1,-1,-1
435,97,517.589,449.124,36.124,77.424,0.715682,-1,-1,-1
435,98,311.363,454.822,36.562,102.486,0.675363,-1,-1,-1
436,12,1076.373,388.732,249.010,638.723,0.886227,-1,-1,-1
436,51,978.474,405.478,199.914,535.491,0.850975,-1,-1,-1
436,72,732.349,409.438,127.721,317.333,0.919261,-1,-1,-1
436,77,679.291,430.278,100.352,274.535,0.883191,-1,-1,-1
436,80,536.982,436.250,162.163,323.589,0.952364,-1,-1,-1
436,85,405.185,436.337,130.487,313.584,0.930800,-1,-1,-1
436,81,820.708,438.579,60.022,156.312,0.872537,-1,-1,-1
436,93,1164.319,399.838,180.616,475.906,0.862228,-1,-1,-1
436,94,1257.674,415.371,119.525,350.529,0.787833,-1,-1,-1
436,95,1067.958,294.552,755.171,781.480,0.872536,-1,-1,-1
436,91,376.702,456.137,45.910,110.867,0.770426,-1,-1,-1
436,65,1827.941,418.482,91.195,231.190,0.414454,-1,-1,-1
436,56,639.320,454.823,72.322,176.751,0.695920,-1,-1,-1
436,96,912.825,442.687,72.684,145.836,0.660780,-1,-1,-1
436,97,517.803,448.255,35.399,78.320,0.728038,-1,-1,-1
436,98,311.107,454.942,36.187,99.374,0.667218,-1,-1,-1
437,12,1083.716,387.153,218.398,639.765,0.892429,-1,-1,-1
437,51,982.057,410.909,195.793,538.261,0.891428,-1,-1,-1
437,72,736.549,409.815,125.114,315.088,0.906229,-1,-1,-1
437,77,690.116,430.240,93.951,275.664,0.894110,-1,-1,-1
437,80,537.656,435.407,162.417,324.176,0.949317,-1,-1,-1
437,85,401.215,444.564,139.086,307.901,0.925481,-1,-1,-1
437,81,818.868,440.330,59.753,153.536,0.880448,-1,-1,-1
437,93,1171.657,395.400,177.806,551.005,0.782724,-1,-1,-1
437,95,1086.490,301.726,655.363,775.067,0.875105,-1,-1,-1
437,91,377.378,455.482,45.513,110.168,0.754718,-1,-1,-1
437,65,1839.340,419.777,79.465,229.407,0.122721,-1,-1,-1
437,56,639.035,455.800,68.227,173.352,0.724378,-1,-1,-1
437,96,912.450,443.656,68.799,138.645,0.415500,-1,-1,-1
437,97,519.575,450.169,33.173,75.889,0.774109,-1,-1,-1
437,98,311.644,454.615,36.136,99.700,0.620395,-1,-1,-1
438,12,1088.373,393.569,192.483,609.454,0.882927,-1,-1,-1
438,51,984.696,415.260,195.090,544.497,0.893456,-1,-1,-1
438,72,743.370,409.892,120.827,313.782,0.921189,-1,-1,-1
438,77,693.706,428.721,104.494,277.865,0.899310,-1,-1,-1
438,80,541.140,436.197,159.335,319.514,0.943603,-1,-1,-1
438,85,411.262,437.217,132.475,311.867,0.915179,-1,-1,-1
438,81,817.508,441.465,61.176,151.985,0.842749,-1,-1,-1
438,93,1172.659,395.127,215.553,590.362,0.271520,-1,-1,-1
438,95,1080.031,311.136,577.500,767.194,0.820622,-1,-1,-1
438,91,376.919,455.913,45.329,102.456,0.692909,-1,-1,-1
438,65,1845.052,407.079,74.559,240.708,0.297415,-1,-1,-1
438,56,642.867,454.475,61.797,174.468,0.592058,-1,-1,-1
438,96,911.939,468.316,71.054,116.919,0.445316,-1,-1,-1
438,97,520.246,450.203,31.043,75.316,0.761482,-1,-1,-1
438,98,313.532,453.512,33.581,96.784,0.653699,-1,-1,-1
438,99,546.822,450.565,29.364,74.504,0.725239,-1,-1,-1
439,12,1088.686,414.201,184.635,558.817,0.867213,-1,-1,-1
439,51,987.709,412.139,197.069,564.063,0.908373,-1,-1,-1
439,72,751.996,408.816,117.420,311.763,0.902911,-1,-1,-1
439,77,700.403,430.284,115.457,283.923,0.877096,-1,-1,-1
439,80,544.568,436.194,156.957,317.643,0.942448,-1,-1,-1
439,85,414.314,437.208,135.058,304.658,0.916690,-1,-1,-1
439,81,808.558,440.668,69.161,154.621,0.675011,-1,-1,-1
439,95,1060.988,335.213,528.608,744.268,0.741386,-1,-1,-1
439,91,376.931,454.535,47.488,107.502,0.680219,-1,-1,-1
439,65,1835.957,433.543,82.338,212.439,0.533945,-1,-1,-1
439,56,666.382,447.097,67.543,184.611,0.640407,-1,-1,-1
439,96,911.979,470.906,70.754,114.896,0.344476,-1,-1,-1
439,97,519.231,452.503,30.016,74.676,0.681622,-1,-1,-1
439,98,312.912,450.835,37.247,108.607,0.717568,-1,-1,-1
439,99,543.206,452.401,35.229,75.173,0.654281,-1,-1,-1
439,100,1000.024,449.922,39.788,83.924,0.645764,-1,-1,-1
440,12,1094.422,426.309,161.480,499.051,0.555941,-1,-1,-1
440,51,990.250,411.812,195.335,537.487,0.911573,-1,-1,-1
440,72,759.636,417.860,111.579,300.977,0.894897,-1,-1,-1
440,77,702.590,428.661,123.678,288.946,0.892862,-1,-1,-1
440,80,544.495,436.200,156.860,317.586,0.942445,-1,-1,-1
440,85,422.568,437.674,133.870,301.618,0.934276,-1,-1,-1
440,81,795.146,435.029,80.604,165.438,0.417271,-1,-1,-1
440,95,1040.573,347.796,472.097,732.114,0.830202,-1,-1,-1
440,91,376.064,454.073,50.372,108.367,0.581644,-1,-1,-1
440,65,1833.400,452.946,84.122,193.629,0.584662,-1,-1,-1
440,56,678.395,443.208,58.166,180.826,0.183569,-1,-1,-1
440,96,910.311,472.798,78.688,115.792,0.599492,-1,-1,-1
440,97,517.299,450.530,30.978,78.362,0.586419,-1,-1,-1
440,98,312.206,449.135,41.197,113.539,0.626580,-1,-1,-1
440,99,541.254,453.656,37.400,78.226,0.608866,-1,-1,-1
440,100,1001.283,453.453,39.758,80.272,0.616922,-1,-1,-1
441,51,992.104,416.985,203.269,437.023,0.786959,-1,-1,-1
441,72,766.745,409.486,109.430,304.064,0.903453,-1,-1,-1
441,77,704.332,426.721,131.318,288.506,0.928495,-1,-1,-1
441,80,552.565,434.352,150.527,317.866,0.941877,-1,-1,-1
441,85,425.460,438.573,133.525,298.402,0.913498,-1,-1,-1
441,81,788.853,425.278,87.010,184.067,0.147921,-1,-1,-1
441,95,980.799,344.735,460.437,726.894,0.711734,-1,-1,-1
441,91,376.838,454.082,48.121,104.218,0.693818,-1,-1,-1
441,65,1832.552,455.442,85.085,191.990,0.700354,-1,-1,-1
441,56,682.988,444.355,54.110,172.757,0.159446,-1,-1,-1
441,96,911.111,478.944,74.546,108.326,0.695455,-1,-1,-1
441,97,510.359,452.875,37.452,99.631,0.303269,-1,-1,-1
441,98,312.027,451.180,38.629,111.719,0.715635,-1,-1,-1
441,99,520.526,445.190,55.478,142.099,0.614797,-1,-1,-1
441,100,1001.223,456.064,39.090,76.306,0.560111,-1,-1,-1
441,101,339.738,497.217,104.356,142.878,0.743291,-1,-1,-1
441,94,1259.423,419.008,193.951,338.872,0.893594,-1,-1,-1
442,51,993.688,427.999,193.660,348.656,0.642671,-1,-1,-1
442,72,770.505,411.435,107.783,294.645,0.884124,-1,-1,-1
442,77,705.721,427.650,137.500,288.172,0.930180,-1,-1,-1
442,80,559.573,434.896,141.482,314.720,0.941159,-1,-1,-1
442,85,428.786,439.179,132.266,299.103,0.901558,-1,-1,-1
442,81,793.362,428.085,70.195,161.015,0.126712,-1,-1,-1
442,95,948.633,355.999,437.250,712.700,0.752321,-1,-1,-1
442,91,377.334,455.643,47.468,101.125,0.717997,-1,-1,-1
442,65,1832.607,451.388,85.502,196.866,0.606795,-1,-1,-1
442,56,685.343,453.446,41.319,115.614,0.655772,-1,-1,-1
442,96,910.379,480.226,73.307,106.566,0.558808,-1,-1,-1
442,97,508.910,449.706,35.982,109.214,0.142625,-1,-1,-1
442,98,312.393,451.152,38.240,109.763,0.663784,-1,-1,-1
442,99,524.645,444.582,59.956,160.091,0.654104,-1,-1,-1
442,100,1004.049,455.571,38.361,76.800,0.554097,-1,-1,-1
442,101,337.451,496.710,99.760,147.569,0.736761,-1,-1,-1
442,94,1273.246,423.729,190.414,332.073,0.917993,-1,-1,-1
443,51,983.204,447.344,170.135,302.417,0.185068,-1,-1,-1
443,72,774.100,424.990,105.706,268.203,0.890541,-1,-1,-1
443,77,707.328,430.670,140.191,285.196,0.935109,-1,-1,-1
443,80,565.829,433.026,135.777,312.578,0.941943,-1,-1,-1
443,85,438.652,435.510,126.554,302.150,0.914018,-1,-1,-1
443,95,754.928,345.894,583.943,727.376,0.847567,-1,-1,-1
443,91,377.383,458.040,47.521,111.860,0.800895,-1,-1,-1
443,65,1831.375,460.056,82.977,185.359,0.625700,-1,-1,-1
443,56,686.942,456.761,34.505,83.060,0.625539,-1,-1,-1
443,96,909.003,475.420,72.657,111.388,0.460520,-1,-1,-1
443,98,312.817,452.061,36.219,106.212,0.699456,-1,-1,-1
443,99,530.607,445.857,58.030,168.570,0.752979,-1,-1,-1
443,100,1004.754,440.818,37.284,86.519,0.126919,-1,-1,-1
443,101,326.744,500.115,98.669,150.198,0.817575,-1,-1,-1
443,94,1289.544,428.524,178.505,330.138,0.921198,-1,-1,-1
443,92,412.585,456.413,44.495,114.418,0.694709,-1,-1,-1
443,93,1202.011,426.987,168.475,450.369,0.854022,-1,-1,-1
444,72,772.728,417.835,106.902,288.675,0.888730,-1,-1,-1
444,77,708.005,430.333,135.761,284.253,0.930806,-1,-1,-1
444,80,577.235,434.611,125.104,305.200,0.930046,-1,-1,-1
444,85,453.740,435.229,119.433,299.732,0.921139,-1,-1,-1
444,95,789.904,349.717,508.583,723.731,0.786646,-1,-1,-1
444,91,378.525,457.757,44.960,115.305,0.830641,-1,-1,-1
444,65,1831.335,463.476,81.289,181.801,0.666347,-1,-1,-1
444,56,685.119,457.498,33.547,72.437,0.675034,-1,-1,-1
444,96,914.044,474.106,73.665,111.372,0.436202,-1,-1,-1
444,98,313.358,453.363,34.092,97.879,0.658629,-1,-1,-1
444,99,527.741,444.473,62.360,174.656,0.752017,-1,-1,-1
444,101,320.670,509.042,96.071,143.168,0.702472,-1,-1,-1
444,94,1299.880,430.234,170.638,330.764,0.920045,-1,-1,-1
444,92,411.037,455.208,46.487,117.144,0.829312,-1,-1,-1
444,93,1209.473,428.138,177.172,372.815,0.854058,-1,-1,-1
444,87,569.864,445.000,75.897,189.816,0.636734,-1,-1,-1
444,32,463.332,445.947,40.775,112.483,0.699130,-1,-1,-1
444,12,1153.810,422.036,198.287,480.994,0.785975,-1,-1,-1
445,72,773.548,411.087,110.865,297.828,0.886521,-1,-1,-1
445,77,709.328,430.586,131.781,280.134,0.914870,-1,-1,-1
445,80,582.505,431.956,124.653,305.571,0.936752,-1,-1,-1
445,85,457.615,430.513,125.005,302.483,0.935983,-1,-1,-1
445,95,641.203,339.776,648.158,735.256,0.838736,-1,-1,-1
445,91,377.384,457.527,47.454,115.512,0.826460,-1,-1,-1
445,65,1831.745,464.879,80.150,179.648,0.536991,-1,-1,-1
445,56,684.966,458.214,32.636,69.196,0.631958,-1,-1,-1
445,96,912.472,450.684,71.139,134.664,0.390284,-1,-1,-1
445,98,313.268,453.165,33.255,94.521,0.619149,-1,-1,-1
445,99,530.789,441.910,60.176,177.067,0.546768,-1,-1,-1
445,101,311.577,508.245,98.424,146.987,0.797568,-1,-1,-1
445,94,1309.530,426.970,159.336,337.034,0.915514,-1,-1,-1
445,92,410.525,455.397,49.081,116.303,0.844257,-1,-1,-1
445,93,1207.138,429.201,177.963,366.722,0.866827,-1,-1,-1
445,87,577.018,441.168,74.306,199.472,0.384740,-1,-1,-1
445,32,460.810,444.628,45.856,126.103,0.782249,-1,-1,-1
445,12,1136.641,416.174,223.121,483.948,0.868941,-1,-1,-1
446,72,778.511,412.288,105.861,298.109,0.885621,-1,-1,-1
446,77,712.416,433.267,131.543,275.839,0.923290,-1,-1,-1
446,80,593.888,432.270,121.495,302.952,0.918965,-1,-1,-1
446,85,464.663,427.811,121.763,300.502,0.938142,-1,-1,-1
446,95,649.242,327.933,565.838,745.087,0.776714,-1,-1,-1
446,91,375.566,456.677,49.660,116.118,0.762066,-1,-1,-1
446,65,1830.807,464.706,81.999,179.636,0.561167,-1,-1,-1
446,56,685.716,456.243,34.905,73.968,0.438972,-1,-1,-1
446,96,900.670,439.582,77.736,148.420,0.157649,-1,-1,-1
446,98,309.319,449.823,37.329,106.086,0.409025,-1,-1,-1
446,99,530.909,440.643,61.237,179.566,0.633458,-1,-1,-1
446,101,306.647,508.693,98.102,145.178,0.824490,-1,-1,-1
446,94,1318.996,424.929,150.654,341.173,0.932528,-1,-1,-1
446,92,408.727,452.727,51.914,118.662,0.825939,-1,-1,-1
446,93,1213.019,437.888,169.830,405.746,0.881448,-1,-1,-1
446,87,581.273,436.923,68.330,191.622,0.263545,-1,-1,-1
446,32,461.068,445.327,46.096,122.619,0.775189,-1,-1,-1
446,12,1131.082,401.702,217.759,615.281,0.930882,-1,-1,-1
446,51,1056.322,419.006,153.063,453.298,0.698417,-1,-1,-1
447,72,788.201,414.322,100.775,285.190,0.846345,-1,-1,-1
447,77,717.350,431.565,137.465,276.489,0.909075,-1,-1,-1
447,80,606.710,431.694,118.359,301.933,0.893891,-1,-1,-1
447,85,471.630,428.061,116.895,300.298,0.946190,-1,-1,-1
447,95,512.556,321.592,643.604,755.067,0.891896,-1,-1,-1
447,91,375.767,457.391,50.150,115.339,0.778982,-1,-1,-1
447,65,1835.135,488.333,77.049,156.267,0.506826,-1,-1,-1
447,56,691.134,451.196,33.236,80.774,0.497174,-1,-1,-1
447,98,308.302,451.784,37.725,109.929,0.292413,-1,-1,-1
447,99,535.787,438.770,55.932,171.542,0.482108,-1,-1,-1
447,101,300.376,512.222,98.130,140.625,0.860847,-1,-1,-1
447,94,1327.986,422.074,141.965,345.154,0.934198,-1,-1,-1
447,92,407.726,452.006,53.151,119.441,0.817070,-1,-1,-1
447,93,1215.312,429.199,161.682,450.306,0.872579,-1,-1,-1
447,87,586.218,446.429,81.434,197.677,0.658295,-1,-1,-1
447,32,462.684,444.235,46.382,121.638,0.780041,-1,-1,-1
447,12,1124.953,396.561,217.676,660.254,0.931948,-1,-1,-1
447,51,1056.218,412.596,166.579,509.294,0.868962,-1,-1,-1
448,72,793.639,421.686,88.490,252.025,0.378294,-1,-1,-1
448,77,724.823,434.239,131.586,269.534,0.881019,-1,-1,-1
448,80,622.665,432.017,106.617,303.326,0.898740,-1,-1,-1
448,85,471.582,426.844,116.790,290.912,0.928559,-1,-1,-1
448,95,446.716,318.191,674.762,760.736,0.868457,-1,-1,-1
448,91,377.171,457.481,48.067,115.796,0.820862,-1,-1,-1
448,65,1839.981,497.703,72.424,151.918,0.310328,-1,-1,-1
448,56,694.698,452.422,31.644,79.244,0.596925,-1,-1,-1
448,98,305.966,450.022,36.968,108.407,0.155282,-1,-1,-1
448,99,533.122,442.762,56.261,175.545,0.170947,-1,-1,-1
448,101,293.920,505.349,96.408,155.351,0.838763,-1,-1,-1
448,94,1332.951,422.097,137.346,344.495,0.940435,-1,-1,-1
448,92,407.334,453.594,52.057,118.098,0.798054,-1,-1,-1
448,93,1216.021,427.880,165.312,423.102,0.861079,-1,-1,-1
448,87,587.114,458.498,81.957,185.372,0.777005,-1,-1,-1
448,32,463.505,443.265,45.100,117.398,0.788417,-1,-1,-1
448,12,1124.956,400.995,219.509,673.371,0.931557,-1,-1,-1
448,51,1046.980,410.173,176.711,535.369,0.893482,-1,-1,-1
449,77,737.913,438.865,123.710,265.630,0.332993,-1,-1,-1
449,80,630.813,432.693,99.443,308.143,0.912327,-1,-1,-1
449,85,476.434,427.817,119.429,291.399,0.927353,-1,-1,-1
449,95,395.844,315.459,696.090,760.594,0.897707,-1,-1,-1
449,91,378.987,459.399,46.142,113.155,0.830548,-1,-1,-1
449,65,1847.670,502.589,67.914,149.165,0.149800,-1,-1,-1
449,56,698.116,452.635,29.684,77.778,0.545712,-1,-1,-1
449,98,305.282,451.157,38.670,110.696,0.234796,-1,-1,-1
449,99,535.044,441.093,54.977,156.660,0.165270,-1,-1,-1
449,101,286.198,502.542,97.504,161.462,0.812620,-1,-1,-1
449,94,1338.904,422.822,134.341,341.809,0.936593,-1,-1,-1
449,92,407.812,454.981,50.764,116.215,0.798957,-1,-1,-1
449,93,1213.831,421.346,164.504,393.609,0.851366,-1,-1,-1
449,87,589.513,465.810,76.394,172.174,0.857301,-1,-1,-1
449,32,465.001,446.040,43.314,112.093,0.722319,-1,-1,-1
449,12,1126.827,399.412,217.642,681.879,0.937086,-1,-1,-1
449,51,1033.028,408.167,183.189,552.647,0.920163,-1,-1,-1
449,86,746.031,450.591,54.433,132.048,0.602704,-1,-1,-1
449,100,1002.733,449.196,44.767,110.962,0.628399,-1,-1,-1
450,77,748.590,427.248,96.549,244.992,0.101593,-1,-1,-1
450,80,634.329,431.703,97.037,307.255,0.922013,-1,-1,-1
450,85,483.124,430.347,119.854,290.993,0.922564,-1,-1,-1
450,95,341.294,315.072,712.934,759.076,0.818712,-1,-1,-1
450,91,379.247,458.767,48.173,112.557,0.826890,-1,-1,-1
450,65,1840.142,474.666,76.331,177.473,0.698925,-1,-1,-1
450,56,700.191,449.324,29.653,78.820,0.589315,-1,-1,-1
450,98,303.195,452.044,37.635,93.616,0.213619,-1,-1,-1
450,99,534.691,436.491,56.156,159.011,0.142394,-1,-1,-1
450,101,278.589,510.671,96.832,146.528,0.749641,-1,-1,-1
450,94,1341.287,420.520,137.265,342.732,0.932816,-1,-1,-1
450,92,409.196,452.145,51.044,117.949,0.829484,-1,-1,-1
450,93,1218.320,426.030,161.828,371.351,0.866766,-1,-1,-1
450,87,588.664,469.321,77.126,172.896,0.805734,-1,-1,-1
450,32,464.255,446.049,41.459,109.089,0.720327,-1,-1,-1
450,12,1129.723,402.020,225.014,681.733,0.927869,-1,-1,-1
450,51,1033.425,411.353,184.238,557.868,0.922872,-1,-1,-1
450,86,744.518,447.659,50.284,126.594,0.208303,-1,-1,-1
450,100,989.294,444.876,57.120,131.728,0.663959,-1,-1,-1
451,80,635.886,432.118,104.836,309.708,0.895005,-1,-1,-1
451,85,486.190,434.660,125.357,292.024,0.930020,-1,-1,-1
451,95,287.954,319.569,732.426,756.194,0.762644,-1,-1,-1
451,91,378.947,459.464,48.936,113.180,0.840718,-1,-1,-1
451,65,1838.597,485.893,78.063,162.406,0.585219,-1,-1,-1
451,98,296.574,450.385,49.378,100.685,0.270188,-1,-1,-1
451,99,538.161,443.337,54.214,146.548,0.259256,-1,-1,-1
451,101,271.310,509.729,91.798,147.937,0.862081,-1,-1,-1
451,94,1339.426,417.714,145.546,344.353,0.941323,-1,-1,-1
451,92,410.176,450.646,50.635,119.455,0.846764,-1,-1,-1
451,93,1210.238,417.296,178.643,371.212,0.838367,-1,-1,-1
451,87,583.644,469.910,84.815,179.945,0.708203,-1,-1,-1
451,32,463.896,445.035,42.764,110.340,0.784866,-1,-1,-1
451,12,1126.374,399.442,254.609,682.554,0.925037,-1,-1,-1
451,51,1035.434,415.299,188.563,554.439,0.928287,-1,-1,-1
451,100,992.724,444.799,46.158,105.610,0.615507,-1,-1,-1
452,80,641.709,434.789,113.805,282.685,0.700256,-1,-1,-1
452,85,486.514,430.185,135.726,296.941,0.910614,-1,-1,-1
452,95,257.533,337.031,746.017,739.357,0.869534,-1,-1,-1
452,91,378.070,458.634,50.981,115.103,0.828429,-1,-1,-1
452,65,1840.592,475.463,76.393,174.687,0.488853,-1,-1,-1
452,98,304.954,453.060,41.166,97.970,0.478565,-1,-1,-1
452,99,539.270,440.085,56.512,164.941,0.193883,-1,-1,-1
452,101,261.614,506.220,94.880,152.741,0.764473,-1,-1,-1
452,94,1349.078,413.387,141.614,349.286,0.956820,-1,-1,-1
452,92,410.293,450.374,50.229,119.414,0.797910,-1,-1,-1
452,93,1210.684,417.561,179.582,364.468,0.846072,-1,-1,-1
452,87,579.192,470.000,87.921,181.291,0.563416,-1,-1,-1
452,32,462.786,443.474,43.996,114.110,0.798249,-1,-1,-1
452,12,1098.155,402.983,299.480,680.588,0.906758,-1,-1,-1
452,51,1035.986,418.529,199.403,551.822,0.914436,-1,-1,-1
452,100,996.193,445.011,39.176,90.518,0.560082,-1,-1,-1
453,85,487.577,428.865,142.444,298.569,0.910979,-1,-1,-1
453,95,368.053,342.594,597.579,731.908,0.783265,-1,-1,-1
453,91,377.825,458.623,52.843,116.400,0.838479,-1,-1,-1
453,65,1840.979,488.480,75.884,159.184,0.437483,-1,-1,-1
453,98,310.803,453.025,37.408,95.455,0.296459,-1,-1,-1
453,99,537.213,439.963,58.898,168.210,0.226722,-1,-1,-1
453,101,253.510,510.312,98.344,146.799,0.855123,-1,-1,-1
453,94,1357.488,412.283,136.957,352.809,0.952079,-1,-1,-1
453,92,410.300,450.752,50.359,119.195,0.781763,-1,-1,-1
453,93,1194.377,416.523,203.736,424.524,0.892880,-1,-1,-1
453,87,579.757,463.356,75.482,174.958,0.680490,-1,-1,-1
453,32,463.688,444.858,42.188,112.330,0.718638,-1,-1,-1
453,12,1119.521,411.312,308.956,666.635,0.864964,-1,-1,-1
453,51,1037.445,420.096,199.051,549.685,0.920587,-1,-1,-1
453,100,997.817,445.022,37.855,85.258,0.575879,-1,-1,-1
453,72,807.662,413.311,91.327,237.010,0.702623,-1,-1,-1
454,85,489.399,426.267,142.232,303.380,0.921834,-1,-1,-1
454,95,248.690,354.148,693.361,722.215,0.823151,-1,-1,-1
454,91,375.903,457.878,54.041,116.516,0.829141,-1,-1,-1
454,65,1839.343,502.105,76.997,146.993,0.557645,-1,-1,-1
454,98,312.789,452.311,35.843,99.733,0.443535,-1,-1,-1
454,99,526.283,431.238,73.221,189.556,0.120153,-1,-1,-1
454,101,246.917,509.716,98.451,146.895,0.876813,-1,-1,-1
454,94,1364.280,413.582,134.345,352.663,0.948285,-1,-1,-1
454,92,412.728,452.481,49.037,117.535,0.765336,-1,-1,-1
454,93,1197.733,412.713,207.292,426.261,0.378861,-1,-1,-1
454,87,581.923,458.510,66.150,170.429,0.617254,-1,-1,-1
454,32,463.676,447.595,39.792,103.999,0.734364,-1,-1,-1
454,12,1129.894,403.928,319.344,674.857,0.944695,-1,-1,-1
454,51,1039.609,420.801,197.436,546.736,0.929545,-1,-1,-1
454,100,999.573,444.899,33.547,79.742,0.264784,-1,-1,-1
454,72,808.563,411.427,94.421,285.233,0.902110,-1,-1,-1
454,97,494.754,453.564,44.141,105.216,0.665387,-1,-1,-1
454,96,907.622,443.867,84.172,144.451,0.604180,-1,-1,-1
455,85,496.760,441.943,126.955,277.618,0.834998,-1,-1,-1
455,95,199.346,365.239,703.969,710.604,0.816157,-1,-1,-1
455,91,376.049,457.853,54.538,116.096,0.813607,-1,-1,-1
455,65,1838.138,508.856,78.331,139.879,0.558312,-1,-1,-1
455,98,317.558,451.255,42.402,112.047,0.691586,-1,-1,-1
455,101,240.248,510.729,98.726,149.813,0.866595,-1,-1,-1
455,94,1370.229,413.544,133.799,355.915,0.956405,-1,-1,-1
455,92,413.297,455.738,49.978,114.440,0.730704,-1,-1,-1
455,93,1185.565,412.714,222.649,440.139,0.644172,-1,-1,-1
455,87,576.166,444.929,71.453,188.991,0.126614,-1,-1,-1
455,32,463.135,449.970,38.423,101.001,0.705107,-1,-1,-1
455,12,1136.597,406.135,314.386,674.059,0.925883,-1,-1,-1
455,51,1046.646,424.811,192.326,540.003,0.920840,-1,-1,-1
455,100,1002.682,443.968,37.849,88.269,0.464209,-1,-1,-1
455,72,809.021,403.557,94.504,302.074,0.884490,-1,-1,-1
455,97,491.965,454.468,42.605,102.862,0.641991,-1,-1,-1
455,96,911.008,443.061,82.573,147.753,0.592394,-1,-1,-1
456,85,508.495,442.727,109.337,259.367,0.104376,-1,-1,-1
456,95,149.891,372.584,779.122,704.458,0.798172,-1,-1,-1
456,91,376.688,458.708,54.757,115.150,0.808358,-1,-1,-1
456,65,1840.258,508.584,74.401,141.089,0.444725,-1,-1,-1
456,98,319.843,451.474,41.123,109.434,0.544527,-1,-1,-1
456,101,233.001,510.925,100.160,142.263,0.733823,-1,-1,-1
456,94,1377.268,412.472,134.259,358.801,0.954140,-1,-1,-1
456,92,412.723,456.049,51.551,113.600,0.724637,-1,-1,-1
456,93,1218.931,416.855,188.563,424.837,0.637991,-1,-1,-1
456,32,462.198,449.103,40.497,102.855,0.688749,-1,-1,-1
456,12,1143.034,408.224,315.697,672.244,0.934101,-1,-1,-1
456,51,1052.052,421.061,187.356,542.804,0.921845,-1,-1,-1
456,100,1002.258,445.891,34.823,83.203,0.314537,-1,-1,-1
456,72,808.716,400.598,94.604,309.647,0.893115,-1,-1,-1
456,97,489.451,452.241,48.619,112.572,0.448430,-1,-1,-1
456,96,909.879,451.649,82.398,136.627,0.506469,-1,-1,-1
456,77,776.595,424.117,103.379,272.984,0.688958,-1,-1,-1
456,86,728.976,452.048,28.615,80.596,0.610417,-1,-1,-1
457,95,270.362,382.023,576.975,694.622,0.856181,-1,-1,-1
457,91,376.231,459.612,56.726,115.370,0.855641,-1,-1,-1
457,65,1837.644,506.657,78.978,143.229,0.510035,-1,-1,-1
457,98,317.020,451.315,37.942,108.121,0.672594,-1,-1,-1
457,101,226.986,513.539,99.968,138.057,0.805126,-1,-1,-1
457,94,1380.267,414.993,138.384,362.169,0.954956,-1,-1,-1
457,92,413.138,455.102,52.150,114.533,0.780131,-1,-1,-1
457,93,1188.130,411.758,222.070,447.862,0.688681,-1,-1,-1
457,32,462.800,448.677,42.023,104.563,0.791889,-1,-1,-1
457,12,1151.913,411.131,303.566,664.343,0.900344,-1,-1,-1
457,51,1057.526,421.411,191.877,544.202,0.910337,-1,-1,-1
457,100,998.592,444.730,34.576,85.312,0.434157,-1,-1,-1
457,72,807.374,401.900,98.232,308.927,0.907870,-1,-1,-1
457,96,912.029,457.875,77.234,128.655,0.308690,-1,-1,-1
457,77,782.813,430.404,88.354,265.743,0.488476,-1,-1,-1
457,86,725.735,447.952,32.008,82.724,0.482781,-1,-1,-1
457,81,783.143,441.935,46.035,131.886,0.739092,-1,-1,-1
457,80,674.111,442.760,85.571,244.568,0.789511,-1,-1,-1
458,95,312.113,376.949,493.202,697.322,0.808897,-1,-1,-1
458,91,375.696,460.279,57.613,114.961,0.839148,-1,-1,-1
458,65,1842.142,507.471,72.517,140.195,0.454849,-1,-1,-1
458,98,315.053,450.670,38.073,113.102,0.683311,-1,-1,-1
458,101,215.709,516.637,101.664,137.330,0.851036,-1,-1,-1
458,94,1382.038,414.458,146.230,370.680,0.954627,-1,-1,-1
458,92,412.126,456.093,52.301,113.756,0.758146,-1,-1,-1
458,93,1223.226,409.408,184.684,447.995,0.546533,-1,-1,-1
458,12,1152.508,403.723,314.658,675.370,0.934458,-1,-1,-1
458,51,1064.019,416.000,197.263,551.416,0.917353,-1,-1,-1
458,100,999.069,444.899,32.218,82.963,0.356091,-1,-1,-1
458,72,809.625,406.146,98.424,303.692,0.912516,-1,-1,-1
458,96,913.351,449.908,74.135,135.194,0.216689,-1,-1,-1
458,77,783.229,434.370,84.346,259.127,0.623350,-1,-1,-1
458,81,779.302,441.506,47.965,134.435,0.716353,-1,-1,-1
458,80,657.153,437.387,135.858,286.650,0.914577,-1,-1,-1
459,95,316.986,378.450,447.852,696.873,0.858404,-1,-1,-1
459,91,375.314,458.628,58.644,114.173,0.839604,-1,-1,-1
459,65,1843.652,505.949,71.248,140.224,0.463009,-1,-1,-1
459,98,314.141,448.576,41.197,116.152,0.724085,-1,-1,-1
459,101,205.540,517.626,104.106,139.494,0.801147,-1,-1,-1
459,94,1385.321,417.789,154.439,369.143,0.959840,-1,-1,-1
459,92,408.658,461.880,50.813,106.942,0.364176,-1,-1,-1
459,93,1209.351,403.933,215.472,500.121,0.536896,-1,-1,-1
459,12,1156.979,399.146,317.650,675.392,0.934713,-1,-1,-1
459,51,1071.447,415.613,188.026,553.137,0.937036,-1,-1,-1
459,100,1002.480,443.950,34.656,79.631,0.435347,-1,-1,-1
459,72,808.870,405.860,102.415,302.481,0.921214,-1,-1,-1
459,96,900.024,445.595,78.476,141.495,0.169033,-1,-1,-1
459,77,784.454,436.570,84.059,255.669,0.547021,-1,-1,-1
459,81,782.352,441.822,53.128,145.451,0.741361,-1,-1,-1
459,80,654.623,436.022,146.357,300.579,0.922689,-1,-1,-1
460,95,217.135,367.290,725.256,708.828,0.792956,-1,-1,-1
460,91,375.926,461.591,56.084,109.312,0.119040,-1,-1,-1
460,65,1837.458,499.151,79.817,150.081,0.358115,-1,-1,-1
460,98,313.517,448.524,42.473,116.341,0.561928,-1,-1,-1
460,101,198.003,520.195,105.187,129.436,0.669643,-1,-1,-1
460,94,1389.756,421.537,175.141,370.198,0.957246,-1,-1,-1
460,93,1217.113,405.327,207.071,519.365,0.894213,-1,-1,-1
460,12,1155.786,585.864,327.791,490.857,0.345424,-1,-1,-1
460,51,1078.983,415.697,175.599,552.967,0.942071,-1,-1,-1
460,100,1006.261,444.903,34.588,81.354,0.594360,-1,-1,-1
460,72,809.685,407.224,104.179,298.948,0.900823,-1,-1,-1
460,96,911.345,441.906,69.480,147.141,0.480035,-1,-1,-1
460,77,786.335,437.242,85.444,258.014,0.375725,-1,-1,-1
460,81,780.157,440.938,50.866,143.300,0.654980,-1,-1,-1
460,80,655.858,435.422,148.231,303.211,0.935592,-1,-1,-1
460,87,570.653,434.828,73.073,159.743,0.768463,-1,-1,-1
461,95,222.905,362.081,584.071,713.589,0.818979,-1,-1,-1
461,65,1840.909,491.451,76.126,155.406,0.407597,-1,-1,-1
461,98,313.524,449.612,40.342,116.106,0.577593,-1,-1,-1
461,101,192.781,523.776,103.058,127.510,0.842334,-1,-1,-1
461,94,1395.320,423.145,179.769,368.885,0.955678,-1,-1,-1
461,93,1220.166,405.001,210.864,487.935,0.506621,-1,-1,-1
461,12,1157.079,451.073,330.069,623.750,0.943867,-1,-1,-1
461,51,1082.525,418.599,178.055,552.060,0.938229,-1,-1,-1
461,100,1007.606,443.964,37.224,86.169,0.608902,-1,-1,-1
461,72,803.170,403.246,114.761,302.041,0.931671,-1,-1,-1
461,96,913.605,440.164,73.809,151.091,0.395200,-1,-1,-1
461,81,776.407,440.650,53.133,144.901,0.821462,-1,-1,-1
461,80,657.414,433.834,148.279,304.679,0.946340,-1,-1,-1
461,87,579.784,436.264,64.266,156.650,0.260243,-1,-1,-1
461,85,556.987,432.125,95.545,294.113,0.818926,-1,-1,-1
462,95,215.542,357.763,531.316,718.191,0.877015,-1,-1,-1
462,65,1835.819,497.492,77.268,150.583,0.486767,-1,-1,-1
462,98,313.694,448.663,37.266,116.881,0.598497,-1,-1,-1
462,101,178.482,521.184,108.009,136.843,0.771067,-1,-1,-1
462,94,1399.398,424.799,179.949,369.385,0.950101,-1,-1,-1
462,93,1226.287,401.795,214.214,496.160,0.693625,-1,-1,-1
462,12,1154.993,417.637,330.453,659.156,0.908414,-1,-1,-1
462,51,1083.811,415.418,192.456,560.939,0.928324,-1,-1,-1
462,100,1008.517,444.072,35.982,86.313,0.552025,-1,-1,-1
462,72,800.885,403.715,119.178,302.186,0.936269,-1,-1,-1
462,96,913.793,456.973,75.774,130.359,0.477241,-1,-1,-1
462,81,772.816,439.534,55.619,147.032,0.871909,-1,-1,-1
462,80,660.321,431.177,144.480,308.853,0.954362,-1,-1,-1
462,104,1679.187,427.928,111.860,157.562,0.677785,-1,-1,-1
462,85,556.287,429.111,101.405,286.889,0.888209,-1,-1,-1
462,99,540.188,443.084,59.480,142.149,0.636927,-1,-1,-1
463,95,146.761,347.367,536.103,723.893,0.821394,-1,-1,-1
463,65,1833.140,500.597,79.824,148.618,0.536252,-1,-1,-1
463,101,167.354,520.108,111.114,144.091,0.738257,-1,-1,-1
463,94,1402.672,424.045,179.575,374.176,0.948346,-1,-1,-1
463,93,1234.254,405.122,214.114,504.141,0.325070,-1,-1,-1
463,12,1158.788,404.080,325.352,672.272,0.941571,-1,-1,-1
463,51,1085.685,414.854,198.295,562.868,0.937311,-1,-1,-1
463,100,1008.742,445.357,34.713,86.140,0.593473,-1,-1,-1
463,72,801.489,401.517,120.216,303.920,0.942681,-1,-1,-1
463,96,913.725,465.986,73.428,119.316,0.423622,-1,-1,-1
463,81,772.027,437.759,56.370,149.453,0.885500,-1,-1,-1
463,80,667.284,428.567,136.803,309.717,0.942211,-1,-1,-1
463,104,1677.967,428.902,111.334,159.731,0.681671,-1,-1,-1
463,85,568.716,426.031,94.215,281.111,0.888324,-1,-1,-1
463,105,1045.893,438.127,45.586,128.646,0.652054,-1,-1,-1
463,99,538.578,444.131,70.432,191.587,0.763001,-1,-1,-1
464,95,101.076,343.207,566.874,729.902,0.812911,-1,-1,-1
464,65,1832.442,500.477,81.977,149.176,0.524015,-1,-1,-1
464,101,160.052,516.221,109.263,150.923,0.841089,-1,-1,-1
464,94,1410.959,427.532,171.369,372.709,0.954875,-1,-1,-1
464,93,1242.246,403.546,213.929,501.059,0.547142,-1,-1,-1
464,12,1161.829,394.995,325.138,684.074,0.946352,-1,-1,-1
464,51,1089.105,411.650,201.121,565.744,0.940634,-1,-1,-1
464,100,1009.523,445.008,34.207,84.902,0.516128,-1,-1,-1
464,72,803.308,401.820,121.537,304.726,0.948724,-1,-1,-1
464,96,913.799,468.574,72.895,115.382,0.441886,-1,-1,-1
464,81,769.659,434.864,57.358,149.225,0.885852,-1,-1,-1
464,80,674.457,431.542,129.907,305.761,0.944208,-1,-1,-1
464,104,1677.672,431.303,111.457,168.220,0.713185,-1,-1,-1
464,85,565.593,427.662,100.592,279.491,0.908369,-1,-1,-1
464,105,1036.081,435.765,55.381,142.567,0.702516,-1,-1,-1
464,99,549.583,448.246,60.932,160.595,0.627623,-1,-1,-1
464,106,511.580,438.509,67.120,175.726,0.691393,-1,-1,-1
464,32,464.081,445.486,39.904,102.752,0.695409,-1,-1,-1
465,95,99.289,347.410,515.360,728.037,0.892952,-1,-1,-1
465,65,1833.137,504.723,79.656,143.145,0.594198,-1,-1,-1
465,101,144.282,512.732,109.965,174.817,0.388045,-1,-1,-1
465,94,1416.055,423.951,171.108,378.632,0.955651,-1,-1,-1
465,93,1253.546,397.982,211.569,548.635,0.134828,-1,-1,-1
465,12,1173.538,390.386,315.693,684.846,0.941911,-1,-1,-1
465,51,1093.188,410.000,196.772,574.476,0.936074,-1,-1,-1
465,100,1013.835,444.869,33.682,85.447,0.431060,-1,-1,-1
465,72,808.273,403.196,116.703,302.804,0.945458,-1,-1,-1
465,96,913.429,468.046,74.694,115.410,0.397601,-1,-1,-1
465,81,768.083,433.523,59.324,151.503,0.862285,-1,-1,-1
465,80,678.456,431.437,125.253,305.888,0.937077,-1,-1,-1
465,104,1679.589,433.313,109.279,173.680,0.511689,-1,-1,-1
465,85,567.167,427.261,103.834,281.379,0.895769,-1,-1,-1
465,105,1031.692,432.830,59.865,151.375,0.637099,-1,-1,-1
465,99,519.292,438.834,79.558,196.706,0.739313,-1,-1,-1
465,106,509.431,440.233,68.942,164.405,0.671218,-1,-1,-1
465,32,462.757,445.048,42.376,109.042,0.729561,-1,-1,-1
465,97,454.365,446.206,53.325,153.328,0.608653,-1,-1,-1
465,86,687.054,465.647,36.007,75.018,0.602241,-1,-1,-1
466,95,76.393,355.157,502.723,714.835,0.896612,-1,-1,-1
466,65,1834.209,503.825,79.337,144.601,0.597057,-1,-1,-1
466,101,136.290,514.819,122.779,216.856,0.131103,-1,-1,-1
466,94,1424.562,418.792,164.238,386.250,0.952670,-1,-1,-1
466,93,1264.773,401.723,205.950,529.643,0.633724,-1,-1,-1
466,12,1192.121,390.071,294.685,688.956,0.937135,-1,-1,-1
466,51,1096.951,415.025,185.049,572.953,0.939961,-1,-1,-1
466,100,1012.800,444.852,34.789,83.584,0.505696,-1,-1,-1
466,72,815.470,406.236,110.466,299.944,0.935496,-1,-1,-1
466,96,911.495,465.504,77.085,117.734,0.489237,-1,-1,-1
466,81,765.714,439.668,58.775,151.577,0.779221,-1,-1,-1
466,80,681.424,427.074,127.711,309.776,0.931732,-1,-1,-1
466,104,1682.631,433.091,107.360,191.539,0.642163,-1,-1,-1
466,85,565.051,424.958,109.060,284.204,0.919792,-1,-1,-1
466,105,1030.448,431.206,60.207,153.590,0.739908,-1,-1,-1
466,99,506.364,443.928,91.120,200.612,0.752036,-1,-1,-1
466,106,512.106,442.504,54.065,131.184,0.360714,-1,-1,-1
466,32,460.916,444.679,44.746,121.083,0.713423,-1,-1,-1
466,97,423.290,465.606,80.368,155.760,0.615308,-1,-1,-1
466,86,681.142,470.349,34.025,68.941,0.590992,-1,-1,-1
466,92,401.674,454.299,57.078,123.813,0.632746,-1,-1,-1
467,95,85.514,362.481,469.117,709.533,0.928029,-1,-1,-1
467,65,1837.423,505.183,77.577,143.137,0.468451,-1,-1,-1
467,94,1437.349,414.048,153.636,389.162,0.952726,-1,-1,-1
467,93,1264.700,412.991,185.689,493.709,0.226661,-1,-1,-1
467,12,1211.783,388.783,274.389,690.643,0.938943,-1,-1,-1
467,51,1101.040,418.256,177.006,573.228,0.934512,-1,-1,-1
467,100,1014.454,445.237,34.593,81.244,0.469020,-1,-1,-1
467,72,823.976,407.057,100.655,300.273,0.941150,-1,-1,-1
467,96,911.861,468.093,78.320,115.450,0.484081,-1,-1,-1
467,81,768.552,447.132,54.112,142.576,0.331819,-1,-1,-1
467,80,686.340,424.646,130.673,308.973,0.934512,-1,-1,-1
467,104,1684.175,431.735,105.834,187.300,0.500194,-1,-1,-1
467,85,571.428,425.098,103.790,283.422,0.922551,-1,-1,-1
467,105,1044.731,436.083,48.307,137.175,0.679976,-1,-1,-1
467,99,501.586,456.931,89.044,189.811,0.860553,-1,-1,-1
467,106,509.970,451.601,54.431,118.828,0.250818,-1,-1,-1
467,32,460.445,445.969,45.596,125.801,0.673836,-1,-1,-1
467,97,422.111,482.554,78.728,148.028,0.795011,-1,-1,-1
467,86,678.912,472.872,32.909,64.472,0.546327,-1,-1,-1
467,108,1083.756,426.648,71.438,165.776,0.823698,-1,-1,-1
467,109,0.376,638.210,323.140,438.118,0.654539,-1,-1,-1
467,92,407.470,456.063,51.981,120.409,0.650655,-1,-1,-1
468,95,47.459,373.611,474.245,699.680,0.921381,-1,-1,-1
468,65,1832.320,489.833,83.978,159.239,0.291423,-1,-1,-1
468,94,1452.433,414.656,142.950,388.695,0.930769,-1,-1,-1
468,93,1255.731,420.683,169.204,479.787,0.343334,-1,-1,-1
468,12,1231.515,388.591,261.831,691.908,0.947594,-1,-1,-1
468,51,1106.301,419.677,180.578,572.680,0.946888,-1,-1,-1
468,100,1012.697,444.980,39.348,87.981,0.390337,-1,-1,-1
468,72,828.885,408.842,95.048,298.642,0.942547,-1,-1,-1
468,96,913.013,467.045,77.377,116.918,0.477122,-1,-1,-1
468,81,757.695,440.676,64.132,164.170,0.152370,-1,-1,-1
468,80,690.320,426.819,130.204,307.941,0.934119,-1,-1,-1
468,104,1679.801,427.502,109.928,171.725,0.609342,-1,-1,-1
468,85,573.099,427.918,103.898,279.488,0.943336,-1,-1,-1
468,105,1047.896,436.910,49.704,141.233,0.702003,-1,-1,-1
468,99,492.880,451.618,86.429,196.378,0.855909,-1,-1,-1
468,32,459.523,445.364,45.222,120.699,0.588272,-1,-1,-1
468,97,418.458,492.657,75.412,137.520,0.635988,-1,-1,-1
468,86,683.793,468.692,30.748,61.948,0.606128,-1,-1,-1
468,108,1087.202,432.873,67.108,159.117,0.843241,-1,-1,-1
468,109,0.036,616.287,284.534,459.889,0.754339,-1,-1,-1
468,92,410.849,456.980,47.427,110.118,0.466815,-1,-1,-1
468,91,377.755,464.695,48.303,106.228,0.650877,-1,-1,-1
469,95,7.493,382.498,495.087,691.807,0.904903,-1,-1,-1
469,65,1838.759,478.404,79.576,171.577,0.224326,-1,-1,-1
469,94,1464.840,411.891,136.353,392.147,0.946585,-1,-1,-1
469,93,1251.961,429.102,159.076,481.663,0.476372,-1,-1,-1
469,12,1247.106,396.970,261.291,681.952,0.933941,-1,-1,-1
469,51,1109.562,421.551,181.568,569.191,0.941551,-1,-1,-1
469,100,1015.353,444.682,36.039,88.028,0.411058,-1,-1,-1
469,72,832.256,407.283,92.569,299.719,0.937816,-1,-1,-1
469,96,911.269,462.668,76.031,120.798,0.434804,-1,-1,-1
469,81,752.636,438.294,70.351,170.944,0.134695,-1,-1,-1
469,80,696.562,427.874,127.024,304.696,0.925919,-1,-1,-1
469,104,1676.572,425.264,112.573,167.929,0.634567,-1,-1,-1
469,85,576.652,430.266,102.398,275.415,0.931533,-1,-1,-1
469,105,1038.763,435.156,58.346,146.106,0.740254,-1,-1,-1
469,99,491.828,459.800,81.837,188.718,0.820800,-1,-1,-1
469,32,460.692,446.115,43.470,114.793,0.584876,-1,-1,-1
469,97,415.522,494.751,75.329,138.617,0.791684,-1,-1,-1
469,86,683.052,460.472,30.430,71.793,0.214355,-1,-1,-1
469,108,1083.609,429.594,71.797,163.714,0.864598,-1,-1,-1
469,109,0.241,650.916,231.012,426.049,0.718382,-1,-1,-1
469,92,412.475,457.310,46.365,107.747,0.427935,-1,-1,-1
469,91,378.708,465.005,46.126,105.194,0.690412,-1,-1,-1
470,95,1.866,384.958,467.135,689.072,0.956687,-1,-1,-1
470,65,1845.843,483.045,73.417,167.831,0.132122,-1,-1,-1
470,94,1475.118,406.895,131.475,396.740,0.951762,-1,-1,-1
470,93,1257.995,414.535,173.275,498.487,0.758776,-1,-1,-1
470,12,1264.683,393.912,255.346,684.999,0.944679,-1,-1,-1
470,51,1113.662,416.805,181.489,582.350,0.942954,-1,-1,-1
470,100,1016.516,444.783,33.516,86.711,0.452193,-1,-1,-1
470,72,831.335,409.417,94.934,297.396,0.941293,-1,-1,-1
470,96,913.981,462.052,73.022,121.330,0.342092,-1,-1,-1
470,81,748.672,436.627,77.502,194.467,0.136693,-1,-1,-1
470,80,703.801,429.881,125.880,300.179,0.938822,-1,-1,-1
470,104,1677.225,425.489,113.410,163.509,0.584532,-1,-1,-1
470,85,580.888,429.562,100.934,276.341,0.940217,-1,-1,-1
470,105,1041.130,433.864,53.375,143.806,0.681843,-1,-1,-1
470,99,480.953,462.002,86.474,185.513,0.859691,-1,-1,-1
470,32,460.569,447.573,42.677,112.095,0.607535,-1,-1,-1
470,97,411.217,494.405,75.980,143.461,0.810933,-1,-1,-1
470,86,688.161,464.555,31.591,65.145,0.612270,-1,-1,-1
470,108,1087.737,427.331,66.841,165.542,0.849478,-1,-1,-1
470,109,0.243,673.013,194.768,402.703,0.694296,-1,-1,-1
470,92,411.932,460.203,46.381,102.722,0.431346,-1,-1,-1
470,91,377.900,463.563,46.504,105.408,0.685922,-1,-1,-1
470,98,311.801,451.162,38.362,108.221,0.645205,-1,-1,-1
471,95,-6.844,386.457,491.487,688.031,0.922507,-1,-1,-1
471,65,1840.098,418.839,79.314,239.704,0.604457,-1,-1,-1
471,94,1482.835,407.067,130.156,396.472,0.953038,-1,-1,-1
471,93,1254.977,421.635,178.205,496.499,0.855860,-1,-1,-1
471,12,1287.867,395.179,242.023,682.863,0.948676,-1,-1,-1
471,51,1119.369,415.665,183.637,588.668,0.944043,-1,-1,-1
471,100,1013.684,448.093,34.346,81.241,0.316873,-1,-1,-1
471,72,833.219,410.809,94.753,292.326,0.933637,-1,-1,-1
471,96,916.732,461.057,70.843,123.407,0.387242,-1,-1,-1
471,80,706.874,429.231,136.959,300.771,0.951175,-1,-1,-1
471,104,1676.452,426.462,114.747,161.046,0.523557,-1,-1,-1
471,85,579.827,430.174,106.533,277.533,0.932187,-1,-1,-1
471,105,1039.288,434.599,52.514,140.764,0.550250,-1,-1,-1
471,99,472.512,466.531,88.520,183.608,0.843118,-1,-1,-1
471,32,459.099,448.900,45.198,114.803,0.618691,-1,-1,-1
471,97,405.239,486.844,78.790,155.585,0.817439,-1,-1,-1
471,86,684.675,464.297,33.649,66.850,0.602712,-1,-1,-1
471,108,1081.440,437.690,70.427,155.986,0.827167,-1,-1,-1
471,109,0.062,614.152,153.290,462.155,0.274430,-1,-1,-1
471,92,408.308,461.215,59.796,119.287,0.617724,-1,-1,-1
471,91,377.816,462.290,47.117,106.492,0.655178,-1,-1,-1
471,110,568.332,454.829,31.874,85.194,0.664323,-1,-1,-1
471,98,309.915,449.802,42.741,112.284,0.581582,-1,-1,-1
472,95,-10.638,389.211,443.483,685.220,0.963724,-1,-1,-1
472,65,1835.853,396.869,83.379,259.178,0.662253,-1,-1,-1
472,94,1487.865,404.937,130.854,395.630,0.937770,-1,-1,-1
472,93,1259.621,411.090,184.994,514.963,0.853713,-1,-1,-1
472,12,1290.487,394.845,251.034,684.417,0.929172,-1,-1,-1
472,51,1128.249,415.431,177.569,592.385,0.943985,-1,-1,-1
472,100,1011.038,448.053,34.836,79.061,0.382367,-1,-1,-1
472,72,834.295,408.803,97.385,293.040,0.939941,-1,-1,-1
472,96,914.952,446.246,73.151,141.217,0.572954,-1,-1,-1
472,80,711.372,426.738,140.001,303.528,0.950161,-1,-1,-1
472,104,1673.885,426.454,117.571,160.328,0.580994,-1,-1,-1
472,85,581.057,428.458,109.347,277.558,0.936870,-1,-1,-1
472,105,1045.459,435.930,47.277,133.577,0.604673,-1,-1,-1
472,99,463.000,467.812,91.018,178.850,0.855821,-1,-1,-1
472,32,458.761,447.163,44.537,115.089,0.671735,-1,-1,-1
472,97,402.657,482.766,73.373,158.098,0.719704,-1,-1,-1
472,86,681.751,462.388,33.484,68.357,0.613565,-1,-1,-1
472,108,1078.521,440.594,72.818,153.633,0.858689,-1,-1,-1
472,109,-0.004,562.390,120.169,513.520,0.173162,-1,-1,-1
472,92,408.535,457.839,57.962,123.598,0.593011,-1,-1,-1
472,91,376.524,460.117,46.522,107.494,0.681343,-1,-1,-1
472,110,566.435,455.651,28.655,78.455,0.720049,-1,-1,-1
472,98,309.361,449.666,43.826,113.956,0.543084,-1,-1,-1
473,95,-10.007,397.087,429.381,678.165,0.950875,-1,-1,-1
473,65,1836.088,384.378,83.169,274.335,0.487815,-1,-1,-1
473,94,1492.643,402.863,132.038,397.046,0.928645,-1,-1,-1
473,93,1265.050,408.096,186.785,522.282,0.857185,-1,-1,-1
473,12,1312.384,394.607,231.607,683.067,0.926910,-1,-1,-1
473,51,1134.470,415.056,174.612,591.837,0.943502,-1,-1,-1
473,100,1009.424,448.246,37.697,83.977,0.348146,-1,-1,-1
473,72,834.865,411.285,99.734,289.776,0.932755,-1,-1,-1
473,96,920.245,458.893,67.248,126.462,0.316249,-1,-1,-1
473,80,714.811,428.923,142.423,302.532,0.944414,-1,-1,-1
473,104,1673.899,428.194,116.865,157.796,0.475970,-1,-1,-1
473,85,582.482,427.874,110.463,277.772,0.935508,-1,-1,-1
473,105,1049.879,434.103,42.031,123.203,0.624681,-1,-1,-1
473,99,447.999,469.255,99.401,183.235,0.890896,-1,-1,-1
473,32,454.510,446.191,47.994,116.714,0.598453,-1,-1,-1
473,97,393.833,483.513,79.238,159.408,0.798078,-1,-1,-1
473,86,681.042,461.591,32.209,68.963,0.704485,-1,-1,-1
473,108,1078.103,434.811,72.934,158.403,0.864501,-1,-1,-1
473,109,-0.026,512.157,105.131,563.838,0.356828,-1,-1,-1
473,92,404.628,458.343,60.701,120.881,0.352448,-1,-1,-1
473,91,376.864,460.677,45.722,104.814,0.653250,-1,-1,-1
473,110,566.551,456.183,27.773,74.957,0.721730,-1,-1,-1
473,98,308.134,448.764,45.623,119.189,0.709494,-1,-1,-1
473,106,522.120,454.661,34.661,75.370,0.757845,-1,-1,-1
474,95,-8.903,398.247,405.822,677.572,0.926365,-1,-1,-1
474,65,1836.354,380.515,82.969,275.057,0.639286,-1,-1,-1
474,94,1496.928,402.752,138.062,399.058,0.949118,-1,-1,-1
474,93,1269.799,406.951,185.035,524.723,0.858681,-1,-1,-1
474,12,1325.863,392.103,226.681,684.866,0.936907,-1,-1,-1
474,51,1136.690,412.836,177.484,592.183,0.941192,-1,-1,-1
474,100,1008.868,449.093,36.848,80.190,0.425740,-1,-1,-1
474,72,835.640,410.652,101.570,288.717,0.920309,-1,-1,-1
474,96,926.416,463.783,61.103,117.876,0.331507,-1,-1,-1
474,80,718.108,429.551,142.352,301.415,0.940841,-1,-1,-1
474,104,1674.788,429.744,115.250,154.750,0.475419,-1,-1,-1
474,85,584.680,426.819,111.075,279.210,0.925511,-1,-1,-1
474,105,1051.467,435.800,39.717,113.841,0.593993,-1,-1,-1
474,99,442.819,471.811,100.807,179.198,0.901279,-1,-1,-1
474,32,458.448,451.849,43.196,101.161,0.389476,-1,-1,-1
474,97,386.640,471.788,82.198,171.060,0.799152,-1,-1,-1
474,86,680.144,461.223,31.429,68.507,0.668209,-1,-1,-1
474,108,1080.908,435.174,69.868,158.339,0.876406,-1,-1,-1
474,109,0.000,448.149,96.760,628.480,0.465045,-1,-1,-1
474,91,378.399,462.573,44.335,92.731,0.517129,-1,-1,-1
474,110,566.475,455.453,29.168,74.173,0.748226,-1,-1,-1
474,98,309.136,450.079,43.278,118.344,0.692894,-1,-1,-1
474,111,712.553,455.418,31.802,75.266,0.737104,-1,-1,-1
474,112,554.175,452.144,29.718,75.726,0.684837,-1,-1,-1
474,113,690.157,462.566,29.448,64.660,0.687385,-1,-1,-1
474,106,524.359,454.264,32.910,73.889,0.716998,-1,-1,-1
475,95,-6.908,400.115,400.845,674.616,0.850043,-1,-1,-1
475,65,1835.778,379.428,83.697,279.266,0.654099,-1,-1,-1
475,94,1502.377,402.868,141.411,400.462,0.950725,-1,-1,-1
475,93,1282.241,406.523,178.634,528.400,0.858309,-1,-1,-1
475,12,1325.255,388.824,232.775,686.597,0.938223,-1,-1,-1
475,51,1140.767,410.843,177.650,592.073,0.944412,-1,-1,-1
475,100,1010.377,450.220,36.204,76.173,0.369375,-1,-1,-1
475,72,837.021,410.604,106.816,287.900,0.893527,-1,-1,-1
475,96,922.930,453.369,65.188,132.603,0.529574,-1,-1,-1
475,80,726.816,431.138,137.685,299.240,0.925215,-1,-1,-1
475,104,1676.175,428.710,115.179,155.495,0.383729,-1,-1,-1
475,85,585.113,437.540,113.197,269.136,0.918179,-1,-1,-1
475,105,1053.164,438.578,37.027,103.832,0.499768,-1,-1,-1
475,99,432.805,468.340,105.713,191.431,0.907175,-1,-1,-1
475,32,462.529,448.258,39.892,97.550,0.357733,-1,-1,-1
475,97,378.091,468.390,86.926,177.122,0.740722,-1,-1,-1
475,86,678.416,460.457,29.428,68.292,0.623895,-1,-1,-1
475,108,1084.243,429.976,66.361,162.208,0.860669,-1,-1,-1
475,109,0.172,418.093,72.521,660.649,0.238052,-1,-1,-1
475,91,377.552,462.568,45.757,90.139,0.406387,-1,-1,-1
475,110,564.491,451.854,30.938,76.203,0.772742,-1,-1,-1
475,98,310.232,449.990,41.383,116.111,0.436502,-1,-1,-1
475,111,713.283,455.105,31.939,78.346,0.707338,-1,-1,-1
475,112,556.149,449.880,29.904,78.258,0.730356,-1,-1,-1
475,113,689.244,461.738,30.436,66.784,0.710993,-1,-1,-1
475,106,527.668,452.173,31.854,75.811,0.790194,-1,-1,-1
475,77,872.013,427.241,106.130,261.312,0.791878,-1,-1,-1
476,95,-6.246,391.515,373.363,684.551,0.935212,-1,-1,-1
476,65,1832.739,389.577,87.122,266.395,0.674572,-1,-1,-1
476,94,1507.193,405.063,155.567,403.113,0.934975,-1,-1,-1
476,93,1293.380,408.602,173.222,521.167,0.851342,-1,-1,-1
476,12,1318.953,382.044,242.073,691.206,0.921236,-1,-1,-1
476,51,1147.545,413.130,179.328,594.348,0.943405,-1,-1,-1
476,100,1010.396,450.130,35.746,75.397,0.440413,-1,-1,-1
476,72,835.309,408.267,111.031,289.013,0.884351,-1,-1,-1
476,96,924.557,449.856,64.681,134.045,0.441853,-1,-1,-1
476,80,732.975,431.095,131.838,298.009,0.934275,-1,-1,-1
476,104,1673.844,428.677,116.465,156.591,0.592654,-1,-1,-1
476,85,589.526,443.815,113.798,262.479,0.923024,-1,-1,-1
476,105,1056.278,437.827,36.992,103.775,0.661976,-1,-1,-1
476,99,427.959,468.517,105.335,192.415,0.885249,-1,-1,-1
476,32,457.865,448.719,47.608,95.354,0.257198,-1,-1,-1
476,97,373.169,467.013,87.856,178.581,0.761227,-1,-1,-1
476,86,679.018,459.641,31.417,70.401,0.664587,-1,-1,-1
476,108,1084.783,430.905,67.258,162.670,0.884469,-1,-1,-1
476,109,0.023,404.699,53.404,674.916,0.156080,-1,-1,-1
476,91,377.150,462.163,44.858,88.795,0.301995,-1,-1,-1
476,110,564.348,450.439,32.140,76.429,0.785690,-1,-1,-1
476,98,309.667,449.877,41.820,117.543,0.507616,-1,-1,-1
476,111,713.812,451.871,32.225,78.454,0.715536,-1,-1,-1
476,112,555.068,450.807,31.376,76.172,0.690022,-1,-1,-1
476,113,689.144,458.814,30.937,67.961,0.718188,-1,-1,-1
476,106,527.620,451.303,32.041,76.515,0.775370,-1,-1,-1
476,77,871.610,427.006,111.320,259.305,0.833020,-1,-1,-1
476,56,740.032,448.667,27.911,78.654,0.625419,-1,-1,-1
476,87,596.365,450.098,43.697,89.043,0.631986,-1,-1,-1
477,95,-4.745,386.953,336.564,689.079,0.926133,-1,-1,-1
477,65,1833.585,393.562,86.380,260.661,0.705544,-1,-1,-1
477,94,1510.533,405.404,173.548,413.801,0.950561,-1,-1,-1
477,93,1300.585,406.385,167.143,507.296,0.676374,-1,-1,-1
477,12,1313.320,382.379,250.548,689.328,0.929374,-1,-1,-1
477,51,1151.429,409.447,181.138,602.156,0.938634,-1,-1,-1
477,100,1014.464,450.170,33.263,74.551,0.437786,-1,-1,-1
477,72,833.371,408.189,106.174,290.291,0.884344,-1,-1,-1
477,80,735.762,429.315,128.912,297.412,0.936302,-1,-1,-1
477,104,1674.347,430.835,114.663,154.252,0.525555,-1,-1,-1
477,85,593.675,443.549,116.328,260.564,0.928505,-1,-1,-1
477,105,1058.423,439.657,36.592,105.806,0.675432,-1,-1,-1
477,99,419.014,471.347,105.548,188.801,0.886181,-1,-1,-1
477,32,451.807,447.668,53.738,99.040,0.301422,-1,-1,-1
477,97,372.509,469.843,89.435,180.939,0.743158,-1,-1,-1
477,86,680.269,459.720,31.454,71.442,0.662110,-1,-1,-1
477,108,1086.502,430.291,64.444,162.366,0.873542,-1,-1,-1
477,109,-0.024,371.972,30.133,658.270,0.108629,-1,-1,-1
477,91,376.442,461.300,43.602,87.734,0.382979,-1,-1,-1
477,110,563.518,449.464,32.792,76.077,0.816394,-1,-1,-1
477,98,308.115,450.086,44.633,118.168,0.702696,-1,-1,-1
477,111,714.433,449.075,33.318,80.331,0.748721,-1,-1,-1
477,112,549.662,445.534,31.884,79.791,0.313406,-1,-1,-1
477,113,689.500,457.774,30.738,68.820,0.722365,-1,-1,-1
477,106,527.586,449.931,33.547,77.303,0.833916,-1,-1,-1
477,77,876.809,426.642,112.094,261.373,0.853692,-1,-1,-1
477,56,739.333,447.676,29.320,80.474,0.695111,-1,-1,-1
477,87,606.323,447.455,37.461,84.096,0.646701,-1,-1,-1
478,95,-3.681,377.360,307.076,697.109,0.899018,-1,-1,-1
478,65,1834.579,426.661,84.045,220.837,0.586822,-1,-1,-1
478,94,1513.667,407.541,194.440,412.665,0.955753,-1,-1,-1
478,93,1305.433,407.672,165.721,511.276,0.772564,-1,-1,-1
478,12,1318.041,382.811,251.225,691.687,0.935183,-1,-1,-1
478,51,1154.825,411.536,179.878,592.184,0.936030,-1,-1,-1
478,100,1014.466,449.618,32.652,74.882,0.455856,-1,-1,-1
478,72,835.913,407.910,105.879,288.461,0.880324,-1,-1,-1
478,80,741.884,426.894,119.847,301.105,0.929560,-1,-1,-1
478,104,1675.190,432.559,112.546,151.923,0.511069,-1,-1,-1
478,85,595.484,441.699,122.547,260.095,0.926453,-1,-1,-1
478,105,1057.471,441.089,37.960,103.854,0.616332,-1,-1,-1
478,99,398.869,470.210,118.020,195.742,0.879141,-1,-1,-1
478,32,456.821,446.332,45.283,83.996,0.516946,-1,-1,-1
478,97,363.383,470.243,100.334,177.774,0.639847,-1,-1,-1
478,86,682.522,459.783,29.605,71.556,0.667928,-1,-1,-1
478,108,1085.762,429.114,67.288,163.368,0.881260,-1,-1,-1
478,91,374.960,457.913,40.327,78.491,0.319056,-1,-1,-1
478,110,562.923,449.753,33.521,75.283,0.810294,-1,-1,-1
478,98,307.755,449.861,45.185,119.133,0.565165,-1,-1,-1
478,111,716.203,449.021,32.764,81.048,0.731649,-1,-1,-1
478,112,549.315,444.995,33.224,79.798,0.354770,-1,-1,-1
478,113,690.358,457.932,30.449,69.006,0.713262,-1,-1,-1
478,106,526.762,450.327,35.215,76.853,0.857403,-1,-1,-1
478,77,879.707,420.343,115.861,266.873,0.828328,-1,-1,-1
478,56,740.282,446.617,30.802,84.902,0.693596,-1,-1,-1
478,87,606.773,450.295,37.523,84.876,0.640814,-1,-1,-1
479,95,-3.239,371.348,284.490,702.354,0.906788,-1,-1,-1
479,65,1836.481,438.917,81.376,208.273,0.614595,-1,-1,-1
479,94,1520.679,410.266,206.002,412.499,0.961910,-1,-1,-1
479,93,1312.168,411.155,154.438,520.009,0.874317,-1,-1,-1
479,12,1329.662,383.015,250.234,693.918,0.936463,-1,-1,-1
479,51,1158.161,413.386,181.183,590.429,0.939191,-1,-1,-1
479,100,1014.801,452.861,32.245,70.339,0.428893,-1,-1,-1
479,72,837.097,407.598,96.920,290.297,0.885653,-1,-1,-1
479,80,746.446,426.507,118.211,301.358,0.937662,-1,-1,-1
479,104,1678.829,432.734,109.517,173.633,0.598752,-1,-1,-1
479,85,596.811,443.836,125.781,254.497,0.930548,-1,-1,-1
479,105,1055.110,446.500,39.655,96.614,0.694580,-1,-1,-1
479,99,394.525,473.746,114.306,191.924,0.881337,-1,-1,-1
479,32,461.685,447.073,37.101,69.195,0.582961,-1,-1,-1
479,97,357.657,473.906,95.569,166.090,0.633500,-1,-1,-1
479,86,683.052,458.893,29.917,69.441,0.578487,-1,-1,-1
479,108,1085.751,438.417,66.326,153.533,0.881949,-1,-1,-1
479,91,374.572,459.082,41.706,85.117,0.399640,-1,-1,-1
479,110,561.368,448.102,35.932,79.730,0.831422,-1,-1,-1
479,98,308.606,449.782,50.715,119.243,0.520377,-1,-1,-1
479,111,716.046,448.055,32.193,79.578,0.765489,-1,-1,-1
479,112,551.364,447.200,34.715,79.180,0.711829,-1,-1,-1
479,113,690.849,455.413,30.427,70.740,0.696700,-1,-1,-1
479,106,526.380,449.074,36.030,79.160,0.855830,-1,-1,-1
479,77,854.789,415.068,141.553,282.959,0.601251,-1,-1,-1
479,56,742.642,444.697,31.716,84.630,0.762902,-1,-1,-1
479,87,602.486,448.800,39.880,84.139,0.602103,-1,-1,-1
479,114,1157.178,438.000,32.702,89.744,0.716218,-1,-1,-1
479,96,895.114,430.470,108.842,245.037,0.868122,-1,-1,-1
480,95,-1.900,365.149,265.946,707.842,0.894797,-1,-1,-1
480,65,1835.612,405.145,83.279,253.491,0.738029,-1,-1,-1
480,94,1523.889,411.673,218.394,417.742,0.957732,-1,-1,-1
480,93,1318.501,405.746,154.186,561.358,0.833745,-1,-1,-1
480,12,1335.070,384.436,260.425,693.329,0.947572,-1,-1,-1
480,51,1161.551,414.499,182.017,591.741,0.939032,-1,-1,-1
480,100,1012.296,452.404,34.773,70.998,0.449763,-1,-1,-1
480,72,837.605,408.399,93.263,291.276,0.900520,-1,-1,-1
480,80,749.456,427.415,118.923,298.445,0.933600,-1,-1,-1
480,104,1675.684,429.744,114.191,166.063,0.560308,-1,-1,-1
480,85,603.697,432.877,120.873,267.368,0.928365,-1,-1,-1
480,105,1055.351,444.574,38.554,96.470,0.614635,-1,-1,-1
480,99,397.870,476.433,106.903,188.865,0.887421,-1,-1,-1
480,32,463.034,448.974,38.182,77.460,0.627984,-1,-1,-1
480,97,356.200,477.793,96.709,169.111,0.656580,-1,-1,-1
480,86,677.316,448.464,35.576,85.018,0.469723,-1,-1,-1
480,108,1083.951,433.717,69.232,158.744,0.888681,-1,-1,-1
480,91,376.894,460.184,37.669,76.405,0.312329,-1,-1,-1
480,110,565.922,449.070,37.105,81.901,0.517185,-1,-1,-1
480,98,310.582,450.394,50.643,117.841,0.425304,-1,-1,-1
480,111,711.458,447.866,34.517,80.681,0.781873,-1,-1,-1
480,112,555.966,447.979,37.629,83.007,0.841754,-1,-1,-1
480,113,694.940,453.525,31.715,73.465,0.655752,-1,-1,-1
480,106,525.959,449.127,36.617,79.227,0.847019,-1,-1,-1
480,56,743.027,445.037,33.990,84.627,0.797903,-1,-1,-1
480,87,600.729,450.024,36.989,82.761,0.651103,-1,-1,-1
480,114,1159.240,436.801,32.407,89.958,0.651483,-1,-1,-1
480,96,896.842,429.737,108.701,257.600,0.904503,-1,-1,-1
481,95,-1.993,360.142,236.844,711.760,0.858298,-1,-1,-1
481,65,1831.702,397.378,88.008,258.719,0.865073,-1,-1,-1
481,94,1527.767,412.775,224.859,417.715,0.953492,-1,-1,-1
481,93,1321.936,404.956,160.676,559.774,0.861375,-1,-1,-1
481,12,1338.768,384.339,273.710,695.110,0.946940,-1,-1,-1
481,51,1166.565,416.738,179.739,590.734,0.940017,-1,-1,-1
481,100,1010.172,451.728,38.154,75.815,0.386105,-1,-1,-1
481,72,837.289,406.786,91.701,292.629,0.899918,-1,-1,-1
481,80,757.392,432.065,117.220,291.873,0.907931,-1,-1,-1
481,104,1674.194,427.991,117.087,194.225,0.687314,-1,-1,-1
481,85,607.133,433.464,120.774,268.708,0.935406,-1,-1,-1
481,105,1053.777,440.809,39.878,99.694,0.626658,-1,-1,-1
481,99,385.268,483.101,112.210,185.164,0.902847,-1,-1,-1
481,32,462.082,447.624,39.447,84.746,0.595133,-1,-1,-1
481,97,350.481,492.122,85.828,146.087,0.473630,-1,-1,-1
481,86,674.093,443.531,39.439,92.491,0.375638,-1,-1,-1
481,108,1085.463,432.138,67.244,161.072,0.871179,-1,-1,-1
481,91,375.923,457.790,35.736,73.340,0.347982,-1,-1,-1
481,110,570.742,449.353,34.051,75.918,0.395813,-1,-1,-1
481,98,313.519,451.853,49.577,113.088,0.321162,-1,-1,-1
481,111,708.758,449.373,35.853,80.580,0.785128,-1,-1,-1
481,112,558.426,447.848,38.087,83.213,0.850878,-1,-1,-1
481,113,697.661,452.869,33.031,75.449,0.686608,-1,-1,-1
481,106,525.654,447.191,37.352,81.726,0.853272,-1,-1,-1
481,56,741.682,445.436,39.697,90.119,0.781678,-1,-1,-1
481,87,606.576,449.574,34.607,75.219,0.664884,-1,-1,-1
481,114,1158.700,437.307,33.029,89.576,0.668620,-1,-1,-1
481,96,898.251,430.007,111.356,261.474,0.913568,-1,-1,-1
481,81,743.422,444.867,55.358,128.779,0.739036,-1,-1,-1
482,95,-1.625,377.936,221.095,696.309,0.884105,-1,-1,-1
482,65,1834.471,385.344,85.191,279.355,0.641184,-1,-1,-1
482,94,1528.335,412.456,224.963,421.238,0.953019,-1,-1,-1
482,93,1323.569,405.418,162.629,551.540,0.879873,-1,-1,-1
482,12,1347.563,386.341,278.347,693.291,0.952250,-1,-1,-1
482,51,1171.703,413.881,176.526,587.051,0.947349,-1,-1,-1
482,100,1014.938,452.456,35.340,74.725,0.388960,-1,-1,-1
482,72,838.432,407.383,89.184,292.181,0.905231,-1,-1,-1
482,80,759.346,430.417,121.493,290.632,0.913775,-1,-1,-1
482,104,1675.251,428.650,115.781,198.797,0.714671,-1,-1,-1
482,85,612.310,433.606,117.721,265.614,0.944119,-1,-1,-1
482,105,1048.800,441.699,42.124,108.236,0.632440,-1,-1,-1
482,99,367.028,480.732,127.879,190.587,0.881722,-1,-1,-1
482,32,459.589,452.368,39.791,86.470,0.682226,-1,-1,-1
482,97,344.578,489.289,91.224,155.085,0.482179,-1,-1,-1
482,86,676.169,444.138,42.271,92.860,0.281322,-1,-1,-1
482,108,1090.331,434.995,63.565,159.419,0.872207,-1,-1,-1
482,91,377.525,460.355,33.835,62.231,0.252151,-1,-1,-1
482,110,571.199,449.931,33.524,73.776,0.533334,-1,-1,-1
482,98,314.293,448.234,49.486,116.554,0.329618,-1,-1,-1
482,111,707.028,452.367,36.961,77.110,0.777822,-1,-1,-1
482,112,560.392,448.032,38.117,81.949,0.858688,-1,-1,-1
482,113,692.969,451.271,39.392,100.223,0.130617,-1,-1,-1
482,106,525.119,447.854,37.140,79.122,0.866577,-1,-1,-1
482,56,741.715,448.878,37.771,85.690,0.758951,-1,-1,-1
482,87,607.634,447.756,36.070,76.013,0.623887,-1,-1,-1
482,114,1158.246,439.025,35.499,87.327,0.634841,-1,-1,-1
482,96,898.776,431.055,111.942,260.990,0.923269,-1,-1,-1
482,81,744.636,449.027,50.857,119.731,0.617702,-1,-1,-1
483,95,-1.340,435.013,204.401,641.424,0.884436,-1,-1,-1
483,65,1835.293,393.728,84.740,265.483,0.510104,-1,-1,-1
483,94,1541.804,417.750,212.360,412.603,0.925959,-1,-1,-1
483,93,1325.932,402.254,164.630,549.625,0.860142,-1,-1,-1
483,12,1349.576,389.377,289.746,689.753,0.941671,-1,-1,-1
483,51,1178.004,415.332,172.981,588.874,0.941291,-1,-1,-1
483,100,1015.071,450.647,32.935,73.861,0.361209,-1,-1,-1
483,72,842.901,407.827,86.208,290.800,0.908993,-1,-1,-1
483,80,755.927,425.397,128.570,298.835,0.932174,-1,-1,-1
483,104,1679.782,429.901,110.961,202.938,0.729156,-1,-1,-1
483,85,614.518,432.977,118.201,263.237,0.946281,-1,-1,-1
483,105,1045.106,441.114,47.361,122.212,0.634471,-1,-1,-1
483,99,358.438,475.147,134.726,197.744,0.918430,-1,-1,-1
483,32,459.908,452.409,43.270,87.296,0.528429,-1,-1,-1
483,97,336.165,490.997,98.340,163.941,0.360528,-1,-1,-1
483,86,678.115,439.186,44.512,93.334,0.275001,-1,-1,-1
483,108,1091.601,435.071,62.075,158.878,0.868197,-1,-1,-1
483,110,575.778,451.340,30.770,67.927,0.444957,-1,-1,-1
483,98,320.241,451.548,42.409,100.754,0.121092,-1,-1,-1
483,111,706.551,453.199,37.338,76.897,0.768759,-1,-1,-1
483,112,560.067,449.214,38.275,80.196,0.854044,-1,-1,-1
483,113,692.299,446.297,42.584,107.407,0.297868,-1,-1,-1
483,106,525.373,449.660,36.187,75.921,0.847084,-1,-1,-1
483,56,740.442,448.536,37.487,87.672,0.775960,-1,-1,-1
483,87,608.895,449.240,36.063,70.979,0.598551,-1,-1,-1
483,114,1156.528,438.831,35.805,87.797,0.708583,-1,-1,-1
483,81,743.411,447.513,50.203,114.987,0.642477,-1,-1,-1
483,115,1300.022,407.905,52.102,134.390,0.650066,-1,-1,-1
483,77,897.985,430.616,112.288,256.887,0.921114,-1,-1,-1
484,95,-0.649,492.949,174.546,524.787,0.797082,-1,-1,-1
484,65,1840.739,402.320,79.387,252.538,0.538716,-1,-1,-1
484,94,1550.567,418.624,214.463,417.676,0.947503,-1,-1,-1
484,93,1327.484,414.388,162.235,533.339,0.877393,-1,-1,-1
484,12,1354.194,384.674,297.943,688.913,0.953755,-1,-1,-1
484,51,1182.361,415.755,175.082,584.159,0.944893,-1,-1,-1
484,100,1016.498,451.108,30.917,74.362,0.319921,-1,-1,-1
484,72,848.070,409.702,81.919,285.495,0.909342,-1,-1,-1
484,80,771.592,425.119,113.474,300.503,0.916087,-1,-1,-1
484,104,1677.923,427.399,113.801,211.060,0.595243,-1,-1,-1
484,85,616.232,434.195,118.850,259.476,0.934627,-1,-1,-1
484,105,1048.191,446.157,44.284,111.705,0.607949,-1,-1,-1
484,99,352.194,473.800,139.201,203.074,0.910696,-1,-1,-1
484,32,454.034,452.922,49.791,96.556,0.665477,-1,-1,-1
484,97,332.694,482.013,104.844,168.189,0.551541,-1,-1,-1
484,86,679.052,438.622,43.587,89.803,0.285246,-1,-1,-1
484,108,1092.894,436.421,61.486,157.061,0.875411,-1,-1,-1
484,110,575.754,451.098,30.798,67.361,0.472439,-1,-1,-1
484,98,318.655,452.776,42.503,86.438,0.125028,-1,-1,-1
484,111,703.119,450.758,39.233,83.895,0.691905,-1,-1,-1
484,112,560.195,448.432,38.842,80.685,0.858468,-1,-1,-1
484,113,691.029,445.595,48.336,115.578,0.574676,-1,-1,-1
484,106,528.306,448.482,34.801,77.297,0.828653,-1,-1,-1
484,56,741.037,444.979,36.861,94.720,0.206612,-1,-1,-1
484,87,612.381,449.955,33.504,57.765,0.519723,-1,-1,-1
484,114,1155.413,439.368,36.071,90.156,0.658938,-1,-1,-1
484,81,739.272,444.126,50.007,130.185,0.868852,-1,-1,-1
484,115,1296.028,408.057,52.956,137.561,0.594862,-1,-1,-1
484,77,900.955,436.088,113.033,251.183,0.915422,-1,-1,-1
484,101,7.311,526.875,104.903,193.223,0.830716,-1,-1,-1
485,95,-0.705,518.243,150.795,542.140,0.886332,-1,-1,-1
485,65,1835.388,407.715,84.694,246.976,0.695881,-1,-1,-1
485,94,1562.797,416.946,206.718,421.950,0.949950,-1,-1,-1
485,93,1328.834,423.229,155.247,520.235,0.872860,-1,-1,-1
485,12,1360.029,388.330,295.659,687.718,0.960840,-1,-1,-1
485,51,1187.638,417.229,170.459,586.876,0.943411,-1,-1,-1
485,100,1014.128,449.373,31.354,78.468,0.284922,-1,-1,-1
485,72,851.901,413.261,80.365,276.089,0.900772,-1,-1,-1
485,80,769.647,425.605,121.793,298.203,0.924511,-1,-1,-1
485,104,1680.981,430.364,110.866,212.407,0.591487,-1,-1,-1
485,85,619.899,431.461,123.536,262.036,0.942751,-1,-1,-1
485,105,1049.027,446.192,45.182,117.470,0.589804,-1,-1,-1
485,99,345.804,471.175,132.527,207.457,0.895907,-1,-1,-1
485,32,454.845,453.566,48.389,95.261,0.719855,-1,-1,-1
485,97,326.397,493.237,98.697,159.408,0.338451,-1,-1,-1
485,86,679.561,433.548,46.762,99.796,0.342427,-1,-1,-1
485,108,1094.128,435.508,59.492,157.298,0.857576,-1,-1,-1
485,110,576.411,450.884,30.400,65.456,0.465723,-1,-1,-1
485,98,318.882,451.971,38.211,76.093,0.132503,-1,-1,-1
485,111,702.363,450.106,41.271,93.599,0.637032,-1,-1,-1
485,112,559.602,448.974,39.334,79.954,0.858482,-1,-1,-1
485,113,688.227,440.795,54.665,128.862,0.521517,-1,-1,-1
485,106,529.763,448.309,34.254,77.839,0.829283,-1,-1,-1
485,56,739.821,443.048,36.761,98.527,0.125054,-1,-1,-1
485,87,613.511,449.614,33.598,56.695,0.562363,-1,-1,-1
485,114,1155.832,442.695,34.466,84.152,0.658751,-1,-1,-1
485,81,735.121,442.824,51.183,135.095,0.881934,-1,-1,-1
485,115,1298.479,412.326,49.092,141.568,0.432546,-1,-1,-1
485,77,905.459,435.153,106.555,247.851,0.902727,-1,-1,-1
485,101,2.385,522.834,101.303,199.189,0.735769,-1,-1,-1
486,95,-0.556,519.153,127.869,511.586,0.847850,-1,-1,-1
486,65,1837.554,406.219,82.560,249.680,0.517328,-1,-1,-1
486,94,1573.708,416.109,197.809,424.511,0.953425,-1,-1,-1
486,93,1330.736,420.479,153.622,532.611,0.885677,-1,-1,-1
486,12,1359.627,387.683,299.757,690.984,0.953397,-1,-1,-1
486,51,1193.541,414.605,170.257,594.580,0.944316,-1,-1,-1
486,100,1012.782,452.332,37.481,86.293,0.360051,-1,-1,-1
486,72,852.808,413.095,78.186,279.615,0.889805,-1,-1,-1
486,80,769.842,426.260,129.232,296.990,0.915526,-1,-1,-1
486,104,1684.110,430.413,106.914,212.484,0.442574,-1,-1,-1
486,85,621.762,427.164,130.052,268.102,0.942693,-1,-1,-1
486,105,1052.529,442.340,46.234,124.570,0.557288,-1,-1,-1
486,99,339.784,475.065,127.404,197.806,0.879555,-1,-1,-1
486,32,454.863,454.936,48.486,96.105,0.690963,-1,-1,-1
486,97,316.814,494.177,92.926,150.015,0.511615,-1,-1,-1
486,86,678.827,428.823,52.533,115.775,0.311840,-1,-1,-1
486,108,1092.712,438.269,61.466,154.687,0.845707,-1,-1,-1
486,110,576.559,450.733,30.389,66.006,0.453960,-1,-1,-1
486,98,322.204,450.359,32.033,60.692,0.144901,-1,-1,-1
486,111,702.753,447.455,42.691,106.014,0.559023,-1,-1,-1
486,112,559.109,450.017,39.642,79.950,0.866103,-1,-1,-1
486,113,688.722,437.603,55.890,135.699,0.477553,-1,-1,-1
486,106,529.935,449.486,33.455,78.211,0.836604,-1,-1,-1
486,87,615.552,449.307,32.472,55.303,0.466795,-1,-1,-1
486,114,1156.988,444.061,37.656,85.565,0.606710,-1,-1,-1
486,81,732.579,441.004,52.676,136.287,0.872441,-1,-1,-1
486,115,1297.993,418.330,47.488,137.127,0.117815,-1,-1,-1
486,77,905.398,432.638,105.665,248.461,0.920704,-1,-1,-1
486,101,-1.355,517.025,94.195,199.606,0.472642,-1,-1,-1
487,95,-0.331,547.480,106.699,462.781,0.867941,-1,-1,-1
487,65,1836.519,391.973,83.667,269.733,0.606046,-1,-1,-1
487,94,1579.912,411.861,193.264,434.870,0.941073,-1,-1,-1
487,93,1334.260,419.296,152.721,543.269,0.878628,-1,-1,-1
487,12,1359.646,386.358,303.121,692.242,0.956489,-1,-1,-1
487,51,1195.793,413.026,174.340,597.053,0.939528,-1,-1,-1
487,100,1012.050,448.891,34.432,84.975,0.279617,-1,-1,-1
487,72,846.821,413.004,87.601,280.695,0.859991,-1,-1,-1
487,80,774.468,427.842,134.908,294.698,0.906602,-1,-1,-1
487,104,1686.105,428.814,104.153,205.426,0.579534,-1,-1,-1
487,85,628.422,427.529,128.667,270.314,0.946350,-1,-1,-1
487,105,1061.404,445.040,42.468,112.560,0.506750,-1,-1,-1
487,99,325.882,475.422,136.255,200.204,0.909743,-1,-1,-1
487,32,455.112,453.953,49.043,99.768,0.745204,-1,-1,-1
487,97,311.920,487.739,95.013,150.426,0.264993,-1,-1,-1
487,86,686.816,435.172,50.965,117.963,0.449740,-1,-1,-1
487,108,1092.252,431.067,64.557,158.233,0.799738,-1,-1,-1
487,98,321.536,449.157,32.250,58.778,0.175012,-1,-1,-1
487,111,703.747,445.212,40.919,102.864,0.434779,-1,-1,-1
487,112,559.828,450.420,40.420,79.482,0.864602,-1,-1,-1
487,113,685.128,434.426,64.441,142.595,0.342148,-1,-1,-1
487,106,530.605,452.835,32.493,73.940,0.822888,-1,-1,-1
487,87,618.603,447.742,30.530,54.799,0.251932,-1,-1,-1
487,114,1158.336,443.934,37.562,88.286,0.652268,-1,-1,-1
487,81,731.605,442.799,52.398,130.620,0.875197,-1,-1,-1
487,115,1295.254,432.603,49.456,125.638,0.374319,-1,-1,-1
487,77,908.862,430.333,102.751,251.751,0.893303,-1,-1,-1
487,101,-1.828,520.175,86.004,185.562,0.647128,-1,-1,-1
488,95,-0.286,518.163,78.000,477.391,0.565050,-1,-1,-1
488,65,1838.779,395.864,81.311,262.624,0.534526,-1,-1,-1
488,94,1590.388,409.240,184.670,431.733,0.937044,-1,-1,-1
488,93,1334.501,415.042,161.633,545.141,0.881151,-1,-1,-1
488,12,1360.531,385.724,311.611,692.935,0.958939,-1,-1,-1
488,51,1197.732,413.984,190.522,596.828,0.929093,-1,-1,-1
488,100,1016.515,446.973,32.595,80.304,0.377970,-1,-1,-1
488,72,848.920,425.297,86.296,264.775,0.744968,-1,-1,-1
488,80,776.427,430.967,145.630,291.716,0.920826,-1,-1,-1
488,104,1686.863,428.354,103.002,203.653,0.630040,-1,-1,-1
488,85,632.833,432.605,129.339,265.643,0.941697,-1,-1,-1
488,105,1054.588,445.607,39.369,96.890,0.604564,-1,-1,-1
488,99,319.560,474.032,133.949,200.352,0.898351,-1,-1,-1
488,32,453.720,453.454,49.004,99.364,0.756315,-1,-1,-1
488,97,305.591,499.151,92.500,144.921,0.122880,-1,-1,-1
488,86,681.803,431.005,58.253,124.095,0.295149,-1,-1,-1
488,108,1096.515,428.694,61.430,153.931,0.798443,-1,-1,-1
488,98,321.944,449.065,33.180,58.665,0.189950,-1,-1,-1
488,111,701.915,441.428,46.667,117.671,0.198525,-1,-1,-1
488,112,561.001,450.923,39.694,78.892,0.853885,-1,-1,-1
488,106,530.728,453.890,32.626,72.879,0.818687,-1,-1,-1
488,87,621.866,451.202,32.580,61.761,0.597208,-1,-1,-1
488,114,1158.682,443.535,35.803,90.145,0.636188,-1,-1,-1
488,81,731.705,438.831,49.834,132.240,0.793165,-1,-1,-1
488,115,1294.638,435.132,52.050,134.856,0.134553,-1,-1,-1
488,77,907.048,431.513,104.299,249.675,0.902097,-1,-1,-1
488,101,-2.089,523.714,74.335,165.890,0.692954,-1,-1,-1
489,95,-0.142,526.756,54.486,475.781,0.459512,-1,-1,-1
489,65,1838.964,390.809,80.805,272.815,0.668055,-1,-1,-1
489,94,1598.571,409.536,176.312,430.217,0.940799,-1,-1,-1
489,93,1336.967,420.013,168.060,536.337,0.872511,-1,-1,-1
489,12,1360.912,380.901,322.981,693.690,0.956519,-1,-1,-1
489,51,1201.404,410.183,194.536,600.615,0.930736,-1,-1,-1
489,100,1023.629,449.682,33.216,82.101,0.645399,-1,-1,-1
489,72,855.538,418.315,79.392,260.241,0.797207,-1,-1,-1
489,80,785.456,430.583,146.422,293.442,0.922297,-1,-1,-1
489,104,1686.526,423.422,101.293,209.224,0.590363,-1,-1,-1
489,85,635.597,432.733,125.509,267.292,0.952533,-1,-1,-1
489,105,1057.750,443.023,37.405,99.704,0.626193,-1,-1,-1
489,99,316.171,476.118,131.875,203.460,0.921023,-1,-1,-1
489,32,454.216,455.259,47.976,95.837,0.693485,-1,-1,-1
489,97,298.504,502.472,87.770,124.030,0.169594,-1,-1,-1
489,86,685.750,432.494,53.486,129.925,0.338748,-1,-1,-1
489,108,1102.786,429.647,55.443,148.618,0.780436,-1,-1,-1
489,98,322.571,448.960,33.289,59.182,0.161085,-1,-1,-1
489,111,705.664,442.517,42.477,118.838,0.224239,-1,-1,-1
489,112,561.335,450.639,39.675,79.359,0.865195,-1,-1,-1
489,106,531.044,455.208,32.413,72.873,0.833587,-1,-1,-1
489,87,624.267,452.196,32.118,58.335,0.599553,-1,-1,-1
489,114,1160.943,441.370,33.373,88.670,0.569519,-1,-1,-1
489,81,731.129,439.517,50.190,134.449,0.881219,-1,-1,-1
489,77,919.145,427.250,94.229,254.173,0.916336,-1,-1,-1
489,101,-1.718,525.648,66.647,164.505,0.862520,-1,-1,-1
489,92,410.388,460.969,60.915,108.475,0.775241,-1,-1,-1
490,95,-0.055,564.539,32.323,363.093,0.100051,-1,-1,-1
490,65,1844.503,389.615,75.455,265.984,0.404233,-1,-1,-1
490,94,1605.155,404.705,176.628,439.844,0.956059,-1,-1,-1
490,93,1339.419,420.889,181.134,544.298,0.888623,-1,-1,-1
490,12,1360.294,389.987,331.350,688.122,0.939201,-1,-1,-1
490,51,1202.129,411.707,194.716,598.406,0.931455,-1,-1,-1
490,100,1026.069,447.053,38.796,92.680,0.662957,-1,-1,-1
490,72,853.991,423.341,80.633,243.038,0.802840,-1,-1,-1
490,80,789.984,441.679,146.157,283.051,0.915045,-1,-1,-1
490,104,1688.334,416.260,101.771,217.167,0.473920,-1,-1,-1
490,85,636.877,431.945,126.496,269.825,0.952854,-1,-1,-1
490,105,1053.150,441.076,45.185,114.991,0.720166,-1,-1,-1
490,99,305.006,482.536,134.218,199.805,0.892226,-1,-1,-1
490,32,454.249,456.577,48.214,94.073,0.734762,-1,-1,-1
490,97,291.960,504.406,81.110,116.383,0.241001,-1,-1,-1
490,86,689.715,434.649,50.200,132.464,0.204378,-1,-1,-1
490,108,1100.479,429.012,58.614,153.312,0.826209,-1,-1,-1
490,98,322.855,450.644,34.910,63.763,0.256432,-1,-1,-1
490,111,706.831,440.674,45.218,130.025,0.177937,-1,-1,-1
490,112,560.869,450.519,40.297,78.830,0.861892,-1,-1,-1
490,106,530.830,453.715,32.859,73.594,0.823956,-1,-1,-1
490,87,623.408,453.465,31.731,57.360,0.632030,-1,-1,-1
490,114,1161.999,439.932,33.465,88.222,0.592624,-1,-1,-1
490,81,729.902,439.797,50.571,134.488,0.874692,-1,-1,-1
490,77,925.242,430.458,92.076,250.774,0.895336,-1,-1,-1
490,101,-1.333,528.716,55.641,163.242,0.855882,-1,-1,-1
490,117,1082.446,440.731,53.706,149.872,0.717494,-1,-1,-1
490,92,409.755,463.116,61.097,105.081,0.810434,-1,-1,-1
491,65,1839.285,391.114,80.231,273.463,0.762133,-1,-1,-1
491,94,1611.322,405.069,177.131,441.817,0.954383,-1,-1,-1
491,93,1345.031,413.339,181.488,543.813,0.890808,-1,-1,-1
491,12,1361.049,386.960,349.058,691.048,0.953266,-1,-1,-1
491,51,1205.210,410.943,193.190,598.198,0.935453,-1,-1,-1
491,100,1026.940,449.903,39.645,89.162,0.443670,-1,-1,-1
491,72,855.571,418.449,77.835,218.219,0.753863,-1,-1,-1
491,80,795.369,442.222,146.597,284.118,0.937961,-1,-1,-1
491,104,1685.056,410.833,107.418,227.619,0.385885,-1,-1,-1
491,85,638.553,433.104,124.490,266.619,0.953211,-1,-1,-1
491,105,1054.706,442.412,44.843,115.315,0.489888,-1,-1,-1
491,99,296.212,485.634,144.934,202.035,0.904950,-1,-1,-1
491,32,455.357,458.554,49.107,90.357,0.666406,-1,-1,-1
491,97,286.364,505.287,88.705,135.041,0.271071,-1,-1,-1
491,86,691.532,435.244,46.524,130.807,0.176462,-1,-1,-1
491,108,1102.993,432.294,57.600,149.079,0.747290,-1,-1,-1
491,98,322.164,454.653,34.520,65.417,0.310517,-1,-1,-1
491,111,708.753,438.686,44.738,135.456,0.191881,-1,-1,-1
491,112,561.266,449.845,40.091,79.623,0.851312,-1,-1,-1
491,106,531.074,453.049,33.274,73.939,0.813298,-1,-1,-1
491,87,621.928,453.874,31.005,57.914,0.611521,-1,-1,-1
491,114,1162.169,439.407,33.491,88.998,0.659643,-1,-1,-1
491,81,728.934,440.562,51.604,135.563,0.886150,-1,-1,-1
491,77,933.955,429.009,90.480,251.271,0.847438,-1,-1,-1
491,101,-0.954,531.523,45.222,170.085,0.857160,-1,-1,-1
491,117,1084.316,437.201,62.386,151.132,0.655345,-1,-1,-1
491,92,411.309,463.002,57.790,105.567,0.825020,-1,-1,-1
492,65,1839.891,396.930,80.025,262.303,0.478139,-1,-1,-1
492,94,1623.663,398.690,165.148,454.130,0.936783,-1,-1,-1
492,93,1343.682,414.696,191.438,538.758,0.867324,-1,-1,-1
492,12,1364.463,384.904,351.270,693.894,0.953449,-1,-1,-1
492,51,1207.307,411.609,195.373,596.958,0.933650,-1,-1,-1
492,100,1028.828,450.083,35.843,82.627,0.444418,-1,-1,-1
492,72,855.825,412.147,79.648,214.590,0.769716,-1,-1,-1
492,80,797.873,443.746,149.096,282.130,0.942436,-1,-1,-1
492,104,1687.675,415.087,104.508,225.263,0.189781,-1,-1,-1
492,85,640.471,432.690,124.253,267.878,0.948878,-1,-1,-1
492,105,1057.390,441.625,41.063,106.903,0.520203,-1,-1,-1
492,99,291.956,481.395,133.036,209.317,0.913668,-1,-1,-1
492,32,454.632,458.614,50.656,91.554,0.703939,-1,-1,-1
492,97,281.227,505.727,79.098,137.772,0.366054,-1,-1,-1
492,86,692.658,432.837,44.385,132.352,0.197586,-1,-1,-1
492,108,1104.154,436.084,57.592,147.612,0.756552,-1,-1,-1
492,98,320.931,456.188,34.877,71.436,0.256360,-1,-1,-1
492,112,567.934,452.561,34.850,75.621,0.821038,-1,-1,-1
492,106,531.437,453.748,32.705,73.804,0.802762,-1,-1,-1
492,87,622.664,454.949,31.113,60.548,0.642493,-1,-1,-1
492,114,1163.625,440.562,33.802,88.267,0.543147,-1,-1,-1
492,81,727.511,440.038,50.043,136.348,0.882500,-1,-1,-1
492,77,940.305,430.606,92.565,248.702,0.913657,-1,-1,-1
492,101,-0.578,515.781,36.306,189.787,0.732182,-1,-1,-1
492,117,1086.807,435.835,59.905,152.077,0.648079,-1,-1,-1
492,92,410.694,462.469,57.877,107.442,0.812727,-1,-1,-1
493,65,1838.659,397.180,81.431,259.914,0.505341,-1,-1,-1
493,94,1626.455,400.425,165.614,459.831,0.932758,-1,-1,-1
493,93,1350.585,411.491,182.220,540.394,0.889433,-1,-1,-1
493,12,1370.565,394.385,354.929,683.802,0.960717,-1,-1,-1
493,51,1209.614,414.685,197.802,591.559,0.936804,-1,-1,-1
493,100,1029.078,446.477,34.451,85.735,0.496150,-1,-1,-1
493,72,853.828,416.514,80.819,215.239,0.459891,-1,-1,-1
493,80,800.048,434.546,146.444,288.689,0.933228,-1,-1,-1
493,104,1679.607,405.930,111.645,232.699,0.321379,-1,-1,-1
493,85,646.556,432.229,121.552,269.937,0.945255,-1,-1,-1
493,105,1053.173,438.951,46.006,123.943,0.552563,-1,-1,-1
493,99,289.727,482.690,123.415,205.408,0.892566,-1,-1,-1
493,32,453.926,458.628,54.559,92.516,0.679951,-1,-1,-1
493,97,273.207,507.019,73.198,135.683,0.449379,-1,-1,-1
493,86,692.579,429.952,43.809,133.083,0.266755,-1,-1,-1
493,108,1099.515,433.593,62.347,151.852,0.785997,-1,-1,-1
493,98,320.817,456.057,33.545,66.654,0.344713,-1,-1,-1
493,112,567.599,452.490,34.660,77.251,0.822130,-1,-1,-1
493,106,531.795,453.541,33.219,74.827,0.806569,-1,-1,-1
493,87,622.270,453.449,32.060,65.250,0.707862,-1,-1,-1
493,114,1162.811,441.308,35.287,87.569,0.532157,-1,-1,-1
493,81,724.466,439.560,50.817,136.527,0.862890,-1,-1,-1
493,77,944.206,431.521,98.558,247.651,0.903500,-1,-1,-1
493,101,-0.150,521.135,27.052,183.335,0.646491,-1,-1,-1
493,117,1077.423,429.934,64.775,159.749,0.775954,-1,-1,-1
493,92,410.525,461.715,58.603,108.231,0.829708,-1,-1,-1
493,119,552.259,452.034,33.584,76.124,0.681530,-1,-1,-1
494,65,1840.602,395.611,79.403,261.536,0.557047,-1,-1,-1
494,94,1625.421,401.701,166.446,456.624,0.921293,-1,-1,-1
494,93,1350.505,406.210,185.451,559.759,0.876003,-1,-1,-1
494,12,1372.062,386.486,370.976,689.456,0.954802,-1,-1,-1
494,51,1210.646,414.629,201.289,590.719,0.932175,-1,-1,-1
494,100,1028.722,442.304,35.318,100.898,0.535679,-1,-1,-1
494,72,866.520,433.070,66.633,163.309,0.219767,-1,-1,-1
494,80,806.093,430.043,142.402,292.085,0.937244,-1,-1,-1
494,104,1676.935,407.444,115.130,253.982,0.485920,-1,-1,-1
494,85,649.023,432.595,121.331,269.610,0.942779,-1,-1,-1
494,105,1053.268,435.339,43.933,126.998,0.556087,-1,-1,-1
494,99,275.545,479.849,128.381,216.418,0.897579,-1,-1,-1
494,32,453.941,458.526,52.223,92.513,0.691022,-1,-1,-1
494,97,267.510,506.623,70.896,117.768,0.129332,-1,-1,-1
494,86,692.862,431.505,43.707,133.157,0.181949,-1,-1,-1
494,108,1088.290,431.184,68.665,157.647,0.851887,-1,-1,-1
494,98,317.516,454.703,35.492,67.355,0.221942,-1,-1,-1
494,112,569.304,452.878,33.465,76.777,0.826404,-1,-1,-1
494,106,531.406,454.994,33.137,73.070,0.802618,-1,-1,-1
494,87,623.554,453.230,33.146,69.537,0.704745,-1,-1,-1
494,114,1161.373,440.660,35.376,88.874,0.656711,-1,-1,-1
494,81,724.440,441.584,47.907,133.560,0.826045,-1,-1,-1
494,77,950.715,431.312,96.355,246.338,0.893711,-1,-1,-1
494,101,-0.106,501.328,23.842,214.282,0.196227,-1,-1,-1
494,117,1077.315,434.534,57.364,148.741,0.440493,-1,-1,-1
494,92,411.889,460.931,56.091,106.793,0.815983,-1,-1,-1
494,119,554.367,452.852,33.483,74.943,0.684789,-1,-1,-1
495,65,1840.045,396.224,80.006,261.566,0.517434,-1,-1,-1
495,94,1629.114,399.085,174.926,463.249,0.924538,-1,-1,-1
495,93,1342.217,408.451,212.834,580.255,0.866802,-1,-1,-1
495,12,1372.190,380.925,379.356,693.698,0.951874,-1,-1,-1
495,51,1207.026,414.813,208.142,589.948,0.933232,-1,-1,-1
495,100,1024.020,437.695,46.659,123.839,0.582427,-1,-1,-1
495,72,869.391,431.409,65.379,162.294,0.185390,-1,-1,-1
495,80,811.169,422.262,140.274,302.115,0.948327,-1,-1,-1
495,104,1686.155,404.440,105.171,236.951,0.209974,-1,-1,-1
495,85,651.439,434.319,119.191,267.696,0.953173,-1,-1,-1
495,105,1052.149,435.477,45.108,131.805,0.444165,-1,-1,-1
495,99,265.286,481.603,134.442,216.347,0.864437,-1,-1,-1
495,32,454.223,459.121,49.837,90.877,0.660374,-1,-1,-1
495,97,258.270,504.878,72.110,120.892,0.381190,-1,-1,-1
495,86,688.604,433.870,41.206,125.632,0.143434,-1,-1,-1
495,108,1078.500,425.771,75.013,165.368,0.788272,-1,-1,-1
495,98,320.801,455.444,34.443,60.571,0.329436,-1,-1,-1
495,112,570.216,452.021,33.153,78.901,0.833309,-1,-1,-1
495,106,531.444,455.020,32.694,72.004,0.775632,-1,-1,-1
495,87,624.030,454.334,31.837,67.504,0.682976,-1,-1,-1
495,114,1163.178,442.680,36.243,87.290,0.532423,-1,-1,-1
495,81,721.473,442.261,49.827,135.356,0.831962,-1,-1,-1
495,77,953.678,430.929,99.479,248.331,0.908599,-1,-1,-1
495,117,1065.409,434.010,67.826,139.627,0.111354,-1,-1,-1
495,92,412.551,462.190,54.461,105.071,0.822225,-1,-1,-1
495,119,551.502,451.208,33.030,77.089,0.670444,-1,-1,-1
496,65,1838.311,399.938,81.072,283.428,0.528755,-1,-1,-1
496,94,1635.097,399.018,180.436,473.822,0.919231,-1,-1,-1
496,93,1345.525,404.481,222.415,578.498,0.876666,-1,-1,-1
496,12,1381.393,379.982,385.412,693.069,0.958238,-1,-1,-1
496,51,1205.668,415.610,220.985,590.377,0.946913,-1,-1,-1
496,100,1020.072,433.958,52.280,131.416,0.582613,-1,-1,-1
496,72,873.093,451.485,57.497,132.929,0.187625,-1,-1,-1
496,80,815.285,430.126,136.725,294.661,0.936009,-1,-1,-1
496,85,653.554,436.068,117.731,264.672,0.948807,-1,-1,-1
496,105,1048.870,431.332,47.873,131.884,0.296426,-1,-1,-1
496,99,256.071,477.326,133.645,217.443,0.884558,-1,-1,-1
496,32,455.134,459.101,49.918,90.877,0.662933,-1,-1,-1
496,97,250.620,493.879,71.586,106.278,0.154909,-1,-1,-1
496,108,1082.615,427.691,73.507,161.264,0.710327,-1,-1,-1
496,98,322.816,456.362,31.544,61.889,0.339929,-1,-1,-1
496,112,570.030,450.611,33.414,80.291,0.833252,-1,-1,-1
496,106,531.794,455.152,31.661,71.125,0.771164,-1,-1,-1
496,87,625.014,455.903,31.818,72.215,0.718513,-1,-1,-1
496,114,1164.411,443.603,39.373,87.970,0.547171,-1,-1,-1
496,81,718.531,442.065,50.409,136.885,0.447416,-1,-1,-1
496,77,949.621,433.398,112.891,245.145,0.925281,-1,-1,-1
496,117,1067.498,432.379,55.519,129.405,0.371462,-1,-1,-1
496,92,413.049,463.252,53.544,104.008,0.802523,-1,-1,-1
496,119,548.422,450.628,30.207,75.906,0.649880,-1,-1,-1
496,120,379.459,465.282,46.456,103.646,0.726364,-1,-1,-1
497,65,1842.665,402.741,77.159,265.530,0.435114,-1,-1,-1
497,94,1640.263,399.294,172.090,483.141,0.923725,-1,-1,-1
497,93,1350.000,412.353,224.077,568.558,0.903370,-1,-1,-1
497,12,1389.195,379.957,352.829,694.531,0.949959,-1,-1,-1
497,51,1205.790,415.679,225.916,594.565,0.947779,-1,-1,-1
497,100,1017.115,436.740,68.025,145.570,0.325429,-1,-1,-1
497,72,874.840,447.785,64.389,139.459,0.153960,-1,-1,-1
497,80,828.581,434.760,122.778,292.415,0.906054,-1,-1,-1
497,85,660.261,431.836,112.286,269.749,0.939367,-1,-1,-1
497,105,1054.303,436.529,40.091,107.638,0.320877,-1,-1,-1
497,99,257.015,476.978,130.154,219.903,0.828283,-1,-1,-1
497,32,455.741,458.739,49.201,89.284,0.567901,-1,-1,-1
497,97,236.535,505.555,98.147,160.504,0.644450,-1,-1,-1
497,108,1083.513,427.820,73.989,161.363,0.772977,-1,-1,-1
497,98,324.293,456.539,32.153,62.870,0.333085,-1,-1,-1
497,112,570.285,450.642,33.854,80.281,0.833425,-1,-1,-1
497,106,532.128,455.047,31.263,71.974,0.751639,-1,-1,-1
497,87,625.866,457.019,32.231,69.646,0.719916,-1,-1,-1
497,114,1168.268,444.010,41.178,88.239,0.543077,-1,-1,-1
497,81,715.788,440.242,49.150,138.552,0.142801,-1,-1,-1
497,77,952.879,440.594,123.682,239.319,0.915300,-1,-1,-1
497,117,1067.986,432.722,56.106,139.993,0.445749,-1,-1,-1
497,92,412.513,464.014,53.865,103.331,0.776569,-1,-1,-1
497,119,547.606,450.254,29.924,76.519,0.659330,-1,-1,-1
497,120,377.155,463.406,47.301,105.032,0.707413,-1,-1,-1
498,65,1843.833,412.653,76.143,249.308,0.362101,-1,-1,-1
498,94,1651.586,405.902,180.767,484.370,0.917794,-1,-1,-1
498,93,1346.794,415.671,226.882,566.305,0.897285,-1,-1,-1
498,12,1402.161,381.781,328.188,693.259,0.939735,-1,-1,-1
498,51,1210.534,416.580,229.796,596.455,0.942467,-1,-1,-1
498,100,1015.606,438.128,78.979,148.262,0.336361,-1,-1,-1
498,72,867.621,428.483,67.146,160.886,0.115627,-1,-1,-1
498,80,833.662,434.645,114.777,291.623,0.902562,-1,-1,-1
498,85,664.386,431.065,108.940,271.573,0.939501,-1,-1,-1
498,105,1054.164,436.269,43.891,107.156,0.177005,-1,-1,-1
498,99,248.009,477.185,133.376,226.675,0.869623,-1,-1,-1
498,32,455.675,458.961,50.380,89.758,0.503756,-1,-1,-1
498,97,225.140,506.636,103.523,175.413,0.482893,-1,-1,-1
498,108,1080.203,427.039,76.420,164.649,0.851362,-1,-1,-1
498,98,324.549,455.619,31.993,62.327,0.433618,-1,-1,-1
498,112,569.498,449.737,34.630,81.591,0.835333,-1,-1,-1
498,106,532.472,455.121,31.589,72.614,0.747399,-1,-1,-1
498,87,626.427,456.323,32.478,67.064,0.675960,-1,-1,-1
498,114,1180.663,445.138,38.369,88.111,0.611849,-1,-1,-1
498,81,718.484,439.264,43.642,123.726,0.145624,-1,-1,-1
498,77,956.498,443.032,128.950,238.500,0.888706,-1,-1,-1
498,117,1070.198,429.796,58.387,145.549,0.532214,-1,-1,-1
498,92,412.542,464.377,54.625,103.039,0.775007,-1,-1,-1
498,119,542.863,449.200,30.867,78.588,0.627116,-1,-1,-1
498,120,377.158,462.651,47.313,103.858,0.660492,-1,-1,-1
498,121,663.414,455.433,38.004,87.376,0.699766,-1,-1,-1
499,65,1844.192,401.820,75.819,258.006,0.345036,-1,-1,-1
499,94,1656.483,408.528,198.893,481.342,0.924626,-1,-1,-1
499,93,1356.590,409.476,222.691,560.783,0.888798,-1,-1,-1
499,12,1416.284,372.606,326.577,703.813,0.935794,-1,-1,-1
499,51,1216.732,413.861,228.792,599.545,0.943095,-1,-1,-1
499,100,1013.799,442.997,86.314,149.048,0.231600,-1,-1,-1
499,72,850.286,426.851,75.966,161.959,0.300361,-1,-1,-1
499,80,842.138,438.582,110.585,288.158,0.891161,-1,-1,-1
499,85,671.368,429.108,102.830,273.763,0.941049,-1,-1,-1
499,105,1061.190,439.224,41.326,101.838,0.306517,-1,-1,-1
499,99,230.099,480.824,136.922,223.650,0.882552,-1,-1,-1
499,32,455.704,459.700,50.013,87.127,0.500920,-1,-1,-1
499,97,213.021,504.752,104.755,181.099,0.363357,-1,-1,-1
499,108,1077.303,427.639,80.945,164.152,0.806537,-1,-1,-1
499,98,324.121,454.132,33.328,69.359,0.409153,-1,-1,-1
499,112,569.224,451.388,33.871,79.773,0.821481,-1,-1,-1
499,106,532.636,455.558,31.797,73.668,0.777147,-1,-1,-1
499,87,626.794,456.377,32.267,64.636,0.685072,-1,-1,-1
499,114,1185.888,445.343,37.403,88.930,0.511761,-1,-1,-1
499,77,958.026,442.404,139.058,242.975,0.908615,-1,-1,-1
499,117,1069.997,433.726,59.061,135.258,0.589464,-1,-1,-1
499,92,412.011,464.139,54.826,103.090,0.791955,-1,-1,-1
499,119,541.237,451.014,31.000,77.777,0.652918,-1,-1,-1
499,120,377.600,462.511,46.358,102.693,0.605733,-1,-1,-1
499,121,664.495,455.418,39.356,87.756,0.730331,-1,-1,-1
500,65,1845.738,403.903,74.343,250.816,0.280469,-1,-1,-1
500,94,1662.167,407.410,202.482,477.152,0.933801,-1,-1,-1
500,93,1362.468,411.563,218.133,561.075,0.901941,-1,-1,-1
500,12,1430.309,371.447,307.454,704.832,0.909263,-1,-1,-1
500,51,1225.583,411.552,224.475,607.290,0.950929,-1,-1,-1
500,100,1020.184,452.169,77.761,136.303,0.371196,-1,-1,-1
500,72,845.298,437.839,69.605,162.520,0.220351,-1,-1,-1
500,80,844.391,422.938,117.852,303.213,0.918620,-1,-1,-1
500,85,674.467,428.616,100.891,274.984,0.940884,-1,-1,-1
500,105,1067.307,440.194,39.024,101.043,0.408890,-1,-1,-1
500,99,215.410,478.589,135.011,227.785,0.909224,-1,-1,-1
500,32,455.678,458.898,50.980,88.381,0.569165,-1,-1,-1
500,108,1079.514,432.282,78.653,160.604,0.834959,-1,-1,-1
500,98,324.881,453.670,31.488,70.439,0.346740,-1,-1,-1
500,112,570.491,452.922,31.931,77.383,0.807089,-1,-1,-1
500,106,533.673,455.366,32.804,75.113,0.777112,-1,-1,-1
500,87,630.475,454.786,30.873,68.257,0.663667,-1,-1,-1
500,114,1188.734,447.970,35.671,86.325,0.485894,-1,-1,-1
500,77,962.141,439.295,133.216,245.415,0.877150,-1,-1,-1
500,117,1069.785,437.807,54.420,125.276,0.736000,-1,-1,-1
500,92,412.590,462.889,54.060,104.403,0.810469,-1,-1,-1
500,120,377.223,463.937,49.346,105.249,0.622309,-1,-1,-1
500,121,668.279,456.393,36.979,83.518,0.688311,-1,-1,-1
501,65,1852.028,405.499,68.070,245.242,0.396752,-1,-1,-1
501,94,1667.765,409.326,224.100,477.259,0.919749,-1,-1,-1
501,93,1372.626,417.763,215.407,551.504,0.889902,-1,-1,-1
501,12,1454.074,369.754,274.629,708.391,0.923384,-1,-1,-1
501,51,1238.577,410.748,218.284,608.212,0.933321,-1,-1,-1
501,100,1024.421,455.976,65.235,123.360,0.344407,-1,-1,-1
501,72,846.604,435.649,66.606,163.766,0.216087,-1,-1,-1
501,80,844.885,413.208,121.117,312.193,0.929515,-1,-1,-1
501,85,679.794,430.161,96.745,274.035,0.939433,-1,-1,-1
501,99,212.842,475.066,128.137,231.323,0.911453,-1,-1,-1
501,32,454.984,458.377,52.081,89.460,0.578248,-1,-1,-1
501,108,1082.498,431.047,77.936,164.488,0.826493,-1,-1,-1
501,98,324.775,454.563,32.132,69.236,0.344350,-1,-1,-1
501,112,572.619,454.450,30.351,75.587,0.816418,-1,-1,-1
501,106,535.521,456.610,32.667,74.222,0.789258,-1,-1,-1
501,87,631.087,454.818,31.936,73.898,0.682643,-1,-1,-1
501,114,1187.990,448.416,36.689,85.692,0.539924,-1,-1,-1
501,77,964.707,446.370,133.049,238.222,0.900041,-1,-1,-1
501,117,1068.107,434.902,54.499,127.932,0.759574,-1,-1,-1
501,92,412.185,461.508,53.979,106.033,0.819859,-1,-1,-1
501,120,377.189,463.680,49.354,108.314,0.699133,-1,-1,-1
501,121,669.617,457.134,37.942,84.261,0.628150,-1,-1,-1
502,65,1855.865,397.645,64.183,248.666,0.606788,-1,-1,-1
502,94,1680.368,407.770,223.317,481.169,0.949137,-1,-1,-1
502,93,1374.726,424.983,213.902,544.202,0.893039,-1,-1,-1
502,12,1475.338,368.433,261.289,708.761,0.913330,-1,-1,-1
502,51,1258.521,412.117,203.736,608.124,0.933978,-1,-1,-1
502,100,1021.225,458.725,69.597,123.643,0.293215,-1,-1,-1
502,72,846.928,431.088,68.947,173.645,0.285871,-1,-1,-1
502,80,846.785,410.628,121.547,316.453,0.926159,-1,-1,-1
502,85,685.306,429.945,95.152,273.766,0.930799,-1,-1,-1
502,99,209.059,477.798,124.763,227.890,0.882512,-1,-1,-1
502,32,455.242,458.123,50.697,89.282,0.595361,-1,-1,-1
502,108,1080.140,431.343,80.176,162.573,0.778917,-1,-1,-1
502,98,324.092,453.862,32.500,70.561,0.301298,-1,-1,-1
502,112,573.981,455.769,29.236,75.533,0.808983,-1,-1,-1
502,106,542.346,459.369,30.362,70.210,0.725214,-1,-1,-1
502,87,631.510,454.603,32.366,77.206,0.649688,-1,-1,-1
502,114,1188.740,451.206,34.743,79.077,0.373350,-1,-1,-1
502,77,966.126,448.308,135.570,237.359,0.781259,-1,-1,-1
502,117,1070.347,437.839,54.402,128.232,0.618933,-1,-1,-1
502,92,411.810,461.359,52.518,106.178,0.801183,-1,-1,-1
502,120,377.096,463.248,49.419,109.413,0.715842,-1,-1,-1
502,121,669.309,457.327,39.131,85.316,0.630427,-1,-1,-1
502,119,534.989,458.194,32.673,71.405,0.770600,-1,-1,-1
503,65,1852.783,395.303,67.171,252.565,0.360239,-1,-1,-1
503,94,1689.373,403.556,226.005,494.379,0.950836,-1,-1,-1
503,93,1379.104,421.675,213.298,547.258,0.907147,-1,-1,-1
503,12,1490.984,366.982,251.159,709.678,0.932393,-1,-1,-1
503,51,1275.541,413.474,188.938,603.372,0.940723,-1,-1,-1
503,100,1023.549,453.318,60.527,125.098,0.191284,-1,-1,-1
503,72,848.891,419.082,84.127,241.513,0.799529,-1,-1,-1
503,80,858.109,414.165,115.762,310.695,0.897863,-1,-1,-1
503,85,691.638,430.876,91.892,272.800,0.916156,-1,-1,-1
503,99,187.442,479.184,152.672,235.086,0.918420,-1,-1,-1
503,32,455.505,457.498,51.622,92.557,0.617882,-1,-1,-1
503,108,1079.407,430.902,80.364,163.482,0.855898,-1,-1,-1
503,98,324.091,451.945,32.739,70.111,0.437240,-1,-1,-1
503,112,572.608,455.462,29.679,77.049,0.832945,-1,-1,-1
503,106,547.864,451.922,31.038,77.651,0.140761,-1,-1,-1
503,87,630.755,453.545,33.646,79.055,0.625983,-1,-1,-1
503,114,1189.084,452.365,33.962,76.893,0.429738,-1,-1,-1
503,77,973.803,439.574,123.833,244.700,0.846755,-1,-1,-1
503,117,1068.949,435.984,54.443,135.227,0.573477,-1,-1,-1
503,92,411.892,460.018,52.240,106.877,0.828250,-1,-1,-1
503,120,376.509,463.799,51.461,108.820,0.742483,-1,-1,-1
503,121,667.951,456.894,41.607,84.687,0.623576,-1,-1,-1
503,119,533.802,459.351,31.977,71.941,0.808514,-1,-1,-1
503,104,1662.519,414.077,124.391,328.775,0.656752,-1,-1,-1
504,65,1857.366,390.724,62.479,257.090,0.257610,-1,-1,-1
504,94,1695.666,401.327,222.462,501.172,0.919632,-1,-1,-1
504,93,1394.531,424.835,206.779,542.885,0.909253,-1,-1,-1
504,12,1503.986,366.427,257.915,712.483,0.936676,-1,-1,-1
504,51,1286.910,412.254,182.549,607.158,0.937555,-1,-1,-1
504,100,1020.638,469.287,63.966,121.357,0.121416,-1,-1,-1
504,72,852.397,422.290,77.505,211.892,0.347685,-1,-1,-1
504,80,860.460,412.066,112.509,305.396,0.891306,-1,-1,-1
504,85,698.063,432.258,89.899,269.471,0.914817,-1,-1,-1
504,99,177.515,480.069,144.925,237.390,0.902837,-1,-1,-1
504,32,455.775,456.831,49.699,92.787,0.668125,-1,-1,-1
504,108,1088.746,438.224,70.290,155.489,0.783025,-1,-1,-1
504,112,572.774,455.892,30.332,75.961,0.835794,-1,-1,-1
504,106,545.111,456.111,30.808,74.700,0.743463,-1,-1,-1
504,87,629.938,453.447,35.391,81.284,0.680444,-1,-1,-1
504,114,1189.607,453.102,32.915,75.933,0.492039,-1,-1,-1
504,77,981.828,449.273,110.933,235.029,0.867287,-1,-1,-1
504,117,1068.849,440.782,50.567,125.817,0.729866,-1,-1,-1
504,92,411.420,462.052,52.769,105.304,0.783349,-1,-1,-1
504,120,376.475,463.699,52.382,109.572,0.742585,-1,-1,-1
504,121,668.346,456.616,42.293,85.519,0.671028,-1,-1,-1
504,119,533.105,460.853,30.900,70.792,0.787966,-1,-1,-1
504,104,1658.396,427.041,129.561,345.895,0.118421,-1,-1,-1
505,65,1864.770,387.383,55.109,261.675,0.308065,-1,-1,-1
505,94,1704.319,403.349,218.392,505.559,0.938921,-1,-1,-1
505,93,1404.287,423.891,213.202,548.464,0.903610,-1,-1,-1
505,12,1512.484,365.061,302.759,712.046,0.928753,-1,-1,-1
505,51,1297.204,407.519,176.559,612.358,0.940976,-1,-1,-1
505,72,858.952,413.509,88.818,269.152,0.885038,-1,-1,-1
505,80,878.164,424.856,119.637,297.951,0.901743,-1,-1,-1
505,85,703.401,430.252,87.447,271.215,0.917147,-1,-1,-1
505,99,165.868,478.395,134.681,238.705,0.918906,-1,-1,-1
505,32,455.987,456.256,49.405,93.305,0.649701,-1,-1,-1
505,108,1094.410,446.480,63.609,148.185,0.802654,-1,-1,-1
505,112,573.138,456.419,29.903,75.017,0.841499,-1,-1,-1
505,106,544.616,458.764,29.883,72.330,0.728856,-1,-1,-1
505,87,629.379,454.686,37.286,82.625,0.763641,-1,-1,-1
505,114,1192.716,463.081,32.327,67.456,0.272547,-1,-1,-1
505,77,992.362,459.342,98.680,222.393,0.876647,-1,-1,-1
505,117,1069.368,442.932,48.099,122.908,0.815474,-1,-1,-1
505,92,411.258,462.559,53.721,104.592,0.777665,-1,-1,-1
505,120,376.823,463.810,52.665,109.189,0.736064,-1,-1,-1
505,121,666.489,457.342,39.615,83.972,0.677276,-1,-1,-1
505,119,533.064,462.383,30.346,69.418,0.784912,-1,-1,-1
505,104,1661.278,419.109,117.844,340.043,0.482567,-1,-1,-1
506,65,1854.764,390.792,65.201,273.317,0.287561,-1,-1,-1
506,94,1715.803,401.903,204.979,508.423,0.937485,-1,-1,-1
506,93,1420.252,424.625,206.774,550.025,0.898796,-1,-1,-1
506,12,1518.028,362.340,276.370,714.244,0.923416,-1,-1,-1
506,51,1303.407,406.516,181.112,623.510,0.935153,-1,-1,-1
506,72,860.723,409.983,90.428,290.364,0.896179,-1,-1,-1
506,80,890.775,427.254,124.348,296.435,0.932511,-1,-1,-1
506,85,700.632,429.541,95.044,272.402,0.920039,-1,-1,-1
506,99,157.350,478.759,141.029,241.578,0.914152,-1,-1,-1
506,32,455.428,458.074,46.600,90.044,0.548492,-1,-1,-1
506,108,1094.463,447.578,65.232,147.366,0.818055,-1,-1,-1
506,112,572.340,455.859,31.437,76.386,0.863699,-1,-1,-1
506,106,548.940,451.435,31.651,77.241,0.137308,-1,-1,-1
506,87,628.865,455.497,36.284,81.914,0.791925,-1,-1,-1
506,114,1193.588,452.755,34.607,74.251,0.142881,-1,-1,-1
506,77,997.877,439.145,91.971,242.849,0.901097,-1,-1,-1
506,117,1069.245,443.461,50.662,126.289,0.812232,-1,-1,-1
506,92,412.179,460.244,52.203,106.675,0.829603,-1,-1,-1
506,120,377.621,464.783,51.349,107.579,0.771716,-1,-1,-1
506,121,670.368,457.007,35.926,81.942,0.669389,-1,-1,-1
506,119,533.117,461.589,31.401,69.978,0.818768,-1,-1,-1
506,104,1651.219,408.933,127.078,398.717,0.170889,-1,-1,-1
507,65,1858.604,386.958,61.329,278.534,0.196298,-1,-1,-1
507,94,1727.508,395.773,195.122,521.297,0.949750,-1,-1,-1
507,93,1436.745,423.839,181.474,550.030,0.903085,-1,-1,-1
507,12,1519.777,362.903,250.258,712.788,0.938758,-1,-1,-1
507,51,1306.428,402.112,183.939,644.239,0.944886,-1,-1,-1
507,72,861.763,408.747,92.014,292.214,0.894278,-1,-1,-1
507,80,893.515,432.389,133.903,291.928,0.928711,-1,-1,-1
507,85,696.551,429.034,103.829,273.058,0.923192,-1,-1,-1
507,99,143.066,479.226,150.072,241.859,0.911587,-1,-1,-1
507,32,455.563,458.530,47.256,89.406,0.452609,-1,-1,-1
507,108,1091.993,435.593,67.924,159.934,0.853901,-1,-1,-1
507,112,571.680,454.189,32.757,77.750,0.868853,-1,-1,-1
507,106,549.798,448.958,32.703,78.748,0.160979,-1,-1,-1
507,87,628.165,455.723,36.736,81.122,0.818546,-1,-1,-1
507,114,1194.695,449.823,35.022,74.284,0.115304,-1,-1,-1
507,77,1006.022,438.723,89.166,244.051,0.840181,-1,-1,-1
507,117,1067.260,441.608,54.328,135.293,0.726056,-1,-1,-1
507,92,411.964,461.969,53.679,105.378,0.819337,-1,-1,-1
507,120,376.427,465.505,52.280,106.688,0.777749,-1,-1,-1
507,121,666.150,456.832,35.650,81.858,0.760306,-1,-1,-1
507,119,533.110,460.768,32.233,71.010,0.820973,-1,-1,-1
507,104,1663.724,409.769,134.345,377.432,0.265191,-1,-1,-1
508,65,1860.536,392.247,59.460,281.303,0.367391,-1,-1,-1
508,94,1734.393,396.258,188.469,522.423,0.944883,-1,-1,-1
508,93,1448.591,416.416,168.739,558.347,0.920542,-1,-1,-1
508,12,1519.533,362.157,292.932,713.452,0.936424,-1,-1,-1
508,51,1310.716,401.640,191.322,648.299,0.941510,-1,-1,-1
508,72,864.244,403.860,93.461,295.188,0.897170,-1,-1,-1
508,80,896.578,436.893,142.613,288.080,0.930469,-1,-1,-1
508,85,699.641,434.213,113.500,266.033,0.933033,-1,-1,-1
508,99,133.405,482.537,140.335,244.120,0.938402,-1,-1,-1
508,32,456.968,458.605,45.183,90.079,0.566755,-1,-1,-1
508,108,1092.978,435.853,66.623,159.150,0.849765,-1,-1,-1
508,112,571.143,451.137,32.688,81.592,0.885240,-1,-1,-1
508,106,551.099,446.880,33.242,81.302,0.197280,-1,-1,-1
508,87,629.773,452.928,36.110,82.961,0.790387,-1,-1,-1
508,114,1195.781,450.038,34.534,73.665,0.115257,-1,-1,-1
508,77,1018.784,447.017,83.698,233.675,0.832661,-1,-1,-1
508,117,1065.915,445.568,51.207,128.737,0.690690,-1,-1,-1
508,92,412.010,462.445,53.092,104.952,0.817962,-1,-1,-1
508,120,377.157,464.958,51.808,107.630,0.782841,-1,-1,-1
508,121,665.600,455.704,35.420,83.974,0.792271,-1,-1,-1
508,119,534.939,456.563,34.179,75.803,0.854904,-1,-1,-1
508,104,1665.465,410.681,132.173,370.990,0.438492,-1,-1,-1
508,81,694.022,446.897,47.170,97.790,0.645794,-1,-1,-1
509,65,1867.526,390.123,51.975,411.370,0.330117,-1,-1,-1
509,94,1736.501,395.627,186.126,517.791,0.949531,-1,-1,-1
509,93,1453.139,417.407,171.020,563.570,0.900772,-1,-1,-1
509,12,1523.914,365.544,281.083,708.229,0.935967,-1,-1,-1
509,51,1316.975,401.002,205.429,659.312,0.947996,-1,-1,-1
509,72,866.829,405.827,92.169,292.534,0.883758,-1,-1,-1
509,80,898.386,440.434,148.939,286.297,0.938204,-1,-1,-1
509,85,704.915,433.254,115.139,267.204,0.926817,-1,-1,-1
509,99,120.156,483.428,135.615,242.056,0.910230,-1,-1,-1
509,32,457.056,458.284,43.510,89.938,0.507927,-1,-1,-1
509,108,1089.497,426.855,72.231,167.683,0.890106,-1,-1,-1
509,112,571.586,450.505,32.277,82.049,0.886229,-1,-1,-1
509,106,551.659,446.949,33.055,81.062,0.209643,-1,-1,-1
509,87,630.700,451.161,35.414,83.561,0.809684,-1,-1,-1
509,114,1190.199,447.969,35.286,79.291,0.447765,-1,-1,-1
509,77,1020.538,435.574,88.162,244.318,0.892710,-1,-1,-1
509,117,1066.233,445.762,46.911,117.503,0.665201,-1,-1,-1
509,92,412.329,460.628,52.428,106.374,0.828942,-1,-1,-1
509,120,376.358,464.358,50.644,107.178,0.752917,-1,-1,-1
509,121,666.315,456.751,35.751,82.230,0.818562,-1,-1,-1
509,119,535.930,455.129,34.398,77.543,0.851361,-1,-1,-1
509,104,1666.808,411.232,123.853,361.429,0.383686,-1,-1,-1
509,81,694.036,447.560,50.695,118.492,0.807832,-1,-1,-1
509,86,695.233,454.876,40.576,90.830,0.600003,-1,-1,-1
510,65,1863.973,387.164,55.713,439.283,0.592472,-1,-1,-1
510,94,1755.074,395.021,167.716,512.634,0.950400,-1,-1,-1
510,93,1455.872,416.409,167.541,555.607,0.892457,-1,-1,-1
510,12,1527.211,365.281,283.836,707.452,0.934410,-1,-1,-1
510,51,1322.712,401.225,219.843,664.238,0.948582,-1,-1,-1
510,72,868.308,405.158,95.217,292.838,0.896031,-1,-1,-1
510,80,901.303,441.152,147.448,285.029,0.948340,-1,-1,-1
510,85,706.363,444.124,120.472,256.272,0.940798,-1,-1,-1
510,99,105.721,488.577,139.791,237.717,0.921268,-1,-1,-1
510,32,457.226,459.131,44.335,90.761,0.475298,-1,-1,-1
510,108,1090.354,434.300,70.611,159.945,0.873205,-1,-1,-1
510,112,571.301,450.717,32.203,82.390,0.882765,-1,-1,-1
510,106,550.998,447.828,33.720,80.217,0.215029,-1,-1,-1
510,87,631.061,450.022,35.797,86.362,0.807570,-1,-1,-1
510,114,1172.120,443.516,44.096,88.326,0.600912,-1,-1,-1
510,77,1025.923,447.165,83.662,232.287,0.850943,-1,-1,-1
510,117,1067.907,452.336,40.838,102.723,0.647907,-1,-1,-1
510,92,412.062,460.555,53.551,106.093,0.829536,-1,-1,-1
510,120,377.610,462.801,47.591,105.190,0.723811,-1,-1,-1
510,121,666.741,455.810,37.395,83.157,0.792609,-1,-1,-1
510,119,535.332,454.888,35.628,77.546,0.839996,-1,-1,-1
510,104,1671.113,406.992,131.790,421.892,0.456137,-1,-1,-1
510,81,694.358,452.270,47.970,99.908,0.689438,-1,-1,-1
510,86,692.300,457.328,38.283,81.538,0.636717,-1,-1,-1
510,113,699.540,458.272,51.522,114.327,0.761033,-1,-1,-1
510,111,709.265,455.118,39.194,92.610,0.601516,-1,-1,-1
511,65,1864.821,388.295,54.265,475.234,0.424766,-1,-1,-1
511,94,1772.406,393.381,150.005,531.252,0.955725,-1,-1,-1
511,93,1459.571,408.629,165.604,580.804,0.894350,-1,-1,-1
511,12,1534.037,367.183,252.625,705.009,0.946256,-1,-1,-1
511,51,1326.869,404.002,231.184,661.435,0.957046,-1,-1,-1
511,72,868.382,406.289,97.733,293.566,0.902507,-1,-1,-1
511,80,900.010,442.618,155.654,284.382,0.942093,-1,-1,-1
511,85,709.312,440.121,122.860,259.690,0.929731,-1,-1,-1
511,99,93.837,498.303,148.728,232.153,0.868222,-1,-1,-1
511,32,455.436,457.624,46.600,93.253,0.640203,-1,-1,-1
511,108,1092.728,440.260,68.956,151.662,0.877513,-1,-1,-1
511,112,570.395,449.516,32.796,83.059,0.877306,-1,-1,-1
511,106,550.981,448.138,33.177,79.349,0.280993,-1,-1,-1
511,87,631.771,449.934,36.829,87.082,0.812710,-1,-1,-1
511,114,1165.900,441.547,47.461,94.701,0.508848,-1,-1,-1
511,77,1029.476,450.928,87.681,226.844,0.886168,-1,-1,-1
511,117,1066.637,455.396,41.049,106.545,0.503837,-1,-1,-1
511,92,412.289,461.719,51.690,105.515,0.830195,-1,-1,-1
511,120,378.388,462.947,45.409,104.929,0.729939,-1,-1,-1
511,121,666.915,456.483,37.393,82.550,0.796908,-1,-1,-1
511,119,536.827,453.240,34.383,78.160,0.845459,-1,-1,-1
511,104,1668.055,402.557,136.575,463.215,0.157755,-1,-1,-1
511,81,693.913,455.930,45.026,96.029,0.679916,-1,-1,-1
511,86,690.842,455.348,35.467,84.152,0.584521,-1,-1,-1
511,113,700.385,458.445,51.137,115.054,0.782769,-1,-1,-1
511,111,709.987,447.718,33.121,76.745,0.132350,-1,-1,-1
512,65,1867.904,389.919,51.287,471.030,0.457444,-1,-1,-1
512,94,1784.634,390.757,137.046,526.442,0.957956,-1,-1,-1
512,93,1462.460,405.492,165.415,571.509,0.902298,-1,-1,-1
512,12,1536.155,371.108,281.898,701.821,0.917445,-1,-1,-1
512,51,1328.020,404.177,239.138,661.148,0.949927,-1,-1,-1
512,72,868.867,406.846,101.682,293.551,0.887373,-1,-1,-1
512,80,898.444,442.747,156.238,283.142,0.932042,-1,-1,-1
512,85,711.454,436.099,126.768,265.267,0.936272,-1,-1,-1
512,99,77.460,491.873,146.807,242.648,0.913233,-1,-1,-1
512,32,451.173,454.623,50.781,98.254,0.646978,-1,-1,-1
512,108,1090.234,429.593,73.086,162.042,0.878134,-1,-1,-1
512,112,569.952,450.188,32.900,82.441,0.877990,-1,-1,-1
512,106,549.948,448.997,33.191,79.023,0.173876,-1,-1,-1
512,87,633.284,450.267,36.570,86.272,0.818446,-1,-1,-1
512,114,1163.820,438.603,47.390,94.340,0.468318,-1,-1,-1
512,77,1031.302,444.539,93.089,231.209,0.906965,-1,-1,-1
512,117,1067.669,456.947,39.677,104.917,0.299265,-1,-1,-1
512,92,412.727,458.879,53.215,107.469,0.768059,-1,-1,-1
512,120,377.441,462.242,45.075,105.315,0.705848,-1,-1,-1
512,121,668.279,456.712,33.664,80.571,0.786718,-1,-1,-1
512,119,535.216,453.938,35.174,78.525,0.848759,-1,-1,-1
512,104,1648.168,417.961,169.882,479.456,0.119044,-1,-1,-1
512,81,693.058,454.442,46.738,112.464,0.793150,-1,-1,-1
512,86,690.507,455.332,35.244,92.289,0.663073,-1,-1,-1
512,113,706.047,454.455,47.801,117.016,0.483876,-1,-1,-1
512,111,713.490,445.851,30.514,69.507,0.108598,-1,-1,-1
513,65,1868.872,383.350,50.861,429.671,0.128652,-1,-1,-1
513,94,1796.302,389.182,125.206,531.571,0.941199,-1,-1,-1
513,93,1464.814,413.153,168.214,554.179,0.891349,-1,-1,-1
513,12,1541.903,368.685,275.650,704.968,0.929108,-1,-1,-1
513,51,1327.784,406.409,247.193,661.062,0.953256,-1,-1,-1
513,72,869.926,407.855,106.155,291.986,0.876488,-1,-1,-1
513,80,900.821,439.384,155.172,286.246,0.929449,-1,-1,-1
513,85,714.010,431.800,128.376,268.531,0.941298,-1,-1,-1
513,99,55.104,480.617,165.302,258.167,0.894382,-1,-1,-1
513,32,449.326,453.490,52.658,99.953,0.672388,-1,-1,-1
513,108,1089.770,429.866,74.083,160.828,0.837558,-1,-1,-1
513,112,569.748,449.736,33.753,82.717,0.880049,-1,-1,-1
513,106,550.882,449.292,32.817,78.314,0.194632,-1,-1,-1
513,87,633.960,451.924,37.485,85.212,0.827358,-1,-1,-1
513,114,1161.468,438.027,46.821,91.385,0.430956,-1,-1,-1
513,77,1032.304,438.720,100.505,236.538,0.912973,-1,-1,-1
513,117,1072.067,453.485,43.454,108.950,0.292434,-1,-1,-1
513,92,412.764,457.866,54.331,108.325,0.766966,-1,-1,-1
513,120,376.776,461.614,45.994,106.644,0.733857,-1,-1,-1
513,121,668.142,457.232,31.931,80.212,0.782825,-1,-1,-1
513,119,534.652,454.661,35.532,77.417,0.849156,-1,-1,-1
513,104,1644.953,420.818,166.446,482.172,0.102026,-1,-1,-1
513,81,691.150,449.901,45.174,122.961,0.848895,-1,-1,-1
513,86,678.917,454.228,36.424,89.418,0.688002,-1,-1,-1
513,113,716.877,450.393,37.764,103.203,0.509467,-1,-1,-1
513,111,713.715,445.593,30.462,76.047,0.146591,-1,-1,-1
513,100,1006.679,441.833,54.280,136.547,0.690371,-1,-1,-1
514,65,1862.692,409.433,57.226,428.803,0.117561,-1,-1,-1
514,94,1806.050,383.355,115.200,528.542,0.939810,-1,-1,-1
514,93,1465.982,423.864,173.888,551.629,0.872702,-1,-1,-1
514,12,1545.163,368.082,258.321,704.679,0.920234,-1,-1,-1
514,51,1324.462,409.352,256.209,658.739,0.943831,-1,-1,-1
514,72,873.206,408.403,105.651,292.802,0.846917,-1,-1,-1
514,80,903.232,441.664,156.205,282.687,0.914506,-1,-1,-1
514,85,714.687,429.291,127.778,270.123,0.944562,-1,-1,-1
514,99,42.800,479.605,163.709,264.534,0.917789,-1,-1,-1
514,32,449.280,453.465,52.606,99.926,0.647925,-1,-1,-1
514,108,1091.677,432.789,70.703,158.025,0.829951,-1,-1,-1
514,112,569.986,450.983,33.928,81.567,0.875305,-1,-1,-1
514,106,549.816,449.646,32.930,78.141,0.180970,-1,-1,-1
514,87,632.687,451.173,38.852,88.751,0.836594,-1,-1,-1
514,114,1163.192,440.971,43.373,87.326,0.480488,-1,-1,-1
514,77,1036.026,440.962,103.603,235.490,0.903784,-1,-1,-1
514,117,1073.770,455.987,45.150,113.197,0.380173,-1,-1,-1
514,92,412.723,457.509,53.612,108.881,0.759994,-1,-1,-1
514,120,376.377,461.344,46.342,107.408,0.712348,-1,-1,-1
514,121,666.095,457.578,31.596,81.099,0.768362,-1,-1,-1
514,119,534.523,454.215,36.538,78.187,0.851867,-1,-1,-1
514,104,1659.095,427.380,143.609,413.103,0.212988,-1,-1,-1
514,81,688.245,447.948,46.538,126.954,0.868190,-1,-1,-1
514,86,674.488,451.046,39.449,101.414,0.631009,-1,-1,-1
514,113,720.330,448.558,36.856,94.753,0.432611,-1,-1,-1
514,111,712.995,446.125,29.106,72.505,0.155923,-1,-1,-1
514,100,1015.600,445.372,45.144,128.981,0.433517,-1,-1,-1
515,94,1815.442,383.818,105.599,525.350,0.941744,-1,-1,-1
515,93,1463.474,417.240,191.740,561.601,0.872969,-1,-1,-1
515,12,1552.199,371.751,303.934,703.940,0.914074,-1,-1,-1
515,51,1323.270,410.410,256.237,655.046,0.943684,-1,-1,-1
515,72,875.008,406.766,102.693,296.502,0.884547,-1,-1,-1
515,80,906.770,443.146,154.836,279.256,0.921443,-1,-1,-1
515,85,715.261,428.225,126.839,271.438,0.935926,-1,-1,-1
515,99,26.428,476.954,177.600,270.177,0.918990,-1,-1,-1
515,32,450.299,452.622,51.414,99.892,0.679585,-1,-1,-1
515,108,1093.867,437.966,69.397,151.151,0.810619,-1,-1,-1
515,112,570.415,450.612,33.682,81.140,0.861963,-1,-1,-1
515,106,549.511,450.023,32.549,77.086,0.185023,-1,-1,-1
515,87,633.141,453.617,37.201,86.692,0.832238,-1,-1,-1
515,114,1165.175,441.045,43.147,88.096,0.433745,-1,-1,-1
515,77,1040.175,450.357,110.977,228.986,0.891796,-1,-1,-1
515,117,1073.863,456.955,44.310,103.639,0.403546,-1,-1,-1
515,92,412.549,456.613,52.365,110.353,0.818352,-1,-1,-1
515,120,376.987,461.359,45.839,107.153,0.715820,-1,-1,-1
515,121,665.396,456.644,29.987,81.223,0.775683,-1,-1,-1
515,119,534.713,454.243,35.927,77.661,0.840284,-1,-1,-1
515,104,1669.171,420.411,130.796,334.700,0.115614,-1,-1,-1
515,81,686.296,445.400,47.238,129.682,0.871343,-1,-1,-1
515,86,675.636,449.540,42.763,111.494,0.698893,-1,-1,-1
515,113,719.899,449.509,33.486,93.254,0.501583,-1,-1,-1
515,111,712.984,447.994,28.904,76.984,0.163562,-1,-1,-1
515,100,1005.137,448.518,47.669,126.107,0.410735,-1,-1,-1
516,94,1821.382,381.207,99.503,529.791,0.939900,-1,-1,-1
516,93,1465.493,422.113,196.168,551.993,0.907152,-1,-1,-1
516,12,1557.014,365.241,331.779,713.357,0.927068,-1,-1,-1
516,51,1320.656,411.770,255.354,653.759,0.951988,-1,-1,-1
516,72,876.820,402.982,101.987,301.613,0.913741,-1,-1,-1
516,80,908.457,445.318,155.255,272.549,0.923406,-1,-1,-1
516,85,722.409,428.819,122.112,269.574,0.939853,-1,-1,-1
516,99,9.036,477.106,181.733,267.299,0.907402,-1,-1,-1
516,32,451.300,452.717,49.738,98.835,0.576125,-1,-1,-1
516,108,1093.554,439.615,69.173,150.267,0.815220,-1,-1,-1
516,112,571.187,450.273,33.133,82.025,0.867250,-1,-1,-1
516,106,550.459,449.093,32.403,78.642,0.215711,-1,-1,-1
516,87,633.857,454.839,37.427,86.267,0.815539,-1,-1,-1
516,114,1167.130,441.526,43.368,87.749,0.505463,-1,-1,-1
516,77,1040.410,439.792,111.985,241.229,0.910097,-1,-1,-1
516,92,412.317,456.919,53.257,110.311,0.776047,-1,-1,-1
516,120,376.728,461.484,46.885,107.102,0.701699,-1,-1,-1
516,121,664.645,456.129,30.193,83.730,0.736264,-1,-1,-1
516,119,535.018,453.951,36.392,78.009,0.828091,-1,-1,-1
516,104,1671.133,404.206,126.105,381.370,0.153012,-1,-1,-1
516,81,683.916,445.545,48.680,129.449,0.865081,-1,-1,-1
516,113,722.074,452.230,31.928,87.602,0.588436,-1,-1,-1
516,111,713.528,445.413,33.959,101.239,0.363035,-1,-1,-1
516,100,999.902,446.019,50.754,125.286,0.272214,-1,-1,-1
517,94,1827.338,377.314,93.332,537.626,0.909830,-1,-1,-1
517,93,1465.458,413.976,201.216,565.419,0.879299,-1,-1,-1
517,12,1559.600,368.541,290.933,708.609,0.915384,-1,-1,-1
517,51,1320.372,410.303,257.003,653.771,0.942732,-1,-1,-1
517,72,878.315,405.177,104.748,299.440,0.898733,-1,-1,-1
517,80,909.964,446.342,160.100,274.124,0.913886,-1,-1,-1
517,85,727.919,429.325,117.546,270.268,0.939613,-1,-1,-1
517,99,1.456,490.467,171.360,251.266,0.911159,-1,-1,-1
517,32,449.001,452.637,52.675,100.872,0.560453,-1,-1,-1
517,108,1095.780,439.116,65.521,149.752,0.794790,-1,-1,-1
517,112,570.134,448.999,33.292,83.594,0.864921,-1,-1,-1
517,106,550.965,448.036,32.819,79.382,0.246747,-1,-1,-1
517,87,635.626,454.469,36.926,86.480,0.806768,-1,-1,-1
517,114,1166.953,441.546,41.203,88.307,0.566198,-1,-1,-1
517,77,1041.453,441.191,114.026,240.165,0.901407,-1,-1,-1
517,92,412.973,457.473,53.161,108.950,0.767159,-1,-1,-1
517,120,376.454,461.757,47.151,107.144,0.737254,-1,-1,-1
517,121,663.574,455.281,30.946,84.899,0.737813,-1,-1,-1
517,119,535.454,452.172,34.631,78.542,0.846738,-1,-1,-1
517,104,1685.175,403.814,108.768,318.627,0.109362,-1,-1,-1
517,81,681.364,445.825,49.294,128.171,0.868770,-1,-1,-1
517,113,721.935,451.857,33.397,88.990,0.736392,-1,-1,-1
517,111,714.713,446.674,32.602,94.439,0.244636,-1,-1,-1
517,100,1000.283,440.855,49.314,121.472,0.199672,-1,-1,-1
518,94,1834.619,382.765,85.930,526.339,0.920877,-1,-1,-1
518,93,1467.829,407.593,205.534,562.422,0.884312,-1,-1,-1
518,12,1563.834,376.996,291.444,697.226,0.915553,-1,-1,-1
518,51,1321.671,407.039,257.439,660.707,0.945314,-1,-1,-1
518,72,878.398,403.118,105.536,300.853,0.904226,-1,-1,-1
518,80,914.973,444.526,154.394,275.899,0.917549,-1,-1,-1
518,85,734.414,428.604,110.978,271.940,0.944493,-1,-1,-1
518,99,-2.693,494.765,163.757,248.812,0.909514,-1,-1,-1
518,32,448.863,451.901,54.643,102.573,0.554279,-1,-1,-1
518,108,1100.368,445.795,61.607,144.958,0.715793,-1,-1,-1
518,112,570.024,449.505,33.501,83.723,0.878151,-1,-1,-1
518,106,550.994,447.959,33.350,78.764,0.206998,-1,-1,-1
518,87,637.558,455.264,35.702,84.916,0.818630,-1,-1,-1
518,114,1168.763,441.512,39.655,88.252,0.644852,-1,-1,-1
518,77,1044.932,444.120,110.468,235.876,0.904009,-1,-1,-1
518,92,412.297,455.332,53.754,111.661,0.774414,-1,-1,-1
518,120,373.271,460.898,50.853,108.682,0.700079,-1,-1,-1
518,121,662.919,454.920,30.464,82.734,0.742004,-1,-1,-1
518,119,535.445,452.288,36.389,78.611,0.841380,-1,-1,-1
518,104,1681.650,398.165,111.718,387.053,0.154215,-1,-1,-1
518,81,681.653,445.297,47.632,128.488,0.872196,-1,-1,-1
518,113,722.503,452.879,31.743,83.129,0.789636,-1,-1,-1
518,100,997.841,434.555,41.461,113.251,0.104140,-1,-1,-1
518,123,882.632,438.813,46.442,148.696,0.701668,-1,-1,-1
519,94,1835.084,396.748,85.360,493.781,0.912327,-1,-1,-1
519,93,1485.155,411.808,190.793,558.809,0.900408,-1,-1,-1
519,12,1565.203,375.280,315.352,702.713,0.922324,-1,-1,-1
519,51,1324.596,405.545,256.724,663.048,0.950863,-1,-1,-1
519,72,877.225,402.689,108.014,298.072,0.913057,-1,-1,-1
519,80,922.425,442.930,151.669,274.583,0.913030,-1,-1,-1
519,85,738.398,426.063,108.672,273.377,0.936453,-1,-1,-1
519,99,-4.898,501.509,159.564,244.755,0.929000,-1,-1,-1
519,32,449.779,452.735,56.286,102.608,0.554871,-1,-1,-1
519,108,1098.490,439.003,63.872,149.750,0.807215,-1,-1,-1
519,112,570.387,449.991,33.440,83.061,0.878600,-1,-1,-1
519,106,550.700,448.451,33.425,78.637,0.170863,-1,-1,-1
519,87,640.355,454.456,34.565,85.935,0.811821,-1,-1,-1
519,114,1168.219,440.510,41.659,89.181,0.582165,-1,-1,-1
519,77,1043.148,438.060,115.473,242.207,0.914157,-1,-1,-1
519,92,411.923,455.369,53.319,111.755,0.802005,-1,-1,-1
519,120,372.965,461.016,50.684,107.758,0.675350,-1,-1,-1
519,121,663.625,454.034,29.037,80.920,0.677328,-1,-1,-1
519,119,536.506,453.678,35.411,76.606,0.844457,-1,-1,-1
519,104,1680.782,412.327,110.735,331.306,0.250495,-1,-1,-1
519,81,680.381,445.223,47.219,129.316,0.887595,-1,-1,-1
519,113,722.324,452.265,31.833,83.649,0.804279,-1,-1,-1
519,100,993.960,443.950,40.824,119.366,0.147593,-1,-1,-1
519,123,882.442,438.780,47.591,145.932,0.709791,-1,-1,-1
520,94,1849.519,410.674,70.813,467.468,0.902341,-1,-1,-1
520,93,1492.682,410.889,203.342,565.933,0.869739,-1,-1,-1
520,12,1572.764,379.794,274.398,692.866,0.911631,-1,-1,-1
520,51,1326.719,405.484,268.112,664.283,0.940429,-1,-1,-1
520,72,876.362,402.727,112.013,298.409,0.910486,-1,-1,-1
520,80,926.761,446.675,148.491,272.491,0.911494,-1,-1,-1
520,85,740.084,426.137,109.121,269.471,0.938953,-1,-1,-1
520,99,-5.359,485.552,160.898,267.968,0.947600,-1,-1,-1
520,32,450.927,453.093,56.319,102.222,0.584435,-1,-1,-1
520,108,1104.897,443.340,58.953,144.930,0.740197,-1,-1,-1
520,112,570.364,449.946,33.348,82.947,0.874333,-1,-1,-1
520,106,551.257,447.582,33.003,79.985,0.207238,-1,-1,-1
520,87,641.190,453.406,35.861,86.449,0.831108,-1,-1,-1
520,114,1169.019,442.802,41.816,86.539,0.699531,-1,-1,-1
520,77,1042.219,447.357,116.708,232.919,0.879414,-1,-1,-1
520,92,412.003,456.087,53.722,111.056,0.811488,-1,-1,-1
520,120,375.621,461.283,47.422,106.269,0.685799,-1,-1,-1
520,121,662.901,452.961,28.918,80.454,0.692623,-1,-1,-1
520,119,537.693,454.706,34.007,75.831,0.851438,-1,-1,-1
520,104,1678.778,426.500,113.981,297.639,0.107624,-1,-1,-1
520,81,677.971,444.872,49.432,130.047,0.897344,-1,-1,-1
520,113,720.975,450.049,33.717,85.053,0.838309,-1,-1,-1
520,123,884.235,438.820,45.555,143.707,0.604203,-1,-1,-1
520,124,840.013,461.331,36.250,85.726,0.615386,-1,-1,-1
521,94,1857.733,403.408,62.488,483.185,0.767623,-1,-1,-1
521,93,1494.611,416.246,206.716,559.375,0.870463,-1,-1,-1
521,12,1578.744,375.544,265.503,692.968,0.897824,-1,-1,-1
521,51,1328.544,403.542,270.218,670.110,0.945929,-1,-1,-1
521,72,876.707,407.515,106.577,295.311,0.909157,-1,-1,-1
521,80,933.041,450.563,141.856,268.339,0.918518,-1,-1,-1
521,85,741.883,428.458,112.452,265.109,0.930744,-1,-1,-1
521,99,-5.207,482.783,141.885,271.520,0.933581,-1,-1,-1
521,32,451.589,453.026,56.425,103.526,0.619607,-1,-1,-1
521,108,1109.463,441.630,56.360,141.081,0.713431,-1,-1,-1
521,112,571.036,450.881,32.373,81.332,0.866092,-1,-1,-1
521,106,549.479,449.222,32.322,78.532,0.253377,-1,-1,-1
521,87,639.109,451.987,34.243,81.218,0.622562,-1,-1,-1
521,114,1168.638,443.176,43.549,86.311,0.696327,-1,-1,-1
521,77,1041.909,444.246,116.581,237.454,0.911608,-1,-1,-1
521,92,412.244,456.447,52.463,110.880,0.826495,-1,-1,-1
521,120,376.360,461.840,46.725,106.055,0.736779,-1,-1,-1
521,121,664.073,453.934,27.846,77.630,0.666936,-1,-1,-1
521,119,539.199,455.188,32.492,75.265,0.834250,-1,-1,-1
521,81,677.253,446.441,48.782,129.038,0.899277,-1,-1,-1
521,113,719.964,449.388,33.171,85.066,0.827770,-1,-1,-1
521,123,886.427,439.613,41.664,131.312,0.544153,-1,-1,-1
521,124,840.042,461.761,34.656,81.837,0.634801,-1,-1,-1
522,94,1848.093,408.881,71.741,481.322,0.609520,-1,-1,-1
522,93,1491.394,425.230,219.203,548.770,0.882997,-1,-1,-1
522,12,1572.088,375.723,321.759,698.947,0.916006,-1,-1,-1
522,51,1331.233,403.152,272.792,672.134,0.941479,-1,-1,-1
522,72,876.823,403.757,102.076,299.390,0.907944,-1,-1,-1
522,80,943.331,446.618,134.991,269.670,0.914705,-1,-1,-1
522,85,747.726,427.825,106.986,263.173,0.922101,-1,-1,-1
522,99,-4.072,476.465,133.993,279.614,0.875166,-1,-1,-1
522,32,452.690,453.215,54.982,102.913,0.573066,-1,-1,-1
522,108,1111.813,441.782,55.352,138.289,0.681569,-1,-1,-1
522,112,571.719,453.912,32.121,76.488,0.852346,-1,-1,-1
522,87,642.294,453.977,34.925,84.237,0.783839,-1,-1,-1
522,114,1167.977,442.138,44.812,88.170,0.622246,-1,-1,-1
522,77,1043.019,442.919,116.056,236.811,0.913150,-1,-1,-1
522,92,412.170,458.326,51.329,109.068,0.795034,-1,-1,-1
522,120,377.115,462.350,45.327,104.659,0.724737,-1,-1,-1
522,121,665.151,453.070,28.886,75.922,0.606083,-1,-1,-1
522,119,538.327,454.726,33.518,75.975,0.824791,-1,-1,-1
522,81,676.080,447.820,48.304,128.631,0.900699,-1,-1,-1
522,113,718.644,447.441,34.299,88.068,0.832800,-1,-1,-1
522,123,886.185,441.824,39.723,123.471,0.538448,-1,-1,-1
522,124,844.115,462.412,37.133,90.956,0.737290,-1,-1,-1
522,117,1063.618,446.408,43.994,110.496,0.601313,-1,-1,-1
522,100,958.425,451.461,55.698,135.134,0.653790,-1,-1,-1
523,94,1862.230,397.126,57.865,499.269,0.160891,-1,-1,-1
523,93,1499.016,418.582,217.191,549.873,0.881481,-1,-1,-1
523,12,1564.161,372.551,344.413,704.886,0.935015,-1,-1,-1
523,51,1340.148,400.990,268.180,673.211,0.945927,-1,-1,-1
523,72,876.518,406.734,102.160,297.709,0.907505,-1,-1,-1
523,80,952.463,446.822,126.179,268.513,0.910732,-1,-1,-1
523,85,753.129,428.868,113.878,261.898,0.929090,-1,-1,-1
523,99,-3.412,497.832,122.395,264.847,0.796343,-1,-1,-1
523,32,452.570,455.816,55.363,101.978,0.648496,-1,-1,-1
523,108,1116.032,442.908,54.132,135.561,0.623071,-1,-1,-1
523,112,571.495,452.533,34.247,78.549,0.862715,-1,-1,-1
523,87,647.316,456.442,34.448,84.404,0.765418,-1,-1,-1
523,114,1169.291,441.314,42.591,88.801,0.517040,-1,-1,-1
523,77,1045.759,442.848,116.578,236.184,0.920248,-1,-1,-1
523,92,411.788,458.224,51.949,109.035,0.829109,-1,-1,-1
523,120,376.503,462.378,46.114,106.564,0.769802,-1,-1,-1
523,121,663.599,453.132,29.812,81.592,0.568464,-1,-1,-1
523,119,537.659,454.393,34.553,75.590,0.804872,-1,-1,-1
523,81,675.777,450.640,48.076,124.335,0.903923,-1,-1,-1
523,113,717.605,448.420,35.864,85.446,0.836955,-1,-1,-1
523,123,889.730,436.416,45.136,142.421,0.605091,-1,-1,-1
523,124,843.202,466.882,38.899,87.710,0.555963,-1,-1,-1
523,117,1063.797,444.825,39.918,112.019,0.589492,-1,-1,-1
523,100,953.771,451.384,59.649,138.620,0.694013,-1,-1,-1
524,93,1497.197,411.491,225.771,576.789,0.881261,-1,-1,-1
524,12,1567.888,368.896,350.328,707.931,0.938144,-1,-1,-1
524,51,1353.252,399.549,258.508,675.925,0.940255,-1,-1,-1
524,72,878.834,404.944,105.177,300.347,0.915758,-1,-1,-1
524,80,958.585,449.128,121.467,266.998,0.912869,-1,-1,-1
524,85,757.095,430.424,112.260,260.773,0.929342,-1,-1,-1
524,99,-2.814,494.928,80.879,269.153,0.741080,-1,-1,-1
524,32,454.435,456.582,54.785,100.737,0.646402,-1,-1,-1
524,108,1119.694,445.788,50.715,130.832,0.570749,-1,-1,-1
524,112,571.625,451.769,34.701,81.610,0.871811,-1,-1,-1
524,87,648.740,455.413,33.843,84.177,0.785798,-1,-1,-1
524,114,1170.082,443.386,40.705,86.875,0.466809,-1,-1,-1
524,77,1050.519,440.384,111.075,237.792,0.932141,-1,-1,-1
524,92,411.615,459.523,52.487,107.276,0.840797,-1,-1,-1
524,120,376.149,462.519,45.877,106.294,0.739993,-1,-1,-1
524,121,666.442,451.288,30.626,79.695,0.402014,-1,-1,-1
524,119,538.943,455.228,33.460,75.732,0.829039,-1,-1,-1
524,81,674.947,449.186,48.440,124.931,0.907489,-1,-1,-1
524,113,717.639,447.793,37.759,88.321,0.868577,-1,-1,-1
524,123,888.774,442.579,41.310,122.969,0.655223,-1,-1,-1
524,124,844.676,465.169,39.674,90.676,0.744984,-1,-1,-1
524,117,1065.172,448.228,37.845,110.621,0.538828,-1,-1,-1
524,100,951.296,452.913,59.085,137.366,0.479732,-1,-1,-1
525,93,1504.239,402.445,232.413,609.739,0.881671,-1,-1,-1
525,12,1568.131,369.885,355.016,706.079,0.954245,-1,-1,-1
525,51,1374.841,398.908,239.603,675.060,0.935779,-1,-1,-1
525,72,885.069,402.300,101.678,305.236,0.913235,-1,-1,-1
525,80,959.966,446.989,119.781,270.881,0.904535,-1,-1,-1
525,85,760.849,427.677,108.569,265.434,0.930362,-1,-1,-1
525,99,-1.477,512.154,51.810,250.589,0.733171,-1,-1,-1
525,32,453.183,462.723,57.275,94.409,0.583251,-1,-1,-1
525,108,1124.901,447.448,41.523,105.972,0.502388,-1,-1,-1
525,112,572.539,450.778,34.808,83.120,0.882502,-1,-1,-1
525,87,645.200,450.439,34.298,81.956,0.637625,-1,-1,-1
525,114,1173.855,445.780,36.662,82.134,0.258458,-1,-1,-1
525,77,1054.450,440.110,108.176,236.807,0.922209,-1,-1,-1
525,92,411.397,458.310,51.665,107.776,0.826666,-1,-1,-1
525,120,376.103,462.407,45.659,104.669,0.747827,-1,-1,-1
525,121,654.885,452.464,33.930,86.670,0.791163,-1,-1,-1
525,119,539.823,456.870,33.022,75.431,0.835044,-1,-1,-1
525,81,673.220,448.969,49.482,123.493,0.909605,-1,-1,-1
525,113,717.371,446.683,38.949,89.676,0.889051,-1,-1,-1
525,123,888.264,447.973,35.458,102.195,0.387871,-1,-1,-1
525,124,845.323,467.009,39.436,84.361,0.615743,-1,-1,-1
525,117,1039.268,448.178,50.795,131.041,0.631677,-1,-1,-1
525,100,950.401,445.260,60.838,153.543,0.415099,-1,-1,-1
525,97,1.835,521.756,82.900,207.428,0.850659,-1,-1,-1
526,93,1510.635,403.315,224.346,622.620,0.870206,-1,-1,-1
526,12,1567.860,369.578,356.608,705.319,0.936128,-1,-1,-1
526,51,1398.777,401.992,222.568,669.586,0.945050,-1,-1,-1
526,72,894.918,400.451,91.011,308.922,0.914889,-1,-1,-1
526,80,970.880,446.319,113.277,272.803,0.883435,-1,-1,-1
526,85,764.017,428.539,105.258,262.449,0.935740,-1,-1,-1
526,99,-0.672,518.432,38.484,257.227,0.283911,-1,-1,-1
526,32,453.078,461.454,57.397,95.596,0.578532,-1,-1,-1
526,108,1123.463,450.965,45.825,104.228,0.494557,-1,-1,-1
526,112,572.690,450.405,34.854,82.780,0.886585,-1,-1,-1
526,87,650.232,452.769,33.934,89.240,0.725419,-1,-1,-1
526,114,1168.645,442.055,40.216,87.488,0.480756,-1,-1,-1
526,77,1061.919,437.966,103.027,239.788,0.918465,-1,-1,-1
526,92,411.187,458.062,51.528,108.126,0.832298,-1,-1,-1
526,120,376.020,462.473,45.444,103.876,0.745200,-1,-1,-1
526,121,657.582,450.512,33.358,82.976,0.416644,-1,-1,-1
526,119,539.203,457.402,33.690,75.134,0.837029,-1,-1,-1
526,81,672.895,448.085,50.753,124.422,0.906384,-1,-1,-1
526,113,717.307,446.504,38.066,90.243,0.877760,-1,-1,-1
526,123,885.594,449.089,34.870,97.313,0.411282,-1,-1,-1
526,124,844.211,464.529,40.211,89.242,0.611683,-1,-1,-1
526,117,1033.713,447.702,55.352,139.251,0.643984,-1,-1,-1
526,100,957.616,451.840,54.727,138.682,0.423563,-1,-1,-1
526,97,-1.524,523.245,75.851,228.313,0.756389,-1,-1,-1
526,86,658.345,449.442,48.142,116.071,0.646871,-1,-1,-1
527,93,1523.668,398.136,212.608,627.543,0.875946,-1,-1,-1
527,12,1593.607,365.019,330.698,704.193,0.915565,-1,-1,-1
527,51,1417.487,402.314,210.228,669.584,0.949919,-1,-1,-1
527,72,901.867,398.347,87.413,311.596,0.912102,-1,-1,-1
527,80,971.884,446.351,108.955,273.998,0.864842,-1,-1,-1
527,85,765.485,429.469,109.880,262.004,0.936154,-1,-1,-1
527,32,452.859,467.682,57.578,89.292,0.467300,-1,-1,-1
527,108,1120.292,461.035,56.578,103.999,0.670797,-1,-1,-1
527,112,572.804,450.072,34.910,83.039,0.881326,-1,-1,-1
527,87,651.803,455.768,32.855,88.100,0.693574,-1,-1,-1
527,114,1163.942,442.650,44.860,94.221,0.491168,-1,-1,-1
527,77,1068.015,446.780,106.674,230.211,0.894488,-1,-1,-1
527,92,411.190,457.915,51.010,108.486,0.834253,-1,-1,-1
527,120,376.044,462.575,45.369,103.906,0.740245,-1,-1,-1
527,119,539.460,457.636,33.708,75.212,0.833509,-1,-1,-1
527,81,671.858,448.897,51.563,123.981,0.898671,-1,-1,-1
527,113,716.877,447.489,36.666,88.726,0.876914,-1,-1,-1
527,123,882.896,453.565,35.295,95.048,0.340551,-1,-1,-1
527,124,843.511,464.761,44.396,91.291,0.516673,-1,-1,-1
527,117,1032.273,448.590,53.790,138.755,0.594560,-1,-1,-1
527,100,961.621,449.220,51.598,139.069,0.333575,-1,-1,-1
527,97,-2.590,518.941,67.976,244.203,0.846834,-1,-1,-1
527,86,659.578,453.288,41.120,100.065,0.453340,-1,-1,-1
528,93,1525.774,413.204,206.654,609.477,0.908466,-1,-1,-1
528,12,1628.048,364.937,295.544,706.786,0.944751,-1,-1,-1
528,51,1433.035,401.757,201.449,668.459,0.951905,-1,-1,-1
528,72,903.915,396.431,89.887,312.922,0.908027,-1,-1,-1
528,80,974.371,452.551,105.919,268.942,0.895169,-1,-1,-1
528,85,772.182,430.396,114.736,258.912,0.929472,-1,-1,-1
528,32,452.787,467.563,59.241,90.404,0.499628,-1,-1,-1
528,108,1122.003,456.138,50.636,94.810,0.346635,-1,-1,-1
528,112,571.986,449.779,35.740,83.726,0.877405,-1,-1,-1
528,87,651.660,454.988,32.860,86.920,0.656024,-1,-1,-1
528,114,1162.361,442.051,46.618,95.487,0.617983,-1,-1,-1
528,77,1074.201,447.380,110.635,228.482,0.900971,-1,-1,-1
528,92,411.199,456.519,52.951,112.588,0.860481,-1,-1,-1
528,120,375.946,462.373,46.230,103.721,0.644079,-1,-1,-1
528,119,540.029,455.846,34.336,77.635,0.848489,-1,-1,-1
528,81,669.638,450.936,52.429,119.387,0.876964,-1,-1,-1
528,113,716.866,450.804,35.184,85.316,0.858995,-1,-1,-1
528,123,882.069,452.704,37.580,94.599,0.398088,-1,-1,-1
528,124,842.206,464.669,43.245,87.089,0.395392,-1,-1,-1
528,117,1045.525,451.706,47.373,111.446,0.626883,-1,-1,-1
528,100,963.868,448.884,54.716,142.638,0.283797,-1,-1,-1
528,97,-2.349,517.716,57.897,264.609,0.780868,-1,-1,-1
528,86,660.701,454.167,40.842,99.678,0.549619,-1,-1,-1
529,93,1530.515,425.394,218.862,591.452,0.889895,-1,-1,-1
529,12,1667.736,374.312,255.018,618.711,0.930163,-1,-1,-1
529,51,1439.614,402.493,198.216,664.558,0.937489,-1,-1,-1
529,72,907.367,398.557,90.392,310.459,0.891304,-1,-1,-1
529,80,980.408,450.140,109.842,272.687,0.874117,-1,-1,-1
529,85,776.915,431.375,120.677,259.004,0.928528,-1,-1,-1
529,32,453.044,472.533,58.482,85.890,0.524121,-1,-1,-1
529,108,1097.024,448.747,82.292,130.943,0.687698,-1,-1,-1
529,112,571.964,449.901,36.231,84.267,0.885309,-1,-1,-1
529,87,651.929,454.540,33.083,85.269,0.675646,-1,-1,-1
529,114,1156.005,443.378,51.657,95.214,0.708920,-1,-1,-1
529,77,1079.560,442.620,109.534,228.919,0.892631,-1,-1,-1
529,92,412.006,454.370,51.723,115.148,0.872744,-1,-1,-1
529,120,376.398,462.731,46.588,105.397,0.718576,-1,-1,-1
529,119,539.659,452.642,35.976,82.224,0.860846,-1,-1,-1
529,81,665.040,453.078,53.808,117.676,0.881778,-1,-1,-1
529,113,716.240,452.465,34.267,83.665,0.859269,-1,-1,-1
529,123,882.352,448.829,37.886,93.105,0.394600,-1,-1,-1
529,124,840.017,455.211,47.229,97.813,0.309633,-1,-1,-1
529,117,1038.654,447.211,60.664,136.354,0.737108,-1,-1,-1
529,100,963.349,447.036,52.539,136.633,0.338838,-1,-1,-1
529,97,-1.772,516.764,46.111,260.079,0.706508,-1,-1,-1
529,98,318.106,451.938,47.381,113.539,0.607900,-1,-1,-1
530,93,1542.814,423.377,216.524,583.352,0.890513,-1,-1,-1
530,12,1653.899,377.797,266.537,666.577,0.906640,-1,-1,-1
530,51,1442.382,398.625,210.898,667.995,0.936949,-1,-1,-1
530,72,910.243,396.098,89.897,310.647,0.918277,-1,-1,-1
530,80,983.526,448.857,118.192,275.559,0.883776,-1,-1,-1
530,85,779.467,429.935,123.527,258.248,0.941173,-1,-1,-1
530,32,453.738,470.623,55.889,87.146,0.409972,-1,-1,-1
530,108,1123.501,443.766,71.507,118.554,0.751487,-1,-1,-1
530,112,571.430,449.987,34.910,84.245,0.870254,-1,-1,-1
530,87,652.375,454.194,32.264,82.169,0.497569,-1,-1,-1
530,114,1158.766,441.854,51.478,94.557,0.665069,-1,-1,-1
530,77,1081.810,438.204,108.486,235.520,0.889742,-1,-1,-1
530,92,412.834,454.057,49.757,114.433,0.870170,-1,-1,-1
530,120,376.823,463.038,46.033,105.220,0.746321,-1,-1,-1
530,119,539.389,455.260,33.921,79.447,0.836634,-1,-1,-1
530,81,661.537,453.819,53.105,115.255,0.907612,-1,-1,-1
530,113,715.057,451.231,33.918,86.016,0.859875,-1,-1,-1
530,123,883.661,446.889,36.362,92.408,0.457021,-1,-1,-1
530,124,839.433,449.338,47.096,111.559,0.219232,-1,-1,-1
530,117,1034.839,445.713,68.606,146.230,0.568874,-1,-1,-1
530,100,967.953,447.210,47.940,130.503,0.175570,-1,-1,-1
530,97,-1.150,510.441,34.296,222.509,0.656090,-1,-1,-1
530,98,318.174,452.196,45.361,112.836,0.564951,-1,-1,-1
531,93,1546.155,414.346,227.363,602.145,0.874763,-1,-1,-1
531,12,1638.494,363.237,282.228,703.938,0.914719,-1,-1,-1
531,51,1445.521,399.369,214.072,667.926,0.943300,-1,-1,-1
531,72,911.684,398.607,89.011,308.745,0.929325,-1,-1,-1
531,80,983.184,451.400,124.412,273.425,0.926629,-1,-1,-1
531,85,780.683,428.806,129.018,259.110,0.945048,-1,-1,-1
531,32,453.374,466.294,54.366,91.199,0.550927,-1,-1,-1
531,108,1133.113,441.093,65.321,116.744,0.503528,-1,-1,-1
531,112,571.266,449.198,34.317,86.147,0.865187,-1,-1,-1
531,87,650.741,453.003,31.975,82.496,0.534820,-1,-1,-1
531,114,1158.923,440.922,49.246,101.125,0.550708,-1,-1,-1
531,77,1083.260,434.050,108.720,241.351,0.930131,-1,-1,-1
531,92,412.045,453.930,49.112,114.704,0.873774,-1,-1,-1
531,120,377.050,463.645,46.008,105.173,0.643989,-1,-1,-1
531,119,540.169,453.716,33.097,80.126,0.824032,-1,-1,-1
531,81,659.815,453.208,52.148,115.007,0.899071,-1,-1,-1
531,113,714.260,448.927,34.360,88.388,0.874388,-1,-1,-1
531,123,882.862,448.228,38.031,94.066,0.286560,-1,-1,-1
531,124,838.124,445.876,46.398,122.287,0.152463,-1,-1,-1
531,117,1040.680,448.973,60.610,136.496,0.440315,-1,-1,-1
531,100,975.806,448.930,46.737,121.638,0.149088,-1,-1,-1
531,97,-0.607,497.644,25.389,226.976,0.451800,-1,-1,-1
531,98,318.805,464.366,41.981,98.299,0.316607,-1,-1,-1
531,104,1701.625,369.650,215.318,575.243,0.858931,-1,-1,-1
532,93,1546.514,411.808,225.100,613.062,0.883048,-1,-1,-1
532,12,1621.362,380.273,299.720,695.757,0.924170,-1,-1,-1
532,51,1447.943,397.971,223.662,671.204,0.937288,-1,-1,-1
532,72,913.403,404.198,94.095,302.868,0.923163,-1,-1,-1
532,80,992.651,450.504,123.949,272.614,0.924836,-1,-1,-1
532,85,784.634,430.901,129.034,256.545,0.945234,-1,-1,-1
532,32,452.656,465.179,53.581,91.469,0.412192,-1,-1,-1
532,108,1140.644,438.431,63.307,120.765,0.705616,-1,-1,-1
532,112,571.061,448.711,35.111,87.703,0.880997,-1,-1,-1
532,87,647.787,452.903,29.712,73.343,0.518817,-1,-1,-1
532,114,1165.099,441.975,46.906,91.164,0.233237,-1,-1,-1
532,77,1083.933,434.345,108.297,243.009,0.911900,-1,-1,-1
532,92,412.585,453.505,49.222,114.513,0.856726,-1,-1,-1
532,120,377.003,463.840,46.291,103.827,0.637529,-1,-1,-1
532,119,539.328,453.803,34.254,81.018,0.865484,-1,-1,-1
532,81,658.745,452.412,50.142,116.022,0.900751,-1,-1,-1
532,113,713.508,448.521,34.667,89.533,0.857410,-1,-1,-1
532,123,880.726,444.599,38.125,101.567,0.151822,-1,-1,-1
532,117,1040.251,441.429,69.614,155.682,0.349268,-1,-1,-1
532,100,976.051,445.739,50.596,124.619,0.161720,-1,-1,-1
532,98,316.521,457.383,45.406,107.889,0.435916,-1,-1,-1
533,93,1531.880,410.420,234.987,623.845,0.825390,-1,-1,-1
533,12,1621.467,365.418,299.223,714.028,0.922912,-1,-1,-1
533,51,1448.855,400.371,244.255,671.634,0.927009,-1,-1,-1
533,72,913.743,405.190,98.436,301.404,0.920962,-1,-1,-1
533,80,994.745,445.140,128.974,277.733,0.919317,-1,-1,-1
533,85,787.312,436.583,127.640,251.191,0.942393,-1,-1,-1
533,32,453.054,464.802,54.830,92.109,0.462065,-1,-1,-1
533,108,1151.633,441.107,53.878,114.347,0.783990,-1,-1,-1
533,112,571.098,448.227,36.197,88.068,0.875239,-1,-1,-1
533,87,648.133,452.686,28.749,70.865,0.491850,-1,-1,-1
533,77,1088.564,438.935,92.835,238.297,0.894545,-1,-1,-1
533,92,412.654,453.333,50.192,113.730,0.862320,-1,-1,-1
533,120,377.715,463.752,45.350,100.404,0.581027,-1,-1,-1
533,119,539.054,454.656,34.270,79.374,0.848421,-1,-1,-1
533,81,658.759,452.179,47.584,114.609,0.895514,-1,-1,-1
533,113,713.232,450.195,32.784,88.437,0.845775,-1,-1,-1
533,123,883.369,448.217,38.141,93.466,0.221615,-1,-1,-1
533,117,1045.268,441.707,59.959,146.653,0.198665,-1,-1,-1
533,100,984.273,451.812,63.113,163.065,0.615266,-1,-1,-1
533,98,317.048,455.362,44.746,110.020,0.483819,-1,-1,-1
534,93,1542.267,409.752,228.708,623.020,0.896389,-1,-1,-1
534,12,1648.320,368.150,272.702,712.501,0.934797,-1,-1,-1
534,51,1453.522,403.085,233.596,670.040,0.938413,-1,-1,-1
534,72,916.651,408.495,97.132,299.357,0.925367,-1,-1,-1
534,80,999.538,441.462,132.550,281.593,0.933513,-1,-1,-1
534,85,790.505,437.542,125.956,250.385,0.940279,-1,-1,-1
534,32,453.146,460.799,58.343,96.919,0.624810,-1,-1,-1
534,108,1158.895,441.905,49.313,101.292,0.572828,-1,-1,-1
534,112,571.161,446.763,37.602,88.598,0.871559,-1,-1,-1
534,87,648.050,450.885,28.120,70.088,0.384966,-1,-1,-1
534,77,1091.720,442.879,86.234,234.350,0.876565,-1,-1,-1
534,92,413.180,450.864,49.512,117.160,0.872862,-1,-1,-1
534,120,377.168,463.078,46.012,103.428,0.732382,-1,-1,-1
534,119,538.944,454.133,34.531,80.484,0.860507,-1,-1,-1
534,81,658.319,451.441,46.768,115.324,0.905209,-1,-1,-1
534,113,715.405,452.802,31.479,86.174,0.843032,-1,-1,-1
534,123,880.016,444.489,37.345,89.563,0.364308,-1,-1,-1
534,117,1042.850,443.676,69.119,147.473,0.197878,-1,-1,-1
534,100,987.277,456.684,63.490,137.793,0.658765,-1,-1,-1
534,98,318.002,453.474,43.636,110.933,0.540694,-1,-1,-1
535,93,1557.906,408.875,224.186,626.988,0.887587,-1,-1,-1
535,12,1675.945,372.169,245.419,708.020,0.917541,-1,-1,-1
535,51,1456.239,403.046,233.210,670.359,0.937350,-1,-1,-1
535,72,914.716,408.563,103.212,298.730,0.925081,-1,-1,-1
535,80,998.763,437.834,136.241,285.467,0.932556,-1,-1,-1
535,85,793.353,437.016,125.585,251.221,0.950107,-1,-1,-1
535,32,453.647,460.709,58.976,97.075,0.618363,-1,-1,-1
535,108,1161.246,443.474,47.204,99.753,0.635842,-1,-1,-1
535,112,571.793,447.286,38.135,88.047,0.872639,-1,-1,-1
535,87,647.505,451.634,28.093,68.412,0.593969,-1,-1,-1
535,77,1093.708,442.603,86.865,233.640,0.874209,-1,-1,-1
535,92,413.539,451.085,50.224,117.956,0.864303,-1,-1,-1
535,120,376.673,463.022,48.756,106.641,0.783995,-1,-1,-1
535,119,539.782,454.871,34.108,79.749,0.875252,-1,-1,-1
535,81,659.731,451.743,45.838,115.136,0.904680,-1,-1,-1
535,113,714.399,452.812,32.529,85.940,0.856958,-1,-1,-1
535,123,880.600,446.466,36.037,88.966,0.372384,-1,-1,-1
535,117,1037.164,439.351,64.513,147.998,0.102489,-1,-1,-1
535,100,999.535,454.317,49.088,108.781,0.630017,-1,-1,-1
535,98,317.077,451.151,45.869,114.949,0.579985,-1,-1,-1
536,93,1560.290,417.034,229.719,619.113,0.902487,-1,-1,-1
536,12,1719.351,368.545,201.842,708.134,0.933414,-1,-1,-1
536,51,1454.214,404.537,247.783,668.359,0.939364,-1,-1,-1
536,72,913.829,409.028,109.575,299.204,0.921896,-1,-1,-1
536,80,997.371,447.707,142.888,275.338,0.935275,-1,-1,-1
536,85,796.323,435.424,124.078,251.728,0.949959,-1,-1,-1
536,32,453.815,463.283,58.984,93.794,0.543881,-1,-1,-1
536,108,1164.300,440.186,44.749,104.724,0.687225,-1,-1,-1
536,112,573.286,450.012,37.211,86.031,0.867985,-1,-1,-1
536,87,648.373,453.905,28.479,65.925,0.585382,-1,-1,-1
536,77,1096.943,437.276,91.848,241.587,0.908115,-1,-1,-1
536,92,413.647,451.720,50.012,117.490,0.864920,-1,-1,-1
536,120,376.836,463.173,48.891,106.428,0.782179,-1,-1,-1
536,119,540.517,455.516,33.035,79.429,0.861762,-1,-1,-1
536,81,659.944,453.581,45.555,112.414,0.888625,-1,-1,-1
536,113,712.391,451.913,34.671,86.074,0.872949,-1,-1,-1
536,123,881.813,445.460,36.354,96.522,0.385054,-1,-1,-1
536,117,1040.036,440.123,49.882,130.668,0.192617,-1,-1,-1
536,100,996.744,454.190,58.896,122.558,0.570555,-1,-1,-1
536,98,317.141,450.517,45.615,113.758,0.510141,-1,-1,-1
537,93,1567.608,418.409,224.961,619.431,0.905442,-1,-1,-1
537,12,1748.221,378.269,172.706,701.037,0.937465,-1,-1,-1
537,51,1452.640,405.073,255.146,668.834,0.935474,-1,-1,-1
537,72,915.048,410.166,112.397,297.200,0.924513,-1,-1,-1
537,80,998.203,443.410,143.483,280.384,0.929635,-1,-1,-1
537,85,798.369,434.992,122.212,251.821,0.949277,-1,-1,-1
537,32,453.851,462.425,58.904,94.203,0.533503,-1,-1,-1
537,108,1165.244,440.773,39.838,103.979,0.553918,-1,-1,-1
537,112,574.920,453.780,37.104,82.416,0.871788,-1,-1,-1
537,87,647.880,453.820,28.143,66.075,0.566420,-1,-1,-1
537,77,1094.372,438.504,96.649,237.777,0.867530,-1,-1,-1
537,92,414.024,451.539,49.319,118.181,0.871076,-1,-1,-1
537,120,377.196,463.280,48.230,106.538,0.796463,-1,-1,-1
537,119,541.042,455.068,33.139,79.698,0.862647,-1,-1,-1
537,81,660.279,454.206,44.481,112.416,0.879911,-1,-1,-1
537,113,711.609,450.418,36.053,87.809,0.881574,-1,-1,-1
537,123,884.764,446.490,34.227,96.722,0.420024,-1,-1,-1
537,117,1037.816,443.417,48.326,126.200,0.236279,-1,-1,-1
537,100,1000.981,451.115,55.082,123.927,0.619291,-1,-1,-1
537,98,317.152,450.398,45.193,113.132,0.481700,-1,-1,-1
537,126,701.214,451.621,30.238,83.222,0.689415,-1,-1,-1
538,93,1568.906,417.076,222.766,616.386,0.893979,-1,-1,-1
538,12,1763.516,379.945,157.056,700.317,0.947230,-1,-1,-1
538,51,1451.293,401.492,261.023,672.868,0.936230,-1,-1,-1
538,72,912.202,410.580,123.590,295.992,0.929415,-1,-1,-1
538,80,1003.299,439.455,141.019,282.500,0.928033,-1,-1,-1
538,85,799.166,433.523,125.062,251.807,0.947055,-1,-1,-1
538,32,454.532,463.863,57.531,92.017,0.549471,-1,-1,-1
538,108,1163.359,442.138,42.120,101.207,0.633266,-1,-1,-1
538,112,575.743,456.020,36.721,80.499,0.864751,-1,-1,-1
538,87,647.448,455.040,27.067,64.686,0.484586,-1,-1,-1
538,77,1084.009,438.114,107.854,238.335,0.894941,-1,-1,-1
538,92,412.924,452.665,51.526,116.952,0.870821,-1,-1,-1
538,120,375.560,463.490,50.129,106.856,0.792421,-1,-1,-1
538,119,540.527,454.422,33.843,80.533,0.862007,-1,-1,-1
538,81,660.424,455.016,41.691,110.050,0.881233,-1,-1,-1
538,113,710.824,449.428,36.268,88.060,0.876071,-1,-1,-1
538,123,884.474,444.430,33.410,90.802,0.107245,-1,-1,-1
538,117,1045.158,441.891,44.113,118.893,0.523397,-1,-1,-1
538,100,1003.714,446.556,49.220,124.769,0.661866,-1,-1,-1
538,98,316.381,450.621,45.861,113.936,0.513968,-1,-1,-1
538,126,699.886,450.840,30.698,83.916,0.720223,-1,-1,-1
539,93,1567.398,415.375,230.322,606.181,0.906569,-1,-1,-1
539,12,1771.170,383.839,149.326,696.748,0.940988,-1,-1,-1
539,51,1451.954,400.546,264.900,675.266,0.927164,-1,-1,-1
539,72,913.135,411.690,129.172,293.631,0.928401,-1,-1,-1
539,80,1009.209,441.091,136.724,278.863,0.931951,-1,-1,-1
539,85,801.855,430.334,126.183,255.331,0.945032,-1,-1,-1
539,32,453.006,469.005,53.568,86.385,0.525658,-1,-1,-1
539,108,1164.396,443.654,38.972,100.618,0.585668,-1,-1,-1
539,112,577.172,457.038,34.361,79.740,0.864561,-1,-1,-1
539,87,647.332,452.538,26.482,59.311,0.476678,-1,-1,-1
539,77,1088.353,433.161,101.656,245.909,0.880483,-1,-1,-1
539,92,412.561,452.536,51.510,116.883,0.872957,-1,-1,-1
539,120,375.636,462.760,48.276,107.403,0.807235,-1,-1,-1
539,119,541.308,454.101,33.267,80.620,0.857614,-1,-1,-1
539,81,658.279,454.360,42.974,110.749,0.886508,-1,-1,-1
539,113,709.594,449.273,37.392,89.340,0.874907,-1,-1,-1
539,123,883.803,445.693,37.737,115.359,0.471542,-1,-1,-1
539,117,1046.443,439.813,43.165,115.038,0.475499,-1,-1,-1
539,100,1006.148,448.400,40.437,110.627,0.749996,-1,-1,-1
539,98,316.181,451.692,46.757,114.791,0.605155,-1,-1,-1
539,126,698.422,450.975,31.425,83.297,0.725997,-1,-1,-1
540,93,1579.048,406.198,230.938,614.818,0.899901,-1,-1,-1
540,12,1777.374,392.112,142.941,685.243,0.946005,-1,-1,-1
540,51,1454.424,399.119,271.151,677.123,0.920002,-1,-1,-1
540,72,913.444,409.153,134.771,296.652,0.936798,-1,-1,-1
540,80,1012.664,442.296,133.873,277.565,0.907277,-1,-1,-1
540,85,804.977,430.047,123.703,255.292,0.934742,-1,-1,-1
540,32,452.005,462.696,52.727,92.487,0.374289,-1,-1,-1
540,108,1164.163,442.001,42.180,103.332,0.668578,-1,-1,-1
540,112,577.024,458.384,34.141,78.547,0.864579,-1,-1,-1
540,87,649.662,451.797,28.002,60.641,0.417431,-1,-1,-1
540,77,1089.397,428.072,103.323,252.504,0.869637,-1,-1,-1
540,92,413.622,452.759,51.249,116.000,0.838398,-1,-1,-1
540,120,377.055,463.068,46.713,106.280,0.692366,-1,-1,-1
540,119,541.114,456.630,33.131,78.885,0.849114,-1,-1,-1
540,81,656.157,453.881,41.456,112.059,0.892939,-1,-1,-1
540,113,709.727,446.988,37.159,91.387,0.870524,-1,-1,-1
540,123,883.229,444.643,40.184,124.228,0.163510,-1,-1,-1
540,117,1050.208,445.466,38.305,100.254,0.340856,-1,-1,-1
540,100,1001.940,442.220,42.024,127.374,0.456916,-1,-1,-1
540,98,315.904,451.487,46.040,113.662,0.571697,-1,-1,-1
540,126,693.634,450.522,31.131,83.049,0.724007,-1,-1,-1
541,93,1579.003,411.389,235.176,608.721,0.885618,-1,-1,-1
541,12,1783.427,382.135,136.748,697.277,0.945689,-1,-1,-1
541,51,1458.924,398.178,271.847,677.337,0.921994,-1,-1,-1
541,72,916.495,418.122,132.483,285.318,0.922441,-1,-1,-1
541,80,1018.854,442.594,128.656,277.259,0.899140,-1,-1,-1
541,85,808.149,429.023,122.820,255.475,0.938120,-1,-1,-1
541,32,451.313,457.834,49.795,97.393,0.474276,-1,-1,-1
541,108,1165.979,442.455,44.294,102.345,0.648559,-1,-1,-1
541,112,576.851,458.584,34.180,78.748,0.858534,-1,-1,-1
541,87,650.109,452.169,27.486,58.442,0.418161,-1,-1,-1
541,77,1081.556,428.634,111.429,252.719,0.850175,-1,-1,-1
541,92,413.759,453.392,52.507,114.688,0.833461,-1,-1,-1
541,120,377.008,462.841,46.359,104.784,0.670461,-1,-1,-1
541,119,541.786,458.659,31.935,76.978,0.840779,-1,-1,-1
541,81,655.555,453.995,41.029,111.843,0.891220,-1,-1,-1
541,113,709.898,445.636,36.979,93.061,0.869499,-1,-1,-1
541,123,879.879,435.253,46.213,144.727,0.131230,-1,-1,-1
541,117,1054.329,447.119,36.243,93.219,0.397103,-1,-1,-1
541,100,1001.144,441.564,42.626,128.121,0.373555,-1,-1,-1
541,98,315.745,451.927,47.163,112.852,0.600013,-1,-1,-1
541,126,690.527,450.283,30.515,83.376,0.697931,-1,-1,-1
541,128,920.311,460.516,54.436,132.910,0.649602,-1,-1,-1
542,93,1585.159,412.972,237.727,601.086,0.902976,-1,-1,-1
542,12,1790.658,380.111,129.630,700.032,0.935510,-1,-1,-1
542,51,1464.123,401.605,278.523,674.003,0.939478,-1,-1,-1
542,72,917.972,416.616,128.844,287.129,0.927163,-1,-1,-1
542,80,1017.148,435.077,141.139,285.272,0.911404,-1,-1,-1
542,85,816.592,429.005,118.776,254.962,0.919848,-1,-1,-1
542,32,450.114,457.536,49.782,97.791,0.417230,-1,-1,-1
542,108,1165.581,442.246,46.387,101.820,0.665898,-1,-1,-1
542,112,576.488,457.093,35.350,80.506,0.866882,-1,-1,-1
542,87,651.016,452.421,27.177,57.182,0.389655,-1,-1,-1
542,77,1093.858,433.768,97.830,249.503,0.727617,-1,-1,-1
542,92,414.270,454.460,53.747,113.011,0.819426,-1,-1,-1
542,120,378.541,462.351,44.016,103.275,0.573512,-1,-1,-1
542,119,540.857,458.005,32.420,77.142,0.836605,-1,-1,-1
542,81,656.181,454.362,39.777,112.042,0.887535,-1,-1,-1
542,113,711.542,446.216,35.358,94.554,0.853171,-1,-1,-1
542,123,875.255,432.062,58.714,157.238,0.148835,-1,-1,-1
542,100,1006.206,445.043,34.745,98.291,0.646350,-1,-1,-1
542,98,315.625,452.029,47.178,112.888,0.462173,-1,-1,-1
542,126,691.374,452.995,30.357,80.252,0.735841,-1,-1,-1
542,128,923.360,455.888,55.157,138.546,0.370179,-1,-1,-1
543,93,1588.385,413.919,243.184,599.360,0.910825,-1,-1,-1
543,12,1794.815,390.429,125.012,686.287,0.933539,-1,-1,-1
543,51,1475.953,402.811,270.159,672.139,0.937045,-1,-1,-1
543,72,919.041,414.344,129.242,289.550,0.926934,-1,-1,-1
543,80,1025.225,431.866,139.088,288.803,0.894283,-1,-1,-1
543,85,824.967,428.967,112.574,252.233,0.917704,-1,-1,-1
543,32,450.489,458.792,54.040,96.704,0.444392,-1,-1,-1
543,108,1163.094,442.651,51.057,101.759,0.717036,-1,-1,-1
543,112,576.055,456.981,36.423,80.368,0.865161,-1,-1,-1
543,87,651.745,451.958,28.149,56.730,0.356514,-1,-1,-1
543,77,1099.401,431.864,100.030,251.893,0.789594,-1,-1,-1
543,92,414.038,455.203,53.889,112.362,0.819243,-1,-1,-1
543,120,378.418,462.216,44.186,103.353,0.546681,-1,-1,-1
543,119,541.264,457.342,33.693,77.328,0.840433,-1,-1,-1
543,81,654.940,452.699,40.547,113.600,0.896923,-1,-1,-1
543,113,710.089,446.507,35.218,92.196,0.854397,-1,-1,-1
543,123,871.813,432.295,64.242,164.991,0.254303,-1,-1,-1
543,100,1008.157,447.998,32.602,99.032,0.725331,-1,-1,-1
543,98,316.092,452.769,47.457,111.823,0.417383,-1,-1,-1
543,126,689.988,453.287,31.241,79.681,0.775287,-1,-1,-1
543,128,928.496,451.087,51.967,142.858,0.401443,-1,-1,-1
544,93,1608.827,412.524,245.945,627.671,0.875868,-1,-1,-1
544,12,1797.339,386.138,122.808,691.406,0.922145,-1,-1,-1
544,51,1490.883,402.781,264.011,674.379,0.929189,-1,-1,-1
544,72,921.151,414.823,125.626,288.039,0.915956,-1,-1,-1
544,80,1031.539,429.348,146.223,290.486,0.864947,-1,-1,-1
544,85,832.057,429.986,109.934,252.671,0.924304,-1,-1,-1
544,32,452.118,464.140,55.662,90.772,0.490104,-1,-1,-1
544,108,1161.811,444.698,55.942,104.326,0.602135,-1,-1,-1
544,112,577.060,456.069,35.494,82.273,0.857030,-1,-1,-1
544,87,651.849,451.610,28.549,56.790,0.394422,-1,-1,-1
544,77,1086.057,429.681,117.459,260.458,0.686230,-1,-1,-1
544,92,414.463,455.609,52.484,113.091,0.845593,-1,-1,-1
544,120,378.284,463.095,44.962,105.385,0.684094,-1,-1,-1
544,119,541.628,454.326,35.007,80.458,0.859448,-1,-1,-1
544,81,654.458,451.417,40.764,114.304,0.893442,-1,-1,-1
544,113,708.724,446.446,36.123,91.421,0.855404,-1,-1,-1
544,123,877.545,435.352,59.465,151.897,0.115760,-1,-1,-1
544,100,1007.912,447.239,33.709,98.559,0.725739,-1,-1,-1
544,98,315.960,452.730,47.625,113.350,0.532296,-1,-1,-1
544,126,688.672,454.093,31.637,78.512,0.771037,-1,-1,-1
544,128,930.004,445.012,50.874,139.590,0.585478,-1,-1,-1
544,117,1036.095,448.075,71.921,140.489,0.637477,-1,-1,-1
545,93,1609.097,408.137,244.149,620.593,0.876975,-1,-1,-1
545,12,1802.661,388.832,117.560,690.481,0.888678,-1,-1,-1
545,51,1512.465,401.179,273.247,675.219,0.916817,-1,-1,-1
545,72,920.940,410.876,128.918,292.697,0.913750,-1,-1,-1
545,80,1030.640,431.907,151.762,286.354,0.870268,-1,-1,-1
545,85,838.578,428.661,106.641,255.289,0.931849,-1,-1,-1
545,32,455.378,457.316,53.557,96.935,0.477445,-1,-1,-1
545,108,1172.747,444.991,55.124,102.549,0.777352,-1,-1,-1
545,112,577.180,451.123,37.337,87.981,0.867195,-1,-1,-1
545,87,652.537,451.245,29.712,59.938,0.393272,-1,-1,-1
545,77,1083.245,429.688,120.417,265.134,0.640224,-1,-1,-1
545,92,413.493,454.450,53.438,113.866,0.848622,-1,-1,-1
545,120,377.789,462.995,45.444,103.172,0.566285,-1,-1,-1
545,119,541.131,450.590,35.808,84.396,0.865107,-1,-1,-1
545,81,654.252,451.363,39.867,113.666,0.880519,-1,-1,-1
545,113,708.853,448.448,36.709,89.199,0.863984,-1,-1,-1
545,123,889.253,438.015,55.303,144.417,0.138080,-1,-1,-1
545,100,1003.449,443.072,41.390,117.292,0.616809,-1,-1,-1
545,98,315.799,452.830,48.399,113.093,0.520620,-1,-1,-1
545,126,687.899,454.971,31.160,77.502,0.768528,-1,-1,-1
545,128,930.539,445.326,54.065,134.077,0.607818,-1,-1,-1
545,117,1034.770,444.248,61.604,136.505,0.603626,-1,-1,-1
546,93,1631.668,402.063,227.142,617.841,0.126183,-1,-1,-1
546,12,1834.719,390.870,85.154,689.097,0.674554,-1,-1,-1
546,51,1524.654,401.059,307.326,676.670,0.952953,-1,-1,-1
546,72,919.959,413.360,132.751,291.169,0.915282,-1,-1,-1
546,80,1035.674,430.466,153.971,286.024,0.866843,-1,-1,-1
546,85,844.308,427.530,104.356,256.473,0.912774,-1,-1,-1
546,32,456.356,455.551,53.578,98.142,0.520286,-1,-1,-1
546,108,1174.109,444.690,57.333,102.185,0.630903,-1,-1,-1
546,112,577.543,451.847,35.794,86.183,0.873371,-1,-1,-1
546,87,652.483,453.241,31.937,73.207,0.400883,-1,-1,-1
546,77,1085.249,426.767,119.970,269.104,0.557559,-1,-1,-1
546,92,413.301,456.628,52.877,111.349,0.822106,-1,-1,-1
546,120,376.485,463.616,46.207,101.626,0.507882,-1,-1,-1
546,119,541.779,449.318,35.813,85.568,0.866496,-1,-1,-1
546,81,654.433,452.731,38.950,109.516,0.880905,-1,-1,-1
546,113,711.280,450.690,33.242,87.801,0.848999,-1,-1,-1
546,123,895.079,435.587,53.323,146.505,0.133138,-1,-1,-1
546,100,1003.365,443.087,43.603,114.938,0.407030,-1,-1,-1
546,98,316.066,453.674,47.585,111.060,0.389886,-1,-1,-1
546,126,687.920,457.168,30.398,75.195,0.768653,-1,-1,-1
546,128,931.816,447.193,54.413,136.972,0.629963,-1,-1,-1
546,117,1036.294,446.210,74.953,143.596,0.749708,-1,-1,-1
546,124,823.309,469.055,46.218,81.457,0.602905,-1,-1,-1
546,104,1795.041,371.609,126.865,707.441,0.887184,-1,-1,-1
547,93,1637.016,409.318,233.534,630.726,0.756625,-1,-1,-1
547,12,1839.714,388.873,79.827,691.311,0.875454,-1,-1,-1
547,51,1533.548,400.542,310.290,675.444,0.925401,-1,-1,-1
547,72,928.861,407.415,127.499,298.457,0.902698,-1,-1,-1
547,80,1029.234,428.046,163.426,291.521,0.868972,-1,-1,-1
547,85,847.222,427.014,104.678,253.844,0.906338,-1,-1,-1
547,32,457.664,454.842,50.521,97.354,0.504489,-1,-1,-1
547,108,1176.034,442.548,57.242,106.607,0.636593,-1,-1,-1
547,112,577.562,449.578,37.620,88.707,0.875038,-1,-1,-1
547,77,1086.872,426.845,124.449,265.087,0.672836,-1,-1,-1
547,92,412.445,457.171,55.111,110.932,0.803204,-1,-1,-1
547,120,375.511,464.154,46.951,97.325,0.457579,-1,-1,-1
547,119,542.052,448.493,36.341,86.320,0.874771,-1,-1,-1
547,81,653.705,452.158,39.381,109.066,0.889064,-1,-1,-1
547,113,709.416,450.810,33.838,86.560,0.856508,-1,-1,-1
547,123,894.614,430.980,58.858,151.552,0.234788,-1,-1,-1
547,98,315.501,453.883,47.400,109.682,0.404443,-1,-1,-1
547,126,686.745,457.514,30.816,75.332,0.769048,-1,-1,-1
547,128,930.668,445.865,55.741,140.534,0.744847,-1,-1,-1
547,117,1037.199,447.906,79.166,141.855,0.594678,-1,-1,-1
547,124,822.068,471.133,41.166,77.758,0.501002,-1,-1,-1
548,93,1619.679,417.220,246.961,612.746,0.877086,-1,-1,-1
548,12,1832.811,394.108,87.077,686.146,0.821697,-1,-1,-1
548,51,1539.219,397.786,296.507,680.728,0.918716,-1,-1,-1
548,72,932.820,407.541,122.131,298.521,0.889365,-1,-1,-1
548,80,1035.774,421.190,160.247,298.718,0.885264,-1,-1,-1
548,85,859.314,434.264,91.254,244.861,0.903783,-1,-1,-1
548,32,454.460,455.822,53.027,99.623,0.444516,-1,-1,-1
548,108,1181.613,441.252,52.000,108.103,0.818104,-1,-1,-1
548,112,577.117,449.536,39.467,87.468,0.870747,-1,-1,-1
548,77,1085.241,428.780,122.456,263.205,0.567914,-1,-1,-1
548,92,412.087,458.007,57.612,108.795,0.802467,-1,-1,-1
548,120,373.871,464.000,49.430,97.798,0.560790,-1,-1,-1
548,119,542.123,448.063,37.505,86.069,0.870176,-1,-1,-1
548,81,652.673,452.161,39.458,108.997,0.892508,-1,-1,-1
548,113,709.565,451.386,34.411,86.938,0.866298,-1,-1,-1
548,123,900.294,431.150,51.751,130.199,0.217015,-1,-1,-1
548,98,316.210,453.252,47.046,109.538,0.585548,-1,-1,-1
548,126,686.542,458.943,31.788,73.784,0.771687,-1,-1,-1
548,128,935.502,445.976,56.994,137.818,0.626991,-1,-1,-1
548,117,1037.261,443.213,60.785,131.478,0.619121,-1,-1,-1
548,124,820.663,475.339,39.615,73.270,0.480315,-1,-1,-1
548,100,979.735,428.517,69.676,151.777,0.678463,-1,-1,-1
549,93,1615.360,416.187,258.255,609.171,0.875286,-1,-1,-1
549,12,1858.236,386.699,61.755,604.190,0.719775,-1,-1,-1
549,51,1542.496,396.518,262.925,672.513,0.912035,-1,-1,-1
549,72,939.802,409.904,119.033,296.276,0.881130,-1,-1,-1
549,80,1040.241,420.240,152.125,299.827,0.848532,-1,-1,-1
549,85,864.219,432.437,91.432,251.289,0.885217,-1,-1,-1
549,32,457.359,453.899,50.392,100.553,0.521776,-1,-1,-1
549,108,1182.529,441.160,55.733,111.350,0.717481,-1,-1,-1
549,112,577.459,448.724,39.608,88.832,0.877202,-1,-1,-1
549,77,1088.656,424.414,120.749,264.244,0.816882,-1,-1,-1
549,92,411.751,457.438,59.610,109.323,0.832411,-1,-1,-1
549,120,372.895,462.461,49.929,99.689,0.635114,-1,-1,-1
549,119,542.527,447.354,37.586,86.613,0.876965,-1,-1,-1
549,81,652.329,453.033,41.280,108.313,0.885365,-1,-1,-1
549,113,709.001,450.033,35.931,90.022,0.886792,-1,-1,-1
549,123,901.049,432.850,57.864,142.315,0.316225,-1,-1,-1
549,98,316.191,452.768,48.023,110.809,0.683469,-1,-1,-1
549,126,686.592,456.559,31.354,77.332,0.772978,-1,-1,-1
549,128,944.156,447.345,47.715,124.790,0.363356,-1,-1,-1
549,117,1036.243,440.535,59.091,137.001,0.603398,-1,-1,-1
549,124,818.461,473.897,43.393,77.551,0.369843,-1,-1,-1
549,100,978.659,421.052,77.190,167.843,0.188933,-1,-1,-1
549,104,1823.350,395.556,97.406,668.733,0.684144,-1,-1,-1
550,93,1616.515,414.035,264.079,610.530,0.875586,-1,-1,-1
550,12,1850.367,391.506,69.537,356.550,0.740029,-1,-1,-1
550,51,1545.756,396.401,251.586,673.656,0.911917,-1,-1,-1
550,72,945.532,410.094,128.338,299.537,0.893921,-1,-1,-1
550,80,1043.370,426.330,150.919,295.066,0.850766,-1,-1,-1
550,85,867.200,436.604,89.536,247.155,0.903402,-1,-1,-1
550,32,457.312,453.000,50.848,100.802,0.485267,-1,-1,-1
550,108,1183.375,443.686,54.322,109.203,0.671486,-1,-1,-1
550,112,579.916,452.431,36.779,85.006,0.871587,-1,-1,-1
550,77,1092.003,427.343,117.590,264.852,0.809100,-1,-1,-1
550,92,411.733,457.451,60.545,109.527,0.821640,-1,-1,-1
550,120,373.575,462.251,49.003,102.313,0.633528,-1,-1,-1
550,119,542.796,447.533,37.492,85.477,0.871878,-1,-1,-1
550,81,652.360,453.488,41.646,107.150,0.891859,-1,-1,-1
550,113,709.329,450.773,36.198,90.253,0.880752,-1,-1,-1
550,123,903.329,439.586,58.846,138.677,0.372840,-1,-1,-1
550,98,317.540,453.088,47.009,110.500,0.658566,-1,-1,-1
550,126,684.828,456.979,31.531,76.968,0.770070,-1,-1,-1
550,128,949.470,453.722,53.543,124.642,0.346738,-1,-1,-1
550,117,1035.785,439.974,58.117,135.678,0.605291,-1,-1,-1
550,124,808.423,481.008,40.747,67.251,0.612561,-1,-1,-1
550,104,1812.394,410.570,108.271,665.265,0.674854,-1,-1,-1
551,93,1634.375,416.195,250.797,603.393,0.892223,-1,-1,-1
551,12,1849.921,393.019,69.573,268.934,0.667732,-1,-1,-1
551,51,1547.677,396.516,248.594,678.844,0.926147,-1,-1,-1
551,72,955.456,406.896,119.467,298.508,0.899046,-1,-1,-1
551,80,1054.035,424.991,149.713,295.925,0.928568,-1,-1,-1
551,85,867.704,435.607,90.112,248.698,0.902921,-1,-1,-1
551,32,455.349,452.811,51.929,100.349,0.451711,-1,-1,-1
551,108,1189.853,446.060,45.565,104.055,0.508801,-1,-1,-1
551,112,579.400,450.913,38.181,86.628,0.877697,-1,-1,-1
551,77,1110.731,431.642,97.559,235.832,0.343902,-1,-1,-1
551,92,411.305,456.879,62.566,109.910,0.806679,-1,-1,-1
551,120,372.657,461.804,50.553,105.976,0.677906,-1,-1,-1
551,119,542.709,447.006,37.574,86.381,0.885880,-1,-1,-1
551,81,651.821,453.025,42.403,108.395,0.886692,-1,-1,-1
551,113,709.462,449.979,36.237,90.483,0.869117,-1,-1,-1
551,123,903.601,432.879,62.213,152.508,0.404896,-1,-1,-1
551,98,318.428,450.714,45.219,111.851,0.523991,-1,-1,-1
551,126,686.969,456.125,30.423,77.425,0.739842,-1,-1,-1
551,128,953.731,456.685,56.115,125.171,0.443529,-1,-1,-1
551,117,1035.625,440.646,52.678,131.665,0.666438,-1,-1,-1
551,124,804.151,480.279,38.815,66.783,0.592473,-1,-1,-1
551,104,1802.826,403.338,117.610,676.284,0.528392,-1,-1,-1
552,93,1644.116,417.795,251.154,608.176,0.883416,-1,-1,-1
552,12,1853.576,386.206,66.220,257.656,0.435057,-1,-1,-1
552,51,1551.218,398.042,251.167,679.494,0.913549,-1,-1,-1
552,72,966.783,404.865,112.697,294.306,0.892643,-1,-1,-1
552,80,1061.599,425.985,144.260,295.042,0.924673,-1,-1,-1
552,85,872.224,427.939,92.496,257.044,0.919443,-1,-1,-1
552,32,455.075,452.739,50.832,99.923,0.456994,-1,-1,-1
552,108,1188.874,442.965,47.550,108.733,0.800433,-1,-1,-1
552,112,580.490,453.097,37.000,84.426,0.874415,-1,-1,-1
552,77,1115.066,430.683,95.524,253.294,0.399591,-1,-1,-1
552,92,411.443,455.827,62.133,110.337,0.808091,-1,-1,-1
552,120,373.513,462.122,50.071,107.108,0.702408,-1,-1,-1
552,119,542.717,447.216,36.121,85.750,0.870403,-1,-1,-1
552,81,651.395,451.559,42.095,109.839,0.880820,-1,-1,-1
552,113,711.837,447.964,34.504,92.648,0.866530,-1,-1,-1
552,98,320.987,450.328,44.414,112.354,0.415922,-1,-1,-1
552,126,685.589,454.916,29.801,76.884,0.743180,-1,-1,-1
552,128,956.403,457.930,55.350,126.107,0.616601,-1,-1,-1
552,117,1036.813,439.231,50.505,132.885,0.613694,-1,-1,-1
552,124,802.729,480.063,38.266,66.836,0.588852,-1,-1,-1
552,104,1818.318,410.116,102.314,670.797,0.571331,-1,-1,-1
553,93,1648.884,423.145,251.731,601.077,0.875067,-1,-1,-1
553,12,1855.347,409.914,64.203,229.112,0.573650,-1,-1,-1
553,51,1556.447,400.272,248.506,678.119,0.924233,-1,-1,-1
553,72,977.413,405.391,102.393,292.157,0.905137,-1,-1,-1
553,80,1064.363,432.849,137.316,289.213,0.913565,-1,-1,-1
553,85,876.558,428.108,97.980,255.529,0.915107,-1,-1,-1
553,32,454.102,451.939,53.336,103.626,0.518992,-1,-1,-1
553,108,1190.682,432.944,44.862,118.393,0.862899,-1,-1,-1
553,112,581.013,454.438,35.982,83.339,0.870557,-1,-1,-1
553,77,1118.928,433.819,91.560,247.847,0.817845,-1,-1,-1
553,92,411.019,454.811,60.118,112.417,0.809925,-1,-1,-1
553,120,373.815,462.010,49.577,107.772,0.629058,-1,-1,-1
553,119,542.642,448.546,34.648,84.447,0.845609,-1,-1,-1
553,81,650.764,452.468,41.117,109.926,0.878936,-1,-1,-1
553,113,713.466,446.592,34.147,94.097,0.881454,-1,-1,-1
553,98,324.620,449.849,46.622,113.115,0.320055,-1,-1,-1
553,126,685.219,455.161,29.474,75.805,0.750959,-1,-1,-1
553,128,962.732,449.349,55.765,133.089,0.592616,-1,-1,-1
553,117,1041.298,441.239,45.341,124.152,0.665348,-1,-1,-1
553,124,801.438,474.667,37.405,70.422,0.550952,-1,-1,-1
553,104,1832.151,408.789,88.372,672.517,0.554544,-1,-1,-1
554,93,1670.038,408.782,243.769,639.325,0.771327,-1,-1,-1
554,12,1857.586,436.674,60.757,193.874,0.390421,-1,-1,-1
554,51,1559.485,402.867,309.376,673.698,0.910692,-1,-1,-1
554,72,978.515,403.439,102.483,296.567,0.924491,-1,-1,-1
554,80,1064.853,434.733,138.389,287.181,0.892264,-1,-1,-1
554,85,881.333,427.562,101.543,255.279,0.914790,-1,-1,-1
554,32,454.772,452.290,54.174,104.298,0.560564,-1,-1,-1
554,108,1191.078,426.396,44.206,126.159,0.877474,-1,-1,-1
554,112,581.172,453.602,35.506,83.822,0.879267,-1,-1,-1
554,77,1120.458,434.451,93.519,240.511,0.833954,-1,-1,-1
554,92,411.592,455.527,58.651,111.364,0.823764,-1,-1,-1
554,120,373.784,461.755,48.792,106.639,0.639467,-1,-1,-1
554,119,542.468,447.220,34.978,86.691,0.860277,-1,-1,-1
554,81,648.099,452.454,42.717,110.679,0.893199,-1,-1,-1
554,113,713.330,445.269,35.086,94.679,0.883630,-1,-1,-1
554,98,328.669,448.816,40.985,102.003,0.171386,-1,-1,-1
554,126,684.349,454.897,29.766,76.615,0.727169,-1,-1,-1
554,128,960.718,452.432,56.781,130.158,0.487805,-1,-1,-1
554,117,1041.192,443.147,43.797,122.665,0.658420,-1,-1,-1
554,124,800.452,470.972,37.634,73.652,0.672639,-1,-1,-1
554,104,1806.097,410.375,113.638,670.950,0.168131,-1,-1,-1
554,87,658.655,452.295,38.029,101.467,0.611644,-1,-1,-1
555,93,1665.767,405.878,253.539,629.210,0.901317,-1,-1,-1
555,12,1857.389,431.593,61.059,206.469,0.423088,-1,-1,-1
555,51,1555.243,402.581,302.983,674.041,0.919055,-1,-1,-1
555,72,981.537,405.092,102.980,295.007,0.925946,-1,-1,-1
555,80,1071.015,435.487,139.791,285.142,0.898047,-1,-1,-1
555,85,881.397,427.064,111.210,256.738,0.918510,-1,-1,-1
555,32,454.772,451.472,54.906,105.600,0.589486,-1,-1,-1
555,108,1193.238,426.743,43.304,125.640,0.845776,-1,-1,-1
555,112,581.515,455.585,34.825,82.166,0.877803,-1,-1,-1
555,77,1116.677,435.130,103.325,247.196,0.781790,-1,-1,-1
555,92,411.134,455.122,59.704,111.453,0.786556,-1,-1,-1
555,120,374.130,462.510,48.374,102.301,0.556852,-1,-1,-1
555,119,542.240,446.904,35.755,87.341,0.857752,-1,-1,-1
555,81,646.424,455.038,41.700,107.823,0.883401,-1,-1,-1
555,113,713.170,444.772,35.526,95.854,0.878950,-1,-1,-1
555,98,327.565,453.949,45.157,99.854,0.283274,-1,-1,-1
555,126,682.908,457.216,28.850,75.058,0.698519,-1,-1,-1
555,128,969.119,455.413,45.088,115.428,0.164801,-1,-1,-1
555,117,1043.255,443.256,44.845,127.452,0.768230,-1,-1,-1
555,124,803.251,472.106,40.497,72.181,0.645400,-1,-1,-1
555,129,842.067,465.241,44.020,90.594,0.731652,-1,-1,-1
555,87,669.652,455.074,31.402,89.298,0.608607,-1,-1,-1
556,93,1684.315,395.121,237.632,626.663,0.464612,-1,-1,-1
556,12,1859.100,483.952,57.655,150.142,0.165567,-1,-1,-1
556,51,1552.911,402.162,340.958,674.584,0.921270,-1,-1,-1
556,72,986.127,403.197,100.241,297.064,0.926597,-1,-1,-1
556,80,1076.194,434.798,140.282,285.321,0.913096,-1,-1,-1
556,85,883.907,428.554,109.576,254.658,0.921875,-1,-1,-1
556,32,455.094,451.313,54.408,106.006,0.576470,-1,-1,-1
556,108,1189.725,425.357,47.675,129.271,0.850448,-1,-1,-1
556,112,581.740,455.928,34.322,81.607,0.875878,-1,-1,-1
556,77,1123.394,437.660,103.593,245.677,0.689431,-1,-1,-1
556,92,410.945,454.176,59.805,111.977,0.795630,-1,-1,-1
556,120,374.676,462.712,47.459,100.132,0.649232,-1,-1,-1
556,119,542.867,446.587,36.179,88.210,0.866009,-1,-1,-1
556,81,644.754,454.652,41.504,108.470,0.888260,-1,-1,-1
556,113,713.127,444.660,36.174,96.526,0.882634,-1,-1,-1
556,98,327.312,455.503,46.213,98.048,0.287866,-1,-1,-1
556,126,682.661,458.044,28.796,73.236,0.722768,-1,-1,-1
556,128,969.601,448.836,48.125,127.505,0.164605,-1,-1,-1
556,117,1045.324,442.730,42.202,124.126,0.728432,-1,-1,-1
556,124,802.773,471.196,42.777,72.481,0.606946,-1,-1,-1
556,129,838.580,463.593,48.428,90.235,0.676900,-1,-1,-1
556,87,673.040,455.344,28.508,81.885,0.659092,-1,-1,-1
556,130,1077.803,440.585,41.960,122.594,0.706325,-1,-1,-1
557,93,1676.515,397.580,244.358,626.634,0.833633,-1,-1,-1
557,12,1861.585,508.553,50.672,118.921,0.265380,-1,-1,-1
557,51,1553.114,402.727,324.809,673.351,0.914513,-1,-1,-1
557,72,981.144,403.797,107.646,291.817,0.914279,-1,-1,-1
557,80,1079.614,431.905,138.385,288.356,0.924921,-1,-1,-1
557,85,886.331,431.267,102.987,251.364,0.918938,-1,-1,-1
557,32,453.523,451.462,56.967,106.099,0.487938,-1,-1,-1
557,108,1193.400,429.847,44.596,125.901,0.852826,-1,-1,-1
557,112,581.183,455.698,35.007,82.841,0.878492,-1,-1,-1
557,77,1127.450,436.826,102.647,248.627,0.539439,-1,-1,-1
557,92,411.074,454.752,60.006,111.450,0.795340,-1,-1,-1
557,120,374.665,462.466,47.599,101.228,0.644942,-1,-1,-1
557,119,542.381,446.806,37.896,89.443,0.869912,-1,-1,-1
557,81,643.903,454.436,41.876,109.736,0.882600,-1,-1,-1
557,113,712.678,443.650,37.124,99.721,0.880693,-1,-1,-1
557,98,329.722,457.408,45.257,98.276,0.296814,-1,-1,-1
557,126,686.787,459.500,29.369,72.911,0.658146,-1,-1,-1
557,128,973.730,450.956,41.987,113.410,0.284068,-1,-1,-1
557,117,1047.397,438.892,40.901,124.527,0.758170,-1,-1,-1
557,124,804.509,471.945,44.279,75.387,0.592499,-1,-1,-1
557,129,842.830,463.699,47.637,88.157,0.636175,-1,-1,-1
557,87,674.040,455.933,27.777,79.563,0.636222,-1,-1,-1
557,130,1077.013,441.483,41.863,123.705,0.779516,-1,-1,-1
557,131,684.226,460.676,29.176,73.626,0.713362,-1,-1,-1
558,93,1685.364,394.375,236.625,617.535,0.519574,-1,-1,-1
558,12,1861.006,505.585,51.625,131.799,0.310079,-1,-1,-1
558,51,1555.037,398.155,350.091,678.766,0.954715,-1,-1,-1
558,72,983.477,408.023,106.151,288.108,0.921949,-1,-1,-1
558,80,1084.910,429.354,136.639,291.923,0.940858,-1,-1,-1
558,85,888.947,435.296,99.283,246.993,0.933299,-1,-1,-1
558,32,452.624,451.241,58.405,106.355,0.547922,-1,-1,-1
558,108,1190.472,436.570,44.758,120.627,0.803469,-1,-1,-1
558,112,581.043,454.994,34.669,83.881,0.888276,-1,-1,-1
558,77,1130.376,436.896,107.841,244.914,0.250505,-1,-1,-1
558,92,411.597,452.799,61.695,113.438,0.819679,-1,-1,-1
558,120,374.584,462.414,47.441,100.741,0.674294,-1,-1,-1
558,119,542.540,446.417,38.695,90.242,0.871644,-1,-1,-1
558,81,642.254,455.414,43.953,106.958,0.879554,-1,-1,-1
558,113,711.449,442.966,38.902,101.239,0.880896,-1,-1,-1
558,98,331.331,459.231,45.514,95.344,0.284493,-1,-1,-1
558,126,682.723,460.947,30.749,74.099,0.720604,-1,-1,-1
558,128,978.018,451.623,48.016,125.810,0.128168,-1,-1,-1
558,117,1049.560,443.570,39.602,116.055,0.722020,-1,-1,-1
558,124,804.369,472.446,46.152,76.059,0.610470,-1,-1,-1
558,129,857.113,463.524,41.670,80.423,0.631113,-1,-1,-1
558,87,673.891,457.426,28.766,77.542,0.662147,-1,-1,-1
558,130,1077.509,440.933,43.574,131.293,0.784895,-1,-1,-1
558,131,686.980,456.417,31.252,76.939,0.613597,-1,-1,-1
559,93,1699.005,395.554,223.301,639.234,0.681839,-1,-1,-1
559,12,1864.083,504.548,46.706,117.857,0.230190,-1,-1,-1
559,51,1555.593,395.531,343.084,679.629,0.937624,-1,-1,-1
559,72,983.518,423.495,117.298,274.692,0.903875,-1,-1,-1
559,80,1089.073,430.094,135.966,290.198,0.940663,-1,-1,-1
559,85,888.943,432.376,101.339,251.320,0.935338,-1,-1,-1
559,32,450.570,451.169,60.194,107.117,0.567792,-1,-1,-1
559,108,1196.929,438.500,43.170,116.224,0.831565,-1,-1,-1
559,112,580.663,454.168,34.166,84.482,0.885392,-1,-1,-1
559,92,412.847,452.356,61.345,113.886,0.819517,-1,-1,-1
559,120,375.169,462.856,47.038,100.413,0.680739,-1,-1,-1
559,119,541.893,446.348,40.003,91.188,0.874268,-1,-1,-1
559,81,641.509,456.497,43.921,105.425,0.877563,-1,-1,-1
559,113,712.446,442.876,38.113,101.087,0.882382,-1,-1,-1
559,98,328.999,452.939,42.660,94.798,0.178580,-1,-1,-1
559,126,680.326,461.131,30.871,73.853,0.735096,-1,-1,-1
559,128,978.051,454.165,52.276,124.536,0.217899,-1,-1,-1
559,117,1052.459,445.546,38.251,113.323,0.551709,-1,-1,-1
559,124,805.380,474.283,45.619,75.127,0.552774,-1,-1,-1
559,129,867.634,463.033,37.855,77.881,0.529062,-1,-1,-1
559,87,673.571,458.380,28.993,74.202,0.707670,-1,-1,-1
559,130,1077.611,442.469,43.469,131.718,0.773683,-1,-1,-1
559,131,688.154,459.326,29.944,73.042,0.703794,-1,-1,-1
560,93,1700.798,397.054,221.354,637.406,0.783403,-1,-1,-1
560,51,1557.789,396.923,331.977,677.852,0.937567,-1,-1,-1
560,72,985.679,412.281,124.750,287.258,0.927672,-1,-1,-1
560,80,1092.399,432.011,136.004,288.449,0.934118,-1,-1,-1
560,85,887.668,429.499,103.669,254.079,0.937264,-1,-1,-1
560,32,451.565,453.122,59.144,104.788,0.499793,-1,-1,-1
560,108,1193.183,437.351,45.635,118.997,0.754746,-1,-1,-1
560,112,581.075,455.171,34.064,82.437,0.889472,-1,-1,-1
560,92,412.749,453.335,60.524,112.491,0.799010,-1,-1,-1
560,120,375.671,463.067,45.845,97.432,0.648790,-1,-1,-1
560,119,541.416,447.810,40.792,91.738,0.887093,-1,-1,-1
560,81,640.573,457.541,43.398,104.177,0.883776,-1,-1,-1
560,113,712.906,443.049,37.930,100.959,0.878259,-1,-1,-1
560,98,326.190,456.768,47.252,95.811,0.376068,-1,-1,-1
560,126,680.057,461.352,30.547,73.315,0.733467,-1,-1,-1
560,128,979.399,453.178,55.856,128.559,0.329897,-1,-1,-1
560,117,1053.475,446.106,38.417,112.842,0.485484,-1,-1,-1
560,124,805.239,474.670,45.632,73.681,0.536849,-1,-1,-1
560,129,878.128,462.380,36.913,82.969,0.217957,-1,-1,-1
560,87,674.529,459.026,28.405,71.038,0.701165,-1,-1,-1
560,130,1076.066,442.399,43.549,132.812,0.739369,-1,-1,-1
560,131,688.627,460.592,29.166,71.846,0.696075,-1,-1,-1
561,93,1694.562,392.445,227.547,656.395,0.633503,-1,-1,-1
561,51,1559.776,394.667,336.587,682.713,0.941078,-1,-1,-1
561,72,990.653,407.293,125.814,290.861,0.921897,-1,-1,-1
561,80,1095.926,435.220,130.951,284.995,0.928573,-1,-1,-1
561,85,898.073,430.233,95.940,252.807,0.936404,-1,-1,-1
561,32,450.807,453.333,60.392,104.891,0.539864,-1,-1,-1
561,108,1192.554,441.625,41.495,112.558,0.648691,-1,-1,-1
561,112,581.878,455.646,34.138,81.711,0.882171,-1,-1,-1
561,92,412.431,452.747,61.479,113.804,0.817638,-1,-1,-1
561,120,373.891,463.086,47.947,98.856,0.671995,-1,-1,-1
561,119,543.726,450.134,37.291,89.509,0.885547,-1,-1,-1
561,81,640.174,457.648,41.745,102.218,0.879597,-1,-1,-1
561,113,713.146,443.708,38.924,100.527,0.888587,-1,-1,-1
561,98,323.582,456.571,48.781,104.046,0.414654,-1,-1,-1
561,126,679.752,461.666,30.777,73.837,0.751411,-1,-1,-1
561,128,981.546,445.691,54.904,136.136,0.205335,-1,-1,-1
561,117,1054.171,445.202,39.256,112.862,0.453251,-1,-1,-1
561,124,801.161,473.560,48.998,72.452,0.631650,-1,-1,-1
561,129,889.212,469.300,33.399,70.147,0.303324,-1,-1,-1
561,87,674.653,459.162,28.569,71.508,0.738779,-1,-1,-1
561,130,1071.897,444.224,45.703,129.572,0.737914,-1,-1,-1
561,131,688.558,461.451,29.949,70.988,0.676881,-1,-1,-1
561,132,1211.828,440.696,40.860,112.140,0.852652,-1,-1,-1
562,93,1711.741,396.508,209.304,652.665,0.693508,-1,-1,-1
562,51,1562.614,392.359,335.265,683.257,0.948880,-1,-1,-1
562,72,991.821,411.245,134.798,287.068,0.906612,-1,-1,-1
562,80,1102.377,433.786,127.604,282.560,0.927080,-1,-1,-1
562,85,903.449,429.551,96.772,252.295,0.927126,-1,-1,-1
562,32,449.525,453.940,62.473,104.377,0.477112,-1,-1,-1
562,108,1193.759,440.764,41.139,112.566,0.632890,-1,-1,-1
562,112,581.497,455.966,34.929,82.319,0.879648,-1,-1,-1
562,92,411.829,454.141,62.464,113.174,0.800814,-1,-1,-1
562,120,374.257,463.055,48.242,98.965,0.704883,-1,-1,-1
562,119,544.613,450.751,36.641,88.570,0.884538,-1,-1,-1
562,81,639.435,457.164,41.614,101.667,0.876632,-1,-1,-1
562,113,714.407,443.252,38.452,99.764,0.891726,-1,-1,-1
562,98,325.719,456.182,47.997,95.596,0.381141,-1,-1,-1
562,126,679.263,461.266,31.052,73.520,0.747564,-1,-1,-1
562,128,985.193,446.157,51.120,133.324,0.315350,-1,-1,-1
562,117,1055.074,445.584,41.032,118.517,0.416208,-1,-1,-1
562,124,801.950,474.912,46.518,68.615,0.559248,-1,-1,-1
562,129,889.975,475.947,34.486,62.613,0.301498,-1,-1,-1
562,87,674.061,457.650,29.163,72.266,0.696997,-1,-1,-1
562,130,1068.719,445.151,47.558,129.095,0.711430,-1,-1,-1
562,131,688.474,461.520,30.303,70.910,0.672476,-1,-1,-1
562,132,1211.407,441.178,44.102,112.969,0.867513,-1,-1,-1
563,93,1727.434,393.263,193.857,676.929,0.466361,-1,-1,-1
563,51,1566.266,390.785,346.303,685.346,0.952711,-1,-1,-1
563,72,989.005,428.675,141.334,269.000,0.894961,-1,-1,-1
563,80,1105.935,435.550,126.046,280.681,0.924802,-1,-1,-1
563,85,906.622,428.853,96.258,255.196,0.910902,-1,-1,-1
563,32,474.195,453.881,42.939,82.807,0.627558,-1,-1,-1
563,108,1196.174,439.324,43.001,111.017,0.530853,-1,-1,-1
563,112,581.371,454.742,35.215,84.257,0.881132,-1,-1,-1
563,92,413.177,453.879,61.625,112.431,0.822097,-1,-1,-1
563,120,374.972,462.304,46.538,88.237,0.519398,-1,-1,-1
563,119,544.922,449.663,36.068,87.744,0.877820,-1,-1,-1
563,81,638.206,458.253,40.738,99.842,0.852102,-1,-1,-1
563,113,715.466,442.858,38.782,100.270,0.872666,-1,-1,-1
563,98,323.342,450.934,49.533,108.907,0.324072,-1,-1,-1
563,126,679.263,460.330,30.122,72.156,0.713967,-1,-1,-1
563,128,988.955,445.962,49.246,126.897,0.381992,-1,-1,-1
563,117,1038.337,443.476,48.009,127.081,0.719582,-1,-1,-1
563,124,805.530,474.314,47.065,71.834,0.562907,-1,-1,-1
563,129,892.191,479.080,32.712,59.174,0.267706,-1,-1,-1
563,87,673.977,457.150,28.057,70.341,0.721796,-1,-1,-1
563,130,1068.394,443.943,48.370,132.269,0.796687,-1,-1,-1
563,131,690.761,462.526,28.456,67.078,0.636563,-1,-1,-1
563,132,1211.652,441.786,45.740,112.179,0.868520,-1,-1,-1
564,93,1722.212,406.138,198.961,644.849,0.325581,-1,-1,-1
564,51,1575.546,390.812,343.716,683.840,0.965342,-1,-1,-1
564,72,992.881,428.013,143.418,272.547,0.924067,-1,-1,-1
564,80,1110.695,432.601,123.813,280.382,0.931541,-1,-1,-1
564,85,910.665,428.544,98.451,249.081,0.884709,-1,-1,-1
564,32,477.929,452.391,35.983,70.513,0.384378,-1,-1,-1
564,108,1193.888,434.852,41.749,108.582,0.435336,-1,-1,-1
564,112,580.264,453.241,35.621,85.937,0.880409,-1,-1,-1
564,92,411.242,453.278,64.183,113.339,0.819085,-1,-1,-1
564,120,374.143,461.831,46.990,83.031,0.478826,-1,-1,-1
564,119,546.006,447.982,35.802,88.821,0.872257,-1,-1,-1
564,81,638.116,455.589,40.840,101.929,0.873193,-1,-1,-1
564,113,716.802,442.896,37.968,99.235,0.883958,-1,-1,-1
564,98,323.010,450.939,49.846,111.927,0.308195,-1,-1,-1
564,126,679.726,460.395,29.728,72.008,0.726727,-1,-1,-1
564,128,991.524,447.378,46.934,119.054,0.523903,-1,-1,-1
564,117,1043.616,444.617,44.848,128.544,0.169966,-1,-1,-1
564,124,808.475,474.691,45.409,72.604,0.444238,-1,-1,-1
564,87,674.366,456.355,28.015,71.693,0.731051,-1,-1,-1
564,130,1067.658,443.615,50.443,138.468,0.785774,-1,-1,-1
564,131,691.709,461.732,27.850,67.121,0.719560,-1,-1,-1
564,132,1215.062,440.029,44.795,111.332,0.869403,-1,-1,-1
564,123,908.956,444.096,60.953,146.582,0.819359,-1,-1,-1
565,93,1739.421,404.090,181.283,658.171,0.747567,-1,-1,-1
565,51,1580.329,391.015,338.718,682.984,0.956535,-1,-1,-1
565,72,994.661,433.415,138.226,269.175,0.935402,-1,-1,-1
565,80,1113.810,432.016,122.258,281.372,0.941629,-1,-1,-1
565,85,916.225,429.751,94.739,247.858,0.905365,-1,-1,-1
565,32,489.023,451.593,30.918,70.491,0.633160,-1,-1,-1
565,108,1197.604,438.229,36.811,101.830,0.451858,-1,-1,-1
565,112,580.551,453.816,35.052,85.188,0.880369,-1,-1,-1
565,92,410.715,452.492,63.959,114.555,0.828473,-1,-1,-1
565,120,373.365,460.782,48.380,86.020,0.498237,-1,-1,-1
565,119,546.668,448.687,34.672,87.343,0.877868,-1,-1,-1
565,81,638.646,454.734,41.201,102.118,0.881863,-1,-1,-1
565,113,716.799,443.323,38.500,98.419,0.878373,-1,-1,-1
565,98,319.186,451.304,49.800,109.302,0.400329,-1,-1,-1
565,128,993.985,449.831,48.681,125.801,0.595267,-1,-1,-1
565,117,1037.354,442.020,51.030,136.669,0.582249,-1,-1,-1
565,124,807.575,475.269,45.607,74.233,0.416002,-1,-1,-1
565,87,673.507,456.045,29.180,76.529,0.752694,-1,-1,-1
565,130,1067.720,442.944,55.778,141.521,0.766891,-1,-1,-1
565,131,690.739,462.173,29.270,68.192,0.697321,-1,-1,-1
565,132,1218.603,441.559,41.149,108.034,0.847062,-1,-1,-1
565,123,910.204,445.683,57.891,146.078,0.816090,-1,-1,-1
566,93,1749.661,401.961,171.029,671.047,0.641831,-1,-1,-1
566,51,1596.276,387.719,323.841,689.271,0.955052,-1,-1,-1
566,72,995.714,428.510,136.661,275.080,0.927298,-1,-1,-1
566,80,1113.268,432.503,125.323,280.981,0.940409,-1,-1,-1
566,85,921.030,429.443,100.745,246.895,0.891137,-1,-1,-1
566,32,491.337,450.340,30.369,72.802,0.533675,-1,-1,-1
566,108,1196.358,431.491,36.587,102.757,0.287272,-1,-1,-1
566,112,580.524,453.781,34.892,84.398,0.877319,-1,-1,-1
566,92,410.496,451.334,64.156,116.759,0.827716,-1,-1,-1
566,120,373.330,460.020,49.694,98.911,0.697186,-1,-1,-1
566,119,544.279,446.724,36.549,87.169,0.863737,-1,-1,-1
566,81,638.319,452.357,40.693,104.914,0.855843,-1,-1,-1
566,113,717.868,444.721,36.929,97.557,0.877041,-1,-1,-1
566,98,320.350,450.048,48.921,113.024,0.360687,-1,-1,-1
566,128,996.213,450.059,47.111,124.498,0.682172,-1,-1,-1
566,117,1039.149,437.189,52.617,140.236,0.219884,-1,-1,-1
566,124,807.521,477.393,46.210,73.679,0.437205,-1,-1,-1
566,87,670.963,455.719,29.710,78.517,0.737783,-1,-1,-1
566,130,1069.836,437.815,52.992,142.554,0.694250,-1,-1,-1
566,131,692.247,461.558,28.322,68.503,0.728564,-1,-1,-1
566,132,1219.813,441.125,42.430,114.002,0.791977,-1,-1,-1
566,123,912.122,447.666,56.215,142.643,0.798823,-1,-1,-1
566,126,680.740,460.671,30.178,72.881,0.707749,-1,-1,-1
567,93,1771.022,398.150,149.439,660.088,0.741385,-1,-1,-1
567,51,1613.588,387.878,306.808,688.267,0.959409,-1,-1,-1
567,72,995.396,430.059,139.797,272.675,0.926554,-1,-1,-1
567,80,1119.768,436.856,122.320,273.990,0.936610,-1,-1,-1
567,85,929.706,430.492,98.001,244.503,0.892993,-1,-1,-1
567,32,496.936,451.980,26.931,64.047,0.303864,-1,-1,-1
567,108,1185.220,424.072,55.065,139.470,0.639325,-1,-1,-1
567,112,580.933,454.311,34.442,84.497,0.878763,-1,-1,-1
567,92,410.711,452.119,64.090,116.264,0.823930,-1,-1,-1
567,120,373.822,460.353,49.964,105.632,0.765048,-1,-1,-1
567,119,545.674,446.949,35.448,87.992,0.866868,-1,-1,-1
567,81,637.717,449.795,39.764,106.441,0.849348,-1,-1,-1
567,113,718.507,445.226,35.670,97.572,0.874521,-1,-1,-1
567,98,322.433,449.439,45.880,113.080,0.372989,-1,-1,-1
567,128,997.485,450.262,46.271,119.428,0.681374,-1,-1,-1
567,117,1037.398,441.504,49.624,133.335,0.193471,-1,-1,-1
567,124,807.929,478.456,45.722,72.580,0.485819,-1,-1,-1
567,87,670.724,454.822,29.267,79.406,0.735207,-1,-1,-1
567,130,1073.926,437.731,47.061,134.346,0.461504,-1,-1,-1
567,131,693.448,460.480,27.264,69.085,0.708392,-1,-1,-1
567,132,1218.309,437.286,43.034,120.874,0.710535,-1,-1,-1
567,123,911.872,448.916,54.989,142.121,0.819384,-1,-1,-1
567,126,680.374,459.374,29.908,73.785,0.716582,-1,-1,-1
568,93,1764.250,400.660,156.189,669.876,0.798933,-1,-1,-1
568,51,1633.678,390.254,284.210,685.399,0.958925,-1,-1,-1
568,72,993.911,429.053,146.432,273.823,0.934230,-1,-1,-1
568,80,1122.189,435.671,125.410,275.377,0.941387,-1,-1,-1
568,85,930.359,429.760,100.596,243.189,0.903360,-1,-1,-1
568,32,502.873,451.844,25.717,56.787,0.443554,-1,-1,-1
568,108,1184.226,427.203,64.778,143.377,0.583684,-1,-1,-1
568,112,581.631,456.164,34.108,82.643,0.876493,-1,-1,-1
568,92,410.398,453.047,63.169,115.304,0.832705,-1,-1,-1
568,120,372.886,461.356,50.367,106.991,0.679729,-1,-1,-1
568,119,546.295,448.423,34.679,87.021,0.873581,-1,-1,-1
568,81,637.648,448.293,41.130,108.174,0.857485,-1,-1,-1
568,113,718.476,444.895,36.054,99.316,0.877145,-1,-1,-1
568,98,323.883,451.634,51.045,112.071,0.323835,-1,-1,-1
568,128,997.992,451.079,48.449,131.928,0.185899,-1,-1,-1
568,117,1040.615,439.863,43.246,118.109,0.272388,-1,-1,-1
568,124,803.516,473.392,51.391,78.009,0.404886,-1,-1,-1
568,87,670.645,455.091,29.725,81.875,0.774683,-1,-1,-1
568,130,1071.092,438.695,53.464,136.775,0.464450,-1,-1,-1
568,131,691.380,460.715,27.423,68.731,0.708274,-1,-1,-1
568,132,1220.891,435.884,45.926,122.451,0.708317,-1,-1,-1
568,123,911.553,447.696,61.180,143.355,0.683053,-1,-1,-1
569,93,1770.844,404.550,148.888,670.969,0.790700,-1,-1,-1
569,51,1649.044,390.278,264.793,686.643,0.963248,-1,-1,-1
569,72,996.435,432.825,144.204,269.805,0.938925,-1,-1,-1
569,80,1126.847,435.437,125.128,277.554,0.946592,-1,-1,-1
569,85,935.335,430.193,97.256,242.894,0.918736,-1,-1,-1
569,32,504.937,452.374,25.005,53.573,0.456312,-1,-1,-1
569,108,1185.931,428.345,62.313,147.010,0.329961,-1,-1,-1
569,112,582.917,457.595,33.281,81.217,0.877447,-1,-1,-1
569,92,410.619,453.488,63.147,114.643,0.827867,-1,-1,-1
569,120,371.562,461.769,51.218,107.036,0.722316,-1,-1,-1
569,119,547.203,450.886,33.841,86.310,0.875026,-1,-1,-1
569,81,637.895,448.216,40.548,108.024,0.875321,-1,-1,-1
569,113,718.389,445.311,35.687,100.328,0.882339,-1,-1,-1
569,98,319.601,452.599,47.094,107.889,0.446093,-1,-1,-1
569,128,999.752,452.837,38.879,95.556,0.627239,-1,-1,-1
569,117,1038.348,438.915,56.240,120.856,0.303216,-1,-1,-1
569,124,802.907,471.401,51.416,80.424,0.396972,-1,-1,-1
569,87,669.757,455.853,31.708,86.629,0.784184,-1,-1,-1
569,130,1073.904,440.807,47.585,131.234,0.199986,-1,-1,-1
569,131,691.098,461.487,27.622,69.064,0.685995,-1,-1,-1
569,132,1226.897,437.073,42.679,118.889,0.829871,-1,-1,-1
569,123,913.480,447.612,62.032,143.075,0.534414,-1,-1,-1
570,93,1784.554,385.394,135.496,647.107,0.843489,-1,-1,-1
570,51,1657.243,387.953,257.527,690.519,0.959546,-1,-1,-1
570,72,996.408,432.973,144.835,266.800,0.934642,-1,-1,-1
570,80,1133.730,433.013,126.629,281.244,0.948252,-1,-1,-1
570,85,935.029,429.373,103.886,244.858,0.919206,-1,-1,-1
570,32,504.407,453.985,24.984,54.475,0.447075,-1,-1,-1
570,108,1184.911,422.135,61.605,154.293,0.504201,-1,-1,-1
570,112,582.762,457.156,32.702,82.448,0.890773,-1,-1,-1
570,92,411.208,454.045,61.488,113.157,0.808678,-1,-1,-1
570,120,372.762,462.265,50.203,107.583,0.710018,-1,-1,-1
570,119,546.850,450.798,34.513,87.613,0.877020,-1,-1,-1
570,81,636.381,451.253,37.655,102.711,0.886758,-1,-1,-1
570,113,717.722,444.438,36.866,102.406,0.886698,-1,-1,-1
570,98,317.974,452.773,42.803,101.048,0.425647,-1,-1,-1
570,128,999.294,452.711,36.558,84.132,0.641837,-1,-1,-1
570,124,799.660,469.929,51.748,79.239,0.686685,-1,-1,-1
570,87,667.079,454.653,33.497,89.223,0.810088,-1,-1,-1
570,130,1075.452,440.664,42.576,114.201,0.319933,-1,-1,-1
570,131,691.544,461.645,27.990,68.648,0.697162,-1,-1,-1
570,132,1230.420,438.863,40.067,114.947,0.862195,-1,-1,-1
570,123,918.100,446.892,59.035,142.707,0.486630,-1,-1,-1
570,133,1110.776,431.516,48.770,136.340,0.847662,-1,-1,-1
571,93,1793.482,393.699,126.630,622.890,0.854570,-1,-1,-1
571,51,1660.916,387.917,257.243,687.591,0.962934,-1,-1,-1
571,72,1004.255,429.569,136.036,271.437,0.924995,-1,-1,-1
571,80,1138.510,428.046,133.720,284.443,0.951913,-1,-1,-1
571,85,934.941,429.213,103.941,247.554,0.909635,-1,-1,-1
571,32,501.112,453.731,25.784,54.274,0.428780,-1,-1,-1
571,108,1187.384,424.542,65.785,153.712,0.199897,-1,-1,-1
571,112,582.392,456.855,33.166,83.627,0.884569,-1,-1,-1
571,92,411.312,454.403,57.760,113.330,0.830934,-1,-1,-1
571,120,373.665,462.743,48.750,107.689,0.757311,-1,-1,-1
571,119,547.143,453.104,35.002,87.053,0.883978,-1,-1,-1
571,81,635.415,452.630,37.379,101.962,0.889183,-1,-1,-1
571,113,717.380,443.413,38.398,103.522,0.894750,-1,-1,-1
571,98,317.976,451.940,43.520,107.849,0.525844,-1,-1,-1
571,128,1001.049,450.609,34.861,76.007,0.635458,-1,-1,-1
571,124,802.419,470.179,46.933,76.920,0.666870,-1,-1,-1
571,87,666.228,454.136,34.350,90.814,0.807901,-1,-1,-1
571,130,1071.571,439.083,45.162,113.801,0.272893,-1,-1,-1
571,131,692.146,461.474,27.934,68.297,0.724435,-1,-1,-1
571,132,1228.946,442.414,42.307,111.363,0.808602,-1,-1,-1
571,123,915.253,448.415,58.417,137.884,0.455460,-1,-1,-1
571,133,1110.387,429.557,48.563,139.104,0.860715,-1,-1,-1
572,93,1798.851,402.174,121.358,559.405,0.857574,-1,-1,-1
572,51,1664.411,389.342,255.390,685.955,0.968732,-1,-1,-1
572,72,1009.693,425.547,129.304,275.898,0.927773,-1,-1,-1
572,80,1142.742,427.153,135.472,285.258,0.954044,-1,-1,-1
572,85,933.945,428.313,105.022,246.451,0.911283,-1,-1,-1
572,32,499.640,455.233,26.449,53.184,0.364081,-1,-1,-1
572,108,1188.284,426.350,69.635,160.885,0.310047,-1,-1,-1
572,112,582.502,456.442,33.654,84.129,0.881117,-1,-1,-1
572,92,413.667,450.492,58.502,117.564,0.843306,-1,-1,-1
572,120,374.450,463.143,47.581,105.736,0.705395,-1,-1,-1
572,119,546.351,453.403,37.447,86.858,0.882863,-1,-1,-1
572,81,635.122,453.628,37.157,101.326,0.892834,-1,-1,-1
572,113,717.393,441.654,39.357,104.448,0.904615,-1,-1,-1
572,98,317.924,452.766,44.637,110.090,0.487549,-1,-1,-1
572,128,1001.798,450.693,36.806,91.528,0.704570,-1,-1,-1
572,124,800.983,469.889,48.808,77.119,0.714473,-1,-1,-1
572,87,667.691,454.292,34.988,91.863,0.836103,-1,-1,-1
572,130,1070.030,438.487,46.763,116.636,0.188031,-1,-1,-1
572,131,691.758,460.292,28.841,70.750,0.726089,-1,-1,-1
572,132,1229.832,442.557,43.343,111.238,0.798527,-1,-1,-1
572,123,915.361,454.535,58.547,129.527,0.567252,-1,-1,-1
572,133,1106.515,427.512,52.946,144.751,0.883526,-1,-1,-1
573,93,1807.476,397.086,112.817,639.419,0.835874,-1,-1,-1
573,51,1664.932,389.521,256.058,685.050,0.974382,-1,-1,-1
573,72,1016.297,424.020,121.845,275.913,0.916242,-1,-1,-1
573,80,1145.520,430.631,136.615,281.546,0.952525,-1,-1,-1
573,85,925.938,429.072,124.086,253.877,0.926410,-1,-1,-1
573,32,501.492,455.135,26.791,52.378,0.405452,-1,-1,-1
573,108,1190.663,429.462,63.327,155.296,0.194772,-1,-1,-1
573,112,582.207,457.377,34.093,83.462,0.883808,-1,-1,-1
573,92,414.064,449.750,59.125,117.603,0.826563,-1,-1,-1
573,120,374.604,463.657,46.472,104.924,0.764186,-1,-1,-1
573,119,546.990,455.278,36.962,84.562,0.875749,-1,-1,-1
573,81,634.994,453.547,37.084,102.269,0.901141,-1,-1,-1
573,113,716.602,442.198,40.229,104.577,0.900926,-1,-1,-1
573,98,318.842,452.603,43.462,109.820,0.436732,-1,-1,-1
573,128,1003.886,450.836,33.378,75.550,0.616946,-1,-1,-1
573,124,802.834,469.910,46.939,76.646,0.709186,-1,-1,-1
573,87,666.442,454.629,37.286,95.585,0.851780,-1,-1,-1
573,130,1064.521,432.092,54.601,142.047,0.453635,-1,-1,-1
573,131,692.339,459.651,29.592,72.880,0.721538,-1,-1,-1
573,132,1228.006,442.577,46.248,112.911,0.747722,-1,-1,-1
573,123,912.799,453.339,62.758,131.211,0.373259,-1,-1,-1
573,133,1108.433,428.139,50.235,146.260,0.880932,-1,-1,-1
574,93,1802.801,396.053,116.683,665.566,0.861205,-1,-1,-1
574,51,1666.282,387.772,254.973,687.020,0.975374,-1,-1,-1
574,72,1019.243,423.756,117.388,276.755,0.900655,-1,-1,-1
574,80,1147.593,427.820,140.522,284.616,0.946510,-1,-1,-1
574,85,925.635,427.408,128.980,262.330,0.923672,-1,-1,-1
574,32,501.499,455.065,26.467,51.585,0.367886,-1,-1,-1
574,108,1184.424,430.584,60.606,155.900,0.117143,-1,-1,-1
574,112,582.087,456.790,34.183,84.549,0.880556,-1,-1,-1
574,92,413.696,451.183,60.845,114.791,0.826656,-1,-1,-1
574,120,374.491,463.810,46.683,104.673,0.758554,-1,-1,-1
574,119,547.427,455.971,36.775,83.654,0.867651,-1,-1,-1
574,81,634.514,453.611,37.218,102.428,0.906375,-1,-1,-1
574,113,716.014,442.092,40.789,105.161,0.899487,-1,-1,-1
574,98,319.386,452.970,44.876,107.710,0.485447,-1,-1,-1
574,128,1002.475,447.283,35.636,87.644,0.478875,-1,-1,-1
574,124,801.249,470.932,47.365,73.895,0.671800,-1,-1,-1
574,87,666.520,454.773,38.506,96.680,0.849749,-1,-1,-1
574,130,1065.033,429.007,55.825,149.885,0.542425,-1,-1,-1
574,131,692.403,458.567,29.656,73.739,0.730068,-1,-1,-1
574,132,1232.545,441.497,42.029,100.203,0.779675,-1,-1,-1
574,123,915.752,459.914,62.421,126.461,0.322405,-1,-1,-1
574,133,1109.206,427.008,49.880,148.417,0.887648,-1,-1,-1
575,93,1811.213,397.299,108.780,598.544,0.650204,-1,-1,-1
575,51,1668.879,389.605,252.416,685.914,0.973856,-1,-1,-1
575,72,1026.755,419.150,113.696,285.546,0.888074,-1,-1,-1
575,80,1149.987,429.445,139.754,281.240,0.934940,-1,-1,-1
575,85,931.948,426.755,128.351,262.630,0.913514,-1,-1,-1
575,32,503.310,454.454,26.176,51.583,0.417973,-1,-1,-1
575,112,582.876,456.043,34.047,85.158,0.880510,-1,-1,-1
575,92,411.781,451.535,62.079,115.427,0.849725,-1,-1,-1
575,120,373.603,463.190,49.033,108.144,0.776250,-1,-1,-1
575,119,547.435,457.210,36.224,82.297,0.869327,-1,-1,-1
575,81,634.608,453.949,36.341,100.287,0.902231,-1,-1,-1
575,113,716.107,443.069,40.141,104.136,0.892061,-1,-1,-1
575,98,319.242,452.558,43.764,108.890,0.513657,-1,-1,-1
575,128,1001.044,439.507,39.772,101.145,0.212417,-1,-1,-1
575,124,800.539,472.648,48.490,72.308,0.567413,-1,-1,-1
575,87,666.460,454.976,38.211,96.782,0.856701,-1,-1,-1
575,130,1063.909,425.412,64.150,169.139,0.634073,-1,-1,-1
575,131,693.335,457.788,29.347,74.002,0.722931,-1,-1,-1
575,132,1239.249,440.232,38.111,93.009,0.743196,-1,-1,-1
575,123,912.329,457.818,72.995,130.250,0.503117,-1,-1,-1
575,133,1110.155,426.076,48.885,146.973,0.877601,-1,-1,-1
575,117,1030.496,427.929,58.683,151.130,0.612850,-1,-1,-1
576,93,1823.055,394.240,96.710,652.633,0.837113,-1,-1,-1
576,51,1669.142,388.593,252.004,687.420,0.969200,-1,-1,-1
576,72,1027.599,419.856,114.164,285.577,0.899380,-1,-1,-1
576,80,1154.371,431.553,141.601,283.324,0.935251,-1,-1,-1
576,85,939.482,427.275,127.640,263.187,0.911234,-1,-1,-1
576,32,504.437,455.193,26.021,50.913,0.450259,-1,-1,-1
576,112,584.095,457.355,33.532,83.649,0.882105,-1,-1,-1
576,92,410.553,452.236,63.714,115.977,0.852861,-1,-1,-1
576,120,373.474,462.542,50.173,110.974,0.809797,-1,-1,-1
576,119,547.599,458.692,36.256,80.977,0.864281,-1,-1,-1
576,81,633.854,454.765,36.051,98.478,0.897511,-1,-1,-1
576,113,717.362,443.283,39.222,104.064,0.886634,-1,-1,-1
576,98,318.641,453.598,43.732,106.855,0.568040,-1,-1,-1
576,128,1003.390,433.218,40.643,115.616,0.189485,-1,-1,-1
576,124,800.481,471.350,48.562,74.259,0.657097,-1,-1,-1
576,87,667.309,456.458,36.785,92.069,0.833334,-1,-1,-1
576,130,1068.600,431.286,61.875,155.676,0.763518,-1,-1,-1
576,131,694.474,459.726,28.987,71.609,0.729977,-1,-1,-1
576,132,1240.484,439.616,39.217,93.658,0.603263,-1,-1,-1
576,123,910.643,455.887,80.247,133.680,0.545808,-1,-1,-1
576,133,1112.147,426.546,46.699,144.343,0.854244,-1,-1,-1
576,117,1031.383,428.498,56.769,149.709,0.477561,-1,-1,-1
577,93,1838.032,390.825,81.918,618.825,0.677829,-1,-1,-1
577,51,1668.391,388.913,252.583,688.428,0.967916,-1,-1,-1
577,72,1037.773,427.853,105.726,274.306,0.875566,-1,-1,-1
577,80,1153.935,433.245,142.425,280.446,0.940584,-1,-1,-1
577,85,942.003,431.013,133.440,259.729,0.911159,-1,-1,-1
577,32,501.475,456.197,26.465,52.137,0.452857,-1,-1,-1
577,112,583.971,457.955,33.771,83.058,0.883092,-1,-1,-1
577,92,410.327,451.807,62.650,116.273,0.850355,-1,-1,-1
577,120,374.242,463.311,49.312,109.238,0.777733,-1,-1,-1
577,119,547.707,460.414,36.603,79.187,0.861991,-1,-1,-1
577,81,632.753,453.981,36.674,101.417,0.903033,-1,-1,-1
577,113,718.581,444.396,38.313,103.304,0.889014,-1,-1,-1
577,98,319.051,454.735,51.535,107.691,0.393669,-1,-1,-1
577,128,1004.428,430.511,46.539,114.473,0.181714,-1,-1,-1
577,124,801.382,470.885,47.014,74.305,0.683778,-1,-1,-1
577,87,665.533,454.246,36.328,96.821,0.851098,-1,-1,-1
577,130,1070.566,435.910,64.681,148.417,0.734315,-1,-1,-1
577,131,695.625,460.411,28.319,71.001,0.743086,-1,-1,-1
577,132,1243.589,436.826,40.139,101.832,0.472162,-1,-1,-1
577,123,912.325,459.186,82.232,129.421,0.409219,-1,-1,-1
577,133,1113.605,428.913,46.342,141.307,0.845564,-1,-1,-1
577,117,1035.968,434.603,52.012,140.664,0.652465,-1,-1,-1
577,104,1768.744,391.258,145.691,683.948,0.856141,-1,-1,-1
578,93,1856.558,407.633,63.379,648.771,0.384987,-1,-1,-1
578,51,1662.914,388.701,257.814,689.457,0.971147,-1,-1,-1
578,72,1039.073,432.675,106.174,266.806,0.872991,-1,-1,-1
578,80,1153.019,434.910,139.345,277.142,0.922023,-1,-1,-1
578,85,949.263,432.395,125.696,250.972,0.907386,-1,-1,-1
578,32,500.673,455.865,26.556,51.545,0.400389,-1,-1,-1
578,112,583.761,457.537,33.572,83.793,0.878248,-1,-1,-1
578,92,412.689,450.408,59.405,117.077,0.851319,-1,-1,-1
578,120,375.429,462.836,46.340,104.118,0.651221,-1,-1,-1
578,119,547.690,460.865,36.792,78.913,0.864124,-1,-1,-1
578,81,632.472,453.995,36.429,101.616,0.904506,-1,-1,-1
578,113,718.892,446.902,37.414,100.675,0.899160,-1,-1,-1
578,98,321.458,454.686,49.372,109.801,0.292013,-1,-1,-1
578,128,1005.317,429.906,47.624,109.177,0.168049,-1,-1,-1
578,124,800.963,470.534,45.776,74.505,0.675575,-1,-1,-1
578,87,664.290,453.277,35.875,97.999,0.852411,-1,-1,-1
578,130,1069.535,437.271,65.443,146.064,0.750778,-1,-1,-1
578,131,695.953,459.844,28.754,72.183,0.764126,-1,-1,-1
578,132,1245.020,437.180,40.142,94.728,0.213716,-1,-1,-1
578,123,912.584,466.064,80.171,122.079,0.406030,-1,-1,-1
578,133,1112.879,426.667,46.329,144.750,0.871034,-1,-1,-1
578,117,1038.355,435.817,49.551,135.355,0.644692,-1,-1,-1
578,104,1791.677,385.674,125.621,623.565,0.186921,-1,-1,-1
579,93,1860.819,409.399,59.213,663.830,0.379707,-1,-1,-1
579,51,1662.358,391.253,258.375,688.015,0.972233,-1,-1,-1
579,72,1047.600,434.816,95.612,261.246,0.827056,-1,-1,-1
579,80,1152.133,434.478,115.384,253.244,0.663784,-1,-1,-1
579,85,949.269,438.958,123.093,237.752,0.915530,-1,-1,-1
579,32,498.730,455.156,26.694,52.217,0.383684,-1,-1,-1
579,112,584.061,456.671,34.061,84.477,0.876572,-1,-1,-1
579,92,411.943,452.025,58.255,114.939,0.845341,-1,-1,-1
579,120,375.632,462.781,46.088,104.392,0.691919,-1,-1,-1
579,119,547.978,459.718,37.874,79.920,0.864380,-1,-1,-1
579,81,631.929,454.297,36.300,101.296,0.891709,-1,-1,-1
579,113,718.924,446.475,37.841,101.145,0.897681,-1,-1,-1
579,98,318.373,454.291,49.484,109.712,0.421143,-1,-1,-1
579,128,1001.978,437.666,49.554,127.771,0.242598,-1,-1,-1
579,124,800.907,469.524,46.120,75.680,0.666223,-1,-1,-1
579,87,663.645,452.503,35.890,97.231,0.858641,-1,-1,-1
579,130,1072.230,435.410,61.424,147.879,0.646517,-1,-1,-1
579,131,694.662,458.387,29.687,73.872,0.758816,-1,-1,-1
579,132,1244.575,434.026,39.961,89.848,0.209094,-1,-1,-1
579,123,910.238,467.847,79.666,120.365,0.590661,-1,-1,-1
579,133,1113.976,427.998,45.865,143.334,0.841726,-1,-1,-1
579,117,1040.219,440.040,53.998,139.224,0.725056,-1,-1,-1
579,104,1803.482,387.924,114.900,599.375,0.178947,-1,-1,-1
579,77,1155.583,430.640,135.822,280.900,0.911632,-1,-1,-1
580,93,1860.234,426.018,59.848,653.521,0.213502,-1,-1,-1
580,51,1660.544,392.721,260.171,687.082,0.970598,-1,-1,-1
580,72,1056.393,432.458,93.284,264.471,0.870867,-1,-1,-1
580,80,1159.261,436.068,129.780,267.130,0.938022,-1,-1,-1
580,85,952.203,436.565,119.716,237.307,0.929254,-1,-1,-1
580,32,498.248,455.559,26.971,51.961,0.389548,-1,-1,-1
580,112,584.332,455.114,34.384,85.446,0.871229,-1,-1,-1
580,92,414.348,448.290,56.645,119.527,0.843718,-1,-1,-1
580,120,375.053,460.963,48.279,105.263,0.750261,-1,-1,-1
580,119,548.044,458.679,38.832,81.176,0.863333,-1,-1,-1
580,81,630.735,453.537,37.185,101.783,0.878188,-1,-1,-1
580,113,719.551,447.329,37.074,100.837,0.883887,-1,-1,-1
580,98,317.000,454.409,48.597,111.522,0.523495,-1,-1,-1
580,128,999.558,433.890,51.645,141.015,0.168042,-1,-1,-1
580,124,800.696,469.441,47.450,75.899,0.652330,-1,-1,-1
580,87,663.291,453.156,35.643,98.089,0.852103,-1,-1,-1
580,130,1079.421,430.706,56.847,144.685,0.464109,-1,-1,-1
580,131,695.259,459.320,29.183,72.651,0.738491,-1,-1,-1
580,123,909.528,472.096,76.661,116.008,0.697724,-1,-1,-1
580,133,1113.591,426.365,47.211,138.808,0.806140,-1,-1,-1
580,117,1043.484,440.222,50.610,138.823,0.547286,-1,-1,-1
580,77,1157.946,441.349,110.123,241.841,0.519433,-1,-1,-1
581,93,1858.295,431.583,61.730,650.163,0.156473,-1,-1,-1
581,51,1657.240,395.350,263.337,684.705,0.966824,-1,-1,-1
581,72,1058.366,433.491,94.736,266.731,0.889644,-1,-1,-1
581,80,1165.363,433.793,133.824,276.548,0.908419,-1,-1,-1
581,85,954.617,436.835,117.487,234.945,0.931908,-1,-1,-1
581,32,497.401,456.036,26.906,52.575,0.420296,-1,-1,-1
581,112,584.137,454.831,34.256,85.074,0.871634,-1,-1,-1
581,92,414.621,448.360,56.263,118.875,0.766631,-1,-1,-1
581,120,374.504,462.745,47.897,104.339,0.572686,-1,-1,-1
581,119,547.332,456.042,39.590,84.442,0.868995,-1,-1,-1
581,81,630.327,453.808,36.250,99.971,0.860147,-1,-1,-1
581,113,720.747,447.698,36.763,99.973,0.868514,-1,-1,-1
581,98,316.038,454.827,49.063,111.256,0.331922,-1,-1,-1
581,128,997.378,434.765,53.308,146.353,0.183633,-1,-1,-1
581,124,800.552,470.901,46.460,74.298,0.658400,-1,-1,-1
581,87,663.265,453.246,35.481,97.247,0.850203,-1,-1,-1
581,130,1076.836,431.091,53.210,141.889,0.431320,-1,-1,-1
581,131,696.806,460.331,28.134,71.398,0.743291,-1,-1,-1
581,123,908.806,475.815,76.468,112.509,0.616333,-1,-1,-1
581,133,1111.031,422.830,51.215,141.567,0.817301,-1,-1,-1
581,117,1043.290,441.629,45.811,135.112,0.580962,-1,-1,-1
581,77,1158.673,435.954,101.523,245.937,0.766877,-1,-1,-1
582,93,1863.438,443.781,56.613,638.616,0.132867,-1,-1,-1
582,51,1655.830,396.665,264.410,683.494,0.964110,-1,-1,-1
582,72,1062.739,429.523,92.703,271.473,0.888779,-1,-1,-1
582,80,1171.948,432.238,131.067,281.545,0.926169,-1,-1,-1
582,85,955.524,428.635,119.307,241.912,0.933931,-1,-1,-1
582,32,497.650,455.824,26.580,51.845,0.406254,-1,-1,-1
582,112,584.362,454.474,34.318,85.267,0.845714,-1,-1,-1
582,92,413.668,450.440,55.329,115.733,0.781846,-1,-1,-1
582,120,372.009,462.645,50.735,106.875,0.600401,-1,-1,-1
582,119,547.570,452.830,38.800,87.576,0.867549,-1,-1,-1
582,81,629.965,453.941,35.942,99.553,0.876654,-1,-1,-1
582,113,720.768,446.877,38.618,101.763,0.882170,-1,-1,-1
582,98,315.743,454.195,50.177,112.037,0.267086,-1,-1,-1
582,124,799.876,471.577,45.932,73.051,0.622646,-1,-1,-1
582,87,663.446,452.857,35.526,97.765,0.860256,-1,-1,-1
582,130,1083.648,428.130,46.553,137.439,0.255785,-1,-1,-1
582,131,697.134,460.377,27.843,70.297,0.730720,-1,-1,-1
582,123,908.831,478.772,75.765,108.698,0.587055,-1,-1,-1
582,133,1100.409,415.303,61.611,161.520,0.800202,-1,-1,-1
582,117,1044.541,440.220,52.917,144.127,0.692964,-1,-1,-1
582,77,1161.195,436.280,95.572,244.079,0.806037,-1,-1,-1
583,93,1864.155,430.810,55.840,651.617,0.145647,-1,-1,-1
583,51,1659.804,395.656,260.210,684.533,0.960941,-1,-1,-1
583,72,1068.018,429.013,90.629,270.943,0.895255,-1,-1,-1
583,80,1182.776,429.439,122.344,284.721,0.926047,-1,-1,-1
583,85,956.253,426.184,122.952,245.806,0.924165,-1,-1,-1
583,32,499.443,455.914,26.014,52.239,0.403488,-1,-1,-1
583,112,584.664,454.034,34.334,85.401,0.881666,-1,-1,-1
583,92,412.188,451.960,55.887,113.041,0.699205,-1,-1,-1
583,120,371.612,461.597,50.396,100.405,0.333614,-1,-1,-1
583,119,548.020,449.284,38.919,90.748,0.867518,-1,-1,-1
583,81,629.546,453.755,36.514,100.310,0.876933,-1,-1,-1
583,113,720.505,445.370,39.587,103.662,0.884959,-1,-1,-1
583,98,313.276,452.939,50.994,114.841,0.393772,-1,-1,-1
583,124,801.125,468.429,44.752,76.136,0.694910,-1,-1,-1
583,87,662.892,452.333,36.541,99.116,0.862935,-1,-1,-1
583,130,1086.253,428.792,50.521,140.175,0.374619,-1,-1,-1
583,131,697.040,458.838,28.954,72.880,0.741298,-1,-1,-1
583,123,909.919,475.622,77.039,111.910,0.317806,-1,-1,-1
583,133,1095.129,412.357,69.503,178.879,0.819066,-1,-1,-1
583,117,1040.151,438.108,57.935,148.207,0.609043,-1,-1,-1
583,77,1162.703,432.146,92.009,251.762,0.858386,-1,-1,-1
583,134,1155.463,433.485,38.622,112.956,0.720498,-1,-1,-1
583,108,1175.818,419.484,67.441,218.204,0.661217,-1,-1,-1
584,93,1864.556,418.072,55.429,664.212,0.141482,-1,-1,-1
584,51,1654.245,394.762,265.747,685.396,0.955445,-1,-1,-1
584,72,1072.125,427.193,91.933,272.048,0.897409,-1,-1,-1
584,80,1189.112,434.161,118.209,278.838,0.917080,-1,-1,-1
584,85,960.620,423.681,120.536,250.134,0.915570,-1,-1,-1
584,32,500.612,455.621,25.974,51.395,0.436455,-1,-1,-1
584,112,584.866,454.081,34.828,85.131,0.886220,-1,-1,-1
584,92,409.620,453.389,58.799,112.508,0.744180,-1,-1,-1
584,120,373.287,463.610,49.738,97.506,0.339040,-1,-1,-1
584,119,548.094,450.100,38.792,89.905,0.867228,-1,-1,-1
584,81,627.468,452.677,38.518,101.494,0.887709,-1,-1,-1
584,113,722.108,442.723,40.773,106.300,0.887807,-1,-1,-1
584,98,312.199,451.845,51.710,116.376,0.404024,-1,-1,-1
584,124,801.687,467.404,44.508,77.548,0.698569,-1,-1,-1
584,87,662.309,451.821,36.794,96.029,0.846490,-1,-1,-1
584,130,1093.808,417.962,63.078,193.490,0.681648,-1,-1,-1
584,131,697.055,457.564,29.840,74.542,0.755690,-1,-1,-1
584,123,908.794,474.517,79.678,114.024,0.487283,-1,-1,-1
584,133,1102.850,416.122,62.748,167.154,0.724495,-1,-1,-1
584,117,1042.572,434.586,56.630,149.960,0.554151,-1,-1,-1
584,77,1166.742,429.902,87.352,250.634,0.863800,-1,-1,-1
584,134,1155.374,435.902,38.682,113.950,0.649308,-1,-1,-1
584,108,1175.409,427.665,62.303,176.049,0.160189,-1,-1,-1
585,93,1858.679,392.045,60.962,690.051,0.132086,-1,-1,-1
585,51,1661.062,391.211,258.846,688.936,0.946624,-1,-1,-1
585,72,1079.214,418.718,86.787,279.475,0.909125,-1,-1,-1
585,80,1196.738,430.599,115.292,283.072,0.919137,-1,-1,-1
585,85,966.780,420.314,117.023,255.281,0.917110,-1,-1,-1
585,32,499.292,455.856,25.789,51.161,0.424987,-1,-1,-1
585,112,585.889,455.974,33.916,82.618,0.879931,-1,-1,-1
585,92,409.260,453.007,57.773,112.694,0.801471,-1,-1,-1
585,120,368.382,463.610,52.978,98.542,0.398122,-1,-1,-1
585,119,548.705,451.636,38.164,87.953,0.856197,-1,-1,-1
585,81,626.868,452.197,38.454,101.794,0.890624,-1,-1,-1
585,113,723.241,441.884,40.014,106.453,0.885975,-1,-1,-1
585,98,313.821,453.436,49.820,112.214,0.610076,-1,-1,-1
585,124,801.565,466.707,44.865,78.257,0.655313,-1,-1,-1
585,87,662.362,451.745,37.204,92.737,0.850661,-1,-1,-1
585,131,696.782,457.939,29.690,73.608,0.756601,-1,-1,-1
585,123,917.173,473.336,77.016,115.569,0.478211,-1,-1,-1
585,133,1107.009,414.625,58.839,168.608,0.535526,-1,-1,-1
585,117,1052.736,434.529,51.397,144.031,0.586058,-1,-1,-1
585,77,1167.183,431.549,88.109,250.063,0.857638,-1,-1,-1
585,134,1157.514,437.303,36.851,104.532,0.602790,-1,-1,-1
585,108,1179.571,440.995,54.535,129.967,0.153983,-1,-1,-1
586,51,1667.938,391.476,252.155,688.646,0.933209,-1,-1,-1
586,72,1082.582,420.930,84.610,277.895,0.910336,-1,-1,-1
586,80,1202.080,432.331,112.199,282.460,0.905294,-1,-1,-1
586,85,972.468,427.197,112.202,249.643,0.922384,-1,-1,-1
586,32,499.627,457.436,25.389,49.341,0.378629,-1,-1,-1
586,112,586.683,456.483,32.996,82.309,0.872525,-1,-1,-1
586,92,409.720,451.653,56.433,113.756,0.723217,-1,-1,-1
586,120,371.344,463.011,50.147,100.384,0.472586,-1,-1,-1
586,119,550.342,452.807,36.592,86.687,0.848356,-1,-1,-1
586,81,626.476,452.523,38.251,101.197,0.890956,-1,-1,-1
586,113,723.253,441.233,39.906,107.645,0.888970,-1,-1,-1
586,98,313.428,452.602,50.326,113.385,0.534820,-1,-1,-1
586,124,802.905,467.794,42.851,77.580,0.712732,-1,-1,-1
586,87,662.938,452.414,37.587,95.114,0.857419,-1,-1,-1
586,131,697.896,455.966,29.349,76.362,0.746669,-1,-1,-1
586,123,917.823,474.130,78.462,115.778,0.607907,-1,-1,-1
586,133,1118.742,425.970,47.934,139.902,0.355423,-1,-1,-1
586,117,1060.120,436.777,47.584,139.021,0.494372,-1,-1,-1
586,77,1165.463,431.322,93.784,256.368,0.845506,-1,-1,-1
586,134,1158.485,442.853,33.756,93.933,0.502936,-1,-1,-1
586,108,1181.275,452.968,52.545,114.709,0.237025,-1,-1,-1
587,51,1677.910,388.353,242.368,691.751,0.931178,-1,-1,-1
587,72,1082.460,413.484,94.045,285.706,0.910153,-1,-1,-1
587,80,1199.889,431.162,116.506,282.714,0.884766,-1,-1,-1
587,85,976.075,422.466,109.278,252.169,0.920587,-1,-1,-1
587,32,500.484,458.238,25.184,48.570,0.394476,-1,-1,-1
587,112,587.602,457.180,31.128,81.337,0.866158,-1,-1,-1
587,92,411.117,449.404,54.832,115.787,0.726605,-1,-1,-1
587,120,371.291,469.291,49.220,97.920,0.191825,-1,-1,-1
587,119,552.132,454.527,34.147,84.354,0.850587,-1,-1,-1
587,81,627.344,453.486,36.312,99.885,0.890142,-1,-1,-1
587,113,724.020,440.998,39.477,107.530,0.891629,-1,-1,-1
587,98,313.146,453.131,44.707,111.434,0.466384,-1,-1,-1
587,124,804.949,468.810,41.544,76.152,0.645387,-1,-1,-1
587,87,663.564,453.008,36.436,91.371,0.843884,-1,-1,-1
587,131,696.740,457.342,29.223,74.282,0.683716,-1,-1,-1
587,123,915.645,472.738,82.728,117.538,0.665303,-1,-1,-1
587,133,1118.753,419.659,52.856,151.293,0.450873,-1,-1,-1
587,117,1063.671,437.632,45.420,139.133,0.380084,-1,-1,-1
587,77,1167.948,429.262,92.444,258.252,0.859349,-1,-1,-1
587,134,1162.006,438.941,36.649,99.250,0.529312,-1,-1,-1
587,108,1183.966,451.157,47.473,104.906,0.134442,-1,-1,-1
588,51,1680.701,388.644,239.515,691.452,0.908429,-1,-1,-1
588,72,1082.103,410.031,104.463,289.096,0.927409,-1,-1,-1
588,80,1202.936,428.611,115.466,284.333,0.904716,-1,-1,-1
588,85,984.199,419.497,101.098,253.500,0.916999,-1,-1,-1
588,32,500.563,458.505,25.525,48.220,0.409111,-1,-1,-1
588,112,587.398,456.663,30.861,81.755,0.861119,-1,-1,-1
588,92,411.276,450.593,53.610,114.336,0.734528,-1,-1,-1
588,120,371.278,465.584,49.979,102.668,0.375530,-1,-1,-1
588,119,552.860,455.225,33.685,84.270,0.859641,-1,-1,-1
588,81,626.532,453.713,36.084,99.499,0.891949,-1,-1,-1
588,113,724.645,442.768,38.674,107.234,0.892257,-1,-1,-1
588,98,313.026,453.183,43.824,111.084,0.496598,-1,-1,-1
588,124,801.881,464.904,39.473,81.654,0.648467,-1,-1,-1
588,87,662.561,452.346,37.826,95.127,0.848795,-1,-1,-1
588,131,695.469,457.173,29.788,73.254,0.682572,-1,-1,-1
588,123,915.002,469.398,86.198,119.919,0.469355,-1,-1,-1
588,133,1122.939,418.060,51.605,149.884,0.202242,-1,-1,-1
588,117,1065.459,440.589,45.248,138.212,0.315230,-1,-1,-1
588,77,1169.923,429.760,89.495,255.254,0.878417,-1,-1,-1
588,134,1162.664,437.081,37.914,97.482,0.627390,-1,-1,-1
588,108,1185.715,453.787,46.365,103.503,0.204337,-1,-1,-1
589,51,1685.991,387.593,234.165,691.784,0.881634,-1,-1,-1
589,72,1084.915,409.281,102.796,288.560,0.928855,-1,-1,-1
589,80,1211.044,429.343,110.810,281.727,0.912352,-1,-1,-1
589,85,992.062,422.391,97.070,248.686,0.918402,-1,-1,-1
589,32,501.374,459.319,25.288,47.272,0.394606,-1,-1,-1
589,112,586.687,456.471,31.710,82.204,0.858113,-1,-1,-1
589,92,409.179,460.774,57.977,104.736,0.634616,-1,-1,-1
589,120,373.847,462.985,45.983,102.506,0.555515,-1,-1,-1
589,119,550.915,454.967,34.949,85.078,0.848779,-1,-1,-1
589,81,625.578,453.536,36.478,99.448,0.901897,-1,-1,-1
589,113,724.640,443.300,39.065,108.716,0.876918,-1,-1,-1
589,98,315.610,458.002,41.477,101.030,0.454300,-1,-1,-1
589,124,800.647,467.971,41.489,77.098,0.715989,-1,-1,-1
589,87,662.628,451.555,37.760,100.527,0.877220,-1,-1,-1
589,131,697.607,458.436,28.570,72.903,0.686030,-1,-1,-1
589,123,916.323,472.493,77.930,116.741,0.543022,-1,-1,-1
589,133,1124.277,416.658,51.924,148.859,0.192816,-1,-1,-1
589,117,1067.356,447.579,50.928,140.089,0.462289,-1,-1,-1
589,77,1173.062,426.782,85.791,250.594,0.899150,-1,-1,-1
589,134,1161.463,439.486,37.076,96.537,0.652392,-1,-1,-1
589,108,1187.347,442.145,43.797,100.069,0.140109,-1,-1,-1
589,104,1792.880,397.416,125.404,678.946,0.789570,-1,-1,-1
590,51,1707.927,394.527,210.422,685.282,0.783931,-1,-1,-1
590,72,1088.718,402.421,105.245,294.328,0.924774,-1,-1,-1
590,80,1217.837,427.259,108.563,284.674,0.923147,-1,-1,-1
590,85,998.478,436.893,89.648,233.069,0.916922,-1,-1,-1
590,32,503.146,457.419,24.999,48.464,0.385389,-1,-1,-1
590,112,585.120,455.749,33.343,84.748,0.867497,-1,-1,-1
590,92,409.752,466.061,57.465,101.610,0.625888,-1,-1,-1
590,120,373.300,463.415,47.295,107.025,0.608542,-1,-1,-1
590,119,551.035,453.727,34.410,86.037,0.870414,-1,-1,-1
590,81,624.643,453.774,36.933,99.636,0.909019,-1,-1,-1
590,113,723.882,442.150,40.152,109.385,0.885406,-1,-1,-1
590,98,315.197,456.212,44.804,108.219,0.633477,-1,-1,-1
590,124,799.241,467.661,43.853,76.906,0.719681,-1,-1,-1
590,87,662.399,451.781,37.598,101.990,0.874106,-1,-1,-1
590,131,697.825,458.346,29.163,73.002,0.733528,-1,-1,-1
590,123,915.005,472.281,74.260,113.992,0.677334,-1,-1,-1
590,133,1122.839,411.678,53.081,148.517,0.109291,-1,-1,-1
590,117,1072.041,449.086,49.360,138.164,0.470480,-1,-1,-1
590,77,1172.942,423.088,90.688,257.306,0.895859,-1,-1,-1
590,134,1163.156,438.701,35.210,95.353,0.510766,-1,-1,-1
590,108,1192.250,437.244,38.995,98.028,0.147740,-1,-1,-1
590,104,1814.327,402.200,105.100,678.588,0.852020,-1,-1,-1
591,51,1746.790,412.986,170.309,666.988,0.700100,-1,-1,-1
591,72,1091.462,398.475,107.084,298.994,0.916895,-1,-1,-1
591,80,1222.827,434.564,109.517,277.886,0.928664,-1,-1,-1
591,85,1003.791,434.051,92.346,234.604,0.903503,-1,-1,-1
591,32,502.589,457.031,24.940,49.011,0.367198,-1,-1,-1
591,112,584.909,455.194,33.375,85.441,0.868669,-1,-1,-1
591,92,411.044,474.317,53.605,95.007,0.696740,-1,-1,-1
591,120,372.896,464.425,48.125,106.342,0.530026,-1,-1,-1
591,119,551.666,452.430,34.353,87.676,0.867580,-1,-1,-1
591,81,624.911,453.908,36.705,99.740,0.900398,-1,-1,-1
591,113,724.412,442.669,38.920,108.879,0.885944,-1,-1,-1
591,98,315.836,455.104,47.885,110.224,0.529050,-1,-1,-1
591,124,798.617,466.829,45.322,77.462,0.703814,-1,-1,-1
591,87,662.004,451.552,38.214,102.971,0.878083,-1,-1,-1
591,131,697.520,458.265,29.689,73.243,0.738197,-1,-1,-1
591,123,910.998,468.706,79.165,118.925,0.685480,-1,-1,-1
591,117,1068.696,446.614,51.076,141.006,0.272006,-1,-1,-1
591,77,1174.117,424.052,91.071,251.697,0.895236,-1,-1,-1
591,134,1163.271,435.993,37.823,104.474,0.563092,-1,-1,-1
591,108,1197.880,426.612,37.246,100.421,0.100839,-1,-1,-1
591,93,1841.945,421.542,78.375,658.006,0.814470,-1,-1,-1
592,51,1771.244,393.316,147.862,686.709,0.772810,-1,-1,-1
592,72,1091.930,401.272,108.344,297.812,0.917497,-1,-1,-1
592,80,1227.208,440.699,110.072,272.971,0.927852,-1,-1,-1
592,85,1008.539,430.786,89.516,239.520,0.915404,-1,-1,-1
592,32,501.888,456.887,25.044,49.671,0.364557,-1,-1,-1
592,112,586.215,455.467,32.345,84.887,0.857280,-1,-1,-1
592,92,412.112,471.393,52.078,97.379,0.655676,-1,-1,-1
592,120,371.363,465.269,50.566,107.314,0.591530,-1,-1,-1
592,119,551.194,451.817,34.046,88.056,0.861002,-1,-1,-1
592,81,624.632,452.991,37.017,101.160,0.905796,-1,-1,-1
592,113,724.679,443.790,38.098,108.599,0.894118,-1,-1,-1
592,98,316.070,454.196,49.102,111.557,0.605907,-1,-1,-1
592,124,799.585,466.162,46.608,78.932,0.740140,-1,-1,-1
592,87,662.363,451.690,38.348,105.017,0.888170,-1,-1,-1
592,131,697.858,457.945,29.959,75.148,0.734806,-1,-1,-1
592,123,910.215,470.250,80.775,117.909,0.740612,-1,-1,-1
592,117,1073.436,456.185,48.911,134.836,0.218246,-1,-1,-1
592,77,1179.812,426.557,88.869,249.237,0.909882,-1,-1,-1
592,134,1163.044,433.757,38.337,108.273,0.516410,-1,-1,-1
592,108,1198.727,419.766,36.738,103.309,0.230947,-1,-1,-1
592,93,1845.160,408.666,75.230,667.456,0.704367,-1,-1,-1
593,51,1797.516,422.647,122.334,651.324,0.483825,-1,-1,-1
593,72,1092.779,401.487,108.154,296.981,0.929266,-1,-1,-1
593,80,1230.609,436.783,112.002,277.489,0.937410,-1,-1,-1
593,85,1010.536,428.487,91.942,242.493,0.903857,-1,-1,-1
593,32,503.707,457.233,25.156,50.030,0.383161,-1,-1,-1
593,112,584.977,455.370,33.344,84.363,0.859803,-1,-1,-1
593,92,412.432,466.688,55.746,102.331,0.601170,-1,-1,-1
593,120,372.205,465.532,50.802,109.566,0.642213,-1,-1,-1
593,119,550.277,452.030,34.473,87.717,0.862283,-1,-1,-1
593,81,624.682,452.060,37.419,101.973,0.898498,-1,-1,-1
593,113,725.504,445.068,37.632,106.499,0.888882,-1,-1,-1
593,98,316.242,453.261,49.091,112.881,0.560442,-1,-1,-1
593,124,800.872,466.180,47.728,79.502,0.738213,-1,-1,-1
593,87,662.651,451.325,38.206,103.931,0.876517,-1,-1,-1
593,131,699.296,458.055,29.541,75.553,0.750181,-1,-1,-1
593,123,910.732,473.626,89.223,114.768,0.719339,-1,-1,-1
593,117,1072.453,457.918,48.194,127.552,0.357574,-1,-1,-1
593,77,1183.884,428.020,86.572,248.021,0.899567,-1,-1,-1
593,134,1164.040,434.962,38.532,102.374,0.314948,-1,-1,-1
593,108,1199.672,416.838,39.264,102.158,0.221190,-1,-1,-1
593,93,1850.432,423.940,69.735,640.147,0.774887,-1,-1,-1
593,128,958.406,462.280,70.056,131.299,0.614699,-1,-1,-1
594,51,1805.678,474.813,114.302,600.215,0.326225,-1,-1,-1
594,72,1091.932,400.886,109.327,297.936,0.933467,-1,-1,-1
594,80,1233.148,437.854,115.797,275.836,0.946977,-1,-1,-1
594,85,1012.485,429.379,91.311,241.706,0.898524,-1,-1,-1
594,32,503.389,457.595,25.601,51.012,0.429975,-1,-1,-1
594,112,584.029,455.007,34.221,84.762,0.867693,-1,-1,-1
594,92,411.560,457.111,58.468,111.272,0.639493,-1,-1,-1
594,120,371.374,463.791,52.141,112.404,0.711992,-1,-1,-1
594,119,549.686,451.496,35.783,87.940,0.871597,-1,-1,-1
594,81,625.050,451.691,36.683,102.720,0.887003,-1,-1,-1
594,113,725.149,445.254,37.863,106.338,0.893403,-1,-1,-1
594,98,314.827,453.348,49.942,114.068,0.606597,-1,-1,-1
594,124,801.139,466.859,47.910,78.415,0.729324,-1,-1,-1
594,87,662.052,450.758,38.454,105.466,0.867140,-1,-1,-1
594,131,699.556,458.964,28.913,74.030,0.716470,-1,-1,-1
594,123,907.789,469.791,92.535,119.562,0.671061,-1,-1,-1
594,117,1070.660,452.017,47.654,129.026,0.362033,-1,-1,-1
594,77,1183.463,430.849,89.227,248.267,0.895808,-1,-1,-1
594,134,1166.758,434.296,35.848,97.580,0.390123,-1,-1,-1
594,108,1199.077,418.054,39.244,101.424,0.212609,-1,-1,-1
594,93,1862.746,421.233,57.447,611.461,0.586567,-1,-1,-1
594,128,952.394,463.776,75.347,128.650,0.453217,-1,-1,-1
594,104,1833.954,334.675,86.258,743.512,0.638892,-1,-1,-1
595,51,1800.540,456.882,119.434,584.184,0.103773,-1,-1,-1
595,72,1091.916,402.474,110.077,295.650,0.936689,-1,-1,-1
595,80,1235.482,435.090,117.364,278.687,0.953797,-1,-1,-1
595,85,1016.810,430.031,86.761,237.839,0.911582,-1,-1,-1
595,32,502.939,458.032,25.752,50.802,0.416839,-1,-1,-1
595,112,583.135,455.329,35.036,85.047,0.862935,-1,-1,-1
595,92,409.485,457.181,62.760,110.975,0.641606,-1,-1,-1
595,120,370.945,463.288,53.479,112.320,0.704678,-1,-1,-1
595,119,549.307,452.515,36.621,86.659,0.864652,-1,-1,-1
595,81,624.586,451.939,37.171,101.894,0.895700,-1,-1,-1
595,113,725.560,445.658,37.780,106.506,0.900671,-1,-1,-1
595,98,315.254,453.538,49.017,111.858,0.574779,-1,-1,-1
595,124,799.310,465.908,51.118,79.256,0.732631,-1,-1,-1
595,87,661.699,451.404,38.567,105.700,0.872784,-1,-1,-1
595,131,699.737,459.197,28.156,72.758,0.737023,-1,-1,-1
595,123,910.445,474.128,98.310,115.196,0.676896,-1,-1,-1
595,117,1074.033,452.852,51.474,129.526,0.394369,-1,-1,-1
595,77,1181.927,427.930,86.491,253.478,0.907560,-1,-1,-1
595,134,1168.274,437.795,35.310,94.384,0.397840,-1,-1,-1
595,108,1197.057,418.885,41.236,112.486,0.249608,-1,-1,-1
595,93,1871.184,433.934,49.029,581.741,0.673678,-1,-1,-1
595,128,943.115,462.728,88.499,130.404,0.495300,-1,-1,-1
595,104,1848.326,337.233,71.793,737.436,0.442332,-1,-1,-1
596,72,1093.414,404.701,112.097,291.713,0.926300,-1,-1,-1
596,80,1238.257,437.889,118.790,275.267,0.951494,-1,-1,-1
596,85,1017.366,434.599,88.321,232.023,0.911783,-1,-1,-1
596,32,502.723,457.113,25.758,51.318,0.437810,-1,-1,-1
596,112,582.980,454.030,35.292,86.897,0.875831,-1,-1,-1
596,92,409.828,457.634,62.006,110.908,0.657652,-1,-1,-1
596,120,370.761,463.395,53.742,111.862,0.693545,-1,-1,-1
596,119,549.490,450.087,37.184,89.478,0.861360,-1,-1,-1
596,81,624.426,451.585,36.773,101.882,0.901605,-1,-1,-1
596,113,725.432,446.054,38.183,106.455,0.901687,-1,-1,-1
596,98,314.843,453.383,48.772,113.530,0.650707,-1,-1,-1
596,124,798.977,466.142,52.752,78.888,0.711105,-1,-1,-1
596,87,661.572,450.984,38.400,107.307,0.876775,-1,-1,-1
596,131,698.660,459.481,28.250,72.099,0.721789,-1,-1,-1
596,123,909.436,475.597,98.374,113.595,0.700351,-1,-1,-1
596,117,1090.590,446.901,44.150,124.622,0.604073,-1,-1,-1
596,77,1183.264,428.714,87.096,251.101,0.899871,-1,-1,-1
596,134,1172.016,446.023,37.796,99.704,0.276429,-1,-1,-1
596,108,1194.875,423.675,38.627,104.847,0.203321,-1,-1,-1
596,93,1876.938,446.394,42.926,453.684,0.611439,-1,-1,-1
596,128,949.471,471.945,85.730,121.387,0.558263,-1,-1,-1
596,104,1845.953,369.516,73.872,560.295,0.333643,-1,-1,-1
596,133,1117.775,432.486,45.440,130.216,0.613600,-1,-1,-1
597,72,1094.812,401.286,114.541,295.360,0.921958,-1,-1,-1
597,80,1239.375,442.287,120.457,270.664,0.943707,-1,-1,-1
597,85,1019.696,431.420,88.094,235.251,0.913766,-1,-1,-1
597,32,502.798,457.393,25.762,50.796,0.457866,-1,-1,-1
597,112,582.865,453.790,34.932,86.660,0.855518,-1,-1,-1
597,92,411.808,461.110,57.741,106.681,0.656316,-1,-1,-1
597,120,369.746,462.951,55.182,112.313,0.728742,-1,-1,-1
597,119,549.597,449.490,37.344,90.636,0.862211,-1,-1,-1
597,81,624.794,451.779,35.580,101.115,0.890860,-1,-1,-1
597,113,725.469,444.761,39.017,107.544,0.902945,-1,-1,-1
597,98,314.368,453.438,49.246,113.888,0.666732,-1,-1,-1
597,124,799.196,466.130,51.804,78.916,0.719233,-1,-1,-1
597,87,661.328,450.541,38.032,107.383,0.873013,-1,-1,-1
597,131,698.145,460.069,28.367,71.564,0.723451,-1,-1,-1
597,123,911.307,475.845,84.107,111.512,0.603865,-1,-1,-1
597,117,1094.310,441.496,48.529,135.570,0.715076,-1,-1,-1
597,77,1185.985,433.604,92.164,245.530,0.910407,-1,-1,-1
597,134,1172.953,445.710,38.599,103.298,0.212266,-1,-1,-1
597,108,1192.603,439.308,35.962,96.224,0.243256,-1,-1,-1
597,93,1885.965,453.786,34.093,436.905,0.432458,-1,-1,-1
597,128,956.478,473.407,78.201,117.729,0.390824,-1,-1,-1
597,104,1845.128,354.741,74.595,543.730,0.144563,-1,-1,-1
597,133,1113.695,427.716,53.639,149.474,0.724900,-1,-1,-1
598,72,1097.545,401.546,113.179,294.211,0.916939,-1,-1,-1
598,80,1242.359,442.733,118.964,269.394,0.934856,-1,-1,-1
598,85,1020.051,432.535,93.174,232.647,0.909614,-1,-1,-1
598,32,503.560,457.251,25.448,50.968,0.447163,-1,-1,-1
598,112,583.241,453.716,34.212,86.753,0.862916,-1,-1,-1
598,92,412.900,468.842,56.512,99.366,0.678407,-1,-1,-1
598,120,371.001,464.218,56.410,108.551,0.724499,-1,-1,-1
598,119,549.400,450.055,36.540,90.388,0.858941,-1,-1,-1
598,81,625.730,452.597,34.099,99.935,0.887173,-1,-1,-1
598,113,726.074,444.673,39.016,108.694,0.899472,-1,-1,-1
598,98,314.234,453.340,49.273,114.346,0.684470,-1,-1,-1
598,124,800.226,467.184,50.392,78.095,0.725507,-1,-1,-1
598,87,661.650,450.759,37.199,105.364,0.874514,-1,-1,-1
598,131,697.784,460.614,28.831,71.562,0.713108,-1,-1,-1
598,123,912.160,476.651,76.832,110.319,0.485947,-1,-1,-1
598,117,1097.211,439.363,45.940,135.728,0.702422,-1,-1,-1
598,77,1183.576,430.946,92.958,252.014,0.916564,-1,-1,-1
598,134,1173.395,436.760,39.805,112.487,0.239021,-1,-1,-1
598,108,1189.123,429.351,37.931,110.358,0.114659,-1,-1,-1
598,93,1893.286,452.583,26.794,426.977,0.273430,-1,-1,-1
598,128,957.717,489.244,80.272,104.624,0.103669,-1,-1,-1
598,104,1843.938,394.876,75.811,461.234,0.171894,-1,-1,-1
598,133,1116.310,430.699,48.946,141.937,0.697466,-1,-1,-1
599,72,1103.946,403.497,105.829,290.462,0.911182,-1,-1,-1
599,80,1247.649,438.630,115.608,273.380,0.933611,-1,-1,-1
599,85,1023.910,434.528,99.176,235.207,0.916914,-1,-1,-1
599,32,503.273,455.737,25.549,51.719,0.439588,-1,-1,-1
599,112,583.084,454.621,34.424,85.186,0.861311,-1,-1,-1
599,92,412.509,472.411,55.145,96.099,0.680384,-1,-1,-1
599,120,370.941,464.888,57.468,108.478,0.733456,-1,-1,-1
599,119,548.687,450.694,36.205,89.505,0.865625,-1,-1,-1
599,81,626.343,452.123,33.911,100.110,0.881600,-1,-1,-1
599,113,726.319,446.121,37.781,106.495,0.895295,-1,-1,-1
599,98,313.980,455.355,49.637,112.927,0.609360,-1,-1,-1
599,124,802.083,468.577,48.766,76.532,0.709506,-1,-1,-1
599,87,661.644,451.066,37.515,104.713,0.853668,-1,-1,-1
599,131,697.900,461.765,28.547,70.069,0.721527,-1,-1,-1
599,123,913.747,474.686,74.520,111.702,0.551978,-1,-1,-1
599,117,1098.633,434.658,41.943,137.705,0.500458,-1,-1,-1
599,77,1183.619,428.995,94.454,255.473,0.918543,-1,-1,-1
599,134,1174.783,438.643,38.158,113.465,0.247427,-1,-1,-1
599,108,1190.430,442.333,36.192,107.263,0.341088,-1,-1,-1
599,128,962.383,474.188,74.033,116.192,0.376223,-1,-1,-1
599,133,1116.914,431.400,48.209,140.375,0.714937,-1,-1,-1
600,72,1114.607,410.262,96.843,278.905,0.900380,-1,-1,-1
600,80,1253.176,438.244,113.977,274.874,0.938758,-1,-1,-1
600,85,1025.119,440.436,109.471,236.092,0.922673,-1,-1,-1
600,32,503.253,453.969,25.457,53.092,0.389853,-1,-1,-1
600,112,583.249,454.791,34.178,84.765,0.852531,-1,-1,-1
600,92,413.566,469.401,55.945,97.679,0.603458,-1,-1,-1
600,120,370.068,465.991,55.291,107.380,0.634900,-1,-1,-1
600,119,549.888,451.526,34.514,87.086,0.860387,-1,-1,-1
600,81,626.497,451.739,33.886,100.061,0.885894,-1,-1,-1
600,113,725.868,444.897,38.957,106.908,0.901318,-1,-1,-1
600,98,314.980,454.706,50.831,112.093,0.506118,-1,-1,-1
600,124,798.378,465.194,43.720,79.588,0.701368,-1,-1,-1
600,87,661.363,452.597,36.753,101.504,0.825057,-1,-1,-1
600,131,696.440,462.308,29.433,68.396,0.702750,-1,-1,-1
600,123,913.245,474.444,74.306,111.633,0.597177,-1,-1,-1
600,117,1101.323,434.565,46.795,139.210,0.504019,-1,-1,-1
600,77,1183.056,427.084,93.025,260.410,0.922476,-1,-1,-1
600,134,1176.805,444.951,35.217,100.079,0.363097,-1,-1,-1
600,108,1192.769,449.397,34.460,102.019,0.452681,-1,-1,-1
600,128,964.596,476.133,75.042,112.731,0.416236,-1,-1,-1
600,133,1114.263,431.739,49.513,141.678,0.661100,-1,-1,-1
