1,1,1335.840,420.124,173.399,364.358,0.880728,-1,-1,-1
1,2,581.622,440.775,92.705,271.999,0.860514,-1,-1,-1
1,3,1430.535,432.001,174.505,339.963,0.824847,-1,-1,-1
1,4,438.158,443.753,123.485,282.353,0.800788,-1,-1,-1
1,5,727.816,454.087,42.549,115.406,0.798610,-1,-1,-1
1,6,1253.770,439.032,42.764,111.500,0.694708,-1,-1,-1
1,7,647.336,457.276,62.438,191.765,0.574754,-1,-1,-1
1,8,936.018,435.731,33.092,78.427,0.508513,-1,-1,-1
1,9,1837.839,407.329,82.161,253.095,0.478610,-1,-1,-1
1,10,1015.289,434.186,37.990,99.656,0.418574,-1,-1,-1
1,11,690.176,459.835,48.016,141.520,0.404716,-1,-1,-1
1,12,544.097,453.114,40.560,104.892,0.370487,-1,-1,-1
1,13,975.265,446.372,34.628,77.176,0.327021,-1,-1,-1
1,14,806.727,471.844,35.340,79.722,0.314691,-1,-1,-1
1,15,1070.086,437.097,24.840,67.571,0.258512,-1,-1,-1
2,1,1342.454,422.360,174.940,367.415,0.909851,-1,-1,-1
2,2,582.731,441.648,92.515,271.324,0.860424,-1,-1,-1
2,3,1437.008,432.494,173.187,337.717,0.794657,-1,-1,-1
2,4,436.794,441.949,123.960,283.437,0.803570,-1,-1,-1
2,5,727.602,453.598,42.822,116.163,0.766855,-1,-1,-1
2,6,1254.035,439.376,42.798,111.605,0.673065,-1,-1,-1
2,7,652.137,453.465,62.262,191.094,0.627667,-1,-1,-1
2,8,935.278,435.254,33.976,80.449,0.555599,-1,-1,-1
2,9,1844.800,439.738,71.444,219.666,0.297475,-1,-1,-1
2,10,1015.147,431.592,39.296,103.054,0.490743,-1,-1,-1
2,11,693.209,459.780,47.701,140.668,0.412606,-1,-1,-1
2,12,546.096,453.858,40.023,103.642,0.345521,-1,-1,-1
2,13,977.701,447.919,34.122,75.824,0.440397,-1,-1,-1
2,14,808.153,473.617,34.401,77.529,0.339331,-1,-1,-1
3,1,1347.746,420.313,178.938,375.259,0.897719,-1,-1,-1
3,2,582.836,442.351,91.778,268.877,0.847421,-1,-1,-1
3,3,1441.205,428.354,177.186,346.187,0.803313,-1,-1,-1
3,4,433.542,440.600,124.831,284.773,0.768796,-1,-1,-1
3,5,728.093,454.010,42.528,115.303,0.775344,-1,-1,-1
3,6,1254.302,438.953,42.705,111.469,0.630426,-1,-1,-1
3,7,650.367,455.991,62.745,192.077,0.667050,-1,-1,-1
3,8,935.201,435.130,34.006,80.340,0.543253,-1,-1,-1
3,9,1847.808,456.018,66.183,202.591,0.321962,-1,-1,-1
3,10,1015.351,432.854,38.953,102.122,0.482085,-1,-1,-1
3,11,692.360,458.207,47.535,140.433,0.384991,-1,-1,-1
3,12,547.215,454.707,39.821,103.326,0.342593,-1,-1,-1
3,13,978.551,449.568,32.167,71.074,0.340244,-1,-1,-1
3,14,805.857,472.984,34.817,78.617,0.332392,-1,-1,-1
4,1,1351.979,417.670,181.399,380.045,0.878127,-1,-1,-1
4,2,583.231,442.741,91.445,267.401,0.845361,-1,-1,-1
4,3,1444.144,424.296,179.249,351.892,0.788749,-1,-1,-1
4,4,436.253,440.466,125.456,285.700,0.785422,-1,-1,-1
4,5,728.317,453.564,42.713,115.903,0.714587,-1,-1,-1
4,6,1254.528,438.577,42.709,111.627,0.666393,-1,-1,-1
4,7,651.417,452.224,63.375,193.847,0.605843,-1,-1,-1
4,8,935.343,435.186,34.688,81.516,0.490397,-1,-1,-1
4,9,1852.308,471.637,61.348,186.694,0.287820,-1,-1,-1
4,10,1014.494,428.316,40.762,106.462,0.567509,-1,-1,-1
4,11,691.663,455.179,48.442,143.621,0.385848,-1,-1,-1
4,12,546.623,455.925,39.999,103.851,0.423524,-1,-1,-1
4,13,978.557,451.742,33.709,73.858,0.420636,-1,-1,-1
4,14,804.762,471.066,35.677,80.760,0.362146,-1,-1,-1
4,18,1093.849,430.536,44.239,128.578,0.444720,-1,-1,-1
4,19,907.557,435.957,76.366,152.617,0.515862,-1,-1,-1
4,20,512.264,460.582,50.377,187.811,0.345836,-1,-1,-1
5,1,1353.578,417.023,182.374,381.559,0.901122,-1,-1,-1
5,2,583.261,442.922,91.472,266.987,0.860311,-1,-1,-1
5,3,1454.691,426.066,175.508,348.927,0.744468,-1,-1,-1
5,4,438.643,440.301,125.593,285.098,0.808969,-1,-1,-1
5,5,728.810,454.964,42.117,114.378,0.691320,-1,-1,-1
5,6,1254.615,439.509,42.355,110.763,0.664718,-1,-1,-1
5,7,652.570,452.566,63.704,194.596,0.602048,-1,-1,-1
5,8,934.842,434.844,35.219,82.304,0.469946,-1,-1,-1
5,9,1851.144,469.676,62.276,188.194,0.323241,-1,-1,-1
5,10,1014.054,427.905,40.908,106.513,0.533233,-1,-1,-1
5,11,692.748,456.176,47.517,141.622,0.333254,-1,-1,-1
5,12,546.562,456.103,40.057,104.183,0.433532,-1,-1,-1
5,13,979.907,452.559,32.317,70.277,0.421912,-1,-1,-1
5,14,804.984,471.780,35.263,79.982,0.377391,-1,-1,-1
5,18,1095.212,431.276,42.901,124.624,0.428777,-1,-1,-1
5,19,907.437,435.347,76.629,153.258,0.468127,-1,-1,-1
6,1,1355.404,415.885,183.664,384.077,0.892541,-1,-1,-1
6,2,583.444,443.174,91.345,265.948,0.859271,-1,-1,-1
6,3,1457.360,424.328,173.841,350.537,0.802233,-1,-1,-1
6,4,437.313,439.442,127.101,287.049,0.794115,-1,-1,-1
6,5,728.609,453.382,42.435,115.425,0.738710,-1,-1,-1
6,6,1254.778,440.119,42.114,110.175,0.690053,-1,-1,-1
6,7,653.270,451.527,64.245,195.595,0.614296,-1,-1,-1
6,8,934.600,434.922,34.761,80.749,0.387258,-1,-1,-1
6,9,1850.904,469.443,62.814,188.433,0.328659,-1,-1,-1
6,10,1013.810,427.298,41.600,108.012,0.556488,-1,-1,-1
6,11,692.669,453.968,47.587,142.830,0.354460,-1,-1,-1
6,12,546.604,455.540,40.165,104.811,0.487417,-1,-1,-1
6,13,980.056,451.389,34.021,73.425,0.452552,-1,-1,-1
6,14,805.793,472.305,35.034,79.556,0.351054,-1,-1,-1
6,18,1095.066,431.600,43.193,125.395,0.397138,-1,-1,-1
6,19,908.557,436.773,75.716,151.558,0.413051,-1,-1,-1
6,20,508.352,459.160,56.782,211.420,0.299750,-1,-1,-1
7,1,1358.506,412.201,186.441,392.411,0.889611,-1,-1,-1
7,2,583.404,442.339,91.846,266.714,0.856437,-1,-1,-1
7,3,1465.658,424.621,169.931,349.496,0.775645,-1,-1,-1
7,4,439.196,443.027,126.016,283.349,0.820001,-1,-1,-1
7,5,729.101,455.837,41.818,114.187,0.707819,-1,-1,-1
7,6,1254.453,440.639,41.894,109.597,0.681648,-1,-1,-1
7,7,650.961,451.607,64.684,195.848,0.493829,-1,-1,-1
7,8,934.521,435.076,34.461,79.570,0.401873,-1,-1,-1
7,10,1014.055,430.708,40.523,105.016,0.527762,-1,-1,-1
7,11,692.665,452.727,47.656,144.189,0.327952,-1,-1,-1
7,12,546.519,455.912,39.810,104.408,0.481883,-1,-1,-1
7,13,979.917,448.866,34.999,75.241,0.340416,-1,-1,-1
7,14,805.639,472.048,34.827,79.248,0.351188,-1,-1,-1
7,18,1095.997,431.650,42.320,122.872,0.334521,-1,-1,-1
7,19,908.457,437.493,75.429,151.107,0.423680,-1,-1,-1
7,30,1373.973,431.230,41.848,130.804,0.681635,-1,-1,-1
8,1,1370.190,411.427,185.868,397.116,0.855191,-1,-1,-1
8,2,582.802,441.179,92.648,268.260,0.853250,-1,-1,-1
8,3,1474.949,425.355,165.939,350.604,0.764291,-1,-1,-1
8,4,438.433,441.616,128.293,286.241,0.833035,-1,-1,-1
8,5,728.805,453.928,43.220,118.353,0.750163,-1,-1,-1
8,6,1254.165,440.535,42.031,109.913,0.682735,-1,-1,-1
8,7,649.119,451.761,64.996,196.429,0.483876,-1,-1,-1
8,8,935.054,435.545,34.362,79.215,0.544242,-1,-1,-1
8,10,1016.086,437.406,37.465,96.455,0.370446,-1,-1,-1
8,11,692.079,450.493,48.210,147.207,0.313503,-1,-1,-1
8,12,546.509,456.198,39.363,103.845,0.385986,-1,-1,-1
8,14,805.210,473.094,34.275,78.169,0.285980,-1,-1,-1
8,30,1375.972,431.362,42.120,131.478,0.680357,-1,-1,-1
9,1,1379.164,408.826,182.919,397.985,0.837084,-1,-1,-1
9,2,582.909,440.898,93.020,268.605,0.858539,-1,-1,-1
9,3,1474.680,419.882,164.247,354.892,0.788168,-1,-1,-1
9,4,439.077,442.689,128.799,284.967,0.823154,-1,-1,-1
9,5,728.209,452.945,44.056,120.989,0.729105,-1,-1,-1
9,6,1254.057,440.183,42.186,110.282,0.718358,-1,-1,-1
9,7,651.743,452.838,64.566,194.359,0.537507,-1,-1,-1
9,8,935.039,435.576,33.933,77.994,0.544213,-1,-1,-1
9,10,1015.937,436.660,37.888,96.698,0.581565,-1,-1,-1
9,11,693.816,450.102,46.525,143.630,0.382399,-1,-1,-1
9,12,546.516,456.547,38.908,103.362,0.299326,-1,-1,-1
9,14,806.847,473.154,34.479,78.326,0.304479,-1,-1,-1
9,30,1377.974,435.335,41.153,127.844,0.702506,-1,-1,-1
9,9,1844.789,453.128,69.274,205.614,0.406668,-1,-1,-1
9,13,980.994,448.833,33.601,72.050,0.292681,-1,-1,-1
10,1,1388.763,408.236,178.653,397.382,0.866646,-1,-1,-1
10,2,583.173,440.272,94.474,272.053,0.860941,-1,-1,-1
10,3,1479.655,418.103,161.787,357.715,0.773008,-1,-1,-1
10,4,439.741,441.432,130.441,286.330,0.831772,-1,-1,-1
10,5,727.932,451.884,44.294,122.001,0.743590,-1,-1,-1
10,6,1254.169,440.394,42.289,110.513,0.719217,-1,-1,-1
10,7,651.850,453.742,64.546,193.805,0.594260,-1,-1,-1
10,8,934.842,435.608,34.223,78.515,0.567118,-1,-1,-1
10,10,1016.094,437.290,37.748,95.487,0.443440,-1,-1,-1
10,11,694.055,451.197,45.051,140.347,0.373377,-1,-1,-1
10,12,546.330,454.764,38.913,104.182,0.333693,-1,-1,-1
10,14,807.497,473.413,34.651,78.230,0.299214,-1,-1,-1
10,30,1379.969,438.228,40.596,125.177,0.605124,-1,-1,-1
10,9,1844.784,459.950,68.232,199.217,0.414774,-1,-1,-1
10,13,981.503,449.306,32.366,69.210,0.290590,-1,-1,-1
11,1,1398.016,407.498,176.561,401.001,0.838059,-1,-1,-1
11,2,583.379,440.388,94.896,272.720,0.862050,-1,-1,-1
11,3,1495.218,416.809,157.489,358.941,0.796231,-1,-1,-1
11,4,441.033,440.741,131.383,287.038,0.831741,-1,-1,-1
11,5,728.022,453.957,43.706,120.485,0.733435,-1,-1,-1
11,6,1254.030,440.773,42.295,110.468,0.718142,-1,-1,-1
11,7,651.626,453.025,65.070,195.085,0.527755,-1,-1,-1
11,8,934.559,435.756,34.686,79.473,0.546507,-1,-1,-1
11,10,1015.378,436.833,38.416,96.919,0.320291,-1,-1,-1
11,11,694.158,452.024,43.984,138.345,0.286663,-1,-1,-1
11,12,546.764,454.384,38.710,104.557,0.298483,-1,-1,-1
11,14,807.809,473.803,35.010,78.611,0.310711,-1,-1,-1
11,30,1381.179,438.948,40.390,123.531,0.649674,-1,-1,-1
11,9,1843.932,460.779,68.951,198.394,0.382940,-1,-1,-1
11,13,981.258,449.968,31.872,68.112,0.291028,-1,-1,-1
12,1,1408.178,405.982,173.837,401.814,0.805510,-1,-1,-1
12,2,583.561,440.331,94.935,272.003,0.864000,-1,-1,-1
12,3,1504.641,414.331,156.113,366.114,0.799266,-1,-1,-1
12,4,440.516,438.083,133.622,291.224,0.843585,-1,-1,-1
12,5,727.329,452.215,44.504,122.870,0.765948,-1,-1,-1
12,6,1253.850,439.909,42.486,110.954,0.700684,-1,-1,-1
12,7,654.105,453.751,63.215,188.948,0.468756,-1,-1,-1
12,8,934.766,435.529,33.306,76.108,0.505959,-1,-1,-1
12,11,694.103,451.932,43.472,138.119,0.286050,-1,-1,-1
12,14,806.946,471.603,35.953,80.394,0.290998,-1,-1,-1
12,30,1382.908,440.517,41.005,123.310,0.553545,-1,-1,-1
12,9,1842.807,458.722,70.685,200.680,0.411141,-1,-1,-1
13,1,1422.476,408.659,169.219,399.045,0.802294,-1,-1,-1
13,2,583.217,439.212,95.808,273.950,0.880135,-1,-1,-1
13,3,1515.177,417.307,154.056,366.853,0.764929,-1,-1,-1
13,4,440.065,436.830,135.149,293.877,0.841925,-1,-1,-1
13,5,726.757,451.284,44.856,124.055,0.765915,-1,-1,-1
13,6,1253.731,439.558,42.514,110.982,0.698088,-1,-1,-1
13,7,655.757,454.687,61.939,184.443,0.443533,-1,-1,-1
13,8,934.722,435.574,32.889,74.956,0.422906,-1,-1,-1
13,11,693.830,456.474,42.184,135.117,0.253583,-1,-1,-1
13,14,805.508,471.630,35.971,80.324,0.295002,-1,-1,-1
13,30,1383.881,437.775,41.876,124.026,0.638930,-1,-1,-1
13,9,1843.551,461.729,70.404,197.555,0.420850,-1,-1,-1
14,1,1434.938,405.778,169.813,403.234,0.798976,-1,-1,-1
14,2,583.193,439.069,96.082,274.111,0.882707,-1,-1,-1
14,3,1531.092,414.753,157.147,374.724,0.794171,-1,-1,-1
14,4,440.202,438.526,135.348,293.764,0.828900,-1,-1,-1
14,5,726.700,452.954,44.497,123.520,0.716884,-1,-1,-1
14,6,1253.630,438.828,42.791,111.758,0.687926,-1,-1,-1
14,7,654.960,457.551,62.283,185.507,0.335882,-1,-1,-1
14,8,934.171,435.274,33.891,77.436,0.436499,-1,-1,-1
14,14,806.559,473.090,35.596,79.191,0.343056,-1,-1,-1
14,30,1385.464,435.208,43.363,126.528,0.601852,-1,-1,-1
14,9,1843.134,462.237,70.864,196.566,0.387892,-1,-1,-1
15,1,1445.627,410.353,170.964,402.421,0.769736,-1,-1,-1
15,2,582.787,438.725,96.287,274.529,0.876703,-1,-1,-1
15,3,1547.185,415.833,159.420,377.622,0.825435,-1,-1,-1
15,4,439.224,440.397,135.551,292.166,0.822696,-1,-1,-1
15,5,727.053,453.609,43.962,122.333,0.731665,-1,-1,-1
15,6,1253.127,439.413,42.499,111.086,0.696013,-1,-1,-1
15,7,652.112,458.336,62.797,189.143,0.497163,-1,-1,-1
15,8,934.552,435.421,34.629,79.006,0.502471,-1,-1,-1
15,14,806.430,472.938,35.686,79.252,0.357665,-1,-1,-1
15,30,1391.625,430.132,44.866,130.581,0.561263,-1,-1,-1
15,9,1841.442,461.156,72.129,197.620,0.367354,-1,-1,-1
15,11,690.207,456.125,44.899,142.810,0.330851,-1,-1,-1
16,1,1458.139,414.238,172.446,398.850,0.818569,-1,-1,-1
16,2,582.961,439.308,95.769,272.898,0.892824,-1,-1,-1
16,3,1568.684,421.511,157.937,370.283,0.780663,-1,-1,-1
16,4,438.237,441.434,136.654,293.192,0.813705,-1,-1,-1
16,5,727.114,456.021,42.958,120.222,0.688472,-1,-1,-1
16,6,1253.422,440.813,41.798,109.444,0.693791,-1,-1,-1
16,7,652.177,458.754,63.326,192.205,0.531146,-1,-1,-1
16,8,934.431,435.050,35.204,80.187,0.437726,-1,-1,-1
16,14,807.461,474.212,35.203,78.124,0.328564,-1,-1,-1
16,30,1394.729,428.127,45.648,132.780,0.559868,-1,-1,-1
16,9,1840.570,463.203,72.521,195.955,0.466214,-1,-1,-1
16,11,692.459,457.104,45.723,144.061,0.379835,-1,-1,-1
17,1,1469.353,410.410,180.867,407.072,0.801542,-1,-1,-1
17,2,583.080,439.509,95.590,272.033,0.878458,-1,-1,-1
17,3,1578.846,421.464,161.738,374.358,0.802658,-1,-1,-1
17,4,440.039,443.714,136.413,292.546,0.834125,-1,-1,-1
17,5,726.029,454.406,43.549,122.504,0.717931,-1,-1,-1
17,6,1253.025,441.984,41.293,108.080,0.712135,-1,-1,-1
17,7,652.579,459.398,63.288,193.569,0.536656,-1,-1,-1
17,14,808.856,477.126,34.271,75.632,0.256431,-1,-1,-1
17,30,1395.849,428.467,45.649,132.352,0.589193,-1,-1,-1
17,9,1841.107,462.734,73.456,196.547,0.496487,-1,-1,-1
17,11,694.001,458.461,44.458,140.163,0.438840,-1,-1,-1
18,1,1475.720,411.501,185.232,406.171,0.832241,-1,-1,-1
18,2,583.107,439.880,95.548,271.176,0.877357,-1,-1,-1
18,3,1585.019,424.881,163.281,373.063,0.797689,-1,-1,-1
18,4,439.363,442.912,136.708,293.082,0.834280,-1,-1,-1
18,5,725.699,454.346,43.220,122.007,0.669478,-1,-1,-1
18,6,1252.780,441.871,41.250,108.096,0.695367,-1,-1,-1
18,7,653.358,460.038,63.250,194.737,0.507511,-1,-1,-1
18,14,809.244,477.724,34.374,75.533,0.252945,-1,-1,-1
18,30,1400.711,430.999,44.673,130.125,0.521313,-1,-1,-1
18,9,1842.304,464.806,73.292,194.845,0.470068,-1,-1,-1
18,11,695.124,464.498,42.086,132.260,0.430319,-1,-1,-1
18,8,932.971,435.533,35.159,80.281,0.276851,-1,-1,-1
19,1,1483.080,408.255,192.094,407.845,0.789467,-1,-1,-1
19,2,583.445,439.021,96.162,272.524,0.851440,-1,-1,-1
19,3,1588.702,437.066,162.187,364.613,0.676863,-1,-1,-1
19,4,439.933,443.071,136.291,292.566,0.847910,-1,-1,-1
19,5,725.608,455.318,42.313,119.209,0.705973,-1,-1,-1
19,6,1252.311,442.033,41.147,108.095,0.672987,-1,-1,-1
19,7,655.002,461.358,62.662,193.178,0.508460,-1,-1,-1
19,30,1403.895,425.480,45.911,135.847,0.403566,-1,-1,-1
19,9,1843.715,467.623,72.796,192.275,0.455534,-1,-1,-1
19,11,694.474,459.970,42.876,135.182,0.296747,-1,-1,-1
19,8,933.258,435.785,34.957,80.268,0.428359,-1,-1,-1
20,1,1486.264,409.150,198.340,408.973,0.830331,-1,-1,-1
20,2,584.654,438.236,96.680,272.796,0.850199,-1,-1,-1
20,3,1592.304,431.819,167.156,374.716,0.769801,-1,-1,-1
20,4,441.990,444.825,135.306,291.485,0.856781,-1,-1,-1
20,5,725.171,456.318,42.391,118.842,0.714714,-1,-1,-1
20,6,1251.901,442.495,41.003,107.888,0.646972,-1,-1,-1
20,7,659.061,459.706,61.020,186.842,0.459076,-1,-1,-1
20,30,1408.630,432.473,43.813,129.215,0.382395,-1,-1,-1
20,9,1841.662,462.645,75.055,197.037,0.425945,-1,-1,-1
20,11,692.880,455.730,44.412,140.377,0.284954,-1,-1,-1
20,8,933.380,436.370,34.755,79.926,0.334050,-1,-1,-1
20,14,809.905,480.863,33.009,72.234,0.259495,-1,-1,-1
21,1,1486.518,409.973,204.165,410.748,0.862893,-1,-1,-1
21,2,585.858,437.449,97.931,274.584,0.843747,-1,-1,-1
21,3,1600.291,427.203,168.717,381.572,0.742629,-1,-1,-1
21,4,441.647,444.835,135.584,292.689,0.852033,-1,-1,-1
21,5,725.607,458.644,41.768,116.473,0.622482,-1,-1,-1
21,6,1251.290,442.749,40.897,107.622,0.679747,-1,-1,-1
21,7,660.973,462.068,59.718,182.021,0.494647,-1,-1,-1
21,9,1840.551,461.815,75.726,197.656,0.390134,-1,-1,-1
21,11,692.818,456.478,44.464,140.055,0.279315,-1,-1,-1
21,8,933.435,437.096,34.283,79.155,0.390263,-1,-1,-1
22,1,1486.987,411.429,208.164,409.919,0.873900,-1,-1,-1
22,2,587.264,437.753,99.354,275.813,0.837688,-1,-1,-1
22,3,1616.774,425.035,168.186,382.239,0.781777,-1,-1,-1
22,4,440.938,445.581,135.999,292.527,0.838757,-1,-1,-1
22,5,726.103,468.063,39.698,108.482,0.477288,-1,-1,-1
22,6,1250.859,443.715,40.503,106.259,0.713750,-1,-1,-1
22,7,663.391,462.897,56.443,169.369,0.463969,-1,-1,-1
22,9,1840.193,461.499,76.079,197.660,0.454851,-1,-1,-1
22,11,691.674,455.976,44.531,141.006,0.278660,-1,-1,-1
22,8,933.210,437.782,34.030,78.613,0.381616,-1,-1,-1
22,30,1416.234,435.164,44.127,127.021,0.348523,-1,-1,-1
23,1,1487.733,408.900,213.407,413.206,0.890185,-1,-1,-1
23,2,587.842,438.501,99.784,274.010,0.812995,-1,-1,-1
23,3,1620.650,423.349,163.903,380.435,0.780614,-1,-1,-1
23,4,442.149,445.672,135.480,291.495,0.825367,-1,-1,-1
23,5,724.976,473.605,39.127,103.647,0.503428,-1,-1,-1
23,6,1250.068,443.843,40.370,105.664,0.750222,-1,-1,-1
23,7,663.829,463.526,55.363,163.960,0.408663,-1,-1,-1
23,9,1839.943,460.620,76.633,198.428,0.455327,-1,-1,-1
23,11,687.945,452.062,46.548,148.781,0.354288,-1,-1,-1
23,30,1421.164,441.261,44.428,120.976,0.519343,-1,-1,-1
24,1,1492.340,408.647,216.278,412.822,0.882752,-1,-1,-1
24,2,588.224,439.793,100.337,272.973,0.806091,-1,-1,-1
24,3,1626.620,421.482,160.069,380.389,0.724374,-1,-1,-1
24,4,444.318,445.233,135.402,292.230,0.841515,-1,-1,-1
24,5,724.554,473.006,40.105,103.902,0.556874,-1,-1,-1
24,6,1249.568,443.361,40.436,105.705,0.751540,-1,-1,-1
24,7,660.636,462.329,58.774,173.161,0.459145,-1,-1,-1
24,9,1840.177,463.324,75.763,195.117,0.451693,-1,-1,-1
24,11,687.402,449.482,46.803,150.681,0.369951,-1,-1,-1
24,30,1424.073,442.694,46.497,119.437,0.493017,-1,-1,-1
24,19,905.160,439.075,75.170,150.760,0.259305,-1,-1,-1
24,8,932.771,437.931,34.954,80.883,0.267835,-1,-1,-1
25,1,1494.953,405.020,220.999,418.254,0.882006,-1,-1,-1
25,2,588.408,439.654,101.128,273.130,0.819179,-1,-1,-1
25,3,1636.923,419.857,157.614,382.115,0.768445,-1,-1,-1
25,4,446.145,444.899,136.674,296.180,0.823061,-1,-1,-1
25,5,724.055,470.102,41.144,103.604,0.548679,-1,-1,-1
25,6,1249.519,443.656,40.417,105.760,0.764975,-1,-1,-1
25,7,662.654,462.678,60.731,179.598,0.509923,-1,-1,-1
25,9,1839.489,457.825,77.936,200.799,0.449030,-1,-1,-1
25,11,686.492,448.268,47.101,153.357,0.289335,-1,-1,-1
25,30,1424.547,441.376,49.426,120.389,0.487386,-1,-1,-1
25,8,932.776,438.008,35.217,81.164,0.271526,-1,-1,-1
26,1,1499.714,404.538,223.188,420.745,0.888941,-1,-1,-1
26,2,588.292,438.754,101.794,274.030,0.818412,-1,-1,-1
26,3,1646.217,417.305,154.976,383.905,0.821096,-1,-1,-1
26,4,448.448,444.950,137.137,299.288,0.822176,-1,-1,-1
26,5,723.276,462.313,45.906,113.617,0.616479,-1,-1,-1
26,6,1249.769,444.104,40.087,105.088,0.752942,-1,-1,-1
26,7,663.123,463.111,62.497,184.649,0.684473,-1,-1,-1
26,9,1839.863,450.560,79.988,207.877,0.485842,-1,-1,-1
26,30,1424.594,443.730,50.953,118.123,0.505489,-1,-1,-1
26,8,932.794,439.373,34.982,80.303,0.255772,-1,-1,-1
26,49,692.044,447.056,37.533,84.669,0.454991,-1,-1,-1
26,50,1300.966,421.776,41.634,126.166,0.358730,-1,-1,-1
26,19,906.667,443.062,73.593,146.808,0.343789,-1,-1,-1
27,1,1505.611,403.947,224.264,423.906,0.885900,-1,-1,-1
27,2,588.679,438.922,101.971,274.488,0.831497,-1,-1,-1
27,3,1654.016,415.102,154.001,391.113,0.811471,-1,-1,-1
27,4,452.988,443.658,135.636,299.421,0.818591,-1,-1,-1
27,5,722.708,461.145,47.957,116.234,0.624641,-1,-1,-1
27,6,1249.914,444.372,39.807,104.632,0.754454,-1,-1,-1
27,7,663.935,462.615,63.811,188.528,0.702331,-1,-1,-1
27,9,1840.272,446.164,79.728,212.535,0.533279,-1,-1,-1
27,30,1425.331,440.263,54.339,121.415,0.587000,-1,-1,-1
27,8,932.523,439.821,35.223,80.624,0.293516,-1,-1,-1
27,49,692.449,446.903,38.894,87.793,0.327572,-1,-1,-1
27,50,1300.887,422.529,41.571,126.021,0.320046,-1,-1,-1
27,51,1076.711,449.908,57.489,148.270,0.314669,-1,-1,-1
28,1,1516.656,402.264,222.596,426.477,0.891291,-1,-1,-1
28,2,588.842,440.305,102.172,275.241,0.835654,-1,-1,-1
28,3,1662.242,413.968,152.776,395.071,0.772122,-1,-1,-1
28,4,448.938,443.336,136.195,298.486,0.821155,-1,-1,-1
28,5,720.766,457.626,51.268,122.654,0.736319,-1,-1,-1
28,6,1249.905,445.391,39.527,103.605,0.757780,-1,-1,-1
28,7,662.547,460.600,65.080,192.309,0.698756,-1,-1,-1
28,9,1837.923,429.615,82.077,228.655,0.574931,-1,-1,-1
28,30,1425.744,438.888,56.789,123.660,0.688176,-1,-1,-1
28,8,934.001,441.546,33.937,77.630,0.287264,-1,-1,-1
28,49,693.833,447.891,35.687,80.318,0.350777,-1,-1,-1
28,50,1301.340,423.146,41.357,125.411,0.280090,-1,-1,-1
28,51,1076.820,451.135,57.342,147.828,0.278841,-1,-1,-1
28,52,1553.146,449.741,36.154,109.751,0.547050,-1,-1,-1
28,11,690.251,445.866,42.486,139.132,0.297899,-1,-1,-1
29,1,1526.338,399.002,220.565,430.916,0.859959,-1,-1,-1
29,2,589.726,441.237,102.146,275.715,0.850923,-1,-1,-1
29,3,1673.074,412.502,153.010,396.048,0.848616,-1,-1,-1
29,4,449.602,443.424,135.547,296.110,0.824917,-1,-1,-1
29,5,719.783,456.812,52.222,124.770,0.675484,-1,-1,-1
29,6,1249.868,444.461,39.513,103.895,0.746966,-1,-1,-1
29,7,662.237,459.528,65.498,193.958,0.615356,-1,-1,-1
29,9,1837.486,420.448,82.514,237.653,0.582157,-1,-1,-1
29,30,1427.214,437.594,57.958,124.484,0.621487,-1,-1,-1
29,8,934.283,441.637,33.653,76.762,0.306642,-1,-1,-1
29,49,690.791,446.699,42.726,96.715,0.388282,-1,-1,-1
29,51,1076.414,451.332,57.517,148.184,0.269976,-1,-1,-1
29,52,1554.596,452.827,35.177,106.751,0.594465,-1,-1,-1
29,19,907.213,448.971,71.776,141.607,0.282664,-1,-1,-1
30,1,1542.466,394.271,219.885,440.618,0.837702,-1,-1,-1
30,2,591.987,440.413,102.295,276.141,0.839574,-1,-1,-1
30,3,1686.923,411.448,158.789,401.859,0.855238,-1,-1,-1
30,4,449.960,442.145,136.417,297.248,0.806158,-1,-1,-1
30,5,719.009,455.770,53.172,127.068,0.561608,-1,-1,-1
30,6,1249.822,443.814,39.505,104.207,0.745205,-1,-1,-1
30,7,662.345,457.948,66.268,197.105,0.539534,-1,-1,-1
30,9,1838.123,418.090,81.877,239.763,0.525184,-1,-1,-1
30,30,1427.314,434.667,59.706,127.664,0.711177,-1,-1,-1
30,8,933.975,440.934,34.065,77.569,0.317922,-1,-1,-1
30,51,1075.698,447.755,58.644,151.107,0.281331,-1,-1,-1
30,52,1555.451,462.931,32.235,97.484,0.616406,-1,-1,-1
30,19,906.505,448.222,72.777,142.686,0.253001,-1,-1,-1
30,11,693.217,446.194,37.567,121.278,0.377008,-1,-1,-1
31,1,1562.161,391.241,217.689,447.110,0.828661,-1,-1,-1
31,2,593.773,439.954,102.483,276.354,0.832039,-1,-1,-1
31,3,1704.061,415.029,163.178,398.876,0.885337,-1,-1,-1
31,4,449.838,440.002,137.791,299.466,0.785509,-1,-1,-1
31,5,718.270,457.906,52.951,126.195,0.634628,-1,-1,-1
31,6,1249.889,443.424,39.539,104.613,0.752856,-1,-1,-1
31,7,664.816,458.174,65.585,196.868,0.530750,-1,-1,-1
31,9,1835.029,410.110,84.971,248.838,0.468508,-1,-1,-1
31,30,1432.810,432.951,58.876,128.271,0.634163,-1,-1,-1
31,8,933.704,441.283,33.369,75.551,0.307784,-1,-1,-1
31,52,1555.419,458.580,33.356,100.522,0.359115,-1,-1,-1
31,19,906.506,446.285,73.862,144.292,0.381609,-1,-1,-1
31,54,1481.646,449.680,32.008,88.779,0.584247,-1,-1,-1
31,11,693.044,445.684,39.511,127.420,0.379657,-1,-1,-1
31,14,810.692,481.466,33.588,72.237,0.286088,-1,-1,-1
32,1,1578.391,390.995,215.996,452.813,0.844192,-1,-1,-1
32,2,595.916,438.953,102.770,277.438,0.824292,-1,-1,-1
32,3,1716.900,414.458,170.439,402.810,0.883207,-1,-1,-1
32,4,449.553,438.697,140.048,303.981,0.795045,-1,-1,-1
32,5,718.684,462.476,50.912,121.433,0.521625,-1,-1,-1
32,6,1249.575,443.496,39.436,104.334,0.754795,-1,-1,-1
32,7,669.021,460.040,64.380,196.060,0.614459,-1,-1,-1
32,9,1836.417,416.529,83.583,243.843,0.438295,-1,-1,-1
32,30,1438.370,432.356,57.326,127.596,0.747836,-1,-1,-1
32,8,933.279,440.826,33.620,75.633,0.322038,-1,-1,-1
32,52,1552.578,446.442,36.801,111.458,0.281760,-1,-1,-1
32,19,906.115,443.743,74.564,145.994,0.263337,-1,-1,-1
32,54,1483.378,445.239,34.468,95.640,0.617532,-1,-1,-1
32,11,692.395,444.009,42.175,136.008,0.420819,-1,-1,-1
33,1,1589.990,391.686,213.803,455.992,0.853223,-1,-1,-1
33,2,597.779,437.666,102.659,278.588,0.846393,-1,-1,-1
33,3,1726.085,410.112,177.686,412.940,0.792395,-1,-1,-1
33,4,451.394,438.313,140.123,304.369,0.768577,-1,-1,-1
33,5,718.408,461.295,49.929,119.935,0.456593,-1,-1,-1
33,6,1249.216,443.238,39.694,104.994,0.767582,-1,-1,-1
33,7,671.752,460.260,63.679,197.164,0.638357,-1,-1,-1
33,9,1837.675,421.286,82.325,239.496,0.451395,-1,-1,-1
33,30,1442.329,431.367,55.710,127.052,0.763857,-1,-1,-1
33,8,933.245,441.263,33.452,75.051,0.366307,-1,-1,-1
33,52,1552.455,443.674,37.903,114.829,0.448103,-1,-1,-1
33,54,1485.695,443.334,36.335,100.674,0.612920,-1,-1,-1
33,11,692.496,444.323,42.933,138.329,0.389468,-1,-1,-1
33,14,808.561,475.886,36.378,77.466,0.257765,-1,-1,-1
34,1,1600.638,389.972,214.192,461.771,0.808348,-1,-1,-1
34,2,599.336,437.232,102.152,279.190,0.818404,-1,-1,-1
34,3,1725.824,406.280,184.635,422.884,0.685738,-1,-1,-1
34,4,451.460,438.001,141.265,307.762,0.756080,-1,-1,-1
34,5,717.270,460.783,49.263,119.698,0.371536,-1,-1,-1
34,6,1249.162,442.896,39.883,105.195,0.771590,-1,-1,-1
34,7,673.147,459.858,62.951,197.424,0.656645,-1,-1,-1
34,9,1837.320,411.008,82.680,249.493,0.407018,-1,-1,-1
34,30,1445.928,431.114,55.178,128.922,0.754035,-1,-1,-1
34,8,933.028,440.675,33.619,75.488,0.348516,-1,-1,-1
34,52,1551.487,445.377,37.121,112.651,0.272202,-1,-1,-1
34,54,1488.143,443.855,35.740,98.732,0.499516,-1,-1,-1
34,11,688.519,445.875,50.015,161.560,0.342252,-1,-1,-1
34,55,578.220,454.445,38.533,135.604,0.336299,-1,-1,-1
35,1,1615.751,391.811,214.959,463.401,0.755888,-1,-1,-1
35,2,600.740,437.675,101.362,278.949,0.809017,-1,-1,-1
35,3,1728.604,412.625,184.549,416.780,0.600728,-1,-1,-1
35,4,450.062,438.266,142.006,309.805,0.767043,-1,-1,-1
35,5,717.570,461.205,48.576,119.966,0.372285,-1,-1,-1
35,6,1249.040,442.157,40.147,105.437,0.768206,-1,-1,-1
35,7,673.674,459.028,62.451,198.335,0.666940,-1,-1,-1
35,30,1448.765,431.395,53.873,128.853,0.744802,-1,-1,-1
35,8,933.066,440.528,33.285,74.743,0.252785,-1,-1,-1
35,54,1491.023,445.844,33.661,92.481,0.455809,-1,-1,-1
35,11,686.622,447.172,53.016,173.478,0.307932,-1,-1,-1
35,55,581.161,456.213,38.304,134.749,0.343800,-1,-1,-1
36,1,1631.789,392.772,223.506,476.192,0.830334,-1,-1,-1
36,2,602.523,437.454,100.479,279.319,0.812846,-1,-1,-1
36,3,1737.722,413.100,182.278,417.673,0.746407,-1,-1,-1
36,4,448.930,438.945,142.804,311.639,0.794874,-1,-1,-1
36,5,714.874,461.787,48.614,121.013,0.350207,-1,-1,-1
36,6,1249.175,442.044,40.352,105.599,0.765668,-1,-1,-1
36,7,672.853,459.229,62.577,200.038,0.707086,-1,-1,-1
36,30,1451.729,431.209,52.931,129.585,0.756234,-1,-1,-1
36,54,1492.000,445.149,34.400,94.473,0.411621,-1,-1,-1
36,55,579.742,454.350,38.648,135.510,0.379360,-1,-1,-1
36,19,904.553,443.370,75.392,147.583,0.275141,-1,-1,-1
37,1,1645.004,393.101,229.261,478.043,0.868707,-1,-1,-1
37,2,605.042,437.372,99.605,279.354,0.832477,-1,-1,-1
37,3,1745.957,414.777,174.043,418.779,0.684723,-1,-1,-1
37,4,448.367,440.345,142.706,310.919,0.784881,-1,-1,-1
37,5,713.545,464.862,47.911,119.926,0.367521,-1,-1,-1
37,6,1249.621,441.849,40.456,105.849,0.764055,-1,-1,-1
37,7,674.105,461.403,62.306,198.792,0.703542,-1,-1,-1
37,30,1454.748,430.908,52.750,130.027,0.748203,-1,-1,-1
37,55,579.119,454.194,38.964,135.988,0.539787,-1,-1,-1
37,8,933.322,440.483,33.297,74.875,0.257522,-1,-1,-1
38,1,1652.478,394.183,237.015,482.180,0.898249,-1,-1,-1
38,2,606.866,439.078,98.285,277.642,0.835389,-1,-1,-1
38,3,1762.231,414.141,157.769,415.279,0.671350,-1,-1,-1
38,4,448.854,441.158,141.921,308.340,0.814781,-1,-1,-1
38,5,713.896,462.652,48.542,121.835,0.282350,-1,-1,-1
38,6,1250.476,440.990,40.648,106.424,0.761769,-1,-1,-1
38,7,675.127,460.550,62.501,200.149,0.660659,-1,-1,-1
38,30,1457.307,430.223,52.459,130.582,0.709916,-1,-1,-1
38,55,578.403,453.271,39.336,136.745,0.384815,-1,-1,-1
38,8,932.693,440.537,33.565,75.240,0.297032,-1,-1,-1
38,14,809.856,475.903,37.599,77.782,0.256631,-1,-1,-1
39,1,1654.920,398.647,241.628,481.505,0.904255,-1,-1,-1
39,2,608.025,438.559,98.120,278.589,0.849727,-1,-1,-1
39,3,1777.456,414.473,142.544,413.764,0.654844,-1,-1,-1
39,4,450.624,443.088,140.462,304.522,0.816222,-1,-1,-1
39,5,714.397,464.140,47.898,120.669,0.328613,-1,-1,-1
39,6,1251.409,439.257,41.262,108.197,0.756881,-1,-1,-1
39,7,675.642,459.921,62.752,201.453,0.646386,-1,-1,-1
39,30,1460.724,430.527,52.432,130.320,0.750361,-1,-1,-1
39,55,578.737,452.777,39.599,137.210,0.377285,-1,-1,-1
39,14,808.825,477.227,37.479,75.745,0.355085,-1,-1,-1
39,19,905.688,444.165,74.370,145.846,0.251253,-1,-1,-1
40,1,1652.792,399.766,246.785,483.151,0.910582,-1,-1,-1
40,2,608.770,437.707,98.324,279.971,0.860616,-1,-1,-1
40,3,1786.229,408.635,133.771,419.989,0.706468,-1,-1,-1
40,4,451.325,444.902,141.067,305.429,0.817070,-1,-1,-1
40,5,714.826,461.185,47.697,121.050,0.343475,-1,-1,-1
40,6,1252.117,438.806,41.458,108.920,0.755141,-1,-1,-1
40,7,679.521,465.178,62.045,199.612,0.659368,-1,-1,-1
40,30,1463.470,431.138,52.010,128.990,0.749690,-1,-1,-1
40,55,577.092,448.779,40.979,141.042,0.336270,-1,-1,-1
40,14,808.203,480.252,36.721,72.782,0.261329,-1,-1,-1
40,50,1301.302,421.854,40.495,123.509,0.261852,-1,-1,-1
40,8,931.728,439.469,34.229,76.617,0.302074,-1,-1,-1
41,1,1653.216,397.542,251.415,485.828,0.913602,-1,-1,-1
41,2,609.906,438.033,97.952,279.882,0.856278,-1,-1,-1
41,3,1794.036,401.032,125.964,426.071,0.727500,-1,-1,-1
41,4,452.151,446.407,140.803,304.573,0.816055,-1,-1,-1
41,5,713.567,454.911,49.294,125.504,0.366192,-1,-1,-1
41,6,1252.688,438.553,41.525,109.071,0.756958,-1,-1,-1
41,7,680.343,461.105,64.275,206.498,0.718298,-1,-1,-1
41,30,1465.105,430.305,52.603,129.219,0.747290,-1,-1,-1
41,55,577.502,448.058,41.338,141.500,0.438494,-1,-1,-1
41,14,807.432,479.059,37.704,73.675,0.278992,-1,-1,-1
41,19,906.517,444.072,73.869,145.265,0.336033,-1,-1,-1
42,1,1654.223,396.792,253.285,484.192,0.912844,-1,-1,-1
42,2,610.663,438.195,97.475,279.629,0.872050,-1,-1,-1
42,3,1800.122,394.631,119.878,437.466,0.734359,-1,-1,-1
42,4,450.320,446.416,143.840,311.262,0.818339,-1,-1,-1
42,5,713.282,451.924,49.215,125.911,0.269658,-1,-1,-1
42,6,1252.174,437.716,41.970,110.602,0.765441,-1,-1,-1
42,7,681.375,459.634,64.866,208.924,0.748209,-1,-1,-1
42,30,1467.157,431.394,52.469,128.004,0.745908,-1,-1,-1
42,55,577.587,444.327,42.421,144.661,0.352871,-1,-1,-1
42,14,806.909,478.594,37.965,73.776,0.250436,-1,-1,-1
42,19,906.661,447.223,72.377,142.202,0.284230,-1,-1,-1
42,8,932.228,440.089,33.831,75.568,0.305648,-1,-1,-1
43,1,1657.203,396.615,254.825,483.484,0.923239,-1,-1,-1
43,2,610.775,439.283,96.878,278.423,0.854872,-1,-1,-1
43,4,448.465,445.009,146.121,316.640,0.829629,-1,-1,-1
43,5,714.263,450.976,49.488,127.536,0.283598,-1,-1,-1
43,6,1252.444,436.653,42.462,111.905,0.751350,-1,-1,-1
43,7,683.599,461.838,64.154,207.438,0.750401,-1,-1,-1
43,30,1469.347,429.904,53.105,129.254,0.749160,-1,-1,-1
43,55,578.315,447.254,41.991,142.123,0.496305,-1,-1,-1
43,19,910.021,457.582,68.845,132.807,0.293632,-1,-1,-1
43,8,932.747,441.004,33.483,74.761,0.370483,-1,-1,-1
43,10,1008.757,446.755,33.594,78.487,0.455036,-1,-1,-1
43,51,1076.173,447.742,59.394,153.658,0.279152,-1,-1,-1
43,9,1810.597,392.910,109.403,430.889,0.709031,-1,-1,-1
43,50,1301.672,423.483,39.579,121.377,0.378397,-1,-1,-1
44,1,1664.102,391.886,255.107,483.971,0.927102,-1,-1,-1
44,2,611.168,439.598,96.630,278.119,0.859636,-1,-1,-1
44,4,448.787,444.277,146.437,317.921,0.799097,-1,-1,-1
44,6,1252.824,437.237,42.362,111.660,0.753281,-1,-1,-1
44,7,683.689,454.356,65.815,214.387,0.707492,-1,-1,-1
44,30,1470.970,428.749,53.412,130.819,0.688343,-1,-1,-1
44,55,577.757,446.849,42.713,143.965,0.429704,-1,-1,-1
44,19,910.988,460.605,68.282,129.999,0.265850,-1,-1,-1
44,8,932.552,440.696,33.595,75.113,0.381542,-1,-1,-1
44,10,1007.719,449.434,32.078,73.620,0.337281,-1,-1,-1
44,51,1077.010,447.978,58.797,153.404,0.315282,-1,-1,-1
44,50,1301.860,424.005,39.283,120.904,0.356336,-1,-1,-1
45,1,1672.926,387.676,247.074,489.474,0.905103,-1,-1,-1
45,2,611.618,439.209,96.676,278.357,0.852590,-1,-1,-1
45,4,449.255,443.754,146.405,318.596,0.831377,-1,-1,-1
45,6,1253.469,436.822,42.539,112.045,0.738736,-1,-1,-1
45,7,684.696,452.397,65.726,215.374,0.730415,-1,-1,-1
45,30,1472.859,430.609,52.244,129.169,0.707413,-1,-1,-1
45,55,578.105,445.942,42.989,144.202,0.381285,-1,-1,-1
45,8,932.765,440.808,33.809,75.558,0.393453,-1,-1,-1
45,10,1009.301,450.258,31.930,70.308,0.308588,-1,-1,-1
45,51,1077.554,449.384,57.987,151.769,0.407044,-1,-1,-1
45,50,1302.269,423.766,39.377,121.215,0.377743,-1,-1,-1
45,65,1854.517,408.464,65.483,413.819,0.497574,-1,-1,-1
45,66,609.408,448.422,30.159,86.527,0.333573,-1,-1,-1
46,1,1682.733,387.892,237.267,495.304,0.880526,-1,-1,-1
46,2,613.144,439.917,96.310,276.708,0.842681,-1,-1,-1
46,4,448.402,443.006,146.800,320.376,0.820768,-1,-1,-1
46,6,1253.970,436.370,42.845,112.580,0.716659,-1,-1,-1
46,7,686.017,457.604,63.964,209.584,0.739982,-1,-1,-1
46,30,1475.420,429.458,51.431,129.340,0.680068,-1,-1,-1
46,55,578.153,445.258,43.541,146.162,0.332215,-1,-1,-1
46,8,932.762,440.781,33.826,75.355,0.257154,-1,-1,-1
46,10,1012.025,449.758,35.453,75.624,0.340693,-1,-1,-1
46,51,1077.579,448.698,57.842,151.947,0.324630,-1,-1,-1
46,50,1301.757,423.417,39.387,121.651,0.398777,-1,-1,-1
46,65,1856.134,394.606,63.866,431.850,0.440690,-1,-1,-1
46,66,606.978,448.702,34.006,97.639,0.376068,-1,-1,-1
46,5,725.283,448.867,45.009,118.064,0.510235,-1,-1,-1
46,19,909.667,457.318,70.440,133.390,0.310956,-1,-1,-1
47,1,1697.942,385.032,222.058,500.998,0.815129,-1,-1,-1
47,2,613.513,438.999,96.784,277.570,0.851874,-1,-1,-1
47,4,446.839,442.230,146.977,321.309,0.816748,-1,-1,-1
47,6,1254.578,436.867,42.898,112.345,0.721965,-1,-1,-1
47,7,688.597,457.939,64.138,208.516,0.770002,-1,-1,-1
47,30,1479.864,432.297,48.874,125.055,0.645933,-1,-1,-1
47,55,579.028,446.501,43.402,145.355,0.445187,-1,-1,-1
47,8,932.640,440.540,34.004,75.654,0.254261,-1,-1,-1
47,10,1013.921,450.605,37.179,78.305,0.333984,-1,-1,-1
47,51,1078.918,450.968,56.915,149.355,0.380266,-1,-1,-1
47,50,1301.709,423.410,39.263,121.593,0.455306,-1,-1,-1
47,66,606.682,448.216,34.723,99.807,0.393847,-1,-1,-1
47,5,728.475,449.586,43.338,114.819,0.317070,-1,-1,-1
47,19,906.066,447.211,74.987,143.270,0.288270,-1,-1,-1
48,1,1720.938,384.295,199.062,503.394,0.858559,-1,-1,-1
48,2,614.549,440.597,96.492,275.661,0.834743,-1,-1,-1
48,4,445.081,440.438,148.160,324.324,0.827820,-1,-1,-1
48,6,1254.868,437.617,42.805,111.417,0.746144,-1,-1,-1
48,7,688.627,459.113,63.670,207.705,0.752323,-1,-1,-1
48,30,1484.570,434.111,47.453,124.415,0.297551,-1,-1,-1
48,8,932.370,440.170,34.040,75.677,0.329647,-1,-1,-1
48,10,1015.948,450.784,38.223,80.457,0.311964,-1,-1,-1
48,51,1078.885,450.381,57.007,149.648,0.407266,-1,-1,-1
48,50,1301.932,423.481,39.488,122.283,0.479082,-1,-1,-1
48,66,604.636,448.516,38.083,109.819,0.365064,-1,-1,-1
48,5,732.280,453.019,41.564,111.894,0.269264,-1,-1,-1
48,19,905.281,445.270,75.380,144.891,0.263390,-1,-1,-1
49,2,615.677,441.241,97.031,275.672,0.855295,-1,-1,-1
49,4,444.309,440.030,148.030,323.829,0.837619,-1,-1,-1
49,6,1255.549,438.951,42.492,110.289,0.733928,-1,-1,-1
49,7,689.702,457.104,64.473,209.833,0.747910,-1,-1,-1
49,8,932.599,439.721,33.951,75.629,0.316225,-1,-1,-1
49,10,1015.423,450.428,38.959,81.296,0.270960,-1,-1,-1
49,51,1079.335,452.698,56.238,147.136,0.376065,-1,-1,-1
49,50,1302.096,423.019,39.705,122.876,0.348843,-1,-1,-1
49,66,606.713,450.308,35.779,103.356,0.301557,-1,-1,-1
49,5,735.081,454.589,40.526,110.349,0.444059,-1,-1,-1
49,19,904.541,442.482,76.630,148.017,0.282522,-1,-1,-1
49,54,1520.178,442.964,32.722,88.056,0.319746,-1,-1,-1
49,9,1779.809,383.085,140.191,503.027,0.846164,-1,-1,-1
49,55,581.427,447.097,43.023,142.596,0.337883,-1,-1,-1
50,2,615.311,439.731,98.556,278.417,0.833069,-1,-1,-1
50,4,443.972,439.146,148.772,325.792,0.832995,-1,-1,-1
50,6,1255.652,439.118,42.448,110.127,0.705901,-1,-1,-1
50,7,691.774,455.180,65.246,212.059,0.729235,-1,-1,-1
50,50,1301.562,422.447,39.968,123.809,0.356575,-1,-1,-1
50,66,607.913,450.983,35.155,101.934,0.317085,-1,-1,-1
50,5,738.979,456.843,38.909,107.735,0.355440,-1,-1,-1
50,19,905.184,445.373,75.156,145.229,0.311252,-1,-1,-1
50,9,1783.746,381.983,136.254,510.123,0.804963,-1,-1,-1
50,55,580.679,445.936,43.399,143.166,0.364654,-1,-1,-1
50,30,1493.059,436.963,46.514,123.527,0.465679,-1,-1,-1
51,2,615.721,440.001,99.368,278.957,0.848136,-1,-1,-1
51,4,441.857,438.417,149.398,326.254,0.849825,-1,-1,-1
51,6,1255.739,439.641,42.357,109.289,0.694607,-1,-1,-1
51,7,694.342,458.645,64.506,208.323,0.746913,-1,-1,-1
51,50,1301.216,422.514,39.916,123.974,0.319634,-1,-1,-1
51,66,608.844,450.814,35.085,102.017,0.328349,-1,-1,-1
51,5,740.990,458.944,37.363,104.656,0.504255,-1,-1,-1
51,9,1790.811,380.963,129.189,515.593,0.804181,-1,-1,-1
51,55,579.559,443.820,43.877,144.750,0.303785,-1,-1,-1
51,30,1497.338,438.299,45.130,119.814,0.423285,-1,-1,-1
51,8,932.843,439.250,33.883,75.760,0.256862,-1,-1,-1
52,2,615.868,441.627,99.365,277.657,0.855674,-1,-1,-1
52,4,442.467,437.721,149.429,326.646,0.832192,-1,-1,-1
52,6,1255.544,440.051,42.313,108.811,0.667302,-1,-1,-1
52,7,693.612,457.244,65.412,208.877,0.774049,-1,-1,-1
52,66,610.325,449.050,33.989,99.097,0.348689,-1,-1,-1
52,5,741.905,459.607,36.749,104.136,0.346977,-1,-1,-1
52,9,1797.727,380.518,122.273,515.673,0.779185,-1,-1,-1
52,55,578.575,440.321,45.004,148.245,0.368543,-1,-1,-1
52,30,1501.460,441.735,44.147,115.795,0.278256,-1,-1,-1
52,8,932.907,438.929,34.012,76.248,0.290703,-1,-1,-1
52,51,1077.945,452.528,56.596,147.488,0.282716,-1,-1,-1
53,2,616.375,442.611,99.222,276.534,0.858356,-1,-1,-1
53,4,444.369,438.282,148.522,325.571,0.828273,-1,-1,-1
53,6,1255.647,440.602,42.316,108.327,0.697708,-1,-1,-1
53,7,693.559,455.236,66.820,210.776,0.777668,-1,-1,-1
53,66,611.821,448.689,31.752,92.555,0.280782,-1,-1,-1
53,5,742.810,458.438,36.414,104.204,0.415421,-1,-1,-1
53,9,1802.161,378.097,117.839,518.816,0.833111,-1,-1,-1
53,55,578.347,438.550,45.689,150.180,0.372115,-1,-1,-1
53,30,1500.318,440.043,46.019,118.943,0.380484,-1,-1,-1
53,51,1078.998,452.740,56.239,146.715,0.295048,-1,-1,-1
54,2,616.308,441.653,99.547,277.564,0.869075,-1,-1,-1
54,4,444.369,437.746,148.460,325.899,0.832817,-1,-1,-1
54,6,1255.555,440.829,42.204,107.655,0.690220,-1,-1,-1
54,7,692.131,454.020,68.337,213.240,0.778968,-1,-1,-1
54,66,611.533,449.935,31.054,90.340,0.325079,-1,-1,-1
54,5,742.002,454.396,37.500,108.967,0.326666,-1,-1,-1
54,9,1801.573,381.065,118.427,515.938,0.799272,-1,-1,-1
54,55,579.354,440.365,45.247,147.900,0.279955,-1,-1,-1
54,30,1499.626,441.280,46.489,118.338,0.534003,-1,-1,-1
54,51,1079.515,454.514,55.710,144.863,0.333371,-1,-1,-1
54,54,1526.198,443.456,39.505,107.331,0.518656,-1,-1,-1
55,2,616.835,441.145,99.418,277.479,0.865009,-1,-1,-1
55,4,444.434,437.151,148.650,326.933,0.832360,-1,-1,-1
55,6,1255.444,440.749,42.382,107.826,0.657072,-1,-1,-1
55,7,692.540,455.952,68.237,210.801,0.761100,-1,-1,-1
55,66,611.335,450.090,31.457,91.402,0.294794,-1,-1,-1
55,5,742.736,453.832,37.399,109.363,0.323203,-1,-1,-1
55,9,1801.709,376.847,118.291,521.222,0.770314,-1,-1,-1
55,55,578.470,443.798,44.425,144.354,0.341880,-1,-1,-1
55,30,1501.590,442.301,47.533,117.352,0.600740,-1,-1,-1
55,51,1078.704,454.121,56.022,145.011,0.350974,-1,-1,-1
55,54,1527.297,440.735,40.674,111.896,0.585713,-1,-1,-1
56,2,618.441,440.205,99.757,278.535,0.859558,-1,-1,-1
56,4,444.346,437.204,148.621,326.077,0.833756,-1,-1,-1
56,6,1255.838,440.801,42.334,107.355,0.680245,-1,-1,-1
56,7,693.225,457.369,68.054,209.442,0.756545,-1,-1,-1
56,66,612.319,449.598,30.491,88.287,0.287153,-1,-1,-1
56,5,746.845,456.323,36.727,106.801,0.283360,-1,-1,-1
56,9,1803.484,367.819,116.516,529.115,0.698336,-1,-1,-1
56,55,578.081,442.914,45.078,144.901,0.411891,-1,-1,-1
56,30,1497.723,442.275,47.244,116.868,0.492508,-1,-1,-1
56,51,1078.891,454.803,56.029,144.326,0.396277,-1,-1,-1
56,54,1528.954,441.057,40.455,112.395,0.611779,-1,-1,-1
56,8,932.119,438.845,34.438,77.510,0.327732,-1,-1,-1
57,2,619.137,439.878,100.163,280.040,0.857132,-1,-1,-1
57,4,443.979,437.043,149.357,326.515,0.830017,-1,-1,-1
57,6,1256.055,441.544,41.996,106.375,0.690683,-1,-1,-1
57,7,693.026,457.650,68.431,209.906,0.777369,-1,-1,-1
57,66,612.588,448.685,30.957,89.761,0.262860,-1,-1,-1
57,5,747.400,459.450,36.657,105.865,0.621760,-1,-1,-1
57,9,1806.786,374.176,113.214,520.703,0.578732,-1,-1,-1
57,55,578.327,442.419,45.624,145.079,0.457932,-1,-1,-1
57,30,1497.027,442.933,46.442,115.381,0.566278,-1,-1,-1
57,51,1079.348,455.589,55.936,143.124,0.269759,-1,-1,-1
57,54,1531.291,442.498,39.643,111.307,0.651556,-1,-1,-1
57,8,932.703,439.123,34.006,76.966,0.284300,-1,-1,-1
57,50,1302.917,425.052,38.555,119.063,0.295033,-1,-1,-1
58,2,618.348,440.749,99.723,279.268,0.854260,-1,-1,-1
58,4,443.646,437.401,150.444,327.932,0.815043,-1,-1,-1
58,6,1256.614,443.489,41.376,104.565,0.672940,-1,-1,-1
58,7,693.141,457.376,69.745,212.616,0.758268,-1,-1,-1
58,5,747.751,460.256,36.693,104.540,0.650811,-1,-1,-1
58,9,1809.073,361.728,110.927,533.642,0.498004,-1,-1,-1
58,55,579.108,443.056,45.877,145.172,0.499370,-1,-1,-1
58,30,1496.889,443.385,45.816,114.649,0.494595,-1,-1,-1
58,54,1533.875,445.115,38.669,109.383,0.580527,-1,-1,-1
58,8,932.336,438.787,33.914,77.132,0.381245,-1,-1,-1
58,79,1033.519,449.669,29.689,80.366,0.452479,-1,-1,-1
58,81,1004.287,451.086,31.834,75.567,0.406319,-1,-1,-1
59,2,618.824,440.061,100.262,281.218,0.862231,-1,-1,-1
59,4,444.608,437.366,150.467,327.757,0.794426,-1,-1,-1
59,6,1257.222,443.478,41.478,104.544,0.671689,-1,-1,-1
59,7,694.906,457.875,70.084,213.393,0.780493,-1,-1,-1
59,5,747.765,459.761,36.983,104.820,0.656092,-1,-1,-1
59,9,1811.445,357.588,108.555,536.958,0.401383,-1,-1,-1
59,55,579.677,446.014,45.483,142.762,0.491434,-1,-1,-1
59,30,1498.205,443.064,45.971,115.157,0.458076,-1,-1,-1
59,54,1534.720,443.183,39.357,112.507,0.514843,-1,-1,-1
59,8,932.226,438.283,33.974,77.652,0.434461,-1,-1,-1
59,79,1033.614,449.819,29.630,80.161,0.476362,-1,-1,-1
59,81,1005.142,449.076,32.449,77.083,0.432888,-1,-1,-1
59,14,805.292,472.072,40.059,79.545,0.260764,-1,-1,-1
60,2,619.157,441.682,100.323,281.627,0.854160,-1,-1,-1
60,4,448.921,437.271,151.024,329.334,0.787458,-1,-1,-1
60,6,1257.556,443.845,41.516,104.458,0.693416,-1,-1,-1
60,7,694.382,457.411,70.552,215.093,0.787984,-1,-1,-1
60,5,747.820,458.828,37.482,104.816,0.635535,-1,-1,-1
60,9,1813.119,357.364,106.881,536.324,0.318800,-1,-1,-1
60,55,578.519,449.170,44.665,140.065,0.431651,-1,-1,-1
60,54,1537.260,442.544,38.885,112.689,0.396207,-1,-1,-1
60,8,932.028,438.132,33.950,77.812,0.477494,-1,-1,-1
60,79,1033.906,449.604,30.067,81.241,0.548213,-1,-1,-1
60,81,1004.599,448.895,32.573,77.481,0.460656,-1,-1,-1
61,2,617.919,441.347,100.860,283.342,0.846368,-1,-1,-1
61,4,457.995,437.371,151.715,329.706,0.813618,-1,-1,-1
61,6,1256.957,443.757,41.681,104.527,0.683434,-1,-1,-1
61,7,694.491,458.069,70.630,215.664,0.788568,-1,-1,-1
61,5,748.160,459.703,37.650,103.987,0.615311,-1,-1,-1
61,55,577.473,448.538,45.410,141.698,0.483551,-1,-1,-1
61,54,1539.988,439.999,38.563,113.602,0.276072,-1,-1,-1
61,8,932.241,438.706,33.625,77.211,0.451602,-1,-1,-1
61,79,1034.011,448.919,29.920,81.048,0.454126,-1,-1,-1
61,81,1004.363,448.722,33.251,79.002,0.539439,-1,-1,-1
61,84,1522.582,429.401,38.416,122.679,0.487459,-1,-1,-1
61,50,1301.698,424.272,39.051,120.206,0.291328,-1,-1,-1
62,2,615.784,441.652,100.455,281.953,0.859866,-1,-1,-1
62,4,464.387,440.133,152.680,327.762,0.823590,-1,-1,-1
62,6,1256.285,443.137,41.839,104.798,0.662728,-1,-1,-1
62,7,694.520,459.684,70.545,215.018,0.782612,-1,-1,-1
62,5,748.296,459.676,38.020,104.494,0.624142,-1,-1,-1
62,55,577.195,446.861,46.061,143.449,0.524166,-1,-1,-1
62,8,933.111,440.523,32.759,75.109,0.342409,-1,-1,-1
62,79,1033.838,447.340,30.639,83.351,0.420653,-1,-1,-1
62,81,1004.059,447.300,34.342,81.449,0.626326,-1,-1,-1
62,84,1523.758,430.006,38.290,122.272,0.548865,-1,-1,-1
62,50,1301.045,423.319,39.305,121.165,0.314819,-1,-1,-1
62,19,909.983,462.796,66.932,126.908,0.276905,-1,-1,-1
63,2,615.440,441.419,100.341,281.995,0.864149,-1,-1,-1
63,4,464.823,441.357,155.028,327.859,0.819373,-1,-1,-1
63,6,1256.059,443.928,41.594,103.877,0.692736,-1,-1,-1
63,7,694.407,459.976,70.790,215.531,0.781549,-1,-1,-1
63,5,749.123,459.836,38.115,104.560,0.578322,-1,-1,-1
63,55,576.896,446.729,46.203,143.058,0.541389,-1,-1,-1
63,8,933.456,441.092,33.070,75.585,0.379373,-1,-1,-1
63,79,1033.383,449.166,30.010,81.983,0.479294,-1,-1,-1
63,81,1003.845,447.592,34.681,82.143,0.577714,-1,-1,-1
63,84,1526.885,430.457,38.593,123.253,0.506478,-1,-1,-1
63,50,1301.746,424.891,38.815,119.553,0.399819,-1,-1,-1
64,2,615.636,442.061,100.212,282.057,0.841218,-1,-1,-1
64,4,466.681,442.564,157.120,326.998,0.817181,-1,-1,-1
64,6,1255.375,442.472,42.374,105.526,0.687084,-1,-1,-1
64,7,694.062,460.668,71.190,216.417,0.742895,-1,-1,-1
64,5,750.285,459.997,38.181,104.614,0.594942,-1,-1,-1
64,55,576.283,445.427,46.894,144.799,0.561355,-1,-1,-1
64,8,933.172,441.229,33.393,76.107,0.479264,-1,-1,-1
64,79,1033.197,449.348,30.023,82.112,0.496827,-1,-1,-1
64,81,1003.070,445.915,35.599,84.313,0.600017,-1,-1,-1
64,84,1528.934,431.202,38.256,122.256,0.490902,-1,-1,-1
64,50,1301.818,422.952,39.649,122.048,0.387323,-1,-1,-1
64,94,730.898,451.616,30.543,77.319,0.321361,-1,-1,-1
64,19,906.381,449.757,73.796,140.011,0.281093,-1,-1,-1
65,2,615.480,443.121,99.573,280.348,0.851310,-1,-1,-1
65,4,467.520,443.873,159.337,326.217,0.819067,-1,-1,-1
65,6,1254.954,441.338,42.849,106.711,0.679767,-1,-1,-1
65,7,693.946,460.345,72.087,219.553,0.756143,-1,-1,-1
65,5,750.498,459.659,38.568,105.468,0.502633,-1,-1,-1
65,55,575.097,440.867,48.300,149.749,0.485394,-1,-1,-1
65,8,932.368,440.212,34.076,77.442,0.500352,-1,-1,-1
65,79,1033.325,449.392,30.025,82.171,0.471802,-1,-1,-1
65,81,1002.133,445.254,36.885,87.618,0.599990,-1,-1,-1
65,84,1530.149,429.218,39.049,125.139,0.588735,-1,-1,-1
65,50,1302.115,423.582,39.589,121.618,0.390716,-1,-1,-1
65,94,732.634,451.185,29.503,74.707,0.259625,-1,-1,-1
65,19,904.874,445.150,75.830,144.883,0.321371,-1,-1,-1
65,51,1076.661,429.810,63.190,166.035,0.324823,-1,-1,-1
66,2,615.357,443.164,99.781,281.416,0.864730,-1,-1,-1
66,4,467.725,444.520,161.991,326.459,0.835185,-1,-1,-1
66,6,1254.779,440.174,43.276,107.732,0.686219,-1,-1,-1
66,7,694.413,460.322,72.006,219.562,0.757967,-1,-1,-1
66,5,749.664,460.180,38.667,105.207,0.408868,-1,-1,-1
66,55,575.512,439.650,47.832,150.239,0.364782,-1,-1,-1
66,8,932.405,440.302,34.266,77.569,0.506913,-1,-1,-1
66,79,1033.570,449.378,30.146,82.271,0.507668,-1,-1,-1
66,81,1002.116,446.105,36.687,87.483,0.581059,-1,-1,-1
66,84,1531.657,429.016,38.493,123.607,0.589595,-1,-1,-1
66,50,1302.036,423.562,39.632,121.366,0.514671,-1,-1,-1
66,19,904.832,444.101,76.117,146.069,0.284609,-1,-1,-1
67,2,615.253,443.371,100.021,282.347,0.863602,-1,-1,-1
67,4,467.981,445.338,165.099,327.708,0.834806,-1,-1,-1
67,6,1255.298,441.061,42.890,106.682,0.686785,-1,-1,-1
67,7,695.034,460.360,72.108,219.972,0.738474,-1,-1,-1
67,5,749.132,460.395,39.317,106.537,0.315821,-1,-1,-1
67,8,932.730,441.236,34.113,77.044,0.509918,-1,-1,-1
67,79,1034.217,449.377,30.034,81.318,0.518133,-1,-1,-1
67,81,1002.238,446.294,36.179,86.494,0.586042,-1,-1,-1
67,84,1536.450,429.231,38.761,123.736,0.566240,-1,-1,-1
67,50,1302.078,423.765,39.643,120.955,0.468034,-1,-1,-1
67,100,1067.017,441.333,25.480,67.830,0.330839,-1,-1,-1
68,2,614.605,443.479,100.284,283.159,0.854441,-1,-1,-1
68,4,468.822,445.768,166.777,327.191,0.828651,-1,-1,-1
68,6,1256.142,440.735,42.937,106.974,0.700135,-1,-1,-1
68,7,695.686,457.991,72.845,221.437,0.766824,-1,-1,-1
68,5,751.085,461.849,38.089,103.108,0.267696,-1,-1,-1
68,8,933.083,441.767,34.207,77.029,0.466850,-1,-1,-1
68,79,1034.614,447.342,30.752,82.620,0.478542,-1,-1,-1
68,81,1002.331,445.492,36.295,86.831,0.562059,-1,-1,-1
68,84,1538.401,432.015,38.260,121.118,0.627305,-1,-1,-1
68,50,1301.901,423.493,39.903,121.591,0.458915,-1,-1,-1
68,100,1066.867,441.539,25.397,67.664,0.347794,-1,-1,-1
69,2,613.802,442.121,101.412,286.902,0.851635,-1,-1,-1
69,4,472.317,444.891,168.038,328.384,0.844584,-1,-1,-1
69,6,1256.467,440.538,43.021,107.318,0.697963,-1,-1,-1
69,7,696.183,458.276,73.121,221.470,0.759322,-1,-1,-1
69,8,933.074,441.811,34.232,76.926,0.415736,-1,-1,-1
69,79,1036.216,447.429,30.387,81.293,0.310976,-1,-1,-1
69,81,1002.585,444.241,35.927,85.862,0.554580,-1,-1,-1
69,84,1539.628,432.630,38.586,120.837,0.580669,-1,-1,-1
69,50,1301.797,423.420,39.993,121.716,0.396242,-1,-1,-1
69,100,1067.244,442.406,24.768,66.003,0.334631,-1,-1,-1
70,2,612.106,441.175,102.178,288.989,0.846015,-1,-1,-1
70,4,475.545,443.449,168.722,330.331,0.857458,-1,-1,-1
70,6,1256.575,439.943,43.249,108.079,0.701540,-1,-1,-1
70,7,696.701,458.828,73.250,220.926,0.795233,-1,-1,-1
70,8,933.051,441.660,34.457,77.213,0.452024,-1,-1,-1
70,79,1037.705,448.370,29.989,79.604,0.301657,-1,-1,-1
70,81,1002.672,444.408,35.761,85.310,0.604327,-1,-1,-1
70,84,1541.518,427.991,40.207,124.922,0.511129,-1,-1,-1
70,50,1300.787,422.306,40.009,122.471,0.368992,-1,-1,-1
70,100,1067.079,443.224,24.837,66.236,0.349034,-1,-1,-1
71,2,612.456,441.609,102.171,288.865,0.855835,-1,-1,-1
71,4,480.902,443.709,167.421,330.163,0.831270,-1,-1,-1
71,6,1256.382,441.302,42.694,106.629,0.688469,-1,-1,-1
71,7,698.915,459.408,73.165,218.588,0.784298,-1,-1,-1
71,8,932.711,440.990,34.629,77.586,0.493350,-1,-1,-1
71,81,1002.739,444.343,35.293,84.168,0.509788,-1,-1,-1
71,84,1543.429,426.799,40.470,125.219,0.402261,-1,-1,-1
71,50,1300.562,422.218,39.838,122.743,0.269225,-1,-1,-1
71,100,1067.383,444.101,24.108,64.263,0.317285,-1,-1,-1
72,2,612.451,441.160,102.305,289.586,0.852213,-1,-1,-1
72,4,483.470,441.871,167.397,332.211,0.842043,-1,-1,-1
72,6,1256.100,441.099,42.764,106.869,0.700090,-1,-1,-1
72,7,698.756,458.550,74.249,219.950,0.757459,-1,-1,-1
72,8,932.556,440.206,34.671,77.715,0.451328,-1,-1,-1
72,81,1002.993,444.652,34.999,82.942,0.407501,-1,-1,-1
72,84,1544.294,427.596,40.326,124.126,0.414264,-1,-1,-1
72,50,1300.718,422.273,39.776,123.036,0.273691,-1,-1,-1
72,100,1068.139,444.059,22.771,60.455,0.289907,-1,-1,-1
73,2,612.145,439.545,102.711,291.181,0.847528,-1,-1,-1
73,4,487.569,439.664,165.795,332.623,0.871104,-1,-1,-1
73,6,1256.222,440.984,42.736,106.761,0.695783,-1,-1,-1
73,7,700.308,458.076,75.309,221.033,0.770004,-1,-1,-1
73,8,932.640,440.494,34.634,77.618,0.502526,-1,-1,-1
73,81,1003.040,443.818,35.411,83.315,0.411346,-1,-1,-1
73,84,1546.165,424.239,41.390,128.097,0.456720,-1,-1,-1
73,50,1300.653,422.275,39.605,122.955,0.284186,-1,-1,-1
73,100,1068.274,443.135,22.484,59.433,0.287645,-1,-1,-1
73,51,1073.978,447.285,57.934,151.082,0.348758,-1,-1,-1
74,2,613.169,438.872,102.730,292.599,0.829018,-1,-1,-1
74,4,490.087,437.763,165.429,335.641,0.849924,-1,-1,-1
74,6,1256.439,440.988,42.765,106.811,0.704001,-1,-1,-1
74,7,701.848,457.315,76.581,221.700,0.757861,-1,-1,-1
74,8,932.067,440.199,34.813,78.237,0.517742,-1,-1,-1
74,50,1300.903,420.959,39.581,123.069,0.291117,-1,-1,-1
74,100,1068.536,443.956,21.950,57.709,0.258734,-1,-1,-1
74,51,1073.549,449.618,57.893,149.763,0.474398,-1,-1,-1
75,2,615.094,438.507,100.956,289.015,0.880481,-1,-1,-1
75,4,489.152,437.474,164.722,336.069,0.824333,-1,-1,-1
75,6,1256.688,441.672,42.614,106.515,0.696684,-1,-1,-1
75,7,701.213,457.179,77.820,222.580,0.749940,-1,-1,-1
75,8,931.821,439.896,34.770,78.308,0.504369,-1,-1,-1
75,50,1301.061,421.610,39.185,122.151,0.348435,-1,-1,-1
75,51,1072.448,448.574,58.778,151.139,0.463734,-1,-1,-1
75,5,763.949,449.465,42.788,116.167,0.415765,-1,-1,-1
75,81,1003.443,445.755,34.026,79.335,0.371711,-1,-1,-1
76,2,616.715,438.783,99.737,287.355,0.842516,-1,-1,-1
76,4,493.749,437.389,162.673,335.655,0.805017,-1,-1,-1
76,6,1257.038,441.663,42.662,106.586,0.711625,-1,-1,-1
76,7,700.303,456.308,78.295,223.498,0.671524,-1,-1,-1
76,8,931.716,439.672,34.801,78.633,0.499145,-1,-1,-1
76,50,1301.062,420.874,39.220,122.355,0.353358,-1,-1,-1
76,51,1071.291,446.210,59.864,153.465,0.413902,-1,-1,-1
76,81,1002.134,445.118,35.247,81.615,0.561250,-1,-1,-1
76,100,1067.743,443.230,22.561,59.099,0.256952,-1,-1,-1
77,2,618.352,439.631,98.895,287.009,0.840352,-1,-1,-1
77,4,496.244,435.731,162.304,339.895,0.787459,-1,-1,-1
77,6,1257.190,441.706,42.662,106.558,0.710506,-1,-1,-1
77,7,700.061,455.906,78.186,223.247,0.641454,-1,-1,-1
77,8,931.685,439.431,34.822,78.873,0.509577,-1,-1,-1
77,50,1302.050,422.767,38.630,120.570,0.371998,-1,-1,-1
77,51,1070.932,446.115,59.977,153.411,0.397790,-1,-1,-1
77,81,1001.945,445.262,35.778,82.199,0.607305,-1,-1,-1
77,109,495.998,445.542,91.690,295.596,0.482073,-1,-1,-1
77,100,1066.773,443.576,23.779,62.246,0.259647,-1,-1,-1
77,79,1046.598,446.397,30.482,79.817,0.313108,-1,-1,-1
77,5,765.291,449.959,42.483,115.484,0.301790,-1,-1,-1
78,2,618.173,439.944,99.261,290.849,0.857206,-1,-1,-1
78,4,498.375,435.303,160.945,341.006,0.763973,-1,-1,-1
78,6,1258.389,442.358,42.353,105.841,0.678429,-1,-1,-1
78,7,705.299,457.271,79.137,221.644,0.708053,-1,-1,-1
78,8,932.161,440.120,34.153,77.704,0.518529,-1,-1,-1
78,50,1302.174,424.388,38.271,119.404,0.414166,-1,-1,-1
78,51,1071.709,450.660,58.622,149.218,0.367895,-1,-1,-1
78,81,1000.857,444.366,37.066,84.776,0.600647,-1,-1,-1
78,109,501.297,444.007,89.793,289.438,0.558437,-1,-1,-1
78,79,1049.566,448.370,29.415,75.556,0.284216,-1,-1,-1
79,2,620.371,439.742,98.167,289.748,0.858543,-1,-1,-1
79,4,503.271,436.566,159.482,343.397,0.758373,-1,-1,-1
79,6,1258.765,442.675,42.344,105.745,0.693331,-1,-1,-1
79,7,708.272,457.888,80.987,222.205,0.770697,-1,-1,-1
79,8,932.134,439.376,34.358,78.486,0.563731,-1,-1,-1
79,50,1302.218,424.630,38.307,119.605,0.473527,-1,-1,-1
79,51,1072.220,451.264,58.395,148.743,0.316135,-1,-1,-1
79,81,1000.387,444.239,37.846,86.099,0.665788,-1,-1,-1
79,109,499.620,441.315,89.135,286.607,0.630566,-1,-1,-1
79,79,1051.243,448.232,28.760,72.568,0.284831,-1,-1,-1
79,112,465.131,451.089,38.582,121.959,0.506213,-1,-1,-1
80,2,621.427,439.967,97.188,288.818,0.868460,-1,-1,-1
80,4,507.005,436.785,159.096,346.275,0.780157,-1,-1,-1
80,6,1258.890,442.191,42.731,106.650,0.709710,-1,-1,-1
80,7,710.936,457.711,83.103,222.673,0.795175,-1,-1,-1
80,8,932.079,439.228,34.268,78.533,0.561768,-1,-1,-1
80,50,1302.159,424.734,38.457,120.258,0.539495,-1,-1,-1
80,51,1071.260,447.501,59.485,152.091,0.336989,-1,-1,-1
80,81,1000.890,444.646,38.350,86.577,0.655287,-1,-1,-1
80,109,495.805,439.783,92.034,295.382,0.593009,-1,-1,-1
80,79,1052.601,448.172,29.205,72.350,0.276575,-1,-1,-1
80,112,465.254,452.123,37.781,119.340,0.302609,-1,-1,-1
81,2,622.441,441.680,96.310,288.286,0.864390,-1,-1,-1
81,4,508.702,438.815,157.303,346.004,0.781062,-1,-1,-1
81,6,1258.963,442.410,42.766,106.506,0.714122,-1,-1,-1
81,7,715.235,459.414,84.397,220.573,0.770321,-1,-1,-1
81,8,931.879,439.077,34.220,78.620,0.555585,-1,-1,-1
81,50,1302.053,424.531,38.430,120.391,0.506723,-1,-1,-1
81,51,1070.678,446.788,59.653,152.636,0.337888,-1,-1,-1
81,81,1001.435,444.502,38.534,86.133,0.670476,-1,-1,-1
81,109,494.084,441.247,93.149,298.522,0.637859,-1,-1,-1
81,79,1052.448,449.422,29.618,72.742,0.277291,-1,-1,-1
81,112,465.668,455.227,36.046,113.809,0.337097,-1,-1,-1
81,19,906.782,456.306,70.982,134.139,0.305432,-1,-1,-1
82,2,623.625,442.214,95.801,288.411,0.841875,-1,-1,-1
82,4,510.516,439.473,155.646,345.772,0.777187,-1,-1,-1
82,6,1258.986,443.586,42.327,105.251,0.742546,-1,-1,-1
82,7,717.849,456.213,87.742,225.417,0.749839,-1,-1,-1
82,8,932.371,438.347,33.990,78.226,0.515960,-1,-1,-1
82,50,1302.240,425.458,38.153,119.646,0.428889,-1,-1,-1
82,51,1070.159,446.863,59.866,152.833,0.407271,-1,-1,-1
82,81,1002.111,444.619,38.983,86.759,0.682473,-1,-1,-1
82,109,494.187,442.232,93.896,300.684,0.648588,-1,-1,-1
82,79,1052.417,447.020,31.200,75.910,0.293635,-1,-1,-1
82,112,465.877,455.060,35.539,112.111,0.375624,-1,-1,-1
82,19,906.691,456.756,71.320,133.605,0.404475,-1,-1,-1
83,2,625.672,443.397,95.447,288.808,0.839125,-1,-1,-1
83,4,509.381,440.261,155.910,347.181,0.782105,-1,-1,-1
83,6,1258.494,444.082,41.965,104.322,0.741107,-1,-1,-1
83,7,718.752,460.108,88.075,221.956,0.787732,-1,-1,-1
83,8,932.349,437.982,34.105,78.794,0.599824,-1,-1,-1
83,50,1301.697,423.370,38.227,119.859,0.341315,-1,-1,-1
83,51,1071.210,445.933,59.956,153.456,0.311524,-1,-1,-1
83,81,1002.785,445.100,38.759,85.863,0.710978,-1,-1,-1
83,109,493.966,442.832,94.962,303.927,0.570639,-1,-1,-1
83,112,467.025,457.201,31.806,99.940,0.332746,-1,-1,-1
83,19,909.006,467.158,66.579,122.041,0.275544,-1,-1,-1
83,100,1065.610,445.834,25.415,66.817,0.269455,-1,-1,-1
84,2,627.326,442.811,95.548,289.794,0.834580,-1,-1,-1
84,4,511.730,440.523,155.592,348.366,0.771493,-1,-1,-1
84,6,1258.666,444.753,41.506,103.288,0.727832,-1,-1,-1
84,7,720.068,461.080,89.188,222.077,0.829887,-1,-1,-1
84,8,932.410,437.950,34.218,79.320,0.611321,-1,-1,-1
84,50,1301.978,423.971,37.996,118.859,0.336034,-1,-1,-1
84,51,1072.657,446.406,59.428,152.993,0.266626,-1,-1,-1
84,81,1002.519,445.495,38.524,85.310,0.707665,-1,-1,-1
84,109,496.961,444.663,94.901,303.246,0.629445,-1,-1,-1
84,112,466.742,455.867,32.792,102.515,0.349939,-1,-1,-1
84,100,1064.937,446.353,25.659,67.619,0.271252,-1,-1,-1
85,2,628.336,442.181,96.263,293.067,0.800116,-1,-1,-1
85,4,513.972,438.235,156.555,352.968,0.780555,-1,-1,-1
85,6,1259.152,444.246,41.578,103.687,0.736024,-1,-1,-1
85,7,719.506,459.874,90.809,223.633,0.816046,-1,-1,-1
85,8,932.981,438.111,33.884,78.754,0.612055,-1,-1,-1
85,51,1074.379,452.152,57.009,147.088,0.317678,-1,-1,-1
85,81,1001.764,445.845,38.367,85.087,0.699685,-1,-1,-1
85,109,497.043,443.557,95.684,304.510,0.573899,-1,-1,-1
85,100,1065.411,446.691,25.188,66.457,0.274826,-1,-1,-1
85,120,981.270,452.820,26.876,62.539,0.380366,-1,-1,-1
86,2,629.651,442.600,96.255,293.871,0.796295,-1,-1,-1
86,4,517.232,436.795,156.193,355.860,0.801845,-1,-1,-1
86,6,1259.181,443.957,41.488,103.731,0.716852,-1,-1,-1
86,7,719.130,456.008,93.725,229.061,0.837420,-1,-1,-1
86,8,933.648,438.731,33.221,77.310,0.441403,-1,-1,-1
86,81,1002.181,447.009,37.365,82.715,0.547423,-1,-1,-1
86,109,497.675,444.703,95.946,304.839,0.533039,-1,-1,-1
86,120,981.463,453.870,26.405,61.517,0.303183,-1,-1,-1
86,50,1301.880,422.949,38.376,119.981,0.297770,-1,-1,-1
87,2,631.289,443.316,95.053,291.775,0.781138,-1,-1,-1
87,4,518.513,436.443,156.098,358.505,0.811829,-1,-1,-1
87,6,1259.060,444.166,41.259,103.299,0.716852,-1,-1,-1
87,7,719.741,453.606,95.773,232.328,0.862721,-1,-1,-1
87,8,933.841,438.998,33.028,76.839,0.437196,-1,-1,-1
87,81,1004.017,448.016,35.990,79.544,0.521429,-1,-1,-1
87,109,501.468,446.638,96.328,307.374,0.511073,-1,-1,-1
87,50,1302.611,424.633,38.168,119.073,0.385534,-1,-1,-1
88,2,634.737,444.466,95.235,291.812,0.822543,-1,-1,-1
88,4,520.660,438.219,155.273,359.028,0.786935,-1,-1,-1
88,6,1259.269,444.424,41.235,103.448,0.704075,-1,-1,-1
88,7,720.818,452.082,97.087,233.923,0.871276,-1,-1,-1
88,8,933.378,438.627,32.912,76.703,0.415298,-1,-1,-1
88,81,1003.865,447.928,36.044,79.853,0.541842,-1,-1,-1
88,109,502.369,447.757,96.319,308.053,0.544765,-1,-1,-1
88,50,1301.962,421.028,39.201,122.427,0.315501,-1,-1,-1
89,2,636.139,444.479,96.655,294.698,0.801714,-1,-1,-1
89,4,520.443,438.265,154.599,359.301,0.787018,-1,-1,-1
89,6,1259.336,443.714,41.643,104.604,0.699020,-1,-1,-1
89,7,721.836,451.453,98.063,235.147,0.873191,-1,-1,-1
89,8,933.493,438.302,32.780,76.443,0.431486,-1,-1,-1
89,81,1003.303,447.790,36.520,81.089,0.587152,-1,-1,-1
89,109,503.008,449.829,95.875,306.567,0.575076,-1,-1,-1
89,50,1301.858,419.777,39.298,122.812,0.304081,-1,-1,-1
89,120,981.950,452.622,27.674,64.649,0.260635,-1,-1,-1
90,2,638.326,441.982,98.449,298.389,0.779232,-1,-1,-1
90,4,524.312,438.848,152.866,358.497,0.787326,-1,-1,-1
90,6,1259.251,443.382,41.694,104.793,0.672845,-1,-1,-1
90,7,722.320,451.103,98.854,235.203,0.861895,-1,-1,-1
90,8,932.966,437.852,33.766,78.925,0.346762,-1,-1,-1
90,81,1003.641,448.033,36.302,80.829,0.543823,-1,-1,-1
90,109,505.606,448.074,96.407,308.234,0.602342,-1,-1,-1
90,50,1301.954,419.814,39.308,122.839,0.323411,-1,-1,-1
90,51,1075.330,450.216,57.398,148.790,0.327991,-1,-1,-1
91,2,640.554,441.315,99.607,301.277,0.771415,-1,-1,-1
91,4,524.448,438.809,152.982,359.707,0.809664,-1,-1,-1
91,6,1258.897,444.456,41.373,103.868,0.643396,-1,-1,-1
91,7,723.590,451.576,99.589,235.394,0.847298,-1,-1,-1
91,8,933.728,438.813,32.944,77.047,0.389717,-1,-1,-1
91,81,1004.053,448.142,36.029,80.694,0.496574,-1,-1,-1
91,109,506.063,449.299,95.192,305.624,0.649738,-1,-1,-1
91,51,1075.921,451.437,56.787,147.182,0.293906,-1,-1,-1
91,120,982.129,453.075,27.296,63.747,0.289340,-1,-1,-1
92,2,640.717,440.371,100.010,301.675,0.790488,-1,-1,-1
92,4,523.815,437.389,154.344,365.846,0.805283,-1,-1,-1
92,6,1258.109,444.114,41.669,104.532,0.628071,-1,-1,-1
92,7,724.544,450.552,100.257,235.124,0.803097,-1,-1,-1
92,8,934.408,439.782,32.300,75.694,0.377039,-1,-1,-1
92,81,1004.032,448.170,35.575,79.925,0.577870,-1,-1,-1
92,109,505.130,449.492,94.545,305.390,0.683334,-1,-1,-1
92,126,1839.043,456.074,77.702,201.696,0.362571,-1,-1,-1
92,120,982.547,453.878,26.335,61.652,0.325619,-1,-1,-1
92,100,1065.647,443.665,26.160,68.959,0.309410,-1,-1,-1
93,2,640.605,441.260,100.455,301.715,0.818218,-1,-1,-1
93,4,523.463,436.376,154.522,369.196,0.816170,-1,-1,-1
93,6,1257.760,444.170,41.662,104.352,0.646630,-1,-1,-1
93,7,726.645,451.270,100.230,233.467,0.808158,-1,-1,-1
93,8,934.193,439.634,32.388,75.849,0.390659,-1,-1,-1
93,81,1004.112,446.708,36.095,81.191,0.607918,-1,-1,-1
93,109,504.044,449.614,93.565,303.447,0.696935,-1,-1,-1
93,126,1838.692,456.374,77.642,201.306,0.315389,-1,-1,-1
93,120,982.591,453.356,26.346,61.663,0.300974,-1,-1,-1
94,2,640.114,440.999,100.989,302.758,0.819011,-1,-1,-1
94,4,523.609,436.204,154.242,371.886,0.823007,-1,-1,-1
94,6,1257.282,444.176,41.810,104.295,0.668807,-1,-1,-1
94,7,727.931,451.084,101.007,233.819,0.796985,-1,-1,-1
94,8,934.048,439.252,32.643,76.439,0.398100,-1,-1,-1
94,81,1003.877,445.769,36.446,82.143,0.582233,-1,-1,-1
94,109,503.368,449.595,93.116,302.981,0.725074,-1,-1,-1
94,126,1839.645,457.186,77.570,200.943,0.323149,-1,-1,-1
94,100,1066.713,443.158,25.181,65.444,0.255464,-1,-1,-1
95,2,640.434,439.918,101.756,304.046,0.824143,-1,-1,-1
95,4,523.247,435.998,153.677,373.074,0.804089,-1,-1,-1
95,6,1256.103,442.000,43.305,107.494,0.656366,-1,-1,-1
95,7,729.996,451.047,102.121,236.845,0.838796,-1,-1,-1
95,8,934.233,440.213,32.432,75.663,0.388204,-1,-1,-1
95,81,1003.540,446.011,36.556,82.505,0.611705,-1,-1,-1
95,109,503.683,450.048,92.775,301.552,0.736411,-1,-1,-1
95,126,1839.826,458.147,77.273,199.903,0.292374,-1,-1,-1
95,100,1066.865,443.758,25.454,65.732,0.256328,-1,-1,-1
95,120,982.683,453.532,26.395,61.664,0.275759,-1,-1,-1
96,2,640.495,438.694,102.460,305.591,0.838374,-1,-1,-1
96,4,525.115,435.887,152.103,373.265,0.816096,-1,-1,-1
96,6,1255.469,441.406,43.856,108.412,0.667145,-1,-1,-1
96,7,732.637,449.524,101.968,238.150,0.809302,-1,-1,-1
96,8,933.962,440.377,32.743,76.233,0.536941,-1,-1,-1
96,81,1003.042,446.552,36.539,82.266,0.687567,-1,-1,-1
96,109,502.306,447.216,94.463,305.297,0.727581,-1,-1,-1
96,126,1839.973,458.243,77.119,199.456,0.291572,-1,-1,-1
96,120,982.490,454.968,25.749,59.560,0.309326,-1,-1,-1
97,2,641.335,437.894,103.041,306.254,0.830616,-1,-1,-1
97,4,526.937,435.265,149.949,372.060,0.808136,-1,-1,-1
97,6,1255.027,440.994,44.202,108.821,0.660414,-1,-1,-1
97,7,737.084,448.146,101.734,239.944,0.800200,-1,-1,-1
97,8,933.711,440.315,32.990,76.698,0.571225,-1,-1,-1
97,81,1003.278,446.539,36.826,83.157,0.676503,-1,-1,-1
97,109,502.685,446.137,95.219,306.141,0.733266,-1,-1,-1
97,126,1840.636,459.003,76.927,199.018,0.295598,-1,-1,-1
97,120,982.398,455.036,25.792,59.388,0.318693,-1,-1,-1
97,50,1301.631,421.136,39.092,122.224,0.264865,-1,-1,-1
98,2,641.985,438.180,103.307,305.996,0.838141,-1,-1,-1
98,4,531.097,436.692,147.872,368.639,0.817991,-1,-1,-1
98,6,1254.320,439.996,44.963,109.968,0.674549,-1,-1,-1
98,7,739.885,447.454,101.626,241.786,0.812780,-1,-1,-1
98,8,933.163,439.323,33.643,78.297,0.584952,-1,-1,-1
98,81,1002.732,446.094,37.097,84.084,0.657606,-1,-1,-1
98,109,502.894,445.863,96.238,307.698,0.736465,-1,-1,-1
98,126,1839.501,459.434,76.875,198.326,0.274406,-1,-1,-1
98,120,982.211,454.341,25.964,59.967,0.288339,-1,-1,-1
98,50,1301.814,420.539,39.339,122.762,0.275699,-1,-1,-1
99,2,644.932,439.145,103.460,305.911,0.887738,-1,-1,-1
99,4,532.462,436.598,147.212,369.390,0.821276,-1,-1,-1
99,6,1254.137,441.649,44.360,107.957,0.711504,-1,-1,-1
99,7,742.335,448.035,101.278,243.045,0.830084,-1,-1,-1
99,8,933.970,439.527,33.479,77.764,0.471957,-1,-1,-1
99,81,1002.829,446.117,36.433,82.593,0.652500,-1,-1,-1
99,109,501.850,445.196,97.518,310.090,0.743654,-1,-1,-1
99,120,982.342,452.484,25.575,59.028,0.273194,-1,-1,-1
100,2,647.325,439.081,103.762,305.773,0.874282,-1,-1,-1
100,4,534.903,437.116,146.388,369.370,0.797916,-1,-1,-1
100,6,1254.420,441.495,44.191,107.341,0.669210,-1,-1,-1
100,7,744.497,447.778,101.341,245.182,0.818683,-1,-1,-1
100,8,933.788,438.499,33.888,78.591,0.492486,-1,-1,-1
100,81,1003.122,446.582,35.744,80.910,0.627993,-1,-1,-1
100,109,500.346,444.025,98.989,311.278,0.741723,-1,-1,-1
100,51,1076.054,449.155,56.784,148.455,0.264804,-1,-1,-1
100,126,1838.575,460.694,76.700,196.730,0.331648,-1,-1,-1
101,2,646.508,440.667,104.082,303.612,0.852406,-1,-1,-1
101,4,533.393,436.935,146.629,370.603,0.792838,-1,-1,-1
101,6,1254.266,441.758,43.783,106.534,0.650046,-1,-1,-1
101,7,746.097,450.420,98.855,240.453,0.796320,-1,-1,-1
101,8,933.442,438.188,34.199,79.154,0.548574,-1,-1,-1
101,81,1002.629,446.179,35.697,80.933,0.582990,-1,-1,-1
101,109,499.889,443.361,100.296,312.266,0.746208,-1,-1,-1
101,131,454.006,459.743,38.150,108.354,0.361945,-1,-1,-1
101,51,1075.509,451.871,55.536,145.895,0.255402,-1,-1,-1
101,126,1836.521,459.064,77.724,197.552,0.284897,-1,-1,-1
102,2,648.192,441.632,104.506,301.960,0.845704,-1,-1,-1
102,4,535.566,435.148,145.345,370.501,0.767151,-1,-1,-1
102,6,1254.171,442.003,43.410,105.993,0.685088,-1,-1,-1
102,7,746.536,451.469,98.243,239.777,0.784458,-1,-1,-1
102,8,933.699,438.616,34.176,78.959,0.565417,-1,-1,-1
102,81,1003.206,446.136,35.772,81.232,0.641859,-1,-1,-1
102,109,499.921,442.786,101.773,313.539,0.779019,-1,-1,-1
102,131,454.149,459.825,38.455,109.129,0.390739,-1,-1,-1
102,51,1074.342,450.626,55.037,143.504,0.404791,-1,-1,-1
102,126,1836.267,458.738,78.371,198.246,0.284007,-1,-1,-1
103,2,649.076,440.649,105.403,302.427,0.827805,-1,-1,-1
103,4,534.594,436.201,145.109,368.664,0.769490,-1,-1,-1
103,6,1254.259,441.947,43.266,106.037,0.706649,-1,-1,-1
103,7,747.799,454.049,97.696,239.272,0.765639,-1,-1,-1
103,8,933.978,438.347,34.016,78.636,0.582146,-1,-1,-1
103,81,1002.607,446.064,35.854,81.296,0.659661,-1,-1,-1
103,109,499.003,442.938,102.510,313.375,0.761380,-1,-1,-1
103,131,454.156,466.319,36.495,103.404,0.361257,-1,-1,-1
103,133,1106.072,445.605,32.192,104.968,0.384013,-1,-1,-1
104,2,650.347,439.611,106.896,304.989,0.821437,-1,-1,-1
104,4,529.666,435.165,147.143,368.637,0.789933,-1,-1,-1
104,6,1253.859,443.414,42.703,104.741,0.668608,-1,-1,-1
104,7,747.657,455.086,97.042,238.420,0.789598,-1,-1,-1
104,8,933.834,438.357,33.956,78.422,0.543311,-1,-1,-1
104,81,1002.186,446.258,35.843,81.474,0.644907,-1,-1,-1
104,109,499.658,444.515,102.824,311.912,0.745894,-1,-1,-1
104,131,452.167,467.227,36.254,102.220,0.402000,-1,-1,-1
104,133,1107.204,446.343,31.672,103.185,0.350514,-1,-1,-1
104,51,1071.739,449.948,55.729,144.907,0.319130,-1,-1,-1
104,126,1837.339,457.905,79.234,200.016,0.285725,-1,-1,-1
105,2,653.529,438.437,107.975,307.386,0.891148,-1,-1,-1
105,4,530.191,434.202,149.012,369.020,0.765581,-1,-1,-1
105,6,1252.414,443.958,42.230,104.100,0.649760,-1,-1,-1
105,7,749.724,455.971,97.089,239.881,0.826792,-1,-1,-1
105,8,933.628,438.438,34.109,78.692,0.543742,-1,-1,-1
105,81,1002.106,446.979,35.893,81.708,0.621904,-1,-1,-1
105,109,499.483,444.561,103.547,312.247,0.761758,-1,-1,-1
105,133,1109.248,450.597,29.607,96.267,0.300626,-1,-1,-1
106,2,657.233,439.160,108.245,307.245,0.895010,-1,-1,-1
106,4,529.840,433.660,150.370,369.683,0.770256,-1,-1,-1
106,6,1251.750,443.724,42.419,104.785,0.717487,-1,-1,-1
106,7,752.094,456.337,97.681,242.302,0.810150,-1,-1,-1
106,8,933.611,438.189,34.392,79.133,0.541115,-1,-1,-1
106,81,1002.312,446.827,36.063,82.231,0.597649,-1,-1,-1
106,109,498.059,444.553,103.336,310.600,0.779384,-1,-1,-1
106,133,1109.972,450.845,28.941,93.908,0.293540,-1,-1,-1
107,2,659.870,439.142,108.795,307.891,0.864957,-1,-1,-1
107,4,532.476,432.982,150.493,368.984,0.772966,-1,-1,-1
107,6,1250.373,443.813,41.661,103.695,0.717584,-1,-1,-1
107,7,754.332,458.339,97.014,241.729,0.803261,-1,-1,-1
107,8,933.669,437.176,34.771,79.648,0.576846,-1,-1,-1
107,81,1002.593,445.583,36.320,82.763,0.613706,-1,-1,-1
107,109,498.650,445.017,103.498,309.506,0.752317,-1,-1,-1
107,133,1111.423,450.568,28.453,92.236,0.309407,-1,-1,-1
107,50,1301.896,422.608,39.429,123.242,0.275724,-1,-1,-1
107,51,1071.807,450.796,55.436,143.356,0.384723,-1,-1,-1
107,126,1836.303,452.428,81.472,205.392,0.250408,-1,-1,-1
108,2,661.709,437.323,109.866,310.389,0.860540,-1,-1,-1
108,4,531.847,433.542,151.687,370.322,0.784449,-1,-1,-1
108,6,1249.445,443.579,41.385,103.308,0.704507,-1,-1,-1
108,7,754.383,454.351,98.719,246.993,0.804386,-1,-1,-1
108,8,933.639,436.511,35.098,80.122,0.565699,-1,-1,-1
108,81,1002.219,445.572,36.954,84.363,0.634911,-1,-1,-1
108,109,499.684,447.293,103.199,307.438,0.724027,-1,-1,-1
108,133,1112.656,450.641,27.231,87.982,0.335121,-1,-1,-1
108,51,1072.032,452.693,55.378,142.725,0.536947,-1,-1,-1
109,2,661.243,437.486,110.396,312.663,0.867736,-1,-1,-1
109,4,529.884,432.100,154.431,373.526,0.807618,-1,-1,-1
109,6,1248.731,443.948,41.185,103.033,0.717573,-1,-1,-1
109,7,754.227,451.769,99.705,250.085,0.809149,-1,-1,-1
109,8,932.831,435.896,36.055,82.349,0.494324,-1,-1,-1
109,81,1002.362,445.120,36.679,83.295,0.437286,-1,-1,-1
109,109,499.187,447.765,103.076,307.044,0.701451,-1,-1,-1
109,133,1112.423,450.261,27.594,88.907,0.341221,-1,-1,-1
109,51,1071.418,452.766,55.703,142.833,0.440758,-1,-1,-1
109,126,1836.890,456.336,80.200,201.352,0.257056,-1,-1,-1
110,2,661.414,436.380,110.306,314.371,0.870641,-1,-1,-1
110,4,525.073,432.025,158.151,377.049,0.803568,-1,-1,-1
110,6,1247.543,442.977,41.618,104.272,0.732571,-1,-1,-1
110,7,754.561,451.458,99.827,250.915,0.818186,-1,-1,-1
110,8,932.550,435.590,36.677,83.809,0.460698,-1,-1,-1
110,81,1001.778,444.936,37.665,84.798,0.514144,-1,-1,-1
110,109,502.800,447.063,104.108,308.955,0.597461,-1,-1,-1
110,133,1111.819,450.710,28.161,90.618,0.316726,-1,-1,-1
110,51,1072.974,450.629,56.580,145.921,0.553134,-1,-1,-1
110,126,1838.028,458.084,79.789,200.167,0.321440,-1,-1,-1
110,19,913.070,476.231,64.351,113.598,0.341860,-1,-1,-1
111,2,662.345,435.481,111.134,317.622,0.866297,-1,-1,-1
111,4,522.798,431.194,162.642,382.615,0.786781,-1,-1,-1
111,6,1246.320,442.661,41.732,104.702,0.768088,-1,-1,-1
111,7,755.031,452.145,99.454,250.737,0.812553,-1,-1,-1
111,8,933.119,435.640,36.266,82.765,0.599342,-1,-1,-1
111,81,1002.182,445.874,38.058,85.486,0.660826,-1,-1,-1
111,109,503.932,445.781,104.915,309.750,0.546630,-1,-1,-1
111,133,1111.763,451.234,28.150,90.449,0.338486,-1,-1,-1
111,51,1073.118,450.683,56.673,146.628,0.608714,-1,-1,-1
111,126,1837.679,455.980,80.622,202.403,0.280398,-1,-1,-1
111,19,912.969,480.991,63.802,108.846,0.338481,-1,-1,-1
111,50,1302.274,422.167,39.818,124.802,0.279560,-1,-1,-1
112,2,663.745,436.241,110.325,316.571,0.868690,-1,-1,-1
112,4,519.802,431.051,166.063,385.117,0.805414,-1,-1,-1
112,6,1245.746,444.613,41.093,102.814,0.765707,-1,-1,-1
112,7,756.301,451.933,98.932,250.669,0.817981,-1,-1,-1
112,8,933.358,435.723,36.169,82.345,0.593754,-1,-1,-1
112,81,1002.428,446.422,37.957,84.800,0.624534,-1,-1,-1
112,109,504.468,444.004,106.238,311.319,0.347779,-1,-1,-1
112,133,1111.930,452.199,27.846,89.335,0.337485,-1,-1,-1
112,51,1073.852,450.547,56.464,146.841,0.617658,-1,-1,-1
112,19,912.354,479.539,65.567,110.354,0.271007,-1,-1,-1
113,2,664.613,436.317,111.365,321.075,0.872959,-1,-1,-1
113,4,518.485,431.298,169.245,387.656,0.813870,-1,-1,-1
113,6,1245.756,446.899,40.537,100.609,0.749018,-1,-1,-1
113,7,757.819,452.086,97.940,249.947,0.806265,-1,-1,-1
113,8,934.258,436.207,35.830,81.492,0.643310,-1,-1,-1
113,81,1002.786,448.080,36.942,82.319,0.635588,-1,-1,-1
113,109,510.265,441.602,108.931,324.166,0.309695,-1,-1,-1
113,133,1112.165,452.619,27.853,89.325,0.349384,-1,-1,-1
113,51,1075.232,449.974,55.848,145.983,0.592050,-1,-1,-1
114,2,664.873,436.999,111.336,322.611,0.887158,-1,-1,-1
114,4,520.845,432.082,170.132,387.490,0.772345,-1,-1,-1
114,6,1245.164,446.113,40.820,100.836,0.774990,-1,-1,-1
114,7,758.206,452.589,96.569,248.725,0.791060,-1,-1,-1
114,8,933.543,435.964,36.517,83.153,0.639753,-1,-1,-1
114,81,1003.799,449.140,35.382,78.527,0.631387,-1,-1,-1
114,109,513.472,442.234,106.870,321.918,0.488962,-1,-1,-1
114,133,1110.837,447.326,29.498,94.472,0.363496,-1,-1,-1
114,51,1076.328,449.049,55.730,146.399,0.517876,-1,-1,-1
114,134,745.092,449.068,37.024,73.948,0.388714,-1,-1,-1
114,120,983.038,454.034,27.042,62.691,0.370902,-1,-1,-1
115,2,665.796,437.944,110.225,321.487,0.889325,-1,-1,-1
115,4,528.577,432.394,169.212,388.551,0.754137,-1,-1,-1
115,6,1244.680,445.814,40.580,100.016,0.765878,-1,-1,-1
115,7,760.275,452.480,95.437,247.520,0.826668,-1,-1,-1
115,8,934.653,436.144,36.019,81.951,0.629003,-1,-1,-1
115,81,1003.859,449.942,35.062,77.856,0.519588,-1,-1,-1
115,109,515.310,442.895,104.154,315.969,0.603813,-1,-1,-1
115,133,1108.922,445.944,30.554,97.513,0.388542,-1,-1,-1
115,51,1078.495,451.373,54.291,143.054,0.462431,-1,-1,-1
115,134,746.293,449.131,36.236,72.474,0.342866,-1,-1,-1
115,136,1097.433,439.986,40.096,118.374,0.358453,-1,-1,-1
115,120,983.350,452.890,27.233,63.172,0.323656,-1,-1,-1
115,126,1834.341,442.956,85.092,214.487,0.334702,-1,-1,-1
116,2,666.734,438.556,110.070,323.007,0.878545,-1,-1,-1
116,4,529.606,433.333,167.858,387.817,0.761099,-1,-1,-1
116,6,1244.324,446.170,39.941,98.422,0.762451,-1,-1,-1
116,7,761.095,451.249,95.043,248.142,0.817161,-1,-1,-1
116,8,934.014,436.381,36.789,83.952,0.601946,-1,-1,-1
116,81,1003.859,449.999,34.949,77.432,0.492795,-1,-1,-1
116,109,514.894,443.825,103.581,315.998,0.529994,-1,-1,-1
116,133,1107.839,445.843,31.006,98.629,0.329339,-1,-1,-1
116,51,1079.708,453.738,53.571,141.043,0.566264,-1,-1,-1
116,134,749.784,456.198,32.068,64.130,0.274800,-1,-1,-1
116,120,984.193,453.242,26.129,60.554,0.268457,-1,-1,-1
116,126,1833.458,443.745,84.636,213.443,0.315363,-1,-1,-1
117,2,668.090,438.921,109.687,323.174,0.876343,-1,-1,-1
117,4,527.904,432.244,169.034,390.573,0.771556,-1,-1,-1
117,6,1242.937,445.184,40.354,99.357,0.741635,-1,-1,-1
117,7,763.583,452.597,94.275,246.991,0.824457,-1,-1,-1
117,8,934.299,435.562,37.526,85.808,0.581729,-1,-1,-1
117,81,1003.962,450.325,34.690,76.422,0.581959,-1,-1,-1
117,109,513.078,442.920,104.872,319.669,0.306957,-1,-1,-1
117,51,1080.337,451.071,54.823,144.370,0.592301,-1,-1,-1
117,134,750.517,457.916,31.185,62.452,0.258733,-1,-1,-1
117,120,984.691,454.180,25.804,60.223,0.264129,-1,-1,-1
117,126,1834.130,448.573,83.045,209.022,0.355643,-1,-1,-1
118,2,667.917,438.708,109.978,326.506,0.855298,-1,-1,-1
118,4,524.716,432.151,171.103,393.452,0.782736,-1,-1,-1
118,6,1241.532,444.783,40.454,99.763,0.705332,-1,-1,-1
118,7,763.458,453.951,93.849,246.300,0.818753,-1,-1,-1
118,8,934.540,435.106,38.526,88.499,0.603868,-1,-1,-1
118,81,1004.124,450.432,34.543,75.899,0.567265,-1,-1,-1
118,109,514.556,444.246,104.800,319.868,0.267102,-1,-1,-1
118,51,1080.097,447.465,56.133,148.160,0.565341,-1,-1,-1
118,120,984.960,455.903,25.118,58.815,0.306020,-1,-1,-1
118,126,1833.246,442.928,84.948,214.828,0.309740,-1,-1,-1
119,2,668.839,438.573,110.120,328.269,0.851360,-1,-1,-1
119,4,526.998,433.091,171.331,395.714,0.781615,-1,-1,-1
119,6,1239.022,445.931,39.949,98.971,0.705452,-1,-1,-1
119,7,766.451,453.458,94.484,247.431,0.829542,-1,-1,-1
119,8,934.494,434.997,38.049,87.947,0.556206,-1,-1,-1
119,81,1005.141,449.635,34.749,76.777,0.632227,-1,-1,-1
119,109,514.949,446.204,102.448,314.295,0.554419,-1,-1,-1
119,51,1079.646,445.186,56.858,150.622,0.541382,-1,-1,-1
119,120,985.221,453.981,25.884,61.031,0.347747,-1,-1,-1
119,126,1834.000,443.519,84.509,214.226,0.321129,-1,-1,-1
120,2,670.443,438.654,110.280,329.035,0.842388,-1,-1,-1
120,4,526.477,432.689,172.605,399.941,0.792422,-1,-1,-1
120,6,1238.468,448.450,38.767,96.538,0.698986,-1,-1,-1
120,7,768.496,451.649,96.421,251.723,0.817880,-1,-1,-1
120,8,935.352,435.748,37.138,86.134,0.504145,-1,-1,-1
120,81,1006.176,450.239,34.577,76.952,0.660918,-1,-1,-1
120,109,517.693,447.019,101.919,312.955,0.448151,-1,-1,-1
120,51,1079.264,446.520,55.987,148.621,0.512485,-1,-1,-1
120,120,985.496,452.563,26.670,63.223,0.433056,-1,-1,-1
120,126,1834.858,447.958,82.876,209.839,0.344653,-1,-1,-1
120,141,818.299,444.408,60.659,134.543,0.417368,-1,-1,-1
121,2,672.698,438.576,110.581,330.141,0.841399,-1,-1,-1
121,4,530.509,434.877,172.559,401.050,0.793452,-1,-1,-1
121,6,1238.026,451.111,37.555,94.159,0.621995,-1,-1,-1
121,7,770.690,453.109,97.048,251.557,0.771604,-1,-1,-1
121,8,936.248,435.971,36.809,85.497,0.524251,-1,-1,-1
121,81,1006.415,450.154,34.521,77.320,0.663682,-1,-1,-1
121,109,520.952,449.283,102.192,316.866,0.340331,-1,-1,-1
121,51,1079.449,451.780,53.945,143.203,0.427064,-1,-1,-1
121,120,985.726,451.272,27.319,65.183,0.433123,-1,-1,-1
121,126,1834.847,445.537,83.720,212.375,0.338073,-1,-1,-1
121,141,807.263,442.919,86.295,192.746,0.525113,-1,-1,-1
122,2,674.505,437.843,111.001,331.417,0.863228,-1,-1,-1
122,4,525.590,434.021,175.108,403.783,0.806727,-1,-1,-1
122,6,1236.005,451.921,37.454,93.929,0.607028,-1,-1,-1
122,7,774.169,452.101,98.876,253.010,0.792387,-1,-1,-1
122,8,937.268,435.964,37.917,87.890,0.468244,-1,-1,-1
122,81,1006.777,450.470,34.287,77.407,0.647979,-1,-1,-1
122,51,1077.869,457.178,52.447,139.073,0.437829,-1,-1,-1
122,120,985.986,450.749,27.609,66.244,0.423224,-1,-1,-1
122,126,1835.947,448.295,82.311,209.039,0.303052,-1,-1,-1
122,141,801.167,441.991,101.127,228.599,0.586453,-1,-1,-1
123,2,675.752,437.733,110.727,330.866,0.884569,-1,-1,-1
123,4,530.542,436.055,175.100,401.168,0.808913,-1,-1,-1
123,6,1236.065,454.213,36.689,92.023,0.580313,-1,-1,-1
123,7,774.934,451.839,100.663,253.785,0.767217,-1,-1,-1
123,8,939.577,436.304,39.337,90.409,0.591024,-1,-1,-1
123,81,1006.802,450.608,34.048,77.302,0.655663,-1,-1,-1
123,51,1077.464,458.661,52.183,138.103,0.423376,-1,-1,-1
123,120,986.070,449.754,27.957,67.458,0.409346,-1,-1,-1
123,126,1836.418,452.323,80.890,204.839,0.361494,-1,-1,-1
123,147,817.895,446.466,73.981,162.722,0.407217,-1,-1,-1
124,2,675.318,438.109,110.012,330.592,0.857858,-1,-1,-1
124,4,531.493,434.796,176.936,402.550,0.833639,-1,-1,-1
124,6,1235.019,456.160,36.697,91.601,0.672955,-1,-1,-1
124,7,778.017,453.894,100.977,251.366,0.822484,-1,-1,-1
124,8,940.259,436.087,40.057,91.125,0.627174,-1,-1,-1
124,81,1006.235,449.970,34.476,78.127,0.626495,-1,-1,-1
124,51,1079.756,463.976,49.992,131.530,0.439156,-1,-1,-1
124,120,985.937,449.185,27.882,67.855,0.353029,-1,-1,-1
124,126,1836.546,450.996,81.427,206.182,0.307899,-1,-1,-1
125,2,675.534,437.977,109.458,331.030,0.847458,-1,-1,-1
125,4,535.294,433.992,177.110,404.554,0.844138,-1,-1,-1
125,6,1232.938,454.668,38.542,95.719,0.660157,-1,-1,-1
125,7,781.268,455.947,101.253,250.717,0.805409,-1,-1,-1
125,8,940.740,435.880,41.080,92.688,0.589128,-1,-1,-1
125,81,1006.009,450.762,33.975,77.481,0.429059,-1,-1,-1
125,51,1080.286,466.098,49.490,129.519,0.482717,-1,-1,-1
125,120,985.350,448.746,28.191,68.681,0.252631,-1,-1,-1
125,126,1837.359,457.022,79.480,200.528,0.340878,-1,-1,-1
125,109,519.880,444.515,107.897,339.510,0.299167,-1,-1,-1
126,2,677.356,439.466,108.454,329.206,0.875484,-1,-1,-1
126,4,531.589,434.726,177.497,403.155,0.846550,-1,-1,-1
126,6,1229.961,455.425,39.306,96.555,0.641742,-1,-1,-1
126,7,781.878,456.913,101.432,250.632,0.811337,-1,-1,-1
126,8,940.691,436.275,41.868,93.974,0.600074,-1,-1,-1
126,81,1006.812,450.467,33.536,76.547,0.382841,-1,-1,-1
126,126,1834.534,444.534,84.149,213.091,0.375447,-1,-1,-1
126,156,828.851,446.030,63.906,232.256,0.323433,-1,-1,-1
126,109,522.134,446.710,108.760,343.052,0.287742,-1,-1,-1
127,2,679.493,439.019,108.495,329.951,0.874130,-1,-1,-1
127,4,530.536,433.837,178.461,403.388,0.858613,-1,-1,-1
127,6,1226.817,453.075,41.683,101.325,0.692264,-1,-1,-1
127,7,782.456,456.943,101.306,250.410,0.830156,-1,-1,-1
127,8,942.211,437.086,41.318,92.985,0.610173,-1,-1,-1
127,81,1006.996,450.752,33.017,75.593,0.509867,-1,-1,-1
127,126,1835.098,440.726,84.902,217.387,0.439724,-1,-1,-1
127,156,831.417,443.691,62.860,228.168,0.385751,-1,-1,-1
127,109,523.853,445.718,109.519,345.493,0.321328,-1,-1,-1
127,157,490.057,459.688,41.555,110.157,0.362711,-1,-1,-1
127,51,1079.305,461.410,50.606,132.760,0.288773,-1,-1,-1
127,120,984.396,449.344,27.705,67.618,0.271783,-1,-1,-1
128,2,682.433,437.683,108.667,330.010,0.873058,-1,-1,-1
128,4,532.436,433.176,179.543,403.999,0.869149,-1,-1,-1
128,6,1225.417,455.038,41.957,100.576,0.676104,-1,-1,-1
128,7,783.880,456.039,101.016,250.641,0.818178,-1,-1,-1
128,8,944.979,436.934,40.770,92.488,0.630919,-1,-1,-1
128,81,1007.382,451.057,32.752,75.721,0.451591,-1,-1,-1
128,126,1835.930,440.806,84.070,216.917,0.354474,-1,-1,-1
128,156,840.465,444.628,51.135,183.634,0.409646,-1,-1,-1
128,157,488.929,459.867,41.871,110.864,0.439490,-1,-1,-1
128,51,1079.439,462.807,50.027,130.797,0.391863,-1,-1,-1
128,120,983.939,448.716,29.081,70.565,0.298548,-1,-1,-1
129,2,683.916,436.440,108.935,330.525,0.881561,-1,-1,-1
129,4,535.701,432.194,179.918,404.316,0.863929,-1,-1,-1
129,6,1224.012,457.897,41.768,98.235,0.589224,-1,-1,-1
129,7,785.113,454.297,100.598,251.425,0.828211,-1,-1,-1
129,8,947.573,437.805,39.549,90.512,0.462025,-1,-1,-1
129,81,1007.915,451.457,32.326,75.657,0.354060,-1,-1,-1
129,126,1837.695,444.863,82.305,212.790,0.324319,-1,-1,-1
129,157,488.904,456.564,42.670,112.907,0.329482,-1,-1,-1
129,51,1079.375,461.087,50.968,132.976,0.288547,-1,-1,-1
129,164,524.969,440.014,34.353,89.578,0.394762,-1,-1,-1
129,147,817.012,444.273,102.591,231.516,0.504500,-1,-1,-1
130,2,684.344,435.706,108.819,330.569,0.871088,-1,-1,-1
130,4,536.523,431.879,180.455,404.637,0.851094,-1,-1,-1
130,6,1222.988,458.442,42.167,98.107,0.565946,-1,-1,-1
130,7,786.018,455.037,100.601,252.190,0.823838,-1,-1,-1
130,8,949.195,438.503,38.646,88.974,0.431184,-1,-1,-1
130,81,1008.274,451.819,31.891,75.314,0.446400,-1,-1,-1
130,126,1838.759,450.628,80.434,207.134,0.347649,-1,-1,-1
130,157,488.407,457.629,42.961,113.501,0.342194,-1,-1,-1
130,51,1079.410,460.473,51.805,134.385,0.331053,-1,-1,-1
130,164,524.485,441.025,34.984,91.167,0.382481,-1,-1,-1
130,147,820.437,442.460,100.481,232.022,0.404260,-1,-1,-1
130,120,985.732,449.322,28.540,69.387,0.279410,-1,-1,-1
131,2,685.638,435.673,108.882,330.492,0.854153,-1,-1,-1
131,4,537.021,430.500,181.643,406.357,0.828702,-1,-1,-1
131,6,1222.812,461.114,42.130,95.954,0.290341,-1,-1,-1
131,7,788.602,454.999,100.979,253.885,0.843276,-1,-1,-1
131,8,949.181,436.477,39.526,91.750,0.432621,-1,-1,-1
131,81,1007.037,450.413,32.069,75.799,0.362024,-1,-1,-1
131,126,1838.070,449.562,80.801,208.206,0.367792,-1,-1,-1
131,164,523.516,441.492,36.642,95.536,0.288534,-1,-1,-1
131,109,530.303,443.254,109.304,343.317,0.284575,-1,-1,-1
132,2,686.166,434.991,108.842,330.802,0.851795,-1,-1,-1
132,4,535.892,429.458,183.171,408.029,0.854550,-1,-1,-1
132,7,791.927,453.290,102.176,256.827,0.843652,-1,-1,-1
132,8,950.446,435.765,39.515,92.357,0.602271,-1,-1,-1
132,81,1006.275,450.588,32.369,76.493,0.440193,-1,-1,-1
132,126,1835.123,437.760,84.877,220.046,0.343096,-1,-1,-1
132,164,524.144,440.110,35.551,92.593,0.339682,-1,-1,-1
132,109,530.192,441.480,110.589,345.634,0.345331,-1,-1,-1
133,2,686.778,434.431,108.784,330.466,0.851516,-1,-1,-1
133,4,535.553,429.122,184.398,409.131,0.854627,-1,-1,-1
133,7,794.486,453.222,102.898,257.850,0.824400,-1,-1,-1
133,8,951.156,435.531,39.748,93.579,0.619128,-1,-1,-1
133,81,1005.713,448.871,32.976,77.788,0.450752,-1,-1,-1
133,126,1835.916,441.372,83.453,216.452,0.444123,-1,-1,-1
133,164,525.531,441.167,34.077,88.682,0.273028,-1,-1,-1
133,109,529.540,439.686,112.168,349.268,0.524630,-1,-1,-1
133,51,1080.369,454.402,54.812,141.551,0.290139,-1,-1,-1
133,6,1220.349,459.302,43.953,98.258,0.289655,-1,-1,-1
134,2,687.815,433.809,109.321,331.475,0.866332,-1,-1,-1
134,4,536.773,429.929,185.298,409.653,0.845540,-1,-1,-1
134,7,795.278,452.163,103.859,259.439,0.820947,-1,-1,-1
134,8,951.298,435.330,39.155,92.996,0.644333,-1,-1,-1
134,81,1004.614,448.635,33.525,79.139,0.471103,-1,-1,-1
134,126,1837.854,451.230,79.914,206.586,0.367272,-1,-1,-1
134,164,525.955,442.379,33.308,86.343,0.353520,-1,-1,-1
134,109,528.695,440.173,112.676,348.186,0.446247,-1,-1,-1
134,6,1218.932,458.797,45.264,99.198,0.529625,-1,-1,-1
134,120,982.907,447.484,28.860,71.056,0.277428,-1,-1,-1
135,2,688.745,433.878,109.398,330.940,0.867474,-1,-1,-1
135,4,536.344,429.822,187.283,412.829,0.842723,-1,-1,-1
135,7,795.960,451.442,104.323,260.095,0.817417,-1,-1,-1
135,8,952.397,437.458,37.735,90.087,0.627788,-1,-1,-1
135,81,1004.360,448.601,33.693,79.238,0.564611,-1,-1,-1
135,164,525.324,441.787,33.705,87.832,0.363922,-1,-1,-1
135,109,527.143,439.363,114.123,350.010,0.462870,-1,-1,-1
135,6,1216.174,453.629,47.675,104.370,0.660544,-1,-1,-1
135,120,981.866,447.833,28.561,71.397,0.309610,-1,-1,-1
135,147,831.778,442.585,95.544,230.542,0.416691,-1,-1,-1
136,2,689.214,433.556,109.438,330.841,0.860022,-1,-1,-1
136,4,534.843,429.054,190.648,419.350,0.851832,-1,-1,-1
136,7,795.223,450.084,105.141,262.533,0.829576,-1,-1,-1
136,8,953.446,438.364,36.915,88.465,0.597206,-1,-1,-1
136,81,1004.075,448.801,33.596,78.728,0.506308,-1,-1,-1
136,164,525.088,441.746,33.751,88.343,0.350480,-1,-1,-1
136,109,525.863,439.866,114.711,348.334,0.346556,-1,-1,-1
136,6,1214.450,451.850,48.134,106.090,0.653598,-1,-1,-1
136,120,981.947,448.023,27.655,70.128,0.252520,-1,-1,-1
136,147,835.571,441.753,91.750,231.384,0.525812,-1,-1,-1
136,126,1838.159,446.184,81.288,211.404,0.303475,-1,-1,-1
137,2,689.723,432.654,109.988,332.494,0.848818,-1,-1,-1
137,4,533.528,428.896,194.015,426.232,0.882789,-1,-1,-1
137,7,797.070,450.341,104.932,262.210,0.828737,-1,-1,-1
137,8,953.669,437.968,36.375,87.547,0.612834,-1,-1,-1
137,81,1003.902,449.216,33.482,78.454,0.526199,-1,-1,-1
137,164,525.746,439.547,33.979,88.407,0.309298,-1,-1,-1
137,6,1212.533,447.034,49.564,110.786,0.622767,-1,-1,-1
137,120,982.350,447.721,26.901,68.654,0.253279,-1,-1,-1
137,147,839.634,439.756,90.396,238.185,0.442884,-1,-1,-1
138,2,689.661,431.654,110.688,334.332,0.855973,-1,-1,-1
138,4,534.300,428.459,196.886,433.851,0.907561,-1,-1,-1
138,7,801.576,452.217,104.467,261.106,0.836295,-1,-1,-1
138,8,953.934,437.030,36.937,89.412,0.655031,-1,-1,-1
138,81,1003.717,448.059,33.978,79.811,0.603685,-1,-1,-1
138,164,525.644,440.142,33.862,88.513,0.288867,-1,-1,-1
138,6,1211.401,446.018,49.315,111.876,0.661073,-1,-1,-1
138,126,1838.738,451.212,79.264,205.691,0.329553,-1,-1,-1
139,2,692.165,430.409,111.463,336.465,0.845838,-1,-1,-1
139,4,532.153,428.332,198.646,437.815,0.912645,-1,-1,-1
139,7,804.169,451.719,103.597,261.314,0.808173,-1,-1,-1
139,8,954.233,435.794,37.791,92.244,0.663355,-1,-1,-1
139,81,1003.677,446.851,34.091,80.436,0.566290,-1,-1,-1
139,6,1210.900,444.103,49.474,113.592,0.732736,-1,-1,-1
139,126,1838.004,449.535,79.834,207.265,0.309317,-1,-1,-1
140,2,695.899,429.239,112.484,337.676,0.856450,-1,-1,-1
140,4,531.119,428.390,200.225,441.949,0.911932,-1,-1,-1
140,7,807.096,451.246,102.576,261.396,0.807577,-1,-1,-1
140,8,954.327,436.061,37.904,92.891,0.602290,-1,-1,-1
140,81,1003.601,446.524,34.069,80.948,0.470599,-1,-1,-1
140,6,1210.130,444.151,49.053,113.905,0.717482,-1,-1,-1
140,126,1836.780,441.417,82.535,215.269,0.326833,-1,-1,-1
140,120,982.386,443.735,28.408,73.134,0.284418,-1,-1,-1
140,147,855.890,439.424,88.788,237.179,0.289309,-1,-1,-1
141,2,697.305,431.257,112.942,335.865,0.909189,-1,-1,-1
141,4,532.051,429.474,199.923,442.283,0.916935,-1,-1,-1
141,7,808.183,449.591,103.085,266.210,0.814802,-1,-1,-1
141,8,955.149,436.126,36.967,91.099,0.631990,-1,-1,-1
141,81,1004.492,447.487,33.326,79.558,0.561757,-1,-1,-1
141,6,1208.849,446.156,47.858,112.289,0.689937,-1,-1,-1
141,126,1835.899,438.522,83.279,218.076,0.268094,-1,-1,-1
141,120,982.359,443.535,29.080,74.977,0.313921,-1,-1,-1
142,2,698.362,431.533,114.714,337.541,0.840386,-1,-1,-1
142,4,531.161,430.125,200.568,444.150,0.912970,-1,-1,-1
142,7,809.208,448.725,103.792,271.236,0.825164,-1,-1,-1
142,8,955.757,436.425,37.190,92.127,0.688492,-1,-1,-1
142,81,1004.686,448.699,32.924,78.834,0.597162,-1,-1,-1
142,6,1207.831,447.339,46.743,110.647,0.713565,-1,-1,-1
142,126,1834.927,435.325,84.136,221.145,0.300847,-1,-1,-1
142,120,982.126,443.522,29.487,76.674,0.314876,-1,-1,-1
142,185,800.960,447.934,29.306,78.485,0.443752,-1,-1,-1
143,2,699.833,432.445,116.249,336.914,0.827154,-1,-1,-1
143,4,529.048,430.179,201.502,446.122,0.900398,-1,-1,-1
143,7,810.675,449.287,103.366,273.462,0.841511,-1,-1,-1
143,8,956.302,437.150,35.979,89.479,0.685766,-1,-1,-1
143,81,1004.008,448.625,33.204,79.593,0.596034,-1,-1,-1
143,6,1207.135,449.035,45.637,108.814,0.719456,-1,-1,-1
143,126,1836.371,441.044,82.138,215.607,0.343593,-1,-1,-1
143,120,982.439,443.548,28.819,75.504,0.299154,-1,-1,-1
143,185,801.510,449.521,30.731,82.357,0.415992,-1,-1,-1
143,188,936.909,446.388,24.916,70.377,0.369866,-1,-1,-1
143,51,1077.878,454.763,54.265,142.084,0.276490,-1,-1,-1
143,147,865.931,440.008,79.047,215.058,0.379190,-1,-1,-1
144,2,702.551,434.058,117.788,336.050,0.842022,-1,-1,-1
144,4,527.053,431.107,202.157,447.866,0.890727,-1,-1,-1
144,7,813.393,451.099,100.870,271.205,0.842982,-1,-1,-1
144,8,956.427,438.459,35.531,88.510,0.671075,-1,-1,-1
144,81,1004.124,449.501,33.152,79.370,0.541582,-1,-1,-1
144,6,1205.177,448.151,45.280,109.532,0.704684,-1,-1,-1
144,126,1839.872,448.346,79.231,208.611,0.366275,-1,-1,-1
144,120,982.338,444.735,28.322,75.626,0.270775,-1,-1,-1
144,185,800.763,449.438,34.817,93.523,0.580127,-1,-1,-1
144,188,937.005,446.440,25.241,71.338,0.352684,-1,-1,-1
144,189,1120.666,453.800,32.571,92.134,0.470687,-1,-1,-1
144,147,868.060,440.630,85.350,234.468,0.536913,-1,-1,-1
145,2,704.411,435.389,119.842,335.226,0.854815,-1,-1,-1
145,4,526.407,430.373,203.929,453.023,0.886402,-1,-1,-1
145,7,815.858,452.459,99.203,269.995,0.846200,-1,-1,-1
145,8,957.212,439.370,35.099,87.401,0.641188,-1,-1,-1
145,81,1004.414,449.789,33.027,79.295,0.487430,-1,-1,-1
145,6,1203.873,446.308,45.148,110.952,0.702777,-1,-1,-1
145,126,1840.748,452.710,77.665,204.432,0.363508,-1,-1,-1
145,185,799.525,450.211,36.806,99.123,0.450698,-1,-1,-1
145,188,937.493,446.253,25.292,71.599,0.334690,-1,-1,-1
145,189,1120.461,454.842,32.392,91.494,0.430068,-1,-1,-1
145,147,869.371,442.092,85.359,238.758,0.474250,-1,-1,-1
145,51,1079.805,450.802,53.426,141.475,0.261682,-1,-1,-1
146,2,706.409,436.394,121.902,334.696,0.860936,-1,-1,-1
146,4,522.668,429.944,206.419,459.697,0.876244,-1,-1,-1
146,7,818.156,452.731,97.507,268.302,0.839672,-1,-1,-1
146,8,957.386,439.320,35.330,88.309,0.654431,-1,-1,-1
146,81,1004.839,449.388,32.941,79.028,0.571658,-1,-1,-1
146,6,1202.963,446.873,43.533,108.431,0.710236,-1,-1,-1
146,126,1841.429,454.622,76.792,202.483,0.314732,-1,-1,-1
146,185,797.196,449.863,42.083,114.248,0.366195,-1,-1,-1
146,188,938.434,446.131,25.119,71.123,0.297668,-1,-1,-1
146,189,1122.603,456.359,31.927,90.050,0.383725,-1,-1,-1
146,147,873.688,440.227,86.223,243.572,0.708783,-1,-1,-1
146,192,502.088,446.609,39.013,112.163,0.462459,-1,-1,-1
146,120,983.503,444.976,28.154,76.329,0.281101,-1,-1,-1
147,2,708.406,437.177,124.192,336.278,0.873218,-1,-1,-1
147,4,520.049,430.672,207.004,462.266,0.878120,-1,-1,-1
147,7,820.469,453.904,96.185,266.987,0.844084,-1,-1,-1
147,8,958.245,439.658,35.118,88.150,0.646804,-1,-1,-1
147,81,1004.462,448.718,32.894,79.160,0.516914,-1,-1,-1
147,6,1201.782,446.612,42.128,106.109,0.720850,-1,-1,-1
147,185,796.087,448.480,44.122,120.289,0.299096,-1,-1,-1
147,188,939.189,445.838,24.629,69.642,0.289545,-1,-1,-1
147,189,1123.874,454.695,32.807,92.499,0.420938,-1,-1,-1
147,147,877.018,437.141,87.128,248.299,0.741638,-1,-1,-1
147,192,502.170,446.899,38.690,111.282,0.484523,-1,-1,-1
147,120,982.883,445.002,27.878,76.832,0.258892,-1,-1,-1
148,2,709.685,437.972,125.802,336.833,0.879538,-1,-1,-1
148,4,517.850,430.600,208.095,465.554,0.878182,-1,-1,-1
148,7,822.100,454.663,95.321,266.270,0.836062,-1,-1,-1
148,8,958.811,439.961,34.672,87.367,0.637052,-1,-1,-1
148,81,1004.112,448.112,33.026,79.582,0.507607,-1,-1,-1
148,6,1201.316,447.871,40.641,103.449,0.682592,-1,-1,-1
148,185,796.196,448.540,43.758,119.539,0.376103,-1,-1,-1
148,188,939.169,445.426,23.843,67.053,0.329373,-1,-1,-1
148,189,1123.295,454.686,33.204,93.119,0.429335,-1,-1,-1
148,147,879.783,436.896,86.766,248.888,0.785043,-1,-1,-1
148,192,502.887,447.150,38.550,110.929,0.408356,-1,-1,-1
149,2,712.658,440.070,126.181,335.948,0.879132,-1,-1,-1
149,4,513.522,429.937,208.708,467.688,0.884639,-1,-1,-1
149,7,824.682,456.825,94.762,265.590,0.826285,-1,-1,-1
149,8,958.995,440.087,34.562,87.407,0.582799,-1,-1,-1
149,81,1004.500,448.222,32.749,78.780,0.543438,-1,-1,-1
149,6,1200.301,447.625,40.122,102.279,0.691196,-1,-1,-1
149,185,797.992,449.677,42.586,117.205,0.521450,-1,-1,-1
149,189,1126.345,460.601,31.054,86.667,0.464393,-1,-1,-1
149,147,882.473,436.552,86.658,249.150,0.792748,-1,-1,-1
149,192,502.078,447.559,39.251,112.918,0.438407,-1,-1,-1
150,2,713.299,437.862,127.000,337.279,0.888520,-1,-1,-1
150,4,512.708,431.406,208.313,466.321,0.874245,-1,-1,-1
150,7,825.533,455.892,96.794,272.671,0.826148,-1,-1,-1
150,8,959.285,440.128,33.883,85.884,0.470171,-1,-1,-1
150,81,1004.783,448.712,32.422,78.058,0.471160,-1,-1,-1
150,6,1197.532,445.124,41.251,104.660,0.650334,-1,-1,-1
150,185,799.091,451.708,40.636,112.041,0.471419,-1,-1,-1
150,189,1126.823,461.465,30.884,85.697,0.467093,-1,-1,-1
150,147,885.845,436.415,86.877,249.132,0.788694,-1,-1,-1
150,192,501.188,449.583,39.263,112.431,0.538870,-1,-1,-1
150,200,551.299,448.519,31.122,83.302,0.434695,-1,-1,-1
151,2,715.450,436.632,127.716,338.115,0.888438,-1,-1,-1
151,4,508.440,432.583,208.302,465.024,0.869043,-1,-1,-1
151,7,826.354,454.781,98.244,277.324,0.829042,-1,-1,-1
151,8,959.693,440.363,33.442,84.761,0.488007,-1,-1,-1
151,81,1004.683,449.051,32.465,78.328,0.461031,-1,-1,-1
151,6,1196.313,444.596,41.517,104.826,0.630523,-1,-1,-1
151,185,797.608,451.557,40.364,111.079,0.419665,-1,-1,-1
151,189,1127.214,459.839,31.935,88.302,0.509924,-1,-1,-1
151,147,888.540,437.495,86.573,247.117,0.794010,-1,-1,-1
151,192,500.148,451.801,39.045,111.425,0.589640,-1,-1,-1
151,200,550.884,448.553,30.446,81.308,0.454546,-1,-1,-1
151,201,471.303,465.211,45.153,111.659,0.390283,-1,-1,-1
151,51,1080.688,452.570,52.217,137.554,0.292401,-1,-1,-1
152,2,717.378,434.633,128.350,339.637,0.897537,-1,-1,-1
152,4,503.742,428.071,211.254,469.435,0.860194,-1,-1,-1
152,7,828.911,454.865,98.337,277.216,0.823458,-1,-1,-1
152,8,959.445,440.135,33.368,84.456,0.515978,-1,-1,-1
152,81,1003.809,447.740,32.843,79.592,0.488274,-1,-1,-1
152,6,1194.442,443.690,42.099,105.698,0.694759,-1,-1,-1
152,189,1128.181,457.071,32.880,90.289,0.576207,-1,-1,-1
152,147,889.895,434.541,87.085,249.669,0.805654,-1,-1,-1
152,192,499.975,451.463,39.743,113.069,0.548429,-1,-1,-1
152,200,550.667,447.261,30.509,81.225,0.442373,-1,-1,-1
152,51,1083.413,452.906,48.768,125.336,0.321027,-1,-1,-1
153,2,717.623,432.747,129.240,342.367,0.867164,-1,-1,-1
153,4,502.255,427.156,210.784,470.039,0.868931,-1,-1,-1
153,7,827.998,452.352,100.664,283.424,0.849503,-1,-1,-1
153,8,960.204,440.060,33.993,85.869,0.598919,-1,-1,-1
153,81,1002.995,447.731,32.978,80.019,0.475412,-1,-1,-1
153,6,1192.956,444.299,42.044,105.036,0.735535,-1,-1,-1
153,189,1128.913,455.978,33.492,91.324,0.644399,-1,-1,-1
153,147,892.284,436.258,86.738,248.503,0.801890,-1,-1,-1
153,192,501.577,450.940,40.142,113.645,0.543095,-1,-1,-1
153,200,551.044,446.544,30.269,80.041,0.344434,-1,-1,-1
153,51,1081.322,449.699,51.312,132.136,0.293854,-1,-1,-1
153,202,650.830,447.980,83.014,339.763,0.498588,-1,-1,-1
154,2,718.493,432.161,129.631,344.001,0.864473,-1,-1,-1
154,4,502.397,425.541,210.650,471.750,0.869528,-1,-1,-1
154,7,828.160,452.129,101.161,284.877,0.853067,-1,-1,-1
154,8,959.518,440.813,34.058,85.800,0.552846,-1,-1,-1
154,81,1002.658,447.874,32.551,79.053,0.472295,-1,-1,-1
154,6,1192.434,444.719,42.096,104.698,0.722144,-1,-1,-1
154,189,1128.258,453.323,34.620,94.004,0.623978,-1,-1,-1
154,147,893.433,436.694,86.216,248.033,0.815892,-1,-1,-1
154,192,501.506,449.949,41.035,115.426,0.557030,-1,-1,-1
154,200,551.530,446.596,29.164,76.360,0.294867,-1,-1,-1
154,202,654.848,446.158,82.576,337.667,0.661914,-1,-1,-1
155,2,720.532,431.383,129.556,345.129,0.859996,-1,-1,-1
155,4,501.188,424.936,210.668,472.883,0.860840,-1,-1,-1
155,7,828.864,449.458,102.197,288.271,0.887441,-1,-1,-1
155,8,959.918,441.084,33.427,83.486,0.534286,-1,-1,-1
155,81,1002.388,448.630,32.360,78.833,0.484603,-1,-1,-1
155,6,1191.836,446.412,41.941,103.587,0.706361,-1,-1,-1
155,189,1129.296,452.723,34.870,94.029,0.647795,-1,-1,-1
155,147,894.355,436.857,85.482,247.542,0.833204,-1,-1,-1
155,192,501.958,446.295,43.180,120.778,0.466015,-1,-1,-1
155,200,552.187,445.772,28.592,73.868,0.276092,-1,-1,-1
155,202,655.411,445.281,83.456,340.280,0.724213,-1,-1,-1
156,2,721.846,430.604,129.465,346.117,0.857982,-1,-1,-1
156,4,495.980,423.649,211.467,473.973,0.844069,-1,-1,-1
156,7,829.781,449.578,101.246,286.742,0.859619,-1,-1,-1
156,8,960.324,441.145,33.136,81.972,0.474026,-1,-1,-1
156,81,1002.423,449.613,31.981,78.194,0.483925,-1,-1,-1
156,6,1190.372,446.639,42.503,104.197,0.716091,-1,-1,-1
156,189,1130.309,452.666,34.979,93.928,0.666410,-1,-1,-1
156,147,894.103,436.226,85.615,249.497,0.809186,-1,-1,-1
156,192,501.545,445.480,43.655,121.830,0.282389,-1,-1,-1
156,202,654.982,441.209,85.270,346.855,0.798020,-1,-1,-1
157,2,723.586,430.077,129.547,347.319,0.861333,-1,-1,-1
157,4,493.644,423.423,211.716,473.485,0.850113,-1,-1,-1
157,7,832.681,451.333,100.135,284.685,0.906812,-1,-1,-1
157,8,961.039,441.653,31.656,76.940,0.353168,-1,-1,-1
157,81,1001.918,449.909,31.679,77.997,0.539342,-1,-1,-1
157,6,1189.548,448.719,42.126,102.796,0.690574,-1,-1,-1
157,189,1131.629,453.426,34.900,93.176,0.692439,-1,-1,-1
157,147,895.474,435.765,86.570,253.581,0.786408,-1,-1,-1
157,192,502.197,445.536,43.540,120.773,0.267942,-1,-1,-1
157,202,655.862,441.607,85.867,347.761,0.808575,-1,-1,-1
158,2,726.374,429.666,130.153,348.775,0.872801,-1,-1,-1
158,4,493.664,422.090,211.730,473.535,0.859674,-1,-1,-1
158,7,835.831,449.586,99.929,285.773,0.874009,-1,-1,-1
158,81,1001.540,448.012,32.149,79.363,0.405710,-1,-1,-1
158,6,1188.339,448.954,41.927,102.716,0.587783,-1,-1,-1
158,189,1132.087,453.229,35.306,93.906,0.668956,-1,-1,-1
158,147,897.928,434.596,87.790,257.876,0.775578,-1,-1,-1
158,192,501.557,444.466,44.805,123.008,0.346091,-1,-1,-1
158,202,656.943,441.991,86.439,348.277,0.788102,-1,-1,-1
159,2,729.303,429.940,129.723,348.038,0.869936,-1,-1,-1
159,4,491.123,421.493,212.337,474.083,0.854690,-1,-1,-1
159,7,837.574,448.876,99.626,286.724,0.847906,-1,-1,-1
159,81,1001.612,448.119,32.030,79.094,0.430118,-1,-1,-1
159,6,1186.785,449.049,40.967,101.263,0.651473,-1,-1,-1
159,189,1132.027,452.062,35.724,94.996,0.642081,-1,-1,-1
159,147,901.582,435.352,87.805,256.977,0.811524,-1,-1,-1
159,192,501.312,442.661,46.428,125.709,0.286375,-1,-1,-1
159,202,659.868,443.795,86.772,346.734,0.777442,-1,-1,-1
160,2,731.431,430.149,129.643,348.388,0.859253,-1,-1,-1
160,4,492.057,422.061,211.772,472.686,0.842811,-1,-1,-1
160,7,838.803,449.527,98.346,284.784,0.856885,-1,-1,-1
160,81,1001.321,448.597,31.707,78.264,0.482303,-1,-1,-1
160,6,1185.904,449.074,40.292,100.327,0.580311,-1,-1,-1
160,189,1133.061,451.613,36.208,96.168,0.637317,-1,-1,-1
160,147,905.443,437.573,87.427,255.060,0.816059,-1,-1,-1
160,202,660.354,443.944,87.797,348.483,0.775447,-1,-1,-1
161,2,734.463,429.532,129.453,348.325,0.855956,-1,-1,-1
161,4,492.616,422.829,212.066,472.146,0.851050,-1,-1,-1
161,7,841.406,448.942,98.126,285.759,0.849908,-1,-1,-1
161,81,1000.813,448.691,31.762,78.485,0.534914,-1,-1,-1
161,6,1185.924,454.279,37.360,92.974,0.477639,-1,-1,-1
161,189,1133.652,450.131,37.086,98.306,0.624534,-1,-1,-1
161,147,909.454,439.356,88.091,255.400,0.816990,-1,-1,-1
161,202,661.405,443.337,89.741,352.557,0.773141,-1,-1,-1
162,2,737.274,430.801,129.951,350.375,0.846410,-1,-1,-1
162,4,490.152,423.008,213.320,471.901,0.856713,-1,-1,-1
162,7,843.429,447.680,98.700,289.377,0.830406,-1,-1,-1
162,81,1000.359,448.609,31.543,78.039,0.596051,-1,-1,-1
162,6,1185.072,455.924,36.211,90.666,0.621381,-1,-1,-1
162,189,1134.642,448.855,37.732,99.655,0.624733,-1,-1,-1
162,147,912.650,439.870,89.257,257.725,0.804292,-1,-1,-1
162,202,659.337,443.872,91.562,358.800,0.772586,-1,-1,-1
162,192,498.765,444.596,46.555,123.025,0.275809,-1,-1,-1
163,2,739.778,431.183,128.776,349.448,0.852907,-1,-1,-1
163,4,492.492,421.340,214.711,474.975,0.861111,-1,-1,-1
163,7,846.999,448.346,97.801,287.391,0.830494,-1,-1,-1
163,81,999.713,447.046,31.918,79.089,0.584418,-1,-1,-1
163,6,1183.344,451.058,38.373,97.340,0.717158,-1,-1,-1
163,189,1135.916,447.576,38.423,100.759,0.637816,-1,-1,-1
163,147,915.657,441.056,89.002,257.103,0.794790,-1,-1,-1
163,202,660.352,443.638,92.337,360.457,0.746077,-1,-1,-1
163,192,501.725,442.060,47.165,124.680,0.269729,-1,-1,-1
163,126,1841.253,460.404,75.194,197.505,0.294559,-1,-1,-1
163,51,1073.463,450.256,57.753,149.250,0.324876,-1,-1,-1
164,2,741.422,431.605,128.143,350.111,0.856050,-1,-1,-1
164,4,494.383,422.026,216.387,478.122,0.860675,-1,-1,-1
164,7,851.474,447.652,99.123,289.548,0.838939,-1,-1,-1
164,81,999.550,445.741,32.217,80.063,0.547266,-1,-1,-1
164,6,1181.766,448.039,38.864,99.879,0.643758,-1,-1,-1
164,189,1137.048,444.681,40.109,104.802,0.648631,-1,-1,-1
164,147,918.671,441.909,88.660,256.732,0.783979,-1,-1,-1
164,202,661.462,440.840,95.636,371.136,0.750050,-1,-1,-1
164,192,502.198,441.218,46.850,123.150,0.326493,-1,-1,-1
164,126,1840.871,460.389,75.324,197.439,0.250365,-1,-1,-1
164,51,1073.178,448.554,58.402,151.707,0.313443,-1,-1,-1
165,2,743.328,431.473,128.151,352.454,0.853102,-1,-1,-1
165,4,495.032,422.268,217.609,478.889,0.863787,-1,-1,-1
165,7,856.942,448.911,100.550,288.240,0.810648,-1,-1,-1
165,81,999.292,444.639,32.799,81.818,0.541611,-1,-1,-1
165,6,1180.875,449.161,38.381,99.077,0.650984,-1,-1,-1
165,189,1137.325,446.195,39.401,103.001,0.589920,-1,-1,-1
165,147,921.042,442.558,88.895,258.588,0.766152,-1,-1,-1
165,202,663.784,438.636,96.752,372.141,0.798325,-1,-1,-1
165,192,506.222,442.622,45.572,120.846,0.346737,-1,-1,-1
165,51,1071.802,445.219,59.417,154.521,0.388222,-1,-1,-1
166,2,745.480,432.042,128.276,354.604,0.856593,-1,-1,-1
166,4,498.011,422.130,220.265,482.185,0.862659,-1,-1,-1
166,7,863.577,450.451,101.829,285.889,0.861474,-1,-1,-1
166,81,999.504,445.975,32.531,81.349,0.648884,-1,-1,-1
166,6,1180.345,450.416,38.037,98.484,0.623383,-1,-1,-1
166,189,1138.355,448.439,38.440,100.281,0.587981,-1,-1,-1
166,147,923.477,441.071,89.846,261.393,0.842969,-1,-1,-1
166,202,664.564,437.149,97.743,373.594,0.803818,-1,-1,-1
166,192,504.656,446.417,44.908,118.068,0.288435,-1,-1,-1
166,51,1072.796,444.985,59.651,154.329,0.398395,-1,-1,-1
166,126,1840.416,462.069,75.146,196.266,0.319226,-1,-1,-1
167,2,748.085,431.998,128.526,357.063,0.866005,-1,-1,-1
167,4,499.943,422.007,223.245,483.509,0.868597,-1,-1,-1
167,7,867.820,450.133,104.781,288.012,0.854974,-1,-1,-1
167,81,998.935,446.510,32.862,82.609,0.524214,-1,-1,-1
167,6,1180.016,452.603,37.289,96.410,0.617916,-1,-1,-1
167,189,1139.502,449.653,37.929,98.778,0.651019,-1,-1,-1
167,147,925.411,438.266,89.657,263.291,0.812655,-1,-1,-1
167,202,664.963,436.950,98.791,374.476,0.823814,-1,-1,-1
167,51,1073.136,445.061,59.713,154.048,0.401386,-1,-1,-1
167,126,1840.429,462.541,75.208,195.780,0.303574,-1,-1,-1
168,2,749.871,432.482,128.278,358.626,0.870684,-1,-1,-1
168,4,507.169,424.134,223.278,479.988,0.856585,-1,-1,-1
168,7,870.607,449.884,107.482,289.831,0.868602,-1,-1,-1
168,81,998.982,446.648,32.236,81.531,0.429610,-1,-1,-1
168,6,1181.904,456.318,35.428,91.872,0.537451,-1,-1,-1
168,189,1141.972,448.683,38.545,99.599,0.677055,-1,-1,-1
168,147,927.580,437.351,88.449,261.521,0.822583,-1,-1,-1
168,202,664.382,437.437,99.453,374.562,0.816011,-1,-1,-1
168,51,1072.431,451.186,57.959,148.482,0.278781,-1,-1,-1
168,126,1841.134,463.384,75.122,195.199,0.297783,-1,-1,-1
169,2,751.273,433.299,127.668,359.164,0.867252,-1,-1,-1
169,4,510.541,423.272,226.338,480.821,0.842593,-1,-1,-1
169,7,871.966,450.398,109.594,290.187,0.848528,-1,-1,-1
169,81,998.314,446.050,32.771,83.799,0.445712,-1,-1,-1
169,6,1180.018,458.068,34.519,89.577,0.453933,-1,-1,-1
169,189,1143.474,449.452,38.129,98.152,0.623084,-1,-1,-1
169,147,930.764,436.476,87.758,261.071,0.806430,-1,-1,-1
169,202,664.031,438.875,99.828,373.886,0.807925,-1,-1,-1
169,126,1840.354,464.477,75.016,193.797,0.330617,-1,-1,-1
169,192,508.191,450.390,43.040,114.245,0.285823,-1,-1,-1
170,2,752.179,433.763,127.453,359.549,0.869411,-1,-1,-1
170,4,512.844,422.979,231.453,483.577,0.860594,-1,-1,-1
170,7,872.911,448.632,112.523,292.992,0.851492,-1,-1,-1
170,81,997.923,445.537,33.469,86.692,0.427029,-1,-1,-1
170,6,1182.386,456.422,34.882,91.382,0.463800,-1,-1,-1
170,189,1145.540,449.958,38.251,97.297,0.620837,-1,-1,-1
170,147,932.472,435.896,87.199,259.804,0.802441,-1,-1,-1
170,202,664.817,441.463,99.640,373.512,0.769900,-1,-1,-1
170,192,508.804,450.525,42.869,114.753,0.286570,-1,-1,-1
171,2,753.328,433.557,127.102,360.012,0.860538,-1,-1,-1
171,4,513.694,422.337,236.154,485.136,0.869452,-1,-1,-1
171,7,873.692,446.851,115.065,295.449,0.816505,-1,-1,-1
171,6,1184.559,459.872,33.377,87.849,0.365987,-1,-1,-1
171,189,1146.302,450.637,38.400,96.653,0.567861,-1,-1,-1
171,147,939.836,435.138,86.953,260.393,0.831529,-1,-1,-1
171,202,665.912,443.672,99.516,372.577,0.777905,-1,-1,-1
171,192,509.770,450.065,42.322,114.145,0.415552,-1,-1,-1
172,2,756.026,434.844,126.305,358.495,0.853023,-1,-1,-1
172,4,511.564,422.939,241.319,486.733,0.877039,-1,-1,-1
172,7,874.347,445.924,116.263,296.520,0.859759,-1,-1,-1
172,6,1183.864,454.959,34.733,91.992,0.300383,-1,-1,-1
172,189,1146.579,450.982,38.394,96.093,0.596320,-1,-1,-1
172,147,944.045,435.170,86.490,259.811,0.823472,-1,-1,-1
172,202,668.452,441.398,99.679,373.433,0.771599,-1,-1,-1
172,192,510.289,451.521,41.272,112.002,0.373580,-1,-1,-1
172,51,1072.963,451.502,57.899,147.966,0.341427,-1,-1,-1
172,126,1839.006,462.732,75.992,195.475,0.302462,-1,-1,-1
173,2,759.132,436.404,125.188,356.811,0.850639,-1,-1,-1
173,4,512.564,424.450,244.588,486.562,0.878708,-1,-1,-1
173,7,874.108,445.809,116.789,297.014,0.857506,-1,-1,-1
173,189,1145.971,452.917,37.508,94.071,0.599272,-1,-1,-1
173,147,945.467,433.160,86.093,259.492,0.813189,-1,-1,-1
173,202,670.968,441.610,99.214,371.851,0.733439,-1,-1,-1
173,192,510.630,452.497,40.331,110.225,0.420896,-1,-1,-1
173,51,1073.421,451.358,57.851,147.943,0.393901,-1,-1,-1
174,2,761.811,435.611,125.841,359.484,0.863611,-1,-1,-1
174,4,512.304,424.712,248.860,488.466,0.888684,-1,-1,-1
174,7,873.763,446.243,117.235,296.542,0.888929,-1,-1,-1
174,189,1145.513,454.549,36.934,93.087,0.635592,-1,-1,-1
174,147,948.733,432.965,86.796,262.064,0.810718,-1,-1,-1
174,202,672.543,442.748,98.609,369.867,0.645011,-1,-1,-1
174,192,510.554,452.432,40.089,110.013,0.409136,-1,-1,-1
174,51,1073.198,452.526,57.470,146.535,0.360833,-1,-1,-1
174,6,1173.334,451.073,36.914,97.074,0.418879,-1,-1,-1
174,126,1839.322,461.780,76.498,196.226,0.262550,-1,-1,-1
175,2,763.303,434.617,127.352,365.355,0.856234,-1,-1,-1
175,4,515.656,422.594,252.279,491.458,0.889820,-1,-1,-1
175,7,875.254,448.097,116.856,294.702,0.874570,-1,-1,-1
175,189,1146.555,452.476,37.721,95.813,0.413564,-1,-1,-1
175,147,954.696,433.169,87.588,263.259,0.813611,-1,-1,-1
175,202,675.362,445.395,97.822,366.952,0.469774,-1,-1,-1
175,192,510.550,451.999,40.299,110.661,0.472021,-1,-1,-1
175,51,1072.603,450.119,58.328,149.103,0.314465,-1,-1,-1
175,6,1169.306,448.678,38.231,100.066,0.374333,-1,-1,-1
175,126,1839.174,460.883,76.988,197.082,0.289604,-1,-1,-1
176,2,764.769,435.521,127.522,367.233,0.839901,-1,-1,-1
176,4,515.647,422.840,253.975,493.793,0.898407,-1,-1,-1
176,7,875.968,447.152,118.006,296.973,0.870274,-1,-1,-1
176,147,956.996,434.158,88.119,263.098,0.843342,-1,-1,-1
176,192,510.430,451.844,39.687,109.095,0.409995,-1,-1,-1
176,51,1073.262,446.482,59.258,152.744,0.359919,-1,-1,-1
176,6,1168.006,449.468,38.497,100.148,0.397352,-1,-1,-1
176,126,1838.751,460.218,77.699,198.608,0.261636,-1,-1,-1
176,224,547.491,447.950,34.633,85.998,0.342909,-1,-1,-1
177,2,768.984,436.014,127.890,369.101,0.878631,-1,-1,-1
177,4,517.069,423.260,254.593,494.153,0.909018,-1,-1,-1
177,7,877.014,446.524,118.576,298.062,0.878600,-1,-1,-1
177,147,962.758,433.316,90.047,265.708,0.800057,-1,-1,-1
177,192,510.882,451.088,39.964,109.853,0.409253,-1,-1,-1
177,6,1165.236,447.410,40.006,103.055,0.336142,-1,-1,-1
177,126,1838.571,461.080,77.516,198.177,0.296129,-1,-1,-1
177,224,547.629,447.873,34.377,85.404,0.308022,-1,-1,-1
178,2,771.583,436.714,127.343,369.327,0.876460,-1,-1,-1
178,4,520.085,425.489,252.330,492.071,0.898241,-1,-1,-1
178,7,878.421,446.893,118.573,297.627,0.881393,-1,-1,-1
178,147,966.397,430.881,93.612,269.235,0.836456,-1,-1,-1
178,192,511.360,449.466,41.034,112.356,0.391732,-1,-1,-1
178,6,1159.284,447.776,40.950,102.851,0.367720,-1,-1,-1
178,224,549.046,447.705,34.299,85.351,0.296137,-1,-1,-1
178,225,567.977,449.383,57.059,100.369,0.419729,-1,-1,-1
179,2,772.310,436.333,126.795,369.624,0.859610,-1,-1,-1
179,4,520.805,423.339,252.852,494.867,0.881317,-1,-1,-1
179,7,880.104,447.428,118.592,297.547,0.855255,-1,-1,-1
179,147,969.852,431.972,95.989,269.656,0.822290,-1,-1,-1
179,192,511.518,450.771,40.794,111.167,0.481192,-1,-1,-1
179,6,1157.091,447.364,41.728,103.399,0.413451,-1,-1,-1
179,224,548.539,446.576,34.549,86.207,0.368983,-1,-1,-1
179,225,566.132,451.601,61.157,107.899,0.543245,-1,-1,-1
179,201,474.926,454.408,46.291,117.386,0.295532,-1,-1,-1
180,2,774.981,435.731,126.076,367.631,0.866180,-1,-1,-1
180,4,523.551,421.082,253.235,497.228,0.882854,-1,-1,-1
180,7,884.121,447.045,118.478,298.676,0.852314,-1,-1,-1
180,147,972.687,435.269,97.473,268.047,0.772684,-1,-1,-1
180,192,511.060,451.470,40.725,110.458,0.535616,-1,-1,-1
180,6,1156.893,452.992,39.797,97.561,0.424835,-1,-1,-1
180,224,548.427,446.329,34.071,85.453,0.327527,-1,-1,-1
180,225,564.758,454.876,62.040,110.095,0.541262,-1,-1,-1
180,226,459.481,450.302,51.348,130.843,0.340838,-1,-1,-1
181,2,774.404,435.126,126.054,368.582,0.850840,-1,-1,-1
181,4,526.915,420.878,252.075,497.076,0.856873,-1,-1,-1
181,7,891.522,446.758,117.134,298.261,0.880819,-1,-1,-1
181,147,973.133,436.442,99.364,270.056,0.775671,-1,-1,-1
181,192,510.709,452.374,40.390,109.341,0.536550,-1,-1,-1
181,6,1155.223,450.839,40.593,99.381,0.522858,-1,-1,-1
181,224,549.177,446.514,33.023,83.111,0.331033,-1,-1,-1
181,225,565.564,459.505,60.318,107.754,0.567307,-1,-1,-1
181,226,460.345,453.287,50.050,127.682,0.251609,-1,-1,-1
182,2,776.493,433.898,127.897,372.225,0.845974,-1,-1,-1
182,4,530.602,420.542,251.530,498.105,0.859324,-1,-1,-1
182,7,897.421,449.120,115.130,297.442,0.877237,-1,-1,-1
182,147,973.923,437.075,101.131,273.749,0.780018,-1,-1,-1
182,192,510.508,451.032,40.944,110.833,0.538912,-1,-1,-1
182,6,1154.939,451.535,39.958,98.114,0.452911,-1,-1,-1
182,224,549.152,445.513,33.549,84.615,0.407933,-1,-1,-1
182,225,564.803,459.986,62.549,112.607,0.618624,-1,-1,-1
183,2,779.782,432.954,128.540,373.284,0.862874,-1,-1,-1
183,4,536.248,420.693,249.987,498.674,0.854894,-1,-1,-1
183,7,902.744,448.111,114.100,298.233,0.856793,-1,-1,-1
183,147,975.893,437.012,101.691,275.427,0.753759,-1,-1,-1
183,192,509.901,451.040,41.039,111.303,0.557383,-1,-1,-1
183,6,1155.081,455.057,38.602,94.729,0.437099,-1,-1,-1
183,224,550.100,445.556,32.353,81.551,0.418425,-1,-1,-1
183,225,560.126,458.929,72.656,132.571,0.680849,-1,-1,-1
184,2,781.821,432.219,129.015,374.412,0.860252,-1,-1,-1
184,4,535.589,420.458,250.214,500.035,0.866816,-1,-1,-1
184,7,906.927,444.944,113.350,300.264,0.834647,-1,-1,-1
184,147,977.841,435.888,102.403,278.539,0.747384,-1,-1,-1
184,192,509.490,451.321,41.070,111.663,0.545238,-1,-1,-1
184,6,1155.112,456.847,38.099,93.266,0.566270,-1,-1,-1
184,224,550.963,445.879,31.606,79.696,0.415968,-1,-1,-1
184,225,559.378,460.038,74.825,138.589,0.723570,-1,-1,-1
185,2,782.985,431.765,129.294,374.628,0.856436,-1,-1,-1
185,4,538.309,419.732,250.254,501.799,0.844428,-1,-1,-1
185,7,911.090,446.312,112.839,302.976,0.811203,-1,-1,-1
185,147,981.618,436.084,101.817,279.034,0.794234,-1,-1,-1
185,192,509.627,451.433,40.913,111.538,0.542996,-1,-1,-1
185,6,1155.063,458.719,37.500,91.028,0.384651,-1,-1,-1
185,224,551.807,447.705,30.398,76.680,0.368984,-1,-1,-1
185,225,556.878,457.679,81.714,154.245,0.788098,-1,-1,-1
186,2,785.599,431.286,129.662,374.929,0.821087,-1,-1,-1
186,4,552.876,419.161,246.816,500.846,0.832556,-1,-1,-1
186,7,914.916,446.714,114.394,312.075,0.830524,-1,-1,-1
186,147,985.058,432.770,101.110,280.263,0.834196,-1,-1,-1
186,192,509.267,450.359,41.183,112.915,0.607618,-1,-1,-1
186,6,1154.982,455.280,39.103,93.962,0.575240,-1,-1,-1
186,224,552.099,448.083,30.355,76.537,0.370137,-1,-1,-1
186,225,556.346,459.295,83.022,159.417,0.821267,-1,-1,-1
187,2,787.741,431.457,129.827,375.803,0.838915,-1,-1,-1
187,4,560.245,418.880,245.860,505.491,0.821485,-1,-1,-1
187,7,919.106,448.783,113.318,312.819,0.849562,-1,-1,-1
187,147,989.874,434.137,98.247,274.194,0.798992,-1,-1,-1
187,192,509.306,449.556,41.222,113.729,0.615272,-1,-1,-1
187,6,1154.680,453.300,40.764,96.186,0.538536,-1,-1,-1
187,224,551.589,448.231,30.517,76.789,0.381307,-1,-1,-1
187,225,557.327,458.340,82.970,162.297,0.817855,-1,-1,-1
187,201,473.949,454.810,45.410,118.644,0.251115,-1,-1,-1
188,2,789.228,431.674,129.796,375.940,0.838008,-1,-1,-1
188,4,565.856,418.706,245.391,510.675,0.838131,-1,-1,-1
188,7,924.555,447.118,111.247,310.041,0.876631,-1,-1,-1
188,147,992.380,435.330,97.420,274.948,0.870579,-1,-1,-1
188,192,510.562,451.199,40.406,111.891,0.637379,-1,-1,-1
188,6,1154.123,452.959,41.334,96.431,0.459235,-1,-1,-1
188,224,551.263,449.301,30.045,75.563,0.419196,-1,-1,-1
188,225,558.194,456.238,83.613,166.234,0.841663,-1,-1,-1
188,201,476.187,455.589,43.406,115.242,0.309111,-1,-1,-1
189,2,791.290,431.984,130.306,377.497,0.867140,-1,-1,-1
189,4,564.102,418.062,246.622,516.970,0.863735,-1,-1,-1
189,7,930.139,446.531,111.171,310.140,0.837954,-1,-1,-1
189,147,994.328,434.274,97.176,277.612,0.872254,-1,-1,-1
189,192,511.312,453.032,39.673,110.214,0.633823,-1,-1,-1
189,6,1153.262,448.573,44.019,101.705,0.491569,-1,-1,-1
189,224,550.983,451.750,29.092,73.270,0.326407,-1,-1,-1
189,225,559.036,455.804,82.937,167.500,0.833377,-1,-1,-1
189,201,474.985,459.009,42.979,115.098,0.258563,-1,-1,-1
189,230,1100.369,442.958,34.005,96.711,0.419982,-1,-1,-1
189,51,1066.587,457.257,55.302,141.619,0.325461,-1,-1,-1
189,226,462.052,464.736,45.171,116.279,0.294606,-1,-1,-1
190,2,794.514,431.330,130.429,378.330,0.868841,-1,-1,-1
190,4,564.672,417.350,248.018,525.245,0.870371,-1,-1,-1
190,7,938.677,450.255,110.727,306.580,0.845063,-1,-1,-1
190,147,997.107,433.550,96.557,278.690,0.795613,-1,-1,-1
190,192,510.866,453.083,39.928,110.983,0.608336,-1,-1,-1
190,6,1152.135,452.594,42.887,97.593,0.387141,-1,-1,-1
190,224,550.909,453.566,29.016,73.120,0.374314,-1,-1,-1
190,225,559.775,456.449,80.931,165.855,0.827446,-1,-1,-1
190,230,1098.794,443.988,35.165,99.990,0.402013,-1,-1,-1
190,51,1067.816,454.464,56.401,144.357,0.388075,-1,-1,-1
191,2,797.643,430.605,130.470,378.447,0.883146,-1,-1,-1
191,4,567.801,418.282,246.717,527.179,0.838304,-1,-1,-1
191,7,944.368,451.899,111.078,305.114,0.828631,-1,-1,-1
191,147,1000.114,432.655,96.180,279.079,0.757429,-1,-1,-1
191,192,510.922,454.469,39.435,109.791,0.578460,-1,-1,-1
191,6,1150.388,456.509,41.502,93.772,0.313566,-1,-1,-1
191,224,551.760,454.331,28.760,72.635,0.340532,-1,-1,-1
191,225,559.390,456.693,79.724,165.412,0.850422,-1,-1,-1
191,230,1096.024,440.848,37.955,107.979,0.489662,-1,-1,-1
191,201,483.366,460.705,36.705,99.428,0.377389,-1,-1,-1
192,2,799.842,430.625,130.086,377.196,0.888660,-1,-1,-1
192,4,567.980,418.706,248.894,536.743,0.840127,-1,-1,-1
192,7,945.817,449.872,113.211,309.836,0.843917,-1,-1,-1
192,147,1003.345,433.983,95.126,277.529,0.751133,-1,-1,-1
192,192,510.233,453.809,39.639,110.461,0.587703,-1,-1,-1
192,6,1149.648,459.951,40.007,90.017,0.297880,-1,-1,-1
192,224,551.757,454.869,28.695,72.543,0.369568,-1,-1,-1
192,225,559.968,456.531,79.364,166.506,0.857822,-1,-1,-1
192,230,1095.280,441.422,37.878,107.792,0.367170,-1,-1,-1
192,201,485.374,460.853,35.429,96.867,0.408636,-1,-1,-1
193,2,801.519,430.606,129.330,374.670,0.891435,-1,-1,-1
193,4,574.113,418.684,249.092,543.963,0.819241,-1,-1,-1
193,7,947.116,447.033,114.416,312.110,0.814513,-1,-1,-1
193,147,1010.855,435.913,94.690,275.334,0.750818,-1,-1,-1
193,192,509.875,453.059,39.957,111.404,0.639464,-1,-1,-1
193,6,1147.428,459.379,39.986,90.533,0.367416,-1,-1,-1
193,224,551.660,454.035,29.399,74.514,0.365141,-1,-1,-1
193,225,561.053,455.950,78.467,166.541,0.860148,-1,-1,-1
193,230,1096.215,442.731,37.181,106.046,0.357132,-1,-1,-1
193,201,485.067,462.063,35.957,99.757,0.448117,-1,-1,-1
194,2,803.180,431.199,129.756,375.425,0.888089,-1,-1,-1
194,4,585.972,417.915,246.061,550.108,0.817770,-1,-1,-1
194,7,948.008,446.134,114.807,312.333,0.844975,-1,-1,-1
194,147,1015.904,432.713,96.630,280.927,0.773129,-1,-1,-1
194,192,509.448,454.092,39.577,110.261,0.657276,-1,-1,-1
194,6,1145.273,458.950,39.717,90.927,0.480498,-1,-1,-1
194,224,551.446,453.420,30.399,77.351,0.398076,-1,-1,-1
194,225,561.169,455.596,77.613,166.235,0.864539,-1,-1,-1
194,230,1096.766,442.836,37.104,105.950,0.415181,-1,-1,-1
194,201,484.766,463.548,35.622,100.121,0.435922,-1,-1,-1
194,233,1167.986,452.969,39.344,97.091,0.456998,-1,-1,-1
195,2,806.270,430.816,130.257,376.570,0.873715,-1,-1,-1
195,4,586.314,416.979,243.917,553.676,0.840655,-1,-1,-1
195,7,949.455,448.096,115.058,311.453,0.851780,-1,-1,-1
195,147,1021.342,432.545,98.527,285.091,0.847665,-1,-1,-1
195,192,509.072,454.723,39.726,110.262,0.676899,-1,-1,-1
195,6,1144.137,458.242,39.912,92.050,0.553285,-1,-1,-1
195,224,550.961,452.696,31.675,80.837,0.391885,-1,-1,-1
195,225,561.586,455.439,77.151,166.657,0.867337,-1,-1,-1
195,230,1096.197,443.226,37.149,106.221,0.360162,-1,-1,-1
195,201,485.372,464.298,34.558,98.147,0.363237,-1,-1,-1
195,233,1171.304,452.162,39.859,98.345,0.551340,-1,-1,-1
195,226,457.949,468.902,40.937,106.752,0.296603,-1,-1,-1
196,2,809.628,430.460,132.944,381.008,0.879174,-1,-1,-1
196,4,589.134,416.742,240.887,553.807,0.840705,-1,-1,-1
196,7,948.855,445.724,116.645,313.548,0.837270,-1,-1,-1
196,147,1023.546,431.262,100.198,289.013,0.822131,-1,-1,-1
196,192,509.336,455.755,39.671,109.496,0.692603,-1,-1,-1
196,6,1143.028,458.273,39.692,92.493,0.564848,-1,-1,-1
196,224,551.483,451.199,32.612,83.539,0.276671,-1,-1,-1
196,225,562.288,454.901,76.690,166.825,0.864147,-1,-1,-1
196,201,485.421,464.111,34.670,99.793,0.394082,-1,-1,-1
196,233,1168.413,451.199,40.116,99.160,0.488070,-1,-1,-1
196,226,457.070,470.333,40.554,106.282,0.453057,-1,-1,-1
197,2,815.264,431.780,134.751,381.247,0.877248,-1,-1,-1
197,4,591.408,417.813,238.432,556.097,0.847830,-1,-1,-1
197,7,949.670,445.697,118.513,315.800,0.815732,-1,-1,-1
197,147,1026.690,432.405,99.643,286.270,0.806274,-1,-1,-1
197,192,510.643,457.528,39.270,107.457,0.685330,-1,-1,-1
197,6,1142.971,459.847,38.680,90.768,0.544480,-1,-1,-1
197,224,553.130,450.399,32.086,82.342,0.258181,-1,-1,-1
197,225,562.551,454.242,76.560,167.676,0.827169,-1,-1,-1
197,201,485.503,462.745,34.340,99.739,0.493456,-1,-1,-1
197,233,1173.853,452.809,38.944,96.541,0.428504,-1,-1,-1
197,226,456.326,468.624,40.231,106.518,0.407697,-1,-1,-1
197,230,1097.799,444.904,35.595,102.075,0.254461,-1,-1,-1
198,2,820.439,432.647,137.131,381.577,0.867374,-1,-1,-1
198,4,600.235,420.150,234.014,554.200,0.847598,-1,-1,-1
198,7,953.670,445.140,119.360,317.789,0.830007,-1,-1,-1
198,147,1031.551,432.572,99.762,285.696,0.849480,-1,-1,-1
198,192,510.095,455.780,40.157,109.426,0.625620,-1,-1,-1
198,6,1142.428,460.188,38.159,90.214,0.551715,-1,-1,-1
198,225,563.690,453.415,76.127,167.546,0.850285,-1,-1,-1
198,201,485.531,460.607,34.959,102.161,0.399331,-1,-1,-1
198,233,1175.988,450.161,40.192,99.498,0.569767,-1,-1,-1
198,226,454.865,466.444,40.948,108.746,0.484053,-1,-1,-1
198,230,1103.230,446.333,33.473,95.689,0.335873,-1,-1,-1
198,126,1838.272,462.860,76.887,194.480,0.255131,-1,-1,-1
199,2,824.423,433.105,140.012,382.667,0.866322,-1,-1,-1
199,4,604.604,420.655,229.299,548.335,0.870281,-1,-1,-1
199,7,959.760,445.705,118.860,319.584,0.890876,-1,-1,-1
199,147,1033.865,435.073,99.503,283.186,0.884185,-1,-1,-1
199,192,509.988,455.584,40.189,109.291,0.608403,-1,-1,-1
199,6,1142.042,459.323,38.253,91.131,0.575588,-1,-1,-1
199,225,564.912,453.382,75.465,166.901,0.845355,-1,-1,-1
199,201,485.033,460.425,34.973,102.666,0.437230,-1,-1,-1
199,233,1176.930,448.174,41.211,102.144,0.612736,-1,-1,-1
199,226,454.398,466.631,40.333,106.995,0.319491,-1,-1,-1
199,230,1105.798,445.496,33.000,94.033,0.383814,-1,-1,-1
199,126,1838.458,462.410,77.449,195.293,0.250872,-1,-1,-1
199,224,553.214,451.467,30.488,78.358,0.254551,-1,-1,-1
200,2,826.819,433.422,142.784,383.788,0.854735,-1,-1,-1
200,4,608.921,420.846,228.052,550.977,0.881458,-1,-1,-1
200,7,965.309,446.588,117.253,317.896,0.826011,-1,-1,-1
200,147,1036.675,436.088,100.057,282.783,0.846054,-1,-1,-1
200,192,509.689,456.154,40.057,108.391,0.665766,-1,-1,-1
200,6,1140.031,455.820,39.417,94.483,0.617430,-1,-1,-1
200,225,566.548,454.636,75.108,166.830,0.835098,-1,-1,-1
200,201,484.183,461.649,34.720,102.017,0.371841,-1,-1,-1
200,233,1177.593,447.452,41.225,102.282,0.615313,-1,-1,-1
200,226,452.813,464.724,40.028,106.037,0.302803,-1,-1,-1
200,230,1106.623,443.794,32.685,92.798,0.404608,-1,-1,-1
201,2,827.570,434.305,144.419,383.011,0.856354,-1,-1,-1
201,4,614.116,421.438,226.118,551.354,0.886290,-1,-1,-1
201,7,970.577,444.875,115.843,319.146,0.816624,-1,-1,-1
201,147,1040.383,434.598,101.172,285.049,0.821593,-1,-1,-1
201,192,509.520,456.654,40.057,107.720,0.667428,-1,-1,-1
201,6,1137.408,453.383,40.053,96.498,0.645097,-1,-1,-1
201,225,567.121,455.177,74.452,166.000,0.831926,-1,-1,-1
201,201,483.879,461.564,34.733,102.272,0.383942,-1,-1,-1
201,233,1178.167,446.400,41.493,103.346,0.628979,-1,-1,-1
201,226,451.691,463.177,39.145,102.701,0.267335,-1,-1,-1
201,230,1107.462,440.062,29.558,82.582,0.321355,-1,-1,-1
202,2,828.636,435.463,145.893,382.975,0.883383,-1,-1,-1
202,4,618.315,421.128,226.333,556.979,0.890192,-1,-1,-1
202,7,976.160,445.187,114.587,319.599,0.831505,-1,-1,-1
202,147,1044.799,436.559,101.775,287.214,0.828932,-1,-1,-1
202,192,509.534,456.735,40.058,107.369,0.657393,-1,-1,-1
202,6,1135.182,450.914,40.466,97.929,0.656774,-1,-1,-1
202,225,568.965,458.323,72.931,162.888,0.830261,-1,-1,-1
202,201,483.543,462.031,34.198,100.748,0.272918,-1,-1,-1
202,233,1179.607,445.919,41.277,102.967,0.657323,-1,-1,-1
202,230,1108.349,439.875,26.308,72.048,0.302682,-1,-1,-1
203,2,829.803,435.080,147.215,383.621,0.887993,-1,-1,-1
203,4,622.929,421.199,227.136,563.801,0.902685,-1,-1,-1
203,7,981.063,446.021,112.918,319.266,0.822326,-1,-1,-1
203,147,1047.997,437.738,101.214,286.153,0.833212,-1,-1,-1
203,192,508.294,455.976,40.714,108.955,0.667178,-1,-1,-1
203,6,1133.646,447.187,41.211,100.255,0.632450,-1,-1,-1
203,225,570.533,459.642,72.603,162.132,0.839749,-1,-1,-1
203,201,483.259,461.111,34.123,100.528,0.314188,-1,-1,-1
203,233,1181.507,444.998,41.532,103.806,0.659554,-1,-1,-1
203,126,1838.778,461.392,77.224,195.356,0.269958,-1,-1,-1
204,2,831.332,434.380,148.322,383.989,0.888852,-1,-1,-1
204,4,628.929,421.081,228.046,568.379,0.896156,-1,-1,-1
204,7,986.287,446.637,111.544,319.293,0.818790,-1,-1,-1
204,147,1051.440,438.889,100.465,285.564,0.817877,-1,-1,-1
204,192,508.386,455.812,40.887,108.949,0.632011,-1,-1,-1
204,6,1132.949,446.700,40.922,100.100,0.533460,-1,-1,-1
204,225,572.913,460.381,71.819,161.151,0.828653,-1,-1,-1
204,201,482.195,461.022,34.320,100.689,0.250542,-1,-1,-1
204,233,1182.804,446.961,40.645,101.754,0.638632,-1,-1,-1
204,126,1839.352,459.566,77.615,197.550,0.289093,-1,-1,-1
205,2,829.991,432.771,150.053,385.715,0.906250,-1,-1,-1
205,4,632.658,420.359,228.666,574.799,0.895145,-1,-1,-1
205,7,990.136,444.926,111.456,322.204,0.853838,-1,-1,-1
205,147,1054.826,437.066,100.416,288.489,0.825813,-1,-1,-1
205,192,507.290,453.715,42.176,111.580,0.649611,-1,-1,-1
205,6,1132.896,448.820,39.585,97.454,0.469179,-1,-1,-1
205,225,573.062,457.678,72.938,164.693,0.816061,-1,-1,-1
205,201,481.041,460.045,34.806,101.718,0.259945,-1,-1,-1
205,233,1183.823,449.087,40.377,100.347,0.362401,-1,-1,-1
206,2,830.035,431.493,151.452,387.348,0.923867,-1,-1,-1
206,4,635.847,419.388,227.992,578.987,0.896001,-1,-1,-1
206,7,996.410,444.221,111.047,323.235,0.807306,-1,-1,-1
206,147,1058.754,435.411,100.707,291.376,0.871378,-1,-1,-1
206,192,507.036,453.329,43.032,112.875,0.648397,-1,-1,-1
206,6,1131.061,443.182,41.518,103.211,0.441310,-1,-1,-1
206,225,575.302,459.451,72.034,163.245,0.834678,-1,-1,-1
206,201,481.251,460.485,34.733,101.111,0.312055,-1,-1,-1
206,233,1184.599,448.015,41.608,102.882,0.669844,-1,-1,-1
206,126,1839.279,461.374,77.152,195.963,0.334768,-1,-1,-1
207,2,831.980,431.692,152.864,388.154,0.913787,-1,-1,-1
207,4,639.511,418.464,226.523,581.156,0.889074,-1,-1,-1
207,7,1005.163,446.225,110.786,321.526,0.833486,-1,-1,-1
207,147,1062.116,434.552,100.166,293.742,0.870639,-1,-1,-1
207,192,507.297,452.676,43.327,112.818,0.669643,-1,-1,-1
207,6,1129.298,443.107,40.895,103.687,0.440548,-1,-1,-1
207,225,576.400,455.658,73.053,166.458,0.821263,-1,-1,-1
207,201,482.215,460.501,34.061,99.123,0.265846,-1,-1,-1
207,233,1186.416,447.274,41.995,103.133,0.602537,-1,-1,-1
208,2,833.162,429.927,154.643,389.722,0.899792,-1,-1,-1
208,4,642.809,416.695,224.524,582.663,0.882019,-1,-1,-1
208,7,1012.778,446.203,112.300,321.665,0.821790,-1,-1,-1
208,147,1063.626,431.809,100.570,298.721,0.827798,-1,-1,-1
208,192,508.053,454.316,42.846,110.876,0.678020,-1,-1,-1
208,6,1129.159,442.285,40.297,104.201,0.477880,-1,-1,-1
208,225,578.013,454.915,73.205,167.943,0.829945,-1,-1,-1
208,201,482.324,461.168,33.801,97.981,0.382925,-1,-1,-1
208,233,1187.418,446.710,42.995,104.617,0.673630,-1,-1,-1
209,2,835.667,431.262,154.634,387.946,0.892775,-1,-1,-1
209,4,647.321,412.440,223.677,586.621,0.872772,-1,-1,-1
209,7,1022.110,442.079,116.395,325.393,0.864922,-1,-1,-1
209,147,1066.987,430.446,100.362,300.823,0.767552,-1,-1,-1
209,192,508.686,455.383,42.476,109.234,0.665925,-1,-1,-1
209,225,579.998,453.545,72.834,167.561,0.812622,-1,-1,-1
209,201,481.903,461.276,34.110,98.353,0.420726,-1,-1,-1
209,233,1187.891,446.871,43.706,105.335,0.692432,-1,-1,-1
210,2,837.386,430.859,155.065,386.987,0.876173,-1,-1,-1
210,4,649.843,409.112,222.563,590.205,0.872248,-1,-1,-1
210,7,1029.747,443.949,119.460,323.893,0.884562,-1,-1,-1
210,147,1071.306,428.902,104.160,317.670,0.697288,-1,-1,-1
210,192,508.773,455.773,42.328,108.200,0.681332,-1,-1,-1
210,225,581.812,455.536,71.744,165.427,0.816640,-1,-1,-1
210,201,481.495,461.107,34.625,99.187,0.425072,-1,-1,-1
210,233,1188.861,447.125,44.067,105.112,0.700289,-1,-1,-1
211,2,843.469,428.984,156.313,388.891,0.896225,-1,-1,-1
211,4,654.987,407.295,220.920,591.547,0.871566,-1,-1,-1
211,7,1034.025,443.303,124.047,324.389,0.862495,-1,-1,-1
211,147,1077.798,431.688,103.095,317.234,0.600371,-1,-1,-1
211,192,508.655,454.905,42.850,108.953,0.684176,-1,-1,-1
211,225,584.147,455.031,72.165,166.617,0.843917,-1,-1,-1
211,201,480.865,461.467,34.981,99.492,0.396782,-1,-1,-1
211,233,1189.492,447.333,43.985,104.498,0.685082,-1,-1,-1
212,2,845.549,429.794,155.570,386.868,0.869650,-1,-1,-1
212,4,658.441,407.312,219.224,592.756,0.871016,-1,-1,-1
212,7,1036.126,441.742,128.640,326.346,0.833631,-1,-1,-1
212,147,1082.237,430.339,103.435,323.222,0.685037,-1,-1,-1
212,192,507.882,453.107,43.948,111.242,0.674185,-1,-1,-1
212,225,586.425,453.784,72.327,167.167,0.837302,-1,-1,-1
212,201,480.154,460.371,35.808,101.310,0.383760,-1,-1,-1
212,233,1190.471,446.831,45.195,107.316,0.712863,-1,-1,-1
212,257,1018.981,441.982,39.039,77.753,0.444549,-1,-1,-1
213,2,853.564,429.247,156.551,389.257,0.860580,-1,-1,-1
213,4,660.737,408.046,217.423,592.785,0.874345,-1,-1,-1
213,7,1035.775,442.664,132.307,326.503,0.825453,-1,-1,-1
213,147,1089.426,431.890,97.314,305.761,0.828766,-1,-1,-1
213,192,507.979,452.963,43.934,110.697,0.674268,-1,-1,-1
213,225,586.417,453.151,73.451,169.936,0.843492,-1,-1,-1
213,201,479.154,459.606,36.671,103.056,0.393678,-1,-1,-1
213,233,1191.377,446.668,45.379,107.974,0.696803,-1,-1,-1
214,2,861.369,428.945,156.472,391.852,0.869381,-1,-1,-1
214,4,663.269,408.828,215.263,591.695,0.867502,-1,-1,-1
214,7,1037.112,447.571,133.716,320.796,0.823191,-1,-1,-1
214,147,1097.386,431.427,95.458,299.096,0.781152,-1,-1,-1
214,192,508.031,453.563,44.172,110.915,0.664166,-1,-1,-1
214,225,587.490,455.018,72.964,169.038,0.853401,-1,-1,-1
214,201,478.877,459.448,36.834,102.644,0.438830,-1,-1,-1
214,233,1193.078,447.168,45.224,108.042,0.646017,-1,-1,-1
214,267,676.959,487.964,45.691,103.950,0.368258,-1,-1,-1
215,2,866.910,428.559,155.713,394.159,0.857758,-1,-1,-1
215,4,666.807,408.982,213.956,591.346,0.885116,-1,-1,-1
215,7,1033.685,447.089,138.002,324.342,0.860014,-1,-1,-1
215,147,1105.945,434.860,94.842,293.725,0.750173,-1,-1,-1
215,192,508.385,455.250,43.331,108.252,0.682682,-1,-1,-1
215,225,590.251,454.532,72.898,169.223,0.843617,-1,-1,-1
215,201,477.824,459.333,37.491,103.686,0.428133,-1,-1,-1
215,233,1195.145,447.019,44.871,108.270,0.627321,-1,-1,-1
215,267,676.129,486.342,48.106,109.571,0.342074,-1,-1,-1
215,224,566.401,457.297,26.799,67.720,0.421615,-1,-1,-1
216,2,870.801,428.372,155.010,396.162,0.869087,-1,-1,-1
216,4,668.856,408.319,213.679,592.381,0.872773,-1,-1,-1
216,7,1031.950,445.321,141.718,327.003,0.881797,-1,-1,-1
216,147,1114.827,431.378,98.520,299.224,0.702568,-1,-1,-1
216,192,508.379,455.213,43.868,109.201,0.682802,-1,-1,-1
216,225,593.183,457.873,71.036,164.459,0.839939,-1,-1,-1
216,201,476.562,459.276,37.300,102.455,0.491383,-1,-1,-1
216,233,1198.189,448.502,44.807,108.956,0.667977,-1,-1,-1
216,267,677.446,483.494,48.391,110.266,0.315198,-1,-1,-1
216,275,1029.593,441.869,47.879,106.926,0.501347,-1,-1,-1
216,224,567.208,457.135,26.658,67.263,0.418454,-1,-1,-1
217,2,873.571,427.547,153.745,397.896,0.863630,-1,-1,-1
217,4,673.516,408.711,212.692,590.086,0.874883,-1,-1,-1
217,7,1034.316,445.562,144.442,327.834,0.874040,-1,-1,-1
217,147,1119.398,429.137,102.067,301.329,0.675029,-1,-1,-1
217,192,508.373,454.931,44.290,109.867,0.688300,-1,-1,-1
217,225,592.761,456.704,73.593,170.229,0.841225,-1,-1,-1
217,201,476.881,458.769,37.835,103.477,0.452110,-1,-1,-1
217,233,1200.242,449.163,44.545,108.926,0.716151,-1,-1,-1
217,267,676.796,481.746,50.699,115.581,0.327077,-1,-1,-1
217,275,1032.420,439.334,46.215,103.012,0.516069,-1,-1,-1
217,224,569.277,457.317,26.445,66.354,0.373445,-1,-1,-1
218,2,875.845,426.413,153.908,403.690,0.866855,-1,-1,-1
218,4,677.365,407.522,213.565,590.529,0.857937,-1,-1,-1
218,7,1037.202,449.135,144.560,323.037,0.873034,-1,-1,-1
218,147,1124.944,430.762,103.849,300.126,0.662938,-1,-1,-1
218,192,507.571,454.979,44.612,110.269,0.670498,-1,-1,-1
218,225,594.442,457.263,72.930,168.556,0.826717,-1,-1,-1
218,201,476.280,457.799,38.511,105.103,0.382554,-1,-1,-1
218,233,1201.748,449.062,44.329,108.264,0.729327,-1,-1,-1
218,267,677.104,480.770,51.058,116.367,0.392804,-1,-1,-1
218,275,1037.413,439.395,44.249,98.539,0.441657,-1,-1,-1
218,224,570.247,457.345,26.105,65.487,0.350920,-1,-1,-1
218,281,547.489,453.917,26.112,67.832,0.335974,-1,-1,-1
219,2,877.054,424.718,154.151,409.960,0.889007,-1,-1,-1
219,4,680.883,406.327,215.391,592.709,0.837671,-1,-1,-1
219,7,1037.697,443.533,149.490,332.757,0.855714,-1,-1,-1
219,147,1128.652,430.215,105.426,306.322,0.615010,-1,-1,-1
219,192,507.618,454.431,44.508,109.485,0.662200,-1,-1,-1
219,225,594.535,458.869,73.427,170.853,0.803832,-1,-1,-1
219,201,477.274,459.729,37.083,101.374,0.289496,-1,-1,-1
219,233,1203.960,449.138,44.078,107.306,0.786629,-1,-1,-1
219,267,677.897,482.472,49.885,113.586,0.339838,-1,-1,-1
219,275,1034.142,440.349,58.403,130.935,0.569927,-1,-1,-1
219,224,570.047,457.066,26.365,66.030,0.396323,-1,-1,-1
219,281,546.676,452.883,26.486,68.839,0.266706,-1,-1,-1
220,2,879.570,425.222,152.964,412.053,0.867524,-1,-1,-1
220,4,685.268,404.517,217.763,594.284,0.863832,-1,-1,-1
220,7,1041.706,445.923,148.315,328.211,0.875169,-1,-1,-1
220,147,1131.890,430.906,104.882,309.143,0.627081,-1,-1,-1
220,192,507.049,455.161,44.742,109.578,0.672676,-1,-1,-1
220,225,595.952,459.351,71.797,167.808,0.807593,-1,-1,-1
220,201,475.682,459.844,36.901,101.027,0.368459,-1,-1,-1
220,233,1205.804,449.428,44.105,106.953,0.671681,-1,-1,-1
220,267,678.276,482.617,51.396,117.101,0.311484,-1,-1,-1
220,275,1034.680,442.840,63.517,143.451,0.395066,-1,-1,-1
220,224,570.512,458.158,26.121,65.096,0.399999,-1,-1,-1
220,281,546.858,453.207,26.243,68.260,0.282813,-1,-1,-1
221,2,882.956,426.108,151.380,412.879,0.877170,-1,-1,-1
221,4,691.640,402.058,221.812,596.149,0.881109,-1,-1,-1
221,7,1045.128,443.401,149.666,332.773,0.880301,-1,-1,-1
221,147,1135.877,431.330,99.667,298.712,0.653257,-1,-1,-1
221,192,506.918,453.906,45.262,110.626,0.702789,-1,-1,-1
221,225,596.828,457.750,71.981,168.437,0.822793,-1,-1,-1
221,201,475.089,458.408,37.128,101.748,0.440867,-1,-1,-1
221,233,1207.942,449.123,44.506,107.184,0.715149,-1,-1,-1
221,275,1034.140,443.615,64.448,147.175,0.467179,-1,-1,-1
221,224,570.224,457.390,26.635,66.042,0.416277,-1,-1,-1
221,281,547.635,451.834,26.753,69.740,0.253672,-1,-1,-1
222,2,885.897,426.958,150.187,413.614,0.874734,-1,-1,-1
222,4,699.674,402.359,226.306,595.933,0.901596,-1,-1,-1
222,7,1050.801,441.014,149.441,336.422,0.829193,-1,-1,-1
222,147,1143.068,430.891,101.891,304.046,0.643373,-1,-1,-1
222,192,507.060,453.416,45.361,110.812,0.698298,-1,-1,-1
222,225,597.925,460.326,70.506,165.644,0.816625,-1,-1,-1
222,201,474.933,458.223,37.223,101.846,0.450456,-1,-1,-1
222,233,1209.742,447.324,45.110,107.446,0.598657,-1,-1,-1
222,224,569.580,456.738,26.985,66.927,0.420972,-1,-1,-1
222,267,678.478,482.994,52.181,118.874,0.353634,-1,-1,-1
223,2,889.230,428.853,148.525,412.957,0.875416,-1,-1,-1
223,4,706.182,401.861,231.854,596.021,0.924065,-1,-1,-1
223,7,1059.795,441.166,146.293,336.628,0.852587,-1,-1,-1
223,147,1144.950,432.334,98.044,300.044,0.695078,-1,-1,-1
223,192,506.360,448.572,47.389,116.008,0.707197,-1,-1,-1
223,225,599.129,461.288,70.812,166.872,0.794961,-1,-1,-1
223,201,473.254,454.078,38.391,105.301,0.499460,-1,-1,-1
223,233,1213.802,447.953,44.394,105.744,0.566211,-1,-1,-1
223,224,569.202,455.316,27.832,69.211,0.376410,-1,-1,-1
223,275,1036.076,444.954,63.009,145.342,0.400279,-1,-1,-1
224,2,892.246,429.361,147.625,414.279,0.868893,-1,-1,-1
224,4,712.755,401.987,238.475,596.474,0.923078,-1,-1,-1
224,7,1070.671,440.426,143.578,339.487,0.857594,-1,-1,-1
224,147,1149.216,428.696,98.163,306.595,0.736793,-1,-1,-1
224,192,506.109,446.740,48.209,118.103,0.705225,-1,-1,-1
224,225,600.326,463.958,70.213,165.507,0.810525,-1,-1,-1
224,201,472.243,453.072,38.624,106.514,0.455459,-1,-1,-1
224,233,1216.520,446.437,44.054,105.391,0.406768,-1,-1,-1
224,224,567.715,454.342,28.633,70.849,0.447749,-1,-1,-1
224,275,1037.363,444.528,62.536,145.557,0.368749,-1,-1,-1
225,2,894.982,429.603,147.009,415.576,0.864590,-1,-1,-1
225,4,718.690,400.622,246.476,598.575,0.887559,-1,-1,-1
225,7,1079.142,440.010,140.642,342.567,0.839588,-1,-1,-1
225,147,1154.072,429.398,95.111,304.693,0.758787,-1,-1,-1
225,192,507.009,449.000,46.819,114.529,0.687090,-1,-1,-1
225,225,601.482,462.187,71.017,168.896,0.807140,-1,-1,-1
225,201,471.854,453.218,38.697,106.825,0.422991,-1,-1,-1
225,233,1219.029,447.760,42.468,102.317,0.514009,-1,-1,-1
225,224,566.825,454.458,28.841,71.099,0.426201,-1,-1,-1
225,275,1037.590,444.555,62.708,148.092,0.421556,-1,-1,-1
226,2,897.643,430.026,146.842,416.681,0.864826,-1,-1,-1
226,4,726.074,402.699,253.721,597.161,0.876608,-1,-1,-1
226,7,1087.391,440.369,138.643,345.685,0.855796,-1,-1,-1
226,147,1160.219,427.837,94.726,308.192,0.760071,-1,-1,-1
226,192,507.424,450.171,46.110,112.650,0.676697,-1,-1,-1
226,225,602.298,460.697,72.156,173.205,0.817262,-1,-1,-1
226,201,471.829,454.670,38.533,106.386,0.410762,-1,-1,-1
226,233,1220.742,448.638,41.139,99.688,0.387888,-1,-1,-1
226,224,566.774,454.485,28.967,71.104,0.413097,-1,-1,-1
226,275,1038.185,441.302,63.801,153.573,0.467107,-1,-1,-1
226,267,678.982,485.018,49.960,113.171,0.389935,-1,-1,-1
227,2,900.535,430.680,146.883,417.493,0.863328,-1,-1,-1
227,4,732.520,401.901,261.361,599.157,0.866339,-1,-1,-1
227,7,1095.336,439.363,137.082,349.297,0.861708,-1,-1,-1
227,147,1164.644,427.662,94.476,310.522,0.783662,-1,-1,-1
227,192,506.403,452.150,45.520,111.414,0.675233,-1,-1,-1
227,225,603.283,457.191,72.496,176.010,0.801874,-1,-1,-1
227,201,471.497,454.235,39.032,108.097,0.397687,-1,-1,-1
227,233,1223.242,449.416,39.529,96.565,0.423081,-1,-1,-1
227,224,567.253,455.326,28.645,70.037,0.398949,-1,-1,-1
227,267,677.415,486.526,50.913,114.810,0.318792,-1,-1,-1
228,2,902.645,430.367,145.603,414.580,0.859830,-1,-1,-1
228,4,733.036,401.206,269.115,601.325,0.871599,-1,-1,-1
228,7,1099.329,436.252,136.850,356.662,0.936596,-1,-1,-1
228,147,1166.962,427.532,93.142,310.439,0.779777,-1,-1,-1
228,192,505.721,455.884,44.453,108.384,0.667414,-1,-1,-1
228,225,604.276,457.869,71.081,174.989,0.812039,-1,-1,-1
228,201,472.904,456.107,37.817,105.268,0.250391,-1,-1,-1
228,233,1224.479,447.842,40.593,100.610,0.573315,-1,-1,-1
228,224,567.290,456.077,28.161,68.697,0.357089,-1,-1,-1
228,267,675.478,487.573,51.172,115.479,0.361069,-1,-1,-1
229,2,903.610,429.577,145.916,415.572,0.869347,-1,-1,-1
229,4,736.387,402.103,275.526,600.934,0.857085,-1,-1,-1
229,7,1105.851,440.165,133.685,354.360,0.835545,-1,-1,-1
229,147,1172.880,425.791,91.790,310.862,0.795284,-1,-1,-1
229,192,505.574,456.538,44.212,107.660,0.667651,-1,-1,-1
229,225,604.735,457.643,71.335,178.313,0.814334,-1,-1,-1
229,201,472.930,456.224,37.617,104.920,0.314462,-1,-1,-1
229,233,1226.093,443.636,42.060,105.939,0.438030,-1,-1,-1
229,224,567.083,456.788,27.913,67.913,0.321808,-1,-1,-1
229,267,675.714,487.331,50.143,113.268,0.440677,-1,-1,-1
230,2,905.541,428.373,146.543,417.222,0.865898,-1,-1,-1
230,4,737.673,403.178,280.245,599.114,0.891009,-1,-1,-1
230,7,1114.591,444.652,130.689,349.244,0.857892,-1,-1,-1
230,147,1179.483,426.286,90.036,307.633,0.794810,-1,-1,-1
230,192,505.422,456.095,44.231,107.664,0.618434,-1,-1,-1
230,225,605.065,458.030,71.199,180.176,0.836057,-1,-1,-1
230,201,473.209,456.117,37.032,103.609,0.253963,-1,-1,-1
230,224,566.174,456.444,28.341,68.723,0.332872,-1,-1,-1
230,267,675.631,487.320,50.485,113.905,0.405577,-1,-1,-1
230,275,1046.831,438.047,62.052,151.931,0.347058,-1,-1,-1
231,2,905.063,427.711,145.984,417.243,0.853816,-1,-1,-1
231,4,746.903,403.120,282.867,599.932,0.880181,-1,-1,-1
231,7,1122.283,444.439,130.820,349.325,0.857344,-1,-1,-1
231,147,1185.419,427.154,89.954,309.788,0.648560,-1,-1,-1
231,192,506.289,456.067,44.063,107.115,0.665911,-1,-1,-1
231,225,606.950,455.966,71.326,181.853,0.821485,-1,-1,-1
231,201,472.043,454.530,37.713,105.681,0.350361,-1,-1,-1
231,224,565.754,455.721,28.694,69.385,0.341275,-1,-1,-1
231,267,675.730,486.735,51.909,117.279,0.531492,-1,-1,-1
231,293,422.655,465.461,52.542,110.822,0.356589,-1,-1,-1
231,275,1053.260,439.665,60.918,149.546,0.258514,-1,-1,-1
232,2,906.435,426.468,146.100,419.783,0.841988,-1,-1,-1
232,4,752.670,402.352,284.374,600.047,0.883090,-1,-1,-1
232,7,1128.692,444.680,132.690,351.136,0.864558,-1,-1,-1
232,147,1190.257,428.297,90.535,315.688,0.577735,-1,-1,-1
232,192,506.843,456.376,44.226,107.220,0.686097,-1,-1,-1
232,225,607.913,454.148,71.375,183.571,0.832137,-1,-1,-1
232,201,472.209,453.760,38.084,106.742,0.388392,-1,-1,-1
232,224,566.753,454.947,29.123,70.103,0.357392,-1,-1,-1
232,267,675.182,487.573,52.787,119.094,0.560719,-1,-1,-1
232,275,1057.040,440.989,62.016,151.847,0.516941,-1,-1,-1
232,294,701.736,429.074,155.758,437.213,0.475744,-1,-1,-1
232,295,1198.298,427.176,75.065,181.356,0.460342,-1,-1,-1
232,6,1107.424,445.634,39.169,104.708,0.390759,-1,-1,-1
233,2,910.353,425.394,145.709,420.031,0.835422,-1,-1,-1
233,4,758.474,402.328,284.475,599.792,0.890552,-1,-1,-1
233,7,1134.636,447.227,133.708,350.630,0.861976,-1,-1,-1
233,147,1195.889,430.755,90.401,316.296,0.656750,-1,-1,-1
233,192,506.931,455.599,44.532,108.017,0.666087,-1,-1,-1
233,225,609.792,453.672,70.318,181.723,0.829973,-1,-1,-1
233,201,472.627,453.789,38.025,106.623,0.296410,-1,-1,-1
233,224,566.465,454.711,29.393,70.077,0.371037,-1,-1,-1
233,267,675.048,487.934,52.737,118.572,0.619884,-1,-1,-1
233,275,1058.825,441.101,62.796,153.646,0.522222,-1,-1,-1
233,294,704.112,430.096,155.669,437.154,0.470792,-1,-1,-1
233,295,1205.088,432.105,72.067,174.059,0.499185,-1,-1,-1
233,299,706.687,464.414,65.008,178.364,0.328968,-1,-1,-1
233,6,1108.587,444.773,38.928,105.962,0.421476,-1,-1,-1
233,293,420.848,466.959,52.336,110.470,0.285754,-1,-1,-1
234,2,915.117,424.675,145.313,420.454,0.842521,-1,-1,-1
234,4,759.728,401.448,285.376,600.650,0.878209,-1,-1,-1
234,7,1136.344,445.416,137.140,357.756,0.888588,-1,-1,-1
234,147,1200.396,430.467,91.016,319.869,0.695188,-1,-1,-1
234,192,506.864,455.500,44.455,108.023,0.668216,-1,-1,-1
234,225,612.159,454.859,68.690,177.394,0.787743,-1,-1,-1
234,201,473.038,455.097,37.848,105.966,0.260485,-1,-1,-1
234,224,566.318,454.271,29.921,71.035,0.365639,-1,-1,-1
234,267,674.558,487.951,53.367,119.754,0.645063,-1,-1,-1
234,275,1059.776,441.247,63.557,155.252,0.609091,-1,-1,-1
234,294,718.427,432.732,154.190,435.482,0.594161,-1,-1,-1
234,299,706.496,464.686,64.622,177.234,0.329333,-1,-1,-1
234,6,1108.461,446.168,37.976,104.759,0.347963,-1,-1,-1
234,293,419.288,465.774,52.837,111.700,0.250061,-1,-1,-1
235,2,916.815,424.537,144.365,420.377,0.853600,-1,-1,-1
235,4,764.238,399.031,286.121,605.222,0.874177,-1,-1,-1
235,7,1136.835,446.119,138.047,357.108,0.881918,-1,-1,-1
235,147,1204.698,430.427,91.450,321.347,0.692973,-1,-1,-1
235,192,505.855,453.854,45.125,110.202,0.665138,-1,-1,-1
235,225,614.860,454.784,68.919,178.875,0.783764,-1,-1,-1
235,224,565.628,454.104,30.151,71.601,0.383136,-1,-1,-1
235,267,673.300,484.856,55.716,125.258,0.663724,-1,-1,-1
235,275,1060.470,440.434,64.576,157.409,0.437111,-1,-1,-1
235,294,725.576,435.149,152.786,435.427,0.671806,-1,-1,-1
235,299,709.063,466.005,63.769,174.939,0.491507,-1,-1,-1
235,6,1109.059,445.909,38.756,106.559,0.290142,-1,-1,-1
235,293,417.696,463.740,53.254,112.776,0.297038,-1,-1,-1
236,2,919.354,424.306,144.170,423.318,0.836937,-1,-1,-1
236,4,764.551,397.188,286.571,607.900,0.882815,-1,-1,-1
236,7,1136.829,445.805,138.462,355.813,0.866150,-1,-1,-1
236,147,1211.389,428.608,90.967,324.016,0.653138,-1,-1,-1
236,192,504.528,452.402,45.895,112.722,0.650402,-1,-1,-1
236,225,617.284,454.674,68.790,180.048,0.778820,-1,-1,-1
236,224,565.315,453.978,30.224,71.707,0.365120,-1,-1,-1
236,267,672.957,484.510,55.944,126.046,0.616124,-1,-1,-1
236,275,1060.459,439.582,65.310,159.113,0.602631,-1,-1,-1
236,294,729.666,434.962,150.682,434.487,0.677805,-1,-1,-1
236,299,712.058,468.450,61.737,169.459,0.471176,-1,-1,-1
236,6,1111.304,447.759,37.854,103.894,0.451143,-1,-1,-1
237,2,924.052,423.635,143.252,425.379,0.811794,-1,-1,-1
237,4,768.190,396.462,285.666,609.029,0.890125,-1,-1,-1
237,7,1134.812,441.684,141.756,362.265,0.859228,-1,-1,-1
237,147,1216.403,426.910,90.668,327.974,0.613337,-1,-1,-1
237,192,502.960,451.534,46.272,114.120,0.586323,-1,-1,-1
237,225,618.526,454.562,68.848,180.950,0.795473,-1,-1,-1
237,224,566.106,454.001,30.101,71.147,0.405257,-1,-1,-1
237,267,673.794,483.878,54.486,122.455,0.586258,-1,-1,-1
237,275,1061.345,437.415,65.998,161.363,0.600700,-1,-1,-1
237,294,734.172,436.230,148.390,433.692,0.683067,-1,-1,-1
237,299,711.868,467.905,62.493,171.564,0.375740,-1,-1,-1
237,6,1111.314,445.715,38.460,105.483,0.543825,-1,-1,-1
238,2,929.166,423.720,141.817,425.706,0.771433,-1,-1,-1
238,4,769.349,395.146,285.208,610.595,0.891223,-1,-1,-1
238,7,1136.837,442.845,141.532,359.762,0.851091,-1,-1,-1
238,147,1221.456,429.604,90.981,329.758,0.630878,-1,-1,-1
238,192,502.984,452.539,45.800,113.302,0.622925,-1,-1,-1
238,225,620.526,456.150,69.080,181.278,0.806948,-1,-1,-1
238,224,567.126,453.988,30.191,71.038,0.391902,-1,-1,-1
238,267,673.158,481.373,54.841,123.216,0.605830,-1,-1,-1
238,275,1062.893,436.618,66.499,163.558,0.611621,-1,-1,-1
238,294,737.598,438.227,146.290,433.562,0.710741,-1,-1,-1
238,299,715.992,468.181,56.447,154.500,0.389248,-1,-1,-1
238,6,1112.660,448.242,37.422,102.827,0.540231,-1,-1,-1
239,2,932.237,421.373,140.524,426.743,0.718770,-1,-1,-1
239,4,774.435,395.458,283.294,610.968,0.902388,-1,-1,-1
239,7,1139.527,439.250,143.498,365.895,0.841641,-1,-1,-1
239,147,1226.694,430.731,90.123,329.009,0.705572,-1,-1,-1
239,192,502.765,452.012,45.875,113.801,0.616224,-1,-1,-1
239,225,622.785,456.990,69.322,180.331,0.817559,-1,-1,-1
239,224,566.396,453.846,30.532,71.434,0.397935,-1,-1,-1
239,267,668.746,468.855,59.514,134.490,0.612089,-1,-1,-1
239,275,1063.007,435.033,66.727,165.833,0.358483,-1,-1,-1
239,294,740.387,439.112,143.976,433.323,0.695586,-1,-1,-1
239,299,716.885,468.713,57.948,158.804,0.520752,-1,-1,-1
239,6,1113.076,446.740,37.778,104.049,0.527265,-1,-1,-1
240,2,938.292,422.365,138.384,425.454,0.638143,-1,-1,-1
240,4,779.952,397.118,279.833,609.528,0.902303,-1,-1,-1
240,7,1143.991,436.530,143.194,369.500,0.786412,-1,-1,-1
240,147,1232.983,432.279,88.802,328.395,0.714996,-1,-1,-1
240,192,503.644,452.698,44.672,111.023,0.613458,-1,-1,-1
240,225,624.111,458.630,69.296,178.394,0.813345,-1,-1,-1
240,224,566.358,454.182,30.387,70.872,0.430531,-1,-1,-1
240,267,668.226,464.687,59.999,136.067,0.671560,-1,-1,-1
240,275,1063.356,435.401,66.094,165.621,0.378605,-1,-1,-1
240,294,725.756,444.262,142.245,426.837,0.521941,-1,-1,-1
240,299,717.378,466.481,57.385,157.654,0.407452,-1,-1,-1
240,6,1112.980,445.842,37.774,104.593,0.466943,-1,-1,-1
241,2,930.303,418.862,138.975,428.942,0.459815,-1,-1,-1
241,4,788.132,398.880,275.867,607.972,0.882307,-1,-1,-1
241,7,1154.822,435.799,141.608,372.664,0.800906,-1,-1,-1
241,147,1237.000,430.990,87.981,329.281,0.675799,-1,-1,-1
241,192,503.090,452.583,45.141,112.770,0.639989,-1,-1,-1
241,225,625.172,458.157,70.157,179.065,0.825093,-1,-1,-1
241,224,566.155,454.386,29.843,69.334,0.425682,-1,-1,-1
241,267,671.733,468.705,57.791,131.453,0.595890,-1,-1,-1
241,275,1063.994,437.040,65.077,164.939,0.456758,-1,-1,-1
241,294,718.800,446.016,142.253,426.826,0.552464,-1,-1,-1
241,299,720.658,466.017,52.700,143.889,0.417694,-1,-1,-1
241,6,1112.605,443.129,38.299,106.720,0.485309,-1,-1,-1
241,301,764.482,438.884,120.986,433.709,0.536662,-1,-1,-1
242,2,946.012,422.683,134.570,422.394,0.621506,-1,-1,-1
242,4,795.976,397.874,272.413,609.313,0.890646,-1,-1,-1
242,7,1164.786,435.214,139.014,373.736,0.851156,-1,-1,-1
242,147,1241.543,429.413,86.564,328.701,0.651957,-1,-1,-1
242,192,502.852,451.649,45.908,115.346,0.641863,-1,-1,-1
242,225,626.621,458.304,70.880,178.805,0.816868,-1,-1,-1
242,224,565.914,454.713,29.475,68.100,0.410079,-1,-1,-1
242,267,669.276,461.834,59.626,137.430,0.619848,-1,-1,-1
242,275,1066.865,440.336,62.436,159.807,0.492405,-1,-1,-1
242,294,718.296,448.209,141.483,424.965,0.496638,-1,-1,-1
242,299,719.768,464.175,56.071,153.583,0.355788,-1,-1,-1
242,6,1113.231,444.774,37.436,104.951,0.551525,-1,-1,-1
242,301,766.679,439.448,120.796,432.705,0.597947,-1,-1,-1
243,2,954.889,424.829,130.890,417.706,0.628007,-1,-1,-1
243,4,803.384,396.882,269.330,611.141,0.883419,-1,-1,-1
243,7,1173.078,435.427,135.420,372.016,0.845478,-1,-1,-1
243,147,1246.038,427.786,85.412,332.242,0.627736,-1,-1,-1
243,192,502.656,451.752,45.965,115.809,0.603773,-1,-1,-1
243,225,627.865,458.080,71.241,177.301,0.838390,-1,-1,-1
243,224,565.725,454.743,29.248,67.262,0.325468,-1,-1,-1
243,267,667.958,458.130,60.602,142.419,0.532918,-1,-1,-1
243,275,1068.765,442.850,60.705,157.083,0.549016,-1,-1,-1
243,299,719.954,467.321,57.352,157.695,0.527414,-1,-1,-1
243,6,1114.329,446.000,36.610,103.400,0.604021,-1,-1,-1
243,301,766.886,438.462,121.777,435.628,0.713421,-1,-1,-1
244,2,957.830,425.411,129.534,419.330,0.618343,-1,-1,-1
244,4,810.583,396.462,265.541,612.978,0.867219,-1,-1,-1
244,7,1180.432,433.305,134.342,376.868,0.850306,-1,-1,-1
244,147,1249.787,426.308,84.690,334.328,0.716733,-1,-1,-1
244,192,502.963,452.231,45.841,115.521,0.645093,-1,-1,-1
244,225,628.392,458.877,71.620,177.459,0.828061,-1,-1,-1
244,224,565.384,454.844,29.353,67.329,0.329458,-1,-1,-1
244,267,673.911,462.869,57.527,136.941,0.469657,-1,-1,-1
244,275,1069.913,443.507,59.538,155.141,0.470925,-1,-1,-1
244,299,722.663,470.331,52.731,144.670,0.365252,-1,-1,-1
244,6,1114.602,445.260,36.921,104.669,0.588455,-1,-1,-1
244,301,766.674,435.656,122.912,436.984,0.736903,-1,-1,-1
244,293,412.717,459.106,55.549,120.205,0.283101,-1,-1,-1
245,2,966.872,431.985,124.985,413.940,0.621270,-1,-1,-1
245,4,817.939,392.225,264.121,623.051,0.859779,-1,-1,-1
245,7,1189.029,432.737,132.678,376.985,0.843648,-1,-1,-1
245,147,1255.822,423.651,84.239,336.808,0.662851,-1,-1,-1
245,192,502.979,453.369,45.501,114.303,0.637942,-1,-1,-1
245,225,628.673,456.884,73.463,179.764,0.828921,-1,-1,-1
245,224,565.607,454.751,29.571,67.767,0.319580,-1,-1,-1
245,267,679.769,463.930,55.551,135.290,0.310817,-1,-1,-1
245,275,1069.010,445.334,58.985,154.420,0.514965,-1,-1,-1
245,6,1115.575,446.913,36.360,103.272,0.575747,-1,-1,-1
245,301,771.304,435.955,124.237,440.807,0.783850,-1,-1,-1
245,293,412.845,459.199,54.922,121.202,0.334273,-1,-1,-1
246,2,972.775,437.104,121.068,409.355,0.592392,-1,-1,-1
246,4,827.332,391.309,261.921,631.919,0.837889,-1,-1,-1
246,7,1195.794,432.733,131.004,377.628,0.847972,-1,-1,-1
246,147,1260.044,423.091,83.034,335.824,0.611958,-1,-1,-1
246,192,503.239,453.851,45.247,113.579,0.632465,-1,-1,-1
246,225,629.756,456.701,74.611,181.147,0.800612,-1,-1,-1
246,267,685.050,476.995,49.301,121.874,0.410225,-1,-1,-1
246,275,1068.801,447.683,57.957,152.560,0.508612,-1,-1,-1
246,6,1115.826,449.224,35.400,101.062,0.487331,-1,-1,-1
246,301,776.761,437.099,125.643,441.443,0.790234,-1,-1,-1
246,293,413.664,458.634,54.769,121.940,0.297780,-1,-1,-1
247,2,981.873,430.221,121.842,419.064,0.545426,-1,-1,-1
247,4,835.815,391.967,260.371,640.400,0.822019,-1,-1,-1
247,7,1202.928,433.253,129.823,376.271,0.801671,-1,-1,-1
247,147,1262.760,420.231,86.020,352.923,0.644070,-1,-1,-1
247,192,502.974,454.369,45.241,113.612,0.656399,-1,-1,-1
247,225,630.105,455.595,75.868,183.020,0.802241,-1,-1,-1
247,267,686.001,483.258,46.243,115.717,0.270214,-1,-1,-1
247,275,1068.706,448.122,57.365,151.931,0.444348,-1,-1,-1
247,6,1115.305,450.571,34.609,99.514,0.521091,-1,-1,-1
247,301,778.005,435.613,128.202,444.668,0.823568,-1,-1,-1
247,293,412.848,458.171,54.231,122.862,0.563779,-1,-1,-1
247,224,567.005,455.213,30.064,68.794,0.272106,-1,-1,-1
248,2,990.146,427.933,123.242,423.177,0.680258,-1,-1,-1
248,4,841.173,393.478,256.715,646.490,0.816849,-1,-1,-1
248,7,1214.424,433.420,130.807,375.862,0.847096,-1,-1,-1
248,147,1271.261,422.462,86.780,361.290,0.347366,-1,-1,-1
248,192,503.497,456.215,44.658,112.437,0.689656,-1,-1,-1
248,225,631.061,454.791,76.638,184.906,0.766890,-1,-1,-1
248,267,689.428,492.976,41.829,105.172,0.288660,-1,-1,-1
248,275,1069.994,446.673,57.543,153.752,0.378022,-1,-1,-1
248,6,1114.706,449.881,34.577,100.120,0.410793,-1,-1,-1
248,301,784.704,434.948,129.753,445.787,0.841476,-1,-1,-1
248,293,412.391,459.764,52.799,121.316,0.531121,-1,-1,-1
248,224,567.989,454.778,30.227,69.404,0.308738,-1,-1,-1
248,201,463.434,449.111,41.661,116.475,0.460634,-1,-1,-1
249,2,995.248,428.918,124.724,424.407,0.696495,-1,-1,-1
249,4,849.593,395.943,253.220,651.697,0.792258,-1,-1,-1
249,7,1226.789,433.774,134.398,377.021,0.846690,-1,-1,-1
249,192,503.240,455.597,44.907,113.007,0.673445,-1,-1,-1
249,225,633.224,454.703,76.070,184.889,0.764334,-1,-1,-1
249,267,690.185,492.077,42.020,106.756,0.343352,-1,-1,-1
249,275,1067.786,455.388,54.672,144.508,0.367926,-1,-1,-1
249,6,1115.548,450.488,34.187,99.179,0.447949,-1,-1,-1
249,301,786.325,433.901,131.030,447.091,0.819680,-1,-1,-1
249,293,412.570,460.233,52.182,121.346,0.532381,-1,-1,-1
249,224,567.228,454.518,30.234,69.692,0.371509,-1,-1,-1
249,201,463.252,448.782,41.994,117.865,0.411742,-1,-1,-1
250,2,996.986,427.730,126.215,425.251,0.663313,-1,-1,-1
250,4,868.114,400.439,251.056,651.917,0.809637,-1,-1,-1
250,7,1237.315,436.974,137.633,372.088,0.867038,-1,-1,-1
250,192,503.509,451.926,46.215,116.617,0.662226,-1,-1,-1
250,225,637.268,453.508,75.033,182.801,0.792085,-1,-1,-1
250,267,690.718,486.528,43.391,111.978,0.410998,-1,-1,-1
250,275,1071.422,451.179,56.005,149.524,0.307501,-1,-1,-1
250,6,1116.646,448.983,34.604,100.739,0.409528,-1,-1,-1
250,301,781.990,433.689,134.051,450.684,0.824409,-1,-1,-1
250,293,411.879,460.189,52.197,121.514,0.557522,-1,-1,-1
250,224,566.890,454.003,30.171,69.686,0.455286,-1,-1,-1
250,201,462.534,448.676,42.114,117.390,0.503745,-1,-1,-1
250,299,724.300,474.378,47.580,129.781,0.484890,-1,-1,-1
251,2,999.185,428.344,127.699,425.755,0.656513,-1,-1,-1
251,4,878.574,400.843,247.509,652.561,0.831423,-1,-1,-1
251,7,1242.271,434.368,144.669,376.413,0.864433,-1,-1,-1
251,192,504.248,453.291,45.122,114.185,0.658695,-1,-1,-1
251,225,643.122,452.612,74.728,182.032,0.811096,-1,-1,-1
251,267,690.780,480.867,44.554,117.172,0.318384,-1,-1,-1
251,6,1116.157,446.084,36.261,104.297,0.402306,-1,-1,-1
251,301,788.704,434.044,135.005,451.486,0.878501,-1,-1,-1
251,293,410.752,460.155,51.402,119.889,0.600593,-1,-1,-1
251,224,568.450,454.316,29.470,68.508,0.401617,-1,-1,-1
251,201,462.252,449.313,41.658,115.467,0.470252,-1,-1,-1
251,320,1832.398,423.294,86.935,363.512,0.451670,-1,-1,-1
252,2,999.473,426.131,130.744,430.433,0.623640,-1,-1,-1
252,4,886.157,402.990,242.761,651.887,0.849457,-1,-1,-1
252,7,1246.762,433.434,150.768,376.243,0.890810,-1,-1,-1
252,192,504.253,452.921,45.191,114.345,0.673896,-1,-1,-1
252,225,645.169,452.303,74.855,183.514,0.820968,-1,-1,-1
252,267,692.041,477.099,44.947,120.660,0.347832,-1,-1,-1
252,6,1113.840,446.769,36.877,105.395,0.463724,-1,-1,-1
252,301,793.762,434.947,135.604,450.084,0.845334,-1,-1,-1
252,293,409.745,460.169,51.037,119.191,0.617124,-1,-1,-1
252,224,568.884,454.143,29.077,67.962,0.361280,-1,-1,-1
252,201,463.040,450.962,40.950,113.454,0.274444,-1,-1,-1
252,320,1833.333,419.349,86.667,371.546,0.599685,-1,-1,-1
252,275,1066.859,457.580,54.204,143.585,0.328105,-1,-1,-1
252,299,726.420,478.952,45.695,122.260,0.441340,-1,-1,-1
253,2,1000.892,427.115,131.787,431.346,0.297605,-1,-1,-1
253,4,895.570,399.861,240.643,656.270,0.859351,-1,-1,-1
253,7,1247.514,430.206,158.132,379.798,0.910161,-1,-1,-1
253,192,504.859,452.882,44.942,113.590,0.667835,-1,-1,-1
253,225,647.464,450.288,75.397,185.987,0.795683,-1,-1,-1
253,267,693.532,473.245,45.098,123.827,0.349946,-1,-1,-1
253,6,1107.924,444.657,38.770,108.660,0.555296,-1,-1,-1
253,301,793.523,434.809,136.672,449.020,0.802184,-1,-1,-1
253,293,408.692,458.795,51.327,119.983,0.647629,-1,-1,-1
253,224,568.828,453.777,29.369,68.827,0.303248,-1,-1,-1
253,201,463.705,449.392,41.499,114.843,0.356084,-1,-1,-1
253,320,1833.911,421.315,86.089,369.208,0.556569,-1,-1,-1
253,299,726.679,475.894,47.144,124.509,0.520081,-1,-1,-1
254,4,904.604,401.107,236.348,653.141,0.890481,-1,-1,-1
254,7,1246.195,430.797,163.777,379.757,0.915118,-1,-1,-1
254,192,505.420,453.229,44.617,112.963,0.668468,-1,-1,-1
254,225,650.188,450.258,74.658,185.211,0.828083,-1,-1,-1
254,267,695.599,473.854,43.537,122.118,0.350586,-1,-1,-1
254,6,1107.103,444.427,39.673,109.299,0.536986,-1,-1,-1
254,301,797.776,433.577,137.447,451.311,0.770611,-1,-1,-1
254,293,408.361,459.160,51.137,119.777,0.653212,-1,-1,-1
254,224,568.019,454.187,28.771,67.926,0.304308,-1,-1,-1
254,201,463.687,449.554,41.515,114.634,0.425136,-1,-1,-1
254,320,1829.431,397.698,90.569,390.193,0.744246,-1,-1,-1
254,299,727.261,476.354,47.363,124.055,0.517607,-1,-1,-1
254,275,1065.967,459.836,53.259,139.653,0.312526,-1,-1,-1
255,4,910.089,400.643,233.608,653.851,0.892525,-1,-1,-1
255,7,1244.978,430.669,169.949,381.803,0.917578,-1,-1,-1
255,192,506.142,452.031,44.635,113.184,0.689338,-1,-1,-1
255,225,652.506,449.147,75.978,190.064,0.790330,-1,-1,-1
255,267,695.863,468.420,44.701,128.869,0.311551,-1,-1,-1
255,6,1105.320,442.936,41.356,112.968,0.615057,-1,-1,-1
255,301,797.374,432.425,138.380,453.550,0.727358,-1,-1,-1
255,293,406.972,459.075,51.277,120.177,0.634094,-1,-1,-1
255,224,567.666,454.355,28.693,68.015,0.383425,-1,-1,-1
255,201,462.486,448.935,42.067,116.007,0.624234,-1,-1,-1
255,320,1824.069,389.723,94.666,396.260,0.769950,-1,-1,-1
255,299,727.885,476.993,47.584,123.740,0.539427,-1,-1,-1
255,275,1065.904,460.512,53.238,138.526,0.425875,-1,-1,-1
256,4,915.485,400.738,230.657,653.604,0.897280,-1,-1,-1
256,7,1244.972,433.646,174.221,380.469,0.912126,-1,-1,-1
256,192,506.443,451.399,44.633,113.384,0.669400,-1,-1,-1
256,225,654.221,450.176,75.831,190.541,0.809462,-1,-1,-1
256,6,1103.934,441.669,42.993,116.292,0.564589,-1,-1,-1
256,301,799.382,431.790,140.100,460.027,0.743098,-1,-1,-1
256,293,406.124,459.553,50.680,118.367,0.461316,-1,-1,-1
256,224,567.479,454.022,28.879,68.384,0.346701,-1,-1,-1
256,201,461.831,448.513,42.631,117.244,0.595260,-1,-1,-1
256,320,1819.392,390.908,95.131,394.762,0.789093,-1,-1,-1
256,299,727.946,476.253,48.015,124.480,0.483589,-1,-1,-1
256,275,1065.464,460.583,54.129,140.089,0.348404,-1,-1,-1
257,4,922.384,399.265,229.179,653.570,0.894843,-1,-1,-1
257,7,1246.884,435.757,177.570,380.279,0.905712,-1,-1,-1
257,192,506.165,451.956,45.057,114.595,0.672986,-1,-1,-1
257,225,655.260,449.354,76.240,191.370,0.812533,-1,-1,-1
257,6,1104.918,443.334,42.794,114.848,0.590069,-1,-1,-1
257,301,799.983,432.370,142.163,467.747,0.755286,-1,-1,-1
257,293,405.392,458.759,51.141,119.126,0.473410,-1,-1,-1
257,224,566.172,453.990,29.090,68.698,0.397817,-1,-1,-1
257,201,461.278,448.294,42.885,117.575,0.551423,-1,-1,-1
257,320,1812.364,388.833,97.802,399.911,0.760698,-1,-1,-1
257,299,728.335,475.210,48.503,125.262,0.412048,-1,-1,-1
257,275,1062.318,460.231,55.328,141.530,0.339527,-1,-1,-1
258,4,928.383,396.886,229.613,656.032,0.894714,-1,-1,-1
258,7,1249.415,434.493,180.490,381.427,0.913302,-1,-1,-1
258,192,506.382,454.798,44.354,112.748,0.644758,-1,-1,-1
258,225,656.431,449.829,76.570,192.321,0.818784,-1,-1,-1
258,6,1106.620,443.287,43.504,115.274,0.666234,-1,-1,-1
258,301,802.009,432.764,143.006,473.128,0.760391,-1,-1,-1
258,224,566.438,454.375,29.139,68.966,0.362963,-1,-1,-1
258,320,1809.399,392.240,98.711,397.041,0.837561,-1,-1,-1
258,299,726.957,474.237,48.775,126.276,0.398596,-1,-1,-1
258,275,1056.714,458.144,60.944,151.935,0.482395,-1,-1,-1
259,4,931.448,394.729,229.575,657.409,0.842717,-1,-1,-1
259,7,1252.632,431.418,183.653,386.073,0.888774,-1,-1,-1
259,192,506.449,454.870,44.654,113.590,0.654671,-1,-1,-1
259,225,657.963,449.973,77.361,194.147,0.820704,-1,-1,-1
259,6,1107.119,442.009,44.145,115.830,0.642229,-1,-1,-1
259,301,797.611,431.054,145.667,479.480,0.751234,-1,-1,-1
259,224,565.908,454.275,29.001,68.787,0.448553,-1,-1,-1
259,320,1799.530,396.134,100.274,389.593,0.819961,-1,-1,-1
259,299,726.575,474.262,48.661,126.433,0.475704,-1,-1,-1
259,275,1056.281,458.266,62.684,153.378,0.589135,-1,-1,-1
259,233,1281.202,441.051,43.828,109.080,0.497266,-1,-1,-1
260,4,931.098,394.502,228.719,658.013,0.808272,-1,-1,-1
260,7,1259.339,429.978,184.134,387.531,0.867955,-1,-1,-1
260,192,506.355,455.102,44.789,113.832,0.683716,-1,-1,-1
260,225,659.791,451.546,76.407,191.579,0.842756,-1,-1,-1
260,6,1107.962,442.809,42.975,112.043,0.586245,-1,-1,-1
260,301,787.987,431.541,149.359,483.379,0.760485,-1,-1,-1
260,224,565.611,454.165,28.641,67.763,0.444559,-1,-1,-1
260,320,1782.781,396.887,104.358,384.046,0.853702,-1,-1,-1
260,299,727.924,473.919,49.414,127.458,0.520837,-1,-1,-1
260,275,1056.366,460.906,60.825,146.065,0.676297,-1,-1,-1
260,233,1283.056,440.071,46.028,111.979,0.476491,-1,-1,-1
260,293,400.077,458.584,50.451,117.484,0.407362,-1,-1,-1
260,201,461.917,448.459,42.789,117.295,0.391246,-1,-1,-1
261,4,926.951,397.499,223.967,652.237,0.854050,-1,-1,-1
261,7,1266.506,426.872,184.301,391.300,0.824155,-1,-1,-1
261,192,506.707,455.025,45.017,114.417,0.688327,-1,-1,-1
261,225,661.611,453.217,76.301,191.155,0.883579,-1,-1,-1
261,6,1109.018,442.422,43.266,111.971,0.579769,-1,-1,-1
261,301,782.881,431.809,153.276,487.552,0.780384,-1,-1,-1
261,224,565.190,453.620,29.066,68.685,0.406773,-1,-1,-1
261,320,1760.534,394.274,112.934,383.009,0.894057,-1,-1,-1
261,299,728.956,473.611,49.905,127.688,0.472625,-1,-1,-1
261,275,1056.843,461.422,60.392,143.542,0.566518,-1,-1,-1
261,233,1285.718,441.412,45.662,110.390,0.456510,-1,-1,-1
261,293,399.225,458.525,50.010,115.672,0.437824,-1,-1,-1
261,201,461.205,450.172,42.191,115.109,0.517226,-1,-1,-1
262,4,926.551,397.748,222.137,653.100,0.866628,-1,-1,-1
262,7,1276.149,427.442,184.165,395.988,0.827870,-1,-1,-1
262,192,507.252,456.847,44.291,112.305,0.691292,-1,-1,-1
262,225,663.863,455.182,74.746,186.760,0.846374,-1,-1,-1
262,6,1108.277,441.418,44.879,115.607,0.584441,-1,-1,-1
262,301,785.089,432.219,155.928,489.911,0.784506,-1,-1,-1
262,224,567.103,453.910,29.154,68.932,0.386272,-1,-1,-1
262,320,1741.760,398.010,121.055,374.787,0.920405,-1,-1,-1
262,299,728.452,473.597,50.335,127.343,0.566858,-1,-1,-1
262,275,1055.163,460.922,63.555,149.267,0.582641,-1,-1,-1
262,233,1286.277,439.479,46.673,113.261,0.313123,-1,-1,-1
262,293,399.024,457.287,51.125,117.474,0.449245,-1,-1,-1
262,201,462.087,453.147,41.295,112.584,0.382705,-1,-1,-1
263,4,927.879,397.120,220.671,654.663,0.834065,-1,-1,-1
263,7,1291.272,429.086,179.624,396.263,0.839265,-1,-1,-1
263,192,507.342,457.230,44.345,112.117,0.693737,-1,-1,-1
263,225,666.383,456.656,73.674,183.685,0.818774,-1,-1,-1
263,6,1109.030,440.577,45.818,117.501,0.593466,-1,-1,-1
263,301,789.795,432.310,156.844,490.914,0.794213,-1,-1,-1
263,224,569.757,454.709,29.128,69.185,0.348765,-1,-1,-1
263,320,1730.545,405.776,128.675,364.324,0.931165,-1,-1,-1
263,299,728.901,473.259,50.660,126.704,0.595143,-1,-1,-1
263,275,1054.335,458.081,67.052,154.426,0.377222,-1,-1,-1
263,233,1289.755,442.433,45.493,109.984,0.457407,-1,-1,-1
263,293,398.129,457.978,50.993,116.794,0.355374,-1,-1,-1
263,201,461.816,455.578,40.553,110.538,0.427573,-1,-1,-1
264,4,929.855,397.201,219.176,655.200,0.850077,-1,-1,-1
264,7,1303.400,425.330,177.702,402.004,0.880075,-1,-1,-1
264,192,507.531,458.352,43.646,110.050,0.673161,-1,-1,-1
264,225,668.140,456.575,73.830,184.159,0.816317,-1,-1,-1
264,6,1111.747,438.781,46.043,118.258,0.528160,-1,-1,-1
264,301,786.391,431.790,158.684,491.793,0.807882,-1,-1,-1
264,224,570.931,455.281,28.916,68.932,0.349196,-1,-1,-1
264,320,1718.708,410.210,137.732,358.545,0.900394,-1,-1,-1
264,299,729.545,473.037,51.394,127.573,0.686313,-1,-1,-1
264,275,1052.204,453.639,70.142,158.802,0.299399,-1,-1,-1
264,233,1294.342,442.989,44.438,109.011,0.368449,-1,-1,-1
264,293,398.559,458.639,48.600,110.693,0.346555,-1,-1,-1
264,201,460.475,454.190,40.954,111.657,0.427828,-1,-1,-1
265,4,932.247,397.153,217.056,654.470,0.833965,-1,-1,-1
265,7,1311.890,424.414,175.351,405.673,0.860261,-1,-1,-1
265,192,507.673,458.361,43.753,110.150,0.672256,-1,-1,-1
265,225,670.483,457.747,74.926,186.719,0.863699,-1,-1,-1
265,6,1113.968,440.362,45.727,117.265,0.636666,-1,-1,-1
265,301,784.357,431.610,160.376,492.902,0.813770,-1,-1,-1
265,224,570.932,455.936,28.700,68.572,0.314943,-1,-1,-1
265,320,1707.407,411.694,148.261,358.654,0.905664,-1,-1,-1
265,299,731.682,472.616,51.399,127.521,0.653737,-1,-1,-1
265,233,1298.965,442.148,43.976,108.973,0.302061,-1,-1,-1
265,293,398.325,459.005,48.619,110.672,0.318446,-1,-1,-1
265,201,459.090,451.879,41.866,113.830,0.384567,-1,-1,-1
266,4,936.500,398.974,215.381,652.793,0.840556,-1,-1,-1
266,7,1318.902,423.792,174.377,411.964,0.855772,-1,-1,-1
266,192,507.387,457.692,43.779,109.822,0.650833,-1,-1,-1
266,225,670.911,453.197,77.689,193.087,0.832957,-1,-1,-1
266,6,1116.114,441.854,44.819,114.837,0.620751,-1,-1,-1
266,301,787.368,431.298,161.133,494.078,0.798276,-1,-1,-1
266,224,569.263,455.727,28.603,68.154,0.299080,-1,-1,-1
266,320,1696.293,415.138,156.658,358.266,0.888519,-1,-1,-1
266,299,733.357,472.476,51.042,128.058,0.572557,-1,-1,-1
266,201,457.470,450.579,42.481,114.950,0.324943,-1,-1,-1
267,4,940.550,400.305,214.016,651.636,0.819137,-1,-1,-1
267,7,1329.455,423.924,171.366,413.245,0.865013,-1,-1,-1
267,192,507.158,457.332,43.940,109.851,0.685686,-1,-1,-1
267,225,670.301,450.592,79.320,196.719,0.830903,-1,-1,-1
267,6,1117.130,439.909,45.670,116.432,0.746260,-1,-1,-1
267,301,795.396,431.299,160.505,493.806,0.793726,-1,-1,-1
267,224,570.969,455.690,28.153,67.398,0.304962,-1,-1,-1
267,320,1684.219,412.880,160.835,352.323,0.883016,-1,-1,-1
267,299,734.358,471.627,51.050,128.540,0.595460,-1,-1,-1
267,201,455.740,447.615,43.913,117.955,0.405365,-1,-1,-1
268,4,942.245,401.495,212.365,651.407,0.824746,-1,-1,-1
268,7,1339.626,429.112,168.536,411.210,0.849185,-1,-1,-1
268,192,505.994,456.125,44.520,110.359,0.662049,-1,-1,-1
268,225,671.549,450.498,79.926,198.078,0.818296,-1,-1,-1
268,6,1117.910,440.104,45.948,116.840,0.749338,-1,-1,-1
268,301,788.773,431.212,161.643,493.789,0.835474,-1,-1,-1
268,224,572.208,455.198,28.313,67.809,0.285818,-1,-1,-1
268,320,1669.749,415.134,163.561,348.521,0.888510,-1,-1,-1
268,201,454.608,451.794,42.393,113.256,0.313657,-1,-1,-1
268,2,1033.885,421.850,132.906,437.312,0.362560,-1,-1,-1
269,4,945.254,401.966,210.951,650.221,0.838114,-1,-1,-1
269,7,1352.432,429.234,170.020,412.633,0.856925,-1,-1,-1
269,192,505.270,457.001,44.719,109.908,0.686424,-1,-1,-1
269,225,672.521,453.243,78.929,193.850,0.800180,-1,-1,-1
269,6,1118.821,441.033,45.507,115.771,0.711603,-1,-1,-1
269,301,785.668,429.984,162.735,494.450,0.841497,-1,-1,-1
269,224,571.796,454.903,28.269,67.547,0.275186,-1,-1,-1
269,320,1658.902,414.993,164.819,348.264,0.841635,-1,-1,-1
269,201,454.221,453.404,41.943,110.980,0.467870,-1,-1,-1
269,341,809.213,480.552,32.609,85.768,0.398422,-1,-1,-1
269,2,1044.754,425.573,134.838,427.092,0.362056,-1,-1,-1
269,233,1305.488,440.784,44.536,110.916,0.311989,-1,-1,-1
270,4,945.056,401.552,209.891,651.254,0.839571,-1,-1,-1
270,7,1363.590,428.880,172.656,413.135,0.893181,-1,-1,-1
270,192,505.404,457.376,44.788,109.297,0.679275,-1,-1,-1
270,225,673.846,454.558,78.526,191.815,0.801969,-1,-1,-1
270,6,1119.654,439.927,44.910,114.753,0.667868,-1,-1,-1
270,301,785.531,429.816,163.458,494.134,0.821554,-1,-1,-1
270,224,571.084,454.833,27.834,66.420,0.263379,-1,-1,-1
270,320,1645.377,414.815,162.331,344.723,0.868449,-1,-1,-1
270,201,453.359,452.806,42.297,111.363,0.373195,-1,-1,-1
270,2,1047.885,425.214,138.513,428.037,0.290703,-1,-1,-1
270,233,1306.353,440.194,45.680,113.218,0.437652,-1,-1,-1
270,293,392.068,458.837,51.630,117.624,0.258762,-1,-1,-1
271,4,946.544,399.926,208.856,652.322,0.834238,-1,-1,-1
271,7,1370.376,428.885,176.379,414.106,0.889903,-1,-1,-1
271,192,505.205,457.627,44.625,108.800,0.660459,-1,-1,-1
271,225,678.002,454.592,77.675,191.016,0.780148,-1,-1,-1
271,6,1120.880,438.370,44.469,114.056,0.531142,-1,-1,-1
271,301,785.699,429.414,164.373,494.608,0.833253,-1,-1,-1
271,320,1633.506,410.758,159.900,347.117,0.816202,-1,-1,-1
271,201,452.943,453.385,41.952,109.827,0.374901,-1,-1,-1
271,2,1040.308,423.031,139.949,439.648,0.283403,-1,-1,-1
271,293,391.180,460.055,51.395,116.965,0.289500,-1,-1,-1
272,4,947.439,399.080,207.561,653.525,0.851358,-1,-1,-1
272,7,1375.434,430.507,180.257,414.607,0.900685,-1,-1,-1
272,192,505.721,457.721,44.837,108.453,0.687138,-1,-1,-1
272,225,682.613,454.030,78.478,193.343,0.783706,-1,-1,-1
272,6,1122.217,436.604,43.926,113.215,0.503100,-1,-1,-1
272,301,785.728,428.719,165.419,495.836,0.846232,-1,-1,-1
272,320,1615.743,407.874,155.358,348.719,0.797320,-1,-1,-1
272,201,452.784,452.240,42.959,111.670,0.479344,-1,-1,-1
272,2,1043.160,419.186,138.283,438.481,0.378017,-1,-1,-1
272,293,391.573,460.078,52.059,118.351,0.414904,-1,-1,-1
272,299,731.774,468.032,51.349,131.529,0.332297,-1,-1,-1
272,224,570.434,455.102,27.523,66.170,0.284517,-1,-1,-1
273,4,948.871,396.848,205.811,654.322,0.863879,-1,-1,-1
273,7,1377.491,430.756,185.025,417.740,0.912651,-1,-1,-1
273,192,505.574,458.513,45.042,108.135,0.687433,-1,-1,-1
273,225,683.662,452.266,79.533,195.758,0.777630,-1,-1,-1
273,6,1124.722,436.296,44.157,113.291,0.488392,-1,-1,-1
273,301,785.445,428.259,166.100,496.264,0.859120,-1,-1,-1
273,320,1606.809,406.173,151.245,349.542,0.778983,-1,-1,-1
273,201,452.737,454.139,42.624,109.556,0.541972,-1,-1,-1
273,2,1061.806,419.679,132.342,404.908,0.409768,-1,-1,-1
273,293,391.138,459.628,52.069,119.147,0.567660,-1,-1,-1
273,299,733.432,469.708,50.160,129.335,0.501048,-1,-1,-1
273,224,571.754,455.602,27.065,65.670,0.264765,-1,-1,-1
274,4,950.826,395.749,203.907,654.194,0.861765,-1,-1,-1
274,7,1378.004,431.601,189.481,420.577,0.913897,-1,-1,-1
274,192,505.336,457.938,45.774,109.117,0.700665,-1,-1,-1
274,225,685.823,452.523,79.329,195.492,0.769787,-1,-1,-1
274,6,1127.479,435.946,45.123,113.909,0.398784,-1,-1,-1
274,301,787.230,428.305,166.421,496.292,0.839740,-1,-1,-1
274,320,1597.305,405.902,146.971,348.069,0.797035,-1,-1,-1
274,201,452.655,453.454,43.019,109.759,0.617346,-1,-1,-1
274,2,1073.117,422.194,130.427,382.639,0.457914,-1,-1,-1
274,293,391.492,458.708,52.389,120.376,0.643231,-1,-1,-1
274,299,733.602,469.810,49.286,128.526,0.518199,-1,-1,-1
274,224,571.533,455.731,26.898,65.822,0.283111,-1,-1,-1
274,347,673.493,460.444,41.005,144.200,0.364046,-1,-1,-1
275,4,951.633,394.078,202.491,656.738,0.861960,-1,-1,-1
275,7,1379.480,432.000,192.875,423.768,0.915071,-1,-1,-1
275,192,504.815,457.448,46.269,109.622,0.712012,-1,-1,-1
275,225,692.215,452.432,78.641,194.493,0.744922,-1,-1,-1
275,301,789.274,428.367,167.101,495.675,0.853400,-1,-1,-1
275,320,1583.027,411.671,143.912,341.160,0.827629,-1,-1,-1
275,201,452.386,452.713,43.456,110.361,0.526395,-1,-1,-1
275,293,391.594,458.129,52.421,120.707,0.629082,-1,-1,-1
275,299,737.816,470.594,47.696,127.391,0.355483,-1,-1,-1
275,224,571.590,455.044,26.477,65.377,0.266445,-1,-1,-1
275,347,673.555,457.117,41.955,147.388,0.558971,-1,-1,-1
276,4,954.084,393.363,201.082,658.365,0.848870,-1,-1,-1
276,7,1380.577,431.918,194.487,423.953,0.911267,-1,-1,-1
276,192,504.375,457.908,46.185,108.994,0.697670,-1,-1,-1
276,225,696.129,452.715,77.989,193.882,0.760574,-1,-1,-1
276,301,789.469,427.372,167.921,496.014,0.867314,-1,-1,-1
276,320,1569.258,416.513,143.973,335.310,0.869673,-1,-1,-1
276,201,451.480,455.001,42.095,106.773,0.458745,-1,-1,-1
276,293,390.849,457.106,52.873,122.403,0.639103,-1,-1,-1
276,347,674.454,465.974,39.139,136.767,0.548139,-1,-1,-1
277,4,958.517,391.443,200.877,660.642,0.850959,-1,-1,-1
277,7,1380.947,428.707,197.558,428.724,0.893072,-1,-1,-1
277,192,504.166,459.229,45.805,107.555,0.696177,-1,-1,-1
277,225,698.346,453.406,78.036,193.451,0.781393,-1,-1,-1
277,301,789.975,425.916,169.296,497.208,0.864552,-1,-1,-1
277,320,1556.658,416.190,148.365,337.051,0.860909,-1,-1,-1
277,201,450.999,455.891,40.459,102.771,0.256860,-1,-1,-1
277,293,390.226,457.471,52.699,122.119,0.608896,-1,-1,-1
277,347,674.682,472.105,38.744,134.558,0.430463,-1,-1,-1
278,4,961.186,390.309,200.113,661.624,0.854526,-1,-1,-1
278,7,1385.511,427.444,199.231,431.983,0.848216,-1,-1,-1
278,192,503.955,460.078,45.531,106.683,0.696820,-1,-1,-1
278,225,701.779,452.970,79.314,195.387,0.815851,-1,-1,-1
278,301,790.439,424.692,170.503,498.533,0.861248,-1,-1,-1
278,320,1548.767,416.403,151.163,334.702,0.906803,-1,-1,-1
278,201,449.856,455.171,40.152,102.333,0.448526,-1,-1,-1
278,293,388.670,456.579,53.089,122.795,0.615048,-1,-1,-1
278,347,675.985,477.216,38.316,131.275,0.618245,-1,-1,-1
278,233,1326.872,442.486,42.265,107.309,0.484080,-1,-1,-1
279,4,964.770,390.664,198.700,660.230,0.829924,-1,-1,-1
279,7,1388.765,425.451,199.227,434.292,0.797989,-1,-1,-1
279,192,503.374,457.226,46.428,108.245,0.673728,-1,-1,-1
279,225,704.404,451.614,81.439,199.141,0.807161,-1,-1,-1
279,301,791.405,423.890,171.434,498.996,0.862736,-1,-1,-1
279,320,1543.512,418.366,153.895,333.930,0.883877,-1,-1,-1
279,201,448.476,453.727,41.345,106.018,0.357505,-1,-1,-1
279,293,387.055,454.947,54.066,124.722,0.657502,-1,-1,-1
279,347,678.372,482.272,37.478,125.400,0.625711,-1,-1,-1
280,4,967.135,391.001,197.355,659.270,0.820286,-1,-1,-1
280,7,1409.044,421.801,197.527,439.955,0.782002,-1,-1,-1
280,192,503.356,456.656,46.848,108.753,0.678651,-1,-1,-1
280,225,706.627,451.470,82.355,199.805,0.825339,-1,-1,-1
280,301,794.589,422.822,173.481,500.214,0.864053,-1,-1,-1
280,320,1545.164,417.258,154.123,332.615,0.835626,-1,-1,-1
280,201,448.840,455.290,40.694,105.112,0.306006,-1,-1,-1
280,293,385.869,455.019,54.149,125.027,0.669405,-1,-1,-1
280,347,678.431,484.130,37.478,122.501,0.651615,-1,-1,-1
280,2,1082.929,422.369,132.435,380.502,0.287545,-1,-1,-1
280,233,1331.689,443.114,40.427,105.073,0.281145,-1,-1,-1
281,4,967.961,391.878,195.710,658.822,0.837595,-1,-1,-1
281,7,1419.804,419.172,194.267,443.965,0.755414,-1,-1,-1
281,192,503.247,456.460,47.021,108.759,0.678493,-1,-1,-1
281,225,709.134,453.371,82.422,197.320,0.795987,-1,-1,-1
281,301,798.899,423.049,175.121,500.246,0.872313,-1,-1,-1
281,320,1538.239,412.493,158.316,342.139,0.800201,-1,-1,-1
281,201,448.653,455.399,40.191,104.312,0.250822,-1,-1,-1
281,293,385.057,456.895,53.294,123.055,0.620657,-1,-1,-1
281,347,678.653,485.997,37.292,118.912,0.707061,-1,-1,-1
281,360,555.871,454.780,27.144,66.111,0.374459,-1,-1,-1
281,2,1083.896,427.595,133.136,373.997,0.460866,-1,-1,-1
281,233,1335.644,444.421,39.328,102.949,0.269810,-1,-1,-1
282,4,970.608,392.782,194.417,658.024,0.846300,-1,-1,-1
282,7,1432.024,421.087,189.027,443.852,0.753829,-1,-1,-1
282,192,503.358,456.127,47.210,109.083,0.660794,-1,-1,-1
282,225,712.223,454.124,82.677,195.462,0.831082,-1,-1,-1
282,301,801.252,423.452,177.744,500.973,0.889653,-1,-1,-1
282,320,1531.403,416.342,154.098,335.981,0.566073,-1,-1,-1
282,201,448.205,454.756,40.413,105.592,0.342018,-1,-1,-1
282,293,384.796,460.201,51.585,119.290,0.659462,-1,-1,-1
282,347,678.710,487.386,37.534,116.407,0.694699,-1,-1,-1
282,360,555.584,454.021,27.424,66.815,0.394527,-1,-1,-1
282,2,1083.217,428.145,135.675,374.569,0.511478,-1,-1,-1
282,233,1337.659,444.641,39.497,103.717,0.536890,-1,-1,-1
283,4,976.095,393.092,193.732,658.023,0.850070,-1,-1,-1
283,7,1444.972,417.352,188.248,445.141,0.771133,-1,-1,-1
283,192,503.261,456.341,47.181,108.917,0.684829,-1,-1,-1
283,225,714.024,454.118,83.500,195.368,0.848134,-1,-1,-1
283,301,805.028,422.905,181.304,502.165,0.891246,-1,-1,-1
283,320,1525.128,413.859,135.414,303.849,0.534123,-1,-1,-1
283,201,448.440,454.747,40.327,105.779,0.423119,-1,-1,-1
283,293,384.192,461.247,50.812,117.662,0.681198,-1,-1,-1
283,347,679.157,487.685,38.737,116.759,0.690947,-1,-1,-1
283,360,555.833,454.658,27.154,66.196,0.411481,-1,-1,-1
283,2,1083.830,427.644,137.469,372.546,0.482699,-1,-1,-1
283,233,1339.338,443.161,40.259,105.401,0.453988,-1,-1,-1
284,4,980.104,395.090,192.339,655.863,0.825736,-1,-1,-1
284,7,1460.905,422.024,183.473,439.621,0.848940,-1,-1,-1
284,192,503.110,456.717,47.312,109.235,0.714185,-1,-1,-1
284,225,715.924,454.410,84.165,195.578,0.843024,-1,-1,-1
284,301,809.725,421.693,184.833,503.739,0.890803,-1,-1,-1
284,201,448.643,453.141,41.049,108.372,0.496261,-1,-1,-1
284,293,383.509,458.333,52.464,121.482,0.688317,-1,-1,-1
284,347,678.119,484.924,40.649,119.481,0.684690,-1,-1,-1
284,360,556.702,456.017,26.488,64.656,0.435647,-1,-1,-1
284,2,1083.710,431.548,136.626,367.247,0.390956,-1,-1,-1
284,233,1341.718,443.552,40.294,104.720,0.675414,-1,-1,-1
284,6,1144.849,442.585,44.088,111.229,0.537236,-1,-1,-1
285,4,980.987,396.691,191.066,655.268,0.797279,-1,-1,-1
285,7,1471.173,423.400,179.837,436.229,0.840859,-1,-1,-1
285,192,502.895,457.626,47.310,108.942,0.709651,-1,-1,-1
285,225,717.556,453.972,85.563,197.012,0.830341,-1,-1,-1
285,301,813.182,420.479,188.248,505.632,0.891730,-1,-1,-1
285,201,449.100,452.343,41.361,109.772,0.302730,-1,-1,-1
285,293,382.970,457.107,52.966,122.723,0.668431,-1,-1,-1
285,347,677.541,483.953,42.061,120.595,0.728825,-1,-1,-1
285,360,557.249,456.743,26.094,63.877,0.432671,-1,-1,-1
285,233,1343.799,443.076,40.918,106.517,0.669910,-1,-1,-1
285,367,953.723,460.831,57.969,141.004,0.319509,-1,-1,-1
285,368,1458.799,422.558,82.007,362.161,0.420651,-1,-1,-1
285,6,1145.682,443.451,43.984,110.351,0.540338,-1,-1,-1
286,4,985.036,399.409,189.718,653.644,0.796540,-1,-1,-1
286,7,1486.836,430.000,176.988,431.558,0.871654,-1,-1,-1
286,192,502.685,457.715,47.336,108.790,0.705768,-1,-1,-1
286,225,719.174,452.993,86.850,198.176,0.833232,-1,-1,-1
286,301,817.027,419.370,191.760,506.933,0.894353,-1,-1,-1
286,293,382.020,456.902,52.957,122.733,0.661526,-1,-1,-1
286,347,676.910,483.534,43.235,121.070,0.731603,-1,-1,-1
286,360,557.089,456.737,26.100,64.094,0.430954,-1,-1,-1
286,233,1347.825,443.327,40.947,106.560,0.691106,-1,-1,-1
286,367,956.143,461.207,57.904,141.267,0.297606,-1,-1,-1
286,368,1462.778,417.892,84.520,373.797,0.609820,-1,-1,-1
286,6,1146.177,443.342,44.473,111.563,0.559184,-1,-1,-1
286,2,1082.549,434.575,136.654,366.729,0.286415,-1,-1,-1
287,4,988.648,402.666,188.449,650.676,0.815318,-1,-1,-1
287,7,1503.605,430.517,178.771,431.842,0.897006,-1,-1,-1
287,192,501.645,457.026,47.959,110.039,0.678907,-1,-1,-1
287,225,721.579,453.800,86.603,196.584,0.821767,-1,-1,-1
287,301,817.959,419.795,194.183,506.280,0.902566,-1,-1,-1
287,293,381.320,458.353,52.547,121.708,0.629958,-1,-1,-1
287,347,676.503,484.083,43.621,118.647,0.731763,-1,-1,-1
287,360,556.964,457.789,25.684,63.420,0.421568,-1,-1,-1
287,233,1349.479,443.342,41.275,107.339,0.644155,-1,-1,-1
287,368,1472.056,415.497,85.785,378.671,0.464324,-1,-1,-1
287,6,1146.876,444.426,44.659,111.795,0.592717,-1,-1,-1
287,201,449.496,451.849,41.695,110.802,0.364466,-1,-1,-1
288,4,991.568,402.426,187.899,650.987,0.760558,-1,-1,-1
288,7,1514.510,429.922,183.415,433.747,0.913500,-1,-1,-1
288,192,501.343,458.675,47.500,108.499,0.677248,-1,-1,-1
288,225,722.068,447.960,89.673,203.457,0.831129,-1,-1,-1
288,301,820.244,420.307,196.163,505.805,0.881107,-1,-1,-1
288,293,381.007,459.301,52.049,120.441,0.591839,-1,-1,-1
288,347,675.800,482.723,45.107,119.883,0.700949,-1,-1,-1
288,360,557.429,459.216,24.759,61.449,0.427340,-1,-1,-1
288,233,1352.132,442.977,42.067,107.581,0.572193,-1,-1,-1
288,368,1479.499,411.966,86.744,382.466,0.550610,-1,-1,-1
288,6,1147.809,444.662,44.712,112.455,0.602135,-1,-1,-1
288,201,448.840,454.218,41.190,108.798,0.292362,-1,-1,-1
289,4,999.293,404.569,188.789,649.165,0.723692,-1,-1,-1
289,7,1523.707,431.877,188.878,433.423,0.922096,-1,-1,-1
289,192,501.230,458.730,47.751,108.977,0.684594,-1,-1,-1
289,225,724.727,446.906,90.071,205.050,0.823118,-1,-1,-1
289,301,822.160,420.758,198.545,507.746,0.884599,-1,-1,-1
289,293,381.186,460.170,51.548,119.244,0.512942,-1,-1,-1
289,347,675.826,483.122,47.444,122.949,0.734117,-1,-1,-1
289,360,557.921,460.424,23.940,59.705,0.411602,-1,-1,-1
289,233,1354.145,444.052,42.104,106.028,0.317265,-1,-1,-1
289,368,1474.278,409.783,79.744,347.516,0.545924,-1,-1,-1
289,6,1149.409,445.598,44.011,110.725,0.637922,-1,-1,-1
290,4,996.858,402.283,188.476,652.344,0.805642,-1,-1,-1
290,7,1526.783,424.544,200.025,446.614,0.924101,-1,-1,-1
290,192,501.577,458.345,47.743,108.879,0.701814,-1,-1,-1
290,225,727.470,447.653,89.215,204.241,0.840961,-1,-1,-1
290,301,826.045,421.573,198.815,506.392,0.887330,-1,-1,-1
290,293,380.979,460.796,50.231,116.582,0.556328,-1,-1,-1
290,347,675.874,482.246,49.282,125.408,0.699379,-1,-1,-1
290,360,557.922,459.993,23.982,60.076,0.450502,-1,-1,-1
290,233,1356.464,441.895,44.035,108.767,0.315481,-1,-1,-1
290,6,1151.452,445.875,43.197,108.834,0.484669,-1,-1,-1
290,320,1424.820,408.209,167.084,383.355,0.488433,-1,-1,-1
290,201,449.223,461.556,39.073,102.238,0.283073,-1,-1,-1
291,4,996.461,400.165,187.612,654.246,0.791855,-1,-1,-1
291,7,1527.141,423.687,207.332,450.485,0.926756,-1,-1,-1
291,192,502.819,457.787,47.191,107.876,0.675527,-1,-1,-1
291,225,730.509,447.350,88.973,205.022,0.860564,-1,-1,-1
291,301,829.007,421.723,198.887,505.720,0.888870,-1,-1,-1
291,293,380.283,460.954,50.328,116.749,0.552217,-1,-1,-1
291,347,676.128,480.400,50.884,127.368,0.682068,-1,-1,-1
291,360,557.771,459.427,24.250,61.098,0.450484,-1,-1,-1
291,233,1359.109,443.248,44.397,107.358,0.364747,-1,-1,-1
291,6,1153.308,446.101,43.067,108.900,0.458438,-1,-1,-1
291,320,1418.664,409.928,158.099,356.549,0.640607,-1,-1,-1
291,2,1088.589,432.378,139.267,368.751,0.255594,-1,-1,-1
292,4,997.043,399.958,186.336,654.502,0.821267,-1,-1,-1
292,7,1527.185,427.987,211.508,447.584,0.918710,-1,-1,-1
292,192,503.414,457.223,47.024,107.579,0.683471,-1,-1,-1
292,225,736.674,446.184,87.738,204.300,0.824916,-1,-1,-1
292,301,829.597,421.587,198.572,504.283,0.915986,-1,-1,-1
292,293,379.678,460.996,50.711,117.666,0.555650,-1,-1,-1
292,347,676.387,480.789,51.477,126.714,0.645868,-1,-1,-1
292,360,557.418,458.217,24.561,62.409,0.453178,-1,-1,-1
292,233,1359.400,444.447,44.698,106.157,0.369527,-1,-1,-1
292,6,1154.400,442.851,43.908,111.724,0.478962,-1,-1,-1
292,320,1410.668,425.125,137.445,302.948,0.578986,-1,-1,-1
292,381,580.826,458.501,21.146,58.226,0.318106,-1,-1,-1
292,2,1090.083,433.872,140.277,368.627,0.313819,-1,-1,-1
293,4,1001.070,400.023,186.476,655.169,0.773206,-1,-1,-1
293,7,1528.857,431.079,217.079,446.931,0.911239,-1,-1,-1
293,192,503.376,457.216,47.504,108.754,0.722487,-1,-1,-1
293,225,740.503,446.269,86.413,201.962,0.832428,-1,-1,-1
293,301,830.702,421.166,198.268,503.633,0.916857,-1,-1,-1
293,293,378.796,461.368,50.079,116.333,0.524738,-1,-1,-1
293,347,676.601,477.897,53.401,129.732,0.609887,-1,-1,-1
293,360,556.780,457.680,25.044,64.131,0.437719,-1,-1,-1
293,233,1358.656,444.190,46.077,106.680,0.441127,-1,-1,-1
293,6,1155.957,441.027,44.057,112.016,0.605841,-1,-1,-1
293,320,1405.839,431.473,131.166,284.375,0.741794,-1,-1,-1
293,381,579.895,458.457,21.230,58.444,0.317383,-1,-1,-1
293,368,1504.041,416.626,87.738,371.540,0.491719,-1,-1,-1
294,4,1004.804,401.500,186.032,651.667,0.803668,-1,-1,-1
294,7,1526.153,430.402,222.168,446.392,0.916120,-1,-1,-1
294,192,503.299,456.191,47.453,108.761,0.689216,-1,-1,-1
294,225,744.885,445.401,86.483,203.084,0.831522,-1,-1,-1
294,301,832.825,421.188,197.533,502.979,0.911243,-1,-1,-1
294,293,378.481,461.386,50.363,117.033,0.541938,-1,-1,-1
294,347,675.803,477.416,54.260,130.356,0.671599,-1,-1,-1
294,360,556.960,458.208,24.930,64.123,0.439637,-1,-1,-1
294,233,1360.052,442.904,47.568,108.738,0.474502,-1,-1,-1
294,6,1157.533,440.521,44.231,112.744,0.653608,-1,-1,-1
294,320,1401.466,432.032,132.282,282.701,0.857902,-1,-1,-1
294,381,580.003,458.997,21.311,58.643,0.319649,-1,-1,-1
294,368,1506.610,416.207,92.233,375.140,0.591162,-1,-1,-1
295,4,1009.103,402.223,187.047,650.381,0.785292,-1,-1,-1
295,7,1522.629,428.261,228.958,451.743,0.894784,-1,-1,-1
295,192,503.531,456.413,47.225,108.342,0.685119,-1,-1,-1
295,225,748.224,443.999,86.719,204.283,0.802523,-1,-1,-1
295,301,834.071,420.409,197.502,504.569,0.905037,-1,-1,-1
295,293,378.403,461.083,50.761,117.869,0.590339,-1,-1,-1
295,347,674.927,477.727,54.857,130.820,0.691596,-1,-1,-1
295,360,556.947,457.798,25.043,64.714,0.414298,-1,-1,-1
295,233,1362.375,443.312,47.968,108.837,0.645735,-1,-1,-1
295,6,1159.483,442.510,43.267,110.464,0.629414,-1,-1,-1
295,320,1401.180,430.811,136.116,284.333,0.875463,-1,-1,-1
295,381,580.129,457.808,22.086,60.758,0.345834,-1,-1,-1
295,368,1516.537,419.083,96.529,381.251,0.452862,-1,-1,-1
296,4,1010.258,400.820,188.543,651.714,0.762897,-1,-1,-1
296,7,1529.487,432.003,229.609,450.087,0.866131,-1,-1,-1
296,192,503.893,456.054,46.639,107.460,0.629233,-1,-1,-1
296,225,749.284,443.761,87.067,205.952,0.807326,-1,-1,-1
296,301,836.305,420.672,196.934,505.485,0.899484,-1,-1,-1
296,293,377.875,460.150,51.271,118.905,0.637575,-1,-1,-1
296,347,675.148,481.587,53.697,127.118,0.700959,-1,-1,-1
296,360,556.953,457.167,25.249,65.461,0.396774,-1,-1,-1
296,233,1367.636,442.978,47.484,108.072,0.579737,-1,-1,-1
296,6,1161.768,444.899,42.413,108.031,0.585525,-1,-1,-1
296,320,1399.588,428.890,139.697,285.879,0.863705,-1,-1,-1
296,381,580.723,457.582,22.339,61.417,0.345097,-1,-1,-1
296,368,1524.446,423.980,100.144,381.050,0.564352,-1,-1,-1
297,4,1010.378,402.720,188.067,646.711,0.751056,-1,-1,-1
297,7,1532.187,431.988,232.265,451.928,0.830246,-1,-1,-1
297,192,503.888,454.913,46.655,107.968,0.637316,-1,-1,-1
297,225,751.829,443.985,87.829,209.923,0.824634,-1,-1,-1
297,301,837.830,419.462,196.558,507.562,0.899566,-1,-1,-1
297,293,377.943,460.996,50.928,118.365,0.592624,-1,-1,-1
297,347,676.002,484.146,52.703,123.440,0.712674,-1,-1,-1
297,360,557.050,457.270,24.944,64.981,0.353877,-1,-1,-1
297,233,1370.401,441.766,47.878,108.826,0.422062,-1,-1,-1
297,6,1162.806,445.221,42.760,107.737,0.611715,-1,-1,-1
297,320,1395.654,429.019,141.346,286.810,0.885233,-1,-1,-1
297,381,579.926,457.392,22.388,61.526,0.327863,-1,-1,-1
298,4,1011.100,404.590,188.354,642.893,0.722295,-1,-1,-1
298,7,1534.829,431.150,235.532,453.359,0.687845,-1,-1,-1
298,192,503.219,451.384,47.902,111.447,0.665494,-1,-1,-1
298,225,754.562,446.647,86.293,207.326,0.815025,-1,-1,-1
298,301,839.308,419.366,195.795,509.967,0.896283,-1,-1,-1
298,293,377.565,460.413,51.453,119.739,0.646805,-1,-1,-1
298,347,675.819,479.254,54.731,127.314,0.696246,-1,-1,-1
298,360,556.861,456.102,25.337,66.015,0.360757,-1,-1,-1
298,233,1372.492,440.224,46.800,109.191,0.323614,-1,-1,-1
298,6,1165.437,445.898,42.932,106.321,0.567789,-1,-1,-1
298,320,1390.171,432.655,138.257,280.339,0.863561,-1,-1,-1
298,381,580.418,456.350,22.773,62.458,0.342190,-1,-1,-1
299,4,1011.832,405.293,189.330,640.434,0.795725,-1,-1,-1
299,7,1544.986,427.599,238.845,459.495,0.834276,-1,-1,-1
299,192,503.719,451.401,47.403,110.986,0.593345,-1,-1,-1
299,225,759.153,447.492,85.509,205.391,0.819733,-1,-1,-1
299,301,839.976,418.871,195.055,512.752,0.888512,-1,-1,-1
299,293,377.461,460.681,51.214,119.825,0.659551,-1,-1,-1
299,347,676.440,483.056,53.349,123.065,0.719243,-1,-1,-1
299,360,556.991,456.616,25.121,65.233,0.344508,-1,-1,-1
299,6,1167.572,445.869,43.418,106.383,0.500337,-1,-1,-1
299,320,1381.030,433.504,135.618,278.802,0.882654,-1,-1,-1
299,381,580.293,456.279,22.920,62.674,0.315752,-1,-1,-1
299,401,1565.305,422.438,91.609,240.278,0.401499,-1,-1,-1
299,402,732.436,470.677,42.039,131.071,0.388663,-1,-1,-1
299,404,1010.800,457.555,26.072,65.820,0.427238,-1,-1,-1
299,368,1540.317,418.624,112.567,415.251,0.399324,-1,-1,-1
300,4,1013.497,404.682,190.273,637.388,0.802451,-1,-1,-1
300,7,1559.496,422.323,239.325,464.863,0.843009,-1,-1,-1
300,192,504.643,455.773,45.436,106.979,0.556450,-1,-1,-1
300,225,761.474,449.142,84.644,204.293,0.828127,-1,-1,-1
300,301,841.148,418.694,194.213,515.391,0.888216,-1,-1,-1
300,293,377.769,462.224,50.272,117.749,0.585583,-1,-1,-1
300,347,677.196,482.591,54.053,124.005,0.711213,-1,-1,-1
300,360,557.424,457.895,24.650,63.868,0.305803,-1,-1,-1
300,6,1169.187,444.934,44.822,107.904,0.589659,-1,-1,-1
300,320,1372.941,430.355,133.062,281.017,0.842671,-1,-1,-1
300,381,580.538,455.996,23.144,63.053,0.323832,-1,-1,-1
300,402,733.273,470.808,41.771,130.064,0.501766,-1,-1,-1
300,404,1011.276,459.012,25.901,65.328,0.500571,-1,-1,-1
300,405,4.340,381.529,96.981,494.276,0.513146,-1,-1,-1
301,4,1014.870,403.690,191.271,633.798,0.833577,-1,-1,-1
301,7,1580.860,414.862,238.070,472.364,0.831134,-1,-1,-1
301,192,505.337,456.955,44.610,105.698,0.587342,-1,-1,-1
301,225,764.688,451.060,84.527,205.172,0.828813,-1,-1,-1
301,301,842.484,418.213,194.568,522.175,0.875217,-1,-1,-1
301,293,377.781,461.828,50.215,117.872,0.624632,-1,-1,-1
301,347,676.979,483.427,54.363,124.069,0.744865,-1,-1,-1
301,360,557.428,458.160,24.600,63.454,0.379786,-1,-1,-1
301,6,1169.741,445.781,45.618,107.462,0.535869,-1,-1,-1
301,320,1364.025,426.446,129.901,283.392,0.852329,-1,-1,-1
301,381,580.914,455.720,23.242,62.982,0.361325,-1,-1,-1
301,402,734.886,470.764,42.055,130.465,0.667802,-1,-1,-1
301,404,1012.960,459.958,24.774,62.131,0.440313,-1,-1,-1
301,405,7.964,396.434,93.363,473.990,0.631620,-1,-1,-1
301,401,1578.737,420.580,94.462,247.452,0.366722,-1,-1,-1
301,368,1567.744,418.716,111.120,409.427,0.355951,-1,-1,-1
302,4,1015.660,403.914,192.100,629.417,0.812416,-1,-1,-1
302,7,1600.940,412.258,233.571,475.465,0.837954,-1,-1,-1
302,192,505.359,459.772,43.619,104.183,0.563631,-1,-1,-1
302,225,767.151,451.623,84.558,205.434,0.850303,-1,-1,-1
302,301,843.482,417.342,195.085,530.535,0.869735,-1,-1,-1
302,293,378.025,461.425,50.115,118.027,0.637722,-1,-1,-1
302,347,676.989,483.952,54.120,122.919,0.728044,-1,-1,-1
302,360,557.723,458.452,24.432,62.690,0.429899,-1,-1,-1
302,6,1173.413,447.103,45.321,106.101,0.632322,-1,-1,-1
302,320,1353.537,426.295,126.266,283.147,0.857397,-1,-1,-1
302,381,581.393,456.203,22.985,61.941,0.362164,-1,-1,-1
302,402,735.421,470.700,42.249,130.565,0.616741,-1,-1,-1
302,404,1014.236,460.265,23.895,59.242,0.457273,-1,-1,-1
302,405,12.923,406.578,91.696,461.375,0.635299,-1,-1,-1
302,401,1587.264,418.239,95.092,248.978,0.464643,-1,-1,-1
302,368,1578.715,417.356,110.004,402.346,0.369005,-1,-1,-1
303,4,1019.740,405.377,193.536,623.391,0.785076,-1,-1,-1
303,7,1615.760,407.500,233.140,487.776,0.881638,-1,-1,-1
303,192,505.377,460.288,42.911,102.946,0.510091,-1,-1,-1
303,225,769.672,451.112,84.561,205.975,0.847988,-1,-1,-1
303,301,844.056,417.143,194.755,537.121,0.861730,-1,-1,-1
303,293,377.346,461.175,49.967,118.113,0.658351,-1,-1,-1
303,347,676.807,485.161,53.958,122.032,0.695592,-1,-1,-1
303,360,557.677,459.393,24.179,61.639,0.378391,-1,-1,-1
303,6,1174.445,446.597,45.680,106.069,0.664803,-1,-1,-1
303,320,1342.197,420.719,125.457,287.459,0.872190,-1,-1,-1
303,381,581.518,457.741,22.595,60.514,0.281075,-1,-1,-1
303,402,735.566,472.690,41.777,128.564,0.596985,-1,-1,-1
303,404,1014.835,460.926,23.496,57.626,0.474976,-1,-1,-1
303,405,13.456,395.972,94.409,470.113,0.776029,-1,-1,-1
303,401,1594.818,416.622,96.191,251.297,0.430087,-1,-1,-1
303,368,1589.446,414.102,109.263,399.371,0.540046,-1,-1,-1
303,412,669.109,460.875,28.035,76.047,0.337756,-1,-1,-1
304,4,1018.591,402.798,196.040,623.745,0.808294,-1,-1,-1
304,7,1625.157,406.911,230.410,494.809,0.853520,-1,-1,-1
304,192,503.964,460.542,42.763,102.444,0.567987,-1,-1,-1
304,225,772.736,451.485,83.987,203.777,0.887131,-1,-1,-1
304,301,845.663,416.517,192.562,538.626,0.860250,-1,-1,-1
304,293,376.956,461.088,49.781,118.101,0.656474,-1,-1,-1
304,347,676.979,486.873,53.308,119.946,0.716568,-1,-1,-1
304,360,558.267,460.711,23.749,60.025,0.394965,-1,-1,-1
304,6,1176.791,445.845,45.982,106.855,0.718689,-1,-1,-1
304,320,1332.278,423.255,122.711,284.225,0.843801,-1,-1,-1
304,402,736.594,472.742,42.018,128.325,0.609924,-1,-1,-1
304,404,1015.480,460.883,23.651,57.316,0.486709,-1,-1,-1
304,405,15.253,408.564,93.165,456.690,0.795267,-1,-1,-1
304,401,1604.697,418.802,93.200,242.801,0.416860,-1,-1,-1
304,368,1598.821,413.705,109.161,402.170,0.492730,-1,-1,-1
304,412,668.607,459.756,28.450,77.149,0.345122,-1,-1,-1
305,4,1015.467,401.744,197.637,623.631,0.843531,-1,-1,-1
305,7,1634.711,406.739,228.138,502.908,0.877037,-1,-1,-1
305,192,503.572,460.324,42.774,102.733,0.580505,-1,-1,-1
305,225,774.673,453.471,83.584,202.035,0.882136,-1,-1,-1
305,301,847.314,416.004,190.351,539.963,0.858806,-1,-1,-1
305,293,377.028,461.013,49.672,118.421,0.680122,-1,-1,-1
305,347,676.560,487.690,53.257,119.044,0.703799,-1,-1,-1
305,360,558.439,460.461,23.909,60.241,0.411687,-1,-1,-1
305,6,1178.733,445.419,46.341,107.605,0.766616,-1,-1,-1
305,320,1324.251,421.299,123.350,286.250,0.839315,-1,-1,-1
305,402,737.739,472.742,42.367,128.068,0.628905,-1,-1,-1
305,404,1015.408,460.472,24.287,58.226,0.460751,-1,-1,-1
305,405,16.283,420.020,92.836,446.384,0.756319,-1,-1,-1
305,368,1605.980,415.915,108.811,402.371,0.775187,-1,-1,-1
305,412,667.184,458.485,28.751,77.891,0.329104,-1,-1,-1
306,4,1015.829,403.275,198.674,620.858,0.859926,-1,-1,-1
306,7,1651.804,408.960,227.540,507.250,0.866973,-1,-1,-1
306,192,502.849,459.921,43.119,103.484,0.651525,-1,-1,-1
306,225,776.416,454.939,83.164,200.908,0.867146,-1,-1,-1
306,301,850.629,415.988,188.389,541.890,0.862206,-1,-1,-1
306,293,376.505,461.047,49.449,118.299,0.665555,-1,-1,-1
306,347,676.667,487.758,53.234,118.230,0.691356,-1,-1,-1
306,360,558.463,459.598,24.349,60.905,0.423425,-1,-1,-1
306,6,1180.633,445.114,46.453,107.963,0.788778,-1,-1,-1
306,320,1317.343,423.232,123.196,283.210,0.877150,-1,-1,-1
306,402,737.001,471.857,42.903,128.353,0.602642,-1,-1,-1
306,404,1014.974,459.992,25.389,60.227,0.486452,-1,-1,-1
306,405,15.447,412.684,96.108,453.588,0.794061,-1,-1,-1
306,368,1612.557,410.402,110.114,405.617,0.780350,-1,-1,-1
306,412,667.297,458.740,28.756,77.757,0.323053,-1,-1,-1
306,381,580.897,458.545,22.605,60.355,0.269193,-1,-1,-1
307,4,1017.861,403.096,200.228,619.109,0.878763,-1,-1,-1
307,7,1669.009,410.130,230.628,512.031,0.871452,-1,-1,-1
307,192,501.708,459.280,43.521,104.237,0.645633,-1,-1,-1
307,225,778.769,453.145,84.051,203.381,0.838433,-1,-1,-1
307,301,853.278,415.607,186.194,542.848,0.869994,-1,-1,-1
307,293,376.575,460.813,49.482,118.662,0.671468,-1,-1,-1
307,347,676.432,486.691,54.002,119.120,0.667029,-1,-1,-1
307,360,558.053,459.133,24.299,60.650,0.375919,-1,-1,-1
307,6,1182.999,445.685,45.760,106.643,0.777405,-1,-1,-1
307,320,1312.078,425.619,123.825,280.677,0.858215,-1,-1,-1
307,402,736.794,472.849,42.773,126.486,0.661298,-1,-1,-1
307,404,1013.812,460.053,26.346,62.172,0.417978,-1,-1,-1
307,405,12.824,405.748,98.960,459.959,0.781664,-1,-1,-1
307,368,1618.469,409.279,111.054,406.023,0.710394,-1,-1,-1
307,412,666.076,458.780,28.911,77.984,0.378046,-1,-1,-1
308,4,1020.404,401.595,202.457,616.865,0.893136,-1,-1,-1
308,7,1678.183,413.820,228.648,503.209,0.864082,-1,-1,-1
308,192,500.647,459.092,43.947,104.796,0.668784,-1,-1,-1
308,225,780.346,450.754,84.515,205.952,0.828551,-1,-1,-1
308,301,855.805,414.710,184.152,543.561,0.869819,-1,-1,-1
308,293,376.581,460.320,49.779,119.369,0.653971,-1,-1,-1
308,347,676.448,485.901,54.587,119.939,0.611249,-1,-1,-1
308,360,558.064,458.332,24.511,61.060,0.417757,-1,-1,-1
308,6,1185.356,446.133,45.762,106.568,0.778861,-1,-1,-1
308,320,1307.177,426.979,125.370,278.881,0.876650,-1,-1,-1
308,402,737.370,473.803,42.760,124.617,0.634578,-1,-1,-1
308,404,1012.802,460.386,26.843,63.169,0.415940,-1,-1,-1
308,405,11.975,396.786,102.963,470.874,0.796988,-1,-1,-1
308,368,1624.996,408.708,112.952,405.834,0.723813,-1,-1,-1
308,412,665.527,458.501,29.302,78.716,0.444253,-1,-1,-1
309,4,1024.065,401.000,204.890,613.896,0.899134,-1,-1,-1
309,7,1680.879,416.234,230.291,502.544,0.896728,-1,-1,-1
309,192,498.954,458.710,44.595,105.466,0.690126,-1,-1,-1
309,225,784.576,449.464,84.586,207.536,0.872634,-1,-1,-1
309,301,858.221,415.686,181.444,541.967,0.876453,-1,-1,-1
309,293,376.346,460.306,49.737,119.397,0.649468,-1,-1,-1
309,347,675.529,484.484,55.816,122.214,0.593349,-1,-1,-1
309,360,558.083,457.872,24.612,61.205,0.440472,-1,-1,-1
309,6,1186.702,445.566,46.596,108.623,0.785616,-1,-1,-1
309,320,1303.493,429.557,125.433,274.119,0.895270,-1,-1,-1
309,402,736.361,473.124,43.374,124.986,0.599413,-1,-1,-1
309,404,1012.803,460.076,27.290,64.268,0.360550,-1,-1,-1
309,405,10.956,396.519,104.796,471.824,0.801717,-1,-1,-1
309,368,1629.231,405.903,117.839,410.772,0.687019,-1,-1,-1
309,412,666.377,460.186,28.795,77.058,0.368308,-1,-1,-1
309,418,1298.194,420.606,44.211,133.904,0.521718,-1,-1,-1
309,419,417.587,468.638,39.076,100.445,0.393291,-1,-1,-1
309,381,580.914,456.895,22.708,60.619,0.251689,-1,-1,-1
310,4,1026.335,400.130,208.231,613.635,0.895659,-1,-1,-1
310,7,1681.743,417.797,233.338,505.096,0.920870,-1,-1,-1
310,192,496.431,457.933,45.881,106.850,0.713931,-1,-1,-1
310,225,788.767,447.906,85.604,211.033,0.833496,-1,-1,-1
310,301,859.500,417.294,178.941,539.747,0.878373,-1,-1,-1
310,293,376.397,461.316,49.023,118.131,0.675760,-1,-1,-1
310,347,673.974,482.931,57.124,124.767,0.657938,-1,-1,-1
310,360,558.551,458.796,24.395,60.409,0.409807,-1,-1,-1
310,6,1187.497,445.935,46.566,108.443,0.776578,-1,-1,-1
310,320,1297.719,430.296,126.274,272.871,0.893777,-1,-1,-1
310,402,734.946,469.900,45.158,128.754,0.686610,-1,-1,-1
310,404,1012.624,459.062,27.755,65.444,0.307063,-1,-1,-1
310,405,9.134,394.891,105.871,471.002,0.807570,-1,-1,-1
310,368,1631.323,407.796,120.067,408.788,0.728371,-1,-1,-1
310,412,665.421,462.114,28.133,75.176,0.263001,-1,-1,-1
310,419,417.174,471.946,37.809,97.204,0.261503,-1,-1,-1
311,4,1026.481,400.407,211.261,612.258,0.893193,-1,-1,-1
311,7,1679.263,418.028,238.719,514.030,0.934041,-1,-1,-1
311,192,496.571,457.214,46.206,106.694,0.691952,-1,-1,-1
311,225,791.599,445.907,86.026,213.033,0.887208,-1,-1,-1
311,301,860.086,417.258,177.611,540.070,0.880448,-1,-1,-1
311,293,375.704,461.825,48.748,117.848,0.676509,-1,-1,-1
311,347,673.968,485.103,56.033,121.977,0.647194,-1,-1,-1
311,360,557.537,457.489,24.832,61.302,0.396774,-1,-1,-1
311,6,1188.135,444.640,47.147,109.855,0.778269,-1,-1,-1
311,320,1292.651,429.801,125.373,269.748,0.816026,-1,-1,-1
311,402,734.393,469.362,45.796,129.232,0.710936,-1,-1,-1
311,404,1011.508,457.484,28.476,67.692,0.277814,-1,-1,-1
311,405,6.909,392.574,108.026,476.201,0.870630,-1,-1,-1
311,368,1633.908,408.565,123.545,406.789,0.753524,-1,-1,-1
311,419,415.818,469.418,39.052,100.494,0.283736,-1,-1,-1
311,381,581.225,458.148,22.324,59.158,0.279328,-1,-1,-1
312,4,1026.540,399.062,214.735,613.211,0.879482,-1,-1,-1
312,7,1679.415,421.977,239.830,514.331,0.905578,-1,-1,-1
312,192,495.906,456.723,46.536,106.432,0.714359,-1,-1,-1
312,225,794.310,445.757,85.663,212.398,0.840375,-1,-1,-1
312,301,860.980,416.008,176.468,539.971,0.872868,-1,-1,-1
312,293,375.797,461.759,48.122,116.842,0.696050,-1,-1,-1
312,347,674.232,487.485,54.496,118.012,0.715481,-1,-1,-1
312,360,556.461,456.789,25.177,62.083,0.360334,-1,-1,-1
312,6,1188.794,444.027,47.264,109.792,0.757306,-1,-1,-1
312,320,1286.043,427.972,123.040,268.023,0.793358,-1,-1,-1
312,402,735.215,470.561,45.878,128.656,0.663729,-1,-1,-1
312,404,1012.058,457.399,28.148,66.874,0.257022,-1,-1,-1
312,405,9.507,391.275,110.057,476.314,0.882797,-1,-1,-1
312,368,1638.947,412.018,126.586,402.249,0.724804,-1,-1,-1
312,419,414.582,468.351,39.588,102.048,0.371266,-1,-1,-1
313,4,1027.056,399.340,217.660,613.580,0.868382,-1,-1,-1
313,7,1682.370,423.967,237.630,512.833,0.894245,-1,-1,-1
313,192,495.375,456.886,46.843,106.121,0.724512,-1,-1,-1
313,225,796.670,444.851,86.051,212.950,0.843852,-1,-1,-1
313,301,861.679,415.638,175.865,539.892,0.872733,-1,-1,-1
313,293,375.176,461.370,48.464,118.324,0.704371,-1,-1,-1
313,347,673.671,488.260,54.704,117.801,0.676657,-1,-1,-1
313,360,556.145,457.075,24.900,61.293,0.364818,-1,-1,-1
313,6,1189.397,441.855,49.237,114.051,0.745269,-1,-1,-1
313,320,1271.332,425.011,123.129,269.385,0.796936,-1,-1,-1
313,402,734.354,470.884,46.230,128.380,0.674928,-1,-1,-1
313,404,1010.655,455.206,29.772,70.782,0.296747,-1,-1,-1
313,405,14.519,392.223,112.179,472.429,0.871824,-1,-1,-1
313,368,1645.036,416.484,129.385,394.668,0.648184,-1,-1,-1
313,419,414.230,466.350,40.546,104.644,0.359557,-1,-1,-1
313,381,582.119,458.174,22.244,58.126,0.271685,-1,-1,-1
314,4,1029.200,398.304,219.982,615.475,0.879469,-1,-1,-1
314,7,1684.896,421.014,235.104,518.243,0.860921,-1,-1,-1
314,192,492.938,457.132,47.818,106.791,0.716153,-1,-1,-1
314,225,798.844,445.566,86.204,213.053,0.839897,-1,-1,-1
314,301,861.705,414.562,175.511,540.468,0.867020,-1,-1,-1
314,293,375.932,461.974,48.219,118.306,0.696364,-1,-1,-1
314,347,673.715,488.051,55.082,118.365,0.687783,-1,-1,-1
314,360,556.039,457.354,24.642,60.733,0.410845,-1,-1,-1
314,6,1190.309,441.085,49.771,115.727,0.753792,-1,-1,-1
314,320,1260.762,423.055,122.018,270.224,0.824925,-1,-1,-1
314,402,734.736,472.034,46.284,127.429,0.675901,-1,-1,-1
314,404,1010.211,455.174,30.383,72.351,0.296029,-1,-1,-1
314,405,25.031,393.922,115.899,468.879,0.906128,-1,-1,-1
314,368,1648.859,416.458,135.673,396.934,0.554014,-1,-1,-1
314,419,416.292,467.819,39.579,102.271,0.363500,-1,-1,-1
314,381,582.027,458.036,22.288,57.965,0.331930,-1,-1,-1
315,4,1031.026,397.392,221.515,617.919,0.876482,-1,-1,-1
315,7,1686.596,417.244,233.404,529.008,0.680368,-1,-1,-1
315,192,491.303,456.737,49.040,108.316,0.727256,-1,-1,-1
315,225,800.037,446.036,86.272,212.928,0.829176,-1,-1,-1
315,301,862.035,414.274,175.763,541.345,0.874235,-1,-1,-1
315,293,376.532,462.098,47.994,117.881,0.692390,-1,-1,-1
315,347,674.078,488.477,54.529,116.767,0.699135,-1,-1,-1
315,360,556.018,457.019,24.448,60.242,0.437348,-1,-1,-1
315,6,1190.842,442.044,49.426,115.024,0.748362,-1,-1,-1
315,320,1255.524,424.899,117.996,267.395,0.826764,-1,-1,-1
315,402,735.742,474.120,46.140,126.026,0.625132,-1,-1,-1
315,404,1008.384,454.292,32.939,78.183,0.275987,-1,-1,-1
315,405,40.520,393.928,121.652,467.311,0.905723,-1,-1,-1
315,368,1655.562,411.738,144.841,408.301,0.600073,-1,-1,-1
315,419,415.399,465.294,40.500,104.736,0.437015,-1,-1,-1
315,381,581.862,458.778,22.150,57.398,0.338107,-1,-1,-1
315,233,1416.575,436.405,46.988,113.515,0.506204,-1,-1,-1
316,4,1031.968,397.867,221.763,617.765,0.877977,-1,-1,-1
316,7,1702.086,413.721,217.914,530.645,0.631389,-1,-1,-1
316,192,491.805,456.313,49.358,108.314,0.729143,-1,-1,-1
316,225,800.935,447.323,85.807,211.930,0.828882,-1,-1,-1
316,301,862.310,414.402,175.523,540.965,0.872694,-1,-1,-1
316,293,376.577,462.221,48.077,118.175,0.648224,-1,-1,-1
316,347,673.956,489.105,54.639,116.744,0.696306,-1,-1,-1
316,360,555.724,456.318,24.829,61.139,0.422146,-1,-1,-1
316,6,1193.246,444.286,47.761,111.731,0.736404,-1,-1,-1
316,320,1252.630,425.879,114.589,267.103,0.822716,-1,-1,-1
316,402,735.529,474.539,46.548,126.138,0.606152,-1,-1,-1
316,404,1006.042,453.330,37.603,90.476,0.282696,-1,-1,-1
316,405,55.955,395.145,129.825,462.693,0.925476,-1,-1,-1
316,368,1657.073,408.942,161.802,453.120,0.610704,-1,-1,-1
316,419,414.544,462.700,41.540,107.399,0.480515,-1,-1,-1
316,381,581.688,458.833,22.323,57.637,0.318084,-1,-1,-1
316,233,1419.892,435.827,46.345,114.644,0.630252,-1,-1,-1
317,4,1032.180,398.264,221.592,617.360,0.884769,-1,-1,-1
317,7,1709.802,413.353,210.198,530.700,0.732366,-1,-1,-1
317,192,491.661,456.052,49.848,108.655,0.727785,-1,-1,-1
317,225,802.963,445.408,86.078,213.235,0.786095,-1,-1,-1
317,301,863.193,414.361,175.394,540.263,0.869637,-1,-1,-1
317,293,377.229,461.761,48.412,119.046,0.683985,-1,-1,-1
317,347,673.506,488.526,55.088,117.604,0.678606,-1,-1,-1
317,360,555.875,456.174,25.159,61.916,0.465338,-1,-1,-1
317,6,1195.908,445.824,46.012,108.213,0.702783,-1,-1,-1
317,320,1248.246,426.326,111.636,266.973,0.836727,-1,-1,-1
317,402,733.852,474.439,47.038,125.976,0.669621,-1,-1,-1
317,404,1004.218,456.638,42.199,102.956,0.287345,-1,-1,-1
317,405,67.176,394.452,140.690,462.146,0.923535,-1,-1,-1
317,368,1675.122,403.570,165.547,466.962,0.666054,-1,-1,-1
317,419,414.425,462.823,41.897,108.399,0.513480,-1,-1,-1
317,381,582.119,460.931,21.774,55.646,0.338623,-1,-1,-1
317,233,1423.393,437.273,45.197,113.002,0.568856,-1,-1,-1
318,4,1033.788,399.605,220.745,616.075,0.881422,-1,-1,-1
318,7,1738.034,415.773,181.966,530.473,0.710777,-1,-1,-1
318,192,490.198,456.552,50.248,108.768,0.739942,-1,-1,-1
318,225,804.267,444.785,85.587,214.034,0.763639,-1,-1,-1
318,301,861.771,413.119,176.011,543.275,0.867974,-1,-1,-1
318,293,377.518,462.034,48.337,119.262,0.667989,-1,-1,-1
318,347,674.029,488.610,54.562,116.493,0.673134,-1,-1,-1
318,360,556.072,456.926,25.184,61.839,0.469673,-1,-1,-1
318,6,1198.762,446.846,45.181,106.162,0.738162,-1,-1,-1
318,320,1241.591,422.952,110.636,268.466,0.813134,-1,-1,-1
318,402,732.581,473.763,47.887,126.960,0.678443,-1,-1,-1
318,405,74.133,397.179,151.621,457.555,0.927633,-1,-1,-1
318,368,1688.225,401.804,166.444,472.257,0.660695,-1,-1,-1
318,419,415.474,465.177,40.931,105.899,0.463196,-1,-1,-1
318,381,582.271,461.383,21.585,54.823,0.287563,-1,-1,-1
318,233,1427.859,438.673,44.158,112.033,0.416302,-1,-1,-1
319,4,1035.492,402.221,219.279,613.196,0.882912,-1,-1,-1
319,7,1750.626,413.908,169.374,533.082,0.767996,-1,-1,-1
319,192,489.430,456.078,50.782,109.384,0.742902,-1,-1,-1
319,225,807.756,445.196,84.750,213.858,0.771663,-1,-1,-1
319,301,860.945,412.202,176.181,544.307,0.867504,-1,-1,-1
319,293,377.554,461.957,48.365,119.716,0.689396,-1,-1,-1
319,347,674.522,489.481,53.924,114.983,0.672978,-1,-1,-1
319,360,556.426,457.817,24.842,60.890,0.446222,-1,-1,-1
319,6,1201.337,447.902,44.941,105.108,0.751328,-1,-1,-1
319,320,1235.881,426.719,108.644,263.677,0.807827,-1,-1,-1
319,402,732.330,473.160,48.772,128.299,0.662177,-1,-1,-1
319,405,76.980,398.333,163.243,455.401,0.927566,-1,-1,-1
319,368,1692.290,400.191,164.772,467.890,0.753722,-1,-1,-1
319,419,416.524,467.230,39.811,103.120,0.438754,-1,-1,-1
319,381,582.366,461.981,21.382,54.078,0.297340,-1,-1,-1
319,233,1430.465,437.047,44.399,112.518,0.605744,-1,-1,-1
320,4,1038.250,404.720,218.034,611.423,0.882724,-1,-1,-1
320,7,1769.280,416.443,150.720,531.654,0.796015,-1,-1,-1
320,192,488.895,455.721,51.014,109.587,0.744597,-1,-1,-1
320,225,812.271,444.490,84.673,215.141,0.766154,-1,-1,-1
320,301,863.317,413.708,175.677,541.256,0.862027,-1,-1,-1
320,293,377.685,462.281,48.129,119.352,0.676819,-1,-1,-1
320,347,673.866,488.345,54.766,116.766,0.651256,-1,-1,-1
320,360,556.762,458.516,24.399,59.713,0.434027,-1,-1,-1
320,6,1202.948,449.382,44.537,104.245,0.748881,-1,-1,-1
320,320,1231.499,437.053,106.028,253.746,0.806156,-1,-1,-1
320,402,733.236,473.234,48.858,128.089,0.593891,-1,-1,-1
320,405,76.962,400.198,174.270,451.689,0.930734,-1,-1,-1
320,368,1704.752,398.058,160.505,460.359,0.826520,-1,-1,-1
320,419,417.100,468.726,39.478,101.892,0.442367,-1,-1,-1
320,381,582.201,462.366,21.391,53.907,0.325740,-1,-1,-1
320,233,1433.031,434.936,45.846,115.856,0.743593,-1,-1,-1
320,418,1301.739,422.214,39.961,121.296,0.279919,-1,-1,-1
321,4,1039.698,406.049,216.826,609.961,0.890105,-1,-1,-1
321,7,1784.302,416.699,135.698,531.899,0.828450,-1,-1,-1
321,192,488.379,454.986,51.427,110.485,0.749406,-1,-1,-1
321,225,816.340,444.522,84.087,214.583,0.777228,-1,-1,-1
321,301,862.676,413.162,176.666,542.772,0.866453,-1,-1,-1
321,293,377.630,462.238,47.935,119.192,0.682295,-1,-1,-1
321,347,673.980,488.487,54.556,116.302,0.684116,-1,-1,-1
321,360,556.814,458.970,24.132,58.835,0.398795,-1,-1,-1
321,6,1205.036,449.468,44.632,104.395,0.713262,-1,-1,-1
321,320,1226.167,436.026,108.094,253.976,0.826634,-1,-1,-1
321,402,732.751,472.151,49.475,129.370,0.596153,-1,-1,-1
321,405,74.873,398.917,185.467,452.647,0.932563,-1,-1,-1
321,368,1716.616,398.249,159.521,460.175,0.822798,-1,-1,-1
321,419,416.766,468.223,40.151,103.344,0.472293,-1,-1,-1
321,381,582.451,463.841,20.672,51.897,0.255774,-1,-1,-1
321,233,1436.266,435.990,45.783,114.698,0.735846,-1,-1,-1
321,425,1141.208,463.673,69.655,150.862,0.355393,-1,-1,-1
321,418,1302.313,420.277,41.054,124.709,0.467770,-1,-1,-1
322,4,1041.864,409.941,214.835,606.131,0.889814,-1,-1,-1
322,7,1795.783,409.282,124.217,543.047,0.738424,-1,-1,-1
322,192,487.683,455.720,51.123,109.740,0.739830,-1,-1,-1
322,225,818.272,445.686,84.210,216.338,0.789428,-1,-1,-1
322,301,862.320,413.193,177.016,542.790,0.867779,-1,-1,-1
322,293,377.791,462.330,47.909,119.278,0.699668,-1,-1,-1
322,347,673.788,490.217,54.080,115.381,0.707219,-1,-1,-1
322,360,556.731,458.845,24.219,58.920,0.365502,-1,-1,-1
322,6,1206.618,449.675,44.160,103.915,0.710057,-1,-1,-1
322,320,1224.267,433.834,109.798,254.674,0.814292,-1,-1,-1
322,402,732.830,472.734,49.227,128.651,0.607587,-1,-1,-1
322,405,74.192,399.988,194.650,449.437,0.933709,-1,-1,-1
322,368,1725.800,398.135,157.967,458.047,0.860647,-1,-1,-1
322,419,418.319,471.608,38.871,99.574,0.500801,-1,-1,-1
322,381,582.167,461.863,21.479,53.927,0.279087,-1,-1,-1
322,233,1436.921,437.435,46.061,113.363,0.752953,-1,-1,-1
322,418,1301.764,420.300,41.003,124.324,0.527369,-1,-1,-1
323,4,1042.942,408.808,214.396,607.324,0.892939,-1,-1,-1
323,7,1806.660,401.848,113.340,549.881,0.696562,-1,-1,-1
323,192,487.405,455.244,51.297,110.257,0.741063,-1,-1,-1
323,225,820.756,447.482,82.853,213.552,0.797565,-1,-1,-1
323,301,862.336,413.524,177.270,542.353,0.862721,-1,-1,-1
323,293,377.107,461.853,47.942,119.311,0.712267,-1,-1,-1
323,347,674.139,491.005,53.572,113.954,0.675988,-1,-1,-1
323,360,555.853,459.887,23.871,58.145,0.327186,-1,-1,-1
323,6,1207.791,448.560,43.224,103.111,0.645609,-1,-1,-1
323,320,1226.288,445.384,105.495,241.487,0.832943,-1,-1,-1
323,402,732.422,472.751,49.402,128.900,0.670492,-1,-1,-1
323,405,72.744,401.018,203.276,446.996,0.930233,-1,-1,-1
323,368,1735.159,396.197,157.356,457.764,0.837164,-1,-1,-1
323,419,416.856,471.403,39.456,100.527,0.397225,-1,-1,-1
323,233,1439.608,439.864,45.797,110.313,0.750320,-1,-1,-1
323,418,1301.674,422.211,40.475,122.460,0.474468,-1,-1,-1
324,4,1044.472,404.491,214.995,611.603,0.880291,-1,-1,-1
324,7,1813.922,404.120,106.078,549.899,0.646932,-1,-1,-1
324,192,486.861,454.510,51.598,111.114,0.721967,-1,-1,-1
324,225,823.429,447.696,82.603,212.859,0.800167,-1,-1,-1
324,301,862.372,414.964,176.984,539.698,0.864965,-1,-1,-1
324,293,377.196,462.043,47.737,119.006,0.716932,-1,-1,-1
324,347,673.995,491.429,53.430,113.514,0.687481,-1,-1,-1
324,360,555.622,459.598,24.295,59.243,0.374870,-1,-1,-1
324,6,1206.832,447.083,41.710,101.769,0.380345,-1,-1,-1
324,320,1221.718,443.618,107.267,243.347,0.754472,-1,-1,-1
324,402,732.830,473.245,48.944,127.709,0.653302,-1,-1,-1
324,405,71.591,402.921,210.436,443.732,0.935048,-1,-1,-1
324,368,1744.628,395.879,156.988,458.990,0.830701,-1,-1,-1
324,419,415.987,468.050,40.865,104.100,0.545659,-1,-1,-1
324,233,1441.838,440.147,46.235,109.148,0.762494,-1,-1,-1
324,418,1302.305,421.774,40.550,122.217,0.425794,-1,-1,-1
324,381,581.776,460.984,21.915,55.121,0.289310,-1,-1,-1
325,4,1046.194,403.538,214.756,612.674,0.868362,-1,-1,-1
325,192,486.648,453.614,51.928,111.995,0.722156,-1,-1,-1
325,225,824.682,450.224,81.635,209.991,0.780620,-1,-1,-1
325,301,862.511,415.624,176.911,538.435,0.862243,-1,-1,-1
325,293,377.548,462.528,47.551,118.642,0.710864,-1,-1,-1
325,347,673.996,491.090,53.667,113.967,0.683696,-1,-1,-1
325,360,555.343,459.724,24.533,59.524,0.324988,-1,-1,-1
325,320,1218.267,447.583,106.595,239.769,0.710711,-1,-1,-1
325,402,732.545,473.183,49.078,127.675,0.605519,-1,-1,-1
325,405,74.591,403.571,216.966,442.282,0.933816,-1,-1,-1
325,368,1753.411,395.658,157.281,460.049,0.788779,-1,-1,-1
325,419,416.246,468.736,40.563,103.122,0.551461,-1,-1,-1
325,233,1444.779,440.804,46.596,107.140,0.731297,-1,-1,-1
325,418,1302.387,421.893,40.908,122.945,0.324095,-1,-1,-1
325,381,581.688,460.377,22.207,55.923,0.287700,-1,-1,-1
326,4,1047.090,401.201,214.498,614.837,0.866058,-1,-1,-1
326,192,486.443,453.263,52.038,112.472,0.719553,-1,-1,-1
326,225,826.461,448.603,82.568,211.912,0.744158,-1,-1,-1
326,301,861.209,415.859,177.910,538.346,0.855253,-1,-1,-1
326,293,377.898,462.889,47.576,118.913,0.698869,-1,-1,-1
326,347,674.000,492.465,53.482,113.094,0.692883,-1,-1,-1
326,360,555.912,459.016,25.018,60.140,0.292897,-1,-1,-1
326,320,1213.299,454.183,103.306,230.671,0.634182,-1,-1,-1
326,402,732.620,472.854,49.351,127.801,0.695051,-1,-1,-1
326,405,80.132,401.018,221.542,441.058,0.921873,-1,-1,-1
326,368,1761.676,395.931,158.311,463.285,0.826786,-1,-1,-1
326,419,415.911,468.505,41.132,104.049,0.436223,-1,-1,-1
326,233,1446.706,439.574,48.165,107.915,0.728879,-1,-1,-1
326,418,1303.194,421.795,41.484,123.828,0.311867,-1,-1,-1
326,6,1208.374,450.757,44.004,108.865,0.294363,-1,-1,-1
327,4,1048.206,398.659,214.049,616.824,0.866253,-1,-1,-1
327,192,486.709,454.129,51.429,111.522,0.724426,-1,-1,-1
327,225,828.665,444.065,84.714,218.352,0.627240,-1,-1,-1
327,301,860.178,416.025,178.897,538.064,0.857599,-1,-1,-1
327,293,378.240,463.461,47.165,118.118,0.699201,-1,-1,-1
327,347,674.550,492.497,53.354,112.836,0.694492,-1,-1,-1
327,360,556.229,458.805,25.443,60.898,0.333187,-1,-1,-1
327,320,1202.796,442.782,106.531,238.770,0.421748,-1,-1,-1
327,402,732.298,473.046,49.819,128.391,0.717745,-1,-1,-1
327,405,87.468,397.124,224.678,442.010,0.929935,-1,-1,-1
327,368,1762.216,393.467,157.784,489.447,0.807978,-1,-1,-1
327,419,416.091,468.823,41.147,103.707,0.459608,-1,-1,-1
327,233,1449.635,439.151,49.312,108.362,0.743690,-1,-1,-1
327,418,1302.605,422.877,41.127,122.476,0.278852,-1,-1,-1
327,381,581.391,458.766,22.683,57.364,0.259139,-1,-1,-1
328,4,1049.398,396.518,213.627,618.772,0.866962,-1,-1,-1
328,192,486.758,454.445,51.048,111.326,0.700460,-1,-1,-1
328,225,832.079,443.673,84.802,219.373,0.534405,-1,-1,-1
328,301,855.256,416.277,181.371,537.913,0.859911,-1,-1,-1
328,293,378.438,463.478,47.176,118.167,0.714772,-1,-1,-1
328,347,674.669,491.854,53.435,113.142,0.710863,-1,-1,-1
328,360,556.220,458.477,25.680,61.359,0.342458,-1,-1,-1
328,320,1194.136,440.839,102.405,234.569,0.344816,-1,-1,-1
328,402,732.453,473.375,50.052,128.570,0.721370,-1,-1,-1
328,405,101.001,395.467,223.107,438.274,0.921859,-1,-1,-1
328,368,1760.204,388.233,159.796,521.310,0.824169,-1,-1,-1
328,419,415.980,468.465,41.175,103.659,0.473433,-1,-1,-1
328,233,1451.640,439.983,49.792,108.789,0.769468,-1,-1,-1
328,436,853.027,443.552,59.429,144.606,0.469286,-1,-1,-1
328,6,1201.187,441.314,65.345,163.883,0.654674,-1,-1,-1
329,4,1050.479,396.389,212.911,618.893,0.875384,-1,-1,-1
329,192,486.755,454.694,50.608,110.813,0.676496,-1,-1,-1
329,225,843.841,445.491,78.664,206.453,0.421504,-1,-1,-1
329,301,856.097,417.109,182.687,537.534,0.882225,-1,-1,-1
329,293,378.821,463.911,47.036,117.884,0.701533,-1,-1,-1
329,347,674.484,490.770,53.982,114.597,0.713339,-1,-1,-1
329,360,556.187,458.023,25.761,61.720,0.313524,-1,-1,-1
329,402,732.066,474.099,50.301,128.744,0.730299,-1,-1,-1
329,405,113.683,396.217,220.061,435.241,0.927083,-1,-1,-1
329,368,1759.316,388.075,160.684,532.549,0.799369,-1,-1,-1
329,419,416.006,467.596,41.181,103.683,0.448617,-1,-1,-1
329,233,1454.322,440.454,49.181,108.164,0.749718,-1,-1,-1
329,6,1196.160,435.558,69.806,177.816,0.545113,-1,-1,-1
329,418,1302.219,421.869,41.788,124.227,0.331023,-1,-1,-1
330,4,1052.927,394.371,212.930,620.705,0.869456,-1,-1,-1
330,192,486.403,455.516,49.945,109.674,0.635520,-1,-1,-1
330,225,852.949,449.014,71.855,191.816,0.479219,-1,-1,-1
330,301,858.854,416.437,183.992,540.074,0.866421,-1,-1,-1
330,293,379.280,464.063,46.526,117.054,0.710370,-1,-1,-1
330,347,674.496,489.888,54.208,115.251,0.736018,-1,-1,-1
330,360,556.434,458.515,25.232,60.618,0.289587,-1,-1,-1
330,402,731.990,475.156,50.036,127.626,0.747516,-1,-1,-1
330,405,124.254,395.770,215.826,432.317,0.893582,-1,-1,-1
330,368,1761.854,388.427,158.146,517.953,0.792332,-1,-1,-1
330,419,416.816,468.921,40.118,100.833,0.448132,-1,-1,-1
330,233,1456.558,439.164,49.119,109.153,0.772096,-1,-1,-1
330,6,1200.144,432.677,59.356,148.231,0.522618,-1,-1,-1
330,418,1302.066,421.229,42.027,125.042,0.323266,-1,-1,-1
331,4,1053.160,391.568,213.067,623.419,0.858788,-1,-1,-1
331,192,486.047,455.214,49.717,109.651,0.634317,-1,-1,-1
331,301,862.708,416.140,184.701,539.605,0.852018,-1,-1,-1
331,293,379.379,463.897,46.388,117.154,0.708281,-1,-1,-1
331,347,673.963,490.299,54.354,115.828,0.727119,-1,-1,-1
331,360,556.440,457.640,25.361,61.176,0.327955,-1,-1,-1
331,402,731.675,475.355,50.114,127.602,0.748495,-1,-1,-1
331,405,133.367,397.824,212.050,429.777,0.818720,-1,-1,-1
331,368,1765.881,391.183,154.119,490.470,0.795408,-1,-1,-1
331,419,416.033,466.177,41.523,104.376,0.472370,-1,-1,-1
331,233,1459.434,438.717,48.597,109.506,0.775548,-1,-1,-1
331,6,1203.841,433.976,51.894,126.282,0.454318,-1,-1,-1
331,418,1301.992,421.352,41.981,124.869,0.296675,-1,-1,-1
331,443,8.122,409.260,32.857,392.765,0.553306,-1,-1,-1
331,444,709.445,484.312,31.322,104.146,0.310490,-1,-1,-1
331,381,580.208,457.240,23.215,58.972,0.288787,-1,-1,-1
331,436,865.492,446.670,55.296,134.100,0.423455,-1,-1,-1
332,4,1056.636,393.033,211.933,621.798,0.862031,-1,-1,-1
332,192,485.925,455.443,49.201,108.907,0.615191,-1,-1,-1
332,301,863.863,415.996,184.777,539.775,0.870415,-1,-1,-1
332,293,379.526,463.433,46.652,118.026,0.678180,-1,-1,-1
332,347,674.139,489.192,54.854,117.320,0.710888,-1,-1,-1
332,360,556.440,457.923,25.344,61.378,0.307863,-1,-1,-1
332,402,732.152,475.404,49.718,126.412,0.664839,-1,-1,-1
332,405,143.615,397.864,210.625,429.835,0.834122,-1,-1,-1
332,368,1765.951,389.463,154.049,493.417,0.774775,-1,-1,-1
332,419,414.946,462.321,43.301,108.875,0.406910,-1,-1,-1
332,233,1462.223,438.025,48.662,110.543,0.773092,-1,-1,-1
332,443,25.251,406.651,33.924,390.983,0.715486,-1,-1,-1
332,444,710.542,485.077,30.987,102.989,0.299638,-1,-1,-1
332,381,579.872,457.436,23.263,59.180,0.262668,-1,-1,-1
333,4,1058.026,393.624,211.238,620.209,0.858773,-1,-1,-1
333,192,486.098,455.621,48.748,108.571,0.529639,-1,-1,-1
333,301,862.985,415.492,184.263,541.552,0.860152,-1,-1,-1
333,293,380.037,463.660,46.724,117.815,0.660396,-1,-1,-1
333,347,675.525,490.385,53.976,115.700,0.724348,-1,-1,-1
333,360,557.112,457.448,24.996,60.637,0.369215,-1,-1,-1
333,402,733.265,474.009,50.746,129.711,0.603585,-1,-1,-1
333,405,155.179,396.656,210.015,430.540,0.865628,-1,-1,-1
333,368,1766.101,379.647,153.899,493.979,0.777529,-1,-1,-1
333,419,417.103,464.820,41.779,104.637,0.349020,-1,-1,-1
333,233,1466.086,436.771,48.646,111.767,0.753566,-1,-1,-1
333,443,40.335,413.853,35.803,383.697,0.816079,-1,-1,-1
333,444,710.841,485.697,30.698,102.025,0.293525,-1,-1,-1
333,381,580.297,456.354,23.559,60.068,0.322735,-1,-1,-1
333,436,870.617,444.988,55.973,134.985,0.274439,-1,-1,-1
334,4,1060.461,393.219,211.508,620.133,0.846258,-1,-1,-1
334,192,486.219,456.149,48.394,108.485,0.587206,-1,-1,-1
334,301,866.376,416.488,183.941,540.005,0.865806,-1,-1,-1
334,293,380.035,462.971,47.390,119.272,0.641830,-1,-1,-1
334,347,675.655,490.416,53.987,116.097,0.703981,-1,-1,-1
334,360,557.453,457.391,24.759,60.134,0.382104,-1,-1,-1
334,402,733.623,473.891,50.842,130.378,0.646126,-1,-1,-1
334,405,167.598,395.846,209.723,429.804,0.866169,-1,-1,-1
334,368,1768.473,380.289,151.527,486.342,0.823650,-1,-1,-1
334,419,418.578,467.049,40.291,100.760,0.251269,-1,-1,-1
334,233,1468.835,437.625,47.803,111.387,0.675563,-1,-1,-1
334,443,49.368,437.107,37.008,354.835,0.795974,-1,-1,-1
334,444,712.026,486.700,30.016,99.634,0.333893,-1,-1,-1
334,381,580.368,455.090,23.911,61.391,0.335407,-1,-1,-1
334,455,1171.788,444.444,156.414,350.404,0.343325,-1,-1,-1
334,457,799.128,481.375,26.797,67.092,0.324597,-1,-1,-1
334,436,873.692,443.344,55.188,132.451,0.382947,-1,-1,-1
334,412,661.719,465.459,28.669,76.938,0.409435,-1,-1,-1
334,6,1220.953,444.429,40.952,99.163,0.544761,-1,-1,-1
334,418,1301.323,421.886,41.765,125.059,0.251945,-1,-1,-1
335,4,1060.207,392.415,212.153,621.427,0.842290,-1,-1,-1
335,192,485.876,457.414,46.979,106.338,0.438120,-1,-1,-1
335,301,869.550,417.231,184.420,539.401,0.878228,-1,-1,-1
335,293,379.728,462.893,47.762,119.525,0.640781,-1,-1,-1
335,347,675.564,489.324,53.784,116.226,0.675291,-1,-1,-1
335,360,557.528,457.758,24.219,58.968,0.351857,-1,-1,-1
335,402,733.101,473.000,50.503,129.526,0.687261,-1,-1,-1
335,405,177.989,396.183,209.478,427.570,0.883995,-1,-1,-1
335,368,1773.149,390.861,146.851,471.794,0.794356,-1,-1,-1
335,233,1470.274,438.162,46.976,110.475,0.663256,-1,-1,-1
335,443,52.099,442.063,41.004,347.985,0.839711,-1,-1,-1
335,444,711.865,486.803,30.075,99.513,0.356624,-1,-1,-1
335,381,580.247,455.449,23.708,61.330,0.325412,-1,-1,-1
335,455,1163.248,430.780,166.784,374.275,0.256451,-1,-1,-1
335,457,798.830,480.870,26.946,67.492,0.276266,-1,-1,-1
335,436,875.997,443.136,53.321,126.664,0.320820,-1,-1,-1
335,465,1010.561,462.775,33.092,70.442,0.377539,-1,-1,-1
335,412,661.486,467.742,27.601,74.622,0.359530,-1,-1,-1
335,6,1224.968,447.319,37.313,87.083,0.534962,-1,-1,-1
335,418,1301.401,423.607,40.873,123.098,0.250594,-1,-1,-1
336,4,1058.807,393.647,211.855,621.728,0.853834,-1,-1,-1
336,192,485.760,457.963,45.829,104.780,0.392063,-1,-1,-1
336,301,868.350,416.848,184.424,540.200,0.886512,-1,-1,-1
336,293,378.916,464.113,47.031,117.813,0.577422,-1,-1,-1
336,347,674.779,487.992,54.151,117.703,0.724388,-1,-1,-1
336,360,556.859,457.632,24.141,59.146,0.330698,-1,-1,-1
336,402,732.711,473.210,50.229,129.026,0.675417,-1,-1,-1
336,405,188.313,395.362,210.569,427.222,0.884892,-1,-1,-1
336,368,1776.271,378.499,143.729,485.947,0.671433,-1,-1,-1
336,233,1471.339,438.068,46.645,110.226,0.690585,-1,-1,-1
336,443,53.525,442.237,46.415,346.709,0.879041,-1,-1,-1
336,444,710.949,487.344,30.678,101.397,0.334190,-1,-1,-1
336,381,580.043,457.012,22.845,59.376,0.323854,-1,-1,-1
336,455,1164.815,422.486,169.428,379.900,0.444588,-1,-1,-1
336,457,798.669,479.580,27.368,68.551,0.266362,-1,-1,-1
336,465,1009.034,461.600,33.130,70.703,0.409484,-1,-1,-1
336,412,661.124,466.531,27.577,73.638,0.275061,-1,-1,-1
336,6,1226.619,448.996,39.157,89.856,0.569150,-1,-1,-1
336,418,1301.046,423.015,40.670,123.078,0.287652,-1,-1,-1
336,401,1825.540,472.435,64.800,177.296,0.492634,-1,-1,-1
337,4,1058.837,395.563,211.185,620.293,0.853472,-1,-1,-1
337,192,484.186,456.441,46.322,107.062,0.594919,-1,-1,-1
337,301,867.713,416.423,184.198,540.240,0.889674,-1,-1,-1
337,293,378.879,464.713,46.389,116.345,0.599465,-1,-1,-1
337,347,674.159,486.906,54.588,119.178,0.741409,-1,-1,-1
337,360,557.465,458.936,23.505,57.726,0.310322,-1,-1,-1
337,402,731.924,473.087,50.446,129.689,0.674296,-1,-1,-1
337,405,201.407,397.193,211.306,425.460,0.827264,-1,-1,-1
337,368,1781.500,359.779,138.500,507.661,0.661938,-1,-1,-1
337,233,1474.206,437.633,47.217,110.802,0.670648,-1,-1,-1
337,443,53.721,443.671,52.687,346.925,0.867659,-1,-1,-1
337,381,579.238,457.828,22.041,57.716,0.258585,-1,-1,-1
337,455,1164.710,423.259,169.732,380.402,0.484754,-1,-1,-1
337,457,798.609,480.028,27.387,68.606,0.257071,-1,-1,-1
337,465,1007.211,459.510,34.970,74.777,0.312214,-1,-1,-1
337,6,1228.714,448.883,39.023,88.435,0.541285,-1,-1,-1
337,419,415.754,469.442,39.738,100.227,0.314475,-1,-1,-1
338,4,1057.865,394.823,211.473,621.305,0.849993,-1,-1,-1
338,192,483.919,454.154,47.104,109.882,0.626723,-1,-1,-1
338,301,868.039,416.825,183.775,539.419,0.883373,-1,-1,-1
338,293,378.332,464.836,46.169,116.001,0.551006,-1,-1,-1
338,347,673.625,485.355,55.065,120.685,0.735348,-1,-1,-1
338,360,556.737,458.652,23.570,58.445,0.313040,-1,-1,-1
338,402,731.599,473.248,50.230,129.416,0.686320,-1,-1,-1
338,405,213.842,398.592,212.676,423.442,0.879289,-1,-1,-1
338,233,1477.200,438.280,47.292,109.806,0.729715,-1,-1,-1
338,443,51.982,444.874,59.173,345.739,0.877553,-1,-1,-1
338,381,578.479,457.993,22.053,58.444,0.272301,-1,-1,-1
338,455,1165.293,425.185,170.506,382.332,0.517029,-1,-1,-1
338,457,798.812,479.587,27.137,67.885,0.258894,-1,-1,-1
338,465,1006.634,458.607,34.720,74.667,0.373195,-1,-1,-1
338,6,1230.625,448.241,39.299,88.071,0.539885,-1,-1,-1
338,419,415.479,470.445,39.837,100.861,0.323898,-1,-1,-1
338,418,1301.298,422.485,40.769,123.243,0.329618,-1,-1,-1
339,4,1058.317,394.851,210.922,621.959,0.855158,-1,-1,-1
339,192,484.127,454.773,46.717,109.695,0.628335,-1,-1,-1
339,301,867.751,416.902,183.287,539.385,0.864225,-1,-1,-1
339,293,378.105,464.741,46.070,115.689,0.574813,-1,-1,-1
339,347,673.966,486.218,54.569,119.815,0.741533,-1,-1,-1
339,360,556.662,458.560,23.387,58.411,0.329967,-1,-1,-1
339,402,731.617,474.002,49.912,128.911,0.700173,-1,-1,-1
339,405,223.517,404.198,212.364,417.060,0.894658,-1,-1,-1
339,233,1480.286,439.567,47.224,108.052,0.652584,-1,-1,-1
339,443,48.835,445.244,65.731,344.629,0.878839,-1,-1,-1
339,381,578.686,458.746,21.344,56.797,0.273576,-1,-1,-1
339,455,1163.388,419.079,174.625,392.892,0.660746,-1,-1,-1
339,457,798.675,479.820,26.967,67.404,0.256521,-1,-1,-1
339,465,1005.802,456.971,35.252,76.502,0.287859,-1,-1,-1
339,6,1232.595,445.905,38.713,86.351,0.559899,-1,-1,-1
339,419,414.508,468.947,40.556,103.164,0.370578,-1,-1,-1
339,418,1301.075,421.334,41.306,124.805,0.294808,-1,-1,-1
340,4,1060.393,394.714,211.231,622.559,0.846159,-1,-1,-1
340,192,484.302,455.482,46.161,109.444,0.592447,-1,-1,-1
340,301,867.527,417.343,182.242,538.841,0.851725,-1,-1,-1
340,293,378.674,464.298,45.830,114.388,0.449819,-1,-1,-1
340,347,674.082,487.590,54.015,118.512,0.746121,-1,-1,-1
340,360,556.345,457.573,23.498,59.281,0.308191,-1,-1,-1
340,402,731.924,474.857,49.380,127.907,0.710147,-1,-1,-1
340,405,231.948,400.745,216.591,421.167,0.904987,-1,-1,-1
340,233,1481.674,439.605,47.577,107.832,0.547624,-1,-1,-1
340,443,45.600,442.428,72.694,345.755,0.875140,-1,-1,-1
340,381,577.776,457.867,21.525,57.841,0.276483,-1,-1,-1
340,455,1165.581,416.320,174.717,394.361,0.591943,-1,-1,-1
340,457,798.373,479.589,27.102,67.827,0.271071,-1,-1,-1
340,6,1233.653,443.960,39.163,87.204,0.517577,-1,-1,-1
340,419,414.610,469.087,40.241,103.021,0.309887,-1,-1,-1
341,4,1063.967,396.957,211.420,619.689,0.832472,-1,-1,-1
341,192,484.461,456.311,45.539,108.886,0.477285,-1,-1,-1
341,301,868.090,417.447,181.491,539.168,0.863803,-1,-1,-1
341,293,378.929,463.203,45.662,113.286,0.440464,-1,-1,-1
341,347,674.144,488.908,53.856,117.891,0.728679,-1,-1,-1
341,360,555.865,456.753,23.758,60.318,0.257967,-1,-1,-1
341,402,731.901,474.436,49.418,128.214,0.710453,-1,-1,-1
341,405,237.896,403.377,217.036,418.588,0.907355,-1,-1,-1
341,233,1484.041,434.646,50.737,112.667,0.366439,-1,-1,-1
341,443,40.818,440.103,79.422,349.587,0.876539,-1,-1,-1
341,381,577.412,457.430,21.643,58.421,0.257874,-1,-1,-1
341,455,1166.206,413.802,174.834,396.735,0.487855,-1,-1,-1
341,457,798.157,477.277,28.028,70.303,0.261666,-1,-1,-1
341,6,1235.135,443.316,39.232,87.465,0.502852,-1,-1,-1
341,419,415.068,470.296,39.198,100.227,0.306180,-1,-1,-1
341,465,1005.353,458.661,36.942,80.436,0.341337,-1,-1,-1
341,418,1301.096,420.219,41.715,125.885,0.283623,-1,-1,-1
342,4,1063.745,399.129,210.678,616.889,0.821412,-1,-1,-1
342,192,484.618,455.410,46.157,110.698,0.481684,-1,-1,-1
342,301,869.893,418.491,179.753,537.643,0.851347,-1,-1,-1
342,293,379.051,463.498,45.559,111.659,0.310079,-1,-1,-1
342,347,674.785,489.644,53.446,117.047,0.726705,-1,-1,-1
342,402,732.457,472.254,49.932,130.263,0.667169,-1,-1,-1
342,405,244.382,414.765,213.155,406.144,0.912771,-1,-1,-1
342,233,1486.693,434.907,50.927,111.807,0.425715,-1,-1,-1
342,443,36.245,440.731,84.840,348.662,0.879549,-1,-1,-1
342,455,1167.596,414.196,174.274,397.042,0.486046,-1,-1,-1
342,457,798.542,477.690,27.906,69.979,0.260353,-1,-1,-1
342,6,1237.122,444.185,37.394,83.379,0.456831,-1,-1,-1
342,419,414.608,469.348,39.988,101.976,0.288348,-1,-1,-1
342,465,1006.227,459.422,34.678,76.188,0.365056,-1,-1,-1
342,418,1301.015,420.538,41.375,124.788,0.316371,-1,-1,-1
343,4,1064.770,398.982,211.166,617.233,0.833928,-1,-1,-1
343,192,486.133,456.592,44.745,107.316,0.351795,-1,-1,-1
343,301,871.708,418.731,178.402,536.824,0.845413,-1,-1,-1
343,293,379.780,463.325,46.303,112.474,0.329538,-1,-1,-1
343,347,675.290,489.322,53.507,117.069,0.721731,-1,-1,-1
343,402,733.442,472.438,49.752,130.186,0.625035,-1,-1,-1
343,405,247.923,412.302,215.078,407.442,0.921915,-1,-1,-1
343,233,1489.634,436.160,50.896,110.866,0.316979,-1,-1,-1
343,443,31.635,437.506,92.640,359.684,0.840914,-1,-1,-1
343,455,1170.145,416.789,170.670,392.003,0.440606,-1,-1,-1
343,457,798.800,478.084,27.991,70.190,0.265788,-1,-1,-1
343,6,1238.685,445.665,36.388,81.398,0.448285,-1,-1,-1
343,465,1006.803,459.379,34.295,76.031,0.382676,-1,-1,-1
343,418,1300.854,420.421,41.470,125.153,0.255460,-1,-1,-1
344,4,1062.699,398.340,210.978,618.099,0.834562,-1,-1,-1
344,192,487.397,457.368,43.983,105.529,0.420944,-1,-1,-1
344,301,873.698,419.869,176.975,536.358,0.835142,-1,-1,-1
344,293,378.191,464.925,47.507,116.806,0.319298,-1,-1,-1
344,347,675.060,489.512,53.718,117.086,0.733723,-1,-1,-1
344,402,734.155,473.231,49.784,130.686,0.646847,-1,-1,-1
344,405,251.979,412.841,214.824,404.000,0.916649,-1,-1,-1
344,443,29.416,435.216,97.887,359.764,0.875063,-1,-1,-1
344,455,1171.696,415.837,171.497,396.459,0.526492,-1,-1,-1
344,457,798.840,478.343,28.122,70.533,0.290068,-1,-1,-1
344,6,1239.529,446.101,35.969,80.343,0.457763,-1,-1,-1
344,465,1006.938,459.198,34.028,76.153,0.343692,-1,-1,-1
344,419,415.481,471.710,39.625,100.444,0.285933,-1,-1,-1
345,4,1063.777,398.407,211.114,618.143,0.836258,-1,-1,-1
345,192,487.837,456.123,44.344,106.490,0.251904,-1,-1,-1
345,301,876.118,420.263,176.023,537.094,0.819671,-1,-1,-1
345,347,675.411,489.460,53.566,116.341,0.720246,-1,-1,-1
345,402,733.924,473.706,49.368,128.999,0.693192,-1,-1,-1
345,405,255.440,409.163,216.345,406.277,0.913076,-1,-1,-1
345,443,30.237,433.618,103.068,359.845,0.882354,-1,-1,-1
345,455,1171.918,418.017,170.285,397.232,0.534927,-1,-1,-1
345,457,799.221,479.487,27.579,69.174,0.267526,-1,-1,-1
345,6,1240.166,445.751,36.162,80.732,0.501543,-1,-1,-1
345,465,1007.714,459.615,32.824,74.167,0.364367,-1,-1,-1
346,4,1064.557,398.523,211.180,617.607,0.834018,-1,-1,-1
346,192,488.214,454.667,44.973,108.064,0.279219,-1,-1,-1
346,301,881.126,420.671,175.792,534.455,0.830309,-1,-1,-1
346,347,674.963,489.818,53.999,116.846,0.732367,-1,-1,-1
346,402,733.609,473.871,49.498,128.742,0.717276,-1,-1,-1
346,405,257.805,405.070,218.175,411.511,0.909714,-1,-1,-1
346,443,42.476,433.381,104.477,356.678,0.824255,-1,-1,-1
346,455,1175.106,421.563,167.030,392.473,0.429368,-1,-1,-1
346,457,799.805,479.011,27.206,68.040,0.252084,-1,-1,-1
346,6,1240.818,446.439,35.811,80.152,0.481335,-1,-1,-1
346,465,1008.025,460.801,32.689,74.628,0.377635,-1,-1,-1
346,419,414.916,468.041,41.253,104.869,0.251703,-1,-1,-1
347,4,1063.365,396.201,211.623,619.668,0.830558,-1,-1,-1
347,192,488.150,454.451,45.062,108.529,0.268149,-1,-1,-1
347,301,883.721,420.731,176.135,533.724,0.805340,-1,-1,-1
347,347,674.474,490.200,54.143,116.886,0.718238,-1,-1,-1
347,402,733.459,473.954,49.674,128.745,0.721371,-1,-1,-1
347,405,262.317,401.869,217.637,414.064,0.914134,-1,-1,-1
347,443,57.362,434.162,106.313,354.372,0.893940,-1,-1,-1
347,455,1177.002,421.871,165.574,391.686,0.434715,-1,-1,-1
347,457,800.028,478.897,27.121,67.627,0.259880,-1,-1,-1
347,6,1241.694,447.196,36.260,81.270,0.506133,-1,-1,-1
347,465,1008.510,461.108,32.545,75.246,0.315133,-1,-1,-1
348,4,1061.924,393.270,212.341,623.244,0.850835,-1,-1,-1
348,192,485.179,453.889,45.916,110.317,0.379461,-1,-1,-1
348,301,884.412,420.497,176.267,534.335,0.834214,-1,-1,-1
348,347,673.055,488.707,55.469,119.712,0.758030,-1,-1,-1
348,402,733.186,472.639,50.582,130.860,0.725446,-1,-1,-1
348,405,269.997,401.530,213.686,412.163,0.894477,-1,-1,-1
348,443,67.326,434.727,108.578,355.156,0.835024,-1,-1,-1
348,455,1176.812,415.073,167.927,400.710,0.506053,-1,-1,-1
348,457,800.078,479.787,27.489,68.516,0.274424,-1,-1,-1
348,6,1242.762,447.151,35.682,80.076,0.535119,-1,-1,-1
348,465,1009.088,462.156,31.094,72.519,0.272691,-1,-1,-1
348,444,710.287,481.675,32.357,105.519,0.293473,-1,-1,-1
348,233,1500.817,435.821,50.976,112.007,0.595476,-1,-1,-1
349,4,1062.710,394.416,211.990,622.292,0.844210,-1,-1,-1
349,192,483.444,452.568,47.113,112.857,0.340482,-1,-1,-1
349,301,885.433,420.918,176.032,533.126,0.848827,-1,-1,-1
349,347,673.187,488.245,55.617,120.079,0.723225,-1,-1,-1
349,402,732.655,471.029,50.939,131.856,0.710754,-1,-1,-1
349,405,278.875,401.260,208.355,409.801,0.858113,-1,-1,-1
349,443,75.843,434.982,110.721,353.630,0.847384,-1,-1,-1
349,455,1178.693,413.414,167.517,402.877,0.516583,-1,-1,-1
349,457,799.947,481.211,27.018,67.271,0.272946,-1,-1,-1
349,6,1242.474,446.611,36.382,81.741,0.579144,-1,-1,-1
349,465,1009.556,462.721,30.552,71.720,0.278692,-1,-1,-1
349,444,709.451,481.307,32.407,105.150,0.261490,-1,-1,-1
349,233,1502.148,435.990,50.219,111.298,0.481450,-1,-1,-1
350,4,1064.468,393.687,214.454,623.957,0.839446,-1,-1,-1
350,192,481.948,453.386,47.550,113.085,0.345945,-1,-1,-1
350,301,886.830,420.858,175.830,532.090,0.856220,-1,-1,-1
350,347,672.425,487.936,55.670,120.237,0.741259,-1,-1,-1
350,402,732.382,469.225,51.490,133.428,0.586638,-1,-1,-1
350,405,286.713,403.452,200.754,402.858,0.825828,-1,-1,-1
350,443,86.277,434.802,113.524,351.406,0.867511,-1,-1,-1
350,455,1181.416,420.061,164.534,397.026,0.289000,-1,-1,-1
350,457,799.723,482.744,26.459,65.810,0.259422,-1,-1,-1
350,6,1241.524,445.922,37.355,83.721,0.533550,-1,-1,-1
350,444,708.951,480.149,32.836,106.402,0.318897,-1,-1,-1
350,488,3.954,418.908,45.072,446.288,0.518710,-1,-1,-1
350,419,417.756,472.294,39.591,102.642,0.261365,-1,-1,-1
351,4,1063.896,396.105,214.277,620.897,0.819849,-1,-1,-1
351,192,481.970,454.373,47.046,111.893,0.303035,-1,-1,-1
351,301,886.957,421.101,175.289,531.026,0.845940,-1,-1,-1
351,347,672.224,487.712,55.647,120.072,0.757662,-1,-1,-1
351,402,732.288,466.161,51.920,135.369,0.575446,-1,-1,-1
351,405,294.932,402.598,195.776,401.396,0.814252,-1,-1,-1
351,443,100.897,434.922,119.142,350.214,0.899991,-1,-1,-1
351,455,1184.214,428.039,160.675,389.240,0.257679,-1,-1,-1
351,457,799.703,483.471,26.379,65.509,0.267146,-1,-1,-1
351,6,1240.444,445.336,39.122,87.770,0.500823,-1,-1,-1
351,444,708.938,477.517,33.355,107.775,0.353856,-1,-1,-1
351,488,6.864,429.494,44.535,438.036,0.605814,-1,-1,-1
351,233,1507.330,432.311,50.349,112.858,0.266382,-1,-1,-1
352,4,1065.408,397.376,215.067,619.644,0.817199,-1,-1,-1
352,192,480.462,453.591,47.792,113.304,0.428865,-1,-1,-1
352,301,889.129,421.789,174.984,529.301,0.851049,-1,-1,-1
352,347,671.763,487.469,55.543,119.684,0.736473,-1,-1,-1
352,402,732.113,465.633,51.952,136.019,0.648511,-1,-1,-1
352,405,300.104,401.809,194.455,405.358,0.748608,-1,-1,-1
352,443,110.690,436.440,125.066,347.183,0.887162,-1,-1,-1
352,6,1240.212,444.709,40.166,90.376,0.620964,-1,-1,-1
352,488,9.122,436.397,44.320,430.522,0.706126,-1,-1,-1
352,233,1508.411,432.960,49.852,112.952,0.490953,-1,-1,-1
353,4,1066.156,395.930,216.615,621.077,0.792216,-1,-1,-1
353,192,475.756,451.516,48.689,114.544,0.352057,-1,-1,-1
353,301,890.897,421.342,175.474,529.369,0.842071,-1,-1,-1
353,347,671.403,486.823,55.787,120.138,0.697675,-1,-1,-1
353,402,731.858,467.079,51.095,133.811,0.572961,-1,-1,-1
353,405,305.251,400.934,192.527,407.818,0.764021,-1,-1,-1
353,443,116.601,440.334,131.690,342.746,0.901441,-1,-1,-1
353,6,1240.500,444.720,41.083,92.609,0.629545,-1,-1,-1
353,488,14.308,443.806,44.379,419.475,0.770695,-1,-1,-1
353,233,1511.138,431.551,50.204,115.127,0.660229,-1,-1,-1
353,418,1302.302,424.399,41.000,122.647,0.268451,-1,-1,-1
354,4,1066.290,397.582,217.058,619.329,0.799398,-1,-1,-1
354,192,475.744,451.406,48.691,113.910,0.412299,-1,-1,-1
354,301,889.103,422.094,174.755,528.782,0.853279,-1,-1,-1
354,347,671.718,486.623,55.720,119.570,0.673196,-1,-1,-1
354,402,732.102,467.483,50.779,133.199,0.667234,-1,-1,-1
354,405,328.258,400.127,186.316,405.141,0.760902,-1,-1,-1
354,443,119.848,442.756,139.165,342.135,0.911605,-1,-1,-1
354,6,1240.626,443.934,41.567,94.087,0.551234,-1,-1,-1
354,488,20.103,448.220,45.613,412.313,0.795920,-1,-1,-1
354,233,1512.343,430.447,50.471,116.399,0.619721,-1,-1,-1
354,320,1047.521,436.108,89.522,212.883,0.569249,-1,-1,-1
355,4,1067.059,398.280,217.885,618.533,0.791650,-1,-1,-1
355,192,476.562,451.279,48.705,113.772,0.436687,-1,-1,-1
355,301,887.643,422.131,174.013,528.658,0.854892,-1,-1,-1
355,347,671.741,486.506,55.861,119.863,0.692985,-1,-1,-1
355,402,731.933,468.316,50.366,132.151,0.684870,-1,-1,-1
355,405,335.328,400.068,183.841,402.002,0.850960,-1,-1,-1
355,443,119.697,442.092,146.365,342.474,0.886840,-1,-1,-1
355,6,1239.925,443.356,43.580,99.581,0.476735,-1,-1,-1
355,488,33.971,446.361,49.294,407.302,0.716944,-1,-1,-1
355,233,1514.452,430.054,50.317,117.043,0.486585,-1,-1,-1
355,320,1046.456,432.875,87.297,215.535,0.677434,-1,-1,-1
355,360,552.755,455.071,24.151,61.760,0.286393,-1,-1,-1
356,4,1064.733,399.367,217.982,617.715,0.792610,-1,-1,-1
356,192,476.378,450.804,49.315,114.936,0.456007,-1,-1,-1
356,301,889.201,422.745,172.821,525.593,0.871541,-1,-1,-1
356,347,671.148,486.140,55.971,120.450,0.728677,-1,-1,-1
356,402,732.306,469.368,49.957,131.510,0.733252,-1,-1,-1
356,405,345.017,401.959,183.221,399.395,0.810833,-1,-1,-1
356,443,122.768,439.949,151.937,340.628,0.903589,-1,-1,-1
356,6,1240.657,442.843,43.651,100.602,0.551749,-1,-1,-1
356,488,45.295,444.675,55.680,410.875,0.879975,-1,-1,-1
356,233,1517.252,430.230,49.541,116.464,0.513176,-1,-1,-1
356,320,1045.144,435.904,82.077,211.840,0.770858,-1,-1,-1
356,360,553.466,455.090,24.060,61.739,0.288918,-1,-1,-1
356,444,707.892,482.500,33.640,108.386,0.312178,-1,-1,-1
357,4,1064.787,394.963,221.663,622.834,0.802052,-1,-1,-1
357,192,474.559,451.009,49.633,116.069,0.297432,-1,-1,-1
357,301,889.453,421.727,171.295,523.627,0.869231,-1,-1,-1
357,347,672.012,486.048,56.038,120.162,0.744527,-1,-1,-1
357,402,732.841,471.389,49.307,129.913,0.716548,-1,-1,-1
357,405,360.391,400.630,183.939,400.079,0.813360,-1,-1,-1
357,443,126.580,439.722,155.331,337.534,0.912428,-1,-1,-1
357,6,1240.602,443.245,44.331,103.264,0.550225,-1,-1,-1
357,488,58.402,440.547,64.471,413.068,0.919574,-1,-1,-1
357,233,1521.859,431.324,48.312,114.044,0.386157,-1,-1,-1
357,320,1045.141,441.852,77.277,205.756,0.567823,-1,-1,-1
357,360,552.093,454.974,24.174,61.600,0.297631,-1,-1,-1
358,4,1063.303,394.380,223.146,624.141,0.809709,-1,-1,-1
358,301,890.711,420.375,170.471,523.942,0.871495,-1,-1,-1
358,347,671.718,485.876,56.068,119.740,0.745277,-1,-1,-1
358,402,732.248,469.891,50.130,132.228,0.705668,-1,-1,-1
358,405,376.365,403.524,181.675,391.985,0.750397,-1,-1,-1
358,443,131.689,441.927,155.804,331.779,0.869177,-1,-1,-1
358,6,1241.031,444.963,44.719,105.282,0.583052,-1,-1,-1
358,488,64.818,439.569,74.050,412.477,0.932192,-1,-1,-1
358,233,1525.063,431.485,47.396,112.146,0.339167,-1,-1,-1
358,320,1043.174,445.910,74.453,201.252,0.771120,-1,-1,-1
358,360,550.431,454.967,24.134,61.581,0.317569,-1,-1,-1
358,497,543.734,455.574,23.931,61.724,0.341715,-1,-1,-1
359,4,1064.206,397.803,221.904,620.214,0.793888,-1,-1,-1
359,301,893.025,420.167,169.436,522.106,0.870927,-1,-1,-1
359,347,671.330,486.994,55.849,119.067,0.745276,-1,-1,-1
359,402,732.202,471.065,49.888,131.430,0.737022,-1,-1,-1
359,405,392.452,407.064,182.139,387.542,0.793478,-1,-1,-1
359,443,137.947,441.648,156.541,329.656,0.848969,-1,-1,-1
359,6,1241.110,446.224,44.331,105.346,0.572233,-1,-1,-1
359,488,65.035,441.413,83.731,411.364,0.932603,-1,-1,-1
359,233,1528.528,428.642,48.461,115.413,0.492058,-1,-1,-1
359,320,1040.673,448.954,72.285,198.600,0.707044,-1,-1,-1
359,360,549.960,454.633,24.751,63.145,0.327053,-1,-1,-1
359,497,544.106,455.625,24.193,62.395,0.334779,-1,-1,-1
359,499,358.877,412.264,129.460,390.258,0.502329,-1,-1,-1
360,4,1061.757,396.738,222.073,621.411,0.794441,-1,-1,-1
360,301,896.980,419.726,169.720,521.425,0.867840,-1,-1,-1
360,347,670.401,487.058,56.340,119.873,0.679710,-1,-1,-1
360,402,731.996,469.609,50.177,132.376,0.647365,-1,-1,-1
360,405,400.129,406.600,184.618,387.414,0.817974,-1,-1,-1
360,443,139.643,436.902,158.189,331.246,0.830387,-1,-1,-1
360,6,1241.465,445.999,44.262,106.101,0.625147,-1,-1,-1
360,488,63.690,445.387,93.112,407.556,0.935066,-1,-1,-1
360,233,1531.579,430.350,48.165,115.118,0.465912,-1,-1,-1
360,320,1035.803,444.658,73.207,203.558,0.533859,-1,-1,-1
360,360,550.240,454.863,24.954,63.233,0.357728,-1,-1,-1
360,499,362.707,417.296,128.110,386.567,0.408404,-1,-1,-1
361,4,1060.449,397.681,221.415,620.311,0.784175,-1,-1,-1
361,301,898.448,419.176,169.626,520.346,0.881331,-1,-1,-1
361,347,669.940,488.958,55.419,117.817,0.685345,-1,-1,-1
361,402,732.600,470.698,49.493,130.630,0.619353,-1,-1,-1
361,405,401.925,404.460,188.471,390.556,0.874835,-1,-1,-1
361,443,146.019,433.159,158.281,333.637,0.807385,-1,-1,-1
361,6,1241.544,444.878,43.936,106.345,0.539720,-1,-1,-1
361,488,62.890,445.033,103.541,407.105,0.939058,-1,-1,-1
361,233,1533.017,430.737,47.831,115.126,0.459069,-1,-1,-1
361,320,1032.731,444.569,71.496,202.662,0.443306,-1,-1,-1
361,360,550.442,454.797,24.642,62.375,0.320618,-1,-1,-1
362,4,1062.224,396.801,221.608,619.996,0.724403,-1,-1,-1
362,301,900.739,417.725,170.055,521.267,0.888657,-1,-1,-1
362,347,668.739,489.408,55.742,118.275,0.680487,-1,-1,-1
362,402,732.138,470.052,49.850,131.478,0.684172,-1,-1,-1
362,405,403.533,406.671,190.103,388.309,0.889012,-1,-1,-1
362,443,149.330,435.665,156.856,332.780,0.833247,-1,-1,-1
362,6,1241.986,445.701,42.874,104.761,0.596845,-1,-1,-1
362,488,61.629,445.149,114.020,406.261,0.936070,-1,-1,-1
362,320,1028.258,439.812,72.615,209.822,0.712099,-1,-1,-1
362,360,550.520,454.183,24.781,62.519,0.312684,-1,-1,-1
362,418,1301.625,423.542,41.059,122.607,0.296656,-1,-1,-1
362,499,373.118,425.252,125.150,379.736,0.255617,-1,-1,-1
363,4,1063.887,396.945,222.137,619.360,0.734376,-1,-1,-1
363,301,904.713,416.763,170.494,521.217,0.882715,-1,-1,-1
363,347,667.661,490.143,55.585,117.789,0.686251,-1,-1,-1
363,402,732.477,470.986,49.365,130.291,0.651955,-1,-1,-1
363,405,402.960,408.461,191.512,387.054,0.895673,-1,-1,-1
363,443,161.064,436.779,153.197,330.617,0.831276,-1,-1,-1
363,6,1242.459,445.033,42.894,105.369,0.551820,-1,-1,-1
363,488,56.968,443.484,123.895,406.501,0.930665,-1,-1,-1
363,320,1026.417,442.275,71.601,210.431,0.415953,-1,-1,-1
363,360,550.317,454.057,24.815,62.699,0.297921,-1,-1,-1
363,497,544.365,455.441,24.120,62.063,0.262247,-1,-1,-1
364,4,1063.980,396.720,222.316,619.344,0.715827,-1,-1,-1
364,301,907.524,416.504,170.560,521.622,0.880850,-1,-1,-1
364,347,665.743,490.715,55.509,117.898,0.700724,-1,-1,-1
364,402,732.875,472.913,48.714,128.660,0.689847,-1,-1,-1
364,405,402.739,408.317,194.626,389.629,0.894353,-1,-1,-1
364,443,172.232,435.069,150.340,332.780,0.872819,-1,-1,-1
364,6,1244.332,445.296,42.919,105.213,0.670698,-1,-1,-1
364,488,55.047,444.161,132.204,402.052,0.929068,-1,-1,-1
364,360,549.294,454.228,24.388,62.109,0.301771,-1,-1,-1
364,444,702.309,486.116,34.199,109.597,0.313737,-1,-1,-1
364,233,1538.189,430.668,46.210,112.644,0.417902,-1,-1,-1
364,418,1301.347,422.667,41.532,123.817,0.366066,-1,-1,-1
365,4,1073.980,395.999,226.661,620.723,0.744505,-1,-1,-1
365,301,910.574,416.278,171.058,522.591,0.882091,-1,-1,-1
365,347,663.696,489.909,56.289,119.602,0.706293,-1,-1,-1
365,402,732.943,473.575,48.381,127.927,0.684410,-1,-1,-1
365,405,403.396,408.429,196.293,388.478,0.893613,-1,-1,-1
365,443,182.229,433.948,147.004,334.218,0.836127,-1,-1,-1
365,6,1245.084,444.296,43.560,106.799,0.618259,-1,-1,-1
365,488,51.033,442.307,141.601,403.315,0.919186,-1,-1,-1
365,360,550.238,454.427,24.374,62.631,0.277713,-1,-1,-1
365,444,700.343,486.676,34.664,110.397,0.421258,-1,-1,-1
365,418,1301.091,421.283,42.126,125.747,0.349129,-1,-1,-1
365,497,544.622,455.516,23.887,61.494,0.346099,-1,-1,-1
366,4,1076.493,398.185,229.931,618.821,0.772312,-1,-1,-1
366,301,913.340,416.531,171.770,524.423,0.879970,-1,-1,-1
366,347,662.992,490.357,56.023,119.283,0.711326,-1,-1,-1
366,402,732.988,474.567,47.878,126.664,0.621064,-1,-1,-1
366,405,403.777,409.218,198.103,386.982,0.893367,-1,-1,-1
366,443,191.781,433.517,143.467,333.719,0.828785,-1,-1,-1
366,6,1246.319,445.610,42.793,104.809,0.660601,-1,-1,-1
366,488,51.592,440.214,148.127,399.857,0.910002,-1,-1,-1
366,360,549.352,455.909,23.382,60.499,0.320600,-1,-1,-1
366,444,699.851,487.423,34.570,110.092,0.405400,-1,-1,-1
366,320,1021.165,452.259,66.654,196.950,0.263142,-1,-1,-1
366,233,1538.721,425.920,47.389,117.835,0.295915,-1,-1,-1
367,4,1076.560,397.011,233.997,620.399,0.793093,-1,-1,-1
367,301,916.418,416.249,172.238,525.747,0.878134,-1,-1,-1
367,347,662.141,490.344,56.313,120.174,0.691840,-1,-1,-1
367,402,732.659,475.123,47.812,126.713,0.621961,-1,-1,-1
367,405,404.623,407.344,200.731,388.389,0.889449,-1,-1,-1
367,443,201.835,431.224,141.598,334.466,0.827507,-1,-1,-1
367,6,1247.042,445.747,42.635,104.084,0.662280,-1,-1,-1
367,488,52.770,439.335,154.292,397.265,0.901161,-1,-1,-1
367,444,699.563,487.922,34.669,109.611,0.480886,-1,-1,-1
368,4,1074.755,395.671,237.676,622.315,0.783836,-1,-1,-1
368,301,917.782,416.323,172.085,526.031,0.884833,-1,-1,-1
368,347,660.440,487.547,58.462,125.147,0.601837,-1,-1,-1
368,402,731.807,474.827,48.132,127.498,0.624107,-1,-1,-1
368,405,406.626,406.755,201.338,387.351,0.905152,-1,-1,-1
368,443,216.246,431.350,140.840,333.947,0.865229,-1,-1,-1
368,6,1248.313,444.531,42.853,104.435,0.606821,-1,-1,-1
368,488,58.686,440.292,156.020,393.669,0.868818,-1,-1,-1
368,444,698.963,487.954,35.102,109.433,0.475457,-1,-1,-1
368,293,376.955,465.920,46.137,114.588,0.276371,-1,-1,-1
368,418,1301.472,422.554,41.611,123.958,0.272636,-1,-1,-1
369,4,1073.794,395.043,240.669,622.916,0.799016,-1,-1,-1
369,301,919.409,415.639,172.166,526.830,0.882376,-1,-1,-1
369,347,660.109,484.533,59.030,126.436,0.543337,-1,-1,-1
369,402,731.141,474.734,48.069,127.015,0.637319,-1,-1,-1
369,405,407.160,405.939,201.609,386.734,0.892734,-1,-1,-1
369,443,233.009,434.489,139.768,327.791,0.863335,-1,-1,-1
369,6,1248.760,444.404,42.985,104.788,0.580607,-1,-1,-1
369,488,66.454,439.069,158.308,390.027,0.819032,-1,-1,-1
369,444,698.266,484.809,36.262,111.512,0.489131,-1,-1,-1
369,519,1060.139,460.074,54.308,137.952,0.364017,-1,-1,-1
369,293,376.354,465.175,46.477,115.903,0.451856,-1,-1,-1
370,4,1071.498,394.607,242.370,623.477,0.761321,-1,-1,-1
370,301,920.647,416.113,171.211,526.248,0.874140,-1,-1,-1
370,347,658.014,483.628,59.234,127.272,0.687430,-1,-1,-1
370,402,730.151,474.298,48.572,128.045,0.745081,-1,-1,-1
370,405,409.468,405.934,201.237,385.958,0.899221,-1,-1,-1
370,443,243.603,434.398,142.560,328.279,0.857454,-1,-1,-1
370,6,1249.224,444.347,43.018,104.569,0.599585,-1,-1,-1
370,488,75.498,435.280,161.439,388.050,0.788999,-1,-1,-1
370,444,698.291,484.559,36.162,110.401,0.600454,-1,-1,-1
370,519,1061.073,459.033,54.781,139.034,0.499208,-1,-1,-1
370,293,377.263,465.332,46.423,115.880,0.382464,-1,-1,-1
370,520,1.671,389.025,35.367,431.537,0.394946,-1,-1,-1
370,419,411.381,473.031,40.421,104.358,0.363748,-1,-1,-1
371,4,1071.988,395.145,243.853,622.956,0.757386,-1,-1,-1
371,301,922.354,415.513,170.901,527.833,0.875108,-1,-1,-1
371,347,656.542,484.187,59.256,127.776,0.709068,-1,-1,-1
371,402,729.308,473.578,49.364,129.878,0.748029,-1,-1,-1
371,405,415.563,405.994,199.135,386.151,0.880093,-1,-1,-1
371,443,250.776,435.684,145.838,328.000,0.858017,-1,-1,-1
371,6,1249.759,444.248,43.207,105.196,0.633672,-1,-1,-1
371,488,80.742,435.078,163.382,386.431,0.838698,-1,-1,-1
371,444,698.427,485.134,35.379,107.301,0.629177,-1,-1,-1
371,519,1061.551,457.415,54.874,139.365,0.543912,-1,-1,-1
371,293,377.832,465.521,45.958,115.349,0.364305,-1,-1,-1
371,520,2.035,389.902,35.415,431.142,0.479550,-1,-1,-1
371,419,411.772,470.664,41.049,104.026,0.289947,-1,-1,-1
372,4,1071.816,393.945,245.855,623.798,0.784815,-1,-1,-1
372,301,923.780,413.915,170.889,530.177,0.863716,-1,-1,-1
372,347,655.569,483.523,59.650,128.770,0.717072,-1,-1,-1
372,402,729.346,473.328,49.479,130.041,0.751223,-1,-1,-1
372,405,426.273,402.590,194.185,381.995,0.893187,-1,-1,-1
372,443,253.889,435.829,149.254,327.685,0.870204,-1,-1,-1
372,6,1251.197,443.090,43.495,106.045,0.665595,-1,-1,-1
372,488,89.519,436.455,165.215,385.055,0.873339,-1,-1,-1
372,444,698.088,483.565,35.468,106.469,0.575680,-1,-1,-1
372,519,1060.256,456.878,55.566,141.058,0.374446,-1,-1,-1
372,293,377.948,466.982,46.210,114.507,0.407966,-1,-1,-1
372,520,3.738,410.072,34.006,410.905,0.608315,-1,-1,-1
372,419,414.282,471.952,40.579,101.176,0.265211,-1,-1,-1
372,418,1301.302,422.655,41.481,123.318,0.400347,-1,-1,-1
373,4,1073.660,393.129,247.926,624.553,0.757642,-1,-1,-1
373,301,926.816,412.658,170.551,530.850,0.871537,-1,-1,-1
373,347,653.868,483.539,59.789,129.249,0.699603,-1,-1,-1
373,402,730.310,474.921,49.013,128.417,0.717234,-1,-1,-1
373,405,435.576,401.883,190.606,381.499,0.901737,-1,-1,-1
373,443,256.965,434.862,151.399,326.065,0.865573,-1,-1,-1
373,6,1252.910,441.210,44.000,107.357,0.677679,-1,-1,-1
373,488,103.795,436.455,169.652,385.860,0.849527,-1,-1,-1
373,444,698.889,484.815,34.082,100.797,0.437978,-1,-1,-1
373,519,1064.317,456.375,57.330,145.487,0.407414,-1,-1,-1
373,293,378.102,465.598,47.455,116.438,0.655892,-1,-1,-1
373,520,7.517,442.010,31.924,377.626,0.728336,-1,-1,-1
373,419,415.881,474.813,40.232,99.448,0.320926,-1,-1,-1
373,418,1301.535,422.231,41.683,123.608,0.401155,-1,-1,-1
374,4,1075.042,393.892,249.755,624.343,0.778920,-1,-1,-1
374,301,928.807,411.619,169.825,531.057,0.869950,-1,-1,-1
374,347,653.959,483.225,59.993,130.083,0.661115,-1,-1,-1
374,402,731.626,474.169,49.107,128.815,0.697568,-1,-1,-1
374,405,447.072,400.317,186.870,380.924,0.884985,-1,-1,-1
374,443,262.578,437.241,150.435,320.525,0.851938,-1,-1,-1
374,6,1254.093,442.120,43.661,106.265,0.693904,-1,-1,-1
374,488,123.203,438.418,173.620,382.837,0.753353,-1,-1,-1
374,444,701.185,485.992,34.899,102.661,0.388801,-1,-1,-1
374,519,1065.908,455.870,58.523,148.615,0.523698,-1,-1,-1
374,293,377.005,464.040,48.478,117.472,0.619399,-1,-1,-1
374,520,9.978,451.454,32.097,368.211,0.716654,-1,-1,-1
374,418,1301.419,422.014,41.678,123.663,0.322284,-1,-1,-1
375,4,1072.481,393.693,249.939,623.904,0.749167,-1,-1,-1
375,301,930.652,410.597,169.307,531.929,0.870344,-1,-1,-1
375,347,653.474,485.951,57.553,125.710,0.599989,-1,-1,-1
375,402,732.436,473.540,48.805,128.267,0.618274,-1,-1,-1
375,405,458.064,398.910,183.167,379.225,0.841992,-1,-1,-1
375,443,271.381,439.916,148.149,313.133,0.845378,-1,-1,-1
375,6,1254.650,443.172,43.329,105.479,0.705616,-1,-1,-1
375,488,148.280,442.984,174.180,375.574,0.798987,-1,-1,-1
375,444,700.254,484.467,35.510,103.600,0.490773,-1,-1,-1
375,519,1065.447,456.164,57.702,146.284,0.386635,-1,-1,-1
375,293,377.393,463.196,49.329,118.676,0.682649,-1,-1,-1
375,520,13.173,449.571,34.045,373.469,0.707653,-1,-1,-1
375,418,1300.952,424.172,40.634,121.258,0.278898,-1,-1,-1
375,419,416.563,474.440,39.383,98.050,0.283184,-1,-1,-1
376,4,1071.513,394.107,250.103,623.378,0.756864,-1,-1,-1
376,301,934.097,410.807,168.804,531.808,0.875084,-1,-1,-1
376,347,653.900,488.446,54.580,119.378,0.541217,-1,-1,-1
376,402,732.563,474.968,48.533,127.898,0.630959,-1,-1,-1
376,405,466.086,399.756,179.566,375.105,0.819155,-1,-1,-1
376,443,280.686,446.690,143.665,303.326,0.824690,-1,-1,-1
376,6,1254.676,443.411,43.269,105.328,0.693506,-1,-1,-1
376,488,149.818,441.201,181.397,380.131,0.880323,-1,-1,-1
376,444,697.587,483.273,35.989,103.407,0.457025,-1,-1,-1
376,519,1066.220,455.110,57.767,146.992,0.377014,-1,-1,-1
376,293,376.392,463.053,49.686,118.561,0.656783,-1,-1,-1
376,520,16.660,445.843,36.373,375.465,0.758697,-1,-1,-1
376,419,417.515,476.621,38.305,95.680,0.277286,-1,-1,-1
377,4,1072.559,393.689,250.965,623.499,0.780424,-1,-1,-1
377,301,936.418,411.634,168.316,530.380,0.877808,-1,-1,-1
377,347,652.273,491.034,51.496,112.926,0.502681,-1,-1,-1
377,402,732.670,475.852,47.387,125.225,0.605708,-1,-1,-1
377,405,471.519,397.252,180.364,378.735,0.833868,-1,-1,-1
377,443,282.647,444.120,143.792,305.638,0.789623,-1,-1,-1
377,6,1254.587,442.239,43.585,106.579,0.672720,-1,-1,-1
377,488,154.006,442.729,186.002,378.328,0.905087,-1,-1,-1
377,444,697.325,484.568,36.256,103.076,0.419548,-1,-1,-1
377,519,1063.228,453.825,57.891,148.184,0.324388,-1,-1,-1
377,293,375.126,461.369,50.648,119.756,0.722394,-1,-1,-1
377,520,28.428,442.724,41.055,377.179,0.760258,-1,-1,-1
377,419,418.738,478.440,37.243,92.662,0.299954,-1,-1,-1
377,418,1300.389,423.654,40.087,120.717,0.281175,-1,-1,-1
378,4,1075.904,395.524,252.062,621.614,0.763755,-1,-1,-1
378,301,939.043,412.037,167.649,529.148,0.873244,-1,-1,-1
378,347,653.956,490.887,51.730,114.822,0.279102,-1,-1,-1
378,402,732.825,476.753,46.556,123.566,0.600547,-1,-1,-1
378,405,481.663,395.862,181.822,382.402,0.854196,-1,-1,-1
378,443,285.718,438.280,144.481,311.476,0.751977,-1,-1,-1
378,6,1254.315,441.354,43.680,107.209,0.679690,-1,-1,-1
378,488,161.020,441.301,189.657,376.581,0.900663,-1,-1,-1
378,444,701.129,486.605,35.300,99.888,0.423383,-1,-1,-1
378,519,1062.829,453.115,57.300,147.910,0.331105,-1,-1,-1
378,293,374.526,461.475,51.408,121.955,0.698325,-1,-1,-1
378,520,42.317,435.597,48.337,380.907,0.894284,-1,-1,-1
378,419,418.182,478.046,37.555,93.172,0.293078,-1,-1,-1
378,530,681.622,488.269,33.968,105.874,0.361124,-1,-1,-1
378,418,1300.335,423.170,39.943,121.155,0.316961,-1,-1,-1
379,4,1078.516,398.146,253.049,618.496,0.761766,-1,-1,-1
379,301,940.288,412.855,166.878,527.531,0.877177,-1,-1,-1
379,347,649.763,489.927,52.432,117.030,0.519927,-1,-1,-1
379,402,732.320,478.502,45.874,121.998,0.609230,-1,-1,-1
379,405,489.549,396.494,180.845,380.601,0.830395,-1,-1,-1
379,443,291.671,435.477,142.539,312.117,0.766547,-1,-1,-1
379,6,1254.395,441.682,43.504,107.345,0.658235,-1,-1,-1
379,488,165.363,443.761,192.713,373.235,0.930640,-1,-1,-1
379,444,698.927,486.430,35.975,101.544,0.502698,-1,-1,-1
379,519,1061.785,452.697,57.190,148.949,0.286052,-1,-1,-1
379,293,374.946,461.988,51.461,122.915,0.683308,-1,-1,-1
379,520,50.492,435.891,56.193,376.676,0.869036,-1,-1,-1
379,530,684.607,486.613,35.077,109.260,0.311695,-1,-1,-1
379,418,1300.301,422.676,39.890,121.704,0.290809,-1,-1,-1
380,4,1082.903,397.844,256.559,619.120,0.813400,-1,-1,-1
380,301,942.059,412.683,167.474,528.315,0.884370,-1,-1,-1
380,347,646.693,489.377,53.883,120.793,0.387989,-1,-1,-1
380,402,731.454,476.896,46.393,123.215,0.558098,-1,-1,-1
380,405,494.873,398.714,179.738,378.712,0.816593,-1,-1,-1
380,443,295.414,433.239,142.578,318.357,0.783437,-1,-1,-1
380,6,1254.511,441.780,43.083,106.547,0.661762,-1,-1,-1
380,488,170.684,443.731,195.899,372.990,0.913337,-1,-1,-1
380,444,697.805,486.822,36.339,102.109,0.479440,-1,-1,-1
380,520,50.117,434.572,64.207,376.992,0.866349,-1,-1,-1
380,530,683.328,479.389,37.507,116.843,0.256594,-1,-1,-1
380,418,1300.479,423.210,39.653,121.695,0.252783,-1,-1,-1
380,192,466.855,450.033,46.804,113.418,0.287002,-1,-1,-1
381,4,1081.882,396.803,259.694,620.423,0.786658,-1,-1,-1
381,301,946.177,413.305,168.278,527.727,0.892895,-1,-1,-1
381,347,645.434,483.968,56.057,127.125,0.600872,-1,-1,-1
381,402,731.878,476.548,46.612,123.545,0.632629,-1,-1,-1
381,405,502.035,401.528,176.029,373.659,0.830070,-1,-1,-1
381,443,302.590,430.730,140.747,321.910,0.798895,-1,-1,-1
381,6,1254.687,442.216,42.379,104.896,0.661967,-1,-1,-1
381,488,171.432,440.999,199.690,374.011,0.908248,-1,-1,-1
381,444,697.107,486.227,37.134,104.074,0.552903,-1,-1,-1
381,520,55.234,434.191,73.734,375.372,0.875819,-1,-1,-1
381,418,1300.203,421.595,40.215,124.133,0.263442,-1,-1,-1
381,192,469.396,452.050,45.822,111.703,0.295766,-1,-1,-1
382,4,1080.825,399.258,260.821,618.073,0.777618,-1,-1,-1
382,301,947.784,413.289,169.254,527.414,0.890297,-1,-1,-1
382,347,646.078,480.396,56.495,128.432,0.407598,-1,-1,-1
382,402,732.028,475.410,46.841,124.023,0.649345,-1,-1,-1
382,405,513.003,404.023,172.415,370.138,0.873889,-1,-1,-1
382,443,314.918,435.408,133.984,314.232,0.804297,-1,-1,-1
382,6,1255.456,444.049,41.195,102.247,0.632925,-1,-1,-1
382,488,173.443,441.546,200.655,371.982,0.902878,-1,-1,-1
382,444,697.451,486.607,36.814,101.603,0.510916,-1,-1,-1
382,520,59.468,436.855,84.023,372.430,0.877281,-1,-1,-1
382,192,471.083,452.830,45.025,110.865,0.376958,-1,-1,-1
382,457,799.133,483.136,25.155,61.779,0.301168,-1,-1,-1
383,4,1080.066,398.946,262.953,618.327,0.794552,-1,-1,-1
383,301,949.110,412.882,170.256,526.825,0.889465,-1,-1,-1
383,347,649.281,479.912,56.327,127.828,0.359997,-1,-1,-1
383,402,732.825,474.667,47.269,125.026,0.613436,-1,-1,-1
383,405,521.089,406.735,169.258,365.076,0.852076,-1,-1,-1
383,443,325.759,442.698,127.718,305.799,0.832444,-1,-1,-1
383,6,1255.785,444.583,40.633,100.822,0.628406,-1,-1,-1
383,488,182.053,442.415,199.522,370.722,0.884938,-1,-1,-1
383,444,698.195,487.142,36.300,99.281,0.559345,-1,-1,-1
383,520,59.271,437.600,94.626,372.164,0.921123,-1,-1,-1
383,457,799.029,481.907,26.112,63.746,0.273478,-1,-1,-1
384,4,1079.152,398.395,264.479,619.105,0.804562,-1,-1,-1
384,301,949.587,412.384,171.589,527.924,0.885977,-1,-1,-1
384,402,732.698,473.851,47.966,126.826,0.658400,-1,-1,-1
384,405,529.078,407.987,167.474,360.981,0.867708,-1,-1,-1
384,443,338.393,445.356,124.626,304.962,0.789501,-1,-1,-1
384,6,1256.221,444.154,40.427,100.228,0.574413,-1,-1,-1
384,488,186.433,440.558,198.347,371.129,0.893064,-1,-1,-1
384,444,697.667,486.176,37.682,101.873,0.518989,-1,-1,-1
384,520,56.323,438.718,104.442,370.974,0.937859,-1,-1,-1
384,457,799.053,482.295,26.046,63.419,0.254473,-1,-1,-1
384,192,468.789,451.929,45.390,111.604,0.265545,-1,-1,-1
385,4,1076.938,395.568,266.165,621.542,0.821490,-1,-1,-1
385,301,948.988,411.178,172.879,530.200,0.876721,-1,-1,-1
385,402,731.450,472.207,49.530,130.763,0.740744,-1,-1,-1
385,405,532.355,409.060,167.996,363.592,0.845267,-1,-1,-1
385,443,346.819,445.907,123.284,304.906,0.816979,-1,-1,-1
385,6,1256.615,443.989,39.939,98.979,0.557923,-1,-1,-1
385,488,193.601,438.471,193.759,367.713,0.892978,-1,-1,-1
385,444,695.315,483.089,39.934,106.994,0.458840,-1,-1,-1
385,520,51.766,438.072,113.670,370.778,0.934819,-1,-1,-1
385,457,799.579,482.657,26.408,63.651,0.265708,-1,-1,-1
385,192,465.599,449.769,46.655,113.423,0.409715,-1,-1,-1
386,4,1072.370,394.432,266.354,622.276,0.826941,-1,-1,-1
386,301,948.175,410.538,173.661,531.370,0.877892,-1,-1,-1
386,402,730.222,469.931,50.846,134.237,0.733280,-1,-1,-1
386,405,534.051,409.959,167.878,364.822,0.858121,-1,-1,-1
386,443,358.082,439.996,125.208,306.864,0.811986,-1,-1,-1
386,6,1256.620,443.169,39.324,97.581,0.585950,-1,-1,-1
386,488,200.719,437.112,188.940,363.927,0.886264,-1,-1,-1
386,444,694.429,481.793,40.687,108.383,0.564680,-1,-1,-1
386,520,46.173,432.648,123.404,375.769,0.927738,-1,-1,-1
386,192,464.645,450.473,46.723,112.544,0.509368,-1,-1,-1
386,543,909.354,460.505,49.902,129.259,0.349009,-1,-1,-1
386,418,1300.478,420.345,40.387,124.993,0.279411,-1,-1,-1
386,347,652.956,473.957,57.178,133.353,0.351982,-1,-1,-1
387,4,1071.473,395.669,266.367,620.531,0.822410,-1,-1,-1
387,301,948.081,410.724,173.937,531.249,0.879025,-1,-1,-1
387,402,729.043,464.641,52.831,140.078,0.762092,-1,-1,-1
387,405,537.241,409.798,165.763,361.240,0.873500,-1,-1,-1
387,443,370.477,435.575,129.644,310.978,0.882630,-1,-1,-1
387,6,1257.100,444.402,37.240,91.778,0.436263,-1,-1,-1
387,488,207.313,440.080,184.311,360.527,0.850571,-1,-1,-1
387,444,692.096,475.328,43.819,115.529,0.510699,-1,-1,-1
387,520,43.403,432.919,130.974,375.660,0.928258,-1,-1,-1
387,192,464.627,450.424,47.099,112.913,0.521063,-1,-1,-1
387,543,909.142,443.297,56.934,147.594,0.281256,-1,-1,-1
387,547,523.722,452.828,28.771,73.662,0.437674,-1,-1,-1
387,548,498.576,453.556,25.472,70.976,0.429964,-1,-1,-1
387,418,1300.687,419.682,40.580,125.441,0.263975,-1,-1,-1
387,320,939.979,432.838,55.326,159.792,0.559077,-1,-1,-1
388,4,1056.066,394.652,268.379,621.684,0.838413,-1,-1,-1
388,301,948.354,410.874,174.177,531.231,0.877703,-1,-1,-1
388,402,730.012,464.616,52.186,139.002,0.739263,-1,-1,-1
388,405,540.092,410.167,164.066,359.194,0.899885,-1,-1,-1
388,443,379.643,435.221,133.922,312.109,0.906745,-1,-1,-1
388,6,1256.986,443.486,36.822,90.000,0.466265,-1,-1,-1
388,488,212.902,442.806,180.971,359.380,0.856426,-1,-1,-1
388,444,691.877,479.950,43.129,112.452,0.487575,-1,-1,-1
388,520,42.753,431.122,137.515,375.681,0.907269,-1,-1,-1
388,192,466.570,452.201,46.268,111.108,0.418551,-1,-1,-1
388,543,907.720,445.645,56.065,145.742,0.396722,-1,-1,-1
388,547,524.278,453.845,28.711,73.543,0.420851,-1,-1,-1
388,548,498.162,453.891,25.849,71.994,0.303392,-1,-1,-1
388,418,1300.709,420.421,40.366,125.092,0.311837,-1,-1,-1
389,4,1049.234,393.673,273.725,623.026,0.842942,-1,-1,-1
389,301,947.264,411.343,173.891,531.088,0.866435,-1,-1,-1
389,402,730.250,466.057,51.640,137.213,0.770304,-1,-1,-1
389,405,541.750,408.643,163.580,360.404,0.901806,-1,-1,-1
389,443,384.155,438.606,137.266,308.488,0.901982,-1,-1,-1
389,6,1256.441,442.174,36.987,89.724,0.439238,-1,-1,-1
389,488,221.165,440.479,179.650,362.085,0.877871,-1,-1,-1
389,444,691.503,478.141,43.857,113.845,0.442820,-1,-1,-1
389,520,46.600,426.699,142.808,378.005,0.897657,-1,-1,-1
389,192,466.380,452.336,45.916,110.886,0.443544,-1,-1,-1
389,543,910.290,442.391,57.748,150.165,0.427743,-1,-1,-1
389,547,524.627,452.460,29.460,75.534,0.441444,-1,-1,-1
389,548,498.811,453.563,25.624,71.458,0.276665,-1,-1,-1
389,347,653.779,463.892,56.743,135.961,0.285247,-1,-1,-1
389,320,933.373,434.593,57.271,162.732,0.466476,-1,-1,-1
390,4,1046.494,395.997,273.686,620.595,0.854603,-1,-1,-1
390,301,946.051,412.072,173.368,530.508,0.861729,-1,-1,-1
390,402,729.595,463.809,52.995,141.220,0.737947,-1,-1,-1
390,405,545.224,407.253,162.411,360.853,0.896502,-1,-1,-1
390,443,386.981,440.102,140.810,306.610,0.879407,-1,-1,-1
390,6,1255.743,443.354,36.718,88.436,0.568795,-1,-1,-1
390,488,230.106,438.392,178.408,364.830,0.851965,-1,-1,-1
390,520,50.144,424.970,145.836,378.509,0.887148,-1,-1,-1
390,192,466.931,451.742,46.418,113.638,0.295804,-1,-1,-1
390,547,524.834,453.072,28.768,73.743,0.440662,-1,-1,-1
390,548,496.660,454.026,25.801,71.926,0.331900,-1,-1,-1
390,553,1062.872,442.109,74.231,263.973,0.429276,-1,-1,-1
390,320,929.801,433.043,58.946,164.588,0.623910,-1,-1,-1
390,497,549.411,452.754,27.810,72.569,0.345732,-1,-1,-1
390,530,689.127,466.283,41.619,128.184,0.494281,-1,-1,-1
391,4,1044.646,394.561,274.317,622.814,0.861785,-1,-1,-1
391,301,943.226,413.291,172.042,528.878,0.860425,-1,-1,-1
391,402,729.428,463.463,53.119,141.909,0.718459,-1,-1,-1
391,405,550.562,407.616,160.259,360.656,0.879180,-1,-1,-1
391,443,389.103,438.282,144.049,307.369,0.865123,-1,-1,-1
391,6,1254.746,444.299,36.476,87.088,0.582220,-1,-1,-1
391,488,241.740,441.298,177.426,363.816,0.832785,-1,-1,-1
391,520,56.605,426.076,147.382,377.860,0.833623,-1,-1,-1
391,547,525.372,454.758,27.862,71.363,0.440807,-1,-1,-1
391,548,494.138,456.357,27.703,77.072,0.410835,-1,-1,-1
391,553,1060.878,438.764,75.188,267.287,0.553213,-1,-1,-1
391,320,927.093,432.646,60.683,167.177,0.658198,-1,-1,-1
391,497,550.211,453.552,26.589,70.595,0.309306,-1,-1,-1
391,530,689.785,464.605,42.958,130.103,0.444416,-1,-1,-1
391,293,377.313,461.913,47.304,116.624,0.345409,-1,-1,-1
391,418,1300.769,421.518,39.588,122.935,0.316597,-1,-1,-1
392,4,1046.336,391.812,275.535,625.328,0.851230,-1,-1,-1
392,301,942.872,414.123,171.295,528.018,0.857125,-1,-1,-1
392,402,728.414,462.082,53.416,142.391,0.765781,-1,-1,-1
392,405,555.446,404.488,159.212,363.509,0.885891,-1,-1,-1
392,443,391.811,438.856,146.073,308.027,0.808825,-1,-1,-1
392,6,1253.649,442.093,37.774,89.411,0.610686,-1,-1,-1
392,488,258.765,440.017,178.370,363.463,0.780114,-1,-1,-1
392,520,63.756,426.004,146.762,375.930,0.846778,-1,-1,-1
392,547,525.854,456.023,27.185,69.351,0.464342,-1,-1,-1
392,548,493.988,455.825,27.846,77.678,0.399921,-1,-1,-1
392,553,1064.066,436.767,75.360,267.812,0.533540,-1,-1,-1
392,320,924.087,433.372,63.998,177.105,0.664337,-1,-1,-1
392,497,551.435,453.658,24.920,66.442,0.310172,-1,-1,-1
392,293,379.268,459.842,47.123,119.592,0.396280,-1,-1,-1
392,418,1300.813,421.652,39.360,122.400,0.291565,-1,-1,-1
392,444,685.882,474.305,46.805,121.002,0.588366,-1,-1,-1
393,4,1042.641,393.859,274.482,623.103,0.854737,-1,-1,-1
393,301,944.822,415.970,170.536,526.584,0.855035,-1,-1,-1
393,402,727.291,459.966,54.393,144.981,0.799244,-1,-1,-1
393,405,562.155,404.410,153.463,356.364,0.840801,-1,-1,-1
393,443,400.875,435.417,146.134,306.857,0.819821,-1,-1,-1
393,6,1251.946,441.811,38.886,91.599,0.623124,-1,-1,-1
393,488,277.658,443.011,176.945,359.685,0.727723,-1,-1,-1
393,520,69.199,431.983,145.480,369.078,0.819205,-1,-1,-1
393,547,524.334,455.407,27.308,69.740,0.407881,-1,-1,-1
393,548,494.089,455.964,27.991,78.004,0.314031,-1,-1,-1
393,553,1065.877,438.529,75.027,267.099,0.443005,-1,-1,-1
393,320,922.001,434.476,65.312,182.379,0.706247,-1,-1,-1
393,293,378.818,460.964,45.248,119.898,0.375759,-1,-1,-1
393,418,1300.936,421.805,39.277,122.290,0.279095,-1,-1,-1
393,444,681.574,465.611,50.739,131.811,0.537428,-1,-1,-1
394,4,1042.914,396.463,273.938,620.340,0.855391,-1,-1,-1
394,301,944.346,416.610,170.143,526.202,0.852853,-1,-1,-1
394,402,726.846,461.754,54.525,145.327,0.764302,-1,-1,-1
394,405,567.273,403.431,149.586,354.060,0.834882,-1,-1,-1
394,443,406.417,435.326,145.656,305.132,0.830770,-1,-1,-1
394,6,1250.896,442.804,38.787,91.010,0.628684,-1,-1,-1
394,488,283.368,443.429,179.669,359.285,0.773973,-1,-1,-1
394,520,76.132,438.065,144.958,363.252,0.836971,-1,-1,-1
394,547,523.218,453.844,27.655,70.847,0.342380,-1,-1,-1
394,548,494.629,454.703,26.661,74.146,0.314324,-1,-1,-1
394,553,1070.953,438.272,75.057,265.958,0.428865,-1,-1,-1
394,320,919.599,435.505,65.643,184.459,0.754329,-1,-1,-1
394,444,679.585,460.562,52.972,137.784,0.565152,-1,-1,-1
395,4,1041.859,395.551,275.835,622.136,0.850834,-1,-1,-1
395,301,944.025,417.325,169.687,525.771,0.861869,-1,-1,-1
395,402,725.774,463.744,54.885,146.250,0.730472,-1,-1,-1
395,405,572.106,402.309,146.026,351.387,0.808661,-1,-1,-1
395,443,413.886,435.840,144.251,304.543,0.823565,-1,-1,-1
395,6,1249.643,442.901,39.010,91.421,0.583441,-1,-1,-1
395,488,291.073,444.142,181.816,359.370,0.824125,-1,-1,-1
395,520,82.191,438.721,146.150,363.374,0.857098,-1,-1,-1
395,553,1077.299,437.093,76.074,269.283,0.425688,-1,-1,-1
395,320,916.268,436.683,63.305,178.559,0.721651,-1,-1,-1
395,444,680.235,460.527,51.720,136.005,0.428180,-1,-1,-1
395,559,1836.336,396.194,83.664,259.445,0.323560,-1,-1,-1
395,497,552.022,452.848,24.454,65.459,0.263147,-1,-1,-1
396,4,1041.247,396.680,274.681,620.557,0.843539,-1,-1,-1
396,301,944.022,417.271,169.512,525.625,0.856486,-1,-1,-1
396,402,724.895,464.105,54.728,146.375,0.722657,-1,-1,-1
396,405,578.770,400.942,143.460,350.015,0.800844,-1,-1,-1
396,443,419.581,439.925,140.694,299.089,0.810227,-1,-1,-1
396,6,1248.409,444.151,39.129,91.451,0.605541,-1,-1,-1
396,488,295.907,445.600,182.509,355.603,0.848456,-1,-1,-1
396,520,94.198,439.040,149.228,364.924,0.849249,-1,-1,-1
396,553,1080.415,435.687,76.808,272.062,0.399625,-1,-1,-1
396,320,914.535,437.834,62.279,175.826,0.743842,-1,-1,-1
396,444,681.023,463.451,49.762,131.968,0.351728,-1,-1,-1
396,559,1836.595,402.409,82.560,252.862,0.303243,-1,-1,-1
396,497,549.138,452.409,25.036,66.688,0.302142,-1,-1,-1
397,4,1045.043,394.790,273.304,623.277,0.862160,-1,-1,-1
397,301,943.105,418.129,168.804,524.767,0.855544,-1,-1,-1
397,402,724.610,464.804,53.803,144.097,0.712376,-1,-1,-1
397,405,584.270,403.539,140.667,346.290,0.837273,-1,-1,-1
397,443,425.293,441.935,137.745,296.955,0.778261,-1,-1,-1
397,6,1248.360,444.359,39.388,91.648,0.658552,-1,-1,-1
397,488,302.756,443.084,184.221,357.459,0.887417,-1,-1,-1
397,520,108.054,438.571,152.729,364.604,0.824833,-1,-1,-1
397,553,1083.057,439.389,76.284,270.876,0.273693,-1,-1,-1
397,320,911.942,438.610,62.036,175.926,0.740963,-1,-1,-1
397,444,682.912,467.933,46.647,124.530,0.340135,-1,-1,-1
397,559,1835.048,397.545,84.086,257.569,0.312465,-1,-1,-1
397,497,548.280,452.828,24.564,65.481,0.323793,-1,-1,-1
397,360,536.880,451.288,27.429,71.205,0.284575,-1,-1,-1
398,4,1047.960,394.905,271.106,623.635,0.855971,-1,-1,-1
398,301,942.805,418.432,168.224,524.173,0.858140,-1,-1,-1
398,402,722.777,465.954,53.907,143.860,0.696271,-1,-1,-1
398,405,589.624,405.036,139.629,344.838,0.825390,-1,-1,-1
398,443,427.761,436.328,138.189,304.053,0.772570,-1,-1,-1
398,6,1247.843,444.414,39.463,91.248,0.677575,-1,-1,-1
398,488,308.988,440.690,185.520,359.330,0.903429,-1,-1,-1
398,520,122.432,436.366,155.560,362.578,0.861609,-1,-1,-1
398,553,1084.190,444.242,73.107,260.058,0.254670,-1,-1,-1
398,320,909.258,439.648,61.747,175.430,0.741314,-1,-1,-1
398,559,1834.750,394.870,84.945,260.367,0.372853,-1,-1,-1
398,497,548.312,452.200,24.344,65.301,0.307564,-1,-1,-1
398,565,1082.634,444.036,68.312,104.100,0.422324,-1,-1,-1
399,4,1055.650,396.354,271.145,622.881,0.823859,-1,-1,-1
399,301,943.207,418.087,168.285,524.564,0.853341,-1,-1,-1
399,402,721.817,465.716,54.193,143.865,0.707971,-1,-1,-1
399,405,596.722,403.115,139.867,346.712,0.876594,-1,-1,-1
399,443,437.626,435.759,132.954,302.165,0.771457,-1,-1,-1
399,6,1246.156,443.790,41.660,96.413,0.663053,-1,-1,-1
399,488,312.322,441.952,184.720,355.884,0.893375,-1,-1,-1
399,520,130.717,434.898,159.845,364.325,0.861772,-1,-1,-1
399,320,906.794,439.773,61.608,175.492,0.717350,-1,-1,-1
399,559,1834.639,397.637,84.121,257.665,0.254464,-1,-1,-1
399,497,547.374,451.206,24.645,66.300,0.349224,-1,-1,-1
399,565,1087.088,447.297,62.104,94.678,0.317220,-1,-1,-1
399,418,1301.642,421.090,40.606,125.164,0.268253,-1,-1,-1
399,360,538.774,450.113,27.641,72.628,0.299901,-1,-1,-1
400,4,1058.889,396.208,271.293,623.839,0.800745,-1,-1,-1
400,301,942.714,418.008,168.166,524.527,0.851848,-1,-1,-1
400,402,719.515,463.357,55.953,148.132,0.650052,-1,-1,-1
400,405,601.967,403.174,139.648,345.282,0.861642,-1,-1,-1
400,443,445.571,430.354,130.308,305.453,0.824091,-1,-1,-1
400,6,1244.890,444.159,42.526,98.427,0.658207,-1,-1,-1
400,488,314.615,438.351,187.841,360.496,0.867293,-1,-1,-1
400,520,142.580,435.908,163.583,362.041,0.866637,-1,-1,-1
400,320,906.239,441.787,60.092,169.987,0.720864,-1,-1,-1
400,497,549.515,450.911,24.011,64.634,0.337040,-1,-1,-1
401,4,1058.350,393.174,272.073,628.356,0.794071,-1,-1,-1
401,301,942.389,417.770,168.060,524.919,0.860570,-1,-1,-1
401,402,717.320,463.982,56.241,148.968,0.639196,-1,-1,-1
401,405,611.163,404.478,140.347,343.238,0.830089,-1,-1,-1
401,443,457.173,432.302,125.385,302.553,0.786086,-1,-1,-1
401,6,1244.978,444.388,41.009,94.532,0.693500,-1,-1,-1
401,488,318.935,438.112,186.342,357.979,0.875089,-1,-1,-1
401,520,150.274,438.517,166.814,360.102,0.882578,-1,-1,-1
401,320,905.320,440.229,59.973,168.177,0.825408,-1,-1,-1
401,497,550.703,450.598,23.763,63.971,0.329369,-1,-1,-1
402,4,1060.351,395.259,269.580,626.392,0.814853,-1,-1,-1
402,301,942.393,418.361,167.786,524.605,0.859547,-1,-1,-1
402,402,716.743,465.250,55.763,147.407,0.695292,-1,-1,-1
402,405,623.557,404.369,141.590,341.547,0.906889,-1,-1,-1
402,443,465.698,434.358,121.352,297.933,0.785116,-1,-1,-1
402,6,1244.268,445.164,40.268,93.232,0.692557,-1,-1,-1
402,488,327.403,441.425,182.981,353.759,0.846520,-1,-1,-1
402,520,158.926,439.447,171.596,358.487,0.867485,-1,-1,-1
402,320,901.807,438.924,61.564,171.264,0.822932,-1,-1,-1
402,559,1834.915,401.155,83.171,254.372,0.265542,-1,-1,-1
403,4,1060.161,394.238,266.755,627.310,0.839018,-1,-1,-1
403,301,941.758,417.228,167.714,525.932,0.861754,-1,-1,-1
403,402,716.353,463.680,56.685,149.877,0.703787,-1,-1,-1
403,405,631.031,404.714,144.299,342.176,0.856997,-1,-1,-1
403,443,478.971,434.460,120.295,296.741,0.793705,-1,-1,-1
403,6,1242.923,443.788,40.707,95.405,0.729259,-1,-1,-1
403,488,336.109,444.661,177.291,346.226,0.816162,-1,-1,-1
403,520,160.400,439.985,174.097,355.550,0.894014,-1,-1,-1
403,320,897.845,439.027,63.464,176.436,0.701422,-1,-1,-1
403,559,1835.636,407.159,81.401,248.146,0.253831,-1,-1,-1
404,4,1060.869,395.764,263.538,626.407,0.857447,-1,-1,-1
404,301,942.915,416.563,167.419,526.838,0.869525,-1,-1,-1
404,402,716.073,465.224,56.362,149.282,0.683494,-1,-1,-1
404,405,637.600,407.711,144.265,336.135,0.873995,-1,-1,-1
404,443,490.132,436.417,120.944,295.290,0.844082,-1,-1,-1
404,6,1242.134,444.158,40.449,95.856,0.686790,-1,-1,-1
404,488,341.332,442.439,173.966,344.019,0.842573,-1,-1,-1
404,520,160.913,439.307,177.363,356.313,0.912551,-1,-1,-1
404,320,895.826,447.420,60.516,168.745,0.374073,-1,-1,-1
405,4,1055.590,392.676,260.500,629.449,0.811596,-1,-1,-1
405,301,944.145,415.800,167.053,527.752,0.862707,-1,-1,-1
405,402,716.669,468.517,54.215,144.789,0.636110,-1,-1,-1
405,405,640.888,406.293,147.794,338.904,0.878544,-1,-1,-1
405,443,500.124,439.278,122.449,293.332,0.880361,-1,-1,-1
405,6,1241.640,444.709,39.982,95.221,0.646080,-1,-1,-1
405,488,347.234,441.083,168.903,339.964,0.829239,-1,-1,-1
405,520,162.822,437.820,178.586,354.474,0.899248,-1,-1,-1
405,320,892.700,445.198,60.832,170.141,0.385950,-1,-1,-1
405,457,798.476,476.874,28.767,67.641,0.267639,-1,-1,-1
406,4,1050.307,394.820,254.100,626.568,0.851533,-1,-1,-1
406,301,944.866,416.523,166.199,526.901,0.866801,-1,-1,-1
406,402,718.290,463.672,54.753,144.999,0.385717,-1,-1,-1
406,405,644.809,408.124,147.550,333.189,0.878641,-1,-1,-1
406,443,505.214,439.404,124.748,292.966,0.842805,-1,-1,-1
406,6,1241.095,445.379,39.310,94.781,0.481105,-1,-1,-1
406,488,360.337,437.335,163.482,338.342,0.799873,-1,-1,-1
406,520,166.020,435.342,179.870,355.732,0.886032,-1,-1,-1
406,320,889.724,444.676,60.056,168.353,0.675471,-1,-1,-1
407,4,1046.890,394.703,250.130,628.404,0.851491,-1,-1,-1
407,301,945.216,417.387,165.150,526.095,0.870092,-1,-1,-1
407,405,645.462,409.664,149.048,333.251,0.883555,-1,-1,-1
407,443,507.045,437.975,128.421,295.235,0.853593,-1,-1,-1
407,6,1241.067,444.572,39.780,96.560,0.615564,-1,-1,-1
407,488,364.139,436.967,160.702,337.845,0.762561,-1,-1,-1
407,520,172.628,435.664,180.044,355.217,0.875301,-1,-1,-1
407,320,886.179,448.361,59.634,164.204,0.708663,-1,-1,-1
407,192,472.741,444.020,49.412,127.538,0.459298,-1,-1,-1
408,4,1045.918,395.584,245.338,626.620,0.830104,-1,-1,-1
408,301,946.807,418.051,164.030,525.301,0.854681,-1,-1,-1
408,405,647.692,412.782,149.015,330.120,0.900242,-1,-1,-1
408,443,509.002,437.835,130.399,294.169,0.909361,-1,-1,-1
408,6,1240.760,445.287,39.770,97.151,0.618707,-1,-1,-1
408,488,368.835,437.029,158.686,338.117,0.746092,-1,-1,-1
408,520,181.139,434.980,173.506,346.164,0.831760,-1,-1,-1
408,320,881.717,446.686,61.764,165.635,0.802013,-1,-1,-1
408,418,1302.389,422.773,40.934,124.880,0.280242,-1,-1,-1
409,4,1044.473,394.475,242.532,630.169,0.842594,-1,-1,-1
409,301,947.551,418.334,162.550,523.095,0.852612,-1,-1,-1
409,405,647.108,412.895,150.737,331.020,0.914394,-1,-1,-1
409,443,509.755,434.722,133.586,296.825,0.901037,-1,-1,-1
409,6,1239.747,445.430,39.813,98.206,0.599273,-1,-1,-1
409,488,391.228,435.252,154.631,338.815,0.766943,-1,-1,-1
409,520,190.736,435.437,167.542,338.339,0.880997,-1,-1,-1
409,320,877.824,444.827,64.258,167.746,0.769530,-1,-1,-1
409,588,617.350,454.391,31.688,75.848,0.396336,-1,-1,-1
410,4,1045.723,394.074,238.571,629.126,0.830015,-1,-1,-1
410,301,949.301,418.648,161.441,521.684,0.848453,-1,-1,-1
410,405,647.798,411.023,152.175,332.022,0.923553,-1,-1,-1
410,443,512.769,433.350,134.129,295.971,0.905286,-1,-1,-1
410,6,1239.480,444.935,40.025,99.264,0.589037,-1,-1,-1
410,488,402.293,435.924,152.573,337.970,0.768396,-1,-1,-1
410,520,198.448,433.876,165.626,340.270,0.864215,-1,-1,-1
410,320,876.456,441.628,66.232,170.755,0.746174,-1,-1,-1
410,588,619.402,454.698,28.972,69.299,0.269179,-1,-1,-1
411,4,1043.961,392.547,236.770,632.984,0.855398,-1,-1,-1
411,301,951.384,419.950,160.199,520.058,0.860887,-1,-1,-1
411,405,647.113,409.731,153.386,332.784,0.919519,-1,-1,-1
411,443,518.532,434.374,132.139,291.996,0.856999,-1,-1,-1
411,6,1238.629,443.664,40.214,100.133,0.524947,-1,-1,-1
411,488,407.771,435.908,155.237,336.562,0.807691,-1,-1,-1
411,520,207.447,432.196,164.460,344.011,0.832932,-1,-1,-1
411,320,874.620,439.479,68.078,173.484,0.798100,-1,-1,-1
412,4,1045.651,393.033,233.301,630.039,0.831518,-1,-1,-1
412,301,952.627,420.193,159.651,520.310,0.858599,-1,-1,-1
412,405,646.876,410.368,153.706,331.795,0.889770,-1,-1,-1
412,443,522.029,432.990,132.266,293.167,0.838275,-1,-1,-1
412,6,1236.858,443.946,39.754,99.213,0.588992,-1,-1,-1
412,488,423.535,439.512,152.879,330.067,0.831049,-1,-1,-1
412,520,216.080,429.032,163.668,347.268,0.860825,-1,-1,-1
412,320,873.598,438.728,69.169,173.933,0.797892,-1,-1,-1
412,594,1169.236,425.321,155.634,395.452,0.315908,-1,-1,-1
412,559,1847.309,459.042,66.169,197.928,0.331066,-1,-1,-1
413,4,1046.603,391.108,232.186,631.237,0.822981,-1,-1,-1
413,301,952.905,420.302,159.087,520.306,0.851299,-1,-1,-1
413,405,647.217,407.640,155.074,335.045,0.886605,-1,-1,-1
413,443,528.146,428.517,132.543,296.346,0.805214,-1,-1,-1
413,6,1236.732,444.765,38.403,96.779,0.505295,-1,-1,-1
413,488,428.565,433.937,156.654,335.907,0.871489,-1,-1,-1
413,520,225.358,427.567,161.751,348.369,0.837578,-1,-1,-1
413,320,873.526,439.693,69.102,172.276,0.583398,-1,-1,-1
413,594,1162.888,421.509,163.520,415.828,0.390201,-1,-1,-1
413,559,1846.465,459.061,67.374,197.902,0.322052,-1,-1,-1
414,4,1047.884,390.281,232.080,632.208,0.837941,-1,-1,-1
414,301,953.152,419.845,158.405,520.216,0.847480,-1,-1,-1
414,405,648.589,406.823,155.230,336.094,0.888137,-1,-1,-1
414,443,538.096,430.694,129.331,293.970,0.813310,-1,-1,-1
414,6,1235.216,444.499,38.502,97.838,0.545877,-1,-1,-1
414,488,433.323,431.678,159.005,338.219,0.877242,-1,-1,-1
414,520,236.294,431.013,158.256,343.561,0.831357,-1,-1,-1
414,320,871.120,439.440,68.433,170.594,0.588976,-1,-1,-1
414,594,1154.420,418.636,173.008,441.267,0.411582,-1,-1,-1
414,595,648.095,462.700,39.164,134.676,0.419669,-1,-1,-1
415,4,1048.971,390.403,232.097,631.876,0.831024,-1,-1,-1
415,301,953.979,419.752,157.946,522.707,0.844403,-1,-1,-1
415,405,652.762,408.377,152.931,331.753,0.883365,-1,-1,-1
415,443,543.323,430.807,128.792,295.613,0.759373,-1,-1,-1
415,6,1234.383,445.159,37.536,95.828,0.557524,-1,-1,-1
415,488,435.065,434.802,159.045,335.093,0.873231,-1,-1,-1
415,520,251.844,433.469,156.436,341.214,0.854829,-1,-1,-1
415,320,866.025,439.275,67.258,169.718,0.763191,-1,-1,-1
415,594,1141.607,413.159,190.926,490.007,0.461327,-1,-1,-1
415,595,650.216,461.604,38.643,132.599,0.330130,-1,-1,-1
415,559,1847.313,462.332,67.124,194.983,0.265357,-1,-1,-1
416,4,1046.647,391.533,230.950,631.064,0.860861,-1,-1,-1
416,301,955.134,419.518,157.062,523.747,0.823535,-1,-1,-1
416,405,657.519,409.674,151.394,330.485,0.897437,-1,-1,-1
416,443,549.248,429.100,126.473,296.099,0.770883,-1,-1,-1
416,6,1234.831,446.604,35.081,89.920,0.526326,-1,-1,-1
416,488,438.939,440.371,157.998,328.575,0.879103,-1,-1,-1
416,520,262.600,430.451,157.133,343.733,0.834512,-1,-1,-1
416,320,861.051,435.892,67.952,173.559,0.754977,-1,-1,-1
416,594,1133.670,406.999,195.517,507.461,0.585057,-1,-1,-1
416,595,651.219,469.242,36.957,125.966,0.333183,-1,-1,-1
416,293,379.307,458.794,46.201,121.675,0.542244,-1,-1,-1
417,4,1046.511,390.766,230.725,632.388,0.860219,-1,-1,-1
417,301,957.017,419.168,155.758,524.181,0.828950,-1,-1,-1
417,405,664.742,409.553,148.773,328.968,0.886557,-1,-1,-1
417,443,559.784,429.602,124.059,293.676,0.782490,-1,-1,-1
417,6,1232.422,442.114,35.340,90.133,0.292980,-1,-1,-1
417,488,438.184,440.442,159.050,327.903,0.871204,-1,-1,-1
417,520,277.423,435.043,155.009,336.250,0.865688,-1,-1,-1
417,320,857.399,434.952,67.190,173.530,0.736116,-1,-1,-1
417,594,1140.649,422.040,189.342,495.726,0.437145,-1,-1,-1
417,293,379.020,458.160,47.115,123.066,0.649395,-1,-1,-1
417,559,1846.687,461.894,68.119,195.608,0.297443,-1,-1,-1
418,4,1045.139,392.143,230.104,632.412,0.868101,-1,-1,-1
418,301,961.228,417.510,153.732,525.025,0.783416,-1,-1,-1
418,405,671.825,409.554,144.942,325.411,0.885677,-1,-1,-1
418,443,568.696,431.460,120.389,290.526,0.788908,-1,-1,-1
418,488,439.657,443.527,158.583,323.881,0.875421,-1,-1,-1
418,520,286.661,437.617,155.696,333.005,0.892553,-1,-1,-1
418,320,854.930,429.356,67.487,177.584,0.520569,-1,-1,-1
418,594,1147.774,429.920,184.997,488.962,0.434753,-1,-1,-1
418,293,380.676,458.352,47.019,124.106,0.688533,-1,-1,-1
419,4,1042.935,393.518,229.090,631.417,0.871221,-1,-1,-1
419,301,964.757,416.913,151.466,524.943,0.805443,-1,-1,-1
419,405,677.960,410.307,141.628,321.757,0.884992,-1,-1,-1
419,443,579.071,432.446,117.632,288.367,0.815201,-1,-1,-1
419,488,440.562,440.214,160.479,326.649,0.895049,-1,-1,-1
419,520,293.577,441.838,156.969,330.214,0.892618,-1,-1,-1
419,320,854.059,425.956,67.389,180.885,0.627388,-1,-1,-1
419,594,1145.184,424.610,185.998,495.875,0.583716,-1,-1,-1
419,293,380.359,457.687,46.648,124.680,0.660930,-1,-1,-1
419,604,412.061,458.011,40.586,119.918,0.502043,-1,-1,-1
420,4,1041.458,392.810,228.145,631.704,0.885230,-1,-1,-1
420,301,964.419,415.727,149.706,527.140,0.800059,-1,-1,-1
420,405,684.597,407.294,141.237,325.950,0.866150,-1,-1,-1
420,443,585.758,432.259,116.578,289.340,0.795016,-1,-1,-1
420,488,442.904,439.420,161.068,327.912,0.888300,-1,-1,-1
420,520,299.585,443.531,159.871,329.279,0.899975,-1,-1,-1
420,320,853.108,432.599,64.292,175.338,0.366030,-1,-1,-1
420,594,1142.995,421.600,185.413,498.665,0.619936,-1,-1,-1
420,293,381.685,457.980,44.962,123.514,0.277092,-1,-1,-1
420,604,410.751,455.856,41.800,123.275,0.606605,-1,-1,-1
420,559,1842.344,448.521,73.414,208.776,0.265365,-1,-1,-1
421,4,1042.455,392.007,228.391,633.572,0.891064,-1,-1,-1
421,301,964.850,414.642,147.888,527.837,0.806707,-1,-1,-1
421,405,689.624,405.895,139.723,326.631,0.860828,-1,-1,-1
421,443,591.957,432.982,115.880,288.842,0.853001,-1,-1,-1
421,488,442.908,435.842,162.034,331.398,0.858503,-1,-1,-1
421,520,302.365,441.717,163.713,331.327,0.888533,-1,-1,-1
421,320,852.429,433.226,62.835,174.447,0.607921,-1,-1,-1
421,594,1138.098,412.888,186.103,506.494,0.463535,-1,-1,-1
421,604,409.143,454.800,42.239,124.166,0.608015,-1,-1,-1
422,4,1042.987,393.052,228.413,633.797,0.893394,-1,-1,-1
422,301,965.104,413.754,146.022,526.727,0.812263,-1,-1,-1
422,405,692.091,406.450,138.142,325.161,0.834787,-1,-1,-1
422,443,601.694,432.355,116.652,288.171,0.822615,-1,-1,-1
422,488,446.757,433.817,160.979,332.039,0.859869,-1,-1,-1
422,520,301.332,438.072,167.618,331.837,0.883829,-1,-1,-1
422,320,850.242,434.750,61.297,171.841,0.664191,-1,-1,-1
422,594,1131.779,408.743,182.269,505.088,0.503438,-1,-1,-1
422,604,410.150,455.408,40.963,119.690,0.371998,-1,-1,-1
422,610,1207.960,440.242,112.279,354.099,0.588200,-1,-1,-1
423,4,1042.656,394.080,229.129,636.270,0.895491,-1,-1,-1
423,301,964.701,415.782,143.878,523.251,0.808668,-1,-1,-1
423,405,697.658,406.506,136.883,324.866,0.806559,-1,-1,-1
423,443,611.270,431.821,118.327,286.628,0.885254,-1,-1,-1
423,488,452.761,433.439,157.316,328.153,0.842671,-1,-1,-1
423,520,301.254,438.045,169.576,331.110,0.878958,-1,-1,-1
423,320,849.059,435.648,60.323,168.831,0.817863,-1,-1,-1
423,594,1137.860,406.309,183.228,511.491,0.490044,-1,-1,-1
423,610,1212.519,439.358,111.195,351.296,0.458611,-1,-1,-1
424,4,1041.825,395.098,229.375,637.977,0.882175,-1,-1,-1
424,301,963.793,418.046,142.211,521.115,0.779074,-1,-1,-1
424,405,699.691,404.259,136.867,326.007,0.832254,-1,-1,-1
424,443,615.173,431.660,120.758,286.593,0.881959,-1,-1,-1
424,488,461.224,432.366,154.872,329.086,0.807910,-1,-1,-1
424,520,308.217,436.552,170.337,330.649,0.895420,-1,-1,-1
424,320,847.855,436.695,60.072,168.390,0.843640,-1,-1,-1
424,594,1141.015,404.284,184.237,516.823,0.590934,-1,-1,-1
424,610,1213.415,434.299,119.148,378.314,0.282570,-1,-1,-1
424,613,908.788,444.195,73.411,146.650,0.375028,-1,-1,-1
424,614,461.473,442.437,49.714,122.085,0.387214,-1,-1,-1
424,616,598.359,442.251,49.286,171.070,0.468805,-1,-1,-1
425,4,1041.449,395.121,231.345,645.200,0.885728,-1,-1,-1
425,301,964.231,431.276,137.290,506.073,0.763973,-1,-1,-1
425,405,704.880,401.751,136.134,326.111,0.839761,-1,-1,-1
425,443,617.143,431.191,123.024,286.882,0.878050,-1,-1,-1
425,488,478.363,432.211,149.254,327.841,0.744070,-1,-1,-1
425,520,312.711,434.200,171.209,330.840,0.896085,-1,-1,-1
425,320,846.428,437.981,59.482,167.121,0.805330,-1,-1,-1
425,594,1145.345,404.106,185.249,521.029,0.649512,-1,-1,-1
425,610,1209.371,431.824,137.668,442.305,0.298129,-1,-1,-1
425,613,908.252,443.610,73.849,147.594,0.430822,-1,-1,-1
425,614,465.565,441.295,41.663,101.728,0.293740,-1,-1,-1
425,616,599.168,441.138,49.790,172.641,0.459903,-1,-1,-1
425,618,1228.982,437.300,87.005,160.766,0.387887,-1,-1,-1
425,619,680.797,455.203,51.956,164.617,0.352912,-1,-1,-1
426,4,1042.188,395.207,233.505,654.196,0.889200,-1,-1,-1
426,301,967.032,443.195,132.667,489.493,0.754167,-1,-1,-1
426,405,708.836,402.753,134.879,324.709,0.860006,-1,-1,-1
426,443,619.777,434.161,124.588,285.138,0.860407,-1,-1,-1
426,488,493.592,432.485,143.319,326.330,0.796818,-1,-1,-1
426,520,320.792,433.825,170.365,330.031,0.881009,-1,-1,-1
426,320,843.154,439.525,58.859,165.418,0.796606,-1,-1,-1
426,594,1147.515,404.807,185.637,523.058,0.608552,-1,-1,-1
426,610,1208.907,428.458,145.917,475.817,0.409913,-1,-1,-1
426,613,908.654,445.287,72.916,145.725,0.468475,-1,-1,-1
426,616,604.458,439.390,48.269,166.992,0.504764,-1,-1,-1
426,618,1232.684,434.070,88.974,164.510,0.398711,-1,-1,-1
426,620,477.047,448.527,71.912,190.788,0.453258,-1,-1,-1
427,4,1043.946,395.447,233.820,658.212,0.878024,-1,-1,-1
427,301,967.733,431.731,136.147,503.014,0.788121,-1,-1,-1
427,405,713.681,405.740,133.494,323.366,0.814919,-1,-1,-1
427,443,618.659,433.646,127.048,286.398,0.870925,-1,-1,-1
427,488,492.714,433.410,140.594,326.144,0.660255,-1,-1,-1
427,520,328.724,435.673,165.799,323.753,0.860739,-1,-1,-1
427,320,840.586,439.463,59.237,165.769,0.791083,-1,-1,-1
427,594,1148.692,405.903,185.155,522.338,0.665868,-1,-1,-1
427,610,1211.513,425.863,147.267,488.618,0.404431,-1,-1,-1
427,613,908.339,446.514,72.536,145.029,0.432384,-1,-1,-1
427,616,601.360,438.143,49.422,170.832,0.462571,-1,-1,-1
427,618,1238.223,434.023,88.547,163.915,0.466650,-1,-1,-1
428,4,1044.870,394.931,233.389,660.292,0.865116,-1,-1,-1
428,301,968.674,428.537,136.810,505.411,0.802328,-1,-1,-1
428,405,720.096,407.010,132.348,323.646,0.785355,-1,-1,-1
428,443,617.291,435.527,127.752,283.983,0.865835,-1,-1,-1
428,488,506.959,433.997,136.582,327.637,0.809624,-1,-1,-1
428,520,336.070,436.512,162.189,321.726,0.871043,-1,-1,-1
428,320,837.027,440.074,58.123,162.299,0.774069,-1,-1,-1
428,594,1150.521,407.049,184.430,519.935,0.649858,-1,-1,-1
428,610,1229.087,427.265,119.034,396.046,0.549337,-1,-1,-1
428,613,912.913,467.082,62.927,124.887,0.437153,-1,-1,-1
428,616,601.208,455.540,44.871,154.789,0.346590,-1,-1,-1
428,618,1243.744,434.232,89.134,164.914,0.406813,-1,-1,-1
429,4,1046.340,394.789,231.487,658.196,0.842414,-1,-1,-1
429,301,969.534,425.703,137.385,509.020,0.762837,-1,-1,-1
429,405,727.385,409.823,130.692,321.693,0.797659,-1,-1,-1
429,443,619.794,440.293,125.555,278.752,0.852668,-1,-1,-1
429,488,516.502,436.085,132.333,324.967,0.812778,-1,-1,-1
429,520,347.428,434.175,158.537,322.077,0.814376,-1,-1,-1
429,320,834.646,440.341,57.228,160.479,0.745045,-1,-1,-1
429,594,1152.755,410.375,182.669,515.212,0.664539,-1,-1,-1
429,610,1237.922,425.769,109.799,367.188,0.602056,-1,-1,-1
429,613,914.493,475.994,58.950,115.574,0.399141,-1,-1,-1
429,616,607.380,452.942,43.262,148.613,0.364441,-1,-1,-1
429,618,1247.145,432.765,90.868,168.096,0.347419,-1,-1,-1
429,624,1636.812,323.102,273.129,716.248,0.771567,-1,-1,-1
429,625,455.826,440.909,56.721,169.005,0.495436,-1,-1,-1
429,418,1297.138,418.863,47.939,145.049,0.370082,-1,-1,-1
430,4,1047.917,394.227,233.831,669.694,0.818027,-1,-1,-1
430,301,972.963,426.507,137.743,510.187,0.793161,-1,-1,-1
430,405,731.215,410.329,130.057,320.787,0.821143,-1,-1,-1
430,443,623.776,441.151,123.940,275.009,0.831819,-1,-1,-1
430,488,528.553,437.307,131.223,323.304,0.771617,-1,-1,-1
430,520,358.944,433.365,155.048,322.852,0.822318,-1,-1,-1
430,320,832.640,440.322,56.350,158.436,0.759305,-1,-1,-1
430,594,1153.314,408.314,182.960,517.516,0.616854,-1,-1,-1
430,610,1244.620,426.726,103.385,345.455,0.437858,-1,-1,-1
430,613,914.311,482.493,56.787,109.534,0.495534,-1,-1,-1
430,616,610.068,451.924,42.812,147.360,0.299601,-1,-1,-1
430,618,1249.635,430.874,92.638,171.319,0.453470,-1,-1,-1
430,624,1609.125,309.259,290.739,760.004,0.730973,-1,-1,-1
430,625,459.698,441.184,51.682,153.944,0.418403,-1,-1,-1
430,418,1295.141,414.985,50.663,152.294,0.382501,-1,-1,-1
431,4,1049.852,389.632,232.865,672.534,0.786862,-1,-1,-1
431,301,977.500,421.884,139.461,515.115,0.817145,-1,-1,-1
431,405,731.754,411.201,129.742,320.100,0.830694,-1,-1,-1
431,443,627.935,439.441,123.744,276.707,0.794400,-1,-1,-1
431,488,535.329,437.616,131.220,320.746,0.839125,-1,-1,-1
431,520,366.616,437.930,147.778,316.342,0.871767,-1,-1,-1
431,320,831.360,440.623,55.721,157.129,0.781463,-1,-1,-1
431,594,1151.933,407.660,182.596,525.024,0.294532,-1,-1,-1
431,610,1251.744,426.664,98.684,329.883,0.697437,-1,-1,-1
431,613,912.884,476.451,60.823,115.972,0.454883,-1,-1,-1
431,616,612.977,449.919,41.961,144.135,0.294253,-1,-1,-1
431,624,1577.988,302.727,300.212,777.273,0.823599,-1,-1,-1
431,625,461.372,440.136,51.965,154.934,0.420359,-1,-1,-1
431,418,1295.660,410.950,52.064,158.165,0.313850,-1,-1,-1
431,627,956.134,477.032,63.508,191.534,0.339729,-1,-1,-1
432,4,1050.683,387.294,233.741,682.950,0.872612,-1,-1,-1
432,301,979.995,420.661,140.472,517.335,0.827318,-1,-1,-1
432,405,735.161,410.615,129.076,319.663,0.828790,-1,-1,-1
432,443,634.469,439.322,122.890,276.607,0.694910,-1,-1,-1
432,488,543.359,437.590,132.475,319.743,0.837505,-1,-1,-1
432,520,369.466,434.881,147.003,320.895,0.789024,-1,-1,-1
432,320,829.662,438.624,56.523,159.699,0.814437,-1,-1,-1
432,594,1169.671,408.995,150.597,431.702,0.623915,-1,-1,-1
432,610,1255.316,426.345,100.837,338.306,0.714469,-1,-1,-1
432,613,910.801,464.790,66.964,127.298,0.498406,-1,-1,-1
432,624,1549.024,299.881,307.870,780.119,0.762832,-1,-1,-1
432,625,463.438,441.674,49.650,148.942,0.354976,-1,-1,-1
432,627,957.042,473.736,65.334,196.964,0.264372,-1,-1,-1
432,629,514.615,447.838,34.957,72.348,0.533571,-1,-1,-1
433,4,1055.463,388.265,222.014,654.109,0.870531,-1,-1,-1
433,301,981.919,420.070,141.259,519.158,0.817888,-1,-1,-1
433,405,735.445,410.913,128.324,319.571,0.810054,-1,-1,-1
433,443,654.442,437.512,117.792,274.448,0.668954,-1,-1,-1
433,488,548.352,435.681,135.779,323.299,0.831288,-1,-1,-1
433,520,376.330,435.465,143.831,320.661,0.803615,-1,-1,-1
433,320,828.795,438.710,56.573,159.806,0.757332,-1,-1,-1
433,594,1181.237,409.657,140.950,401.405,0.721019,-1,-1,-1
433,610,1261.078,425.922,99.883,335.070,0.637204,-1,-1,-1
433,613,909.543,459.106,70.128,132.816,0.507387,-1,-1,-1
433,624,1523.209,293.860,317.378,786.140,0.861418,-1,-1,-1
433,629,513.669,447.407,37.270,77.486,0.532388,-1,-1,-1
434,4,1072.204,390.463,200.880,586.555,0.602066,-1,-1,-1
434,301,985.906,420.007,140.537,517.455,0.780179,-1,-1,-1
434,405,735.455,411.326,127.534,318.907,0.807282,-1,-1,-1
434,443,661.003,437.317,114.827,275.104,0.691137,-1,-1,-1
434,488,551.388,434.912,137.403,322.844,0.859671,-1,-1,-1
434,520,383.003,436.100,142.071,318.760,0.776387,-1,-1,-1
434,320,826.893,436.614,57.403,162.627,0.751811,-1,-1,-1
434,594,1189.637,412.005,135.483,381.681,0.711188,-1,-1,-1
434,610,1268.566,424.225,96.057,321.159,0.789915,-1,-1,-1
434,613,909.327,460.701,69.720,131.429,0.515021,-1,-1,-1
434,624,1492.792,293.754,326.494,783.978,0.825199,-1,-1,-1
434,629,514.978,449.541,36.855,77.230,0.529187,-1,-1,-1
434,632,524.673,444.446,70.228,241.816,0.359445,-1,-1,-1
434,595,649.177,449.898,55.547,180.924,0.554841,-1,-1,-1
434,559,1841.851,442.840,75.787,213.952,0.286283,-1,-1,-1
434,627,959.688,464.748,70.008,211.370,0.255774,-1,-1,-1
435,4,1108.891,389.688,179.422,489.226,0.655996,-1,-1,-1
435,301,987.249,420.315,136.928,500.790,0.777492,-1,-1,-1
435,405,738.064,409.634,127.034,320.601,0.739127,-1,-1,-1
435,443,671.161,436.575,111.470,273.492,0.657366,-1,-1,-1
435,488,551.993,436.616,138.195,321.257,0.870728,-1,-1,-1
435,520,401.454,434.351,140.442,317.815,0.818103,-1,-1,-1
435,320,826.021,437.901,56.633,161.340,0.703976,-1,-1,-1
435,594,1198.340,408.800,121.237,334.177,0.575670,-1,-1,-1
435,610,1272.640,422.719,95.278,316.915,0.750887,-1,-1,-1
435,613,909.120,462.575,69.237,129.687,0.512963,-1,-1,-1
435,624,1438.508,300.019,332.605,773.317,0.802697,-1,-1,-1
435,629,514.841,451.018,36.365,76.838,0.408425,-1,-1,-1
435,632,532.634,452.256,53.670,184.273,0.571212,-1,-1,-1
435,595,647.190,454.471,55.746,179.098,0.406782,-1,-1,-1
436,4,1118.469,394.105,172.500,452.846,0.713381,-1,-1,-1
436,301,998.225,420.121,120.167,422.836,0.756256,-1,-1,-1
436,405,737.830,408.287,126.216,319.595,0.769119,-1,-1,-1
436,443,681.878,435.644,109.456,275.553,0.589181,-1,-1,-1
436,488,553.104,437.072,139.069,318.901,0.904977,-1,-1,-1
436,520,408.686,433.970,140.754,318.495,0.835673,-1,-1,-1
436,320,825.773,438.887,55.707,159.558,0.645744,-1,-1,-1
436,594,1191.497,405.654,139.477,386.321,0.729228,-1,-1,-1
436,610,1275.375,421.641,92.711,309.980,0.347801,-1,-1,-1
436,624,1374.394,303.826,336.416,760.793,0.751608,-1,-1,-1
436,629,516.151,453.052,34.867,74.146,0.350518,-1,-1,-1
436,632,537.540,445.565,51.923,177.985,0.389716,-1,-1,-1
436,595,647.040,457.591,55.750,177.139,0.415110,-1,-1,-1
437,4,1106.517,394.570,172.455,448.108,0.861186,-1,-1,-1
437,301,1001.946,422.980,117.937,401.836,0.787242,-1,-1,-1
437,405,737.764,408.770,124.887,316.817,0.764909,-1,-1,-1
437,443,689.305,433.504,108.667,280.213,0.611433,-1,-1,-1
437,488,552.574,439.830,139.984,316.720,0.917227,-1,-1,-1
437,520,416.521,437.775,139.318,315.397,0.856931,-1,-1,-1
437,320,824.819,437.993,55.572,160.507,0.669571,-1,-1,-1
437,594,1204.356,406.127,120.474,326.379,0.468552,-1,-1,-1
437,624,1298.010,311.676,343.370,750.843,0.597325,-1,-1,-1
437,629,517.818,455.200,33.336,71.433,0.303580,-1,-1,-1
437,595,646.767,460.200,56.069,176.202,0.444504,-1,-1,-1
437,559,1842.372,458.679,71.863,198.194,0.283548,-1,-1,-1
438,4,1099.109,394.918,173.787,452.608,0.825175,-1,-1,-1
438,301,1002.188,422.283,123.552,411.124,0.815674,-1,-1,-1
438,405,740.389,407.604,124.297,316.549,0.794830,-1,-1,-1
438,443,696.210,433.222,108.687,282.945,0.664655,-1,-1,-1
438,488,553.316,442.253,140.782,314.653,0.909750,-1,-1,-1
438,520,421.959,436.409,137.861,312.267,0.868649,-1,-1,-1
438,320,824.956,438.260,54.843,159.600,0.595498,-1,-1,-1
438,624,1241.422,317.568,345.576,739.917,0.692803,-1,-1,-1
438,629,517.508,452.943,34.662,75.291,0.339086,-1,-1,-1
438,636,546.707,449.575,34.398,79.938,0.356364,-1,-1,-1
438,613,914.782,480.532,60.730,110.850,0.261079,-1,-1,-1
439,4,1093.060,397.965,175.812,461.932,0.796212,-1,-1,-1
439,301,1002.572,420.952,130.497,426.105,0.814535,-1,-1,-1
439,405,749.094,408.851,120.713,311.058,0.731332,-1,-1,-1
439,443,703.839,434.438,108.321,282.486,0.753741,-1,-1,-1
439,488,555.090,442.176,141.715,313.983,0.900505,-1,-1,-1
439,520,425.370,434.616,138.251,314.616,0.810499,-1,-1,-1
439,320,823.415,439.193,54.741,160.113,0.531222,-1,-1,-1
439,624,1187.185,334.565,342.921,717.085,0.669885,-1,-1,-1
439,629,517.421,446.994,37.191,82.191,0.307446,-1,-1,-1
439,636,547.048,448.474,35.284,81.901,0.358205,-1,-1,-1
439,613,914.941,483.657,60.195,107.483,0.363177,-1,-1,-1
439,595,647.246,457.353,56.350,176.912,0.276510,-1,-1,-1
440,301,1002.891,420.559,137.876,442.461,0.819533,-1,-1,-1
440,405,758.155,410.986,116.854,306.061,0.672168,-1,-1,-1
440,443,711.934,434.661,109.983,284.593,0.775983,-1,-1,-1
440,488,556.219,441.508,142.956,314.328,0.882421,-1,-1,-1
440,520,428.092,434.887,137.585,312.633,0.791213,-1,-1,-1
440,624,1122.593,346.389,344.389,708.580,0.694907,-1,-1,-1
441,301,1004.823,419.657,130.655,412.818,0.662477,-1,-1,-1
441,405,766.455,409.881,114.530,305.940,0.771521,-1,-1,-1
441,443,714.724,433.664,110.510,282.804,0.844569,-1,-1,-1
441,488,557.515,440.787,142.201,311.034,0.876382,-1,-1,-1
441,520,429.264,435.542,136.541,310.410,0.786488,-1,-1,-1
441,624,1060.183,358.448,344.134,700.531,0.713552,-1,-1,-1
441,610,1328.269,421.491,107.318,334.313,0.793723,-1,-1,-1
441,613,914.510,483.064,62.314,108.599,0.286484,-1,-1,-1
442,301,1012.482,457.447,102.387,311.872,0.393433,-1,-1,-1
442,405,770.690,407.758,112.479,305.818,0.771140,-1,-1,-1
442,443,716.550,431.418,112.852,284.160,0.848353,-1,-1,-1
442,488,557.862,438.241,144.002,314.715,0.858534,-1,-1,-1
442,520,432.947,437.968,133.471,305.703,0.705618,-1,-1,-1
442,624,1005.830,362.288,345.211,698.010,0.735757,-1,-1,-1
442,610,1329.614,425.404,115.406,334.469,0.811976,-1,-1,-1
442,613,914.141,483.844,63.293,107.933,0.273306,-1,-1,-1
443,405,776.683,408.163,108.763,301.840,0.756883,-1,-1,-1
443,443,718.890,431.323,115.190,284.390,0.850365,-1,-1,-1
443,488,562.361,435.055,144.052,316.424,0.814051,-1,-1,-1
443,520,441.424,434.447,132.068,305.083,0.821041,-1,-1,-1
443,624,956.377,361.459,345.439,694.923,0.703484,-1,-1,-1
443,610,1330.177,428.036,122.065,337.513,0.811320,-1,-1,-1
443,640,334.626,509.009,90.091,139.330,0.629659,-1,-1,-1
443,641,535.435,442.199,55.991,174.568,0.373432,-1,-1,-1
443,293,380.923,458.395,43.301,116.165,0.442507,-1,-1,-1
443,594,1215.499,431.822,153.070,425.443,0.631269,-1,-1,-1
444,405,781.918,407.357,107.055,301.811,0.754052,-1,-1,-1
444,443,719.566,433.402,116.206,281.970,0.864364,-1,-1,-1
444,488,568.229,434.666,141.757,313.332,0.819271,-1,-1,-1
444,520,448.965,436.408,130.297,304.912,0.844970,-1,-1,-1
444,624,912.453,362.225,340.970,681.497,0.754654,-1,-1,-1
444,610,1330.925,428.642,126.359,338.172,0.832837,-1,-1,-1
444,640,331.190,511.342,89.926,139.236,0.560476,-1,-1,-1
444,641,538.052,443.226,55.103,172.220,0.479850,-1,-1,-1
444,644,412.814,454.488,47.073,121.265,0.493573,-1,-1,-1
444,293,380.665,458.976,43.610,115.561,0.565736,-1,-1,-1
444,594,1220.032,425.670,153.671,439.451,0.517544,-1,-1,-1
444,4,1148.215,400.793,195.130,517.325,0.678795,-1,-1,-1
445,405,782.339,405.628,108.113,308.319,0.709368,-1,-1,-1
445,443,718.294,433.631,117.326,280.624,0.822694,-1,-1,-1
445,488,574.278,436.577,138.400,309.789,0.772326,-1,-1,-1
445,520,457.294,438.129,126.561,298.874,0.826619,-1,-1,-1
445,624,873.336,355.367,345.285,683.492,0.664113,-1,-1,-1
445,610,1330.883,428.320,129.348,338.784,0.813468,-1,-1,-1
445,640,322.200,511.012,92.778,144.003,0.637344,-1,-1,-1
445,641,539.858,441.856,55.540,174.387,0.419907,-1,-1,-1
445,644,413.542,454.735,46.732,120.346,0.422114,-1,-1,-1
445,293,379.641,457.732,45.611,118.240,0.544097,-1,-1,-1
445,594,1236.568,422.058,135.409,386.512,0.522607,-1,-1,-1
445,645,576.668,453.067,72.126,203.622,0.382635,-1,-1,-1
445,4,1142.819,399.960,201.837,532.827,0.751605,-1,-1,-1
446,405,789.507,407.794,104.742,302.429,0.733635,-1,-1,-1
446,443,718.897,433.333,119.481,281.238,0.844718,-1,-1,-1
446,488,584.945,434.574,135.211,308.735,0.813573,-1,-1,-1
446,520,465.271,442.791,123.069,292.275,0.803186,-1,-1,-1
446,624,830.364,345.216,341.355,673.672,0.717855,-1,-1,-1
446,610,1332.853,427.769,130.883,339.811,0.839535,-1,-1,-1
446,640,314.698,511.587,93.918,146.293,0.640695,-1,-1,-1
446,644,415.727,456.686,46.061,118.123,0.359696,-1,-1,-1
446,293,379.232,457.906,47.129,119.101,0.561627,-1,-1,-1
446,594,1228.430,425.285,155.156,455.468,0.569036,-1,-1,-1
446,645,577.506,451.578,73.213,207.033,0.425815,-1,-1,-1
446,4,1120.650,398.800,233.144,630.890,0.848304,-1,-1,-1
446,636,549.309,443.957,33.360,75.541,0.346148,-1,-1,-1
447,405,795.617,406.521,101.182,295.572,0.717015,-1,-1,-1
447,443,717.921,432.921,120.014,280.299,0.830165,-1,-1,-1
447,488,594.841,433.119,132.616,311.250,0.783292,-1,-1,-1
447,520,473.816,454.530,116.356,278.290,0.816298,-1,-1,-1
447,624,795.085,338.516,340.703,673.053,0.626952,-1,-1,-1
447,610,1335.054,424.761,132.062,343.034,0.815263,-1,-1,-1
447,640,303.280,509.072,96.671,150.868,0.567899,-1,-1,-1
447,644,415.022,454.572,46.830,119.925,0.402794,-1,-1,-1
447,293,378.628,458.995,48.500,120.368,0.589654,-1,-1,-1
447,594,1228.788,421.058,162.087,490.491,0.678245,-1,-1,-1
447,645,584.342,449.772,73.543,208.601,0.400388,-1,-1,-1
447,4,1117.162,397.017,242.880,668.809,0.792058,-1,-1,-1
447,648,1063.815,419.676,128.874,494.544,0.693264,-1,-1,-1
447,649,718.463,448.451,37.703,102.775,0.482216,-1,-1,-1
447,636,550.688,444.935,31.590,70.308,0.440293,-1,-1,-1
448,443,726.391,437.730,116.413,269.623,0.705988,-1,-1,-1
448,488,603.575,431.365,131.908,316.540,0.691452,-1,-1,-1
448,520,473.699,442.409,118.002,283.567,0.753623,-1,-1,-1
448,624,755.247,333.704,353.435,692.348,0.628449,-1,-1,-1
448,610,1336.002,422.263,133.018,345.653,0.815486,-1,-1,-1
448,640,296.406,510.656,95.941,149.954,0.498010,-1,-1,-1
448,644,414.887,457.189,45.924,117.423,0.337911,-1,-1,-1
448,293,379.108,459.954,49.012,120.665,0.551771,-1,-1,-1
448,594,1229.796,416.173,161.900,505.951,0.667611,-1,-1,-1
448,645,588.874,452.529,71.943,204.887,0.255009,-1,-1,-1
448,4,1122.790,395.800,247.441,684.200,0.832872,-1,-1,-1
448,648,1053.721,420.821,137.117,526.352,0.783356,-1,-1,-1
448,649,719.679,451.199,34.398,93.761,0.287239,-1,-1,-1
448,636,553.817,445.191,30.534,67.307,0.327474,-1,-1,-1
449,443,742.608,441.705,102.993,241.422,0.374808,-1,-1,-1
449,488,613.824,430.499,128.293,315.970,0.766072,-1,-1,-1
449,520,477.676,433.142,120.749,290.695,0.805214,-1,-1,-1
449,624,713.359,331.292,357.552,701.205,0.536079,-1,-1,-1
449,610,1338.095,421.732,133.760,345.821,0.850099,-1,-1,-1
449,640,286.377,511.461,95.446,149.047,0.581131,-1,-1,-1
449,644,415.141,458.997,45.177,115.422,0.300849,-1,-1,-1
449,293,379.267,460.742,49.035,119.755,0.486803,-1,-1,-1
449,594,1249.928,417.221,127.852,397.379,0.502005,-1,-1,-1
449,645,592.178,456.722,66.838,191.033,0.677129,-1,-1,-1
449,4,1121.590,396.439,246.179,683.561,0.839477,-1,-1,-1
449,648,1041.095,422.994,140.119,535.885,0.820723,-1,-1,-1
450,488,620.967,431.395,123.601,312.956,0.787956,-1,-1,-1
450,520,481.176,429.330,122.760,297.536,0.814802,-1,-1,-1
450,624,685.495,329.115,376.276,731.568,0.519413,-1,-1,-1
450,610,1338.748,420.664,135.116,346.087,0.849023,-1,-1,-1
450,640,273.641,504.075,101.440,159.564,0.636251,-1,-1,-1
450,644,415.508,458.989,45.391,115.634,0.444210,-1,-1,-1
450,293,379.685,462.163,48.965,119.485,0.571250,-1,-1,-1
450,645,590.962,464.591,65.259,186.696,0.614158,-1,-1,-1
450,4,1128.162,395.631,245.404,684.369,0.875968,-1,-1,-1
450,648,1038.921,425.447,141.471,538.177,0.872316,-1,-1,-1
450,649,720.586,453.081,31.677,86.441,0.252054,-1,-1,-1
451,488,630.677,434.033,120.038,314.515,0.663342,-1,-1,-1
451,520,492.443,432.589,123.181,298.365,0.804146,-1,-1,-1
451,624,663.599,336.832,383.544,734.893,0.609956,-1,-1,-1
451,610,1342.116,419.388,136.825,347.434,0.855466,-1,-1,-1
451,640,267.891,502.506,101.198,159.973,0.696213,-1,-1,-1
451,644,414.596,457.945,45.977,117.123,0.491738,-1,-1,-1
451,293,379.588,462.066,49.036,119.954,0.563614,-1,-1,-1
451,645,586.942,455.950,67.954,193.298,0.422328,-1,-1,-1
451,4,1135.223,392.988,249.360,687.008,0.900734,-1,-1,-1
451,648,1042.235,424.330,142.838,539.529,0.864683,-1,-1,-1
451,655,464.775,446.478,38.610,113.438,0.522380,-1,-1,-1
452,488,635.471,449.192,100.883,267.775,0.605754,-1,-1,-1
452,520,498.996,432.066,124.239,299.136,0.846193,-1,-1,-1
452,624,634.948,344.153,390.291,734.004,0.734599,-1,-1,-1
452,610,1350.130,419.852,137.233,348.504,0.852393,-1,-1,-1
452,640,259.593,498.592,102.154,162.214,0.538021,-1,-1,-1
452,644,414.886,457.514,46.404,117.897,0.509143,-1,-1,-1
452,293,379.350,462.344,49.563,120.873,0.647171,-1,-1,-1
452,4,1128.187,396.142,256.844,683.858,0.890067,-1,-1,-1
452,648,1048.247,423.493,143.917,539.513,0.854530,-1,-1,-1
452,655,465.168,445.479,39.167,115.047,0.445386,-1,-1,-1
452,594,1260.413,416.498,116.645,368.492,0.299741,-1,-1,-1
453,520,504.869,432.557,125.503,297.827,0.801902,-1,-1,-1
453,624,601.042,354.809,395.057,725.191,0.737013,-1,-1,-1
453,610,1356.905,419.553,137.136,349.037,0.853072,-1,-1,-1
453,640,255.555,505.195,96.231,152.558,0.478089,-1,-1,-1
453,644,414.910,457.230,46.645,117.981,0.482686,-1,-1,-1
453,293,379.672,462.129,50.033,121.531,0.653808,-1,-1,-1
453,4,1150.633,397.090,261.431,682.910,0.881265,-1,-1,-1
453,648,1052.255,424.028,144.608,537.496,0.867645,-1,-1,-1
453,655,465.295,445.554,37.993,111.289,0.436541,-1,-1,-1
453,645,584.283,464.070,63.437,180.255,0.303950,-1,-1,-1
454,520,501.982,435.579,125.146,297.069,0.770411,-1,-1,-1
454,624,551.200,367.173,392.093,712.827,0.750003,-1,-1,-1
454,610,1364.016,419.944,137.275,351.230,0.888101,-1,-1,-1
454,640,245.704,507.413,95.938,151.637,0.476830,-1,-1,-1
454,644,413.590,456.406,47.522,119.971,0.531684,-1,-1,-1
454,293,379.413,461.632,50.323,122.221,0.678122,-1,-1,-1
454,4,1156.816,399.462,266.589,680.538,0.902589,-1,-1,-1
454,648,1055.943,421.653,146.468,539.736,0.872130,-1,-1,-1
454,655,465.836,445.546,36.337,105.621,0.482221,-1,-1,-1
454,645,584.908,467.022,58.669,168.219,0.336471,-1,-1,-1
454,405,809.207,405.811,102.656,308.552,0.753497,-1,-1,-1
455,520,501.994,445.619,118.157,283.817,0.718538,-1,-1,-1
455,624,518.556,378.642,393.713,701.358,0.794259,-1,-1,-1
455,610,1369.963,419.607,137.723,353.028,0.892508,-1,-1,-1
455,640,239.799,512.501,93.680,146.462,0.462737,-1,-1,-1
455,644,414.137,457.856,46.839,117.949,0.443488,-1,-1,-1
455,293,380.336,462.501,49.502,119.903,0.665988,-1,-1,-1
455,4,1159.735,400.844,270.880,679.156,0.910144,-1,-1,-1
455,648,1059.983,420.278,148.614,541.433,0.871210,-1,-1,-1
455,655,463.908,446.189,37.463,108.855,0.312910,-1,-1,-1
455,405,810.388,405.828,102.092,308.418,0.720549,-1,-1,-1
455,613,914.874,477.351,68.712,113.391,0.335722,-1,-1,-1
456,624,477.321,389.799,395.296,690.201,0.801067,-1,-1,-1
456,610,1374.429,418.594,139.341,358.172,0.882921,-1,-1,-1
456,640,236.292,515.222,90.808,141.364,0.489567,-1,-1,-1
456,644,414.360,458.327,46.903,117.404,0.569125,-1,-1,-1
456,293,380.764,462.508,49.281,119.187,0.711683,-1,-1,-1
456,4,1164.188,403.534,273.574,676.466,0.907168,-1,-1,-1
456,648,1063.221,421.708,150.359,541.285,0.869891,-1,-1,-1
456,655,463.630,446.200,38.627,111.906,0.502222,-1,-1,-1
456,405,809.666,405.168,101.789,308.726,0.789443,-1,-1,-1
456,661,774.990,444.334,41.921,121.995,0.327093,-1,-1,-1
456,613,913.644,475.627,71.199,115.344,0.260431,-1,-1,-1
456,620,474.771,477.381,64.572,164.668,0.408560,-1,-1,-1
456,649,727.068,447.479,32.231,87.997,0.429904,-1,-1,-1
457,624,423.277,391.445,396.744,688.555,0.738323,-1,-1,-1
457,610,1379.298,418.462,141.315,363.963,0.900981,-1,-1,-1
457,640,228.129,516.070,90.707,140.201,0.285090,-1,-1,-1
457,644,414.447,456.004,47.966,119.371,0.541348,-1,-1,-1
457,293,381.564,462.118,49.095,118.739,0.668032,-1,-1,-1
457,4,1161.751,402.456,276.180,677.544,0.907772,-1,-1,-1
457,648,1066.024,420.577,153.185,545.693,0.863213,-1,-1,-1
457,655,463.226,444.524,40.647,117.298,0.598558,-1,-1,-1
457,405,809.432,405.420,101.618,308.548,0.770485,-1,-1,-1
457,661,777.366,446.288,43.433,126.527,0.340896,-1,-1,-1
457,662,313.352,449.536,46.254,124.855,0.502154,-1,-1,-1
457,619,693.664,445.999,54.420,164.250,0.620101,-1,-1,-1
458,624,389.953,388.514,404.829,691.486,0.803653,-1,-1,-1
458,610,1387.074,421.510,140.653,360.940,0.901749,-1,-1,-1
458,640,222.863,516.438,91.038,139.898,0.467780,-1,-1,-1
458,644,414.536,457.286,47.727,118.390,0.470398,-1,-1,-1
458,293,382.067,462.154,49.016,118.391,0.682438,-1,-1,-1
458,4,1169.068,402.842,281.715,676.847,0.906176,-1,-1,-1
458,648,1070.849,419.106,155.518,548.694,0.846143,-1,-1,-1
458,405,810.231,406.360,100.233,304.684,0.763569,-1,-1,-1
458,661,778.376,446.089,46.419,135.654,0.308277,-1,-1,-1
458,662,313.197,449.292,45.908,124.014,0.427309,-1,-1,-1
458,488,672.728,443.773,114.727,296.651,0.730745,-1,-1,-1
459,624,350.930,383.575,412.234,696.425,0.819988,-1,-1,-1
459,610,1397.897,422.064,144.142,363.338,0.866661,-1,-1,-1
459,640,211.749,516.446,93.200,142.139,0.460022,-1,-1,-1
459,644,412.723,463.547,44.405,111.826,0.396536,-1,-1,-1
459,293,381.753,462.273,48.714,117.928,0.701702,-1,-1,-1
459,4,1170.097,402.150,286.845,677.697,0.901210,-1,-1,-1
459,648,1076.924,417.774,157.561,551.745,0.841828,-1,-1,-1
459,405,811.225,406.558,99.671,303.018,0.772468,-1,-1,-1
459,661,782.101,443.145,47.989,140.577,0.382028,-1,-1,-1
459,662,312.140,449.928,45.609,123.395,0.283211,-1,-1,-1
459,488,669.533,440.862,120.448,300.890,0.733889,-1,-1,-1
460,624,320.071,379.035,421.877,700.965,0.761969,-1,-1,-1
460,610,1407.797,425.493,148.820,366.405,0.885306,-1,-1,-1
460,640,201.201,517.680,95.870,145.235,0.401776,-1,-1,-1
460,4,1168.919,399.618,291.687,680.382,0.903581,-1,-1,-1
460,648,1083.272,420.550,158.506,549.879,0.832278,-1,-1,-1
460,405,810.107,406.270,101.338,302.701,0.777269,-1,-1,-1
460,661,785.252,443.101,49.492,145.470,0.333607,-1,-1,-1
460,488,669.518,438.272,123.701,303.151,0.805908,-1,-1,-1
461,624,272.902,372.854,426.443,707.146,0.740618,-1,-1,-1
461,610,1411.659,427.592,151.353,364.710,0.882802,-1,-1,-1
461,640,194.375,517.515,97.090,146.256,0.682341,-1,-1,-1
461,4,1169.504,401.421,294.723,678.579,0.914924,-1,-1,-1
461,648,1089.032,421.264,160.865,552.373,0.824573,-1,-1,-1
461,405,811.489,406.627,103.741,302.104,0.819799,-1,-1,-1
461,661,780.666,445.314,47.609,141.100,0.450150,-1,-1,-1
461,488,665.711,435.767,126.933,306.499,0.862219,-1,-1,-1
461,520,544.428,437.962,117.336,288.862,0.626149,-1,-1,-1
462,624,235.305,366.097,428.928,713.903,0.862106,-1,-1,-1
462,610,1415.043,430.265,155.331,368.007,0.909189,-1,-1,-1
462,640,183.045,516.518,100.070,149.478,0.603250,-1,-1,-1
462,4,1170.604,404.546,296.481,675.454,0.913876,-1,-1,-1
462,648,1093.094,420.147,163.822,557.612,0.843868,-1,-1,-1
462,405,810.193,406.658,106.141,303.047,0.807148,-1,-1,-1
462,661,777.721,441.682,49.139,146.311,0.576198,-1,-1,-1
462,488,665.579,434.331,129.457,310.034,0.834723,-1,-1,-1
462,520,555.877,434.262,112.183,283.151,0.683488,-1,-1,-1
462,662,309.767,451.224,43.130,117.912,0.296836,-1,-1,-1
463,624,206.500,361.837,430.978,718.163,0.850610,-1,-1,-1
463,610,1416.536,430.232,159.275,372.344,0.903723,-1,-1,-1
463,640,178.825,516.001,94.032,138.043,0.403391,-1,-1,-1
463,4,1171.016,401.363,300.050,678.637,0.904266,-1,-1,-1
463,648,1094.600,416.600,166.429,561.934,0.865770,-1,-1,-1
463,405,810.645,407.285,107.307,298.859,0.812259,-1,-1,-1
463,661,775.506,440.637,49.743,148.656,0.739136,-1,-1,-1
463,488,670.117,432.880,128.792,308.807,0.822504,-1,-1,-1
463,520,560.375,434.842,110.893,282.210,0.767412,-1,-1,-1
464,624,175.220,357.837,433.393,722.163,0.824789,-1,-1,-1
464,610,1416.316,427.623,161.897,375.923,0.876327,-1,-1,-1
464,640,168.335,515.720,97.791,143.532,0.564654,-1,-1,-1
464,4,1174.792,399.504,301.214,677.106,0.892266,-1,-1,-1
464,648,1097.781,412.047,169.465,566.994,0.886234,-1,-1,-1
464,405,809.905,407.141,110.042,300.619,0.842465,-1,-1,-1
464,661,774.603,439.593,49.685,148.723,0.742833,-1,-1,-1
464,488,675.619,433.331,126.454,305.690,0.824755,-1,-1,-1
464,520,562.023,434.118,110.567,282.830,0.763316,-1,-1,-1
464,668,661.948,457.681,32.901,79.755,0.432407,-1,-1,-1
464,671,518.761,445.551,71.051,201.589,0.492951,-1,-1,-1
464,559,1841.612,446.350,76.274,208.689,0.302095,-1,-1,-1
464,655,466.164,449.585,41.312,117.781,0.324932,-1,-1,-1
465,624,133.602,359.072,437.406,720.928,0.818843,-1,-1,-1
465,610,1419.730,424.416,164.548,382.673,0.898312,-1,-1,-1
465,4,1179.711,397.747,302.608,678.919,0.899585,-1,-1,-1
465,648,1100.371,412.612,170.590,566.022,0.878337,-1,-1,-1
465,405,813.640,405.850,111.214,303.584,0.874942,-1,-1,-1
465,661,772.619,437.372,51.565,154.765,0.566338,-1,-1,-1
465,488,679.304,432.761,125.513,305.839,0.836981,-1,-1,-1
465,520,559.309,431.202,112.108,286.337,0.806623,-1,-1,-1
465,668,662.723,458.398,32.541,78.964,0.375855,-1,-1,-1
465,671,514.929,448.447,73.816,208.728,0.487086,-1,-1,-1
466,624,104.029,359.918,439.575,720.082,0.828140,-1,-1,-1
466,610,1424.048,419.134,166.568,389.862,0.868632,-1,-1,-1
466,4,1188.961,398.193,300.802,676.574,0.895419,-1,-1,-1
466,648,1103.601,415.309,171.626,564.989,0.866682,-1,-1,-1
466,405,817.918,407.207,110.332,302.417,0.838381,-1,-1,-1
466,661,771.772,439.802,51.922,156.933,0.362907,-1,-1,-1
466,488,682.975,432.790,124.387,304.718,0.855170,-1,-1,-1
466,520,561.322,429.945,112.332,286.806,0.797610,-1,-1,-1
466,668,663.787,458.977,32.296,78.363,0.318913,-1,-1,-1
466,671,509.872,452.044,70.187,197.767,0.550264,-1,-1,-1
466,559,1841.773,446.195,76.710,210.084,0.255046,-1,-1,-1
467,624,87.923,366.345,434.706,713.534,0.794840,-1,-1,-1
467,610,1431.884,417.216,165.177,391.958,0.854516,-1,-1,-1
467,4,1200.125,400.743,296.182,671.767,0.870548,-1,-1,-1
467,648,1106.078,415.966,173.296,567.171,0.859719,-1,-1,-1
467,405,820.455,408.027,109.677,303.542,0.844792,-1,-1,-1
467,488,687.123,433.343,123.816,303.752,0.864472,-1,-1,-1
467,520,566.218,429.809,111.151,286.126,0.709095,-1,-1,-1
467,668,664.190,459.929,31.287,75.951,0.261554,-1,-1,-1
467,671,504.528,461.368,65.595,183.221,0.501242,-1,-1,-1
467,559,1841.659,441.852,77.547,214.478,0.308699,-1,-1,-1
468,624,69.894,370.114,433.143,709.886,0.807859,-1,-1,-1
468,610,1439.962,416.866,163.385,393.008,0.827932,-1,-1,-1
468,4,1214.464,400.225,291.797,669.349,0.866111,-1,-1,-1
468,648,1108.771,417.106,176.533,576.500,0.863741,-1,-1,-1
468,405,822.020,408.066,109.226,304.568,0.857578,-1,-1,-1
468,488,689.803,433.435,123.218,303.373,0.840568,-1,-1,-1
468,520,569.408,428.143,110.025,285.242,0.835628,-1,-1,-1
468,671,500.353,449.138,68.296,190.812,0.581906,-1,-1,-1
468,559,1841.968,445.744,76.289,210.177,0.393320,-1,-1,-1
469,624,39.053,379.485,431.621,700.515,0.790747,-1,-1,-1
469,610,1451.054,416.206,160.566,393.531,0.859124,-1,-1,-1
469,4,1229.106,394.487,290.239,674.810,0.869078,-1,-1,-1
469,648,1110.529,415.858,179.534,585.495,0.895833,-1,-1,-1
469,405,823.215,405.557,108.426,305.526,0.846741,-1,-1,-1
469,488,697.152,432.138,124.174,304.956,0.845022,-1,-1,-1
469,520,572.609,427.700,108.926,284.283,0.840002,-1,-1,-1
469,671,498.549,452.555,68.039,189.977,0.388453,-1,-1,-1
469,559,1845.271,460.546,72.000,196.197,0.347554,-1,-1,-1
469,682,1281.827,429.997,80.788,492.064,0.667169,-1,-1,-1
470,624,21.577,386.937,430.676,693.063,0.766986,-1,-1,-1
470,610,1460.554,414.026,158.048,394.948,0.874486,-1,-1,-1
470,4,1252.888,397.477,283.588,670.818,0.852064,-1,-1,-1
470,648,1114.647,415.184,182.604,595.307,0.901344,-1,-1,-1
470,405,823.886,404.209,108.236,308.082,0.847859,-1,-1,-1
470,488,705.366,432.364,124.329,302.862,0.823042,-1,-1,-1
470,520,578.187,428.393,107.799,284.023,0.820050,-1,-1,-1
470,671,494.859,464.340,66.010,182.319,0.647998,-1,-1,-1
470,559,1844.700,458.697,72.931,198.167,0.329238,-1,-1,-1
470,682,1286.621,430.666,80.665,490.733,0.666965,-1,-1,-1
470,686,558.779,449.945,34.848,92.634,0.474396,-1,-1,-1
470,689,1079.816,437.806,67.807,158.485,0.450050,-1,-1,-1
471,624,6.392,392.972,429.302,687.028,0.806727,-1,-1,-1
471,610,1469.429,413.653,155.193,395.039,0.877657,-1,-1,-1
471,4,1273.163,398.033,279.233,673.101,0.873028,-1,-1,-1
471,648,1120.270,416.268,182.682,596.891,0.877612,-1,-1,-1
471,405,825.863,404.615,107.339,307.207,0.855029,-1,-1,-1
471,488,713.110,432.602,125.925,302.876,0.791677,-1,-1,-1
471,520,579.695,429.330,107.333,284.009,0.834889,-1,-1,-1
471,671,487.428,463.174,68.921,188.440,0.457060,-1,-1,-1
471,559,1845.020,461.626,72.021,194.611,0.352390,-1,-1,-1
471,682,1292.515,425.614,80.979,492.066,0.621100,-1,-1,-1
471,686,561.234,451.489,33.368,88.835,0.389697,-1,-1,-1
472,624,0.000,396.247,424.112,683.506,0.790013,-1,-1,-1
472,610,1477.411,412.437,154.091,399.565,0.854717,-1,-1,-1
472,4,1288.132,397.770,274.258,674.781,0.882474,-1,-1,-1
472,648,1124.157,415.951,182.408,598.562,0.882725,-1,-1,-1
472,405,828.249,404.080,106.836,306.023,0.841501,-1,-1,-1
472,488,723.662,432.514,127.184,304.061,0.820232,-1,-1,-1
472,520,583.209,431.110,106.201,280.468,0.838830,-1,-1,-1
472,671,472.917,466.100,70.059,186.515,0.415250,-1,-1,-1
472,559,1844.834,462.066,72.236,194.078,0.407157,-1,-1,-1
472,682,1295.795,418.035,83.111,502.957,0.652279,-1,-1,-1
472,686,562.436,451.878,31.429,83.747,0.566366,-1,-1,-1
472,689,1079.123,455.016,60.520,141.463,0.442258,-1,-1,-1
473,624,3.639,398.064,430.358,681.936,0.730076,-1,-1,-1
473,610,1485.232,411.620,151.060,398.254,0.870868,-1,-1,-1
473,4,1297.150,394.356,272.183,682.740,0.879635,-1,-1,-1
473,648,1129.686,416.407,182.549,599.357,0.887661,-1,-1,-1
473,405,831.481,404.435,107.285,306.956,0.799406,-1,-1,-1
473,488,731.056,433.729,127.467,303.909,0.851594,-1,-1,-1
473,520,585.498,430.427,105.663,280.367,0.842040,-1,-1,-1
473,671,464.272,468.105,71.760,186.674,0.547242,-1,-1,-1
473,559,1844.511,465.461,71.247,190.582,0.322667,-1,-1,-1
473,682,1297.409,417.056,84.290,505.346,0.583790,-1,-1,-1
473,686,562.027,450.618,31.928,84.814,0.559037,-1,-1,-1
473,694,522.268,456.806,32.529,73.224,0.444865,-1,-1,-1
473,689,1080.154,461.481,57.552,134.315,0.426265,-1,-1,-1
474,624,10.124,398.455,434.986,681.545,0.661466,-1,-1,-1
474,610,1491.339,411.442,149.842,400.407,0.873768,-1,-1,-1
474,4,1304.841,393.704,268.567,685.730,0.890788,-1,-1,-1
474,648,1135.366,415.241,182.307,599.853,0.898391,-1,-1,-1
474,405,835.225,404.939,107.473,306.142,0.787727,-1,-1,-1
474,488,730.526,433.378,127.816,302.196,0.847502,-1,-1,-1
474,520,587.903,428.706,106.244,282.437,0.837606,-1,-1,-1
474,671,458.374,470.286,74.174,188.769,0.543443,-1,-1,-1
474,559,1844.128,467.201,71.196,189.201,0.409532,-1,-1,-1
474,682,1299.980,413.078,86.218,514.098,0.613285,-1,-1,-1
474,686,562.801,451.552,31.252,83.045,0.542645,-1,-1,-1
474,694,522.263,458.127,33.332,75.297,0.464743,-1,-1,-1
474,689,1079.934,450.573,61.892,144.645,0.370947,-1,-1,-1
474,443,870.636,427.524,98.431,258.475,0.540382,-1,-1,-1
475,624,0.000,397.982,431.267,682.018,0.686382,-1,-1,-1
475,610,1500.222,409.471,150.206,403.182,0.826751,-1,-1,-1
475,4,1310.635,391.893,265.262,688.107,0.920391,-1,-1,-1
475,648,1140.621,416.317,181.942,599.751,0.900330,-1,-1,-1
475,405,838.938,406.549,107.056,304.641,0.707325,-1,-1,-1
475,488,733.263,432.239,129.189,304.834,0.832612,-1,-1,-1
475,520,591.956,428.181,105.719,281.932,0.806954,-1,-1,-1
475,671,451.666,472.080,77.188,190.382,0.622928,-1,-1,-1
475,559,1842.873,467.253,71.686,189.078,0.268226,-1,-1,-1
475,682,1303.810,414.695,86.570,516.538,0.548895,-1,-1,-1
475,686,562.738,451.643,31.038,82.432,0.537962,-1,-1,-1
475,694,523.035,455.656,34.544,78.427,0.481678,-1,-1,-1
475,689,1080.425,443.866,64.564,151.126,0.297992,-1,-1,-1
475,700,709.326,450.941,32.350,87.230,0.402855,-1,-1,-1
475,443,880.353,430.719,93.543,259.088,0.687644,-1,-1,-1
476,624,0.000,392.458,415.983,687.542,0.683754,-1,-1,-1
476,610,1515.835,410.242,152.264,402.808,0.870946,-1,-1,-1
476,4,1315.921,392.246,260.860,687.754,0.896865,-1,-1,-1
476,648,1145.431,415.850,182.153,600.086,0.905084,-1,-1,-1
476,405,832.613,405.792,104.725,303.607,0.699395,-1,-1,-1
476,488,735.556,432.408,129.108,304.886,0.839503,-1,-1,-1
476,520,594.634,429.687,105.041,278.405,0.817353,-1,-1,-1
476,671,446.602,475.046,76.937,186.133,0.642139,-1,-1,-1
476,559,1841.360,458.015,75.454,199.200,0.311973,-1,-1,-1
476,682,1309.973,411.736,88.565,526.055,0.569208,-1,-1,-1
476,686,563.298,451.586,30.236,80.081,0.563646,-1,-1,-1
476,694,524.174,455.172,34.238,78.173,0.469586,-1,-1,-1
476,689,1080.697,436.231,67.717,159.045,0.341959,-1,-1,-1
476,700,710.055,451.495,31.522,84.884,0.501593,-1,-1,-1
476,443,888.475,431.173,93.505,259.009,0.718114,-1,-1,-1
476,701,723.676,451.059,30.456,81.630,0.460857,-1,-1,-1
477,624,0.000,385.720,379.031,694.280,0.746775,-1,-1,-1
477,610,1524.428,408.837,156.927,407.267,0.884666,-1,-1,-1
477,4,1323.349,395.343,255.720,684.657,0.887804,-1,-1,-1
477,648,1149.497,415.965,182.667,600.578,0.898424,-1,-1,-1
477,405,832.322,406.408,102.692,302.056,0.749171,-1,-1,-1
477,488,738.424,430.247,128.896,306.623,0.826618,-1,-1,-1
477,520,599.054,429.839,104.731,276.183,0.791757,-1,-1,-1
477,671,439.598,476.823,78.181,186.806,0.558204,-1,-1,-1
477,559,1841.233,460.988,74.490,195.574,0.328542,-1,-1,-1
477,682,1315.208,412.525,89.874,530.269,0.672494,-1,-1,-1
477,686,563.328,451.579,29.689,78.419,0.571255,-1,-1,-1
477,694,524.474,454.882,34.119,78.331,0.546787,-1,-1,-1
477,689,1081.096,437.693,66.926,157.873,0.360270,-1,-1,-1
477,700,710.936,450.189,32.336,87.083,0.475416,-1,-1,-1
477,443,893.789,432.413,93.877,254.919,0.711064,-1,-1,-1
477,701,722.225,449.232,32.370,86.668,0.495902,-1,-1,-1
477,704,534.392,451.870,27.619,79.936,0.336162,-1,-1,-1
478,624,0.000,376.616,351.966,703.384,0.780272,-1,-1,-1
478,610,1535.339,409.476,161.033,408.346,0.895710,-1,-1,-1
478,4,1329.133,394.252,252.684,685.185,0.887943,-1,-1,-1
478,648,1154.649,415.478,183.448,602.567,0.893958,-1,-1,-1
478,405,832.937,405.718,102.150,303.623,0.737922,-1,-1,-1
478,488,740.779,429.785,127.941,306.214,0.809578,-1,-1,-1
478,520,604.536,430.729,105.393,276.525,0.796220,-1,-1,-1
478,671,427.673,475.713,80.679,189.280,0.642590,-1,-1,-1
478,559,1842.425,464.787,73.121,191.299,0.284451,-1,-1,-1
478,682,1319.213,416.516,89.599,522.874,0.666617,-1,-1,-1
478,686,562.714,451.152,30.159,79.337,0.589363,-1,-1,-1
478,694,524.895,453.828,34.013,78.534,0.581512,-1,-1,-1
478,689,1084.486,436.446,66.817,158.794,0.515185,-1,-1,-1
478,700,710.520,451.268,31.502,84.630,0.432385,-1,-1,-1
478,443,896.634,431.349,96.725,254.866,0.662481,-1,-1,-1
478,701,723.140,450.225,31.787,85.026,0.415485,-1,-1,-1
479,624,0.000,375.065,328.028,704.935,0.785122,-1,-1,-1
479,610,1544.505,409.183,166.928,412.417,0.903132,-1,-1,-1
479,4,1335.472,392.067,251.264,687.933,0.901638,-1,-1,-1
479,648,1158.443,415.542,183.945,604.451,0.895424,-1,-1,-1
479,405,833.722,407.097,100.157,301.343,0.801144,-1,-1,-1
479,488,744.796,429.264,126.879,306.809,0.818636,-1,-1,-1
479,520,606.223,434.773,104.556,272.307,0.802879,-1,-1,-1
479,671,418.588,476.002,83.408,192.210,0.699826,-1,-1,-1
479,682,1322.208,416.200,91.557,529.359,0.667776,-1,-1,-1
479,686,562.712,451.086,30.461,79.704,0.560082,-1,-1,-1
479,694,525.436,454.611,33.387,77.628,0.549599,-1,-1,-1
479,689,1085.246,434.514,67.262,160.801,0.487462,-1,-1,-1
479,700,709.942,453.582,30.745,82.388,0.348796,-1,-1,-1
479,443,899.292,431.318,98.947,254.265,0.758259,-1,-1,-1
479,701,724.883,452.646,31.219,83.603,0.298487,-1,-1,-1
480,624,0.000,382.569,300.228,696.579,0.709236,-1,-1,-1
480,610,1551.791,413.003,172.152,413.622,0.896339,-1,-1,-1
480,4,1345.098,392.853,250.432,687.147,0.888371,-1,-1,-1
480,648,1161.432,414.529,183.887,606.066,0.871971,-1,-1,-1
480,405,833.846,408.548,98.993,300.514,0.820810,-1,-1,-1
480,488,749.677,430.845,123.682,302.418,0.809778,-1,-1,-1
480,520,609.457,432.177,105.819,273.184,0.813950,-1,-1,-1
480,671,412.366,478.833,85.475,193.128,0.719156,-1,-1,-1
480,682,1325.041,412.621,96.283,553.636,0.643383,-1,-1,-1
480,686,562.321,451.248,31.034,80.698,0.578998,-1,-1,-1
480,694,525.969,454.543,32.960,77.233,0.503278,-1,-1,-1
480,689,1085.499,435.086,66.496,159.882,0.265791,-1,-1,-1
480,700,708.087,454.700,30.691,81.995,0.308117,-1,-1,-1
480,443,901.078,432.397,100.766,254.315,0.785896,-1,-1,-1
480,701,726.124,451.931,30.919,82.903,0.272559,-1,-1,-1
480,559,1842.248,467.026,72.769,188.885,0.259665,-1,-1,-1
481,624,0.000,393.819,284.089,685.900,0.775128,-1,-1,-1
481,610,1556.106,416.163,176.157,413.574,0.896346,-1,-1,-1
481,4,1354.446,393.239,251.191,686.761,0.890624,-1,-1,-1
481,648,1164.619,412.832,183.928,608.162,0.860792,-1,-1,-1
481,405,837.639,408.181,97.735,301.158,0.802010,-1,-1,-1
481,488,756.049,431.359,121.033,297.762,0.805264,-1,-1,-1
481,520,612.320,432.364,107.177,274.470,0.807928,-1,-1,-1
481,671,406.866,477.570,85.599,192.394,0.711337,-1,-1,-1
481,682,1328.866,409.549,98.172,560.320,0.715907,-1,-1,-1
481,686,562.777,451.645,31.279,81.103,0.604371,-1,-1,-1
481,694,526.647,455.318,32.096,75.867,0.512904,-1,-1,-1
481,689,1086.336,434.211,66.712,161.607,0.481690,-1,-1,-1
481,700,708.737,455.656,31.151,83.291,0.351673,-1,-1,-1
481,443,901.482,433.091,102.306,254.371,0.791702,-1,-1,-1
481,559,1841.012,465.259,74.079,190.654,0.298622,-1,-1,-1
482,624,0.000,423.322,258.018,656.611,0.683669,-1,-1,-1
482,610,1559.503,417.517,179.578,414.154,0.895930,-1,-1,-1
482,4,1358.071,389.412,254.484,690.588,0.894635,-1,-1,-1
482,648,1168.298,411.132,183.126,607.617,0.864127,-1,-1,-1
482,405,839.430,407.431,96.312,300.867,0.815795,-1,-1,-1
482,488,758.378,431.961,119.849,295.903,0.848038,-1,-1,-1
482,520,614.721,430.996,107.571,274.456,0.839718,-1,-1,-1
482,671,402.492,476.870,87.025,194.864,0.641147,-1,-1,-1
482,682,1332.250,409.683,98.469,556.706,0.691853,-1,-1,-1
482,686,563.092,451.409,31.769,82.020,0.599927,-1,-1,-1
482,694,526.590,455.871,31.577,75.026,0.565401,-1,-1,-1
482,689,1087.501,432.515,66.934,163.857,0.452825,-1,-1,-1
482,700,711.310,456.032,30.491,81.242,0.319978,-1,-1,-1
482,443,903.390,435.703,101.978,251.248,0.789563,-1,-1,-1
482,559,1841.160,463.904,74.957,192.124,0.283193,-1,-1,-1
482,711,1301.922,414.501,46.859,131.841,0.502218,-1,-1,-1
482,712,745.083,447.832,38.752,130.816,0.449783,-1,-1,-1
483,624,0.000,448.176,233.975,631.824,0.587079,-1,-1,-1
483,610,1564.039,419.914,184.692,418.953,0.910078,-1,-1,-1
483,4,1363.920,389.667,256.526,690.333,0.903318,-1,-1,-1
483,648,1173.132,412.065,181.903,604.940,0.886998,-1,-1,-1
483,405,840.871,406.337,95.438,302.157,0.800946,-1,-1,-1
483,488,764.159,430.787,119.005,296.526,0.876664,-1,-1,-1
483,520,619.218,431.797,107.321,271.485,0.828843,-1,-1,-1
483,671,394.534,476.860,89.196,194.813,0.431670,-1,-1,-1
483,682,1335.247,411.681,97.391,549.156,0.659328,-1,-1,-1
483,686,563.473,451.922,31.475,80.956,0.562957,-1,-1,-1
483,694,527.124,455.503,31.378,75.153,0.550435,-1,-1,-1
483,689,1093.081,433.403,64.894,162.009,0.397555,-1,-1,-1
483,443,904.152,436.005,102.616,251.476,0.774445,-1,-1,-1
483,559,1840.415,459.410,76.855,196.634,0.265207,-1,-1,-1
483,711,1301.074,418.077,45.999,129.393,0.289309,-1,-1,-1
483,712,744.246,447.855,38.945,131.258,0.597399,-1,-1,-1
484,624,0.000,507.784,224.210,560.798,0.427709,-1,-1,-1
484,610,1567.092,420.360,187.778,420.184,0.886021,-1,-1,-1
484,4,1368.388,394.502,257.584,685.330,0.911256,-1,-1,-1
484,648,1177.711,415.210,180.186,600.528,0.897239,-1,-1,-1
484,405,842.731,406.402,93.657,301.578,0.789274,-1,-1,-1
484,488,772.089,430.501,118.015,299.799,0.765648,-1,-1,-1
484,520,623.983,428.897,110.242,277.274,0.863200,-1,-1,-1
484,671,380.461,475.741,93.201,196.792,0.602768,-1,-1,-1
484,682,1342.054,420.436,97.278,537.502,0.618029,-1,-1,-1
484,686,563.491,450.933,31.980,81.797,0.550790,-1,-1,-1
484,694,527.207,454.578,31.434,75.829,0.514446,-1,-1,-1
484,689,1094.914,432.727,64.242,162.689,0.557836,-1,-1,-1
484,443,903.614,437.292,103.034,251.738,0.780427,-1,-1,-1
484,711,1300.894,414.424,47.149,132.759,0.291153,-1,-1,-1
484,712,743.487,447.661,40.195,134.661,0.777981,-1,-1,-1
484,716,1186.577,447.753,33.561,86.347,0.510715,-1,-1,-1
484,718,1087.190,437.217,51.169,158.300,0.396656,-1,-1,-1
485,624,0.000,534.323,195.010,541.904,0.540518,-1,-1,-1
485,610,1574.063,418.470,189.240,424.338,0.880077,-1,-1,-1
485,4,1372.185,395.933,260.554,684.067,0.902703,-1,-1,-1
485,648,1183.532,418.575,179.007,598.913,0.878464,-1,-1,-1
485,405,844.650,404.896,91.840,301.087,0.765831,-1,-1,-1
485,488,782.549,430.511,115.224,298.242,0.735490,-1,-1,-1
485,520,628.116,426.323,111.726,279.806,0.809160,-1,-1,-1
485,671,369.983,476.120,97.280,200.180,0.533937,-1,-1,-1
485,682,1343.405,426.136,97.674,530.516,0.592033,-1,-1,-1
485,686,563.907,450.579,32.929,83.432,0.556932,-1,-1,-1
485,694,527.355,454.171,31.671,76.979,0.498296,-1,-1,-1
485,689,1096.596,434.465,61.639,158.948,0.422396,-1,-1,-1
485,443,898.899,439.901,104.268,250.568,0.768548,-1,-1,-1
485,712,741.829,449.330,39.986,133.427,0.768251,-1,-1,-1
485,716,1187.278,446.007,32.693,84.094,0.487158,-1,-1,-1
485,718,1085.825,442.615,49.906,154.343,0.460854,-1,-1,-1
485,640,9.376,526.892,88.686,129.855,0.475656,-1,-1,-1
486,610,1578.959,417.165,189.972,427.708,0.907984,-1,-1,-1
486,4,1372.816,394.597,263.220,683.319,0.883898,-1,-1,-1
486,648,1191.195,418.727,178.531,598.346,0.898916,-1,-1,-1
486,405,850.110,410.735,85.817,286.254,0.707494,-1,-1,-1
486,488,791.448,430.118,115.610,300.111,0.766224,-1,-1,-1
486,520,635.386,428.532,111.980,277.269,0.819495,-1,-1,-1
486,671,364.928,474.262,104.161,206.751,0.576808,-1,-1,-1
486,682,1346.637,424.217,99.400,529.482,0.578197,-1,-1,-1
486,686,565.109,450.050,32.831,82.650,0.524325,-1,-1,-1
486,694,528.332,453.817,31.706,77.820,0.474455,-1,-1,-1
486,689,1096.987,434.160,60.680,159.055,0.418101,-1,-1,-1
486,443,897.979,436.169,106.817,254.271,0.788819,-1,-1,-1
486,712,739.874,448.170,40.431,134.130,0.755237,-1,-1,-1
486,716,1187.003,446.089,32.671,83.952,0.562001,-1,-1,-1
486,718,1084.295,444.378,49.885,154.149,0.464706,-1,-1,-1
486,640,0.000,513.477,100.018,165.846,0.316498,-1,-1,-1
487,610,1584.042,416.915,188.904,428.758,0.893760,-1,-1,-1
487,4,1376.442,390.321,267.887,688.913,0.872346,-1,-1,-1
487,648,1197.780,419.222,179.314,598.472,0.905534,-1,-1,-1
487,405,853.572,411.737,84.492,288.231,0.540644,-1,-1,-1
487,488,799.179,430.143,115.694,298.902,0.728215,-1,-1,-1
487,520,640.953,425.430,114.570,278.357,0.845090,-1,-1,-1
487,671,355.766,475.769,107.896,208.993,0.584259,-1,-1,-1
487,682,1352.169,428.067,101.906,532.195,0.547970,-1,-1,-1
487,686,566.916,450.281,32.859,82.181,0.538513,-1,-1,-1
487,694,529.711,456.060,30.676,75.778,0.461396,-1,-1,-1
487,689,1102.961,434.711,57.630,155.240,0.317681,-1,-1,-1
487,443,901.293,436.747,106.813,253.725,0.795983,-1,-1,-1
487,712,738.643,447.525,39.739,130.818,0.704588,-1,-1,-1
487,716,1186.596,445.690,33.078,84.921,0.628525,-1,-1,-1
487,718,1086.669,460.062,44.614,137.667,0.535035,-1,-1,-1
487,640,0.000,522.795,91.513,166.483,0.510974,-1,-1,-1
488,610,1587.268,415.080,189.082,432.751,0.867840,-1,-1,-1
488,4,1376.562,389.809,271.853,690.016,0.883291,-1,-1,-1
488,648,1205.196,419.256,181.742,600.420,0.892831,-1,-1,-1
488,405,856.131,414.181,82.500,286.343,0.423245,-1,-1,-1
488,488,804.775,431.659,117.710,299.140,0.818633,-1,-1,-1
488,520,644.343,428.741,114.966,275.939,0.827098,-1,-1,-1
488,671,344.801,477.197,109.970,207.027,0.491754,-1,-1,-1
488,682,1357.608,423.923,103.418,530.169,0.609791,-1,-1,-1
488,686,564.626,449.895,33.871,83.950,0.555212,-1,-1,-1
488,694,529.396,454.490,31.428,78.250,0.455641,-1,-1,-1
488,689,1106.077,435.893,54.756,150.507,0.393680,-1,-1,-1
488,443,906.906,432.388,106.546,255.077,0.725955,-1,-1,-1
488,712,738.120,448.636,39.058,128.077,0.659778,-1,-1,-1
488,716,1186.576,446.409,33.190,85.143,0.630802,-1,-1,-1
488,718,1086.240,452.251,46.988,144.975,0.534315,-1,-1,-1
489,610,1593.333,414.064,187.813,435.211,0.848954,-1,-1,-1
489,4,1380.226,389.745,276.375,689.495,0.848697,-1,-1,-1
489,648,1208.420,418.400,183.688,602.195,0.899173,-1,-1,-1
489,405,858.784,414.244,78.690,275.314,0.466682,-1,-1,-1
489,488,809.239,435.141,118.589,295.229,0.828758,-1,-1,-1
489,520,646.301,431.968,115.137,272.851,0.861556,-1,-1,-1
489,671,329.445,479.235,113.760,210.141,0.604689,-1,-1,-1
489,682,1363.301,424.671,102.985,518.909,0.660251,-1,-1,-1
489,686,563.848,450.138,34.160,84.066,0.564803,-1,-1,-1
489,694,529.572,453.970,31.442,78.886,0.468599,-1,-1,-1
489,689,1105.883,433.982,54.782,152.636,0.412799,-1,-1,-1
489,443,915.540,431.012,104.841,255.471,0.821905,-1,-1,-1
489,712,737.612,449.210,38.893,126.776,0.676617,-1,-1,-1
489,716,1186.799,446.156,33.333,85.418,0.643004,-1,-1,-1
489,718,1086.294,444.563,48.921,151.259,0.416514,-1,-1,-1
489,732,1065.881,446.708,32.128,97.658,0.364235,-1,-1,-1
490,610,1598.442,407.881,188.743,442.845,0.854885,-1,-1,-1
490,4,1386.060,392.985,279.506,685.852,0.757927,-1,-1,-1
490,648,1210.676,418.506,185.322,602.825,0.904778,-1,-1,-1
490,405,861.423,410.643,77.497,271.523,0.485851,-1,-1,-1
490,488,810.984,436.341,121.029,294.683,0.783377,-1,-1,-1
490,520,648.411,433.703,115.409,271.476,0.879885,-1,-1,-1
490,671,318.806,493.342,113.879,199.806,0.424695,-1,-1,-1
490,682,1366.796,422.973,105.382,520.570,0.527250,-1,-1,-1
490,686,564.448,449.950,33.819,83.009,0.552412,-1,-1,-1
490,694,530.023,452.951,31.539,79.694,0.530704,-1,-1,-1
490,689,1104.222,432.431,55.819,156.480,0.502864,-1,-1,-1
490,443,921.458,430.628,103.451,255.025,0.776321,-1,-1,-1
490,712,736.247,449.189,39.010,126.556,0.630969,-1,-1,-1
490,716,1186.667,446.741,33.234,84.960,0.611884,-1,-1,-1
490,718,1089.235,440.592,50.285,153.815,0.392907,-1,-1,-1
490,644,413.845,460.794,47.874,112.528,0.435754,-1,-1,-1
491,610,1603.153,404.273,188.687,448.309,0.845856,-1,-1,-1
491,4,1391.569,390.325,286.474,689.326,0.831797,-1,-1,-1
491,648,1211.912,418.854,186.736,603.227,0.897447,-1,-1,-1
491,405,862.554,410.375,76.286,265.187,0.290396,-1,-1,-1
491,488,813.559,437.941,122.632,292.053,0.767963,-1,-1,-1
491,520,648.948,432.998,116.821,273.640,0.866342,-1,-1,-1
491,671,314.177,488.966,119.366,205.310,0.553693,-1,-1,-1
491,682,1372.972,416.409,112.946,532.275,0.514965,-1,-1,-1
491,686,564.743,449.336,34.096,83.483,0.555357,-1,-1,-1
491,694,530.537,450.701,32.309,82.293,0.512809,-1,-1,-1
491,689,1105.304,431.395,55.535,157.521,0.481529,-1,-1,-1
491,443,928.629,429.078,102.987,259.217,0.751165,-1,-1,-1
491,712,735.293,447.115,39.990,129.122,0.664131,-1,-1,-1
491,716,1186.620,447.125,32.997,84.053,0.601574,-1,-1,-1
491,718,1083.422,439.896,49.481,151.488,0.457100,-1,-1,-1
491,644,414.480,459.200,49.151,113.869,0.502165,-1,-1,-1
492,610,1612.747,404.178,187.245,452.021,0.870193,-1,-1,-1
492,4,1398.084,387.670,292.817,691.971,0.622724,-1,-1,-1
492,648,1216.198,419.806,188.463,604.336,0.896336,-1,-1,-1
492,488,814.156,438.009,126.434,294.818,0.884753,-1,-1,-1
492,520,648.882,430.464,118.885,277.527,0.854025,-1,-1,-1
492,671,309.017,483.930,123.954,210.404,0.536841,-1,-1,-1
492,682,1388.972,411.207,131.020,585.171,0.520890,-1,-1,-1
492,686,564.844,449.423,34.120,83.234,0.564358,-1,-1,-1
492,694,530.894,451.200,32.093,82.215,0.533374,-1,-1,-1
492,689,1106.999,431.929,54.437,156.270,0.330608,-1,-1,-1
492,443,936.156,431.365,99.910,255.285,0.785639,-1,-1,-1
492,712,730.490,445.006,41.364,131.960,0.732197,-1,-1,-1
492,716,1186.297,447.435,32.861,83.424,0.548489,-1,-1,-1
492,718,1081.766,441.104,49.842,152.130,0.356908,-1,-1,-1
492,644,414.989,459.472,50.285,114.887,0.448182,-1,-1,-1
493,610,1619.787,404.098,187.434,457.549,0.839989,-1,-1,-1
493,4,1390.792,384.601,296.001,692.915,0.743826,-1,-1,-1
493,648,1215.979,420.245,190.038,603.259,0.885932,-1,-1,-1
493,488,815.292,437.661,128.963,295.432,0.807917,-1,-1,-1
493,520,650.425,431.486,118.580,276.169,0.860370,-1,-1,-1
493,671,298.138,484.285,128.011,212.061,0.614003,-1,-1,-1
493,682,1388.878,406.880,137.689,593.780,0.390609,-1,-1,-1
493,686,565.397,449.352,34.411,83.575,0.570697,-1,-1,-1
493,694,530.971,451.608,31.671,81.631,0.515351,-1,-1,-1
493,443,943.210,431.670,97.753,253.933,0.832622,-1,-1,-1
493,712,727.676,442.452,42.462,134.621,0.689445,-1,-1,-1
493,716,1186.713,447.733,32.684,82.909,0.426436,-1,-1,-1
493,718,1083.377,440.470,51.142,154.464,0.403200,-1,-1,-1
493,644,415.094,462.610,49.167,111.250,0.362178,-1,-1,-1
493,747,379.829,465.258,51.174,112.644,0.351185,-1,-1,-1
494,610,1622.503,403.913,190.217,466.489,0.800024,-1,-1,-1
494,4,1389.816,384.248,297.914,691.604,0.775326,-1,-1,-1
494,648,1217.841,420.185,192.001,602.484,0.872371,-1,-1,-1
494,488,815.400,434.587,132.063,298.597,0.749717,-1,-1,-1
494,520,651.238,432.705,118.407,274.248,0.835739,-1,-1,-1
494,671,291.726,479.559,131.939,216.759,0.529023,-1,-1,-1
494,682,1395.944,405.174,141.955,586.758,0.461136,-1,-1,-1
494,686,565.949,449.709,34.648,83.861,0.576822,-1,-1,-1
494,694,531.361,453.336,30.756,79.669,0.511901,-1,-1,-1
494,443,949.901,431.813,96.982,254.556,0.814254,-1,-1,-1
494,712,727.804,443.480,42.234,133.977,0.667318,-1,-1,-1
494,716,1187.106,447.531,32.768,83.199,0.496563,-1,-1,-1
494,718,1085.894,439.420,52.615,156.887,0.599457,-1,-1,-1
494,644,415.289,462.292,49.296,110.893,0.382822,-1,-1,-1
494,747,379.333,464.968,51.285,112.886,0.374894,-1,-1,-1
494,749,0.000,411.571,303.125,668.429,0.458269,-1,-1,-1
494,750,801.008,449.265,90.758,269.647,0.453812,-1,-1,-1
495,610,1627.285,403.321,188.571,462.647,0.785643,-1,-1,-1
495,4,1387.231,381.323,300.522,694.272,0.832649,-1,-1,-1
495,648,1218.867,419.850,194.684,603.326,0.867979,-1,-1,-1
495,488,816.930,431.408,134.102,301.167,0.805659,-1,-1,-1
495,520,652.777,433.173,118.503,273.901,0.841273,-1,-1,-1
495,671,279.239,478.248,133.897,218.741,0.414610,-1,-1,-1
495,682,1391.856,404.780,141.913,572.987,0.567589,-1,-1,-1
495,686,565.737,448.967,35.233,85.225,0.608517,-1,-1,-1
495,694,531.503,452.854,30.814,80.227,0.517968,-1,-1,-1
495,443,956.336,432.116,96.526,253.063,0.781755,-1,-1,-1
495,712,727.772,444.707,42.501,135.296,0.498306,-1,-1,-1
495,716,1186.499,448.149,32.769,83.084,0.445568,-1,-1,-1
495,718,1085.951,437.657,54.129,159.495,0.590002,-1,-1,-1
495,644,415.518,462.625,49.357,109.702,0.308503,-1,-1,-1
495,747,380.198,464.330,51.811,113.836,0.410308,-1,-1,-1
495,749,0.000,413.838,291.693,666.162,0.524309,-1,-1,-1
495,559,1831.433,409.153,88.567,248.114,0.280809,-1,-1,-1
496,610,1632.569,400.704,192.746,472.035,0.797986,-1,-1,-1
496,4,1388.482,378.619,303.342,698.479,0.800935,-1,-1,-1
496,648,1219.647,418.946,197.165,603.841,0.883836,-1,-1,-1
496,488,820.324,433.200,134.311,300.658,0.855905,-1,-1,-1
496,520,653.763,432.728,118.516,274.067,0.838341,-1,-1,-1
496,671,271.941,475.890,139.091,224.701,0.581871,-1,-1,-1
496,682,1389.013,405.110,144.293,567.828,0.597037,-1,-1,-1
496,686,566.028,448.981,35.159,84.958,0.650127,-1,-1,-1
496,694,532.074,454.402,30.310,79.113,0.568419,-1,-1,-1
496,443,962.720,433.894,97.061,249.680,0.826619,-1,-1,-1
496,716,1185.723,447.968,32.967,83.386,0.394969,-1,-1,-1
496,718,1087.812,433.242,56.028,163.204,0.507565,-1,-1,-1
496,644,415.510,462.380,49.590,109.498,0.301759,-1,-1,-1
496,747,380.443,463.749,52.139,114.264,0.404260,-1,-1,-1
496,749,0.000,436.854,276.295,643.146,0.303131,-1,-1,-1
496,752,632.334,451.947,33.507,80.441,0.414802,-1,-1,-1
496,559,1830.976,404.155,89.024,253.761,0.344043,-1,-1,-1
497,610,1634.155,402.081,190.991,473.007,0.821969,-1,-1,-1
497,4,1395.737,380.948,303.560,697.354,0.847407,-1,-1,-1
497,648,1221.250,419.160,200.008,603.952,0.896994,-1,-1,-1
497,488,824.215,433.690,134.328,301.798,0.842511,-1,-1,-1
497,520,656.455,431.512,118.616,275.850,0.840425,-1,-1,-1
497,671,265.106,475.728,141.276,226.147,0.659893,-1,-1,-1
497,682,1388.191,405.412,145.606,566.009,0.645551,-1,-1,-1
497,686,566.262,450.383,34.565,83.291,0.627422,-1,-1,-1
497,694,532.899,456.643,29.530,77.075,0.594725,-1,-1,-1
497,443,967.704,437.739,98.623,247.324,0.848685,-1,-1,-1
497,716,1185.693,448.154,33.066,83.379,0.364361,-1,-1,-1
497,718,1088.764,435.275,56.179,161.014,0.615764,-1,-1,-1
497,644,412.452,457.591,51.354,114.911,0.373702,-1,-1,-1
497,747,379.457,462.958,52.662,115.196,0.432677,-1,-1,-1
497,749,0.000,449.909,263.251,630.091,0.295768,-1,-1,-1
497,752,630.511,451.599,35.978,86.537,0.392134,-1,-1,-1
497,559,1835.214,415.971,84.786,241.592,0.308543,-1,-1,-1
498,610,1649.582,403.277,194.334,477.583,0.888514,-1,-1,-1
498,4,1405.832,377.526,304.498,701.924,0.807364,-1,-1,-1
498,648,1224.632,418.876,201.409,601.258,0.886454,-1,-1,-1
498,488,827.158,427.511,134.787,307.787,0.815336,-1,-1,-1
498,520,660.172,430.659,118.080,277.841,0.839708,-1,-1,-1
498,671,264.311,477.282,142.662,227.343,0.642021,-1,-1,-1
498,682,1383.725,406.568,147.282,559.746,0.645333,-1,-1,-1
498,686,566.629,450.645,34.413,82.811,0.654968,-1,-1,-1
498,694,532.978,456.296,29.765,77.748,0.614370,-1,-1,-1
498,443,971.112,438.538,101.625,247.696,0.826903,-1,-1,-1
498,716,1184.087,449.231,33.341,83.156,0.491445,-1,-1,-1
498,718,1089.560,434.635,57.517,162.005,0.524590,-1,-1,-1
498,644,411.262,455.621,51.866,117.316,0.361199,-1,-1,-1
498,747,379.710,463.548,52.608,114.699,0.393703,-1,-1,-1
498,749,0.000,448.414,251.624,631.586,0.426356,-1,-1,-1
498,752,629.775,450.653,36.421,87.813,0.389842,-1,-1,-1
498,559,1837.945,426.825,82.055,230.665,0.302932,-1,-1,-1
498,668,666.782,457.159,36.432,90.918,0.350962,-1,-1,-1
499,610,1661.349,408.162,196.031,475.398,0.890513,-1,-1,-1
499,4,1421.123,374.666,305.809,705.090,0.762478,-1,-1,-1
499,648,1227.390,417.229,203.923,601.928,0.895916,-1,-1,-1
499,488,829.012,420.620,134.404,312.437,0.767732,-1,-1,-1
499,520,665.420,430.862,116.213,278.039,0.878152,-1,-1,-1
499,671,246.209,478.751,145.641,228.956,0.651422,-1,-1,-1
499,682,1385.482,405.889,151.519,558.901,0.696842,-1,-1,-1
499,686,566.653,452.618,33.876,81.184,0.631426,-1,-1,-1
499,694,533.027,456.440,29.875,77.935,0.652331,-1,-1,-1
499,443,972.065,433.432,106.258,252.727,0.834691,-1,-1,-1
499,716,1184.602,448.040,33.599,83.621,0.391551,-1,-1,-1
499,718,1086.919,435.566,59.061,161.965,0.497054,-1,-1,-1
499,644,410.975,455.829,51.384,117.455,0.377021,-1,-1,-1
499,747,379.190,463.319,52.919,115.201,0.463507,-1,-1,-1
499,752,627.933,450.658,37.165,89.791,0.406987,-1,-1,-1
499,668,667.308,457.070,35.655,90.225,0.341015,-1,-1,-1
500,610,1671.812,410.862,201.372,479.792,0.884312,-1,-1,-1
500,4,1435.107,374.383,305.316,705.605,0.771810,-1,-1,-1
500,648,1231.102,416.936,205.865,602.354,0.887938,-1,-1,-1
500,488,833.446,416.447,134.051,317.227,0.775682,-1,-1,-1
500,520,666.948,429.361,114.486,277.575,0.869452,-1,-1,-1
500,671,227.033,479.548,141.849,227.532,0.621624,-1,-1,-1
500,682,1387.120,407.472,155.079,557.656,0.713883,-1,-1,-1
500,686,567.894,454.438,33.566,80.131,0.606912,-1,-1,-1
500,694,533.970,459.729,29.120,75.759,0.596652,-1,-1,-1
500,443,974.783,436.022,107.582,250.463,0.822390,-1,-1,-1
500,716,1182.774,449.112,33.752,82.915,0.398201,-1,-1,-1
500,718,1087.544,438.231,59.772,160.601,0.529099,-1,-1,-1
500,644,410.711,455.144,51.133,118.155,0.457955,-1,-1,-1
500,747,379.459,463.599,52.658,114.872,0.460334,-1,-1,-1
500,752,629.280,452.673,36.991,89.744,0.406415,-1,-1,-1
500,668,667.816,457.927,33.570,85.933,0.388224,-1,-1,-1
500,749,0.000,406.186,238.278,673.814,0.509411,-1,-1,-1
501,610,1683.200,412.052,207.897,484.397,0.881428,-1,-1,-1
501,4,1445.727,371.944,300.750,708.056,0.787391,-1,-1,-1
501,648,1240.145,417.335,207.030,605.154,0.870672,-1,-1,-1
501,488,842.528,419.474,131.117,314.889,0.753555,-1,-1,-1
501,520,673.868,430.019,111.879,276.966,0.822969,-1,-1,-1
501,671,221.421,478.926,147.582,235.426,0.560299,-1,-1,-1
501,682,1392.335,410.275,157.181,553.467,0.782235,-1,-1,-1
501,686,569.194,454.557,33.734,80.564,0.609714,-1,-1,-1
501,694,534.988,462.410,28.533,73.880,0.580833,-1,-1,-1
501,443,975.268,434.566,109.885,252.039,0.860942,-1,-1,-1
501,716,1181.093,448.971,34.380,83.223,0.436273,-1,-1,-1
501,718,1090.526,437.504,60.644,161.301,0.585475,-1,-1,-1
501,644,411.036,455.668,50.237,117.118,0.495099,-1,-1,-1
501,747,379.639,463.738,52.322,114.357,0.514927,-1,-1,-1
501,752,630.282,453.828,37.061,90.301,0.339809,-1,-1,-1
501,668,667.507,458.387,33.731,87.031,0.461176,-1,-1,-1
501,757,1072.157,440.029,38.302,124.943,0.392694,-1,-1,-1
501,749,0.000,410.984,225.987,669.016,0.387509,-1,-1,-1
501,559,1847.350,462.570,71.181,194.305,0.382778,-1,-1,-1
502,610,1690.493,410.054,211.226,486.384,0.877077,-1,-1,-1
502,4,1468.969,371.466,297.857,708.534,0.792050,-1,-1,-1
502,648,1251.756,418.073,206.852,604.958,0.868921,-1,-1,-1
502,488,854.943,427.014,126.278,308.871,0.765526,-1,-1,-1
502,520,677.698,433.075,109.182,274.036,0.791946,-1,-1,-1
502,671,211.121,480.104,148.962,236.049,0.576772,-1,-1,-1
502,682,1396.716,411.309,159.241,552.861,0.816999,-1,-1,-1
502,686,569.383,454.879,33.458,79.960,0.615867,-1,-1,-1
502,694,535.439,463.362,28.344,72.949,0.590317,-1,-1,-1
502,443,976.016,436.328,110.597,250.287,0.828036,-1,-1,-1
502,716,1180.478,448.743,34.658,83.493,0.362636,-1,-1,-1
502,718,1090.836,436.101,61.611,162.024,0.538893,-1,-1,-1
502,644,410.957,455.703,49.784,116.969,0.499096,-1,-1,-1
502,747,379.000,464.235,52.748,115.565,0.542346,-1,-1,-1
502,752,630.349,453.741,37.076,90.811,0.303116,-1,-1,-1
502,668,667.475,459.745,32.209,83.530,0.297077,-1,-1,-1
502,757,1071.362,440.927,40.094,130.952,0.319740,-1,-1,-1
502,749,0.000,389.187,215.813,690.813,0.453382,-1,-1,-1
502,758,545.723,457.712,27.966,76.564,0.352616,-1,-1,-1
502,559,1841.904,430.364,78.096,225.708,0.281421,-1,-1,-1
502,405,855.938,409.599,83.552,290.243,0.676404,-1,-1,-1
503,610,1694.488,409.702,213.829,487.550,0.882497,-1,-1,-1
503,4,1488.153,371.693,295.859,708.307,0.796924,-1,-1,-1
503,648,1262.447,416.761,207.185,610.349,0.886301,-1,-1,-1
503,488,866.342,430.879,122.758,303.444,0.720692,-1,-1,-1
503,520,684.160,433.249,105.672,270.719,0.817970,-1,-1,-1
503,671,192.940,480.509,147.794,235.027,0.482104,-1,-1,-1
503,682,1400.239,410.252,162.254,556.402,0.787512,-1,-1,-1
503,686,569.769,454.900,33.473,79.965,0.596043,-1,-1,-1
503,694,535.222,462.735,28.938,74.216,0.587606,-1,-1,-1
503,443,979.624,436.721,110.691,249.013,0.812186,-1,-1,-1
503,716,1181.536,448.492,34.972,83.348,0.411092,-1,-1,-1
503,718,1089.619,436.675,62.783,162.874,0.537104,-1,-1,-1
503,644,411.374,454.798,49.821,117.722,0.466653,-1,-1,-1
503,747,379.010,464.548,52.908,116.121,0.504446,-1,-1,-1
503,752,631.576,454.086,36.866,90.690,0.387777,-1,-1,-1
503,668,666.922,459.109,32.245,83.936,0.373895,-1,-1,-1
503,757,1072.470,441.305,40.038,130.788,0.575636,-1,-1,-1
503,758,544.295,456.137,28.770,78.627,0.374771,-1,-1,-1
503,405,856.125,409.535,83.486,291.363,0.651287,-1,-1,-1
504,610,1701.227,407.403,217.426,496.307,0.878734,-1,-1,-1
504,4,1494.673,372.241,292.528,707.759,0.785597,-1,-1,-1
504,648,1275.329,417.310,205.383,613.304,0.892123,-1,-1,-1
504,488,872.640,429.289,122.865,304.208,0.689507,-1,-1,-1
504,520,686.180,433.090,103.883,269.248,0.789866,-1,-1,-1
504,671,173.112,480.119,147.195,236.195,0.564885,-1,-1,-1
504,682,1402.320,410.112,164.021,556.003,0.773240,-1,-1,-1
504,686,570.464,455.335,33.138,79.034,0.608392,-1,-1,-1
504,694,534.864,460.455,30.121,77.109,0.608880,-1,-1,-1
504,443,978.714,429.928,113.716,256.514,0.827227,-1,-1,-1
504,716,1180.394,447.087,35.736,84.330,0.322229,-1,-1,-1
504,718,1095.124,432.471,64.263,166.896,0.704542,-1,-1,-1
504,644,412.446,456.475,48.954,115.753,0.440786,-1,-1,-1
504,747,379.064,463.856,52.390,115.154,0.496277,-1,-1,-1
504,752,631.994,454.261,36.936,91.142,0.369626,-1,-1,-1
504,668,667.385,458.382,31.417,81.658,0.354451,-1,-1,-1
504,757,1073.133,439.046,40.579,132.345,0.746150,-1,-1,-1
504,405,856.956,409.340,83.648,294.170,0.620812,-1,-1,-1
504,762,456.206,453.762,36.948,102.738,0.365069,-1,-1,-1
504,711,1302.994,413.491,49.260,141.906,0.380089,-1,-1,-1
505,610,1703.376,406.291,216.624,504.400,0.901704,-1,-1,-1
505,4,1506.244,372.149,291.526,707.851,0.762407,-1,-1,-1
505,648,1283.654,417.151,204.388,620.085,0.899192,-1,-1,-1
505,488,887.831,433.890,118.948,293.576,0.752420,-1,-1,-1
505,520,688.246,432.055,103.538,270.383,0.808574,-1,-1,-1
505,671,162.334,479.422,149.828,239.716,0.516705,-1,-1,-1
505,682,1413.115,409.359,164.345,561.084,0.766527,-1,-1,-1
505,686,570.779,454.529,33.480,79.634,0.642434,-1,-1,-1
505,694,534.873,458.203,31.201,79.757,0.605099,-1,-1,-1
505,443,986.977,437.420,108.981,248.470,0.763689,-1,-1,-1
505,716,1177.515,447.306,36.361,83.997,0.388184,-1,-1,-1
505,718,1097.790,432.679,63.316,164.529,0.658078,-1,-1,-1
505,644,412.803,457.128,48.669,114.988,0.439889,-1,-1,-1
505,747,379.019,463.248,52.572,115.607,0.525915,-1,-1,-1
505,752,632.158,454.046,36.673,90.728,0.440427,-1,-1,-1
505,668,667.867,457.763,31.744,82.044,0.467945,-1,-1,-1
505,757,1073.387,439.508,40.927,132.891,0.767955,-1,-1,-1
505,405,859.324,406.688,83.500,296.530,0.693371,-1,-1,-1
505,762,455.425,453.307,37.241,103.379,0.385147,-1,-1,-1
505,764,809.948,466.086,41.173,87.196,0.341047,-1,-1,-1
505,711,1303.844,414.754,47.825,140.242,0.423185,-1,-1,-1
506,610,1707.295,402.967,212.705,509.776,0.884787,-1,-1,-1
506,4,1512.049,371.376,290.917,708.624,0.778017,-1,-1,-1
506,648,1290.128,415.715,204.485,628.386,0.882822,-1,-1,-1
506,488,897.124,437.781,119.128,290.943,0.852763,-1,-1,-1
506,520,691.961,431.689,103.311,271.948,0.823496,-1,-1,-1
506,671,152.653,481.702,152.024,241.263,0.468592,-1,-1,-1
506,682,1425.143,413.981,160.252,553.133,0.797695,-1,-1,-1
506,686,571.217,454.540,33.382,79.418,0.636019,-1,-1,-1
506,694,535.340,458.655,30.973,79.005,0.571759,-1,-1,-1
506,443,994.786,437.616,106.072,246.927,0.783705,-1,-1,-1
506,716,1176.613,446.697,37.470,84.694,0.337753,-1,-1,-1
506,718,1098.228,431.286,63.595,165.498,0.697056,-1,-1,-1
506,644,411.963,455.662,49.052,116.436,0.427336,-1,-1,-1
506,747,379.374,463.599,51.966,114.577,0.452741,-1,-1,-1
506,752,632.369,453.993,36.337,90.128,0.526037,-1,-1,-1
506,668,667.729,458.207,31.605,81.334,0.516658,-1,-1,-1
506,757,1073.075,439.485,42.016,135.927,0.682866,-1,-1,-1
506,405,860.878,407.012,83.315,299.217,0.746414,-1,-1,-1
506,764,809.898,464.866,40.916,86.720,0.337118,-1,-1,-1
506,711,1304.509,415.154,47.440,139.811,0.270511,-1,-1,-1
507,610,1713.268,398.657,206.732,517.849,0.884614,-1,-1,-1
507,4,1516.719,369.541,290.336,710.459,0.833254,-1,-1,-1
507,648,1297.811,413.262,204.532,635.360,0.874156,-1,-1,-1
507,488,903.498,439.764,120.243,289.910,0.896910,-1,-1,-1
507,520,698.730,432.076,103.308,270.585,0.765877,-1,-1,-1
507,671,137.497,480.041,151.379,244.035,0.663288,-1,-1,-1
507,682,1431.502,413.028,159.119,558.641,0.796118,-1,-1,-1
507,686,571.532,454.688,33.363,79.451,0.632624,-1,-1,-1
507,694,535.113,458.429,31.095,79.507,0.567027,-1,-1,-1
507,443,1002.440,444.883,100.802,239.036,0.735759,-1,-1,-1
507,716,1173.924,446.954,38.161,84.767,0.268440,-1,-1,-1
507,718,1097.364,430.122,63.578,165.499,0.693934,-1,-1,-1
507,644,412.687,456.257,48.753,115.489,0.329058,-1,-1,-1
507,747,379.538,463.462,51.811,114.540,0.416693,-1,-1,-1
507,752,632.777,454.751,35.240,87.559,0.482694,-1,-1,-1
507,668,667.972,458.098,31.956,81.764,0.538755,-1,-1,-1
507,757,1074.204,441.998,39.325,126.433,0.568217,-1,-1,-1
507,405,862.786,405.768,82.383,299.809,0.707205,-1,-1,-1
507,764,809.191,464.558,41.012,87.182,0.271599,-1,-1,-1
507,711,1304.450,416.722,45.536,134.174,0.255622,-1,-1,-1
507,758,544.340,452.211,30.560,83.176,0.507845,-1,-1,-1
508,610,1721.750,397.627,198.250,518.836,0.880299,-1,-1,-1
508,4,1520.139,368.668,288.912,711.332,0.855445,-1,-1,-1
508,648,1306.034,412.313,205.872,642.514,0.895260,-1,-1,-1
508,488,909.714,443.891,120.943,286.434,0.848724,-1,-1,-1
508,520,709.916,430.654,104.345,270.563,0.819409,-1,-1,-1
508,671,124.961,482.453,148.196,241.326,0.743832,-1,-1,-1
508,682,1438.109,414.484,156.886,560.860,0.788366,-1,-1,-1
508,686,570.862,453.910,33.904,80.669,0.661201,-1,-1,-1
508,694,536.692,455.176,32.218,81.984,0.617193,-1,-1,-1
508,443,1008.316,441.311,99.941,242.039,0.745687,-1,-1,-1
508,716,1172.130,446.784,38.981,84.864,0.276005,-1,-1,-1
508,718,1096.220,431.119,63.815,164.911,0.529380,-1,-1,-1
508,644,412.773,456.049,48.740,115.648,0.371604,-1,-1,-1
508,747,378.988,464.150,52.127,115.870,0.480152,-1,-1,-1
508,752,633.034,455.544,34.972,87.254,0.502747,-1,-1,-1
508,668,667.736,458.131,32.136,82.041,0.571426,-1,-1,-1
508,405,866.143,404.488,81.644,299.595,0.669322,-1,-1,-1
508,764,811.106,465.368,40.334,86.100,0.392466,-1,-1,-1
508,711,1304.174,419.332,44.101,129.424,0.385869,-1,-1,-1
509,610,1728.670,396.910,191.330,518.190,0.886509,-1,-1,-1
509,4,1522.663,369.597,286.990,710.403,0.836073,-1,-1,-1
509,648,1320.231,412.727,209.033,646.883,0.893971,-1,-1,-1
509,488,914.889,443.797,124.365,287.012,0.862007,-1,-1,-1
509,520,716.673,429.875,106.181,271.588,0.851412,-1,-1,-1
509,671,114.134,481.461,144.122,237.607,0.673911,-1,-1,-1
509,682,1445.523,417.783,154.384,561.033,0.767771,-1,-1,-1
509,686,570.641,454.367,33.810,80.377,0.666034,-1,-1,-1
509,694,538.513,454.002,32.395,82.155,0.647815,-1,-1,-1
509,443,1015.683,446.611,95.829,236.617,0.757363,-1,-1,-1
509,716,1171.902,447.005,39.375,84.449,0.292120,-1,-1,-1
509,718,1096.960,431.913,63.479,163.381,0.621108,-1,-1,-1
509,644,413.876,457.196,48.549,114.590,0.329357,-1,-1,-1
509,747,379.038,464.144,50.914,113.512,0.378249,-1,-1,-1
509,752,633.709,457.905,34.055,85.706,0.446219,-1,-1,-1
509,668,667.243,458.793,31.950,81.697,0.548763,-1,-1,-1
509,405,868.101,402.987,82.470,303.754,0.672307,-1,-1,-1
509,764,810.442,466.151,40.150,85.908,0.409822,-1,-1,-1
509,712,698.272,445.213,41.898,130.657,0.557149,-1,-1,-1
510,610,1739.245,394.511,180.755,517.820,0.879112,-1,-1,-1
510,4,1527.709,370.623,285.747,709.377,0.857311,-1,-1,-1
510,648,1329.314,413.646,212.881,648.204,0.892900,-1,-1,-1
510,488,915.223,442.998,127.915,288.516,0.884933,-1,-1,-1
510,520,720.488,430.288,107.742,270.903,0.865215,-1,-1,-1
510,671,102.965,480.584,145.424,241.833,0.538417,-1,-1,-1
510,682,1452.176,417.554,152.140,563.107,0.716626,-1,-1,-1
510,686,570.897,455.021,33.396,79.430,0.649125,-1,-1,-1
510,694,538.155,454.491,32.219,81.613,0.589947,-1,-1,-1
510,443,1022.793,448.032,92.735,232.431,0.786824,-1,-1,-1
510,718,1098.246,435.494,62.395,160.105,0.507188,-1,-1,-1
510,644,412.864,456.159,49.412,117.250,0.414653,-1,-1,-1
510,747,379.033,463.359,51.686,115.926,0.452766,-1,-1,-1
510,752,635.449,457.950,33.934,86.390,0.457080,-1,-1,-1
510,668,666.279,458.398,31.998,82.360,0.543284,-1,-1,-1
510,405,870.640,402.551,82.544,302.794,0.718450,-1,-1,-1
510,764,811.844,466.601,40.073,86.244,0.500655,-1,-1,-1
510,712,699.943,446.987,42.758,132.898,0.577883,-1,-1,-1
511,610,1748.983,393.875,171.017,518.322,0.875259,-1,-1,-1
511,4,1535.756,369.366,286.678,710.634,0.806618,-1,-1,-1
511,648,1331.755,414.966,217.353,651.025,0.886837,-1,-1,-1
511,488,915.264,442.459,130.659,288.447,0.914581,-1,-1,-1
511,520,722.570,431.448,109.005,269.981,0.872756,-1,-1,-1
511,671,89.999,480.652,146.847,246.642,0.572104,-1,-1,-1
511,682,1457.851,419.994,148.860,560.142,0.701932,-1,-1,-1
511,686,570.965,454.647,33.436,79.465,0.660304,-1,-1,-1
511,694,538.493,454.006,32.212,81.633,0.570162,-1,-1,-1
511,443,1027.228,445.232,91.914,233.761,0.754846,-1,-1,-1
511,718,1097.627,433.178,63.290,162.511,0.527308,-1,-1,-1
511,644,412.645,455.867,49.105,117.308,0.463460,-1,-1,-1
511,747,379.012,463.135,51.257,115.570,0.447563,-1,-1,-1
511,752,635.959,458.208,33.743,86.657,0.511188,-1,-1,-1
511,668,666.566,459.170,32.013,82.752,0.544851,-1,-1,-1
511,405,872.964,403.356,82.835,301.576,0.708758,-1,-1,-1
511,764,813.095,470.492,38.348,82.882,0.381153,-1,-1,-1
511,712,698.737,448.339,42.963,131.566,0.541609,-1,-1,-1
512,610,1756.029,391.699,163.971,518.024,0.852922,-1,-1,-1
512,4,1544.345,368.635,287.417,711.365,0.768197,-1,-1,-1
512,648,1330.555,415.655,221.560,654.267,0.904221,-1,-1,-1
512,488,914.242,441.395,134.104,290.266,0.910677,-1,-1,-1
512,520,724.710,432.141,111.082,271.214,0.864452,-1,-1,-1
512,671,72.355,481.350,148.344,250.993,0.667327,-1,-1,-1
512,682,1462.869,424.988,144.731,551.826,0.669780,-1,-1,-1
512,686,570.891,455.076,33.539,79.765,0.703882,-1,-1,-1
512,694,538.181,454.801,32.193,81.500,0.607791,-1,-1,-1
512,443,1031.814,443.393,90.720,232.397,0.809717,-1,-1,-1
512,718,1097.161,432.864,63.811,162.997,0.670278,-1,-1,-1
512,644,414.286,461.923,45.656,109.738,0.318192,-1,-1,-1
512,752,636.454,458.234,33.486,86.687,0.441938,-1,-1,-1
512,668,666.843,458.975,31.833,82.609,0.560382,-1,-1,-1
512,405,875.259,405.163,82.473,297.850,0.674478,-1,-1,-1
512,764,812.889,468.472,39.049,84.691,0.365287,-1,-1,-1
512,712,694.382,450.119,42.788,130.113,0.695313,-1,-1,-1
512,766,1014.741,447.372,39.223,132.395,0.499082,-1,-1,-1
513,610,1766.576,390.588,153.424,516.726,0.830354,-1,-1,-1
513,4,1544.904,368.092,286.453,711.908,0.732632,-1,-1,-1
513,648,1331.401,414.651,226.241,658.457,0.897764,-1,-1,-1
513,488,913.204,439.761,137.502,292.367,0.902831,-1,-1,-1
513,520,724.346,435.077,111.709,269.553,0.862369,-1,-1,-1
513,671,60.772,479.453,150.275,255.567,0.596742,-1,-1,-1
513,682,1470.186,417.927,141.222,546.909,0.727960,-1,-1,-1
513,686,570.563,454.809,33.683,80.159,0.682771,-1,-1,-1
513,694,538.152,454.348,32.302,81.816,0.553718,-1,-1,-1
513,443,1038.540,443.469,92.296,234.916,0.778742,-1,-1,-1
513,718,1098.405,433.504,63.755,163.381,0.679376,-1,-1,-1
513,644,415.109,463.422,44.487,107.522,0.322688,-1,-1,-1
513,752,636.868,458.259,33.708,87.390,0.535053,-1,-1,-1
513,668,666.639,458.877,31.672,82.605,0.638442,-1,-1,-1
513,405,878.252,408.378,84.298,297.040,0.607256,-1,-1,-1
513,712,691.670,450.427,42.436,128.780,0.795092,-1,-1,-1
513,766,1015.362,447.084,38.560,130.105,0.299650,-1,-1,-1
513,716,1168.536,448.753,38.928,82.642,0.252590,-1,-1,-1
513,747,378.137,464.069,49.505,112.240,0.258816,-1,-1,-1
514,610,1773.349,390.149,146.651,520.963,0.825099,-1,-1,-1
514,4,1540.741,368.085,282.662,711.915,0.748104,-1,-1,-1
514,648,1331.818,416.025,229.657,658.730,0.887812,-1,-1,-1
514,488,912.694,440.839,139.505,291.473,0.890659,-1,-1,-1
514,520,724.272,433.558,113.012,270.267,0.861554,-1,-1,-1
514,671,57.624,481.684,153.990,258.029,0.487100,-1,-1,-1
514,682,1477.418,416.771,139.842,546.642,0.725061,-1,-1,-1
514,686,570.628,453.911,34.012,80.892,0.690584,-1,-1,-1
514,443,1042.811,442.214,94.816,237.792,0.789051,-1,-1,-1
514,718,1098.994,434.345,63.154,163.090,0.599314,-1,-1,-1
514,644,414.970,463.666,44.020,106.892,0.355437,-1,-1,-1
514,752,636.384,456.433,34.727,90.302,0.537558,-1,-1,-1
514,668,666.248,458.618,31.525,82.646,0.633082,-1,-1,-1
514,405,876.682,409.131,83.647,292.963,0.627106,-1,-1,-1
514,712,690.196,450.003,42.610,128.552,0.783309,-1,-1,-1
514,716,1170.156,448.837,38.861,81.987,0.251679,-1,-1,-1
514,747,378.216,464.236,48.965,111.648,0.273874,-1,-1,-1
514,758,543.422,450.807,31.128,84.331,0.599709,-1,-1,-1
515,610,1780.859,388.176,139.141,525.273,0.784252,-1,-1,-1
515,4,1550.119,370.395,280.840,709.605,0.738802,-1,-1,-1
515,648,1331.537,416.982,232.035,658.158,0.894103,-1,-1,-1
515,488,912.696,438.789,142.305,293.190,0.878531,-1,-1,-1
515,520,726.274,435.551,113.129,269.458,0.823685,-1,-1,-1
515,671,37.412,483.531,153.929,256.195,0.515468,-1,-1,-1
515,682,1481.005,411.366,141.052,555.442,0.701076,-1,-1,-1
515,686,571.007,453.825,33.985,80.830,0.676942,-1,-1,-1
515,443,1044.638,440.441,98.188,242.932,0.809852,-1,-1,-1
515,718,1100.705,434.564,62.685,163.215,0.536891,-1,-1,-1
515,644,415.075,463.636,43.814,106.843,0.365232,-1,-1,-1
515,752,636.063,455.513,35.259,91.942,0.621612,-1,-1,-1
515,668,666.313,458.512,31.312,82.687,0.613617,-1,-1,-1
515,405,876.342,408.242,84.320,292.775,0.667143,-1,-1,-1
515,712,688.488,449.860,42.923,128.837,0.745112,-1,-1,-1
515,716,1171.273,448.698,39.188,82.181,0.265848,-1,-1,-1
515,747,378.284,464.065,49.189,112.102,0.313533,-1,-1,-1
515,758,542.221,450.473,31.223,84.160,0.566100,-1,-1,-1
516,610,1789.215,388.486,130.785,520.875,0.775906,-1,-1,-1
516,4,1567.582,371.683,282.086,707.783,0.805651,-1,-1,-1
516,648,1331.387,417.717,233.895,658.047,0.891873,-1,-1,-1
516,488,913.693,439.481,143.044,290.825,0.868535,-1,-1,-1
516,520,728.412,435.591,111.397,265.016,0.837030,-1,-1,-1
516,671,25.838,483.724,158.922,259.503,0.694349,-1,-1,-1
516,682,1488.320,422.215,138.343,545.806,0.750186,-1,-1,-1
516,686,570.733,452.940,34.680,82.451,0.689551,-1,-1,-1
516,443,1046.505,440.127,99.970,245.115,0.804236,-1,-1,-1
516,718,1100.357,435.772,60.576,158.944,0.634168,-1,-1,-1
516,644,414.882,462.485,44.152,108.152,0.339777,-1,-1,-1
516,752,637.444,454.038,35.987,93.897,0.546035,-1,-1,-1
516,668,666.612,458.627,31.163,83.013,0.564865,-1,-1,-1
516,405,879.087,406.442,85.267,294.956,0.693232,-1,-1,-1
516,712,687.300,448.821,43.330,129.540,0.762156,-1,-1,-1
516,716,1173.398,449.204,38.773,81.461,0.322354,-1,-1,-1
516,747,378.614,463.158,50.129,114.263,0.368248,-1,-1,-1
516,758,541.727,448.788,31.853,85.465,0.577610,-1,-1,-1
517,610,1797.294,389.072,122.706,517.209,0.794561,-1,-1,-1
517,4,1560.805,372.658,275.185,701.780,0.730381,-1,-1,-1
517,648,1331.597,417.099,235.562,659.107,0.887687,-1,-1,-1
517,488,914.731,439.472,144.359,290.805,0.877067,-1,-1,-1
517,520,731.136,435.697,110.221,262.193,0.831614,-1,-1,-1
517,671,10.417,485.649,160.519,262.188,0.592588,-1,-1,-1
517,682,1493.599,424.352,137.284,540.893,0.734900,-1,-1,-1
517,686,570.616,453.291,34.639,82.272,0.692237,-1,-1,-1
517,443,1046.942,438.008,101.030,244.652,0.813381,-1,-1,-1
517,718,1101.066,435.568,60.067,158.753,0.660022,-1,-1,-1
517,644,415.246,461.353,44.817,110.099,0.400687,-1,-1,-1
517,752,639.242,453.309,35.981,94.330,0.556753,-1,-1,-1
517,668,666.300,458.170,31.113,83.589,0.494965,-1,-1,-1
517,405,879.362,406.256,86.301,296.298,0.678071,-1,-1,-1
517,712,685.329,449.510,43.584,130.265,0.738696,-1,-1,-1
517,716,1173.758,448.918,38.959,81.329,0.331541,-1,-1,-1
517,747,378.682,463.129,50.225,114.606,0.365152,-1,-1,-1
517,758,541.624,448.948,31.679,84.892,0.576405,-1,-1,-1
518,610,1806.495,395.704,113.505,499.910,0.775787,-1,-1,-1
518,4,1563.109,375.623,270.052,698.804,0.811568,-1,-1,-1
518,648,1332.679,416.685,237.224,659.536,0.891267,-1,-1,-1
518,488,917.168,441.832,143.861,288.353,0.861811,-1,-1,-1
518,520,735.915,433.570,110.484,263.974,0.817240,-1,-1,-1
518,671,1.815,488.540,161.990,263.207,0.661522,-1,-1,-1
518,682,1502.258,424.407,137.791,543.031,0.691231,-1,-1,-1
518,686,571.038,452.584,34.619,82.309,0.659859,-1,-1,-1
518,443,1048.107,437.088,102.383,245.689,0.827196,-1,-1,-1
518,718,1102.742,434.418,60.582,161.591,0.625599,-1,-1,-1
518,644,415.162,461.336,44.949,110.936,0.375541,-1,-1,-1
518,752,640.590,453.046,35.994,94.758,0.512392,-1,-1,-1
518,668,666.689,457.820,30.779,83.655,0.390462,-1,-1,-1
518,405,878.761,409.718,87.886,295.924,0.666523,-1,-1,-1
518,712,684.020,449.570,43.708,130.593,0.759210,-1,-1,-1
518,716,1173.787,448.451,39.126,81.492,0.281934,-1,-1,-1
518,747,378.833,462.834,50.704,115.835,0.345362,-1,-1,-1
518,769,718.256,450.085,31.183,92.707,0.541598,-1,-1,-1
519,610,1816.914,406.411,103.086,477.922,0.695032,-1,-1,-1
519,4,1570.080,377.618,267.966,699.997,0.730223,-1,-1,-1
519,648,1333.751,416.406,239.484,660.659,0.895751,-1,-1,-1
519,488,920.102,444.198,142.474,284.041,0.811654,-1,-1,-1
519,520,739.569,430.709,111.325,267.157,0.809863,-1,-1,-1
519,671,0.000,484.651,166.830,271.543,0.593360,-1,-1,-1
519,682,1510.045,419.842,140.582,549.991,0.697447,-1,-1,-1
519,686,571.749,453.851,33.792,80.258,0.639042,-1,-1,-1
519,443,1047.809,434.766,103.945,247.204,0.836292,-1,-1,-1
519,718,1104.529,434.512,60.110,161.619,0.527219,-1,-1,-1
519,644,415.098,461.680,44.690,110.823,0.346006,-1,-1,-1
519,752,641.133,452.524,36.335,96.292,0.497758,-1,-1,-1
519,668,667.938,457.821,29.425,80.619,0.356300,-1,-1,-1
519,405,878.098,410.309,87.527,291.509,0.696017,-1,-1,-1
519,712,683.211,449.785,43.631,129.682,0.770023,-1,-1,-1
519,716,1173.409,448.392,39.274,81.511,0.269484,-1,-1,-1
519,747,378.944,463.223,50.461,115.464,0.279989,-1,-1,-1
519,769,718.096,451.504,30.460,90.510,0.581315,-1,-1,-1
519,694,539.978,451.446,32.708,83.387,0.586645,-1,-1,-1
520,610,1829.124,402.845,90.876,465.225,0.669434,-1,-1,-1
520,4,1592.954,379.805,272.461,699.353,0.722874,-1,-1,-1
520,648,1336.838,413.961,242.813,663.646,0.896312,-1,-1,-1
520,488,927.077,442.066,142.646,284.306,0.851833,-1,-1,-1
520,520,744.236,429.930,110.994,265.943,0.829883,-1,-1,-1
520,671,0.000,478.181,173.703,287.675,0.741875,-1,-1,-1
520,682,1518.056,419.432,140.732,549.240,0.679660,-1,-1,-1
520,686,572.065,454.157,33.522,79.515,0.655961,-1,-1,-1
520,443,1047.910,438.884,103.321,242.867,0.832718,-1,-1,-1
520,718,1108.319,438.031,58.394,158.002,0.405588,-1,-1,-1
520,644,415.566,462.719,44.164,109.984,0.294368,-1,-1,-1
520,752,642.442,451.132,36.145,96.741,0.474728,-1,-1,-1
520,405,878.216,409.654,88.041,291.113,0.754663,-1,-1,-1
520,712,681.836,448.310,44.295,130.029,0.760009,-1,-1,-1
520,716,1173.742,448.274,39.533,81.854,0.286404,-1,-1,-1
520,747,379.425,463.299,50.472,115.844,0.267241,-1,-1,-1
520,769,716.434,450.696,32.025,95.015,0.512945,-1,-1,-1
520,694,540.582,452.170,32.110,82.231,0.589787,-1,-1,-1
521,4,1604.733,382.627,277.816,697.116,0.806377,-1,-1,-1
521,648,1340.455,412.138,245.882,666.126,0.896711,-1,-1,-1
521,488,928.489,438.358,144.572,288.200,0.833562,-1,-1,-1
521,520,748.134,430.369,109.637,263.971,0.796625,-1,-1,-1
521,671,0.000,477.496,157.587,290.824,0.601470,-1,-1,-1
521,682,1524.990,418.895,142.985,552.823,0.585684,-1,-1,-1
521,686,572.980,454.240,33.555,79.550,0.665354,-1,-1,-1
521,443,1047.524,437.216,105.097,245.684,0.833278,-1,-1,-1
521,644,413.980,458.568,45.965,114.971,0.324804,-1,-1,-1
521,752,644.635,452.890,34.923,94.020,0.357127,-1,-1,-1
521,405,879.423,408.287,90.628,295.476,0.788575,-1,-1,-1
521,712,680.796,450.502,43.584,126.339,0.737545,-1,-1,-1
521,716,1173.267,448.722,39.716,82.248,0.291511,-1,-1,-1
521,747,379.151,463.047,50.407,116.032,0.308875,-1,-1,-1
521,769,716.320,450.568,32.235,95.337,0.568592,-1,-1,-1
521,694,540.545,453.468,31.432,80.791,0.604462,-1,-1,-1
522,4,1605.613,377.468,285.772,702.491,0.896604,-1,-1,-1
522,648,1343.691,410.120,249.232,669.560,0.894266,-1,-1,-1
522,488,933.192,440.396,142.648,283.694,0.779309,-1,-1,-1
522,520,750.872,429.893,107.824,261.368,0.812574,-1,-1,-1
522,671,0.000,480.261,151.761,291.808,0.448914,-1,-1,-1
522,682,1527.535,418.982,145.440,552.711,0.571643,-1,-1,-1
522,686,573.330,453.775,33.681,79.717,0.666574,-1,-1,-1
522,443,1048.802,436.718,105.508,245.694,0.838610,-1,-1,-1
522,644,414.537,460.343,44.810,112.546,0.339171,-1,-1,-1
522,752,646.309,452.825,35.165,94.596,0.381485,-1,-1,-1
522,405,879.624,407.760,92.240,296.573,0.788727,-1,-1,-1
522,712,678.841,449.739,44.631,127.612,0.772727,-1,-1,-1
522,716,1172.998,448.703,40.099,82.842,0.280525,-1,-1,-1
522,747,379.309,462.892,50.180,115.961,0.315814,-1,-1,-1
522,769,715.309,449.940,33.250,98.025,0.700077,-1,-1,-1
522,694,540.688,454.986,30.802,79.200,0.580099,-1,-1,-1
523,4,1603.329,374.430,292.237,705.570,0.881489,-1,-1,-1
523,648,1348.998,408.065,251.994,671.935,0.884337,-1,-1,-1
523,488,940.911,439.987,142.246,284.440,0.807696,-1,-1,-1
523,520,753.868,430.888,106.840,261.110,0.819642,-1,-1,-1
523,671,0.000,494.448,143.349,274.433,0.571432,-1,-1,-1
523,682,1526.910,418.883,150.237,557.840,0.609455,-1,-1,-1
523,686,573.470,453.271,34.131,80.741,0.671997,-1,-1,-1
523,443,1050.175,438.976,105.134,244.104,0.837309,-1,-1,-1
523,644,414.083,459.427,45.240,113.860,0.442599,-1,-1,-1
523,752,647.857,455.051,34.510,92.265,0.351876,-1,-1,-1
523,405,879.999,407.176,94.239,300.596,0.770450,-1,-1,-1
523,712,677.661,450.365,44.954,126.598,0.778295,-1,-1,-1
523,747,379.364,462.909,49.855,115.573,0.382781,-1,-1,-1
523,769,714.592,450.090,33.938,99.517,0.683513,-1,-1,-1
523,694,540.996,454.710,30.784,79.341,0.653083,-1,-1,-1
524,4,1603.988,373.994,296.484,706.006,0.838278,-1,-1,-1
524,648,1356.618,407.276,252.420,671.765,0.886253,-1,-1,-1
524,488,951.836,436.448,143.153,290.008,0.787755,-1,-1,-1
524,520,755.252,428.278,108.082,266.281,0.808843,-1,-1,-1
524,671,0.000,494.782,141.502,279.053,0.439309,-1,-1,-1
524,682,1532.361,416.935,157.345,572.761,0.670993,-1,-1,-1
524,686,573.056,452.129,34.931,82.414,0.659000,-1,-1,-1
524,443,1053.436,438.973,105.384,243.997,0.866486,-1,-1,-1
524,644,413.276,458.571,45.634,115.288,0.452286,-1,-1,-1
524,752,649.401,453.321,34.710,92.698,0.347835,-1,-1,-1
524,405,881.327,406.709,96.447,304.320,0.749364,-1,-1,-1
524,712,675.970,449.655,45.648,127.019,0.761100,-1,-1,-1
524,747,379.274,462.694,49.555,115.236,0.338167,-1,-1,-1
524,769,715.019,449.358,34.059,98.895,0.712694,-1,-1,-1
524,694,540.921,454.704,31.054,80.242,0.673608,-1,-1,-1
525,4,1603.094,371.937,300.942,708.063,0.866537,-1,-1,-1
525,648,1368.384,405.393,250.953,671.734,0.879768,-1,-1,-1
525,488,957.980,438.274,139.544,288.291,0.748370,-1,-1,-1
525,520,759.709,427.448,107.866,268.128,0.793025,-1,-1,-1
525,671,0.000,506.346,130.188,273.784,0.524934,-1,-1,-1
525,682,1534.535,415.170,163.698,584.999,0.707069,-1,-1,-1
525,686,573.257,451.209,35.251,82.926,0.677465,-1,-1,-1
525,443,1055.010,438.560,105.951,245.429,0.835366,-1,-1,-1
525,644,412.585,456.216,46.789,118.824,0.458983,-1,-1,-1
525,752,650.716,454.850,34.365,92.121,0.261693,-1,-1,-1
525,405,885.106,405.318,98.234,308.357,0.736356,-1,-1,-1
525,712,674.104,451.093,45.655,125.055,0.770665,-1,-1,-1
525,747,379.774,462.295,49.222,115.047,0.406409,-1,-1,-1
525,769,714.880,449.581,33.650,96.748,0.722926,-1,-1,-1
525,694,539.893,454.299,31.896,83.000,0.701816,-1,-1,-1
526,4,1600.963,369.236,305.080,710.764,0.799918,-1,-1,-1
526,648,1382.977,408.180,246.943,668.215,0.887471,-1,-1,-1
526,488,968.009,439.782,135.019,287.067,0.745902,-1,-1,-1
526,520,765.113,428.079,106.424,266.660,0.793164,-1,-1,-1
526,671,0.000,505.247,128.655,285.335,0.324513,-1,-1,-1
526,682,1532.454,415.345,170.959,598.255,0.730025,-1,-1,-1
526,686,572.982,451.102,35.516,83.362,0.688252,-1,-1,-1
526,443,1059.914,436.777,105.574,246.426,0.784193,-1,-1,-1
526,644,412.493,455.266,47.179,120.338,0.461968,-1,-1,-1
526,405,890.242,404.499,98.161,310.187,0.744731,-1,-1,-1
526,712,672.667,451.513,46.254,124.424,0.777805,-1,-1,-1
526,747,379.964,462.073,49.110,115.271,0.425027,-1,-1,-1
526,769,715.237,449.259,33.831,96.404,0.766173,-1,-1,-1
526,694,539.359,454.107,32.144,84.170,0.694502,-1,-1,-1
527,4,1598.755,368.650,308.386,711.350,0.657780,-1,-1,-1
527,648,1398.669,409.698,242.480,667.422,0.879789,-1,-1,-1
527,488,973.625,438.459,131.749,288.509,0.740165,-1,-1,-1
527,520,775.453,429.116,105.702,264.652,0.788410,-1,-1,-1
527,682,1540.180,413.267,177.636,610.671,0.731620,-1,-1,-1
527,686,572.761,451.138,35.619,83.498,0.676443,-1,-1,-1
527,443,1068.228,435.943,106.317,245.725,0.752141,-1,-1,-1
527,644,412.527,455.099,47.181,120.781,0.444259,-1,-1,-1
527,405,895.994,406.376,97.011,308.898,0.817993,-1,-1,-1
527,712,669.877,451.353,47.312,124.593,0.738950,-1,-1,-1
527,747,380.113,462.027,48.966,115.394,0.406264,-1,-1,-1
527,769,715.595,448.930,33.633,95.020,0.755800,-1,-1,-1
527,694,539.255,454.199,32.034,84.444,0.693691,-1,-1,-1
528,4,1603.302,369.244,309.593,710.756,0.711862,-1,-1,-1
528,648,1412.365,409.087,239.056,668.243,0.897998,-1,-1,-1
528,488,974.368,445.904,125.098,280.762,0.681700,-1,-1,-1
528,520,781.636,432.913,105.080,260.505,0.801735,-1,-1,-1
528,682,1546.471,410.062,182.559,616.542,0.794825,-1,-1,-1
528,686,573.310,451.606,35.939,84.614,0.686413,-1,-1,-1
528,443,1076.888,439.290,103.814,240.478,0.782177,-1,-1,-1
528,644,412.856,455.172,47.082,120.501,0.403154,-1,-1,-1
528,405,901.567,406.430,96.349,309.193,0.811268,-1,-1,-1
528,712,667.695,450.783,47.719,124.326,0.735695,-1,-1,-1
528,747,380.863,463.140,47.800,113.241,0.326534,-1,-1,-1
528,769,716.068,449.353,33.546,93.960,0.707441,-1,-1,-1
528,694,539.906,453.539,32.176,84.882,0.714109,-1,-1,-1
528,716,1172.264,448.719,40.109,82.973,0.253386,-1,-1,-1
529,4,1606.605,371.391,309.654,708.609,0.495907,-1,-1,-1
529,648,1422.241,409.417,235.038,667.254,0.897862,-1,-1,-1
529,488,982.262,444.817,123.022,283.182,0.673875,-1,-1,-1
529,520,787.268,432.897,107.302,260.107,0.807245,-1,-1,-1
529,682,1561.685,414.503,177.578,599.790,0.728262,-1,-1,-1
529,686,573.553,451.830,35.944,84.879,0.713576,-1,-1,-1
529,443,1081.121,440.828,102.009,237.402,0.720211,-1,-1,-1
529,644,412.966,455.564,46.917,120.156,0.478495,-1,-1,-1
529,405,907.472,407.141,95.372,308.700,0.775693,-1,-1,-1
529,712,667.760,452.461,48.200,123.230,0.755587,-1,-1,-1
529,747,380.869,464.035,47.103,112.125,0.296541,-1,-1,-1
529,769,716.293,449.876,33.769,94.196,0.704120,-1,-1,-1
529,694,540.359,453.545,32.003,84.373,0.686398,-1,-1,-1
529,716,1171.636,448.909,40.498,84.375,0.319720,-1,-1,-1
530,4,1661.349,364.261,258.651,626.873,0.789343,-1,-1,-1
530,648,1428.031,405.591,233.709,673.452,0.911035,-1,-1,-1
530,488,989.001,440.613,124.081,287.124,0.764821,-1,-1,-1
530,520,791.048,433.375,108.230,257.955,0.862413,-1,-1,-1
530,682,1574.455,413.763,178.302,603.086,0.790758,-1,-1,-1
530,686,572.258,450.840,36.604,86.199,0.709082,-1,-1,-1
530,443,1086.146,441.190,100.745,236.037,0.752740,-1,-1,-1
530,644,413.840,455.180,46.319,118.371,0.538880,-1,-1,-1
530,405,911.625,405.082,95.651,311.242,0.764116,-1,-1,-1
530,712,664.826,451.562,49.252,124.226,0.791289,-1,-1,-1
530,747,380.319,463.739,47.869,113.898,0.473703,-1,-1,-1
530,769,715.914,449.611,34.310,95.252,0.696229,-1,-1,-1
530,694,540.266,452.677,32.245,85.151,0.674154,-1,-1,-1
531,4,1670.330,360.582,249.670,643.955,0.621296,-1,-1,-1
531,648,1433.385,403.935,232.079,675.982,0.903502,-1,-1,-1
531,488,994.641,442.002,123.216,284.966,0.793704,-1,-1,-1
531,520,793.921,434.586,109.159,255.995,0.845069,-1,-1,-1
531,682,1575.947,416.921,180.127,607.949,0.796991,-1,-1,-1
531,686,571.514,451.352,36.386,85.714,0.676884,-1,-1,-1
531,443,1085.904,440.530,99.752,237.328,0.777552,-1,-1,-1
531,644,413.661,455.018,46.398,118.387,0.508137,-1,-1,-1
531,405,912.127,407.138,94.048,309.042,0.771379,-1,-1,-1
531,712,663.559,451.204,49.268,123.531,0.800153,-1,-1,-1
531,747,379.431,464.113,48.459,115.440,0.465919,-1,-1,-1
531,769,715.000,450.097,34.343,95.355,0.663261,-1,-1,-1
531,694,540.500,452.941,31.810,84.221,0.652321,-1,-1,-1
532,4,1664.302,363.541,255.698,684.032,0.762909,-1,-1,-1
532,648,1443.607,407.066,230.148,672.934,0.867965,-1,-1,-1
532,488,1001.162,444.277,122.128,282.125,0.852856,-1,-1,-1
532,520,796.723,433.834,111.133,255.299,0.824694,-1,-1,-1
532,682,1572.387,417.137,185.801,611.927,0.783492,-1,-1,-1
532,686,571.654,449.650,37.472,87.990,0.700049,-1,-1,-1
532,443,1085.447,438.783,99.098,240.297,0.767728,-1,-1,-1
532,644,414.155,456.208,45.807,116.824,0.465420,-1,-1,-1
532,405,914.782,408.158,92.677,305.757,0.782799,-1,-1,-1
532,712,661.664,450.259,49.354,123.685,0.806609,-1,-1,-1
532,747,379.367,464.123,47.733,113.752,0.426801,-1,-1,-1
532,769,713.699,450.441,34.743,96.393,0.715097,-1,-1,-1
532,694,540.669,453.816,31.497,83.535,0.693551,-1,-1,-1
533,4,1681.949,362.379,238.051,678.181,0.816708,-1,-1,-1
533,648,1452.028,409.276,229.919,670.724,0.873945,-1,-1,-1
533,488,1004.661,445.497,122.361,280.169,0.864596,-1,-1,-1
533,520,797.122,434.362,112.609,256.360,0.839736,-1,-1,-1
533,682,1574.197,415.291,189.839,611.582,0.738438,-1,-1,-1
533,686,573.172,449.471,37.442,88.136,0.699780,-1,-1,-1
533,443,1088.048,439.494,96.780,238.716,0.772438,-1,-1,-1
533,644,414.026,456.426,45.769,116.797,0.463657,-1,-1,-1
533,405,917.226,409.359,91.988,301.833,0.786345,-1,-1,-1
533,712,660.194,449.995,49.248,123.688,0.799638,-1,-1,-1
533,747,379.100,463.858,47.828,113.932,0.430510,-1,-1,-1
533,769,713.449,451.490,34.563,95.874,0.711678,-1,-1,-1
533,694,541.047,453.735,31.215,82.909,0.672568,-1,-1,-1
534,4,1696.670,366.624,223.330,660.139,0.862645,-1,-1,-1
534,648,1454.606,410.148,229.866,669.852,0.891028,-1,-1,-1
534,488,1005.666,443.132,125.309,284.143,0.808020,-1,-1,-1
534,520,799.999,433.656,113.932,257.085,0.848377,-1,-1,-1
534,682,1582.899,414.130,193.253,617.335,0.689317,-1,-1,-1
534,686,574.098,449.543,37.415,88.357,0.649568,-1,-1,-1
534,443,1089.608,440.923,94.954,238.003,0.739893,-1,-1,-1
534,644,413.432,454.511,46.463,118.795,0.449808,-1,-1,-1
534,405,919.294,409.604,93.518,303.032,0.823217,-1,-1,-1
534,712,658.749,449.417,49.493,124.676,0.783346,-1,-1,-1
534,747,379.367,463.360,48.481,115.300,0.503774,-1,-1,-1
534,769,714.348,452.252,34.231,95.230,0.661880,-1,-1,-1
534,694,541.358,454.565,30.865,82.189,0.651324,-1,-1,-1
534,786,699.818,454.731,24.899,79.195,0.362316,-1,-1,-1
535,4,1701.785,375.236,218.215,675.494,0.860940,-1,-1,-1
535,648,1456.818,411.720,230.134,667.867,0.881093,-1,-1,-1
535,488,1007.104,442.866,127.363,285.632,0.838433,-1,-1,-1
535,520,801.275,433.781,115.392,256.896,0.851525,-1,-1,-1
535,682,1594.542,412.405,196.053,625.230,0.742224,-1,-1,-1
535,686,574.902,450.986,36.874,87.378,0.685681,-1,-1,-1
535,443,1094.779,440.466,94.743,238.953,0.810442,-1,-1,-1
535,644,412.813,453.058,46.959,120.529,0.436692,-1,-1,-1
535,405,921.517,412.083,94.743,300.572,0.845702,-1,-1,-1
535,712,658.584,449.444,48.942,123.973,0.774994,-1,-1,-1
535,747,380.039,463.098,48.235,114.770,0.441357,-1,-1,-1
535,769,714.626,452.225,34.052,94.919,0.682228,-1,-1,-1
535,694,541.650,455.106,30.991,82.555,0.680150,-1,-1,-1
535,786,699.338,455.184,24.834,78.994,0.434818,-1,-1,-1
536,4,1706.617,374.428,213.383,692.203,0.897038,-1,-1,-1
536,648,1457.833,412.942,230.594,666.088,0.870412,-1,-1,-1
536,488,1007.316,441.129,129.513,286.543,0.867510,-1,-1,-1
536,520,803.889,433.992,115.962,255.511,0.857747,-1,-1,-1
536,682,1599.370,413.253,196.016,624.592,0.675150,-1,-1,-1
536,686,575.320,452.063,36.672,86.869,0.732753,-1,-1,-1
536,443,1097.224,439.225,94.194,239.681,0.836146,-1,-1,-1
536,644,414.588,455.594,45.671,117.185,0.526147,-1,-1,-1
536,405,922.234,409.540,96.931,299.232,0.791906,-1,-1,-1
536,712,658.144,449.954,47.955,121.508,0.758618,-1,-1,-1
536,747,380.011,463.369,47.955,114.321,0.516032,-1,-1,-1
536,769,714.033,452.180,33.663,93.968,0.713074,-1,-1,-1
536,694,541.426,456.109,31.102,82.614,0.666030,-1,-1,-1
536,786,697.981,455.904,23.830,75.672,0.412493,-1,-1,-1
537,4,1713.689,371.482,206.311,704.598,0.893873,-1,-1,-1
537,648,1458.584,412.403,232.016,667.372,0.880970,-1,-1,-1
537,488,1007.261,439.918,131.432,287.689,0.887006,-1,-1,-1
537,520,805.225,433.494,117.392,256.755,0.853294,-1,-1,-1
537,682,1602.928,411.636,196.415,625.909,0.732635,-1,-1,-1
537,686,576.276,453.295,36.505,86.412,0.693326,-1,-1,-1
537,443,1098.203,436.713,93.278,241.566,0.795187,-1,-1,-1
537,644,414.881,455.391,45.504,117.073,0.542702,-1,-1,-1
537,405,925.981,409.145,100.199,302.062,0.824118,-1,-1,-1
537,712,658.583,451.389,47.043,119.499,0.748487,-1,-1,-1
537,747,379.922,463.041,47.962,114.626,0.511858,-1,-1,-1
537,769,713.478,452.014,33.741,94.103,0.733024,-1,-1,-1
537,694,541.661,457.707,30.801,81.385,0.653234,-1,-1,-1
537,786,696.651,456.284,23.501,74.448,0.320423,-1,-1,-1
538,4,1720.045,366.652,199.955,712.971,0.881190,-1,-1,-1
538,648,1459.671,409.862,234.160,670.138,0.876700,-1,-1,-1
538,488,1008.865,443.619,130.026,283.284,0.875992,-1,-1,-1
538,520,805.594,433.094,118.344,256.975,0.852546,-1,-1,-1
538,682,1605.027,414.983,194.900,623.854,0.744452,-1,-1,-1
538,686,577.905,454.295,36.263,85.995,0.644136,-1,-1,-1
538,443,1100.707,437.916,91.588,240.359,0.755591,-1,-1,-1
538,644,415.018,456.620,44.766,115.282,0.535701,-1,-1,-1
538,405,927.431,409.504,102.584,302.326,0.834579,-1,-1,-1
538,712,657.667,453.658,46.118,117.138,0.718202,-1,-1,-1
538,747,379.966,463.282,47.797,114.379,0.510594,-1,-1,-1
538,769,713.314,451.894,33.528,93.283,0.743443,-1,-1,-1
538,694,541.335,458.249,30.579,80.687,0.658565,-1,-1,-1
538,786,695.752,458.544,23.180,72.983,0.382014,-1,-1,-1
539,4,1729.552,372.969,190.448,707.031,0.873252,-1,-1,-1
539,648,1461.904,407.572,236.264,672.428,0.877239,-1,-1,-1
539,488,1009.453,442.284,130.749,283.851,0.863723,-1,-1,-1
539,520,807.674,433.445,119.070,256.600,0.852495,-1,-1,-1
539,682,1611.992,418.933,190.820,614.929,0.788686,-1,-1,-1
539,686,578.406,454.445,36.296,86.410,0.659542,-1,-1,-1
539,443,1101.163,435.932,92.360,245.437,0.746110,-1,-1,-1
539,644,415.178,456.308,44.825,115.589,0.535919,-1,-1,-1
539,405,928.528,411.449,104.164,299.700,0.853929,-1,-1,-1
539,712,655.797,454.093,46.009,117.217,0.760963,-1,-1,-1
539,747,379.891,464.085,47.301,113.446,0.496528,-1,-1,-1
539,769,712.710,451.785,33.807,93.783,0.757357,-1,-1,-1
539,694,541.456,458.950,30.350,79.980,0.658644,-1,-1,-1
539,786,693.747,457.900,23.801,74.495,0.446914,-1,-1,-1
540,4,1738.716,378.972,181.284,701.028,0.864129,-1,-1,-1
540,648,1465.714,405.984,238.241,673.419,0.853597,-1,-1,-1
540,488,1010.963,441.202,131.222,284.507,0.853716,-1,-1,-1
540,520,811.246,434.270,118.153,254.826,0.847864,-1,-1,-1
540,682,1619.636,419.010,187.329,607.569,0.780997,-1,-1,-1
540,686,578.592,455.307,35.876,85.593,0.661552,-1,-1,-1
540,443,1102.422,435.109,91.262,245.818,0.719596,-1,-1,-1
540,644,415.156,453.393,46.258,119.136,0.494917,-1,-1,-1
540,405,930.534,412.541,107.600,299.399,0.864094,-1,-1,-1
540,712,653.330,454.668,45.712,117.076,0.758974,-1,-1,-1
540,747,379.288,465.008,46.805,112.104,0.402115,-1,-1,-1
540,769,711.673,451.719,34.070,94.042,0.751049,-1,-1,-1
540,694,541.269,458.694,30.574,80.575,0.681901,-1,-1,-1
540,786,690.125,456.702,24.877,77.708,0.482485,-1,-1,-1
541,4,1746.487,379.772,173.513,700.228,0.859985,-1,-1,-1
541,648,1468.445,403.544,241.224,676.084,0.844387,-1,-1,-1
541,488,1011.107,438.204,133.203,289.115,0.829669,-1,-1,-1
541,520,811.416,433.150,118.262,255.283,0.845343,-1,-1,-1
541,682,1625.162,415.330,188.492,610.370,0.745525,-1,-1,-1
541,686,578.633,454.942,35.998,86.154,0.663444,-1,-1,-1
541,443,1102.651,436.624,90.160,245.554,0.676626,-1,-1,-1
541,644,414.312,452.739,46.788,119.863,0.474920,-1,-1,-1
541,405,932.443,413.251,110.546,298.417,0.857884,-1,-1,-1
541,712,653.020,456.040,44.495,114.027,0.755945,-1,-1,-1
541,747,379.252,465.342,46.816,111.972,0.409135,-1,-1,-1
541,769,710.403,450.824,35.317,97.213,0.755492,-1,-1,-1
541,694,541.221,458.716,30.557,80.603,0.670904,-1,-1,-1
541,786,688.260,455.452,25.597,79.704,0.477994,-1,-1,-1
542,4,1754.467,379.065,165.533,700.935,0.848089,-1,-1,-1
542,648,1475.198,403.511,243.277,675.278,0.837055,-1,-1,-1
542,488,1014.607,435.183,133.556,291.362,0.794218,-1,-1,-1
542,520,815.421,433.652,117.660,254.918,0.784912,-1,-1,-1
542,682,1634.092,413.577,189.270,610.795,0.769572,-1,-1,-1
542,686,578.635,454.724,36.264,86.951,0.648619,-1,-1,-1
542,443,1104.570,438.145,88.988,245.653,0.610424,-1,-1,-1
542,644,413.779,452.496,46.945,120.069,0.502675,-1,-1,-1
542,405,928.500,412.204,113.438,298.958,0.859369,-1,-1,-1
542,712,653.257,456.146,44.464,113.916,0.774163,-1,-1,-1
542,747,378.995,465.027,46.613,111.460,0.365871,-1,-1,-1
542,769,709.932,450.781,35.931,98.775,0.735267,-1,-1,-1
542,694,541.176,457.896,30.801,81.476,0.644379,-1,-1,-1
542,786,687.385,455.558,25.940,80.582,0.450060,-1,-1,-1
543,4,1763.377,381.106,156.623,698.894,0.804952,-1,-1,-1
543,648,1480.628,404.157,244.489,674.307,0.859854,-1,-1,-1
543,488,1016.135,433.885,133.898,293.120,0.737369,-1,-1,-1
543,520,819.599,434.507,116.271,253.503,0.781154,-1,-1,-1
543,682,1640.663,414.312,189.162,608.111,0.792062,-1,-1,-1
543,686,578.912,455.284,35.978,86.264,0.629635,-1,-1,-1
543,443,1106.870,438.438,87.969,246.163,0.642537,-1,-1,-1
543,644,413.944,452.515,47.123,120.121,0.490923,-1,-1,-1
543,405,926.966,412.305,115.186,297.202,0.869788,-1,-1,-1
543,712,653.239,455.858,45.149,115.661,0.783269,-1,-1,-1
543,747,378.760,465.358,46.351,110.820,0.353711,-1,-1,-1
543,769,709.934,451.770,35.656,97.927,0.718594,-1,-1,-1
543,694,541.578,457.574,30.832,81.769,0.618227,-1,-1,-1
543,786,687.512,455.926,25.927,80.371,0.467149,-1,-1,-1
544,4,1771.180,381.154,148.820,698.846,0.742926,-1,-1,-1
544,648,1489.941,404.018,244.618,674.149,0.887648,-1,-1,-1
544,488,1023.065,433.529,132.061,291.811,0.727154,-1,-1,-1
544,520,828.136,432.114,115.167,254.143,0.769815,-1,-1,-1
544,682,1647.109,414.291,188.255,601.612,0.823730,-1,-1,-1
544,686,578.918,454.887,36.132,86.691,0.631128,-1,-1,-1
544,443,1113.176,439.312,85.987,245.875,0.622590,-1,-1,-1
544,644,413.883,452.438,47.145,119.999,0.511156,-1,-1,-1
544,405,927.020,411.480,116.957,297.001,0.851893,-1,-1,-1
544,712,653.107,455.058,45.246,115.893,0.760215,-1,-1,-1
544,747,378.426,465.360,46.766,111.380,0.392711,-1,-1,-1
544,769,710.299,452.235,35.508,97.420,0.727990,-1,-1,-1
544,694,542.888,456.177,31.428,83.344,0.631985,-1,-1,-1
544,786,687.598,456.613,25.823,79.715,0.451912,-1,-1,-1
545,4,1777.590,379.268,142.410,700.732,0.737796,-1,-1,-1
545,648,1505.971,404.508,241.278,669.475,0.840314,-1,-1,-1
545,488,1032.138,433.042,130.167,291.782,0.718203,-1,-1,-1
545,520,835.209,432.738,113.090,253.373,0.826300,-1,-1,-1
545,682,1649.479,411.696,188.966,599.085,0.817874,-1,-1,-1
545,686,579.179,453.781,36.244,87.394,0.609300,-1,-1,-1
545,443,1117.587,443.772,82.768,241.811,0.671930,-1,-1,-1
545,644,412.789,450.578,47.969,122.205,0.545058,-1,-1,-1
545,405,927.953,411.890,118.483,295.973,0.842596,-1,-1,-1
545,712,652.588,455.119,44.940,114.932,0.781736,-1,-1,-1
545,747,378.512,464.800,46.987,111.896,0.269463,-1,-1,-1
545,769,710.543,452.773,35.130,96.234,0.736417,-1,-1,-1
545,694,544.127,453.391,32.577,86.334,0.682783,-1,-1,-1
545,786,689.341,457.772,25.256,77.730,0.452846,-1,-1,-1
545,798,617.980,453.611,25.028,59.436,0.329784,-1,-1,-1
546,4,1782.516,376.142,137.484,703.858,0.702686,-1,-1,-1
546,648,1516.549,404.147,238.667,669.134,0.854298,-1,-1,-1
546,488,1037.820,436.441,126.908,286.943,0.659290,-1,-1,-1
546,520,842.349,430.816,112.691,257.892,0.779303,-1,-1,-1
546,682,1652.000,410.709,190.083,598.854,0.809071,-1,-1,-1
546,686,578.802,451.639,36.541,88.663,0.611679,-1,-1,-1
546,443,1118.882,442.183,81.290,242.336,0.647409,-1,-1,-1
546,644,412.772,450.547,47.936,122.219,0.514695,-1,-1,-1
546,405,930.373,411.198,119.442,295.704,0.829771,-1,-1,-1
546,712,652.106,455.222,44.456,113.872,0.762811,-1,-1,-1
546,747,378.770,464.505,47.061,112.016,0.269027,-1,-1,-1
546,769,710.660,452.581,35.297,96.698,0.724252,-1,-1,-1
546,694,544.745,451.919,33.188,87.692,0.694086,-1,-1,-1
546,786,689.233,457.172,25.527,77.996,0.504015,-1,-1,-1
546,798,618.413,454.027,25.085,59.556,0.306806,-1,-1,-1
547,4,1785.824,373.759,134.176,706.241,0.620031,-1,-1,-1
547,648,1525.694,404.413,235.907,670.176,0.858924,-1,-1,-1
547,488,1036.135,433.622,128.679,291.637,0.641327,-1,-1,-1
547,520,847.112,431.469,110.085,256.406,0.778011,-1,-1,-1
547,682,1655.058,408.569,193.507,606.865,0.840324,-1,-1,-1
547,686,579.324,451.455,36.530,89.280,0.605866,-1,-1,-1
547,443,1119.508,439.828,80.753,244.868,0.674501,-1,-1,-1
547,644,412.800,450.684,47.800,121.937,0.464432,-1,-1,-1
547,405,933.723,409.368,121.241,298.101,0.798345,-1,-1,-1
547,712,651.600,455.816,43.512,111.720,0.767468,-1,-1,-1
547,747,378.706,464.044,47.162,112.309,0.279309,-1,-1,-1
547,769,711.061,453.246,35.010,96.068,0.689441,-1,-1,-1
547,694,545.226,451.507,33.270,87.902,0.678827,-1,-1,-1
547,786,689.519,457.537,25.961,78.659,0.523306,-1,-1,-1
547,798,618.799,454.485,24.771,58.770,0.278820,-1,-1,-1
548,4,1793.110,396.669,126.890,683.331,0.459755,-1,-1,-1
548,648,1528.971,401.904,235.288,676.165,0.871423,-1,-1,-1
548,488,1042.315,436.330,126.328,287.578,0.723489,-1,-1,-1
548,520,853.382,431.826,105.949,252.569,0.760389,-1,-1,-1
548,682,1662.401,409.181,195.472,608.848,0.812472,-1,-1,-1
548,686,580.135,451.608,35.904,88.222,0.584329,-1,-1,-1
548,443,1118.715,437.974,80.793,246.905,0.628397,-1,-1,-1
548,644,413.400,449.797,48.097,122.642,0.516004,-1,-1,-1
548,405,934.966,408.769,122.757,300.118,0.756190,-1,-1,-1
548,712,650.344,454.876,44.187,113.486,0.779697,-1,-1,-1
548,747,378.610,464.057,47.384,112.864,0.312302,-1,-1,-1
548,769,711.896,453.501,34.755,95.359,0.705463,-1,-1,-1
548,694,545.016,450.770,33.654,88.926,0.677874,-1,-1,-1
548,786,690.077,458.047,26.893,80.390,0.514738,-1,-1,-1
548,798,619.287,454.752,24.604,58.432,0.294955,-1,-1,-1
548,799,1860.089,409.851,56.635,540.994,0.442072,-1,-1,-1
549,648,1532.618,400.060,234.266,679.328,0.876647,-1,-1,-1
549,488,1046.957,434.530,127.664,290.918,0.755767,-1,-1,-1
549,520,858.413,433.382,104.036,252.147,0.774440,-1,-1,-1
549,682,1670.200,412.146,196.251,609.455,0.765874,-1,-1,-1
549,686,579.821,450.711,36.175,89.144,0.602747,-1,-1,-1
549,443,1118.240,434.001,81.565,252.235,0.580332,-1,-1,-1
549,644,413.947,449.766,48.153,122.365,0.506759,-1,-1,-1
549,405,940.607,411.146,121.390,296.690,0.747316,-1,-1,-1
549,712,649.516,452.200,44.514,114.696,0.744630,-1,-1,-1
549,747,378.122,463.982,47.291,112.601,0.313997,-1,-1,-1
549,769,711.933,452.822,35.028,95.910,0.731411,-1,-1,-1
549,694,544.992,450.481,33.871,89.394,0.692757,-1,-1,-1
549,786,689.243,457.011,27.900,82.315,0.566317,-1,-1,-1
549,798,619.167,453.964,24.876,59.216,0.303164,-1,-1,-1
549,799,1855.113,400.202,57.545,546.529,0.394418,-1,-1,-1
550,648,1538.651,400.708,232.506,678.815,0.884003,-1,-1,-1
550,488,1050.681,433.899,127.602,291.913,0.729875,-1,-1,-1
550,520,861.585,433.882,102.594,252.711,0.773126,-1,-1,-1
550,682,1680.637,412.566,196.311,609.684,0.782428,-1,-1,-1
550,686,580.424,451.317,35.987,88.538,0.596817,-1,-1,-1
550,443,1116.789,432.542,82.265,255.979,0.620519,-1,-1,-1
550,644,415.109,453.448,46.924,118.049,0.479604,-1,-1,-1
550,405,948.507,410.149,120.233,295.640,0.692444,-1,-1,-1
550,712,648.549,451.641,44.225,114.004,0.739660,-1,-1,-1
550,747,377.816,464.007,47.237,112.418,0.339336,-1,-1,-1
550,769,712.175,452.660,35.035,95.813,0.731039,-1,-1,-1
550,694,545.235,450.648,33.474,88.392,0.662679,-1,-1,-1
550,786,688.370,456.643,28.425,82.755,0.594270,-1,-1,-1
550,798,619.823,454.644,24.595,58.690,0.297714,-1,-1,-1
550,802,1188.529,441.058,48.390,109.776,0.366063,-1,-1,-1
551,648,1546.873,400.745,232.677,678.773,0.863898,-1,-1,-1
551,488,1060.275,435.292,127.904,290.611,0.801266,-1,-1,-1
551,520,866.014,431.327,103.167,257.481,0.765458,-1,-1,-1
551,682,1689.233,411.447,196.117,609.147,0.750560,-1,-1,-1
551,686,579.923,450.666,36.127,88.808,0.621893,-1,-1,-1
551,443,1128.403,432.466,79.288,250.459,0.617589,-1,-1,-1
551,644,414.398,452.204,47.624,119.466,0.466794,-1,-1,-1
551,405,954.819,409.070,118.863,296.406,0.723761,-1,-1,-1
551,712,648.300,452.293,44.150,114.047,0.730991,-1,-1,-1
551,747,378.099,463.508,47.688,113.223,0.309212,-1,-1,-1
551,769,713.271,451.595,35.471,96.562,0.752384,-1,-1,-1
551,694,544.940,449.118,34.119,89.988,0.703644,-1,-1,-1
551,786,689.511,456.333,28.887,83.258,0.541958,-1,-1,-1
551,798,619.572,454.256,24.941,59.627,0.344853,-1,-1,-1
551,802,1189.359,440.846,48.949,111.406,0.353242,-1,-1,-1
552,648,1552.004,401.482,232.153,678.430,0.863242,-1,-1,-1
552,488,1065.597,436.305,127.819,288.896,0.777862,-1,-1,-1
552,520,871.060,430.699,102.393,258.354,0.774202,-1,-1,-1
552,682,1693.788,413.775,197.774,611.603,0.779724,-1,-1,-1
552,686,579.453,450.158,36.504,89.875,0.670429,-1,-1,-1
552,443,1131.765,433.367,77.667,247.462,0.663701,-1,-1,-1
552,644,414.264,451.021,48.407,121.011,0.472533,-1,-1,-1
552,405,960.651,408.931,116.390,295.312,0.701937,-1,-1,-1
552,712,647.776,451.881,44.525,115.560,0.725911,-1,-1,-1
552,747,378.509,463.672,47.822,113.229,0.289473,-1,-1,-1
552,769,713.938,450.471,36.033,97.875,0.768846,-1,-1,-1
552,694,545.417,449.926,33.759,88.847,0.715584,-1,-1,-1
552,786,690.705,456.637,28.865,82.782,0.530485,-1,-1,-1
552,798,619.318,453.473,25.629,61.355,0.339669,-1,-1,-1
552,802,1190.202,437.393,50.266,114.846,0.535472,-1,-1,-1
553,648,1555.586,402.694,231.828,677.306,0.852875,-1,-1,-1
553,488,1070.551,433.824,128.414,291.738,0.773822,-1,-1,-1
553,520,877.698,431.577,102.342,258.107,0.788643,-1,-1,-1
553,682,1701.200,410.955,200.631,616.908,0.762288,-1,-1,-1
553,686,579.543,450.253,36.551,90.502,0.671018,-1,-1,-1
553,443,1134.480,433.507,77.093,245.257,0.649920,-1,-1,-1
553,644,414.333,450.573,48.747,121.271,0.389383,-1,-1,-1
553,405,971.481,406.759,113.730,295.560,0.723830,-1,-1,-1
553,712,646.573,450.588,45.091,117.027,0.715581,-1,-1,-1
553,769,714.411,450.157,36.092,97.948,0.760135,-1,-1,-1
553,694,545.195,449.749,33.873,89.303,0.708444,-1,-1,-1
553,786,691.990,456.910,28.991,82.830,0.506268,-1,-1,-1
553,798,618.246,451.894,26.463,63.299,0.367615,-1,-1,-1
553,802,1191.493,436.203,50.457,116.166,0.643292,-1,-1,-1
553,752,685.897,459.864,27.933,76.653,0.366373,-1,-1,-1
554,648,1558.116,402.880,231.939,677.120,0.835176,-1,-1,-1
554,488,1075.974,434.315,128.095,290.988,0.790262,-1,-1,-1
554,520,881.188,432.784,102.994,258.464,0.822899,-1,-1,-1
554,682,1705.848,407.857,204.197,623.574,0.739351,-1,-1,-1
554,686,580.283,450.159,36.115,90.104,0.671447,-1,-1,-1
554,443,1139.092,434.129,76.515,243.820,0.628255,-1,-1,-1
554,644,414.082,451.650,48.399,119.966,0.403230,-1,-1,-1
554,405,977.599,407.286,112.046,297.228,0.750416,-1,-1,-1
554,712,644.365,452.498,44.161,114.100,0.703746,-1,-1,-1
554,769,714.868,449.955,36.093,97.797,0.755100,-1,-1,-1
554,694,544.925,450.438,33.650,88.602,0.719779,-1,-1,-1
554,786,693.504,457.597,28.480,81.359,0.428827,-1,-1,-1
554,798,618.092,452.382,26.295,62.907,0.306162,-1,-1,-1
554,802,1191.949,433.769,50.999,118.616,0.639664,-1,-1,-1
554,752,684.501,460.680,27.924,77.154,0.338576,-1,-1,-1
554,747,378.694,463.650,47.814,113.004,0.298263,-1,-1,-1
555,648,1561.305,401.978,233.161,678.022,0.826169,-1,-1,-1
555,488,1078.187,435.693,127.437,289.428,0.807861,-1,-1,-1
555,520,886.178,433.805,103.203,256.563,0.807261,-1,-1,-1
555,682,1714.225,406.846,204.013,623.018,0.796059,-1,-1,-1
555,686,580.286,450.191,36.461,91.700,0.674983,-1,-1,-1
555,443,1144.328,435.191,75.889,243.728,0.649830,-1,-1,-1
555,644,412.682,450.712,48.861,121.106,0.457942,-1,-1,-1
555,405,984.294,407.315,109.970,297.118,0.785752,-1,-1,-1
555,712,643.946,454.771,43.140,111.131,0.708711,-1,-1,-1
555,769,714.621,448.772,36.693,99.317,0.756198,-1,-1,-1
555,694,544.905,451.853,33.566,88.105,0.735085,-1,-1,-1
555,786,692.376,457.851,28.315,81.056,0.342998,-1,-1,-1
555,798,618.821,452.199,26.215,62.817,0.301491,-1,-1,-1
555,802,1195.368,440.397,47.560,111.909,0.586241,-1,-1,-1
555,752,682.013,461.078,28.139,77.886,0.377923,-1,-1,-1
556,648,1563.789,402.138,234.903,676.257,0.843023,-1,-1,-1
556,488,1083.696,434.472,128.499,291.226,0.833500,-1,-1,-1
556,520,887.810,436.592,102.447,253.298,0.796496,-1,-1,-1
556,682,1719.981,407.915,200.019,618.133,0.760035,-1,-1,-1
556,686,580.933,450.185,35.910,91.032,0.639305,-1,-1,-1
556,443,1149.044,437.555,74.635,240.655,0.496569,-1,-1,-1
556,644,412.862,450.010,49.317,122.224,0.476192,-1,-1,-1
556,405,988.202,408.542,107.413,294.486,0.789880,-1,-1,-1
556,712,642.008,453.783,43.322,111.626,0.760112,-1,-1,-1
556,769,714.493,448.240,37.309,100.817,0.762990,-1,-1,-1
556,694,544.797,451.852,33.703,88.264,0.730789,-1,-1,-1
556,786,690.868,457.705,28.370,81.267,0.274023,-1,-1,-1
556,798,619.157,451.816,26.202,62.949,0.269392,-1,-1,-1
556,802,1195.817,436.678,48.169,114.910,0.492313,-1,-1,-1
556,752,678.462,458.122,28.549,79.411,0.419207,-1,-1,-1
557,648,1567.971,400.436,238.314,676.946,0.832842,-1,-1,-1
557,488,1087.267,433.912,128.626,290.808,0.847468,-1,-1,-1
557,520,889.969,437.434,102.823,251.995,0.794545,-1,-1,-1
557,682,1725.744,408.870,194.256,615.202,0.668936,-1,-1,-1
557,686,580.823,450.250,35.815,91.315,0.663115,-1,-1,-1
557,443,1148.558,433.364,75.494,244.599,0.343902,-1,-1,-1
557,644,412.769,449.890,49.246,121.948,0.452001,-1,-1,-1
557,405,989.746,410.362,105.211,291.199,0.795148,-1,-1,-1
557,712,641.456,454.102,42.918,110.621,0.757842,-1,-1,-1
557,769,714.378,448.312,37.681,101.924,0.746921,-1,-1,-1
557,694,545.492,452.424,33.603,87.908,0.717507,-1,-1,-1
557,786,691.762,458.120,28.138,80.736,0.283235,-1,-1,-1
557,798,619.453,451.893,25.941,62.410,0.257060,-1,-1,-1
557,802,1197.222,439.750,46.930,113.491,0.597968,-1,-1,-1
557,752,676.456,457.072,28.362,79.236,0.416365,-1,-1,-1
558,648,1572.174,401.080,241.369,675.620,0.833021,-1,-1,-1
558,488,1088.790,433.391,128.592,291.021,0.847652,-1,-1,-1
558,520,890.507,437.281,103.166,252.403,0.792775,-1,-1,-1
558,682,1730.132,414.784,189.868,606.362,0.764886,-1,-1,-1
558,686,581.329,450.146,35.288,90.503,0.651734,-1,-1,-1
558,443,1153.901,432.655,75.630,246.508,0.442742,-1,-1,-1
558,644,413.897,451.309,48.909,120.684,0.462452,-1,-1,-1
558,405,993.951,409.634,105.254,289.703,0.804953,-1,-1,-1
558,712,640.465,453.131,43.308,111.498,0.744298,-1,-1,-1
558,769,714.290,447.490,38.196,103.432,0.752256,-1,-1,-1
558,694,545.382,451.735,33.910,88.371,0.741320,-1,-1,-1
558,786,693.751,458.764,27.630,79.483,0.320349,-1,-1,-1
558,802,1198.795,441.707,46.202,113.016,0.509502,-1,-1,-1
558,752,674.464,456.019,28.873,81.143,0.418570,-1,-1,-1
559,648,1575.453,401.876,245.441,676.000,0.837721,-1,-1,-1
559,488,1089.624,432.784,128.550,291.195,0.824362,-1,-1,-1
559,520,890.245,435.667,104.284,254.534,0.776412,-1,-1,-1
559,682,1734.805,413.355,185.195,607.356,0.765013,-1,-1,-1
559,686,581.330,450.110,35.061,90.511,0.658504,-1,-1,-1
559,443,1151.615,431.856,77.183,251.713,0.494895,-1,-1,-1
559,644,413.863,451.779,48.998,120.300,0.455339,-1,-1,-1
559,405,998.386,411.461,106.505,289.164,0.802549,-1,-1,-1
559,712,639.829,452.469,43.583,112.075,0.739344,-1,-1,-1
559,769,714.372,447.271,38.142,103.581,0.746995,-1,-1,-1
559,694,545.249,451.281,34.273,89.040,0.734075,-1,-1,-1
559,786,693.999,459.125,27.415,79.047,0.300032,-1,-1,-1
559,802,1201.343,441.952,46.092,114.293,0.624553,-1,-1,-1
559,752,673.224,455.922,29.542,83.310,0.417064,-1,-1,-1
559,747,377.195,462.544,48.716,114.260,0.286848,-1,-1,-1
560,648,1581.380,402.115,249.768,675.734,0.802345,-1,-1,-1
560,488,1092.638,432.583,128.789,291.445,0.793038,-1,-1,-1
560,520,891.770,435.357,103.562,252.931,0.787559,-1,-1,-1
560,682,1738.544,407.595,181.456,611.838,0.632784,-1,-1,-1
560,686,581.026,450.304,34.947,90.767,0.674105,-1,-1,-1
560,443,1155.252,435.718,76.267,248.250,0.363928,-1,-1,-1
560,644,413.755,450.601,49.465,121.253,0.445067,-1,-1,-1
560,405,1002.677,411.106,108.348,289.337,0.826604,-1,-1,-1
560,712,639.738,452.629,43.439,111.235,0.741660,-1,-1,-1
560,769,714.277,447.866,37.669,102.766,0.736555,-1,-1,-1
560,694,545.898,453.149,33.755,87.432,0.723652,-1,-1,-1
560,786,693.834,460.454,26.399,76.328,0.314753,-1,-1,-1
560,802,1202.794,438.454,47.344,118.632,0.647568,-1,-1,-1
560,752,673.894,456.683,28.621,80.826,0.448416,-1,-1,-1
560,810,1079.242,439.497,41.897,129.671,0.364372,-1,-1,-1
561,648,1585.248,402.657,253.507,674.773,0.830206,-1,-1,-1
561,488,1098.001,433.063,127.864,289.247,0.812277,-1,-1,-1
561,520,895.851,436.010,102.979,249.843,0.787242,-1,-1,-1
561,682,1741.585,403.625,178.415,619.143,0.564952,-1,-1,-1
561,686,580.850,450.040,34.809,90.786,0.658939,-1,-1,-1
561,644,413.824,449.836,50.081,122.437,0.392147,-1,-1,-1
561,405,1004.840,411.977,110.079,287.365,0.850130,-1,-1,-1
561,712,639.226,452.611,43.181,110.847,0.747637,-1,-1,-1
561,769,714.744,448.688,37.359,102.179,0.753311,-1,-1,-1
561,694,546.241,452.670,33.936,87.953,0.739440,-1,-1,-1
561,786,694.031,459.410,26.443,76.458,0.434240,-1,-1,-1
561,802,1205.762,438.033,47.080,118.856,0.572101,-1,-1,-1
561,752,674.122,457.098,27.939,79.102,0.460955,-1,-1,-1
561,810,1078.855,439.650,41.955,129.842,0.335910,-1,-1,-1
562,648,1589.389,403.498,257.482,673.117,0.876448,-1,-1,-1
562,488,1103.625,433.537,127.569,289.465,0.803061,-1,-1,-1
562,520,899.896,434.996,102.557,248.629,0.781130,-1,-1,-1
562,682,1746.611,398.523,173.389,632.280,0.570696,-1,-1,-1
562,686,581.244,449.998,34.524,90.220,0.638407,-1,-1,-1
562,644,413.831,451.611,49.431,120.708,0.405468,-1,-1,-1
562,405,1005.981,414.791,111.590,284.978,0.856265,-1,-1,-1
562,712,638.682,452.341,43.064,111.179,0.744688,-1,-1,-1
562,769,715.516,449.242,36.666,100.539,0.712988,-1,-1,-1
562,694,546.431,453.709,33.602,87.041,0.741738,-1,-1,-1
562,786,694.268,459.268,26.370,76.260,0.397612,-1,-1,-1
562,802,1210.596,436.570,46.418,118.616,0.404101,-1,-1,-1
562,752,674.000,457.926,28.302,80.434,0.474563,-1,-1,-1
562,810,1077.298,438.385,43.493,134.883,0.394502,-1,-1,-1
562,811,1304.008,421.105,45.010,125.585,0.345946,-1,-1,-1
563,648,1591.869,400.781,263.955,676.789,0.870002,-1,-1,-1
563,488,1108.978,435.204,125.258,284.200,0.812665,-1,-1,-1
563,520,904.876,436.403,101.068,247.286,0.769627,-1,-1,-1
563,682,1749.022,392.689,170.978,651.029,0.611455,-1,-1,-1
563,686,582.283,452.132,33.917,88.190,0.648566,-1,-1,-1
563,644,413.146,449.733,50.635,123.574,0.456221,-1,-1,-1
563,405,1008.084,422.775,111.714,276.845,0.861866,-1,-1,-1
563,712,638.574,452.321,42.391,109.957,0.746111,-1,-1,-1
563,769,716.552,449.543,36.447,100.363,0.722044,-1,-1,-1
563,694,547.221,454.109,33.245,86.140,0.754523,-1,-1,-1
563,786,694.308,458.453,26.768,77.187,0.459747,-1,-1,-1
563,802,1214.668,439.637,44.274,113.765,0.408742,-1,-1,-1
563,752,673.500,457.502,28.065,80.484,0.399872,-1,-1,-1
563,810,1077.534,438.480,43.133,134.095,0.425380,-1,-1,-1
563,811,1303.419,418.954,45.776,127.737,0.276294,-1,-1,-1
564,648,1594.403,400.027,268.892,678.390,0.877113,-1,-1,-1
564,488,1112.548,437.001,123.524,281.072,0.815050,-1,-1,-1
564,520,910.575,435.675,100.152,248.051,0.736231,-1,-1,-1
564,682,1752.473,388.391,167.527,665.277,0.700002,-1,-1,-1
564,686,583.225,453.289,33.047,85.499,0.632126,-1,-1,-1
564,644,413.805,449.768,50.277,122.948,0.477589,-1,-1,-1
564,405,1008.095,419.159,116.053,281.567,0.853616,-1,-1,-1
564,712,638.778,452.372,42.000,109.354,0.729228,-1,-1,-1
564,769,717.364,449.703,36.050,99.818,0.768695,-1,-1,-1
564,694,547.458,452.292,33.329,86.413,0.706734,-1,-1,-1
564,786,694.019,457.427,27.496,78.651,0.569834,-1,-1,-1
564,802,1218.177,441.260,43.712,112.615,0.624244,-1,-1,-1
564,752,672.600,456.800,27.877,80.640,0.414015,-1,-1,-1
564,811,1303.574,419.773,45.501,126.930,0.280515,-1,-1,-1
565,648,1600.396,400.348,273.074,679.134,0.884255,-1,-1,-1
565,488,1116.670,437.249,122.686,279.368,0.801892,-1,-1,-1
565,520,915.169,436.314,98.190,246.465,0.762888,-1,-1,-1
565,682,1751.533,390.381,168.467,672.081,0.752185,-1,-1,-1
565,686,583.773,453.405,32.890,85.071,0.630326,-1,-1,-1
565,644,414.111,449.521,50.514,123.155,0.445329,-1,-1,-1
565,405,1007.734,413.957,121.056,289.325,0.842779,-1,-1,-1
565,712,638.513,452.742,42.064,110.000,0.732691,-1,-1,-1
565,769,717.737,449.474,35.904,99.807,0.760681,-1,-1,-1
565,694,547.110,452.475,33.054,85.616,0.697731,-1,-1,-1
565,786,693.738,456.552,28.318,80.533,0.551295,-1,-1,-1
565,802,1220.856,443.024,42.573,110.538,0.625666,-1,-1,-1
565,752,672.529,456.085,27.361,79.522,0.375064,-1,-1,-1
565,811,1303.425,418.374,45.976,128.301,0.307182,-1,-1,-1
565,815,912.603,461.103,44.733,131.325,0.422542,-1,-1,-1
566,648,1608.736,399.055,276.216,680.827,0.883770,-1,-1,-1
566,488,1117.437,435.497,124.319,284.532,0.811644,-1,-1,-1
566,520,923.664,435.616,99.264,248.599,0.640637,-1,-1,-1
566,682,1755.507,375.967,164.493,687.037,0.724461,-1,-1,-1
566,686,583.994,453.467,33.049,85.265,0.659646,-1,-1,-1
566,644,416.117,448.011,51.868,124.713,0.401017,-1,-1,-1
566,405,1008.751,408.503,125.517,296.168,0.862402,-1,-1,-1
566,712,637.291,451.715,41.896,110.270,0.731827,-1,-1,-1
566,769,717.923,449.253,35.968,100.180,0.774348,-1,-1,-1
566,694,546.809,450.870,33.567,86.877,0.718758,-1,-1,-1
566,786,693.185,456.291,28.654,80.996,0.571706,-1,-1,-1
566,802,1222.614,442.973,42.513,112.061,0.619902,-1,-1,-1
566,752,671.485,455.121,27.254,79.261,0.373436,-1,-1,-1
566,811,1303.604,420.198,45.423,126.604,0.308464,-1,-1,-1
566,815,913.588,458.244,45.481,133.305,0.517712,-1,-1,-1
567,648,1619.839,398.841,276.048,681.133,0.856285,-1,-1,-1
567,488,1119.602,434.418,124.355,286.408,0.816425,-1,-1,-1
567,520,925.065,435.209,99.812,250.068,0.670066,-1,-1,-1
567,682,1750.104,380.843,169.896,684.473,0.686380,-1,-1,-1
567,686,584.076,453.331,33.438,85.846,0.663039,-1,-1,-1
567,644,415.035,447.999,52.275,125.155,0.484092,-1,-1,-1
567,405,1008.674,405.817,127.761,298.526,0.865542,-1,-1,-1
567,712,636.092,450.938,41.826,110.744,0.748892,-1,-1,-1
567,769,717.970,449.310,36.105,100.464,0.781317,-1,-1,-1
567,694,546.526,449.906,34.031,88.068,0.724967,-1,-1,-1
567,786,692.965,456.203,29.052,81.783,0.577301,-1,-1,-1
567,802,1223.810,442.615,42.501,114.144,0.627203,-1,-1,-1
567,752,670.638,454.322,28.345,82.355,0.394508,-1,-1,-1
567,815,914.254,452.509,47.564,139.074,0.595075,-1,-1,-1
568,648,1631.841,396.580,275.085,683.053,0.903387,-1,-1,-1
568,488,1125.839,436.748,122.511,283.770,0.791898,-1,-1,-1
568,520,930.412,433.041,98.429,248.591,0.651667,-1,-1,-1
568,682,1757.389,391.524,162.611,673.808,0.627734,-1,-1,-1
568,686,583.946,453.652,34.533,88.713,0.701027,-1,-1,-1
568,644,413.461,447.039,52.971,127.336,0.529544,-1,-1,-1
568,405,1009.555,406.933,128.596,297.113,0.844150,-1,-1,-1
568,712,634.977,450.430,41.890,111.885,0.761076,-1,-1,-1
568,769,717.904,449.148,36.333,101.003,0.788442,-1,-1,-1
568,694,546.509,450.507,34.226,88.415,0.743444,-1,-1,-1
568,786,693.280,456.452,28.810,80.891,0.600734,-1,-1,-1
568,802,1226.110,445.000,41.490,112.691,0.629198,-1,-1,-1
568,752,669.563,454.254,29.897,87.169,0.507004,-1,-1,-1
568,815,912.145,448.748,48.998,143.019,0.470178,-1,-1,-1
569,648,1640.916,395.796,272.875,684.122,0.907473,-1,-1,-1
569,488,1131.455,434.932,123.523,285.773,0.844338,-1,-1,-1
569,520,937.022,433.493,95.677,244.488,0.783355,-1,-1,-1
569,682,1762.058,394.502,157.942,672.487,0.649104,-1,-1,-1
569,686,584.250,453.716,34.925,89.552,0.714745,-1,-1,-1
569,644,414.025,447.423,52.739,126.993,0.509985,-1,-1,-1
569,405,1011.169,419.083,125.149,284.558,0.863437,-1,-1,-1
569,712,634.568,451.096,41.464,111.098,0.762433,-1,-1,-1
569,769,717.842,449.073,36.511,101.330,0.800209,-1,-1,-1
569,694,547.193,451.097,34.481,88.748,0.737018,-1,-1,-1
569,786,693.109,456.216,28.831,80.762,0.615747,-1,-1,-1
569,802,1228.240,443.091,41.646,114.274,0.632686,-1,-1,-1
569,752,669.207,453.687,31.222,91.766,0.493600,-1,-1,-1
569,815,912.724,452.049,47.805,139.572,0.296302,-1,-1,-1
569,821,1115.672,433.224,42.524,147.207,0.408738,-1,-1,-1
570,648,1648.724,396.974,270.208,681.860,0.904183,-1,-1,-1
570,488,1139.305,433.583,125.102,287.069,0.862193,-1,-1,-1
570,520,940.258,434.484,93.730,242.314,0.788224,-1,-1,-1
570,682,1769.409,390.373,150.591,668.429,0.542026,-1,-1,-1
570,686,584.250,454.194,34.726,88.606,0.702052,-1,-1,-1
570,644,413.574,448.150,52.081,126.099,0.446412,-1,-1,-1
570,405,1009.827,413.557,128.993,291.076,0.897018,-1,-1,-1
570,712,634.077,452.646,40.254,108.708,0.733377,-1,-1,-1
570,769,717.705,448.690,36.830,102.220,0.810434,-1,-1,-1
570,694,547.400,451.232,34.654,89.024,0.730055,-1,-1,-1
570,786,692.693,457.128,28.701,80.214,0.605942,-1,-1,-1
570,802,1230.726,443.907,40.373,111.791,0.664685,-1,-1,-1
570,752,667.500,453.249,32.312,95.764,0.501850,-1,-1,-1
570,821,1114.695,429.277,43.014,148.705,0.665256,-1,-1,-1
570,747,378.787,463.783,49.484,114.780,0.254366,-1,-1,-1
571,648,1651.952,395.572,268.048,683.853,0.873334,-1,-1,-1
571,488,1145.828,431.564,127.318,288.785,0.850207,-1,-1,-1
571,520,943.075,433.850,94.038,245.717,0.770418,-1,-1,-1
571,682,1768.478,396.446,151.522,649.517,0.574594,-1,-1,-1
571,686,583.890,454.223,34.814,88.686,0.662265,-1,-1,-1
571,644,413.953,448.967,51.205,124.408,0.502700,-1,-1,-1
571,405,1009.651,414.829,128.596,288.490,0.746549,-1,-1,-1
571,712,633.734,453.138,39.782,108.703,0.733369,-1,-1,-1
571,769,717.481,448.096,37.096,102.806,0.802396,-1,-1,-1
571,694,547.457,451.924,34.720,88.934,0.733375,-1,-1,-1
571,786,692.624,457.774,28.574,79.618,0.605391,-1,-1,-1
571,802,1231.795,444.719,39.285,109.628,0.582610,-1,-1,-1
571,752,668.162,453.148,31.358,93.381,0.502431,-1,-1,-1
571,821,1114.535,426.607,43.963,151.670,0.659311,-1,-1,-1
571,747,377.554,464.290,49.613,113.957,0.416105,-1,-1,-1
572,648,1658.137,397.174,261.863,681.186,0.892317,-1,-1,-1
572,488,1152.285,432.103,128.340,287.196,0.852135,-1,-1,-1
572,520,944.897,431.295,93.538,246.205,0.767079,-1,-1,-1
572,682,1771.203,405.823,148.797,644.787,0.453281,-1,-1,-1
572,686,583.129,453.386,35.397,89.997,0.693804,-1,-1,-1
572,644,413.761,449.246,50.956,123.963,0.483254,-1,-1,-1
572,405,1011.359,416.092,129.193,288.118,0.844153,-1,-1,-1
572,712,633.271,453.468,38.988,107.600,0.751359,-1,-1,-1
572,769,717.169,446.864,37.560,104.077,0.800101,-1,-1,-1
572,694,547.674,450.919,35.309,90.202,0.752716,-1,-1,-1
572,786,692.385,458.201,28.545,79.458,0.572331,-1,-1,-1
572,802,1234.494,444.968,39.177,109.678,0.463768,-1,-1,-1
572,752,667.844,452.772,31.641,94.710,0.540117,-1,-1,-1
572,821,1112.758,424.236,44.862,154.345,0.790431,-1,-1,-1
572,747,376.992,464.260,49.612,113.246,0.292522,-1,-1,-1
573,648,1662.206,398.593,257.794,680.834,0.899079,-1,-1,-1
573,488,1156.015,430.665,130.258,288.566,0.690059,-1,-1,-1
573,520,952.481,431.287,96.322,251.422,0.721889,-1,-1,-1
573,682,1771.640,404.244,148.360,664.308,0.372508,-1,-1,-1
573,686,583.146,454.039,35.347,89.276,0.688042,-1,-1,-1
573,644,413.466,449.172,50.957,124.316,0.466572,-1,-1,-1
573,405,1013.201,415.743,129.487,287.597,0.769273,-1,-1,-1
573,712,633.248,453.348,38.532,107.115,0.772184,-1,-1,-1
573,769,717.194,446.724,37.741,104.539,0.796792,-1,-1,-1
573,694,548.891,452.691,34.692,88.292,0.748781,-1,-1,-1
573,786,692.345,458.253,28.834,80.212,0.579166,-1,-1,-1
573,802,1237.327,445.015,40.145,113.416,0.303394,-1,-1,-1
573,752,667.490,452.662,32.527,97.584,0.591534,-1,-1,-1
573,821,1113.040,423.690,45.196,155.407,0.723767,-1,-1,-1
573,443,1145.158,429.363,89.001,286.410,0.596585,-1,-1,-1
574,648,1664.734,402.001,255.266,677.829,0.902374,-1,-1,-1
574,488,1156.991,430.046,131.945,289.626,0.700317,-1,-1,-1
574,520,955.882,431.988,99.747,255.842,0.800755,-1,-1,-1
574,682,1790.851,403.476,129.149,673.443,0.410580,-1,-1,-1
574,686,582.905,454.289,35.110,88.814,0.690177,-1,-1,-1
574,644,413.156,449.420,50.747,123.988,0.461985,-1,-1,-1
574,405,1016.939,411.132,131.270,293.589,0.734061,-1,-1,-1
574,712,633.381,452.143,38.503,107.231,0.784123,-1,-1,-1
574,769,717.290,446.535,37.981,105.224,0.805981,-1,-1,-1
574,694,550.082,453.169,34.366,87.173,0.756208,-1,-1,-1
574,786,692.801,457.983,28.740,80.044,0.596358,-1,-1,-1
574,802,1240.538,444.548,37.797,107.252,0.438084,-1,-1,-1
574,752,666.538,453.730,33.895,100.870,0.559323,-1,-1,-1
574,821,1113.692,423.402,44.915,154.491,0.688443,-1,-1,-1
574,443,1145.356,430.293,89.068,285.598,0.497012,-1,-1,-1
575,648,1665.671,399.463,254.329,680.517,0.894026,-1,-1,-1
575,488,1159.022,431.389,132.338,288.072,0.811571,-1,-1,-1
575,520,960.505,432.618,102.663,257.619,0.815724,-1,-1,-1
575,682,1787.561,383.222,132.439,694.964,0.386727,-1,-1,-1
575,686,583.077,453.776,35.335,88.578,0.723962,-1,-1,-1
575,644,413.991,448.901,50.973,123.892,0.437723,-1,-1,-1
575,405,1027.613,410.054,126.912,291.111,0.623066,-1,-1,-1
575,712,633.139,453.444,37.838,105.574,0.780881,-1,-1,-1
575,769,717.474,447.087,37.633,104.150,0.806523,-1,-1,-1
575,694,550.730,453.991,34.030,85.978,0.757579,-1,-1,-1
575,786,692.890,458.169,28.720,79.828,0.638735,-1,-1,-1
575,802,1246.723,445.116,33.687,95.151,0.314429,-1,-1,-1
575,752,665.740,454.706,34.703,102.406,0.580399,-1,-1,-1
575,821,1114.673,424.168,44.597,153.693,0.641629,-1,-1,-1
575,443,1145.783,434.093,84.754,274.818,0.482300,-1,-1,-1
576,648,1665.712,397.852,254.288,682.148,0.901608,-1,-1,-1
576,488,1161.069,432.678,132.497,286.514,0.843180,-1,-1,-1
576,520,962.448,432.874,103.326,254.004,0.864743,-1,-1,-1
576,686,583.852,454.647,35.175,87.507,0.734993,-1,-1,-1
576,644,414.017,448.955,51.670,125.086,0.494184,-1,-1,-1
576,405,1030.026,409.421,125.548,291.243,0.689876,-1,-1,-1
576,712,633.192,454.712,37.332,103.730,0.791456,-1,-1,-1
576,769,717.953,448.359,37.198,103.026,0.808766,-1,-1,-1
576,694,551.574,455.162,33.689,84.795,0.746520,-1,-1,-1
576,786,693.169,459.468,28.412,78.612,0.638312,-1,-1,-1
576,752,665.553,455.820,34.799,101.749,0.589678,-1,-1,-1
576,821,1115.868,425.131,43.793,151.704,0.592810,-1,-1,-1
576,815,919.566,463.415,46.744,128.779,0.388055,-1,-1,-1
576,747,377.599,463.878,49.938,114.128,0.346026,-1,-1,-1
577,648,1664.697,396.135,255.303,683.851,0.908746,-1,-1,-1
577,488,1161.786,432.847,133.255,286.261,0.849174,-1,-1,-1
577,520,963.181,433.634,103.629,250.176,0.848281,-1,-1,-1
577,686,584.171,455.247,34.971,86.478,0.722562,-1,-1,-1
577,644,413.806,449.568,51.832,124.635,0.429862,-1,-1,-1
577,405,1038.769,411.308,120.720,287.184,0.713576,-1,-1,-1
577,712,633.151,454.565,37.674,104.562,0.808784,-1,-1,-1
577,769,718.097,448.850,37.334,103.497,0.790886,-1,-1,-1
577,694,552.124,456.999,33.121,83.014,0.723589,-1,-1,-1
577,786,692.425,460.656,28.292,77.879,0.578595,-1,-1,-1
577,752,665.941,454.279,33.968,99.763,0.620497,-1,-1,-1
577,821,1117.627,427.882,42.173,147.427,0.467100,-1,-1,-1
577,815,918.758,467.970,47.080,123.778,0.340827,-1,-1,-1
577,747,378.075,464.445,49.809,114.006,0.390040,-1,-1,-1
577,802,1252.144,442.573,36.464,104.611,0.334640,-1,-1,-1
578,648,1663.247,395.541,256.753,684.459,0.909155,-1,-1,-1
578,488,1162.554,434.268,133.191,284.506,0.862119,-1,-1,-1
578,520,963.676,440.731,101.117,239.596,0.819184,-1,-1,-1
578,686,583.985,454.505,35.365,86.950,0.744987,-1,-1,-1
578,644,413.519,451.131,50.747,121.877,0.507623,-1,-1,-1
578,405,1039.646,425.389,114.171,273.931,0.715179,-1,-1,-1
578,712,632.484,454.524,37.417,104.023,0.811006,-1,-1,-1
578,769,717.758,449.110,37.530,104.016,0.801939,-1,-1,-1
578,694,551.691,456.130,33.831,84.426,0.713528,-1,-1,-1
578,786,691.832,461.691,28.593,78.463,0.598951,-1,-1,-1
578,752,665.757,454.090,33.442,98.195,0.672824,-1,-1,-1
578,821,1115.641,425.282,43.129,150.867,0.552005,-1,-1,-1
578,815,920.157,475.606,46.138,114.973,0.432618,-1,-1,-1
578,747,377.382,465.780,49.050,112.072,0.407285,-1,-1,-1
578,443,1148.927,433.830,83.404,269.705,0.402034,-1,-1,-1
579,648,1664.016,396.800,255.984,683.101,0.904905,-1,-1,-1
579,488,1162.187,433.594,134.016,284.266,0.879550,-1,-1,-1
579,520,962.039,443.484,100.805,233.785,0.842649,-1,-1,-1
579,686,584.050,454.267,35.595,87.042,0.753754,-1,-1,-1
579,644,413.932,451.175,50.717,121.767,0.502695,-1,-1,-1
579,405,1048.271,428.281,110.630,271.019,0.686758,-1,-1,-1
579,712,631.951,455.870,36.836,102.469,0.794512,-1,-1,-1
579,769,717.703,449.291,37.501,103.859,0.783812,-1,-1,-1
579,694,551.339,454.614,34.565,86.185,0.732223,-1,-1,-1
579,786,691.558,462.177,28.760,78.822,0.554434,-1,-1,-1
579,752,665.664,454.900,33.432,97.743,0.625785,-1,-1,-1
579,821,1116.409,428.627,41.892,145.912,0.500528,-1,-1,-1
579,815,920.259,479.645,47.581,111.547,0.515596,-1,-1,-1
579,747,377.263,466.799,48.386,110.902,0.434950,-1,-1,-1
579,443,1150.391,435.438,80.891,261.257,0.418869,-1,-1,-1
580,648,1665.072,400.702,254.928,679.285,0.907484,-1,-1,-1
580,488,1163.084,433.851,134.452,284.247,0.854657,-1,-1,-1
580,520,960.861,439.527,104.395,239.160,0.841120,-1,-1,-1
580,686,584.216,453.801,35.746,87.135,0.745301,-1,-1,-1
580,644,413.652,449.542,51.540,123.501,0.528391,-1,-1,-1
580,405,1056.289,427.396,108.106,272.233,0.748173,-1,-1,-1
580,712,631.411,455.792,36.831,102.555,0.798027,-1,-1,-1
580,769,717.789,449.241,37.530,104.030,0.783061,-1,-1,-1
580,694,551.199,452.810,35.396,88.297,0.696181,-1,-1,-1
580,786,691.939,461.509,28.995,79.318,0.510185,-1,-1,-1
580,752,665.807,454.143,33.283,96.863,0.632438,-1,-1,-1
580,821,1117.758,430.160,41.320,143.060,0.474364,-1,-1,-1
580,815,918.666,474.068,52.228,117.375,0.497568,-1,-1,-1
580,747,376.642,466.104,48.074,110.742,0.354356,-1,-1,-1
580,443,1151.999,434.840,79.694,255.067,0.341004,-1,-1,-1
581,648,1664.894,401.430,255.106,678.570,0.912871,-1,-1,-1
581,488,1165.911,432.916,134.808,285.202,0.836349,-1,-1,-1
581,520,959.038,437.451,107.388,241.710,0.876567,-1,-1,-1
581,686,584.223,453.732,36.094,88.121,0.740428,-1,-1,-1
581,644,412.478,448.835,52.054,124.530,0.560170,-1,-1,-1
581,405,1060.433,423.322,107.237,276.717,0.756554,-1,-1,-1
581,712,630.938,455.120,37.151,103.411,0.790497,-1,-1,-1
581,769,718.401,448.700,37.790,104.806,0.747390,-1,-1,-1
581,694,550.052,448.999,37.040,92.441,0.686049,-1,-1,-1
581,786,692.172,461.180,29.217,79.655,0.520046,-1,-1,-1
581,752,665.440,454.566,34.203,98.914,0.622722,-1,-1,-1
581,821,1119.988,429.206,41.386,143.414,0.368033,-1,-1,-1
581,815,917.780,470.487,56.208,121.138,0.448849,-1,-1,-1
581,443,1153.846,432.794,81.082,255.951,0.559769,-1,-1,-1
582,648,1665.108,401.506,254.892,678.494,0.908276,-1,-1,-1
582,488,1173.983,432.460,133.159,284.960,0.827875,-1,-1,-1
582,520,958.878,436.872,109.159,241.784,0.845468,-1,-1,-1
582,686,584.792,454.001,35.566,86.759,0.743163,-1,-1,-1
582,644,411.977,448.756,52.371,124.626,0.568467,-1,-1,-1
582,405,1064.678,421.366,105.867,280.204,0.732913,-1,-1,-1
582,712,630.580,455.016,36.898,103.119,0.773412,-1,-1,-1
582,769,719.473,448.459,38.190,106.077,0.737028,-1,-1,-1
582,694,550.600,450.878,36.346,90.815,0.692208,-1,-1,-1
582,786,693.563,461.051,29.195,79.410,0.548462,-1,-1,-1
582,752,664.620,454.377,34.945,100.530,0.648346,-1,-1,-1
582,821,1120.658,424.995,42.469,147.794,0.261296,-1,-1,-1
582,815,918.440,476.930,56.070,114.972,0.504912,-1,-1,-1
582,443,1154.834,436.669,79.631,246.186,0.643226,-1,-1,-1
583,648,1666.037,401.877,253.963,678.123,0.909319,-1,-1,-1
583,488,1180.222,432.272,131.297,284.230,0.849593,-1,-1,-1
583,520,960.420,435.667,110.050,242.832,0.835395,-1,-1,-1
583,686,584.841,453.877,35.556,86.661,0.762182,-1,-1,-1
583,644,410.725,449.333,52.012,123.686,0.493858,-1,-1,-1
583,405,1069.638,420.214,103.337,280.284,0.739457,-1,-1,-1
583,712,629.711,454.997,36.679,103.018,0.748335,-1,-1,-1
583,769,720.914,448.182,38.425,106.356,0.743110,-1,-1,-1
583,694,550.544,450.309,36.446,90.988,0.690385,-1,-1,-1
583,786,695.209,460.138,29.272,79.628,0.574626,-1,-1,-1
583,752,662.752,453.327,35.812,102.499,0.681913,-1,-1,-1
583,821,1122.031,423.978,42.309,147.987,0.306249,-1,-1,-1
583,815,916.458,474.287,59.651,117.950,0.369903,-1,-1,-1
583,443,1155.262,433.159,83.387,254.834,0.554667,-1,-1,-1
584,648,1667.687,400.639,252.313,679.361,0.916077,-1,-1,-1
584,488,1184.888,434.136,127.821,280.579,0.833941,-1,-1,-1
584,520,963.341,437.848,109.251,241.030,0.805885,-1,-1,-1
584,686,584.802,453.867,35.674,87.075,0.750111,-1,-1,-1
584,644,409.724,449.033,52.325,124.214,0.524283,-1,-1,-1
584,405,1073.108,422.420,100.268,278.189,0.727484,-1,-1,-1
584,712,629.014,454.702,37.182,104.575,0.715252,-1,-1,-1
584,769,721.947,447.995,38.423,106.215,0.731239,-1,-1,-1
584,694,550.648,449.730,36.201,90.553,0.695896,-1,-1,-1
584,786,696.126,458.884,29.832,81.112,0.570107,-1,-1,-1
584,752,660.498,452.872,37.008,105.561,0.700944,-1,-1,-1
584,821,1123.147,425.586,41.616,146.110,0.371422,-1,-1,-1
584,815,915.264,472.462,62.516,119.821,0.409158,-1,-1,-1
584,443,1156.280,433.725,84.414,256.375,0.582113,-1,-1,-1
584,847,1157.586,437.014,31.906,96.720,0.432635,-1,-1,-1
585,648,1668.394,400.052,251.606,679.948,0.915219,-1,-1,-1
585,488,1190.124,434.945,126.578,280.403,0.854162,-1,-1,-1
585,520,965.067,435.801,109.633,241.585,0.798866,-1,-1,-1
585,686,585.142,454.118,35.289,86.873,0.762630,-1,-1,-1
585,644,410.717,449.563,52.195,123.373,0.515058,-1,-1,-1
585,405,1077.017,423.507,97.630,276.889,0.746793,-1,-1,-1
585,712,628.629,455.071,36.831,104.108,0.723425,-1,-1,-1
585,769,723.050,447.146,38.581,106.489,0.722103,-1,-1,-1
585,694,550.953,449.512,36.302,90.624,0.683783,-1,-1,-1
585,786,697.953,462.438,28.608,77.252,0.571205,-1,-1,-1
585,752,661.294,453.726,37.374,105.419,0.666534,-1,-1,-1
585,821,1123.857,424.682,41.580,146.119,0.274268,-1,-1,-1
585,815,915.797,471.091,64.640,120.487,0.318444,-1,-1,-1
585,443,1162.871,432.045,83.537,256.120,0.681921,-1,-1,-1
585,847,1157.945,436.246,33.220,100.651,0.522609,-1,-1,-1
586,648,1667.506,389.407,252.494,690.593,0.893660,-1,-1,-1
586,488,1195.551,433.954,126.031,282.428,0.840735,-1,-1,-1
586,520,969.736,439.947,107.121,236.522,0.779131,-1,-1,-1
586,686,585.595,454.604,35.092,87.090,0.732893,-1,-1,-1
586,644,410.962,450.203,52.036,123.326,0.472695,-1,-1,-1
586,405,1082.252,416.046,99.582,284.876,0.762903,-1,-1,-1
586,712,628.236,455.022,36.518,103.609,0.718330,-1,-1,-1
586,769,723.728,447.449,38.680,106.625,0.720961,-1,-1,-1
586,694,551.676,451.951,35.493,88.303,0.617912,-1,-1,-1
586,786,699.005,462.030,28.716,77.280,0.573350,-1,-1,-1
586,752,663.049,453.418,37.070,103.232,0.638177,-1,-1,-1
586,815,917.434,471.816,66.098,119.624,0.285306,-1,-1,-1
586,443,1169.429,433.070,80.618,249.257,0.719850,-1,-1,-1
586,847,1160.846,438.439,32.041,97.157,0.295735,-1,-1,-1
587,648,1668.307,379.228,251.693,700.772,0.873408,-1,-1,-1
587,488,1201.797,434.130,123.627,282.052,0.666212,-1,-1,-1
587,520,975.216,441.083,104.666,232.115,0.801004,-1,-1,-1
587,686,585.878,454.809,34.905,87.318,0.743594,-1,-1,-1
587,644,411.948,450.987,51.343,122.372,0.398394,-1,-1,-1
587,405,1084.176,413.239,99.961,286.717,0.768959,-1,-1,-1
587,712,627.387,455.039,36.376,103.066,0.715653,-1,-1,-1
587,769,723.769,447.873,39.081,107.937,0.720767,-1,-1,-1
587,694,551.843,453.862,35.353,87.821,0.604941,-1,-1,-1
587,786,698.880,461.294,29.009,78.146,0.539332,-1,-1,-1
587,752,662.735,452.678,37.302,102.666,0.647269,-1,-1,-1
587,815,917.328,477.325,65.069,114.434,0.393700,-1,-1,-1
587,443,1172.075,437.047,80.553,245.412,0.679635,-1,-1,-1
587,847,1160.677,436.313,33.184,100.767,0.429905,-1,-1,-1
587,810,1062.279,442.662,45.332,143.402,0.312973,-1,-1,-1
588,648,1669.160,359.874,250.840,720.126,0.865047,-1,-1,-1
588,488,1206.145,433.335,122.807,283.826,0.837905,-1,-1,-1
588,520,982.095,446.239,100.907,225.187,0.801932,-1,-1,-1
588,686,585.581,454.886,35.011,88.181,0.745631,-1,-1,-1
588,644,411.694,451.430,50.928,121.990,0.462741,-1,-1,-1
588,405,1087.116,410.956,101.341,289.529,0.758082,-1,-1,-1
588,712,626.417,453.749,36.887,104.532,0.717412,-1,-1,-1
588,769,723.392,447.256,39.563,109.423,0.728807,-1,-1,-1
588,694,552.687,455.037,35.038,86.660,0.624336,-1,-1,-1
588,786,698.503,461.016,29.299,79.023,0.541417,-1,-1,-1
588,752,662.061,452.798,38.704,105.765,0.685901,-1,-1,-1
588,815,917.268,477.338,67.366,114.971,0.333960,-1,-1,-1
588,443,1173.639,431.932,81.571,251.307,0.772018,-1,-1,-1
588,847,1161.030,436.786,34.458,105.011,0.387225,-1,-1,-1
589,648,1676.041,363.912,243.959,716.088,0.814547,-1,-1,-1
589,488,1209.467,435.511,120.990,281.945,0.784831,-1,-1,-1
589,520,988.511,445.101,99.833,226.092,0.717426,-1,-1,-1
589,686,585.884,455.527,34.691,87.612,0.730284,-1,-1,-1
589,644,413.215,456.590,48.521,116.731,0.425473,-1,-1,-1
589,405,1091.578,408.458,102.084,288.922,0.774203,-1,-1,-1
589,712,625.243,453.095,37.140,104.866,0.733271,-1,-1,-1
589,769,723.221,447.324,39.744,110.033,0.746799,-1,-1,-1
589,694,552.875,456.196,34.679,85.475,0.667844,-1,-1,-1
589,786,698.020,465.267,27.826,74.986,0.558465,-1,-1,-1
589,752,661.376,453.018,39.211,106.638,0.731925,-1,-1,-1
589,815,915.868,478.814,67.662,112.883,0.332526,-1,-1,-1
589,443,1176.764,432.496,79.701,247.306,0.793919,-1,-1,-1
589,847,1160.395,435.447,34.678,106.129,0.460004,-1,-1,-1
589,747,376.080,467.747,47.072,110.600,0.263532,-1,-1,-1
590,648,1682.797,354.173,237.203,725.827,0.787382,-1,-1,-1
590,488,1213.125,433.800,120.471,282.675,0.824868,-1,-1,-1
590,520,995.034,447.323,97.188,223.752,0.782397,-1,-1,-1
590,686,585.514,455.614,34.575,87.502,0.736677,-1,-1,-1
590,644,413.590,457.608,47.871,115.522,0.498723,-1,-1,-1
590,405,1093.067,407.696,103.477,290.542,0.752166,-1,-1,-1
590,712,624.647,452.822,37.385,105.314,0.749945,-1,-1,-1
590,769,723.340,447.021,39.815,110.065,0.734992,-1,-1,-1
590,694,552.462,457.382,34.462,84.956,0.706844,-1,-1,-1
590,786,698.513,466.828,27.476,73.820,0.584009,-1,-1,-1
590,752,661.504,453.313,39.515,106.921,0.742927,-1,-1,-1
590,815,914.049,480.888,67.466,110.473,0.435844,-1,-1,-1
590,443,1179.484,438.784,76.931,239.896,0.728588,-1,-1,-1
590,847,1161.614,435.987,34.550,106.392,0.324625,-1,-1,-1
590,747,376.064,467.578,46.933,111.555,0.392165,-1,-1,-1
591,648,1694.581,346.908,225.419,733.092,0.733221,-1,-1,-1
591,488,1217.449,433.799,119.706,282.259,0.849676,-1,-1,-1
591,520,1000.585,447.109,96.380,225.357,0.787218,-1,-1,-1
591,686,584.944,455.537,34.469,87.521,0.706695,-1,-1,-1
591,644,414.013,458.847,47.010,114.091,0.479718,-1,-1,-1
591,405,1091.968,407.023,104.179,290.350,0.764059,-1,-1,-1
591,712,624.371,453.428,37.184,104.431,0.754863,-1,-1,-1
591,769,723.346,447.605,39.446,109.088,0.737848,-1,-1,-1
591,694,551.752,456.912,34.621,85.652,0.704866,-1,-1,-1
591,786,698.987,466.418,27.750,74.352,0.593927,-1,-1,-1
591,752,661.441,453.246,40.263,108.409,0.749188,-1,-1,-1
591,815,913.385,482.467,67.327,108.525,0.410784,-1,-1,-1
591,443,1181.533,434.804,78.724,246.692,0.777832,-1,-1,-1
591,853,799.637,465.466,49.406,87.732,0.355290,-1,-1,-1
592,648,1708.240,332.440,211.760,747.560,0.670822,-1,-1,-1
592,488,1223.818,438.124,117.789,277.338,0.858692,-1,-1,-1
592,520,1003.555,444.347,95.395,226.296,0.848865,-1,-1,-1
592,686,584.737,455.571,34.532,87.674,0.707341,-1,-1,-1
592,644,414.836,460.059,46.424,111.951,0.374031,-1,-1,-1
592,405,1091.831,408.080,104.253,288.995,0.769888,-1,-1,-1
592,712,623.330,452.295,37.885,106.236,0.766013,-1,-1,-1
592,769,723.749,448.741,39.098,108.502,0.737368,-1,-1,-1
592,694,551.239,456.043,34.647,85.803,0.711073,-1,-1,-1
592,786,699.326,466.571,27.754,74.084,0.606545,-1,-1,-1
592,752,661.023,453.152,40.755,109.054,0.762880,-1,-1,-1
592,815,912.684,483.474,67.842,107.444,0.496116,-1,-1,-1
592,443,1183.891,437.718,78.446,245.617,0.736241,-1,-1,-1
592,853,804.312,464.659,50.339,89.439,0.361838,-1,-1,-1
592,854,1814.906,344.316,105.094,735.684,0.400419,-1,-1,-1
593,488,1228.693,434.515,119.548,282.868,0.858245,-1,-1,-1
593,520,1006.640,442.047,95.034,229.314,0.777484,-1,-1,-1
593,686,584.441,455.357,34.271,86.968,0.691437,-1,-1,-1
593,644,414.643,459.107,46.987,112.768,0.397643,-1,-1,-1
593,405,1092.781,408.212,105.321,290.367,0.788105,-1,-1,-1
593,712,623.077,451.054,38.386,107.776,0.733534,-1,-1,-1
593,769,723.755,448.847,39.109,108.827,0.750346,-1,-1,-1
593,694,550.953,454.913,34.937,86.517,0.713319,-1,-1,-1
593,786,699.341,465.726,28.056,74.669,0.593613,-1,-1,-1
593,752,661.138,452.517,41.135,109.502,0.745782,-1,-1,-1
593,815,912.374,482.079,69.638,108.703,0.419054,-1,-1,-1
593,443,1187.750,447.266,76.188,235.933,0.661970,-1,-1,-1
593,853,806.691,464.279,50.687,90.266,0.323444,-1,-1,-1
593,854,1796.694,329.564,116.220,750.436,0.697038,-1,-1,-1
593,747,376.717,466.962,45.996,110.717,0.274295,-1,-1,-1
594,488,1235.304,432.592,120.274,285.259,0.873826,-1,-1,-1
594,520,1010.509,441.266,93.781,230.248,0.785933,-1,-1,-1
594,686,584.113,454.656,34.453,87.356,0.712209,-1,-1,-1
594,644,415.289,458.864,47.356,113.069,0.421998,-1,-1,-1
594,405,1093.586,407.309,106.062,290.617,0.797408,-1,-1,-1
594,712,622.811,449.979,38.785,109.038,0.734645,-1,-1,-1
594,769,723.969,449.129,39.228,109.296,0.755836,-1,-1,-1
594,694,550.854,453.468,35.361,87.646,0.742324,-1,-1,-1
594,786,699.363,464.437,28.445,75.435,0.610167,-1,-1,-1
594,752,660.190,451.947,42.010,111.205,0.750930,-1,-1,-1
594,815,911.705,481.147,71.022,109.597,0.390611,-1,-1,-1
594,443,1188.625,440.908,76.951,238.382,0.707994,-1,-1,-1
594,853,805.045,465.529,49.425,88.044,0.383182,-1,-1,-1
594,854,1802.927,314.451,117.073,765.549,0.413971,-1,-1,-1
594,747,376.762,466.708,45.756,111.019,0.365399,-1,-1,-1
595,488,1239.513,432.598,120.055,285.619,0.876957,-1,-1,-1
595,520,1015.011,442.580,91.741,228.915,0.788538,-1,-1,-1
595,686,583.964,454.487,34.490,87.595,0.697136,-1,-1,-1
595,644,415.654,459.771,47.045,111.880,0.453385,-1,-1,-1
595,405,1095.604,406.347,107.167,291.230,0.807456,-1,-1,-1
595,712,622.857,450.439,38.515,108.418,0.730196,-1,-1,-1
595,769,723.951,449.586,39.733,110.951,0.754786,-1,-1,-1
595,694,550.928,453.203,35.402,87.827,0.722274,-1,-1,-1
595,786,699.553,463.788,28.573,75.353,0.598297,-1,-1,-1
595,752,660.076,452.303,42.396,111.656,0.732441,-1,-1,-1
595,815,911.397,482.431,71.128,108.327,0.407933,-1,-1,-1
595,443,1190.599,450.213,75.690,231.259,0.682471,-1,-1,-1
595,853,805.102,465.962,49.426,87.967,0.403766,-1,-1,-1
595,747,376.661,466.208,45.632,111.842,0.385930,-1,-1,-1
596,488,1240.245,432.936,120.006,285.344,0.887573,-1,-1,-1
596,520,1020.362,445.277,89.412,226.152,0.798985,-1,-1,-1
596,686,583.716,454.368,34.529,87.784,0.692632,-1,-1,-1
596,644,415.688,461.484,46.366,110.439,0.471454,-1,-1,-1
596,405,1095.953,407.846,106.725,288.470,0.797671,-1,-1,-1
596,712,623.564,451.459,37.481,105.548,0.732780,-1,-1,-1
596,769,724.208,449.056,39.765,111.571,0.736210,-1,-1,-1
596,694,550.695,453.078,35.496,88.199,0.731028,-1,-1,-1
596,786,699.873,463.639,28.527,74.662,0.605363,-1,-1,-1
596,752,659.858,452.650,42.725,112.090,0.738803,-1,-1,-1
596,815,910.886,483.048,71.629,107.808,0.482346,-1,-1,-1
596,443,1190.274,445.341,78.653,237.232,0.713794,-1,-1,-1
596,853,804.863,466.441,48.909,86.935,0.405018,-1,-1,-1
596,747,377.094,466.667,45.289,111.772,0.394528,-1,-1,-1
597,488,1242.861,433.743,119.302,283.434,0.900896,-1,-1,-1
597,520,1022.574,443.172,89.521,228.842,0.833577,-1,-1,-1
597,686,583.440,453.862,34.591,88.029,0.689463,-1,-1,-1
597,644,415.635,460.863,46.469,111.304,0.497828,-1,-1,-1
597,405,1097.585,411.807,106.223,285.371,0.800152,-1,-1,-1
597,712,623.832,451.569,37.287,104.994,0.712989,-1,-1,-1
597,769,724.823,448.235,39.940,112.505,0.754268,-1,-1,-1
597,694,550.645,451.995,36.061,89.549,0.711629,-1,-1,-1
597,786,699.592,461.615,29.268,76.318,0.600860,-1,-1,-1
597,752,659.550,452.484,42.790,112.025,0.729628,-1,-1,-1
597,815,910.639,481.152,73.017,108.955,0.390859,-1,-1,-1
597,443,1191.300,449.660,78.458,233.058,0.743046,-1,-1,-1
597,853,804.710,465.925,49.392,87.893,0.404515,-1,-1,-1
597,747,376.277,466.622,45.479,112.410,0.527394,-1,-1,-1
598,488,1244.795,433.065,119.344,283.594,0.896795,-1,-1,-1
598,520,1025.521,443.335,89.047,227.723,0.814114,-1,-1,-1
598,686,583.376,453.292,35.014,88.894,0.703950,-1,-1,-1
598,644,416.078,462.167,45.961,110.583,0.524956,-1,-1,-1
598,405,1101.013,412.898,105.792,283.463,0.804655,-1,-1,-1
598,712,624.421,452.636,36.762,103.357,0.697067,-1,-1,-1
598,769,725.136,448.416,39.877,112.661,0.754965,-1,-1,-1
598,694,550.291,450.812,36.685,91.020,0.689174,-1,-1,-1
598,786,699.572,462.581,29.172,75.417,0.543791,-1,-1,-1
598,752,658.780,452.154,42.710,111.558,0.686232,-1,-1,-1
598,815,911.270,481.289,73.788,109.286,0.311691,-1,-1,-1
598,443,1186.883,441.554,83.468,242.877,0.783562,-1,-1,-1
598,853,804.532,466.114,49.104,87.382,0.395664,-1,-1,-1
598,747,376.546,467.587,45.160,111.389,0.532375,-1,-1,-1
599,488,1247.281,433.261,119.782,284.416,0.875860,-1,-1,-1
599,520,1029.739,441.458,91.564,232.517,0.804492,-1,-1,-1
599,686,583.063,453.396,35.128,88.856,0.688528,-1,-1,-1
599,644,416.009,461.549,45.999,111.106,0.519940,-1,-1,-1
599,405,1104.693,413.946,104.571,280.229,0.827374,-1,-1,-1
599,712,624.654,453.044,36.650,102.871,0.702938,-1,-1,-1
599,769,725.141,448.618,39.604,112.283,0.749104,-1,-1,-1
599,694,550.147,450.435,36.894,91.602,0.727699,-1,-1,-1
599,786,699.561,462.883,29.489,75.677,0.532777,-1,-1,-1
599,752,658.603,451.867,42.621,111.064,0.674247,-1,-1,-1
599,815,911.132,481.953,74.040,108.960,0.325384,-1,-1,-1
599,443,1184.340,438.662,86.936,246.983,0.782785,-1,-1,-1
599,853,805.229,464.101,50.085,89.579,0.351091,-1,-1,-1
599,747,376.750,467.549,45.305,111.769,0.554816,-1,-1,-1
599,860,1106.062,428.673,47.650,147.115,0.408964,-1,-1,-1
600,488,1250.950,432.880,119.473,284.467,0.876946,-1,-1,-1
600,520,1031.645,440.986,92.519,231.862,0.807815,-1,-1,-1
600,686,583.019,453.653,35.231,88.781,0.679787,-1,-1,-1
600,644,416.737,462.025,45.787,110.859,0.539488,-1,-1,-1
600,405,1109.434,415.658,103.348,277.886,0.781541,-1,-1,-1
600,712,625.018,454.249,35.988,100.574,0.698431,-1,-1,-1
600,769,725.404,448.326,39.202,111.192,0.751368,-1,-1,-1
600,694,550.100,452.520,35.929,89.287,0.675259,-1,-1,-1
600,786,699.199,461.826,29.677,75.761,0.505282,-1,-1,-1
600,752,657.894,451.761,42.436,110.642,0.632576,-1,-1,-1
600,815,911.308,483.354,73.564,107.574,0.410611,-1,-1,-1
600,443,1184.969,440.313,87.943,245.503,0.792951,-1,-1,-1
600,853,805.565,464.089,50.010,89.829,0.330329,-1,-1,-1
600,747,377.162,467.593,44.955,111.762,0.594023,-1,-1,-1
600,860,1103.847,430.559,46.717,144.301,0.325909,-1,-1,-1
