1,14,806.727,471.844,35.340,79.722,0.314691,-1,-1,-1
1,13,975.265,446.372,34.628,77.176,0.327021,-1,-1,-1
1,12,544.097,453.114,40.560,104.892,0.370487,-1,-1,-1
1,11,690.176,459.835,48.016,141.520,0.404716,-1,-1,-1
1,10,1015.289,434.186,37.990,99.656,0.418574,-1,-1,-1
1,9,1837.839,407.329,82.161,253.095,0.478610,-1,-1,-1
1,8,936.018,435.731,33.092,78.427,0.508513,-1,-1,-1
1,7,647.336,457.276,62.438,191.765,0.574754,-1,-1,-1
1,6,1253.770,439.032,42.764,111.500,0.694708,-1,-1,-1
1,5,727.816,454.087,42.549,115.406,0.798610,-1,-1,-1
1,4,438.158,443.753,123.485,282.353,0.800788,-1,-1,-1
1,3,1430.535,432.001,174.505,339.963,0.824847,-1,-1,-1
1,2,581.622,440.775,92.705,271.999,0.860514,-1,-1,-1
1,1,1335.840,420.124,173.399,364.358,0.880728,-1,-1,-1
2,14,807.560,473.887,35.878,77.195,0.339331,-1,-1,-1
2,13,975.576,448.154,39.038,75.617,0.440397,-1,-1,-1
2,12,547.748,453.971,37.245,103.452,0.345521,-1,-1,-1
2,11,694.312,459.772,46.372,140.538,0.412606,-1,-1,-1
2,10,1014.865,431.197,40.015,103.572,0.490743,-1,-1,-1
2,9,1077.453,453.089,52.925,143.082,0.340101,-1,-1,-1
2,8,934.379,435.182,35.684,80.757,0.555599,-1,-1,-1
2,7,651.787,452.885,64.399,190.992,0.627667,-1,-1,-1
2,6,1254.211,439.428,42.532,111.621,0.673065,-1,-1,-1
2,5,727.734,453.524,42.536,116.279,0.766855,-1,-1,-1
2,4,436.548,441.674,124.111,283.602,0.803570,-1,-1,-1
2,3,1442.110,432.569,164.753,337.375,0.794657,-1,-1,-1
2,2,581.916,441.781,94.454,271.221,0.860424,-1,-1,-1
2,1,1341.311,422.701,179.476,367.881,0.909851,-1,-1,-1
3,16,908.388,442.336,73.398,146.630,0.320526,-1,-1,-1
3,15,1092.233,431.756,45.050,130.962,0.339665,-1,-1,-1
3,14,806.271,472.701,32.748,79.049,0.332392,-1,-1,-1
3,13,975.616,449.918,37.684,69.864,0.340244,-1,-1,-1
3,12,548.726,454.893,37.133,103.320,0.342593,-1,-1,-1
3,11,693.371,457.771,44.608,140.424,0.384991,-1,-1,-1
3,10,1015.214,433.420,39.174,101.597,0.482085,-1,-1,-1
3,9,1843.236,457.840,75.324,200.652,0.321962,-1,-1,-1
3,8,933.961,435.127,36.491,80.165,0.543253,-1,-1,-1
3,7,646.820,456.955,68.350,192.398,0.667050,-1,-1,-1
3,6,1255.050,438.811,41.298,111.424,0.630426,-1,-1,-1
3,5,727.873,454.161,43.176,115.006,0.775344,-1,-1,-1
3,4,427.906,440.338,134.650,285.081,0.768796,-1,-1,-1
3,3,1447.760,427.166,166.763,348.701,0.803313,-1,-1,-1
3,2,581.163,442.490,94.840,268.233,0.847421,-1,-1,-1
3,1,1344.378,419.572,188.854,377.303,0.897719,-1,-1,-1
4,14,805.818,470.471,33.614,81.385,0.362146,-1,-1,-1
4,13,974.697,452.077,41.708,75.166,0.420636,-1,-1,-1
4,12,546.531,456.157,39.471,104.105,0.423524,-1,-1,-1
4,11,693.650,454.451,44.311,144.669,0.385848,-1,-1,-1
4,10,1012.225,426.858,45.276,107.782,0.567509,-1,-1,-1
4,8,933.068,435.240,39.586,81.810,0.490397,-1,-1,-1
4,7,651.098,450.884,64.851,194.303,0.605843,-1,-1,-1
4,6,1255.281,438.500,41.263,111.689,0.666393,-1,-1,-1
4,5,728.785,453.396,41.892,116.163,0.714587,-1,-1,-1
4,4,434.780,440.679,131.134,285.770,0.785422,-1,-1,-1
4,3,1455.208,423.510,157.505,352.708,0.788749,-1,-1,-1
4,2,581.103,442.734,95.821,267.289,0.845361,-1,-1,-1
4,1,1350.051,416.979,186.188,380.415,0.878127,-1,-1,-1
5,14,806.125,472.304,33.528,79.370,0.377391,-1,-1,-1
5,13,977.734,452.359,36.817,69.104,0.421912,-1,-1,-1
5,12,547.181,455.909,38.616,104.306,0.433532,-1,-1,-1
5,11,695.820,457.097,41.890,140.521,0.333254,-1,-1,-1
5,10,1012.664,428.311,43.346,105.930,0.533233,-1,-1,-1
5,8,932.617,434.739,39.404,82.388,0.469946,-1,-1,-1
5,7,651.984,453.044,65.476,194.570,0.602048,-1,-1,-1
5,6,1254.826,439.918,41.751,110.445,0.664718,-1,-1,-1
5,5,729.269,455.498,41.198,113.814,0.691320,-1,-1,-1
5,4,435.338,440.448,133.841,284.601,0.808969,-1,-1,-1
5,3,1480.652,427.650,127.383,346.306,0.744468,-1,-1,-1
5,2,581.410,442.844,95.133,267.274,0.860311,-1,-1,-1
5,1,1350.237,417.248,187.245,380.619,0.901122,-1,-1,-1
6,16,909.957,437.277,73.305,150.969,0.413051,-1,-1,-1
6,15,1094.400,431.594,44.357,126.082,0.397138,-1,-1,-1
6,14,806.712,472.634,34.159,79.225,0.351054,-1,-1,-1
6,13,977.490,450.534,39.511,75.017,0.452552,-1,-1,-1
6,12,547.742,455.088,37.828,105.028,0.487417,-1,-1,-1
6,11,695.584,453.417,41.631,143.243,0.354460,-1,-1,-1
6,10,1012.793,427.533,43.756,108.156,0.556488,-1,-1,-1
6,8,932.738,435.009,38.080,79.855,0.387258,-1,-1,-1
6,7,651.417,451.355,68.154,195.675,0.614296,-1,-1,-1
6,6,1254.932,440.316,41.768,110.031,0.690053,-1,-1,-1
6,5,729.033,452.641,41.404,115.983,0.738710,-1,-1,-1
6,4,430.731,439.284,139.160,287.666,0.794115,-1,-1,-1
6,3,1478.592,424.164,128.874,350.318,0.802233,-1,-1,-1
6,2,581.385,443.139,95.488,265.934,0.859271,-1,-1,-1
6,1,1354.137,415.864,185.059,383.733,0.892541,-1,-1,-1
7,16,909.092,437.608,73.827,151.113,0.423680,-1,-1,-1
7,15,1096.245,431.556,42.021,122.307,0.334521,-1,-1,-1
7,14,806.258,471.987,33.577,79.024,0.351188,-1,-1,-1
7,13,978.484,447.476,37.625,76.133,0.340416,-1,-1,-1
7,12,547.993,455.938,36.497,104.144,0.481883,-1,-1,-1
7,11,695.660,452.677,41.623,144.607,0.327952,-1,-1,-1
7,10,1013.685,432.709,41.013,103.122,0.527762,-1,-1,-1
7,9,1075.893,446.299,54.776,149.301,0.312958,-1,-1,-1
7,8,932.923,435.179,37.535,79.012,0.401873,-1,-1,-1
7,7,646.905,451.950,70.304,195.590,0.493829,-1,-1,-1
7,6,1254.249,440.765,41.866,109.481,0.681648,-1,-1,-1
7,5,730.504,456.944,39.048,113.678,0.707819,-1,-1,-1
7,4,435.583,444.822,133.975,281.418,0.820001,-1,-1,-1
7,3,1494.023,425.366,115.012,348.157,0.775645,-1,-1,-1
7,2,581.409,441.852,95.935,267.465,0.856437,-1,-1,-1
7,1,1368.133,411.062,168.011,394.685,0.889611,-1,-1,-1
8,16,907.856,439.619,72.963,149.417,0.229530,-1,-1,-1
8,15,1074.246,446.835,56.676,149.191,0.201299,-1,-1,-1
8,14,805.683,473.628,32.914,77.634,0.285980,-1,-1,-1
8,12,548.114,456.181,35.877,103.552,0.385986,-1,-1,-1
8,11,694.979,449.993,42.063,148.326,0.313503,-1,-1,-1
8,10,1015.399,440.483,39.344,92.452,0.370446,-1,-1,-1
8,8,934.941,435.771,35.114,79.109,0.544242,-1,-1,-1
8,7,647.385,452.085,66.722,196.360,0.483876,-1,-1,-1
8,6,1253.906,440.364,42.372,110.213,0.682735,-1,-1,-1
8,5,729.477,452.910,42.104,120.329,0.750163,-1,-1,-1
8,4,430.760,440.878,143.386,287.576,0.833035,-1,-1,-1
8,3,1509.171,426.182,99.885,350.451,0.764291,-1,-1,-1
8,2,580.516,440.617,96.936,269.250,0.853250,-1,-1,-1
8,1,1394.228,411.812,145.046,397.379,0.855191,-1,-1,-1
9,16,908.530,441.279,72.104,147.565,0.206725,-1,-1,-1
9,15,1073.372,455.679,56.566,140.194,0.265271,-1,-1,-1
9,14,806.853,473.153,36.354,78.439,0.304479,-1,-1,-1
9,12,548.273,456.563,35.169,103.149,0.299326,-1,-1,-1
9,11,698.013,450.559,38.991,141.411,0.382399,-1,-1,-1
9,10,1013.618,435.960,42.551,97.244,0.581565,-1,-1,-1
9,8,934.371,435.568,35.069,77.505,0.544213,-1,-1,-1
9,7,651.441,453.553,67.541,193.049,0.537507,-1,-1,-1
9,6,1253.918,439.920,42.488,110.566,0.718358,-1,-1,-1
9,5,728.694,452.472,42.726,122.036,0.729105,-1,-1,-1
9,4,432.153,443.214,142.920,284.173,0.823154,-1,-1,-1
9,3,1496.588,417.668,114.557,356.260,0.788168,-1,-1,-1
9,2,581.264,440.826,96.527,268.895,0.858539,-1,-1,-1
9,1,1403.272,408.266,137.149,396.344,0.837084,-1,-1,-1
10,18,1376.323,438.636,48.215,124.726,0.605124,-1,-1,-1
10,16,908.649,439.251,71.439,150.110,0.207776,-1,-1,-1
10,15,1075.177,458.522,55.149,137.703,0.277332,-1,-1,-1
10,14,806.495,473.506,37.352,78.209,0.299214,-1,-1,-1
10,12,548.095,453.765,35.224,104.616,0.333693,-1,-1,-1
10,11,696.587,452.274,39.387,138.654,0.373377,-1,-1,-1
10,10,1014.043,437.276,41.897,95.324,0.443440,-1,-1,-1
10,8,934.351,435.602,35.199,78.909,0.567118,-1,-1,-1
10,7,650.793,454.268,66.479,193.409,0.594260,-1,-1,-1
10,6,1254.146,440.437,42.541,110.693,0.719217,-1,-1,-1
10,5,728.596,451.433,42.669,122.100,0.743590,-1,-1,-1
10,4,433.507,440.768,143.700,286.910,0.831772,-1,-1,-1
10,3,1503.194,417.967,114.312,358.200,0.773008,-1,-1,-1
10,2,581.644,440.045,98.386,273.789,0.860941,-1,-1,-1
10,1,1415.362,408.745,127.529,395.241,0.866646,-1,-1,-1
11,18,1377.615,438.489,47.338,123.544,0.649674,-1,-1,-1
11,16,908.479,439.762,71.863,149.788,0.218972,-1,-1,-1
11,15,1075.712,457.773,56.424,139.238,0.310751,-1,-1,-1
11,14,806.800,473.947,37.397,78.824,0.310711,-1,-1,-1
11,13,980.787,450.203,32.039,67.997,0.291028,-1,-1,-1
11,12,548.977,454.191,34.651,104.721,0.298483,-1,-1,-1
11,11,1524.572,443.041,36.983,116.416,0.383027,-1,-1,-1
11,10,1014.344,436.316,40.088,98.006,0.320291,-1,-1,-1
11,9,1838.560,461.455,79.534,196.841,0.382940,-1,-1,-1
11,8,934.161,435.807,35.478,80.033,0.546507,-1,-1,-1
11,7,650.834,452.698,66.441,195.628,0.527755,-1,-1,-1
11,6,1253.828,440.891,42.586,110.489,0.718142,-1,-1,-1
11,5,728.308,455.145,42.833,119.297,0.733435,-1,-1,-1
11,4,437.752,440.435,138.912,287.226,0.831741,-1,-1,-1
11,3,1529.035,416.933,99.139,358.567,0.796231,-1,-1,-1
11,2,582.304,440.554,97.236,272.879,0.862050,-1,-1,-1
11,1,1421.572,407.867,131.992,401.235,0.838059,-1,-1,-1
12,18,1376.839,440.476,53.730,123.885,0.553545,-1,-1,-1
12,14,805.608,470.450,38.079,81.274,0.290998,-1,-1,-1
12,13,982.629,451.242,29.634,66.241,0.227487,-1,-1,-1
12,12,548.172,454.539,34.859,104.815,0.223061,-1,-1,-1
12,9,1837.706,457.892,80.974,200.836,0.411141,-1,-1,-1
12,8,934.414,435.387,33.574,74.455,0.505959,-1,-1,-1
12,7,654.214,454.180,64.312,185.742,0.468756,-1,-1,-1
12,6,1253.744,439.400,42.651,111.234,0.700684,-1,-1,-1
12,5,727.380,451.342,44.052,123.786,0.765948,-1,-1,-1
12,4,438.060,436.840,138.232,293.115,0.843585,-1,-1,-1
12,3,1532.001,413.844,104.819,368.775,0.799266,-1,-1,-1
12,2,581.973,440.390,98.061,271.452,0.864000,-1,-1,-1
12,1,1427.546,405.915,137.963,400.597,0.805510,-1,-1,-1
13,18,1378.586,435.893,52.425,124.913,0.638930,-1,-1,-1
13,14,804.493,471.732,36.446,80.168,0.295002,-1,-1,-1
13,9,1840.207,463.575,78.056,194.925,0.420850,-1,-1,-1
13,8,934.237,435.585,33.719,74.637,0.422906,-1,-1,-1
13,7,655.101,455.147,63.838,182.535,0.443533,-1,-1,-1
13,6,1253.601,439.365,42.714,111.001,0.698088,-1,-1,-1
13,5,726.936,450.907,44.074,124.269,0.765915,-1,-1,-1
13,4,437.850,436.433,139.014,294.786,0.841925,-1,-1,-1
13,3,1530.464,419.688,127.362,365.921,0.764929,-1,-1,-1
13,2,581.918,438.733,98.252,274.798,0.880135,-1,-1,-1
13,1,1444.839,410.734,130.248,396.155,0.802294,-1,-1,-1
14,18,1380.856,433.670,53.379,128.102,0.601852,-1,-1,-1
14,14,806.487,473.904,36.712,78.517,0.343056,-1,-1,-1
14,9,1839.166,462.572,78.834,195.378,0.387892,-1,-1,-1
14,8,934.363,435.119,33.577,78.898,0.436499,-1,-1,-1
14,7,654.337,458.876,62.472,186.515,0.335882,-1,-1,-1
14,6,1253.711,438.467,42.717,112.149,0.687926,-1,-1,-1
14,5,727.610,453.967,42.468,122.819,0.716884,-1,-1,-1
14,4,438.702,439.686,137.770,293.151,0.828900,-1,-1,-1
14,3,1537.434,413.998,156.013,377.569,0.794171,-1,-1,-1
14,2,581.986,439.138,98.381,273.961,0.882707,-1,-1,-1
14,1,1444.038,404.782,157.423,404.225,0.798976,-1,-1,-1
15,18,1393.034,427.571,47.155,132.713,0.561263,-1,-1,-1
15,14,806.047,472.841,36.350,79.263,0.357665,-1,-1,-1
15,9,1836.490,460.651,81.181,197.598,0.367354,-1,-1,-1
15,8,934.524,435.505,35.571,79.896,0.502471,-1,-1,-1
15,7,654.068,458.500,55.976,191.329,0.497163,-1,-1,-1
15,6,1253.073,439.762,41.986,110.699,0.696013,-1,-1,-1
15,5,727.859,453.977,42.495,121.386,0.731665,-1,-1,-1
15,4,433.763,441.506,144.829,290.868,0.822696,-1,-1,-1
15,3,1546.725,417.060,170.565,377.584,0.825435,-1,-1,-1
15,2,582.215,438.684,96.908,274.527,0.876703,-1,-1,-1
15,1,1439.976,413.303,185.952,400.732,0.769736,-1,-1,-1
16,18,1394.948,427.390,46.322,133.748,0.559868,-1,-1,-1
16,14,807.862,474.847,35.196,77.531,0.328564,-1,-1,-1
16,9,1835.634,464.353,82.025,194.543,0.466214,-1,-1,-1
16,8,934.093,434.857,36.060,80.774,0.437726,-1,-1,-1
16,7,654.636,458.714,58.779,193.878,0.531146,-1,-1,-1
16,6,1253.980,441.529,40.737,108.616,0.693791,-1,-1,-1
16,5,728.403,457.235,39.974,118.921,0.688472,-1,-1,-1
16,4,434.443,441.987,143.243,293.383,0.813705,-1,-1,-1
16,3,1567.949,425.001,172.137,364.893,0.780663,-1,-1,-1
16,2,582.745,439.744,95.957,271.851,0.892824,-1,-1,-1
16,1,1445.973,416.475,202.049,395.955,0.818569,-1,-1,-1
17,18,1394.328,429.017,47.245,131.860,0.589193,-1,-1,-1
17,14,808.587,478.498,35.639,74.436,0.256431,-1,-1,-1
17,11,695.044,459.243,43.372,137.595,0.438840,-1,-1,-1
17,9,1838.237,462.464,80.576,196.456,0.496487,-1,-1,-1
17,8,932.966,435.633,34.648,75.893,0.232603,-1,-1,-1
17,7,655.163,459.479,58.504,194.181,0.536656,-1,-1,-1
17,6,1252.786,442.496,41.230,107.495,0.712135,-1,-1,-1
17,5,726.640,453.452,41.623,123.566,0.717931,-1,-1,-1
17,4,440.533,444.846,136.704,291.859,0.834125,-1,-1,-1
17,3,1569.129,421.572,183.344,375.494,0.802658,-1,-1,-1
17,2,582.491,439.698,96.672,271.501,0.878458,-1,-1,-1
17,1,1446.972,408.459,232.462,410.516,0.801542,-1,-1,-1
18,18,1403.137,432.582,41.851,128.791,0.521313,-1,-1,-1
18,14,808.586,477.777,35.928,75.668,0.252945,-1,-1,-1
18,11,695.104,467.514,42.009,128.048,0.430319,-1,-1,-1
18,9,1840.891,465.865,77.465,193.591,0.470068,-1,-1,-1
18,8,932.946,435.669,34.350,80.258,0.276851,-1,-1,-1
18,7,655.772,460.107,59.149,195.177,0.507511,-1,-1,-1
18,6,1252.945,441.682,40.822,108.267,0.695367,-1,-1,-1
18,5,726.376,454.278,41.526,121.537,0.669478,-1,-1,-1
18,4,438.574,442.337,137.157,293.080,0.834280,-1,-1,-1
18,3,1573.189,426.784,183.591,371.305,0.797689,-1,-1,-1
18,2,581.829,440.134,97.994,270.707,0.877357,-1,-1,-1
18,1,1451.705,412.295,232.305,404.540,0.832241,-1,-1,-1
19,18,1408.143,422.852,38.606,138.640,0.403566,-1,-1,-1
19,14,808.984,479.469,35.526,73.862,0.244363,-1,-1,-1
19,11,694.761,457.486,42.022,136.783,0.296747,-1,-1,-1
19,9,1842.325,468.929,76.802,190.737,0.455534,-1,-1,-1
19,8,934.335,435.860,33.122,80.266,0.428359,-1,-1,-1
19,7,656.198,461.771,61.531,192.158,0.508460,-1,-1,-1
19,6,1252.625,442.003,40.176,108.240,0.672987,-1,-1,-1
19,5,725.304,455.786,42.574,117.622,0.705973,-1,-1,-1
19,4,440.890,443.052,134.282,292.024,0.847910,-1,-1,-1
19,3,1573.634,443.256,185.452,359.379,0.676863,-1,-1,-1
19,2,582.907,438.622,97.791,273.229,0.851440,-1,-1,-1
19,1,1453.455,406.713,252.821,407.747,0.789467,-1,-1,-1
20,18,1409.045,436.648,43.980,125.279,0.382395,-1,-1,-1
20,14,809.347,481.493,33.868,71.426,0.259495,-1,-1,-1
20,11,672.319,455.722,56.980,146.249,0.224567,-1,-1,-1
20,9,1838.454,459.877,80.453,199.367,0.425945,-1,-1,-1
20,8,933.729,436.609,34.193,79.756,0.334050,-1,-1,-1
20,7,659.115,458.553,63.942,183.511,0.459076,-1,-1,-1
20,6,1252.089,442.621,40.362,107.912,0.646972,-1,-1,-1
20,5,724.092,456.737,44.395,118.681,0.714714,-1,-1,-1
20,4,445.118,445.625,130.199,290.715,0.856781,-1,-1,-1
20,3,1587.364,428.439,174.044,379.488,0.769801,-1,-1,-1
20,2,583.221,437.916,100.883,272.875,0.850199,-1,-1,-1
20,1,1456.466,409.917,254.606,408.602,0.830331,-1,-1,-1
21,19,1445.793,468.840,31.716,78.639,0.264013,-1,-1,-1
21,18,1412.488,451.946,45.601,108.883,0.228715,-1,-1,-1
21,14,809.803,483.000,34.148,70.138,0.247041,-1,-1,-1
21,11,673.168,463.259,56.078,138.362,0.205567,-1,-1,-1
21,9,1838.045,461.435,79.956,197.636,0.390134,-1,-1,-1
21,8,934.111,437.381,32.843,78.785,0.390263,-1,-1,-1
21,7,660.326,463.055,61.668,179.907,0.494647,-1,-1,-1
21,6,1251.101,442.755,40.854,107.612,0.679747,-1,-1,-1
21,5,724.929,459.690,43.514,115.316,0.622482,-1,-1,-1
21,4,442.521,444.653,133.049,293.173,0.852033,-1,-1,-1
21,3,1607.106,424.387,155.121,384.307,0.742629,-1,-1,-1
21,2,583.446,437.165,104.314,275.431,0.843747,-1,-1,-1
21,1,1459.042,410.618,252.902,410.752,0.862893,-1,-1,-1
22,18,1411.856,435.885,53.993,126.446,0.348523,-1,-1,-1
22,11,675.904,462.372,52.731,138.942,0.224304,-1,-1,-1
22,9,1838.522,461.431,79.348,197.324,0.454851,-1,-1,-1
22,8,933.215,438.014,33.772,78.402,0.381616,-1,-1,-1
22,7,660.261,463.015,62.806,163.679,0.463969,-1,-1,-1
22,6,1250.200,444.081,41.486,105.695,0.713750,-1,-1,-1
22,5,722.894,472.490,45.797,104.690,0.477288,-1,-1,-1
22,4,438.105,445.796,140.654,292.259,0.838757,-1,-1,-1
22,3,1624.932,423.814,159.781,381.408,0.781777,-1,-1,-1
22,2,583.209,438.061,109.153,276.282,0.837688,-1,-1,-1
22,1,1462.737,412.335,250.388,408.571,0.873900,-1,-1,-1
23,18,1411.380,443.951,65.849,118.286,0.519343,-1,-1,-1
23,11,688.194,450.198,43.431,152.547,0.354288,-1,-1,-1
23,9,1838.753,460.269,79.166,198.525,0.455327,-1,-1,-1
23,8,933.270,437.176,34.064,81.840,0.220129,-1,-1,-1
23,7,660.224,463.531,61.855,162.584,0.408663,-1,-1,-1
23,6,1249.374,443.743,41.236,105.555,0.750222,-1,-1,-1
23,5,719.027,475.452,49.955,101.989,0.503428,-1,-1,-1
23,4,442.796,445.527,134.781,290.810,0.825367,-1,-1,-1
23,3,1633.870,422.526,129.317,378.414,0.780614,-1,-1,-1
23,2,582.899,439.005,109.808,272.861,0.812995,-1,-1,-1
23,1,1467.784,407.644,248.676,414.136,0.890185,-1,-1,-1
24,18,1411.895,442.917,71.449,119.137,0.493017,-1,-1,-1
24,16,905.336,439.058,74.755,150.761,0.259305,-1,-1,-1
24,11,689.010,448.458,43.652,151.001,0.369951,-1,-1,-1
24,9,1838.572,464.865,78.870,193.093,0.451693,-1,-1,-1
24,8,932.962,437.841,34.736,81.565,0.267835,-1,-1,-1
24,7,657.201,461.484,63.713,178.739,0.459145,-1,-1,-1
24,6,1249.245,442.965,41.011,105.929,0.751540,-1,-1,-1
24,5,720.291,471.792,49.061,104.797,0.556874,-1,-1,-1
24,4,447.148,444.834,131.471,292.526,0.841515,-1,-1,-1
24,3,1642.813,420.659,122.873,379.510,0.724374,-1,-1,-1
24,2,583.840,440.515,109.086,272.353,0.806091,-1,-1,-1
24,1,1477.118,408.704,245.346,411.745,0.882752,-1,-1,-1
25,18,1411.359,440.242,74.392,121.330,0.487386,-1,-1,-1
25,16,907.383,441.874,73.614,147.902,0.240897,-1,-1,-1
25,11,690.511,448.548,39.158,88.339,0.321015,-1,-1,-1
25,9,1839.372,455.018,78.688,203.585,0.449030,-1,-1,-1
25,8,932.272,437.967,36.459,81.174,0.271526,-1,-1,-1
25,7,664.499,462.663,59.823,183.556,0.509923,-1,-1,-1
25,6,1249.848,443.698,40.109,105.965,0.764975,-1,-1,-1
25,5,718.526,467.875,52.548,104.154,0.548679,-1,-1,-1
25,4,449.357,444.596,132.138,298.098,0.823061,-1,-1,-1
25,3,1652.697,419.247,126.963,382.245,0.768445,-1,-1,-1
25,2,584.811,439.566,108.227,273.189,0.819179,-1,-1,-1
25,1,1484.164,403.326,240.254,420.309,0.882006,-1,-1,-1
26,18,1411.924,444.546,73.893,117.359,0.505489,-1,-1,-1
26,16,906.185,444.047,75.120,145.785,0.343789,-1,-1,-1
26,11,692.337,446.682,37.308,83.751,0.454991,-1,-1,-1
26,9,1843.378,447.015,74.501,211.206,0.485842,-1,-1,-1
26,8,1301.417,421.694,40.708,126.149,0.358730,-1,-1,-1
26,7,662.742,463.141,64.007,187.445,0.684473,-1,-1,-1
26,6,1250.382,444.219,39.318,104.901,0.752942,-1,-1,-1
26,5,719.119,457.977,56.069,119.131,0.616479,-1,-1,-1
26,4,453.736,444.878,128.342,300.580,0.822176,-1,-1,-1
26,3,1662.265,416.277,122.540,384.056,0.821096,-1,-1,-1
26,2,586.380,438.285,105.159,274.463,0.818412,-1,-1,-1
26,1,1494.844,404.655,231.753,421.061,0.888941,-1,-1,-1
27,18,1415.111,438.115,74.303,123.478,0.587000,-1,-1,-1
27,16,907.073,443.114,73.664,146.768,0.235071,-1,-1,-1
27,11,693.171,446.860,38.057,88.668,0.327572,-1,-1,-1
27,9,1844.333,444.487,73.697,214.258,0.533279,-1,-1,-1
27,8,1301.247,422.753,40.785,125.978,0.320046,-1,-1,-1
27,7,664.007,462.150,64.459,190.402,0.702331,-1,-1,-1
27,6,1250.595,444.382,38.764,104.577,0.754454,-1,-1,-1
27,5,717.885,460.520,58.164,117.595,0.624641,-1,-1,-1
27,4,462.019,442.891,120.476,299.018,0.818591,-1,-1,-1
27,3,1671.724,414.366,117.591,394.067,0.811471,-1,-1,-1
27,2,588.545,439.053,102.095,274.647,0.831497,-1,-1,-1
27,1,1508.113,403.994,218.818,424.538,0.885900,-1,-1,-1
28,18,1417.842,437.978,71.337,125.030,0.688176,-1,-1,-1
28,15,1076.254,451.494,58.496,147.699,0.278841,-1,-1,-1
28,11,692.496,448.211,37.915,77.613,0.350777,-1,-1,-1
28,9,1842.458,421.563,76.735,236.376,0.574931,-1,-1,-1
28,8,1301.701,423.222,40.861,125.257,0.280090,-1,-1,-1
28,7,661.499,459.375,65.521,193.935,0.698756,-1,-1,-1
28,6,1249.507,445.780,40.452,103.268,0.757780,-1,-1,-1
28,5,716.682,455.833,59.124,125.857,0.736319,-1,-1,-1
28,4,441.813,443.160,145.175,297.576,0.821155,-1,-1,-1
28,3,1675.140,413.866,126.398,396.032,0.772122,-1,-1,-1
28,2,588.993,441.047,101.526,275.535,0.835654,-1,-1,-1
28,1,1532.896,401.735,193.681,426.733,0.891291,-1,-1,-1
29,18,1422.982,436.826,65.737,124.966,0.621487,-1,-1,-1
29,15,1075.659,451.226,58.841,148.342,0.269976,-1,-1,-1
29,11,693.093,446.273,38.260,101.821,0.388282,-1,-1,-1
29,9,1843.889,416.990,75.480,240.943,0.582157,-1,-1,-1
29,8,933.987,441.459,34.370,76.424,0.306642,-1,-1,-1
29,7,662.453,458.929,64.271,194.281,0.615356,-1,-1,-1
29,6,1250.506,443.825,38.458,104.259,0.746966,-1,-1,-1
29,5,719.063,456.646,53.126,125.358,0.675484,-1,-1,-1
29,4,447.662,443.480,138.984,294.560,0.824917,-1,-1,-1
29,3,1675.396,412.236,151.367,395.332,0.848616,-1,-1,-1
29,2,590.828,441.665,100.260,275.832,0.850923,-1,-1,-1
29,1,1547.678,397.701,179.448,432.123,0.859959,-1,-1,-1
30,20,1553.654,465.301,35.255,95.332,0.616406,-1,-1,-1
30,18,1424.781,433.144,63.047,129.308,0.711177,-1,-1,-1
30,15,1075.607,446.425,58.802,152.074,0.281331,-1,-1,-1
30,11,692.093,446.585,40.279,117.326,0.377008,-1,-1,-1
30,9,1844.381,418.845,75.075,238.815,0.525184,-1,-1,-1
30,8,933.522,440.378,34.842,78.101,0.317922,-1,-1,-1
30,7,663.533,457.145,63.813,198.187,0.539534,-1,-1,-1
30,6,1250.463,443.386,38.412,104.545,0.745205,-1,-1,-1
30,5,718.809,455.500,53.326,127.685,0.561608,-1,-1,-1
30,4,448.227,441.495,139.956,297.672,0.806158,-1,-1,-1
30,3,1673.937,411.427,193.492,403.753,0.855238,-1,-1,-1
30,2,592.914,439.889,102.235,276.222,0.839574,-1,-1,-1
30,1,1573.185,392.328,167.357,444.476,0.837702,-1,-1,-1
31,20,1553.695,456.109,37.074,102.545,0.359115,-1,-1,-1
31,18,1439.475,432.204,48.328,128.406,0.634163,-1,-1,-1
31,16,905.721,445.013,76.077,145.255,0.381609,-1,-1,-1
31,15,1078.380,441.620,56.499,156.402,0.246717,-1,-1,-1
31,11,692.757,445.812,40.811,130.532,0.379657,-1,-1,-1
31,9,1837.656,407.689,82.211,251.825,0.468508,-1,-1,-1
31,8,932.720,441.316,34.689,74.587,0.307784,-1,-1,-1
31,7,668.662,458.412,59.571,196.040,0.530750,-1,-1,-1
31,6,1250.547,443.176,38.529,104.962,0.752856,-1,-1,-1
31,5,717.421,459.388,53.827,125.029,0.634628,-1,-1,-1
31,4,447.829,438.973,141.641,300.406,0.785509,-1,-1,-1
31,3,1683.598,417.466,214.760,395.932,0.885337,-1,-1,-1
31,2,593.820,439.677,103.518,276.315,0.832039,-1,-1,-1
31,1,1593.343,390.386,166.429,448.898,0.828661,-1,-1,-1
32,20,1553.310,441.199,34.356,116.321,0.281760,-1,-1,-1
32,19,1484.291,443.813,34.544,97.843,0.617532,-1,-1,-1
32,18,1445.443,432.283,45.324,127.045,0.747836,-1,-1,-1
32,16,906.462,442.287,73.858,146.912,0.263337,-1,-1,-1
32,15,1077.478,449.937,57.257,149.526,0.245665,-1,-1,-1
32,11,692.007,443.565,43.643,140.698,0.420819,-1,-1,-1
32,9,1840.541,422.370,79.195,238.715,0.438295,-1,-1,-1
32,8,932.110,440.457,35.719,75.847,0.322038,-1,-1,-1
32,7,675.152,461.113,55.152,195.027,0.614459,-1,-1,-1
32,6,1249.477,443.510,39.443,104.294,0.754795,-1,-1,-1
32,5,719.288,465.069,49.241,118.350,0.521625,-1,-1,-1
32,4,448.292,438.209,142.706,306.015,0.795045,-1,-1,-1
32,3,1692.835,414.442,224.940,403.816,0.883207,-1,-1,-1
32,2,597.104,438.426,101.818,277.853,0.824292,-1,-1,-1
32,1,1602.749,391.715,173.788,453.992,0.844192,-1,-1,-1
33,20,1552.675,443.208,38.016,115.800,0.448103,-1,-1,-1
33,19,1485.345,443.366,38.377,101.358,0.612920,-1,-1,-1
33,18,1449.029,431.099,42.514,126.633,0.763857,-1,-1,-1
33,16,906.535,445.539,73.651,143.804,0.240607,-1,-1,-1
33,15,1077.338,448.853,56.702,149.998,0.233069,-1,-1,-1
33,14,807.048,474.363,38.900,78.821,0.257765,-1,-1,-1
33,11,692.392,444.980,43.568,139.328,0.389468,-1,-1,-1
33,9,1840.815,425.430,79.185,235.427,0.451395,-1,-1,-1
33,8,932.838,441.382,34.237,74.909,0.366307,-1,-1,-1
33,7,677.526,460.357,53.559,197.241,0.638357,-1,-1,-1
33,6,1249.077,443.083,39.944,105.437,0.767582,-1,-1,-1
33,5,720.017,460.624,46.146,118.928,0.456593,-1,-1,-1
33,4,452.570,438.358,138.982,304.036,0.768577,-1,-1,-1
33,3,1711.890,408.113,208.003,417.108,0.792395,-1,-1,-1
33,2,600.658,437.047,97.679,278.993,0.846393,-1,-1,-1
33,1,1608.051,392.834,178.309,455.704,0.853223,-1,-1,-1
34,20,1551.658,447.164,35.500,110.752,0.272202,-1,-1,-1
34,19,1487.258,444.842,37.612,96.451,0.499516,-1,-1,-1
34,18,1452.400,431.254,42.605,129.792,0.754035,-1,-1,-1
34,14,806.773,475.025,37.162,78.066,0.217323,-1,-1,-1
34,11,686.981,447.090,52.494,173.398,0.342252,-1,-1,-1
34,9,1843.036,406.841,76.922,253.364,0.407018,-1,-1,-1
34,8,933.053,440.265,33.526,75.873,0.348516,-1,-1,-1
34,7,677.005,459.620,55.105,197.050,0.656645,-1,-1,-1
34,6,1248.719,442.714,41.023,105.356,0.771590,-1,-1,-1
34,5,719.410,460.518,43.759,119.431,0.371536,-1,-1,-1
34,4,453.069,438.077,137.829,309.029,0.756080,-1,-1,-1
34,3,1707.913,404.732,211.929,426.588,0.685738,-1,-1,-1
34,2,602.882,437.122,95.229,279.266,0.818404,-1,-1,-1
34,1,1611.926,389.721,192.541,462.893,0.808348,-1,-1,-1
35,19,1489.684,447.161,36.162,89.071,0.455809,-1,-1,-1
35,18,1454.437,431.803,41.662,128.627,0.744802,-1,-1,-1
35,11,688.636,448.274,48.423,178.815,0.307932,-1,-1,-1
35,8,933.115,440.384,33.156,74.488,0.252785,-1,-1,-1
35,7,676.989,458.593,54.919,198.342,0.666940,-1,-1,-1
35,6,1248.284,441.791,41.852,105.601,0.768206,-1,-1,-1
35,5,721.548,461.445,40.985,119.985,0.372285,-1,-1,-1
35,4,449.931,438.638,140.320,310.240,0.767043,-1,-1,-1
35,3,1713.542,416.720,206.458,411.461,0.600728,-1,-1,-1
35,2,604.072,438.030,94.545,278.582,0.809017,-1,-1,-1
35,1,1618.878,393.479,214.502,462.201,0.755888,-1,-1,-1
36,19,1491.494,445.093,34.889,95.127,0.411621,-1,-1,-1
36,18,1457.410,431.327,41.123,129.801,0.756234,-1,-1,-1
36,12,576.806,453.592,43.076,135.837,0.379360,-1,-1,-1
36,11,688.310,454.139,48.648,172.121,0.220795,-1,-1,-1
36,8,933.083,439.668,33.268,75.317,0.224017,-1,-1,-1
36,7,673.796,459.377,58.802,200.457,0.707086,-1,-1,-1
36,6,1248.675,442.040,41.760,105.705,0.765668,-1,-1,-1
36,5,715.441,462.084,45.092,121.431,0.350207,-1,-1,-1
36,4,448.352,439.493,142.532,311.916,0.794874,-1,-1,-1
36,3,1739.533,413.594,180.467,416.706,0.746407,-1,-1,-1
36,2,607.473,437.427,90.787,279.307,0.812846,-1,-1,-1
36,1,1623.205,393.793,250.926,481.023,0.830334,-1,-1,-1
37,18,1456.485,430.953,49.328,130.069,0.748203,-1,-1,-1
37,16,905.602,456.371,74.440,133.624,0.235745,-1,-1,-1
37,12,576.522,454.219,43.638,136.130,0.539787,-1,-1,-1
37,8,933.627,440.455,32.943,74.995,0.257522,-1,-1,-1
37,7,673.864,462.572,63.057,197.621,0.703542,-1,-1,-1
37,6,1249.872,441.804,40.585,105.987,0.764055,-1,-1,-1
37,5,714.399,466.424,45.100,119.193,0.367521,-1,-1,-1
37,4,446.945,441.214,144.400,309.830,0.784881,-1,-1,-1
37,3,1753.651,415.851,165.823,418.017,0.684723,-1,-1,-1
37,2,609.766,437.421,91.107,279.171,0.832477,-1,-1,-1
37,1,1624.594,393.698,274.938,476.563,0.868707,-1,-1,-1
38,18,1459.500,430.064,47.587,130.678,0.709916,-1,-1,-1
38,16,906.938,444.663,73.155,145.424,0.205245,-1,-1,-1
38,14,807.511,476.020,42.649,77.763,0.256631,-1,-1,-1
38,12,576.488,452.997,42.703,136.965,0.384815,-1,-1,-1
38,8,931.982,440.591,34.559,75.392,0.297032,-1,-1,-1
38,7,676.297,460.015,60.404,200.463,0.660659,-1,-1,-1
38,6,1251.067,440.606,40.496,106.716,0.761769,-1,-1,-1
38,5,715.068,461.321,47.623,122.723,0.282350,-1,-1,-1
38,4,447.269,441.623,144.806,306.410,0.814781,-1,-1,-1
38,3,1785.898,413.893,134.102,412.188,0.671350,-1,-1,-1
38,2,610.373,440.043,91.170,276.580,0.835389,-1,-1,-1
38,1,1624.668,395.110,291.887,482.088,0.898249,-1,-1,-1
39,18,1460.719,430.900,53.034,129.981,0.750361,-1,-1,-1
39,16,906.337,444.284,73.424,145.517,0.251253,-1,-1,-1
39,14,806.167,477.861,41.652,74.832,0.355085,-1,-1,-1
39,12,577.786,452.730,41.959,137.268,0.377285,-1,-1,-1
39,8,932.538,441.346,33.918,74.135,0.234864,-1,-1,-1
39,7,676.203,459.556,61.347,201.710,0.646386,-1,-1,-1
39,6,1252.154,438.462,40.993,109.078,0.756881,-1,-1,-1
39,5,715.799,464.861,45.887,119.870,0.328613,-1,-1,-1
39,4,450.115,444.072,142.197,302.180,0.816222,-1,-1,-1
39,3,1807.993,414.754,111.578,412.062,0.654844,-1,-1,-1
39,2,610.243,438.273,93.505,279.008,0.849727,-1,-1,-1
39,1,1628.329,401.281,287.112,478.863,0.904255,-1,-1,-1
40,18,1462.919,431.628,52.740,128.137,0.749690,-1,-1,-1
40,16,906.337,450.467,73.240,139.108,0.216666,-1,-1,-1
40,14,805.934,481.713,40.221,71.428,0.261329,-1,-1,-1
40,12,574.198,447.170,45.881,142.601,0.336270,-1,-1,-1
40,8,931.320,439.183,34.799,76.982,0.302074,-1,-1,-1
40,7,681.752,467.927,60.347,198.197,0.659368,-1,-1,-1
40,6,1252.775,438.760,40.790,109.166,0.755141,-1,-1,-1
40,5,716.906,459.540,44.380,121.145,0.343475,-1,-1,-1
40,4,450.654,445.712,143.007,305.761,0.817070,-1,-1,-1
40,3,1815.627,405.707,104.373,422.457,0.706468,-1,-1,-1
40,2,609.813,437.279,95.840,280.572,0.860616,-1,-1,-1
40,1,1626.845,400.346,287.325,482.024,0.910582,-1,-1,-1
41,18,1462.244,430.000,57.382,129.263,0.747290,-1,-1,-1
41,16,907.321,444.005,72.596,145.160,0.336033,-1,-1,-1
41,14,805.391,478.297,41.576,74.356,0.278992,-1,-1,-1
41,12,576.247,448.214,44.552,141.251,0.438494,-1,-1,-1
41,8,930.483,439.440,36.525,79.435,0.237966,-1,-1,-1
41,7,679.803,458.727,66.149,209.738,0.718298,-1,-1,-1
41,6,1252.841,438.616,41.583,108.990,0.756958,-1,-1,-1
41,5,713.874,451.721,48.622,127.692,0.366192,-1,-1,-1
41,4,451.779,446.977,141.766,303.966,0.816055,-1,-1,-1
41,3,1825.465,397.444,94.535,428.240,0.727500,-1,-1,-1
41,2,611.443,438.261,94.630,279.658,0.856278,-1,-1,-1
41,1,1633.939,396.305,282.185,485.360,0.913602,-1,-1,-1
42,18,1465.199,432.109,55.592,127.301,0.745908,-1,-1,-1
42,16,906.512,448.712,72.070,140.769,0.284230,-1,-1,-1
42,14,805.959,478.257,39.555,74.005,0.250436,-1,-1,-1
42,12,576.656,442.994,44.918,145.766,0.352871,-1,-1,-1
42,8,932.191,440.302,34.231,75.242,0.305648,-1,-1,-1
42,7,682.105,458.814,63.491,209.550,0.748209,-1,-1,-1
42,6,1252.404,437.468,40.902,111.248,0.765441,-1,-1,-1
42,5,714.491,450.733,46.889,125.764,0.269658,-1,-1,-1
42,4,449.400,446.155,144.844,314.587,0.818339,-1,-1,-1
42,3,1833.642,392.047,86.358,442.217,0.734359,-1,-1,-1
42,2,612.225,438.311,93.686,279.346,0.872050,-1,-1,-1
42,1,1638.168,396.457,277.575,481.502,0.912844,-1,-1,-1
43,18,1468.544,429.221,54.546,129.889,0.749160,-1,-1,-1
43,16,907.756,462.531,74.984,128.344,0.293632,-1,-1,-1
43,14,804.808,472.658,39.118,79.293,0.230787,-1,-1,-1
43,12,576.861,449.438,45.354,140.221,0.496305,-1,-1,-1
43,10,1005.621,446.763,39.823,78.442,0.455036,-1,-1,-1
43,8,932.966,441.418,33.450,74.438,0.370483,-1,-1,-1
43,7,685.342,463.063,61.317,205.916,0.750401,-1,-1,-1
43,6,1252.520,436.309,42.611,112.370,0.751350,-1,-1,-1
43,5,610.426,448.280,30.594,81.969,0.342987,-1,-1,-1
43,4,448.311,444.026,145.242,318.988,0.829629,-1,-1,-1
43,3,1840.821,392.759,79.179,438.496,0.709031,-1,-1,-1
43,2,611.083,439.863,94.947,277.681,0.854872,-1,-1,-1
43,1,1646.134,396.618,271.920,481.584,0.923239,-1,-1,-1
44,18,1471.974,428.304,50.497,131.556,0.688343,-1,-1,-1
44,16,1078.889,448.087,55.481,153.242,0.315282,-1,-1,-1
44,15,1302.389,424.211,38.285,120.782,0.356336,-1,-1,-1
44,14,1858.730,431.727,61.270,271.552,0.579266,-1,-1,-1
44,12,576.445,447.054,45.022,144.515,0.429704,-1,-1,-1
44,10,1006.585,450.233,33.345,72.189,0.337281,-1,-1,-1
44,8,932.632,440.477,33.334,75.387,0.381542,-1,-1,-1
44,7,685.367,450.398,62.044,217.434,0.707492,-1,-1,-1
44,6,1252.969,437.799,42.147,111.260,0.753281,-1,-1,-1
44,5,608.647,447.605,31.999,91.882,0.342927,-1,-1,-1
44,4,450.206,443.753,143.798,317.859,0.799097,-1,-1,-1
44,3,1848.624,411.816,71.376,405.805,0.378980,-1,-1,-1
44,2,611.526,439.717,95.215,277.924,0.859636,-1,-1,-1
44,1,1663.725,389.525,254.777,482.897,0.927102,-1,-1,-1
45,18,1474.745,431.784,47.167,128.153,0.707413,-1,-1,-1
45,16,1078.380,450.086,56.383,150.904,0.407044,-1,-1,-1
45,15,1302.485,423.591,39.414,121.485,0.377743,-1,-1,-1
45,12,577.180,445.871,45.247,143.882,0.381285,-1,-1,-1
45,10,1007.630,450.348,36.913,69.422,0.308588,-1,-1,-1
45,8,932.823,440.823,34.071,75.854,0.393453,-1,-1,-1
45,7,686.445,451.696,61.888,214.989,0.730415,-1,-1,-1
45,6,1253.573,436.797,42.817,112.019,0.738736,-1,-1,-1
45,5,608.410,448.626,32.074,85.189,0.333573,-1,-1,-1
45,4,451.044,443.400,142.974,318.225,0.831377,-1,-1,-1
45,3,1864.897,407.626,55.103,415.822,0.497574,-1,-1,-1
45,2,611.568,438.954,96.360,278.460,0.852590,-1,-1,-1
45,1,1685.949,385.836,230.230,491.119,0.905103,-1,-1,-1
46,18,1479.472,428.947,43.057,129.383,0.680068,-1,-1,-1
46,16,907.780,455.784,73.861,134.690,0.310956,-1,-1,-1
46,15,1301.934,423.204,38.482,121.957,0.398777,-1,-1,-1
46,12,578.342,445.309,43.360,146.758,0.332215,-1,-1,-1
46,10,1010.405,449.291,42.468,78.425,0.340693,-1,-1,-1
46,8,932.316,440.724,34.732,75.286,0.257154,-1,-1,-1
46,7,686.165,460.785,62.813,205.654,0.739982,-1,-1,-1
46,6,1253.644,436.328,43.849,112.635,0.716659,-1,-1,-1
46,5,606.974,448.779,33.739,100.672,0.376068,-1,-1,-1
46,4,449.847,442.572,142.883,320.620,0.820768,-1,-1,-1
46,3,1869.339,390.371,50.661,437.360,0.440690,-1,-1,-1
46,2,612.578,440.253,97.966,275.831,0.842681,-1,-1,-1
46,1,1702.678,388.555,215.551,496.960,0.880526,-1,-1,-1
47,18,1484.683,433.889,40.032,122.803,0.645933,-1,-1,-1
47,16,1079.336,452.084,56.886,148.081,0.380266,-1,-1,-1
47,15,1302.078,423.394,38.441,121.614,0.455306,-1,-1,-1
47,12,578.955,447.547,44.221,144.455,0.445187,-1,-1,-1
47,11,731.142,450.144,39.428,113.865,0.317070,-1,-1,-1
47,10,1013.220,450.812,40.528,79.715,0.333984,-1,-1,-1
47,8,932.392,440.380,34.473,75.850,0.254261,-1,-1,-1
47,7,687.146,458.202,68.569,207.532,0.770002,-1,-1,-1
47,6,1254.116,437.326,44.117,111.991,0.721965,-1,-1,-1
47,5,607.632,447.992,33.043,98.662,0.393847,-1,-1,-1
47,4,447.193,441.826,144.495,321.086,0.816748,-1,-1,-1
47,3,1876.935,403.769,43.065,428.001,0.305750,-1,-1,-1
47,2,612.451,438.467,98.619,278.076,0.851874,-1,-1,-1
47,1,1731.838,384.006,188.162,502.412,0.815129,-1,-1,-1
48,18,1490.906,434.965,36.281,124.291,0.297551,-1,-1,-1
48,16,1078.819,449.928,56.980,149.979,0.407266,-1,-1,-1
48,15,1302.047,423.506,39.636,122.680,0.479082,-1,-1,-1
48,12,569.158,445.117,45.552,146.839,0.260021,-1,-1,-1
48,11,736.231,454.873,35.634,111.083,0.269264,-1,-1,-1
48,10,1016.378,450.627,38.807,81.391,0.311964,-1,-1,-1
48,8,932.121,439.960,34.288,75.710,0.329647,-1,-1,-1
48,7,688.995,459.781,61.369,206.947,0.752323,-1,-1,-1
48,6,1253.692,438.156,45.015,110.745,0.746144,-1,-1,-1
48,5,605.798,448.665,35.579,112.005,0.365064,-1,-1,-1
48,4,445.183,439.549,146.694,325.210,0.827820,-1,-1,-1
48,3,1887.382,399.637,32.618,471.463,0.214046,-1,-1,-1
48,2,612.966,441.412,99.689,274.690,0.834743,-1,-1,-1
48,1,1774.100,384.496,145.679,502.918,0.858559,-1,-1,-1
49,16,1078.732,453.759,57.355,146.015,0.376065,-1,-1,-1
49,15,1302.077,422.768,40.015,123.182,0.348843,-1,-1,-1
49,12,579.956,447.466,46.948,141.616,0.337883,-1,-1,-1
49,11,737.665,455.341,36.498,110.290,0.444059,-1,-1,-1
49,10,1013.509,450.019,41.300,81.445,0.270960,-1,-1,-1
49,8,933.017,439.493,33.343,75.622,0.316225,-1,-1,-1
49,7,689.015,456.066,66.174,210.666,0.747910,-1,-1,-1
49,6,1255.198,439.726,43.354,109.593,0.733928,-1,-1,-1
49,5,608.873,451.150,32.522,97.537,0.301557,-1,-1,-1
49,4,443.700,439.955,148.460,322.784,0.837619,-1,-1,-1
49,2,613.382,441.474,102.168,275.794,0.855295,-1,-1,-1
49,1,1791.467,379.568,128.445,509.601,0.846164,-1,-1,-1
50,16,905.958,447.631,73.612,142.736,0.311252,-1,-1,-1
50,15,1301.429,422.168,39.781,124.255,0.356575,-1,-1,-1
50,12,579.182,445.415,45.488,143.604,0.364654,-1,-1,-1
50,11,742.851,457.838,32.953,107.166,0.355440,-1,-1,-1
50,10,1017.321,453.761,38.597,75.877,0.210532,-1,-1,-1
50,8,932.483,438.379,34.329,79.225,0.214948,-1,-1,-1
50,7,691.886,454.287,66.343,212.863,0.729235,-1,-1,-1
50,6,1255.433,439.210,42.578,110.002,0.705901,-1,-1,-1
50,5,609.780,451.102,32.137,99.974,0.317085,-1,-1,-1
50,4,444.729,438.834,147.465,326.144,0.832995,-1,-1,-1
50,2,612.105,438.838,104.433,279.925,0.833069,-1,-1,-1
50,1,1803.179,379.834,116.487,512.083,0.804963,-1,-1,-1
51,19,1522.725,442.183,32.969,92.639,0.204469,-1,-1,-1
51,15,1301.490,422.596,38.996,123.976,0.319634,-1,-1,-1
51,12,578.826,442.833,44.141,145.686,0.303785,-1,-1,-1
51,11,742.929,459.730,33.260,103.943,0.504255,-1,-1,-1
51,10,1014.507,447.969,42.680,81.148,0.236483,-1,-1,-1
51,8,933.433,439.154,32.835,75.807,0.256862,-1,-1,-1
51,7,693.242,460.665,67.614,205.923,0.746913,-1,-1,-1
51,6,1254.570,439.905,44.380,108.831,0.694607,-1,-1,-1
51,5,610.119,450.535,33.164,101.000,0.328349,-1,-1,-1
51,4,439.132,438.217,153.115,325.787,0.849825,-1,-1,-1
51,2,612.702,440.119,105.359,279.172,0.848136,-1,-1,-1
51,1,1814.668,378.952,105.130,516.565,0.804181,-1,-1,-1
52,18,1499.747,443.183,48.168,114.066,0.278256,-1,-1,-1
52,15,1301.140,422.551,38.646,123.062,0.223303,-1,-1,-1
52,12,577.663,438.713,46.215,150.079,0.368543,-1,-1,-1
52,11,743.349,459.607,33.073,104.728,0.346977,-1,-1,-1
52,10,1011.543,450.291,44.923,77.956,0.291075,-1,-1,-1
52,8,933.295,438.828,33.347,76.474,0.290703,-1,-1,-1
52,7,689.241,456.522,72.426,208.978,0.774049,-1,-1,-1
52,6,1254.649,440.227,43.563,108.591,0.667302,-1,-1,-1
52,5,611.671,448.048,31.879,96.785,0.348689,-1,-1,-1
52,4,443.763,437.561,147.821,326.193,0.832192,-1,-1,-1
52,2,613.457,442.430,103.451,276.898,0.855674,-1,-1,-1
52,1,1821.088,378.991,98.570,513.582,0.779185,-1,-1,-1
53,18,1495.269,438.841,52.945,120.880,0.380484,-1,-1,-1
53,15,1301.384,420.523,39.446,124.841,0.219313,-1,-1,-1
53,12,577.758,438.003,46.875,151.023,0.372115,-1,-1,-1
53,11,744.025,457.551,33.403,105.018,0.415421,-1,-1,-1
53,10,1015.436,456.762,40.410,72.256,0.271286,-1,-1,-1
53,8,932.553,440.112,32.861,76.133,0.243789,-1,-1,-1
53,7,689.249,454.272,74.837,211.560,0.777668,-1,-1,-1
53,6,1254.702,440.830,44.052,108.127,0.697708,-1,-1,-1
53,5,612.374,448.515,30.610,88.942,0.280782,-1,-1,-1
53,4,447.471,438.791,144.048,324.406,0.828273,-1,-1,-1
53,2,615.072,442.993,101.477,275.954,0.858356,-1,-1,-1
53,1,1822.709,375.647,97.291,518.594,0.833111,-1,-1,-1
54,18,1494.823,441.657,52.864,118.227,0.534003,-1,-1,-1
54,12,578.749,441.764,47.169,146.431,0.279955,-1,-1,-1
54,11,743.457,452.198,33.090,111.996,0.326666,-1,-1,-1
54,10,1024.203,464.536,33.051,63.784,0.221980,-1,-1,-1
54,8,932.347,440.062,32.794,76.352,0.219222,-1,-1,-1
54,7,687.499,453.565,75.685,214.237,0.778968,-1,-1,-1
54,6,1254.698,440.866,43.525,107.382,0.690220,-1,-1,-1
54,5,610.854,450.505,31.481,89.346,0.325079,-1,-1,-1
54,4,445.448,437.632,146.312,325.589,0.832817,-1,-1,-1
54,2,616.087,441.000,99.329,278.148,0.869075,-1,-1,-1
54,1,1812.331,381.750,107.669,512.480,0.799272,-1,-1,-1
55,19,1528.295,439.304,38.342,113.408,0.585713,-1,-1,-1
55,18,1495.165,442.518,60.551,117.064,0.600740,-1,-1,-1
55,12,576.777,445.837,46.305,142.435,0.341880,-1,-1,-1
55,11,743.542,453.601,35.382,109.904,0.323203,-1,-1,-1
55,8,932.705,439.294,33.036,77.136,0.233951,-1,-1,-1
55,7,689.276,457.192,74.123,209.129,0.761100,-1,-1,-1
55,6,1254.766,440.627,43.519,108.012,0.657072,-1,-1,-1
55,5,610.879,450.091,32.141,92.033,0.294794,-1,-1,-1
55,4,445.853,437.018,146.020,327.021,0.832360,-1,-1,-1
55,2,617.207,440.792,98.458,277.430,0.865009,-1,-1,-1
55,1,1813.684,373.645,105.549,522.467,0.770314,-1,-1,-1
56,19,1530.113,441.474,37.672,111.471,0.611779,-1,-1,-1
56,18,1494.973,441.941,46.381,116.867,0.492508,-1,-1,-1
56,16,1077.894,455.045,58.212,144.062,0.396277,-1,-1,-1
56,12,575.665,442.537,49.825,145.270,0.411891,-1,-1,-1
56,11,747.493,457.687,38.240,105.755,0.283360,-1,-1,-1
56,8,932.473,438.890,33.555,77.666,0.327732,-1,-1,-1
56,7,691.995,458.186,70.195,208.537,0.756545,-1,-1,-1
56,6,1255.321,440.759,43.569,107.193,0.680245,-1,-1,-1
56,5,612.112,449.285,31.182,86.823,0.287153,-1,-1,-1
56,4,442.802,437.422,151.621,325.177,0.833756,-1,-1,-1
56,2,619.109,439.669,99.579,279.075,0.859558,-1,-1,-1
56,1,1817.908,362.326,101.130,531.644,0.698336,-1,-1,-1
57,19,1532.983,443.482,36.272,109.615,0.651556,-1,-1,-1
57,18,1496.701,442.981,44.382,114.875,0.566278,-1,-1,-1
57,16,1078.032,455.855,58.957,142.630,0.269759,-1,-1,-1
57,12,576.228,442.275,50.340,145.226,0.457932,-1,-1,-1
57,11,745.836,460.938,38.979,105.771,0.621760,-1,-1,-1
57,8,933.652,439.283,32.485,76.660,0.284300,-1,-1,-1
57,7,691.479,457.798,70.627,210.032,0.777369,-1,-1,-1
57,6,1255.831,441.858,42.296,105.974,0.690683,-1,-1,-1
57,5,612.786,448.229,30.791,90.698,0.262860,-1,-1,-1
57,4,441.472,437.125,154.399,326.384,0.830017,-1,-1,-1
57,2,619.708,439.715,99.153,280.755,0.857132,-1,-1,-1
57,1,1818.754,377.458,101.246,514.239,0.578732,-1,-1,-1
58,19,1535.325,446.622,35.958,107.431,0.580527,-1,-1,-1
58,18,1497.586,443.325,42.688,114.583,0.494595,-1,-1,-1
58,16,1004.350,450.438,31.078,76.067,0.406319,-1,-1,-1
58,12,578.459,443.509,48.032,145.259,0.499370,-1,-1,-1
58,11,745.055,460.427,41.213,104.262,0.650811,-1,-1,-1
58,8,932.749,438.633,32.669,77.193,0.381245,-1,-1,-1
58,7,690.872,457.223,74.280,213.884,0.758268,-1,-1,-1
58,6,1256.357,444.372,41.962,103.793,0.672940,-1,-1,-1
58,5,593.146,445.489,44.780,144.969,0.327254,-1,-1,-1
58,4,441.591,437.742,154.796,328.319,0.815043,-1,-1,-1
58,2,618.294,441.224,97.971,278.728,0.854260,-1,-1,-1
58,1,1824.059,354.829,95.941,539.089,0.498004,-1,-1,-1
59,19,1535.744,442.129,36.523,113.427,0.514843,-1,-1,-1
59,18,1498.472,442.622,45.747,115.718,0.458076,-1,-1,-1
59,16,1006.003,448.455,31.447,77.551,0.432888,-1,-1,-1
59,12,578.241,447.604,48.569,141.558,0.491434,-1,-1,-1
59,11,746.273,459.264,38.990,105.373,0.656092,-1,-1,-1
59,10,1033.244,449.868,30.414,80.094,0.476362,-1,-1,-1
59,8,932.831,438.056,32.723,77.891,0.434461,-1,-1,-1
59,7,695.090,458.140,70.928,213.528,0.780493,-1,-1,-1
59,6,1256.889,443.276,42.617,104.760,0.671689,-1,-1,-1
59,5,598.506,448.715,37.290,140.554,0.297994,-1,-1,-1
59,4,444.729,437.468,151.230,327.279,0.794426,-1,-1,-1
59,2,619.491,439.680,99.087,282.139,0.862231,-1,-1,-1
59,1,1825.349,355.637,94.651,536.855,0.401383,-1,-1,-1
60,19,1539.721,442.262,34.444,111.946,0.396207,-1,-1,-1
60,18,1521.921,431.316,37.813,120.778,0.341913,-1,-1,-1
60,16,1005.056,449.119,31.043,77.391,0.460656,-1,-1,-1
60,12,577.635,450.654,44.674,138.871,0.431651,-1,-1,-1
60,11,745.031,458.161,42.329,105.168,0.635535,-1,-1,-1
60,10,1033.333,449.520,31.498,81.589,0.548213,-1,-1,-1
60,8,932.326,438.111,33.182,77.839,0.477494,-1,-1,-1
60,7,694.098,457.145,69.885,215.692,0.787984,-1,-1,-1
60,6,1257.238,443.856,42.264,104.618,0.693416,-1,-1,-1
60,5,604.251,448.883,32.566,136.661,0.270667,-1,-1,-1
60,4,451.918,437.330,149.654,329.813,0.787458,-1,-1,-1
60,2,619.427,442.537,99.533,281.656,0.854160,-1,-1,-1
60,1,1824.835,357.707,95.165,534.140,0.318800,-1,-1,-1
61,19,1542.970,438.733,33.305,113.336,0.276072,-1,-1,-1
61,18,1522.315,428.922,39.432,123.154,0.487459,-1,-1,-1
61,16,1003.775,448.882,34.396,79.326,0.539439,-1,-1,-1
61,12,575.891,447.960,47.919,142.802,0.483551,-1,-1,-1
61,11,745.729,460.027,41.987,103.883,0.615311,-1,-1,-1
61,10,1034.966,448.692,27.885,80.858,0.454126,-1,-1,-1
61,8,932.642,439.064,32.943,76.841,0.451602,-1,-1,-1
61,7,694.695,458.416,69.572,215.613,0.788568,-1,-1,-1
61,6,1255.871,443.536,43.076,104.747,0.683434,-1,-1,-1
61,5,605.758,448.099,33.477,138.519,0.209957,-1,-1,-1
61,4,460.140,437.525,156.571,329.511,0.813618,-1,-1,-1
61,2,617.347,441.095,100.402,284.042,0.846368,-1,-1,-1
61,1,1830.498,360.236,89.502,534.272,0.240549,-1,-1,-1
62,19,1537.752,441.826,34.837,109.827,0.209415,-1,-1,-1
62,18,1524.083,430.190,38.318,122.148,0.548865,-1,-1,-1
62,16,1003.314,446.930,35.919,82.088,0.626326,-1,-1,-1
62,12,576.666,445.799,47.259,144.515,0.524166,-1,-1,-1
62,11,747.020,459.507,40.006,105.073,0.624142,-1,-1,-1
62,10,1035.094,446.814,28.150,84.172,0.420653,-1,-1,-1
62,8,933.388,441.473,32.703,74.015,0.342409,-1,-1,-1
62,7,693.659,460.491,71.519,214.340,0.782612,-1,-1,-1
62,6,1255.600,442.670,42.438,105.097,0.662728,-1,-1,-1
62,4,458.652,441.646,169.648,326.391,0.823590,-1,-1,-1
62,2,614.109,441.760,100.952,280.970,0.859866,-1,-1,-1
63,19,1553.864,441.799,26.251,100.079,0.244573,-1,-1,-1
63,18,1527.705,430.506,38.535,123.587,0.506478,-1,-1,-1
63,16,1003.386,448.046,35.416,81.900,0.577714,-1,-1,-1
63,12,575.566,446.577,48.703,142.904,0.541389,-1,-1,-1
63,11,748.761,459.780,38.893,104.856,0.578322,-1,-1,-1
63,10,1034.266,450.217,27.417,81.071,0.479294,-1,-1,-1
63,8,933.172,441.294,34.132,75.919,0.379373,-1,-1,-1
63,7,693.723,460.008,71.520,215.527,0.781549,-1,-1,-1
63,6,1255.333,444.232,42.611,103.535,0.692736,-1,-1,-1
63,4,453.655,441.905,176.829,327.694,0.819373,-1,-1,-1
63,2,615.811,441.237,99.067,281.861,0.864149,-1,-1,-1
64,18,1529.419,431.338,37.485,121.826,0.490902,-1,-1,-1
64,16,1002.745,445.377,35.844,84.798,0.600017,-1,-1,-1
64,15,1301.799,421.965,40.225,123.294,0.387323,-1,-1,-1
64,12,575.423,444.695,48.432,145.755,0.561355,-1,-1,-1
64,11,750.205,459.948,38.715,104.870,0.594942,-1,-1,-1
64,10,1033.415,449.465,29.445,82.042,0.496827,-1,-1,-1
64,8,932.586,441.192,34.381,76.435,0.479264,-1,-1,-1
64,7,693.145,460.905,72.294,216.608,0.742895,-1,-1,-1
64,6,1254.437,441.605,43.922,106.523,0.687084,-1,-1,-1
64,4,455.404,443.046,180.526,326.358,0.817181,-1,-1,-1
64,2,616.410,442.348,98.739,281.948,0.841218,-1,-1,-1
65,18,1531.114,428.291,37.069,126.272,0.588735,-1,-1,-1
65,16,1002.566,445.281,35.682,88.607,0.599990,-1,-1,-1
65,15,1302.008,424.020,40.067,121.230,0.390716,-1,-1,-1
65,12,575.449,438.513,47.207,152.279,0.485394,-1,-1,-1
65,11,749.788,459.360,39.518,106.103,0.502633,-1,-1,-1
65,10,1033.572,449.431,29.695,82.077,0.471802,-1,-1,-1
65,8,931.509,439.587,35.278,78.154,0.500352,-1,-1,-1
65,7,694.296,460.029,71.229,220.891,0.756143,-1,-1,-1
65,6,1254.729,440.715,43.115,107.379,0.679767,-1,-1,-1
65,5,905.673,443.345,73.722,146.585,0.321371,-1,-1,-1
65,4,455.235,444.352,183.680,325.689,0.819067,-1,-1,-1
65,2,615.533,443.593,98.908,279.339,0.851310,-1,-1,-1
66,18,1532.317,428.987,36.800,122.676,0.589595,-1,-1,-1
66,16,1003.194,446.915,34.416,86.582,0.581059,-1,-1,-1
66,15,1301.537,423.610,40.527,121.119,0.514671,-1,-1,-1
66,12,578.679,439.280,41.855,150.173,0.364782,-1,-1,-1
66,11,747.918,460.355,40.511,105.203,0.408868,-1,-1,-1
66,10,1033.167,449.383,31.263,82.209,0.507668,-1,-1,-1
66,8,931.870,440.316,35.494,77.580,0.506913,-1,-1,-1
66,7,694.857,460.194,71.077,219.126,0.757967,-1,-1,-1
66,6,1254.631,439.603,43.637,108.242,0.686219,-1,-1,-1
66,5,1066.873,441.294,25.652,68.289,0.327720,-1,-1,-1
66,4,455.345,444.607,186.124,326.515,0.835185,-1,-1,-1
66,2,616.064,443.061,98.340,281.943,0.864730,-1,-1,-1
67,18,1536.097,429.391,42.425,123.711,0.566240,-1,-1,-1
67,16,1003.010,446.645,34.520,85.292,0.586042,-1,-1,-1
67,15,1301.547,423.922,40.719,120.655,0.468034,-1,-1,-1
67,14,1091.353,432.869,43.802,131.810,0.239564,-1,-1,-1
67,11,747.780,460.392,41.156,107.346,0.315821,-1,-1,-1
67,10,1033.106,449.388,32.804,80.750,0.518133,-1,-1,-1
67,8,932.573,441.685,34.688,76.717,0.509918,-1,-1,-1
67,7,695.329,460.280,71.732,219.797,0.738474,-1,-1,-1
67,6,1255.435,441.620,42.975,106.059,0.686785,-1,-1,-1
67,5,1067.020,441.343,25.502,67.715,0.330839,-1,-1,-1
67,4,455.854,445.503,189.083,328.275,0.834806,-1,-1,-1
67,2,615.616,443.363,99.308,282.750,0.863602,-1,-1,-1
68,18,1536.091,433.343,42.446,119.824,0.627305,-1,-1,-1
68,16,1002.650,445.297,35.844,86.457,0.562059,-1,-1,-1
68,15,1301.597,423.390,40.431,121.859,0.458915,-1,-1,-1
68,14,1076.480,449.952,55.307,148.540,0.273554,-1,-1,-1
68,11,751.643,462.491,37.796,101.368,0.267696,-1,-1,-1
68,10,1033.383,446.360,33.850,83.229,0.478542,-1,-1,-1
68,8,932.819,441.957,35.120,77.001,0.466850,-1,-1,-1
68,7,694.675,456.669,75.422,221.827,0.766824,-1,-1,-1
68,6,1256.882,440.604,42.328,107.113,0.700135,-1,-1,-1
68,5,1067.346,441.600,24.324,67.615,0.347794,-1,-1,-1
68,4,459.539,445.715,184.965,326.786,0.828651,-1,-1,-1
68,2,614.403,443.421,100.148,283.457,0.854441,-1,-1,-1
69,18,1536.508,432.741,44.173,120.833,0.580669,-1,-1,-1
69,16,1002.628,443.837,35.922,84.859,0.554580,-1,-1,-1
69,15,1301.548,423.429,40.405,121.693,0.396242,-1,-1,-1
69,14,1074.105,454.473,57.131,144.193,0.248942,-1,-1,-1
69,10,1036.249,447.618,31.564,80.512,0.310976,-1,-1,-1
69,8,932.729,441.731,34.857,76.856,0.415736,-1,-1,-1
69,7,695.040,458.475,75.503,221.073,0.759322,-1,-1,-1
69,6,1256.825,440.487,42.568,107.471,0.697963,-1,-1,-1
69,5,1067.458,442.623,24.426,65.556,0.334631,-1,-1,-1
69,4,470.165,444.175,174.518,328.903,0.844584,-1,-1,-1
69,2,614.334,441.313,100.153,288.680,0.851635,-1,-1,-1
70,18,1539.486,425.576,44.952,127.006,0.511129,-1,-1,-1
70,16,1002.452,444.775,36.206,84.648,0.604327,-1,-1,-1
70,15,1301.229,421.778,38.076,122.776,0.368992,-1,-1,-1
70,14,1073.958,453.838,57.337,144.439,0.263817,-1,-1,-1
70,10,1037.047,448.952,32.238,78.758,0.301657,-1,-1,-1
70,8,932.578,441.488,35.433,77.350,0.452024,-1,-1,-1
70,7,695.360,459.143,75.963,220.275,0.795233,-1,-1,-1
70,6,1256.915,439.692,42.656,108.431,0.701540,-1,-1,-1
70,5,1067.240,443.356,24.452,66.531,0.349034,-1,-1,-1
70,4,477.508,442.516,166.169,331.184,0.857458,-1,-1,-1
70,2,611.191,440.661,102.713,289.727,0.846015,-1,-1,-1
71,18,1542.404,426.348,42.470,125.195,0.402261,-1,-1,-1
71,16,1002.786,444.548,35.028,83.284,0.509788,-1,-1,-1
71,15,1301.600,422.278,37.540,122.765,0.269225,-1,-1,-1
71,14,1072.100,457.827,57.762,140.933,0.226819,-1,-1,-1
71,10,1037.996,449.218,33.561,75.551,0.219685,-1,-1,-1
71,8,932.484,440.568,34.756,77.753,0.493350,-1,-1,-1
71,7,696.742,459.701,79.180,217.083,0.784298,-1,-1,-1
71,6,1256.111,442.092,42.593,105.796,0.688469,-1,-1,-1
71,5,1067.376,444.230,24.123,63.677,0.317285,-1,-1,-1
71,4,487.963,443.757,155.706,329.830,0.831270,-1,-1,-1
71,2,612.656,441.872,102.348,288.368,0.855835,-1,-1,-1
72,18,1542.562,428.209,42.490,123.405,0.414264,-1,-1,-1
72,16,1002.078,445.020,36.957,82.128,0.407501,-1,-1,-1
72,15,1301.546,422.399,38.373,123.067,0.273691,-1,-1,-1
72,14,1074.088,451.063,57.325,147.742,0.219573,-1,-1,-1
72,8,932.543,439.771,34.531,77.738,0.451328,-1,-1,-1
72,7,695.494,458.077,80.419,220.510,0.757459,-1,-1,-1
72,6,1256.031,440.994,42.570,107.001,0.700090,-1,-1,-1
72,4,488.283,440.832,157.686,333.057,0.842043,-1,-1,-1
72,2,613.136,440.936,101.153,289.583,0.852213,-1,-1,-1
73,18,1547.371,422.698,39.457,129.999,0.456720,-1,-1,-1
73,16,1001.827,443.570,38.096,83.398,0.411346,-1,-1,-1
73,15,1301.306,422.361,38.239,122.789,0.284186,-1,-1,-1
73,14,1072.902,448.748,59.422,150.172,0.348758,-1,-1,-1
73,8,932.659,440.661,34.652,77.522,0.502526,-1,-1,-1
73,7,697.661,457.846,82.039,221.396,0.770004,-1,-1,-1
73,6,1256.197,440.936,42.852,106.701,0.695783,-1,-1,-1
73,4,496.541,438.541,148.545,332.534,0.871104,-1,-1,-1
73,2,612.830,438.739,101.363,291.633,0.847528,-1,-1,-1
74,18,1544.966,427.335,41.013,122.196,0.205826,-1,-1,-1
74,16,1002.400,445.057,36.242,79.500,0.235901,-1,-1,-1
74,15,1301.361,420.356,39.011,123.023,0.291117,-1,-1,-1
74,14,1072.358,450.190,60.191,149.721,0.474398,-1,-1,-1
74,8,932.209,440.047,34.015,78.520,0.517742,-1,-1,-1
74,7,697.548,456.962,86.562,221.807,0.757861,-1,-1,-1
74,6,1256.480,441.005,42.868,106.838,0.704001,-1,-1,-1
74,4,498.513,436.923,148.198,336.910,0.849924,-1,-1,-1
74,2,616.000,438.640,98.271,292.911,0.829018,-1,-1,-1
75,16,1002.203,446.484,36.314,78.164,0.371711,-1,-1,-1
75,15,1301.625,422.086,38.082,121.577,0.348435,-1,-1,-1
75,14,1071.050,447.577,61.280,152.394,0.463734,-1,-1,-1
75,11,764.802,448.694,42.311,116.936,0.415765,-1,-1,-1
75,8,932.059,439.755,34.056,78.279,0.504369,-1,-1,-1
75,7,696.213,457.188,86.777,222.785,0.749940,-1,-1,-1
75,6,1256.928,442.037,42.239,106.362,0.696684,-1,-1,-1
75,4,491.506,437.560,155.894,335.858,0.824333,-1,-1,-1
75,2,618.475,438.462,95.274,286.689,0.880481,-1,-1,-1
76,16,1000.416,444.832,38.075,82.835,0.561250,-1,-1,-1
76,15,1301.231,420.586,38.959,122.422,0.353358,-1,-1,-1
76,14,1070.294,444.637,61.631,155.088,0.413902,-1,-1,-1
76,8,932.215,439.588,33.778,78.738,0.499145,-1,-1,-1
76,7,698.727,455.935,79.837,223.701,0.671524,-1,-1,-1
76,6,1257.081,441.632,42.874,106.637,0.711625,-1,-1,-1
76,4,503.353,437.570,144.851,335.033,0.805017,-1,-1,-1
76,2,620.382,439.070,93.319,286.301,0.842516,-1,-1,-1
77,16,1000.642,445.371,38.559,82.571,0.607305,-1,-1,-1
77,15,1302.669,423.861,38.156,119.606,0.371998,-1,-1,-1
77,14,1070.490,445.869,60.980,153.645,0.397790,-1,-1,-1
77,10,1045.560,446.356,33.199,79.838,0.313108,-1,-1,-1
77,8,932.104,439.347,34.032,78.923,0.509577,-1,-1,-1
77,7,699.718,455.816,77.825,222.823,0.641454,-1,-1,-1
77,6,1257.158,441.705,42.762,106.554,0.710506,-1,-1,-1
77,4,507.353,435.080,140.014,341.745,0.787459,-1,-1,-1
77,2,622.338,440.178,91.950,286.739,0.840352,-1,-1,-1
78,16,999.581,443.930,39.236,86.128,0.600647,-1,-1,-1
78,15,1302.146,425.205,38.241,118.876,0.414166,-1,-1,-1
78,14,1071.326,452.788,59.897,147.331,0.367895,-1,-1,-1
78,10,1048.675,449.361,32.507,73.642,0.284216,-1,-1,-1
78,8,933.135,440.526,32.414,77.017,0.518529,-1,-1,-1
78,7,700.975,458.104,93.060,220.569,0.708053,-1,-1,-1
78,6,1259.039,442.669,42.003,105.483,0.678429,-1,-1,-1
78,4,506.867,435.358,142.996,341.040,0.763973,-1,-1,-1
78,3,502.559,443.552,89.848,287.611,0.558437,-1,-1,-1
78,2,622.264,440.160,90.755,292.754,0.857206,-1,-1,-1
79,16,999.327,444.246,40.005,86.671,0.665788,-1,-1,-1
79,15,1302.340,424.661,38.103,119.825,0.473527,-1,-1,-1
79,14,1072.695,451.155,58.168,148.950,0.316135,-1,-1,-1
79,11,464.891,450.950,39.411,122.083,0.506213,-1,-1,-1
79,10,1049.743,448.181,31.984,71.343,0.284831,-1,-1,-1
79,8,932.764,439.005,33.214,78.876,0.563731,-1,-1,-1
79,7,701.800,458.241,96.735,222.362,0.770697,-1,-1,-1
79,6,1258.705,442.780,42.617,105.746,0.693331,-1,-1,-1
79,4,516.439,437.495,135.111,344.094,0.758373,-1,-1,-1
79,3,494.783,440.779,96.626,286.616,0.630566,-1,-1,-1
79,2,624.630,439.668,91.069,288.896,0.858543,-1,-1,-1
80,16,999.948,444.934,41.148,86.640,0.655287,-1,-1,-1
80,15,1302.363,424.691,38.038,120.686,0.539495,-1,-1,-1
80,14,1071.668,445.227,58.511,154.184,0.336989,-1,-1,-1
80,11,464.579,452.433,38.965,118.556,0.302609,-1,-1,-1
80,10,1050.692,448.163,33.440,72.577,0.276575,-1,-1,-1
80,8,932.572,439.199,33.204,78.508,0.561768,-1,-1,-1
80,7,702.840,457.618,101.630,222.766,0.795175,-1,-1,-1
80,6,1258.709,441.875,43.177,107.162,0.709710,-1,-1,-1
80,4,515.565,437.073,143.090,347.154,0.780157,-1,-1,-1
80,3,492.118,439.773,97.619,299.112,0.593009,-1,-1,-1
80,2,624.751,440.121,90.674,288.158,0.868460,-1,-1,-1
81,16,1000.091,444.470,41.911,85.706,0.670476,-1,-1,-1
81,15,1302.288,424.335,37.813,120.506,0.506723,-1,-1,-1
81,14,1070.657,446.287,59.466,153.097,0.337888,-1,-1,-1
81,11,465.505,455.939,36.195,112.636,0.337097,-1,-1,-1
81,10,1050.751,450.056,31.892,73.247,0.277291,-1,-1,-1
81,8,932.189,439.050,33.406,78.619,0.555585,-1,-1,-1
81,7,707.328,460.302,103.554,219.332,0.770321,-1,-1,-1
81,6,1258.461,442.489,43.608,106.424,0.714122,-1,-1,-1
81,4,515.871,440.022,141.091,345.142,0.781062,-1,-1,-1
81,3,492.203,442.423,96.348,299.453,0.637859,-1,-1,-1
81,2,625.882,442.580,89.557,287.903,0.864390,-1,-1,-1
82,16,1001.708,444.726,40.671,86.934,0.682473,-1,-1,-1
82,15,1302.499,425.864,37.677,119.298,0.428889,-1,-1,-1
82,14,1069.486,446.826,61.094,153.060,0.407271,-1,-1,-1
82,11,465.478,454.561,36.463,112.474,0.375624,-1,-1,-1
82,10,1050.650,445.762,34.444,77.744,0.293635,-1,-1,-1
82,8,932.925,438.025,33.327,77.976,0.515960,-1,-1,-1
82,7,711.341,454.497,103.024,227.859,0.749839,-1,-1,-1
82,6,1258.590,444.147,42.682,104.609,0.742546,-1,-1,-1
82,4,517.305,439.830,140.599,345.029,0.777187,-1,-1,-1
82,3,493.944,442.987,95.325,301.025,0.648588,-1,-1,-1
82,2,626.485,442.411,90.558,288.407,0.841875,-1,-1,-1
83,16,1002.313,445.386,40.143,85.227,0.710978,-1,-1,-1
83,15,1301.375,422.194,38.344,120.039,0.341315,-1,-1,-1
83,14,1072.512,445.386,58.795,153.876,0.311524,-1,-1,-1
83,11,466.100,457.612,33.283,96.535,0.332746,-1,-1,-1
83,10,1053.155,444.655,32.762,78.691,0.249860,-1,-1,-1
83,8,932.937,437.884,32.974,79.065,0.599824,-1,-1,-1
83,7,710.619,462.261,103.041,219.835,0.787732,-1,-1,-1
83,6,1258.084,444.230,41.917,103.924,0.741107,-1,-1,-1
83,5,906.991,471.852,70.583,116.837,0.275544,-1,-1,-1
83,4,509.417,440.647,152.469,347.368,0.782105,-1,-1,-1
83,3,493.736,443.294,96.070,304.704,0.570639,-1,-1,-1
83,2,628.651,443.905,90.880,288.945,0.839125,-1,-1,-1
84,16,1002.245,445.701,38.489,84.927,0.707665,-1,-1,-1
84,15,1301.749,424.296,38.671,118.399,0.336034,-1,-1,-1
84,14,1074.899,446.639,56.320,152.808,0.266626,-1,-1,-1
84,11,464.977,455.019,36.671,104.983,0.349939,-1,-1,-1
84,10,1053.825,444.577,33.080,77.514,0.233375,-1,-1,-1
84,8,932.973,438.034,33.215,79.543,0.611321,-1,-1,-1
84,7,714.863,461.452,99.293,222.069,0.829887,-1,-1,-1
84,6,1258.882,444.973,40.928,102.881,0.727832,-1,-1,-1
84,4,515.904,440.595,147.545,348.416,0.771493,-1,-1,-1
84,3,497.588,445.647,96.721,302.056,0.629445,-1,-1,-1
84,2,628.860,442.354,93.551,290.218,0.834580,-1,-1,-1
85,16,1001.580,446.007,37.757,84.916,0.699685,-1,-1,-1
85,15,1302.003,423.183,37.848,118.874,0.235797,-1,-1,-1
85,14,1075.761,455.055,54.779,144.144,0.317678,-1,-1,-1
85,10,1053.967,447.133,33.120,80.605,0.229506,-1,-1,-1
85,9,1838.572,452.704,79.265,205.059,0.281012,-1,-1,-1
85,8,933.688,438.286,32.880,78.386,0.612055,-1,-1,-1
85,7,713.642,459.089,100.596,224.362,0.816046,-1,-1,-1
85,6,1259.723,443.848,40.889,104.048,0.736024,-1,-1,-1
85,4,519.197,436.974,146.928,354.789,0.780555,-1,-1,-1
85,3,494.559,442.986,100.888,304.427,0.573899,-1,-1,-1
85,2,630.121,441.751,93.302,294.626,0.800116,-1,-1,-1
86,16,1002.099,447.569,37.422,81.462,0.547423,-1,-1,-1
86,15,1301.763,422.671,38.685,120.351,0.297770,-1,-1,-1
86,14,1078.773,452.070,52.959,147.058,0.213422,-1,-1,-1
86,10,1064.557,446.152,26.928,63.011,0.220002,-1,-1,-1
86,9,1838.651,455.359,79.135,202.229,0.283949,-1,-1,-1
86,8,934.154,439.120,32.498,76.538,0.441403,-1,-1,-1
86,7,714.728,453.927,101.649,231.720,0.837420,-1,-1,-1
86,6,1259.595,443.711,40.519,103.875,0.716852,-1,-1,-1
86,4,525.459,436.102,140.857,356.606,0.801845,-1,-1,-1
86,3,497.003,445.312,97.782,304.306,0.533039,-1,-1,-1
86,2,631.165,442.760,93.715,293.985,0.796295,-1,-1,-1
87,16,1004.648,448.421,35.859,78.067,0.521429,-1,-1,-1
87,15,1302.638,425.531,38.728,118.564,0.385534,-1,-1,-1
87,10,489.625,453.215,37.664,120.339,0.311490,-1,-1,-1
87,9,1836.331,460.329,80.487,197.664,0.219956,-1,-1,-1
87,8,933.842,439.160,33.041,76.652,0.437196,-1,-1,-1
87,7,715.978,452.485,103.084,233.607,0.862721,-1,-1,-1
87,6,1259.179,444.201,40.671,103.183,0.716852,-1,-1,-1
87,5,983.566,454.136,25.023,60.997,0.242321,-1,-1,-1
87,4,523.898,436.395,144.387,359.041,0.811829,-1,-1,-1
87,3,505.691,447.561,91.517,308.006,0.511073,-1,-1,-1
87,2,634.030,443.612,89.717,290.373,0.781138,-1,-1,-1
88,16,1004.054,447.750,35.413,80.260,0.541842,-1,-1,-1
88,15,1301.787,419.189,39.353,124.109,0.315501,-1,-1,-1
88,9,1836.103,456.896,80.414,201.475,0.214198,-1,-1,-1
88,8,933.347,438.450,32.361,76.705,0.415298,-1,-1,-1
88,7,717.605,451.546,103.426,234.178,0.871276,-1,-1,-1
88,6,1259.694,444.480,40.515,103.641,0.704075,-1,-1,-1
88,5,982.893,454.542,25.644,61.179,0.244747,-1,-1,-1
88,4,525.635,439.295,145.008,358.393,0.786935,-1,-1,-1
88,3,503.753,448.164,93.647,307.674,0.544765,-1,-1,-1
88,2,635.298,444.948,96.806,291.669,0.822543,-1,-1,-1
89,16,1003.293,447.600,36.109,81.925,0.587152,-1,-1,-1
89,15,1301.927,419.311,39.059,122.807,0.304081,-1,-1,-1
89,9,1839.539,456.669,77.897,201.826,0.234298,-1,-1,-1
89,8,933.618,438.167,32.563,76.383,0.431486,-1,-1,-1
89,7,719.456,451.447,102.506,235.180,0.873191,-1,-1,-1
89,6,1259.549,443.269,41.408,105.291,0.699020,-1,-1,-1
89,5,982.730,452.479,26.266,64.882,0.260635,-1,-1,-1
89,4,523.006,438.318,146.804,358.606,0.787018,-1,-1,-1
89,3,502.914,450.671,95.661,305.134,0.575076,-1,-1,-1
89,2,634.102,444.327,101.672,296.036,0.801714,-1,-1,-1
90,16,1004.215,448.057,35.332,80.817,0.543823,-1,-1,-1
90,15,1302.016,420.075,39.259,122.648,0.323411,-1,-1,-1
90,9,1840.238,452.252,77.462,205.931,0.225102,-1,-1,-1
90,8,933.032,437.669,33.579,80.263,0.346762,-1,-1,-1
90,7,718.339,451.244,105.874,234.619,0.861895,-1,-1,-1
90,6,1259.255,443.178,41.518,104.909,0.672845,-1,-1,-1
90,5,982.999,452.812,26.141,63.381,0.206957,-1,-1,-1
90,4,531.793,439.175,139.224,357.317,0.787326,-1,-1,-1
90,3,506.558,446.877,96.625,308.572,0.602342,-1,-1,-1
90,2,636.199,440.539,104.564,300.014,0.779232,-1,-1,-1
91,16,1005.152,448.096,34.035,80.746,0.496574,-1,-1,-1
91,9,1841.286,459.997,76.559,198.842,0.309619,-1,-1,-1
91,8,934.220,439.391,32.317,75.977,0.389717,-1,-1,-1
91,7,720.563,452.131,105.595,234.944,0.847298,-1,-1,-1
91,6,1258.462,444.999,41.627,103.399,0.643396,-1,-1,-1
91,5,982.045,453.194,27.246,63.379,0.289340,-1,-1,-1
91,4,525.476,438.779,149.192,359.700,0.809664,-1,-1,-1
91,3,507.854,449.755,90.419,303.735,0.649738,-1,-1,-1
91,2,640.090,440.978,101.916,302.314,0.771415,-1,-1,-1
92,16,1004.438,448.088,34.412,79.649,0.577870,-1,-1,-1
92,9,1836.292,455.093,82.367,202.410,0.362571,-1,-1,-1
92,8,935.009,440.275,31.406,75.051,0.377039,-1,-1,-1
92,7,720.774,450.268,107.391,234.482,0.803097,-1,-1,-1
92,6,1257.545,443.872,42.124,104.927,0.628071,-1,-1,-1
92,5,983.042,454.111,25.155,60.897,0.325619,-1,-1,-1
92,4,528.398,436.643,143.472,368.401,0.805283,-1,-1,-1
92,3,507.088,449.369,88.469,304.941,0.683334,-1,-1,-1
92,2,638.824,439.924,102.466,301.296,0.790488,-1,-1,-1
93,16,1004.291,445.887,36.020,81.972,0.607918,-1,-1,-1
93,11,485.738,449.195,46.874,139.344,0.302708,-1,-1,-1
93,9,1836.317,456.464,82.161,201.188,0.315389,-1,-1,-1
93,8,933.920,439.512,32.678,76.036,0.390659,-1,-1,-1
93,7,723.952,451.921,106.085,232.176,0.808158,-1,-1,-1
93,6,1257.313,444.157,42.248,104.273,0.646630,-1,-1,-1
93,5,982.459,452.975,26.537,61.920,0.300974,-1,-1,-1
93,4,528.227,435.916,143.122,370.041,0.816170,-1,-1,-1
93,3,505.039,449.467,89.323,302.177,0.696935,-1,-1,-1
93,2,637.923,441.818,104.376,301.193,0.818218,-1,-1,-1
94,16,1004.020,445.291,36.004,82.692,0.582233,-1,-1,-1
94,9,1838.823,457.379,79.841,200.891,0.323149,-1,-1,-1
94,8,933.910,439.022,32.845,76.827,0.398100,-1,-1,-1
94,7,724.989,451.196,106.881,233.710,0.796985,-1,-1,-1
94,6,1256.310,444.138,43.428,104.288,0.668807,-1,-1,-1
94,5,981.677,452.362,27.306,62.899,0.242864,-1,-1,-1
94,4,529.510,436.235,141.052,372.291,0.823007,-1,-1,-1
94,3,504.311,449.395,89.933,302.611,0.725074,-1,-1,-1
94,2,638.400,440.900,102.784,302.812,0.819011,-1,-1,-1
95,16,1003.559,446.198,36.147,82.688,0.611705,-1,-1,-1
95,9,1838.459,458.334,79.861,199.640,0.292374,-1,-1,-1
95,8,933.758,440.698,33.417,75.310,0.388204,-1,-1,-1
95,7,731.135,451.223,100.811,238.127,0.838796,-1,-1,-1
95,6,1254.580,440.848,46.033,109.157,0.656366,-1,-1,-1
95,5,982.363,453.534,26.973,61.785,0.275759,-1,-1,-1
95,4,527.387,436.008,143.473,372.647,0.804089,-1,-1,-1
95,3,503.275,450.110,93.499,300.731,0.736411,-1,-1,-1
95,2,638.547,439.402,105.033,304.223,0.824143,-1,-1,-1
96,16,1002.372,446.872,37.318,82.118,0.687567,-1,-1,-1
96,9,1839.727,458.064,77.525,199.473,0.291572,-1,-1,-1
96,8,933.479,440.397,33.540,76.605,0.536941,-1,-1,-1
96,7,736.401,448.905,95.254,238.408,0.809302,-1,-1,-1
96,6,1254.433,441.183,45.712,108.734,0.667145,-1,-1,-1
96,5,981.099,455.650,27.957,58.556,0.309326,-1,-1,-1
96,4,533.175,435.946,136.074,372.362,0.816096,-1,-1,-1
96,3,498.965,445.604,100.379,307.199,0.727581,-1,-1,-1
96,2,639.184,438.158,104.335,305.882,0.838374,-1,-1,-1
97,16,1003.905,446.539,35.986,83.606,0.676503,-1,-1,-1
97,9,1841.006,459.130,76.528,199.036,0.295598,-1,-1,-1
97,8,933.345,440.217,33.558,76.979,0.571225,-1,-1,-1
97,7,743.047,447.673,92.375,240.428,0.800200,-1,-1,-1
97,6,1254.120,440.893,45.920,108.838,0.660414,-1,-1,-1
97,5,981.736,454.996,27.026,59.407,0.318693,-1,-1,-1
97,4,534.971,435.051,133.611,370.528,0.808136,-1,-1,-1
97,3,500.538,445.587,100.153,306.357,0.733266,-1,-1,-1
97,2,639.701,437.636,106.389,306.055,0.830616,-1,-1,-1
98,16,1003.078,445.869,35.958,84.509,0.657606,-1,-1,-1
98,15,1301.673,420.266,39.907,123.035,0.275699,-1,-1,-1
98,10,1066.402,446.673,29.160,67.903,0.241326,-1,-1,-1
98,9,1837.170,459.396,80.304,198.229,0.274406,-1,-1,-1
98,8,933.026,438.755,33.673,79.133,0.584952,-1,-1,-1
98,7,744.349,447.389,93.342,242.245,0.812780,-1,-1,-1
98,6,1252.760,439.600,47.938,110.369,0.674549,-1,-1,-1
98,5,982.481,453.931,25.312,60.353,0.288339,-1,-1,-1
98,4,536.000,437.562,140.288,366.131,0.817991,-1,-1,-1
98,3,500.458,445.791,101.636,308.258,0.736465,-1,-1,-1
98,2,640.276,438.515,106.437,305.340,0.838141,-1,-1,-1
99,16,1002.943,446.159,35.985,81.708,0.652500,-1,-1,-1
99,15,1301.901,421.152,38.867,121.647,0.211207,-1,-1,-1
99,9,1837.337,462.569,80.539,195.184,0.208121,-1,-1,-1
99,8,934.130,439.643,33.933,77.400,0.471957,-1,-1,-1
99,7,746.533,448.642,92.963,243.150,0.830084,-1,-1,-1
99,6,1253.224,442.687,45.886,106.656,0.711504,-1,-1,-1
99,5,982.312,451.530,25.574,58.610,0.273194,-1,-1,-1
99,4,536.950,436.589,138.063,369.311,0.821276,-1,-1,-1
99,3,498.768,444.928,102.990,311.021,0.743654,-1,-1,-1
99,2,645.185,439.794,105.012,305.418,0.887738,-1,-1,-1
100,16,1003.062,446.843,35.860,80.046,0.627993,-1,-1,-1
100,9,1835.570,460.817,82.236,196.469,0.331648,-1,-1,-1
100,8,933.428,437.966,34.562,78.974,0.492486,-1,-1,-1
100,7,748.325,447.883,93.670,245.735,0.818683,-1,-1,-1
100,6,1254.328,441.474,44.812,106.924,0.669210,-1,-1,-1
100,4,539.295,437.423,138.475,368.901,0.797916,-1,-1,-1
100,3,494.499,443.525,109.685,311.485,0.741723,-1,-1,-1
100,2,646.414,439.128,106.925,305.305,0.874282,-1,-1,-1
101,16,1002.648,445.974,35.189,81.027,0.582990,-1,-1,-1
101,14,1075.902,453.151,53.648,144.706,0.255402,-1,-1,-1
101,9,1831.569,458.197,86.396,197.988,0.284897,-1,-1,-1
101,8,932.940,438.080,34.937,79.363,0.548574,-1,-1,-1
101,7,748.265,452.037,92.576,237.344,0.796320,-1,-1,-1
101,6,1254.635,441.954,42.870,106.062,0.650046,-1,-1,-1
101,4,533.137,436.848,144.390,370.832,0.792838,-1,-1,-1
101,3,495.142,443.178,109.907,312.347,0.746208,-1,-1,-1
101,2,640.725,441.560,113.540,302.152,0.852406,-1,-1,-1
102,16,1003.792,446.135,35.329,81.458,0.641859,-1,-1,-1
102,14,1072.658,449.937,57.055,142.394,0.404791,-1,-1,-1
102,9,1834.238,458.554,82.837,198.595,0.284007,-1,-1,-1
102,8,933.565,438.905,34.663,78.750,0.565417,-1,-1,-1
102,7,747.297,452.060,94.812,239.144,0.784458,-1,-1,-1
102,6,1254.902,442.167,41.867,105.710,0.685088,-1,-1,-1
102,4,541.837,434.240,133.367,370.015,0.767151,-1,-1,-1
102,3,495.095,442.669,112.124,313.759,0.779019,-1,-1,-1
102,2,644.054,442.103,113.527,300.931,0.845704,-1,-1,-1
103,16,1002.055,446.048,36.406,81.377,0.659661,-1,-1,-1
103,14,1105.308,445.641,33.681,104.407,0.384013,-1,-1,-1
103,11,453.202,468.214,37.751,101.620,0.361257,-1,-1,-1
103,9,1834.208,461.343,82.916,195.736,0.241150,-1,-1,-1
103,8,934.199,438.241,33.720,78.385,0.582146,-1,-1,-1
103,7,749.098,455.366,94.255,238.791,0.765639,-1,-1,-1
103,6,1255.137,441.939,41.743,106.084,0.706649,-1,-1,-1
103,4,531.448,436.859,149.198,367.338,0.769490,-1,-1,-1
103,3,494.928,443.211,109.913,312.824,0.761380,-1,-1,-1
103,2,645.592,440.073,112.461,302.593,0.827805,-1,-1,-1
104,16,1002.406,446.379,35.050,81.605,0.644907,-1,-1,-1
104,14,1070.664,449.825,56.866,145.405,0.319130,-1,-1,-1
104,11,449.271,466.738,40.958,102.463,0.402000,-1,-1,-1
104,9,1836.990,457.670,81.061,200.474,0.285725,-1,-1,-1
104,8,933.589,438.408,34.191,78.255,0.543311,-1,-1,-1
104,7,748.116,455.467,93.878,237.813,0.789598,-1,-1,-1
104,6,1253.902,444.187,42.113,104.097,0.668608,-1,-1,-1
104,4,517.575,434.676,166.489,368.391,0.789933,-1,-1,-1
104,3,496.441,445.496,109.999,310.752,0.745894,-1,-1,-1
104,2,647.660,439.068,113.055,306.214,0.821437,-1,-1,-1
105,16,1002.359,447.357,35.454,81.854,0.621904,-1,-1,-1
105,14,1066.395,452.183,59.858,144.344,0.228431,-1,-1,-1
105,8,933.343,438.519,34.500,78.792,0.543742,-1,-1,-1
105,7,752.522,456.230,92.120,240.526,0.826792,-1,-1,-1
105,6,1252.741,444.169,40.123,103.867,0.649760,-1,-1,-1
105,4,522.633,433.804,165.327,369.011,0.765581,-1,-1,-1
105,3,496.578,444.642,109.375,312.142,0.761758,-1,-1,-1
105,2,653.448,437.879,110.605,308.400,0.891148,-1,-1,-1
106,16,1002.744,446.716,35.612,82.508,0.597649,-1,-1,-1
106,14,1066.748,450.161,61.747,147.083,0.223426,-1,-1,-1
106,10,1109.096,450.379,30.546,94.166,0.293540,-1,-1,-1
106,8,933.188,438.091,35.338,79.311,0.541115,-1,-1,-1
106,7,754.315,456.303,94.397,243.378,0.810150,-1,-1,-1
106,6,1251.995,443.518,41.762,105.248,0.717487,-1,-1,-1
106,4,524.571,433.522,160.814,369.819,0.770256,-1,-1,-1
106,3,495.768,444.599,106.161,309.484,0.779384,-1,-1,-1
106,2,656.956,439.648,111.127,306.831,0.895010,-1,-1,-1
107,16,1002.673,444.917,36.653,83.017,0.613706,-1,-1,-1
107,14,1071.179,451.051,57.098,143.047,0.384723,-1,-1,-1
107,10,1111.275,450.009,29.185,92.679,0.309407,-1,-1,-1
107,8,932.991,436.692,36.345,79.844,0.576846,-1,-1,-1
107,7,756.642,459.160,92.639,241.134,0.803261,-1,-1,-1
107,6,1251.287,443.794,38.469,103.201,0.717584,-1,-1,-1
107,4,531.834,432.789,154.131,368.404,0.772966,-1,-1,-1
107,3,496.615,445.299,108.270,308.803,0.752317,-1,-1,-1
107,2,658.883,439.191,111.872,307.931,0.864957,-1,-1,-1
108,16,1002.350,445.618,36.649,85.143,0.634911,-1,-1,-1
108,15,1301.833,422.061,40.044,124.198,0.219830,-1,-1,-1
108,14,1071.699,453.564,56.492,142.519,0.536947,-1,-1,-1
108,10,1111.894,450.317,28.665,87.365,0.335121,-1,-1,-1
108,8,933.071,436.261,36.309,80.277,0.565699,-1,-1,-1
108,7,755.443,451.988,95.784,249.476,0.804386,-1,-1,-1
108,6,1249.785,443.398,40.207,103.230,0.704507,-1,-1,-1
108,4,528.289,434.006,158.091,370.852,0.784449,-1,-1,-1
108,3,498.425,448.469,106.556,306.315,0.724027,-1,-1,-1
108,2,660.846,436.436,112.021,311.381,0.860540,-1,-1,-1
109,16,1001.622,444.930,38.187,82.595,0.437286,-1,-1,-1
109,15,1302.152,421.139,40.477,124.754,0.202300,-1,-1,-1
109,14,1070.299,452.709,57.730,143.000,0.440758,-1,-1,-1
109,10,1111.267,449.832,29.317,90.419,0.341221,-1,-1,-1
109,9,1835.848,457.606,82.282,200.118,0.257056,-1,-1,-1
109,8,932.487,435.698,36.328,83.400,0.494324,-1,-1,-1
109,7,754.527,450.353,97.760,251.206,0.809149,-1,-1,-1
109,6,1249.067,444.094,40.326,103.022,0.717573,-1,-1,-1
109,4,522.143,431.482,168.697,374.962,0.807618,-1,-1,-1
109,3,498.806,447.889,103.114,306.902,0.701451,-1,-1,-1
109,2,661.269,437.722,108.048,313.438,0.867736,-1,-1,-1
110,16,1000.031,444.907,41.084,85.507,0.514144,-1,-1,-1
110,14,1075.016,449.452,54.796,147.589,0.553134,-1,-1,-1
110,10,1110.909,450.687,29.219,92.314,0.316726,-1,-1,-1
110,9,1838.292,458.797,80.150,199.833,0.321440,-1,-1,-1
110,8,932.510,435.573,36.763,84.362,0.460698,-1,-1,-1
110,7,755.029,451.393,97.754,250.721,0.818186,-1,-1,-1
110,6,1247.529,442.426,41.320,105.029,0.732571,-1,-1,-1
110,4,512.193,432.182,180.369,378.503,0.803568,-1,-1,-1
110,3,502.830,446.573,108.189,310.005,0.597461,-1,-1,-1
110,2,663.785,435.929,103.851,314.769,0.870641,-1,-1,-1
111,16,1002.043,446.439,38.996,85.708,0.660826,-1,-1,-1
111,14,1073.869,450.757,55.381,146.904,0.608714,-1,-1,-1
111,10,1111.170,451.248,28.911,91.060,0.338486,-1,-1,-1
111,9,1837.639,454.734,80.687,203.797,0.280398,-1,-1,-1
111,8,933.269,435.815,36.326,81.922,0.599342,-1,-1,-1
111,7,756.045,452.610,96.300,250.038,0.812553,-1,-1,-1
111,6,1246.292,442.502,41.291,104.968,0.768088,-1,-1,-1
111,4,511.919,430.939,184.281,384.983,0.786781,-1,-1,-1
111,3,501.815,445.044,110.186,310.115,0.546630,-1,-1,-1
111,2,663.509,435.186,108.549,318.781,0.866297,-1,-1,-1
112,16,1001.661,446.720,39.653,84.276,0.624534,-1,-1,-1
112,14,1075.340,450.513,54.127,146.828,0.617658,-1,-1,-1
112,10,1111.505,452.417,28.405,89.411,0.337485,-1,-1,-1
112,9,1836.359,446.490,82.124,211.699,0.230559,-1,-1,-1
112,8,933.106,435.892,36.808,81.936,0.593754,-1,-1,-1
112,7,758.641,451.879,94.004,250.104,0.817981,-1,-1,-1
112,6,1245.324,445.641,41.779,101.856,0.765707,-1,-1,-1
112,5,910.361,478.538,69.736,111.376,0.271007,-1,-1,-1
112,4,507.750,431.184,188.734,385.636,0.805414,-1,-1,-1
112,3,500.856,443.094,114.037,312.043,0.347779,-1,-1,-1
112,2,665.744,436.846,105.729,315.356,0.868690,-1,-1,-1
113,16,1002.546,448.914,37.208,80.934,0.635588,-1,-1,-1
113,14,1077.026,449.719,53.288,145.417,0.592050,-1,-1,-1
113,10,1111.993,452.550,28.158,89.910,0.349384,-1,-1,-1
113,8,934.557,436.567,35.910,80.902,0.643310,-1,-1,-1
113,7,761.235,452.227,90.900,249.104,0.806265,-1,-1,-1
113,6,1244.672,447.959,43.198,99.617,0.749018,-1,-1,-1
113,5,745.538,451.539,33.622,67.162,0.320538,-1,-1,-1
113,4,508.628,431.622,189.323,388.137,0.813870,-1,-1,-1
113,3,520.718,440.467,94.685,330.642,0.309695,-1,-1,-1
113,2,666.771,436.498,106.928,322.880,0.872959,-1,-1,-1
114,16,1003.654,449.562,35.871,76.676,0.631387,-1,-1,-1
114,14,1077.909,448.643,53.438,146.552,0.517876,-1,-1,-1
114,10,1109.756,444.507,30.910,97.479,0.363496,-1,-1,-1
114,8,933.320,435.910,36.435,83.917,0.639753,-1,-1,-1
114,7,761.853,452.895,87.725,247.717,0.791060,-1,-1,-1
114,6,1244.306,445.519,42.787,101.174,0.774990,-1,-1,-1
114,5,983.299,454.119,26.564,62.746,0.370902,-1,-1,-1
114,4,518.004,432.652,178.789,386.502,0.772345,-1,-1,-1
114,3,520.416,442.815,93.813,319.793,0.488962,-1,-1,-1
114,2,666.874,437.482,106.020,322.688,0.887158,-1,-1,-1
115,16,1003.889,450.180,34.850,77.771,0.519588,-1,-1,-1
115,14,1080.146,452.683,52.194,141.251,0.462431,-1,-1,-1
115,10,1107.227,445.339,32.309,99.243,0.388542,-1,-1,-1
115,8,935.095,436.318,35.951,81.143,0.629003,-1,-1,-1
115,7,763.832,452.438,88.798,246.634,0.826668,-1,-1,-1
115,6,1244.326,445.523,41.358,99.790,0.765878,-1,-1,-1
115,5,983.520,452.319,27.205,63.293,0.323656,-1,-1,-1
115,4,538.853,432.656,155.955,388.313,0.754137,-1,-1,-1
115,3,518.889,443.412,95.950,312.211,0.603813,-1,-1,-1
115,2,668.923,438.511,102.934,320.163,0.889325,-1,-1,-1
116,16,1003.434,449.846,35.705,77.476,0.492795,-1,-1,-1
116,14,1079.913,454.892,53.606,140.153,0.566264,-1,-1,-1
116,10,1106.762,445.983,32.273,99.143,0.329339,-1,-1,-1
116,9,1833.309,444.751,83.904,212.355,0.315363,-1,-1,-1
116,8,934.118,436.560,36.145,84.889,0.601946,-1,-1,-1
116,7,763.844,450.637,89.067,248.291,0.817161,-1,-1,-1
116,6,1244.404,446.244,39.771,97.836,0.762451,-1,-1,-1
116,4,534.412,433.893,157.567,386.669,0.761099,-1,-1,-1
116,3,516.646,444.414,97.957,315.749,0.529994,-1,-1,-1
116,2,669.711,438.885,103.707,323.204,0.878545,-1,-1,-1
117,16,1003.056,450.324,36.448,76.170,0.581959,-1,-1,-1
117,14,1080.430,449.578,55.437,146.249,0.592301,-1,-1,-1
117,10,1092.954,439.183,44.092,127.146,0.203833,-1,-1,-1
117,9,1834.094,451.620,83.157,206.239,0.355643,-1,-1,-1
117,8,934.776,435.169,37.131,86.598,0.581729,-1,-1,-1
117,7,765.834,453.377,90.870,246.210,0.824457,-1,-1,-1
117,6,1242.370,444.582,40.979,100.099,0.741635,-1,-1,-1
117,4,526.748,431.692,169.223,391.359,0.771556,-1,-1,-1
117,3,511.190,442.507,106.253,321.318,0.306957,-1,-1,-1
117,2,670.239,439.088,105.340,322.646,0.876343,-1,-1,-1
118,16,1003.723,450.323,35.411,75.918,0.567265,-1,-1,-1
118,14,1080.243,445.598,55.699,150.136,0.565341,-1,-1,-1
118,10,1110.575,446.847,29.695,100.282,0.208160,-1,-1,-1
118,9,1834.441,440.292,82.786,217.572,0.309740,-1,-1,-1
118,8,935.436,434.945,37.333,89.656,0.603868,-1,-1,-1
118,7,763.553,454.643,92.134,245.846,0.818753,-1,-1,-1
118,6,1241.441,444.535,39.996,100.168,0.705332,-1,-1,-1
118,4,519.130,432.173,179.281,394.223,0.782736,-1,-1,-1
118,3,515.544,445.038,103.386,319.547,0.267102,-1,-1,-1
118,2,671.081,438.557,102.367,327.678,0.855298,-1,-1,-1
119,16,1006.447,449.090,33.218,77.490,0.632227,-1,-1,-1
119,14,1080.067,444.203,55.355,151.703,0.541382,-1,-1,-1
119,9,1835.343,444.374,82.531,213.381,0.321129,-1,-1,-1
119,8,935.478,435.039,35.511,87.241,0.556206,-1,-1,-1
119,7,766.569,453.129,96.621,247.958,0.829542,-1,-1,-1
119,6,1238.941,446.501,38.106,98.718,0.705452,-1,-1,-1
119,4,531.548,433.652,164.309,396.082,0.781615,-1,-1,-1
119,3,517.054,447.230,96.433,311.022,0.554419,-1,-1,-1
119,2,670.904,438.478,105.904,328.504,0.851360,-1,-1,-1
120,16,1007.717,450.460,32.299,77.238,0.660918,-1,-1,-1
120,14,1079.371,447.557,54.413,147.222,0.512485,-1,-1,-1
120,9,1835.036,450.708,82.629,207.130,0.344653,-1,-1,-1
120,8,936.331,436.236,35.410,84.857,0.504145,-1,-1,-1
120,7,767.580,450.677,100.073,253.825,0.817880,-1,-1,-1
120,6,1239.557,449.643,36.463,95.488,0.698986,-1,-1,-1
120,5,986.064,451.808,26.038,64.342,0.433056,-1,-1,-1
120,4,528.569,432.488,167.894,401.297,0.792422,-1,-1,-1
120,3,519.112,447.337,100.806,312.244,0.448151,-1,-1,-1
120,2,671.277,438.682,109.258,328.724,0.842388,-1,-1,-1
121,16,1007.372,449.999,32.564,77.670,0.663682,-1,-1,-1
121,14,1079.413,454.696,52.819,140.233,0.427064,-1,-1,-1
121,9,1835.540,444.456,82.801,213.523,0.338073,-1,-1,-1
121,8,936.886,436.128,36.068,84.981,0.524251,-1,-1,-1
121,7,768.060,453.942,103.425,251.121,0.771604,-1,-1,-1
121,6,1239.405,452.214,34.783,93.276,0.621995,-1,-1,-1
121,5,986.412,450.658,26.278,66.071,0.433123,-1,-1,-1
121,4,534.894,436.059,167.409,400.630,0.793452,-1,-1,-1
121,3,526.651,450.304,93.273,318.902,0.340331,-1,-1,-1
121,2,673.705,438.518,109.893,330.041,0.841399,-1,-1,-1
122,16,1008.039,450.536,31.762,77.575,0.647979,-1,-1,-1
122,14,1076.712,459.754,52.252,137.157,0.437829,-1,-1,-1
122,11,821.330,441.826,61.452,234.829,0.586453,-1,-1,-1
122,9,1836.954,450.001,80.711,207.034,0.303052,-1,-1,-1
122,8,937.330,435.987,39.137,88.983,0.468244,-1,-1,-1
122,7,769.518,451.558,111.114,253.465,0.792387,-1,-1,-1
122,6,1235.487,451.983,37.479,94.205,0.607028,-1,-1,-1
122,5,986.623,450.612,26.473,66.556,0.423224,-1,-1,-1
122,4,516.562,433.481,188.382,404.257,0.806727,-1,-1,-1
122,2,674.928,437.451,110.937,331.415,0.863228,-1,-1,-1
123,16,1007.530,450.576,32.245,77.353,0.655663,-1,-1,-1
123,14,1076.790,459.011,53.078,137.963,0.423376,-1,-1,-1
123,11,824.444,446.372,61.185,169.918,0.407217,-1,-1,-1
123,9,1835.683,454.448,82.074,202.660,0.361494,-1,-1,-1
123,8,939.130,436.510,43.016,91.487,0.591024,-1,-1,-1
123,7,767.770,451.739,114.775,253.839,0.767217,-1,-1,-1
123,6,1236.621,455.007,36.410,91.436,0.580313,-1,-1,-1
123,5,986.643,449.379,26.777,67.818,0.409346,-1,-1,-1
123,4,528.100,437.084,184.703,398.791,0.808913,-1,-1,-1
123,2,676.212,437.706,109.560,329.914,0.884569,-1,-1,-1
124,16,1005.523,449.546,35.326,78.646,0.626495,-1,-1,-1
124,14,1079.633,466.199,51.559,128.614,0.439156,-1,-1,-1
124,11,824.658,446.072,63.762,230.755,0.260024,-1,-1,-1
124,9,1836.539,450.182,81.827,207.043,0.307899,-1,-1,-1
124,8,938.509,435.973,43.943,91.128,0.627174,-1,-1,-1
124,7,773.060,455.010,112.342,249.757,0.822484,-1,-1,-1
124,6,1234.145,456.678,38.464,91.819,0.672955,-1,-1,-1
124,5,986.740,449.076,25.784,67.741,0.353029,-1,-1,-1
124,4,526.130,434.004,188.639,402.520,0.833639,-1,-1,-1
124,2,677.290,438.337,103.880,329.890,0.857858,-1,-1,-1
125,16,1006.779,451.119,31.790,77.189,0.429059,-1,-1,-1
125,14,1079.227,466.451,51.848,129.233,0.482717,-1,-1,-1
125,11,826.924,445.722,64.536,234.668,0.257555,-1,-1,-1
125,9,1836.521,460.047,80.937,197.729,0.340878,-1,-1,-1
125,8,939.186,435.784,44.478,93.142,0.589128,-1,-1,-1
125,7,779.548,456.926,106.121,250.208,0.805409,-1,-1,-1
125,6,1231.445,453.425,41.428,98.163,0.660157,-1,-1,-1
125,5,985.098,448.718,27.979,68.808,0.252631,-1,-1,-1
125,4,540.075,433.516,170.525,404.850,0.844138,-1,-1,-1
125,2,678.298,437.917,102.733,330.773,0.847458,-1,-1,-1
126,16,1007.293,450.227,33.090,76.144,0.382841,-1,-1,-1
126,14,770.328,446.308,42.300,86.639,0.311128,-1,-1,-1
126,11,827.639,446.107,67.137,231.653,0.323433,-1,-1,-1
126,9,1834.444,437.983,83.813,219.688,0.375447,-1,-1,-1
126,8,939.376,436.511,44.064,94.235,0.600074,-1,-1,-1
126,7,780.163,457.230,103.381,250.466,0.811337,-1,-1,-1
126,6,1227.000,455.448,43.617,97.114,0.641742,-1,-1,-1
126,5,490.219,460.719,41.696,110.561,0.326956,-1,-1,-1
126,4,524.668,435.101,186.296,401.647,0.846550,-1,-1,-1
126,2,679.663,440.252,104.204,327.806,0.875484,-1,-1,-1
127,16,1007.451,450.833,31.895,75.229,0.509867,-1,-1,-1
127,11,830.213,443.005,66.467,226.970,0.385751,-1,-1,-1
127,9,1837.884,439.071,80.999,219.312,0.439724,-1,-1,-1
127,8,943.232,437.521,39.853,92.002,0.610173,-1,-1,-1
127,7,781.922,456.745,100.861,250.191,0.830156,-1,-1,-1
127,6,1223.809,451.483,46.957,103.855,0.692264,-1,-1,-1
127,5,489.430,459.430,42.694,110.057,0.362711,-1,-1,-1
127,4,525.841,433.332,186.423,402.896,0.858613,-1,-1,-1
127,3,524.426,445.093,109.426,345.594,0.321328,-1,-1,-1
127,2,681.038,438.720,106.583,330.031,0.874130,-1,-1,-1
128,16,1008.933,451.138,29.794,75.941,0.451591,-1,-1,-1
128,11,834.041,445.180,65.193,172.063,0.409646,-1,-1,-1
128,10,525.351,440.325,32.966,85.956,0.304711,-1,-1,-1
128,9,1838.616,441.428,79.664,216.063,0.354474,-1,-1,-1
128,8,947.562,436.812,37.411,91.884,0.630919,-1,-1,-1
128,7,785.417,455.383,97.383,250.679,0.818178,-1,-1,-1
128,6,1222.837,455.898,47.180,99.935,0.676104,-1,-1,-1
128,5,487.366,459.920,44.424,111.072,0.439490,-1,-1,-1
128,4,529.553,432.842,187.146,403.755,0.869149,-1,-1,-1
128,3,525.996,444.870,111.310,340.259,0.210930,-1,-1,-1
128,2,682.724,436.956,110.039,329.727,0.873058,-1,-1,-1
129,16,1009.888,451.579,28.579,75.757,0.354060,-1,-1,-1
129,11,836.170,444.225,64.867,233.027,0.504500,-1,-1,-1
129,10,524.994,439.937,34.459,90.484,0.394762,-1,-1,-1
129,9,1840.087,447.482,78.576,210.133,0.324319,-1,-1,-1
129,8,950.038,438.228,35.703,89.203,0.462025,-1,-1,-1
129,7,788.171,453.283,93.722,251.744,0.828211,-1,-1,-1
129,6,1220.518,459.101,48.561,96.855,0.589224,-1,-1,-1
129,5,488.583,455.586,43.789,113.402,0.329482,-1,-1,-1
129,4,536.012,431.730,181.983,403.946,0.863929,-1,-1,-1
129,2,683.591,435.842,109.869,330.510,0.881561,-1,-1,-1
130,16,1009.656,451.907,29.119,75.261,0.446400,-1,-1,-1
130,14,1078.199,460.218,54.670,134.862,0.331053,-1,-1,-1
130,11,837.087,441.520,67.717,226.087,0.404260,-1,-1,-1
130,10,523.797,441.344,36.254,91.668,0.382481,-1,-1,-1
130,9,1839.424,453.786,78.838,204.035,0.347649,-1,-1,-1
130,8,950.542,438.784,36.077,88.052,0.431184,-1,-1,-1
130,7,787.009,455.411,97.818,252.464,0.823838,-1,-1,-1
130,6,1221.116,458.321,46.425,98.026,0.565946,-1,-1,-1
130,5,487.503,458.431,44.615,113.360,0.342194,-1,-1,-1
130,4,534.703,431.811,184.046,404.311,0.851094,-1,-1,-1
130,2,684.487,435.436,107.500,330.312,0.871088,-1,-1,-1
131,16,1006.429,449.596,31.973,76.172,0.362024,-1,-1,-1
131,11,843.634,440.562,59.123,162.944,0.228143,-1,-1,-1
131,10,487.334,455.300,47.079,115.395,0.210272,-1,-1,-1
131,9,1837.837,448.917,80.582,208.850,0.367792,-1,-1,-1
131,8,950.140,435.355,36.966,93.108,0.432621,-1,-1,-1
131,7,790.490,454.931,98.416,254.609,0.843276,-1,-1,-1
131,6,1219.441,462.096,49.988,94.840,0.290341,-1,-1,-1
131,4,534.899,429.889,185.843,406.788,0.828702,-1,-1,-1
131,2,685.295,435.794,109.636,330.200,0.854153,-1,-1,-1
132,16,1005.839,450.664,32.613,76.934,0.440193,-1,-1,-1
132,11,847.535,439.172,57.742,193.868,0.352805,-1,-1,-1
132,10,524.096,439.415,35.785,90.691,0.339682,-1,-1,-1
132,9,1835.631,431.675,82.927,226.148,0.343096,-1,-1,-1
132,8,951.855,435.413,36.981,92.475,0.602271,-1,-1,-1
132,7,792.690,452.362,102.931,258.123,0.843652,-1,-1,-1
132,6,1219.153,458.574,50.454,98.598,0.210091,-1,-1,-1
132,4,531.326,429.087,190.755,408.389,0.854550,-1,-1,-1
132,3,527.680,440.379,114.881,346.863,0.345331,-1,-1,-1
132,2,686.457,434.764,107.476,330.742,0.851795,-1,-1,-1
133,16,1005.178,447.963,33.849,78.494,0.450752,-1,-1,-1
133,11,850.192,438.870,50.080,129.372,0.271385,-1,-1,-1
133,9,1836.934,444.025,81.479,213.804,0.444123,-1,-1,-1
133,8,952.348,435.471,37.163,94.005,0.619128,-1,-1,-1
133,7,793.459,453.247,105.951,258.010,0.824400,-1,-1,-1
133,6,1216.867,458.294,51.343,98.957,0.289655,-1,-1,-1
133,4,531.708,429.156,191.369,409.157,0.854627,-1,-1,-1
133,3,527.092,438.553,115.915,351.195,0.524630,-1,-1,-1
133,2,686.278,434.291,109.164,330.080,0.851516,-1,-1,-1
134,16,1004.201,448.591,33.581,79.805,0.471103,-1,-1,-1
134,11,853.341,438.000,52.894,131.274,0.269032,-1,-1,-1
134,9,1837.782,456.684,80.231,201.122,0.367272,-1,-1,-1
134,8,952.439,435.294,35.658,92.428,0.644333,-1,-1,-1
134,7,793.227,451.669,107.134,259.876,0.820947,-1,-1,-1
134,6,1215.076,458.318,53.290,99.528,0.529625,-1,-1,-1
134,4,534.083,430.553,191.484,409.375,0.845540,-1,-1,-1
134,3,524.566,440.331,119.130,347.480,0.446247,-1,-1,-1
134,2,686.877,433.654,111.388,331.824,0.866332,-1,-1,-1
135,16,1003.774,448.668,34.865,79.175,0.564611,-1,-1,-1
135,11,849.700,440.909,59.472,229.409,0.416691,-1,-1,-1
135,9,1840.699,450.875,76.739,206.868,0.249342,-1,-1,-1
135,8,953.413,438.630,35.199,88.387,0.627788,-1,-1,-1
135,7,794.472,451.176,106.184,260.000,0.817417,-1,-1,-1
135,6,1215.107,450.757,49.280,106.878,0.660544,-1,-1,-1
135,4,533.264,429.904,193.016,413.955,0.842723,-1,-1,-1
135,3,522.600,438.834,121.369,350.886,0.462870,-1,-1,-1
135,2,687.533,434.095,111.645,330.454,0.867474,-1,-1,-1
136,16,1003.503,448.982,34.564,78.356,0.506308,-1,-1,-1
136,11,853.156,440.180,56.573,232.112,0.525812,-1,-1,-1
136,10,526.015,441.626,31.702,88.756,0.350480,-1,-1,-1
136,9,1840.275,444.649,77.579,212.821,0.303475,-1,-1,-1
136,8,954.185,438.764,35.252,87.642,0.597206,-1,-1,-1
136,7,794.681,449.515,103.940,263.374,0.829576,-1,-1,-1
136,6,1215.612,450.999,45.376,106.563,0.653598,-1,-1,-1
136,4,531.883,428.783,195.787,422.105,0.851832,-1,-1,-1
136,3,520.404,440.073,123.814,347.304,0.346556,-1,-1,-1
136,2,688.574,433.549,110.069,330.635,0.860022,-1,-1,-1
137,16,1003.907,449.488,33.429,78.247,0.526199,-1,-1,-1
137,11,857.577,437.504,56.017,241.979,0.442884,-1,-1,-1
137,10,524.723,438.424,36.789,88.548,0.309298,-1,-1,-1
137,9,1840.343,459.155,77.021,197.531,0.247616,-1,-1,-1
137,8,954.063,437.675,34.740,87.167,0.612834,-1,-1,-1
137,7,797.648,450.676,103.891,261.522,0.828737,-1,-1,-1
137,6,1215.302,444.646,43.959,112.808,0.622767,-1,-1,-1
137,4,531.527,428.974,197.508,428.909,0.882789,-1,-1,-1
137,3,549.139,439.716,98.465,351.127,0.248698,-1,-1,-1
137,2,689.446,432.349,110.268,333.210,0.848818,-1,-1,-1
138,16,1004.107,447.492,33.456,80.464,0.603685,-1,-1,-1
138,11,863.550,442.437,50.051,138.735,0.334512,-1,-1,-1
138,9,1838.193,452.741,79.984,203.966,0.329553,-1,-1,-1
138,8,954.660,436.498,35.323,90.467,0.655031,-1,-1,-1
138,7,803.258,453.353,103.829,260.091,0.836295,-1,-1,-1
138,6,1214.753,445.913,42.489,111.748,0.661073,-1,-1,-1
138,4,537.267,428.380,192.448,436.649,0.907561,-1,-1,-1
138,2,688.720,431.330,111.810,335.069,0.855973,-1,-1,-1
139,16,1004.456,446.308,32.722,80.647,0.566290,-1,-1,-1
139,11,811.229,443.068,29.147,72.675,0.350362,-1,-1,-1
139,9,1837.728,448.555,79.927,208.290,0.309317,-1,-1,-1
139,8,955.475,435.152,35.347,93.711,0.663355,-1,-1,-1
139,7,808.862,451.504,94.450,261.089,0.808173,-1,-1,-1
139,6,1214.019,443.523,44.031,113.820,0.732736,-1,-1,-1
139,4,531.029,428.427,198.532,438.386,0.912645,-1,-1,-1
139,2,692.711,429.994,112.393,337.276,0.845838,-1,-1,-1
140,16,1004.740,446.502,31.853,81.077,0.470599,-1,-1,-1
140,11,863.780,438.620,65.923,161.168,0.316073,-1,-1,-1
140,9,1837.690,437.187,80.847,219.538,0.326833,-1,-1,-1
140,8,954.726,436.277,36.530,93.063,0.602290,-1,-1,-1
140,7,812.392,451.067,92.465,261.130,0.807577,-1,-1,-1
140,6,1212.885,444.691,43.657,113.348,0.717482,-1,-1,-1
140,4,531.888,428.572,197.664,442.550,0.911932,-1,-1,-1
140,2,694.515,428.906,118.464,337.922,0.856450,-1,-1,-1
141,16,1005.765,448.141,31.466,78.678,0.561757,-1,-1,-1
141,9,1836.843,437.359,80.840,219.289,0.268094,-1,-1,-1
141,8,956.192,436.210,34.587,89.972,0.631990,-1,-1,-1
141,7,814.030,448.821,90.709,268.416,0.814802,-1,-1,-1
141,6,1211.044,447.685,42.608,110.761,0.689937,-1,-1,-1
141,4,534.616,430.182,194.965,440.806,0.916935,-1,-1,-1
141,2,692.584,432.615,122.537,334.515,0.909189,-1,-1,-1
142,16,1005.274,449.396,31.811,78.407,0.597162,-1,-1,-1
142,9,1835.836,434.140,81.791,222.354,0.300847,-1,-1,-1
142,8,956.648,436.615,35.525,92.583,0.688492,-1,-1,-1
142,7,814.452,448.441,92.724,273.353,0.825164,-1,-1,-1
142,6,1209.817,448.255,42.332,109.289,0.713565,-1,-1,-1
142,4,531.584,430.527,198.458,443.641,0.912970,-1,-1,-1
142,2,692.733,431.837,126.425,338.140,0.840386,-1,-1,-1
143,16,1003.859,448.592,33.015,79.967,0.596034,-1,-1,-1
143,14,1121.026,455.276,31.909,90.306,0.397389,-1,-1,-1
143,10,936.611,446.674,25.339,70.444,0.369866,-1,-1,-1
143,9,1836.839,444.699,81.776,212.136,0.343593,-1,-1,-1
143,8,956.916,437.546,34.045,87.982,0.685766,-1,-1,-1
143,7,816.350,449.789,91.363,273.883,0.841511,-1,-1,-1
143,6,1208.923,450.113,42.007,107.510,0.719456,-1,-1,-1
143,5,802.200,449.994,30.105,83.511,0.415992,-1,-1,-1
143,4,527.801,430.226,201.727,445.722,0.900398,-1,-1,-1
143,2,692.016,433.048,132.595,336.260,0.827154,-1,-1,-1
144,16,1004.071,449.963,33.469,79.200,0.541582,-1,-1,-1
144,14,1119.796,453.431,34.296,92.591,0.470687,-1,-1,-1
144,11,870.667,440.469,82.322,243.247,0.536913,-1,-1,-1
144,10,937.410,446.456,24.587,71.626,0.352684,-1,-1,-1
144,9,1842.711,452.288,75.672,204.892,0.366275,-1,-1,-1
144,8,956.467,439.090,34.812,88.068,0.671075,-1,-1,-1
144,7,821.335,452.204,84.632,269.213,0.842982,-1,-1,-1
144,6,1207.770,447.790,39.145,109.679,0.704684,-1,-1,-1
144,5,801.844,449.176,33.107,96.512,0.580127,-1,-1,-1
144,4,526.768,431.609,200.674,447.388,0.890727,-1,-1,-1
144,2,694.926,434.953,134.955,335.348,0.842022,-1,-1,-1
145,16,1005.038,449.894,32.105,79.221,0.487430,-1,-1,-1
145,14,1119.217,455.160,34.698,91.298,0.430068,-1,-1,-1
145,11,874.082,442.357,74.225,240.906,0.474250,-1,-1,-1
145,10,938.316,446.190,23.878,71.545,0.334690,-1,-1,-1
145,9,1840.957,454.689,77.158,202.585,0.363508,-1,-1,-1
145,8,957.290,439.735,35.042,86.937,0.641188,-1,-1,-1
145,7,821.762,453.198,87.250,268.787,0.846200,-1,-1,-1
145,6,1207.142,445.483,38.539,111.448,0.702777,-1,-1,-1
145,5,800.256,450.365,34.370,99.225,0.450698,-1,-1,-1
145,4,528.829,429.949,199.250,454.384,0.886402,-1,-1,-1
145,2,693.954,436.039,141.845,334.623,0.854815,-1,-1,-1
146,16,1004.976,449.129,33.119,78.864,0.571658,-1,-1,-1
146,14,1122.462,456.655,33.372,89.723,0.383725,-1,-1,-1
146,11,877.797,438.697,80.145,245.721,0.708783,-1,-1,-1
146,10,501.828,446.522,38.877,113.610,0.462459,-1,-1,-1
146,9,1842.178,455.167,75.367,201.948,0.314732,-1,-1,-1
146,8,957.810,439.161,34.289,88.907,0.654431,-1,-1,-1
146,7,823.315,452.828,86.873,266.973,0.839672,-1,-1,-1
146,6,1205.815,447.393,37.403,106.812,0.710236,-1,-1,-1
146,5,799.974,449.455,36.294,118.814,0.366195,-1,-1,-1
146,4,523.297,429.724,202.421,461.726,0.876244,-1,-1,-1
146,2,696.363,436.806,143.105,334.310,0.860936,-1,-1,-1
147,16,1004.734,448.350,31.948,79.218,0.516914,-1,-1,-1
147,14,1123.873,453.872,33.487,93.530,0.420938,-1,-1,-1
147,11,880.302,435.121,81.451,250.180,0.741638,-1,-1,-1
147,10,502.620,446.992,37.737,111.000,0.484523,-1,-1,-1
147,9,1843.257,463.394,73.436,193.393,0.203187,-1,-1,-1
147,8,959.098,439.713,33.712,88.146,0.646804,-1,-1,-1
147,7,824.607,454.453,87.835,266.002,0.844084,-1,-1,-1
147,6,1203.976,446.641,37.208,104.819,0.720850,-1,-1,-1
147,5,797.571,447.498,40.469,119.500,0.299096,-1,-1,-1
147,4,521.679,431.089,201.455,461.912,0.878120,-1,-1,-1
147,2,700.671,437.430,140.768,337.017,0.873218,-1,-1,-1
148,16,1004.160,447.817,32.692,79.783,0.507607,-1,-1,-1
148,14,1120.854,454.643,37.006,93.269,0.429335,-1,-1,-1
148,11,882.022,436.597,81.809,248.370,0.785043,-1,-1,-1
148,10,503.383,447.185,37.954,110.942,0.408356,-1,-1,-1
148,9,937.829,445.312,25.815,66.119,0.329373,-1,-1,-1
148,8,959.429,439.990,33.283,87.045,0.637052,-1,-1,-1
148,7,824.805,454.938,89.384,265.700,0.836062,-1,-1,-1
148,6,1203.684,448.656,36.108,102.147,0.682592,-1,-1,-1
148,5,797.421,448.531,40.758,115.077,0.376103,-1,-1,-1
148,4,518.984,430.548,204.500,465.619,0.878182,-1,-1,-1
148,2,702.937,438.204,139.194,336.965,0.879538,-1,-1,-1
149,16,1004.496,448.328,33.094,78.328,0.543438,-1,-1,-1
149,14,1126.104,463.092,32.665,83.775,0.464393,-1,-1,-1
149,11,883.250,436.236,84.736,248.519,0.792748,-1,-1,-1
149,10,501.573,447.636,39.803,113.714,0.438407,-1,-1,-1
149,9,551.662,447.186,31.597,84.634,0.371713,-1,-1,-1
149,8,959.391,440.024,33.420,87.540,0.582799,-1,-1,-1
149,7,826.599,457.790,91.587,265.103,0.826285,-1,-1,-1
149,6,1200.717,447.569,39.407,101.874,0.691196,-1,-1,-1
149,5,801.507,450.245,36.471,112.635,0.521450,-1,-1,-1
149,4,513.418,429.579,205.226,467.137,0.884639,-1,-1,-1
149,2,709.926,440.949,132.665,335.323,0.879132,-1,-1,-1
150,16,1005.065,448.997,32.020,77.702,0.471160,-1,-1,-1
150,14,1125.177,461.307,33.754,85.725,0.467093,-1,-1,-1
150,11,885.265,436.241,88.594,248.422,0.788694,-1,-1,-1
150,10,498.978,450.286,42.967,112.107,0.538870,-1,-1,-1
150,9,550.069,448.853,33.283,82.969,0.434695,-1,-1,-1
150,8,959.529,440.029,32.901,85.207,0.470171,-1,-1,-1
150,7,827.353,455.165,93.294,276.207,0.826148,-1,-1,-1
150,6,1195.910,443.957,43.674,106.062,0.650334,-1,-1,-1
150,5,800.373,452.666,37.723,106.617,0.471419,-1,-1,-1
150,4,512.147,432.207,209.303,463.987,0.874245,-1,-1,-1
150,2,711.049,436.432,130.238,337.862,0.888520,-1,-1,-1
151,16,1004.946,449.228,31.881,78.515,0.461031,-1,-1,-1
151,14,1126.139,458.610,34.169,89.891,0.509924,-1,-1,-1
151,11,886.829,437.973,89.512,245.442,0.794010,-1,-1,-1
151,10,498.624,452.452,41.290,110.945,0.589640,-1,-1,-1
151,9,549.064,448.562,33.647,80.728,0.454546,-1,-1,-1
151,8,959.663,440.374,33.306,84.373,0.488007,-1,-1,-1
151,7,826.861,454.020,97.020,279.290,0.829042,-1,-1,-1
151,6,1195.537,444.544,43.472,104.968,0.630523,-1,-1,-1
151,5,796.556,451.273,40.421,108.593,0.419665,-1,-1,-1
151,4,504.450,433.142,212.771,462.991,0.869043,-1,-1,-1
151,2,713.688,435.855,131.614,338.383,0.888438,-1,-1,-1
152,16,1004.032,447.053,31.725,80.270,0.488274,-1,-1,-1
152,14,1126.714,455.412,36.389,91.433,0.576207,-1,-1,-1
152,11,890.775,432.886,83.937,250.541,0.805654,-1,-1,-1
152,10,499.104,450.881,41.983,113.834,0.548429,-1,-1,-1
152,9,549.063,446.913,33.807,81.452,0.442373,-1,-1,-1
152,8,958.888,439.913,33.841,84.519,0.515978,-1,-1,-1
152,7,828.890,454.816,99.312,276.450,0.823458,-1,-1,-1
152,6,1193.142,443.450,44.547,106.184,0.694759,-1,-1,-1
152,5,1081.871,453.074,52.666,120.217,0.321027,-1,-1,-1
152,4,497.817,425.619,221.066,470.584,0.860194,-1,-1,-1
152,2,717.020,433.545,129.128,340.229,0.897537,-1,-1,-1
153,16,1002.817,447.789,32.663,80.195,0.475412,-1,-1,-1
153,14,1127.375,455.357,36.674,91.852,0.644399,-1,-1,-1
153,11,891.901,437.201,86.878,247.348,0.801890,-1,-1,-1
153,10,501.099,450.341,43.066,113.816,0.543095,-1,-1,-1
153,9,548.611,446.476,35.487,79.849,0.344434,-1,-1,-1
153,8,960.096,439.939,34.998,86.788,0.598919,-1,-1,-1
153,7,826.119,450.957,102.788,286.042,0.849503,-1,-1,-1
153,6,1192.007,444.866,43.874,104.679,0.735535,-1,-1,-1
153,4,505.851,426.827,203.324,469.079,0.868931,-1,-1,-1
153,2,717.308,431.833,128.316,343.521,0.867164,-1,-1,-1
154,16,1002.712,448.005,32.052,78.486,0.472295,-1,-1,-1
154,14,1126.617,452.000,36.865,95.287,0.623978,-1,-1,-1
154,11,894.224,436.864,82.712,247.375,0.815892,-1,-1,-1
154,10,499.741,449.209,44.885,116.152,0.557030,-1,-1,-1
154,8,958.530,441.130,34.971,85.870,0.552846,-1,-1,-1
154,7,827.612,452.073,100.933,284.737,0.853067,-1,-1,-1
154,6,1192.062,445.121,43.818,104.549,0.722144,-1,-1,-1
154,4,507.552,424.885,201.972,471.476,0.869528,-1,-1,-1
154,3,654.170,445.634,86.119,337.064,0.661914,-1,-1,-1
154,2,718.988,432.019,127.638,344.465,0.864473,-1,-1,-1
155,16,1002.815,449.056,31.351,78.718,0.484603,-1,-1,-1
155,14,1128.139,452.596,37.551,93.810,0.647795,-1,-1,-1
155,11,896.022,436.868,80.091,246.945,0.833204,-1,-1,-1
155,10,500.676,444.312,47.173,123.200,0.466015,-1,-1,-1
155,8,958.694,441.117,35.697,82.402,0.534286,-1,-1,-1
155,7,829.349,448.119,100.910,289.170,0.887441,-1,-1,-1
155,6,1190.911,447.419,44.474,103.062,0.706361,-1,-1,-1
155,4,503.687,424.876,205.800,472.337,0.860840,-1,-1,-1
155,3,650.979,445.275,91.882,341.275,0.724213,-1,-1,-1
155,2,722.924,431.156,124.852,345.279,0.859996,-1,-1,-1
156,16,1003.077,450.109,30.752,77.876,0.483925,-1,-1,-1
156,14,1129.654,452.833,36.507,93.673,0.666410,-1,-1,-1
156,11,895.204,435.826,80.822,250.224,0.809186,-1,-1,-1
156,8,958.957,441.070,35.889,81.435,0.474026,-1,-1,-1
156,7,831.472,449.849,96.751,284.944,0.859619,-1,-1,-1
156,6,1188.835,446.783,45.668,104.603,0.716091,-1,-1,-1
156,5,710.350,451.947,31.391,81.383,0.326231,-1,-1,-1
156,4,492.788,423.240,214.212,473.463,0.844069,-1,-1,-1
156,3,651.770,440.139,91.029,348.899,0.798020,-1,-1,-1
156,2,723.691,430.401,125.085,346.178,0.857982,-1,-1,-1
157,16,1002.761,449.999,29.553,77.940,0.539342,-1,-1,-1
157,14,1130.860,453.991,36.850,92.619,0.692439,-1,-1,-1
157,11,897.157,435.494,82.986,255.342,0.786408,-1,-1,-1
157,8,958.803,441.807,35.862,74.730,0.353168,-1,-1,-1
157,7,835.320,452.423,95.859,282.825,0.906812,-1,-1,-1
157,6,1188.894,449.801,43.692,102.130,0.690574,-1,-1,-1
157,4,491.448,423.609,215.563,472.211,0.850113,-1,-1,-1
157,3,651.987,442.493,93.628,347.194,0.808575,-1,-1,-1
157,2,725.266,430.028,126.106,347.484,0.861333,-1,-1,-1
158,16,1001.857,446.976,31.646,80.109,0.405710,-1,-1,-1
158,14,1131.200,453.239,36.815,94.168,0.668956,-1,-1,-1
158,11,899.337,433.979,86.056,259.577,0.775578,-1,-1,-1
158,7,839.437,448.747,94.329,285.746,0.874009,-1,-1,-1
158,6,1189.075,448.968,40.380,102.801,0.587783,-1,-1,-1
158,4,494.810,421.683,211.269,472.681,0.859674,-1,-1,-1
158,3,653.073,442.707,94.345,347.651,0.788102,-1,-1,-1
158,2,726.676,429.681,130.834,349.056,0.872801,-1,-1,-1
159,16,1001.835,448.222,31.866,78.919,0.430118,-1,-1,-1
159,14,1131.523,451.572,35.964,95.417,0.642081,-1,-1,-1
159,11,901.096,435.817,90.388,255.753,0.811524,-1,-1,-1
159,7,840.573,448.659,93.568,286.628,0.847906,-1,-1,-1
159,6,1188.240,448.991,37.252,100.641,0.651473,-1,-1,-1
159,4,489.161,421.511,215.553,473.579,0.854690,-1,-1,-1
159,3,655.168,445.035,97.860,345.283,0.777442,-1,-1,-1
159,2,730.587,430.311,127.914,347.148,0.869936,-1,-1,-1
160,16,1001.235,448.877,31.646,77.824,0.482303,-1,-1,-1
160,14,1133.000,451.548,36.814,96.588,0.637317,-1,-1,-1
160,11,905.133,438.744,89.471,253.455,0.816059,-1,-1,-1
160,10,501.054,441.003,50.046,129.198,0.220477,-1,-1,-1
160,7,841.387,450.042,92.080,283.195,0.856885,-1,-1,-1
160,6,1187.420,448.988,37.375,100.042,0.580311,-1,-1,-1
160,4,493.275,422.679,211.691,471.230,0.842811,-1,-1,-1
160,3,655.779,444.230,96.441,348.774,0.775447,-1,-1,-1
160,2,732.490,430.444,127.548,348.160,0.859253,-1,-1,-1
161,16,1000.830,448.743,31.497,78.630,0.534914,-1,-1,-1
161,14,1133.205,449.531,38.157,99.188,0.624534,-1,-1,-1
161,11,907.900,440.167,93.150,255.141,0.816990,-1,-1,-1
161,10,490.916,449.213,56.460,121.128,0.245030,-1,-1,-1
161,7,844.527,448.760,92.875,285.854,0.849908,-1,-1,-1
161,6,1186.464,456.797,36.154,89.508,0.477639,-1,-1,-1
161,4,491.337,423.481,216.769,471.296,0.851050,-1,-1,-1
161,3,655.292,443.225,102.509,353.926,0.773141,-1,-1,-1
161,2,735.784,429.369,127.711,347.907,0.855956,-1,-1,-1
162,16,1000.434,448.566,31.098,77.827,0.596051,-1,-1,-1
162,14,1134.115,448.422,39.246,100.034,0.624733,-1,-1,-1
162,11,911.370,439.942,92.987,258.521,0.804292,-1,-1,-1
162,10,493.433,445.016,55.969,122.288,0.275809,-1,-1,-1
162,7,846.716,447.166,92.823,290.831,0.830406,-1,-1,-1
162,6,1186.176,456.332,33.918,90.172,0.621381,-1,-1,-1
162,4,483.465,423.285,225.989,471.295,0.856713,-1,-1,-1
162,3,656.234,444.338,95.102,361.077,0.772586,-1,-1,-1
162,2,738.864,431.627,127.699,351.094,0.846410,-1,-1,-1
163,16,999.756,446.254,31.680,79.665,0.584418,-1,-1,-1
163,14,1134.892,447.188,41.206,100.967,0.637816,-1,-1,-1
163,11,916.043,441.471,88.342,256.280,0.794790,-1,-1,-1
163,10,503.108,440.777,47.371,125.592,0.269729,-1,-1,-1
163,7,849.057,448.894,95.164,285.768,0.830494,-1,-1,-1
163,6,1185.407,448.345,34.906,101.141,0.717158,-1,-1,-1
163,4,494.416,420.636,215.248,476.143,0.861111,-1,-1,-1
163,3,658.400,443.660,96.472,360.148,0.746077,-1,-1,-1
163,2,743.712,431.465,120.553,348.547,0.852907,-1,-1,-1
164,16,1000.067,445.157,31.508,80.545,0.547266,-1,-1,-1
164,14,1136.514,443.476,42.214,106.548,0.648631,-1,-1,-1
164,11,919.813,442.103,86.436,256.135,0.783979,-1,-1,-1
164,10,501.164,440.776,48.931,122.452,0.326493,-1,-1,-1
164,8,1073.979,447.762,57.179,152.308,0.313443,-1,-1,-1
164,7,850.233,447.431,104.974,290.256,0.838939,-1,-1,-1
164,6,1183.885,446.359,34.544,101.411,0.643758,-1,-1,-1
164,4,494.737,422.616,219.292,479.208,0.860675,-1,-1,-1
164,3,658.412,439.557,103.320,375.451,0.750050,-1,-1,-1
164,2,745.127,431.874,119.812,350.133,0.856050,-1,-1,-1
165,16,999.888,444.221,31.944,82.657,0.541611,-1,-1,-1
165,14,1137.073,447.496,38.613,101.414,0.589920,-1,-1,-1
165,11,922.704,442.626,85.259,259.204,0.766152,-1,-1,-1
165,10,509.776,443.367,41.580,119.839,0.346737,-1,-1,-1
165,8,1071.532,443.571,59.337,155.294,0.388222,-1,-1,-1
165,7,850.338,449.729,117.885,287.075,0.810648,-1,-1,-1
165,6,1181.834,449.877,36.602,98.652,0.650984,-1,-1,-1
165,4,491.791,422.564,225.793,478.622,0.863787,-1,-1,-1
165,3,659.972,437.780,105.944,370.974,0.798325,-1,-1,-1
165,2,747.104,431.428,120.379,353.341,0.853102,-1,-1,-1
166,16,1000.139,446.891,31.616,80.930,0.648884,-1,-1,-1
166,14,1138.102,449.932,38.494,98.445,0.587981,-1,-1,-1
166,11,923.438,440.020,90.084,262.441,0.842969,-1,-1,-1
166,10,501.860,448.263,47.964,116.949,0.288435,-1,-1,-1
166,8,1072.839,445.169,61.157,153.397,0.398395,-1,-1,-1
166,7,856.322,451.316,121.107,284.325,0.861474,-1,-1,-1
166,6,1181.213,451.102,36.863,98.224,0.623383,-1,-1,-1
166,4,494.591,422.196,231.772,483.257,0.862659,-1,-1,-1
166,3,661.211,436.774,104.153,372.809,0.803818,-1,-1,-1
166,2,748.544,432.366,122.267,355.300,0.856593,-1,-1,-1
167,16,999.563,446.895,31.417,83.138,0.524214,-1,-1,-1
167,14,1139.354,450.437,38.180,97.789,0.651019,-1,-1,-1
167,11,928.839,436.632,81.823,263.758,0.812655,-1,-1,-1
167,10,504.152,449.006,44.924,112.765,0.238581,-1,-1,-1
167,8,1073.056,445.390,60.496,153.174,0.401386,-1,-1,-1
167,7,858.508,449.950,126.031,288.913,0.854974,-1,-1,-1
167,6,1180.206,453.687,37.407,95.425,0.617916,-1,-1,-1
167,4,490.315,422.073,245.763,483.444,0.868597,-1,-1,-1
167,3,660.477,437.287,107.133,373.482,0.823814,-1,-1,-1
167,2,751.312,431.968,122.714,357.845,0.866005,-1,-1,-1
168,16,1000.042,446.789,30.090,80.779,0.429610,-1,-1,-1
168,14,1141.396,448.275,41.568,99.894,0.677055,-1,-1,-1
168,11,930.107,436.883,82.232,260.017,0.822583,-1,-1,-1
168,8,1070.983,454.674,59.347,144.910,0.278781,-1,-1,-1
168,7,861.146,449.755,127.136,290.486,0.868602,-1,-1,-1
168,6,1183.846,458.025,33.633,89.785,0.537451,-1,-1,-1
168,4,503.370,425.362,237.748,477.414,0.856585,-1,-1,-1
168,3,660.364,438.093,105.709,373.265,0.816011,-1,-1,-1
168,2,753.416,432.730,120.649,358.858,0.870684,-1,-1,-1
169,16,999.769,445.796,29.700,84.862,0.445712,-1,-1,-1
169,14,1143.047,449.982,39.148,97.246,0.623084,-1,-1,-1
169,11,933.566,436.084,82.446,260.427,0.806430,-1,-1,-1
169,7,862.041,450.678,128.310,290.014,0.848528,-1,-1,-1
169,6,1179.574,458.580,34.031,88.874,0.453933,-1,-1,-1
169,4,499.697,422.822,251.680,480.786,0.842593,-1,-1,-1
169,3,660.671,439.949,105.059,372.338,0.807925,-1,-1,-1
169,2,754.601,433.694,119.943,358.836,0.867252,-1,-1,-1
170,16,999.871,445.346,29.806,88.011,0.427029,-1,-1,-1
170,14,1143.962,450.286,42.391,96.809,0.620837,-1,-1,-1
170,11,932.668,435.699,85.614,258.808,0.802441,-1,-1,-1
170,7,863.277,447.702,130.776,294.103,0.851492,-1,-1,-1
170,6,1185.472,455.242,32.198,92.732,0.463800,-1,-1,-1
170,4,496.074,422.868,268.229,484.537,0.860594,-1,-1,-1
170,3,665.206,443.011,98.422,372.294,0.769900,-1,-1,-1
170,2,753.289,433.932,123.970,359.179,0.869411,-1,-1,-1
171,14,1144.229,451.015,42.117,96.326,0.567861,-1,-1,-1
171,11,944.387,434.871,82.756,260.463,0.831529,-1,-1,-1
171,10,511.221,449.624,39.592,113.954,0.415552,-1,-1,-1
171,7,865.288,446.007,130.589,296.268,0.816505,-1,-1,-1
171,6,1186.606,461.364,31.359,86.391,0.365987,-1,-1,-1
171,4,495.443,422.056,273.833,485.376,0.869452,-1,-1,-1
171,3,665.450,444.853,100.400,371.205,0.777905,-1,-1,-1
171,2,755.350,433.360,122.113,359.721,0.860538,-1,-1,-1
172,14,1145.119,451.149,40.363,95.846,0.596320,-1,-1,-1
172,11,945.917,435.339,83.770,259.268,0.823472,-1,-1,-1
172,10,511.268,452.092,38.766,111.061,0.373580,-1,-1,-1
172,7,869.654,445.615,123.668,296.527,0.859759,-1,-1,-1
172,6,1184.637,452.196,33.535,94.454,0.300383,-1,-1,-1
172,4,489.775,423.335,283.096,486.965,0.877039,-1,-1,-1
172,3,669.616,440.139,98.951,373.136,0.771599,-1,-1,-1
172,2,757.757,435.442,123.373,357.211,0.853023,-1,-1,-1
173,14,1145.444,453.867,36.380,93.114,0.599272,-1,-1,-1
173,11,945.944,432.261,83.220,259.147,0.813189,-1,-1,-1
173,10,511.686,452.756,37.621,109.588,0.420896,-1,-1,-1
173,7,871.072,445.957,119.815,296.720,0.857506,-1,-1,-1
173,6,1174.245,452.540,35.797,94.079,0.322918,-1,-1,-1
173,4,497.188,425.273,275.997,485.853,0.878708,-1,-1,-1
173,3,671.923,441.771,98.383,370.327,0.733439,-1,-1,-1
173,2,762.185,437.074,119.809,355.587,0.850639,-1,-1,-1
174,14,1145.646,455.225,35.078,92.770,0.635592,-1,-1,-1
174,11,949.628,433.096,85.757,263.241,0.810718,-1,-1,-1
174,10,510.944,452.147,38.717,110.225,0.409136,-1,-1,-1
174,8,1072.560,452.976,58.408,145.867,0.360833,-1,-1,-1
174,7,869.498,446.662,122.898,295.778,0.888929,-1,-1,-1
174,6,1169.385,449.933,39.826,98.626,0.418879,-1,-1,-1
174,4,496.354,424.799,280.557,488.908,0.888684,-1,-1,-1
174,3,673.073,443.365,97.467,368.314,0.645011,-1,-1,-1
174,2,763.528,435.000,123.518,360.630,0.863611,-1,-1,-1
175,14,1148.051,451.231,35.489,97.379,0.413564,-1,-1,-1
175,11,954.514,433.495,91.475,263.603,0.813611,-1,-1,-1
175,10,510.441,451.560,40.286,111.280,0.472021,-1,-1,-1
175,8,1072.865,448.710,57.755,150.521,0.314465,-1,-1,-1
175,7,873.351,449.203,119.585,293.315,0.874570,-1,-1,-1
175,6,1167.208,447.691,40.299,101.295,0.374333,-1,-1,-1
175,4,507.978,421.438,270.759,492.417,0.889820,-1,-1,-1
175,3,676.211,446.712,97.229,365.100,0.469774,-1,-1,-1
175,2,765.545,433.963,123.085,368.046,0.856234,-1,-1,-1
176,16,547.740,447.885,33.992,87.121,0.342909,-1,-1,-1
176,14,1151.405,451.919,39.248,97.733,0.231131,-1,-1,-1
176,11,953.886,434.856,93.536,262.700,0.843342,-1,-1,-1
176,10,510.353,451.593,39.099,108.526,0.409995,-1,-1,-1
176,8,1075.506,444.554,56.068,154.598,0.359919,-1,-1,-1
176,7,874.127,446.694,120.724,297.855,0.870274,-1,-1,-1
176,6,1167.224,450.256,40.432,99.737,0.397352,-1,-1,-1
176,4,512.377,423.036,258.915,494.309,0.898407,-1,-1,-1
176,2,766.747,435.927,123.032,367.564,0.839901,-1,-1,-1
177,16,548.094,447.848,33.454,85.214,0.308022,-1,-1,-1
177,11,959.339,432.990,100.468,266.786,0.800057,-1,-1,-1
177,10,510.938,450.570,40.222,110.516,0.409253,-1,-1,-1
177,7,875.922,446.277,119.932,298.243,0.878600,-1,-1,-1
177,6,1162.940,446.597,44.025,104.187,0.336142,-1,-1,-1
177,4,514.936,423.525,258.363,493.587,0.909018,-1,-1,-1
177,2,771.513,436.159,125.331,369.389,0.878631,-1,-1,-1
178,11,955.755,429.756,116.766,270.685,0.836456,-1,-1,-1
178,10,510.728,448.559,43.060,113.841,0.391732,-1,-1,-1
178,7,877.419,447.190,119.918,296.998,0.881393,-1,-1,-1
178,6,1152.629,448.343,49.966,102.206,0.367720,-1,-1,-1
178,4,526.055,426.661,240.106,490.303,0.898241,-1,-1,-1
178,2,774.686,436.952,121.204,368.727,0.876460,-1,-1,-1
179,11,959.749,432.814,117.056,269.326,0.822290,-1,-1,-1
179,10,510.564,451.474,42.376,110.589,0.481192,-1,-1,-1
179,9,570.183,452.357,53.192,110.466,0.543245,-1,-1,-1
179,7,879.802,447.776,118.906,297.171,0.855255,-1,-1,-1
179,6,1154.620,447.450,46.792,103.231,0.413451,-1,-1,-1
179,4,524.335,422.125,244.612,495.809,0.881317,-1,-1,-1
179,2,774.535,435.983,120.458,369.128,0.859610,-1,-1,-1
180,11,963.031,437.163,116.438,266.699,0.772684,-1,-1,-1
180,10,509.811,451.771,42.404,110.203,0.535616,-1,-1,-1
180,9,570.603,455.702,49.621,109.707,0.541262,-1,-1,-1
180,7,887.793,446.883,113.215,298.966,0.852314,-1,-1,-1
180,6,1156.117,456.269,42.141,94.026,0.424835,-1,-1,-1
180,4,527.812,419.935,245.682,497.849,0.882854,-1,-1,-1
180,2,775.547,435.306,125.192,366.001,0.866180,-1,-1,-1
181,16,550.443,446.741,30.587,82.172,0.331033,-1,-1,-1
181,11,966.201,437.023,110.670,270.727,0.775671,-1,-1,-1
181,10,510.055,452.745,40.945,108.907,0.536550,-1,-1,-1
181,9,571.317,460.592,48.977,105.756,0.567307,-1,-1,-1
181,7,899.589,446.663,105.730,297.721,0.880819,-1,-1,-1
181,6,1155.083,449.749,41.421,100.196,0.522858,-1,-1,-1
181,4,532.613,420.921,241.385,496.326,0.856873,-1,-1,-1
181,2,774.660,434.746,122.777,368.652,0.850840,-1,-1,-1
182,16,549.602,445.193,32.740,85.486,0.407933,-1,-1,-1
182,11,970.691,437.318,105.578,275.232,0.780018,-1,-1,-1
182,10,510.289,450.228,41.315,111.765,0.538912,-1,-1,-1
182,9,569.865,459.167,52.872,113.942,0.618624,-1,-1,-1
182,7,906.682,450.399,98.916,296.755,0.877237,-1,-1,-1
182,6,1156.262,451.988,38.535,97.277,0.452911,-1,-1,-1
182,4,536.341,420.512,241.329,498.049,0.859324,-1,-1,-1
182,2,774.019,433.236,134.086,373.681,0.845974,-1,-1,-1
183,16,550.329,445.757,32.078,80.204,0.418425,-1,-1,-1
183,11,975.520,436.864,101.226,275.704,0.753759,-1,-1,-1
183,10,509.857,451.006,40.412,111.623,0.557383,-1,-1,-1
183,9,567.547,457.475,58.242,140.781,0.680849,-1,-1,-1
183,7,910.038,447.517,101.468,298.450,0.856793,-1,-1,-1
183,6,1155.910,456.888,38.070,92.925,0.437099,-1,-1,-1
183,4,546.351,420.918,232.434,498.386,0.854894,-1,-1,-1
183,2,779.334,432.507,131.182,373.244,0.862874,-1,-1,-1
184,16,551.281,446.166,31.245,79.150,0.415968,-1,-1,-1
184,11,979.234,435.201,98.595,279.536,0.747384,-1,-1,-1
184,10,509.693,451.432,40.198,111.889,0.545238,-1,-1,-1
184,9,568.590,459.812,56.790,138.863,0.723570,-1,-1,-1
184,7,914.405,443.299,99.115,301.098,0.834647,-1,-1,-1
184,6,1155.440,457.568,38.718,92.661,0.566270,-1,-1,-1
184,4,536.112,420.459,245.927,500.189,0.866816,-1,-1,-1
184,2,781.489,431.930,129.841,374.413,0.860252,-1,-1,-1
185,16,552.085,448.642,29.849,75.677,0.368984,-1,-1,-1
185,11,985.514,436.162,94.350,278.553,0.794234,-1,-1,-1
185,10,510.186,451.443,39.847,111.490,0.542996,-1,-1,-1
185,9,567.716,455.565,61.033,159.826,0.788098,-1,-1,-1
185,7,918.573,447.191,98.620,304.075,0.811203,-1,-1,-1
185,6,1154.293,459.401,40.051,90.107,0.384651,-1,-1,-1
185,4,542.502,419.478,242.374,502.144,0.844428,-1,-1,-1
185,2,781.663,431.653,131.072,374.154,0.856436,-1,-1,-1
186,16,551.940,448.216,30.707,76.993,0.370137,-1,-1,-1
186,11,990.494,431.005,90.109,280.220,0.834196,-1,-1,-1
186,10,510.134,449.761,39.206,113.643,0.607618,-1,-1,-1
186,9,566.175,459.672,63.325,158.432,0.821267,-1,-1,-1
186,7,923.652,446.998,98.316,316.392,0.830524,-1,-1,-1
186,6,1153.695,453.283,43.598,95.683,0.575240,-1,-1,-1
186,4,572.662,419.016,218.176,499.746,0.832556,-1,-1,-1
186,2,784.798,431.174,132.040,374.552,0.821087,-1,-1,-1
187,16,550.794,448.240,31.475,77.384,0.381307,-1,-1,-1
187,11,993.820,435.005,90.553,270.338,0.798992,-1,-1,-1
187,10,510.496,449.156,38.916,114.093,0.615272,-1,-1,-1
187,9,568.031,457.178,62.488,160.120,0.817855,-1,-1,-1
187,7,925.726,449.936,100.338,312.299,0.849562,-1,-1,-1
187,6,1151.702,452.189,48.317,97.426,0.538536,-1,-1,-1
187,4,577.036,418.900,215.828,507.401,0.821485,-1,-1,-1
187,2,788.449,431.693,128.511,375.763,0.838915,-1,-1,-1
188,16,550.877,449.756,30.132,75.370,0.419196,-1,-1,-1
188,11,997.006,435.993,87.031,275.063,0.870579,-1,-1,-1
188,10,511.900,452.117,38.617,110.835,0.637379,-1,-1,-1
188,9,567.233,454.553,66.629,164.895,0.841663,-1,-1,-1
188,7,930.498,446.170,100.387,307.734,0.876631,-1,-1,-1
188,6,1152.201,452.827,45.762,96.502,0.459235,-1,-1,-1
188,4,580.458,418.780,217.809,512.677,0.838131,-1,-1,-1
188,2,789.323,431.909,128.917,375.524,0.838008,-1,-1,-1
189,16,550.950,452.802,28.386,72.593,0.326407,-1,-1,-1
189,11,999.152,433.716,86.222,278.700,0.872254,-1,-1,-1
189,10,512.211,453.926,38.176,109.377,0.633823,-1,-1,-1
189,9,567.255,455.220,66.712,164.765,0.833377,-1,-1,-1
189,7,931.801,446.252,109.922,309.594,0.837954,-1,-1,-1
189,6,1151.275,446.364,49.288,104.368,0.491569,-1,-1,-1
189,4,569.414,417.882,230.630,519.346,0.863735,-1,-1,-1
189,2,791.487,432.241,130.171,377.860,0.867140,-1,-1,-1
190,16,550.884,454.166,29.014,73.552,0.374314,-1,-1,-1
190,11,1001.566,433.221,87.133,278.844,0.795613,-1,-1,-1
190,10,510.661,452.977,39.896,111.474,0.608336,-1,-1,-1
190,9,566.895,456.531,66.025,161.791,0.827446,-1,-1,-1
190,8,1098.138,444.301,35.871,100.987,0.402013,-1,-1,-1
190,7,937.555,452.240,117.707,304.192,0.845063,-1,-1,-1
190,6,1149.155,455.117,47.684,94.963,0.387141,-1,-1,-1
190,5,486.764,460.198,32.318,95.223,0.306588,-1,-1,-1
190,4,574.977,417.152,225.120,528.420,0.870371,-1,-1,-1
190,2,795.921,431.060,128.852,378.278,0.868841,-1,-1,-1
191,16,552.433,454.359,28.178,72.860,0.340532,-1,-1,-1
191,11,1002.540,432.274,91.242,278.859,0.757429,-1,-1,-1
191,10,511.190,455.058,38.631,109.229,0.578460,-1,-1,-1
191,9,564.668,456.546,67.794,162.477,0.850422,-1,-1,-1
191,8,1095.720,439.722,37.991,109.997,0.489662,-1,-1,-1
191,7,941.220,452.582,119.038,304.083,0.828631,-1,-1,-1
191,6,1148.622,458.532,43.326,91.754,0.313566,-1,-1,-1
191,5,486.709,460.979,33.017,95.183,0.377389,-1,-1,-1
191,4,578.040,418.976,225.465,526.677,0.838304,-1,-1,-1
191,2,798.188,430.327,130.340,378.031,0.883146,-1,-1,-1
192,16,551.786,454.782,28.564,72.932,0.369568,-1,-1,-1
192,11,1005.909,434.796,89.802,276.328,0.751133,-1,-1,-1
192,10,510.014,453.289,39.443,110.911,0.587703,-1,-1,-1
192,9,565.166,456.181,69.232,164.700,0.857822,-1,-1,-1
192,8,1095.720,442.014,37.017,106.124,0.367170,-1,-1,-1
192,7,942.456,448.606,117.991,312.081,0.843917,-1,-1,-1
192,6,1148.981,461.482,40.786,88.290,0.297880,-1,-1,-1
192,5,486.733,460.755,33.378,96.545,0.408636,-1,-1,-1
192,4,577.165,419.056,228.565,540.304,0.840127,-1,-1,-1
192,2,799.644,430.763,130.154,376.120,0.888660,-1,-1,-1
193,16,551.891,453.282,29.161,75.876,0.365141,-1,-1,-1
193,11,1011.867,436.940,97.203,273.942,0.750818,-1,-1,-1
193,10,509.785,452.545,39.963,111.949,0.639464,-1,-1,-1
193,9,566.495,455.408,68.078,164.340,0.860148,-1,-1,-1
193,8,1097.988,443.468,34.773,104.178,0.357132,-1,-1,-1
193,7,943.993,445.456,118.254,312.871,0.814513,-1,-1,-1
193,6,1147.907,458.781,37.833,91.085,0.367416,-1,-1,-1
193,5,486.117,462.446,33.254,101.902,0.448117,-1,-1,-1
193,4,590.427,418.764,219.974,545.952,0.819241,-1,-1,-1
193,2,800.741,430.709,129.871,373.060,0.891435,-1,-1,-1
194,16,551.840,452.843,29.847,79.041,0.398076,-1,-1,-1
194,11,1016.713,431.006,97.728,283.666,0.773129,-1,-1,-1
194,10,509.118,454.553,39.648,109.671,0.657276,-1,-1,-1
194,9,564.951,455.235,69.474,164.094,0.864539,-1,-1,-1
194,8,1097.723,442.916,36.046,105.146,0.415181,-1,-1,-1
194,7,945.118,445.744,117.595,311.940,0.844975,-1,-1,-1
194,6,1146.708,458.472,35.688,91.373,0.480498,-1,-1,-1
194,5,485.763,464.044,32.641,100.886,0.435922,-1,-1,-1
194,4,617.274,417.589,190.983,551.318,0.817770,-1,-1,-1
194,2,802.191,431.602,131.421,375.674,0.888089,-1,-1,-1
195,16,551.103,452.114,31.464,82.721,0.391885,-1,-1,-1
195,11,1020.248,432.573,103.591,286.850,0.847665,-1,-1,-1
195,10,508.257,454.923,41.164,110.328,0.676899,-1,-1,-1
195,9,565.234,455.223,69.873,165.140,0.867337,-1,-1,-1
195,8,1096.569,443.425,36.173,105.700,0.360162,-1,-1,-1
195,7,945.832,449.233,120.156,310.534,0.851780,-1,-1,-1
195,6,1145.505,457.676,37.412,92.814,0.553285,-1,-1,-1
195,5,486.617,464.363,31.752,97.654,0.363237,-1,-1,-1
195,4,601.604,416.597,208.303,553.391,0.840655,-1,-1,-1
195,2,806.312,430.675,131.400,376.994,0.873715,-1,-1,-1
196,16,457.589,470.642,39.161,106.414,0.453057,-1,-1,-1
196,14,1168.347,451.029,37.666,99.226,0.488070,-1,-1,-1
196,11,1021.310,430.700,103.717,290.459,0.822131,-1,-1,-1
196,10,508.537,456.139,41.645,109.161,0.692603,-1,-1,-1
196,9,565.453,454.505,70.678,165.334,0.864147,-1,-1,-1
196,8,1106.119,448.990,30.982,92.275,0.270025,-1,-1,-1
196,7,943.190,444.499,124.647,314.265,0.837270,-1,-1,-1
196,6,1144.932,458.147,35.911,92.828,0.564848,-1,-1,-1
196,5,486.893,463.715,31.484,101.119,0.394082,-1,-1,-1
196,4,603.009,416.771,210.791,551.732,0.840705,-1,-1,-1
196,2,805.014,430.349,144.672,383.084,0.879174,-1,-1,-1
197,16,457.679,467.450,37.306,106.998,0.407697,-1,-1,-1
197,14,1177.192,453.563,35.614,95.420,0.428504,-1,-1,-1
197,11,1024.689,433.183,102.606,284.043,0.806274,-1,-1,-1
197,10,509.833,458.243,42.107,106.517,0.685330,-1,-1,-1
197,9,565.331,453.826,70.993,166.708,0.827169,-1,-1,-1
197,7,943.950,445.815,128.577,316.526,0.815732,-1,-1,-1
197,6,1144.775,460.525,35.768,89.954,0.544480,-1,-1,-1
197,5,486.485,461.790,31.969,100.093,0.493456,-1,-1,-1
197,4,606.731,418.525,205.429,555.382,0.847830,-1,-1,-1
197,2,809.228,432.553,150.991,380.927,0.877248,-1,-1,-1
198,16,454.895,465.158,40.493,110.159,0.484053,-1,-1,-1
198,14,1175.646,449.170,41.849,100.697,0.569767,-1,-1,-1
198,11,1030.790,432.748,102.497,284.869,0.849480,-1,-1,-1
198,10,509.001,454.647,42.199,110.604,0.625620,-1,-1,-1
198,9,566.203,452.953,71.863,166.161,0.850285,-1,-1,-1
198,7,953.878,444.968,120.503,318.302,0.830007,-1,-1,-1
198,6,1143.985,460.158,35.405,90.094,0.551715,-1,-1,-1
198,5,486.200,459.385,33.683,103.712,0.399331,-1,-1,-1
198,4,619.716,421.455,198.789,551.360,0.847598,-1,-1,-1
198,2,811.498,433.097,158.516,381.340,0.867374,-1,-1,-1
199,16,454.352,466.679,40.408,106.242,0.319491,-1,-1,-1
199,14,1177.069,447.579,40.668,103.075,0.612736,-1,-1,-1
199,11,1030.381,436.437,104.728,281.446,0.884185,-1,-1,-1
199,10,509.540,455.346,40.963,109.285,0.608403,-1,-1,-1
199,9,567.356,453.390,71.219,165.404,0.845355,-1,-1,-1
199,7,966.709,446.138,107.833,319.941,0.890876,-1,-1,-1
199,6,1143.706,458.690,35.717,91.764,0.575588,-1,-1,-1
199,5,485.234,460.325,33.770,103.086,0.437230,-1,-1,-1
199,4,615.347,420.859,206.338,543.751,0.870281,-1,-1,-1
199,2,813.647,433.295,163.713,382.850,0.866322,-1,-1,-1
200,16,452.141,463.729,40.403,105.788,0.302803,-1,-1,-1
200,14,1177.522,447.531,40.410,101.911,0.615313,-1,-1,-1
200,11,1033.148,436.534,106.493,282.323,0.846054,-1,-1,-1
200,10,508.629,456.337,41.793,107.995,0.665766,-1,-1,-1
200,9,568.925,455.313,71.514,165.801,0.835098,-1,-1,-1
200,8,1105.895,442.722,34.057,92.941,0.404608,-1,-1,-1
200,7,970.926,447.141,107.440,316.397,0.826011,-1,-1,-1
200,6,1140.628,453.894,37.819,96.306,0.617430,-1,-1,-1
200,5,483.758,462.284,34.368,101.794,0.371841,-1,-1,-1
200,4,620.221,420.865,205.873,551.298,0.881458,-1,-1,-1
200,2,815.683,433.517,165.274,383.967,0.854735,-1,-1,-1
201,22,963.210,446.966,45.062,80.130,0.235809,-1,-1,-1
201,16,450.033,462.479,41.778,101.303,0.267335,-1,-1,-1
201,14,1178.930,446.311,39.201,103.472,0.628979,-1,-1,-1
201,11,1039.045,433.711,104.509,286.007,0.821593,-1,-1,-1
201,10,508.317,456.779,42.321,107.487,0.667428,-1,-1,-1
201,9,568.658,455.410,71.148,164.688,0.831926,-1,-1,-1
201,8,1105.074,438.176,32.955,78.498,0.321355,-1,-1,-1
201,7,979.964,444.024,98.135,319.337,0.816624,-1,-1,-1
201,6,1137.537,452.176,38.489,97.464,0.645097,-1,-1,-1
201,5,483.974,461.456,34.176,102.535,0.383942,-1,-1,-1
201,4,624.650,421.664,205.987,550.468,0.886290,-1,-1,-1
201,2,817.569,434.685,162.324,382.187,0.856354,-1,-1,-1
202,22,964.164,445.619,43.960,79.891,0.275989,-1,-1,-1
202,14,1180.128,446.121,40.175,102.370,0.657323,-1,-1,-1
202,11,1045.977,437.551,100.480,288.025,0.828932,-1,-1,-1
202,10,508.950,456.635,41.284,107.325,0.657393,-1,-1,-1
202,9,570.416,459.875,70.691,160.548,0.830261,-1,-1,-1
202,8,1105.776,439.910,30.410,68.857,0.302682,-1,-1,-1
202,7,983.622,445.473,101.027,319.358,0.831505,-1,-1,-1
202,6,1135.503,449.822,38.962,98.479,0.656774,-1,-1,-1
202,5,483.413,462.217,33.815,100.072,0.272918,-1,-1,-1
202,4,628.322,420.861,207.233,558.908,0.890192,-1,-1,-1
202,2,820.847,435.940,159.850,382.627,0.883383,-1,-1,-1
203,22,963.332,445.585,42.247,77.140,0.210759,-1,-1,-1
203,14,1182.318,444.955,40.545,103.891,0.659554,-1,-1,-1
203,11,1048.576,438.217,99.131,285.197,0.833212,-1,-1,-1
203,10,507.365,455.460,41.685,109.898,0.667178,-1,-1,-1
203,9,571.122,460.071,72.331,161.284,0.839749,-1,-1,-1
203,8,1108.167,438.740,29.552,70.765,0.247891,-1,-1,-1
203,7,988.661,446.547,98.018,318.643,0.822326,-1,-1,-1
203,6,1134.554,445.541,39.536,101.223,0.632450,-1,-1,-1
203,5,483.111,460.576,34.142,100.594,0.314188,-1,-1,-1
203,4,632.598,421.158,209.364,566.162,0.902685,-1,-1,-1
203,2,823.987,434.713,157.431,383.662,0.887993,-1,-1,-1
204,22,962.137,446.584,38.723,75.018,0.302219,-1,-1,-1
204,14,1183.165,448.375,39.302,100.374,0.638632,-1,-1,-1
204,11,1053.784,439.296,95.116,284.965,0.817877,-1,-1,-1
204,10,507.709,455.653,42.570,108.979,0.632011,-1,-1,-1
204,9,575.455,460.468,68.138,160.278,0.828653,-1,-1,-1
204,7,993.282,446.991,98.301,318.926,0.818790,-1,-1,-1
204,6,1134.346,446.950,38.602,99.644,0.533460,-1,-1,-1
204,5,481.051,460.964,35.707,100.941,0.250542,-1,-1,-1
204,4,634.616,420.945,219.590,569.319,0.896156,-1,-1,-1
204,2,826.281,433.887,157.421,383.882,0.888852,-1,-1,-1
205,22,961.640,445.490,42.441,78.249,0.215404,-1,-1,-1
205,14,1182.065,450.374,43.395,99.487,0.362401,-1,-1,-1
205,11,1059.605,435.900,90.572,289.762,0.825813,-1,-1,-1
205,10,505.400,452.583,45.594,112.960,0.649611,-1,-1,-1
205,9,574.916,456.004,69.169,166.222,0.816061,-1,-1,-1
205,7,995.149,444.041,101.341,323.365,0.853838,-1,-1,-1
205,6,1134.706,450.411,36.509,95.741,0.469179,-1,-1,-1
205,5,479.927,459.541,36.283,102.385,0.259945,-1,-1,-1
205,4,641.616,419.921,210.814,576.606,0.895145,-1,-1,-1
205,2,823.059,431.864,160.387,386.320,0.906250,-1,-1,-1
206,22,962.174,446.954,39.220,77.126,0.213881,-1,-1,-1
206,14,1183.204,447.567,44.459,104.071,0.669844,-1,-1,-1
206,11,1062.205,434.447,94.288,292.506,0.871378,-1,-1,-1
206,10,505.344,453.196,46.749,113.433,0.648397,-1,-1,-1
206,9,577.359,460.270,68.998,162.023,0.834678,-1,-1,-1
206,7,1001.169,443.949,103.810,323.300,0.807306,-1,-1,-1
206,6,1132.639,440.620,38.685,105.995,0.441310,-1,-1,-1
206,5,480.895,460.763,35.890,100.867,0.312055,-1,-1,-1
206,4,646.252,418.863,205.990,579.431,0.896001,-1,-1,-1
206,2,825.373,430.854,158.879,387.840,0.923867,-1,-1,-1
207,22,957.709,445.785,38.997,77.716,0.231782,-1,-1,-1
207,14,1185.242,447.033,45.040,103.044,0.602537,-1,-1,-1
207,11,1068.166,434.105,87.470,294.480,0.870639,-1,-1,-1
207,10,506.109,452.418,46.245,112.602,0.669643,-1,-1,-1
207,9,578.401,453.518,69.801,167.786,0.821263,-1,-1,-1
207,7,1006.190,447.391,113.411,320.161,0.833486,-1,-1,-1
207,6,1132.691,443.689,33.092,103.478,0.440548,-1,-1,-1
207,5,482.747,460.530,33.852,98.205,0.265846,-1,-1,-1
207,4,650.129,418.018,204.303,580.491,0.889074,-1,-1,-1
207,2,826.932,431.887,163.245,388.165,0.913787,-1,-1,-1
208,16,567.102,457.069,28.894,83.140,0.267185,-1,-1,-1
208,14,1185.250,446.590,47.421,105.172,0.673630,-1,-1,-1
208,11,1068.486,430.423,88.877,300.749,0.827798,-1,-1,-1
208,10,507.328,455.280,44.886,109.707,0.678020,-1,-1,-1
208,9,580.727,454.565,68.549,168.246,0.829945,-1,-1,-1
208,7,1007.802,446.191,126.124,321.409,0.821790,-1,-1,-1
208,6,1133.414,442.391,32.647,104.039,0.477880,-1,-1,-1
208,5,481.823,461.517,34.899,97.603,0.382925,-1,-1,-1
208,4,654.442,415.856,199.718,581.722,0.882019,-1,-1,-1
208,2,827.407,429.084,165.807,390.127,0.899792,-1,-1,-1
209,23,661.384,464.665,29.876,77.243,0.267101,-1,-1,-1
209,16,569.549,459.277,25.121,75.086,0.247331,-1,-1,-1
209,14,1185.399,447.142,48.070,105.434,0.692432,-1,-1,-1
209,11,1071.212,429.924,91.762,301.132,0.767552,-1,-1,-1
209,10,507.834,455.933,44.627,108.363,0.665925,-1,-1,-1
209,9,581.524,452.905,70.582,166.851,0.812622,-1,-1,-1
209,7,1011.770,439.954,143.640,327.015,0.864922,-1,-1,-1
209,5,480.898,461.307,35.960,98.775,0.420726,-1,-1,-1
209,4,658.721,410.391,201.376,587.063,0.872772,-1,-1,-1
209,2,832.733,432.116,160.638,386.573,0.892775,-1,-1,-1
210,23,662.183,466.051,30.751,74.095,0.286643,-1,-1,-1
210,16,571.015,460.715,23.758,66.538,0.204425,-1,-1,-1
210,14,1186.535,447.412,48.500,104.712,0.700289,-1,-1,-1
210,11,1080.361,428.342,89.036,325.707,0.697288,-1,-1,-1
210,10,507.638,455.920,44.556,107.736,0.681332,-1,-1,-1
210,9,582.986,456.714,69.551,163.892,0.816640,-1,-1,-1
210,7,1014.759,445.161,153.052,322.627,0.884562,-1,-1,-1
210,5,480.311,460.994,36.966,99.801,0.425072,-1,-1,-1
210,4,660.651,407.758,199.163,590.406,0.872248,-1,-1,-1
210,2,833.481,430.721,162.413,386.193,0.876173,-1,-1,-1
211,23,662.401,465.945,29.184,75.137,0.260773,-1,-1,-1
211,16,571.386,458.771,24.535,72.808,0.245381,-1,-1,-1
211,14,1188.345,447.564,45.509,103.942,0.685082,-1,-1,-1
211,11,1083.740,433.563,93.743,315.231,0.600371,-1,-1,-1
211,10,507.522,454.400,45.208,109.441,0.684176,-1,-1,-1
211,9,585.248,454.793,71.405,166.964,0.843917,-1,-1,-1
211,7,1013.396,443.074,165.808,324.303,0.862495,-1,-1,-1
211,5,479.471,461.638,37.434,99.770,0.396782,-1,-1,-1
211,4,665.755,406.877,200.263,590.550,0.871566,-1,-1,-1
211,2,843.269,428.106,161.203,389.654,0.896225,-1,-1,-1
212,23,676.168,485.812,45.064,98.388,0.312291,-1,-1,-1
212,22,1018.707,441.917,40.110,78.337,0.444549,-1,-1,-1
212,16,569.195,457.831,26.697,69.583,0.301272,-1,-1,-1
212,14,1190.252,446.670,45.971,108.583,0.712863,-1,-1,-1
212,11,1090.010,429.759,88.639,324.912,0.685037,-1,-1,-1
212,10,506.543,452.174,46.334,112.472,0.674185,-1,-1,-1
212,9,587.347,453.182,71.594,167.151,0.837302,-1,-1,-1
212,7,1016.814,441.064,165.470,327.023,0.833631,-1,-1,-1
212,5,479.011,459.776,37.959,102.332,0.383760,-1,-1,-1
212,4,668.249,407.898,198.600,591.799,0.871016,-1,-1,-1
212,2,844.936,430.395,155.656,385.522,0.869650,-1,-1,-1
213,23,677.064,486.100,44.402,100.993,0.316293,-1,-1,-1
213,16,568.240,457.230,27.195,67.807,0.280756,-1,-1,-1
213,14,1191.677,446.701,44.469,107.995,0.696803,-1,-1,-1
213,11,1093.717,432.924,88.899,294.654,0.828766,-1,-1,-1
213,10,507.130,452.984,45.694,110.327,0.674268,-1,-1,-1
213,9,586.085,452.934,73.233,171.071,0.843492,-1,-1,-1
213,7,1016.437,443.345,166.346,326.176,0.825453,-1,-1,-1
213,5,477.619,459.239,39.335,103.945,0.393678,-1,-1,-1
213,4,668.455,408.942,199.823,591.316,0.874345,-1,-1,-1
213,2,856.246,429.081,157.140,390.329,0.860580,-1,-1,-1
214,23,677.497,488.431,44.883,104.689,0.368258,-1,-1,-1
214,16,566.737,455.001,29.067,69.826,0.310362,-1,-1,-1
214,14,1194.230,447.544,43.300,107.751,0.646017,-1,-1,-1
214,11,1098.264,431.284,96.724,295.241,0.781152,-1,-1,-1
214,10,507.369,453.963,45.635,110.984,0.664166,-1,-1,-1
214,9,587.897,456.138,71.642,168.135,0.853401,-1,-1,-1
214,7,1018.567,450.237,167.268,317.474,0.823191,-1,-1,-1
214,5,477.491,459.439,39.634,102.305,0.438830,-1,-1,-1
214,4,670.962,409.651,198.010,589.804,0.867502,-1,-1,-1
214,2,868.813,428.923,146.173,392.922,0.869381,-1,-1,-1
215,23,677.275,485.839,46.048,111.311,0.342074,-1,-1,-1
215,16,565.678,457.357,28.467,67.588,0.421615,-1,-1,-1
215,14,1197.672,447.015,40.436,108.095,0.627321,-1,-1,-1
215,11,1103.202,436.682,104.272,290.898,0.750173,-1,-1,-1
215,10,507.580,456.169,44.820,106.827,0.682682,-1,-1,-1
215,9,591.750,454.298,71.415,168.992,0.843617,-1,-1,-1
215,7,1016.698,446.688,165.532,326.122,0.860014,-1,-1,-1
215,5,476.136,459.348,40.345,104.141,0.428133,-1,-1,-1
215,4,672.495,409.390,202.403,590.048,0.885116,-1,-1,-1
215,2,875.456,428.497,140.019,394.966,0.857758,-1,-1,-1
216,23,678.349,482.803,47.427,109.652,0.315198,-1,-1,-1
216,22,1030.728,441.372,46.355,106.213,0.501347,-1,-1,-1
216,16,567.138,456.956,26.859,67.307,0.418454,-1,-1,-1
216,14,1200.729,449.349,41.447,109.039,0.667977,-1,-1,-1
216,11,1108.190,429.542,117.750,302.144,0.702568,-1,-1,-1
216,10,507.627,455.146,45.596,109.777,0.682802,-1,-1,-1
216,9,593.192,459.645,71.622,161.689,0.839939,-1,-1,-1
216,7,1017.203,444.290,166.793,328.168,0.881797,-1,-1,-1
216,5,474.944,459.319,39.398,101.677,0.491383,-1,-1,-1
216,4,671.392,408.260,207.441,591.940,0.872773,-1,-1,-1
216,2,877.589,428.418,140.994,396.724,0.869087,-1,-1,-1
217,23,676.800,481.668,50.586,116.806,0.327077,-1,-1,-1
217,22,1031.041,438.608,50.117,101.891,0.516069,-1,-1,-1
217,16,569.530,457.274,27.160,66.190,0.373445,-1,-1,-1
217,14,1201.709,449.492,42.012,108.626,0.716151,-1,-1,-1
217,11,1106.102,428.093,129.599,302.255,0.675029,-1,-1,-1
217,10,507.628,454.742,45.925,110.247,0.688300,-1,-1,-1
217,9,591.515,455.975,75.461,173.108,0.841225,-1,-1,-1
217,7,1022.994,445.685,166.890,327.923,0.874040,-1,-1,-1
217,5,476.514,458.576,39.567,103.949,0.452110,-1,-1,-1
217,4,675.245,409.204,210.526,587.968,0.874883,-1,-1,-1
217,2,881.827,427.258,135.381,398.258,0.863630,-1,-1,-1
218,23,677.091,481.034,50.980,115.475,0.392804,-1,-1,-1
218,22,1037.675,439.717,45.295,97.867,0.441657,-1,-1,-1
218,16,570.238,457.236,26.086,65.365,0.350920,-1,-1,-1
218,14,1201.509,448.958,44.620,107.669,0.729327,-1,-1,-1
218,11,1115.187,431.837,124.290,299.235,0.662938,-1,-1,-1
218,10,506.402,454.981,46.207,110.472,0.670498,-1,-1,-1
218,9,594.389,457.494,72.969,167.322,0.826717,-1,-1,-1
218,7,1026.868,450.970,164.242,320.201,0.873034,-1,-1,-1
218,5,475.766,457.384,39.560,105.847,0.382554,-1,-1,-1
218,4,674.651,407.146,220.259,590.062,0.857937,-1,-1,-1
218,2,884.591,425.993,134.990,406.125,0.866855,-1,-1,-1
219,23,677.823,483.882,49.696,111.272,0.339838,-1,-1,-1
219,22,1037.804,440.824,52.018,141.192,0.569927,-1,-1,-1
219,16,569.362,456.826,26.879,66.593,0.396323,-1,-1,-1
219,14,1203.697,449.137,45.148,106.627,0.786629,-1,-1,-1
219,11,1130.271,430.048,101.016,309.322,0.615010,-1,-1,-1
219,10,506.696,454.126,46.346,109.054,0.662200,-1,-1,-1
219,9,596.155,459.604,69.096,171.828,0.803832,-1,-1,-1
219,7,1033.410,440.482,157.218,337.644,0.855714,-1,-1,-1
219,5,478.250,460.881,35.722,99.225,0.289496,-1,-1,-1
219,4,676.456,405.987,225.530,593.186,0.837671,-1,-1,-1
219,2,885.672,424.044,134.548,412.412,0.889007,-1,-1,-1
220,23,678.610,483.064,51.286,118.042,0.311484,-1,-1,-1
220,22,1039.438,444.380,54.440,145.714,0.395066,-1,-1,-1
220,16,569.934,458.617,26.919,64.874,0.399999,-1,-1,-1
220,14,1205.165,449.537,45.630,106.661,0.671681,-1,-1,-1
220,11,1137.606,431.405,90.772,310.110,0.627081,-1,-1,-1
220,10,505.869,455.544,46.641,109.645,0.672676,-1,-1,-1
220,9,597.514,459.431,67.956,165.897,0.807593,-1,-1,-1
220,7,1038.187,447.323,155.056,325.192,0.875169,-1,-1,-1
220,5,475.238,459.914,36.334,100.894,0.368459,-1,-1,-1
220,4,677.817,403.897,234.989,594.398,0.863832,-1,-1,-1
220,2,888.200,425.780,134.201,412.045,0.867524,-1,-1,-1
221,22,1039.602,443.829,50.315,143.984,0.467179,-1,-1,-1
221,16,569.244,456.884,27.926,66.759,0.416277,-1,-1,-1
221,14,1206.823,448.915,47.457,107.223,0.715149,-1,-1,-1
221,11,1142.671,431.633,82.037,292.630,0.653257,-1,-1,-1
221,10,506.458,453.231,46.366,111.176,0.702789,-1,-1,-1
221,9,597.064,456.762,71.258,168.649,0.822793,-1,-1,-1
221,7,1048.304,442.093,143.752,334.833,0.880301,-1,-1,-1
221,5,475.135,457.684,36.937,102.170,0.440867,-1,-1,-1
221,4,678.062,401.170,253.961,596.402,0.881109,-1,-1,-1
221,2,891.730,426.805,133.203,412.207,0.877170,-1,-1,-1
222,22,1039.232,444.183,48.859,139.477,0.308273,-1,-1,-1
222,16,568.963,456.339,27.179,67.545,0.420972,-1,-1,-1
222,14,1207.556,446.369,49.876,107.496,0.598657,-1,-1,-1
222,11,1142.221,430.718,107.052,306.735,0.643373,-1,-1,-1
222,10,507.062,453.205,45.588,110.860,0.698298,-1,-1,-1
222,9,599.155,461.586,67.192,164.073,0.816625,-1,-1,-1
222,7,1060.377,439.893,132.216,337.822,0.829193,-1,-1,-1
222,5,474.789,458.215,37.803,101.906,0.450456,-1,-1,-1
222,4,681.313,402.996,269.432,595.079,0.901596,-1,-1,-1
222,2,892.540,427.560,136.080,412.966,0.874734,-1,-1,-1
223,22,1040.037,443.856,53.088,142.372,0.400279,-1,-1,-1
223,16,569.048,454.570,27.738,70.471,0.376410,-1,-1,-1
223,14,1215.012,448.355,43.973,104.778,0.566211,-1,-1,-1
223,11,1154.413,433.153,73.649,297.680,0.695078,-1,-1,-1
223,10,506.468,446.137,47.505,118.636,0.707197,-1,-1,-1
223,9,600.153,461.571,69.026,167.531,0.794961,-1,-1,-1
223,7,1077.126,441.493,115.310,336.074,0.852587,-1,-1,-1
223,5,473.012,452.037,38.123,107.077,0.499460,-1,-1,-1
223,4,682.445,402.013,283.985,595.420,0.924065,-1,-1,-1
223,2,895.919,429.936,134.576,411.652,0.875416,-1,-1,-1
224,23,678.226,483.465,52.555,117.313,0.221524,-1,-1,-1
224,22,1040.513,442.480,55.455,146.173,0.368749,-1,-1,-1
224,16,566.175,453.897,30.155,71.658,0.447749,-1,-1,-1
224,14,1217.758,445.705,42.156,105.229,0.406768,-1,-1,-1
224,11,1158.239,426.829,79.805,309.901,0.736793,-1,-1,-1
224,10,506.196,446.094,48.176,118.883,0.705225,-1,-1,-1
224,9,600.456,465.093,69.718,164.769,0.810525,-1,-1,-1
224,7,1092.058,440.253,106.245,340.377,0.857594,-1,-1,-1
224,5,472.917,452.862,36.793,106.958,0.455459,-1,-1,-1
224,4,684.603,402.445,299.549,596.127,0.923078,-1,-1,-1
224,2,898.577,429.605,134.524,414.146,0.868893,-1,-1,-1
225,23,676.452,484.945,51.552,114.178,0.229829,-1,-1,-1
225,22,1042.139,442.729,52.099,149.853,0.421556,-1,-1,-1
225,16,565.839,454.638,29.738,71.086,0.426201,-1,-1,-1
225,14,1220.599,448.547,38.997,100.790,0.514009,-1,-1,-1
225,11,1165.175,429.959,71.575,303.295,0.758787,-1,-1,-1
225,10,507.255,450.623,46.505,112.177,0.687090,-1,-1,-1
225,9,604.387,460.927,65.670,170.664,0.807140,-1,-1,-1
225,7,1100.275,440.023,100.636,343.484,0.839588,-1,-1,-1
225,5,472.131,453.641,38.289,106.742,0.422991,-1,-1,-1
225,4,686.685,400.261,314.785,599.116,0.887559,-1,-1,-1
225,2,899.854,429.684,136.726,415.443,0.864590,-1,-1,-1
226,23,677.565,485.105,52.162,112.510,0.389935,-1,-1,-1
226,22,1044.580,437.948,50.476,156.696,0.467107,-1,-1,-1
226,16,566.208,454.597,29.987,70.965,0.413097,-1,-1,-1
226,14,1221.620,449.095,38.444,98.595,0.387888,-1,-1,-1
226,11,1167.796,427.164,81.107,309.746,0.760071,-1,-1,-1
226,10,507.383,451.000,46.196,111.510,0.676697,-1,-1,-1
226,9,605.219,459.692,66.558,175.303,0.817262,-1,-1,-1
226,7,1103.977,440.788,107.756,346.526,0.855796,-1,-1,-1
226,5,472.129,455.728,38.319,105.920,0.410762,-1,-1,-1
226,4,691.750,404.156,327.322,595.826,0.876608,-1,-1,-1
226,2,900.162,430.191,141.480,416.462,0.864826,-1,-1,-1
227,23,675.613,486.993,53.395,115.744,0.318792,-1,-1,-1
227,16,567.013,455.849,29.342,69.357,0.398949,-1,-1,-1
227,14,1224.901,449.769,36.015,95.366,0.423081,-1,-1,-1
227,11,1168.952,427.776,85.524,311.319,0.783662,-1,-1,-1
227,10,506.249,453.298,44.433,110.722,0.675233,-1,-1,-1
227,9,607.008,455.209,65.024,177.109,0.801874,-1,-1,-1
227,7,1110.453,439.021,108.808,350.311,0.861708,-1,-1,-1
227,5,472.132,454.196,38.130,108.798,0.397687,-1,-1,-1
227,4,701.931,401.714,326.161,599.728,0.866339,-1,-1,-1
227,2,901.792,430.949,144.428,417.147,0.863328,-1,-1,-1
228,23,674.586,487.835,51.056,115.980,0.361069,-1,-1,-1
228,16,566.985,456.489,28.433,67.961,0.357089,-1,-1,-1
228,14,1226.833,447.017,35.791,103.012,0.573315,-1,-1,-1
228,11,1171.711,427.658,80.577,309.891,0.779777,-1,-1,-1
228,10,504.663,457.796,45.430,106.860,0.667414,-1,-1,-1
228,9,608.717,458.322,61.255,173.938,0.812039,-1,-1,-1
228,7,1112.870,434.834,108.056,359.552,0.936596,-1,-1,-1
228,5,723.764,469.491,47.678,97.077,0.303184,-1,-1,-1
228,4,699.138,401.093,334.086,601.925,0.871599,-1,-1,-1
228,2,903.516,430.104,142.415,412.337,0.859830,-1,-1,-1
229,23,676.088,486.911,49.244,112.256,0.440677,-1,-1,-1
229,16,566.618,457.130,28.414,67.546,0.321808,-1,-1,-1
229,14,1229.107,441.484,36.541,108.891,0.438030,-1,-1,-1
229,11,1180.433,425.067,77.690,310.639,0.795284,-1,-1,-1
229,10,505.320,456.673,44.670,107.478,0.667651,-1,-1,-1
229,9,609.460,457.570,61.368,179.650,0.814334,-1,-1,-1
229,7,1116.877,442.634,111.215,351.813,0.835545,-1,-1,-1
229,5,473.430,456.349,36.817,104.667,0.314462,-1,-1,-1
229,4,705.216,402.825,337.588,600.146,0.857085,-1,-1,-1
229,2,902.958,429.100,145.585,415.598,0.869347,-1,-1,-1
230,23,675.346,487.073,51.288,114.442,0.405577,-1,-1,-1
230,16,565.267,456.218,29.411,69.198,0.332872,-1,-1,-1
230,11,1184.254,426.798,81.891,305.542,0.794810,-1,-1,-1
230,10,505.341,455.667,44.470,107.864,0.618434,-1,-1,-1
230,9,608.768,458.289,62.977,180.624,0.836057,-1,-1,-1
230,7,1121.306,447.112,119.296,345.549,0.857892,-1,-1,-1
230,4,710.096,403.911,332.147,597.678,0.891009,-1,-1,-1
230,2,905.098,427.731,147.124,417.584,0.865898,-1,-1,-1
231,25,424.198,464.471,49.242,111.621,0.356589,-1,-1,-1
231,23,676.126,486.222,52.060,119.150,0.531492,-1,-1,-1
231,22,1056.009,439.799,59.145,148.545,0.258514,-1,-1,-1
231,16,565.204,455.320,29.583,69.739,0.341275,-1,-1,-1
231,11,1189.380,427.795,83.435,310.697,0.648560,-1,-1,-1
231,10,506.538,455.896,44.574,107.015,0.665911,-1,-1,-1
231,9,609.970,454.900,66.344,182.153,0.821485,-1,-1,-1
231,7,1123.080,444.197,131.547,348.735,0.857344,-1,-1,-1
231,4,738.367,403.188,304.133,600.011,0.880181,-1,-1,-1
231,2,906.148,427.419,140.432,416.723,0.853816,-1,-1,-1
232,25,420.214,466.969,52.564,109.347,0.226211,-1,-1,-1
232,23,674.583,487.849,53.882,119.989,0.560719,-1,-1,-1
232,22,1057.139,440.977,63.976,153.183,0.516941,-1,-1,-1
232,16,566.728,454.563,30.493,70.449,0.357392,-1,-1,-1
232,11,1195.513,429.020,80.495,318.450,0.577735,-1,-1,-1
232,10,506.597,456.394,45.455,107.462,0.686097,-1,-1,-1
232,9,610.792,453.323,65.548,183.863,0.832137,-1,-1,-1
232,7,1123.800,444.697,144.139,351.498,0.864558,-1,-1,-1
232,4,745.669,402.048,297.984,599.756,0.883090,-1,-1,-1
232,2,909.586,425.908,139.052,420.620,0.841988,-1,-1,-1
233,25,421.280,467.132,51.031,110.430,0.285754,-1,-1,-1
233,23,674.226,487.930,54.235,118.141,0.619884,-1,-1,-1
233,22,1058.308,440.462,63.604,154.627,0.522222,-1,-1,-1
233,16,565.061,454.648,31.960,69.999,0.371037,-1,-1,-1
233,14,1206.544,433.555,72.268,171.912,0.499185,-1,-1,-1
233,11,1197.829,432.103,87.411,316.010,0.656750,-1,-1,-1
233,10,507.049,455.065,44.555,108.582,0.666087,-1,-1,-1
233,9,611.861,453.642,66.499,180.096,0.829973,-1,-1,-1
233,7,1129.364,448.439,144.817,349.750,0.861976,-1,-1,-1
233,6,706.525,430.403,152.246,437.137,0.470792,-1,-1,-1
233,5,473.062,453.974,37.795,106.416,0.296410,-1,-1,-1
233,4,757.027,402.440,286.334,599.342,0.890552,-1,-1,-1
233,2,913.546,424.981,141.036,419.592,0.835422,-1,-1,-1
234,25,420.030,465.231,50.932,112.131,0.250061,-1,-1,-1
234,23,673.883,487.770,54.576,120.253,0.645063,-1,-1,-1
234,22,1058.602,440.693,64.826,156.027,0.609091,-1,-1,-1
234,16,565.664,454.110,31.294,71.473,0.365639,-1,-1,-1
234,11,1202.143,430.226,87.521,321.161,0.695188,-1,-1,-1
234,10,507.165,455.369,43.727,108.124,0.668216,-1,-1,-1
234,9,612.708,455.693,68.083,174.682,0.787743,-1,-1,-1
234,8,1109.805,446.823,35.410,104.095,0.347963,-1,-1,-1
234,7,1131.006,444.240,145.189,360.917,0.888588,-1,-1,-1
234,6,737.043,433.352,124.122,435.010,0.594161,-1,-1,-1
234,5,473.098,455.921,38.221,105.505,0.260485,-1,-1,-1
234,4,754.768,401.108,290.110,600.823,0.878209,-1,-1,-1
234,2,918.935,424.491,140.071,420.156,0.842521,-1,-1,-1
235,25,418.382,462.940,51.460,113.089,0.297038,-1,-1,-1
235,24,710.082,466.336,63.018,174.450,0.491507,-1,-1,-1
235,23,673.182,483.069,55.918,127.965,0.663724,-1,-1,-1
235,22,1059.096,439.439,66.226,158.390,0.437111,-1,-1,-1
235,16,565.294,454.102,30.155,71.793,0.383136,-1,-1,-1
235,11,1204.460,430.339,91.620,321.411,0.692973,-1,-1,-1
235,10,506.352,452.948,43.440,111.402,0.665138,-1,-1,-1
235,9,617.242,454.875,65.861,179.441,0.783764,-1,-1,-1
235,7,1129.106,446.376,148.489,355.885,0.881918,-1,-1,-1
235,6,743.609,435.513,117.041,435.631,0.671806,-1,-1,-1
235,5,475.522,456.972,35.015,102.540,0.224638,-1,-1,-1
235,4,769.886,397.936,273.470,607.287,0.874177,-1,-1,-1
235,2,920.610,424.673,135.452,419.852,0.853600,-1,-1,-1
236,25,420.793,462.716,46.879,115.389,0.221052,-1,-1,-1
236,24,713.135,469.040,60.374,168.100,0.471176,-1,-1,-1
236,23,673.450,484.341,54.768,125.998,0.616124,-1,-1,-1
236,22,1059.231,438.666,65.886,159.757,0.602631,-1,-1,-1
236,16,565.057,453.996,30.458,71.637,0.365120,-1,-1,-1
236,11,1218.071,427.600,79.350,324.696,0.653138,-1,-1,-1
236,10,505.072,451.679,43.896,113.991,0.650402,-1,-1,-1
236,9,620.526,454.739,63.392,180.407,0.778820,-1,-1,-1
236,7,1130.194,445.501,146.554,354.402,0.866150,-1,-1,-1
236,6,747.303,434.262,113.072,434.313,0.677805,-1,-1,-1
236,5,475.121,457.077,33.696,100.590,0.240090,-1,-1,-1
236,4,765.375,396.504,279.200,608.770,0.882815,-1,-1,-1
236,2,924.937,424.380,133.085,424.408,0.836937,-1,-1,-1
237,24,711.352,467.298,62.860,173.208,0.375740,-1,-1,-1
237,23,673.787,483.579,54.694,120.088,0.586258,-1,-1,-1
237,22,1061.879,435.904,64.167,162.226,0.600700,-1,-1,-1
237,16,566.061,454.096,30.987,70.738,0.405257,-1,-1,-1
237,11,1222.897,426.068,77.583,329.262,0.613337,-1,-1,-1
237,10,503.126,451.191,44.655,114.671,0.586323,-1,-1,-1
237,9,619.771,454.620,66.196,181.129,0.795473,-1,-1,-1
237,7,1127.943,439.449,150.312,365.011,0.859228,-1,-1,-1
237,6,751.656,436.258,111.767,433.608,0.683067,-1,-1,-1
237,5,474.197,455.151,33.903,103.198,0.219469,-1,-1,-1
237,4,773.860,396.432,271.976,609.002,0.890125,-1,-1,-1
237,2,932.625,423.472,128.046,425.900,0.811794,-1,-1,-1
238,24,715.786,467.993,57.034,148.044,0.389248,-1,-1,-1
238,23,672.836,480.164,55.073,123.393,0.605830,-1,-1,-1
238,22,1064.545,435.983,63.111,164.306,0.611621,-1,-1,-1
238,16,567.038,454.053,31.414,70.909,0.391902,-1,-1,-1
238,11,1222.435,431.167,89.297,329.768,0.630878,-1,-1,-1
238,10,503.830,453.224,44.199,112.622,0.622925,-1,-1,-1
238,9,620.410,457.084,70.047,181.140,0.806948,-1,-1,-1
238,8,1113.642,449.481,36.447,101.449,0.540231,-1,-1,-1
238,7,1132.560,443.595,147.766,357.542,0.851091,-1,-1,-1
238,6,752.961,438.571,113.308,433.786,0.710741,-1,-1,-1
238,5,475.367,454.097,33.696,103.285,0.212263,-1,-1,-1
238,4,772.763,394.814,273.953,610.796,0.891223,-1,-1,-1
238,2,937.500,423.968,127.042,425.270,0.771433,-1,-1,-1
239,24,717.126,468.675,57.988,162.116,0.520752,-1,-1,-1
239,23,668.169,462.536,58.606,140.124,0.612089,-1,-1,-1
239,22,1065.257,434.045,60.484,166.548,0.358483,-1,-1,-1
239,16,565.179,453.837,32.228,71.579,0.397935,-1,-1,-1
239,11,1229.857,431.300,83.626,327.687,0.705572,-1,-1,-1
239,10,503.407,451.820,44.700,113.886,0.616224,-1,-1,-1
239,9,620.538,457.433,74.743,179.546,0.817559,-1,-1,-1
239,8,1113.573,445.814,37.396,104.783,0.527265,-1,-1,-1
239,7,1141.074,437.449,140.193,368.413,0.841641,-1,-1,-1
239,6,755.347,438.896,111.441,433.464,0.695586,-1,-1,-1
239,5,473.061,453.287,35.312,103.880,0.206774,-1,-1,-1
239,4,784.132,396.004,263.264,610.530,0.902388,-1,-1,-1
239,2,939.827,420.333,124.985,426.723,0.718770,-1,-1,-1
240,24,717.908,465.217,55.557,158.432,0.407452,-1,-1,-1
240,23,669.254,463.260,57.980,136.051,0.671560,-1,-1,-1
240,22,1065.152,435.550,60.726,164.940,0.378605,-1,-1,-1
240,16,565.891,454.422,31.128,70.505,0.430531,-1,-1,-1
240,11,1238.930,433.003,77.602,327.293,0.714996,-1,-1,-1
240,10,504.649,453.157,43.239,109.391,0.613458,-1,-1,-1
240,9,620.814,459.433,75.613,177.193,0.813345,-1,-1,-1
240,8,1113.623,445.305,36.341,104.917,0.466943,-1,-1,-1
240,7,1152.225,435.348,127.208,370.463,0.786412,-1,-1,-1
240,6,760.572,439.091,120.242,431.056,0.400002,-1,-1,-1
240,5,714.163,446.092,146.984,424.005,0.521941,-1,-1,-1
240,4,793.035,398.302,252.750,608.202,0.902303,-1,-1,-1
240,2,947.763,423.168,121.772,424.231,0.638143,-1,-1,-1
241,24,719.466,465.762,55.100,138.858,0.417694,-1,-1,-1
241,23,674.754,471.939,54.700,128.067,0.595890,-1,-1,-1
241,22,1066.902,437.839,57.792,164.090,0.456758,-1,-1,-1
241,16,565.521,454.530,30.565,68.513,0.425682,-1,-1,-1
241,11,1241.311,430.164,77.886,329.076,0.675799,-1,-1,-1
241,10,503.987,452.576,43.243,113.639,0.639989,-1,-1,-1
241,9,622.228,457.790,75.984,179.331,0.825093,-1,-1,-1
241,8,1113.318,441.727,36.728,107.815,0.485309,-1,-1,-1
241,7,1171.311,435.793,115.093,373.292,0.800906,-1,-1,-1
241,6,765.289,438.832,121.513,434.372,0.536662,-1,-1,-1
241,5,714.807,445.967,142.620,427.478,0.552464,-1,-1,-1
241,4,804.651,399.983,244.493,606.735,0.882307,-1,-1,-1
241,2,974.246,425.106,100.209,416.979,0.321181,-1,-1,-1
242,24,719.850,463.420,55.801,159.325,0.355788,-1,-1,-1
242,23,671.783,458.998,53.078,139.982,0.619848,-1,-1,-1
242,22,1070.395,441.909,55.549,156.739,0.492405,-1,-1,-1
242,16,565.057,454.899,30.765,67.536,0.410079,-1,-1,-1
242,11,1247.094,428.522,74.379,327.755,0.651957,-1,-1,-1
242,10,504.071,451.216,43.859,116.581,0.641863,-1,-1,-1
242,9,622.886,458.293,78.620,178.566,0.816868,-1,-1,-1
242,8,1114.440,445.782,35.206,103.908,0.551525,-1,-1,-1
242,7,1181.282,435.285,110.360,373.195,0.851156,-1,-1,-1
242,6,765.082,439.617,125.250,432.403,0.597947,-1,-1,-1
242,5,718.836,448.379,139.578,424.641,0.496638,-1,-1,-1
242,4,815.882,397.433,234.000,609.700,0.890646,-1,-1,-1
242,2,963.447,425.051,111.866,418.411,0.621506,-1,-1,-1
243,24,720.699,469.020,55.787,160.768,0.527414,-1,-1,-1
243,23,672.918,457.141,49.985,144.333,0.532918,-1,-1,-1
243,22,1071.971,443.814,53.925,155.643,0.549016,-1,-1,-1
243,16,565.023,454.760,30.399,66.962,0.325468,-1,-1,-1
243,11,1255.361,426.970,65.891,333.533,0.627736,-1,-1,-1
243,10,503.273,451.909,44.753,115.807,0.603773,-1,-1,-1
243,9,623.424,457.880,79.967,176.451,0.838390,-1,-1,-1
243,8,1115.939,446.654,34.049,102.613,0.604021,-1,-1,-1
243,7,1188.170,435.908,106.824,370.072,0.845478,-1,-1,-1
243,6,763.878,438.107,127.635,436.594,0.713421,-1,-1,-1
243,4,822.274,396.496,232.540,611.738,0.883419,-1,-1,-1
243,2,967.590,426.038,109.504,415.184,0.628007,-1,-1,-1
244,24,722.857,471.732,51.847,138.752,0.365252,-1,-1,-1
244,23,680.779,466.646,48.970,132.882,0.469657,-1,-1,-1
244,22,1071.638,443.436,55.288,154.249,0.470925,-1,-1,-1
244,16,564.881,454.895,30.150,67.514,0.329458,-1,-1,-1
244,11,1255.033,425.649,72.854,334.732,0.716733,-1,-1,-1
244,10,503.313,452.567,45.592,115.126,0.645093,-1,-1,-1
244,9,626.447,459.220,74.654,177.555,0.828061,-1,-1,-1
244,8,1115.236,444.851,35.974,105.389,0.588455,-1,-1,-1
244,7,1194.556,432.521,107.832,378.553,0.850306,-1,-1,-1
244,6,756.693,434.784,142.529,437.150,0.736903,-1,-1,-1
244,4,832.451,396.412,222.111,613.514,0.867219,-1,-1,-1
244,2,965.902,425.693,112.121,420.287,0.618343,-1,-1,-1
245,25,417.187,459.446,46.582,121.389,0.334273,-1,-1,-1
245,23,688.486,465.205,42.913,133.855,0.310817,-1,-1,-1
245,22,1069.119,445.856,56.313,154.241,0.514965,-1,-1,-1
245,16,565.618,454.698,29.986,68.119,0.319580,-1,-1,-1
245,11,1261.540,422.447,74.132,337.374,0.662851,-1,-1,-1
245,10,502.463,454.007,46.518,113.470,0.637942,-1,-1,-1
245,9,623.926,455.762,82.689,180.949,0.828921,-1,-1,-1
245,8,1116.279,447.774,35.518,102.555,0.575747,-1,-1,-1
245,7,1198.554,432.843,116.206,376.021,0.843648,-1,-1,-1
245,6,770.262,436.460,129.849,441.889,0.783850,-1,-1,-1
245,4,845.410,390.208,210.837,627.786,0.859779,-1,-1,-1
245,2,982.596,435.311,97.016,411.205,0.621270,-1,-1,-1
246,25,416.265,458.539,50.875,121.994,0.297780,-1,-1,-1
246,23,690.614,484.334,39.710,114.515,0.410225,-1,-1,-1
246,22,1069.576,448.411,54.682,151.828,0.508612,-1,-1,-1
246,16,565.221,454.780,30.869,68.549,0.243194,-1,-1,-1
246,11,1264.176,423.112,73.669,334.517,0.611958,-1,-1,-1
246,10,503.311,454.079,45.385,113.098,0.632465,-1,-1,-1
246,9,626.967,456.631,80.421,181.736,0.800612,-1,-1,-1
246,8,1116.585,450.303,33.442,100.029,0.487331,-1,-1,-1
246,7,1205.072,433.121,112.814,377.049,0.847972,-1,-1,-1
246,6,767.547,437.880,147.753,440.990,0.790234,-1,-1,-1
246,4,856.612,391.228,206.592,635.574,0.837889,-1,-1,-1
246,2,985.100,439.274,96.610,407.373,0.592392,-1,-1,-1
247,25,416.396,458.137,46.401,123.006,0.563779,-1,-1,-1
247,23,688.500,485.968,39.970,113.199,0.270214,-1,-1,-1
247,22,1069.789,447.807,54.017,151.904,0.444348,-1,-1,-1
247,16,567.228,455.368,30.599,69.132,0.272106,-1,-1,-1
247,11,1267.596,419.058,75.984,361.135,0.644070,-1,-1,-1
247,10,502.997,454.590,45.035,113.570,0.656399,-1,-1,-1
247,9,627.374,455.052,80.829,183.799,0.802241,-1,-1,-1
247,8,1115.983,451.034,32.191,98.942,0.521091,-1,-1,-1
247,7,1207.028,433.872,122.593,374.713,0.801671,-1,-1,-1
247,6,764.597,435.090,154.851,445.450,0.823568,-1,-1,-1
247,4,860.458,392.724,213.366,643.473,0.822019,-1,-1,-1
247,2,994.007,426.111,103.305,424.490,0.545426,-1,-1,-1
248,25,415.425,460.813,45.984,120.152,0.531121,-1,-1,-1
248,23,691.451,496.990,38.307,100.898,0.288660,-1,-1,-1
248,22,1072.566,445.443,53.125,154.959,0.378022,-1,-1,-1
248,16,568.852,454.581,29.403,69.637,0.308738,-1,-1,-1
248,11,1279.403,424.144,75.274,364.265,0.347366,-1,-1,-1
248,10,504.357,457.096,43.309,111.780,0.689656,-1,-1,-1
248,9,630.938,454.462,76.812,185.612,0.766890,-1,-1,-1
248,8,1115.392,449.280,32.563,100.681,0.410793,-1,-1,-1
248,7,1212.485,433.787,141.169,374.971,0.847096,-1,-1,-1
248,6,778.055,434.882,147.556,445.470,0.841476,-1,-1,-1
248,4,868.823,394.608,199.038,647.981,0.816849,-1,-1,-1
248,2,991.211,426.548,125.856,425.251,0.680258,-1,-1,-1
249,25,415.553,460.573,46.633,121.137,0.532381,-1,-1,-1
249,23,692.016,490.773,38.463,108.497,0.343352,-1,-1,-1
249,22,1063.702,459.494,58.345,139.919,0.367926,-1,-1,-1
249,16,567.231,454.422,29.198,69.746,0.371509,-1,-1,-1
249,11,1288.500,424.599,72.010,284.947,0.208290,-1,-1,-1
249,10,503.050,455.121,45.245,113.314,0.673445,-1,-1,-1
249,9,636.208,454.784,70.604,184.522,0.764334,-1,-1,-1
249,8,1116.239,450.604,33.508,98.901,0.447949,-1,-1,-1
249,7,1215.669,434.198,164.664,377.036,0.846690,-1,-1,-1
249,6,779.740,433.661,143.065,446.909,0.819680,-1,-1,-1
249,4,876.415,397.458,200.771,652.564,0.792258,-1,-1,-1
249,2,990.308,429.394,135.548,424.744,0.696495,-1,-1,-1
250,25,412.056,460.229,51.644,121.397,0.557522,-1,-1,-1
250,23,693.637,483.062,38.003,115.380,0.410998,-1,-1,-1
250,22,1075.515,448.425,51.655,152.515,0.307501,-1,-1,-1
250,16,566.925,453.784,29.581,69.582,0.455286,-1,-1,-1
250,10,504.281,449.928,45.716,118.456,0.662226,-1,-1,-1
250,9,639.472,453.004,72.780,181.400,0.792085,-1,-1,-1
250,8,1117.665,448.026,33.839,101.749,0.409528,-1,-1,-1
250,7,1216.943,438.827,183.467,368.945,0.867038,-1,-1,-1
250,6,766.385,433.889,159.286,451.647,0.824409,-1,-1,-1
250,5,461.718,448.812,43.518,116.767,0.503745,-1,-1,-1
250,4,885.289,402.868,229.138,650.063,0.809637,-1,-1,-1
250,2,989.724,427.028,138.097,425.351,0.663313,-1,-1,-1
251,25,410.879,460.196,50.101,118.858,0.600593,-1,-1,-1
251,23,694.244,477.610,37.457,120.299,0.318384,-1,-1,-1
251,22,1063.254,459.547,57.457,138.505,0.220873,-1,-1,-1
251,16,570.047,454.550,27.449,67.809,0.401617,-1,-1,-1
251,14,1092.234,437.738,55.111,117.712,0.337342,-1,-1,-1
251,10,505.245,454.131,43.316,112.661,0.658695,-1,-1,-1
251,9,645.246,452.322,74.604,181.475,0.811096,-1,-1,-1
251,8,1113.842,444.497,41.049,106.245,0.402306,-1,-1,-1
251,7,1216.329,433.038,197.274,378.371,0.864433,-1,-1,-1
251,6,786.873,434.504,143.428,450.939,0.878501,-1,-1,-1
251,5,461.744,449.823,42.627,114.158,0.470252,-1,-1,-1
251,4,897.716,400.861,211.120,651.135,0.831423,-1,-1,-1
251,2,991.900,428.649,140.389,425.667,0.656513,-1,-1,-1
252,25,409.845,460.229,50.262,118.760,0.617124,-1,-1,-1
252,24,723.822,480.170,51.189,120.806,0.441340,-1,-1,-1
252,23,696.542,475.168,36.650,122.572,0.347832,-1,-1,-1
252,22,1063.381,458.939,57.268,142.071,0.328105,-1,-1,-1
252,16,569.691,454.102,27.502,67.672,0.361280,-1,-1,-1
252,10,504.227,452.757,45.244,114.365,0.673896,-1,-1,-1
252,9,647.333,452.345,70.528,184.169,0.820968,-1,-1,-1
252,8,1111.476,447.221,39.255,105.870,0.463724,-1,-1,-1
252,7,1217.517,433.092,208.945,375.687,0.890810,-1,-1,-1
252,6,789.322,435.626,146.805,448.495,0.845334,-1,-1,-1
252,5,463.658,451.926,40.637,112.260,0.274444,-1,-1,-1
252,4,906.754,403.914,199.631,649.924,0.849457,-1,-1,-1
252,2,989.887,424.943,147.073,432.512,0.623640,-1,-1,-1
253,27,1835.549,422.466,84.451,367.371,0.556569,-1,-1,-1
253,25,408.724,458.144,51.039,120.357,0.647629,-1,-1,-1
253,24,724.434,474.604,52.186,125.790,0.520081,-1,-1,-1
253,23,698.577,471.484,35.748,125.355,0.349946,-1,-1,-1
253,22,1064.256,460.299,54.008,131.860,0.237272,-1,-1,-1
253,16,569.036,453.642,28.840,69.284,0.303248,-1,-1,-1
253,10,504.943,452.903,45.231,113.137,0.667835,-1,-1,-1
253,9,649.706,449.440,71.388,187.093,0.795683,-1,-1,-1
253,8,1101.492,443.586,46.450,110.218,0.555296,-1,-1,-1
253,7,1217.205,428.721,215.270,381.228,0.910161,-1,-1,-1
253,6,784.479,434.879,151.703,447.796,0.802184,-1,-1,-1
253,5,464.074,448.617,42.084,115.508,0.356084,-1,-1,-1
253,4,913.942,397.945,205.438,657.148,0.859351,-1,-1,-1
253,2,996.035,427.714,139.074,431.254,0.297605,-1,-1,-1
254,27,1829.976,389.849,90.024,396.811,0.744246,-1,-1,-1
254,25,409.013,459.469,50.128,119.599,0.653212,-1,-1,-1
254,24,725.891,476.799,50.368,124.003,0.517607,-1,-1,-1
254,23,700.417,474.660,34.265,120.883,0.350586,-1,-1,-1
254,22,1063.627,459.887,57.274,138.793,0.312526,-1,-1,-1
254,16,568.436,454.467,26.592,67.425,0.304308,-1,-1,-1
254,10,506.013,453.446,43.750,112.628,0.668468,-1,-1,-1
254,9,652.444,450.536,70.351,184.503,0.828083,-1,-1,-1
254,8,1104.037,444.458,46.007,109.312,0.536986,-1,-1,-1
254,7,1216.422,431.451,217.137,379.170,0.915118,-1,-1,-1
254,6,798.107,433.088,138.474,451.927,0.770611,-1,-1,-1
254,5,463.495,449.745,42.123,114.413,0.425136,-1,-1,-1
254,4,919.904,401.671,205.599,650.005,0.890481,-1,-1,-1
254,2,1002.984,433.218,122.348,428.050,0.201062,-1,-1,-1
255,27,1819.143,389.442,100.857,395.761,0.769950,-1,-1,-1
255,25,406.756,459.117,51.052,120.330,0.634094,-1,-1,-1
255,24,726.640,477.467,50.347,123.763,0.539427,-1,-1,-1
255,23,701.278,466.001,33.736,132.161,0.311551,-1,-1,-1
255,22,1064.317,460.409,56.507,138.181,0.425875,-1,-1,-1
255,16,567.973,454.475,27.635,68.082,0.383425,-1,-1,-1
255,10,506.752,451.436,44.035,113.317,0.689338,-1,-1,-1
255,9,655.519,448.834,70.775,192.345,0.790330,-1,-1,-1
255,8,1103.131,442.296,45.310,114.583,0.615057,-1,-1,-1
255,7,1217.200,430.877,220.409,382.363,0.917578,-1,-1,-1
255,6,794.382,432.029,141.195,454.071,0.727358,-1,-1,-1
255,5,461.784,448.701,42.728,116.624,0.624234,-1,-1,-1
255,4,922.872,400.256,205.050,653.065,0.892525,-1,-1,-1
256,27,1810.991,394.783,109.009,390.971,0.789093,-1,-1,-1
256,25,405.326,459.882,51.869,117.366,0.461316,-1,-1,-1
256,24,727.124,475.985,49.446,125.025,0.483589,-1,-1,-1
256,23,701.745,462.856,34.170,136.372,0.236932,-1,-1,-1
256,22,1064.107,460.186,57.016,141.086,0.348404,-1,-1,-1
256,16,567.248,453.873,29.247,68.586,0.346701,-1,-1,-1
256,10,506.864,451.157,43.905,113.494,0.669400,-1,-1,-1
256,9,655.537,451.025,72.536,190.312,0.809462,-1,-1,-1
256,8,1101.700,441.200,47.475,117.596,0.564589,-1,-1,-1
256,7,1220.135,435.444,219.600,379.214,0.912126,-1,-1,-1
256,6,800.347,431.704,138.233,462.668,0.743098,-1,-1,-1
256,5,461.223,448.406,43.753,117.730,0.595260,-1,-1,-1
256,4,927.748,400.683,203.252,652.404,0.897280,-1,-1,-1
257,27,1799.098,390.551,120.758,399.820,0.760698,-1,-1,-1
257,25,404.811,458.403,52.600,119.551,0.473410,-1,-1,-1
257,24,727.524,474.819,50.293,125.767,0.412048,-1,-1,-1
257,22,1058.118,459.655,61.284,142.374,0.339527,-1,-1,-1
257,16,565.159,454.013,29.893,68.852,0.397817,-1,-1,-1
257,10,506.159,452.352,44.794,115.212,0.672986,-1,-1,-1
257,9,654.380,449.133,76.998,191.352,0.812533,-1,-1,-1
257,8,1104.425,444.515,45.385,113.419,0.590069,-1,-1,-1
257,7,1229.615,436.902,209.812,379.759,0.905712,-1,-1,-1
257,6,800.390,432.925,140.118,470.769,0.755286,-1,-1,-1
257,5,460.653,448.303,43.995,117.537,0.551423,-1,-1,-1
257,4,929.306,398.405,215.087,652.613,0.894843,-1,-1,-1
258,27,1798.241,396.397,120.977,393.080,0.837561,-1,-1,-1
258,24,726.499,473.926,47.933,126.843,0.398596,-1,-1,-1
258,22,1047.328,456.739,77.284,157.290,0.482395,-1,-1,-1
258,16,566.942,454.610,28.581,69.079,0.362963,-1,-1,-1
258,10,506.318,456.340,44.166,111.714,0.644758,-1,-1,-1
258,9,656.252,450.309,76.128,192.370,0.818784,-1,-1,-1
258,8,1105.383,443.411,48.599,115.018,0.666234,-1,-1,-1
258,7,1237.270,433.774,203.148,381.652,0.913302,-1,-1,-1
258,6,805.666,433.165,135.444,474.610,0.760391,-1,-1,-1
258,4,930.194,395.653,225.827,656.467,0.894714,-1,-1,-1
259,27,1774.351,399.907,144.211,384.002,0.819961,-1,-1,-1
259,24,726.961,474.497,47.149,126.497,0.475704,-1,-1,-1
259,22,1051.672,458.149,73.162,153.528,0.589135,-1,-1,-1
259,16,565.970,454.234,28.358,68.656,0.448553,-1,-1,-1
259,10,506.548,454.807,44.535,114.053,0.654671,-1,-1,-1
259,9,657.513,450.230,78.166,194.648,0.820704,-1,-1,-1
259,8,1105.646,441.470,48.159,115.666,0.642229,-1,-1,-1
259,7,1247.288,429.840,193.716,388.083,0.888774,-1,-1,-1
259,6,790.612,430.303,153.636,481.312,0.751234,-1,-1,-1
259,4,932.159,393.742,224.722,657.237,0.842717,-1,-1,-1
260,27,1743.341,398.596,172.333,380.187,0.853702,-1,-1,-1
260,24,726.998,473.939,52.826,127.960,0.520837,-1,-1,-1
260,22,1052.211,462.150,68.851,141.518,0.676297,-1,-1,-1
260,16,565.223,454.124,29.085,67.213,0.444559,-1,-1,-1
260,10,506.055,455.127,45.210,113.943,0.683716,-1,-1,-1
260,9,659.483,452.530,76.331,189.718,0.842756,-1,-1,-1
260,8,1107.350,443.424,44.564,109.603,0.586245,-1,-1,-1
260,7,1261.205,429.410,182.090,387.676,0.867955,-1,-1,-1
260,6,770.329,432.030,174.276,483.727,0.760485,-1,-1,-1
260,4,932.675,394.622,218.551,657.460,0.808272,-1,-1,-1
261,27,1701.354,394.125,218.646,381.842,0.894057,-1,-1,-1
261,24,727.595,473.646,53.561,127.726,0.472625,-1,-1,-1
261,22,1054.773,461.405,65.395,142.123,0.566518,-1,-1,-1
261,16,564.908,453.364,29.606,69.187,0.406773,-1,-1,-1
261,14,1285.590,442.170,46.442,109.376,0.456510,-1,-1,-1
261,10,506.838,454.889,45.104,114.692,0.688327,-1,-1,-1
261,9,661.326,454.125,76.694,190.631,0.883579,-1,-1,-1
261,8,1108.184,442.350,46.198,111.753,0.579769,-1,-1,-1
261,7,1274.876,425.501,169.374,392.630,0.824155,-1,-1,-1
261,6,767.701,432.130,179.242,488.007,0.780384,-1,-1,-1
261,4,934.384,399.271,196.921,648.447,0.854050,-1,-1,-1
262,27,1678.564,401.018,239.490,370.205,0.920405,-1,-1,-1
262,25,398.093,456.735,54.425,118.535,0.449245,-1,-1,-1
262,24,725.542,473.779,55.370,127.082,0.566858,-1,-1,-1
262,23,806.482,480.480,34.133,76.010,0.254041,-1,-1,-1
262,22,1051.227,460.398,71.845,152.130,0.582641,-1,-1,-1
262,16,568.270,454.110,29.047,69.040,0.386272,-1,-1,-1
262,14,1285.964,438.501,46.344,114.610,0.313123,-1,-1,-1
262,10,506.996,457.707,44.819,111.157,0.691292,-1,-1,-1
262,9,663.199,456.148,75.613,184.244,0.846374,-1,-1,-1
262,8,1106.939,441.035,47.538,117.315,0.584441,-1,-1,-1
262,7,1289.003,428.135,162.522,397.666,0.827870,-1,-1,-1
262,6,777.426,432.581,174.371,489.361,0.784506,-1,-1,-1
262,5,462.512,454.532,41.122,111.471,0.382705,-1,-1,-1
262,4,933.851,397.905,202.134,653.153,0.866628,-1,-1,-1
263,27,1671.257,410.312,247.538,359.307,0.931165,-1,-1,-1
263,25,397.479,458.462,52.265,116.496,0.355374,-1,-1,-1
263,24,726.442,473.255,55.806,126.321,0.595143,-1,-1,-1
263,23,805.271,480.129,37.380,82.135,0.224100,-1,-1,-1
263,22,1048.439,456.335,80.327,156.827,0.377222,-1,-1,-1
263,16,571.707,455.149,27.908,69.284,0.348765,-1,-1,-1
263,14,1290.190,444.057,45.630,108.046,0.457407,-1,-1,-1
263,10,506.713,457.251,45.552,112.089,0.693737,-1,-1,-1
263,9,665.998,457.248,74.555,182.163,0.818774,-1,-1,-1
263,8,1108.542,440.310,48.012,118.151,0.593466,-1,-1,-1
263,7,1317.156,430.275,134.956,395.445,0.839265,-1,-1,-1
263,6,789.346,432.466,162.242,489.710,0.794213,-1,-1,-1
263,5,461.686,456.538,40.347,109.788,0.427573,-1,-1,-1
263,4,935.775,396.810,201.996,655.070,0.834065,-1,-1,-1
264,27,1659.636,412.516,256.215,356.474,0.900394,-1,-1,-1
264,25,398.153,459.048,49.586,107.676,0.346555,-1,-1,-1
264,24,727.971,473.093,55.154,128.003,0.686313,-1,-1,-1
264,23,804.028,479.063,36.968,85.398,0.282463,-1,-1,-1
264,22,1046.078,451.195,82.102,160.548,0.299399,-1,-1,-1
264,16,571.847,455.555,27.845,68.757,0.349196,-1,-1,-1
264,14,1297.451,443.170,40.205,108.523,0.368449,-1,-1,-1
264,10,507.005,458.746,44.370,109.069,0.673161,-1,-1,-1
264,9,668.187,456.323,73.685,184.586,0.816317,-1,-1,-1
264,8,1113.480,438.035,45.374,118.231,0.528160,-1,-1,-1
264,7,1326.814,423.567,135.405,404.131,0.880075,-1,-1,-1
264,6,777.045,431.609,173.375,490.653,0.807882,-1,-1,-1
264,5,459.901,453.152,41.202,112.557,0.427828,-1,-1,-1
264,4,936.793,397.290,203.384,655.034,0.850077,-1,-1,-1
265,27,1652.419,412.295,259.768,359.683,0.905664,-1,-1,-1
265,25,398.447,459.205,49.036,111.060,0.318446,-1,-1,-1
265,24,732.434,472.563,51.610,127.433,0.653737,-1,-1,-1
265,23,805.996,479.922,33.918,85.663,0.252281,-1,-1,-1
265,16,571.018,456.221,27.998,68.363,0.314943,-1,-1,-1
265,14,1301.505,441.619,40.986,109.002,0.302061,-1,-1,-1
265,10,507.342,458.150,44.485,110.377,0.672256,-1,-1,-1
265,9,670.370,458.156,76.180,188.164,0.863699,-1,-1,-1
265,8,1114.658,441.480,46.022,116.317,0.636666,-1,-1,-1
265,7,1330.647,424.317,137.875,406.505,0.860261,-1,-1,-1
265,6,776.975,431.626,172.921,492.006,0.813770,-1,-1,-1
265,5,458.038,450.467,43.364,115.185,0.384567,-1,-1,-1
265,4,940.388,397.166,199.177,653.670,0.833965,-1,-1,-1
266,27,1651.970,416.644,245.798,358.938,0.888519,-1,-1,-1
266,24,736.423,472.573,45.766,128.282,0.572557,-1,-1,-1
266,23,805.936,481.068,35.491,86.449,0.284784,-1,-1,-1
266,16,567.884,455.539,29.243,67.940,0.299080,-1,-1,-1
266,10,506.439,457.158,45.263,109.810,0.650833,-1,-1,-1
266,9,669.151,450.605,81.015,196.360,0.832957,-1,-1,-1
266,8,1116.786,442.792,44.563,113.260,0.620751,-1,-1,-1
266,7,1335.690,423.860,140.003,414.090,0.855772,-1,-1,-1
266,6,787.094,431.243,164.477,493.312,0.798276,-1,-1,-1
266,5,455.972,449.829,44.533,115.625,0.324943,-1,-1,-1
266,4,942.272,399.945,204.558,651.597,0.840556,-1,-1,-1
267,27,1649.049,411.366,228.555,350.147,0.883016,-1,-1,-1
267,24,735.318,471.348,49.392,128.712,0.595460,-1,-1,-1
267,23,806.912,480.618,37.135,86.649,0.295515,-1,-1,-1
267,16,572.359,455.611,26.753,67.036,0.304962,-1,-1,-1
267,10,506.295,457.016,45.428,110.021,0.685686,-1,-1,-1
267,9,668.233,449.257,81.568,198.256,0.830903,-1,-1,-1
267,8,1116.260,438.988,48.108,117.091,0.746260,-1,-1,-1
267,7,1347.439,424.387,137.356,412.502,0.865013,-1,-1,-1
267,6,801.711,431.413,154.882,492.366,0.793726,-1,-1,-1
267,5,453.733,446.088,47.397,119.531,0.405365,-1,-1,-1
267,4,945.550,400.916,204.606,650.839,0.819137,-1,-1,-1
268,27,1644.858,416.038,208.011,347.691,0.888510,-1,-1,-1
268,24,784.375,453.325,32.551,80.798,0.326268,-1,-1,-1
268,23,809.069,478.711,32.896,86.633,0.344718,-1,-1,-1
268,16,572.733,454.899,28.314,68.078,0.285818,-1,-1,-1
268,10,503.645,455.412,48.268,110.753,0.662049,-1,-1,-1
268,9,671.117,450.645,80.541,198.237,0.818296,-1,-1,-1
268,8,1117.403,440.377,47.058,116.825,0.749338,-1,-1,-1
268,7,1350.222,432.183,148.776,408.806,0.849185,-1,-1,-1
268,6,779.467,431.268,172.197,492.641,0.835474,-1,-1,-1
268,5,453.388,454.191,43.422,110.606,0.313657,-1,-1,-1
268,4,948.652,401.966,197.519,651.175,0.824746,-1,-1,-1
269,27,1650.843,414.612,179.082,349.278,0.841635,-1,-1,-1
269,24,785.391,454.371,31.880,79.230,0.226557,-1,-1,-1
269,23,807.154,481.013,36.726,85.552,0.398422,-1,-1,-1
269,16,571.084,454.733,28.844,67.445,0.275186,-1,-1,-1
269,14,1305.687,440.583,43.308,111.167,0.311989,-1,-1,-1
269,10,503.197,457.432,48.272,109.770,0.686424,-1,-1,-1
269,9,669.092,454.872,84.431,191.044,0.800180,-1,-1,-1
269,8,1118.994,441.656,45.008,114.990,0.711603,-1,-1,-1
269,7,1351.373,429.320,178.389,412.301,0.856925,-1,-1,-1
269,6,779.816,429.443,170.877,493.779,0.841497,-1,-1,-1
269,5,452.643,454.133,45.190,109.968,0.467870,-1,-1,-1
269,4,949.979,402.017,201.158,649.524,0.838114,-1,-1,-1
270,27,1646.466,414.456,153.959,343.986,0.868449,-1,-1,-1
270,16,570.394,454.798,27.961,65.889,0.263379,-1,-1,-1
270,14,1305.088,439.972,47.502,114.187,0.437652,-1,-1,-1
270,10,504.081,457.501,47.719,109.092,0.679275,-1,-1,-1
270,9,671.845,455.239,82.013,190.501,0.801969,-1,-1,-1
270,8,1120.564,439.433,42.798,114.093,0.667868,-1,-1,-1
270,7,1354.520,428.710,195.296,412.355,0.893181,-1,-1,-1
270,6,781.620,429.882,170.986,493.028,0.821554,-1,-1,-1
270,5,452.322,452.360,44.378,111.780,0.373195,-1,-1,-1
270,4,949.801,401.144,196.997,651.770,0.839571,-1,-1,-1
270,2,1039.268,424.962,157.364,428.844,0.290703,-1,-1,-1
271,27,1648.684,408.521,125.797,349.415,0.816202,-1,-1,-1
271,16,570.543,455.367,26.180,65.448,0.239267,-1,-1,-1
271,14,1304.839,438.376,50.945,114.135,0.228251,-1,-1,-1
271,10,504.940,457.675,44.950,108.678,0.660459,-1,-1,-1
271,9,681.695,454.549,72.487,190.472,0.780148,-1,-1,-1
271,8,1121.865,437.703,42.721,113.636,0.531142,-1,-1,-1
271,7,1354.789,428.919,207.578,413.655,0.889903,-1,-1,-1
271,6,782.259,429.352,171.408,494.034,0.833253,-1,-1,-1
271,5,452.012,453.578,43.918,109.231,0.374901,-1,-1,-1
271,4,952.280,398.940,196.092,652.801,0.834238,-1,-1,-1
271,2,1041.248,421.880,127.579,445.775,0.283403,-1,-1,-1
272,27,1636.066,406.457,104.310,350.384,0.797320,-1,-1,-1
272,25,392.116,460.143,52.650,118.762,0.414904,-1,-1,-1
272,16,571.019,455.210,25.727,66.157,0.284517,-1,-1,-1
272,10,504.410,457.683,48.194,108.421,0.687138,-1,-1,-1
272,9,684.704,453.685,77.570,194.455,0.783706,-1,-1,-1
272,8,1123.449,435.904,41.717,112.768,0.503100,-1,-1,-1
272,7,1357.395,431.379,214.640,413.959,0.900685,-1,-1,-1
272,6,782.733,428.513,171.471,495.713,0.846232,-1,-1,-1
272,5,451.654,451.546,46.244,112.839,0.479344,-1,-1,-1
272,4,954.296,398.603,191.952,654.020,0.851358,-1,-1,-1
272,2,1047.454,417.272,129.413,437.387,0.378017,-1,-1,-1
273,27,1628.391,405.517,108.051,350.625,0.778983,-1,-1,-1
273,25,392.613,459.437,49.441,119.212,0.567660,-1,-1,-1
273,16,573.398,455.872,24.776,65.434,0.264765,-1,-1,-1
273,10,503.966,458.834,48.233,108.120,0.687433,-1,-1,-1
273,9,682.788,451.330,80.671,196.810,0.777630,-1,-1,-1
273,8,1124.652,436.416,46.101,113.361,0.488392,-1,-1,-1
273,7,1359.079,430.821,217.686,418.529,0.912651,-1,-1,-1
273,6,782.747,428.196,171.039,495.741,0.859120,-1,-1,-1
273,5,450.898,455.075,46.659,108.582,0.541972,-1,-1,-1
273,4,957.561,395.710,187.062,654.554,0.863879,-1,-1,-1
273,2,1055.781,420.236,158.102,387.408,0.409768,-1,-1,-1
274,27,1614.589,406.048,111.711,347.858,0.797035,-1,-1,-1
274,25,392.952,458.291,50.751,120.662,0.643231,-1,-1,-1
274,24,735.525,469.988,44.873,128.114,0.518199,-1,-1,-1
274,22,673.396,460.637,41.979,145.256,0.364046,-1,-1,-1
274,16,572.311,455.799,24.878,65.929,0.283111,-1,-1,-1
274,10,503.740,457.530,49.119,109.765,0.700665,-1,-1,-1
274,9,686.349,452.742,78.236,195.032,0.769787,-1,-1,-1
274,8,1125.085,436.032,52.156,114.248,0.398784,-1,-1,-1
274,7,1359.955,431.970,220.062,421.132,0.913897,-1,-1,-1
274,6,786.629,428.511,169.169,495.618,0.839740,-1,-1,-1
274,5,451.426,452.968,46.114,110.080,0.617346,-1,-1,-1
274,4,959.228,395.319,186.345,653.926,0.861765,-1,-1,-1
274,2,1058.084,423.578,166.571,373.826,0.457914,-1,-1,-1
275,27,1581.911,414.862,141.310,338.219,0.827629,-1,-1,-1
275,25,392.472,457.933,51.399,120.490,0.629082,-1,-1,-1
275,24,744.103,471.104,38.360,126.853,0.355483,-1,-1,-1
275,16,572.578,454.688,24.236,65.168,0.266445,-1,-1,-1
275,10,503.259,457.124,49.108,109.959,0.712012,-1,-1,-1
275,9,695.752,452.444,75.657,193.708,0.744922,-1,-1,-1
275,8,1126.998,436.331,50.027,116.632,0.237558,-1,-1,-1
275,7,1367.830,432.097,211.694,424.450,0.915071,-1,-1,-1
275,6,786.132,428.559,175.211,494.744,0.853400,-1,-1,-1
275,5,451.546,452.247,45.541,110.852,0.526395,-1,-1,-1
275,4,961.050,393.402,182.054,657.871,0.861960,-1,-1,-1
275,2,1054.776,418.640,129.885,433.933,0.259393,-1,-1,-1
276,28,640.410,457.565,25.703,66.194,0.234173,-1,-1,-1
276,27,1556.529,418.826,167.284,333.279,0.869673,-1,-1,-1
276,25,391.950,456.700,50.656,122.927,0.639103,-1,-1,-1
276,24,749.094,475.720,36.599,122.263,0.241445,-1,-1,-1
276,16,578.195,455.625,21.177,62.843,0.232132,-1,-1,-1
276,10,503.348,458.110,47.779,108.710,0.697670,-1,-1,-1
276,9,698.695,452.918,73.954,193.387,0.760574,-1,-1,-1
276,7,1370.938,431.753,208.423,422.988,0.911267,-1,-1,-1
276,6,786.064,426.997,174.523,495.679,0.867314,-1,-1,-1
276,5,450.974,456.136,41.897,105.068,0.458745,-1,-1,-1
276,4,963.105,393.252,183.306,658.906,0.848870,-1,-1,-1
276,2,1059.633,420.659,146.514,398.034,0.221605,-1,-1,-1
277,28,642.334,460.657,24.131,62.975,0.245935,-1,-1,-1
277,27,1539.331,415.676,184.424,339.014,0.860909,-1,-1,-1
277,25,390.462,457.838,52.011,121.542,0.608896,-1,-1,-1
277,23,671.596,473.186,44.958,134.829,0.430463,-1,-1,-1
277,16,577.306,456.717,21.944,62.815,0.234872,-1,-1,-1
277,10,503.069,459.845,47.679,106.892,0.696177,-1,-1,-1
277,9,697.165,453.797,79.991,193.101,0.781393,-1,-1,-1
277,7,1374.068,426.932,206.578,430.253,0.893072,-1,-1,-1
277,6,785.539,425.344,178.588,497.349,0.864552,-1,-1,-1
277,5,451.224,456.169,39.260,101.118,0.256860,-1,-1,-1
277,4,964.015,390.722,192.788,661.458,0.850959,-1,-1,-1
277,2,1060.852,421.292,148.681,386.827,0.233686,-1,-1,-1
278,28,651.972,465.758,22.489,63.245,0.281067,-1,-1,-1
278,27,1533.100,416.209,187.725,334.408,0.906803,-1,-1,-1
278,25,387.801,456.247,53.956,122.787,0.615048,-1,-1,-1
278,23,670.930,477.760,49.213,131.120,0.618245,-1,-1,-1
278,16,576.189,455.800,23.363,62.630,0.205213,-1,-1,-1
278,14,1329.419,442.588,37.351,107.002,0.484080,-1,-1,-1
278,10,503.444,460.382,46.325,106.386,0.696820,-1,-1,-1
278,9,699.981,452.740,84.426,196.289,0.815851,-1,-1,-1
278,7,1384.309,426.866,201.031,432.569,0.848216,-1,-1,-1
278,6,786.929,424.303,177.768,498.727,0.861248,-1,-1,-1
278,5,450.116,454.641,38.990,102.613,0.448526,-1,-1,-1
278,4,966.354,390.072,190.257,661.684,0.854526,-1,-1,-1
278,2,1070.077,428.113,149.167,375.157,0.217347,-1,-1,-1
279,28,644.634,462.376,23.006,61.589,0.213376,-1,-1,-1
279,27,1532.226,419.073,183.664,334.463,0.883877,-1,-1,-1
279,25,386.000,454.261,55.639,125.372,0.657502,-1,-1,-1
279,23,671.307,482.687,52.917,124.279,0.625711,-1,-1,-1
279,14,1331.845,442.441,36.358,105.846,0.215565,-1,-1,-1
279,10,502.071,455.630,49.047,109.208,0.673728,-1,-1,-1
279,9,701.646,450.928,87.923,200.900,0.807161,-1,-1,-1
279,7,1392.476,424.550,189.010,434.316,0.797989,-1,-1,-1
279,6,788.078,423.761,178.684,498.724,0.862736,-1,-1,-1
279,5,449.215,452.889,39.791,108.305,0.357505,-1,-1,-1
279,4,970.052,391.222,189.174,659.056,0.829924,-1,-1,-1
279,2,1073.913,430.756,147.397,373.084,0.239351,-1,-1,-1
280,28,650.212,460.108,22.968,67.041,0.259281,-1,-1,-1
280,27,1547.174,416.339,162.198,332.815,0.835626,-1,-1,-1
280,25,385.897,455.301,53.589,124.754,0.669405,-1,-1,-1
280,23,671.182,483.206,51.518,122.778,0.651615,-1,-1,-1
280,14,1334.044,443.223,35.408,104.646,0.281145,-1,-1,-1
280,10,502.497,456.385,48.915,109.083,0.678651,-1,-1,-1
280,9,703.475,451.489,88.470,199.765,0.825339,-1,-1,-1
280,7,1436.389,420.129,157.304,441.734,0.782002,-1,-1,-1
280,6,788.511,422.569,189.033,500.360,0.864053,-1,-1,-1
280,5,450.689,456.079,37.784,104.843,0.306006,-1,-1,-1
280,4,971.998,391.487,187.329,658.451,0.820286,-1,-1,-1
280,2,1074.148,423.307,147.865,380.720,0.287545,-1,-1,-1
281,28,647.747,459.696,23.578,66.711,0.220014,-1,-1,-1
281,27,1540.033,409.838,158.784,347.778,0.800201,-1,-1,-1
281,25,385.096,458.092,52.667,121.618,0.620657,-1,-1,-1
281,23,671.850,485.215,50.569,118.860,0.707061,-1,-1,-1
281,14,1337.170,445.015,37.386,102.055,0.269810,-1,-1,-1
281,10,502.478,456.412,48.646,108.793,0.678493,-1,-1,-1
281,9,704.188,454.455,92.002,195.642,0.795987,-1,-1,-1
281,7,1444.809,418.203,146.418,444.697,0.755414,-1,-1,-1
281,6,793.234,423.494,190.434,499.765,0.872313,-1,-1,-1
281,5,449.700,455.341,38.288,104.135,0.250822,-1,-1,-1
281,4,974.084,392.588,181.463,658.357,0.837595,-1,-1,-1
281,2,1074.578,430.591,150.258,370.956,0.460866,-1,-1,-1
282,28,647.891,458.922,23.279,65.187,0.232945,-1,-1,-1
282,27,1538.282,418.411,139.760,332.955,0.566073,-1,-1,-1
282,25,385.446,461.979,49.934,117.116,0.659462,-1,-1,-1
282,23,671.575,486.531,51.568,116.825,0.694699,-1,-1,-1
282,16,555.718,453.794,27.068,67.025,0.394527,-1,-1,-1
282,14,1337.827,444.668,38.930,104.287,0.536890,-1,-1,-1
282,10,503.241,456.014,47.756,109.277,0.660794,-1,-1,-1
282,9,707.801,454.486,91.939,194.313,0.831082,-1,-1,-1
282,7,1458.135,422.619,139.235,442.330,0.753829,-1,-1,-1
282,6,791.018,423.937,200.241,500.903,0.889653,-1,-1,-1
282,5,449.467,454.327,38.162,106.481,0.342018,-1,-1,-1
282,4,975.721,393.428,184.462,657.430,0.846300,-1,-1,-1
282,2,1074.190,428.803,151.513,375.050,0.511478,-1,-1,-1
283,28,652.276,459.955,29.290,72.686,0.242761,-1,-1,-1
283,25,384.596,461.666,49.823,116.839,0.681198,-1,-1,-1
283,23,672.185,486.477,53.244,118.368,0.690947,-1,-1,-1
283,16,556.206,454.948,26.515,65.919,0.411481,-1,-1,-1
283,14,1338.613,442.330,41.460,106.381,0.453988,-1,-1,-1
283,10,503.056,456.522,47.540,108.837,0.684829,-1,-1,-1
283,9,709.629,454.053,91.637,195.245,0.848134,-1,-1,-1
283,7,1454.044,415.758,175.351,444.524,0.771133,-1,-1,-1
283,6,791.950,422.848,211.219,502.342,0.891246,-1,-1,-1
283,5,449.534,454.685,38.929,106.023,0.423119,-1,-1,-1
283,4,980.982,393.362,187.424,657.903,0.850070,-1,-1,-1
283,2,1074.443,427.712,155.157,371.668,0.482699,-1,-1,-1
284,25,383.554,456.724,53.347,123.475,0.688317,-1,-1,-1
284,23,671.232,482.444,53.879,121.997,0.684690,-1,-1,-1
284,16,557.430,456.454,25.384,64.162,0.435647,-1,-1,-1
284,14,1340.776,443.768,42.298,104.384,0.675414,-1,-1,-1
284,10,503.094,456.961,47.328,109.412,0.714185,-1,-1,-1
284,9,712.897,454.504,89.655,195.624,0.843024,-1,-1,-1
284,7,1476.118,424.992,158.775,435.508,0.848940,-1,-1,-1
284,6,797.713,421.298,213.148,504.095,0.890803,-1,-1,-1
284,5,450.191,452.266,39.033,109.821,0.496261,-1,-1,-1
284,4,984.355,396.197,185.042,654.648,0.825736,-1,-1,-1
284,2,1078.497,433.829,144.031,364.822,0.390956,-1,-1,-1
285,25,383.250,456.499,52.857,123.221,0.668431,-1,-1,-1
285,23,671.126,482.601,54.604,122.068,0.728825,-1,-1,-1
285,16,558.127,456.848,24.473,63.775,0.432671,-1,-1,-1
285,14,1343.927,442.825,40.765,107.477,0.669910,-1,-1,-1
285,10,502.269,458.119,48.411,108.787,0.709651,-1,-1,-1
285,9,713.490,453.682,93.293,197.682,0.830341,-1,-1,-1
285,7,1482.084,424.314,157.817,433.711,0.840859,-1,-1,-1
285,6,801.389,420.126,214.321,506.115,0.891730,-1,-1,-1
285,5,450.532,451.971,39.537,110.468,0.302730,-1,-1,-1
285,4,985.087,397.469,180.799,654.992,0.797279,-1,-1,-1
286,25,381.976,456.898,52.747,122.528,0.661526,-1,-1,-1
286,23,670.873,482.625,54.891,122.041,0.731603,-1,-1,-1
286,22,961.193,461.317,49.194,141.344,0.297606,-1,-1,-1
286,16,557.631,456.530,24.720,64.410,0.430954,-1,-1,-1
286,14,1348.679,443.476,41.039,106.521,0.691106,-1,-1,-1
286,11,1467.016,416.526,79.112,377.206,0.609820,-1,-1,-1
286,10,502.206,457.731,48.183,108.723,0.705768,-1,-1,-1
286,9,715.136,452.452,94.493,198.637,0.833232,-1,-1,-1
286,8,1145.636,443.095,44.802,112.295,0.559184,-1,-1,-1
286,7,1494.675,433.487,167.056,428.663,0.871654,-1,-1,-1
286,6,803.941,419.109,220.603,507.056,0.894353,-1,-1,-1
286,5,449.607,449.389,40.035,113.089,0.240364,-1,-1,-1
286,4,989.858,400.673,181.436,652.871,0.796540,-1,-1,-1
287,25,381.217,459.207,52.543,120.992,0.629958,-1,-1,-1
287,23,669.615,483.766,56.861,118.062,0.731763,-1,-1,-1
287,22,1105.672,457.322,66.330,157.895,0.399927,-1,-1,-1
287,16,557.916,458.073,23.373,63.300,0.421568,-1,-1,-1
287,14,1348.943,443.352,41.646,107.684,0.644155,-1,-1,-1
287,11,1471.596,415.432,91.256,378.498,0.464324,-1,-1,-1
287,10,500.803,456.641,48.999,110.699,0.678907,-1,-1,-1
287,9,719.490,454.245,90.419,195.565,0.821767,-1,-1,-1
287,8,1146.205,444.811,45.367,111.962,0.592717,-1,-1,-1
287,7,1500.003,430.510,194.528,431.798,0.897006,-1,-1,-1
287,6,804.863,420.357,219.177,505.378,0.902566,-1,-1,-1
287,5,450.005,451.769,41.311,111.036,0.364466,-1,-1,-1
287,4,991.059,404.064,184.429,649.303,0.815318,-1,-1,-1
288,30,580.597,459.660,21.832,57.525,0.257152,-1,-1,-1
288,25,381.024,459.797,52.180,119.685,0.591839,-1,-1,-1
288,23,669.946,481.523,56.603,121.158,0.700949,-1,-1,-1
288,22,1105.333,455.018,66.437,153.830,0.234791,-1,-1,-1
288,16,558.463,459.622,22.651,60.768,0.427340,-1,-1,-1
288,14,1349.509,442.789,47.960,107.612,0.572193,-1,-1,-1
288,11,1479.163,411.525,89.213,381.968,0.550610,-1,-1,-1
288,10,500.346,459.544,49.115,107.643,0.677248,-1,-1,-1
288,9,720.822,444.953,91.582,206.890,0.831129,-1,-1,-1
288,8,1148.311,444.569,43.319,112.821,0.602135,-1,-1,-1
288,7,1497.606,429.346,220.350,434.539,0.913500,-1,-1,-1
288,6,810.172,420.851,216.408,505.096,0.881107,-1,-1,-1
288,5,447.578,455.415,42.979,107.781,0.292362,-1,-1,-1
288,4,994.612,401.884,182.184,651.440,0.760558,-1,-1,-1
289,30,580.738,460.012,21.772,57.037,0.210950,-1,-1,-1
289,25,381.568,460.567,51.427,118.613,0.512942,-1,-1,-1
289,23,669.673,482.916,60.717,125.026,0.734117,-1,-1,-1
289,16,558.813,460.664,22.195,59.243,0.411602,-1,-1,-1
289,14,1351.333,444.629,47.252,105.128,0.317265,-1,-1,-1
289,11,1460.846,409.965,94.850,331.768,0.545924,-1,-1,-1
289,10,501.085,458.676,48.266,109.257,0.684594,-1,-1,-1
289,9,726.263,446.663,87.346,205.423,0.823118,-1,-1,-1
289,8,1149.615,445.873,43.553,109.825,0.637922,-1,-1,-1
289,7,1498.021,432.675,241.704,432.982,0.922096,-1,-1,-1
289,6,814.246,421.210,214.288,508.359,0.884599,-1,-1,-1
289,4,995.558,405.304,202.245,648.478,0.723692,-1,-1,-1
290,30,580.226,459.353,21.103,57.668,0.258378,-1,-1,-1
290,25,381.918,461.025,48.122,115.282,0.556328,-1,-1,-1
290,23,671.295,481.399,59.081,126.979,0.699379,-1,-1,-1
290,16,558.475,459.458,22.853,60.635,0.450502,-1,-1,-1
290,14,1352.868,440.763,52.080,110.155,0.315481,-1,-1,-1
290,11,1434.413,408.602,145.875,387.664,0.488433,-1,-1,-1
290,10,501.694,458.070,48.050,108.836,0.701814,-1,-1,-1
290,9,729.911,448.389,84.069,203.305,0.840961,-1,-1,-1
290,8,1152.041,445.784,42.365,107.972,0.484669,-1,-1,-1
290,7,1498.333,420.486,254.847,453.159,0.924101,-1,-1,-1
290,6,822.920,422.167,205.933,505.236,0.887330,-1,-1,-1
290,4,999.511,400.674,177.493,654.287,0.805642,-1,-1,-1
291,30,580.865,458.482,21.235,58.486,0.289316,-1,-1,-1
291,25,380.113,460.921,50.679,117.020,0.552217,-1,-1,-1
291,23,672.004,479.135,59.797,128.513,0.682068,-1,-1,-1
291,16,558.438,458.884,22.857,61.908,0.450484,-1,-1,-1
291,14,1355.334,444.050,52.254,106.455,0.364747,-1,-1,-1
291,11,1478.976,411.191,117.551,379.618,0.225595,-1,-1,-1
291,10,504.025,457.456,45.898,107.374,0.675527,-1,-1,-1
291,9,733.482,447.455,83.421,205.021,0.860564,-1,-1,-1
291,8,1154.134,445.995,41.877,109.116,0.458438,-1,-1,-1
291,7,1497.014,423.391,260.739,451.559,0.926756,-1,-1,-1
291,6,827.411,421.906,201.800,505.048,0.888870,-1,-1,-1
291,4,1001.267,398.810,174.728,655.330,0.791855,-1,-1,-1
292,30,580.570,458.505,21.614,58.161,0.318106,-1,-1,-1
292,25,379.725,460.908,50.869,118.291,0.555650,-1,-1,-1
292,23,672.243,480.831,59.836,126.366,0.645868,-1,-1,-1
292,16,558.352,457.417,22.466,63.272,0.453178,-1,-1,-1
292,14,1354.891,445.061,51.546,105.484,0.369527,-1,-1,-1
292,11,1490.191,415.814,107.722,370.049,0.336496,-1,-1,-1
292,10,503.870,456.927,46.636,107.494,0.683471,-1,-1,-1
292,9,742.750,445.827,78.682,203.516,0.824916,-1,-1,-1
292,8,1155.331,440.999,42.175,113.313,0.478962,-1,-1,-1
292,7,1497.854,430.438,262.151,444.972,0.918710,-1,-1,-1
292,6,827.169,421.603,200.543,503.292,0.915986,-1,-1,-1
292,4,1002.250,399.736,173.805,654.620,0.821267,-1,-1,-1
293,30,579.503,458.444,21.487,58.508,0.317383,-1,-1,-1
293,27,1401.456,434.178,143.109,276.507,0.741794,-1,-1,-1
293,25,378.905,461.458,49.280,115.739,0.524738,-1,-1,-1
293,23,673.134,476.245,61.037,131.318,0.609887,-1,-1,-1
293,16,557.486,457.308,23.228,65.107,0.437719,-1,-1,-1
293,14,1352.104,443.995,56.758,106.959,0.441127,-1,-1,-1
293,11,1490.921,418.477,117.596,373.753,0.491719,-1,-1,-1
293,10,503.467,457.236,47.474,109.428,0.722487,-1,-1,-1
293,9,742.489,446.600,82.722,200.432,0.832428,-1,-1,-1
293,8,1155.905,440.078,44.406,112.145,0.605841,-1,-1,-1
293,7,1499.047,432.609,272.052,445.796,0.911239,-1,-1,-1
293,6,830.015,421.035,197.613,503.156,0.916857,-1,-1,-1
293,4,1002.335,399.967,186.335,655.483,0.773206,-1,-1,-1
294,30,580.007,459.158,21.627,58.672,0.319649,-1,-1,-1
294,28,655.846,463.447,26.870,70.895,0.254642,-1,-1,-1
294,27,1397.371,431.896,147.221,283.124,0.857902,-1,-1,-1
294,25,378.717,461.287,50.419,117.539,0.541938,-1,-1,-1
294,23,672.313,477.174,60.248,130.546,0.671599,-1,-1,-1
294,16,557.655,458.428,23.717,64.101,0.439637,-1,-1,-1
294,14,1357.076,442.199,53.597,109.779,0.474502,-1,-1,-1
294,11,1485.541,416.708,133.374,374.931,0.591162,-1,-1,-1
294,10,503.473,455.682,46.927,108.766,0.689216,-1,-1,-1
294,9,747.511,445.205,82.756,203.501,0.831522,-1,-1,-1
294,8,1158.082,440.370,43.380,113.082,0.653608,-1,-1,-1
294,7,1496.665,429.821,272.216,445.436,0.916120,-1,-1,-1
294,6,834.693,421.298,192.813,502.552,0.911243,-1,-1,-1
294,4,1003.095,402.176,190.976,649.804,0.803668,-1,-1,-1
295,30,580.171,457.342,22.477,61.421,0.345834,-1,-1,-1
295,27,1393.939,429.826,162.066,286.318,0.875463,-1,-1,-1
295,25,378.494,460.828,51.353,118.395,0.590339,-1,-1,-1
295,23,672.386,477.927,58.844,130.904,0.691596,-1,-1,-1
295,16,557.544,457.510,23.922,65.001,0.414298,-1,-1,-1
295,14,1360.988,443.561,51.210,108.753,0.645735,-1,-1,-1
295,11,1504.247,421.221,127.511,382.322,0.452862,-1,-1,-1
295,10,503.829,456.604,46.699,108.127,0.685119,-1,-1,-1
295,9,749.633,443.547,84.283,204.699,0.802523,-1,-1,-1
295,8,1160.045,443.667,42.161,109.208,0.629414,-1,-1,-1
295,7,1498.516,426.986,269.261,453.933,0.894784,-1,-1,-1
295,6,836.338,420.096,191.557,505.339,0.905037,-1,-1,-1
295,4,1003.846,402.434,200.230,649.867,0.785292,-1,-1,-1
296,30,580.864,457.581,22.625,61.383,0.345097,-1,-1,-1
296,27,1391.659,427.669,164.331,287.601,0.863705,-1,-1,-1
296,25,377.589,459.599,52.129,119.477,0.637575,-1,-1,-1
296,23,673.347,483.620,56.548,125.018,0.700959,-1,-1,-1
296,16,557.388,456.794,24.510,65.799,0.396774,-1,-1,-1
296,14,1369.925,442.812,45.903,107.551,0.579737,-1,-1,-1
296,11,1506.949,426.956,138.456,378.737,0.564352,-1,-1,-1
296,10,504.948,455.927,44.539,107.033,0.629233,-1,-1,-1
296,9,749.890,443.961,83.892,206.568,0.807326,-1,-1,-1
296,8,1161.761,446.102,42.837,106.867,0.585525,-1,-1,-1
296,7,1523.193,433.931,242.688,448.398,0.866131,-1,-1,-1
296,6,840.395,420.929,188.233,505.826,0.899484,-1,-1,-1
296,4,1004.431,399.921,199.606,652.594,0.762897,-1,-1,-1
297,30,579.475,457.407,22.451,61.259,0.327863,-1,-1,-1
297,27,1392.459,428.968,152.166,288.019,0.885233,-1,-1,-1
297,25,378.749,461.424,49.747,118.060,0.592624,-1,-1,-1
297,23,673.751,485.242,57.277,121.643,0.712674,-1,-1,-1
297,16,557.693,457.317,23.604,64.644,0.353877,-1,-1,-1
297,14,1370.310,441.170,48.599,109.145,0.422062,-1,-1,-1
297,11,1555.086,428.452,85.684,248.113,0.234009,-1,-1,-1
297,10,504.764,454.404,44.847,108.296,0.637316,-1,-1,-1
297,9,755.855,444.405,79.785,211.673,0.824634,-1,-1,-1
297,8,1160.557,445.251,46.975,107.778,0.611715,-1,-1,-1
297,7,1522.624,431.745,248.566,452.248,0.830246,-1,-1,-1
297,6,842.759,418.933,185.606,508.464,0.899566,-1,-1,-1
297,4,1004.731,403.614,196.759,644.244,0.751056,-1,-1,-1
298,30,580.327,455.974,23.580,62.609,0.342190,-1,-1,-1
298,27,1390.380,434.370,137.808,277.689,0.863561,-1,-1,-1
298,25,377.908,460.058,51.134,120.451,0.646805,-1,-1,-1
298,23,673.790,476.537,59.320,129.468,0.696246,-1,-1,-1
298,16,556.803,455.494,25.471,66.496,0.360757,-1,-1,-1
298,14,1377.783,439.515,35.240,109.277,0.323614,-1,-1,-1
298,11,1513.402,412.299,151.711,437.892,0.313636,-1,-1,-1
298,10,504.019,449.699,46.200,113.269,0.665494,-1,-1,-1
298,9,756.566,448.317,81.272,205.436,0.815025,-1,-1,-1
298,8,1162.833,446.103,49.401,105.792,0.567789,-1,-1,-1
298,7,1521.739,430.506,259.433,453.432,0.687845,-1,-1,-1
298,6,846.583,419.468,180.018,510.940,0.896283,-1,-1,-1
298,4,1003.960,405.361,201.342,641.323,0.722295,-1,-1,-1
299,30,579.755,456.418,23.835,62.461,0.315752,-1,-1,-1
299,27,1387.628,433.611,119.039,278.945,0.882654,-1,-1,-1
299,25,378.891,460.803,48.574,119.799,0.659551,-1,-1,-1
299,24,732.565,472.256,42.284,128.972,0.388663,-1,-1,-1
299,23,674.600,485.057,56.586,120.832,0.719243,-1,-1,-1
299,16,556.686,456.943,25.763,64.719,0.344508,-1,-1,-1
299,14,1302.255,422.907,41.584,123.527,0.314774,-1,-1,-1
299,11,1524.768,417.057,144.170,420.801,0.399324,-1,-1,-1
299,10,505.343,451.736,44.379,110.567,0.593345,-1,-1,-1
299,9,760.029,448.008,85.175,204.090,0.819733,-1,-1,-1
299,8,1165.774,445.696,47.784,106.658,0.500337,-1,-1,-1
299,7,1546.721,425.615,241.165,462.002,0.834276,-1,-1,-1
299,6,847.439,418.756,178.208,513.819,0.888512,-1,-1,-1
299,4,1003.394,405.385,205.421,639.730,0.795725,-1,-1,-1
300,30,580.117,456.011,24.243,62.950,0.323832,-1,-1,-1
300,27,1387.902,428.466,101.206,283.006,0.842671,-1,-1,-1
300,25,378.394,462.990,49.279,116.609,0.585583,-1,-1,-1
300,24,732.123,470.844,44.454,129.790,0.501766,-1,-1,-1
300,23,676.007,482.158,57.223,124.699,0.711213,-1,-1,-1
300,16,557.404,458.569,24.897,63.123,0.305803,-1,-1,-1
300,11,1565.475,418.946,112.721,404.206,0.273970,-1,-1,-1
300,10,506.240,458.318,42.111,104.780,0.556450,-1,-1,-1
300,9,763.006,450.012,80.475,203.567,0.828127,-1,-1,-1
300,8,1165.641,444.321,52.538,108.887,0.589659,-1,-1,-1
300,7,1574.258,419.626,218.117,466.724,0.843009,-1,-1,-1
300,6,849.154,418.756,176.957,516.268,0.888216,-1,-1,-1
300,4,1004.912,404.097,207.675,636.465,0.802451,-1,-1,-1
301,30,580.338,455.738,24.690,62.667,0.361325,-1,-1,-1
301,27,1381.695,424.365,91.681,285.259,0.852329,-1,-1,-1
301,25,378.465,461.518,49.218,117.988,0.624632,-1,-1,-1
301,24,732.610,470.736,47.368,130.703,0.667802,-1,-1,-1
301,23,675.351,483.695,57.149,124.258,0.744865,-1,-1,-1
301,22,0.123,400.865,110.126,467.960,0.631620,-1,-1,-1
301,16,556.905,458.242,25.607,63.279,0.379786,-1,-1,-1
301,11,1571.175,417.825,111.485,406.871,0.355951,-1,-1,-1
301,10,506.894,457.550,41.722,105.168,0.587342,-1,-1,-1
301,9,767.059,451.971,80.096,205.534,0.828813,-1,-1,-1
301,8,1164.799,446.147,54.661,107.337,0.535869,-1,-1,-1
301,7,1611.530,411.296,190.483,475.154,0.831134,-1,-1,-1
301,6,852.304,418.111,174.609,525.112,0.875217,-1,-1,-1
301,4,1005.103,402.978,210.743,632.705,0.833577,-1,-1,-1
301,2,1011.038,460.034,29.143,61.300,0.440313,-1,-1,-1
302,30,580.867,456.597,24.220,61.181,0.362164,-1,-1,-1
302,27,1367.377,426.362,94.174,283.471,0.857397,-1,-1,-1
302,25,379.061,461.142,48.593,118.150,0.637722,-1,-1,-1
302,24,733.212,470.673,46.481,130.637,0.616741,-1,-1,-1
302,23,675.613,484.031,56.406,122.467,0.728044,-1,-1,-1
302,22,0.017,407.407,119.201,460.554,0.635299,-1,-1,-1
302,16,557.267,458.539,25.545,62.357,0.429899,-1,-1,-1
302,11,1576.818,415.722,115.864,399.389,0.369005,-1,-1,-1
302,10,506.870,461.125,40.048,103.591,0.563631,-1,-1,-1
302,9,767.304,451.743,83.834,205.441,0.850303,-1,-1,-1
302,8,1173.175,447.666,47.676,105.524,0.632322,-1,-1,-1
302,7,1634.383,411.621,175.997,475.644,0.837954,-1,-1,-1
302,6,855.000,417.045,171.488,534.010,0.869735,-1,-1,-1
302,4,1005.219,403.899,212.250,628.048,0.812416,-1,-1,-1
302,2,1010.907,460.124,30.723,58.800,0.457273,-1,-1,-1
303,30,580.757,458.603,23.857,59.669,0.281075,-1,-1,-1
303,29,1593.280,416.438,100.696,251.333,0.430087,-1,-1,-1
303,27,1352.654,418.019,101.225,290.060,0.872190,-1,-1,-1
303,25,377.968,461.000,48.241,118.186,0.658351,-1,-1,-1
303,24,733.497,473.439,45.225,127.833,0.596985,-1,-1,-1
303,23,675.496,485.574,56.017,121.769,0.695592,-1,-1,-1
303,22,0.000,390.243,121.154,476.032,0.776029,-1,-1,-1
303,16,556.903,459.794,25.519,61.202,0.378391,-1,-1,-1
303,11,1590.197,411.598,109.673,398.617,0.540046,-1,-1,-1
303,10,506.183,460.335,40.951,102.562,0.510091,-1,-1,-1
303,9,770.518,450.665,82.544,206.125,0.847988,-1,-1,-1
303,8,1172.331,446.171,49.233,106.231,0.664803,-1,-1,-1
303,7,1648.116,405.798,173.315,492.792,0.881638,-1,-1,-1
303,6,856.100,417.231,169.268,539.312,0.861730,-1,-1,-1
303,4,1005.969,405.989,224.058,621.351,0.785076,-1,-1,-1
303,2,1012.050,460.936,28.906,57.712,0.474976,-1,-1,-1
304,30,580.601,460.374,22.714,57.412,0.238182,-1,-1,-1
304,29,1603.984,420.276,96.054,238.197,0.416860,-1,-1,-1
304,27,1337.496,425.020,109.744,282.666,0.843801,-1,-1,-1
304,25,377.736,461.016,48.071,118.115,0.656474,-1,-1,-1
304,24,733.903,472.562,47.844,128.448,0.609924,-1,-1,-1
304,23,675.679,487.493,55.521,119.108,0.716568,-1,-1,-1
304,22,0.000,412.506,122.990,453.299,0.795267,-1,-1,-1
304,16,557.608,461.251,25.429,59.362,0.394965,-1,-1,-1
304,14,1301.599,421.756,43.867,123.470,0.269017,-1,-1,-1
304,11,1602.653,412.891,102.172,404.417,0.492730,-1,-1,-1
304,10,502.946,460.453,43.346,102.470,0.567987,-1,-1,-1
304,9,771.433,451.543,86.566,202.497,0.887131,-1,-1,-1
304,8,1177.195,445.339,45.872,107.416,0.718689,-1,-1,-1
304,7,1652.503,407.597,173.114,496.557,0.853520,-1,-1,-1
304,6,858.223,416.370,166.297,537.898,0.860250,-1,-1,-1
304,4,1005.853,401.309,219.429,625.148,0.808294,-1,-1,-1
304,2,1012.846,460.629,29.025,57.873,0.486709,-1,-1,-1
305,30,580.652,458.636,22.242,59.533,0.249367,-1,-1,-1
305,27,1325.787,420.557,121.712,287.559,0.839315,-1,-1,-1
305,25,378.337,460.956,47.433,118.604,0.680122,-1,-1,-1
305,24,734.499,472.568,49.373,128.164,0.628905,-1,-1,-1
305,23,674.613,487.788,56.522,118.900,0.703799,-1,-1,-1
305,22,0.000,422.608,124.635,444.995,0.756319,-1,-1,-1
305,16,558.110,460.165,24.763,60.559,0.411687,-1,-1,-1
305,14,1301.064,421.057,41.746,125.782,0.235936,-1,-1,-1
305,11,1606.782,416.521,105.410,403.065,0.775187,-1,-1,-1
305,10,503.910,460.009,41.908,103.152,0.580505,-1,-1,-1
305,9,772.824,454.341,86.199,201.144,0.882136,-1,-1,-1
305,8,1178.584,445.133,46.881,108.089,0.766616,-1,-1,-1
305,7,1662.103,407.576,171.441,505.042,0.877037,-1,-1,-1
305,6,859.721,415.933,164.557,539.228,0.858806,-1,-1,-1
305,4,1005.297,401.184,213.648,624.649,0.843531,-1,-1,-1
305,2,1012.925,460.104,28.956,59.201,0.460751,-1,-1,-1
306,30,580.399,458.665,23.227,60.315,0.269193,-1,-1,-1
306,27,1313.300,424.563,133.322,281.785,0.877150,-1,-1,-1
306,25,377.170,461.052,47.788,118.236,0.665555,-1,-1,-1
306,24,733.136,471.307,49.457,128.682,0.602642,-1,-1,-1
306,23,675.051,487.470,56.449,118.147,0.691356,-1,-1,-1
306,22,0.013,407.060,126.287,459.675,0.794061,-1,-1,-1
306,16,557.588,459.021,26.266,61.417,0.423425,-1,-1,-1
306,14,1302.105,419.487,46.141,154.095,0.346693,-1,-1,-1
306,11,1609.674,406.978,114.538,407.794,0.780350,-1,-1,-1
306,10,502.407,459.546,43.667,104.093,0.651525,-1,-1,-1
306,9,775.713,455.448,83.403,200.430,0.867146,-1,-1,-1
306,8,1180.812,444.921,46.142,108.193,0.788778,-1,-1,-1
306,7,1667.684,411.000,203.055,507.157,0.866973,-1,-1,-1
306,6,863.735,416.183,163.173,541.543,0.862206,-1,-1,-1
306,4,1006.438,404.092,216.871,620.411,0.859926,-1,-1,-1
306,2,1012.512,459.641,29.936,61.565,0.486452,-1,-1,-1
307,30,579.912,456.966,21.858,60.902,0.215829,-1,-1,-1
307,28,665.037,458.985,30.391,77.924,0.378046,-1,-1,-1
307,27,1306.141,427.015,139.543,279.687,0.858215,-1,-1,-1
307,25,377.323,460.680,48.432,118.854,0.671468,-1,-1,-1
307,24,733.188,473.256,49.154,125.757,0.661298,-1,-1,-1
307,23,674.511,485.869,57.881,119.898,0.667029,-1,-1,-1
307,22,0.000,400.936,122.179,464.986,0.781664,-1,-1,-1
307,16,557.534,458.820,24.796,60.640,0.375919,-1,-1,-1
307,14,1302.953,420.997,42.589,137.268,0.217393,-1,-1,-1
307,11,1613.600,408.476,118.711,406.510,0.710394,-1,-1,-1
307,10,500.823,458.824,44.595,104.780,0.645633,-1,-1,-1
307,9,779.258,451.944,83.318,204.782,0.838433,-1,-1,-1
307,8,1183.787,445.965,44.289,105.983,0.777405,-1,-1,-1
307,7,1668.843,411.393,239.549,512.181,0.871452,-1,-1,-1
307,6,865.454,415.592,161.913,542.030,0.869994,-1,-1,-1
307,4,1008.448,402.952,220.491,619.232,0.878763,-1,-1,-1
307,2,1012.068,460.002,28.727,63.336,0.417978,-1,-1,-1
308,30,580.419,457.011,21.918,60.388,0.230461,-1,-1,-1
308,28,664.492,458.535,31.544,78.881,0.444253,-1,-1,-1
308,27,1298.449,427.696,147.062,278.376,0.876650,-1,-1,-1
308,25,376.730,460.067,49.948,119.718,0.653971,-1,-1,-1
308,24,733.622,474.131,50.344,123.998,0.634578,-1,-1,-1
308,23,675.371,485.302,56.936,120.602,0.611249,-1,-1,-1
308,22,0.016,391.653,127.007,477.388,0.796988,-1,-1,-1
308,16,557.812,457.888,25.098,61.388,0.417757,-1,-1,-1
308,14,1297.246,417.155,50.359,152.647,0.578637,-1,-1,-1
308,11,1615.705,408.279,130.814,405.959,0.723813,-1,-1,-1
308,10,499.389,458.917,45.936,105.181,0.668784,-1,-1,-1
308,9,782.535,449.359,79.337,207.270,0.828551,-1,-1,-1
308,8,1185.405,446.316,46.099,106.620,0.778861,-1,-1,-1
308,7,1668.751,416.299,243.968,496.091,0.864082,-1,-1,-1
308,6,866.813,414.428,162.152,542.704,0.869819,-1,-1,-1
308,5,417.196,468.242,38.901,100.008,0.314963,-1,-1,-1
308,4,1007.405,400.798,230.591,616.723,0.893136,-1,-1,-1
308,2,1011.681,460.476,28.029,63.721,0.415940,-1,-1,-1
309,30,580.884,456.558,22.752,60.668,0.251689,-1,-1,-1
309,28,666.181,461.105,30.196,76.115,0.368308,-1,-1,-1
309,27,1295.757,430.810,145.143,272.173,0.895270,-1,-1,-1
309,25,376.606,460.328,49.213,119.357,0.649468,-1,-1,-1
309,24,732.769,472.632,49.426,125.514,0.599413,-1,-1,-1
309,23,674.070,483.630,58.281,123.551,0.593349,-1,-1,-1
309,22,0.000,396.280,125.576,472.656,0.801717,-1,-1,-1
309,16,557.859,457.647,25.084,61.362,0.440472,-1,-1,-1
309,14,1296.709,421.469,46.118,129.218,0.521718,-1,-1,-1
309,11,1611.831,404.374,151.177,413.517,0.687019,-1,-1,-1
309,10,496.617,458.456,48.263,105.866,0.690126,-1,-1,-1
309,9,788.119,448.788,79.344,208.202,0.872634,-1,-1,-1
309,8,1186.583,445.211,46.615,109.757,0.785616,-1,-1,-1
309,7,1668.238,417.736,247.661,500.554,0.896728,-1,-1,-1
309,6,868.595,416.408,160.250,540.002,0.876453,-1,-1,-1
309,5,417.450,468.737,39.590,100.554,0.393291,-1,-1,-1
309,4,1009.490,400.752,237.167,613.403,0.899134,-1,-1,-1
309,2,1012.850,459.830,27.274,64.801,0.360550,-1,-1,-1
310,30,580.800,458.114,22.971,59.862,0.233926,-1,-1,-1
310,28,664.851,462.982,28.396,74.299,0.263001,-1,-1,-1
310,27,1292.056,430.475,139.615,272.919,0.893777,-1,-1,-1
310,25,377.397,461.864,46.964,117.430,0.675760,-1,-1,-1
310,24,731.366,468.218,51.490,130.885,0.686610,-1,-1,-1
310,23,672.464,482.087,59.112,126.121,0.657938,-1,-1,-1
310,22,0.533,394.012,120.925,470.843,0.807570,-1,-1,-1
310,16,558.288,459.306,25.241,60.068,0.409807,-1,-1,-1
310,14,1285.370,428.071,56.397,117.584,0.213604,-1,-1,-1
310,11,1616.103,408.863,145.570,407.662,0.728371,-1,-1,-1
310,10,492.215,457.501,52.889,107.577,0.713931,-1,-1,-1
310,9,791.438,447.165,82.360,212.622,0.833496,-1,-1,-1
310,8,1186.697,446.101,46.938,108.307,0.776578,-1,-1,-1
310,7,1668.766,418.709,250.980,504.975,0.920870,-1,-1,-1
310,6,867.437,418.262,161.600,537.678,0.878373,-1,-1,-1
310,5,417.211,472.936,37.107,96.234,0.261503,-1,-1,-1
310,4,1010.733,399.771,241.259,614.569,0.895659,-1,-1,-1
310,2,1012.663,458.481,27.568,65.958,0.307063,-1,-1,-1
311,30,580.707,458.523,23.387,58.766,0.279328,-1,-1,-1
311,28,664.080,462.593,28.645,74.500,0.237591,-1,-1,-1
311,27,1291.119,429.342,130.067,268.850,0.816026,-1,-1,-1
311,25,376.184,462.052,47.205,117.731,0.676509,-1,-1,-1
311,24,731.501,469.209,51.121,129.484,0.710936,-1,-1,-1
311,23,673.178,486.311,57.051,120.375,0.647194,-1,-1,-1
311,22,0.000,391.462,120.100,479.056,0.870630,-1,-1,-1
311,16,556.615,456.812,25.792,61.854,0.396774,-1,-1,-1
311,11,1613.595,408.926,160.976,405.791,0.753524,-1,-1,-1
311,10,495.247,456.855,49.850,106.543,0.691952,-1,-1,-1
311,9,793.392,445.005,82.584,213.679,0.887208,-1,-1,-1
311,8,1187.648,443.929,47.197,110.556,0.778269,-1,-1,-1
311,7,1667.711,418.152,252.078,517.258,0.934041,-1,-1,-1
311,6,866.293,417.271,163.783,539.541,0.880448,-1,-1,-1
311,5,416.129,468.344,38.298,101.762,0.283736,-1,-1,-1
311,4,1009.433,400.671,244.665,612.523,0.893193,-1,-1,-1
311,2,1012.135,456.669,26.281,68.711,0.277814,-1,-1,-1
312,30,581.443,459.429,23.309,56.884,0.239734,-1,-1,-1
312,27,1292.894,426.903,108.522,267.931,0.793358,-1,-1,-1
312,25,376.935,461.667,45.948,116.368,0.696050,-1,-1,-1
312,24,734.084,471.310,48.856,128.340,0.663729,-1,-1,-1
312,23,673.138,488.625,56.250,116.047,0.715481,-1,-1,-1
312,22,0.000,390.797,132.355,476.284,0.882797,-1,-1,-1
312,16,555.774,456.485,25.632,62.529,0.360334,-1,-1,-1
312,11,1618.482,413.711,166.965,400.063,0.724804,-1,-1,-1
312,10,493.871,456.525,50.657,106.244,0.714359,-1,-1,-1
312,9,794.772,445.925,84.328,211.588,0.840375,-1,-1,-1
312,8,1187.622,443.740,48.553,109.655,0.757306,-1,-1,-1
312,7,1671.111,424.060,248.129,512.678,0.905578,-1,-1,-1
312,6,865.937,415.394,165.705,539.279,0.872868,-1,-1,-1
312,5,415.256,468.008,37.971,102.449,0.371266,-1,-1,-1
312,4,1011.040,398.471,245.259,614.629,0.879482,-1,-1,-1
312,2,1012.303,457.457,28.024,66.159,0.257022,-1,-1,-1
313,30,581.254,458.165,24.380,57.898,0.271685,-1,-1,-1
313,27,1269.745,423.497,118.683,270.848,0.796936,-1,-1,-1
313,25,376.216,461.126,46.241,119.167,0.704371,-1,-1,-1
313,24,731.537,471.099,50.929,128.254,0.674928,-1,-1,-1
313,23,672.020,488.458,57.676,117.943,0.676657,-1,-1,-1
313,22,1.206,392.943,144.183,470.375,0.871824,-1,-1,-1
313,16,555.848,457.317,25.141,60.874,0.364818,-1,-1,-1
313,11,1621.748,418.490,176.420,391.201,0.648184,-1,-1,-1
313,10,493.406,457.046,50.953,105.930,0.724512,-1,-1,-1
313,9,795.733,444.607,87.587,212.852,0.843852,-1,-1,-1
313,8,1188.253,440.796,51.494,116.165,0.745269,-1,-1,-1
313,7,1679.461,424.782,239.899,510.434,0.894245,-1,-1,-1
313,6,864.177,415.546,170.191,539.288,0.872733,-1,-1,-1
313,5,414.938,465.711,39.787,105.371,0.359557,-1,-1,-1
313,4,1013.429,399.642,244.675,614.547,0.868382,-1,-1,-1
314,30,581.540,457.977,23.084,57.934,0.331930,-1,-1,-1
314,27,1266.014,422.208,108.276,271.270,0.824925,-1,-1,-1
314,25,377.558,462.267,45.962,118.294,0.696364,-1,-1,-1
314,24,732.911,472.643,50.214,126.976,0.675901,-1,-1,-1
314,23,673.237,487.734,56.434,118.885,0.687783,-1,-1,-1
314,22,6.744,394.930,163.528,467.247,0.906128,-1,-1,-1
314,16,556.193,457.561,24.252,60.486,0.410845,-1,-1,-1
314,11,1622.303,415.973,188.665,398.809,0.554014,-1,-1,-1
314,10,488.903,457.316,54.425,107.123,0.716153,-1,-1,-1
314,9,798.070,446.190,87.134,212.731,0.839897,-1,-1,-1
314,8,1190.861,440.854,48.195,116.303,0.753792,-1,-1,-1
314,7,1686.781,419.170,233.219,519.698,0.860921,-1,-1,-1
314,6,863.723,414.116,170.309,540.268,0.867020,-1,-1,-1
314,5,417.938,468.810,38.125,100.692,0.363500,-1,-1,-1
314,4,1021.580,397.901,236.364,617.113,0.879469,-1,-1,-1
315,30,581.423,459.163,22.691,57.165,0.338107,-1,-1,-1
315,27,1269.234,426.081,91.650,266.456,0.826764,-1,-1,-1
315,25,377.186,462.110,47.411,117.661,0.692390,-1,-1,-1
315,24,734.387,475.128,49.625,125.399,0.625132,-1,-1,-1
315,23,673.430,488.518,56.031,116.131,0.699135,-1,-1,-1
315,22,16.686,393.968,185.113,466.866,0.905723,-1,-1,-1
315,16,556.051,456.891,24.424,60.057,0.437348,-1,-1,-1
315,11,1631.325,408.905,197.611,414.644,0.600073,-1,-1,-1
315,10,488.381,456.571,54.528,109.057,0.727256,-1,-1,-1
315,9,798.748,446.467,87.234,212.522,0.829176,-1,-1,-1
315,8,1190.566,442.763,48.686,114.264,0.748362,-1,-1,-1
315,7,1693.406,415.148,226.594,533.139,0.680368,-1,-1,-1
315,6,861.985,414.282,175.446,541.322,0.874235,-1,-1,-1
315,5,415.347,464.329,40.302,105.603,0.437015,-1,-1,-1
315,4,1027.668,397.096,228.518,619.662,0.876482,-1,-1,-1
316,30,581.247,458.829,23.056,57.835,0.318084,-1,-1,-1
316,27,1269.906,426.479,83.643,267.556,0.822716,-1,-1,-1
316,25,376.833,462.231,47.796,118.348,0.648224,-1,-1,-1
316,24,733.509,474.590,50.324,126.345,0.606152,-1,-1,-1
316,23,673.339,489.242,55.897,116.979,0.696306,-1,-1,-1
316,22,16.188,395.792,224.549,460.757,0.925476,-1,-1,-1
316,16,555.564,456.020,25.204,61.677,0.422146,-1,-1,-1
316,11,1648.910,407.361,180.701,476.555,0.610704,-1,-1,-1
316,10,491.052,456.149,52.310,108.182,0.729143,-1,-1,-1
316,9,800.373,448.128,84.913,211.117,0.828882,-1,-1,-1
316,8,1194.908,445.587,44.569,109.712,0.736404,-1,-1,-1
316,7,1730.932,411.951,189.068,529.524,0.631389,-1,-1,-1
316,6,862.631,414.624,174.201,540.296,0.872694,-1,-1,-1
316,5,414.213,461.799,42.026,108.275,0.480515,-1,-1,-1
316,4,1029.779,398.316,224.828,617.982,0.877977,-1,-1,-1
317,30,581.444,461.966,23.237,54.690,0.338623,-1,-1,-1
317,27,1262.888,426.592,84.290,267.460,0.836727,-1,-1,-1
317,25,377.706,461.470,48.421,119.497,0.683985,-1,-1,-1
317,24,730.264,474.221,52.536,126.023,0.669621,-1,-1,-1
317,23,673.062,488.037,55.840,118.261,0.678606,-1,-1,-1
317,22,16.812,394.062,251.882,462.488,0.923535,-1,-1,-1
317,16,555.961,456.190,25.471,62.343,0.465338,-1,-1,-1
317,14,1425.008,438.151,42.282,111.995,0.568856,-1,-1,-1
317,11,1686.990,400.522,155.869,471.976,0.666054,-1,-1,-1
317,10,490.409,455.991,53.047,108.717,0.727785,-1,-1,-1
317,9,803.971,444.476,83.814,213.698,0.786095,-1,-1,-1
317,8,1197.618,446.597,42.922,106.350,0.702783,-1,-1,-1
317,7,1732.417,413.448,187.444,528.878,0.732366,-1,-1,-1
317,6,862.883,414.472,176.091,539.503,0.869637,-1,-1,-1
317,5,414.759,463.390,41.468,108.337,0.513480,-1,-1,-1
317,4,1031.177,398.623,221.470,617.424,0.884769,-1,-1,-1
317,2,1132.378,473.959,64.474,125.951,0.279622,-1,-1,-1
318,30,581.747,461.458,22.633,54.581,0.287563,-1,-1,-1
318,27,1249.279,421.248,95.668,269.723,0.813134,-1,-1,-1
318,25,378.416,462.153,46.814,119.328,0.667989,-1,-1,-1
318,24,729.623,473.279,52.911,127.582,0.678443,-1,-1,-1
318,23,674.343,488.512,54.307,116.072,0.673134,-1,-1,-1
318,22,15.719,398.562,273.500,455.815,0.927633,-1,-1,-1
318,16,555.977,457.408,25.695,61.775,0.469673,-1,-1,-1
318,14,1430.519,439.415,40.143,111.495,0.416302,-1,-1,-1
318,11,1695.479,401.170,157.029,471.838,0.660695,-1,-1,-1
318,10,488.169,456.892,53.511,108.705,0.739942,-1,-1,-1
318,9,807.413,444.618,77.925,214.189,0.763639,-1,-1,-1
318,8,1199.234,447.267,45.170,105.258,0.738162,-1,-1,-1
318,7,1796.708,417.316,123.292,528.704,0.710777,-1,-1,-1
318,6,862.330,412.600,172.980,544.507,0.867974,-1,-1,-1
318,5,416.181,466.793,40.234,104.081,0.463196,-1,-1,-1
318,4,1035.230,400.408,217.053,615.682,0.881422,-1,-1,-1
318,2,1132.840,472.229,64.859,119.722,0.209819,-1,-1,-1
319,30,581.973,462.120,22.104,53.902,0.297340,-1,-1,-1
319,27,1236.811,428.854,107.608,261.583,0.807827,-1,-1,-1
319,25,378.276,461.882,46.956,119.897,0.689396,-1,-1,-1
319,24,730.449,472.762,52.800,129.041,0.662177,-1,-1,-1
319,23,674.448,489.792,54.315,114.414,0.672978,-1,-1,-1
319,22,16.429,398.756,285.000,455.097,0.927566,-1,-1,-1
319,16,556.448,458.313,25.054,60.385,0.446222,-1,-1,-1
319,14,1430.215,436.178,44.823,112.775,0.605744,-1,-1,-1
319,11,1690.531,399.713,161.531,462.237,0.753722,-1,-1,-1
319,10,488.240,455.877,53.243,109.588,0.742902,-1,-1,-1
319,9,811.894,445.583,77.339,213.489,0.771663,-1,-1,-1
319,8,1200.843,448.292,46.773,104.798,0.751328,-1,-1,-1
319,7,1796.329,413.052,123.671,532.980,0.767996,-1,-1,-1
319,6,861.041,411.904,174.657,544.386,0.867504,-1,-1,-1
319,5,417.386,468.449,38.621,101.446,0.438754,-1,-1,-1
319,4,1037.238,403.587,214.848,612.031,0.882912,-1,-1,-1
319,2,1136.788,471.047,68.133,141.714,0.247418,-1,-1,-1
320,30,581.732,462.383,22.120,54.034,0.325740,-1,-1,-1
320,27,1226.393,442.184,117.972,249.361,0.806156,-1,-1,-1
320,25,378.154,462.422,47.184,119.090,0.676819,-1,-1,-1
320,24,732.960,473.230,50.433,127.949,0.593891,-1,-1,-1
320,23,673.473,487.614,55.353,117.914,0.651256,-1,-1,-1
320,22,15.353,400.933,294.884,450.635,0.930734,-1,-1,-1
320,16,556.776,458.854,24.524,59.156,0.434027,-1,-1,-1
320,14,1432.497,433.912,47.420,117.540,0.743593,-1,-1,-1
320,11,1714.254,397.358,143.083,453.684,0.826520,-1,-1,-1
320,10,488.331,455.602,52.302,109.555,0.744597,-1,-1,-1
320,9,816.082,444.256,79.270,215.568,0.766154,-1,-1,-1
320,8,1203.008,449.940,44.127,104.064,0.748881,-1,-1,-1
320,7,1826.101,417.975,93.899,529.453,0.796015,-1,-1,-1
320,6,862.242,414.695,179.598,539.219,0.862027,-1,-1,-1
320,5,416.620,469.509,40.819,101.197,0.442367,-1,-1,-1
320,4,1041.354,405.871,212.182,610.954,0.882724,-1,-1,-1
320,2,1137.265,462.232,70.089,151.806,0.259614,-1,-1,-1
321,30,582.195,464.398,21.054,51.096,0.255774,-1,-1,-1
321,27,1217.938,434.935,127.380,255.128,0.826634,-1,-1,-1
321,25,378.183,462.173,46.652,119.066,0.682295,-1,-1,-1
321,24,731.880,471.553,50.964,130.012,0.596153,-1,-1,-1
321,23,674.008,488.480,54.571,116.190,0.684116,-1,-1,-1
321,22,19.439,397.986,292.050,454.060,0.932563,-1,-1,-1
321,16,556.421,459.144,24.856,58.495,0.398795,-1,-1,-1
321,14,1435.178,436.721,48.330,113.867,0.735846,-1,-1,-1
321,11,1722.567,398.840,150.111,458.084,0.822798,-1,-1,-1
321,10,488.462,454.683,51.516,110.817,0.749406,-1,-1,-1
321,9,818.817,444.696,80.395,214.009,0.777228,-1,-1,-1
321,8,1205.054,449.266,45.065,104.740,0.713262,-1,-1,-1
321,7,1840.388,416.876,79.612,530.816,0.828450,-1,-1,-1
321,6,859.842,412.984,181.580,543.311,0.866453,-1,-1,-1
321,5,415.975,467.933,41.670,104.045,0.472293,-1,-1,-1
321,4,1042.445,406.476,210.335,609.702,0.890105,-1,-1,-1
321,2,1142.101,464.033,69.733,150.625,0.355393,-1,-1,-1
322,30,581.978,460.686,21.963,55.179,0.279087,-1,-1,-1
322,27,1220.184,432.257,123.793,255.957,0.814292,-1,-1,-1
322,25,378.150,462.343,47.342,119.291,0.699668,-1,-1,-1
322,24,732.740,473.061,49.314,128.191,0.607587,-1,-1,-1
322,23,673.880,491.018,53.513,115.051,0.707219,-1,-1,-1
322,22,21.768,400.348,296.072,448.586,0.933709,-1,-1,-1
322,16,556.437,458.710,24.797,59.099,0.365502,-1,-1,-1
322,14,1432.918,438.266,51.927,112.557,0.752953,-1,-1,-1
322,11,1729.723,398.510,149.264,455.135,0.860647,-1,-1,-1
322,10,487.453,456.216,51.250,109.182,0.739830,-1,-1,-1
322,9,820.464,446.422,79.107,217.022,0.789428,-1,-1,-1
322,8,1207.701,449.555,41.615,103.905,0.710057,-1,-1,-1
322,7,1853.134,405.462,66.808,547.731,0.738424,-1,-1,-1
322,6,860.377,413.331,180.188,542.501,0.867779,-1,-1,-1
322,5,418.173,473.323,40.029,97.555,0.500801,-1,-1,-1
322,4,1044.764,411.627,208.480,604.694,0.889814,-1,-1,-1
323,30,581.660,459.971,21.643,55.817,0.245052,-1,-1,-1
323,27,1224.219,450.907,115.746,235.630,0.832943,-1,-1,-1
323,25,376.662,461.571,48.128,119.296,0.712267,-1,-1,-1
323,24,731.839,472.748,50.204,128.991,0.670492,-1,-1,-1
323,23,673.607,491.236,54.829,113.407,0.675988,-1,-1,-1
323,22,23.980,401.315,296.740,446.635,0.930233,-1,-1,-1
323,16,555.531,460.356,23.482,57.870,0.327186,-1,-1,-1
323,14,1436.047,441.093,52.814,108.736,0.750320,-1,-1,-1
323,11,1737.827,395.581,151.930,456.134,0.837164,-1,-1,-1
323,10,487.880,455.058,50.731,110.414,0.741063,-1,-1,-1
323,9,821.953,448.475,79.616,211.805,0.797565,-1,-1,-1
323,8,1210.153,447.791,37.521,102.940,0.645609,-1,-1,-1
323,7,1863.419,398.353,56.581,551.868,0.696562,-1,-1,-1
323,6,860.378,413.800,180.887,541.862,0.862721,-1,-1,-1
323,5,414.965,471.100,41.951,101.124,0.397225,-1,-1,-1
323,4,1046.353,407.750,206.768,608.601,0.892939,-1,-1,-1
324,32,1301.861,421.479,42.015,122.448,0.425794,-1,-1,-1
324,30,581.802,460.671,21.742,55.533,0.289310,-1,-1,-1
324,27,1217.469,441.901,117.465,245.607,0.754472,-1,-1,-1
324,25,377.648,462.135,46.878,118.818,0.716932,-1,-1,-1
324,24,733.055,473.488,48.683,127.048,0.653302,-1,-1,-1
324,23,673.613,491.449,54.051,113.526,0.687481,-1,-1,-1
324,22,28.124,403.622,293.329,442.999,0.935048,-1,-1,-1
324,16,555.675,459.344,24.316,59.938,0.374870,-1,-1,-1
324,14,1438.045,440.152,53.626,108.711,0.762494,-1,-1,-1
324,11,1748.567,396.171,149.274,458.316,0.830701,-1,-1,-1
324,10,487.325,454.208,50.804,111.431,0.721967,-1,-1,-1
324,9,823.434,447.757,82.612,212.400,0.800167,-1,-1,-1
324,8,1209.774,446.224,32.540,101.349,0.380345,-1,-1,-1
324,7,1862.917,406.138,56.987,548.065,0.646932,-1,-1,-1
324,6,859.610,415.780,181.984,538.122,0.864965,-1,-1,-1
324,5,415.502,466.185,41.669,105.966,0.545659,-1,-1,-1
324,4,1048.412,401.917,207.383,614.323,0.880291,-1,-1,-1
325,32,1301.796,421.905,42.201,123.626,0.324095,-1,-1,-1
325,30,581.772,460.113,22.097,56.238,0.287700,-1,-1,-1
325,27,1214.852,448.845,114.897,239.155,0.710711,-1,-1,-1
325,25,377.937,462.761,47.092,118.446,0.710864,-1,-1,-1
325,24,731.724,473.113,50.484,127.683,0.605519,-1,-1,-1
325,23,673.881,490.723,54.107,114.430,0.683696,-1,-1,-1
325,22,39.926,403.562,286.584,442.545,0.933816,-1,-1,-1
325,16,554.698,459.705,25.792,59.738,0.324988,-1,-1,-1
325,14,1440.116,440.994,56.419,106.330,0.731297,-1,-1,-1
325,11,1753.748,395.970,156.381,459.360,0.788779,-1,-1,-1
325,10,487.204,453.260,51.295,112.292,0.722156,-1,-1,-1
325,9,823.388,451.461,82.422,208.468,0.780620,-1,-1,-1
325,7,1856.520,397.029,63.480,554.630,0.380491,-1,-1,-1
325,6,860.878,415.948,179.926,537.752,0.862243,-1,-1,-1
325,5,416.031,469.151,41.131,102.441,0.551461,-1,-1,-1
325,4,1048.927,402.966,209.300,613.458,0.868362,-1,-1,-1
326,32,1302.249,421.697,44.306,124.511,0.311867,-1,-1,-1
326,30,582.118,460.134,22.239,55.719,0.231572,-1,-1,-1
326,27,1209.736,456.568,108.934,227.432,0.634182,-1,-1,-1
326,25,378.455,463.033,46.852,119.063,0.698869,-1,-1,-1
326,24,731.638,472.655,51.541,127.890,0.695051,-1,-1,-1
326,23,672.976,493.011,55.505,112.832,0.692883,-1,-1,-1
326,22,56.102,399.394,271.437,441.407,0.921873,-1,-1,-1
326,16,555.218,458.571,27.380,60.501,0.292897,-1,-1,-1
326,14,1441.218,438.811,59.172,108.580,0.728879,-1,-1,-1
326,11,1761.773,396.467,157.760,463.802,0.826786,-1,-1,-1
326,10,487.123,453.230,51.003,112.526,0.719553,-1,-1,-1
326,9,825.313,447.595,84.772,212.992,0.744158,-1,-1,-1
326,7,1848.999,395.616,71.001,554.656,0.333183,-1,-1,-1
326,6,855.747,415.929,187.687,538.337,0.855253,-1,-1,-1
326,5,414.780,468.393,43.351,104.433,0.436223,-1,-1,-1
326,4,1051.215,399.983,205.395,616.092,0.866058,-1,-1,-1
327,33,809.980,478.817,34.135,74.332,0.256179,-1,-1,-1
327,32,1301.725,423.387,41.828,121.950,0.278852,-1,-1,-1
327,30,581.693,458.345,22.042,57.712,0.259139,-1,-1,-1
327,27,1201.831,436.276,105.031,244.168,0.421748,-1,-1,-1
327,25,378.823,463.698,46.116,117.704,0.699201,-1,-1,-1
327,24,731.032,473.136,52.248,128.708,0.717745,-1,-1,-1
327,23,674.839,492.299,53.336,112.917,0.694492,-1,-1,-1
327,22,75.691,395.007,250.943,443.418,0.929935,-1,-1,-1
327,16,555.910,458.663,26.662,61.295,0.333187,-1,-1,-1
327,14,1445.770,438.868,57.870,108.798,0.743690,-1,-1,-1
327,11,1765.079,392.516,154.921,501.894,0.807978,-1,-1,-1
327,10,487.876,454.734,49.498,110.828,0.724426,-1,-1,-1
327,9,830.257,441.648,82.511,221.659,0.627240,-1,-1,-1
327,6,854.687,416.053,189.129,537.958,0.857599,-1,-1,-1
327,5,415.509,469.007,42.518,103.398,0.459608,-1,-1,-1
327,4,1053.075,397.465,203.678,617.854,0.866253,-1,-1,-1
328,33,807.763,478.862,37.446,74.956,0.252335,-1,-1,-1
328,32,1301.665,422.186,39.868,125.134,0.249747,-1,-1,-1
328,30,581.266,458.613,21.442,57.110,0.204286,-1,-1,-1
328,27,1202.477,439.523,80.590,233.378,0.344816,-1,-1,-1
328,25,378.547,463.404,47.129,118.232,0.714772,-1,-1,-1
328,24,731.795,473.527,51.646,128.642,0.721370,-1,-1,-1
328,23,674.972,491.334,52.994,113.498,0.710863,-1,-1,-1
328,22,102.896,394.716,225.648,437.145,0.921859,-1,-1,-1
328,16,556.009,458.290,26.185,61.560,0.342458,-1,-1,-1
328,14,1450.005,440.371,52.518,109.166,0.769468,-1,-1,-1
328,11,1767.234,385.805,152.540,536.212,0.824169,-1,-1,-1
328,10,488.320,454.696,48.174,111.101,0.700460,-1,-1,-1
328,9,834.056,443.662,81.941,219.524,0.534405,-1,-1,-1
328,6,841.317,416.345,205.358,537.885,0.859911,-1,-1,-1
328,5,415.716,468.280,41.593,103.537,0.473433,-1,-1,-1
328,4,1054.158,395.662,203.635,619.671,0.866962,-1,-1,-1
329,33,803.422,478.947,38.606,73.210,0.248480,-1,-1,-1
329,32,1301.708,421.547,42.612,124.826,0.331023,-1,-1,-1
329,30,580.983,458.501,21.389,57.147,0.207845,-1,-1,-1
329,29,1196.687,431.703,62.798,183.981,0.545113,-1,-1,-1
329,25,379.101,464.057,46.743,117.772,0.701533,-1,-1,-1
329,24,731.035,474.437,52.058,128.804,0.730299,-1,-1,-1
329,23,674.985,490.082,53.057,115.502,0.713339,-1,-1,-1
329,22,123.000,396.770,205.381,434.603,0.927083,-1,-1,-1
329,16,556.477,457.790,25.146,61.848,0.313524,-1,-1,-1
329,14,1455.662,440.614,46.152,107.961,0.749718,-1,-1,-1
329,11,1765.094,388.717,154.616,534.600,0.799369,-1,-1,-1
329,10,487.881,454.883,48.497,110.450,0.676496,-1,-1,-1
329,9,853.657,446.638,65.461,199.297,0.421504,-1,-1,-1
329,6,850.182,417.466,196.367,537.393,0.882225,-1,-1,-1
329,5,416.056,467.169,41.112,103.612,0.448617,-1,-1,-1
329,4,1053.687,396.665,205.808,618.749,0.875384,-1,-1,-1
330,33,805.089,479.849,37.295,72.444,0.291148,-1,-1,-1
330,32,1302.100,420.994,41.814,125.318,0.323266,-1,-1,-1
330,31,709.238,484.645,31.592,105.059,0.318003,-1,-1,-1
330,30,580.861,458.768,21.821,56.957,0.247073,-1,-1,-1
330,29,1199.055,431.307,58.562,125.292,0.522618,-1,-1,-1
330,25,380.267,464.050,44.675,116.676,0.710370,-1,-1,-1
330,24,731.188,475.628,51.427,127.016,0.747516,-1,-1,-1
330,23,674.847,489.372,53.613,115.652,0.736018,-1,-1,-1
330,22,137.924,395.658,189.267,431.807,0.893582,-1,-1,-1
330,16,556.868,458.800,24.307,59.969,0.289587,-1,-1,-1
330,14,1458.518,438.414,44.716,109.792,0.772096,-1,-1,-1
330,11,1764.778,389.276,155.208,505.447,0.792332,-1,-1,-1
330,10,487.053,455.978,48.297,109.030,0.635520,-1,-1,-1
330,9,861.062,450.781,58.048,185.087,0.479219,-1,-1,-1
330,6,858.322,415.986,188.658,541.444,0.866421,-1,-1,-1
330,5,416.930,469.667,40.174,99.292,0.448132,-1,-1,-1
330,4,1056.195,393.643,207.573,621.449,0.869456,-1,-1,-1
331,33,805.931,480.876,35.490,71.896,0.266740,-1,-1,-1
331,32,1301.879,421.523,42.009,124.622,0.296675,-1,-1,-1
331,31,709.258,484.228,31.731,103.917,0.310490,-1,-1,-1
331,30,537.967,455.201,25.751,61.328,0.304555,-1,-1,-1
331,29,1200.792,435.046,57.047,113.584,0.454318,-1,-1,-1
331,25,380.159,463.723,44.761,117.291,0.708281,-1,-1,-1
331,24,731.128,475.335,50.950,127.621,0.748495,-1,-1,-1
331,23,674.234,490.511,53.303,116.144,0.727119,-1,-1,-1
331,22,145.128,398.982,187.984,429.519,0.818720,-1,-1,-1
331,16,556.893,457.195,24.496,61.454,0.327955,-1,-1,-1
331,14,1462.507,438.474,42.440,109.755,0.775548,-1,-1,-1
331,11,1765.002,393.169,154.998,473.004,0.795408,-1,-1,-1
331,10,487.038,455.050,47.646,109.650,0.634317,-1,-1,-1
331,9,863.865,446.840,59.686,133.525,0.423455,-1,-1,-1
331,6,860.656,415.928,192.852,539.279,0.852018,-1,-1,-1
331,5,415.633,464.799,42.210,106.228,0.472370,-1,-1,-1
331,4,1056.082,390.511,206.048,624.550,0.858788,-1,-1,-1
332,33,806.815,480.537,32.870,71.390,0.277032,-1,-1,-1
332,32,1302.217,422.543,40.449,122.095,0.237417,-1,-1,-1
332,31,710.543,485.302,31.529,102.649,0.299638,-1,-1,-1
332,25,379.909,463.126,46.080,118.544,0.678180,-1,-1,-1
332,24,732.097,475.308,50.165,125.832,0.664839,-1,-1,-1
332,23,675.152,488.594,53.292,118.076,0.710888,-1,-1,-1
332,22,151.232,397.877,197.234,430.914,0.834122,-1,-1,-1
332,16,556.885,458.117,24.411,61.446,0.307863,-1,-1,-1
332,14,1464.031,437.683,45.246,111.115,0.773092,-1,-1,-1
332,11,1766.941,388.943,153.059,493.557,0.774775,-1,-1,-1
332,10,486.865,455.568,47.330,108.538,0.615191,-1,-1,-1
332,8,0.000,405.880,94.861,390.457,0.715486,-1,-1,-1
332,6,864.019,415.888,184.956,539.815,0.870415,-1,-1,-1
332,5,414.443,460.434,44.078,111.126,0.406910,-1,-1,-1
332,4,1060.351,394.299,206.152,620.564,0.862031,-1,-1,-1
333,33,799.398,481.143,27.155,67.980,0.302710,-1,-1,-1
333,32,1301.901,421.984,39.632,125.122,0.204588,-1,-1,-1
333,31,0.266,416.221,120.326,381.880,0.816079,-1,-1,-1
333,25,379.542,463.742,48.164,117.721,0.660396,-1,-1,-1
333,24,735.050,473.194,48.839,131.475,0.603585,-1,-1,-1
333,23,676.796,491.049,52.396,114.753,0.724348,-1,-1,-1
333,22,161.133,396.036,201.493,431.830,0.865628,-1,-1,-1
333,16,557.641,457.229,24.423,60.209,0.369215,-1,-1,-1
333,14,1469.173,436.173,43.724,112.378,0.753566,-1,-1,-1
333,11,1766.833,374.963,153.167,492.874,0.777529,-1,-1,-1
333,10,487.727,455.706,45.831,108.452,0.529639,-1,-1,-1
333,8,1230.174,447.304,29.957,87.807,0.364018,-1,-1,-1
333,6,867.206,415.211,173.867,542.413,0.860152,-1,-1,-1
333,5,417.630,466.544,42.247,101.950,0.349020,-1,-1,-1
333,4,1058.638,394.296,209.557,619.132,0.858773,-1,-1,-1
333,2,1174.831,451.015,153.811,344.493,0.366540,-1,-1,-1
334,33,799.222,481.433,26.385,66.870,0.324597,-1,-1,-1
334,32,1222.853,446.269,40.295,94.113,0.544761,-1,-1,-1
334,31,711.798,486.874,30.810,99.092,0.333893,-1,-1,-1
334,25,379.544,462.574,48.550,120.042,0.641830,-1,-1,-1
334,24,734.491,473.810,49.355,130.621,0.646126,-1,-1,-1
334,23,676.444,490.402,52.419,116.300,0.703981,-1,-1,-1
334,22,169.205,395.496,210.557,430.218,0.866169,-1,-1,-1
334,16,557.719,457.412,24.371,59.881,0.382104,-1,-1,-1
334,14,1471.809,438.190,41.386,111.097,0.675563,-1,-1,-1
334,11,1770.105,381.536,149.895,481.113,0.823650,-1,-1,-1
334,10,487.865,456.402,45.402,108.506,0.587206,-1,-1,-1
334,8,0.000,443.835,134.679,346.727,0.795974,-1,-1,-1
334,6,866.942,417.009,185.564,539.059,0.865806,-1,-1,-1
334,5,419.003,468.340,40.032,98.719,0.251269,-1,-1,-1
334,4,1059.602,393.306,214.385,619.952,0.846258,-1,-1,-1
334,2,1172.849,442.802,153.422,351.881,0.343325,-1,-1,-1
335,33,799.029,480.722,26.417,67.609,0.276266,-1,-1,-1
335,32,1220.635,447.817,46.263,84.148,0.534962,-1,-1,-1
335,31,710.566,486.614,32.232,99.912,0.356624,-1,-1,-1
335,30,580.898,455.834,22.175,61.119,0.325412,-1,-1,-1
335,25,378.268,462.852,50.371,119.596,0.640781,-1,-1,-1
335,24,732.784,472.527,50.216,128.949,0.687261,-1,-1,-1
335,23,676.640,488.733,51.303,116.271,0.675291,-1,-1,-1
335,22,174.848,396.455,217.307,427.175,0.883995,-1,-1,-1
335,16,557.776,457.992,23.428,58.407,0.351857,-1,-1,-1
335,14,1471.537,438.495,42.692,109.945,0.663256,-1,-1,-1
335,11,1775.933,396.981,144.067,463.732,0.794356,-1,-1,-1
335,10,487.886,458.015,42.214,105.307,0.438120,-1,-1,-1
335,9,872.200,443.528,59.716,124.051,0.320820,-1,-1,-1
335,8,0.000,440.862,141.311,349.421,0.839711,-1,-1,-1
335,6,867.674,417.564,190.797,539.048,0.878228,-1,-1,-1
335,5,1011.547,462.852,30.634,70.830,0.377539,-1,-1,-1
335,4,1058.307,392.287,214.415,621.970,0.842290,-1,-1,-1
335,2,1167.924,426.619,155.389,381.546,0.256451,-1,-1,-1
336,33,798.660,479.278,27.476,68.801,0.266362,-1,-1,-1
336,32,1223.625,449.048,45.706,92.384,0.569150,-1,-1,-1
336,31,710.084,487.363,31.647,102.544,0.334190,-1,-1,-1
336,30,580.391,457.981,21.513,58.197,0.323854,-1,-1,-1
336,28,660.289,465.780,29.068,73.229,0.275061,-1,-1,-1
336,25,378.639,464.748,46.216,116.859,0.577422,-1,-1,-1
336,24,732.830,473.359,49.347,128.699,0.675417,-1,-1,-1
336,23,675.769,487.341,51.454,118.439,0.724388,-1,-1,-1
336,22,183.140,395.018,222.892,427.827,0.884892,-1,-1,-1
336,16,557.158,457.589,22.772,59.326,0.330698,-1,-1,-1
336,14,1471.582,438.041,44.477,110.097,0.690585,-1,-1,-1
336,11,1786.932,372.472,132.848,493.142,0.671433,-1,-1,-1
336,10,487.930,458.127,41.200,104.179,0.392063,-1,-1,-1
336,9,1829.890,472.580,56.022,177.161,0.492634,-1,-1,-1
336,8,0.450,439.408,148.772,350.036,0.879041,-1,-1,-1
336,6,868.365,416.567,182.006,540.606,0.886512,-1,-1,-1
336,5,1010.691,461.239,28.892,70.784,0.409484,-1,-1,-1
336,4,1059.131,394.581,208.170,621.701,0.853834,-1,-1,-1
336,2,1164.374,421.812,173.281,378.105,0.444588,-1,-1,-1
337,33,1008.051,459.057,33.165,75.932,0.312214,-1,-1,-1
337,32,1226.566,448.130,43.399,89.115,0.541285,-1,-1,-1
337,30,579.537,458.285,20.322,56.851,0.258585,-1,-1,-1
337,25,379.105,464.954,45.572,115.636,0.599465,-1,-1,-1
337,24,731.695,473.049,50.178,129.995,0.674296,-1,-1,-1
337,23,674.942,486.447,52.584,119.841,0.741409,-1,-1,-1
337,22,196.020,398.234,226.478,425.282,0.827264,-1,-1,-1
337,16,558.024,459.625,22.704,57.077,0.310322,-1,-1,-1
337,14,1472.998,437.434,50.437,111.108,0.670648,-1,-1,-1
337,11,1802.405,350.792,117.251,518.373,0.661938,-1,-1,-1
337,10,485.878,455.556,42.049,108.439,0.594919,-1,-1,-1
337,8,0.858,441.793,154.535,350.364,0.867659,-1,-1,-1
337,6,868.020,416.150,181.911,540.211,0.889674,-1,-1,-1
337,5,416.473,469.944,36.985,100.176,0.314475,-1,-1,-1
337,4,1059.070,396.746,209.298,619.375,0.853472,-1,-1,-1
337,2,1164.343,426.094,170.419,377.322,0.484754,-1,-1,-1
338,34,540.384,457.523,24.163,59.419,0.248331,-1,-1,-1
338,33,1009.367,458.696,29.308,74.003,0.373195,-1,-1,-1
338,32,1228.556,447.386,43.521,89.099,0.539885,-1,-1,-1
338,30,579.299,458.074,19.876,58.867,0.272301,-1,-1,-1
338,25,378.422,464.808,45.366,115.939,0.551006,-1,-1,-1
338,24,731.960,473.360,49.108,129.205,0.686320,-1,-1,-1
338,23,674.365,484.699,53.305,121.296,0.735348,-1,-1,-1
338,22,204.408,399.294,235.085,423.154,0.879289,-1,-1,-1
338,16,557.375,458.461,21.596,58.942,0.313040,-1,-1,-1
338,14,1475.275,438.661,51.740,109.270,0.729715,-1,-1,-1
338,11,1821.585,352.589,98.415,510.080,0.318269,-1,-1,-1
338,10,486.040,452.944,43.548,111.429,0.626723,-1,-1,-1
338,8,0.405,443.174,157.426,348.050,0.877553,-1,-1,-1
338,6,868.502,417.008,182.252,538.952,0.883373,-1,-1,-1
338,5,416.033,470.858,38.687,101.165,0.323898,-1,-1,-1
338,4,1057.093,394.511,211.219,621.745,0.849993,-1,-1,-1
338,2,1166.980,427.873,167.834,380.484,0.517029,-1,-1,-1
339,34,541.242,458.141,23.881,58.254,0.229680,-1,-1,-1
339,33,1009.224,456.746,28.558,76.780,0.287859,-1,-1,-1
339,32,1231.619,444.390,40.397,86.622,0.559899,-1,-1,-1
339,30,579.288,459.122,20.270,55.963,0.273576,-1,-1,-1
339,25,377.907,464.605,46.294,115.650,0.574813,-1,-1,-1
339,24,732.230,474.406,48.631,128.607,0.700173,-1,-1,-1
339,23,674.674,486.902,53.312,119.111,0.741533,-1,-1,-1
339,22,210.216,406.949,238.461,414.597,0.894658,-1,-1,-1
339,16,557.408,458.484,21.795,58.481,0.329967,-1,-1,-1
339,14,1477.529,440.226,53.285,107.196,0.652584,-1,-1,-1
339,10,485.877,455.214,43.720,109.505,0.628335,-1,-1,-1
339,8,0.178,443.416,157.619,346.633,0.878839,-1,-1,-1
339,6,869.422,416.897,178.750,539.372,0.864225,-1,-1,-1
339,5,414.885,468.084,39.368,104.313,0.370578,-1,-1,-1
339,4,1061.594,394.968,203.795,622.168,0.855158,-1,-1,-1
339,2,1168.224,417.830,164.828,395.104,0.660746,-1,-1,-1
340,34,541.787,457.410,24.148,59.293,0.241376,-1,-1,-1
340,32,1232.742,442.851,40.397,88.609,0.517577,-1,-1,-1
340,30,578.341,457.382,19.842,58.460,0.276483,-1,-1,-1
340,25,377.756,464.002,48.252,113.851,0.449819,-1,-1,-1
340,24,732.775,475.268,47.816,127.382,0.710147,-1,-1,-1
340,23,674.027,488.453,54.002,117.670,0.746121,-1,-1,-1
340,22,221.218,398.630,238.631,424.248,0.904987,-1,-1,-1
340,16,557.288,457.050,21.431,59.802,0.308191,-1,-1,-1
340,14,1479.043,439.556,51.823,107.850,0.547624,-1,-1,-1
340,10,486.631,455.912,41.822,109.247,0.592447,-1,-1,-1
340,8,0.000,439.365,159.317,348.528,0.875140,-1,-1,-1
340,6,871.013,417.526,173.985,538.569,0.851725,-1,-1,-1
340,5,415.867,469.154,37.913,102.790,0.309887,-1,-1,-1
340,4,1060.596,394.732,212.431,622.717,0.846159,-1,-1,-1
340,2,1171.521,416.813,164.706,391.987,0.591943,-1,-1,-1
341,34,540.604,456.966,24.318,60.663,0.238082,-1,-1,-1
341,32,1234.992,442.945,39.215,88.444,0.502852,-1,-1,-1
341,30,577.807,457.210,20.871,58.754,0.257874,-1,-1,-1
341,25,377.825,462.614,48.104,112.915,0.440464,-1,-1,-1
341,24,732.283,474.150,48.730,128.415,0.710453,-1,-1,-1
341,23,673.666,489.643,54.848,117.495,0.728679,-1,-1,-1
341,22,227.677,404.571,233.525,417.963,0.907355,-1,-1,-1
341,16,556.349,456.367,22.534,60.876,0.257967,-1,-1,-1
341,14,1479.252,432.068,61.823,115.247,0.366439,-1,-1,-1
341,10,486.481,456.755,41.730,108.552,0.477285,-1,-1,-1
341,8,1.649,437.653,152.151,353.314,0.876539,-1,-1,-1
341,6,872.062,417.437,173.363,539.372,0.863803,-1,-1,-1
341,5,415.244,470.907,39.000,98.657,0.306180,-1,-1,-1
341,4,1060.140,398.198,221.981,618.045,0.832472,-1,-1,-1
341,2,1173.378,414.335,160.573,395.165,0.487855,-1,-1,-1
342,32,1237.078,444.594,36.780,82.124,0.456831,-1,-1,-1
342,25,376.609,463.676,50.548,111.067,0.310079,-1,-1,-1
342,24,734.028,471.095,47.694,131.337,0.667169,-1,-1,-1
342,23,675.255,490.003,53.001,116.580,0.726705,-1,-1,-1
342,22,231.228,420.243,234.356,400.604,0.912771,-1,-1,-1
342,16,557.278,459.564,22.091,58.108,0.210712,-1,-1,-1
342,14,1484.185,435.289,56.068,111.173,0.425715,-1,-1,-1
342,10,485.516,454.918,45.197,111.615,0.481684,-1,-1,-1
342,8,0.936,440.018,150.050,349.619,0.879549,-1,-1,-1
342,6,876.130,418.964,167.882,536.874,0.851347,-1,-1,-1
342,5,414.017,468.798,41.302,102.891,0.288348,-1,-1,-1
342,4,1062.018,400.190,212.348,615.471,0.821412,-1,-1,-1
342,2,1173.028,416.097,163.902,394.657,0.486046,-1,-1,-1
343,33,1009.185,459.305,30.232,76.071,0.382676,-1,-1,-1
343,32,1238.950,446.284,35.274,81.331,0.448285,-1,-1,-1
343,25,378.231,463.247,50.519,113.169,0.329538,-1,-1,-1
343,24,734.636,472.624,48.269,130.049,0.625035,-1,-1,-1
343,23,675.311,489.101,54.006,117.096,0.721731,-1,-1,-1
343,22,239.259,410.220,227.976,409.418,0.921915,-1,-1,-1
343,16,558.317,459.833,23.872,58.271,0.254834,-1,-1,-1
343,14,1488.044,437.000,54.368,110.279,0.316979,-1,-1,-1
343,10,487.097,457.235,43.943,105.432,0.351795,-1,-1,-1
343,8,0.000,434.986,152.345,366.405,0.840914,-1,-1,-1
343,6,877.247,418.740,168.070,536.503,0.845413,-1,-1,-1
343,5,414.765,471.587,42.777,99.952,0.231067,-1,-1,-1
343,4,1063.043,398.741,214.934,617.577,0.833928,-1,-1,-1
343,2,1179.907,419.537,151.211,387.264,0.440606,-1,-1,-1
344,33,1009.023,459.063,30.127,76.324,0.343692,-1,-1,-1
344,32,1238.753,446.161,36.606,80.717,0.457763,-1,-1,-1
344,25,379.954,465.757,42.868,119.224,0.319298,-1,-1,-1
344,24,735.194,473.709,48.334,130.862,0.646847,-1,-1,-1
344,23,673.996,489.577,55.657,117.108,0.733723,-1,-1,-1
344,22,242.416,412.461,229.342,403.407,0.916649,-1,-1,-1
344,16,558.418,459.473,23.458,59.023,0.263382,-1,-1,-1
344,14,1487.571,437.359,55.257,109.735,0.218396,-1,-1,-1
344,10,488.159,457.712,43.488,104.724,0.420944,-1,-1,-1
344,8,0.000,433.387,154.599,360.275,0.875063,-1,-1,-1
344,6,880.162,420.336,164.850,536.254,0.835142,-1,-1,-1
344,5,414.890,472.348,41.407,99.973,0.285933,-1,-1,-1
344,4,1063.214,397.872,206.711,618.674,0.834562,-1,-1,-1
344,2,1178.885,416.452,158.380,397.072,0.526492,-1,-1,-1
345,34,541.964,457.263,24.199,60.100,0.233612,-1,-1,-1
345,33,1009.957,459.791,28.747,73.283,0.364367,-1,-1,-1
345,32,1239.498,445.430,36.784,81.746,0.501543,-1,-1,-1
345,24,732.714,473.970,51.142,128.025,0.693192,-1,-1,-1
345,23,674.717,489.393,55.192,115.970,0.720246,-1,-1,-1
345,22,251.470,406.719,220.539,408.618,0.913076,-1,-1,-1
345,16,558.823,458.675,23.661,58.888,0.238864,-1,-1,-1
345,10,488.217,455.421,44.237,107.144,0.251904,-1,-1,-1
345,8,3.503,432.383,157.754,360.289,0.882354,-1,-1,-1
345,6,882.412,420.297,164.830,537.616,0.819671,-1,-1,-1
345,5,414.361,468.628,43.698,101.906,0.233483,-1,-1,-1
345,4,1063.381,398.354,212.422,618.234,0.836258,-1,-1,-1
345,2,1180.443,420.167,151.972,395.905,0.534927,-1,-1,-1
346,34,541.432,457.573,24.841,59.770,0.274707,-1,-1,-1
346,33,1010.073,461.317,29.004,75.051,0.377635,-1,-1,-1
346,32,1240.706,446.658,35.145,80.587,0.481335,-1,-1,-1
346,30,579.850,458.359,20.567,56.745,0.208858,-1,-1,-1
346,24,732.360,473.944,51.617,128.615,0.717276,-1,-1,-1
346,23,673.787,489.968,56.046,117.154,0.732367,-1,-1,-1
346,22,259.291,402.667,210.883,415.115,0.909714,-1,-1,-1
346,16,558.507,458.872,24.216,58.646,0.238590,-1,-1,-1
346,10,488.483,453.919,45.101,108.973,0.279219,-1,-1,-1
346,8,36.098,432.978,128.021,355.417,0.824255,-1,-1,-1
346,6,880.460,420.708,181.398,533.189,0.830309,-1,-1,-1
346,5,415.245,466.913,40.803,106.093,0.251703,-1,-1,-1
346,4,1063.405,398.501,213.601,617.389,0.834018,-1,-1,-1
346,2,1183.083,424.146,151.952,388.487,0.429368,-1,-1,-1
347,33,1010.967,461.138,28.171,75.705,0.315133,-1,-1,-1
347,32,1241.588,447.421,36.307,82.475,0.506133,-1,-1,-1
347,30,581.399,459.422,21.341,55.459,0.232412,-1,-1,-1
347,24,732.552,473.976,51.344,128.764,0.721371,-1,-1,-1
347,23,673.637,490.347,55.353,116.924,0.718238,-1,-1,-1
347,22,269.430,400.168,200.518,415.920,0.914134,-1,-1,-1
347,16,557.294,458.707,23.487,58.068,0.240600,-1,-1,-1
347,10,488.530,454.424,44.163,108.771,0.268149,-1,-1,-1
347,8,50.860,434.322,131.685,353.698,0.893940,-1,-1,-1
347,6,881.776,420.588,181.631,533.577,0.805340,-1,-1,-1
347,5,415.503,460.123,44.896,111.987,0.201696,-1,-1,-1
347,4,1063.486,394.933,209.658,620.806,0.830558,-1,-1,-1
347,2,1183.528,422.486,152.889,390.221,0.434715,-1,-1,-1
348,33,1010.750,462.556,27.685,71.241,0.272691,-1,-1,-1
348,32,1242.759,446.952,35.215,80.005,0.535119,-1,-1,-1
348,30,580.396,457.342,21.728,56.074,0.212564,-1,-1,-1
348,24,732.594,471.943,51.886,131.959,0.725446,-1,-1,-1
348,23,672.256,487.876,56.308,121.174,0.758030,-1,-1,-1
348,22,283.656,401.497,185.310,411.514,0.894477,-1,-1,-1
348,16,555.871,454.415,23.830,61.960,0.234335,-1,-1,-1
348,10,483.093,453.685,47.357,111.214,0.379461,-1,-1,-1
348,8,60.037,434.761,129.375,356.118,0.835024,-1,-1,-1
348,6,884.337,420.218,175.796,534.891,0.834214,-1,-1,-1
348,4,1063.117,391.822,208.300,625.041,0.850835,-1,-1,-1
348,2,1183.904,412.013,153.884,404.387,0.506053,-1,-1,-1
349,33,1010.757,462.824,28.408,71.574,0.278692,-1,-1,-1
349,32,1241.822,446.196,36.573,83.083,0.579144,-1,-1,-1
349,30,586.034,457.265,23.715,56.888,0.214567,-1,-1,-1
349,24,732.483,470.243,50.835,132.268,0.710754,-1,-1,-1
349,23,673.443,488.028,55.426,120.119,0.723225,-1,-1,-1
349,22,298.369,401.264,168.950,408.995,0.858113,-1,-1,-1
349,16,555.765,454.195,23.826,61.638,0.210541,-1,-1,-1
349,10,482.025,451.986,48.955,114.063,0.340482,-1,-1,-1
349,8,64.911,434.854,136.612,353.315,0.847384,-1,-1,-1
349,6,884.525,421.006,177.445,532.689,0.848827,-1,-1,-1
349,4,1063.030,395.230,211.621,621.556,0.844210,-1,-1,-1
349,2,1185.992,413.319,153.770,402.636,0.516583,-1,-1,-1
350,33,1009.950,463.068,29.666,72.914,0.222692,-1,-1,-1
350,32,1240.004,445.466,38.837,85.114,0.533550,-1,-1,-1
350,24,732.510,468.426,51.206,134.095,0.586638,-1,-1,-1
350,23,672.190,487.826,55.443,120.163,0.741259,-1,-1,-1
350,22,305.400,404.708,160.801,399.815,0.825828,-1,-1,-1
350,10,479.837,453.998,50.725,112.946,0.345945,-1,-1,-1
350,8,72.032,434.468,147.850,350.774,0.867511,-1,-1,-1
350,6,886.234,420.689,177.063,531.790,0.856220,-1,-1,-1
350,4,1056.619,393.444,232.839,624.651,0.839446,-1,-1,-1
350,2,1185.246,424.294,157.163,392.646,0.289000,-1,-1,-1
351,33,1009.774,464.416,29.536,71.173,0.243492,-1,-1,-1
351,32,1239.559,444.977,39.762,90.106,0.500823,-1,-1,-1
351,31,708.672,476.373,34.218,108.307,0.353856,-1,-1,-1
351,24,733.712,464.783,49.170,136.162,0.575446,-1,-1,-1
351,23,671.986,487.657,56.044,119.839,0.757662,-1,-1,-1
351,22,314.844,402.174,155.390,401.475,0.814252,-1,-1,-1
351,10,482.253,455.000,46.651,111.028,0.303035,-1,-1,-1
351,8,76.847,434.779,178.055,350.175,0.899991,-1,-1,-1
351,6,887.182,421.107,173.408,530.746,0.845940,-1,-1,-1
351,5,0.251,432.259,59.141,435.882,0.605814,-1,-1,-1
351,4,1059.332,397.512,222.040,619.080,0.819849,-1,-1,-1
351,2,1188.289,432.395,152.404,384.449,0.257679,-1,-1,-1
352,32,1240.212,444.356,39.649,91.755,0.620964,-1,-1,-1
352,24,733.037,465.732,49.899,136.050,0.648511,-1,-1,-1
352,23,671.290,487.411,56.108,119.362,0.736473,-1,-1,-1
352,22,314.143,401.461,164.644,408.167,0.748608,-1,-1,-1
352,10,479.222,453.233,49.493,113.881,0.428865,-1,-1,-1
352,8,79.457,437.020,192.402,346.219,0.887162,-1,-1,-1
352,6,888.436,422.021,177.305,528.714,0.851049,-1,-1,-1
352,5,0.111,436.840,62.781,429.630,0.706126,-1,-1,-1
352,4,1060.385,398.032,226.534,618.963,0.817199,-1,-1,-1
353,32,1240.655,444.748,40.803,93.642,0.629545,-1,-1,-1
353,24,731.837,468.202,50.403,132.340,0.572961,-1,-1,-1
353,23,671.184,486.564,56.169,120.284,0.697675,-1,-1,-1
353,22,318.731,400.577,163.664,409.580,0.764021,-1,-1,-1
353,14,1513.661,430.997,45.857,116.163,0.660229,-1,-1,-1
353,10,471.890,450.511,52.435,114.980,0.352057,-1,-1,-1
353,8,77.510,442.042,210.613,341.187,0.901441,-1,-1,-1
353,6,889.022,420.969,180.045,529.763,0.842071,-1,-1,-1
353,5,0.078,444.266,75.012,417.782,0.770695,-1,-1,-1
353,4,1061.409,395.123,226.982,621.846,0.792216,-1,-1,-1
354,32,1241.141,443.528,40.156,94.610,0.551234,-1,-1,-1
354,24,732.654,467.930,49.822,132.732,0.667234,-1,-1,-1
354,23,671.122,486.622,57.402,119.174,0.673196,-1,-1,-1
354,22,359.214,399.843,138.894,404.064,0.760902,-1,-1,-1
354,14,1512.910,430.099,48.327,116.874,0.619721,-1,-1,-1
354,10,475.037,451.539,50.999,113.315,0.412299,-1,-1,-1
354,8,81.584,443.522,214.106,342.676,0.911605,-1,-1,-1
354,6,889.827,422.375,169.783,528.797,0.853279,-1,-1,-1
354,4,1061.204,398.455,226.807,618.380,0.799398,-1,-1,-1
355,32,1241.155,443.102,40.709,102.216,0.476735,-1,-1,-1
355,27,1053.802,431.665,75.521,216.907,0.677434,-1,-1,-1
355,24,731.951,468.937,49.987,131.508,0.684870,-1,-1,-1
355,23,671.821,486.546,55.940,119.953,0.692985,-1,-1,-1
355,22,339.700,400.200,173.517,400.821,0.850960,-1,-1,-1
355,14,1516.157,430.118,46.735,117.137,0.486585,-1,-1,-1
355,10,477.102,451.387,49.279,113.505,0.436687,-1,-1,-1
355,8,82.840,441.220,215.096,343.436,0.886840,-1,-1,-1
355,6,889.528,422.015,167.441,528.909,0.854892,-1,-1,-1
355,4,1062.064,398.563,228.349,618.180,0.791650,-1,-1,-1
356,32,1242.515,442.641,40.067,100.570,0.551749,-1,-1,-1
356,27,1054.437,437.623,64.990,210.258,0.770858,-1,-1,-1
356,24,733.279,470.030,48.260,131.148,0.733252,-1,-1,-1
356,23,671.654,486.049,54.523,120.683,0.728677,-1,-1,-1
356,22,343.578,403.063,188.289,398.619,0.810833,-1,-1,-1
356,16,554.076,455.153,23.626,61.692,0.288918,-1,-1,-1
356,14,1519.739,430.586,44.811,115.906,0.513176,-1,-1,-1
356,10,476.127,450.721,50.564,115.371,0.456007,-1,-1,-1
356,8,91.255,438.422,212.969,340.377,0.903589,-1,-1,-1
356,6,890.461,422.937,170.666,524.312,0.871541,-1,-1,-1
356,4,1061.347,399.820,221.631,617.389,0.792610,-1,-1,-1
357,32,1242.479,443.566,40.169,104.131,0.550225,-1,-1,-1
357,30,585.165,458.348,22.010,56.287,0.223652,-1,-1,-1
357,27,1053.200,444.687,63.863,203.288,0.567823,-1,-1,-1
357,24,733.332,472.471,48.590,129.103,0.716548,-1,-1,-1
357,23,671.667,486.108,57.822,119.916,0.744527,-1,-1,-1
357,22,362.431,399.980,188.231,401.055,0.813360,-1,-1,-1
357,16,551.027,454.968,25.082,61.492,0.297631,-1,-1,-1
357,14,1523.949,432.114,45.985,112.598,0.386157,-1,-1,-1
357,10,474.692,451.290,48.177,116.446,0.297432,-1,-1,-1
357,8,102.863,439.344,200.658,336.682,0.912428,-1,-1,-1
357,6,893.130,421.067,162.767,523.054,0.869231,-1,-1,-1
357,5,0.000,437.361,189.748,416.172,0.919574,-1,-1,-1
357,4,1056.065,392.554,240.603,625.583,0.802052,-1,-1,-1
358,34,543.484,455.532,24.152,61.599,0.341715,-1,-1,-1
358,32,1243.213,445.984,40.351,105.722,0.583052,-1,-1,-1
358,30,584.754,458.460,22.344,56.622,0.281811,-1,-1,-1
358,27,1047.367,447.406,67.427,199.919,0.771120,-1,-1,-1
358,24,732.198,469.068,50.071,133.490,0.705668,-1,-1,-1
358,23,670.593,485.889,58.079,119.455,0.745277,-1,-1,-1
358,22,373.626,405.096,193.735,388.382,0.750397,-1,-1,-1
358,16,549.807,455.017,23.914,61.545,0.317569,-1,-1,-1
358,14,1525.940,431.702,45.998,111.148,0.339167,-1,-1,-1
358,8,116.309,442.815,184.544,329.693,0.869177,-1,-1,-1
358,6,895.180,419.618,161.870,524.592,0.871495,-1,-1,-1
358,5,0.000,438.297,205.105,413.848,0.932192,-1,-1,-1
358,4,1057.639,394.192,233.088,624.640,0.809709,-1,-1,-1
359,34,544.194,455.640,24.312,62.593,0.334779,-1,-1,-1
359,32,1242.804,446.895,40.130,104.671,0.572233,-1,-1,-1
359,30,585.193,457.895,21.423,56.672,0.233624,-1,-1,-1
359,27,1044.992,449.769,64.622,198.317,0.707044,-1,-1,-1
359,24,731.937,471.702,50.284,130.965,0.737022,-1,-1,-1
359,23,670.744,487.665,56.585,118.684,0.745276,-1,-1,-1
359,22,384.391,408.747,205.431,386.238,0.793478,-1,-1,-1
359,16,549.919,454.511,25.087,63.921,0.327053,-1,-1,-1
359,14,1530.392,427.326,46.307,117.123,0.492058,-1,-1,-1
359,8,129.411,441.192,173.115,329.632,0.848969,-1,-1,-1
359,6,895.821,420.076,165.111,521.588,0.870927,-1,-1,-1
359,5,0.000,441.657,209.188,412.296,0.932603,-1,-1,-1
359,4,1063.709,399.703,222.726,617.957,0.793888,-1,-1,-1
360,32,1243.215,445.797,40.508,105.872,0.625147,-1,-1,-1
360,30,585.712,457.908,20.884,55.963,0.215068,-1,-1,-1
360,27,1038.311,441.894,68.262,206.911,0.533859,-1,-1,-1
360,24,732.235,468.821,49.692,132.860,0.647365,-1,-1,-1
360,23,669.477,487.116,57.610,120.289,0.679710,-1,-1,-1
360,22,387.284,406.098,209.288,388.408,0.817974,-1,-1,-1
360,16,550.050,455.048,26.135,63.165,0.357728,-1,-1,-1
360,14,1532.577,431.522,46.480,114.834,0.465912,-1,-1,-1
360,8,132.645,434.264,167.639,333.079,0.830387,-1,-1,-1
360,6,896.285,419.527,174.576,521.553,0.867840,-1,-1,-1
360,5,0.000,446.626,214.835,407.068,0.935066,-1,-1,-1
360,4,1061.396,396.121,219.940,622.037,0.794441,-1,-1,-1
361,32,1243.331,444.214,39.698,105.864,0.539720,-1,-1,-1
361,30,585.857,457.637,21.448,56.608,0.252659,-1,-1,-1
361,29,377.593,420.860,106.162,382.610,0.208756,-1,-1,-1
361,27,1038.048,444.155,61.409,202.791,0.443306,-1,-1,-1
361,24,733.047,471.305,48.927,129.675,0.619353,-1,-1,-1
361,23,669.605,489.958,55.321,116.714,0.685345,-1,-1,-1
361,22,386.972,403.166,212.228,393.095,0.874835,-1,-1,-1
361,16,550.626,454.806,24.627,61.827,0.320618,-1,-1,-1
361,14,1533.870,431.078,44.715,115.035,0.459069,-1,-1,-1
361,8,150.523,431.304,149.152,335.686,0.807385,-1,-1,-1
361,6,897.416,418.944,172.046,520.258,0.881331,-1,-1,-1
361,5,0.000,444.014,225.449,408.305,0.939058,-1,-1,-1
361,4,1060.859,398.160,218.783,619.692,0.784175,-1,-1,-1
362,32,1243.882,446.142,38.480,103.357,0.596845,-1,-1,-1
362,30,586.305,457.388,21.984,57.084,0.224478,-1,-1,-1
362,29,382.713,425.729,107.348,379.143,0.255617,-1,-1,-1
362,27,1033.278,437.147,63.061,213.915,0.712099,-1,-1,-1
362,24,731.745,469.703,50.368,131.958,0.684172,-1,-1,-1
362,23,667.761,489.545,56.914,118.582,0.680487,-1,-1,-1
362,22,387.341,407.734,215.646,387.830,0.889012,-1,-1,-1
362,16,550.397,453.913,25.439,62.548,0.312684,-1,-1,-1
362,14,1536.988,433.211,40.254,111.318,0.244102,-1,-1,-1
362,8,152.148,437.203,147.205,332.949,0.833247,-1,-1,-1
362,6,900.681,417.060,171.589,522.208,0.888657,-1,-1,-1
362,5,0.000,444.480,233.428,407.128,0.936070,-1,-1,-1
362,4,1061.744,396.292,224.560,619.849,0.724403,-1,-1,-1
363,32,1243.595,444.645,40.691,105.274,0.551820,-1,-1,-1
363,30,587.150,456.953,21.801,57.555,0.315927,-1,-1,-1
363,27,1032.276,443.579,61.957,210.793,0.415953,-1,-1,-1
363,24,732.834,471.484,48.801,129.677,0.651955,-1,-1,-1
363,23,666.955,490.413,56.169,117.584,0.686251,-1,-1,-1
363,22,389.164,409.180,210.784,387.137,0.895673,-1,-1,-1
363,16,550.474,454.064,24.529,62.744,0.297921,-1,-1,-1
363,14,1537.244,428.069,42.700,116.635,0.249261,-1,-1,-1
363,8,175.699,437.428,127.810,330.103,0.831276,-1,-1,-1
363,6,903.984,416.420,174.949,521.559,0.882715,-1,-1,-1
363,5,0.062,442.014,230.656,407.800,0.930665,-1,-1,-1
363,4,1061.223,397.017,229.295,619.064,0.734376,-1,-1,-1
364,34,549.645,454.388,22.628,61.753,0.301771,-1,-1,-1
364,32,1244.781,445.433,43.557,104.724,0.670698,-1,-1,-1
364,30,587.588,458.286,20.538,55.981,0.255367,-1,-1,-1
364,24,733.226,473.854,48.121,127.896,0.689847,-1,-1,-1
364,23,665.552,490.870,54.347,118.020,0.700724,-1,-1,-1
364,22,390.368,407.977,213.202,391.642,0.894353,-1,-1,-1
364,14,1539.996,430.736,41.450,112.156,0.417902,-1,-1,-1
364,8,191.970,434.215,114.125,334.511,0.872819,-1,-1,-1
364,6,908.391,416.559,170.105,522.159,0.880850,-1,-1,-1
364,5,2.215,444.030,233.586,400.858,0.929068,-1,-1,-1
364,4,1062.962,396.596,224.190,619.399,0.715827,-1,-1,-1
365,34,544.708,455.528,23.688,61.401,0.346099,-1,-1,-1
365,32,1245.276,443.760,43.693,107.274,0.618259,-1,-1,-1
365,30,586.718,456.943,21.838,58.426,0.286931,-1,-1,-1
365,24,733.209,473.766,47.771,127.707,0.684410,-1,-1,-1
365,23,663.049,489.343,56.513,120.526,0.706293,-1,-1,-1
365,22,390.083,408.255,217.542,388.374,0.893613,-1,-1,-1
365,8,201.775,433.480,109.401,335.405,0.836127,-1,-1,-1
365,6,910.385,416.344,173.041,523.357,0.882091,-1,-1,-1
365,5,1.338,440.939,235.720,405.104,0.919186,-1,-1,-1
365,4,1061.599,395.633,263.574,621.486,0.744505,-1,-1,-1
366,34,549.654,456.712,21.539,59.355,0.320600,-1,-1,-1
366,32,1246.528,446.348,42.609,103.346,0.660601,-1,-1,-1
366,31,699.898,487.609,34.509,109.853,0.405400,-1,-1,-1
366,24,733.109,474.905,47.460,126.200,0.621064,-1,-1,-1
366,23,663.541,490.497,54.810,119.066,0.711326,-1,-1,-1
366,22,389.188,409.408,222.328,386.715,0.893367,-1,-1,-1
366,9,1301.140,420.704,42.578,126.048,0.246711,-1,-1,-1
366,8,207.955,433.455,111.887,333.780,0.828785,-1,-1,-1
366,6,913.245,416.835,173.207,525.550,0.879970,-1,-1,-1
366,5,11.548,438.870,226.662,399.080,0.910002,-1,-1,-1
366,4,1059.172,399.354,267.161,617.815,0.772312,-1,-1,-1
367,34,550.620,456.579,21.913,58.534,0.241503,-1,-1,-1
367,32,1246.513,445.784,43.684,103.467,0.662280,-1,-1,-1
367,31,698.988,487.962,36.155,109.306,0.480886,-1,-1,-1
367,24,732.858,475.201,47.101,126.964,0.621961,-1,-1,-1
367,23,662.666,490.231,55.297,120.604,0.691840,-1,-1,-1
367,22,393.465,406.160,219.546,389.628,0.889449,-1,-1,-1
367,9,1301.227,421.973,42.018,124.430,0.243118,-1,-1,-1
367,8,213.164,430.217,120.983,335.158,0.827507,-1,-1,-1
367,6,916.782,416.246,172.821,526.490,0.878134,-1,-1,-1
367,5,16.489,438.765,225.931,397.018,0.901161,-1,-1,-1
367,4,1059.937,396.327,267.438,621.289,0.793093,-1,-1,-1
368,32,1248.339,443.870,43.546,104.435,0.606821,-1,-1,-1
368,31,697.382,487.751,38.416,109.319,0.475457,-1,-1,-1
368,24,731.277,474.465,48.577,128.095,0.624107,-1,-1,-1
368,23,660.792,486.002,57.868,127.651,0.601837,-1,-1,-1
368,22,399.741,406.353,212.121,387.207,0.905152,-1,-1,-1
368,9,1301.352,422.861,41.914,123.570,0.272636,-1,-1,-1
368,8,222.255,431.693,135.692,333.914,0.865229,-1,-1,-1
368,6,918.466,416.503,169.796,526.157,0.884833,-1,-1,-1
368,5,44.135,440.707,186.828,392.948,0.868818,-1,-1,-1
368,4,1059.532,394.973,266.173,623.285,0.783836,-1,-1,-1
369,32,1248.707,444.373,42.864,104.789,0.580607,-1,-1,-1
369,31,696.486,483.004,40.229,112.563,0.489131,-1,-1,-1
369,25,376.445,464.837,45.992,116.516,0.451856,-1,-1,-1
369,24,730.314,474.514,49.168,126.899,0.637319,-1,-1,-1
369,23,660.561,482.980,58.858,126.771,0.543337,-1,-1,-1
369,22,402.178,405.468,207.263,386.822,0.892734,-1,-1,-1
369,8,230.614,436.336,152.897,324.877,0.863335,-1,-1,-1
369,6,919.991,415.409,170.575,527.208,0.882376,-1,-1,-1
369,5,49.993,438.346,194.861,389.369,0.819032,-1,-1,-1
369,4,1060.017,394.789,267.003,623.103,0.799016,-1,-1,-1
370,33,1060.181,458.720,57.266,139.359,0.499208,-1,-1,-1
370,32,1248.587,444.355,44.055,104.273,0.599585,-1,-1,-1
370,31,697.648,484.432,37.913,109.688,0.600454,-1,-1,-1
370,25,377.871,465.433,46.210,115.850,0.382464,-1,-1,-1
370,24,729.220,473.931,49.903,128.712,0.745081,-1,-1,-1
370,23,658.174,483.380,57.491,127.326,0.687430,-1,-1,-1
370,22,408.147,405.928,201.528,385.955,0.899221,-1,-1,-1
370,8,232.620,434.388,167.547,329.070,0.857454,-1,-1,-1
370,6,923.679,416.504,163.832,525.873,0.874140,-1,-1,-1
370,5,58.577,433.364,200.175,388.299,0.788999,-1,-1,-1
370,4,1062.849,394.479,256.542,623.622,0.761321,-1,-1,-1
371,33,1062.194,457.084,53.578,139.315,0.543912,-1,-1,-1
371,32,1250.027,444.234,42.616,105.369,0.633672,-1,-1,-1
371,31,697.869,485.445,36.664,105.666,0.629177,-1,-1,-1
371,30,579.571,458.622,20.101,54.960,0.247396,-1,-1,-1
371,25,378.719,465.624,44.514,115.069,0.364305,-1,-1,-1
371,24,728.564,473.101,50.676,130.892,0.748029,-1,-1,-1
371,23,657.232,484.741,57.168,127.650,0.709068,-1,-1,-1
371,22,426.374,406.023,178.403,386.642,0.880093,-1,-1,-1
371,14,0.137,390.171,39.451,431.020,0.479550,-1,-1,-1
371,8,234.267,436.376,178.344,328.323,0.858017,-1,-1,-1
371,6,925.974,415.310,163.308,528.613,0.875108,-1,-1,-1
371,5,67.849,435.174,189.110,386.831,0.838698,-1,-1,-1
371,4,1064.055,395.532,259.690,622.529,0.757386,-1,-1,-1
372,33,1059.343,457.008,56.391,141.483,0.374446,-1,-1,-1
372,32,1251.899,442.529,43.031,106.317,0.665595,-1,-1,-1
372,31,696.701,482.771,38.351,106.180,0.575680,-1,-1,-1
372,25,376.389,467.702,49.520,114.111,0.407966,-1,-1,-1
372,24,729.289,473.144,49.998,130.082,0.751223,-1,-1,-1
372,23,655.896,483.374,59.082,128.915,0.717072,-1,-1,-1
372,22,442.043,400.845,166.706,380.208,0.893187,-1,-1,-1
372,14,0.000,415.789,41.957,405.106,0.608315,-1,-1,-1
372,8,234.638,435.863,183.239,327.953,0.870204,-1,-1,-1
372,6,927.040,413.218,163.914,531.265,0.863716,-1,-1,-1
372,5,79.396,437.331,188.900,385.531,0.873339,-1,-1,-1
372,4,1063.587,393.397,261.876,624.119,0.784815,-1,-1,-1
373,33,1065.724,456.495,58.321,146.902,0.407414,-1,-1,-1
373,32,1253.592,440.331,43.875,107.841,0.677679,-1,-1,-1
373,31,697.524,485.518,37.312,98.108,0.437978,-1,-1,-1
373,25,376.721,464.817,50.914,117.465,0.655892,-1,-1,-1
373,24,730.268,475.711,50.113,127.530,0.717234,-1,-1,-1
373,23,653.882,483.763,58.937,129.107,0.699603,-1,-1,-1
373,22,452.756,401.712,159.076,381.780,0.901737,-1,-1,-1
373,14,0.000,449.244,48.316,369.952,0.728336,-1,-1,-1
373,8,241.026,434.325,178.578,325.638,0.865573,-1,-1,-1
373,6,929.980,412.212,165.313,530.958,0.871537,-1,-1,-1
373,5,88.531,436.539,210.062,387.378,0.849527,-1,-1,-1
373,4,1066.053,392.837,264.859,624.794,0.757642,-1,-1,-1
374,33,1066.560,455.972,58.042,149.254,0.523698,-1,-1,-1
374,32,1253.812,442.795,44.339,105.437,0.693904,-1,-1,-1
374,31,701.582,486.543,36.980,103.985,0.388801,-1,-1,-1
374,25,374.426,463.247,52.873,117.940,0.619399,-1,-1,-1
374,24,732.620,473.670,48.651,129.064,0.697568,-1,-1,-1
374,23,655.405,483.252,58.283,130.143,0.661115,-1,-1,-1
374,22,465.772,399.728,154.153,381.134,0.884985,-1,-1,-1
374,14,0.000,449.560,52.896,370.221,0.716654,-1,-1,-1
374,9,1301.417,421.932,41.547,123.693,0.322284,-1,-1,-1
374,8,253.969,438.463,164.498,318.160,0.851938,-1,-1,-1
374,6,932.434,411.334,162.265,530.913,0.869950,-1,-1,-1
374,5,104.714,439.487,224.371,382.250,0.753353,-1,-1,-1
374,4,1066.492,394.445,267.787,624.060,0.778920,-1,-1,-1
375,33,1063.990,456.626,58.436,144.257,0.386635,-1,-1,-1
375,32,1254.539,443.835,43.012,104.913,0.705616,-1,-1,-1
375,31,698.497,483.619,38.357,104.375,0.490773,-1,-1,-1
375,25,376.358,462.861,52.159,119.178,0.682649,-1,-1,-1
375,24,733.260,473.153,47.812,128.006,0.618274,-1,-1,-1
375,23,655.586,487.574,52.390,123.025,0.599989,-1,-1,-1
375,22,473.620,398.467,155.717,378.841,0.841992,-1,-1,-1
375,14,0.024,443.798,62.254,380.568,0.707653,-1,-1,-1
375,9,1301.428,425.315,38.668,120.027,0.278898,-1,-1,-1
375,8,266.404,441.131,157.872,310.143,0.845378,-1,-1,-1
375,6,934.242,410.353,161.808,532.143,0.870344,-1,-1,-1
375,5,138.528,445.232,209.767,372.929,0.798987,-1,-1,-1
375,4,1068.810,393.690,253.210,623.536,0.749167,-1,-1,-1
376,35,418.195,477.623,37.119,94.638,0.277286,-1,-1,-1
376,33,1067.716,454.862,54.545,146.740,0.377014,-1,-1,-1
376,32,1254.263,443.583,43.213,105.150,0.693506,-1,-1,-1
376,31,693.925,482.689,40.886,103.517,0.457025,-1,-1,-1
376,25,374.374,463.118,52.708,118.325,0.656783,-1,-1,-1
376,24,733.161,475.677,47.235,127.758,0.630959,-1,-1,-1
376,23,654.916,489.717,52.395,116.104,0.541217,-1,-1,-1
376,22,474.229,400.507,163.561,373.536,0.819155,-1,-1,-1
376,14,0.000,440.005,71.774,380.324,0.758697,-1,-1,-1
376,9,1301.558,424.487,38.044,120.574,0.246336,-1,-1,-1
376,8,280.463,449.768,143.320,299.527,0.824690,-1,-1,-1
376,6,937.034,411.225,164.306,531.488,0.875084,-1,-1,-1
376,5,121.259,440.020,232.542,383.670,0.880323,-1,-1,-1
376,4,1068.804,394.419,253.525,623.005,0.756864,-1,-1,-1
377,35,418.726,479.186,37.697,91.393,0.299954,-1,-1,-1
377,33,1063.623,453.494,53.267,148.196,0.324388,-1,-1,-1
377,32,1255.060,441.670,41.924,107.139,0.672720,-1,-1,-1
377,31,695.697,485.315,39.709,103.103,0.419548,-1,-1,-1
377,25,372.747,460.635,54.551,120.220,0.722394,-1,-1,-1
377,24,733.256,476.204,45.660,123.926,0.605708,-1,-1,-1
377,23,652.468,492.164,48.946,110.070,0.502681,-1,-1,-1
377,22,475.345,396.229,172.566,381.252,0.833868,-1,-1,-1
377,14,0.000,438.063,108.039,381.156,0.760258,-1,-1,-1
377,9,1301.452,423.451,37.619,120.641,0.281175,-1,-1,-1
377,8,283.923,442.278,135.694,308.194,0.789623,-1,-1,-1
377,6,936.765,412.324,167.695,529.421,0.877808,-1,-1,-1
377,5,125.785,443.342,238.366,378.312,0.905087,-1,-1,-1
377,4,1069.022,393.540,258.691,623.500,0.780424,-1,-1,-1
378,35,417.343,477.636,38.563,93.755,0.293078,-1,-1,-1
378,33,1065.444,453.110,50.929,147.192,0.331105,-1,-1,-1
378,32,1254.576,440.989,42.208,107.392,0.679690,-1,-1,-1
378,31,702.470,487.641,36.284,98.468,0.423383,-1,-1,-1
378,25,374.946,461.744,50.387,122.895,0.698325,-1,-1,-1
378,24,733.766,477.068,44.394,122.941,0.600547,-1,-1,-1
378,23,681.311,488.197,33.762,106.168,0.361124,-1,-1,-1
378,22,485.024,395.507,180.148,384.699,0.854196,-1,-1,-1
378,14,1.086,429.749,142.649,385.252,0.894284,-1,-1,-1
378,9,1301.355,422.958,37.951,121.377,0.316961,-1,-1,-1
378,8,292.845,434.957,126.554,315.579,0.751977,-1,-1,-1
378,6,940.605,412.431,164.809,528.397,0.873244,-1,-1,-1
378,5,138.821,440.344,232.856,376.595,0.900663,-1,-1,-1
378,4,1068.860,396.549,269.208,620.584,0.763755,-1,-1,-1
379,35,418.245,476.807,37.135,92.942,0.236134,-1,-1,-1
379,33,1064.159,452.839,51.048,148.980,0.286052,-1,-1,-1
379,32,1255.201,441.989,41.270,107.250,0.658235,-1,-1,-1
379,31,697.341,486.236,37.211,102.694,0.502698,-1,-1,-1
379,25,376.667,462.447,48.561,123.110,0.683308,-1,-1,-1
379,24,732.433,479.204,44.816,121.491,0.609230,-1,-1,-1
379,23,684.959,486.113,36.511,110.284,0.311695,-1,-1,-1
379,22,490.766,397.222,179.328,379.828,0.830395,-1,-1,-1
379,14,0.000,434.319,162.357,376.674,0.869036,-1,-1,-1
379,9,1301.198,422.468,38.208,121.971,0.290809,-1,-1,-1
379,8,301.274,434.039,121.627,313.151,0.766547,-1,-1,-1
379,6,941.041,413.419,164.159,526.667,0.877177,-1,-1,-1
379,5,140.928,444.877,237.524,372.440,0.930640,-1,-1,-1
379,4,1069.139,399.456,273.711,616.953,0.761766,-1,-1,-1
380,32,1254.763,441.933,41.940,105.979,0.661762,-1,-1,-1
380,31,696.533,486.933,38.044,102.615,0.479440,-1,-1,-1
380,25,380.384,462.039,41.600,118.801,0.215692,-1,-1,-1
380,24,730.732,475.846,47.342,124.153,0.558098,-1,-1,-1
380,23,646.758,488.964,52.568,122.944,0.387989,-1,-1,-1
380,22,495.103,400.166,177.401,377.987,0.816593,-1,-1,-1
380,14,0.000,432.463,160.795,379.155,0.866349,-1,-1,-1
380,9,1301.514,423.553,37.805,121.648,0.252783,-1,-1,-1
380,8,306.729,432.265,117.208,322.117,0.783437,-1,-1,-1
380,6,940.402,412.677,170.946,528.775,0.884370,-1,-1,-1
380,5,153.347,443.464,228.040,373.846,0.913337,-1,-1,-1
380,4,1069.749,397.516,287.653,619.659,0.813400,-1,-1,-1
381,32,1254.724,442.524,41.656,103.959,0.661967,-1,-1,-1
381,31,696.407,485.820,38.445,105.238,0.552903,-1,-1,-1
381,24,731.710,476.239,47.661,123.941,0.632629,-1,-1,-1
381,23,648.481,481.038,51.174,130.427,0.600872,-1,-1,-1
381,22,508.207,403.117,162.565,371.406,0.830070,-1,-1,-1
381,14,0.000,432.784,187.069,376.340,0.875819,-1,-1,-1
381,9,1301.031,420.797,38.700,125.346,0.263442,-1,-1,-1
381,8,318.587,429.704,108.874,323.920,0.798895,-1,-1,-1
381,6,942.845,413.707,177.601,527.433,0.892895,-1,-1,-1
381,5,152.182,439.394,231.609,375.415,0.908248,-1,-1,-1
381,4,1068.673,396.130,284.656,621.252,0.786658,-1,-1,-1
382,32,1256.151,445.024,39.591,100.919,0.632925,-1,-1,-1
382,31,695.307,486.747,41.525,100.342,0.510916,-1,-1,-1
382,24,731.891,474.735,47.473,124.449,0.649345,-1,-1,-1
382,23,647.794,478.698,55.313,128.730,0.407598,-1,-1,-1
382,22,523.996,405.258,153.323,368.929,0.873889,-1,-1,-1
382,14,0.000,437.116,204.977,372.630,0.877281,-1,-1,-1
382,8,333.229,438.243,100.267,310.165,0.804297,-1,-1,-1
382,6,942.630,413.319,179.437,527.295,0.890297,-1,-1,-1
382,5,160.760,441.785,219.996,371.682,0.902878,-1,-1,-1
382,4,1069.907,400.455,280.288,616.937,0.777618,-1,-1,-1
383,32,1255.683,444.790,40.522,100.272,0.628406,-1,-1,-1
383,31,697.193,487.339,38.967,98.279,0.559345,-1,-1,-1
383,24,733.011,474.268,47.977,125.674,0.613436,-1,-1,-1
383,23,651.171,480.073,56.914,127.072,0.359997,-1,-1,-1
383,22,525.244,407.939,160.847,363.229,0.852076,-1,-1,-1
383,14,0.000,436.888,210.737,373.652,0.921123,-1,-1,-1
383,8,339.731,446.444,101.027,301.927,0.832444,-1,-1,-1
383,6,943.294,412.709,181.502,526.577,0.889465,-1,-1,-1
383,5,184.342,442.787,195.251,370.847,0.884938,-1,-1,-1
383,4,1069.776,398.590,282.257,618.651,0.794552,-1,-1,-1
384,32,1256.078,443.860,40.719,100.152,0.574413,-1,-1,-1
384,31,695.445,485.607,42.391,103.423,0.518989,-1,-1,-1
384,24,732.511,473.456,48.494,127.818,0.658400,-1,-1,-1
384,23,670.399,475.942,38.987,126.333,0.283865,-1,-1,-1
384,22,529.054,408.318,168.021,359.839,0.867708,-1,-1,-1
384,14,0.000,438.271,211.807,371.834,0.937859,-1,-1,-1
384,10,467.989,451.609,45.841,111.895,0.265545,-1,-1,-1
384,8,353.593,446.347,98.659,305.323,0.789501,-1,-1,-1
384,6,944.311,412.182,181.099,528.568,0.885977,-1,-1,-1
384,5,190.827,439.509,185.529,372.084,0.893064,-1,-1,-1
384,4,1072.577,397.957,276.024,619.663,0.804562,-1,-1,-1
385,32,1256.532,443.859,39.927,98.584,0.557923,-1,-1,-1
385,31,692.476,481.457,44.411,109.753,0.458840,-1,-1,-1
385,30,908.822,455.957,51.562,133.520,0.337406,-1,-1,-1
385,27,948.410,439.383,57.656,139.642,0.254203,-1,-1,-1
385,24,730.412,471.419,51.026,132.770,0.740744,-1,-1,-1
385,23,665.325,472.073,43.347,128.664,0.265896,-1,-1,-1
385,22,533.564,409.263,162.472,365.924,0.845267,-1,-1,-1
385,14,0.034,436.798,210.583,372.033,0.934819,-1,-1,-1
385,10,462.833,448.797,50.008,114.212,0.409715,-1,-1,-1
385,8,353.290,445.743,110.992,305.625,0.816979,-1,-1,-1
385,6,945.143,410.635,178.512,531.380,0.876721,-1,-1,-1
385,5,205.768,437.418,166.930,366.618,0.892978,-1,-1,-1
385,4,1072.265,394.008,272.825,622.891,0.821490,-1,-1,-1
386,32,1256.645,442.729,38.670,97.161,0.585950,-1,-1,-1
386,31,693.054,481.252,43.103,108.914,0.564680,-1,-1,-1
386,30,910.202,461.642,48.059,128.194,0.349009,-1,-1,-1
386,24,729.602,468.872,51.446,135.825,0.733280,-1,-1,-1
386,23,660.216,473.134,44.845,134.269,0.351982,-1,-1,-1
386,22,534.638,410.055,161.973,366.224,0.858121,-1,-1,-1
386,14,0.000,429.123,209.155,379.483,0.927738,-1,-1,-1
386,10,463.224,451.006,49.160,111.920,0.509368,-1,-1,-1
386,8,354.880,436.581,136.714,308.522,0.811986,-1,-1,-1
386,6,945.027,410.345,177.635,531.853,0.877892,-1,-1,-1
386,5,213.247,436.554,161.527,362.779,0.886264,-1,-1,-1
386,4,1070.118,393.912,265.264,622.602,0.826941,-1,-1,-1
387,32,1256.049,445.032,38.552,89.232,0.436263,-1,-1,-1
387,31,688.956,472.106,49.535,119.054,0.510699,-1,-1,-1
387,30,910.300,438.409,56.492,152.802,0.281256,-1,-1,-1
387,24,729.554,462.063,51.645,142.784,0.762092,-1,-1,-1
387,23,661.311,464.577,44.704,134.064,0.232572,-1,-1,-1
387,22,537.884,409.342,160.783,360.031,0.873500,-1,-1,-1
387,14,2.808,432.659,208.005,376.395,0.928258,-1,-1,-1
387,10,464.223,450.508,48.652,112.999,0.521063,-1,-1,-1
387,8,360.224,433.281,157.156,313.564,0.882630,-1,-1,-1
387,6,945.827,410.978,176.859,531.012,0.879025,-1,-1,-1
387,5,219.876,441.758,156.671,359.707,0.850571,-1,-1,-1
387,4,1067.467,396.427,273.095,619.546,0.822410,-1,-1,-1
388,35,497.759,453.995,26.515,72.307,0.303392,-1,-1,-1
388,33,524.774,454.160,28.045,73.505,0.420851,-1,-1,-1
388,32,1255.387,443.009,39.590,89.761,0.466265,-1,-1,-1
388,31,689.979,483.129,46.615,110.047,0.487575,-1,-1,-1
388,30,909.747,449.592,49.441,141.782,0.396722,-1,-1,-1
388,24,731.770,465.150,49.438,137.674,0.739263,-1,-1,-1
388,23,663.703,471.592,40.937,131.679,0.252928,-1,-1,-1
388,22,542.075,410.035,156.735,358.908,0.899885,-1,-1,-1
388,14,8.980,429.841,203.034,376.394,0.907269,-1,-1,-1
388,10,468.089,453.206,45.281,110.076,0.418551,-1,-1,-1
388,8,362.773,435.267,170.528,312.887,0.906745,-1,-1,-1
388,6,946.684,411.082,176.469,531.074,0.877703,-1,-1,-1
388,5,224.634,444.169,154.923,359.782,0.856426,-1,-1,-1
388,4,1041.273,394.170,282.986,622.295,0.838413,-1,-1,-1
389,35,499.608,453.418,24.415,71.158,0.276665,-1,-1,-1
389,33,525.141,451.924,28.714,76.127,0.441444,-1,-1,-1
389,32,1254.756,441.558,39.837,90.226,0.439238,-1,-1,-1
389,31,690.684,477.451,45.812,114.161,0.442820,-1,-1,-1
389,30,911.657,442.751,57.222,150.035,0.427743,-1,-1,-1
389,27,932.022,435.519,61.055,163.683,0.466476,-1,-1,-1
389,24,729.922,467.294,52.240,135.688,0.770304,-1,-1,-1
389,23,659.322,462.410,45.897,136.358,0.285247,-1,-1,-1
389,22,544.601,407.571,154.302,361.791,0.901806,-1,-1,-1
389,14,25.271,424.223,187.611,379.811,0.897657,-1,-1,-1
389,10,467.331,452.388,43.897,110.783,0.443544,-1,-1,-1
389,8,360.026,440.574,182.780,306.726,0.901982,-1,-1,-1
389,6,947.127,411.691,171.560,530.884,0.866435,-1,-1,-1
389,5,234.157,439.148,155.077,364.384,0.877871,-1,-1,-1
389,4,1025.084,393.261,319.177,623.669,0.842942,-1,-1,-1
390,35,495.768,454.191,26.110,72.055,0.331900,-1,-1,-1
390,34,550.010,452.747,26.649,72.615,0.345732,-1,-1,-1
390,33,524.729,453.379,28.575,72.844,0.440662,-1,-1,-1
390,32,1254.101,444.018,39.177,88.390,0.568795,-1,-1,-1
390,31,687.245,466.310,45.322,128.295,0.494281,-1,-1,-1
390,30,907.958,443.532,48.507,147.301,0.200298,-1,-1,-1
390,27,927.890,432.904,63.754,165.175,0.623910,-1,-1,-1
390,24,730.023,462.986,52.151,142.881,0.737947,-1,-1,-1
390,22,550.720,406.362,149.716,361.707,0.896502,-1,-1,-1
390,14,36.284,424.137,174.002,379.192,0.887148,-1,-1,-1
390,10,469.739,451.419,41.879,115.049,0.295804,-1,-1,-1
390,9,1300.907,420.107,39.244,124.614,0.225082,-1,-1,-1
390,8,364.357,440.867,182.050,305.953,0.879407,-1,-1,-1
390,6,946.410,412.516,170.081,530.102,0.861729,-1,-1,-1
390,5,243.058,437.319,154.503,366.915,0.851965,-1,-1,-1
390,4,1041.412,397.331,282.750,619.226,0.854603,-1,-1,-1
391,35,492.787,457.216,29.589,78.992,0.410835,-1,-1,-1
391,34,551.310,454.038,24.298,69.295,0.309306,-1,-1,-1
391,33,525.248,455.386,27.979,70.479,0.440807,-1,-1,-1
391,32,1252.762,444.761,39.452,87.019,0.582220,-1,-1,-1
391,31,687.023,464.356,48.961,130.705,0.444416,-1,-1,-1
391,27,925.703,433.083,65.237,168.072,0.658198,-1,-1,-1
391,24,730.045,463.724,51.757,141.667,0.718459,-1,-1,-1
391,22,560.231,407.718,140.810,361.085,0.879180,-1,-1,-1
391,14,49.154,426.791,164.913,377.874,0.833623,-1,-1,-1
391,9,1301.047,421.760,38.922,122.531,0.316597,-1,-1,-1
391,8,372.936,437.282,171.946,308.120,0.865123,-1,-1,-1
391,6,944.956,413.937,164.232,527.978,0.860425,-1,-1,-1
391,5,246.418,442.907,172.755,363.743,0.832785,-1,-1,-1
391,4,1046.218,393.817,271.458,623.982,0.861785,-1,-1,-1
391,2,1059.658,437.758,76.715,268.283,0.553213,-1,-1,-1
392,35,495.057,455.268,26.364,77.307,0.399921,-1,-1,-1
392,34,552.162,453.732,23.587,64.171,0.310172,-1,-1,-1
392,33,524.953,456.359,28.931,68.790,0.464342,-1,-1,-1
392,32,1251.610,440.974,41.634,91.124,0.610686,-1,-1,-1
392,31,684.250,473.760,48.805,122.214,0.588366,-1,-1,-1
392,27,925.167,434.318,63.892,181.567,0.664337,-1,-1,-1
392,24,727.463,461.763,54.397,142.069,0.765781,-1,-1,-1
392,22,566.083,402.799,137.937,365.446,0.885891,-1,-1,-1
392,14,64.206,426.035,147.791,375.287,0.846778,-1,-1,-1
392,9,1301.019,421.684,38.918,122.256,0.291565,-1,-1,-1
392,8,381.499,439.185,162.700,308.649,0.808825,-1,-1,-1
392,6,944.637,414.498,166.731,527.614,0.857125,-1,-1,-1
392,5,258.695,439.299,189.119,363.736,0.780114,-1,-1,-1
392,4,1047.681,390.468,277.046,626.527,0.851230,-1,-1,-1
392,2,1064.857,436.633,76.125,267.515,0.533540,-1,-1,-1
393,35,494.321,455.829,28.295,77.571,0.314031,-1,-1,-1
393,34,553.071,454.101,22.615,65.032,0.234535,-1,-1,-1
393,33,523.784,454.905,27.030,70.270,0.407881,-1,-1,-1
393,32,1250.265,441.759,41.334,93.112,0.623124,-1,-1,-1
393,31,680.767,461.480,50.597,136.938,0.537428,-1,-1,-1
393,27,924.521,435.555,62.088,184.019,0.706247,-1,-1,-1
393,25,383.754,461.627,33.757,120.112,0.375759,-1,-1,-1
393,24,726.820,459.293,54.756,145.805,0.799244,-1,-1,-1
393,22,574.945,404.466,127.341,352.949,0.840801,-1,-1,-1
393,14,62.943,435.090,157.624,366.005,0.819205,-1,-1,-1
393,9,1301.163,421.845,38.947,122.362,0.279095,-1,-1,-1
393,8,399.024,433.651,151.787,306.473,0.819821,-1,-1,-1
393,6,947.032,416.824,167.545,525.931,0.855035,-1,-1,-1
393,5,281.071,444.556,180.257,358.179,0.727723,-1,-1,-1
393,4,1041.831,395.138,273.117,621.725,0.854737,-1,-1,-1
393,2,1067.953,439.709,71.419,266.471,0.443005,-1,-1,-1
394,35,494.861,453.910,26.568,71.751,0.314324,-1,-1,-1
394,34,550.249,452.730,25.012,66.561,0.246765,-1,-1,-1
394,33,523.328,452.977,26.691,71.635,0.342380,-1,-1,-1
394,32,1249.816,443.419,40.175,90.925,0.628684,-1,-1,-1
394,31,679.316,458.365,53.375,140.330,0.565152,-1,-1,-1
394,27,921.428,436.413,62.714,184.188,0.754329,-1,-1,-1
394,24,726.797,463.229,54.370,144.877,0.764302,-1,-1,-1
394,22,580.510,403.029,121.989,353.534,0.834882,-1,-1,-1
394,14,68.834,440.829,161.105,361.080,0.836971,-1,-1,-1
394,9,1301.188,422.091,38.774,121.703,0.222000,-1,-1,-1
394,8,403.872,435.473,148.605,304.511,0.830770,-1,-1,-1
394,6,945.115,416.751,167.584,526.158,0.852853,-1,-1,-1
394,5,268.219,443.487,207.668,359.667,0.773973,-1,-1,-1
394,4,1040.939,397.879,279.577,618.846,0.855391,-1,-1,-1
394,2,1068.873,438.430,82.281,265.299,0.428865,-1,-1,-1
395,35,493.898,452.731,26.539,69.839,0.231165,-1,-1,-1
395,34,552.198,452.754,23.932,65.323,0.263147,-1,-1,-1
395,33,528.809,450.276,27.385,75.445,0.321386,-1,-1,-1
395,32,1248.974,442.980,39.639,91.854,0.583441,-1,-1,-1
395,31,683.503,461.404,46.086,133.880,0.428180,-1,-1,-1
395,27,917.026,437.560,60.028,174.092,0.721651,-1,-1,-1
395,24,725.343,465.159,54.980,146.156,0.730472,-1,-1,-1
395,22,583.201,401.876,122.707,350.730,0.808661,-1,-1,-1
395,14,77.147,438.463,157.588,364.416,0.857098,-1,-1,-1
395,9,1300.744,421.365,42.821,123.682,0.211074,-1,-1,-1
395,8,419.027,436.277,133.560,304.569,0.823565,-1,-1,-1
395,6,945.149,417.488,166.656,525.709,0.861869,-1,-1,-1
395,5,280.743,444.343,202.151,359.958,0.824125,-1,-1,-1
395,4,1037.129,395.011,286.686,623.139,0.850834,-1,-1,-1
395,2,1078.391,436.839,77.875,270.599,0.425688,-1,-1,-1
396,35,510.280,451.151,28.605,75.367,0.225784,-1,-1,-1
396,34,547.416,452.292,25.944,67.278,0.302142,-1,-1,-1
396,32,1247.534,444.811,40.208,91.645,0.605541,-1,-1,-1
396,31,683.688,465.805,44.981,128.915,0.351728,-1,-1,-1
396,27,915.526,438.564,61.079,173.633,0.743842,-1,-1,-1
396,24,725.575,464.516,52.611,145.868,0.722657,-1,-1,-1
396,22,588.909,400.437,124.522,350.088,0.800844,-1,-1,-1
396,14,86.111,438.638,173.574,366.581,0.849249,-1,-1,-1
396,8,423.120,442.132,130.349,296.635,0.810227,-1,-1,-1
396,6,944.494,417.023,168.339,525.715,0.856486,-1,-1,-1
396,5,281.999,446.158,206.369,354.162,0.848456,-1,-1,-1
396,4,1043.682,397.245,269.942,619.720,0.843539,-1,-1,-1
396,2,1080.898,435.367,76.232,272.949,0.399625,-1,-1,-1
397,34,547.947,453.148,24.205,64.832,0.323793,-1,-1,-1
397,32,1247.821,444.413,41.154,91.905,0.658552,-1,-1,-1
397,31,685.592,470.807,42.311,120.083,0.340135,-1,-1,-1
397,30,1834.778,395.442,84.401,259.675,0.312465,-1,-1,-1
397,27,913.247,439.071,59.648,175.405,0.740963,-1,-1,-1
397,24,725.046,465.347,52.477,142.385,0.712376,-1,-1,-1
397,22,590.441,405.089,128.227,345.168,0.837273,-1,-1,-1
397,14,95.208,437.811,187.809,365.130,0.824833,-1,-1,-1
397,8,433.378,442.822,119.050,296.475,0.778261,-1,-1,-1
397,6,944.489,418.376,164.627,524.482,0.855544,-1,-1,-1
397,5,298.265,441.572,192.276,359.028,0.887417,-1,-1,-1
397,4,1059.274,393.746,249.354,624.735,0.862160,-1,-1,-1
397,2,1084.234,441.523,73.224,269.768,0.273693,-1,-1,-1
398,34,548.894,451.955,23.308,65.251,0.307564,-1,-1,-1
398,32,1246.713,444.383,41.762,91.172,0.677575,-1,-1,-1
398,31,710.134,450.452,32.780,126.346,0.339978,-1,-1,-1
398,30,1835.525,394.013,83.851,261.321,0.372853,-1,-1,-1
398,27,909.899,440.197,60.548,174.655,0.741314,-1,-1,-1
398,24,721.220,466.660,55.564,143.407,0.696271,-1,-1,-1
398,22,592.040,405.848,135.444,344.990,0.825390,-1,-1,-1
398,14,109.179,434.812,190.558,362.176,0.861609,-1,-1,-1
398,8,438.637,433.293,112.633,308.262,0.772570,-1,-1,-1
398,6,944.389,418.367,164.499,524.055,0.858140,-1,-1,-1
398,5,306.192,439.392,189.433,360.750,0.903429,-1,-1,-1
398,4,1060.489,395.003,248.762,623.724,0.855971,-1,-1,-1
398,2,1082.140,442.674,69.273,167.911,0.319906,-1,-1,-1
399,34,547.226,450.802,24.338,66.850,0.349224,-1,-1,-1
399,32,1245.706,443.417,42.484,99.180,0.663053,-1,-1,-1
399,31,710.937,451.074,30.400,109.731,0.343677,-1,-1,-1
399,30,586.269,458.453,22.159,54.168,0.313344,-1,-1,-1
399,27,907.726,439.790,60.119,175.094,0.717350,-1,-1,-1
399,24,720.368,465.635,56.776,143.583,0.707971,-1,-1,-1
399,22,600.324,402.118,135.634,348.521,0.876594,-1,-1,-1
399,14,114.443,433.898,194.466,365.878,0.861772,-1,-1,-1
399,9,1300.577,421.045,42.959,125.390,0.268253,-1,-1,-1
399,8,459.189,435.596,91.083,301.349,0.771457,-1,-1,-1
399,6,943.719,417.698,167.814,524.963,0.853341,-1,-1,-1
399,5,305.295,442.672,193.221,354.419,0.893375,-1,-1,-1
399,4,1058.283,397.128,274.350,622.389,0.823859,-1,-1,-1
399,2,1088.997,448.242,59.067,91.950,0.317220,-1,-1,-1
400,34,550.808,450.908,23.579,63.756,0.337040,-1,-1,-1
400,32,1244.550,444.345,42.867,99.344,0.658207,-1,-1,-1
400,31,711.282,450.391,39.939,157.430,0.238184,-1,-1,-1
400,27,905.827,442.772,62.503,166.776,0.720864,-1,-1,-1
400,24,717.959,462.189,58.158,150.082,0.650052,-1,-1,-1
400,22,600.545,403.290,143.034,345.220,0.861642,-1,-1,-1
400,14,122.762,436.280,208.456,361.373,0.866637,-1,-1,-1
400,9,1300.306,421.300,42.556,124.872,0.236113,-1,-1,-1
400,8,464.969,427.748,91.965,307.382,0.824091,-1,-1,-1
400,6,942.937,417.798,167.201,524.663,0.851848,-1,-1,-1
400,5,308.441,436.520,196.255,363.292,0.867293,-1,-1,-1
400,4,1061.605,396.077,268.870,624.280,0.800745,-1,-1,-1
400,2,1089.493,446.035,60.308,91.377,0.246470,-1,-1,-1
401,34,551.296,450.585,23.658,63.720,0.329369,-1,-1,-1
401,32,1244.665,444.478,41.510,92.166,0.693500,-1,-1,-1
401,27,904.049,439.307,64.197,167.261,0.825408,-1,-1,-1
401,24,716.706,464.500,55.961,148.932,0.639196,-1,-1,-1
401,22,606.460,405.209,154.694,342.872,0.830089,-1,-1,-1
401,14,130.859,439.653,205.768,359.690,0.882578,-1,-1,-1
401,9,1300.588,421.380,42.132,125.318,0.208851,-1,-1,-1
401,8,476.423,433.756,89.905,301.091,0.786086,-1,-1,-1
401,6,943.291,417.502,165.974,525.260,0.860570,-1,-1,-1
401,5,318.201,438.189,183.944,356.828,0.875089,-1,-1,-1
401,4,1063.089,391.571,261.719,630.581,0.794071,-1,-1,-1
402,32,1244.999,445.513,38.290,92.549,0.692557,-1,-1,-1
402,27,899.190,438.225,66.567,172.890,0.822932,-1,-1,-1
402,24,716.448,466.045,56.324,146.114,0.695292,-1,-1,-1
402,22,618.330,404.303,159.915,341.401,0.906889,-1,-1,-1
402,14,133.558,439.606,224.198,358.285,0.867485,-1,-1,-1
402,9,1301.013,422.282,40.856,122.868,0.212124,-1,-1,-1
402,8,476.117,435.684,100.475,295.779,0.785116,-1,-1,-1
402,6,943.219,418.547,166.133,524.547,0.859547,-1,-1,-1
402,5,333.345,443.301,170.992,351.883,0.846520,-1,-1,-1
402,4,1068.512,396.474,253.408,625.028,0.814853,-1,-1,-1
403,32,1244.823,443.014,36.397,96.545,0.729259,-1,-1,-1
403,27,896.936,439.117,64.766,178.999,0.701422,-1,-1,-1
403,24,716.680,462.914,56.923,150.821,0.703787,-1,-1,-1
403,22,620.515,404.884,168.084,343.219,0.856997,-1,-1,-1
403,14,138.654,439.927,210.826,354.701,0.894014,-1,-1,-1
403,8,484.836,434.644,114.795,296.570,0.793705,-1,-1,-1
403,6,943.712,416.510,163.254,526.720,0.861754,-1,-1,-1
403,5,344.901,446.275,158.678,342.903,0.816162,-1,-1,-1
403,4,1074.244,393.716,236.302,627.586,0.839018,-1,-1,-1
404,32,1244.115,444.360,36.233,96.007,0.686790,-1,-1,-1
404,27,896.940,451.894,57.309,164.254,0.374073,-1,-1,-1
404,24,716.813,466.166,55.154,148.527,0.683494,-1,-1,-1
404,22,626.339,409.213,166.928,333.672,0.873995,-1,-1,-1
404,14,143.544,438.643,205.546,357.428,0.912551,-1,-1,-1
404,8,486.463,437.520,132.581,295.008,0.844082,-1,-1,-1
404,6,946.225,416.163,162.038,527.326,0.869525,-1,-1,-1
404,5,350.241,441.141,152.967,343.760,0.842573,-1,-1,-1
404,4,1073.781,396.609,236.394,625.715,0.857447,-1,-1,-1
405,32,1242.661,444.981,37.913,94.788,0.646080,-1,-1,-1
405,27,893.264,443.675,59.412,170.900,0.385950,-1,-1,-1
405,24,719.375,470.253,49.007,142.103,0.636110,-1,-1,-1
405,22,628.515,405.397,171.168,341.155,0.878544,-1,-1,-1
405,14,149.994,436.814,198.755,354.149,0.899248,-1,-1,-1
405,8,490.816,440.713,144.123,292.825,0.880361,-1,-1,-1
405,6,947.758,415.393,160.965,528.190,0.862707,-1,-1,-1
405,5,360.281,440.357,139.774,338.806,0.829239,-1,-1,-1
405,4,1072.198,391.057,220.051,630.861,0.811596,-1,-1,-1
406,32,1243.368,445.680,34.582,94.500,0.481105,-1,-1,-1
406,27,890.176,444.140,58.478,167.424,0.675471,-1,-1,-1
406,24,717.368,461.097,59.140,145.038,0.385717,-1,-1,-1
406,22,633.440,408.970,167.766,330.900,0.878641,-1,-1,-1
406,14,160.844,433.954,186.717,357.012,0.886032,-1,-1,-1
406,8,492.550,439.293,148.240,293.319,0.842805,-1,-1,-1
406,6,947.837,416.926,160.496,526.383,0.866801,-1,-1,-1
406,5,384.413,435.505,119.656,338.536,0.799873,-1,-1,-1
406,4,1071.164,396.074,204.167,624.771,0.851533,-1,-1,-1
407,32,1242.641,444.083,37.587,97.447,0.615564,-1,-1,-1
407,27,881.200,450.015,68.608,162.202,0.708663,-1,-1,-1
407,24,719.558,463.574,49.980,137.690,0.202553,-1,-1,-1
407,22,635.968,410.251,163.462,334.149,0.883555,-1,-1,-1
407,14,170.395,435.850,184.290,355.457,0.875301,-1,-1,-1
407,8,491.632,437.089,155.000,296.886,0.853593,-1,-1,-1
407,6,948.914,417.816,157.487,525.659,0.870092,-1,-1,-1
407,5,373.997,437.034,136.837,338.580,0.762561,-1,-1,-1
407,4,1067.037,394.651,205.736,629.235,0.851491,-1,-1,-1
408,32,1242.091,445.640,37.434,97.337,0.618707,-1,-1,-1
408,27,873.726,445.474,77.249,166.653,0.802013,-1,-1,-1
408,22,639.747,414.107,161.615,329.312,0.900242,-1,-1,-1
408,14,190.511,434.633,153.086,342.028,0.831760,-1,-1,-1
408,8,495.182,437.701,153.489,293.940,0.909361,-1,-1,-1
408,6,951.490,418.330,155.660,524.919,0.854681,-1,-1,-1
408,5,377.622,437.306,138.710,339.157,0.746092,-1,-1,-1
408,4,1064.640,396.053,206.319,625.498,0.830104,-1,-1,-1
409,32,1241.305,445.444,36.276,98.613,0.599273,-1,-1,-1
409,27,869.692,443.629,80.830,169.020,0.769530,-1,-1,-1
409,25,382.369,462.252,35.788,56.958,0.235367,-1,-1,-1
409,22,638.124,412.553,163.875,332.332,0.914394,-1,-1,-1
409,14,201.065,435.702,146.796,335.380,0.880997,-1,-1,-1
409,10,487.647,457.242,29.251,104.451,0.226849,-1,-1,-1
409,8,497.465,433.091,153.552,298.517,0.901037,-1,-1,-1
409,6,951.375,418.387,154.737,522.031,0.852612,-1,-1,-1
409,5,419.248,434.567,113.340,339.955,0.766943,-1,-1,-1
409,4,1063.620,393.870,203.375,631.910,0.842594,-1,-1,-1
410,32,1240.686,444.613,38.107,99.632,0.589037,-1,-1,-1
410,27,873.564,439.863,74.629,172.360,0.746174,-1,-1,-1
410,22,641.245,409.708,162.104,333.249,0.923553,-1,-1,-1
410,14,211.704,433.119,139.175,342.456,0.864215,-1,-1,-1
410,8,506.842,432.779,142.794,295.684,0.905286,-1,-1,-1
410,6,953.090,418.711,154.934,521.148,0.848453,-1,-1,-1
410,5,411.506,436.560,136.759,338.199,0.768396,-1,-1,-1
410,4,1063.399,393.897,204.631,628.314,0.830015,-1,-1,-1
411,32,1239.258,442.967,38.771,100.363,0.524947,-1,-1,-1
411,27,871.533,438.441,76.046,174.781,0.798100,-1,-1,-1
411,22,640.613,408.857,162.038,333.754,0.919519,-1,-1,-1
411,14,221.958,431.448,137.169,346.910,0.832932,-1,-1,-1
411,8,519.200,435.096,129.511,290.146,0.856999,-1,-1,-1
411,6,955.580,420.510,153.031,519.471,0.860887,-1,-1,-1
411,5,391.632,436.121,186.553,336.480,0.807691,-1,-1,-1
411,4,1058.728,391.812,206.504,634.783,0.855398,-1,-1,-1
412,32,1236.693,444.139,38.608,98.476,0.588992,-1,-1,-1
412,27,870.328,438.533,77.776,173.895,0.797892,-1,-1,-1
412,22,641.267,410.576,161.061,331.763,0.889770,-1,-1,-1
412,14,227.467,427.604,142.262,349.616,0.860825,-1,-1,-1
412,8,522.559,432.409,128.854,294.139,0.838275,-1,-1,-1
412,6,955.816,420.151,153.857,520.746,0.858599,-1,-1,-1
412,5,424.648,441.534,157.672,327.419,0.831049,-1,-1,-1
412,4,1058.176,393.415,210.307,628.132,0.831518,-1,-1,-1
412,2,1169.370,426.815,155.122,394.397,0.315908,-1,-1,-1
413,32,1238.740,445.213,34.333,95.352,0.505295,-1,-1,-1
413,27,872.087,440.414,74.194,171.146,0.583398,-1,-1,-1
413,22,646.239,406.111,154.735,337.173,0.886605,-1,-1,-1
413,14,237.406,427.168,138.957,349.351,0.837578,-1,-1,-1
413,8,533.582,426.413,122.310,298.250,0.805214,-1,-1,-1
413,6,955.292,420.195,153.835,520.565,0.851299,-1,-1,-1
413,5,421.782,431.138,168.715,339.728,0.871489,-1,-1,-1
413,4,1054.996,390.210,217.659,631.677,0.822981,-1,-1,-1
413,2,1164.417,420.393,159.053,421.798,0.390201,-1,-1,-1
414,32,1236.284,444.343,35.648,98.351,0.545877,-1,-1,-1
414,27,870.917,439.451,68.086,169.586,0.588976,-1,-1,-1
414,23,647.137,464.597,40.272,134.065,0.419669,-1,-1,-1
414,22,649.163,406.432,152.454,336.876,0.888137,-1,-1,-1
414,14,243.786,433.182,145.322,341.397,0.831357,-1,-1,-1
414,8,549.898,432.246,108.463,292.805,0.813310,-1,-1,-1
414,6,955.965,419.461,152.265,520.401,0.847480,-1,-1,-1
414,5,425.646,430.815,171.959,339.912,0.877242,-1,-1,-1
414,4,1051.425,390.042,227.880,632.486,0.837941,-1,-1,-1
414,2,1161.444,418.288,157.306,446.329,0.411582,-1,-1,-1
415,34,527.991,442.580,67.386,184.152,0.237512,-1,-1,-1
415,32,1235.172,445.495,35.456,94.709,0.557524,-1,-1,-1
415,27,868.171,439.330,59.298,169.236,0.763191,-1,-1,-1
415,23,648.760,461.286,42.635,131.997,0.330130,-1,-1,-1
415,22,654.722,409.251,149.184,329.670,0.883365,-1,-1,-1
415,14,259.151,434.864,149.104,340.566,0.854829,-1,-1,-1
415,8,548.594,431.114,117.196,296.640,0.759373,-1,-1,-1
415,6,959.665,419.597,146.822,524.193,0.844403,-1,-1,-1
415,5,425.013,436.809,172.725,333.792,0.873231,-1,-1,-1
415,4,1049.557,390.680,233.355,631.451,0.831024,-1,-1,-1
415,2,1154.239,411.889,164.318,502.846,0.461327,-1,-1,-1
416,32,1236.094,447.288,32.658,86.996,0.526326,-1,-1,-1
416,27,863.531,434.300,60.802,175.534,0.754977,-1,-1,-1
416,23,647.127,471.455,44.753,124.430,0.333183,-1,-1,-1
416,22,662.667,410.309,142.227,330.218,0.897437,-1,-1,-1
416,14,265.818,428.928,153.611,345.614,0.834512,-1,-1,-1
416,8,560.649,428.439,102.524,296.427,0.770883,-1,-1,-1
416,6,960.903,419.307,145.868,524.329,0.823535,-1,-1,-1
416,5,427.982,443.367,175.903,325.719,0.879103,-1,-1,-1
416,4,1049.758,392.297,222.783,630.440,0.860861,-1,-1,-1
416,2,1156.146,405.536,147.642,503.773,0.585057,-1,-1,-1
417,32,1230.833,439.892,37.193,90.582,0.292980,-1,-1,-1
417,27,860.301,434.777,60.001,173.307,0.736116,-1,-1,-1
417,25,378.284,457.918,48.701,123.657,0.649395,-1,-1,-1
417,22,675.447,409.400,130.325,328.603,0.886557,-1,-1,-1
417,14,274.796,437.574,165.612,332.814,0.865688,-1,-1,-1
417,8,568.410,430.151,110.485,292.471,0.782490,-1,-1,-1
417,6,964.204,418.920,142.221,524.386,0.828950,-1,-1,-1
417,5,428.008,440.319,172.333,328.320,0.871204,-1,-1,-1
417,4,1050.219,390.472,224.297,632.930,0.860219,-1,-1,-1
417,2,1161.972,431.323,153.746,478.350,0.437145,-1,-1,-1
418,27,860.934,426.793,56.038,179.501,0.520569,-1,-1,-1
418,25,382.454,458.525,45.047,124.530,0.688533,-1,-1,-1
418,22,683.581,409.479,123.305,324.052,0.885677,-1,-1,-1
418,14,276.733,438.794,176.003,332.152,0.892553,-1,-1,-1
418,8,580.528,432.632,97.669,289.095,0.788908,-1,-1,-1
418,6,973.361,416.617,132.235,525.418,0.783416,-1,-1,-1
418,5,430.523,444.939,171.983,322.563,0.875421,-1,-1,-1
418,4,1047.812,392.983,224.165,632.226,0.868101,-1,-1,-1
418,2,1167.120,433.953,152.978,477.386,0.434753,-1,-1,-1
419,27,861.261,424.777,54.979,182.238,0.627388,-1,-1,-1
419,25,381.439,457.402,43.735,124.816,0.660930,-1,-1,-1
419,22,686.693,410.621,125.116,320.512,0.884992,-1,-1,-1
419,14,280.659,443.709,181.176,329.683,0.892618,-1,-1,-1
419,8,589.442,433.041,99.663,287.605,0.815201,-1,-1,-1
419,6,976.221,416.663,130.180,524.817,0.805443,-1,-1,-1
419,5,435.606,438.255,166.737,328.888,0.895049,-1,-1,-1
419,4,1045.300,394.264,222.773,630.728,0.871221,-1,-1,-1
419,2,1156.953,421.672,161.361,492.553,0.583716,-1,-1,-1
420,27,858.586,436.890,53.444,171.840,0.366030,-1,-1,-1
420,25,385.530,458.219,37.613,122.748,0.277092,-1,-1,-1
420,22,696.109,405.684,121.022,328.782,0.866150,-1,-1,-1
420,14,282.777,443.922,191.953,329.737,0.899975,-1,-1,-1
420,8,592.293,432.195,103.107,290.244,0.795016,-1,-1,-1
420,6,974.513,415.201,127.261,528.200,0.800059,-1,-1,-1
420,5,441.497,438.935,161.377,329.168,0.888300,-1,-1,-1
420,4,1046.056,392.405,218.325,631.751,0.885230,-1,-1,-1
420,2,1154.128,420.141,161.767,493.600,0.619936,-1,-1,-1
421,27,858.478,433.835,51.934,173.825,0.607921,-1,-1,-1
421,22,698.231,405.261,122.830,327.398,0.860828,-1,-1,-1
421,14,286.213,440.301,191.877,333.234,0.888533,-1,-1,-1
421,10,406.543,454.781,46.788,123.964,0.608015,-1,-1,-1
421,8,593.969,433.390,111.181,288.902,0.853001,-1,-1,-1
421,6,973.753,414.225,128.830,528.010,0.806707,-1,-1,-1
421,5,443.724,433.987,155.979,333.649,0.858503,-1,-1,-1
421,4,1045.573,391.597,224.750,634.424,0.891064,-1,-1,-1
421,2,1150.770,408.699,157.439,504.658,0.463535,-1,-1,-1
422,27,853.062,435.759,55.155,170.403,0.664191,-1,-1,-1
422,22,695.509,406.891,128.934,324.739,0.834787,-1,-1,-1
422,14,279.909,435.871,202.902,332.763,0.883829,-1,-1,-1
422,10,407.732,455.972,46.561,117.690,0.371998,-1,-1,-1
422,8,598.630,432.028,126.532,288.136,0.822615,-1,-1,-1
422,6,971.902,413.485,131.102,525.949,0.812263,-1,-1,-1
422,5,452.622,432.955,148.212,332.589,0.859869,-1,-1,-1
422,4,1044.088,393.638,227.934,633.712,0.893394,-1,-1,-1
422,2,1149.210,407.400,140.603,498.633,0.503438,-1,-1,-1
423,33,1218.768,439.090,101.137,350.445,0.458611,-1,-1,-1
423,27,849.276,436.218,60.745,167.362,0.817863,-1,-1,-1
423,24,679.930,443.670,56.167,179.249,0.324906,-1,-1,-1
423,22,703.609,406.641,126.206,325.090,0.806559,-1,-1,-1
423,14,286.792,437.939,191.782,331.299,0.878958,-1,-1,-1
423,8,602.268,431.579,139.955,286.152,0.885254,-1,-1,-1
423,6,969.528,417.041,132.232,521.346,0.808668,-1,-1,-1
423,5,461.597,433.525,139.600,326.310,0.842671,-1,-1,-1
423,4,1043.737,394.591,227.965,637.351,0.895491,-1,-1,-1
423,2,1150.577,406.026,167.158,509.915,0.490044,-1,-1,-1
424,33,1223.374,432.983,100.940,386.321,0.282570,-1,-1,-1
424,27,848.841,437.271,59.192,168.383,0.843640,-1,-1,-1
424,24,678.305,449.054,53.997,171.236,0.260722,-1,-1,-1
424,22,700.920,403.204,132.528,326.939,0.832254,-1,-1,-1
424,16,460.735,443.386,52.097,118.382,0.387214,-1,-1,-1
424,14,303.703,435.713,179.968,330.952,0.895420,-1,-1,-1
424,8,602.388,431.635,144.164,286.938,0.881959,-1,-1,-1
424,6,968.008,419.279,131.750,520.113,0.779074,-1,-1,-1
424,5,476.343,432.088,127.707,329.912,0.807910,-1,-1,-1
424,4,1043.486,395.552,226.188,638.548,0.882175,-1,-1,-1
424,2,1149.038,404.244,173.547,514.846,0.590934,-1,-1,-1
425,33,1229.589,437.598,87.207,159.974,0.387887,-1,-1,-1
425,30,908.968,443.435,72.227,147.877,0.430822,-1,-1,-1
425,27,847.440,438.618,58.039,166.696,0.805330,-1,-1,-1
425,24,679.144,456.741,55.997,162.963,0.352912,-1,-1,-1
425,22,709.100,400.675,128.883,326.413,0.839761,-1,-1,-1
425,14,307.918,433.017,178.873,331.441,0.896085,-1,-1,-1
425,8,604.842,431.011,143.643,287.353,0.878050,-1,-1,-1
425,6,967.993,437.963,127.672,498.603,0.763973,-1,-1,-1
425,5,507.356,432.432,101.293,327.468,0.744070,-1,-1,-1
425,4,1044.513,395.009,226.698,648.558,0.885728,-1,-1,-1
425,2,1151.388,405.046,179.165,518.679,0.649512,-1,-1,-1
426,34,604.024,439.049,51.392,165.196,0.504764,-1,-1,-1
426,33,1231.568,427.903,100.590,479.988,0.409913,-1,-1,-1
426,30,908.805,445.854,72.661,145.055,0.468475,-1,-1,-1
426,27,842.650,440.215,58.505,164.825,0.796606,-1,-1,-1
426,24,456.257,440.626,56.511,185.010,0.349296,-1,-1,-1
426,22,711.875,403.596,128.326,324.204,0.860006,-1,-1,-1
426,14,323.356,433.780,166.309,330.056,0.881009,-1,-1,-1
426,8,607.339,435.759,146.239,284.520,0.860407,-1,-1,-1
426,6,968.907,448.304,129.596,482.302,0.754167,-1,-1,-1
426,5,521.982,432.899,93.300,325.865,0.796818,-1,-1,-1
426,4,1047.797,395.140,224.884,658.145,0.889200,-1,-1,-1
426,2,1151.198,406.106,180.995,519.819,0.608552,-1,-1,-1
427,34,599.129,438.075,51.044,172.563,0.462571,-1,-1,-1
427,33,1235.463,425.820,98.962,480.988,0.404431,-1,-1,-1
427,30,908.641,446.755,71.678,144.952,0.432384,-1,-1,-1
427,27,839.294,439.268,61.831,166.275,0.791083,-1,-1,-1
427,22,717.893,407.497,125.491,322.950,0.814919,-1,-1,-1
427,14,335.140,436.765,151.875,320.990,0.860739,-1,-1,-1
427,8,606.242,433.286,145.686,287.377,0.870925,-1,-1,-1
427,6,968.712,424.842,136.668,511.351,0.788121,-1,-1,-1
427,5,500.853,434.108,115.565,326.404,0.660255,-1,-1,-1
427,4,1050.245,395.468,223.657,659.143,0.878024,-1,-1,-1
427,2,1151.080,407.262,181.298,518.020,0.665868,-1,-1,-1
428,34,600.009,462.640,44.908,148.639,0.346590,-1,-1,-1
428,33,1240.614,429.348,95.823,333.789,0.549337,-1,-1,-1
428,30,910.134,474.534,68.487,117.528,0.437153,-1,-1,-1
428,27,835.816,440.240,58.792,160.815,0.774069,-1,-1,-1
428,22,727.050,407.697,120.532,324.103,0.785355,-1,-1,-1
428,16,456.841,441.476,56.479,168.247,0.298235,-1,-1,-1
428,14,347.834,436.959,137.601,321.442,0.871043,-1,-1,-1
428,10,1243.916,434.615,90.383,164.969,0.406813,-1,-1,-1
428,8,605.757,436.433,144.102,282.978,0.865835,-1,-1,-1
428,6,968.859,426.341,137.561,507.492,0.802328,-1,-1,-1
428,5,532.422,434.446,92.626,328.726,0.809624,-1,-1,-1
428,4,1050.829,394.555,222.374,660.106,0.865116,-1,-1,-1
428,2,1151.396,408.278,184.044,515.233,0.649858,-1,-1,-1
429,34,607.759,450.789,46.335,147.881,0.364441,-1,-1,-1
429,33,1244.330,425.966,97.485,352.270,0.602056,-1,-1,-1
429,30,908.329,477.028,71.169,114.336,0.399141,-1,-1,-1
429,27,835.755,440.314,54.771,160.014,0.745045,-1,-1,-1
429,22,732.841,411.224,122.282,320.958,0.797659,-1,-1,-1
429,16,456.195,440.767,55.536,169.195,0.495436,-1,-1,-1
429,14,366.993,432.978,122.472,323.018,0.814376,-1,-1,-1
429,10,1246.790,432.427,91.665,168.983,0.347419,-1,-1,-1
429,8,617.861,442.549,125.978,276.443,0.852668,-1,-1,-1
429,6,971.524,423.961,134.260,511.466,0.762837,-1,-1,-1
429,5,532.231,437.258,102.159,323.803,0.812778,-1,-1,-1
429,4,1052.471,394.648,219.833,655.852,0.842414,-1,-1,-1
429,2,1154.680,412.594,179.912,509.847,0.664539,-1,-1,-1
430,34,611.091,450.694,41.803,148.629,0.299601,-1,-1,-1
430,33,1245.575,427.948,101.313,334.851,0.437858,-1,-1,-1
430,31,1576.285,304.602,343.715,774.726,0.730973,-1,-1,-1
430,30,906.558,482.524,71.606,109.630,0.495534,-1,-1,-1
430,27,833.518,440.157,54.763,157.912,0.759305,-1,-1,-1
430,22,732.105,410.395,127.489,320.671,0.821143,-1,-1,-1
430,16,460.465,441.266,50.958,149.436,0.418403,-1,-1,-1
430,14,378.651,433.070,118.616,323.909,0.822318,-1,-1,-1
430,10,1248.825,430.403,93.559,172.088,0.453470,-1,-1,-1
430,8,623.111,441.175,124.026,273.732,0.831819,-1,-1,-1
430,6,974.256,426.825,138.450,511.110,0.793161,-1,-1,-1
430,5,533.338,437.897,126.920,322.792,0.771617,-1,-1,-1
430,4,1056.518,393.885,219.474,674.649,0.818027,-1,-1,-1
430,2,1156.278,407.502,177.328,516.395,0.616854,-1,-1,-1
431,34,612.770,448.438,43.288,144.405,0.294253,-1,-1,-1
431,33,1253.417,427.256,96.300,323.596,0.697437,-1,-1,-1
431,31,1524.048,302.569,395.563,776.756,0.823599,-1,-1,-1
431,30,906.760,471.847,73.874,120.657,0.454883,-1,-1,-1
431,27,832.648,440.636,54.135,157.033,0.781463,-1,-1,-1
431,22,729.977,411.446,129.412,320.108,0.830694,-1,-1,-1
431,16,516.820,447.143,31.410,64.903,0.339110,-1,-1,-1
431,14,385.199,440.406,107.421,313.572,0.871767,-1,-1,-1
431,9,1297.180,408.971,50.533,160.616,0.313850,-1,-1,-1
431,8,632.073,438.183,115.248,278.286,0.794400,-1,-1,-1
431,6,977.631,419.380,143.957,517.866,0.817145,-1,-1,-1
431,5,530.548,437.678,140.669,319.837,0.839125,-1,-1,-1
431,4,1059.672,387.190,214.451,672.479,0.786862,-1,-1,-1
431,2,1165.560,407.663,153.251,526.720,0.294532,-1,-1,-1
432,33,1257.150,426.732,97.869,343.373,0.714469,-1,-1,-1
432,31,1478.071,301.161,441.929,778.839,0.762832,-1,-1,-1
432,30,908.169,457.772,73.366,134.065,0.498406,-1,-1,-1
432,27,830.442,437.493,56.134,161.539,0.814437,-1,-1,-1
432,23,956.670,472.733,67.187,198.617,0.264372,-1,-1,-1
432,22,737.092,410.090,124.503,319.798,0.828790,-1,-1,-1
432,16,516.941,448.012,30.088,74.209,0.533571,-1,-1,-1
432,14,380.530,433.239,120.553,323.994,0.789024,-1,-1,-1
432,8,639.152,438.996,115.407,277.119,0.694910,-1,-1,-1
432,6,978.768,420.175,144.716,518.402,0.827318,-1,-1,-1
432,5,536.347,437.476,148.299,319.725,0.837505,-1,-1,-1
432,4,1063.389,386.310,209.226,686.869,0.872612,-1,-1,-1
432,2,1177.486,410.044,136.559,380.131,0.623915,-1,-1,-1
433,33,1261.774,426.229,99.740,334.177,0.637204,-1,-1,-1
433,31,1440.940,293.564,479.060,783.548,0.861418,-1,-1,-1
433,30,907.160,455.631,75.273,136.144,0.507387,-1,-1,-1
433,27,829.425,438.750,56.844,160.217,0.757332,-1,-1,-1
433,22,736.847,410.897,121.663,319.866,0.810054,-1,-1,-1
433,16,517.670,447.258,29.412,79.257,0.532388,-1,-1,-1
433,14,390.300,435.828,114.826,321.039,0.803615,-1,-1,-1
433,8,680.774,436.365,78.275,273.855,0.668954,-1,-1,-1
433,6,980.850,419.964,144.281,519.901,0.817888,-1,-1,-1
433,5,538.885,434.625,154.278,325.593,0.831288,-1,-1,-1
433,4,1066.031,389.127,199.194,636.862,0.870531,-1,-1,-1
433,2,1181.131,410.102,146.294,391.615,0.721019,-1,-1,-1
434,33,1268.345,423.879,97.824,315.360,0.789915,-1,-1,-1
434,31,1394.638,296.128,516.169,776.560,0.825199,-1,-1,-1
434,30,907.361,461.492,73.204,130.705,0.515021,-1,-1,-1
434,27,827.735,435.539,56.406,164.368,0.751811,-1,-1,-1
434,22,736.079,411.371,122.554,318.878,0.807282,-1,-1,-1
434,16,526.939,444.687,66.692,238.478,0.359445,-1,-1,-1
434,14,387.223,436.446,133.219,318.242,0.776387,-1,-1,-1
434,8,675.857,437.123,84.250,276.000,0.691137,-1,-1,-1
434,6,988.337,420.188,137.818,516.291,0.780179,-1,-1,-1
434,5,541.120,434.547,154.661,322.846,0.859671,-1,-1,-1
434,4,1072.791,391.796,205.503,552.854,0.602066,-1,-1,-1
434,2,1185.334,413.137,147.895,377.185,0.711188,-1,-1,-1
435,34,644.151,458.172,58.819,175.862,0.406782,-1,-1,-1
435,33,1269.730,422.521,100.463,316.542,0.750887,-1,-1,-1
435,31,1342.326,304.930,496.153,764.038,0.802697,-1,-1,-1
435,30,906.606,463.379,73.861,128.902,0.512963,-1,-1,-1
435,27,828.040,438.686,53.456,160.784,0.703976,-1,-1,-1
435,22,743.178,408.601,116.293,321.777,0.739127,-1,-1,-1
435,16,531.324,454.408,56.115,168.424,0.571212,-1,-1,-1
435,14,413.010,433.448,128.967,317.843,0.818103,-1,-1,-1
435,8,685.315,436.122,85.842,273.141,0.657366,-1,-1,-1
435,6,982.985,420.665,143.151,492.068,0.777492,-1,-1,-1
435,5,542.253,437.559,151.876,320.680,0.870728,-1,-1,-1
435,4,1075.674,389.429,268.077,449.092,0.655996,-1,-1,-1
435,2,1189.042,407.374,139.583,318.273,0.575670,-1,-1,-1
436,34,645.395,459.790,58.568,174.415,0.415110,-1,-1,-1
436,33,1276.817,421.667,87.164,308.384,0.347801,-1,-1,-1
436,31,1292.741,306.832,465.145,752.084,0.751608,-1,-1,-1
436,30,907.410,468.356,77.496,123.083,0.208586,-1,-1,-1
436,27,827.966,439.416,52.629,158.820,0.645744,-1,-1,-1
436,22,738.104,407.538,122.124,319.261,0.769119,-1,-1,-1
436,16,536.233,444.203,55.629,180.763,0.389716,-1,-1,-1
436,14,408.422,433.861,141.227,319.345,0.835673,-1,-1,-1
436,10,518.952,453.521,29.539,72.719,0.350518,-1,-1,-1
436,8,697.010,435.149,82.798,277.100,0.589181,-1,-1,-1
436,6,984.419,420.173,148.825,385.030,0.756256,-1,-1,-1
436,5,542.068,437.271,156.569,317.999,0.904977,-1,-1,-1
436,4,1090.560,395.870,229.865,446.016,0.713381,-1,-1,-1
436,2,1190.477,404.622,141.858,412.224,0.729228,-1,-1,-1
437,34,644.864,461.890,59.490,174.324,0.444504,-1,-1,-1
437,31,1203.730,316.148,492.318,744.615,0.597325,-1,-1,-1
437,30,906.862,477.884,76.748,114.479,0.211387,-1,-1,-1
437,27,827.331,437.512,51.389,161.235,0.669571,-1,-1,-1
437,22,737.481,409.043,122.234,315.617,0.764909,-1,-1,-1
437,16,546.417,449.562,33.551,78.011,0.328955,-1,-1,-1
437,14,416.937,439.816,138.162,314.227,0.856931,-1,-1,-1
437,10,520.613,455.618,28.242,70.298,0.303580,-1,-1,-1
437,8,701.690,432.440,84.393,282.938,0.611433,-1,-1,-1
437,6,985.414,424.255,151.773,397.436,0.787242,-1,-1,-1
437,5,541.039,441.172,157.368,316.011,0.917227,-1,-1,-1
437,4,1090.284,394.581,191.890,454.578,0.861186,-1,-1,-1
437,2,1198.979,406.842,132.779,297.098,0.468552,-1,-1,-1
438,31,1188.788,320.499,433.227,734.070,0.692803,-1,-1,-1
438,30,909.127,483.517,72.634,107.594,0.261079,-1,-1,-1
438,27,827.751,438.420,50.824,159.305,0.595498,-1,-1,-1
438,22,742.768,407.010,119.801,316.762,0.794830,-1,-1,-1
438,16,545.834,449.578,36.502,80.420,0.356364,-1,-1,-1
438,14,421.183,435.591,136.699,311.223,0.868649,-1,-1,-1
438,10,520.963,451.438,27.699,77.115,0.339086,-1,-1,-1
438,8,701.057,433.229,99.319,284.399,0.664655,-1,-1,-1
438,6,987.342,421.922,154.348,420.218,0.815674,-1,-1,-1
438,5,543.418,443.273,156.765,314.083,0.909750,-1,-1,-1
438,4,1095.484,394.878,173.749,462.485,0.825175,-1,-1,-1
439,31,1134.736,342.424,432.521,706.319,0.669885,-1,-1,-1
439,30,909.040,484.049,71.854,106.959,0.363177,-1,-1,-1
439,27,824.656,439.674,52.258,160.575,0.531222,-1,-1,-1
439,22,758.742,409.549,106.317,308.586,0.731332,-1,-1,-1
439,16,546.130,448.135,37.603,82.505,0.358205,-1,-1,-1
439,14,426.315,433.679,132.853,316.448,0.810499,-1,-1,-1
439,10,521.973,443.769,28.841,85.401,0.307446,-1,-1,-1
439,8,705.229,435.226,106.386,282.119,0.753741,-1,-1,-1
439,6,989.833,420.308,157.789,437.392,0.814535,-1,-1,-1
439,5,548.051,441.818,153.527,314.183,0.900505,-1,-1,-1
439,4,1096.057,399.166,164.938,472.876,0.796212,-1,-1,-1
440,31,1081.022,350.620,406.731,706.199,0.694907,-1,-1,-1
440,30,909.509,480.724,73.881,110.380,0.254417,-1,-1,-1
440,22,769.818,412.038,98.017,304.155,0.672168,-1,-1,-1
440,16,547.027,448.156,38.664,92.823,0.218102,-1,-1,-1
440,14,425.033,435.096,139.289,312.069,0.791213,-1,-1,-1
440,8,708.800,434.844,118.525,285.591,0.775983,-1,-1,-1
440,6,990.557,420.451,164.331,453.333,0.819533,-1,-1,-1
440,5,549.634,440.889,153.610,315.020,0.882421,-1,-1,-1
440,4,1102.979,442.171,112.721,310.380,0.234642,-1,-1,-1
441,31,1031.832,362.292,383.763,698.651,0.713552,-1,-1,-1
441,30,908.047,482.098,75.489,109.397,0.286484,-1,-1,-1
441,22,779.133,409.199,93.135,306.684,0.771521,-1,-1,-1
441,16,520.864,444.707,58.312,175.479,0.303672,-1,-1,-1
441,14,426.899,435.921,135.636,309.793,0.786488,-1,-1,-1
441,8,707.145,433.195,121.601,281.676,0.844569,-1,-1,-1
441,6,995.659,419.295,144.688,398.713,0.662477,-1,-1,-1
441,5,552.738,440.209,148.668,309.798,0.876382,-1,-1,-1
442,31,989.815,361.666,370.784,699.044,0.735757,-1,-1,-1
442,30,908.440,483.920,74.687,107.416,0.273306,-1,-1,-1
442,22,779.897,406.632,93.656,306.484,0.771140,-1,-1,-1
442,16,534.158,442.425,55.868,173.983,0.376181,-1,-1,-1
442,14,436.331,439.197,123.232,303.905,0.705618,-1,-1,-1
442,8,705.972,430.362,130.371,284.780,0.848353,-1,-1,-1
442,6,1000.828,475.134,117.850,267.625,0.393433,-1,-1,-1
442,5,555.554,436.815,146.244,317.140,0.858534,-1,-1,-1
443,33,1305.699,430.024,167.008,337.746,0.811320,-1,-1,-1
443,31,946.289,358.619,364.311,695.556,0.703484,-1,-1,-1
443,22,787.853,408.442,86.999,300.482,0.756883,-1,-1,-1
443,16,538.959,442.143,49.610,174.714,0.373432,-1,-1,-1
443,14,448.003,432.558,121.479,305.545,0.821041,-1,-1,-1
443,8,706.853,431.487,136.522,284.366,0.850365,-1,-1,-1
443,5,566.197,433.433,137.597,317.609,0.814051,-1,-1,-1
444,33,1312.093,429.381,159.317,337.124,0.832837,-1,-1,-1
444,31,903.240,360.520,361.390,676.951,0.754654,-1,-1,-1
444,23,332.753,512.049,84.667,139.208,0.560476,-1,-1,-1
444,22,790.222,406.997,91.195,302.595,0.754052,-1,-1,-1
444,16,542.204,443.533,48.097,171.519,0.479850,-1,-1,-1
444,14,457.498,437.482,114.404,305.552,0.844970,-1,-1,-1
444,8,707.993,434.671,134.511,280.581,0.864364,-1,-1,-1
444,5,573.392,434.666,132.718,311.911,0.819271,-1,-1,-1
444,2,1236.016,422.355,123.206,441.079,0.517544,-1,-1,-1
445,33,1316.563,428.491,152.283,337.827,0.813468,-1,-1,-1
445,31,860.759,350.187,381.111,687.070,0.664113,-1,-1,-1
445,25,377.229,457.091,50.489,119.712,0.544097,-1,-1,-1
445,23,323.919,510.608,85.922,145.386,0.637344,-1,-1,-1
445,22,786.241,404.840,97.514,312.322,0.709368,-1,-1,-1
445,16,544.355,441.345,47.109,175.289,0.419907,-1,-1,-1
445,14,463.673,438.961,114.649,296.472,0.826619,-1,-1,-1
445,8,707.400,433.805,132.915,279.947,0.822694,-1,-1,-1
445,5,583.292,437.742,121.143,308.317,0.772326,-1,-1,-1
445,2,1244.482,420.660,123.887,348.869,0.522607,-1,-1,-1
446,36,580.823,451.089,67.485,208.152,0.425815,-1,-1,-1
446,33,1326.172,427.802,140.497,339.173,0.839535,-1,-1,-1
446,31,826.686,338.923,350.340,670.994,0.717855,-1,-1,-1
446,25,376.370,458.041,53.280,119.517,0.561627,-1,-1,-1
446,23,317.905,511.604,85.354,146.458,0.640695,-1,-1,-1
446,22,797.201,409.100,91.519,299.631,0.733635,-1,-1,-1
446,16,544.760,443.894,42.415,75.417,0.346148,-1,-1,-1
446,14,469.312,444.969,115.490,289.916,0.803186,-1,-1,-1
446,9,413.021,457.204,52.372,117.615,0.359696,-1,-1,-1
446,8,708.240,433.220,137.720,281.634,0.844718,-1,-1,-1
446,5,600.576,433.632,109.364,308.689,0.813573,-1,-1,-1
446,4,1128.877,399.465,203.456,680.535,0.848304,-1,-1,-1
446,2,1240.333,427.538,129.144,485.842,0.569036,-1,-1,-1
447,36,590.125,449.416,65.951,208.618,0.400388,-1,-1,-1
447,34,718.181,448.130,39.181,102.850,0.482216,-1,-1,-1
447,33,1333.568,423.505,131.738,343.612,0.815263,-1,-1,-1
447,31,801.518,334.756,338.432,675.258,0.626952,-1,-1,-1
447,25,376.078,459.570,53.698,120.931,0.589654,-1,-1,-1
447,23,302.816,507.841,93.396,151.920,0.567899,-1,-1,-1
447,22,802.018,405.917,89.079,292.691,0.717015,-1,-1,-1
447,16,548.281,445.472,36.609,68.726,0.440293,-1,-1,-1
447,14,478.549,459.902,106.308,272.608,0.816298,-1,-1,-1
447,9,413.594,453.630,48.918,120.862,0.402794,-1,-1,-1
447,8,710.996,432.761,128.653,279.858,0.830165,-1,-1,-1
447,5,614.304,432.556,98.043,313.016,0.783292,-1,-1,-1
447,4,1130.015,397.318,213.324,682.682,0.792058,-1,-1,-1
447,2,1247.110,419.029,125.480,504.669,0.678245,-1,-1,-1
448,36,593.193,453.883,63.833,203.037,0.255009,-1,-1,-1
448,34,719.987,452.019,33.521,91.069,0.287239,-1,-1,-1
448,33,1334.000,421.402,132.618,345.856,0.815486,-1,-1,-1
448,31,743.093,331.293,389.318,704.250,0.628449,-1,-1,-1
448,25,378.252,460.394,51.476,120.669,0.551771,-1,-1,-1
448,23,297.670,511.450,92.346,148.377,0.498010,-1,-1,-1
448,16,553.411,445.423,33.315,66.665,0.327474,-1,-1,-1
448,14,473.171,435.739,114.353,287.815,0.753623,-1,-1,-1
448,9,413.897,458.228,47.057,116.544,0.337911,-1,-1,-1
448,8,724.498,440.255,123.127,264.258,0.705988,-1,-1,-1
448,6,1050.171,421.358,138.617,541.268,0.783356,-1,-1,-1
448,5,619.005,430.705,104.740,319.555,0.691452,-1,-1,-1
448,4,1130.263,396.405,237.020,683.595,0.832872,-1,-1,-1
448,2,1249.881,413.967,118.233,506.705,0.667611,-1,-1,-1
449,36,594.647,458.306,60.036,185.762,0.677129,-1,-1,-1
449,33,1333.837,421.996,139.434,344.711,0.850099,-1,-1,-1
449,31,715.965,330.328,356.352,706.699,0.536079,-1,-1,-1
449,25,378.115,461.042,51.425,119.146,0.486803,-1,-1,-1
449,23,284.279,511.756,95.988,147.759,0.581131,-1,-1,-1
449,14,477.842,428.328,120.676,295.603,0.805214,-1,-1,-1
449,9,414.766,459.488,45.641,114.933,0.300849,-1,-1,-1
449,8,753.626,443.443,86.220,228.305,0.374808,-1,-1,-1
449,6,1028.704,423.721,157.488,535.211,0.820723,-1,-1,-1
449,5,631.617,430.367,96.102,315.632,0.766072,-1,-1,-1
449,4,1131.634,398.056,218.800,681.944,0.839477,-1,-1,-1
449,2,1258.793,418.731,109.580,325.570,0.502005,-1,-1,-1
450,36,589.864,467.147,64.005,186.308,0.614158,-1,-1,-1
450,33,1331.383,420.620,146.137,345.154,0.849023,-1,-1,-1
450,31,678.052,328.385,416.849,747.589,0.519413,-1,-1,-1
450,25,379.724,462.743,49.173,119.276,0.571250,-1,-1,-1
450,23,276.525,500.475,93.061,163.837,0.636251,-1,-1,-1
450,14,483.980,427.801,116.513,301.815,0.814802,-1,-1,-1
450,9,414.481,458.628,47.709,116.165,0.444210,-1,-1,-1
450,6,1031.035,426.090,159.903,534.668,0.872316,-1,-1,-1
450,5,637.284,432.185,90.197,311.402,0.787956,-1,-1,-1
450,4,1132.648,396.269,238.944,678.139,0.875968,-1,-1,-1
451,36,581.266,451.391,75.786,197.442,0.422328,-1,-1,-1
451,33,1336.599,419.239,147.563,347.165,0.855466,-1,-1,-1
451,31,648.555,341.499,437.664,735.119,0.609956,-1,-1,-1
451,25,379.914,461.812,48.188,120.143,0.563614,-1,-1,-1
451,23,272.455,502.159,93.673,158.692,0.696213,-1,-1,-1
451,14,495.284,434.915,124.215,299.057,0.804146,-1,-1,-1
451,9,413.995,457.162,46.418,118.162,0.491738,-1,-1,-1
451,6,1035.504,423.285,163.273,536.278,0.864683,-1,-1,-1
451,5,651.659,435.615,80.580,315.471,0.663342,-1,-1,-1
451,4,1120.464,392.546,284.310,677.784,0.900734,-1,-1,-1
452,36,578.117,469.666,62.558,178.343,0.259609,-1,-1,-1
452,33,1352.220,420.627,136.958,348.118,0.852393,-1,-1,-1
452,31,607.486,348.018,458.802,731.982,0.734599,-1,-1,-1
452,25,378.625,462.310,50.927,121.271,0.647171,-1,-1,-1
452,24,465.049,445.155,39.841,115.568,0.445386,-1,-1,-1
452,23,262.230,497.102,96.233,162.077,0.538021,-1,-1,-1
452,14,496.032,432.156,131.527,299.714,0.846193,-1,-1,-1
452,9,414.143,457.121,48.293,118.466,0.509143,-1,-1,-1
452,6,1043.048,422.740,162.543,536.142,0.854530,-1,-1,-1
452,5,640.263,457.066,80.467,243.761,0.605754,-1,-1,-1
452,4,1091.700,398.914,321.227,678.642,0.890067,-1,-1,-1
453,36,582.776,466.062,63.308,177.477,0.303950,-1,-1,-1
453,33,1359.416,419.846,134.044,348.413,0.853072,-1,-1,-1
453,31,561.389,359.981,479.916,720.019,0.737013,-1,-1,-1
453,25,379.044,461.844,51.761,121.752,0.653808,-1,-1,-1
453,24,463.538,445.714,41.039,109.913,0.436541,-1,-1,-1
453,23,256.774,509.340,94.068,146.249,0.478089,-1,-1,-1
453,14,496.718,433.161,142.421,297.269,0.801902,-1,-1,-1
453,9,413.565,456.960,49.334,118.139,0.482686,-1,-1,-1
453,6,1045.435,424.034,163.200,533.666,0.867645,-1,-1,-1
453,4,1140.826,398.394,303.680,677.688,0.881265,-1,-1,-1
453,2,1271.171,411.163,108.127,362.245,0.232428,-1,-1,-1
454,33,1368.428,420.565,130.642,351.538,0.888101,-1,-1,-1
454,31,529.054,372.612,420.949,707.216,0.750003,-1,-1,-1
454,30,909.829,478.063,78.107,111.978,0.210024,-1,-1,-1
454,25,379.207,461.233,50.461,122.433,0.678122,-1,-1,-1
454,24,462.441,445.624,42.933,104.103,0.482221,-1,-1,-1
454,23,243.026,508.676,98.649,150.699,0.476830,-1,-1,-1
454,14,497.582,437.408,124.691,296.857,0.770411,-1,-1,-1
454,9,412.329,455.906,49.038,121.045,0.531684,-1,-1,-1
454,6,1049.223,420.256,164.423,538.494,0.872130,-1,-1,-1
454,4,1134.573,401.395,314.236,677.432,0.902589,-1,-1,-1
455,33,1371.602,419.783,135.355,353.098,0.892508,-1,-1,-1
455,31,486.113,382.985,464.733,697.015,0.794259,-1,-1,-1
455,30,910.133,477.048,78.260,113.486,0.335722,-1,-1,-1
455,25,380.256,462.854,50.068,118.535,0.665988,-1,-1,-1
455,24,462.995,446.471,38.402,110.782,0.312910,-1,-1,-1
455,23,235.487,515.083,102.839,143.488,0.462737,-1,-1,-1
455,22,811.315,406.111,98.500,307.774,0.720549,-1,-1,-1
455,14,505.558,450.841,102.359,277.233,0.718538,-1,-1,-1
455,9,413.770,458.561,47.771,116.878,0.443488,-1,-1,-1
455,6,1051.068,419.546,170.892,540.077,0.871210,-1,-1,-1
455,4,1138.446,402.048,312.354,676.560,0.910144,-1,-1,-1
456,33,1375.850,418.398,136.377,359.980,0.882921,-1,-1,-1
456,31,439.789,393.480,467.129,686.520,0.801067,-1,-1,-1
456,30,316.560,450.594,45.952,123.964,0.364871,-1,-1,-1
456,25,380.594,462.379,49.773,118.809,0.711683,-1,-1,-1
456,24,462.590,446.192,41.304,113.590,0.502222,-1,-1,-1
456,23,236.266,516.273,93.338,138.874,0.489567,-1,-1,-1
456,22,809.370,405.098,98.836,308.316,0.789443,-1,-1,-1
456,9,412.950,458.445,49.942,117.220,0.569125,-1,-1,-1
456,6,1053.705,422.470,172.284,539.174,0.869891,-1,-1,-1
456,4,1144.553,405.299,312.634,670.579,0.907168,-1,-1,-1
457,33,1380.485,418.750,139.443,365.938,0.900981,-1,-1,-1
457,31,403.597,389.942,420.400,690.058,0.738323,-1,-1,-1
457,30,313.945,449.271,43.540,125.077,0.502154,-1,-1,-1
457,25,381.874,461.801,49.010,118.537,0.668032,-1,-1,-1
457,24,461.880,443.745,44.126,119.813,0.598558,-1,-1,-1
457,23,224.319,516.085,97.346,139.927,0.285090,-1,-1,-1
457,22,808.621,405.831,100.613,307.925,0.770485,-1,-1,-1
457,9,412.995,454.715,51.428,120.461,0.541348,-1,-1,-1
457,6,1057.661,419.957,172.551,546.135,0.863213,-1,-1,-1
457,4,1146.649,402.054,298.958,673.747,0.907772,-1,-1,-1
458,34,780.868,445.747,42.060,137.786,0.308277,-1,-1,-1
458,33,1386.322,423.459,144.296,358.034,0.901749,-1,-1,-1
458,31,363.266,384.860,468.407,695.140,0.803653,-1,-1,-1
458,30,314.009,449.218,44.087,123.762,0.427309,-1,-1,-1
458,25,381.919,462.089,49.537,118.263,0.682438,-1,-1,-1
458,23,221.155,516.218,96.615,140.073,0.467780,-1,-1,-1
458,22,810.102,407.082,98.592,302.220,0.763569,-1,-1,-1
458,9,413.747,457.971,49.143,117.863,0.470398,-1,-1,-1
458,6,1064.401,418.381,172.577,548.368,0.846143,-1,-1,-1
458,4,1145.198,403.247,334.533,672.861,0.906176,-1,-1,-1
459,34,784.603,441.808,45.037,140.597,0.382028,-1,-1,-1
459,33,1389.364,422.476,168.393,363.610,0.866661,-1,-1,-1
459,31,329.426,379.287,458.206,700.713,0.819988,-1,-1,-1
459,25,381.915,462.258,47.646,117.756,0.701702,-1,-1,-1
459,23,206.176,516.074,101.381,143.550,0.460022,-1,-1,-1
459,22,810.910,406.814,99.250,301.974,0.772468,-1,-1,-1
459,9,414.962,466.654,36.309,108.549,0.396536,-1,-1,-1
459,6,1072.819,417.204,170.588,551.483,0.841828,-1,-1,-1
459,5,651.959,440.001,148.959,301.401,0.733889,-1,-1,-1
459,4,1147.374,401.949,330.049,675.060,0.901210,-1,-1,-1
460,34,787.566,443.300,45.954,145.472,0.333607,-1,-1,-1
460,33,1394.362,427.370,181.837,366.999,0.885306,-1,-1,-1
460,31,291.688,375.413,490.819,704.587,0.761969,-1,-1,-1
460,23,196.457,517.967,103.524,146.940,0.401776,-1,-1,-1
460,22,801.795,406.250,116.010,302.460,0.777269,-1,-1,-1
460,6,1077.722,422.162,173.597,547.110,0.832278,-1,-1,-1
460,5,658.929,437.627,140.675,302.575,0.805908,-1,-1,-1
460,4,1149.875,398.481,325.326,679.103,0.903581,-1,-1,-1
461,33,1395.928,428.578,180.856,362.741,0.882802,-1,-1,-1
461,31,263.264,368.780,437.142,711.220,0.740618,-1,-1,-1
461,23,192.229,517.048,102.845,146.711,0.682341,-1,-1,-1
461,22,801.057,406.940,125.799,301.745,0.819799,-1,-1,-1
461,6,1082.219,421.627,178.122,552.171,0.824573,-1,-1,-1
461,5,654.590,435.231,141.318,306.562,0.862219,-1,-1,-1
461,4,1151.336,402.667,327.981,675.311,0.914924,-1,-1,-1
462,33,1401.743,431.432,180.457,368.858,0.909189,-1,-1,-1
462,31,242.256,362.155,416.201,717.845,0.862106,-1,-1,-1
462,23,177.107,515.677,109.494,151.015,0.603250,-1,-1,-1
462,22,800.223,406.768,124.400,303.515,0.807148,-1,-1,-1
462,6,1086.382,419.525,179.050,558.849,0.843868,-1,-1,-1
462,5,659.535,434.421,138.016,310.192,0.834723,-1,-1,-1
462,4,1155.360,406.333,324.116,671.687,0.913876,-1,-1,-1
463,33,1404.537,429.867,179.943,373.657,0.903723,-1,-1,-1
463,31,212.032,359.609,429.898,719.727,0.850610,-1,-1,-1
463,27,775.575,440.381,46.889,148.062,0.739136,-1,-1,-1
463,23,173.667,515.491,104.863,131.709,0.403391,-1,-1,-1
463,22,799.322,407.690,129.615,296.640,0.812259,-1,-1,-1
463,14,562.782,435.644,103.992,281.754,0.767412,-1,-1,-1
463,6,1087.061,414.778,180.274,562.564,0.865770,-1,-1,-1
463,5,671.302,432.953,126.541,306.397,0.822504,-1,-1,-1
463,4,1159.700,399.698,320.379,678.578,0.904266,-1,-1,-1
464,33,1408.219,425.939,172.595,376.704,0.876327,-1,-1,-1
464,31,178.543,355.988,433.255,724.012,0.824789,-1,-1,-1
464,27,774.748,439.372,48.045,147.047,0.742833,-1,-1,-1
464,23,166.794,515.425,99.994,146.455,0.564654,-1,-1,-1
464,22,799.900,407.106,129.346,301.683,0.842465,-1,-1,-1
464,14,561.989,434.183,106.331,283.210,0.763316,-1,-1,-1
464,6,1090.321,409.897,185.260,567.941,0.886234,-1,-1,-1
464,5,680.734,434.397,116.463,302.565,0.824755,-1,-1,-1
464,4,1166.618,398.698,317.737,674.428,0.892266,-1,-1,-1
465,33,1419.914,422.593,163.109,385.044,0.898312,-1,-1,-1
465,31,109.537,360.146,481.418,719.854,0.818843,-1,-1,-1
465,27,772.599,436.582,50.326,156.356,0.566338,-1,-1,-1
465,22,814.522,405.230,112.603,305.165,0.874942,-1,-1,-1
465,16,663.782,458.609,30.774,78.731,0.375855,-1,-1,-1
465,14,554.590,430.138,114.189,288.154,0.806623,-1,-1,-1
465,10,507.368,449.418,87.293,211.124,0.487086,-1,-1,-1
465,6,1093.270,413.370,183.955,563.707,0.878337,-1,-1,-1
465,5,683.365,433.174,116.441,304.767,0.836981,-1,-1,-1
465,4,1177.851,397.085,307.780,678.342,0.899585,-1,-1,-1
466,34,1098.210,430.312,54.757,157.594,0.458040,-1,-1,-1
466,33,1428.486,416.380,157.353,392.240,0.868632,-1,-1,-1
466,31,94.475,360.668,466.532,718.748,0.828140,-1,-1,-1
466,27,773.673,441.569,47.345,156.322,0.362907,-1,-1,-1
466,24,461.221,451.444,41.552,129.593,0.244214,-1,-1,-1
466,22,821.270,408.023,105.952,301.693,0.838381,-1,-1,-1
466,16,663.933,459.046,32.374,78.298,0.318913,-1,-1,-1
466,14,559.943,429.849,112.692,286.864,0.797610,-1,-1,-1
466,10,504.698,452.806,76.741,193.151,0.550264,-1,-1,-1
466,6,1097.224,417.086,184.259,562.913,0.866682,-1,-1,-1
466,5,685.733,433.475,117.906,303.091,0.855170,-1,-1,-1
466,4,1195.246,398.743,292.359,673.907,0.895419,-1,-1,-1
467,34,1842.861,439.908,75.345,216.524,0.308699,-1,-1,-1
467,33,1443.672,416.535,143.235,391.374,0.854516,-1,-1,-1
467,31,101.845,369.891,424.108,709.597,0.794840,-1,-1,-1
467,24,460.067,451.223,40.048,93.535,0.209771,-1,-1,-1
467,22,825.436,408.469,100.092,304.078,0.844792,-1,-1,-1
467,16,407.121,467.129,89.560,164.672,0.394128,-1,-1,-1
467,14,570.250,430.302,103.217,285.585,0.709095,-1,-1,-1
467,10,496.607,463.653,78.608,179.236,0.501242,-1,-1,-1
467,6,1100.885,416.491,183.123,566.988,0.859719,-1,-1,-1
467,5,688.145,434.222,121.695,302.388,0.864472,-1,-1,-1
467,4,1214.716,402.310,271.170,668.143,0.870548,-1,-1,-1
468,34,1841.527,448.121,76.720,207.660,0.393320,-1,-1,-1
468,33,1451.520,417.091,141.766,391.935,0.827932,-1,-1,-1
468,31,75.245,371.887,437.384,708.113,0.807859,-1,-1,-1
468,24,458.960,453.544,40.335,107.089,0.226437,-1,-1,-1
468,22,825.458,408.059,101.792,304.999,0.857578,-1,-1,-1
468,16,552.351,446.528,37.206,104.562,0.317172,-1,-1,-1
468,14,572.094,427.794,103.046,284.659,0.835628,-1,-1,-1
468,10,500.305,443.724,69.491,195.175,0.581906,-1,-1,-1
468,6,1106.597,417.827,181.419,580.048,0.863741,-1,-1,-1
468,5,691.182,433.979,118.863,302.463,0.840568,-1,-1,-1
468,4,1234.098,400.045,259.577,667.365,0.866111,-1,-1,-1
469,34,1845.093,468.001,73.446,189.235,0.347554,-1,-1,-1
469,33,1467.672,416.245,131.300,392.294,0.859124,-1,-1,-1
469,31,21.024,383.921,467.936,696.079,0.790747,-1,-1,-1
469,24,417.826,491.280,69.750,141.750,0.359349,-1,-1,-1
469,22,827.925,404.236,97.946,305.874,0.846741,-1,-1,-1
469,16,556.564,449.292,33.844,89.893,0.399474,-1,-1,-1
469,14,575.210,428.017,102.326,283.726,0.840002,-1,-1,-1
469,10,498.963,453.994,69.015,190.587,0.388453,-1,-1,-1
469,6,1108.548,415.251,182.872,588.531,0.895833,-1,-1,-1
469,5,697.777,431.906,127.122,305.157,0.845022,-1,-1,-1
469,4,1251.346,391.659,253.785,677.071,0.869078,-1,-1,-1
470,34,1843.637,457.105,74.779,199.839,0.329238,-1,-1,-1
470,33,1476.387,413.262,128.418,394.313,0.874486,-1,-1,-1
470,31,12.326,389.869,463.167,690.131,0.766986,-1,-1,-1
470,24,1082.020,433.384,66.116,162.823,0.450050,-1,-1,-1
470,22,828.221,403.631,98.394,309.218,0.847859,-1,-1,-1
470,16,560.708,450.109,32.349,93.319,0.474396,-1,-1,-1
470,14,583.378,429.255,98.585,283.887,0.820050,-1,-1,-1
470,10,489.175,469.137,76.428,179.850,0.647998,-1,-1,-1
470,6,1114.858,414.944,184.158,598.466,0.901344,-1,-1,-1
470,5,703.241,432.947,132.821,301.134,0.823042,-1,-1,-1
470,4,1283.771,399.449,235.868,667.960,0.852064,-1,-1,-1
470,2,1285.636,430.862,85.409,490.343,0.666965,-1,-1,-1
471,34,1843.809,462.505,74.153,193.436,0.352390,-1,-1,-1
471,33,1483.871,413.918,127.298,393.774,0.877657,-1,-1,-1
471,31,2.989,394.854,450.580,685.146,0.806727,-1,-1,-1
471,24,406.393,500.491,73.183,131.440,0.343941,-1,-1,-1
471,22,828.703,405.009,101.597,306.441,0.855029,-1,-1,-1
471,16,563.245,451.968,30.409,87.657,0.389697,-1,-1,-1
471,14,580.376,430.222,103.184,284.013,0.834889,-1,-1,-1
471,10,480.616,461.493,80.699,192.342,0.457060,-1,-1,-1
471,6,1123.363,416.988,178.286,595.347,0.877612,-1,-1,-1
471,5,707.858,433.120,140.417,302.436,0.791677,-1,-1,-1
471,4,1303.187,398.521,229.113,673.799,0.873028,-1,-1,-1
471,2,1291.941,424.104,84.289,492.617,0.621100,-1,-1,-1
472,34,1843.219,461.608,75.270,194.541,0.407157,-1,-1,-1
472,33,1491.339,412.233,127.101,400.752,0.854717,-1,-1,-1
472,31,3.108,396.527,432.480,682.810,0.790013,-1,-1,-1
472,22,829.082,403.944,105.742,305.188,0.841501,-1,-1,-1
472,16,562.924,451.795,30.164,82.863,0.566366,-1,-1,-1
472,14,582.232,432.336,107.393,278.664,0.838830,-1,-1,-1
472,10,455.885,466.496,94.784,186.290,0.415250,-1,-1,-1
472,6,1127.915,415.851,174.464,597.240,0.882725,-1,-1,-1
472,5,723.195,432.809,134.400,304.271,0.820232,-1,-1,-1
472,4,1316.474,397.786,220.681,675.096,0.882474,-1,-1,-1
472,2,1291.276,416.115,92.559,506.533,0.652279,-1,-1,-1
473,34,1843.114,466.515,73.137,189.528,0.322667,-1,-1,-1
473,33,1497.354,411.646,126.411,396.251,0.870868,-1,-1,-1
473,31,3.046,397.579,466.816,682.421,0.730076,-1,-1,-1
473,22,831.753,404.770,108.604,307.300,0.799406,-1,-1,-1
473,16,560.304,450.090,34.958,85.997,0.559037,-1,-1,-1
473,14,586.958,430.257,101.137,280.524,0.842040,-1,-1,-1
473,10,452.692,468.001,92.915,187.472,0.547242,-1,-1,-1
473,6,1131.198,416.725,181.084,597.717,0.887661,-1,-1,-1
473,5,730.469,434.667,130.486,303.406,0.851594,-1,-1,-1
473,4,1320.758,392.745,223.094,686.257,0.879635,-1,-1,-1
473,2,1288.474,418.086,100.799,504.924,0.583790,-1,-1,-1
474,34,1842.120,467.306,74.831,189.320,0.409532,-1,-1,-1
474,33,1500.405,411.797,130.514,400.439,0.873768,-1,-1,-1
474,31,2.664,397.304,481.564,682.696,0.661466,-1,-1,-1
474,30,525.216,458.555,27.684,75.968,0.464743,-1,-1,-1
474,22,834.121,405.316,111.744,305.548,0.787727,-1,-1,-1
474,16,562.954,451.901,31.020,83.030,0.542645,-1,-1,-1
474,14,588.210,428.025,104.880,283.683,0.837606,-1,-1,-1
474,10,448.933,470.279,94.302,190.408,0.543443,-1,-1,-1
474,9,1080.736,445.101,62.298,149.981,0.370947,-1,-1,-1
474,6,1138.169,414.676,178.048,598.232,0.898391,-1,-1,-1
474,5,722.569,433.403,137.237,300.945,0.847502,-1,-1,-1
474,4,1325.550,393.695,223.273,686.305,0.890788,-1,-1,-1
474,2,1295.529,412.640,95.148,516.465,0.613285,-1,-1,-1
475,33,1504.691,408.852,143.921,403.537,0.826751,-1,-1,-1
475,31,0.871,396.521,431.198,683.479,0.686382,-1,-1,-1
475,30,526.228,454.686,28.920,79.125,0.481678,-1,-1,-1
475,24,709.646,450.643,31.378,87.308,0.402855,-1,-1,-1
475,22,839.305,407.451,107.808,303.764,0.707325,-1,-1,-1
475,16,562.290,451.588,31.523,82.871,0.537962,-1,-1,-1
475,14,593.773,428.187,102.537,281.724,0.806954,-1,-1,-1
475,10,437.935,471.881,105.249,191.599,0.622928,-1,-1,-1
475,6,1142.830,416.981,178.222,597.993,0.900330,-1,-1,-1
475,5,730.879,431.859,132.085,305.954,0.832612,-1,-1,-1
475,4,1328.486,391.282,224.306,688.718,0.920391,-1,-1,-1
475,2,1304.568,416.894,85.511,515.672,0.548895,-1,-1,-1
476,33,1510.839,411.125,172.572,401.476,0.870946,-1,-1,-1
476,31,1.610,388.589,397.839,691.411,0.683754,-1,-1,-1
476,30,526.965,455.196,28.931,77.417,0.469586,-1,-1,-1
476,24,709.226,451.660,33.370,84.183,0.501593,-1,-1,-1
476,22,837.005,405.381,86.025,303.067,0.699395,-1,-1,-1
476,16,562.667,451.477,31.428,79.720,0.563646,-1,-1,-1
476,14,591.426,430.731,110.373,276.675,0.817353,-1,-1,-1
476,10,439.157,475.462,92.368,184.253,0.642139,-1,-1,-1
476,8,890.058,431.548,93.288,258.515,0.718114,-1,-1,-1
476,6,1145.344,415.640,182.786,598.746,0.905084,-1,-1,-1
476,5,734.654,432.742,128.006,304.555,0.839503,-1,-1,-1
476,4,1333.857,392.826,219.207,687.174,0.896865,-1,-1,-1
476,2,1308.508,411.438,94.876,528.672,0.569208,-1,-1,-1
477,33,1511.574,408.488,185.837,408.597,0.884666,-1,-1,-1
477,31,0.820,381.627,314.316,698.373,0.746775,-1,-1,-1
477,30,526.355,454.978,29.969,77.921,0.546787,-1,-1,-1
477,24,711.139,449.770,32.542,87.964,0.475416,-1,-1,-1
477,22,838.242,406.745,88.348,301.312,0.749171,-1,-1,-1
477,16,562.542,451.511,30.859,78.417,0.571255,-1,-1,-1
477,14,597.249,430.071,109.335,275.326,0.791757,-1,-1,-1
477,10,433.836,476.595,89.001,187.613,0.558204,-1,-1,-1
477,8,889.419,433.145,102.551,252.432,0.711064,-1,-1,-1
477,6,1147.826,416.080,185.800,599.465,0.898424,-1,-1,-1
477,5,741.750,429.342,120.198,307.199,0.826618,-1,-1,-1
477,4,1340.927,397.278,217.261,682.722,0.887804,-1,-1,-1
477,2,1312.062,414.118,97.887,529.953,0.672494,-1,-1,-1
478,37,723.156,450.827,32.312,83.723,0.415485,-1,-1,-1
478,34,0.000,367.318,594.992,712.177,0.340587,-1,-1,-1
478,33,1520.455,410.236,195.837,407.772,0.895710,-1,-1,-1
478,31,0.000,371.729,283.030,708.271,0.780272,-1,-1,-1
478,24,709.207,451.766,33.137,83.707,0.432385,-1,-1,-1
478,22,837.594,405.352,92.299,304.551,0.737922,-1,-1,-1
478,16,561.431,450.911,32.266,80.469,0.589363,-1,-1,-1
478,14,603.147,431.307,110.615,277.057,0.796220,-1,-1,-1
478,10,417.061,474.058,96.952,190.911,0.642590,-1,-1,-1
478,9,1089.301,436.401,60.079,158.727,0.515185,-1,-1,-1
478,8,887.605,430.830,113.496,254.735,0.662481,-1,-1,-1
478,6,1154.381,415.269,185.063,602.351,0.893958,-1,-1,-1
478,5,743.215,429.856,120.321,305.617,0.809578,-1,-1,-1
478,4,1341.688,393.815,224.038,684.473,0.887943,-1,-1,-1
478,2,1313.352,419.505,100.794,516.781,0.666617,-1,-1,-1
479,37,725.932,453.507,30.035,82.849,0.298487,-1,-1,-1
479,33,1525.640,409.371,208.242,413.470,0.903132,-1,-1,-1
479,31,0.000,374.623,256.301,705.377,0.785122,-1,-1,-1
479,24,708.838,454.395,32.138,81.791,0.348796,-1,-1,-1
479,22,839.151,407.831,88.245,300.198,0.801144,-1,-1,-1
479,16,561.574,451.039,32.821,80.457,0.560082,-1,-1,-1
479,14,601.755,436.897,111.051,270.462,0.802879,-1,-1,-1
479,10,409.770,475.232,99.625,193.909,0.699826,-1,-1,-1
479,9,1087.773,434.133,62.408,161.285,0.487462,-1,-1,-1
479,8,890.680,431.376,114.517,253.872,0.758259,-1,-1,-1
479,6,1158.548,415.641,183.141,604.202,0.895424,-1,-1,-1
479,5,750.600,429.295,114.492,306.798,0.818636,-1,-1,-1
479,4,1346.081,391.112,228.290,688.888,0.901638,-1,-1,-1
479,2,1316.792,416.632,102.044,530.997,0.667776,-1,-1,-1
480,38,527.839,454.675,29.045,76.813,0.503278,-1,-1,-1
480,37,726.814,451.433,29.981,82.581,0.272559,-1,-1,-1
480,33,1529.877,415.334,216.874,413.061,0.896339,-1,-1,-1
480,31,0.090,386.873,221.272,691.719,0.709236,-1,-1,-1
480,24,706.499,454.889,32.488,82.236,0.308117,-1,-1,-1
480,22,837.481,409.230,90.548,300.244,0.820810,-1,-1,-1
480,16,560.883,451.316,33.741,81.652,0.578998,-1,-1,-1
480,14,605.126,430.705,114.951,274.124,0.813950,-1,-1,-1
480,10,404.405,479.461,102.754,193.606,0.719156,-1,-1,-1
480,9,1087.510,436.026,61.516,158.817,0.265791,-1,-1,-1
480,8,893.595,433.011,113.190,254.298,0.785896,-1,-1,-1
480,6,1163.277,414.058,178.544,605.704,0.871971,-1,-1,-1
480,5,756.221,431.960,109.692,299.832,0.809778,-1,-1,-1
480,4,1349.219,393.537,244.325,686.444,0.888371,-1,-1,-1
480,2,1321.500,411.347,104.300,564.185,0.643383,-1,-1,-1
481,38,528.584,455.834,27.998,75.040,0.512904,-1,-1,-1
481,37,729.369,449.755,25.498,82.582,0.209727,-1,-1,-1
481,33,1535.802,417.892,213.817,412.421,0.896346,-1,-1,-1
481,31,0.000,399.501,220.629,680.499,0.775128,-1,-1,-1
481,24,709.356,455.748,31.091,84.217,0.351673,-1,-1,-1
481,22,845.834,407.863,83.988,301.668,0.802010,-1,-1,-1
481,16,562.408,451.822,32.541,81.657,0.604371,-1,-1,-1
481,14,608.086,432.454,115.739,275.524,0.807928,-1,-1,-1
481,10,405.174,476.012,89.924,191.963,0.711337,-1,-1,-1
481,9,1089.271,434.297,61.093,162.020,0.481690,-1,-1,-1
481,8,894.021,433.438,113.428,254.359,0.791702,-1,-1,-1
481,6,1166.855,412.057,178.237,608.091,0.860792,-1,-1,-1
481,5,760.528,431.792,113.072,295.368,0.805264,-1,-1,-1
481,4,1351.297,393.639,259.917,686.092,0.890624,-1,-1,-1
481,2,1325.004,408.644,106.301,560.625,0.715907,-1,-1,-1
482,38,527.347,456.205,29.340,74.571,0.565401,-1,-1,-1
482,33,1542.654,418.114,209.396,413.455,0.895930,-1,-1,-1
482,31,0.060,437.525,191.154,642.475,0.683669,-1,-1,-1
482,24,711.822,455.845,31.750,80.513,0.319978,-1,-1,-1
482,22,845.823,406.951,83.753,300.845,0.815795,-1,-1,-1
482,16,562.406,451.248,33.582,82.760,0.599927,-1,-1,-1
482,14,612.337,430.282,111.457,274.731,0.839718,-1,-1,-1
482,10,401.899,475.783,90.861,196.124,0.641147,-1,-1,-1
482,9,1091.592,432.167,59.321,164.497,0.452825,-1,-1,-1
482,8,898.783,436.988,108.403,249.618,0.789563,-1,-1,-1
482,6,1171.039,410.438,176.631,606.180,0.864127,-1,-1,-1
482,5,759.316,432.387,115.529,295.197,0.848038,-1,-1,-1
482,4,1347.718,387.600,272.766,692.400,0.894635,-1,-1,-1
482,2,1327.250,410.588,107.514,551.532,0.691853,-1,-1,-1
483,38,528.673,455.349,28.371,75.224,0.550435,-1,-1,-1
483,33,1548.530,420.990,214.307,420.522,0.910078,-1,-1,-1
483,31,0.392,458.034,168.427,621.966,0.587079,-1,-1,-1
483,30,1186.150,448.833,33.191,85.401,0.377266,-1,-1,-1
483,27,742.433,447.862,42.111,131.395,0.597399,-1,-1,-1
483,22,846.904,405.735,83.493,302.945,0.800946,-1,-1,-1
483,16,562.937,452.159,32.610,80.613,0.562957,-1,-1,-1
483,14,615.677,432.271,115.434,270.219,0.828843,-1,-1,-1
483,10,383.264,476.236,110.788,194.641,0.431670,-1,-1,-1
483,9,1102.235,434.441,50.524,160.444,0.397555,-1,-1,-1
483,8,900.366,435.967,107.084,251.736,0.774445,-1,-1,-1
483,6,1175.502,412.811,177.241,602.562,0.886998,-1,-1,-1
483,5,769.978,430.271,108.844,297.150,0.876664,-1,-1,-1
483,4,1353.319,390.157,277.210,689.503,0.903318,-1,-1,-1
483,2,1333.511,413.435,98.914,542.596,0.659328,-1,-1,-1
484,38,528.328,454.168,28.958,76.163,0.514446,-1,-1,-1
484,33,1553.179,420.307,211.715,419.725,0.886021,-1,-1,-1
484,31,0.000,532.927,207.609,530.165,0.427709,-1,-1,-1
484,30,1186.532,447.483,33.958,86.584,0.510715,-1,-1,-1
484,27,739.315,447.602,48.657,135.601,0.777981,-1,-1,-1
484,22,850.355,406.460,78.484,301.322,0.789274,-1,-1,-1
484,16,562.460,450.391,34.132,82.447,0.550790,-1,-1,-1
484,14,621.680,427.446,117.625,280.581,0.863200,-1,-1,-1
484,10,361.870,474.616,124.183,197.689,0.602768,-1,-1,-1
484,9,1099.954,432.829,54.462,162.621,0.557836,-1,-1,-1
484,8,900.175,437.759,105.703,251.987,0.780427,-1,-1,-1
484,6,1179.787,417.008,175.585,597.529,0.897239,-1,-1,-1
484,5,784.413,430.491,96.802,301.708,0.765648,-1,-1,-1
484,4,1353.864,397.297,284.242,682.149,0.911256,-1,-1,-1
484,2,1334.126,425.432,115.811,529.640,0.618029,-1,-1,-1
485,38,528.561,454.068,29.204,77.512,0.498296,-1,-1,-1
485,33,1575.596,417.202,185.963,425.456,0.880077,-1,-1,-1
485,31,0.031,539.895,139.259,540.105,0.540518,-1,-1,-1
485,30,1187.304,445.479,32.802,83.413,0.487158,-1,-1,-1
485,27,739.394,449.948,43.785,132.477,0.768251,-1,-1,-1
485,22,852.598,404.143,76.049,300.905,0.765831,-1,-1,-1
485,16,562.446,450.413,36.563,84.425,0.556932,-1,-1,-1
485,14,626.146,425.161,116.805,281.143,0.809160,-1,-1,-1
485,10,356.540,475.889,122.369,201.723,0.533937,-1,-1,-1
485,9,1102.348,435.803,49.244,156.605,0.422396,-1,-1,-1
485,8,887.981,440.990,118.519,250.059,0.768548,-1,-1,-1
485,6,1187.585,420.279,172.049,597.687,0.878464,-1,-1,-1
485,5,795.378,430.655,94.337,297.461,0.735490,-1,-1,-1
485,4,1355.256,396.661,292.594,683.339,0.902703,-1,-1,-1
485,2,1333.981,428.970,113.634,525.985,0.592033,-1,-1,-1
486,38,530.307,453.753,28.453,78.139,0.474455,-1,-1,-1
486,33,1581.125,416.332,182.889,428.302,0.907984,-1,-1,-1
486,31,0.153,491.999,122.928,524.574,0.393327,-1,-1,-1
486,30,1186.281,446.329,33.892,84.194,0.562001,-1,-1,-1
486,27,736.992,447.552,45.404,134.153,0.755237,-1,-1,-1
486,24,1083.348,444.181,51.443,154.591,0.464706,-1,-1,-1
486,22,858.914,413.824,69.775,278.754,0.707494,-1,-1,-1
486,16,564.568,449.809,34.829,82.290,0.524325,-1,-1,-1
486,14,631.522,429.990,123.342,275.817,0.819495,-1,-1,-1
486,10,348.767,472.872,142.065,209.824,0.576808,-1,-1,-1
486,9,1101.483,434.290,50.450,158.962,0.418101,-1,-1,-1
486,8,892.076,433.912,116.450,256.296,0.788819,-1,-1,-1
486,6,1194.370,418.601,175.447,597.789,0.898916,-1,-1,-1
486,5,794.940,430.039,112.837,301.173,0.766224,-1,-1,-1
486,4,1356.264,393.830,291.305,682.766,0.883898,-1,-1,-1
486,2,1337.097,422.901,118.479,528.455,0.578197,-1,-1,-1
487,39,1063.763,448.133,30.450,103.645,0.280307,-1,-1,-1
487,38,531.224,457.342,28.137,74.572,0.461396,-1,-1,-1
487,33,1589.877,416.725,174.021,428.070,0.893760,-1,-1,-1
487,31,0.000,522.519,100.398,494.243,0.291919,-1,-1,-1
487,30,1186.050,445.709,34.062,85.461,0.628525,-1,-1,-1
487,27,735.889,447.225,44.712,129.128,0.704588,-1,-1,-1
487,24,1086.996,464.478,44.552,132.655,0.535035,-1,-1,-1
487,23,0.441,529.234,80.381,164.894,0.510974,-1,-1,-1
487,22,863.260,411.993,66.765,290.049,0.540644,-1,-1,-1
487,16,566.605,450.458,34.956,82.027,0.538513,-1,-1,-1
487,14,631.933,423.994,135.243,278.939,0.845090,-1,-1,-1
487,10,342.492,476.316,133.414,209.468,0.584259,-1,-1,-1
487,9,1113.026,435.265,41.008,153.157,0.317681,-1,-1,-1
487,8,900.933,436.937,108.631,253.356,0.795983,-1,-1,-1
487,6,1195.479,419.287,186.362,598.331,0.905534,-1,-1,-1
487,5,797.904,430.288,120.667,298.270,0.728215,-1,-1,-1
487,4,1363.743,388.134,292.910,691.713,0.872346,-1,-1,-1
487,2,1343.465,429.820,122.044,533.180,0.547970,-1,-1,-1
488,39,1065.849,446.816,32.934,100.080,0.309703,-1,-1,-1
488,38,530.268,453.690,29.301,79.464,0.455641,-1,-1,-1
488,33,1592.533,414.082,174.405,433.677,0.867840,-1,-1,-1
488,31,0.000,503.799,73.625,462.405,0.248221,-1,-1,-1
488,30,1186.323,446.854,33.793,85.295,0.630802,-1,-1,-1
488,27,737.169,449.151,41.144,126.955,0.659778,-1,-1,-1
488,24,1086.027,447.975,48.404,148.961,0.534315,-1,-1,-1
488,23,0.000,526.259,72.136,159.401,0.309660,-1,-1,-1
488,22,863.097,415.146,68.849,286.075,0.423245,-1,-1,-1
488,16,561.716,449.739,37.343,84.949,0.555212,-1,-1,-1
488,14,637.540,430.757,127.564,274.653,0.827098,-1,-1,-1
488,10,328.658,477.639,138.534,205.202,0.491754,-1,-1,-1
488,9,1112.106,436.683,42.974,148.256,0.393680,-1,-1,-1
488,8,912.103,430.023,99.342,255.725,0.725955,-1,-1,-1
488,6,1198.227,419.077,199.554,601.229,0.892831,-1,-1,-1
488,5,796.069,432.548,136.065,299.323,0.818633,-1,-1,-1
488,4,1357.586,389.791,305.478,690.209,0.883291,-1,-1,-1
488,2,1349.317,421.390,121.833,528.619,0.609791,-1,-1,-1
489,39,1066.321,446.681,31.063,97.052,0.364235,-1,-1,-1
489,38,530.656,453.772,29.040,79.058,0.468599,-1,-1,-1
489,33,1603.718,413.597,165.534,435.238,0.848954,-1,-1,-1
489,30,1186.589,446.114,34.048,85.565,0.643004,-1,-1,-1
489,27,736.172,449.406,42.172,126.469,0.676617,-1,-1,-1
489,24,1087.282,440.290,48.166,154.863,0.416514,-1,-1,-1
489,22,862.108,413.897,71.469,270.497,0.466682,-1,-1,-1
489,16,562.165,450.324,36.576,84.117,0.564803,-1,-1,-1
489,14,638.504,433.698,128.273,271.379,0.861556,-1,-1,-1
489,10,315.369,479.939,134.971,211.185,0.604689,-1,-1,-1
489,9,1108.582,433.163,47.813,154.024,0.412799,-1,-1,-1
489,8,926.574,430.434,88.008,255.557,0.821905,-1,-1,-1
489,6,1201.063,417.782,197.295,602.828,0.899173,-1,-1,-1
489,5,797.776,436.943,140.611,293.264,0.828758,-1,-1,-1
489,4,1358.038,389.961,320.853,688.827,0.848697,-1,-1,-1
489,2,1355.786,424.935,118.897,512.844,0.660251,-1,-1,-1
490,39,1056.829,445.197,31.803,101.966,0.340092,-1,-1,-1
490,38,531.178,452.517,29.355,79.935,0.530704,-1,-1,-1
490,33,1608.578,404.752,167.277,445.584,0.854885,-1,-1,-1
490,30,1185.982,447.077,34.431,84.757,0.611884,-1,-1,-1
490,27,734.806,449.084,41.575,126.788,0.630969,-1,-1,-1
490,24,1086.378,438.633,59.445,155.195,0.392907,-1,-1,-1
490,22,862.376,408.587,76.352,270.921,0.485851,-1,-1,-1
490,16,564.260,449.891,34.458,82.447,0.552412,-1,-1,-1
490,14,643.486,434.477,123.291,271.042,0.879885,-1,-1,-1
490,10,292.335,500.392,163.529,193.623,0.424695,-1,-1,-1
490,9,1104.331,431.859,53.177,158.629,0.502864,-1,-1,-1
490,8,928.023,430.626,92.335,254.668,0.776321,-1,-1,-1
490,6,1202.750,418.452,199.028,602.799,0.904778,-1,-1,-1
490,5,796.987,436.767,146.275,294.661,0.783377,-1,-1,-1
490,4,1365.639,394.875,321.957,683.654,0.757927,-1,-1,-1
490,2,1356.559,421.984,125.839,521.746,0.527250,-1,-1,-1
491,39,1053.910,443.854,35.246,104.355,0.234463,-1,-1,-1
491,38,531.880,449.668,30.155,83.445,0.512809,-1,-1,-1
491,34,413.660,458.560,51.807,114.446,0.502165,-1,-1,-1
491,33,1613.232,402.806,166.496,449.639,0.845856,-1,-1,-1
491,30,1185.769,447.319,34.566,83.675,0.601574,-1,-1,-1
491,27,734.115,446.050,42.869,130.645,0.664131,-1,-1,-1
491,24,1080.707,439.798,48.482,150.334,0.457100,-1,-1,-1
491,22,859.566,410.166,81.461,263.407,0.290396,-1,-1,-1
491,16,564.393,449.067,35.034,83.768,0.555357,-1,-1,-1
491,14,644.918,432.451,122.114,275.047,0.866342,-1,-1,-1
491,10,304.920,485.726,143.713,207.969,0.553693,-1,-1,-1
491,9,1108.416,431.147,49.293,158.003,0.481529,-1,-1,-1
491,8,940.001,428.477,83.793,261.284,0.751165,-1,-1,-1
491,6,1204.262,418.930,198.965,603.086,0.897447,-1,-1,-1
491,5,800.071,438.525,147.568,290.974,0.767963,-1,-1,-1
491,4,1366.401,388.982,339.861,691.018,0.831797,-1,-1,-1
491,2,1349.463,413.041,165.305,538.444,0.514965,-1,-1,-1
492,40,0.580,452.501,316.479,627.499,0.212709,-1,-1,-1
492,38,531.777,451.733,30.111,81.832,0.533374,-1,-1,-1
492,34,413.842,459.764,53.400,115.303,0.448182,-1,-1,-1
492,33,1628.302,404.731,158.768,452.281,0.870193,-1,-1,-1
492,30,1185.430,447.564,34.272,83.232,0.548489,-1,-1,-1
492,27,725.669,444.037,47.850,133.458,0.732197,-1,-1,-1
492,24,1080.218,441.916,52.029,152.563,0.356908,-1,-1,-1
492,16,564.197,449.542,35.297,83.119,0.564358,-1,-1,-1
492,14,645.098,429.031,123.675,279.680,0.854025,-1,-1,-1
492,10,302.725,480.501,141.051,212.715,0.536841,-1,-1,-1
492,9,1110.402,432.524,47.827,155.508,0.330608,-1,-1,-1
492,8,944.663,432.830,85.121,252.905,0.785639,-1,-1,-1
492,6,1209.864,420.185,201.698,604.574,0.896336,-1,-1,-1
492,5,799.815,437.750,152.433,296.589,0.884753,-1,-1,-1
492,4,1374.734,386.468,342.974,693.064,0.622724,-1,-1,-1
492,2,1365.739,413.396,133.786,534.155,0.256670,-1,-1,-1
493,40,0.000,431.479,307.167,648.521,0.422595,-1,-1,-1
493,38,531.739,452.025,29.547,81.030,0.515351,-1,-1,-1
493,34,413.969,464.302,50.597,109.279,0.362178,-1,-1,-1
493,33,1629.816,404.599,167.889,458.744,0.839989,-1,-1,-1
493,30,1186.774,447.841,32.964,82.797,0.426436,-1,-1,-1
493,27,725.489,441.364,45.919,135.862,0.689445,-1,-1,-1
493,24,1081.180,440.293,58.368,155.670,0.403200,-1,-1,-1
493,16,564.876,449.377,35.949,83.776,0.570697,-1,-1,-1
493,14,648.260,432.048,120.854,275.374,0.860370,-1,-1,-1
493,10,282.164,484.066,157.650,212.314,0.614003,-1,-1,-1
493,9,1112.151,432.259,47.012,154.248,0.216309,-1,-1,-1
493,8,951.839,431.930,82.410,253.184,0.832622,-1,-1,-1
493,6,1204.944,420.318,207.894,602.345,0.885932,-1,-1,-1
493,5,803.144,437.213,150.732,295.927,0.807917,-1,-1,-1
493,4,1371.203,383.315,322.361,693.010,0.743826,-1,-1,-1
494,41,1370.026,405.070,196.097,579.135,0.461136,-1,-1,-1
494,40,0.000,406.594,285.683,673.406,0.458269,-1,-1,-1
494,38,532.113,454.391,28.800,78.422,0.511901,-1,-1,-1
494,34,414.500,462.042,50.877,110.827,0.382822,-1,-1,-1
494,33,1624.745,404.310,182.975,469.379,0.800024,-1,-1,-1
494,30,1187.461,447.383,32.513,83.489,0.496563,-1,-1,-1
494,27,728.808,444.366,41.770,133.370,0.667318,-1,-1,-1
494,24,1083.410,439.053,61.101,158.005,0.599457,-1,-1,-1
494,16,565.548,449.952,35.867,84.012,0.576822,-1,-1,-1
494,14,647.129,433.299,124.141,273.263,0.835739,-1,-1,-1
494,10,287.213,476.687,143.568,218.587,0.529023,-1,-1,-1
494,9,1109.674,430.908,47.703,159.594,0.201517,-1,-1,-1
494,8,955.572,431.963,87.688,254.895,0.814254,-1,-1,-1
494,6,1206.760,419.994,212.759,601.827,0.872371,-1,-1,-1
494,5,805.309,432.791,149.247,300.345,0.749717,-1,-1,-1
494,4,1375.622,384.504,320.766,690.525,0.775326,-1,-1,-1
495,40,0.000,414.541,262.763,665.459,0.524309,-1,-1,-1
495,38,532.160,452.656,29.348,80.414,0.517968,-1,-1,-1
495,34,413.804,462.721,52.791,109.237,0.308503,-1,-1,-1
495,33,1627.199,403.461,186.085,458.403,0.785643,-1,-1,-1
495,30,1185.907,448.422,33.327,83.142,0.445568,-1,-1,-1
495,27,729.218,445.576,41.036,135.767,0.498306,-1,-1,-1
495,25,378.921,464.185,55.131,114.076,0.410308,-1,-1,-1
495,24,1082.374,436.967,61.912,160.581,0.590002,-1,-1,-1
495,22,810.756,444.402,96.000,271.473,0.224120,-1,-1,-1
495,16,565.368,448.616,35.731,85.915,0.608517,-1,-1,-1
495,14,650.966,433.316,120.805,273.830,0.841273,-1,-1,-1
495,10,272.993,477.463,141.195,218.948,0.414610,-1,-1,-1
495,9,1101.372,430.292,54.628,164.468,0.215591,-1,-1,-1
495,8,956.819,432.333,97.294,252.280,0.781755,-1,-1,-1
495,6,1206.473,419.538,217.734,603.572,0.867979,-1,-1,-1
495,5,811.461,429.740,143.266,302.429,0.805659,-1,-1,-1
495,4,1377.016,380.230,314.743,695.359,0.832649,-1,-1,-1
496,40,0.000,443.205,248.190,636.795,0.303131,-1,-1,-1
496,38,532.578,455.272,29.314,78.419,0.568419,-1,-1,-1
496,34,414.328,462.180,51.808,109.575,0.301759,-1,-1,-1
496,33,1630.868,399.769,197.392,475.235,0.797986,-1,-1,-1
496,30,1184.924,447.811,33.947,83.642,0.394969,-1,-1,-1
496,27,730.065,441.079,39.194,140.357,0.240433,-1,-1,-1
496,25,378.753,463.665,55.583,114.260,0.404260,-1,-1,-1
496,24,1835.902,403.173,84.098,255.094,0.344043,-1,-1,-1
496,16,565.888,449.059,35.404,84.728,0.650127,-1,-1,-1
496,14,653.110,432.389,118.034,274.268,0.838341,-1,-1,-1
496,10,265.089,474.637,155.399,226.999,0.581871,-1,-1,-1
496,9,1085.273,431.253,63.733,164.742,0.507565,-1,-1,-1
496,8,955.528,434.837,113.426,248.025,0.826619,-1,-1,-1
496,6,1207.683,418.376,219.183,603.892,0.883836,-1,-1,-1
496,5,818.071,434.297,138.224,300.184,0.855905,-1,-1,-1
496,4,1382.651,377.754,313.518,700.247,0.800935,-1,-1,-1
497,40,0.202,451.012,231.338,628.988,0.295768,-1,-1,-1
497,38,533.161,457.752,29.136,76.001,0.594725,-1,-1,-1
497,37,631.682,451.493,33.282,88.372,0.392134,-1,-1,-1
497,34,413.145,455.163,47.577,117.764,0.373702,-1,-1,-1
497,33,1641.674,403.359,169.964,471.445,0.821969,-1,-1,-1
497,30,1185.205,448.199,34.194,83.451,0.364361,-1,-1,-1
497,25,377.959,462.810,54.833,115.388,0.432677,-1,-1,-1
497,24,1840.989,424.587,78.760,232.731,0.308543,-1,-1,-1
497,16,565.817,451.168,35.099,82.366,0.627422,-1,-1,-1
497,14,659.540,430.815,112.646,276.856,0.840425,-1,-1,-1
497,10,259.707,475.769,153.334,225.806,0.659893,-1,-1,-1
497,9,1084.478,436.886,65.237,159.288,0.615764,-1,-1,-1
497,8,956.710,439.607,121.460,246.389,0.848685,-1,-1,-1
497,6,1207.606,419.227,226.633,603.791,0.896994,-1,-1,-1
497,5,826.411,433.989,129.826,302.228,0.842511,-1,-1,-1
497,4,1394.477,382.786,309.629,696.170,0.847407,-1,-1,-1
497,2,1377.194,406.206,161.910,563.644,0.645551,-1,-1,-1
498,40,0.150,444.074,210.701,635.926,0.426356,-1,-1,-1
498,38,532.953,455.978,29.692,78.159,0.614370,-1,-1,-1
498,37,631.276,450.387,33.254,87.290,0.389842,-1,-1,-1
498,34,412.704,454.842,48.059,118.393,0.361199,-1,-1,-1
498,33,1648.357,404.312,208.770,478.102,0.888514,-1,-1,-1
498,30,1181.495,449.720,37.160,83.111,0.491445,-1,-1,-1
498,25,378.309,464.012,55.531,114.250,0.393703,-1,-1,-1
498,24,1840.894,433.612,78.742,223.817,0.302932,-1,-1,-1
498,16,566.473,450.755,34.771,82.603,0.654968,-1,-1,-1
498,14,667.052,430.221,105.229,278.851,0.839708,-1,-1,-1
498,10,264.981,478.234,148.451,226.908,0.642021,-1,-1,-1
498,9,1084.721,434.658,68.059,162.142,0.524590,-1,-1,-1
498,8,957.481,438.662,128.777,248.238,0.826903,-1,-1,-1
498,6,1214.276,418.679,222.618,599.671,0.886454,-1,-1,-1
498,5,836.677,424.325,114.898,310.683,0.815336,-1,-1,-1
498,4,1413.677,376.190,295.247,703.810,0.807364,-1,-1,-1
498,2,1364.387,407.718,177.297,555.336,0.645333,-1,-1,-1
499,38,532.712,456.400,30.295,78.061,0.652331,-1,-1,-1
499,37,628.546,450.825,35.132,89.696,0.406987,-1,-1,-1
499,34,412.973,456.293,47.005,117.206,0.377021,-1,-1,-1
499,33,1652.809,411.050,219.163,472.282,0.890513,-1,-1,-1
499,30,1184.630,447.328,34.470,83.929,0.391551,-1,-1,-1
499,25,378.314,463.341,54.245,115.272,0.463507,-1,-1,-1
499,16,565.902,453.584,34.877,80.417,0.631426,-1,-1,-1
499,14,675.552,431.020,97.659,278.011,0.878152,-1,-1,-1
499,10,231.334,479.558,164.251,228.787,0.651422,-1,-1,-1
499,9,1077.602,436.400,75.018,161.556,0.497054,-1,-1,-1
499,8,958.331,430.540,131.960,255.582,0.834691,-1,-1,-1
499,6,1216.634,416.358,225.806,602.244,0.895916,-1,-1,-1
499,5,838.975,417.346,112.110,314.365,0.767732,-1,-1,-1
499,4,1426.938,373.757,305.547,706.054,0.762478,-1,-1,-1
499,2,1364.393,405.968,193.714,557.778,0.696842,-1,-1,-1
500,39,1072.205,439.218,39.868,130.000,0.407324,-1,-1,-1
500,38,533.949,461.301,29.451,74.663,0.596652,-1,-1,-1
500,37,631.892,453.643,33.378,88.824,0.406415,-1,-1,-1
500,34,412.872,455.086,46.618,118.229,0.457955,-1,-1,-1
500,33,1657.819,412.272,235.244,480.473,0.884312,-1,-1,-1
500,30,1179.812,449.630,38.060,82.592,0.398201,-1,-1,-1
500,25,380.385,463.856,50.908,114.546,0.460334,-1,-1,-1
500,16,567.802,455.206,34.637,79.747,0.606912,-1,-1,-1
500,14,673.170,428.621,99.793,277.209,0.869452,-1,-1,-1
500,10,233.851,479.917,113.469,225.769,0.621624,-1,-1,-1
500,9,1081.900,439.866,71.631,159.553,0.529099,-1,-1,-1
500,8,963.604,437.407,128.451,249.254,0.822390,-1,-1,-1
500,6,1223.037,416.854,223.014,602.511,0.887938,-1,-1,-1
500,5,844.908,414.952,111.749,319.028,0.775682,-1,-1,-1
500,4,1442.571,374.911,298.234,705.089,0.771810,-1,-1,-1
500,2,1368.505,408.701,191.857,556.448,0.713883,-1,-1,-1
501,42,667.951,458.617,32.540,87.595,0.461176,-1,-1,-1
501,39,1072.876,440.232,36.449,123.679,0.392694,-1,-1,-1
501,38,534.702,463.456,29.507,73.089,0.580833,-1,-1,-1
501,37,632.379,454.242,33.983,89.818,0.339809,-1,-1,-1
501,34,413.130,456.247,46.156,116.277,0.495099,-1,-1,-1
501,33,1664.651,412.532,251.915,485.124,0.881428,-1,-1,-1
501,30,1177.991,448.813,39.556,83.452,0.436273,-1,-1,-1
501,25,380.375,463.891,50.820,113.989,0.514927,-1,-1,-1
501,16,569.717,454.388,33.771,80.965,0.609714,-1,-1,-1
501,14,686.671,430.472,89.366,276.567,0.822969,-1,-1,-1
501,10,219.525,478.512,157.477,238.732,0.560299,-1,-1,-1
501,9,1088.915,437.211,66.858,161.434,0.585475,-1,-1,-1
501,8,965.826,433.708,125.700,252.944,0.860942,-1,-1,-1
501,6,1241.920,417.616,209.460,606.513,0.870672,-1,-1,-1
501,5,854.219,421.955,111.864,312.721,0.753555,-1,-1,-1
501,4,1473.135,371.299,247.321,708.701,0.787391,-1,-1,-1
501,2,1378.457,411.990,187.452,550.888,0.782235,-1,-1,-1
502,42,667.871,460.415,30.560,81.703,0.297077,-1,-1,-1
502,40,0.155,380.728,141.645,699.272,0.453382,-1,-1,-1
502,39,1072.415,441.180,38.045,132.641,0.319740,-1,-1,-1
502,38,534.667,463.432,29.880,72.718,0.590317,-1,-1,-1
502,37,632.021,453.519,33.792,90.377,0.303116,-1,-1,-1
502,34,412.640,455.962,46.323,116.688,0.499096,-1,-1,-1
502,33,1679.003,408.801,234.405,485.654,0.877077,-1,-1,-1
502,30,1179.605,448.557,36.396,83.679,0.362636,-1,-1,-1
502,25,379.466,464.541,51.364,116.078,0.542346,-1,-1,-1
502,22,855.107,409.939,84.383,290.943,0.676404,-1,-1,-1
502,16,569.340,454.831,33.166,79.794,0.615867,-1,-1,-1
502,14,684.919,434.708,94.272,272.490,0.791946,-1,-1,-1
502,10,205.819,480.695,157.801,235.183,0.576772,-1,-1,-1
502,9,1087.331,435.489,68.598,162.154,0.538893,-1,-1,-1
502,8,967.610,437.216,124.093,249.386,0.828036,-1,-1,-1
502,6,1255.998,418.501,205.675,604.627,0.868921,-1,-1,-1
502,5,869.709,431.533,102.838,305.060,0.765526,-1,-1,-1
502,4,1491.399,371.906,268.191,708.094,0.792050,-1,-1,-1
502,2,1386.830,411.923,180.361,552.407,0.816999,-1,-1,-1
503,42,667.010,458.706,31.604,84.297,0.373895,-1,-1,-1
503,40,0.311,412.012,118.564,667.988,0.452617,-1,-1,-1
503,39,1073.018,441.290,39.582,129.852,0.575636,-1,-1,-1
503,38,534.420,462.021,30.263,75.095,0.587606,-1,-1,-1
503,37,633.407,454.101,34.263,90.013,0.387777,-1,-1,-1
503,34,412.909,454.544,47.430,117.934,0.466653,-1,-1,-1
503,33,1682.954,409.450,233.227,486.468,0.882497,-1,-1,-1
503,30,1180.561,448.314,38.646,83.300,0.411092,-1,-1,-1
503,25,379.598,464.728,51.844,116.252,0.504446,-1,-1,-1
503,24,980.775,450.417,45.489,138.205,0.308281,-1,-1,-1
503,22,857.278,409.752,81.255,290.936,0.651287,-1,-1,-1
503,16,569.682,454.706,33.662,80.127,0.596043,-1,-1,-1
503,14,695.723,433.225,84.394,269.161,0.817970,-1,-1,-1
503,10,190.303,480.617,141.812,233.395,0.482104,-1,-1,-1
503,9,1084.640,437.152,71.248,163.057,0.537104,-1,-1,-1
503,8,976.492,436.803,116.640,248.464,0.812186,-1,-1,-1
503,6,1272.124,416.085,193.629,612.928,0.886301,-1,-1,-1
503,5,875.562,432.973,109.295,300.403,0.720692,-1,-1,-1
503,4,1502.244,372.448,277.463,707.552,0.796924,-1,-1,-1
503,2,1390.874,409.733,181.797,558.113,0.787512,-1,-1,-1
504,42,667.498,457.970,31.353,80.643,0.354451,-1,-1,-1
504,40,0.154,380.353,103.858,699.647,0.315153,-1,-1,-1
504,39,1072.474,438.143,42.223,132.306,0.746150,-1,-1,-1
504,38,534.231,458.958,31.291,78.741,0.608880,-1,-1,-1
504,37,632.948,454.191,35.285,90.838,0.369626,-1,-1,-1
504,34,413.262,457.588,48.142,114.530,0.440786,-1,-1,-1
504,33,1701.803,406.160,216.392,499.315,0.878734,-1,-1,-1
504,30,1178.294,446.341,39.443,84.863,0.322229,-1,-1,-1
504,25,379.558,463.508,51.206,114.503,0.496277,-1,-1,-1
504,24,1305.499,413.497,44.296,141.934,0.380089,-1,-1,-1
504,22,859.279,409.481,79.879,294.650,0.620812,-1,-1,-1
504,16,570.345,455.371,33.524,78.703,0.608392,-1,-1,-1
504,14,691.032,432.900,92.199,268.803,0.789866,-1,-1,-1
504,10,173.839,479.800,134.334,235.894,0.564885,-1,-1,-1
504,9,1098.026,430.417,64.263,168.705,0.704542,-1,-1,-1
504,8,977.632,426.346,112.497,260.492,0.827227,-1,-1,-1
504,6,1291.707,417.670,179.009,614.358,0.892123,-1,-1,-1
504,5,874.050,428.392,121.135,304.638,0.689507,-1,-1,-1
504,4,1507.014,373.079,262.797,706.921,0.785597,-1,-1,-1
504,2,1392.739,410.119,181.783,555.507,0.773240,-1,-1,-1
505,43,811.166,466.723,39.450,86.504,0.341047,-1,-1,-1
505,42,667.489,457.464,33.217,82.475,0.467945,-1,-1,-1
505,39,1071.484,439.846,44.597,132.461,0.767955,-1,-1,-1
505,38,534.505,456.846,32.181,81.124,0.605099,-1,-1,-1
505,37,632.799,453.792,35.201,90.031,0.440427,-1,-1,-1
505,34,412.870,457.576,48.819,114.536,0.439889,-1,-1,-1
505,33,1703.183,405.791,215.629,506.783,0.901704,-1,-1,-1
505,30,1172.669,447.475,43.735,83.796,0.388184,-1,-1,-1
505,25,379.162,462.988,52.367,115.751,0.525915,-1,-1,-1
505,24,1306.175,415.370,43.146,139.252,0.423185,-1,-1,-1
505,22,863.132,405.508,78.152,296.729,0.693371,-1,-1,-1
505,16,570.290,453.941,34.547,80.112,0.642434,-1,-1,-1
505,14,691.308,431.444,96.430,271.304,0.808574,-1,-1,-1
505,10,160.412,478.972,154.612,240.682,0.516705,-1,-1,-1
505,9,1098.790,433.150,62.304,162.783,0.658078,-1,-1,-1
505,8,994.659,441.669,96.091,243.919,0.763689,-1,-1,-1
505,6,1299.458,417.103,174.151,623.010,0.899192,-1,-1,-1
505,5,891.190,436.250,120.261,288.129,0.752420,-1,-1,-1
505,4,1512.214,372.565,281.499,707.435,0.762407,-1,-1,-1
505,2,1421.870,409.050,153.797,563.455,0.766527,-1,-1,-1
506,43,810.673,464.518,39.264,86.584,0.337118,-1,-1,-1
506,42,667.136,458.469,32.585,81.173,0.516658,-1,-1,-1
506,39,1071.417,439.558,45.056,136.638,0.682866,-1,-1,-1
506,38,535.152,458.885,31.360,78.410,0.571759,-1,-1,-1
506,37,632.990,453.852,34.936,89.431,0.526037,-1,-1,-1
506,34,412.547,454.986,47.260,117.155,0.427336,-1,-1,-1
506,33,1712.913,401.337,205.964,510.467,0.884787,-1,-1,-1
506,30,1172.718,446.422,45.498,85.045,0.337753,-1,-1,-1
506,25,380.295,463.853,50.201,113.954,0.452741,-1,-1,-1
506,22,864.728,407.533,76.767,299.568,0.746414,-1,-1,-1
506,16,571.241,454.425,33.314,79.432,0.636019,-1,-1,-1
506,14,696.129,431.483,95.841,272.993,0.823496,-1,-1,-1
506,10,147.767,482.877,163.582,241.089,0.468592,-1,-1,-1
506,9,1098.244,430.871,62.758,165.704,0.697056,-1,-1,-1
506,8,1006.740,437.548,84.704,246.343,0.783705,-1,-1,-1
506,6,1302.125,415.004,180.358,631.812,0.882822,-1,-1,-1
506,5,892.885,439.439,130.658,290.232,0.852763,-1,-1,-1
506,4,1514.435,371.396,282.110,708.604,0.778017,-1,-1,-1
506,2,1436.772,416.491,142.240,548.505,0.797695,-1,-1,-1
507,43,811.063,464.633,36.950,87.372,0.271599,-1,-1,-1
507,42,667.369,458.051,33.605,82.191,0.538755,-1,-1,-1
507,39,1072.810,443.241,41.453,121.217,0.568217,-1,-1,-1
507,38,535.176,458.275,30.441,79.643,0.567027,-1,-1,-1
507,37,633.282,455.033,33.911,85.965,0.482694,-1,-1,-1
507,34,412.710,456.712,49.410,114.900,0.329058,-1,-1,-1
507,33,1726.645,396.676,193.355,519.902,0.884614,-1,-1,-1
507,30,1169.810,447.154,44.530,84.759,0.268440,-1,-1,-1
507,25,380.323,463.439,50.344,114.493,0.416693,-1,-1,-1
507,22,867.476,405.404,74.014,299.013,0.707205,-1,-1,-1
507,16,571.607,454.657,33.109,79.590,0.632624,-1,-1,-1
507,14,698.406,432.279,107.981,270.012,0.765877,-1,-1,-1
507,10,145.896,479.006,128.886,244.527,0.663288,-1,-1,-1
507,9,1096.394,429.865,63.283,165.182,0.693934,-1,-1,-1
507,8,1012.478,448.398,81.664,235.301,0.735759,-1,-1,-1
507,6,1308.600,412.087,184.083,637.741,0.874156,-1,-1,-1
507,5,896.304,440.304,134.933,290.068,0.896910,-1,-1,-1
507,4,1520.559,369.012,277.902,710.988,0.833254,-1,-1,-1
507,2,1444.318,412.388,133.802,561.436,0.796118,-1,-1,-1
508,43,813.994,465.792,35.812,85.724,0.392466,-1,-1,-1
508,42,667.293,458.162,32.848,82.346,0.571426,-1,-1,-1
508,38,536.687,453.456,34.162,83.139,0.617193,-1,-1,-1
508,37,633.884,455.803,33.256,86.998,0.502747,-1,-1,-1
508,34,413.186,456.038,48.026,115.697,0.371604,-1,-1,-1
508,33,1740.701,397.592,179.299,516.898,0.880299,-1,-1,-1
508,30,1303.429,420.454,44.586,127.379,0.385869,-1,-1,-1
508,25,380.134,464.547,49.440,116.522,0.480152,-1,-1,-1
508,22,870.183,404.144,76.090,298.462,0.669322,-1,-1,-1
508,16,570.160,453.410,34.498,81.395,0.661201,-1,-1,-1
508,14,709.194,429.912,114.360,270.743,0.819409,-1,-1,-1
508,10,130.950,483.683,132.525,238.860,0.743832,-1,-1,-1
508,9,1093.035,432.010,68.040,164.324,0.529380,-1,-1,-1
508,8,1018.669,439.024,80.457,244.162,0.745687,-1,-1,-1
508,6,1311.402,412.055,197.396,644.741,0.895260,-1,-1,-1
508,5,899.759,445.447,140.756,285.350,0.848724,-1,-1,-1
508,4,1525.589,368.692,272.047,711.308,0.855445,-1,-1,-1
508,2,1451.635,415.148,129.810,561.695,0.788366,-1,-1,-1
509,43,811.052,466.467,38.170,85.948,0.409822,-1,-1,-1
509,42,667.167,459.140,31.499,81.651,0.548763,-1,-1,-1
509,38,538.792,453.535,33.372,81.978,0.647815,-1,-1,-1
509,37,635.502,458.917,30.547,84.857,0.446219,-1,-1,-1
509,34,413.350,457.882,50.650,114.010,0.329357,-1,-1,-1
509,33,1748.107,397.045,171.668,515.608,0.886509,-1,-1,-1
509,25,379.837,464.144,48.790,112.196,0.378249,-1,-1,-1
509,22,869.950,402.567,80.380,305.030,0.672307,-1,-1,-1
509,16,570.236,454.556,34.022,80.251,0.666034,-1,-1,-1
509,14,711.437,429.542,120.177,272.283,0.851412,-1,-1,-1
509,10,122.406,480.774,125.655,234.926,0.673911,-1,-1,-1
509,9,1095.804,432.598,65.534,162.376,0.621108,-1,-1,-1
509,8,1025.452,449.032,77.281,234.276,0.757363,-1,-1,-1
509,6,1316.426,413.215,225.949,647.408,0.893971,-1,-1,-1
509,5,899.622,443.059,155.134,288.079,0.862007,-1,-1,-1
509,4,1526.910,370.548,272.006,709.452,0.836073,-1,-1,-1
509,2,1458.037,419.327,130.029,560.718,0.767771,-1,-1,-1
510,43,814.471,466.726,35.926,86.494,0.500655,-1,-1,-1
510,42,666.664,458.168,30.340,82.830,0.543284,-1,-1,-1
510,38,537.518,454.958,32.359,81.082,0.589947,-1,-1,-1
510,37,638.214,457.687,29.912,86.753,0.457080,-1,-1,-1
510,34,413.473,455.654,47.507,118.626,0.414653,-1,-1,-1
510,33,1767.553,393.750,151.346,515.665,0.879112,-1,-1,-1
510,27,701.125,447.719,43.841,133.977,0.577883,-1,-1,-1
510,25,380.584,462.970,49.072,117.181,0.452766,-1,-1,-1
510,22,870.271,402.732,84.958,301.242,0.718450,-1,-1,-1
510,16,570.964,455.288,33.065,78.983,0.649125,-1,-1,-1
510,14,711.849,430.603,125.002,270.645,0.865215,-1,-1,-1
510,10,108.850,480.037,134.353,243.524,0.538417,-1,-1,-1
510,9,1097.670,437.521,63.494,158.328,0.507188,-1,-1,-1
510,8,1030.212,448.190,78.992,231.034,0.786824,-1,-1,-1
510,6,1314.910,414.349,244.978,647.069,0.892900,-1,-1,-1
510,5,898.773,441.981,156.203,289.938,0.884933,-1,-1,-1
510,4,1530.391,371.517,277.561,708.483,0.857311,-1,-1,-1
510,2,1465.465,417.106,125.506,563.807,0.716626,-1,-1,-1
511,43,814.743,472.115,35.130,81.464,0.381153,-1,-1,-1
511,42,667.349,459.562,30.915,83.034,0.544851,-1,-1,-1
511,38,538.500,453.913,32.003,81.455,0.570162,-1,-1,-1
511,37,637.511,458.078,30.719,86.773,0.511188,-1,-1,-1
511,34,414.009,455.794,45.963,117.205,0.463460,-1,-1,-1
511,33,1778.853,394.116,141.147,516.852,0.875259,-1,-1,-1
511,27,697.255,448.919,46.413,130.921,0.541609,-1,-1,-1
511,25,380.319,463.067,48.450,115.285,0.447563,-1,-1,-1
511,22,871.174,404.163,87.781,300.073,0.708758,-1,-1,-1
511,16,570.759,454.363,33.713,79.570,0.660304,-1,-1,-1
511,14,713.938,432.108,124.329,269.632,0.872756,-1,-1,-1
511,10,95.891,480.647,133.879,248.503,0.572104,-1,-1,-1
511,9,1097.098,431.996,63.387,163.802,0.527308,-1,-1,-1
511,8,1033.116,443.293,79.590,235.247,0.754846,-1,-1,-1
511,6,1313.097,415.801,250.968,650.799,0.886837,-1,-1,-1
511,5,899.555,441.685,157.258,288.913,0.914581,-1,-1,-1
511,4,1534.508,368.990,290.862,711.010,0.806618,-1,-1,-1
511,2,1469.070,420.974,124.828,558.163,0.701932,-1,-1,-1
512,43,813.568,467.217,37.543,85.791,0.365287,-1,-1,-1
512,42,667.556,458.828,30.715,82.585,0.560382,-1,-1,-1
512,38,537.640,455.383,32.420,81.261,0.607791,-1,-1,-1
512,37,637.840,458.001,30.737,86.670,0.441938,-1,-1,-1
512,34,416.360,465.142,41.445,105.702,0.318192,-1,-1,-1
512,33,1783.843,391.111,136.134,516.293,0.852922,-1,-1,-1
512,27,692.078,450.839,44.481,129.491,0.695313,-1,-1,-1
512,25,379.371,465.319,45.976,110.141,0.245984,-1,-1,-1
512,22,873.161,406.400,87.518,295.214,0.674478,-1,-1,-1
512,16,570.833,455.230,33.420,79.994,0.703882,-1,-1,-1
512,14,716.400,432.488,126.458,272.003,0.864452,-1,-1,-1
512,10,74.161,481.679,138.728,252.428,0.667327,-1,-1,-1
512,9,1095.079,432.817,67.057,163.188,0.670278,-1,-1,-1
512,8,1034.670,442.126,84.473,232.381,0.809717,-1,-1,-1
512,6,1312.070,416.073,251.262,654.285,0.904221,-1,-1,-1
512,5,898.928,440.445,159.746,291.638,0.910677,-1,-1,-1
512,4,1543.210,368.569,291.656,711.431,0.768197,-1,-1,-1
512,2,1471.254,427.161,125.446,547.337,0.669780,-1,-1,-1
513,43,813.088,464.140,37.787,90.311,0.238860,-1,-1,-1
513,42,667.246,458.796,30.247,82.656,0.638442,-1,-1,-1
513,38,538.026,454.221,32.152,81.836,0.553718,-1,-1,-1
513,37,637.147,458.054,33.329,87.716,0.535053,-1,-1,-1
513,34,416.546,463.893,41.867,106.761,0.322688,-1,-1,-1
513,33,1800.620,390.617,119.380,514.665,0.830354,-1,-1,-1
513,27,690.950,450.326,42.874,128.296,0.795092,-1,-1,-1
513,25,379.126,464.376,46.618,111.264,0.258816,-1,-1,-1
513,22,870.589,410.186,102.198,296.207,0.607256,-1,-1,-1
513,16,570.389,454.589,33.583,80.411,0.682771,-1,-1,-1
513,14,716.100,436.542,123.762,268.772,0.862369,-1,-1,-1
513,10,64.713,478.365,143.703,256.974,0.596742,-1,-1,-1
513,9,1099.697,433.954,61.823,163.497,0.679376,-1,-1,-1
513,8,1036.851,443.318,98.738,236.848,0.778742,-1,-1,-1
513,6,1313.738,414.139,257.450,658.970,0.897764,-1,-1,-1
513,5,899.058,438.617,161.296,293.739,0.902831,-1,-1,-1
513,4,1546.812,368.131,275.242,711.869,0.732632,-1,-1,-1
513,2,1481.204,413.750,119.610,544.687,0.727960,-1,-1,-1
514,43,813.253,464.556,36.927,91.017,0.231406,-1,-1,-1
514,42,666.793,458.463,30.064,82.714,0.633082,-1,-1,-1
514,38,542.803,450.874,32.279,84.352,0.599709,-1,-1,-1
514,37,636.460,455.298,34.221,91.730,0.537558,-1,-1,-1
514,34,415.739,463.481,42.117,106.976,0.355437,-1,-1,-1
514,33,1805.958,390.523,113.700,521.993,0.825099,-1,-1,-1
514,27,689.571,449.552,44.467,128.674,0.783309,-1,-1,-1
514,25,379.527,464.280,46.388,111.544,0.273874,-1,-1,-1
514,22,872.925,409.487,87.516,290.541,0.627106,-1,-1,-1
514,16,570.496,453.389,34.374,81.292,0.690584,-1,-1,-1
514,14,717.735,432.580,122.817,270.789,0.861554,-1,-1,-1
514,10,52.389,482.916,175.639,258.165,0.487100,-1,-1,-1
514,9,1101.177,434.848,58.415,162.846,0.599314,-1,-1,-1
514,8,1036.141,441.398,108.890,239.716,0.789051,-1,-1,-1
514,6,1313.950,416.813,260.594,657.134,0.887812,-1,-1,-1
514,5,899.188,441.217,162.320,291.154,0.890659,-1,-1,-1
514,4,1552.293,368.395,246.659,711.605,0.748104,-1,-1,-1
514,2,1484.296,416.040,127.454,547.015,0.725061,-1,-1,-1
515,42,667.402,458.452,29.234,82.747,0.613617,-1,-1,-1
515,38,541.104,450.427,32.478,84.065,0.566100,-1,-1,-1
515,37,636.227,454.953,34.521,92.576,0.621612,-1,-1,-1
515,34,415.903,463.336,42.202,107.205,0.365232,-1,-1,-1
515,33,1815.610,387.712,104.224,526.240,0.784252,-1,-1,-1
515,27,687.777,449.600,44.721,129.204,0.745112,-1,-1,-1
515,25,378.283,463.939,49.607,112.524,0.313533,-1,-1,-1
515,22,872.403,407.724,90.914,292.617,0.667143,-1,-1,-1
515,16,571.139,453.779,33.952,80.777,0.676942,-1,-1,-1
515,14,723.478,436.476,117.314,269.144,0.823685,-1,-1,-1
515,10,28.089,484.426,162.361,254.028,0.515468,-1,-1,-1
515,9,1103.622,434.691,57.738,163.212,0.536891,-1,-1,-1
515,8,1036.989,439.443,112.061,245.822,0.809852,-1,-1,-1
515,6,1316.888,417.466,255.797,656.299,0.894103,-1,-1,-1
515,5,901.636,437.524,161.656,294.244,0.878531,-1,-1,-1
515,4,1556.403,371.863,271.737,708.137,0.738802,-1,-1,-1
515,2,1484.789,408.551,132.315,560.387,0.701076,-1,-1,-1
516,42,668.014,458.687,28.722,83.212,0.564865,-1,-1,-1
516,38,540.977,448.066,33.334,86.107,0.577610,-1,-1,-1
516,37,638.185,453.245,36.054,94.628,0.546035,-1,-1,-1
516,34,415.634,461.658,42.661,109.152,0.339777,-1,-1,-1
516,33,1823.510,389.265,95.884,517.180,0.775906,-1,-1,-1
516,27,686.972,448.138,44.891,130.076,0.762156,-1,-1,-1
516,25,378.882,462.670,50.600,115.513,0.368248,-1,-1,-1
516,22,878.514,405.512,88.551,296.024,0.693232,-1,-1,-1
516,16,570.447,452.488,35.154,83.270,0.689551,-1,-1,-1
516,14,727.213,435.413,111.743,262.882,0.837030,-1,-1,-1
516,10,12.601,483.648,188.059,260.279,0.694349,-1,-1,-1
516,9,1101.906,436.394,55.308,156.680,0.634168,-1,-1,-1
516,8,1040.954,439.991,108.989,246.175,0.804236,-1,-1,-1
516,6,1320.107,418.032,251.393,656.631,0.891873,-1,-1,-1
516,5,903.805,439.758,160.298,289.665,0.868535,-1,-1,-1
516,4,1564.906,372.461,300.365,706.702,0.805651,-1,-1,-1
516,2,1490.593,428.110,134.577,540.706,0.750186,-1,-1,-1
517,42,667.359,457.930,28.741,83.897,0.494965,-1,-1,-1
517,38,541.513,449.240,31.868,84.509,0.576405,-1,-1,-1
517,37,640.835,452.994,34.246,94.174,0.556753,-1,-1,-1
517,34,415.991,460.620,44.072,111.322,0.400687,-1,-1,-1
517,33,1830.881,389.899,89.119,514.343,0.794561,-1,-1,-1
517,27,685.167,449.782,43.838,130.754,0.738696,-1,-1,-1
517,25,378.995,463.144,49.799,114.792,0.365152,-1,-1,-1
517,22,875.988,406.254,92.463,296.824,0.678071,-1,-1,-1
517,16,570.340,453.530,34.880,82.071,0.692237,-1,-1,-1
517,14,730.844,435.574,109.882,261.142,0.831614,-1,-1,-1
517,10,8.803,486.499,160.291,262.563,0.592588,-1,-1,-1
517,9,1103.119,435.400,55.941,158.835,0.660022,-1,-1,-1
517,8,1039.255,436.944,112.682,244.209,0.813381,-1,-1,-1
517,6,1323.476,416.679,247.564,658.452,0.887687,-1,-1,-1
517,5,907.465,439.359,157.013,290.979,0.877067,-1,-1,-1
517,4,1573.906,373.188,231.499,698.692,0.730381,-1,-1,-1
517,2,1492.698,425.044,138.539,538.877,0.734900,-1,-1,-1
518,42,668.537,457.660,27.436,83.666,0.390462,-1,-1,-1
518,38,541.420,449.778,31.427,84.364,0.572580,-1,-1,-1
518,37,641.755,453.012,34.482,94.617,0.512392,-1,-1,-1
518,34,416.011,461.254,43.181,111.461,0.375541,-1,-1,-1
518,33,1837.281,399.533,82.459,490.384,0.775787,-1,-1,-1
518,30,1173.421,448.164,39.996,81.690,0.281934,-1,-1,-1
518,27,684.193,449.489,43.913,130.823,0.759210,-1,-1,-1
518,25,379.206,462.710,50.418,116.457,0.345362,-1,-1,-1
518,22,870.399,411.601,103.469,295.505,0.666523,-1,-1,-1
518,16,571.368,452.246,34.257,82.244,0.659859,-1,-1,-1
518,14,738.929,432.342,106.420,265.351,0.817240,-1,-1,-1
518,10,0.000,489.815,169.688,262.660,0.661522,-1,-1,-1
518,9,1105.870,433.788,55.806,163.199,0.625599,-1,-1,-1
518,8,1042.439,436.766,111.333,246.073,0.827196,-1,-1,-1
518,6,1324.245,416.415,251.205,658.623,0.891267,-1,-1,-1
518,5,913.464,442.945,150.092,287.264,0.861811,-1,-1,-1
518,4,1579.406,377.103,232.148,697.616,0.811568,-1,-1,-1
518,2,1504.064,423.973,137.885,544.793,0.691231,-1,-1,-1
519,42,669.650,457.860,26.676,79.029,0.356300,-1,-1,-1
519,38,540.633,451.279,31.369,83.485,0.586645,-1,-1,-1
519,37,642.253,452.358,34.153,96.749,0.497758,-1,-1,-1
519,34,415.989,461.795,42.662,110.795,0.346006,-1,-1,-1
519,33,1846.451,411.711,73.514,467.429,0.695032,-1,-1,-1
519,30,1172.620,448.344,40.548,81.613,0.269484,-1,-1,-1
519,27,682.752,449.794,45.445,129.251,0.770023,-1,-1,-1
519,25,379.378,463.467,49.587,115.189,0.279989,-1,-1,-1
519,22,873.014,410.499,95.625,289.063,0.696017,-1,-1,-1
519,16,571.895,454.571,33.647,79.119,0.639042,-1,-1,-1
519,14,741.974,429.226,107.435,269.115,0.809863,-1,-1,-1
519,10,0.583,482.214,176.693,274.911,0.593360,-1,-1,-1
519,9,1107.301,434.585,55.515,161.620,0.527219,-1,-1,-1
519,8,1041.482,433.750,113.047,247.797,0.836292,-1,-1,-1
519,6,1323.892,416.236,256.929,660.205,0.895751,-1,-1,-1
519,5,916.498,445.180,148.698,282.139,0.811654,-1,-1,-1
519,4,1582.705,378.441,244.288,701.058,0.730223,-1,-1,-1
519,2,1506.424,417.092,151.436,554.039,0.697447,-1,-1,-1
520,44,715.182,450.300,34.183,96.507,0.512945,-1,-1,-1
520,42,671.477,453.968,22.887,80.259,0.247980,-1,-1,-1
520,38,541.171,452.629,30.886,81.652,0.589787,-1,-1,-1
520,37,644.492,450.517,32.631,96.576,0.474728,-1,-1,-1
520,34,416.629,463.178,42.233,109.587,0.294368,-1,-1,-1
520,33,1863.239,400.566,56.761,460.657,0.669434,-1,-1,-1
520,30,1173.515,448.202,40.501,82.111,0.286404,-1,-1,-1
520,27,679.678,447.459,49.199,130.289,0.760009,-1,-1,-1
520,25,380.372,463.354,49.083,115.988,0.267241,-1,-1,-1
520,22,874.967,409.192,93.957,291.003,0.754663,-1,-1,-1
520,16,571.940,454.298,33.781,79.187,0.655961,-1,-1,-1
520,14,744.149,429.675,112.433,265.426,0.829883,-1,-1,-1
520,10,0.000,474.533,182.597,295.010,0.741875,-1,-1,-1
520,9,1111.538,439.856,54.208,156.130,0.405588,-1,-1,-1
520,8,1040.856,441.329,113.524,240.349,0.832718,-1,-1,-1
520,6,1326.366,412.688,264.372,664.205,0.896312,-1,-1,-1
520,5,928.732,440.675,143.302,284.928,0.851833,-1,-1,-1
520,4,1580.990,380.638,317.424,699.362,0.722874,-1,-1,-1
520,2,1517.533,419.111,143.889,548.887,0.679660,-1,-1,-1
521,44,715.239,450.494,34.750,95.028,0.568592,-1,-1,-1
521,42,671.016,455.776,24.294,82.512,0.246103,-1,-1,-1
521,38,540.740,454.212,30.312,80.075,0.604462,-1,-1,-1
521,37,646.399,454.008,32.301,92.200,0.357127,-1,-1,-1
521,34,414.066,456.332,45.057,117.586,0.324804,-1,-1,-1
521,33,1867.458,421.107,52.542,429.540,0.475445,-1,-1,-1
521,30,1173.036,448.948,39.770,82.503,0.291511,-1,-1,-1
521,27,678.797,451.618,47.750,124.505,0.737545,-1,-1,-1
521,25,379.656,462.925,49.030,116.062,0.308875,-1,-1,-1
521,22,873.880,407.511,103.356,297.801,0.788575,-1,-1,-1
521,16,573.251,454.254,33.780,79.648,0.665354,-1,-1,-1
521,14,750.738,430.767,104.231,263.131,0.796625,-1,-1,-1
521,10,0.000,477.350,133.090,290.358,0.601470,-1,-1,-1
521,9,1118.573,446.519,47.811,145.558,0.247814,-1,-1,-1
521,8,1043.127,436.407,111.219,247.123,0.833278,-1,-1,-1
521,6,1330.626,411.323,266.505,666.364,0.896711,-1,-1,-1
521,5,927.438,436.308,145.479,290.604,0.833562,-1,-1,-1
521,4,1579.317,383.690,336.409,696.310,0.806377,-1,-1,-1
521,2,1519.293,418.546,156.214,554.736,0.585684,-1,-1,-1
522,44,713.996,449.688,35.753,98.721,0.700077,-1,-1,-1
522,38,540.645,455.759,30.440,78.485,0.580099,-1,-1,-1
522,37,646.655,452.863,35.472,94.700,0.381485,-1,-1,-1
522,34,415.726,461.430,42.456,111.015,0.339171,-1,-1,-1
522,30,1172.454,448.663,41.138,83.173,0.280525,-1,-1,-1
522,27,675.982,449.236,50.457,128.492,0.772727,-1,-1,-1
522,25,380.268,462.835,48.298,115.853,0.315814,-1,-1,-1
522,22,873.513,407.493,104.399,296.982,0.788727,-1,-1,-1
522,16,573.115,453.508,34.270,79.873,0.666574,-1,-1,-1
522,14,753.764,429.780,100.456,260.307,0.812574,-1,-1,-1
522,10,0.055,482.014,136.779,290.219,0.448914,-1,-1,-1
522,9,1125.405,453.387,41.610,137.305,0.210553,-1,-1,-1
522,8,1046.196,436.588,109.299,245.549,0.838610,-1,-1,-1
522,6,1333.964,409.291,269.295,670.268,0.894266,-1,-1,-1
522,5,932.331,441.517,144.704,281.518,0.779309,-1,-1,-1
522,4,1575.865,374.344,342.363,705.656,0.896604,-1,-1,-1
522,2,1514.362,418.993,168.994,552.516,0.571643,-1,-1,-1
523,44,712.934,450.219,37.265,99.583,0.683513,-1,-1,-1
523,38,541.283,454.500,30.286,79.572,0.653083,-1,-1,-1
523,37,647.278,456.276,35.986,90.850,0.351876,-1,-1,-1
523,34,414.302,458.974,44.599,114.470,0.442599,-1,-1,-1
523,30,1174.272,448.482,39.500,84.344,0.200786,-1,-1,-1
523,27,674.913,450.613,50.972,126.235,0.778295,-1,-1,-1
523,25,380.103,462.946,48.253,115.315,0.382781,-1,-1,-1
523,22,876.307,406.910,101.946,302.471,0.770450,-1,-1,-1
523,16,573.312,453.013,34.537,81.317,0.671997,-1,-1,-1
523,14,757.628,431.532,98.598,261.354,0.819642,-1,-1,-1
523,10,0.907,502.154,132.483,263.144,0.571432,-1,-1,-1
523,9,1133.071,446.556,37.480,103.944,0.263925,-1,-1,-1
523,8,1048.142,440.283,107.636,243.149,0.837309,-1,-1,-1
523,6,1341.605,407.306,269.173,672.324,0.884337,-1,-1,-1
523,5,946.485,439.724,135.190,285.204,0.807696,-1,-1,-1
523,4,1575.000,372.714,342.252,707.286,0.881489,-1,-1,-1
523,2,1507.843,418.796,183.841,560.364,0.609455,-1,-1,-1
524,44,712.940,449.054,39.032,97.963,0.712694,-1,-1,-1
524,38,541.048,454.650,30.627,80.835,0.673608,-1,-1,-1
524,37,649.537,452.391,35.138,92.866,0.347835,-1,-1,-1
524,34,413.695,458.189,44.222,115.906,0.452286,-1,-1,-1
524,30,1175.958,448.902,39.546,83.042,0.216837,-1,-1,-1
524,27,673.453,449.199,50.811,127.426,0.761100,-1,-1,-1
524,25,379.924,462.608,48.009,115.033,0.338167,-1,-1,-1
524,22,876.836,406.531,106.827,305.854,0.749364,-1,-1,-1
524,16,572.270,451.566,36.194,83.269,0.659000,-1,-1,-1
524,14,758.272,427.021,100.891,269.258,0.808843,-1,-1,-1
524,10,0.114,494.334,130.123,280.552,0.439309,-1,-1,-1
524,9,1132.907,447.324,38.373,116.183,0.239507,-1,-1,-1
524,8,1052.489,438.972,108.144,243.913,0.866486,-1,-1,-1
524,6,1355.864,407.256,257.257,670.397,0.886253,-1,-1,-1
524,5,963.898,434.614,126.651,293.156,0.787755,-1,-1,-1
524,4,1582.763,373.810,334.916,706.190,0.838278,-1,-1,-1
524,2,1518.200,415.896,189.109,580.124,0.670993,-1,-1,-1
525,44,712.716,449.777,37.876,95.244,0.722926,-1,-1,-1
525,38,540.159,454.047,30.524,84.487,0.701816,-1,-1,-1
525,37,651.460,455.677,32.996,91.755,0.261693,-1,-1,-1
525,34,413.436,455.084,45.097,120.487,0.458983,-1,-1,-1
525,27,670.783,451.779,51.882,124.202,0.770665,-1,-1,-1
525,25,381.171,462.124,46.798,114.941,0.406409,-1,-1,-1
525,22,884.236,404.673,103.583,309.896,0.736356,-1,-1,-1
525,16,572.791,450.818,36.297,83.087,0.677465,-1,-1,-1
525,14,764.809,427.232,99.061,269.105,0.793025,-1,-1,-1
525,10,0.174,511.824,108.196,270.008,0.524934,-1,-1,-1
525,8,1054.705,438.348,105.767,246.142,0.835366,-1,-1,-1
525,6,1378.631,404.810,236.724,670.697,0.879768,-1,-1,-1
525,5,971.078,439.410,112.920,287.345,0.748370,-1,-1,-1
525,4,1583.366,370.940,335.340,709.060,0.866537,-1,-1,-1
525,2,1519.077,414.318,193.866,590.295,0.707069,-1,-1,-1
526,44,713.622,449.168,37.720,95.984,0.766173,-1,-1,-1
526,38,539.857,453.988,30.587,84.690,0.694502,-1,-1,-1
526,34,413.510,454.986,45.385,120.773,0.461968,-1,-1,-1
526,27,669.017,451.602,53.919,124.350,0.777805,-1,-1,-1
526,25,380.983,462.012,47.195,115.389,0.425027,-1,-1,-1
526,23,311.364,450.094,41.290,120.139,0.303089,-1,-1,-1
526,22,895.128,404.222,92.079,310.404,0.744731,-1,-1,-1
526,16,572.370,451.180,36.313,83.465,0.688252,-1,-1,-1
526,14,770.108,428.646,98.018,265.806,0.793164,-1,-1,-1
526,10,0.000,503.542,109.292,290.628,0.324513,-1,-1,-1
526,8,1064.795,435.879,98.055,246.842,0.784193,-1,-1,-1
526,6,1399.849,410.073,220.390,665.487,0.887471,-1,-1,-1
526,5,988.356,440.611,97.461,286.494,0.745902,-1,-1,-1
526,4,1583.584,368.014,333.881,711.986,0.799918,-1,-1,-1
526,2,1512.297,415.617,206.534,603.558,0.730025,-1,-1,-1
527,44,714.147,448.846,36.926,94.147,0.755800,-1,-1,-1
527,38,540.085,454.244,30.142,84.431,0.693691,-1,-1,-1
527,34,413.446,455.267,45.483,120.596,0.444259,-1,-1,-1
527,27,664.757,451.139,56.747,124.929,0.738950,-1,-1,-1
527,25,381.061,462.063,47.120,115.447,0.406264,-1,-1,-1
527,23,311.405,450.226,41.283,120.094,0.285483,-1,-1,-1
527,22,901.373,407.544,89.623,307.453,0.817993,-1,-1,-1
527,16,572.355,451.283,36.023,83.434,0.676443,-1,-1,-1
527,14,778.688,429.823,106.053,263.622,0.788410,-1,-1,-1
527,8,1066.453,435.634,115.973,245.217,0.752141,-1,-1,-1
527,6,1422.282,410.723,202.518,666.406,0.879789,-1,-1,-1
527,5,991.701,437.749,94.518,289.362,0.740165,-1,-1,-1
527,4,1581.427,368.652,337.216,711.348,0.657780,-1,-1,-1
527,2,1527.555,412.300,208.851,615.009,0.731620,-1,-1,-1
528,44,714.710,449.645,36.771,93.365,0.707441,-1,-1,-1
528,38,540.359,453.186,31.984,84.955,0.714109,-1,-1,-1
528,34,413.106,455.449,46.964,119.956,0.403154,-1,-1,-1
528,27,665.086,450.385,52.504,124.405,0.735695,-1,-1,-1
528,25,382.352,463.768,44.962,112.118,0.326534,-1,-1,-1
528,22,906.701,406.519,89.125,308.736,0.811268,-1,-1,-1
528,16,574.236,451.960,34.638,85.067,0.686413,-1,-1,-1
528,14,778.095,434.944,114.018,258.504,0.801735,-1,-1,-1
528,8,1080.631,441.164,100.418,237.694,0.782177,-1,-1,-1
528,6,1432.560,408.908,203.625,668.166,0.897998,-1,-1,-1
528,5,985.964,449.787,94.169,276.791,0.681700,-1,-1,-1
528,4,1596.903,369.855,323.097,710.145,0.711862,-1,-1,-1
528,2,1532.570,408.580,213.247,616.921,0.794825,-1,-1,-1
529,44,715.647,450.180,35.413,94.309,0.704120,-1,-1,-1
529,38,540.485,453.576,32.018,83.945,0.686398,-1,-1,-1
529,34,413.248,455.977,46.432,119.636,0.478495,-1,-1,-1
529,27,664.575,453.248,56.504,122.879,0.755587,-1,-1,-1
529,25,381.833,464.471,44.783,111.670,0.296541,-1,-1,-1
529,22,912.913,407.562,87.400,307.882,0.775693,-1,-1,-1
529,16,574.078,452.021,34.903,84.840,0.713576,-1,-1,-1
529,14,777.174,432.765,129.995,260.234,0.807245,-1,-1,-1
529,8,1083.396,441.549,96.927,236.070,0.720211,-1,-1,-1
529,6,1439.908,409.741,199.889,666.253,0.897862,-1,-1,-1
529,5,998.340,443.908,93.609,284.828,0.673875,-1,-1,-1
529,4,1601.620,372.733,318.380,707.267,0.495907,-1,-1,-1
529,2,1566.946,417.273,173.882,588.020,0.728262,-1,-1,-1
530,44,714.850,449.488,36.308,95.760,0.696229,-1,-1,-1
530,38,540.395,452.254,31.874,85.437,0.674154,-1,-1,-1
530,34,413.928,455.144,46.780,117.159,0.538880,-1,-1,-1
530,30,1168.449,445.578,41.510,91.726,0.228518,-1,-1,-1
530,27,661.030,450.958,55.814,124.971,0.791289,-1,-1,-1
530,25,379.914,463.528,48.506,114.946,0.473703,-1,-1,-1
530,22,914.588,404.023,91.152,312.083,0.764116,-1,-1,-1
530,16,571.036,450.375,37.791,86.715,0.709082,-1,-1,-1
530,14,782.467,433.506,125.101,257.178,0.862413,-1,-1,-1
530,8,1089.729,441.242,94.170,235.712,0.752740,-1,-1,-1
530,6,1442.989,403.745,201.142,676.255,0.911035,-1,-1,-1
530,5,993.102,438.186,118.807,289.409,0.764821,-1,-1,-1
530,2,1578.793,413.497,175.928,603.207,0.790758,-1,-1,-1
531,44,714.566,450.369,34.291,95.324,0.663261,-1,-1,-1
531,38,540.939,453.151,30.818,83.587,0.652321,-1,-1,-1
531,34,413.262,455.100,47.028,118.242,0.508137,-1,-1,-1
531,30,1172.881,446.773,36.052,86.816,0.209244,-1,-1,-1
531,27,662.354,450.936,51.925,123.336,0.800153,-1,-1,-1
531,25,379.236,464.267,48.251,116.277,0.465919,-1,-1,-1
531,22,914.973,408.333,84.845,307.325,0.771379,-1,-1,-1
531,16,571.164,451.726,36.068,85.226,0.676884,-1,-1,-1
531,14,785.167,435.072,125.497,255.408,0.845069,-1,-1,-1
531,8,1090.729,440.062,85.462,238.376,0.777552,-1,-1,-1
531,6,1443.717,403.401,208.419,676.599,0.903502,-1,-1,-1
531,5,994.807,442.722,123.382,283.853,0.793704,-1,-1,-1
531,2,1571.249,418.716,184.074,608.878,0.796991,-1,-1,-1
532,45,1683.147,365.664,236.853,706.886,0.762909,-1,-1,-1
532,44,712.975,450.608,35.180,96.840,0.715097,-1,-1,-1
532,38,540.949,454.312,30.833,83.104,0.693551,-1,-1,-1
532,34,414.333,456.979,45.647,115.879,0.465420,-1,-1,-1
532,27,661.305,449.727,49.686,123.945,0.806609,-1,-1,-1
532,25,379.463,464.072,47.181,112.817,0.426801,-1,-1,-1
532,22,916.439,408.675,88.611,303.689,0.782799,-1,-1,-1
532,16,571.216,448.829,39.048,88.995,0.700049,-1,-1,-1
532,14,785.619,433.276,132.760,255.416,0.824694,-1,-1,-1
532,8,1092.067,437.808,81.650,242.093,0.767728,-1,-1,-1
532,6,1449.362,409.072,220.867,670.636,0.867965,-1,-1,-1
532,5,1001.393,445.357,122.881,280.806,0.852856,-1,-1,-1
532,2,1546.867,417.204,228.659,612.299,0.783492,-1,-1,-1
533,45,1722.551,362.159,197.449,674.990,0.816708,-1,-1,-1
533,44,713.424,452.002,34.490,95.472,0.711678,-1,-1,-1
533,38,541.391,453.688,30.667,82.556,0.672568,-1,-1,-1
533,34,414.078,456.609,45.484,116.748,0.463657,-1,-1,-1
533,27,660.669,449.866,48.292,123.843,0.799638,-1,-1,-1
533,25,378.928,463.674,48.070,114.070,0.430510,-1,-1,-1
533,22,914.903,409.908,96.101,299.681,0.786345,-1,-1,-1
533,16,574.414,449.529,36.479,87.923,0.699780,-1,-1,-1
533,14,790.475,434.513,122.706,257.352,0.839736,-1,-1,-1
533,8,1095.343,439.890,80.712,237.977,0.772438,-1,-1,-1
533,6,1450.628,410.575,233.709,669.425,0.873945,-1,-1,-1
533,5,999.044,445.918,132.279,279.451,0.864596,-1,-1,-1
533,2,1553.605,414.270,228.488,609.645,0.738438,-1,-1,-1
534,45,1731.606,369.197,188.394,651.232,0.862645,-1,-1,-1
534,44,715.422,452.554,33.068,94.816,0.661880,-1,-1,-1
534,38,541.802,454.987,29.996,81.830,0.651324,-1,-1,-1
534,34,413.532,453.583,46.002,119.786,0.449808,-1,-1,-1
534,27,659.427,449.143,48.336,125.316,0.783346,-1,-1,-1
534,25,379.208,463.076,49.539,116.032,0.503774,-1,-1,-1
534,22,913.768,409.606,104.842,303.720,0.823217,-1,-1,-1
534,16,575.063,449.726,36.204,88.210,0.649568,-1,-1,-1
534,14,794.858,433.161,123.804,257.800,0.848377,-1,-1,-1
534,8,1095.890,441.634,80.287,237.798,0.739893,-1,-1,-1
534,6,1451.151,410.618,231.756,669.382,0.891028,-1,-1,-1
534,5,998.183,441.691,137.958,286.506,0.808020,-1,-1,-1
534,2,1577.223,413.580,209.207,618.791,0.689317,-1,-1,-1
535,45,1736.536,379.614,183.464,684.349,0.860940,-1,-1,-1
535,44,715.159,452.092,33.302,94.722,0.682228,-1,-1,-1
535,38,541.780,455.333,30.968,82.785,0.680150,-1,-1,-1
535,34,413.349,452.458,45.518,121.292,0.436692,-1,-1,-1
535,27,660.473,449.509,46.251,123.675,0.774994,-1,-1,-1
535,25,380.526,462.964,47.883,114.443,0.441357,-1,-1,-1
535,22,912.442,413.229,113.138,299.316,0.845702,-1,-1,-1
535,16,575.781,451.868,35.362,86.617,0.685681,-1,-1,-1
535,14,792.943,433.766,130.125,257.064,0.851525,-1,-1,-1
535,8,1098.769,440.137,89.394,239.618,0.810442,-1,-1,-1
535,6,1449.758,412.497,239.570,666.446,0.881093,-1,-1,-1
535,5,999.199,442.645,141.054,286.490,0.838433,-1,-1,-1
535,2,1596.059,411.614,199.932,627.666,0.742224,-1,-1,-1
536,45,1743.880,373.606,176.120,701.144,0.897038,-1,-1,-1
536,44,714.003,452.053,33.014,93.467,0.713074,-1,-1,-1
536,38,540.838,456.549,31.955,82.664,0.666030,-1,-1,-1
536,34,415.527,457.153,45.043,115.199,0.526147,-1,-1,-1
536,27,658.665,450.258,47.367,120.348,0.758618,-1,-1,-1
536,25,380.402,463.524,46.983,114.077,0.516032,-1,-1,-1
536,24,696.970,456.058,24.881,74.710,0.412493,-1,-1,-1
536,22,909.529,408.001,121.520,298.698,0.791906,-1,-1,-1
536,16,575.350,452.651,36.606,86.441,0.732753,-1,-1,-1
536,14,797.950,434.022,127.041,255.049,0.857747,-1,-1,-1
536,8,1100.801,438.528,86.423,240.162,0.836146,-1,-1,-1
536,6,1450.280,413.452,240.422,665.081,0.870412,-1,-1,-1
536,5,997.377,440.173,146.294,287.007,0.867510,-1,-1,-1
536,2,1597.733,413.901,196.811,622.276,0.675150,-1,-1,-1
537,45,1754.937,369.610,165.063,710.390,0.893873,-1,-1,-1
537,44,713.138,451.841,34.072,94.211,0.733024,-1,-1,-1
537,38,541.009,458.402,32.079,80.770,0.653234,-1,-1,-1
537,34,415.551,455.345,44.305,117.002,0.542702,-1,-1,-1
537,27,659.956,452.115,45.609,118.716,0.748487,-1,-1,-1
537,25,380.418,462.873,46.887,114.793,0.511858,-1,-1,-1
537,24,695.714,456.278,24.968,74.473,0.320423,-1,-1,-1
537,22,915.924,408.869,123.207,303.702,0.824118,-1,-1,-1
537,16,576.510,453.899,36.603,86.057,0.693326,-1,-1,-1
537,14,800.115,433.161,126.046,257.683,0.853294,-1,-1,-1
537,8,1104.778,435.439,77.883,242.590,0.795187,-1,-1,-1
537,6,1451.588,411.957,241.538,668.043,0.880970,-1,-1,-1
537,5,998.902,439.339,145.000,288.222,0.887006,-1,-1,-1
537,2,1601.525,410.922,195.932,624.883,0.732635,-1,-1,-1
538,45,1760.342,363.980,159.658,716.020,0.881190,-1,-1,-1
538,44,712.957,451.762,34.180,92.893,0.743443,-1,-1,-1
538,38,540.912,458.325,30.877,80.417,0.658565,-1,-1,-1
538,34,415.234,457.309,44.009,114.360,0.535701,-1,-1,-1
538,27,657.719,454.715,45.820,116.273,0.718202,-1,-1,-1
538,25,380.272,463.424,47.157,114.246,0.510594,-1,-1,-1
538,24,694.263,459.223,26.140,72.916,0.382014,-1,-1,-1
538,22,916.377,409.643,124.475,302.482,0.834579,-1,-1,-1
538,16,578.857,454.712,35.513,85.701,0.644136,-1,-1,-1
538,14,800.162,432.845,126.565,257.283,0.852546,-1,-1,-1
538,8,1106.209,438.699,79.750,239.674,0.755591,-1,-1,-1
538,6,1452.244,408.435,245.735,671.565,0.876700,-1,-1,-1
538,5,1005.158,445.642,134.625,280.889,0.875992,-1,-1,-1
538,2,1606.844,416.934,185.805,621.177,0.744452,-1,-1,-1
539,45,1770.221,376.475,149.779,703.525,0.873252,-1,-1,-1
539,44,712.040,451.675,34.893,94.107,0.757357,-1,-1,-1
539,38,541.298,459.097,30.625,79.737,0.658644,-1,-1,-1
539,34,415.485,456.138,44.354,115.838,0.535919,-1,-1,-1
539,27,656.023,454.115,44.848,117.659,0.760963,-1,-1,-1
539,25,380.336,464.498,46.095,112.976,0.496528,-1,-1,-1
539,24,692.014,457.308,26.756,75.612,0.446914,-1,-1,-1
539,22,916.592,412.387,127.068,298.355,0.853929,-1,-1,-1
539,16,579.052,454.382,35.016,86.574,0.659542,-1,-1,-1
539,14,803.070,433.609,127.568,256.567,0.852495,-1,-1,-1
539,8,1105.456,434.990,82.204,248.052,0.746110,-1,-1,-1
539,6,1454.623,406.428,249.061,673.412,0.877239,-1,-1,-1
539,5,1005.958,441.501,135.330,284.279,0.863723,-1,-1,-1
539,2,1618.436,420.975,176.796,608.998,0.788686,-1,-1,-1
540,45,1778.154,381.889,141.846,698.111,0.864129,-1,-1,-1
540,44,710.476,451.642,35.788,94.209,0.751049,-1,-1,-1
540,38,541.137,458.344,30.721,81.014,0.681901,-1,-1,-1
540,34,414.832,451.911,47.546,121.013,0.494917,-1,-1,-1
540,27,653.762,454.759,43.516,117.364,0.758974,-1,-1,-1
540,25,378.710,465.434,47.146,111.481,0.402115,-1,-1,-1
540,24,688.595,455.935,26.256,79.446,0.482485,-1,-1,-1
540,22,914.235,412.932,141.215,299.396,0.864094,-1,-1,-1
540,16,578.784,455.618,34.945,85.105,0.661552,-1,-1,-1
540,14,811.901,434.659,116.900,254.082,0.847864,-1,-1,-1
540,8,1107.533,434.858,79.465,245.740,0.719596,-1,-1,-1
540,6,1457.895,405.327,253.872,673.595,0.853597,-1,-1,-1
540,5,1009.379,440.627,133.039,284.938,0.853716,-1,-1,-1
540,2,1626.019,418.832,174.557,603.159,0.780997,-1,-1,-1
541,45,1784.801,379.687,135.199,700.313,0.859985,-1,-1,-1
541,44,709.455,450.331,36.879,98.854,0.755492,-1,-1,-1
541,38,541.290,458.541,30.334,80.708,0.670904,-1,-1,-1
541,34,412.707,452.572,49.239,120.096,0.474920,-1,-1,-1
541,27,653.648,456.522,43.769,112.817,0.755945,-1,-1,-1
541,25,378.977,465.421,47.475,112.033,0.409135,-1,-1,-1
541,24,687.529,454.742,27.087,80.666,0.477994,-1,-1,-1
541,22,917.146,413.405,141.695,298.067,0.857884,-1,-1,-1
541,16,578.940,454.591,35.032,86.426,0.663444,-1,-1,-1
541,14,810.360,432.505,117.488,255.758,0.845343,-1,-1,-1
541,8,1106.245,437.617,80.513,245.150,0.676626,-1,-1,-1
541,6,1458.262,402.521,260.988,677.119,0.844387,-1,-1,-1
541,5,1010.329,436.706,132.926,291.529,0.829669,-1,-1,-1
541,2,1623.658,413.270,191.708,611.608,0.745525,-1,-1,-1
542,45,1793.277,378.213,126.649,701.787,0.848089,-1,-1,-1
542,44,709.689,450.780,36.621,99.433,0.735267,-1,-1,-1
542,43,801.927,470.216,39.546,80.949,0.308203,-1,-1,-1
542,38,541.519,457.313,30.174,81.999,0.644379,-1,-1,-1
542,34,413.162,452.563,47.643,120.002,0.502675,-1,-1,-1
542,27,653.906,455.940,44.736,114.315,0.774163,-1,-1,-1
542,25,378.853,464.768,46.664,111.322,0.365871,-1,-1,-1
542,24,687.338,455.619,26.858,80.858,0.450060,-1,-1,-1
542,22,912.868,411.446,139.208,299.423,0.859369,-1,-1,-1
542,16,578.739,454.483,35.771,87.318,0.648619,-1,-1,-1
542,14,817.978,433.904,113.523,254.924,0.784912,-1,-1,-1
542,8,1110.082,439.029,77.487,245.482,0.610424,-1,-1,-1
542,6,1465.822,403.841,265.169,674.407,0.837055,-1,-1,-1
542,5,1018.148,433.815,127.475,292.314,0.794218,-1,-1,-1
542,2,1632.788,412.709,195.365,610.690,0.769572,-1,-1,-1
543,45,1803.154,381.763,116.221,698.237,0.804952,-1,-1,-1
543,44,710.005,452.315,35.723,97.233,0.718594,-1,-1,-1
543,43,806.932,476.781,39.152,76.885,0.319459,-1,-1,-1
543,38,542.126,457.308,30.142,81.940,0.618227,-1,-1,-1
543,34,413.350,452.711,48.570,119.982,0.490923,-1,-1,-1
543,27,653.728,455.475,45.689,116.947,0.783269,-1,-1,-1
543,25,378.666,465.455,46.324,110.632,0.353711,-1,-1,-1
543,24,687.986,456.110,26.520,80.063,0.467149,-1,-1,-1
543,23,618.461,458.583,24.014,55.388,0.303468,-1,-1,-1
543,22,914.178,412.216,137.738,296.441,0.869788,-1,-1,-1
543,16,578.873,455.473,35.799,85.821,0.629635,-1,-1,-1
543,14,823.539,434.911,109.034,252.970,0.781154,-1,-1,-1
543,8,1112.588,438.593,76.583,246.222,0.642537,-1,-1,-1
543,6,1473.877,404.799,258.983,673.450,0.859854,-1,-1,-1
543,5,1017.622,433.566,129.750,293.710,0.737369,-1,-1,-1
543,2,1637.613,414.820,195.480,606.421,0.792062,-1,-1,-1
544,45,1809.497,380.714,110.184,699.286,0.742926,-1,-1,-1
544,44,710.513,452.441,35.705,96.991,0.727990,-1,-1,-1
544,43,798.841,461.151,37.792,89.230,0.226997,-1,-1,-1
544,38,543.520,455.386,31.750,84.157,0.631985,-1,-1,-1
544,34,413.554,452.563,47.719,119.786,0.511156,-1,-1,-1
544,27,653.479,454.450,45.453,116.282,0.760215,-1,-1,-1
544,25,377.496,465.280,48.677,111.821,0.392711,-1,-1,-1
544,24,687.661,456.932,26.951,79.225,0.451912,-1,-1,-1
544,23,617.744,454.526,24.668,58.582,0.326178,-1,-1,-1
544,22,917.700,410.932,134.555,297.121,0.851893,-1,-1,-1
544,16,578.858,454.562,35.978,86.874,0.631128,-1,-1,-1
544,14,837.237,430.821,102.106,254.717,0.769815,-1,-1,-1
544,8,1123.979,439.752,68.070,245.516,0.622590,-1,-1,-1
544,6,1491.289,404.187,246.237,673.804,0.887648,-1,-1,-1
544,5,1030.899,433.737,119.842,290.739,0.727154,-1,-1,-1
544,2,1642.218,414.353,197.696,598.173,0.823730,-1,-1,-1
545,45,1813.806,377.881,106.089,702.119,0.737796,-1,-1,-1
545,44,710.577,452.993,35.377,95.502,0.736417,-1,-1,-1
545,43,798.692,459.846,36.079,90.782,0.224071,-1,-1,-1
545,38,544.571,451.943,33.346,87.816,0.682783,-1,-1,-1
545,34,412.429,449.770,47.962,123.216,0.545058,-1,-1,-1
545,27,652.433,455.023,45.491,114.666,0.781736,-1,-1,-1
545,25,378.598,464.441,47.191,112.269,0.269463,-1,-1,-1
545,24,690.349,458.287,25.759,76.637,0.452846,-1,-1,-1
545,23,618.035,453.383,25.125,59.650,0.329784,-1,-1,-1
545,22,918.786,412.030,136.661,295.657,0.842596,-1,-1,-1
545,16,579.973,453.124,34.651,87.699,0.609300,-1,-1,-1
545,14,844.764,433.126,96.584,253.164,0.826300,-1,-1,-1
545,8,1126.759,446.010,65.113,239.546,0.671930,-1,-1,-1
545,6,1518.717,404.981,224.751,666.846,0.840314,-1,-1,-1
545,5,1043.739,433.158,112.191,291.495,0.718203,-1,-1,-1
545,2,1640.724,410.451,202.873,598.066,0.817874,-1,-1,-1
546,45,1815.979,374.264,104.021,705.736,0.702686,-1,-1,-1
546,44,710.850,452.405,35.344,96.892,0.724252,-1,-1,-1
546,38,544.462,451.301,34.314,88.170,0.694086,-1,-1,-1
546,34,413.009,450.773,47.486,121.985,0.514695,-1,-1,-1
546,27,652.571,455.159,43.683,113.588,0.762811,-1,-1,-1
546,25,378.847,464.321,47.342,112.145,0.269027,-1,-1,-1
546,24,688.561,456.754,27.638,78.158,0.504015,-1,-1,-1
546,23,618.387,454.153,25.416,59.593,0.306806,-1,-1,-1
546,22,925.839,410.761,129.597,295.811,0.829771,-1,-1,-1
546,16,579.499,450.512,34.575,89.232,0.611679,-1,-1,-1
546,14,855.005,429.860,90.609,260.404,0.779303,-1,-1,-1
546,8,1125.857,441.083,65.673,242.675,0.647409,-1,-1,-1
546,6,1529.765,404.131,214.966,669.022,0.854298,-1,-1,-1
546,5,1043.836,438.550,115.344,284.203,0.659290,-1,-1,-1
546,2,1644.887,410.415,201.459,599.111,0.809071,-1,-1,-1
547,45,1815.345,372.465,104.655,707.535,0.620031,-1,-1,-1
547,44,711.626,453.528,34.325,95.679,0.689441,-1,-1,-1
547,38,545.283,451.525,33.220,87.712,0.678827,-1,-1,-1
547,34,412.997,450.971,47.418,121.577,0.464432,-1,-1,-1
547,27,652.186,456.007,42.226,110.921,0.767468,-1,-1,-1
547,25,378.807,463.796,47.030,112.512,0.279309,-1,-1,-1
547,24,688.870,457.646,28.428,79.005,0.523306,-1,-1,-1
547,22,930.642,408.399,129.747,299.557,0.798345,-1,-1,-1
547,16,580.684,451.468,34.076,89.450,0.605866,-1,-1,-1
547,14,856.213,431.944,91.189,255.558,0.778011,-1,-1,-1
547,8,1125.032,438.444,67.997,246.201,0.674501,-1,-1,-1
547,6,1540.941,404.719,206.308,670.784,0.858924,-1,-1,-1
547,5,1034.813,432.321,126.821,294.064,0.641327,-1,-1,-1
547,2,1649.738,407.720,203.329,611.293,0.840324,-1,-1,-1
548,45,1820.470,408.603,99.530,671.397,0.459755,-1,-1,-1
548,44,712.374,453.542,34.647,94.975,0.705463,-1,-1,-1
548,38,544.726,450.613,33.723,89.187,0.677874,-1,-1,-1
548,34,413.681,449.523,48.362,122.832,0.516004,-1,-1,-1
548,27,650.149,454.283,44.536,114.728,0.779697,-1,-1,-1
548,25,378.638,464.079,47.420,113.179,0.312302,-1,-1,-1
548,24,688.795,458.219,31.034,81.243,0.514738,-1,-1,-1
548,22,931.325,408.534,129.827,301.228,0.756190,-1,-1,-1
548,16,581.303,451.795,33.789,87.496,0.584329,-1,-1,-1
548,14,865.593,432.089,81.680,250.622,0.760389,-1,-1,-1
548,8,1120.197,436.989,75.122,247.848,0.628397,-1,-1,-1
548,6,1539.395,400.753,210.315,679.247,0.871423,-1,-1,-1
548,5,1046.427,438.017,120.028,285.240,0.723489,-1,-1,-1
548,2,1657.401,409.841,208.421,609.720,0.812472,-1,-1,-1
549,45,1826.328,443.252,93.672,634.980,0.329946,-1,-1,-1
549,44,711.637,452.382,35.829,96.211,0.731411,-1,-1,-1
549,38,544.636,450.578,34.229,89.334,0.692757,-1,-1,-1
549,34,413.509,449.965,49.592,122.024,0.506759,-1,-1,-1
549,30,1188.670,443.479,47.243,107.144,0.332140,-1,-1,-1
549,27,650.150,450.765,43.467,115.549,0.744630,-1,-1,-1
549,25,377.830,463.957,47.390,112.461,0.313997,-1,-1,-1
549,24,687.198,456.358,31.999,83.188,0.566317,-1,-1,-1
549,22,942.259,412.475,120.952,294.864,0.747316,-1,-1,-1
549,16,579.990,450.337,35.335,89.523,0.602747,-1,-1,-1
549,14,866.658,434.218,87.551,252.163,0.774440,-1,-1,-1
549,8,1121.617,432.020,73.103,254.789,0.580332,-1,-1,-1
549,6,1540.740,399.371,214.489,680.629,0.876647,-1,-1,-1
549,5,1048.197,433.707,127.164,292.647,0.755767,-1,-1,-1
549,4,1845.519,397.694,74.382,547.968,0.394418,-1,-1,-1
549,2,1668.663,413.945,201.794,609.517,0.765874,-1,-1,-1
550,44,712.118,452.531,35.412,95.750,0.731039,-1,-1,-1
550,38,545.298,450.975,32.990,87.562,0.662679,-1,-1,-1
550,34,413.633,455.542,50.348,115.661,0.479604,-1,-1,-1
550,30,1189.170,440.453,47.324,110.434,0.366063,-1,-1,-1
550,27,648.557,451.455,43.946,113.783,0.739660,-1,-1,-1
550,25,377.612,464.035,47.422,112.335,0.339336,-1,-1,-1
550,24,686.312,456.409,32.253,82.754,0.594270,-1,-1,-1
550,22,954.493,409.599,113.167,295.251,0.692444,-1,-1,-1
550,16,580.373,451.762,36.349,88.086,0.596817,-1,-1,-1
550,14,868.624,434.094,86.867,253.227,0.773126,-1,-1,-1
550,8,1117.656,432.075,77.912,257.457,0.620519,-1,-1,-1
550,6,1545.772,401.385,217.212,678.070,0.884003,-1,-1,-1
550,5,1053.036,433.757,123.014,292.268,0.729875,-1,-1,-1
550,2,1683.003,412.854,196.118,609.544,0.782428,-1,-1,-1
551,44,713.091,451.018,37.159,96.940,0.752384,-1,-1,-1
551,38,544.462,448.528,34.742,90.604,0.703644,-1,-1,-1
551,34,413.337,451.557,49.250,120.262,0.466794,-1,-1,-1
551,30,1193.619,440.781,41.112,111.907,0.353242,-1,-1,-1
551,27,649.008,452.746,43.345,114.227,0.730991,-1,-1,-1
551,25,377.804,463.266,48.942,113.656,0.309212,-1,-1,-1
551,24,688.956,456.157,31.821,83.290,0.541958,-1,-1,-1
551,22,964.026,408.537,103.103,296.984,0.723761,-1,-1,-1
551,16,579.401,450.410,36.434,88.860,0.621893,-1,-1,-1
551,14,872.454,429.953,91.133,260.095,0.765458,-1,-1,-1
551,8,1139.352,432.781,66.943,246.874,0.617589,-1,-1,-1
551,6,1547.230,401.031,234.279,678.355,0.863898,-1,-1,-1
551,5,1059.526,436.211,135.768,289.737,0.801266,-1,-1,-1
551,2,1690.442,410.910,195.715,608.629,0.750560,-1,-1,-1
552,44,713.842,449.922,37.037,98.506,0.768846,-1,-1,-1
552,38,545.235,450.625,34.103,87.959,0.715584,-1,-1,-1
552,34,413.394,450.455,50.323,121.812,0.472533,-1,-1,-1
552,30,1193.635,436.386,43.997,115.654,0.535472,-1,-1,-1
552,27,648.858,451.742,42.853,116.471,0.725911,-1,-1,-1
552,25,378.170,463.797,49.065,113.204,0.289473,-1,-1,-1
552,24,690.796,456.802,30.113,82.297,0.530485,-1,-1,-1
552,22,971.038,408.936,96.930,294.875,0.701937,-1,-1,-1
552,16,579.375,450.003,36.155,90.333,0.670429,-1,-1,-1
552,14,876.688,430.460,91.846,258.688,0.774202,-1,-1,-1
552,8,1135.453,434.136,70.801,245.659,0.663701,-1,-1,-1
552,6,1553.288,402.097,228.106,677.903,0.863242,-1,-1,-1
552,5,1063.168,436.923,133.723,287.913,0.777862,-1,-1,-1
552,2,1688.792,415.069,206.357,612.679,0.779724,-1,-1,-1
553,44,714.406,450.088,36.369,97.867,0.760135,-1,-1,-1
553,38,545.219,449.850,33.331,89.354,0.708444,-1,-1,-1
553,34,413.272,450.446,51.010,121.321,0.389383,-1,-1,-1
553,30,1196.709,436.272,40.383,116.000,0.643292,-1,-1,-1
553,27,646.336,450.005,45.404,117.828,0.715581,-1,-1,-1
553,25,380.114,463.142,47.901,113.962,0.248113,-1,-1,-1
553,24,692.197,457.039,30.011,82.674,0.506268,-1,-1,-1
553,23,617.504,451.149,27.107,64.099,0.367615,-1,-1,-1
553,22,987.604,405.727,87.652,295.859,0.723830,-1,-1,-1
553,16,580.478,450.429,34.638,90.687,0.671018,-1,-1,-1
553,14,878.852,432.146,102.683,257.822,0.788643,-1,-1,-1
553,8,1134.251,433.806,77.880,244.053,0.649920,-1,-1,-1
553,6,1554.134,403.486,231.927,676.514,0.852875,-1,-1,-1
553,5,1073.843,432.588,122.727,293.192,0.773822,-1,-1,-1
553,2,1696.523,409.454,212.292,619.343,0.762288,-1,-1,-1
554,44,714.728,449.950,36.560,97.610,0.755100,-1,-1,-1
554,38,544.492,450.979,33.845,88.045,0.719779,-1,-1,-1
554,34,413.119,452.327,49.762,119.203,0.403230,-1,-1,-1
554,30,1197.295,433.324,40.060,118.941,0.639664,-1,-1,-1
554,27,642.755,453.648,45.405,112.522,0.703746,-1,-1,-1
554,25,378.389,463.666,48.538,112.927,0.298263,-1,-1,-1
554,24,694.242,457.928,28.194,80.431,0.428827,-1,-1,-1
554,23,618.062,452.782,26.037,62.417,0.306162,-1,-1,-1
554,22,989.072,407.746,90.277,298.222,0.750416,-1,-1,-1
554,16,581.852,450.217,33.368,89.732,0.671447,-1,-1,-1
554,14,878.483,433.459,107.872,258.523,0.822899,-1,-1,-1
554,8,1140.881,434.639,75.153,243.139,0.628255,-1,-1,-1
554,6,1555.735,403.057,233.351,676.943,0.835176,-1,-1,-1
554,5,1076.454,434.739,127.957,290.441,0.790262,-1,-1,-1
554,2,1698.496,406.366,218.465,626.467,0.739351,-1,-1,-1
555,44,714.180,448.263,37.325,100.013,0.756198,-1,-1,-1
555,38,544.349,452.703,34.414,87.719,0.735085,-1,-1,-1
555,37,680.530,461.141,28.125,78.445,0.377923,-1,-1,-1
555,34,411.933,450.280,49.109,121.679,0.457942,-1,-1,-1
555,30,1201.368,444.053,36.216,108.108,0.586241,-1,-1,-1
555,27,643.641,455.940,43.807,109.757,0.708711,-1,-1,-1
555,24,691.967,457.920,27.670,80.839,0.342998,-1,-1,-1
555,23,619.460,452.203,25.599,62.552,0.301491,-1,-1,-1
555,22,994.669,407.470,90.665,297.090,0.785752,-1,-1,-1
555,16,581.547,450.308,33.923,92.402,0.674983,-1,-1,-1
555,14,882.252,434.310,111.901,255.450,0.807261,-1,-1,-1
555,8,1148.420,435.867,70.283,243.805,0.649830,-1,-1,-1
555,6,1556.060,401.577,241.913,678.423,0.826169,-1,-1,-1
555,5,1076.879,436.522,127.309,288.528,0.807861,-1,-1,-1
555,2,1715.216,406.601,203.580,621.833,0.796059,-1,-1,-1
556,44,714.035,448.120,38.130,101.437,0.762990,-1,-1,-1
556,38,544.331,451.883,34.423,88.257,0.730789,-1,-1,-1
556,37,676.930,456.596,28.134,80.266,0.419207,-1,-1,-1
556,34,412.988,449.741,49.566,122.732,0.476192,-1,-1,-1
556,30,1200.831,435.108,37.844,116.100,0.492313,-1,-1,-1
556,27,641.532,453.196,43.415,112.134,0.760112,-1,-1,-1
556,24,690.155,457.563,28.208,81.335,0.274023,-1,-1,-1
556,23,619.686,451.719,25.364,62.827,0.269392,-1,-1,-1
556,22,995.002,409.294,91.985,293.167,0.789880,-1,-1,-1
556,16,582.488,450.270,32.992,90.478,0.639305,-1,-1,-1
556,14,883.929,437.941,107.032,251.619,0.796496,-1,-1,-1
556,8,1151.374,438.823,71.422,239.204,0.496569,-1,-1,-1
556,6,1551.683,402.326,257.109,675.092,0.843023,-1,-1,-1
556,5,1083.112,433.880,131.483,292.145,0.833500,-1,-1,-1
556,2,1722.569,408.775,194.114,614.845,0.760035,-1,-1,-1
557,44,714.392,448.523,37.452,102.275,0.746921,-1,-1,-1
557,38,545.633,452.746,33.836,87.637,0.717507,-1,-1,-1
557,37,675.924,456.676,27.624,79.151,0.416365,-1,-1,-1
557,34,412.574,449.952,49.527,121.677,0.452001,-1,-1,-1
557,30,1201.961,441.523,37.210,112.492,0.597968,-1,-1,-1
557,27,641.745,454.230,42.670,110.321,0.757842,-1,-1,-1
557,24,692.490,458.281,27.582,80.415,0.283235,-1,-1,-1
557,23,619.761,452.040,25.356,61.959,0.257060,-1,-1,-1
557,22,992.829,411.326,95.216,289.705,0.795148,-1,-1,-1
557,16,581.613,450.361,33.856,91.320,0.663115,-1,-1,-1
557,14,884.941,437.639,111.184,251.507,0.794545,-1,-1,-1
557,8,1148.480,431.176,72.749,246.858,0.343902,-1,-1,-1
557,6,1553.259,399.649,268.555,677.223,0.832842,-1,-1,-1
557,5,1085.439,433.720,131.429,290.490,0.847468,-1,-1,-1
557,2,1732.238,409.571,183.990,613.298,0.668936,-1,-1,-1
558,44,714.360,447.206,37.983,103.957,0.752256,-1,-1,-1
558,38,544.648,451.374,35.218,88.549,0.741320,-1,-1,-1
558,37,674.258,455.682,28.110,82.079,0.418570,-1,-1,-1
558,34,413.742,452.158,50.243,119.935,0.462452,-1,-1,-1
558,30,1202.546,442.661,38.895,112.628,0.509502,-1,-1,-1
558,27,640.219,452.597,44.047,112.181,0.744298,-1,-1,-1
558,24,695.091,459.022,26.719,78.834,0.320349,-1,-1,-1
558,23,619.953,450.865,25.239,62.725,0.241551,-1,-1,-1
558,22,991.469,409.200,110.654,289.288,0.804953,-1,-1,-1
558,16,582.462,450.159,33.099,89.939,0.651734,-1,-1,-1
558,14,887.991,436.959,105.025,252.835,0.792775,-1,-1,-1
558,8,1157.388,432.461,71.670,247.516,0.442742,-1,-1,-1
558,6,1555.892,401.584,274.499,674.832,0.833021,-1,-1,-1
558,5,1087.922,433.242,127.391,291.064,0.847652,-1,-1,-1
558,2,1738.724,417.946,172.322,601.644,0.764886,-1,-1,-1
559,47,1303.727,419.850,44.047,126.735,0.237651,-1,-1,-1
559,44,714.843,447.336,37.009,103.332,0.746995,-1,-1,-1
559,38,544.623,451.080,35.387,89.307,0.734075,-1,-1,-1
559,37,673.294,456.102,29.184,84.283,0.417064,-1,-1,-1
559,34,412.716,452.043,51.227,120.089,0.455339,-1,-1,-1
559,30,1205.959,441.956,38.266,114.801,0.624553,-1,-1,-1
559,27,639.761,452.145,44.244,112.536,0.739344,-1,-1,-1
559,25,375.856,462.455,51.186,114.381,0.286848,-1,-1,-1
559,24,694.305,459.209,26.750,78.888,0.300032,-1,-1,-1
559,23,619.408,449.530,25.838,64.414,0.225040,-1,-1,-1
559,22,992.108,412.367,120.292,289.278,0.802549,-1,-1,-1
559,16,582.286,450.156,32.853,90.436,0.658504,-1,-1,-1
559,14,887.179,434.633,107.160,255.802,0.776412,-1,-1,-1
559,8,1149.157,431.638,77.610,254.316,0.494895,-1,-1,-1
559,6,1556.764,402.400,282.898,676.176,0.837721,-1,-1,-1
559,5,1088.518,432.607,127.429,291.214,0.824362,-1,-1,-1
559,2,1743.658,412.426,172.487,608.176,0.765013,-1,-1,-1
560,44,714.938,448.350,35.776,102.040,0.736555,-1,-1,-1
560,38,545.718,454.175,34.349,86.488,0.723652,-1,-1,-1
560,37,674.789,457.289,27.795,79.283,0.448416,-1,-1,-1
560,34,413.308,449.996,50.421,121.747,0.445067,-1,-1,-1
560,30,1205.860,436.595,42.046,120.608,0.647568,-1,-1,-1
560,27,639.342,452.762,45.042,110.919,0.741660,-1,-1,-1
560,25,375.751,462.630,51.847,114.656,0.244545,-1,-1,-1
560,24,693.967,461.017,25.263,75.033,0.314753,-1,-1,-1
560,22,994.752,410.805,125.450,289.800,0.826604,-1,-1,-1
560,16,581.769,450.463,32.940,90.826,0.674105,-1,-1,-1
560,14,891.228,435.103,102.620,252.140,0.787559,-1,-1,-1
560,8,1155.319,437.979,77.009,246.037,0.363928,-1,-1,-1
560,6,1561.871,402.297,291.704,675.559,0.802345,-1,-1,-1
560,5,1091.728,432.633,130.028,291.499,0.793038,-1,-1,-1
560,2,1748.602,404.545,168.701,614.357,0.632784,-1,-1,-1
561,44,715.369,449.234,36.268,101.656,0.753311,-1,-1,-1
561,38,546.413,452.373,33.835,88.211,0.739440,-1,-1,-1
561,37,674.797,457.433,27.075,78.187,0.460955,-1,-1,-1
561,34,413.233,449.504,51.578,123.002,0.392147,-1,-1,-1
561,30,1208.633,437.945,42.897,118.506,0.572101,-1,-1,-1
561,27,639.857,452.637,42.148,110.800,0.747637,-1,-1,-1
561,24,694.050,458.737,26.531,76.740,0.434240,-1,-1,-1
561,22,992.724,412.333,133.196,286.684,0.850130,-1,-1,-1
561,16,581.380,449.946,33.404,90.717,0.658939,-1,-1,-1
561,14,893.383,436.277,108.809,248.393,0.787242,-1,-1,-1
561,9,1078.666,439.694,42.130,129.891,0.335910,-1,-1,-1
561,6,1566.007,402.974,292.171,674.260,0.830206,-1,-1,-1
561,5,1098.702,433.459,127.763,288.036,0.812277,-1,-1,-1
561,2,1752.597,401.815,166.239,622.858,0.564952,-1,-1,-1
562,44,716.269,449.590,35.419,99.530,0.712988,-1,-1,-1
562,38,546.342,454.222,33.579,86.536,0.741738,-1,-1,-1
562,37,674.603,458.422,27.693,81.132,0.474563,-1,-1,-1
562,34,413.543,452.636,49.566,119.698,0.405468,-1,-1,-1
562,30,1215.366,435.961,39.928,118.075,0.404101,-1,-1,-1
562,27,639.913,452.238,40.845,111.501,0.744688,-1,-1,-1
562,24,694.321,459.109,26.360,76.352,0.397612,-1,-1,-1
562,22,993.600,416.088,134.226,284.169,0.856265,-1,-1,-1
562,16,581.738,450.029,33.741,89.857,0.638407,-1,-1,-1
562,14,900.008,434.391,103.166,248.299,0.781130,-1,-1,-1
562,9,1078.456,438.010,40.831,136.274,0.394502,-1,-1,-1
562,6,1568.025,403.932,300.772,672.306,0.876448,-1,-1,-1
562,5,1106.314,433.882,123.924,289.629,0.803061,-1,-1,-1
562,2,1764.500,396.310,155.224,638.649,0.570696,-1,-1,-1
563,47,1303.368,418.312,45.757,128.379,0.276294,-1,-1,-1
563,44,717.682,449.720,34.921,100.219,0.722044,-1,-1,-1
563,38,547.558,454.233,32.994,85.704,0.754523,-1,-1,-1
563,37,674.471,457.316,25.976,80.467,0.399872,-1,-1,-1
563,34,412.633,448.769,51.512,125.029,0.456221,-1,-1,-1
563,30,1217.087,441.416,40.586,110.931,0.408742,-1,-1,-1
563,27,639.808,452.356,40.299,109.451,0.746111,-1,-1,-1
563,24,693.884,457.973,27.739,77.833,0.459747,-1,-1,-1
563,22,992.516,426.525,141.244,273.234,0.861866,-1,-1,-1
563,16,582.025,453.271,35.107,87.122,0.648566,-1,-1,-1
563,14,909.956,437.089,92.056,246.925,0.769627,-1,-1,-1
563,9,1079.231,438.679,40.077,133.077,0.425380,-1,-1,-1
563,6,1567.380,399.348,313.009,678.793,0.870002,-1,-1,-1
563,5,1109.640,436.124,124.175,281.536,0.812665,-1,-1,-1
563,2,1768.075,390.300,151.925,659.762,0.611455,-1,-1,-1
564,47,1303.465,420.313,45.787,126.393,0.280515,-1,-1,-1
564,44,718.534,449.790,34.051,99.500,0.768695,-1,-1,-1
564,38,547.538,451.284,33.204,86.620,0.706734,-1,-1,-1
564,37,673.359,456.495,25.846,80.679,0.414015,-1,-1,-1
564,34,414.611,449.885,49.123,122.451,0.477589,-1,-1,-1
564,30,1219.489,442.059,42.282,112.028,0.624244,-1,-1,-1
564,27,639.950,452.438,40.443,109.223,0.729228,-1,-1,-1
564,24,692.779,456.887,29.920,79.508,0.569834,-1,-1,-1
564,22,995.085,416.708,140.701,284.754,0.853616,-1,-1,-1
564,16,582.875,453.790,34.107,84.241,0.632126,-1,-1,-1
564,14,917.291,435.204,88.754,248.797,0.736231,-1,-1,-1
564,9,911.045,462.943,44.381,130.254,0.349254,-1,-1,-1
564,6,1573.438,399.754,310.155,679.120,0.877113,-1,-1,-1
564,5,1113.862,437.867,119.607,279.827,0.815050,-1,-1,-1
564,2,1774.484,387.044,145.516,670.794,0.700002,-1,-1,-1
565,47,1303.625,418.006,45.669,128.658,0.307182,-1,-1,-1
565,44,718.406,449.354,34.549,99.797,0.760681,-1,-1,-1
565,43,686.311,458.988,27.331,79.076,0.280575,-1,-1,-1
565,38,546.652,452.590,33.221,85.255,0.697731,-1,-1,-1
565,37,673.302,455.809,26.041,78.906,0.375064,-1,-1,-1
565,34,413.561,449.478,51.957,123.151,0.445329,-1,-1,-1
565,30,1222.735,443.812,38.776,109.549,0.625666,-1,-1,-1
565,27,639.525,452.962,40.499,110.514,0.732691,-1,-1,-1
565,24,692.774,456.144,30.251,81.522,0.551295,-1,-1,-1
565,22,997.449,410.881,140.319,293.824,0.842779,-1,-1,-1
565,16,583.868,453.332,32.975,85.084,0.630326,-1,-1,-1
565,14,921.612,436.589,85.461,245.933,0.762888,-1,-1,-1
565,9,913.679,460.644,43.447,131.593,0.422542,-1,-1,-1
565,6,1583.193,400.659,310.063,679.341,0.884255,-1,-1,-1
565,5,1117.109,437.240,121.667,278.977,0.801892,-1,-1,-1
565,2,1765.779,392.560,154.147,673.026,0.752185,-1,-1,-1
566,47,1303.154,421.154,46.253,125.699,0.308464,-1,-1,-1
566,44,718.175,449.148,35.363,100.368,0.774348,-1,-1,-1
566,43,685.045,458.067,25.129,77.539,0.251123,-1,-1,-1
566,38,546.438,450.070,34.099,87.600,0.718758,-1,-1,-1
566,37,671.288,454.756,27.074,79.155,0.373436,-1,-1,-1
566,34,413.879,447.320,58.987,125.408,0.401017,-1,-1,-1
566,30,1225.562,442.766,36.204,112.971,0.619902,-1,-1,-1
566,27,638.184,451.198,39.421,110.539,0.731827,-1,-1,-1
566,24,692.062,456.249,30.360,81.139,0.571706,-1,-1,-1
566,22,1000.316,405.579,142.363,299.771,0.862402,-1,-1,-1
566,16,583.570,453.374,33.975,85.587,0.659646,-1,-1,-1
566,14,925.120,435.181,101.977,250.015,0.640637,-1,-1,-1
566,9,912.033,457.384,49.407,133.900,0.517712,-1,-1,-1
566,6,1599.007,398.501,299.853,681.499,0.883770,-1,-1,-1
566,5,1118.673,434.483,119.587,287.640,0.811644,-1,-1,-1
566,2,1779.516,369.150,140.057,692.233,0.724461,-1,-1,-1
567,47,1302.628,421.239,46.628,124.881,0.234361,-1,-1,-1
567,44,717.684,449.360,36.484,100.585,0.781317,-1,-1,-1
567,43,684.503,458.392,27.224,81.324,0.278190,-1,-1,-1
567,38,546.288,449.509,34.308,88.689,0.724967,-1,-1,-1
567,37,670.387,454.078,29.138,83.958,0.394508,-1,-1,-1
567,34,413.294,448.159,54.414,125.198,0.484092,-1,-1,-1
567,30,1227.220,442.269,34.758,115.258,0.627203,-1,-1,-1
567,27,636.955,450.606,39.560,111.089,0.748892,-1,-1,-1
567,24,692.295,456.256,30.295,82.078,0.577301,-1,-1,-1
567,22,1001.406,404.660,139.943,299.382,0.865542,-1,-1,-1
567,16,583.222,453.150,35.193,86.329,0.663039,-1,-1,-1
567,14,923.814,434.968,99.817,251.002,0.670066,-1,-1,-1
567,9,912.358,451.198,51.998,140.516,0.595075,-1,-1,-1
567,6,1623.712,398.903,273.172,681.017,0.856285,-1,-1,-1
567,5,1122.372,433.843,117.378,287.536,0.816425,-1,-1,-1
567,2,1754.741,385.060,164.966,679.735,0.686380,-1,-1,-1
568,44,717.573,449.080,36.753,101.242,0.788442,-1,-1,-1
568,43,681.393,458.175,23.636,80.672,0.257244,-1,-1,-1
568,38,546.176,450.968,34.852,88.531,0.743444,-1,-1,-1
568,37,669.772,454.418,29.753,89.578,0.507004,-1,-1,-1
568,34,413.518,446.688,51.302,128.279,0.529544,-1,-1,-1
568,30,1228.489,446.114,36.532,111.856,0.629198,-1,-1,-1
568,27,636.448,450.272,38.622,112.535,0.761076,-1,-1,-1
568,24,693.104,456.676,29.305,80.274,0.600734,-1,-1,-1
568,22,1002.121,407.905,141.645,295.891,0.844150,-1,-1,-1
568,16,583.831,453.722,34.946,90.308,0.701027,-1,-1,-1
568,14,934.723,431.917,90.655,247.902,0.651667,-1,-1,-1
568,9,910.070,448.479,51.352,143.443,0.470178,-1,-1,-1
568,6,1642.428,395.580,258.759,683.782,0.903387,-1,-1,-1
568,5,1130.409,438.000,115.334,282.438,0.791898,-1,-1,-1
568,2,1775.745,398.295,143.955,665.367,0.627734,-1,-1,-1
569,44,717.417,449.057,37.123,101.434,0.800209,-1,-1,-1
569,43,681.723,456.891,24.088,82.082,0.270186,-1,-1,-1
569,38,546.938,451.500,35.712,88.843,0.737018,-1,-1,-1
569,37,670.477,453.562,29.605,93.877,0.493600,-1,-1,-1
569,34,414.726,447.815,51.699,126.515,0.509985,-1,-1,-1
569,30,1230.340,441.884,37.689,115.087,0.632686,-1,-1,-1
569,27,635.362,451.565,40.064,110.681,0.762433,-1,-1,-1
569,24,692.698,456.163,29.410,80.614,0.615747,-1,-1,-1
569,22,1001.960,425.650,140.503,277.714,0.863437,-1,-1,-1
569,16,583.990,453.644,35.703,89.946,0.714745,-1,-1,-1
569,14,943.378,433.840,84.303,242.544,0.783355,-1,-1,-1
569,9,1115.353,433.086,43.620,147.192,0.408738,-1,-1,-1
569,6,1653.775,395.667,247.820,684.333,0.907473,-1,-1,-1
569,5,1131.760,433.921,125.452,286.965,0.844338,-1,-1,-1
569,2,1779.798,396.484,139.495,669.882,0.649104,-1,-1,-1
570,44,717.537,448.517,36.948,102.604,0.810434,-1,-1,-1
570,43,683.919,458.030,23.918,79.574,0.258696,-1,-1,-1
570,38,547.128,451.355,35.306,89.080,0.730055,-1,-1,-1
570,37,668.085,453.208,30.336,97.350,0.501850,-1,-1,-1
570,34,414.594,448.673,49.081,125.391,0.446412,-1,-1,-1
570,30,1232.680,444.220,36.316,110.424,0.664685,-1,-1,-1
570,27,635.631,453.508,36.825,107.523,0.733377,-1,-1,-1
570,24,692.171,457.672,29.199,79.865,0.605942,-1,-1,-1
570,22,1003.398,410.445,139.928,294.639,0.897018,-1,-1,-1
570,16,583.362,454.347,36.102,88.018,0.702052,-1,-1,-1
570,14,944.681,435.059,83.073,241.581,0.788224,-1,-1,-1
570,9,1112.958,428.103,46.054,149.150,0.665256,-1,-1,-1
570,6,1656.940,397.870,252.823,680.330,0.904183,-1,-1,-1
570,5,1136.749,432.911,135.102,287.780,0.862193,-1,-1,-1
570,2,1791.080,388.471,128.427,664.662,0.542026,-1,-1,-1
571,44,717.030,447.830,37.685,102.992,0.802396,-1,-1,-1
571,43,681.610,457.329,24.278,79.245,0.264785,-1,-1,-1
571,38,546.947,452.323,35.624,88.793,0.733375,-1,-1,-1
571,37,669.593,453.299,29.282,91.224,0.502431,-1,-1,-1
571,34,414.953,449.477,49.098,123.372,0.502700,-1,-1,-1
571,30,1232.736,444.986,35.950,108.615,0.582610,-1,-1,-1
571,27,636.060,453.360,35.367,108.862,0.733369,-1,-1,-1
571,24,692.210,458.120,29.275,79.284,0.605391,-1,-1,-1
571,22,1005.043,415.441,135.004,287.101,0.746549,-1,-1,-1
571,16,583.332,454.128,35.359,88.698,0.662265,-1,-1,-1
571,14,947.036,433.544,85.218,247.868,0.770418,-1,-1,-1
571,9,1113.089,426.363,47.235,152.333,0.659311,-1,-1,-1
571,6,1660.552,395.044,246.456,684.680,0.873334,-1,-1,-1
571,5,1140.308,430.620,141.671,289.635,0.850207,-1,-1,-1
571,2,1773.736,400.015,145.517,638.521,0.574594,-1,-1,-1
572,44,716.914,446.295,37.803,104.600,0.800101,-1,-1,-1
572,43,677.921,456.562,26.089,81.692,0.280629,-1,-1,-1
572,38,547.279,450.397,36.434,90.779,0.752716,-1,-1,-1
572,37,668.726,452.756,30.164,94.834,0.540117,-1,-1,-1
572,34,413.953,449.421,50.217,123.682,0.483254,-1,-1,-1
572,30,1235.483,444.923,38.026,109.885,0.463768,-1,-1,-1
572,27,635.158,453.587,35.144,107.187,0.751359,-1,-1,-1
572,25,375.936,464.189,51.170,112.915,0.292522,-1,-1,-1
572,24,692.147,458.396,28.784,79.385,0.572331,-1,-1,-1
572,22,1007.771,416.620,136.353,288.039,0.844153,-1,-1,-1
572,16,582.337,452.854,36.311,90.641,0.693804,-1,-1,-1
572,14,946.938,430.025,87.196,246.658,0.767079,-1,-1,-1
572,9,1110.662,424.163,48.186,154.727,0.790431,-1,-1,-1
572,6,1664.073,398.250,252.494,679.522,0.892317,-1,-1,-1
572,5,1145.486,432.585,144.209,286.243,0.852135,-1,-1,-1
572,2,1781.625,410.555,137.867,642.364,0.453281,-1,-1,-1
573,44,717.103,446.786,37.887,104.585,0.796792,-1,-1,-1
573,38,548.864,453.676,35.464,87.147,0.748781,-1,-1,-1
573,37,667.957,452.791,32.147,98.533,0.591534,-1,-1,-1
573,34,413.972,449.149,49.650,124.473,0.466572,-1,-1,-1
573,30,1239.486,444.872,37.250,115.467,0.303394,-1,-1,-1
573,27,634.865,453.225,35.847,107.062,0.772184,-1,-1,-1
573,24,692.265,458.236,29.151,80.613,0.579166,-1,-1,-1
573,22,1010.735,415.390,134.391,287.449,0.769273,-1,-1,-1
573,16,582.076,454.337,37.363,88.797,0.688042,-1,-1,-1
573,14,950.887,431.473,105.110,254.248,0.721889,-1,-1,-1
573,9,1113.180,424.362,45.643,155.068,0.723767,-1,-1,-1
573,6,1666.121,399.451,253.879,680.549,0.899079,-1,-1,-1
573,5,1149.487,430.076,142.981,289.242,0.690059,-1,-1,-1
573,2,1784.623,402.963,135.057,674.372,0.372508,-1,-1,-1
574,44,717.330,446.564,37.974,105.380,0.805981,-1,-1,-1
574,38,550.030,453.362,35.209,86.587,0.756208,-1,-1,-1
574,37,665.121,454.496,36.844,101.969,0.559323,-1,-1,-1
574,34,413.363,449.564,49.941,123.779,0.461985,-1,-1,-1
574,30,1241.881,444.145,35.074,103.920,0.438084,-1,-1,-1
574,27,634.102,451.487,37.926,107.488,0.784123,-1,-1,-1
574,24,693.209,457.801,28.377,79.928,0.596358,-1,-1,-1
574,22,1021.971,408.642,123.876,296.784,0.734061,-1,-1,-1
574,16,582.984,454.344,34.481,88.527,0.690177,-1,-1,-1
574,14,947.686,432.530,117.179,257.995,0.800755,-1,-1,-1
574,9,1114.312,424.066,44.326,153.355,0.688443,-1,-1,-1
574,6,1667.332,403.786,252.668,676.214,0.902374,-1,-1,-1
574,5,1149.517,429.941,143.629,290.073,0.700317,-1,-1,-1
574,2,1833.649,402.718,86.351,677.282,0.410580,-1,-1,-1
575,44,717.354,447.500,37.722,103.370,0.806523,-1,-1,-1
575,38,550.255,454.337,35.083,85.419,0.757579,-1,-1,-1
575,37,664.346,455.355,37.458,102.439,0.580399,-1,-1,-1
575,34,413.272,448.636,53.464,123.825,0.437723,-1,-1,-1
575,30,1248.004,445.289,33.114,89.581,0.314429,-1,-1,-1
575,27,633.623,454.132,36.934,104.902,0.780881,-1,-1,-1
575,24,692.669,458.242,29.224,79.701,0.638735,-1,-1,-1
575,23,528.865,451.062,23.787,64.070,0.267256,-1,-1,-1
575,22,1046.543,409.636,95.541,289.585,0.623066,-1,-1,-1
575,16,581.711,453.434,38.307,88.438,0.723962,-1,-1,-1
575,14,950.793,433.066,124.040,258.153,0.815724,-1,-1,-1
575,9,1115.907,425.195,42.949,152.802,0.641629,-1,-1,-1
575,8,1148.479,436.255,77.293,267.939,0.482300,-1,-1,-1
575,6,1668.916,398.007,251.084,681.993,0.894026,-1,-1,-1
575,5,1152.793,432.310,142.310,287.119,0.811571,-1,-1,-1
575,2,1805.365,372.314,114.215,704.873,0.386727,-1,-1,-1
576,44,718.280,449.093,36.672,102.316,0.808766,-1,-1,-1
576,38,551.212,455.641,34.699,84.307,0.746520,-1,-1,-1
576,37,664.397,456.475,37.358,100.577,0.589678,-1,-1,-1
576,34,413.085,449.013,53.882,125.687,0.494184,-1,-1,-1
576,30,908.421,464.131,69.383,128.303,0.388055,-1,-1,-1
576,27,632.799,455.294,38.548,103.051,0.791456,-1,-1,-1
576,24,692.721,460.103,29.408,77.988,0.638312,-1,-1,-1
576,23,528.501,455.459,24.016,60.169,0.269988,-1,-1,-1
576,22,1036.147,409.284,112.027,291.251,0.689876,-1,-1,-1
576,16,583.020,455.051,37.474,86.956,0.734993,-1,-1,-1
576,14,951.902,433.076,122.162,251.651,0.864743,-1,-1,-1
576,9,1118.029,426.098,40.146,150.390,0.592810,-1,-1,-1
576,8,1150.972,434.420,82.066,274.268,0.228494,-1,-1,-1
576,6,1668.023,397.025,251.977,682.975,0.901608,-1,-1,-1
576,5,1155.986,433.462,140.363,285.671,0.843180,-1,-1,-1
576,2,1841.987,379.278,78.013,694.260,0.354916,-1,-1,-1
577,44,718.258,449.101,37.074,103.681,0.790886,-1,-1,-1
577,38,551.536,457.754,34.142,82.286,0.723589,-1,-1,-1
577,37,667.105,453.441,31.979,98.020,0.620497,-1,-1,-1
577,34,412.114,449.911,55.006,124.323,0.429862,-1,-1,-1
577,30,1041.988,443.115,43.735,148.152,0.394614,-1,-1,-1
577,27,633.167,454.376,38.346,105.290,0.808784,-1,-1,-1
577,24,691.372,461.155,29.553,77.575,0.578595,-1,-1,-1
577,23,909.132,469.356,65.312,122.340,0.340827,-1,-1,-1
577,22,1055.521,412.481,90.797,285.038,0.713576,-1,-1,-1
577,16,583.308,455.464,36.773,86.013,0.722562,-1,-1,-1
577,14,953.181,434.069,120.234,248.011,0.848281,-1,-1,-1
577,9,1120.864,429.546,36.419,145.233,0.467100,-1,-1,-1
577,8,1254.766,442.066,32.277,107.340,0.334640,-1,-1,-1
577,6,1665.491,395.344,254.509,684.563,0.908746,-1,-1,-1
577,5,1156.112,432.972,141.510,286.179,0.849174,-1,-1,-1
577,2,1854.060,391.826,65.940,674.371,0.304029,-1,-1,-1
578,44,717.476,449.218,37.681,104.207,0.801939,-1,-1,-1
578,38,550.564,455.457,35.611,85.362,0.713528,-1,-1,-1
578,37,665.879,454.055,33.060,96.880,0.672824,-1,-1,-1
578,34,413.082,451.919,50.717,120.420,0.507623,-1,-1,-1
578,30,910.511,478.452,65.780,111.746,0.432618,-1,-1,-1
578,27,632.639,454.406,36.804,103.988,0.811006,-1,-1,-1
578,25,376.753,466.436,49.149,111.055,0.407285,-1,-1,-1
578,24,691.141,462.057,29.588,78.857,0.598951,-1,-1,-1
578,22,1042.700,432.578,102.376,267.405,0.715179,-1,-1,-1
578,16,582.879,454.023,37.433,87.296,0.744987,-1,-1,-1
578,14,953.786,444.324,116.229,234.262,0.819184,-1,-1,-1
578,9,1114.728,424.194,43.274,152.610,0.552005,-1,-1,-1
578,8,1148.860,433.541,84.422,268.586,0.402034,-1,-1,-1
578,6,1662.541,395.415,257.459,684.554,0.909155,-1,-1,-1
578,5,1157.634,435.021,139.902,283.663,0.862119,-1,-1,-1
578,2,1861.327,389.642,58.663,675.939,0.219183,-1,-1,-1
579,44,717.510,449.346,37.695,103.679,0.783812,-1,-1,-1
579,38,550.822,453.664,35.260,87.223,0.732223,-1,-1,-1
579,37,665.203,455.383,34.589,97.147,0.625785,-1,-1,-1
579,34,414.067,451.101,50.890,121.826,0.502695,-1,-1,-1
579,30,907.719,480.447,72.860,111.203,0.515596,-1,-1,-1
579,27,632.006,456.466,36.432,101.926,0.794512,-1,-1,-1
579,25,377.695,467.219,47.121,110.388,0.434950,-1,-1,-1
579,24,691.298,462.227,29.188,79.062,0.554434,-1,-1,-1
579,22,1061.458,428.982,88.353,270.472,0.686758,-1,-1,-1
579,16,583.130,454.090,37.481,87.158,0.753754,-1,-1,-1
579,14,949.965,444.443,119.965,231.548,0.842649,-1,-1,-1
579,9,1115.778,430.594,43.268,143.324,0.500528,-1,-1,-1
579,8,1150.599,435.970,80.429,257.693,0.418869,-1,-1,-1
579,6,1665.619,397.643,254.108,682.163,0.904905,-1,-1,-1
579,5,1156.004,433.193,142.915,284.292,0.879550,-1,-1,-1
580,44,717.947,449.171,37.222,104.040,0.783061,-1,-1,-1
580,38,551.032,451.806,35.697,89.415,0.696181,-1,-1,-1
580,37,665.416,453.767,34.448,96.106,0.632438,-1,-1,-1
580,34,413.026,448.622,52.922,124.491,0.528391,-1,-1,-1
580,30,907.667,470.469,74.321,121.214,0.497568,-1,-1,-1
580,27,631.531,455.604,36.617,102.897,0.798027,-1,-1,-1
580,25,377.176,465.617,46.322,110.792,0.354356,-1,-1,-1
580,24,691.941,460.959,29.619,79.603,0.510185,-1,-1,-1
580,22,1072.197,426.166,79.897,273.775,0.748173,-1,-1,-1
580,16,583.709,453.528,36.862,87.239,0.745301,-1,-1,-1
580,14,952.945,437.109,118.148,242.623,0.841120,-1,-1,-1
580,9,1116.993,430.923,43.812,141.922,0.474364,-1,-1,-1
580,8,1150.315,434.278,83.794,252.747,0.341004,-1,-1,-1
580,6,1666.079,402.806,253.688,677.194,0.907484,-1,-1,-1
580,5,1159.950,433.968,138.721,284.383,0.854657,-1,-1,-1
581,44,718.770,448.384,37.720,105.127,0.747390,-1,-1,-1
581,38,549.388,447.033,37.699,94.523,0.686049,-1,-1,-1
581,37,664.450,454.838,36.547,99.746,0.622722,-1,-1,-1
581,34,411.480,448.484,53.080,125.059,0.560170,-1,-1,-1
581,30,906.566,468.055,79.100,123.767,0.448849,-1,-1,-1
581,27,630.882,454.651,37.515,104.106,0.790497,-1,-1,-1
581,25,377.813,465.561,45.068,110.588,0.227999,-1,-1,-1
581,24,691.870,460.864,30.221,79.827,0.520046,-1,-1,-1
581,22,1072.641,420.612,82.998,279.747,0.756554,-1,-1,-1
581,16,584.397,453.692,35.778,88.670,0.740428,-1,-1,-1
581,14,948.216,436.173,126.140,243.473,0.876567,-1,-1,-1
581,9,1121.108,428.681,41.137,143.956,0.368033,-1,-1,-1
581,8,1150.677,431.587,89.570,257.334,0.559769,-1,-1,-1
581,6,1664.707,401.672,255.293,678.328,0.912871,-1,-1,-1
581,5,1166.308,432.411,134.168,285.822,0.836349,-1,-1,-1
582,44,720.227,448.331,37.832,106.622,0.737028,-1,-1,-1
582,38,551.029,452.176,35.450,89.581,0.692208,-1,-1,-1
582,37,663.537,454.303,36.873,101.063,0.648346,-1,-1,-1
582,34,410.535,448.769,54.988,124.614,0.568467,-1,-1,-1
582,30,906.756,479.909,79.322,112.215,0.504912,-1,-1,-1
582,27,631.300,454.887,35.511,103.155,0.773412,-1,-1,-1
582,25,376.194,464.035,48.088,114.392,0.210562,-1,-1,-1
582,24,693.985,460.874,29.777,79.262,0.548462,-1,-1,-1
582,22,1077.269,420.014,80.691,282.421,0.732913,-1,-1,-1
582,16,584.874,454.140,35.557,86.036,0.743163,-1,-1,-1
582,14,949.825,436.512,125.785,242.071,0.845468,-1,-1,-1
582,9,1121.671,422.916,41.184,150.267,0.261296,-1,-1,-1
582,8,1149.214,438.545,90.534,242.099,0.643226,-1,-1,-1
582,6,1665.594,401.389,254.406,678.611,0.908276,-1,-1,-1
582,5,1183.536,432.255,118.549,284.898,0.827875,-1,-1,-1
583,44,720.947,448.048,39.692,106.325,0.743110,-1,-1,-1
583,38,550.298,450.144,36.690,90.870,0.690385,-1,-1,-1
583,37,661.133,452.805,37.794,103.162,0.681913,-1,-1,-1
583,34,409.990,449.682,52.123,123.140,0.493858,-1,-1,-1
583,30,905.445,472.417,80.848,120.024,0.369903,-1,-1,-1
583,27,630.333,454.926,34.977,103.147,0.748335,-1,-1,-1
583,24,695.988,459.580,29.286,79.734,0.574626,-1,-1,-1
583,22,1081.822,419.426,79.111,280.496,0.739457,-1,-1,-1
583,16,584.634,453.799,35.841,86.673,0.762182,-1,-1,-1
583,14,958.261,435.029,114.357,243.582,0.835395,-1,-1,-1
583,9,1123.537,423.731,40.062,148.081,0.306249,-1,-1,-1
583,8,1151.349,431.202,92.885,260.211,0.554667,-1,-1,-1
583,6,1667.674,401.924,252.326,678.076,0.909319,-1,-1,-1
583,5,1188.513,432.228,116.714,283.926,0.849593,-1,-1,-1
584,44,722.077,447.924,38.796,105.969,0.731239,-1,-1,-1
584,38,550.945,449.576,35.370,90.129,0.695896,-1,-1,-1
584,37,659.002,452.720,38.632,106.744,0.700944,-1,-1,-1
584,34,408.933,448.894,53.308,124.483,0.524283,-1,-1,-1
584,30,905.663,471.113,81.371,121.218,0.409158,-1,-1,-1
584,27,629.156,454.499,37.036,105.533,0.715252,-1,-1,-1
584,24,696.372,458.208,30.247,81.861,0.570107,-1,-1,-1
584,22,1083.284,423.447,78.236,277.260,0.727484,-1,-1,-1
584,16,584.923,453.855,35.291,87.347,0.750111,-1,-1,-1
584,14,963.717,439.018,109.035,240.237,0.805885,-1,-1,-1
584,9,1124.154,426.707,39.731,145.139,0.371422,-1,-1,-1
584,8,1154.281,433.976,89.195,257.797,0.582113,-1,-1,-1
584,6,1671.564,399.856,248.436,680.144,0.916077,-1,-1,-1
584,5,1193.404,435.145,110.132,278.815,0.833941,-1,-1,-1
585,44,723.131,446.740,39.138,106.486,0.722103,-1,-1,-1
585,38,550.723,449.561,36.936,90.509,0.683783,-1,-1,-1
585,37,660.256,454.297,41.064,104.755,0.666534,-1,-1,-1
585,34,410.404,449.865,54.111,122.909,0.515058,-1,-1,-1
585,30,907.804,470.123,81.708,121.111,0.318444,-1,-1,-1
585,27,629.542,455.232,35.008,103.925,0.723425,-1,-1,-1
585,24,697.865,464.352,29.625,75.122,0.571205,-1,-1,-1
585,23,1157.592,436.035,34.485,101.730,0.522609,-1,-1,-1
585,22,1086.945,423.844,76.962,276.475,0.746793,-1,-1,-1
585,16,586.594,454.241,32.391,86.800,0.762630,-1,-1,-1
585,14,964.272,434.682,111.079,242.084,0.798866,-1,-1,-1
585,9,1124.055,424.398,41.217,146.219,0.274268,-1,-1,-1
585,8,1168.831,431.117,77.026,256.444,0.681921,-1,-1,-1
585,6,1671.404,399.689,248.596,680.311,0.915219,-1,-1,-1
585,5,1196.170,435.299,115.607,280.608,0.854162,-1,-1,-1
586,44,723.591,447.682,39.126,106.551,0.720961,-1,-1,-1
586,38,551.440,453.374,36.084,86.960,0.617912,-1,-1,-1
586,37,662.186,453.305,40.868,101.570,0.638177,-1,-1,-1
586,34,411.799,450.526,50.718,123.321,0.472695,-1,-1,-1
586,30,909.362,472.034,83.988,119.394,0.285306,-1,-1,-1
586,27,628.923,454.949,35.159,103.433,0.718330,-1,-1,-1
586,24,698.812,461.682,29.695,77.413,0.573350,-1,-1,-1
586,22,1087.122,412.001,92.799,289.228,0.762903,-1,-1,-1
586,16,587.031,454.834,32.439,87.239,0.732893,-1,-1,-1
586,14,972.002,442.116,103.996,234.092,0.779131,-1,-1,-1
586,8,1174.638,433.628,73.895,246.182,0.719850,-1,-1,-1
586,6,1672.434,383.917,247.566,696.083,0.893660,-1,-1,-1
586,5,1203.005,433.355,112.678,283.731,0.840735,-1,-1,-1
587,44,723.853,448.144,38.563,108.481,0.720767,-1,-1,-1
587,38,551.578,454.825,35.765,87.583,0.604941,-1,-1,-1
587,37,660.771,452.357,41.190,102.049,0.647269,-1,-1,-1
587,34,413.827,451.348,48.390,121.905,0.398394,-1,-1,-1
587,30,908.787,479.934,80.662,112.044,0.393700,-1,-1,-1
587,27,627.002,455.008,36.782,102.887,0.715653,-1,-1,-1
587,24,698.639,460.808,28.937,78.692,0.539332,-1,-1,-1
587,22,1084.484,411.963,97.746,287.488,0.768959,-1,-1,-1
587,16,587.192,454.869,32.302,87.457,0.743594,-1,-1,-1
587,14,978.820,441.459,99.512,230.339,0.801004,-1,-1,-1
587,8,1167.492,438.980,90.448,244.255,0.679635,-1,-1,-1
587,6,1677.253,374.500,242.747,705.500,0.873408,-1,-1,-1
587,5,1213.063,434.194,102.377,281.986,0.666212,-1,-1,-1
588,44,723.199,446.955,39.236,110.004,0.728807,-1,-1,-1
588,38,552.325,455.530,36.253,86.102,0.624336,-1,-1,-1
588,37,660.585,452.953,41.852,107.099,0.685901,-1,-1,-1
588,34,412.725,451.575,48.456,121.868,0.462741,-1,-1,-1
588,30,907.792,476.897,86.702,115.709,0.333960,-1,-1,-1
588,27,626.237,453.058,37.131,105.395,0.717412,-1,-1,-1
588,24,698.202,460.813,29.141,79.522,0.541417,-1,-1,-1
588,22,1085.080,410.105,105.589,290.717,0.758082,-1,-1,-1
588,16,586.417,454.874,32.913,88.632,0.745631,-1,-1,-1
588,14,986.982,448.562,93.683,222.375,0.801932,-1,-1,-1
588,8,1177.185,429.155,74.591,255.094,0.772018,-1,-1,-1
588,6,1684.014,350.808,235.986,729.192,0.865047,-1,-1,-1
588,5,1213.526,432.894,108.047,284.868,0.837905,-1,-1,-1
589,44,723.107,447.416,39.392,110.094,0.746799,-1,-1,-1
589,38,552.285,456.621,35.610,84.973,0.667844,-1,-1,-1
589,37,660.325,453.214,41.001,106.683,0.731925,-1,-1,-1
589,34,414.946,459.120,45.488,114.140,0.425473,-1,-1,-1
589,30,907.926,479.143,81.553,112.244,0.332526,-1,-1,-1
589,27,624.336,452.797,38.506,105.060,0.733271,-1,-1,-1
589,24,697.448,467.435,27.267,72.882,0.558465,-1,-1,-1
589,23,1161.099,434.864,31.923,105.836,0.460004,-1,-1,-1
589,22,1087.877,407.582,110.902,288.195,0.774203,-1,-1,-1
589,16,586.406,455.810,33.667,87.273,0.730284,-1,-1,-1
589,14,996.812,444.059,86.291,227.456,0.717426,-1,-1,-1
589,8,1179.663,432.866,74.124,245.688,0.793919,-1,-1,-1
589,6,1694.485,368.196,225.515,711.804,0.814547,-1,-1,-1
589,5,1213.632,436.648,111.087,280.994,0.784831,-1,-1,-1
590,44,722.969,446.908,40.288,109.815,0.734992,-1,-1,-1
590,38,552.143,457.770,34.350,84.845,0.706844,-1,-1,-1
590,37,660.846,453.527,41.310,106.649,0.742927,-1,-1,-1
590,34,414.391,457.741,46.371,115.296,0.498723,-1,-1,-1
590,30,907.208,481.466,78.767,109.761,0.435844,-1,-1,-1
590,27,624.294,452.755,38.287,105.545,0.749945,-1,-1,-1
590,25,377.486,467.447,44.135,111.975,0.392165,-1,-1,-1
590,24,698.224,467.324,28.129,73.464,0.584009,-1,-1,-1
590,23,1163.660,436.381,30.909,105.750,0.324625,-1,-1,-1
590,22,1088.320,407.821,111.480,291.053,0.752166,-1,-1,-1
590,16,585.586,455.578,33.865,87.439,0.736677,-1,-1,-1
590,14,1003.816,448.058,81.728,223.367,0.782397,-1,-1,-1
590,8,1181.337,441.965,72.562,236.803,0.728588,-1,-1,-1
590,6,1708.377,350.727,210.989,729.273,0.787382,-1,-1,-1
590,5,1216.784,432.819,112.776,283.170,0.824868,-1,-1,-1
591,44,723.260,447.966,39.032,108.340,0.737848,-1,-1,-1
591,38,551.850,456.427,33.649,86.163,0.704866,-1,-1,-1
591,37,660.652,453.245,42.299,108.799,0.749188,-1,-1,-1
591,34,415.365,459.074,44.341,113.775,0.479718,-1,-1,-1
591,30,908.095,482.731,76.982,108.129,0.410784,-1,-1,-1
591,27,624.060,453.822,38.081,103.949,0.754863,-1,-1,-1
591,25,379.682,467.889,40.950,110.311,0.230894,-1,-1,-1
591,24,698.706,465.895,28.668,74.867,0.593927,-1,-1,-1
591,22,1086.196,407.182,111.328,289.866,0.764059,-1,-1,-1
591,16,585.130,455.421,33.392,87.531,0.706695,-1,-1,-1
591,14,1008.327,446.543,82.678,226.979,0.787218,-1,-1,-1
591,8,1183.132,432.545,76.524,250.948,0.777832,-1,-1,-1
591,6,1730.583,345.083,189.409,734.917,0.733221,-1,-1,-1
591,5,1220.374,433.798,114.076,282.113,0.849676,-1,-1,-1
592,44,724.426,449.344,37.645,108.044,0.737368,-1,-1,-1
592,43,806.419,464.418,49.198,89.949,0.361838,-1,-1,-1
592,38,551.090,455.403,34.380,85.986,0.711073,-1,-1,-1
592,37,659.796,453.138,43.112,108.960,0.762880,-1,-1,-1
592,34,413.851,460.246,48.958,111.325,0.374031,-1,-1,-1
592,30,906.773,483.428,79.137,107.518,0.496116,-1,-1,-1
592,27,622.845,451.756,38.776,107.184,0.766013,-1,-1,-1
592,25,378.710,467.080,42.236,111.033,0.204258,-1,-1,-1
592,24,698.843,466.384,28.769,74.145,0.606545,-1,-1,-1
592,22,1087.744,409.117,109.193,287.961,0.769888,-1,-1,-1
592,16,584.621,455.525,34.596,87.752,0.707341,-1,-1,-1
592,14,1009.384,442.548,82.638,227.416,0.848865,-1,-1,-1
592,8,1183.677,439.169,79.058,245.531,0.736241,-1,-1,-1
592,6,1755.134,326.994,164.866,753.006,0.670822,-1,-1,-1
592,5,1224.378,440.338,118.368,274.902,0.858692,-1,-1,-1
593,44,724.092,448.856,38.121,108.886,0.750346,-1,-1,-1
593,43,808.730,464.278,46.711,90.277,0.323444,-1,-1,-1
593,38,550.787,454.212,35.139,86.966,0.713319,-1,-1,-1
593,37,660.373,452.219,43.080,109.314,0.745782,-1,-1,-1
593,34,413.412,458.214,49.508,113.666,0.397643,-1,-1,-1
593,30,907.461,480.861,80.006,109.915,0.419054,-1,-1,-1
593,27,623.499,450.504,38.190,108.503,0.733534,-1,-1,-1
593,25,378.433,466.777,42.778,110.545,0.274295,-1,-1,-1
593,24,698.789,465.059,29.027,75.152,0.593613,-1,-1,-1
593,22,1089.341,408.656,110.961,290.853,0.788105,-1,-1,-1
593,16,584.232,455.187,34.279,86.595,0.691437,-1,-1,-1
593,14,1013.768,440.686,80.236,231.366,0.777484,-1,-1,-1
593,8,1184.995,451.891,82.374,231.491,0.661970,-1,-1,-1
593,6,1779.323,325.058,140.677,754.942,0.697038,-1,-1,-1
593,5,1231.775,432.464,115.209,285.989,0.858245,-1,-1,-1
593,2,1852.007,423.221,67.993,656.779,0.224070,-1,-1,-1
594,44,724.177,449.226,38.803,109.423,0.755836,-1,-1,-1
594,43,803.885,466.089,48.486,87.000,0.383182,-1,-1,-1
594,38,550.954,452.679,35.304,88.261,0.742324,-1,-1,-1
594,37,658.732,451.715,44.441,111.698,0.750930,-1,-1,-1
594,34,414.412,458.411,49.909,113.622,0.421998,-1,-1,-1
594,30,907.492,480.280,79.367,110.509,0.390611,-1,-1,-1
594,27,623.222,449.573,38.477,109.543,0.734645,-1,-1,-1
594,25,377.823,466.569,43.632,111.201,0.365399,-1,-1,-1
594,24,698.746,463.613,29.611,75.961,0.610167,-1,-1,-1
594,22,1089.802,407.171,112.197,290.473,0.797408,-1,-1,-1
594,16,583.843,454.260,34.826,87.585,0.712209,-1,-1,-1
594,14,1018.092,440.826,78.479,231.016,0.785933,-1,-1,-1
594,8,1187.972,437.122,77.404,240.496,0.707994,-1,-1,-1
594,6,1813.126,311.928,106.874,768.072,0.413971,-1,-1,-1
594,5,1237.868,431.580,118.097,286.499,0.873826,-1,-1,-1
594,2,1849.126,372.377,70.754,516.226,0.277311,-1,-1,-1
595,44,724.221,449.764,39.143,111.679,0.754786,-1,-1,-1
595,43,804.272,466.082,50.362,87.977,0.403766,-1,-1,-1
595,38,551.124,453.108,35.118,87.885,0.722274,-1,-1,-1
595,37,659.192,452.585,44.350,111.437,0.732441,-1,-1,-1
595,34,414.862,459.952,48.709,111.618,0.453385,-1,-1,-1
595,30,906.921,482.787,79.725,108.037,0.407933,-1,-1,-1
595,27,623.402,450.885,37.861,107.879,0.730196,-1,-1,-1
595,25,378.044,465.947,42.776,112.285,0.385930,-1,-1,-1
595,24,698.782,463.381,30.094,75.387,0.598297,-1,-1,-1
595,22,1091.485,406.195,115.573,291.289,0.807456,-1,-1,-1
595,16,584.194,454.404,33.990,87.724,0.697136,-1,-1,-1
595,14,1022.261,443.269,77.363,228.429,0.788538,-1,-1,-1
595,8,1185.919,454.647,84.350,228.365,0.682471,-1,-1,-1
595,5,1241.073,432.703,116.568,285.664,0.876957,-1,-1,-1
595,2,1855.519,324.271,64.289,755.729,0.291908,-1,-1,-1
596,44,725.094,448.700,37.990,111.685,0.736210,-1,-1,-1
596,43,803.864,466.560,49.838,86.547,0.405018,-1,-1,-1
596,38,550.836,453.068,35.022,88.351,0.731028,-1,-1,-1
596,37,659.127,452.897,44.214,111.885,0.738803,-1,-1,-1
596,34,415.888,462.044,45.525,110.083,0.471454,-1,-1,-1
596,30,906.688,483.024,79.715,107.932,0.482346,-1,-1,-1
596,27,624.258,452.140,36.765,103.910,0.732780,-1,-1,-1
596,25,378.388,466.926,43.056,111.713,0.394528,-1,-1,-1
596,24,698.918,463.535,30.459,74.380,0.605363,-1,-1,-1
596,22,1092.367,408.982,111.520,286.778,0.797671,-1,-1,-1
596,16,583.795,454.320,34.234,87.873,0.692632,-1,-1,-1
596,14,1026.771,446.587,77.422,224.997,0.798985,-1,-1,-1
596,8,1184.425,442.207,89.575,241.148,0.713794,-1,-1,-1
596,5,1238.071,433.200,120.523,285.057,0.887573,-1,-1,-1
597,44,725.750,447.765,38.532,112.770,0.754268,-1,-1,-1
597,43,804.827,465.594,48.781,88.434,0.404515,-1,-1,-1
597,38,550.541,451.488,36.530,90.190,0.711629,-1,-1,-1
597,37,659.107,452.433,43.467,111.580,0.729628,-1,-1,-1
597,34,416.665,460.197,44.321,112.136,0.497828,-1,-1,-1
597,30,907.544,479.870,79.637,109.900,0.390859,-1,-1,-1
597,27,624.149,451.703,37.217,104.737,0.712989,-1,-1,-1
597,25,376.122,466.591,45.096,112.721,0.527394,-1,-1,-1
597,24,698.795,460.575,30.675,77.256,0.600860,-1,-1,-1
597,22,1094.443,414.062,111.696,283.712,0.800152,-1,-1,-1
597,16,583.513,453.619,34.307,88.137,0.689463,-1,-1,-1
597,14,1026.190,441.905,81.081,230.572,0.833577,-1,-1,-1
597,8,1185.532,451.472,89.032,231.483,0.743046,-1,-1,-1
597,5,1241.718,434.220,119.787,282.336,0.900896,-1,-1,-1
598,44,725.707,448.520,38.692,112.492,0.754965,-1,-1,-1
598,43,804.239,466.151,48.982,87.174,0.395664,-1,-1,-1
598,38,549.984,450.301,37.245,91.664,0.689174,-1,-1,-1
598,37,658.062,452.025,43.402,110.952,0.686232,-1,-1,-1
598,34,417.128,462.542,43.973,110.529,0.524956,-1,-1,-1
598,30,908.992,481.172,79.317,109.722,0.311691,-1,-1,-1
598,27,624.626,453.243,37.019,102.574,0.697067,-1,-1,-1
598,25,376.418,468.081,45.653,110.811,0.532375,-1,-1,-1
598,24,698.317,463.190,31.346,74.942,0.543791,-1,-1,-1
598,22,1100.417,413.438,108.123,282.598,0.804655,-1,-1,-1
598,16,583.038,453.043,35.970,89.311,0.703950,-1,-1,-1
598,14,1025.444,443.353,88.561,227.332,0.814114,-1,-1,-1
598,8,1175.879,436.921,101.831,248.493,0.783562,-1,-1,-1
598,5,1243.937,432.728,119.152,283.681,0.896795,-1,-1,-1
599,44,725.640,448.723,38.141,111.854,0.749104,-1,-1,-1
599,43,807.061,463.098,47.238,90.675,0.351091,-1,-1,-1
599,38,550.226,450.403,36.691,91.711,0.727699,-1,-1,-1
599,37,658.211,451.774,43.351,110.513,0.674247,-1,-1,-1
599,34,416.674,460.912,44.528,111.684,0.519940,-1,-1,-1
599,30,908.776,482.118,78.563,109.010,0.325384,-1,-1,-1
599,27,624.602,453.247,37.186,102.761,0.702938,-1,-1,-1
599,25,376.930,467.473,45.325,111.974,0.554816,-1,-1,-1
599,24,698.458,463.073,31.619,75.856,0.532777,-1,-1,-1
599,22,1105.458,414.404,103.908,278.789,0.827374,-1,-1,-1
599,16,582.385,453.523,36.314,88.760,0.688528,-1,-1,-1
599,14,1027.253,440.434,98.794,235.187,0.804492,-1,-1,-1
599,8,1173.024,437.061,107.303,249.247,0.782785,-1,-1,-1
599,5,1246.280,433.407,120.846,284.833,0.875860,-1,-1,-1
600,44,725.511,448.163,38.773,110.442,0.751368,-1,-1,-1
600,43,806.843,464.181,47.303,89.846,0.330329,-1,-1,-1
600,38,550.262,453.784,35.051,87.861,0.675259,-1,-1,-1
600,37,657.767,451.772,42.046,110.188,0.632576,-1,-1,-1
600,34,417.517,462.011,44.785,110.987,0.539488,-1,-1,-1
600,30,909.166,483.875,77.631,107.079,0.410611,-1,-1,-1
600,27,624.582,454.831,37.101,99.562,0.698431,-1,-1,-1
600,25,378.758,467.566,42.061,111.748,0.594023,-1,-1,-1
600,24,698.201,461.297,31.180,75.831,0.505282,-1,-1,-1
600,22,1112.143,416.395,99.760,277.066,0.781541,-1,-1,-1
600,16,582.471,453.844,36.450,88.678,0.679787,-1,-1,-1
600,14,1025.390,440.787,103.851,231.447,0.807815,-1,-1,-1
600,8,1177.972,441.288,101.976,244.564,0.792951,-1,-1,-1
600,5,1252.515,432.715,116.341,284.442,0.876946,-1,-1,-1
