1,1,1335.840,420.124,173.399,364.358,0.880728,-1,-1,-1
1,2,581.622,440.775,92.705,271.999,0.860514,-1,-1,-1
1,3,1430.535,432.001,174.505,339.963,0.824847,-1,-1,-1
1,4,438.158,443.753,123.485,282.353,0.800788,-1,-1,-1
1,5,727.816,454.087,42.549,115.406,0.798610,-1,-1,-1
2,1,1340.641,422.343,178.672,367.415,0.909851,-1,-1,-1
2,2,581.930,441.631,94.223,271.324,0.860424,-1,-1,-1
2,3,1440.633,432.477,166.043,337.717,0.794657,-1,-1,-1
2,4,436.814,441.932,124.028,283.437,0.803570,-1,-1,-1
2,5,727.798,453.581,42.537,116.163,0.766855,-1,-1,-1
3,1,1343.841,420.315,186.798,375.259,0.897719,-1,-1,-1
3,2,581.412,442.353,94.782,268.877,0.847421,-1,-1,-1
3,3,1446.848,428.356,166.204,346.187,0.803313,-1,-1,-1
3,4,429.869,440.602,132.322,284.773,0.768796,-1,-1,-1
3,5,727.912,454.012,43.034,115.304,0.775344,-1,-1,-1
4,1,1348.960,417.679,187.391,380.045,0.878127,-1,-1,-1
4,2,581.138,442.750,95.677,267.401,0.845361,-1,-1,-1
4,3,1454.208,424.305,159.261,351.892,0.788749,-1,-1,-1
4,4,432.685,440.475,132.367,285.700,0.785422,-1,-1,-1
4,5,728.587,453.572,42.217,115.903,0.714587,-1,-1,-1
5,1,1350.708,417.039,188.077,381.559,0.901122,-1,-1,-1
5,2,581.279,442.937,95.439,266.987,0.860311,-1,-1,-1
5,3,1475.520,426.082,134.315,348.927,0.744468,-1,-1,-1
5,4,434.312,440.316,134.079,285.098,0.808969,-1,-1,-1
5,5,729.158,454.979,41.422,114.378,0.691320,-1,-1,-1
6,1,1353.900,415.906,186.618,384.077,0.892541,-1,-1,-1
6,2,581.304,443.194,95.580,265.948,0.859271,-1,-1,-1
6,3,1480.040,424.349,127.990,350.537,0.802233,-1,-1,-1
6,4,431.658,439.462,138.302,287.049,0.794115,-1,-1,-1
6,5,729.145,453.402,41.318,115.425,0.738710,-1,-1,-1
7,1,1364.608,412.242,174.099,392.411,0.889611,-1,-1,-1
7,2,581.293,442.378,95.924,266.714,0.856437,-1,-1,-1
7,3,1492.595,424.662,116.081,349.496,0.775645,-1,-1,-1
7,4,433.999,443.068,136.178,283.349,0.820001,-1,-1,-1
7,5,730.122,455.877,39.635,114.187,0.707819,-1,-1,-1
8,1,1386.742,411.485,153.185,397.116,0.855191,-1,-1,-1
8,2,580.636,441.234,96.720,268.260,0.853250,-1,-1,-1
8,3,1507.356,425.411,101.526,350.604,0.764291,-1,-1,-1
8,4,431.586,441.671,141.668,286.241,0.833035,-1,-1,-1
8,5,729.691,453.983,41.215,118.353,0.750163,-1,-1,-1
9,1,1400.736,408.892,140.224,397.985,0.837084,-1,-1,-1
9,2,580.907,440.961,96.720,268.605,0.858539,-1,-1,-1
9,3,1501.530,419.947,109.031,354.892,0.788168,-1,-1,-1
9,4,431.644,442.753,143.294,284.967,0.823154,-1,-1,-1
9,5,728.998,453.010,42.185,120.989,0.729105,-1,-1,-1
10,1,1413.745,408.250,129.303,397.382,0.866646,-1,-1,-1
10,2,581.380,440.284,97.955,272.053,0.860941,-1,-1,-1
10,3,1504.788,418.116,110.778,357.715,0.773008,-1,-1,-1
10,4,432.708,441.444,144.324,286.330,0.831772,-1,-1,-1
10,5,728.774,451.897,42.515,122.001,0.743590,-1,-1,-1
10,6,1254.115,440.342,42.530,110.667,0.719217,-1,-1,-1
10,7,1376.071,438.210,48.055,125.122,0.605124,-1,-1,-1
11,1,1422.061,407.497,129.323,401.001,0.838059,-1,-1,-1
11,2,582.030,440.385,97.631,272.720,0.862050,-1,-1,-1
11,3,1523.544,416.807,101.216,358.941,0.796231,-1,-1,-1
11,4,435.976,440.739,141.451,287.038,0.831741,-1,-1,-1
11,5,728.521,453.955,42.748,120.485,0.733435,-1,-1,-1
11,6,1253.932,440.778,42.573,110.530,0.718142,-1,-1,-1
11,7,1377.294,438.438,47.504,123.901,0.649674,-1,-1,-1
12,1,1428.651,406.002,133.683,401.814,0.805510,-1,-1,-1
12,2,581.991,440.350,98.039,272.003,0.864000,-1,-1,-1
12,3,1531.948,414.350,102.203,366.114,0.799266,-1,-1,-1
12,4,437.383,438.102,139.794,291.224,0.843585,-1,-1,-1
12,5,727.744,452.234,43.644,122.870,0.765948,-1,-1,-1
12,6,1253.748,439.774,42.638,111.064,0.700684,-1,-1,-1
12,7,1377.044,440.081,52.312,123.764,0.553545,-1,-1,-1
13,1,1442.490,408.664,130.084,399.045,0.802294,-1,-1,-1
13,2,581.957,439.216,98.304,273.950,0.880135,-1,-1,-1
13,3,1533.490,417.311,118.210,366.853,0.764929,-1,-1,-1
13,4,437.783,436.833,139.638,293.877,0.841925,-1,-1,-1
13,5,727.179,451.288,43.991,124.055,0.765915,-1,-1,-1
13,6,1253.606,439.400,42.704,111.060,0.698088,-1,-1,-1
13,7,1378.213,437.106,52.891,124.531,0.638930,-1,-1,-1
14,1,1446.550,405.753,147.749,403.234,0.798976,-1,-1,-1
14,2,582.014,439.042,98.475,274.111,0.882707,-1,-1,-1
14,3,1538.651,414.727,142.062,374.724,0.794171,-1,-1,-1
14,4,438.514,438.499,138.713,293.764,0.828900,-1,-1,-1
14,5,727.438,452.927,43.056,123.520,0.716884,-1,-1,-1
14,6,1253.667,438.621,42.726,111.881,0.687926,-1,-1,-1
14,7,1380.250,434.481,53.647,127.106,0.601852,-1,-1,-1
15,1,1445.441,410.356,172.139,402.421,0.769736,-1,-1,-1
15,2,582.178,438.726,97.550,274.529,0.876703,-1,-1,-1
15,3,1546.340,415.835,160.303,377.622,0.825435,-1,-1,-1
15,4,435.488,440.398,143.018,292.166,0.822696,-1,-1,-1
15,5,727.703,453.611,42.707,122.333,0.731665,-1,-1,-1
15,6,1253.237,439.314,42.216,111.136,0.696013,-1,-1,-1
15,7,1389.345,429.373,49.560,131.209,0.561263,-1,-1,-1
16,1,1448.634,414.254,191.647,398.850,0.818569,-1,-1,-1
16,2,582.581,439.323,96.555,272.898,0.892824,-1,-1,-1
16,3,1562.384,421.527,168.873,370.283,0.780663,-1,-1,-1
16,4,434.790,441.449,143.560,293.192,0.813705,-1,-1,-1
16,5,728.157,456.036,40.897,120.222,0.688472,-1,-1,-1
16,6,1253.712,440.809,41.164,109.411,0.693791,-1,-1,-1
16,7,1394.019,427.461,47.341,133.360,0.559868,-1,-1,-1
17,1,1450.231,410.448,218.513,407.072,0.801542,-1,-1,-1
17,2,582.486,439.546,96.650,272.033,0.878458,-1,-1,-1
17,3,1569.442,421.501,179.336,374.358,0.802658,-1,-1,-1
17,4,438.455,443.752,139.417,292.546,0.834125,-1,-1,-1
17,5,727.069,454.444,41.326,122.504,0.717931,-1,-1,-1
17,6,1252.993,442.038,41.133,108.014,0.712135,-1,-1,-1
17,7,1395.017,427.943,47.216,132.829,0.589193,-1,-1,-1
18,1,1453.692,411.530,229.240,406.171,0.832241,-1,-1,-1
18,2,582.045,439.907,97.560,271.176,0.877357,-1,-1,-1
18,3,1574.645,424.909,183.583,373.063,0.797689,-1,-1,-1
18,4,438.601,442.940,138.074,293.082,0.834280,-1,-1,-1
18,5,726.536,454.374,41.421,122.007,0.669478,-1,-1,-1
18,6,1252.884,441.900,40.852,108.050,0.695367,-1,-1,-1
18,7,1401.345,430.592,43.480,130.494,0.521313,-1,-1,-1
19,1,1455.978,408.262,246.296,407.845,0.789467,-1,-1,-1
19,2,582.627,439.027,97.765,272.524,0.851440,-1,-1,-1
19,3,1576.782,437.072,186.321,364.613,0.676863,-1,-1,-1
19,4,440.222,443.077,135.648,292.566,0.847910,-1,-1,-1
19,5,725.667,455.324,42.156,119.209,0.705973,-1,-1,-1
19,6,1252.671,442.040,40.321,108.061,0.672987,-1,-1,-1
19,7,1407.064,425.075,39.825,136.206,0.403566,-1,-1,-1
20,1,1458.620,409.123,254.108,408.973,0.830331,-1,-1,-1
20,2,583.046,438.209,99.879,272.796,0.850199,-1,-1,-1
20,3,1586.114,431.792,179.997,374.716,0.769801,-1,-1,-1
20,4,443.632,444.798,132.002,291.485,0.856781,-1,-1,-1
20,5,724.542,456.291,43.634,118.842,0.714714,-1,-1,-1
20,6,1252.227,442.473,40.262,107.860,0.646972,-1,-1,-1
20,7,1409.493,432.124,42.435,129.493,0.382395,-1,-1,-1
21,1,1461.122,409.952,255.975,410.748,0.862893,-1,-1,-1
21,2,583.380,437.429,102.915,274.584,0.843747,-1,-1,-1
21,3,1602.365,427.182,164.955,381.572,0.742629,-1,-1,-1
21,4,443.172,444.814,132.557,292.689,0.852033,-1,-1,-1
21,5,724.703,458.623,43.617,116.473,0.622482,-1,-1,-1
21,6,1251.437,442.733,40.582,107.597,0.679747,-1,-1,-1
22,1,1464.199,411.393,254.863,409.919,0.873900,-1,-1,-1
22,2,583.299,437.716,107.208,275.813,0.837688,-1,-1,-1
22,3,1620.148,424.999,162.052,382.239,0.781777,-1,-1,-1
22,4,439.994,445.545,137.831,292.527,0.838757,-1,-1,-1
22,5,723.391,468.028,45.104,108.482,0.477288,-1,-1,-1
22,6,1250.501,443.690,41.131,106.229,0.713750,-1,-1,-1
23,1,1468.513,408.868,253.083,413.206,0.890185,-1,-1,-1
23,2,583.129,438.469,109.258,274.010,0.812995,-1,-1,-1
23,3,1632.343,423.318,140.771,380.435,0.780614,-1,-1,-1
23,4,441.933,445.641,135.953,291.495,0.825367,-1,-1,-1
23,5,720.459,473.576,48.360,103.647,0.503428,-1,-1,-1
23,6,1249.678,443.820,41.176,105.637,0.750222,-1,-1,-1
24,1,1475.995,408.625,250.023,412.822,0.882752,-1,-1,-1
24,2,583.635,439.771,109.550,272.973,0.806091,-1,-1,-1
24,3,1642.501,421.460,127.904,380.389,0.724374,-1,-1,-1
24,4,445.531,445.211,133.009,292.230,0.841515,-1,-1,-1
24,5,720.124,472.987,49.025,103.902,0.556874,-1,-1,-1
24,6,1249.264,443.343,41.046,105.684,0.751540,-1,-1,-1
25,1,1483.250,405.003,245.322,418.254,0.882006,-1,-1,-1
25,2,584.439,439.637,109.058,273.130,0.819179,-1,-1,-1
25,3,1652.481,419.839,126.445,382.115,0.768445,-1,-1,-1
25,4,448.322,444.881,132.344,296.180,0.823061,-1,-1,-1
25,5,718.858,470.087,51.517,103.604,0.548679,-1,-1,-1
25,6,1249.505,443.643,40.400,105.742,0.764975,-1,-1,-1
26,1,1492.847,404.529,237.756,420.745,0.888941,-1,-1,-1
26,2,585.801,438.745,106.817,274.030,0.818412,-1,-1,-1
26,3,1662.217,417.296,122.979,383.905,0.821096,-1,-1,-1
26,4,452.269,444.941,129.582,299.288,0.822176,-1,-1,-1
26,5,718.797,462.306,54.708,113.617,0.616479,-1,-1,-1
26,6,1250.000,444.100,39.632,105.072,0.752942,-1,-1,-1
27,1,1505.000,403.934,226.136,423.906,0.885900,-1,-1,-1
27,2,587.700,438.910,103.897,274.488,0.831497,-1,-1,-1
27,3,1671.730,415.090,118.447,391.113,0.811471,-1,-1,-1
27,4,459.206,443.646,123.296,299.421,0.818591,-1,-1,-1
27,5,717.963,461.134,57.265,116.234,0.624641,-1,-1,-1
27,6,1250.298,444.364,38.982,104.617,0.754454,-1,-1,-1
28,1,1526.005,402.261,204.741,426.477,0.891291,-1,-1,-1
28,2,588.780,440.302,102.393,275.241,0.835654,-1,-1,-1
28,3,1677.104,413.965,123.031,395.071,0.772122,-1,-1,-1
28,4,448.086,443.333,137.749,298.486,0.821155,-1,-1,-1
28,5,716.975,457.624,58.860,122.654,0.736319,-1,-1,-1
28,6,1249.767,445.393,39.881,103.591,0.757780,-1,-1,-1
28,8,662.046,459.941,65.308,193.228,0.698756,-1,-1,-1
28,7,1418.479,437.620,70.227,125.229,0.688176,-1,-1,-1
29,1,1543.575,398.996,186.837,430.916,0.859959,-1,-1,-1
29,2,590.330,441.231,100.985,275.714,0.850923,-1,-1,-1
29,3,1678.933,412.496,141.379,396.048,0.848616,-1,-1,-1
29,4,447.950,443.419,138.782,296.110,0.824917,-1,-1,-1
29,5,718.065,456.807,55.630,124.770,0.675484,-1,-1,-1
29,6,1250.183,444.458,38.900,103.884,0.746966,-1,-1,-1
29,8,662.379,459.174,64.512,194.036,0.615356,-1,-1,-1
29,7,1421.805,437.166,68.667,124.933,0.621487,-1,-1,-1
30,1,1567.163,394.259,172.155,440.618,0.837702,-1,-1,-1
30,2,592.272,440.402,101.775,276.141,0.839574,-1,-1,-1
30,3,1678.700,411.437,174.717,401.859,0.855238,-1,-1,-1
30,4,448.238,442.134,139.796,297.248,0.806158,-1,-1,-1
30,5,718.374,455.760,54.386,127.068,0.561608,-1,-1,-1
30,6,1250.321,443.804,38.500,104.198,0.745205,-1,-1,-1
30,8,663.322,457.524,63.885,197.335,0.539534,-1,-1,-1
30,7,1424.343,434.561,65.963,127.736,0.711177,-1,-1,-1
31,1,1589.104,391.218,166.614,447.110,0.828661,-1,-1,-1
31,2,593.651,439.932,102.920,276.354,0.832039,-1,-1,-1
31,3,1684.566,415.006,200.628,398.876,0.885337,-1,-1,-1
31,4,448.159,439.980,141.261,299.466,0.785509,-1,-1,-1
31,5,717.674,457.883,54.228,126.195,0.634628,-1,-1,-1
31,6,1250.514,443.403,38.439,104.606,0.752856,-1,-1,-1
31,8,667.530,457.955,60.514,196.764,0.530750,-1,-1,-1
31,7,1434.805,432.972,55.323,128.177,0.634163,-1,-1,-1
32,1,1602.598,391.023,170.041,452.813,0.844192,-1,-1,-1
32,2,596.226,438.981,102.231,277.438,0.824292,-1,-1,-1
32,3,1692.337,414.486,217.796,402.810,0.883207,-1,-1,-1
32,4,448.340,438.725,142.490,303.981,0.795045,-1,-1,-1
32,5,718.571,462.504,51.139,121.433,0.521625,-1,-1,-1
32,6,1249.798,443.524,39.033,104.328,0.754795,-1,-1,-1
32,8,673.623,460.141,56.165,195.757,0.614459,-1,-1,-1
32,7,1442.852,432.475,48.818,127.445,0.747836,-1,-1,-1
33,1,1610.522,391.641,174.425,455.992,0.853223,-1,-1,-1
33,2,599.505,437.621,99.222,278.588,0.846393,-1,-1,-1
33,3,1707.039,410.066,214.475,412.940,0.792395,-1,-1,-1
33,4,451.180,438.268,140.493,304.369,0.768577,-1,-1,-1
33,5,719.418,461.251,47.835,119.935,0.456593,-1,-1,-1
33,6,1249.252,443.194,39.592,104.989,0.767582,-1,-1,-1
33,8,677.216,460.298,53.680,196.930,0.638357,-1,-1,-1
33,7,1448.021,431.420,44.571,126.893,0.763857,-1,-1,-1
34,1,1615.478,389.981,185.697,461.771,0.808348,-1,-1,-1
34,2,602.114,437.241,96.442,279.190,0.818404,-1,-1,-1
34,3,1710.249,406.289,215.160,422.884,0.685738,-1,-1,-1
34,4,452.516,438.010,138.928,307.762,0.756080,-1,-1,-1
34,5,719.266,460.793,44.983,119.698,0.371536,-1,-1,-1
34,6,1248.744,442.906,40.518,105.190,0.771590,-1,-1,-1
34,8,677.799,459.913,54.109,197.193,0.656645,-1,-1,-1
34,7,1451.968,431.219,43.145,128.783,0.754035,-1,-1,-1
35,1,1621.546,391.800,204.269,463.401,0.755888,-1,-1,-1
35,2,603.803,437.664,94.969,278.949,0.809017,-1,-1,-1
35,3,1714.852,412.614,211.764,416.780,0.600728,-1,-1,-1
35,4,450.902,438.255,139.965,309.806,0.767043,-1,-1,-1
35,5,720.672,461.195,42.064,119.966,0.372285,-1,-1,-1
35,6,1248.250,442.147,41.412,105.433,0.768206,-1,-1,-1
35,8,677.873,459.025,54.183,198.144,0.666940,-1,-1,-1
35,7,1454.607,431.476,42.011,128.724,0.744802,-1,-1,-1
36,1,1626.512,392.764,234.562,476.192,0.830334,-1,-1,-1
36,2,606.749,437.446,91.931,279.319,0.812846,-1,-1,-1
36,3,1733.248,413.093,193.446,417.673,0.746407,-1,-1,-1
36,4,449.343,438.937,141.797,311.639,0.794874,-1,-1,-1
36,5,717.044,461.780,43.900,121.013,0.350207,-1,-1,-1
36,6,1248.429,442.037,41.691,105.596,0.765668,-1,-1,-1
36,8,675.678,459.237,56.969,199.899,0.707086,-1,-1,-1
36,7,1457.542,431.284,41.251,129.471,0.756234,-1,-1,-1
37,1,1629.313,393.134,261.257,478.043,0.868707,-1,-1,-1
37,2,609.413,437.405,91.054,279.354,0.832477,-1,-1,-1
37,3,1749.604,414.809,176.081,418.779,0.684723,-1,-1,-1
37,4,447.913,440.378,143.701,310.919,0.784881,-1,-1,-1
37,5,715.204,464.894,44.539,119.926,0.367521,-1,-1,-1
37,6,1249.388,441.882,41.023,105.846,0.764055,-1,-1,-1
37,8,674.992,461.494,60.835,198.625,0.703542,-1,-1,-1
37,7,1457.920,431.012,46.597,129.926,0.748203,-1,-1,-1
38,1,1630.216,394.197,282.598,482.180,0.898249,-1,-1,-1
38,2,610.729,439.092,90.813,277.642,0.835389,-1,-1,-1
38,3,1777.193,414.154,147.914,415.279,0.671350,-1,-1,-1
38,4,447.577,441.172,144.671,308.340,0.814781,-1,-1,-1
38,6,1250.554,441.003,40.701,106.422,0.761769,-1,-1,-1
38,8,676.294,460.597,60.557,200.017,0.660659,-1,-1,-1
38,7,1460.026,430.300,47.345,130.492,0.709916,-1,-1,-1
39,1,1632.535,398.649,288.254,481.505,0.904255,-1,-1,-1
39,2,611.048,438.560,92.323,278.589,0.849727,-1,-1,-1
39,3,1802.384,414.474,121.353,413.764,0.654844,-1,-1,-1
39,4,449.304,443.089,143.304,304.522,0.816222,-1,-1,-1
39,6,1251.703,439.258,40.906,108.195,0.756881,-1,-1,-1
39,8,676.668,459.942,61.074,201.345,0.646386,-1,-1,-1
39,7,1461.493,430.586,51.193,130.240,0.750361,-1,-1,-1
40,1,1632.162,399.796,290.391,483.151,0.910582,-1,-1,-1
40,2,610.835,437.736,94.456,279.971,0.860616,-1,-1,-1
40,3,1815.609,408.665,107.311,419.989,0.706468,-1,-1,-1
40,4,450.327,444.931,143.285,305.429,0.817070,-1,-1,-1
40,6,1252.548,438.836,40.848,108.918,0.755141,-1,-1,-1
40,8,680.446,465.275,60.607,199.492,0.659368,-1,-1,-1
40,7,1463.421,431.219,52.454,128.917,0.749690,-1,-1,-1
41,1,1636.135,397.572,287.706,485.828,0.913602,-1,-1,-1
41,2,611.684,438.063,94.479,279.882,0.856278,-1,-1,-1
41,3,1826.260,401.062,96.020,426.071,0.727500,-1,-1,-1
41,4,451.356,446.436,142.441,304.573,0.816055,-1,-1,-1
41,6,1252.813,438.582,41.347,109.069,0.756958,-1,-1,-1
41,8,680.449,461.156,64.280,206.442,0.718298,-1,-1,-1
41,7,1463.544,430.379,55.916,129.156,0.747290,-1,-1,-1
42,1,1640.083,396.773,283.412,484.192,0.912844,-1,-1,-1
42,2,612.428,438.176,93.874,279.629,0.872050,-1,-1,-1
42,3,1834.901,394.612,86.813,437.466,0.734359,-1,-1,-1
42,4,450.124,446.397,144.138,311.262,0.818339,-1,-1,-1
42,6,1252.577,437.697,41.086,110.601,0.765441,-1,-1,-1
42,8,681.877,459.628,63.911,208.879,0.748209,-1,-1,-1
42,7,1465.373,431.416,56.099,127.947,0.745908,-1,-1,-1
43,1,1646.492,396.575,277.841,483.484,0.923239,-1,-1,-1
43,2,611.887,439.243,94.492,278.423,0.854872,-1,-1,-1
43,3,1842.229,392.665,79.051,439.307,0.709031,-1,-1,-1
43,4,448.923,444.969,145.025,316.640,0.829629,-1,-1,-1
43,6,1252.541,436.612,42.112,111.904,0.751350,-1,-1,-1
43,8,684.498,461.819,62.316,207.386,0.750401,-1,-1,-1
43,7,1468.146,429.899,55.445,129.206,0.749160,-1,-1,-1
44,1,1660.218,391.865,264.275,483.971,0.927102,-1,-1,-1
44,2,611.968,439.577,94.909,278.119,0.859636,-1,-1,-1
44,3,1853.503,405.916,67.482,404.451,0.441727,-1,-1,-1
44,4,449.739,444.255,144.395,317.921,0.799097,-1,-1,-1
44,6,1252.847,437.216,42.190,111.659,0.753281,-1,-1,-1
44,8,685.494,454.328,62.175,214.360,0.707492,-1,-1,-1
44,7,1471.404,428.758,52.510,130.776,0.688343,-1,-1,-1
45,1,1679.940,387.681,242.500,489.474,0.905103,-1,-1,-1
45,2,611.999,439.214,95.828,278.357,0.852590,-1,-1,-1
45,3,1864.774,406.943,55.914,411.932,0.497574,-1,-1,-1
45,4,450.612,443.759,143.591,318.596,0.831377,-1,-1,-1
45,6,1253.365,436.826,42.654,112.044,0.738736,-1,-1,-1
45,8,686.543,452.393,62.016,215.348,0.730415,-1,-1,-1
45,7,1474.401,430.642,49.111,129.130,0.707413,-1,-1,-1
46,1,1698.326,387.899,224.145,495.304,0.880526,-1,-1,-1
46,2,612.655,439.924,97.236,276.708,0.842681,-1,-1,-1
46,3,1870.651,395.908,49.808,428.794,0.440690,-1,-1,-1
46,4,450.160,443.013,143.212,320.376,0.820768,-1,-1,-1
46,6,1253.614,436.376,43.500,112.579,0.716659,-1,-1,-1
46,8,686.716,457.616,62.564,209.546,0.739982,-1,-1,-1
46,7,1478.611,429.489,45.041,129.306,0.680068,-1,-1,-1
47,1,1724.589,384.983,198.669,500.998,0.815129,-1,-1,-1
47,2,612.787,438.951,98.196,277.570,0.851874,-1,-1,-1
47,4,448.223,442.180,144.125,321.309,0.816748,-1,-1,-1
47,6,1254.004,436.818,43.991,112.344,0.721965,-1,-1,-1
47,8,687.379,457.896,66.559,208.481,0.770002,-1,-1,-1
47,7,1483.604,432.271,41.464,125.024,0.645933,-1,-1,-1
48,1,1763.399,384.241,159.540,503.394,0.858559,-1,-1,-1
48,2,613.265,440.545,99.258,275.661,0.834743,-1,-1,-1
48,4,446.286,440.385,145.911,324.324,0.827820,-1,-1,-1
48,6,1253.989,437.564,44.756,111.416,0.746144,-1,-1,-1
48,8,688.920,459.066,63.411,207.672,0.752323,-1,-1,-1
49,1,1788.607,380.799,133.571,508.566,0.846164,-1,-1,-1
49,2,613.654,441.217,101.277,275.672,0.855295,-1,-1,-1
49,4,444.547,440.004,147.735,323.829,0.837619,-1,-1,-1
49,6,1254.919,438.926,43.957,110.289,0.733928,-1,-1,-1
49,8,689.430,457.083,65.307,209.805,0.747910,-1,-1,-1
50,1,1803.954,379.678,117.418,512.045,0.804963,-1,-1,-1
50,2,612.896,439.694,103.511,278.417,0.833069,-1,-1,-1
50,4,444.521,439.107,147.761,325.792,0.832995,-1,-1,-1
50,6,1255.371,439.080,43.119,110.126,0.705901,-1,-1,-1
50,8,691.423,455.143,66.104,212.036,0.729235,-1,-1,-1
51,1,1816.170,378.764,104.792,516.184,0.804181,-1,-1,-1
51,2,612.899,440.001,104.951,278.957,0.848136,-1,-1,-1
51,4,440.777,438.416,151.464,326.254,0.849825,-1,-1,-1
51,6,1254.888,439.641,43.990,109.288,0.694607,-1,-1,-1
51,8,692.964,458.648,67.228,208.300,0.746913,-1,-1,-1
52,1,1823.678,378.463,96.881,515.686,0.779185,-1,-1,-1
52,2,613.387,441.616,104.238,277.657,0.855674,-1,-1,-1
52,4,442.412,437.710,149.390,326.646,0.832192,-1,-1,-1
52,6,1254.766,440.040,43.775,108.811,0.667302,-1,-1,-1
52,8,690.915,457.235,70.783,208.857,0.774049,-1,-1,-1
53,1,1826.278,376.188,94.226,518.651,0.833111,-1,-1,-1
53,2,614.496,442.584,102.635,276.534,0.858356,-1,-1,-1
53,4,445.414,438.254,146.054,325.571,0.828273,-1,-1,-1
53,6,1254.626,440.575,44.006,108.326,0.697708,-1,-1,-1
53,8,689.990,455.210,73.670,210.759,0.777668,-1,-1,-1
54,1,1819.115,379.427,101.430,515.657,0.799272,-1,-1,-1
54,2,615.720,441.675,100.581,277.564,0.869075,-1,-1,-1
54,4,445.376,437.768,146.275,325.899,0.832817,-1,-1,-1
54,6,1254.714,440.850,43.742,107.654,0.690220,-1,-1,-1
54,8,688.630,454.043,75.320,213.225,0.778968,-1,-1,-1
55,1,1817.792,375.338,102.260,520.972,0.770314,-1,-1,-1
55,2,616.933,441.151,99.214,277.479,0.865009,-1,-1,-1
55,4,445.664,437.156,146.159,326.933,0.832360,-1,-1,-1
55,6,1254.817,440.754,43.631,107.826,0.657072,-1,-1,-1
55,8,689.246,455.960,74.924,210.787,0.761100,-1,-1,-1
55,7,1495.495,442.031,59.835,117.392,0.600740,-1,-1,-1
56,1,1819.808,366.403,99.862,528.913,0.698336,-1,-1,-1
56,2,618.628,440.206,99.445,278.535,0.859558,-1,-1,-1
56,4,443.762,437.205,149.812,326.077,0.833756,-1,-1,-1
56,6,1255.218,440.802,43.619,107.354,0.680245,-1,-1,-1
56,8,691.237,457.371,72.166,209.430,0.756545,-1,-1,-1
56,7,1517.041,441.845,47.163,113.028,0.611779,-1,-1,-1
57,1,1820.817,372.933,99.350,520.456,0.578732,-1,-1,-1
57,2,619.651,439.867,99.250,280.040,0.857132,-1,-1,-1
57,4,442.205,437.033,152.992,326.515,0.830017,-1,-1,-1
57,6,1255.720,441.533,42.770,106.375,0.690683,-1,-1,-1
57,8,691.659,457.641,71.340,209.895,0.777369,-1,-1,-1
57,7,1529.055,443.149,39.847,110.399,0.651556,-1,-1,-1
58,1,1824.664,360.580,95.701,533.471,0.498004,-1,-1,-1
58,2,619.123,440.731,98.394,279.268,0.854260,-1,-1,-1
58,4,441.753,437.382,154.449,327.932,0.815043,-1,-1,-1
58,6,1256.306,443.471,42.223,104.565,0.672940,-1,-1,-1
58,8,691.449,457.359,73.427,212.607,0.758268,-1,-1,-1
58,7,1534.708,445.715,37.100,108.014,0.580527,-1,-1,-1
59,1,1826.680,356.576,93.709,536.801,0.401383,-1,-1,-1
59,2,619.679,440.075,98.814,281.218,0.862231,-1,-1,-1
59,4,443.642,437.380,152.645,327.757,0.794426,-1,-1,-1
59,6,1256.864,443.491,42.457,104.544,0.671689,-1,-1,-1
59,8,694.101,457.890,72.011,213.384,0.780493,-1,-1,-1
59,7,1536.771,443.612,36.589,111.253,0.514843,-1,-1,-1
60,2,619.674,441.702,99.269,281.627,0.854160,-1,-1,-1
60,4,448.980,437.291,150.874,329.334,0.787458,-1,-1,-1
60,6,1257.148,443.865,42.313,104.458,0.693416,-1,-1,-1
60,8,694.300,457.431,70.738,215.086,0.787984,-1,-1,-1
60,7,1539.944,442.916,35.006,111.468,0.396207,-1,-1,-1
61,2,618.213,441.368,100.017,283.342,0.846368,-1,-1,-1
61,4,456.379,437.393,154.760,329.706,0.813618,-1,-1,-1
61,6,1256.276,443.778,42.798,104.527,0.683434,-1,-1,-1
61,8,694.680,458.091,70.036,215.658,0.788568,-1,-1,-1
62,2,615.497,441.668,100.661,281.953,0.859866,-1,-1,-1
62,4,458.131,440.149,164.740,327.762,0.823590,-1,-1,-1
62,6,1255.751,443.152,42.561,104.798,0.662728,-1,-1,-1
62,8,694.098,459.701,71.058,215.012,0.782612,-1,-1,-1
63,2,615.593,441.459,99.660,281.995,0.864149,-1,-1,-1
63,4,455.574,441.397,173.107,327.859,0.819373,-1,-1,-1
63,6,1255.385,443.967,42.586,103.877,0.692736,-1,-1,-1
63,8,693.916,460.016,71.436,215.526,0.781549,-1,-1,-1
64,2,616.067,442.100,99.057,282.057,0.841218,-1,-1,-1
64,4,455.687,442.603,178.707,326.998,0.817181,-1,-1,-1
64,6,1254.692,442.510,43.463,105.526,0.687084,-1,-1,-1
64,8,693.486,460.709,72.080,216.413,0.742895,-1,-1,-1
65,2,615.635,443.121,98.942,280.348,0.851310,-1,-1,-1
65,4,455.563,443.873,182.857,326.217,0.819067,-1,-1,-1
65,6,1254.594,441.337,43.262,106.711,0.679767,-1,-1,-1
65,8,694.035,460.346,71.616,219.550,0.756143,-1,-1,-1
66,2,615.966,443.153,98.525,281.416,0.864730,-1,-1,-1
66,4,455.709,444.509,185.961,326.459,0.835185,-1,-1,-1
66,6,1254.641,440.163,43.526,107.732,0.686219,-1,-1,-1
66,8,694.747,460.312,71.327,219.558,0.757967,-1,-1,-1
67,2,615.771,443.382,99.011,282.347,0.863602,-1,-1,-1
67,4,456.048,445.349,188.982,327.708,0.834806,-1,-1,-1
67,6,1255.168,441.072,43.188,106.682,0.686785,-1,-1,-1
67,8,695.291,460.372,71.644,219.969,0.738474,-1,-1,-1
68,2,615.017,443.515,99.751,283.159,0.854441,-1,-1,-1
68,4,458.664,445.804,187.402,327.191,0.828651,-1,-1,-1
68,6,1256.449,440.771,42.628,106.974,0.700135,-1,-1,-1
68,8,695.172,458.028,74.190,221.434,0.766824,-1,-1,-1
69,2,614.585,442.130,100.034,286.902,0.851635,-1,-1,-1
69,4,466.482,444.900,179.851,328.384,0.844584,-1,-1,-1
69,6,1256.790,440.547,42.576,107.318,0.697963,-1,-1,-1
69,8,695.255,458.286,75.193,221.467,0.759322,-1,-1,-1
70,2,612.335,441.163,101.828,288.989,0.846015,-1,-1,-1
70,4,474.315,443.437,171.276,330.331,0.857458,-1,-1,-1
70,6,1256.955,439.932,42.616,108.079,0.701540,-1,-1,-1
70,8,695.464,458.817,75.865,220.924,0.795233,-1,-1,-1
71,2,612.451,441.594,102.260,288.865,0.855835,-1,-1,-1
71,4,484.194,443.695,160.978,330.163,0.831270,-1,-1,-1
71,6,1256.478,441.287,42.591,106.629,0.688469,-1,-1,-1
71,8,696.434,459.394,78.207,218.586,0.784298,-1,-1,-1
72,2,612.811,441.166,101.630,289.586,0.852213,-1,-1,-1
72,4,487.941,441.877,158.499,332.211,0.842043,-1,-1,-1
72,6,1256.225,441.105,42.567,106.869,0.700090,-1,-1,-1
72,8,695.971,458.557,79.885,219.948,0.757459,-1,-1,-1
73,2,612.756,439.532,101.517,291.181,0.847528,-1,-1,-1
73,4,494.746,439.651,151.484,332.623,0.871104,-1,-1,-1
73,6,1256.234,440.971,42.746,106.761,0.695783,-1,-1,-1
73,8,697.181,458.063,81.561,221.032,0.770004,-1,-1,-1
74,2,614.823,438.855,99.427,292.599,0.829018,-1,-1,-1
74,4,498.440,437.746,148.696,335.641,0.849924,-1,-1,-1
74,6,1256.410,440.971,42.825,106.811,0.704001,-1,-1,-1
74,8,697.552,457.299,85.112,221.699,0.757861,-1,-1,-1
75,2,617.305,438.495,96.634,289.015,0.880481,-1,-1,-1
75,4,494.930,437.462,152.973,336.069,0.824333,-1,-1,-1
75,6,1256.813,441.660,42.439,106.515,0.696684,-1,-1,-1
75,8,696.873,457.167,86.590,222.579,0.749940,-1,-1,-1
76,2,619.512,438.775,94.285,287.355,0.842516,-1,-1,-1
76,4,501.452,437.381,147.226,335.655,0.805017,-1,-1,-1
76,6,1257.069,441.655,42.714,106.586,0.711625,-1,-1,-1
76,8,698.219,456.300,82.644,223.497,0.671524,-1,-1,-1
77,2,621.592,439.619,92.515,287.009,0.840352,-1,-1,-1
77,4,506.464,435.719,141.812,339.895,0.787459,-1,-1,-1
77,6,1257.177,441.695,42.745,106.558,0.710506,-1,-1,-1
77,8,699.352,455.895,79.684,223.247,0.641454,-1,-1,-1
78,2,622.315,439.939,91.086,290.849,0.857206,-1,-1,-1
78,4,507.847,435.297,141.943,341.006,0.763973,-1,-1,-1
78,6,1258.486,442.352,42.255,105.841,0.678429,-1,-1,-1
78,8,700.628,457.265,88.709,221.644,0.708053,-1,-1,-1
79,2,624.139,439.728,90.801,289.748,0.858543,-1,-1,-1
79,4,514.673,436.551,136.754,343.397,0.758373,-1,-1,-1
79,6,1258.751,442.661,42.477,105.745,0.693331,-1,-1,-1
79,8,701.611,457.873,94.256,222.205,0.770697,-1,-1,-1
80,2,624.825,439.947,90.462,288.818,0.868460,-1,-1,-1
80,4,516.418,436.766,140.344,346.275,0.780157,-1,-1,-1
80,6,1258.804,442.172,42.932,106.650,0.709710,-1,-1,-1
80,8,702.605,457.691,99.552,222.672,0.795175,-1,-1,-1
81,2,625.794,441.669,89.620,288.286,0.864390,-1,-1,-1
81,4,517.160,438.805,140.338,346.004,0.781062,-1,-1,-1
81,6,1258.644,442.400,43.387,106.506,0.714122,-1,-1,-1
81,8,705.816,459.404,102.827,220.573,0.770321,-1,-1,-1
82,2,626.588,442.237,90.006,288.411,0.841875,-1,-1,-1
82,4,518.315,439.496,140.073,345.772,0.777187,-1,-1,-1
82,6,1258.726,443.609,42.950,105.251,0.742546,-1,-1,-1
82,8,709.702,456.235,103.725,225.416,0.749839,-1,-1,-1
83,2,628.301,443.416,90.387,288.808,0.839125,-1,-1,-1
83,4,513.375,440.280,147.939,347.181,0.782105,-1,-1,-1
83,6,1258.422,444.101,42.273,104.322,0.741107,-1,-1,-1
83,8,710.755,460.127,104.008,221.956,0.787732,-1,-1,-1
84,2,629.059,442.821,92.324,289.794,0.834580,-1,-1,-1
84,4,515.753,440.534,147.637,348.366,0.771493,-1,-1,-1
84,6,1258.840,444.763,41.360,103.288,0.727832,-1,-1,-1
84,8,713.880,461.091,101.622,222.077,0.829887,-1,-1,-1
84,9,1002.325,445.646,38.820,84.987,0.707665,-1,-1,-1
85,2,630.154,442.188,92.897,293.067,0.800116,-1,-1,-1
85,4,518.767,438.242,147.119,352.968,0.780555,-1,-1,-1
85,6,1259.562,444.253,40.995,103.687,0.736024,-1,-1,-1
85,8,714.257,459.881,101.463,223.633,0.816046,-1,-1,-1
85,9,1001.830,445.933,37.992,84.932,0.699685,-1,-1,-1
86,2,631.108,442.622,93.396,293.871,0.796295,-1,-1,-1
86,4,523.855,436.817,142.917,355.860,0.801845,-1,-1,-1
86,6,1259.627,443.979,40.619,103.731,0.716852,-1,-1,-1
86,8,714.954,456.030,102.045,229.060,0.837420,-1,-1,-1
86,9,1001.972,447.252,37.460,82.224,0.547423,-1,-1,-1
87,2,633.239,443.349,90.955,291.775,0.781138,-1,-1,-1
87,4,524.563,436.476,143.693,358.505,0.811829,-1,-1,-1
87,6,1259.284,444.198,40.588,103.299,0.716852,-1,-1,-1
87,8,715.910,453.639,103.158,232.328,0.862721,-1,-1,-1
87,9,1003.915,448.301,36.134,78.795,0.521429,-1,-1,-1
88,2,634.968,444.479,94.755,291.812,0.822543,-1,-1,-1
88,4,526.015,438.233,144.406,359.028,0.786935,-1,-1,-1
88,6,1259.604,444.436,40.479,103.448,0.704075,-1,-1,-1
88,8,717.412,452.095,103.764,233.922,0.871276,-1,-1,-1
88,9,1004.185,448.074,35.411,79.424,0.541842,-1,-1,-1
89,2,634.810,444.461,99.317,294.698,0.801714,-1,-1,-1
89,4,524.753,438.247,145.878,359.301,0.787018,-1,-1,-1
89,6,1259.632,443.695,41.039,104.604,0.699020,-1,-1,-1
89,8,719.165,451.435,103.350,235.147,0.873191,-1,-1,-1
89,9,1003.701,447.853,35.714,80.869,0.587152,-1,-1,-1
90,2,636.055,441.966,102.926,298.389,0.779232,-1,-1,-1
90,4,529.978,438.832,141.449,358.497,0.787326,-1,-1,-1
90,6,1259.426,443.366,41.326,104.793,0.672845,-1,-1,-1
90,8,719.042,451.087,105.353,235.203,0.861895,-1,-1,-1
90,9,1004.149,448.087,35.298,80.647,0.543823,-1,-1,-1
91,2,639.077,441.265,102.602,301.277,0.771415,-1,-1,-1
91,4,527.721,438.759,146.427,359.707,0.809664,-1,-1,-1
91,6,1258.879,444.405,41.509,103.868,0.643396,-1,-1,-1
91,8,720.468,451.525,105.899,235.394,0.847298,-1,-1,-1
91,9,1004.997,448.150,34.274,80.549,0.496574,-1,-1,-1
92,2,639.309,440.381,102.792,301.675,0.790488,-1,-1,-1
92,4,528.699,437.399,144.501,365.846,0.805283,-1,-1,-1
92,6,1257.984,444.124,41.908,104.532,0.628071,-1,-1,-1
92,8,721.032,450.562,107.240,235.123,0.803097,-1,-1,-1
92,9,1004.713,448.225,34.194,79.789,0.577870,-1,-1,-1
93,2,638.764,441.287,104.085,301.715,0.818218,-1,-1,-1
93,4,528.883,436.404,143.523,369.196,0.816170,-1,-1,-1
93,6,1257.492,444.198,42.141,104.352,0.646630,-1,-1,-1
93,8,723.281,451.297,106.863,233.466,0.808158,-1,-1,-1
93,9,1004.497,446.738,35.286,81.108,0.607918,-1,-1,-1
94,2,638.833,441.009,103.515,302.758,0.819011,-1,-1,-1
94,4,529.747,436.214,141.792,371.886,0.823007,-1,-1,-1
94,6,1256.649,444.186,43.005,104.295,0.668807,-1,-1,-1
94,8,724.786,451.094,107.196,233.819,0.796985,-1,-1,-1
94,9,1004.231,445.769,35.681,82.086,0.582233,-1,-1,-1
95,2,638.869,439.954,104.738,304.046,0.824143,-1,-1,-1
95,4,528.555,436.034,142.764,373.074,0.804089,-1,-1,-1
95,6,1255.154,442.036,45.032,107.494,0.656366,-1,-1,-1
95,8,729.297,451.082,103.309,236.845,0.838796,-1,-1,-1
95,9,1003.766,446.042,35.937,82.459,0.611705,-1,-1,-1
95,10,503.463,449.993,92.786,301.107,0.736411,-1,-1,-1
96,2,639.287,438.702,104.724,305.591,0.838374,-1,-1,-1
96,4,531.912,435.895,138.247,373.265,0.816096,-1,-1,-1
96,6,1254.512,441.414,45.590,108.412,0.667145,-1,-1,-1
96,8,734.501,449.532,98.062,238.150,0.809302,-1,-1,-1
96,9,1002.813,446.560,36.818,82.223,0.687567,-1,-1,-1
96,10,500.014,446.612,98.579,305.810,0.727581,-1,-1,-1
97,2,639.818,437.886,106.037,306.254,0.830616,-1,-1,-1
97,4,534.401,435.257,134.890,372.060,0.808136,-1,-1,-1
97,6,1254.134,440.985,45.930,108.821,0.660414,-1,-1,-1
97,8,740.916,448.138,94.139,239.944,0.800200,-1,-1,-1
97,9,1003.524,446.532,36.273,83.125,0.676503,-1,-1,-1
97,10,500.043,445.462,100.420,306.732,0.733266,-1,-1,-1
98,2,640.373,438.181,106.545,305.996,0.838141,-1,-1,-1
98,4,535.958,436.693,138.171,368.639,0.817991,-1,-1,-1
98,6,1253.117,439.997,47.364,109.968,0.674549,-1,-1,-1
98,8,744.052,447.455,93.380,241.786,0.812780,-1,-1,-1
98,9,1003.250,446.094,36.045,84.060,0.657606,-1,-1,-1
98,10,500.108,445.362,101.939,308.301,0.736465,-1,-1,-1
99,2,643.867,439.138,105.779,305.911,0.887738,-1,-1,-1
99,4,537.208,436.591,137.916,369.390,0.821276,-1,-1,-1
99,6,1253.136,441.641,46.572,107.957,0.711504,-1,-1,-1
99,8,746.657,448.027,92.873,243.045,0.830084,-1,-1,-1
99,9,1003.147,446.109,35.979,82.565,0.652500,-1,-1,-1
99,10,499.056,444.766,103.298,310.725,0.743654,-1,-1,-1
100,2,645.959,439.078,106.718,305.773,0.874282,-1,-1,-1
100,4,539.150,437.112,138.116,369.370,0.797916,-1,-1,-1
100,6,1253.863,441.491,45.532,107.341,0.669210,-1,-1,-1
100,8,748.695,447.775,93.187,245.182,0.818683,-1,-1,-1
100,9,1003.164,446.579,35.875,80.881,0.627993,-1,-1,-1
100,10,495.735,443.627,108.314,311.809,0.741723,-1,-1,-1
101,2,642.988,440.672,111.393,303.612,0.852406,-1,-1,-1
101,4,535.748,436.940,142.129,370.603,0.792838,-1,-1,-1
101,6,1254.361,441.763,43.838,106.534,0.650046,-1,-1,-1
101,8,749.320,450.425,92.598,240.453,0.796320,-1,-1,-1
101,9,1002.900,446.183,35.394,80.908,0.582990,-1,-1,-1
101,10,494.994,443.030,110.216,312.704,0.746208,-1,-1,-1
102,2,643.913,441.645,113.132,301.960,0.845704,-1,-1,-1
102,4,540.055,435.161,136.418,370.501,0.767151,-1,-1,-1
102,6,1254.657,442.016,42.521,105.993,0.685088,-1,-1,-1
102,8,748.720,451.482,93.893,239.777,0.784458,-1,-1,-1
102,9,1003.480,446.149,35.309,81.212,0.641859,-1,-1,-1
102,10,494.656,442.513,112.297,313.917,0.779019,-1,-1,-1
103,2,645.125,440.681,113.077,302.427,0.827805,-1,-1,-1
103,4,534.599,436.234,144.800,368.664,0.769490,-1,-1,-1
103,6,1254.817,441.979,41.951,106.037,0.706649,-1,-1,-1
103,8,749.500,454.082,94.021,239.272,0.765639,-1,-1,-1
103,9,1002.425,446.096,35.998,81.278,0.659661,-1,-1,-1
103,10,494.349,442.741,111.528,313.666,0.761380,-1,-1,-1
104,2,646.985,439.621,113.399,304.989,0.821437,-1,-1,-1
104,4,523.698,435.175,159.016,368.637,0.789933,-1,-1,-1
104,6,1254.117,443.425,41.995,104.741,0.668608,-1,-1,-1
104,8,749.133,455.097,93.833,238.420,0.789598,-1,-1,-1
104,9,1002.326,446.268,35.365,81.459,0.644907,-1,-1,-1
104,10,495.356,444.368,111.174,312.116,0.745894,-1,-1,-1
105,2,651.415,438.436,111.884,307.386,0.891148,-1,-1,-1
105,4,522.673,434.202,163.714,369.020,0.765581,-1,-1,-1
105,6,1253.050,443.957,40.694,104.100,0.649760,-1,-1,-1
105,8,751.807,455.971,92.607,239.881,0.826792,-1,-1,-1
105,9,1002.224,446.979,35.393,81.695,0.621904,-1,-1,-1
105,10,495.828,444.428,110.547,312.418,0.761758,-1,-1,-1
106,2,655.448,439.171,111.610,307.245,0.895010,-1,-1,-1
106,4,523.596,433.672,162.635,369.683,0.770256,-1,-1,-1
106,6,1252.214,443.735,41.315,104.785,0.717487,-1,-1,-1
106,8,754.001,456.348,93.674,242.302,0.810150,-1,-1,-1
106,9,1002.502,446.839,35.511,82.219,0.597649,-1,-1,-1
106,10,495.558,444.451,108.110,310.723,0.779384,-1,-1,-1
107,2,658.308,439.131,111.974,307.891,0.864957,-1,-1,-1
107,4,528.841,432.972,157.760,368.984,0.772966,-1,-1,-1
107,6,1251.564,443.803,39.363,103.695,0.717584,-1,-1,-1
107,8,756.415,458.329,92.918,241.729,0.803261,-1,-1,-1
107,9,1002.679,445.572,36.247,82.753,0.613706,-1,-1,-1
107,10,496.164,444.914,108.529,309.600,0.752317,-1,-1,-1
108,2,660.583,437.307,112.190,310.389,0.860540,-1,-1,-1
108,4,528.506,433.526,158.405,370.322,0.784449,-1,-1,-1
108,6,1250.270,443.563,39.807,103.308,0.704507,-1,-1,-1
108,8,756.414,454.335,94.730,246.993,0.804386,-1,-1,-1
108,9,1002.491,445.556,36.521,84.354,0.634911,-1,-1,-1
108,10,497.562,447.212,107.518,307.505,0.724027,-1,-1,-1
109,2,661.642,437.485,109.637,312.663,0.867736,-1,-1,-1
109,4,524.339,432.099,165.558,373.526,0.807618,-1,-1,-1
109,6,1249.321,443.947,40.054,103.033,0.717573,-1,-1,-1
109,8,755.742,451.768,96.709,250.085,0.809149,-1,-1,-1
109,9,1001.923,445.119,37.636,83.287,0.437286,-1,-1,-1
109,10,498.343,447.709,104.810,307.101,0.701451,-1,-1,-1
110,2,663.622,436.373,105.849,314.371,0.870641,-1,-1,-1
110,4,516.339,432.018,175.748,377.049,0.803568,-1,-1,-1
110,6,1247.947,442.969,40.818,104.272,0.732571,-1,-1,-1
110,8,755.743,451.450,97.457,250.915,0.818186,-1,-1,-1
110,9,1000.657,444.928,39.941,84.791,0.514144,-1,-1,-1
110,10,501.322,447.003,107.156,309.013,0.597461,-1,-1,-1
111,2,664.079,435.481,107.574,317.622,0.866297,-1,-1,-1
111,4,513.053,431.194,182.144,382.615,0.786781,-1,-1,-1
111,6,1246.612,442.662,41.091,104.702,0.768088,-1,-1,-1
111,8,756.333,452.145,96.782,250.737,0.812553,-1,-1,-1
111,9,1001.441,445.875,39.476,85.481,0.660826,-1,-1,-1
111,10,501.722,445.731,109.324,309.802,0.546630,-1,-1,-1
112,2,665.695,436.239,106.344,316.571,0.868690,-1,-1,-1
112,4,509.141,431.049,187.437,385.117,0.805414,-1,-1,-1
112,6,1245.507,444.612,41.522,102.814,0.765707,-1,-1,-1
112,8,758.237,451.932,94.999,250.669,0.817981,-1,-1,-1
112,9,1001.534,446.421,39.699,84.795,0.624534,-1,-1,-1
113,2,666.938,436.291,106.675,321.075,0.872959,-1,-1,-1
113,4,508.229,431.272,189.794,387.656,0.813870,-1,-1,-1
113,6,1244.701,446.873,42.620,100.609,0.749018,-1,-1,-1
113,8,760.646,452.060,92.256,249.947,0.806265,-1,-1,-1
113,9,1002.165,448.054,38.176,82.314,0.635588,-1,-1,-1
114,2,667.432,436.963,106.203,322.611,0.887158,-1,-1,-1
114,4,513.995,432.046,183.808,387.490,0.772345,-1,-1,-1
114,6,1244.200,446.079,42.766,100.836,0.774990,-1,-1,-1
114,8,761.925,452.553,89.107,248.725,0.791060,-1,-1,-1
114,9,1003.169,449.106,36.682,78.522,0.631387,-1,-1,-1
115,2,668.999,437.873,103.983,321.487,0.889325,-1,-1,-1
115,4,530.126,432.323,166.294,388.551,0.754137,-1,-1,-1
115,6,1244.137,445.745,41.880,100.016,0.765878,-1,-1,-1
115,8,763.753,452.410,88.680,247.520,0.826668,-1,-1,-1
115,9,1003.783,449.876,35.437,77.852,0.519588,-1,-1,-1
115,10,517.213,443.636,97.574,311.966,0.603813,-1,-1,-1
116,2,669.965,438.560,103.670,323.007,0.878545,-1,-1,-1
116,4,533.298,433.337,160.477,387.817,0.761099,-1,-1,-1
116,6,1244.108,446.176,40.483,98.422,0.762451,-1,-1,-1
116,8,764.297,451.254,88.726,248.142,0.817161,-1,-1,-1
116,9,1003.612,450.005,35.556,77.429,0.492795,-1,-1,-1
116,10,517.355,444.145,97.520,314.620,0.529994,-1,-1,-1
117,2,670.582,438.925,104.654,323.174,0.876343,-1,-1,-1
117,4,529.188,432.248,166.276,390.573,0.771556,-1,-1,-1
117,6,1242.723,445.189,40.768,99.357,0.741635,-1,-1,-1
117,8,765.731,452.601,89.968,246.991,0.824457,-1,-1,-1
117,9,1003.253,450.330,36.100,76.419,0.581959,-1,-1,-1
118,2,671.292,438.726,103.066,326.506,0.855298,-1,-1,-1
118,4,522.658,432.168,174.970,393.452,0.782736,-1,-1,-1
118,6,1241.588,444.801,40.224,99.763,0.705332,-1,-1,-1
118,8,764.681,453.968,91.283,246.300,0.818753,-1,-1,-1
118,9,1003.526,450.449,35.622,75.896,0.567265,-1,-1,-1
119,2,671.410,438.595,104.832,328.269,0.851360,-1,-1,-1
119,4,528.244,433.113,168.553,395.714,0.781615,-1,-1,-1
119,6,1239.550,445.952,38.764,98.971,0.705452,-1,-1,-1
119,8,766.251,453.479,94.749,247.431,0.829542,-1,-1,-1
119,9,1005.469,449.656,33.981,76.774,0.632227,-1,-1,-1
120,2,671.704,438.678,107.705,329.035,0.842388,-1,-1,-1
120,4,528.551,432.713,168.295,399.941,0.792422,-1,-1,-1
120,6,1239.276,448.473,37.117,96.538,0.698986,-1,-1,-1
120,8,767.512,451.672,98.304,251.723,0.817880,-1,-1,-1
120,9,1007.095,450.262,32.748,76.950,0.660918,-1,-1,-1
121,2,673.354,438.597,109.207,330.141,0.841399,-1,-1,-1
121,4,532.829,434.899,167.862,401.050,0.793452,-1,-1,-1
121,6,1239.098,451.131,35.385,94.159,0.621995,-1,-1,-1
121,8,768.256,453.130,101.834,251.557,0.771604,-1,-1,-1
121,9,1007.424,450.175,32.493,77.318,0.663682,-1,-1,-1
122,2,674.745,437.836,110.459,331.417,0.863228,-1,-1,-1
122,4,522.292,434.014,181.562,403.783,0.806727,-1,-1,-1
122,6,1236.387,451.914,36.623,93.929,0.607028,-1,-1,-1
122,8,769.443,452.094,108.143,253.010,0.792387,-1,-1,-1
122,9,1007.972,450.462,31.875,77.405,0.647979,-1,-1,-1
123,2,676.147,437.720,110.023,330.867,0.884569,-1,-1,-1
123,4,525.873,436.042,184.241,401.168,0.808913,-1,-1,-1
123,6,1236.268,454.200,36.356,92.023,0.580313,-1,-1,-1
123,8,768.836,451.825,112.888,253.785,0.767217,-1,-1,-1
123,9,1007.877,450.594,31.989,77.301,0.655663,-1,-1,-1
124,2,677.360,438.049,106.099,330.592,0.857858,-1,-1,-1
124,4,526.066,434.737,187.777,402.550,0.833639,-1,-1,-1
124,6,1234.624,456.103,37.647,91.601,0.672955,-1,-1,-1
124,8,771.946,453.834,113.166,251.366,0.822484,-1,-1,-1
124,9,1006.497,449.910,34.107,78.125,0.626495,-1,-1,-1
125,2,678.326,437.954,103.817,331.030,0.847458,-1,-1,-1
125,4,535.075,433.969,177.324,404.554,0.844138,-1,-1,-1
125,6,1232.155,454.647,40.079,95.719,0.660157,-1,-1,-1
125,8,777.218,455.925,109.178,250.717,0.805409,-1,-1,-1
125,9,1006.693,450.739,32.584,77.480,0.429059,-1,-1,-1
126,2,679.504,439.473,103.963,329.206,0.875484,-1,-1,-1
126,4,528.298,434.733,183.604,403.155,0.846550,-1,-1,-1
126,6,1228.324,455.434,42.412,96.555,0.641742,-1,-1,-1
126,8,779.580,456.920,105.735,250.632,0.811337,-1,-1,-1
126,9,1007.062,450.474,32.855,76.546,0.382841,-1,-1,-1
127,2,680.776,439.043,105.606,329.951,0.874130,-1,-1,-1
127,4,526.566,433.862,185.940,403.388,0.858613,-1,-1,-1
127,6,1224.780,453.101,45.458,101.325,0.692264,-1,-1,-1
127,8,781.539,456.967,102.726,250.410,0.830156,-1,-1,-1
127,9,1007.257,450.776,32.166,75.592,0.509867,-1,-1,-1
128,2,682.440,437.678,108.506,330.010,0.873058,-1,-1,-1
128,4,528.439,433.172,187.258,403.999,0.869149,-1,-1,-1
128,6,1222.933,455.035,46.780,100.576,0.676104,-1,-1,-1
128,8,784.652,456.034,99.259,250.641,0.818178,-1,-1,-1
128,9,1008.430,451.052,30.507,75.720,0.451591,-1,-1,-1
129,2,683.636,436.422,109.491,330.525,0.881561,-1,-1,-1
129,4,533.427,432.176,184.330,404.316,0.863929,-1,-1,-1
129,6,1220.816,457.879,48.168,98.235,0.589224,-1,-1,-1
129,8,787.624,454.279,95.500,251.425,0.828211,-1,-1,-1
129,9,1009.542,451.440,29.074,75.656,0.354060,-1,-1,-1
130,2,684.625,435.693,108.304,330.569,0.871088,-1,-1,-1
130,4,534.469,431.866,184.499,404.637,0.851094,-1,-1,-1
130,6,1220.412,458.429,47.323,98.107,0.565946,-1,-1,-1
130,8,787.847,455.023,96.886,252.190,0.823838,-1,-1,-1
130,9,1009.762,451.806,28.943,75.314,0.446400,-1,-1,-1
131,2,685.483,435.659,109.247,330.492,0.854153,-1,-1,-1
131,4,534.970,430.486,185.710,406.357,0.828702,-1,-1,-1
131,8,790.193,454.985,97.795,253.885,0.843276,-1,-1,-1
131,9,1007.650,450.399,30.837,75.799,0.362024,-1,-1,-1
132,2,686.591,434.984,108.174,330.802,0.851795,-1,-1,-1
132,4,532.850,429.451,189.361,408.029,0.854550,-1,-1,-1
132,8,792.524,453.282,101.139,256.827,0.843652,-1,-1,-1
132,9,1006.560,450.581,31.942,76.492,0.440193,-1,-1,-1
133,2,686.736,434.419,108.870,330.466,0.851516,-1,-1,-1
133,4,532.170,429.110,191.113,409.131,0.854627,-1,-1,-1
133,8,793.740,453.211,104.371,257.850,0.824400,-1,-1,-1
133,9,1005.594,448.860,33.182,77.787,0.450752,-1,-1,-1
134,2,687.100,433.794,110.592,331.475,0.866332,-1,-1,-1
134,4,533.405,429.913,191.812,409.653,0.845540,-1,-1,-1
134,8,793.944,452.147,106.370,259.439,0.820947,-1,-1,-1
134,9,1004.544,448.619,33.485,79.138,0.471103,-1,-1,-1
135,2,687.648,433.870,111.403,330.940,0.867474,-1,-1,-1
135,4,533.348,429.813,193.034,412.829,0.842723,-1,-1,-1
135,8,794.782,451.434,106.501,260.095,0.817417,-1,-1,-1
135,9,1003.880,448.592,34.436,79.237,0.564611,-1,-1,-1
135,6,1214.950,451.760,49.152,106.107,0.660544,-1,-1,-1
136,2,688.517,433.591,110.666,330.841,0.860022,-1,-1,-1
136,4,532.423,429.088,195.270,419.350,0.851832,-1,-1,-1
136,8,795.189,450.118,105.051,262.533,0.829576,-1,-1,-1
136,9,1003.472,448.836,34.598,78.728,0.506308,-1,-1,-1
136,6,1214.968,451.230,46.619,106.649,0.653598,-1,-1,-1
137,2,689.550,432.658,110.499,332.494,0.848818,-1,-1,-1
137,4,531.996,428.900,197.202,426.232,0.882789,-1,-1,-1
137,8,797.403,450.345,104.437,262.211,0.828737,-1,-1,-1
137,9,1003.756,449.220,33.911,78.454,0.526199,-1,-1,-1
137,6,1214.944,446.839,44.782,110.922,0.622767,-1,-1,-1
138,2,689.386,431.651,111.443,334.332,0.855973,-1,-1,-1
138,4,535.539,428.456,194.583,433.851,0.907561,-1,-1,-1
138,8,801.846,452.214,104.149,261.106,0.836295,-1,-1,-1
138,9,1003.969,448.057,33.655,79.811,0.603685,-1,-1,-1
138,6,1214.565,446.019,43.132,111.827,0.661073,-1,-1,-1
139,2,691.937,430.433,112.173,336.465,0.845838,-1,-1,-1
139,4,532.800,428.356,197.528,437.815,0.912645,-1,-1,-1
139,8,807.182,451.742,97.838,261.314,0.808173,-1,-1,-1
139,9,1004.307,446.875,33.069,80.436,0.566290,-1,-1,-1
139,6,1213.987,444.200,43.587,113.484,0.732736,-1,-1,-1
140,2,694.010,429.299,116.430,337.676,0.856450,-1,-1,-1
140,4,532.277,428.451,198.032,441.949,0.911932,-1,-1,-1
140,8,811.455,451.306,94.056,261.396,0.807577,-1,-1,-1
140,9,1004.581,446.584,32.268,80.948,0.470599,-1,-1,-1
140,6,1213.001,444.309,43.513,113.779,0.717482,-1,-1,-1
141,2,693.446,431.313,120.664,335.865,0.909189,-1,-1,-1
141,4,533.797,429.531,196.406,442.283,0.916935,-1,-1,-1
141,8,813.960,449.646,91.519,266.210,0.814802,-1,-1,-1
141,9,1005.310,447.543,31.708,79.558,0.561757,-1,-1,-1
141,6,1211.375,446.315,42.801,112.163,0.689937,-1,-1,-1
142,2,693.326,431.560,124.786,337.541,0.840386,-1,-1,-1
142,4,532.412,430.154,198.045,444.150,0.912970,-1,-1,-1
142,8,815.092,448.753,91.997,271.236,0.825164,-1,-1,-1
142,9,1005.292,448.727,31.735,78.834,0.597162,-1,-1,-1
142,6,1210.019,447.462,42.363,110.531,0.713565,-1,-1,-1
143,2,692.711,432.484,130.326,336.914,0.827154,-1,-1,-1
143,4,529.326,430.220,200.781,446.122,0.900398,-1,-1,-1
143,8,816.626,449.327,91.291,273.462,0.841511,-1,-1,-1
143,9,1004.273,448.665,32.549,79.593,0.596034,-1,-1,-1
143,6,1208.887,449.161,41.999,108.709,0.719456,-1,-1,-1
144,2,694.313,434.086,133.946,336.050,0.842022,-1,-1,-1
144,4,527.481,431.137,201.097,447.866,0.890727,-1,-1,-1
144,8,820.445,451.127,86.553,271.205,0.842982,-1,-1,-1
144,9,1004.035,449.529,33.153,79.370,0.541582,-1,-1,-1
144,6,1207.739,448.254,39.964,109.441,0.704684,-1,-1,-1
145,2,694.333,435.417,139.731,335.226,0.854815,-1,-1,-1
145,4,528.180,430.403,200.238,453.023,0.886402,-1,-1,-1
145,8,822.081,452.488,86.612,269.995,0.846200,-1,-1,-1
145,9,1004.620,449.817,32.488,79.295,0.487430,-1,-1,-1
145,6,1206.977,446.402,38.811,110.872,0.702777,-1,-1,-1
146,2,695.883,436.391,142.729,334.696,0.860936,-1,-1,-1
146,4,524.842,429.942,201.960,459.698,0.876244,-1,-1,-1
146,8,823.665,452.728,86.414,268.302,0.839672,-1,-1,-1
146,9,1004.837,449.385,32.903,79.028,0.571658,-1,-1,-1
146,6,1205.865,446.929,37.647,108.358,0.710236,-1,-1,-1
147,2,699.213,437.160,142.327,336.278,0.873218,-1,-1,-1
147,4,522.514,430.656,201.947,462.266,0.878120,-1,-1,-1
147,8,825.004,453.887,87.030,266.987,0.844084,-1,-1,-1
147,9,1004.738,448.701,32.286,79.160,0.516914,-1,-1,-1
147,6,1204.234,446.646,37.120,106.044,0.720850,-1,-1,-1
147,11,879.801,435.841,81.190,249.288,0.741638,-1,-1,-1
148,2,701.940,437.943,141.049,336.833,0.879538,-1,-1,-1
148,4,519.860,430.571,203.910,465.554,0.878182,-1,-1,-1
148,8,825.533,454.634,88.326,266.270,0.836062,-1,-1,-1
148,9,1004.302,448.083,32.543,79.582,0.507607,-1,-1,-1
148,6,1203.469,447.888,36.213,103.393,0.682592,-1,-1,-1
148,11,881.491,436.421,81.665,248.584,0.785043,-1,-1,-1
149,2,707.540,440.058,136.211,335.948,0.879132,-1,-1,-1
149,4,515.259,429.924,205.100,467.688,0.884639,-1,-1,-1
149,8,826.870,456.813,90.295,265.590,0.826285,-1,-1,-1
149,9,1004.387,448.210,32.905,78.780,0.543438,-1,-1,-1
149,6,1201.247,447.651,38.154,102.230,0.691196,-1,-1,-1
149,11,883.035,436.348,84.092,248.461,0.792748,-1,-1,-1
150,2,710.329,437.835,132.658,337.279,0.888520,-1,-1,-1
150,4,512.657,431.378,208.194,466.321,0.874245,-1,-1,-1
150,8,827.749,455.865,92.175,272.671,0.826148,-1,-1,-1
150,9,1004.741,448.685,32.335,78.058,0.471160,-1,-1,-1
150,6,1197.251,445.131,41.662,104.620,0.650334,-1,-1,-1
150,11,884.921,436.294,87.692,248.370,0.788694,-1,-1,-1
151,2,713.092,436.593,132.199,338.115,0.888438,-1,-1,-1
151,4,506.709,432.544,211.603,465.024,0.869043,-1,-1,-1
151,8,827.723,454.742,95.340,277.324,0.829042,-1,-1,-1
151,9,1004.829,449.013,32.023,78.328,0.461031,-1,-1,-1
151,6,1195.555,444.588,42.856,104.790,0.630523,-1,-1,-1
151,11,886.639,437.519,89.514,246.195,0.794010,-1,-1,-1
152,2,716.252,434.608,130.362,339.637,0.897537,-1,-1,-1
152,4,500.149,428.046,218.277,469.435,0.860194,-1,-1,-1
152,8,828.966,454.839,98.032,277.216,0.823458,-1,-1,-1
152,9,1004.242,447.716,31.804,79.592,0.488274,-1,-1,-1
152,6,1193.386,443.692,44.025,105.666,0.694759,-1,-1,-1
152,11,889.898,434.343,86.240,249.076,0.805654,-1,-1,-1
153,2,717.539,432.749,129.104,342.367,0.867164,-1,-1,-1
153,4,502.890,427.158,209.281,470.039,0.868931,-1,-1,-1
153,8,827.571,452.355,101.314,283.424,0.849503,-1,-1,-1
153,9,1003.195,447.734,32.348,80.019,0.475412,-1,-1,-1
153,6,1191.843,444.326,44.035,105.007,0.735535,-1,-1,-1
153,11,891.781,436.222,86.944,247.901,0.801890,-1,-1,-1
154,2,719.125,432.193,128.172,344.001,0.864473,-1,-1,-1
154,4,505.321,425.573,204.713,471.750,0.869528,-1,-1,-1
154,8,828.017,452.161,101.361,284.877,0.853067,-1,-1,-1
154,9,1002.802,447.906,32.150,79.053,0.472295,-1,-1,-1
154,6,1191.413,444.772,43.989,104.672,0.722144,-1,-1,-1
154,11,894.023,436.707,84.338,247.489,0.815892,-1,-1,-1
155,2,722.245,431.382,125.967,345.129,0.859996,-1,-1,-1
155,4,503.704,424.935,205.535,472.883,0.860840,-1,-1,-1
155,8,829.255,449.458,101.328,288.271,0.887441,-1,-1,-1
155,9,1002.713,448.630,31.611,78.833,0.484603,-1,-1,-1
155,6,1190.538,446.430,44.391,103.565,0.706361,-1,-1,-1
155,11,895.970,436.842,81.528,247.054,0.833204,-1,-1,-1
156,2,723.830,430.619,125.295,346.117,0.857982,-1,-1,-1
156,4,495.933,423.665,211.387,473.973,0.844069,-1,-1,-1
156,8,831.057,449.594,98.567,286.742,0.859619,-1,-1,-1
156,9,1002.844,449.628,31.010,78.194,0.483925,-1,-1,-1
156,6,1188.878,446.670,45.316,104.178,0.716091,-1,-1,-1
156,11,896.009,436.212,80.991,249.116,0.809186,-1,-1,-1
156,12,651.572,441.184,91.199,347.374,0.798020,-1,-1,-1
157,2,725.532,430.082,125.734,347.319,0.861333,-1,-1,-1
157,4,492.333,423.427,214.451,473.485,0.850113,-1,-1,-1
157,8,834.385,451.338,96.886,284.685,0.906812,-1,-1,-1
157,9,1002.829,449.913,29.988,77.997,0.539342,-1,-1,-1
157,6,1188.473,448.738,44.375,102.779,0.690574,-1,-1,-1
157,11,897.410,435.736,82.269,253.307,0.786408,-1,-1,-1
157,12,651.939,442.198,93.075,347.236,0.808575,-1,-1,-1
158,2,727.082,429.640,129.045,348.775,0.872801,-1,-1,-1
158,4,493.284,422.064,212.782,473.535,0.859674,-1,-1,-1
158,8,838.365,449.561,95.231,285.773,0.874009,-1,-1,-1
158,9,1002.266,447.986,31.025,79.363,0.405710,-1,-1,-1
158,6,1188.554,448.942,41.806,102.701,0.587783,-1,-1,-1
158,11,899.373,434.528,84.794,257.675,0.775578,-1,-1,-1
158,12,652.917,442.686,94.255,347.544,0.788102,-1,-1,-1
159,2,730.149,429.929,128.369,348.038,0.869936,-1,-1,-1
159,4,490.003,421.481,214.912,474.083,0.854690,-1,-1,-1
159,8,840.527,448.865,94.100,286.724,0.847906,-1,-1,-1
159,9,1002.037,448.108,31.547,79.094,0.430118,-1,-1,-1
159,6,1188.066,449.049,38.709,101.250,0.651473,-1,-1,-1
159,11,901.191,435.311,88.593,256.777,0.811524,-1,-1,-1
159,12,654.753,444.572,97.189,345.872,0.777442,-1,-1,-1
160,2,732.364,430.155,127.859,348.388,0.859253,-1,-1,-1
160,4,491.399,422.066,213.150,472.686,0.842811,-1,-1,-1
160,8,841.676,449.533,92.692,284.784,0.856885,-1,-1,-1
160,9,1001.426,448.603,31.604,78.264,0.482303,-1,-1,-1
160,6,1187.257,449.090,37.662,100.315,0.580311,-1,-1,-1
160,11,904.324,437.570,89.426,254.864,0.816059,-1,-1,-1
160,12,655.667,444.588,97.116,347.853,0.775447,-1,-1,-1
161,2,735.327,429.540,127.771,348.325,0.855956,-1,-1,-1
161,4,490.770,422.837,215.786,472.146,0.851050,-1,-1,-1
161,8,844.154,448.950,92.705,285.759,0.849908,-1,-1,-1
161,9,1000.961,448.699,31.529,78.485,0.534914,-1,-1,-1
161,6,1186.381,454.296,36.477,92.964,0.477639,-1,-1,-1
161,11,907.310,439.365,92.128,255.228,0.816990,-1,-1,-1
161,12,655.639,443.841,101.243,352.171,0.773141,-1,-1,-1
162,2,738.426,430.811,127.729,350.375,0.846410,-1,-1,-1
162,4,485.449,423.019,222.800,471.901,0.856713,-1,-1,-1
162,8,846.492,447.690,92.686,289.377,0.830406,-1,-1,-1
162,9,1000.557,448.620,31.237,78.039,0.596051,-1,-1,-1
162,6,1185.939,455.941,34.546,90.658,0.621381,-1,-1,-1
162,11,910.671,439.882,93.026,257.582,0.804292,-1,-1,-1
162,12,656.266,444.316,97.674,358.616,0.772586,-1,-1,-1
163,2,742.750,431.180,122.988,349.448,0.852907,-1,-1,-1
163,4,490.635,421.337,218.446,474.975,0.861111,-1,-1,-1
163,8,848.885,448.343,94.244,287.392,0.830494,-1,-1,-1
163,9,999.999,447.043,31.514,79.089,0.584418,-1,-1,-1
163,6,1185.332,451.060,34.557,97.333,0.717158,-1,-1,-1
163,11,914.979,441.056,90.305,256.970,0.794790,-1,-1,-1
163,12,657.978,443.999,97.126,360.289,0.746077,-1,-1,-1
164,2,745.216,431.609,120.687,350.111,0.856050,-1,-1,-1
164,4,492.968,422.030,219.333,478.122,0.860675,-1,-1,-1
164,8,850.485,447.656,101.295,289.548,0.838939,-1,-1,-1
164,9,999.995,445.746,31.506,80.063,0.547266,-1,-1,-1
164,6,1184.107,448.048,34.336,99.873,0.643758,-1,-1,-1
164,11,919.029,441.916,87.937,256.613,0.783979,-1,-1,-1
164,12,658.571,441.113,101.531,371.122,0.750050,-1,-1,-1
165,2,747.415,431.463,120.243,352.454,0.853102,-1,-1,-1
165,4,492.008,422.258,223.909,478.889,0.863787,-1,-1,-1
165,8,851.190,448.901,112.215,288.240,0.810648,-1,-1,-1
165,9,999.950,444.629,31.791,81.818,0.541611,-1,-1,-1
165,6,1182.370,449.155,35.673,99.071,0.650984,-1,-1,-1
165,11,922.436,442.551,86.242,258.486,0.766152,-1,-1,-1
165,12,659.863,438.843,104.850,372.104,0.798325,-1,-1,-1
166,2,749.052,432.023,121.363,354.604,0.856593,-1,-1,-1
166,4,493.455,422.112,229.510,482.185,0.862659,-1,-1,-1
166,8,855.148,450.432,118.467,285.889,0.861474,-1,-1,-1
166,9,1000.062,445.956,31.683,81.349,0.648884,-1,-1,-1
166,6,1181.311,450.402,36.343,98.478,0.623383,-1,-1,-1
166,11,924.048,441.052,88.821,261.306,0.842969,-1,-1,-1
166,12,661.094,437.311,104.905,373.549,0.803818,-1,-1,-1
167,2,751.306,432.013,122.098,357.063,0.866005,-1,-1,-1
167,4,491.148,422.022,240.706,483.509,0.868597,-1,-1,-1
167,8,857.958,450.148,124.058,288.012,0.854974,-1,-1,-1
167,9,999.626,446.525,31.509,82.609,0.524214,-1,-1,-1
167,6,1180.180,452.622,36.970,96.405,0.617916,-1,-1,-1
167,11,928.015,438.277,84.352,263.215,0.812655,-1,-1,-1
167,12,660.940,437.126,106.820,374.425,0.823814,-1,-1,-1
168,2,753.486,432.469,121.026,358.626,0.870684,-1,-1,-1
168,4,498.705,424.121,239.788,479.988,0.856585,-1,-1,-1
168,8,860.716,449.871,126.919,289.830,0.868602,-1,-1,-1
168,9,999.816,446.635,30.565,81.531,0.429610,-1,-1,-1
168,6,1182.218,456.309,34.730,91.868,0.537451,-1,-1,-1
168,11,930.289,437.334,82.859,261.450,0.822583,-1,-1,-1
168,12,660.809,437.571,106.569,374.506,0.816011,-1,-1,-1
169,2,754.935,433.277,120.165,359.164,0.867252,-1,-1,-1
169,4,499.279,423.251,248.381,480.821,0.842593,-1,-1,-1
169,8,862.245,450.376,128.716,290.187,0.848528,-1,-1,-1
169,9,999.654,446.029,29.947,83.799,0.445712,-1,-1,-1
169,6,1180.121,458.051,34.140,89.573,0.453933,-1,-1,-1
169,11,933.282,436.450,82.467,261.008,0.806430,-1,-1,-1
169,12,660.864,438.989,105.985,373.826,0.807925,-1,-1,-1
170,2,754.549,433.757,122.539,359.549,0.869411,-1,-1,-1
170,4,497.193,422.972,262.250,483.577,0.860594,-1,-1,-1
170,8,863.602,448.625,130.918,292.992,0.851492,-1,-1,-1
170,9,999.705,445.531,29.795,86.692,0.427029,-1,-1,-1
170,6,1183.393,456.419,32.707,91.379,0.463800,-1,-1,-1
170,11,933.726,435.886,84.449,259.747,0.802441,-1,-1,-1
170,12,663.887,441.583,101.337,373.453,0.769900,-1,-1,-1
171,2,755.715,433.551,122.209,360.012,0.860538,-1,-1,-1
171,4,495.998,422.331,271.108,485.136,0.869452,-1,-1,-1
171,8,865.373,446.845,131.578,295.449,0.816505,-1,-1,-1
171,6,1185.433,459.869,31.627,87.847,0.365987,-1,-1,-1
171,11,941.551,435.129,83.308,260.344,0.831529,-1,-1,-1
171,12,665.194,443.783,100.831,372.520,0.777905,-1,-1,-1
172,2,757.689,434.829,122.923,358.495,0.853023,-1,-1,-1
172,4,491.924,422.924,280.400,486.733,0.877039,-1,-1,-1
172,8,868.833,445.909,127.275,296.520,0.859759,-1,-1,-1
172,11,945.471,435.153,83.550,259.766,0.823472,-1,-1,-1
172,12,668.436,441.480,99.672,373.382,0.771599,-1,-1,-1
173,2,761.291,436.377,120.845,356.811,0.850639,-1,-1,-1
173,4,495.080,424.423,279.361,486.562,0.878708,-1,-1,-1
173,8,871.029,445.782,122.947,297.014,0.857506,-1,-1,-1
173,11,946.846,433.130,83.282,259.453,0.813189,-1,-1,-1
173,12,671.156,441.670,98.848,371.802,0.733439,-1,-1,-1
174,2,763.436,435.633,122.527,359.484,0.863611,-1,-1,-1
174,4,495.783,424.734,281.685,488.466,0.888684,-1,-1,-1
174,8,870.695,446.266,123.285,296.542,0.888929,-1,-1,-1
174,11,949.650,432.984,84.870,262.031,0.810718,-1,-1,-1
174,12,672.857,442.847,97.926,369.821,0.645011,-1,-1,-1
175,2,765.605,434.654,122.871,365.355,0.856234,-1,-1,-1
175,4,503.702,422.631,276.088,491.458,0.889820,-1,-1,-1
175,8,873.153,448.135,121.201,294.702,0.874570,-1,-1,-1
175,11,953.925,433.204,89.226,263.229,0.813611,-1,-1,-1
175,12,675.634,445.501,97.424,366.909,0.469774,-1,-1,-1
176,2,767.046,435.576,122.969,367.233,0.839901,-1,-1,-1
176,4,509.577,422.895,265.953,493.793,0.898407,-1,-1,-1
176,8,874.428,447.206,121.115,296.973,0.870274,-1,-1,-1
176,11,954.966,434.211,92.197,263.071,0.843342,-1,-1,-1
177,2,770.698,436.076,124.525,369.101,0.878631,-1,-1,-1
177,4,513.532,423.323,261.570,494.153,0.909018,-1,-1,-1
177,8,876.065,446.586,120.537,298.062,0.878600,-1,-1,-1
177,11,958.828,433.376,97.819,265.685,0.800057,-1,-1,-1
178,2,773.984,436.762,122.398,369.327,0.876460,-1,-1,-1
178,4,522.234,425.537,247.764,492.071,0.898241,-1,-1,-1
178,8,877.497,446.941,120.285,297.627,0.881393,-1,-1,-1
178,11,957.848,430.927,110.370,269.215,0.836456,-1,-1,-1
179,2,775.064,436.361,121.082,369.624,0.859610,-1,-1,-1
179,4,524.315,423.367,245.512,494.867,0.881317,-1,-1,-1
179,8,879.564,447.455,119.504,297.546,0.855255,-1,-1,-1
179,11,959.942,431.999,115.395,269.637,0.822290,-1,-1,-1
180,2,776.127,435.724,123.738,367.631,0.866180,-1,-1,-1
180,4,527.398,421.075,245.427,497.228,0.882854,-1,-1,-1
180,8,885.643,447.038,115.422,298.676,0.852314,-1,-1,-1
180,11,962.844,435.261,116.989,268.031,0.772684,-1,-1,-1
181,2,775.863,435.120,123.141,368.582,0.850840,-1,-1,-1
181,4,531.639,420.872,242.555,497.076,0.856873,-1,-1,-1
181,8,895.753,446.752,108.842,298.261,0.880819,-1,-1,-1
181,11,965.914,436.435,113.846,270.042,0.775671,-1,-1,-1
182,2,775.286,433.883,130.384,372.225,0.845974,-1,-1,-1
182,4,535.657,420.527,241.465,498.105,0.859324,-1,-1,-1
182,8,904.253,449.105,101.769,297.442,0.877237,-1,-1,-1
182,11,969.969,437.059,109.170,273.736,0.780018,-1,-1,-1
183,2,778.501,432.945,131.187,373.284,0.862874,-1,-1,-1
183,4,543.748,420.683,235.161,498.674,0.854894,-1,-1,-1
183,8,909.493,448.101,101.024,298.233,0.856793,-1,-1,-1
183,11,974.620,437.001,104.415,275.416,0.753759,-1,-1,-1
184,2,781.072,432.226,130.590,374.412,0.860252,-1,-1,-1
184,4,539.740,420.465,241.907,500.035,0.866816,-1,-1,-1
184,8,914.149,444.951,99.214,300.264,0.834647,-1,-1,-1
184,11,978.697,435.894,100.815,278.529,0.747384,-1,-1,-1
185,2,782.036,431.793,131.136,374.628,0.856436,-1,-1,-1
185,4,542.361,419.760,242.042,501.799,0.844428,-1,-1,-1
185,8,918.438,446.340,98.288,302.976,0.811203,-1,-1,-1
185,11,984.227,436.112,96.610,279.026,0.794234,-1,-1,-1
185,13,567.893,456.444,60.184,155.633,0.788098,-1,-1,-1
186,2,784.420,431.297,131.955,374.929,0.821087,-1,-1,-1
186,4,563.254,419.172,226.089,500.846,0.832556,-1,-1,-1
186,8,923.291,446.724,97.809,312.075,0.830524,-1,-1,-1
186,11,989.524,432.781,92.172,280.256,0.834196,-1,-1,-1
186,13,566.610,458.861,62.560,157.711,0.821267,-1,-1,-1
187,2,787.685,431.467,129.930,375.802,0.838915,-1,-1,-1
187,4,574.114,418.890,218.398,505.491,0.821485,-1,-1,-1
187,8,926.326,448.793,99.055,312.819,0.849562,-1,-1,-1
187,11,993.598,434.147,90.854,274.187,0.798992,-1,-1,-1
187,13,567.570,457.850,62.766,159.756,0.817855,-1,-1,-1
188,2,789.506,431.659,129.393,375.940,0.838008,-1,-1,-1
188,4,580.215,418.691,217.079,510.675,0.838131,-1,-1,-1
188,8,930.551,447.103,99.589,310.041,0.876631,-1,-1,-1
188,11,997.159,435.315,88.028,274.942,0.870579,-1,-1,-1
188,13,567.394,455.500,65.816,163.879,0.841663,-1,-1,-1
189,2,791.567,431.943,130.007,377.497,0.867140,-1,-1,-1
189,4,574.821,418.020,225.324,516.970,0.863735,-1,-1,-1
189,8,932.852,446.490,106.177,310.140,0.837954,-1,-1,-1
189,11,999.768,434.232,86.473,277.606,0.872254,-1,-1,-1
189,13,567.363,455.148,66.866,165.123,0.833377,-1,-1,-1
190,2,795.222,431.315,129.358,378.330,0.868841,-1,-1,-1
190,4,576.433,417.334,224.749,525.245,0.870371,-1,-1,-1
190,8,937.396,450.240,113.657,306.580,0.845063,-1,-1,-1
190,11,1002.228,433.534,86.566,278.685,0.795613,-1,-1,-1
190,13,567.125,455.987,66.702,163.398,0.827446,-1,-1,-1
191,2,797.900,430.577,130.082,378.447,0.883146,-1,-1,-1
191,4,578.762,418.253,224.820,527.179,0.838304,-1,-1,-1
191,8,941.264,451.871,117.399,305.114,0.828631,-1,-1,-1
191,11,1003.533,432.627,89.396,279.075,0.757429,-1,-1,-1
191,13,565.396,456.302,67.780,163.144,0.850422,-1,-1,-1
192,2,799.721,430.598,130.224,377.196,0.888660,-1,-1,-1
192,4,578.839,418.679,226.950,536.743,0.840127,-1,-1,-1
192,8,943.361,449.846,118.177,309.836,0.843917,-1,-1,-1
192,11,1006.075,433.957,89.508,277.525,0.751133,-1,-1,-1
192,13,565.035,456.181,69.102,164.513,0.857822,-1,-1,-1
193,2,801.160,430.600,130.080,374.670,0.891435,-1,-1,-1
193,4,587.618,418.678,222.104,543.963,0.819241,-1,-1,-1
193,8,945.130,447.027,118.606,312.110,0.814513,-1,-1,-1
193,11,1010.971,435.908,94.484,275.330,0.750818,-1,-1,-1
193,13,565.908,455.639,68.789,164.735,0.860148,-1,-1,-1
194,2,802.598,431.236,131.040,375.425,0.888089,-1,-1,-1
194,4,608.745,417.953,200.938,550.108,0.817770,-1,-1,-1
194,8,946.427,446.172,118.303,312.332,0.844975,-1,-1,-1
194,11,1015.890,432.750,96.672,280.924,0.773129,-1,-1,-1
194,13,565.248,455.358,69.547,164.608,0.864539,-1,-1,-1
195,2,805.742,430.824,131.379,376.570,0.873715,-1,-1,-1
195,4,605.600,416.988,204.977,553.676,0.840655,-1,-1,-1
195,8,947.218,448.105,119.824,311.453,0.851780,-1,-1,-1
195,11,1019.937,432.553,101.333,285.089,0.847665,-1,-1,-1
195,13,565.158,455.207,70.062,165.221,0.867337,-1,-1,-1
196,2,806.004,430.475,140.240,381.008,0.879174,-1,-1,-1
196,4,605.432,416.758,208.037,553.807,0.840705,-1,-1,-1
196,8,945.694,445.739,123.300,313.548,0.837270,-1,-1,-1
196,11,1022.079,431.277,103.181,289.011,0.822131,-1,-1,-1
196,13,565.280,454.697,70.754,165.549,0.864147,-1,-1,-1
197,2,808.773,431.792,147.588,381.247,0.877248,-1,-1,-1
197,4,607.668,417.825,205.699,556.097,0.847830,-1,-1,-1
197,8,945.509,445.710,127.142,315.800,0.815732,-1,-1,-1
197,11,1024.961,432.417,103.151,286.268,0.806274,-1,-1,-1
197,13,565.249,454.056,71.193,166.555,0.827169,-1,-1,-1
198,2,811.370,432.630,155.249,381.577,0.867374,-1,-1,-1
198,4,617.121,420.133,200.457,554.200,0.847598,-1,-1,-1
198,8,951.878,445.122,123.378,317.789,0.830007,-1,-1,-1
198,11,1030.039,432.554,103.029,285.694,0.849480,-1,-1,-1
198,13,565.932,453.217,71.900,166.545,0.850285,-1,-1,-1
199,2,813.561,433.074,161.516,382.667,0.866322,-1,-1,-1
199,4,617.387,420.624,203.678,548.335,0.870281,-1,-1,-1
199,8,962.588,445.673,113.455,319.584,0.890876,-1,-1,-1
199,11,1031.457,435.041,104.410,283.185,0.884185,-1,-1,-1
199,13,566.822,453.196,71.718,166.010,0.845355,-1,-1,-1
199,6,1177.070,447.666,40.635,103.016,0.612736,-1,-1,-1
200,2,815.531,433.441,164.910,383.788,0.854735,-1,-1,-1
200,4,620.485,420.865,204.595,550.977,0.881458,-1,-1,-1
200,8,969.271,446.608,109.329,317.896,0.826011,-1,-1,-1
200,11,1033.569,436.107,106.060,282.782,0.846054,-1,-1,-1
200,13,568.081,454.531,71.811,166.046,0.835098,-1,-1,-1
200,6,1177.126,447.419,40.631,102.515,0.615313,-1,-1,-1
201,2,817.444,434.309,164.258,383.011,0.856354,-1,-1,-1
201,4,624.434,421.442,205.078,551.354,0.886290,-1,-1,-1
201,8,977.643,444.879,101.579,319.146,0.816624,-1,-1,-1
201,11,1038.106,434.602,105.372,285.048,0.821593,-1,-1,-1
201,13,568.384,455.073,71.581,165.303,0.831926,-1,-1,-1
201,6,1178.079,446.510,39.828,103.327,0.628979,-1,-1,-1
202,2,820.298,435.495,162.281,382.975,0.883383,-1,-1,-1
202,4,628.260,421.160,206.136,556.979,0.890192,-1,-1,-1
202,8,983.085,445.219,100.749,319.599,0.831505,-1,-1,-1
202,11,1044.334,436.592,102.423,287.213,0.828932,-1,-1,-1
202,13,569.712,458.273,71.168,162.263,0.830261,-1,-1,-1
202,6,1179.311,446.093,40.139,102.893,0.657323,-1,-1,-1
203,2,823.346,435.069,159.840,383.621,0.887993,-1,-1,-1
203,4,632.357,421.187,207.982,563.801,0.902685,-1,-1,-1
203,8,988.255,446.010,98.459,319.266,0.822326,-1,-1,-1
203,11,1048.267,437.726,100.366,286.152,0.833212,-1,-1,-1
203,13,570.651,459.559,72.075,161.591,0.839749,-1,-1,-1
203,6,1181.186,445.133,40.490,103.706,0.659554,-1,-1,-1
204,2,825.997,434.411,158.822,383.989,0.888852,-1,-1,-1
204,4,635.150,421.112,215.453,568.379,0.896156,-1,-1,-1
204,8,993.139,446.668,97.874,319.293,0.818790,-1,-1,-1
204,11,1053.121,438.919,96.913,285.564,0.817877,-1,-1,-1
204,13,573.900,460.346,69.650,160.676,0.828653,-1,-1,-1
204,6,1182.516,447.100,39.802,101.684,0.638632,-1,-1,-1
205,2,824.867,432.792,160.328,385.715,0.906250,-1,-1,-1
205,4,640.718,420.381,212.544,574.799,0.895145,-1,-1,-1
205,8,996.054,444.947,99.768,322.204,0.853838,-1,-1,-1
205,11,1058.742,437.087,92.565,288.488,0.825813,-1,-1,-1
205,13,574.835,457.632,69.378,164.289,0.816061,-1,-1,-1
205,6,1182.354,449.182,42.231,100.297,0.362401,-1,-1,-1
206,2,825.928,431.502,159.865,387.348,0.923867,-1,-1,-1
206,4,645.801,419.397,208.207,578.987,0.896001,-1,-1,-1
206,8,1001.027,444.230,102.144,323.235,0.807306,-1,-1,-1
206,11,1062.443,435.419,93.491,291.376,0.871378,-1,-1,-1
206,13,576.823,459.405,69.160,162.876,0.834678,-1,-1,-1
206,6,1183.073,448.094,43.809,102.821,0.669844,-1,-1,-1
207,2,827.410,431.656,162.501,388.154,0.913787,-1,-1,-1
207,4,650.251,418.427,205.451,581.156,0.889074,-1,-1,-1
207,8,1006.175,446.189,109.406,321.526,0.833486,-1,-1,-1
207,11,1067.770,434.515,89.297,293.741,0.870639,-1,-1,-1
207,13,578.357,455.566,69.607,166.143,0.821263,-1,-1,-1
207,6,1184.790,447.303,44.787,103.078,0.602537,-1,-1,-1
208,2,828.038,429.906,165.133,389.722,0.899792,-1,-1,-1
208,4,654.439,416.674,201.393,582.663,0.882019,-1,-1,-1
208,8,1008.870,446.183,120.328,321.665,0.821790,-1,-1,-1
208,11,1069.587,431.788,88.694,298.721,0.827798,-1,-1,-1
208,13,580.253,454.846,68.945,167.661,0.829945,-1,-1,-1
208,6,1185.262,446.748,46.689,104.565,0.673630,-1,-1,-1
209,2,831.695,431.244,162.721,387.946,0.892775,-1,-1,-1
209,4,658.695,412.422,201.017,586.621,0.872772,-1,-1,-1
209,8,1012.342,442.061,135.609,325.393,0.864922,-1,-1,-1
209,11,1071.949,430.427,90.448,300.822,0.767552,-1,-1,-1
209,13,581.465,453.485,70.039,167.309,0.812622,-1,-1,-1
209,6,1185.534,446.904,47.823,105.287,0.692432,-1,-1,-1
210,2,833.400,430.832,162.888,386.987,0.876173,-1,-1,-1
210,4,661.283,409.085,199.445,590.205,0.872248,-1,-1,-1
210,8,1015.359,443.922,147.475,323.893,0.884562,-1,-1,-1
210,11,1078.648,428.874,89.308,317.670,0.697288,-1,-1,-1
210,13,582.721,455.476,69.767,165.202,0.816640,-1,-1,-1
210,6,1186.222,447.142,48.520,105.072,0.700289,-1,-1,-1
211,2,840.518,429.003,162.119,388.891,0.896225,-1,-1,-1
211,4,665.586,407.314,199.630,591.547,0.871566,-1,-1,-1
211,8,1015.726,443.322,160.194,324.389,0.862495,-1,-1,-1
211,11,1083.376,431.707,92.053,317.233,0.600371,-1,-1,-1
211,13,584.753,455.020,70.883,166.423,0.843917,-1,-1,-1
211,6,1187.749,447.391,46.836,104.464,0.685082,-1,-1,-1
212,2,844.296,429.781,158.129,386.868,0.869650,-1,-1,-1
212,4,668.747,407.299,198.632,592.756,0.871016,-1,-1,-1
212,8,1017.939,441.729,165.062,326.346,0.833631,-1,-1,-1
212,11,1089.185,430.326,89.718,323.222,0.685037,-1,-1,-1
212,13,586.909,453.743,71.422,166.995,0.837302,-1,-1,-1
212,6,1189.633,446.851,46.439,107.284,0.712863,-1,-1,-1
213,2,853.098,429.258,157.565,389.257,0.860580,-1,-1,-1
213,4,669.856,408.057,199.109,592.785,0.874345,-1,-1,-1
213,8,1018.394,442.675,167.447,326.504,0.825453,-1,-1,-1
213,11,1093.627,431.902,89.005,305.761,0.828766,-1,-1,-1
213,13,586.802,453.138,72.696,169.785,0.843492,-1,-1,-1
213,6,1191.203,446.710,45.287,107.945,0.696803,-1,-1,-1
214,2,864.621,428.964,150.077,391.852,0.869381,-1,-1,-1
214,4,671.809,408.847,198.118,591.695,0.867502,-1,-1,-1
214,8,1019.812,447.591,168.837,320.796,0.823191,-1,-1,-1
214,11,1098.162,431.446,93.978,299.096,0.781152,-1,-1,-1
214,13,587.921,455.017,72.130,168.902,0.853401,-1,-1,-1
214,6,1193.481,447.214,44.056,108.016,0.646017,-1,-1,-1
215,2,873.338,428.579,143.065,394.159,0.857758,-1,-1,-1
215,4,673.451,409.002,200.695,591.346,0.885116,-1,-1,-1
215,8,1019.096,447.107,168.139,324.342,0.860014,-1,-1,-1
215,11,1102.998,434.878,100.708,293.724,0.750173,-1,-1,-1
215,13,590.877,454.533,71.747,169.104,0.843617,-1,-1,-1
215,6,1196.632,447.062,41.673,108.247,0.627321,-1,-1,-1
216,2,877.782,428.344,141.199,396.162,0.869087,-1,-1,-1
216,4,673.228,408.292,205.002,592.381,0.872773,-1,-1,-1
216,8,1019.015,445.294,168.532,327.003,0.881797,-1,-1,-1
216,11,1107.947,431.351,111.916,299.223,0.702568,-1,-1,-1
216,13,592.902,457.830,71.729,164.352,0.839939,-1,-1,-1
216,6,1199.833,448.495,41.460,108.936,0.667977,-1,-1,-1
217,2,882.070,427.538,136.792,397.896,0.863630,-1,-1,-1
217,4,675.558,408.701,208.661,590.085,0.874883,-1,-1,-1
217,8,1022.615,445.553,168.632,327.834,0.874040,-1,-1,-1
217,11,1108.491,429.128,123.682,301.329,0.675029,-1,-1,-1
217,13,592.500,456.680,74.248,170.140,0.841225,-1,-1,-1
217,6,1201.595,449.172,41.767,108.909,0.716151,-1,-1,-1
218,2,885.304,426.383,134.973,403.690,0.866855,-1,-1,-1
218,4,675.958,407.492,216.421,590.529,0.857937,-1,-1,-1
218,8,1026.423,449.105,166.836,323.037,0.873034,-1,-1,-1
218,11,1114.244,430.733,125.093,300.126,0.662938,-1,-1,-1
218,13,594.189,457.221,73.564,168.473,0.826717,-1,-1,-1
218,6,1202.066,449.048,43.621,108.249,0.729327,-1,-1,-1
219,2,886.992,424.710,134.086,409.960,0.889007,-1,-1,-1
219,4,677.162,406.319,222.769,592.709,0.837671,-1,-1,-1
219,8,1032.012,443.526,161.434,332.757,0.855714,-1,-1,-1
219,11,1125.982,430.207,110.717,306.322,0.615010,-1,-1,-1
219,13,595.909,458.850,70.725,170.781,0.803832,-1,-1,-1
219,6,1203.594,449.144,44.657,107.293,0.786629,-1,-1,-1
220,2,889.077,425.220,133.598,412.053,0.867524,-1,-1,-1
220,4,678.355,404.516,231.306,594.284,0.863832,-1,-1,-1
220,8,1037.120,445.921,157.808,328.211,0.875169,-1,-1,-1
220,11,1135.318,430.905,97.705,309.143,0.627081,-1,-1,-1
220,13,597.347,459.339,68.864,167.743,0.807593,-1,-1,-1
220,6,1205.022,449.438,45.367,106.941,0.671681,-1,-1,-1
221,2,892.078,426.062,132.816,412.879,0.877170,-1,-1,-1
221,4,678.925,402.013,246.761,596.149,0.881109,-1,-1,-1
221,8,1045.647,443.355,148.882,332.773,0.880301,-1,-1,-1
221,11,1141.974,431.284,86.882,298.712,0.653257,-1,-1,-1
221,13,597.549,457.696,70.392,168.381,0.822793,-1,-1,-1
221,6,1206.627,449.088,46.826,107.174,0.715149,-1,-1,-1
222,2,893.567,426.884,134.518,413.614,0.874734,-1,-1,-1
222,4,681.149,402.286,262.503,595.933,0.901596,-1,-1,-1
222,8,1056.840,440.941,137.643,336.422,0.829193,-1,-1,-1
222,11,1143.710,430.820,100.652,304.046,0.643373,-1,-1,-1
222,13,598.958,460.246,68.274,165.594,0.816625,-1,-1,-1
222,6,1207.662,447.260,48.942,107.437,0.598657,-1,-1,-1
222,14,506.952,453.186,45.743,110.923,0.698298,-1,-1,-1
223,2,896.397,428.838,134.192,412.957,0.875416,-1,-1,-1
223,4,682.857,401.847,277.833,596.021,0.924065,-1,-1,-1
223,8,1072.405,441.151,121.881,336.628,0.852587,-1,-1,-1
223,11,1152.429,432.320,83.691,300.043,0.695078,-1,-1,-1
223,13,600.262,461.268,68.690,166.829,0.794961,-1,-1,-1
223,6,1212.982,447.948,45.950,105.736,0.566211,-1,-1,-1
223,14,506.692,447.763,47.107,116.873,0.707197,-1,-1,-1
224,2,899.087,429.367,134.080,414.279,0.868893,-1,-1,-1
224,4,684.844,401.994,293.621,596.474,0.923078,-1,-1,-1
224,8,1088.241,440.432,109.882,339.487,0.857594,-1,-1,-1
224,11,1158.202,428.703,80.534,306.595,0.736793,-1,-1,-1
224,13,600.910,463.959,69.309,165.469,0.810525,-1,-1,-1
224,6,1216.856,446.451,43.491,105.384,0.406768,-1,-1,-1
224,14,506.356,445.894,48.076,119.067,0.705225,-1,-1,-1
225,2,900.680,429.613,135.541,415.576,0.864590,-1,-1,-1
225,4,686.747,400.632,309.348,598.575,0.887559,-1,-1,-1
225,8,1099.000,440.020,102.001,342.567,0.839588,-1,-1,-1
225,11,1164.670,429.409,73.838,304.693,0.758787,-1,-1,-1
225,13,603.575,462.191,66.873,168.863,0.807140,-1,-1,-1
225,6,1219.996,447.776,40.443,102.311,0.514009,-1,-1,-1
225,14,506.923,448.775,47.115,114.673,0.687090,-1,-1,-1
226,2,901.289,430.021,139.257,416.681,0.864826,-1,-1,-1
226,4,690.550,402.694,323.333,597.161,0.876608,-1,-1,-1
226,8,1104.788,440.364,104.699,345.685,0.855796,-1,-1,-1
226,11,1168.425,427.833,78.280,308.192,0.760071,-1,-1,-1
226,13,605.017,460.688,66.544,173.176,0.817262,-1,-1,-1
226,6,1221.675,448.639,38.950,99.684,0.387888,-1,-1,-1
226,14,507.168,450.182,46.516,112.504,0.676697,-1,-1,-1
227,2,902.447,430.719,142.598,417.493,0.863328,-1,-1,-1
227,4,698.378,401.940,327.976,599.157,0.866339,-1,-1,-1
227,8,1110.972,439.403,106.368,349.297,0.861708,-1,-1,-1
227,11,1170.389,427.701,82.698,310.522,0.783662,-1,-1,-1
227,13,606.650,457.226,65.412,175.983,0.801874,-1,-1,-1
227,6,1224.393,449.459,36.779,96.561,0.423081,-1,-1,-1
227,14,506.416,452.364,45.052,111.198,0.675233,-1,-1,-1
228,2,903.990,430.421,142.563,414.580,0.859830,-1,-1,-1
228,4,699.732,401.260,334.590,601.325,0.871599,-1,-1,-1
228,8,1114.602,436.307,106.607,356.662,0.936596,-1,-1,-1
228,11,1172.841,427.587,81.134,310.439,0.779777,-1,-1,-1
228,13,608.419,457.920,62.481,174.965,0.812039,-1,-1,-1
228,6,1226.676,447.896,35.866,100.606,0.573315,-1,-1,-1
228,14,505.103,456.271,45.239,108.052,0.667414,-1,-1,-1
229,2,904.247,429.579,144.623,415.573,0.869347,-1,-1,-1
229,4,704.213,402.106,339.190,600.934,0.857085,-1,-1,-1
229,8,1118.454,440.168,108.958,354.360,0.835545,-1,-1,-1
229,11,1179.495,425.794,78.617,310.862,0.795284,-1,-1,-1
229,13,609.649,457.643,61.488,178.292,0.814334,-1,-1,-1
229,6,1229.089,443.640,36.086,105.936,0.438030,-1,-1,-1
229,14,505.231,456.814,44.790,107.382,0.667651,-1,-1,-1
230,2,905.666,428.397,146.401,417.222,0.865898,-1,-1,-1
230,4,709.017,403.203,337.256,599.114,0.891009,-1,-1,-1
230,8,1122.594,444.677,115.289,349.244,0.857892,-1,-1,-1
230,11,1184.332,426.311,80.552,307.633,0.794810,-1,-1,-1
230,13,609.576,458.053,62.241,180.158,0.836057,-1,-1,-1
230,14,505.302,456.318,44.499,107.446,0.618434,-1,-1,-1
231,2,906.795,427.736,142.687,417.243,0.853816,-1,-1,-1
231,4,729.081,403.144,318.071,599.932,0.880181,-1,-1,-1
231,8,1125.118,444.464,125.670,349.325,0.857344,-1,-1,-1
231,11,1189.345,427.178,82.289,309.788,0.648560,-1,-1,-1
231,13,610.292,455.989,64.781,181.836,0.821485,-1,-1,-1
231,14,506.131,456.251,44.474,106.926,0.665911,-1,-1,-1
232,2,909.418,426.460,140.312,419.783,0.841988,-1,-1,-1
232,4,741.647,402.344,306.110,600.047,0.883090,-1,-1,-1
232,8,1126.440,444.673,137.673,351.136,0.864558,-1,-1,-1
232,11,1195.122,428.290,81.023,315.688,0.577735,-1,-1,-1
232,13,611.084,454.139,65.215,183.556,0.832137,-1,-1,-1
232,14,506.497,456.505,45.068,107.068,0.686097,-1,-1,-1
233,2,912.912,425.388,140.742,420.031,0.835422,-1,-1,-1
233,4,753.673,402.322,293.760,599.792,0.890552,-1,-1,-1
233,8,1130.293,447.221,142.809,350.630,0.861976,-1,-1,-1
233,11,1198.601,430.749,85.156,316.296,0.656750,-1,-1,-1
233,13,612.004,453.664,66.018,181.709,0.829973,-1,-1,-1
233,14,506.898,455.698,44.694,107.900,0.666087,-1,-1,-1
234,2,917.667,424.675,140.268,420.455,0.842521,-1,-1,-1
234,4,756.367,401.448,291.595,600.650,0.878209,-1,-1,-1
234,8,1132.633,445.416,145.058,357.756,0.888588,-1,-1,-1
234,11,1202.565,430.467,86.746,319.869,0.695188,-1,-1,-1
234,13,612.834,454.857,67.368,177.382,0.787743,-1,-1,-1
234,14,507.091,455.589,44.002,107.923,0.668216,-1,-1,-1
235,2,920.444,424.562,137.034,420.377,0.853600,-1,-1,-1
235,4,767.204,399.056,279.688,605.222,0.874177,-1,-1,-1
235,8,1132.101,446.145,147.991,357.108,0.881918,-1,-1,-1
235,11,1205.386,430.452,90.032,321.347,0.692973,-1,-1,-1
235,13,616.044,454.808,66.424,178.864,0.783764,-1,-1,-1
235,14,506.582,453.943,43.558,110.133,0.665138,-1,-1,-1
236,2,924.228,424.309,134.238,423.318,0.836937,-1,-1,-1
236,4,767.909,397.191,279.045,607.900,0.882815,-1,-1,-1
236,8,1132.397,445.808,147.823,355.813,0.866150,-1,-1,-1
236,11,1215.095,428.611,83.335,324.016,0.653138,-1,-1,-1
236,13,619.366,454.675,64.422,180.039,0.778820,-1,-1,-1
236,14,505.495,452.454,43.707,112.673,0.650402,-1,-1,-1
237,2,930.718,423.662,129.847,425.379,0.811794,-1,-1,-1
237,4,773.690,396.489,274.011,609.029,0.890125,-1,-1,-1
237,8,1130.921,441.711,150.110,362.265,0.859228,-1,-1,-1
237,11,1221.952,426.938,79.418,327.974,0.613337,-1,-1,-1
237,13,620.100,454.589,65.540,180.942,0.795473,-1,-1,-1
237,14,503.840,451.603,44.276,114.080,0.586323,-1,-1,-1
238,2,936.337,423.745,127.574,425.706,0.771433,-1,-1,-1
238,4,774.911,395.171,273.501,610.595,0.891223,-1,-1,-1
238,8,1133.271,442.871,149.282,359.762,0.851091,-1,-1,-1
238,11,1223.976,429.630,85.928,329.758,0.630878,-1,-1,-1
238,13,620.802,456.174,68.489,181.271,0.806948,-1,-1,-1
238,14,503.743,452.605,44.193,113.262,0.622925,-1,-1,-1
239,2,939.883,421.393,125.406,426.743,0.718770,-1,-1,-1
239,4,782.807,395.478,266.224,610.968,0.902388,-1,-1,-1
239,8,1139.643,439.271,143.942,365.895,0.841641,-1,-1,-1
239,11,1229.554,430.753,84.545,329.009,0.705572,-1,-1,-1
239,13,621.168,457.010,72.645,180.324,0.817559,-1,-1,-1
239,14,503.490,452.068,44.498,113.766,0.616224,-1,-1,-1
239,15,754.949,438.853,111.815,433.528,0.695586,-1,-1,-1
240,2,946.267,422.396,122.500,425.454,0.638143,-1,-1,-1
240,4,791.398,397.150,256.478,609.528,0.902303,-1,-1,-1
240,8,1149.195,436.562,133.196,369.500,0.786412,-1,-1,-1
240,11,1237.362,432.311,79.990,328.395,0.714996,-1,-1,-1
240,13,621.323,458.661,74.794,178.389,0.813345,-1,-1,-1
240,14,504.103,452.762,43.650,110.986,0.613458,-1,-1,-1
240,15,755.997,438.927,117.553,433.635,0.496039,-1,-1,-1
241,2,956.041,422.891,116.280,423.607,0.448851,-1,-1,-1
241,4,802.291,398.878,247.381,607.972,0.882307,-1,-1,-1
241,8,1165.652,435.797,120.844,372.664,0.800906,-1,-1,-1
241,11,1241.769,430.988,78.440,329.281,0.675799,-1,-1,-1
241,13,622.353,458.154,75.855,179.060,0.825093,-1,-1,-1
241,14,504.009,452.608,43.333,112.741,0.639989,-1,-1,-1
241,15,763.243,438.856,121.206,434.220,0.536662,-1,-1,-1
242,2,962.667,424.249,112.573,420.351,0.621506,-1,-1,-1
242,4,813.710,397.901,237.067,609.313,0.890646,-1,-1,-1
242,8,1178.363,435.242,113.087,373.736,0.851156,-1,-1,-1
242,11,1247.149,429.440,75.539,328.701,0.651957,-1,-1,-1
242,13,623.220,458.330,77.945,178.801,0.816868,-1,-1,-1
242,14,504.113,451.701,43.630,115.323,0.641863,-1,-1,-1
242,15,765.533,439.452,124.986,432.923,0.597947,-1,-1,-1
243,2,967.647,425.417,109.726,416.966,0.628007,-1,-1,-1
243,4,821.886,396.913,232.512,611.141,0.883419,-1,-1,-1
243,8,1187.288,435.458,108.007,372.016,0.845478,-1,-1,-1
243,11,1254.463,427.817,68.742,332.242,0.627736,-1,-1,-1
243,13,623.840,458.110,79.592,177.297,0.838390,-1,-1,-1
243,14,503.601,451.805,44.337,115.789,0.603773,-1,-1,-1
243,15,765.288,438.542,127.818,435.526,0.713421,-1,-1,-1
244,2,968.029,425.561,110.588,419.077,0.618343,-1,-1,-1
244,4,831.412,396.423,223.961,612.978,0.867219,-1,-1,-1
244,8,1194.495,433.267,107.036,376.868,0.850306,-1,-1,-1
244,11,1256.537,426.269,71.136,334.328,0.716733,-1,-1,-1
244,13,625.937,458.839,76.770,177.456,0.828061,-1,-1,-1
244,14,503.385,452.212,45.158,115.502,0.645093,-1,-1,-1
244,15,760.071,435.823,138.920,436.811,0.736903,-1,-1,-1
245,2,979.247,432.028,100.802,413.874,0.621270,-1,-1,-1
245,4,843.393,392.221,213.351,623.051,0.859779,-1,-1,-1
245,8,1199.505,432.733,112.517,376.985,0.843648,-1,-1,-1
245,11,1261.554,423.647,72.802,336.808,0.662851,-1,-1,-1
245,13,625.031,456.880,80.904,179.761,0.828921,-1,-1,-1
245,14,502.742,453.383,46.077,114.285,0.637942,-1,-1,-1
245,15,767.029,436.080,134.573,440.522,0.783850,-1,-1,-1
246,2,984.869,437.116,96.970,409.357,0.592392,-1,-1,-1
246,4,855.014,391.326,206.867,631.919,0.837889,-1,-1,-1
246,8,1205.436,432.750,112.257,377.628,0.847972,-1,-1,-1
246,11,1264.946,423.108,73.152,335.824,0.611958,-1,-1,-1
246,13,626.596,456.717,80.956,181.144,0.800612,-1,-1,-1
246,14,503.012,453.883,45.684,113.563,0.632465,-1,-1,-1
246,15,767.902,437.173,144.527,441.222,0.790234,-1,-1,-1
247,2,992.695,430.219,100.395,419.082,0.545426,-1,-1,-1
247,4,861.338,391.982,209.480,640.400,0.822019,-1,-1,-1
247,8,1208.573,433.268,118.776,376.271,0.801671,-1,-1,-1
247,11,1268.197,420.246,74.854,352.923,0.644070,-1,-1,-1
247,13,627.340,455.610,81.194,183.017,0.802241,-1,-1,-1
247,14,502.826,454.397,45.293,113.598,0.656399,-1,-1,-1
247,15,766.194,435.700,152.702,444.442,0.823568,-1,-1,-1
248,2,993.526,427.888,116.751,423.202,0.680258,-1,-1,-1
248,4,869.070,393.453,200.882,646.490,0.816849,-1,-1,-1
248,8,1213.256,433.396,133.304,375.862,0.847096,-1,-1,-1
248,13,630.014,454.767,78.631,184.904,0.766890,-1,-1,-1
248,14,503.759,456.204,44.001,112.425,0.689656,-1,-1,-1
248,15,774.201,434.989,151.093,445.600,0.841476,-1,-1,-1
249,2,993.473,428.835,128.727,424.432,0.696495,-1,-1,-1
249,4,876.820,395.881,199.150,651.697,0.792258,-1,-1,-1
249,8,1217.151,433.714,153.611,377.021,0.846690,-1,-1,-1
249,13,634.648,454.641,73.485,184.887,0.764334,-1,-1,-1
249,14,503.403,455.548,44.802,112.996,0.673445,-1,-1,-1
249,15,778.632,433.904,147.233,446.935,0.819680,-1,-1,-1
250,2,993.013,427.712,135.193,425.275,0.663313,-1,-1,-1
250,4,885.412,400.440,217.975,651.917,0.809637,-1,-1,-1
250,8,1219.530,436.975,173.235,372.088,0.867038,-1,-1,-1
250,13,638.631,453.508,72.982,182.799,0.792085,-1,-1,-1
250,14,504.188,451.937,45.408,116.608,0.662226,-1,-1,-1
250,15,771.525,433.742,156.268,450.533,0.824409,-1,-1,-1
251,2,993.869,428.306,139.219,425.776,0.656513,-1,-1,-1
251,4,896.377,400.823,212.930,652.561,0.831423,-1,-1,-1
251,8,1219.840,434.349,189.728,376.414,0.864433,-1,-1,-1
251,13,643.743,452.591,74.022,182.031,0.811096,-1,-1,-1
251,14,504.984,453.279,44.060,114.176,0.658695,-1,-1,-1
251,15,781.891,434.064,149.399,451.360,0.878501,-1,-1,-1
252,2,992.638,426.104,145.016,430.452,0.623640,-1,-1,-1
252,4,906.103,402.977,203.355,651.887,0.849457,-1,-1,-1
252,8,1220.381,433.422,203.626,376.243,0.890810,-1,-1,-1
252,13,646.826,452.291,71.716,183.513,0.820968,-1,-1,-1
252,14,504.476,452.917,44.824,114.338,0.673896,-1,-1,-1
252,15,787.501,434.964,148.588,449.988,0.845334,-1,-1,-1
253,4,914.179,399.814,203.820,656.270,0.859351,-1,-1,-1
253,8,1220.260,430.159,213.103,379.798,0.910161,-1,-1,-1
253,13,649.489,450.241,71.410,185.986,0.795683,-1,-1,-1
253,14,504.764,452.842,45.098,113.584,0.667835,-1,-1,-1
253,15,786.339,434.787,151.428,448.944,0.802184,-1,-1,-1
254,4,920.814,401.114,204.169,653.141,0.890481,-1,-1,-1
254,8,1219.548,430.804,217.954,379.757,0.915118,-1,-1,-1
254,13,652.201,450.265,70.616,185.210,0.828083,-1,-1,-1
254,14,505.566,453.242,44.225,112.958,0.668468,-1,-1,-1
254,15,794.710,433.608,143.795,451.243,0.770611,-1,-1,-1
255,4,924.858,400.648,204.025,653.851,0.892525,-1,-1,-1
255,8,1219.505,430.675,221.764,381.803,0.917578,-1,-1,-1
255,13,655.097,449.153,70.613,190.063,0.790330,-1,-1,-1
255,14,506.286,452.041,44.080,113.178,0.689338,-1,-1,-1
255,15,795.298,432.454,142.474,453.487,0.727358,-1,-1,-1
255,16,1821.319,389.538,98.690,395.971,0.769950,-1,-1,-1
256,4,929.326,400.754,202.858,653.604,0.897280,-1,-1,-1
256,8,1221.248,433.661,222.575,380.469,0.912126,-1,-1,-1
256,13,656.129,450.192,71.796,190.540,0.809462,-1,-1,-1
256,14,506.656,451.419,43.942,113.380,0.669400,-1,-1,-1
256,15,799.424,431.826,139.983,459.964,0.743098,-1,-1,-1
256,16,1813.623,393.607,106.407,392.114,0.789093,-1,-1,-1
257,4,931.728,399.285,210.390,653.570,0.894843,-1,-1,-1
257,8,1227.866,435.778,216.429,380.279,0.905712,-1,-1,-1
257,13,655.678,449.374,75.190,191.369,0.812533,-1,-1,-1
257,14,506.328,451.980,44.482,114.591,0.672986,-1,-1,-1
257,15,800.904,432.407,140.263,467.684,0.755286,-1,-1,-1
257,16,1802.054,391.642,117.866,397.752,0.760698,-1,-1,-1
258,4,933.009,396.903,220.236,656.032,0.894714,-1,-1,-1
258,8,1235.277,434.510,209.422,381.427,0.913302,-1,-1,-1
258,13,656.655,449.846,75.899,192.320,0.818784,-1,-1,-1
258,14,506.290,454.818,44.272,112.745,0.644758,-1,-1,-1
258,15,804.846,432.796,137.248,473.070,0.760391,-1,-1,-1
258,16,1797.484,395.290,121.933,394.557,0.837561,-1,-1,-1
259,4,934.589,394.723,223.282,657.409,0.842717,-1,-1,-1
259,8,1244.556,431.413,200.352,386.073,0.888774,-1,-1,-1
259,13,657.791,449.967,77.497,194.147,0.820704,-1,-1,-1
259,14,506.439,454.868,44.437,113.587,0.654671,-1,-1,-1
259,15,796.171,431.062,148.244,479.425,0.751234,-1,-1,-1
259,16,1779.804,399.007,138.980,386.843,0.819961,-1,-1,-1
260,4,935.273,394.495,220.426,658.013,0.808272,-1,-1,-1
260,8,1257.138,429.971,189.019,387.531,0.867955,-1,-1,-1
260,13,659.442,451.539,76.898,191.579,0.842756,-1,-1,-1
260,14,506.159,455.098,44.945,113.829,0.683716,-1,-1,-1
260,15,779.946,431.545,165.511,483.330,0.760485,-1,-1,-1
260,16,1753.459,399.270,163.230,381.511,0.853702,-1,-1,-1
261,4,936.373,397.533,205.032,652.237,0.854050,-1,-1,-1
261,8,1270.807,426.906,176.086,391.300,0.824155,-1,-1,-1
261,13,661.182,453.251,76.885,191.155,0.883579,-1,-1,-1
261,14,506.531,455.062,45.067,114.415,0.688327,-1,-1,-1
261,15,771.946,431.854,175.298,487.508,0.780384,-1,-1,-1
261,16,1717.145,396.174,201.318,380.925,0.894057,-1,-1,-1
262,4,936.142,397.781,202.647,653.100,0.866628,-1,-1,-1
262,8,1285.233,427.476,166.597,395.988,0.827870,-1,-1,-1
262,13,663.030,455.216,76.157,186.760,0.846374,-1,-1,-1
262,14,506.796,456.883,44.924,112.303,0.691292,-1,-1,-1
262,15,774.861,432.262,176.099,489.872,0.784506,-1,-1,-1
262,16,1688.631,399.752,229.441,372.812,0.920405,-1,-1,-1
263,4,937.277,397.127,201.739,654.663,0.834065,-1,-1,-1
263,8,1309.484,429.094,144.308,396.263,0.839265,-1,-1,-1
263,13,665.563,456.663,75.169,183.685,0.818774,-1,-1,-1
263,14,506.758,457.240,45.351,112.115,0.693737,-1,-1,-1
263,15,783.827,432.326,168.440,490.880,0.794213,-1,-1,-1
263,16,1672.194,407.387,246.213,362.487,0.931165,-1,-1,-1
264,4,938.295,397.161,202.381,655.200,0.850077,-1,-1,-1
264,8,1324.721,425.291,136.630,402.004,0.880075,-1,-1,-1
264,13,667.972,456.537,74.212,184.159,0.816317,-1,-1,-1
264,14,507.006,458.314,44.733,110.049,0.673161,-1,-1,-1
264,15,779.399,431.758,172.554,491.763,0.807882,-1,-1,-1
264,16,1658.702,411.563,258.158,356.977,0.900394,-1,-1,-1
265,4,940.898,397.059,199.872,654.470,0.833965,-1,-1,-1
265,8,1332.044,424.319,136.025,405.673,0.860261,-1,-1,-1
265,13,670.228,457.655,75.508,186.719,0.863699,-1,-1,-1
265,14,507.292,458.271,44.570,110.149,0.672256,-1,-1,-1
265,15,777.694,431.522,173.738,492.876,0.813770,-1,-1,-1
265,16,1649.090,412.782,264.843,357.376,0.905664,-1,-1,-1
266,4,942.986,398.914,202.572,652.793,0.840556,-1,-1,-1
266,8,1337.703,423.730,137.436,411.964,0.855772,-1,-1,-1
266,13,670.216,453.138,79.168,193.086,0.832957,-1,-1,-1
266,14,506.804,457.636,45.024,109.821,0.650833,-1,-1,-1
266,15,783.631,431.243,168.609,494.055,0.798276,-1,-1,-1
266,16,1645.370,416.122,258.412,357.183,0.888519,-1,-1,-1
267,4,945.742,400.272,203.638,651.636,0.819137,-1,-1,-1
267,8,1347.279,423.890,136.288,413.245,0.865013,-1,-1,-1
267,13,669.489,450.560,80.901,196.719,0.830903,-1,-1,-1
267,14,506.443,457.303,45.303,109.850,0.685686,-1,-1,-1
267,15,795.545,431.270,160.149,493.786,0.793726,-1,-1,-1
267,16,1642.599,413.719,244.110,351.353,0.883016,-1,-1,-1
268,4,948.613,401.528,199.385,651.407,0.824746,-1,-1,-1
268,8,1352.152,429.145,143.802,411.210,0.849185,-1,-1,-1
268,13,670.914,450.532,80.889,198.078,0.818296,-1,-1,-1
268,14,504.464,456.159,47.277,110.358,0.662049,-1,-1,-1
268,15,785.049,431.248,168.466,493.771,0.835474,-1,-1,-1
268,16,1639.357,415.920,224.413,347.687,0.888510,-1,-1,-1
268,17,1117.121,440.133,47.268,116.878,0.749338,-1,-1,-1
269,4,950.533,401.959,200.231,650.221,0.838114,-1,-1,-1
269,8,1354.571,429.226,166.103,412.633,0.856925,-1,-1,-1
269,13,670.175,453.237,83.404,193.850,0.800180,-1,-1,-1
269,14,503.521,456.995,48.018,109.907,0.686424,-1,-1,-1
269,15,781.592,429.981,170.582,494.435,0.841497,-1,-1,-1
269,16,1642.873,415.632,196.956,347.558,0.841635,-1,-1,-1
269,17,1118.565,441.306,45.516,115.422,0.711603,-1,-1,-1
270,4,951.074,401.561,197.815,651.254,0.839571,-1,-1,-1
270,8,1357.513,428.889,184.963,413.135,0.893181,-1,-1,-1
270,13,671.696,454.567,82.773,191.815,0.801969,-1,-1,-1
270,14,503.793,457.386,47.935,109.296,0.679275,-1,-1,-1
270,15,781.476,429.828,171.411,494.120,0.821554,-1,-1,-1
270,16,1642.061,415.384,168.722,344.101,0.868449,-1,-1,-1
270,17,1120.318,439.975,43.186,114.234,0.667868,-1,-1,-1
271,4,952.790,399.969,196.337,652.322,0.834238,-1,-1,-1
271,8,1358.618,428.927,200.263,414.106,0.889903,-1,-1,-1
271,13,678.679,454.636,76.246,191.016,0.780148,-1,-1,-1
271,14,504.463,457.671,46.074,108.800,0.660459,-1,-1,-1
271,15,781.855,429.459,171.941,494.597,0.833253,-1,-1,-1
271,16,1644.066,411.271,138.295,346.593,0.816202,-1,-1,-1
271,17,1121.778,438.242,42.505,113.567,0.531142,-1,-1,-1
272,4,954.746,399.102,193.068,653.525,0.851358,-1,-1,-1
272,8,1360.536,430.528,210.824,414.607,0.900685,-1,-1,-1
272,13,683.427,454.052,77.112,193.343,0.783706,-1,-1,-1
272,14,504.457,457.743,47.508,108.453,0.687138,-1,-1,-1
272,15,782.406,428.744,172.128,495.825,0.846232,-1,-1,-1
272,16,1636.213,408.306,111.951,348.263,0.797320,-1,-1,-1
272,17,1123.403,436.355,41.614,112.764,0.503100,-1,-1,-1
273,4,957.449,396.851,188.621,654.322,0.863879,-1,-1,-1
273,8,1362.021,430.759,216.887,417.740,0.912651,-1,-1,-1
273,13,683.710,452.270,79.472,195.758,0.777630,-1,-1,-1
273,14,504.069,458.516,48.054,108.134,0.687433,-1,-1,-1
273,15,782.535,428.265,171.860,496.255,0.859120,-1,-1,-1
273,16,1628.401,406.537,107.049,349.143,0.778983,-1,-1,-1
273,17,1124.654,436.109,44.560,112.954,0.488392,-1,-1,-1
274,4,959.495,395.777,186.545,654.194,0.861765,-1,-1,-1
274,8,1362.974,431.629,220.662,420.577,0.913897,-1,-1,-1
274,13,686.118,452.553,78.759,195.492,0.769787,-1,-1,-1
274,14,503.810,457.967,48.836,109.117,0.700665,-1,-1,-1
274,15,785.178,428.336,170.479,496.283,0.839740,-1,-1,-1
274,16,1616.201,406.249,108.493,347.716,0.797035,-1,-1,-1
274,17,1125.374,435.828,49.679,113.673,0.398784,-1,-1,-1
275,4,961.440,394.046,182.971,656.738,0.861960,-1,-1,-1
275,8,1368.239,431.967,216.660,423.768,0.915071,-1,-1,-1
275,13,693.245,452.400,76.765,194.493,0.744922,-1,-1,-1
275,14,503.475,457.416,49.118,109.622,0.712012,-1,-1,-1
275,15,785.932,428.337,173.898,495.668,0.853400,-1,-1,-1
275,16,1589.433,411.926,130.127,340.843,0.827629,-1,-1,-1
276,4,963.345,393.364,182.561,658.365,0.848870,-1,-1,-1
276,8,1371.988,431.918,212.744,423.953,0.911267,-1,-1,-1
276,13,697.723,452.715,74.866,193.882,0.760574,-1,-1,-1
276,14,503.317,457.909,48.344,108.994,0.697670,-1,-1,-1
276,15,786.074,427.374,174.703,496.008,0.867314,-1,-1,-1
276,16,1563.876,416.765,153.942,335.033,0.869673,-1,-1,-1
277,4,964.601,391.437,188.817,660.642,0.850959,-1,-1,-1
277,8,1375.296,428.701,209.885,428.724,0.893072,-1,-1,-1
277,13,698.289,453.400,78.208,193.451,0.781393,-1,-1,-1
277,14,503.116,459.223,47.968,107.555,0.696177,-1,-1,-1
277,15,785.812,425.911,177.634,497.202,0.864552,-1,-1,-1
277,16,1543.261,416.400,174.134,336.816,0.860909,-1,-1,-1
278,4,966.510,390.303,189.493,661.624,0.854526,-1,-1,-1
278,8,1383.032,427.438,205.044,431.983,0.848216,-1,-1,-1
278,13,700.258,452.964,82.321,195.386,0.815851,-1,-1,-1
278,14,503.262,460.072,46.925,106.683,0.696820,-1,-1,-1
278,15,786.582,424.687,178.173,498.528,0.861248,-1,-1,-1
278,16,1531.264,416.587,184.499,334.493,0.906803,-1,-1,-1
279,4,969.544,390.681,189.070,660.231,0.829924,-1,-1,-1
279,8,1391.109,425.468,195.145,434.292,0.797989,-1,-1,-1
279,13,701.970,451.632,86.148,199.141,0.807161,-1,-1,-1
279,14,502.369,457.243,48.338,108.245,0.673728,-1,-1,-1
279,15,787.582,423.908,178.929,498.992,0.862736,-1,-1,-1
279,16,1526.318,418.550,186.076,333.748,0.883877,-1,-1,-1
280,4,971.926,391.024,187.714,659.270,0.820286,-1,-1,-1
280,8,1423.380,421.825,170.023,439.955,0.782002,-1,-1,-1
280,13,703.768,451.494,87.972,199.805,0.825339,-1,-1,-1
280,14,502.355,456.680,48.771,108.753,0.678651,-1,-1,-1
280,15,788.273,422.846,185.960,500.210,0.864053,-1,-1,-1
280,16,1534.538,417.426,172.786,332.455,0.835626,-1,-1,-1
281,4,974.161,391.902,183.334,658.822,0.837595,-1,-1,-1
281,8,1441.069,419.197,152.825,443.965,0.755414,-1,-1,-1
281,13,704.891,453.396,90.936,197.320,0.795987,-1,-1,-1
281,14,502.395,456.485,48.754,108.759,0.678493,-1,-1,-1
281,15,791.631,423.075,189.487,500.243,0.872313,-1,-1,-1
281,16,1534.084,412.643,164.824,342.003,0.800201,-1,-1,-1
282,4,975.990,392.826,183.725,658.024,0.846300,-1,-1,-1
282,8,1456.090,421.133,141.997,443.852,0.753829,-1,-1,-1
282,13,707.579,454.169,92.010,195.462,0.831082,-1,-1,-1
282,14,502.918,456.172,48.154,109.083,0.660794,-1,-1,-1
282,15,791.485,423.497,197.158,500.970,0.889653,-1,-1,-1
282,16,1533.180,416.502,149.106,335.855,0.566073,-1,-1,-1
282,18,671.669,486.303,51.368,117.232,0.694699,-1,-1,-1
283,4,980.065,393.112,185.870,658.023,0.850070,-1,-1,-1
283,8,1457.778,417.373,164.122,445.141,0.771133,-1,-1,-1
283,13,709.709,454.138,92.188,195.368,0.848134,-1,-1,-1
283,14,502.981,456.361,47.776,108.917,0.684829,-1,-1,-1
283,15,791.993,422.926,207.110,502.162,0.891246,-1,-1,-1
283,16,1536.642,413.978,110.828,303.731,0.534123,-1,-1,-1
283,18,672.099,486.460,52.806,118.111,0.690947,-1,-1,-1
284,4,983.710,395.119,185.127,655.863,0.825736,-1,-1,-1
284,8,1472.896,422.054,160.398,439.621,0.848940,-1,-1,-1
284,13,712.546,454.439,90.922,195.578,0.843024,-1,-1,-1
284,14,503.007,456.746,47.491,109.234,0.714185,-1,-1,-1
284,15,795.827,421.723,212.141,503.736,0.890803,-1,-1,-1
284,18,671.482,483.381,53.782,121.221,0.684690,-1,-1,-1
285,4,985.468,396.702,182.057,655.269,0.797279,-1,-1,-1
285,8,1482.346,423.411,158.287,436.229,0.840859,-1,-1,-1
285,13,713.930,453.983,92.776,197.012,0.830341,-1,-1,-1
285,14,502.468,457.637,48.100,108.942,0.709651,-1,-1,-1
285,15,799.680,420.490,214.763,505.630,0.891730,-1,-1,-1
285,18,671.184,482.502,54.594,122.232,0.728825,-1,-1,-1
286,4,989.285,399.414,181.352,653.644,0.796540,-1,-1,-1
286,8,1493.965,430.006,163.764,431.558,0.871654,-1,-1,-1
286,13,715.549,452.998,94.231,198.176,0.833232,-1,-1,-1
286,14,502.314,457.721,48.178,108.789,0.705768,-1,-1,-1
286,15,802.895,419.376,219.718,506.931,0.894353,-1,-1,-1
286,18,670.980,482.287,55.033,122.472,0.731603,-1,-1,-1
286,16,1471.350,415.604,82.089,366.258,0.609820,-1,-1,-1
287,4,991.332,402.658,183.112,650.676,0.815318,-1,-1,-1
287,8,1501.399,430.510,183.883,431.842,0.897006,-1,-1,-1
287,13,718.844,453.792,92.108,196.584,0.821767,-1,-1,-1
287,14,501.255,457.018,48.743,110.039,0.678907,-1,-1,-1
287,15,804.615,419.788,220.612,506.278,0.902566,-1,-1,-1
287,18,669.964,483.055,56.521,119.701,0.731763,-1,-1,-1
287,16,1468.199,414.934,88.517,376.771,0.464324,-1,-1,-1
288,4,994.378,402.410,182.310,650.987,0.760558,-1,-1,-1
288,8,1502.630,429.907,207.677,433.747,0.913500,-1,-1,-1
288,13,720.925,447.944,91.999,203.457,0.831129,-1,-1,-1
288,14,500.584,458.659,49.029,108.498,0.677248,-1,-1,-1
288,15,808.702,420.292,219.029,505.803,0.881107,-1,-1,-1
288,18,669.853,481.813,56.854,120.807,0.700949,-1,-1,-1
288,16,1471.588,412.224,88.450,382.905,0.550610,-1,-1,-1
288,17,1148.304,444.294,43.429,112.827,0.602135,-1,-1,-1
289,4,996.149,404.519,195.335,649.165,0.723692,-1,-1,-1
289,8,1503.295,431.826,230.387,433.423,0.922096,-1,-1,-1
289,13,725.310,446.854,89.150,205.050,0.823118,-1,-1,-1
289,14,500.923,458.680,48.575,108.977,0.684594,-1,-1,-1
289,15,812.990,420.707,216.904,507.744,0.884599,-1,-1,-1
289,18,669.737,482.313,59.711,123.824,0.734117,-1,-1,-1
289,16,1461.097,410.173,92.406,352.765,0.545924,-1,-1,-1
289,17,1149.788,445.477,43.405,110.732,0.637922,-1,-1,-1
290,4,999.326,402.199,184.176,652.344,0.805642,-1,-1,-1
290,8,1503.515,424.460,247.704,446.614,0.924101,-1,-1,-1
290,13,729.305,447.567,85.848,204.241,0.840961,-1,-1,-1
290,14,501.467,458.260,48.254,108.879,0.701814,-1,-1,-1
290,15,820.258,421.489,210.504,506.390,0.887330,-1,-1,-1
290,18,670.773,481.483,59.670,126.221,0.699379,-1,-1,-1
290,16,1439.918,408.531,128.064,377.506,0.488433,-1,-1,-1
290,17,1151.942,445.778,42.573,108.808,0.484669,-1,-1,-1
291,4,1001.514,400.142,177.737,654.246,0.791855,-1,-1,-1
291,8,1502.427,423.664,258.315,450.485,0.926756,-1,-1,-1
291,13,733.007,447.327,84.170,205.022,0.860564,-1,-1,-1
291,14,503.147,457.765,46.706,107.876,0.675527,-1,-1,-1
291,15,825.852,421.700,205.211,505.719,0.888870,-1,-1,-1
291,18,671.583,479.760,60.070,128.106,0.682068,-1,-1,-1
291,16,1420.311,410.086,152.396,353.574,0.640607,-1,-1,-1
291,17,1154.004,446.084,41.957,108.875,0.458438,-1,-1,-1
292,4,1002.864,399.947,174.772,654.502,0.821267,-1,-1,-1
292,8,1502.218,427.976,263.304,447.584,0.918710,-1,-1,-1
292,13,740.468,446.172,80.384,204.300,0.824916,-1,-1,-1
292,14,503.672,457.212,46.612,107.579,0.683471,-1,-1,-1
292,15,827.672,421.576,202.339,504.282,0.915986,-1,-1,-1
292,18,672.039,480.237,60.211,127.357,0.645868,-1,-1,-1
292,16,1405.087,422.869,167.866,336.841,0.411605,-1,-1,-1
292,17,1155.483,442.839,41.953,111.713,0.478962,-1,-1,-1
293,4,1003.203,400.019,182.122,655.169,0.773206,-1,-1,-1
293,8,1502.497,431.075,271.333,446.931,0.911239,-1,-1,-1
293,13,742.807,446.264,81.735,201.962,0.832428,-1,-1,-1
293,14,503.471,457.211,47.139,108.754,0.722487,-1,-1,-1
293,15,830.017,421.162,199.297,503.632,0.916857,-1,-1,-1
293,18,672.674,477.407,61.022,130.306,0.609887,-1,-1,-1
293,16,1397.716,430.536,155.707,296.680,0.741794,-1,-1,-1
293,17,1156.221,441.017,43.474,112.007,0.605841,-1,-1,-1
294,4,1004.024,401.456,187.853,651.667,0.803668,-1,-1,-1
294,8,1501.184,430.358,274.417,446.391,0.916120,-1,-1,-1
294,13,747.148,445.356,82.255,203.084,0.831522,-1,-1,-1
294,14,503.641,456.147,46.979,108.761,0.689216,-1,-1,-1
294,15,834.148,421.144,194.946,502.978,0.911243,-1,-1,-1
294,18,672.623,476.933,60.784,130.872,0.671599,-1,-1,-1
294,16,1393.200,431.767,152.384,286.136,0.857902,-1,-1,-1
294,17,1158.128,440.472,43.361,112.738,0.653608,-1,-1,-1
295,4,1004.736,402.220,196.093,650.381,0.785292,-1,-1,-1
295,8,1501.607,428.258,273.508,451.743,0.894784,-1,-1,-1
295,13,750.043,443.995,83.484,204.283,0.802523,-1,-1,-1
295,14,503.920,456.410,46.770,108.342,0.685119,-1,-1,-1
295,15,836.660,420.406,192.485,504.568,0.905037,-1,-1,-1
295,18,672.627,477.338,59.734,131.274,0.691596,-1,-1,-1
295,16,1389.565,430.784,160.529,284.867,0.875463,-1,-1,-1
295,17,1160.066,442.507,42.514,110.454,0.629414,-1,-1,-1
296,4,1005.187,400.834,198.827,651.714,0.762897,-1,-1,-1
296,8,1517.317,432.017,255.778,450.087,0.866131,-1,-1,-1
296,13,751.041,443.774,83.697,205.952,0.807326,-1,-1,-1
296,14,504.625,456.068,45.261,107.460,0.629233,-1,-1,-1
296,15,840.058,420.686,189.374,505.485,0.899484,-1,-1,-1
296,18,673.121,481.271,57.780,127.510,0.700959,-1,-1,-1
296,16,1386.721,428.939,164.994,285.432,0.863705,-1,-1,-1
296,17,1161.732,444.918,42.655,108.018,0.585525,-1,-1,-1
297,4,1005.483,402.730,197.988,646.711,0.751056,-1,-1,-1
297,8,1522.853,431.998,252.317,451.928,0.830246,-1,-1,-1
297,13,755.236,443.994,81.067,209.923,0.824634,-1,-1,-1
297,14,504.765,454.923,44.902,107.968,0.637316,-1,-1,-1
297,15,842.793,419.472,186.492,507.562,0.899566,-1,-1,-1
297,18,673.577,483.879,57.509,123.766,0.712674,-1,-1,-1
297,16,1386.498,429.101,158.873,286.074,0.885233,-1,-1,-1
297,17,1161.492,445.235,45.467,107.726,0.611715,-1,-1,-1
298,4,1005.045,404.589,200.609,642.893,0.722295,-1,-1,-1
298,8,1524.173,431.150,258.101,453.359,0.687845,-1,-1,-1
298,13,757.179,446.645,81.071,207.326,0.815025,-1,-1,-1
298,14,504.337,451.383,45.682,111.447,0.665494,-1,-1,-1
298,15,846.278,419.365,181.722,509.966,0.896283,-1,-1,-1
298,18,673.790,479.013,58.762,127.595,0.696246,-1,-1,-1
298,16,1385.675,432.760,146.729,279.513,0.863561,-1,-1,-1
298,17,1162.877,445.902,48.074,106.310,0.567789,-1,-1,-1
299,4,1004.478,405.273,204.224,640.434,0.795725,-1,-1,-1
299,8,1540.792,427.579,248.298,459.495,0.834276,-1,-1,-1
299,13,760.111,447.472,83.681,205.391,0.819733,-1,-1,-1
299,14,505.065,451.381,44.775,110.986,0.593345,-1,-1,-1
299,15,848.034,418.851,178.792,512.752,0.888512,-1,-1,-1
299,18,674.413,482.819,57.425,123.317,0.719243,-1,-1,-1
299,16,1384.085,433.579,129.195,278.054,0.882654,-1,-1,-1
299,17,1165.278,445.853,48.043,106.374,0.500337,-1,-1,-1
300,4,1005.281,404.680,207.026,637.388,0.802451,-1,-1,-1
300,8,1565.382,422.320,228.924,464.863,0.843009,-1,-1,-1
300,13,763.148,449.139,81.575,204.293,0.828127,-1,-1,-1
300,14,506.009,455.770,42.920,106.979,0.556450,-1,-1,-1
300,15,849.790,418.692,176.946,515.391,0.888216,-1,-1,-1
300,18,675.654,482.404,57.320,124.218,0.711213,-1,-1,-1
300,16,1384.333,430.415,110.084,280.370,0.842671,-1,-1,-1
300,17,1166.149,444.934,51.112,107.898,0.589659,-1,-1,-1
301,4,1005.537,403.665,210.045,633.798,0.833577,-1,-1,-1
301,8,1599.579,414.837,202.615,472.364,0.831134,-1,-1,-1
301,13,766.729,451.035,80.506,205.172,0.828813,-1,-1,-1
301,14,506.665,456.931,41.976,105.697,0.587342,-1,-1,-1
301,15,852.316,418.188,174.763,522.175,0.875217,-1,-1,-1
301,18,675.541,483.239,57.230,124.258,0.744865,-1,-1,-1
301,16,1380.423,426.464,96.430,282.826,0.852329,-1,-1,-1
301,17,1165.784,445.759,53.616,107.456,0.535869,-1,-1,-1
302,4,1005.645,403.906,212.125,629.417,0.812416,-1,-1,-1
302,8,1627.482,412.249,182.885,475.465,0.837954,-1,-1,-1
302,13,768.082,451.614,82.612,205.434,0.850303,-1,-1,-1
302,14,506.852,459.764,40.520,104.183,0.563631,-1,-1,-1
302,15,854.927,417.333,171.938,530.534,0.869735,-1,-1,-1
302,18,675.633,483.801,56.700,123.085,0.728044,-1,-1,-1
302,16,1369.105,426.329,93.848,282.644,0.857397,-1,-1,-1
302,17,1170.906,447.098,50.128,106.096,0.632322,-1,-1,-1
303,4,1006.135,405.375,220.553,623.391,0.785076,-1,-1,-1
303,8,1646.136,407.497,174.446,487.776,0.881638,-1,-1,-1
303,13,770.613,451.109,82.547,205.975,0.847988,-1,-1,-1
303,14,506.440,460.286,40.621,102.946,0.510091,-1,-1,-1
303,15,856.520,417.140,169.481,537.121,0.861730,-1,-1,-1
303,18,675.578,485.034,56.240,122.177,0.695592,-1,-1,-1
303,16,1355.279,420.741,98.079,287.028,0.872190,-1,-1,-1
303,17,1172.345,446.597,49.680,106.064,0.664803,-1,-1,-1
304,4,1006.260,402.788,220.726,623.744,0.808294,-1,-1,-1
304,8,1654.964,406.900,171.697,494.809,0.853520,-1,-1,-1
304,13,772.100,451.474,85.182,203.777,0.887131,-1,-1,-1
304,14,504.149,460.532,42.281,102.444,0.567987,-1,-1,-1
304,15,858.466,416.506,166.660,538.626,0.860250,-1,-1,-1
304,18,675.706,486.754,55.739,120.072,0.716568,-1,-1,-1
304,16,1340.463,423.277,105.359,283.833,0.843801,-1,-1,-1
304,17,1176.072,445.836,47.292,106.851,0.718689,-1,-1,-1
304,19,0.040,408.055,122.623,457.846,0.795267,-1,-1,-1
305,4,1005.855,401.704,216.913,623.631,0.843531,-1,-1,-1
305,8,1664.071,406.697,169.813,502.908,0.877037,-1,-1,-1
305,13,773.437,453.430,85.928,202.035,0.882136,-1,-1,-1
305,14,503.889,460.285,41.954,102.733,0.580505,-1,-1,-1
305,15,860.040,415.963,164.537,539.962,0.858806,-1,-1,-1
305,18,674.986,487.558,56.221,119.152,0.703799,-1,-1,-1
305,16,1327.484,421.285,115.960,285.913,0.839315,-1,-1,-1
305,17,1178.292,445.380,47.039,107.602,0.766616,-1,-1,-1
305,19,0.020,419.396,124.168,447.817,0.756319,-1,-1,-1
306,4,1006.519,403.258,217.465,620.858,0.859926,-1,-1,-1
306,8,1670.658,408.941,191.126,507.250,0.866973,-1,-1,-1
306,13,775.842,454.922,84.374,200.908,0.867146,-1,-1,-1
306,14,502.899,459.905,43.010,103.484,0.651525,-1,-1,-1
306,15,863.322,415.970,162.913,541.890,0.862206,-1,-1,-1
306,18,675.103,487.661,56.356,118.325,0.691356,-1,-1,-1
306,16,1314.851,423.242,127.451,282.907,0.877150,-1,-1,-1
306,17,1180.630,445.099,46.455,107.960,0.788778,-1,-1,-1
306,19,0.083,410.765,125.966,456.211,0.794061,-1,-1,-1
306,20,1609.161,408.890,112.712,406.848,0.780350,-1,-1,-1
307,4,1008.022,403.109,219.993,619.109,0.878763,-1,-1,-1
307,8,1673.735,410.142,222.093,512.031,0.871452,-1,-1,-1
307,13,778.953,453.157,83.708,203.381,0.838433,-1,-1,-1
307,14,501.454,459.294,44.018,104.237,0.645633,-1,-1,-1
307,15,865.551,415.619,161.554,542.848,0.869994,-1,-1,-1
307,18,674.745,486.633,57.355,119.202,0.667029,-1,-1,-1
307,16,1305.562,425.658,135.896,280.411,0.858215,-1,-1,-1
307,17,1183.370,445.699,45.000,106.641,0.777405,-1,-1,-1
307,19,0.047,403.349,123.449,462.930,0.781664,-1,-1,-1
307,20,1612.562,408.590,117.235,406.588,0.710394,-1,-1,-1
308,4,1007.914,401.626,227.503,616.865,0.893136,-1,-1,-1
308,8,1674.770,413.851,236.841,503.209,0.864082,-1,-1,-1
308,13,782.221,450.785,80.819,205.952,0.828551,-1,-1,-1
308,14,500.001,459.123,45.281,104.796,0.668784,-1,-1,-1
308,15,867.214,414.742,161.296,543.561,0.869819,-1,-1,-1
308,18,675.198,485.869,57.110,120.012,0.611249,-1,-1,-1
308,16,1297.346,427.032,143.984,278.648,0.876650,-1,-1,-1
308,17,1185.420,446.165,45.673,106.565,0.778861,-1,-1,-1
308,19,0.061,394.241,126.050,474.044,0.796988,-1,-1,-1
308,20,1615.353,408.333,127.970,406.073,0.723813,-1,-1,-1
309,4,1009.148,401.013,234.567,613.896,0.899134,-1,-1,-1
309,8,1674.281,416.247,245.188,502.544,0.896728,-1,-1,-1
309,13,787.022,449.477,79.731,207.536,0.872634,-1,-1,-1
309,14,497.600,458.723,47.277,105.466,0.690126,-1,-1,-1
309,15,868.876,415.699,160.002,541.967,0.876453,-1,-1,-1
309,18,674.456,484.441,57.901,122.279,0.593349,-1,-1,-1
309,16,1292.618,429.591,145.921,273.912,0.895270,-1,-1,-1
309,17,1186.842,445.580,46.264,108.621,0.785616,-1,-1,-1
309,19,0.005,394.396,125.920,474.486,0.801717,-1,-1,-1
309,20,1613.446,405.311,145.877,411.588,0.687019,-1,-1,-1
310,4,1010.251,400.141,239.870,613.635,0.895659,-1,-1,-1
310,8,1673.863,417.808,250.503,505.096,0.920870,-1,-1,-1
310,13,790.763,447.917,81.357,211.033,0.833496,-1,-1,-1
310,14,493.700,457.944,51.020,106.850,0.713931,-1,-1,-1
310,15,868.482,417.305,160.498,539.747,0.878373,-1,-1,-1
310,18,672.970,482.892,58.742,124.825,0.657938,-1,-1,-1
310,16,1288.622,430.324,143.026,272.692,0.893777,-1,-1,-1
310,17,1187.231,445.947,46.704,108.442,0.776578,-1,-1,-1
310,19,0.218,393.112,122.628,473.159,0.807570,-1,-1,-1
310,20,1615.358,407.570,148.620,409.184,0.728371,-1,-1,-1
311,4,1009.837,400.436,244.037,612.258,0.893193,-1,-1,-1
311,8,1672.725,418.058,253.149,514.030,0.934041,-1,-1,-1
311,13,793.367,445.937,82.113,213.033,0.887208,-1,-1,-1
311,14,494.151,457.243,50.527,106.694,0.691952,-1,-1,-1
311,15,867.520,417.287,162.195,540.070,0.880448,-1,-1,-1
311,18,672.897,485.088,57.706,122.029,0.647194,-1,-1,-1
311,16,1286.897,429.844,135.531,269.591,0.816026,-1,-1,-1
311,17,1187.956,444.670,47.041,109.854,0.778269,-1,-1,-1
311,19,-0.041,391.074,120.831,478.100,0.870630,-1,-1,-1
311,20,1614.439,408.471,159.354,406.949,0.753524,-1,-1,-1
312,4,1010.777,399.109,245.932,613.211,0.879482,-1,-1,-1
312,8,1674.260,422.025,251.483,514.331,0.905578,-1,-1,-1
312,13,795.234,445.805,83.556,212.398,0.840375,-1,-1,-1
312,14,493.592,456.771,50.812,106.432,0.714359,-1,-1,-1
312,15,866.944,416.055,164.150,539.970,0.872868,-1,-1,-1
312,18,672.940,487.493,56.767,118.058,0.715481,-1,-1,-1
312,16,1287.956,428.030,118.209,267.886,0.793358,-1,-1,-1
312,17,1188.233,444.075,48.061,109.791,0.757306,-1,-1,-1
312,19,-0.055,390.005,128.584,477.931,0.882797,-1,-1,-1
312,20,1617.299,412.132,167.107,402.160,0.724804,-1,-1,-1
312,21,733.551,470.921,49.309,128.568,0.663729,-1,-1,-1
313,4,1012.802,399.361,246.169,613.580,0.868382,-1,-1,-1
313,8,1680.120,423.989,245.315,512.834,0.894245,-1,-1,-1
313,13,796.599,444.873,86.242,212.950,0.843852,-1,-1,-1
313,14,493.237,456.907,51.095,106.121,0.724512,-1,-1,-1
313,15,865.637,415.659,167.884,539.892,0.872733,-1,-1,-1
313,18,672.346,488.247,57.360,117.840,0.676657,-1,-1,-1
313,16,1273.085,425.040,118.491,269.266,0.796936,-1,-1,-1
313,17,1188.828,441.877,50.368,114.050,0.745269,-1,-1,-1
313,19,0.858,391.137,139.142,473.762,0.871824,-1,-1,-1
313,20,1620.637,416.706,175.942,394.341,0.648184,-1,-1,-1
313,21,732.042,471.073,50.572,128.326,0.674928,-1,-1,-1
314,4,1018.857,398.247,240.724,615.475,0.879469,-1,-1,-1
314,8,1686.876,420.957,238.380,518.242,0.860921,-1,-1,-1
314,13,798.538,445.509,86.960,213.054,0.839897,-1,-1,-1
314,14,490.182,457.075,53.445,106.791,0.716153,-1,-1,-1
314,15,864.789,414.506,169.389,540.468,0.867020,-1,-1,-1
314,18,672.917,487.965,56.762,118.399,0.687783,-1,-1,-1
314,16,1265.621,423.006,111.619,270.119,0.824925,-1,-1,-1
314,17,1190.686,441.027,49.107,115.726,0.753792,-1,-1,-1
314,19,4.756,392.941,155.605,469.984,0.906128,-1,-1,-1
314,20,1622.262,416.544,186.977,396.772,0.554014,-1,-1,-1
314,21,732.575,472.277,50.432,127.248,0.675901,-1,-1,-1
314,22,377.339,462.013,46.017,118.469,0.696364,-1,-1,-1
315,4,1025.230,397.313,233.328,617.919,0.876482,-1,-1,-1
315,8,1693.604,417.164,231.247,529.008,0.680368,-1,-1,-1
315,13,799.683,445.957,87.288,212.928,0.829176,-1,-1,-1
315,14,488.773,456.658,54.390,108.316,0.727256,-1,-1,-1
315,15,863.344,414.195,173.349,541.345,0.874235,-1,-1,-1
315,18,673.329,488.373,56.266,116.797,0.699135,-1,-1,-1
315,16,1265.575,424.829,97.661,267.302,0.826764,-1,-1,-1
315,17,1191.206,441.962,48.909,115.023,0.748362,-1,-1,-1
315,19,12.581,393.060,175.533,468.250,0.905723,-1,-1,-1
315,20,1628.627,411.671,196.785,408.416,0.600073,-1,-1,-1
315,21,733.945,474.531,49.903,125.732,0.625132,-1,-1,-1
315,22,377.321,462.058,47.093,117.845,0.692390,-1,-1,-1
316,4,1028.929,397.839,227.993,617.765,0.877977,-1,-1,-1
316,8,1720.789,413.692,203.491,530.645,0.631389,-1,-1,-1
316,13,801.033,447.295,85.875,211.930,0.828882,-1,-1,-1
316,14,489.927,456.285,53.302,108.314,0.729143,-1,-1,-1
316,15,863.141,414.374,174.033,540.965,0.872694,-1,-1,-1
316,18,673.373,489.056,55.992,116.770,0.696306,-1,-1,-1
316,16,1266.631,425.859,86.911,267.022,0.822716,-1,-1,-1
316,17,1194.160,444.257,46.113,111.730,0.736404,-1,-1,-1
316,19,15.369,394.441,207.837,463.486,0.925476,-1,-1,-1
316,20,1642.172,408.882,189.813,453.867,0.610704,-1,-1,-1
316,21,733.716,474.883,50.223,125.962,0.606152,-1,-1,-1
316,22,376.970,462.216,47.750,118.174,0.648224,-1,-1,-1
317,4,1031.142,398.247,223.734,617.360,0.884769,-1,-1,-1
317,8,1731.663,413.335,191.651,530.700,0.732366,-1,-1,-1
317,13,803.797,445.391,84.589,213.235,0.786095,-1,-1,-1
317,14,489.983,456.035,53.325,108.655,0.727785,-1,-1,-1
317,15,863.181,414.344,175.521,540.263,0.869637,-1,-1,-1
317,18,673.184,488.490,55.855,117.627,0.678606,-1,-1,-1
317,16,1262.288,426.316,83.945,266.902,0.836727,-1,-1,-1
317,17,1197.017,445.807,43.920,108.212,0.702783,-1,-1,-1
317,19,16.846,393.850,237.342,462.830,0.923535,-1,-1,-1
317,20,1672.367,403.475,170.254,467.750,0.666054,-1,-1,-1
317,21,731.323,474.683,51.888,125.845,0.669621,-1,-1,-1
317,22,377.483,461.682,48.393,119.155,0.683985,-1,-1,-1
318,4,1034.634,399.562,219.191,616.075,0.881422,-1,-1,-1
318,8,1779.605,415.729,143.295,530.473,0.710777,-1,-1,-1
318,13,807.072,444.742,80.192,214.034,0.763639,-1,-1,-1
318,14,488.611,456.509,53.620,108.768,0.739942,-1,-1,-1
318,15,862.861,413.076,174.032,543.275,0.867974,-1,-1,-1
318,18,674.009,488.551,54.791,116.513,0.673134,-1,-1,-1
318,16,1251.490,422.915,91.126,268.404,0.813134,-1,-1,-1
318,17,1199.130,446.804,44.652,106.162,0.738162,-1,-1,-1
318,19,16.833,396.634,262.720,458.142,0.927633,-1,-1,-1
318,20,1689.865,401.677,162.802,472.963,0.660695,-1,-1,-1
318,21,730.084,473.887,52.725,126.914,0.678443,-1,-1,-1
318,22,378.210,461.971,47.430,119.355,0.667989,-1,-1,-1
319,4,1037.141,402.197,216.036,613.196,0.882912,-1,-1,-1
319,8,1795.865,413.883,125.992,533.082,0.767996,-1,-1,-1
319,13,811.159,445.172,78.129,213.858,0.771663,-1,-1,-1
319,14,488.113,456.054,53.539,109.384,0.742902,-1,-1,-1
319,15,861.819,412.178,174.548,544.306,0.867504,-1,-1,-1
319,18,674.342,489.443,54.401,115.001,0.672978,-1,-1,-1
319,16,1239.533,426.701,101.490,263.621,0.807827,-1,-1,-1
319,17,1200.873,447.879,45.985,105.108,0.751328,-1,-1,-1
319,19,17.160,397.876,280.191,455.907,0.927566,-1,-1,-1
319,20,1692.610,400.087,163.015,468.463,0.753722,-1,-1,-1
319,21,730.154,473.248,52.941,128.311,0.662177,-1,-1,-1
319,22,378.318,461.910,47.158,119.811,0.689396,-1,-1,-1
320,4,1040.750,404.756,213.114,611.423,0.882724,-1,-1,-1
320,8,1822.349,416.479,99.108,531.654,0.796015,-1,-1,-1
320,13,815.383,444.525,78.698,215.141,0.766154,-1,-1,-1
320,14,488.026,455.757,52.873,109.587,0.744597,-1,-1,-1
320,15,862.218,413.744,177.983,541.256,0.862027,-1,-1,-1
320,18,673.827,488.368,54.956,116.782,0.651256,-1,-1,-1
320,16,1228.483,437.094,112.080,253.697,0.806156,-1,-1,-1
320,17,1202.907,449.417,44.750,104.244,0.748881,-1,-1,-1
320,19,16.607,399.859,293.264,452.127,0.930734,-1,-1,-1
320,20,1709.143,398.018,150.789,460.805,0.826520,-1,-1,-1
320,21,731.907,473.363,51.409,128.092,0.593891,-1,-1,-1
320,22,378.277,462.308,47.212,119.404,0.676819,-1,-1,-1
321,4,1042.727,406.092,210.837,609.961,0.890105,-1,-1,-1
321,8,1840.266,416.743,80.656,531.899,0.828450,-1,-1,-1
321,13,818.665,444.565,79.672,214.583,0.777228,-1,-1,-1
321,14,488.115,455.029,52.082,110.484,0.749406,-1,-1,-1
321,15,860.797,413.205,180.563,542.772,0.866453,-1,-1,-1
321,18,673.991,488.519,54.652,116.316,0.684116,-1,-1,-1
321,16,1218.981,436.071,122.222,253.935,0.826634,-1,-1,-1
321,17,1204.967,449.510,44.901,104.395,0.713262,-1,-1,-1
321,19,18.869,398.632,296.578,453.030,0.932563,-1,-1,-1
321,20,1720.775,398.228,150.649,460.545,0.822798,-1,-1,-1
321,21,731.864,472.249,51.166,129.396,0.596153,-1,-1,-1
321,22,378.278,462.266,46.862,119.226,0.682295,-1,-1,-1
321,23,1434.713,436.180,48.148,114.602,0.735846,-1,-1,-1
322,4,1044.806,409.968,208.802,606.131,0.889814,-1,-1,-1
322,8,1853.944,409.309,66.542,543.047,0.738424,-1,-1,-1
322,13,820.766,445.713,79.198,216.338,0.789428,-1,-1,-1
322,14,487.395,455.748,51.595,109.740,0.739830,-1,-1,-1
322,15,860.478,413.221,180.615,542.790,0.867779,-1,-1,-1
322,18,673.855,490.234,53.841,115.393,0.707219,-1,-1,-1
322,16,1216.698,433.863,123.992,254.637,0.814292,-1,-1,-1
322,17,1207.315,449.701,42.673,103.915,0.710057,-1,-1,-1
322,19,21.090,399.727,300.058,449.772,0.933709,-1,-1,-1
322,20,1729.395,398.108,150.008,458.357,0.860647,-1,-1,-1
322,21,732.324,472.817,49.963,128.662,0.607587,-1,-1,-1
322,22,378.145,462.344,47.199,119.307,0.699668,-1,-1,-1
322,23,1433.345,437.814,51.047,113.013,0.752953,-1,-1,-1
323,4,1046.507,408.854,206.957,607.324,0.892939,-1,-1,-1
323,8,1864.589,401.896,55.700,549.881,0.696562,-1,-1,-1
323,13,822.387,447.529,79.371,213.552,0.797565,-1,-1,-1
323,14,487.393,455.292,51.061,110.257,0.741063,-1,-1,-1
323,15,860.313,413.571,181.060,542.353,0.862721,-1,-1,-1
323,18,673.584,491.043,54.421,113.965,0.675988,-1,-1,-1
323,16,1218.723,445.433,119.446,241.454,0.832943,-1,-1,-1
323,17,1209.732,448.605,39.061,103.111,0.645609,-1,-1,-1
323,19,23.289,400.814,301.553,447.288,0.930233,-1,-1,-1
323,20,1737.651,396.194,151.515,458.030,0.837164,-1,-1,-1
323,21,731.861,472.845,50.109,128.911,0.670492,-1,-1,-1
323,22,377.055,461.876,47.849,119.335,0.712267,-1,-1,-1
323,23,1435.192,440.582,52.707,109.489,0.750320,-1,-1,-1
324,4,1048.558,404.520,206.743,611.603,0.880291,-1,-1,-1
324,8,1865.777,404.150,54.391,549.899,0.646932,-1,-1,-1
324,13,824.010,447.726,81.433,212.859,0.800167,-1,-1,-1
324,14,487.186,454.540,50.905,111.114,0.721967,-1,-1,-1
324,15,859.885,414.994,181.921,539.698,0.864965,-1,-1,-1
324,18,673.623,491.450,54.127,113.523,0.687481,-1,-1,-1
324,16,1215.639,443.647,118.661,243.320,0.754472,-1,-1,-1
324,17,1210.378,447.111,34.304,101.769,0.380345,-1,-1,-1
324,19,26.901,402.731,299.647,443.987,0.935048,-1,-1,-1
324,20,1747.693,395.865,150.290,459.220,0.830701,-1,-1,-1
324,21,732.642,473.318,49.147,127.707,0.653302,-1,-1,-1
324,22,377.443,462.053,47.255,119.020,0.716932,-1,-1,-1
324,23,1437.432,440.621,53.772,108.457,0.762494,-1,-1,-1
325,4,1049.602,403.576,207.997,612.674,0.868362,-1,-1,-1
325,8,1861.156,399.111,59.077,554.077,0.380491,-1,-1,-1
325,13,824.534,450.262,82.084,209.991,0.780620,-1,-1,-1
325,14,487.074,453.654,51.171,111.995,0.722156,-1,-1,-1
325,15,860.580,415.663,180.870,538.435,0.862243,-1,-1,-1
325,18,673.841,491.121,54.060,113.975,0.683696,-1,-1,-1
325,16,1212.991,447.621,116.642,239.746,0.710711,-1,-1,-1
325,19,35.886,403.418,294.220,442.504,0.933816,-1,-1,-1
325,20,1754.603,395.659,154.524,460.251,0.788779,-1,-1,-1
325,21,732.070,473.258,49.998,127.674,0.605519,-1,-1,-1
325,22,377.812,462.554,47.165,118.651,0.710864,-1,-1,-1
325,23,1439.665,441.197,56.036,106.470,0.731297,-1,-1,-1
326,4,1051.380,401.259,205.919,614.837,0.866058,-1,-1,-1
326,13,825.847,448.659,83.879,211.912,0.744158,-1,-1,-1
326,14,486.947,453.322,51.077,112.472,0.719553,-1,-1,-1
326,15,857.412,415.916,185.557,538.346,0.855253,-1,-1,-1
326,18,673.274,492.516,54.967,113.101,0.692883,-1,-1,-1
326,16,1208.814,454.239,111.893,230.650,0.634182,-1,-1,-1
326,19,49.783,400.906,281.934,441.253,0.921873,-1,-1,-1
326,20,1762.153,395.957,156.985,463.463,0.826786,-1,-1,-1
326,21,731.756,472.940,51.014,127.801,0.695051,-1,-1,-1
326,22,378.246,462.938,46.970,118.923,0.698869,-1,-1,-1
326,23,1441.125,439.775,58.667,107.509,0.728879,-1,-1,-1
327,4,1053.157,398.691,204.037,616.824,0.866253,-1,-1,-1
327,13,829.458,444.097,83.076,218.352,0.627240,-1,-1,-1
327,14,487.374,454.162,50.043,111.522,0.724426,-1,-1,-1
327,15,855.490,416.058,188.236,538.064,0.857599,-1,-1,-1
327,18,674.244,492.523,53.883,112.843,0.694492,-1,-1,-1
327,16,1202.190,442.811,107.433,238.752,0.421748,-1,-1,-1
327,19,67.945,397.007,263.316,442.181,0.929935,-1,-1,-1
327,20,1766.848,393.470,156.027,489.621,0.807978,-1,-1,-1
327,21,731.198,473.104,51.863,128.393,0.717745,-1,-1,-1
327,22,378.610,463.489,46.404,118.121,0.699201,-1,-1,-1
327,23,1444.607,439.271,58.724,108.076,0.743690,-1,-1,-1
328,4,1054.535,396.540,203.354,618.772,0.866962,-1,-1,-1
328,13,833.334,443.695,82.378,219.373,0.534405,-1,-1,-1
328,14,487.927,454.468,48.768,111.326,0.700460,-1,-1,-1
328,15,846.112,416.299,199.824,537.913,0.859911,-1,-1,-1
328,18,674.784,491.870,53.242,113.147,0.710863,-1,-1,-1
328,16,1200.414,440.102,77.898,198.907,0.654674,-1,-1,-1
328,19,93.046,395.356,238.949,438.425,0.921859,-1,-1,-1
328,20,1769.788,388.227,154.036,521.483,0.824169,-1,-1,-1
328,21,731.569,473.421,51.786,128.573,0.721370,-1,-1,-1
328,22,378.636,463.495,46.869,118.171,0.714772,-1,-1,-1
328,23,1448.790,440.105,55.078,108.580,0.769468,-1,-1,-1
329,4,1054.658,396.390,204.593,618.893,0.875384,-1,-1,-1
329,13,847.669,445.492,71.208,206.453,0.421504,-1,-1,-1
329,14,487.853,454.695,48.513,110.813,0.676496,-1,-1,-1
329,15,848.261,417.109,198.418,537.534,0.882225,-1,-1,-1
329,18,674.991,490.766,53.051,114.602,0.713339,-1,-1,-1
329,16,1196.311,434.136,65.565,186.388,0.545113,-1,-1,-1
329,19,115.902,396.101,215.795,435.373,0.927083,-1,-1,-1
329,20,1769.157,388.049,154.621,532.715,0.799369,-1,-1,-1
329,21,731.216,474.122,52.021,128.746,0.730299,-1,-1,-1
329,22,379.009,463.908,46.787,117.886,0.701533,-1,-1,-1
329,23,1454.152,440.547,49.219,107.977,0.749718,-1,-1,-1
330,4,1056.311,394.307,206.264,620.705,0.869456,-1,-1,-1
330,13,858.235,448.952,61.641,191.816,0.479219,-1,-1,-1
330,14,487.294,455.453,48.294,109.674,0.635520,-1,-1,-1
330,15,854.519,416.373,192.704,540.074,0.866421,-1,-1,-1
330,18,674.984,489.819,53.357,115.256,0.736018,-1,-1,-1
330,16,1197.151,431.903,59.062,141.206,0.522618,-1,-1,-1
330,19,134.089,395.605,196.291,432.432,0.893582,-1,-1,-1
330,20,1768.484,388.336,155.210,518.099,0.792332,-1,-1,-1
330,21,731.201,475.113,51.687,127.626,0.747516,-1,-1,-1
330,22,379.933,463.997,45.384,117.054,0.710370,-1,-1,-1
330,23,1457.996,439.151,46.003,109.021,0.772096,-1,-1,-1
331,4,1056.774,391.488,205.915,623.419,0.858788,-1,-1,-1
331,13,863.612,447.538,59.615,151.151,0.423455,-1,-1,-1
331,14,487.064,455.136,47.787,109.651,0.634317,-1,-1,-1
331,15,858.498,416.060,193.191,539.605,0.852018,-1,-1,-1
331,18,674.552,490.216,53.273,115.832,0.727119,-1,-1,-1
331,16,1198.893,434.108,56.235,116.887,0.454318,-1,-1,-1
331,19,144.954,397.657,188.829,429.877,0.818720,-1,-1,-1
331,20,1768.121,391.082,155.272,490.590,0.795408,-1,-1,-1
331,21,731.139,475.296,51.239,127.602,0.748495,-1,-1,-1
331,22,380.182,463.816,44.911,117.154,0.708281,-1,-1,-1
331,23,1461.979,438.678,43.320,109.399,0.775548,-1,-1,-1
332,4,1059.743,392.973,205.877,621.798,0.862031,-1,-1,-1
332,14,486.909,455.385,47.396,108.907,0.615191,-1,-1,-1
332,15,862.233,415.938,188.150,539.775,0.870415,-1,-1,-1
332,18,675.029,489.130,53.239,117.324,0.710888,-1,-1,-1
332,19,152.538,397.729,192.987,429.923,0.834122,-1,-1,-1
332,20,1769.083,389.387,153.993,493.516,0.774775,-1,-1,-1
332,21,731.799,475.362,50.545,126.411,0.664839,-1,-1,-1
332,22,380.134,463.371,45.625,118.028,0.678180,-1,-1,-1
332,23,1464.331,437.994,44.391,110.463,0.773092,-1,-1,-1
333,4,1059.742,393.581,208.138,620.209,0.858773,-1,-1,-1
333,14,487.513,455.579,46.261,108.571,0.529639,-1,-1,-1
333,15,865.850,415.449,178.800,541.552,0.860152,-1,-1,-1
333,18,676.374,490.338,52.638,115.703,0.724348,-1,-1,-1
333,19,161.708,396.546,197.446,430.618,0.865628,-1,-1,-1
333,20,1769.253,379.586,153.559,494.066,0.777529,-1,-1,-1
333,21,734.093,473.980,49.401,129.713,0.603585,-1,-1,-1
333,22,379.948,463.615,47.272,117.817,0.660396,-1,-1,-1
333,23,1468.645,436.743,43.739,111.707,0.753566,-1,-1,-1
333,24,0.352,414.145,115.233,383.596,0.816079,-1,-1,-1
334,4,1060.245,393.211,212.182,620.133,0.846258,-1,-1,-1
334,14,487.766,456.142,45.560,108.485,0.587206,-1,-1,-1
334,15,866.925,416.480,183.159,540.005,0.865806,-1,-1,-1
334,18,676.565,490.405,52.432,116.099,0.703981,-1,-1,-1
334,19,170.036,395.779,205.318,429.873,0.866169,-1,-1,-1
334,20,1771.240,380.265,151.218,486.419,0.823650,-1,-1,-1
334,21,734.501,473.895,49.319,130.380,0.646126,-1,-1,-1
334,22,379.801,462.960,48.144,119.275,0.641830,-1,-1,-1
334,23,1471.817,437.638,41.936,111.330,0.675563,-1,-1,-1
334,24,0.240,437.170,129.279,355.016,0.795974,-1,-1,-1
335,4,1059.336,392.382,213.734,621.427,0.842290,-1,-1,-1
335,14,487.686,457.382,43.178,106.339,0.438120,-1,-1,-1
335,15,867.584,417.198,188.180,539.401,0.878228,-1,-1,-1
335,18,676.562,489.288,51.622,116.228,0.675291,-1,-1,-1
335,19,176.346,396.097,212.780,427.630,0.883995,-1,-1,-1
335,20,1775.499,390.814,146.447,471.859,0.794356,-1,-1,-1
335,21,733.314,472.976,49.866,129.527,0.687261,-1,-1,-1
335,22,378.702,462.857,49.667,119.528,0.640781,-1,-1,-1
335,23,1472.442,438.150,42.209,110.420,0.663256,-1,-1,-1
335,24,-0.018,442.190,139.469,347.943,0.839711,-1,-1,-1
336,4,1059.404,393.597,210.216,621.728,0.853834,-1,-1,-1
336,14,487.634,457.915,41.622,104.780,0.392063,-1,-1,-1
336,15,868.184,416.799,184.321,540.200,0.886512,-1,-1,-1
336,18,675.904,487.941,51.426,117.705,0.724388,-1,-1,-1
336,19,183.769,395.268,219.319,427.275,0.884892,-1,-1,-1
336,20,1784.242,378.440,137.127,486.003,0.671433,-1,-1,-1
336,21,732.823,473.170,49.500,129.027,0.675417,-1,-1,-1
336,22,378.446,464.062,47.543,117.814,0.577422,-1,-1,-1
336,23,1472.539,438.039,43.534,110.177,0.690585,-1,-1,-1
336,24,0.139,441.967,148.100,347.071,0.879041,-1,-1,-1
337,4,1059.361,395.560,209.601,620.293,0.853472,-1,-1,-1
337,14,486.241,456.439,41.670,107.062,0.594919,-1,-1,-1
337,15,868.172,416.421,182.734,540.240,0.889674,-1,-1,-1
337,18,675.122,486.902,52.114,119.180,0.741409,-1,-1,-1
337,19,194.711,397.151,224.170,425.507,0.827264,-1,-1,-1
337,20,1797.892,359.766,123.027,507.711,0.661938,-1,-1,-1
337,21,731.903,473.093,49.917,129.690,0.674296,-1,-1,-1
337,22,378.691,464.710,46.257,116.346,0.599465,-1,-1,-1
337,23,1473.453,437.646,47.995,110.761,0.670648,-1,-1,-1
337,24,0.498,443.330,154.882,347.512,0.867659,-1,-1,-1
338,4,1058.162,394.835,210.643,621.305,0.849993,-1,-1,-1
338,14,486.010,454.167,42.719,109.882,0.626723,-1,-1,-1
338,15,868.619,416.837,182.368,539.419,0.883373,-1,-1,-1
338,18,674.608,485.365,52.853,120.687,0.735348,-1,-1,-1
338,19,204.224,398.569,231.631,423.483,0.879289,-1,-1,-1
338,21,731.896,473.267,49.368,129.416,0.686320,-1,-1,-1
338,22,378.487,464.847,45.640,116.001,0.551006,-1,-1,-1
338,23,1475.383,438.308,50.481,109.768,0.729715,-1,-1,-1
338,24,0.498,444.511,159.061,346.346,0.877553,-1,-1,-1
339,4,1060.698,394.837,206.140,621.959,0.855158,-1,-1,-1
339,14,485.873,454.760,43.236,109.695,0.628335,-1,-1,-1
339,15,869.417,416.888,179.915,539.385,0.864225,-1,-1,-1
339,18,674.665,486.203,53.141,119.817,0.741533,-1,-1,-1
339,19,211.395,404.153,236.638,417.096,0.894658,-1,-1,-1
339,21,732.124,473.994,48.845,128.912,0.700173,-1,-1,-1
339,22,378.117,464.726,46.034,115.689,0.574813,-1,-1,-1
339,23,1477.563,439.569,52.456,108.015,0.652584,-1,-1,-1
339,24,0.389,444.851,160.478,345.204,0.878839,-1,-1,-1
340,4,1060.981,394.738,210.178,622.559,0.846159,-1,-1,-1
340,14,486.348,455.507,42.190,109.444,0.592447,-1,-1,-1
340,15,870.766,417.368,175.825,538.841,0.851725,-1,-1,-1
340,18,674.281,487.613,53.707,118.513,0.746121,-1,-1,-1
340,19,220.995,400.743,238.630,421.198,0.904987,-1,-1,-1
340,21,732.594,474.888,48.111,127.908,0.710147,-1,-1,-1
340,22,377.901,464.322,47.479,114.388,0.449819,-1,-1,-1
340,23,1479.336,439.642,52.275,107.800,0.547624,-1,-1,-1
340,24,0.238,442.049,161.824,346.310,0.875140,-1,-1,-1
341,4,1060.761,396.977,217.955,619.689,0.832472,-1,-1,-1
341,14,486.434,456.332,41.747,108.886,0.477285,-1,-1,-1
341,15,871.937,417.468,173.898,539.168,0.863803,-1,-1,-1
341,18,673.898,488.927,54.477,117.892,0.728679,-1,-1,-1
341,19,228.568,403.373,235.999,418.616,0.907355,-1,-1,-1
341,21,732.438,474.461,48.453,128.214,0.710453,-1,-1,-1
341,22,377.866,463.222,47.925,113.286,0.440464,-1,-1,-1
341,23,1480.068,434.671,58.687,112.645,0.366439,-1,-1,-1
341,24,1.248,439.732,157.403,350.128,0.876539,-1,-1,-1
342,4,1062.033,399.148,214.621,616.889,0.821412,-1,-1,-1
342,14,485.972,455.430,43.920,110.698,0.481684,-1,-1,-1
342,15,875.205,418.511,169.556,537.643,0.851347,-1,-1,-1
342,18,674.950,489.663,53.556,117.048,0.726705,-1,-1,-1
342,19,233.584,414.764,235.446,406.169,0.912771,-1,-1,-1
342,21,733.686,472.278,47.900,130.263,0.667169,-1,-1,-1
342,23,1483.603,434.933,57.469,111.786,0.425715,-1,-1,-1
342,24,1.311,440.402,153.988,349.144,0.879549,-1,-1,-1
343,4,1063.040,398.960,214.981,617.233,0.833928,-1,-1,-1
343,14,486.725,456.570,43.898,107.316,0.351795,-1,-1,-1
343,15,877.014,418.709,168.109,536.824,0.845413,-1,-1,-1
343,18,675.269,489.299,53.862,117.070,0.721731,-1,-1,-1
343,19,240.324,412.263,230.993,407.463,0.921915,-1,-1,-1
343,21,734.438,472.420,48.081,130.187,0.625035,-1,-1,-1
343,24,0.579,437.161,154.038,360.162,0.840914,-1,-1,-1
344,4,1063.379,398.348,209.683,618.099,0.834562,-1,-1,-1
344,14,487.600,457.376,43.594,105.529,0.420944,-1,-1,-1
344,15,879.466,419.877,165.472,536.358,0.835142,-1,-1,-1
344,18,674.396,489.519,55.063,117.087,0.733723,-1,-1,-1
344,19,244.487,412.833,230.145,404.018,0.916649,-1,-1,-1
344,21,734.958,473.242,48.197,130.686,0.646847,-1,-1,-1
344,24,0.174,434.923,155.427,360.197,0.875063,-1,-1,-1
345,4,1063.652,398.351,211.449,618.143,0.836258,-1,-1,-1
345,15,881.905,420.207,164.539,537.094,0.819671,-1,-1,-1
345,18,674.609,489.403,55.209,116.342,0.720246,-1,-1,-1
345,19,251.807,409.094,223.987,406.293,0.913076,-1,-1,-1
345,21,733.574,473.653,50.106,129.000,0.693192,-1,-1,-1
345,24,2.390,433.294,157.918,360.225,0.882354,-1,-1,-1
346,4,1063.720,398.485,212.883,617.607,0.834018,-1,-1,-1
346,15,881.420,420.632,175.338,534.455,0.830309,-1,-1,-1
346,18,674.053,489.779,55.818,116.846,0.732367,-1,-1,-1
346,19,259.407,405.021,215.182,411.526,0.909714,-1,-1,-1
346,21,732.796,473.835,51.128,128.742,0.717276,-1,-1,-1
346,24,24.535,433.106,139.313,357.006,0.824255,-1,-1,-1
347,4,1063.780,396.221,210.824,619.668,0.830558,-1,-1,-1
347,15,882.084,420.751,179.433,533.724,0.805340,-1,-1,-1
347,18,673.752,490.220,55.589,116.886,0.718238,-1,-1,-1
347,19,268.713,401.879,204.923,414.077,0.914134,-1,-1,-1
347,21,732.625,473.976,51.341,128.745,0.721371,-1,-1,-1
347,24,43.592,433.975,134.143,354.655,0.893940,-1,-1,-1
348,4,1063.571,393.304,209.134,623.245,0.850835,-1,-1,-1
348,15,884.003,420.530,177.223,534.335,0.834214,-1,-1,-1
348,18,672.771,488.740,56.122,119.713,0.758030,-1,-1,-1
348,19,281.474,401.555,190.866,412.174,0.894477,-1,-1,-1
348,21,732.629,472.674,51.769,130.860,0.725446,-1,-1,-1
348,24,56.370,434.580,130.781,355.404,0.835024,-1,-1,-1
349,4,1063.277,394.379,210.706,622.292,0.844210,-1,-1,-1
349,15,884.676,420.882,177.434,533.126,0.848827,-1,-1,-1
349,18,673.045,488.207,55.738,120.079,0.723225,-1,-1,-1
349,19,295.716,401.215,174.575,409.811,0.858113,-1,-1,-1
349,21,732.420,470.993,51.236,131.856,0.710754,-1,-1,-1
349,24,63.964,434.787,134.499,353.849,0.847384,-1,-1,-1
350,4,1058.969,393.633,225.303,623.957,0.839446,-1,-1,-1
350,15,886.061,420.804,177.255,532.090,0.856220,-1,-1,-1
350,18,672.383,487.881,55.594,120.237,0.741259,-1,-1,-1
350,19,305.260,403.391,163.290,402.867,0.825828,-1,-1,-1
350,21,732.411,469.172,51.268,133.428,0.586638,-1,-1,-1
350,24,71.330,434.609,143.321,351.597,0.867511,-1,-1,-1
351,4,1059.127,396.057,223.771,620.897,0.819849,-1,-1,-1
351,15,887.184,421.053,174.769,531.026,0.845940,-1,-1,-1
351,18,672.023,487.663,55.931,120.072,0.757662,-1,-1,-1
351,19,314.761,402.545,155.879,401.404,0.814252,-1,-1,-1
351,21,733.220,466.113,49.933,135.370,0.575446,-1,-1,-1
351,24,77.085,434.753,166.228,350.380,0.899991,-1,-1,-1
352,4,1059.821,397.372,226.021,619.644,0.817199,-1,-1,-1
352,15,888.325,421.785,176.407,529.301,0.851049,-1,-1,-1
352,18,671.369,487.464,56.095,119.684,0.736473,-1,-1,-1
352,19,317.052,401.800,160.110,405.364,0.748608,-1,-1,-1
352,21,733.016,465.629,49.904,136.019,0.648511,-1,-1,-1
352,24,80.810,436.329,183.830,347.329,0.887162,-1,-1,-1
352,17,1240.223,444.334,39.629,91.791,0.620964,-1,-1,-1
353,4,1060.797,395.932,227.124,621.077,0.792216,-1,-1,-1
353,15,889.136,421.345,178.825,529.369,0.842071,-1,-1,-1
353,18,671.100,486.825,56.193,120.138,0.697675,-1,-1,-1
353,19,320.804,400.932,160.999,407.824,0.764021,-1,-1,-1
353,21,732.184,467.082,50.228,133.811,0.572961,-1,-1,-1
353,24,80.971,440.244,202.302,342.872,0.901441,-1,-1,-1
353,25,0.094,442.778,72.566,420.152,0.770695,-1,-1,-1
353,17,1240.794,444.603,40.481,93.018,0.629545,-1,-1,-1
353,23,1513.576,431.001,46.239,116.049,0.660229,-1,-1,-1
354,4,1061.123,397.562,227.380,619.329,0.799398,-1,-1,-1
354,15,890.017,422.074,172.998,528.782,0.853279,-1,-1,-1
354,18,671.054,486.602,57.037,119.571,0.673196,-1,-1,-1
354,19,349.318,400.102,144.756,405.146,0.760902,-1,-1,-1
354,21,732.497,467.463,49.966,133.200,0.667234,-1,-1,-1
354,24,83.487,442.656,211.890,342.244,0.911605,-1,-1,-1
354,25,0.288,446.451,83.752,414.108,0.795920,-1,-1,-1
354,17,1241.386,443.834,40.377,94.029,0.551234,-1,-1,-1
354,23,1513.753,430.259,47.621,116.701,0.619721,-1,-1,-1
355,4,1061.800,398.248,228.439,618.533,0.791650,-1,-1,-1
355,15,890.086,422.100,169.172,528.658,0.854892,-1,-1,-1
355,18,671.496,486.473,56.392,119.863,0.692985,-1,-1,-1
355,19,345.620,400.033,163.432,402.006,0.850960,-1,-1,-1
355,21,732.145,468.285,49.976,132.151,0.684870,-1,-1,-1
355,24,85.085,441.991,216.247,342.570,0.886840,-1,-1,-1
355,25,0.154,444.395,115.137,408.832,0.716944,-1,-1,-1
355,17,1241.573,443.263,40.686,99.520,0.476735,-1,-1,-1
355,23,1516.179,430.015,46.842,117.095,0.486585,-1,-1,-1
356,4,1061.583,399.349,224.391,617.715,0.792610,-1,-1,-1
356,15,890.692,422.727,169.930,525.593,0.871541,-1,-1,-1
356,18,671.565,486.122,55.198,120.451,0.728677,-1,-1,-1
356,19,347.272,401.938,178.852,399.399,0.810833,-1,-1,-1
356,21,732.892,469.351,48.837,131.510,0.733252,-1,-1,-1
356,24,90.854,439.869,216.431,340.713,0.903589,-1,-1,-1
356,25,0.108,442.831,143.302,412.714,0.879975,-1,-1,-1
356,17,1242.503,442.772,40.372,100.474,0.551749,-1,-1,-1
356,23,1519.392,430.262,45.273,116.423,0.513176,-1,-1,-1
357,4,1058.009,394.976,235.349,622.834,0.802052,-1,-1,-1
357,15,892.668,421.741,164.990,523.627,0.869231,-1,-1,-1
357,18,671.620,486.061,56.938,120.162,0.744527,-1,-1,-1
357,19,359.756,400.640,184.884,400.083,0.813360,-1,-1,-1
357,21,733.227,471.402,48.627,129.913,0.716548,-1,-1,-1
357,24,100.400,439.681,208.401,337.608,0.912428,-1,-1,-1
357,25,0.099,438.790,177.434,414.839,0.919574,-1,-1,-1
357,17,1242.813,443.229,40.308,103.161,0.550225,-1,-1,-1
357,23,1523.343,431.406,45.534,113.969,0.386157,-1,-1,-1
358,4,1057.761,394.406,234.509,624.141,0.809709,-1,-1,-1
358,15,894.789,420.401,162.546,523.942,0.871495,-1,-1,-1
358,18,670.991,485.902,57.745,119.741,0.745277,-1,-1,-1
358,19,371.686,403.547,190.858,391.988,0.750397,-1,-1,-1
358,21,732.643,469.917,49.538,132.228,0.705668,-1,-1,-1
358,24,112.750,441.906,194.443,331.844,0.869177,-1,-1,-1
358,25,0.154,438.086,201.222,413.990,0.932192,-1,-1,-1
358,17,1243.431,444.996,40.397,105.193,0.583052,-1,-1,-1
359,4,1061.636,397.842,227.298,620.214,0.793888,-1,-1,-1
359,15,895.939,420.204,163.861,522.106,0.870927,-1,-1,-1
359,18,670.834,487.031,57.070,119.067,0.745276,-1,-1,-1
359,19,382.973,407.099,200.706,387.544,0.793478,-1,-1,-1
359,21,732.236,471.104,50.021,131.430,0.737022,-1,-1,-1
359,24,125.937,441.644,181.210,329.712,0.848969,-1,-1,-1
359,25,0.155,440.237,213.670,412.637,0.932603,-1,-1,-1
359,17,1243.347,446.285,40.278,105.247,0.572233,-1,-1,-1
359,28,1045.556,449.308,65.183,198.637,0.707044,-1,-1,-1
360,4,1061.527,396.790,222.605,621.411,0.794441,-1,-1,-1
360,15,896.564,419.777,170.670,521.425,0.867840,-1,-1,-1
360,18,669.874,487.110,57.477,119.873,0.679710,-1,-1,-1
360,19,388.888,406.648,206.934,387.416,0.817974,-1,-1,-1
360,21,732.209,469.660,49.816,132.376,0.647365,-1,-1,-1
360,24,132.663,436.916,172.467,331.295,0.830387,-1,-1,-1
360,25,0.071,444.479,221.699,408.590,0.935066,-1,-1,-1
360,17,1243.487,446.067,40.476,106.008,0.625147,-1,-1,-1
360,28,1039.969,443.602,67.582,205.028,0.533859,-1,-1,-1
361,4,1061.001,397.749,220.069,620.311,0.784175,-1,-1,-1
361,15,897.379,419.243,171.565,520.346,0.881331,-1,-1,-1
361,18,669.479,489.025,56.119,117.817,0.685345,-1,-1,-1
361,19,390.573,404.524,211.200,390.558,0.874835,-1,-1,-1
361,21,732.615,470.766,49.230,130.630,0.619353,-1,-1,-1
361,24,146.826,433.193,156.722,333.680,0.807385,-1,-1,-1
361,25,-0.109,444.275,230.902,407.994,0.939058,-1,-1,-1
361,17,1243.467,444.950,40.012,106.256,0.539720,-1,-1,-1
361,28,1037.825,443.424,63.111,204.013,0.443306,-1,-1,-1
362,4,1061.502,396.842,222.971,619.996,0.724403,-1,-1,-1
362,15,899.910,417.765,171.610,521.267,0.888657,-1,-1,-1
362,18,668.230,489.448,56.651,118.275,0.680487,-1,-1,-1
362,19,391.287,406.710,214.985,388.311,0.889012,-1,-1,-1
362,21,732.019,470.093,49.966,131.478,0.684172,-1,-1,-1
362,24,152.857,435.676,149.549,332.818,0.833247,-1,-1,-1
362,25,-0.060,444.476,239.096,407.032,0.936070,-1,-1,-1
362,17,1243.913,445.752,39.023,104.665,0.596845,-1,-1,-1
362,28,1033.785,438.294,62.831,211.782,0.712099,-1,-1,-1
363,4,1061.324,396.983,227.177,619.360,0.734376,-1,-1,-1
363,15,902.989,416.800,173.841,521.217,0.882715,-1,-1,-1
363,18,667.227,490.180,56.356,117.789,0.686251,-1,-1,-1
363,19,392.459,408.496,213.233,387.056,0.895673,-1,-1,-1
363,21,732.498,471.024,49.210,130.291,0.651955,-1,-1,-1
363,24,170.920,436.790,133.737,330.651,0.831276,-1,-1,-1
363,25,-0.021,442.891,240.236,407.178,0.930665,-1,-1,-1
363,17,1243.848,445.074,40.123,105.286,0.551820,-1,-1,-1
363,28,1031.905,441.246,61.972,212.055,0.415953,-1,-1,-1
364,4,1062.554,396.739,225.411,619.344,0.715827,-1,-1,-1
364,15,907.159,416.522,171.497,521.622,0.880850,-1,-1,-1
364,18,666.092,490.733,55.036,117.898,0.700724,-1,-1,-1
364,19,393.557,408.334,214.011,389.631,0.894353,-1,-1,-1
364,21,733.101,472.932,48.468,128.660,0.689847,-1,-1,-1
364,24,188.616,435.065,118.474,332.809,0.872819,-1,-1,-1
364,25,1.517,443.632,241.849,402.627,0.929068,-1,-1,-1
364,17,1244.750,445.319,42.406,105.135,0.670698,-1,-1,-1
365,4,1062.116,396.020,250.758,620.723,0.744505,-1,-1,-1
365,15,910.005,416.299,172.529,522.591,0.882091,-1,-1,-1
365,18,664.007,489.930,55.981,119.602,0.706293,-1,-1,-1
365,19,393.573,408.448,217.062,388.479,0.893613,-1,-1,-1
365,21,733.313,473.595,47.960,127.927,0.684410,-1,-1,-1
365,24,201.107,433.948,110.196,334.244,0.836127,-1,-1,-1
365,25,1.588,441.846,243.307,403.821,0.919186,-1,-1,-1
365,17,1245.403,444.318,43.354,106.734,0.618259,-1,-1,-1
366,4,1060.287,398.221,262.267,618.821,0.772312,-1,-1,-1
366,15,912.760,416.566,173.023,524.423,0.879970,-1,-1,-1
366,18,663.446,490.392,55.210,119.283,0.711326,-1,-1,-1
366,19,392.664,409.251,221.268,386.983,0.893367,-1,-1,-1
366,21,733.188,474.602,47.569,126.664,0.621064,-1,-1,-1
366,24,209.014,433.534,109.599,333.742,0.828785,-1,-1,-1
366,25,7.932,439.821,237.643,400.295,0.910002,-1,-1,-1
366,17,1246.307,445.651,43.010,104.744,0.660601,-1,-1,-1
367,4,1060.034,397.044,266.975,620.399,0.793093,-1,-1,-1
367,15,916.070,416.282,172.950,525.747,0.878134,-1,-1,-1
367,18,662.689,490.377,55.239,120.174,0.691840,-1,-1,-1
367,19,394.914,407.375,221.006,388.390,0.889449,-1,-1,-1
367,21,732.977,475.155,47.191,126.713,0.621961,-1,-1,-1
367,24,214.963,431.241,115.952,334.487,0.827507,-1,-1,-1
367,25,13.671,438.993,234.264,397.644,0.901161,-1,-1,-1
367,17,1246.631,445.784,43.563,104.025,0.662280,-1,-1,-1
368,4,1059.699,395.704,267.871,622.315,0.783836,-1,-1,-1
368,15,918.381,416.356,170.920,526.031,0.884833,-1,-1,-1
368,18,661.212,487.581,56.956,125.147,0.601837,-1,-1,-1
368,19,399.705,406.787,215.953,387.352,0.905152,-1,-1,-1
368,21,731.865,474.860,48.041,127.499,0.624107,-1,-1,-1
368,24,222.980,431.370,128.146,333.965,0.865229,-1,-1,-1
368,25,33.789,439.999,207.218,393.996,0.868818,-1,-1,-1
368,17,1247.950,444.566,43.672,104.384,0.606821,-1,-1,-1
369,4,1059.899,395.080,268.605,622.916,0.799016,-1,-1,-1
369,15,920.191,415.675,170.662,526.830,0.882376,-1,-1,-1
369,18,660.543,484.571,58.244,126.436,0.543337,-1,-1,-1
369,19,402.959,405.974,210.703,386.735,0.892734,-1,-1,-1
369,21,730.832,474.770,48.751,127.015,0.637319,-1,-1,-1
369,24,231.211,434.513,143.834,327.807,0.863335,-1,-1,-1
369,25,45.781,438.819,200.947,390.309,0.819032,-1,-1,-1
369,17,1248.689,444.442,43.254,104.744,0.580607,-1,-1,-1
370,4,1061.781,394.606,261.957,623.477,0.761321,-1,-1,-1
370,15,923.196,416.112,166.106,526.248,0.874140,-1,-1,-1
370,18,658.717,483.627,57.840,127.272,0.687430,-1,-1,-1
370,19,407.920,405.932,204.859,385.959,0.899221,-1,-1,-1
370,21,729.687,474.297,49.507,128.045,0.745081,-1,-1,-1
370,24,235.442,434.386,159.195,328.293,0.857454,-1,-1,-1
370,25,55.667,435.027,202.123,388.295,0.788999,-1,-1,-1
370,17,1248.829,444.347,43.865,104.529,0.599585,-1,-1,-1
371,4,1063.356,395.134,261.301,622.956,0.757386,-1,-1,-1
371,15,925.816,415.502,164.036,527.833,0.875108,-1,-1,-1
371,18,657.475,484.177,57.460,127.776,0.709068,-1,-1,-1
371,19,421.811,405.983,187.191,386.152,0.880093,-1,-1,-1
371,21,728.879,473.567,50.301,129.878,0.748029,-1,-1,-1
371,24,237.971,435.664,172.096,328.012,0.858017,-1,-1,-1
371,25,65.371,434.846,195.098,386.646,0.838698,-1,-1,-1
371,17,1249.853,444.238,43.146,105.161,0.633672,-1,-1,-1
372,4,1063.674,393.896,262.414,623.798,0.784815,-1,-1,-1
372,15,927.450,413.866,163.700,530.177,0.863716,-1,-1,-1
372,18,656.195,483.474,58.573,128.770,0.717072,-1,-1,-1
372,19,437.568,402.541,172.469,381.995,0.893187,-1,-1,-1
372,21,729.095,473.279,50.157,130.041,0.751223,-1,-1,-1
372,24,238.996,435.772,180.320,327.695,0.870204,-1,-1,-1
372,25,76.620,436.214,191.988,385.243,0.873339,-1,-1,-1
372,17,1251.494,443.041,43.131,106.015,0.665595,-1,-1,-1
373,4,1065.539,393.058,264.718,624.553,0.757642,-1,-1,-1
373,15,930.065,412.587,164.533,530.850,0.871537,-1,-1,-1
373,18,654.563,483.467,58.891,129.249,0.699603,-1,-1,-1
373,19,450.429,401.813,162.057,381.500,0.901737,-1,-1,-1
373,21,729.972,474.850,50.170,128.417,0.717234,-1,-1,-1
373,24,243.291,434.785,180.600,326.074,0.865573,-1,-1,-1
373,25,86.817,436.217,204.859,386.026,0.849527,-1,-1,-1
373,17,1253.339,441.138,43.675,107.330,0.677679,-1,-1,-1
373,22,376.733,464.788,50.906,117.452,0.655892,-1,-1,-1
374,4,1066.481,393.855,267.439,624.342,0.778920,-1,-1,-1
374,15,932.544,411.582,162.849,531.057,0.869950,-1,-1,-1
374,18,654.927,483.186,58.575,130.083,0.661115,-1,-1,-1
374,19,463.610,400.281,155.174,380.924,0.884985,-1,-1,-1
374,21,731.818,474.132,49.208,128.815,0.697568,-1,-1,-1
374,24,252.932,437.198,171.523,320.534,0.851938,-1,-1,-1
374,25,100.906,438.234,218.792,382.983,0.753353,-1,-1,-1
374,17,1254.110,442.082,44.179,106.241,0.693904,-1,-1,-1
374,29,0.177,449.495,51.980,370.167,0.716654,-1,-1,-1
374,22,375.329,463.757,52.276,117.837,0.619399,-1,-1,-1
375,4,1068.212,393.657,258.868,623.904,0.749167,-1,-1,-1
375,15,934.459,410.561,161.933,531.929,0.870344,-1,-1,-1
375,18,655.098,485.913,54.559,125.710,0.599989,-1,-1,-1
375,19,473.192,398.874,154.070,379.226,0.841992,-1,-1,-1
375,21,732.823,473.504,48.281,128.267,0.618274,-1,-1,-1
375,24,264.399,439.875,163.389,313.141,0.845378,-1,-1,-1
375,25,127.695,442.822,214.791,375.702,0.798987,-1,-1,-1
375,17,1254.721,443.137,43.494,105.457,0.705616,-1,-1,-1
375,29,0.201,445.094,59.712,378.182,0.707653,-1,-1,-1
375,22,376.008,463.134,52.276,118.793,0.682649,-1,-1,-1
376,4,1068.713,394.102,255.652,623.378,0.756864,-1,-1,-1
376,15,936.808,410.802,163.278,531.808,0.875084,-1,-1,-1
376,18,654.630,488.440,53.006,119.378,0.541217,-1,-1,-1
376,19,476.528,399.751,159.224,375.105,0.819155,-1,-1,-1
376,21,732.994,474.963,47.549,127.898,0.630959,-1,-1,-1
376,24,277.610,446.681,150.563,303.332,0.824690,-1,-1,-1
376,25,126.655,441.087,227.791,380.241,0.880323,-1,-1,-1
376,17,1254.594,443.406,43.354,105.309,0.693506,-1,-1,-1
376,29,0.036,440.721,69.292,380.689,0.758697,-1,-1,-1
376,22,374.818,463.102,52.630,118.576,0.656783,-1,-1,-1
377,4,1068.942,393.625,257.854,623.499,0.780424,-1,-1,-1
377,15,937.349,411.570,166.044,530.380,0.877808,-1,-1,-1
377,18,652.758,490.972,50.132,112.926,0.502681,-1,-1,-1
377,19,478.161,397.189,167.199,378.735,0.833868,-1,-1,-1
377,21,733.037,475.788,46.231,125.225,0.605708,-1,-1,-1
377,24,284.421,444.055,140.483,305.643,0.789623,-1,-1,-1
377,25,128.939,442.569,236.323,378.427,0.905087,-1,-1,-1
377,17,1254.964,442.176,42.444,106.562,0.672720,-1,-1,-1
377,29,-0.112,437.946,97.027,381.868,0.760258,-1,-1,-1
377,22,373.212,461.367,53.978,119.747,0.722394,-1,-1,-1
378,4,1069.061,395.519,265.590,621.614,0.763755,-1,-1,-1
378,15,940.166,412.031,165.199,529.148,0.873244,-1,-1,-1
378,19,485.071,395.856,175.225,382.402,0.854196,-1,-1,-1
378,21,733.551,476.748,44.897,123.566,0.600547,-1,-1,-1
378,24,292.762,438.272,130.594,311.481,0.751977,-1,-1,-1
378,25,138.051,441.210,236.000,376.668,0.900663,-1,-1,-1
378,17,1254.913,441.348,42.285,107.194,0.679690,-1,-1,-1
378,29,0.628,431.260,128.145,385.040,0.894284,-1,-1,-1
378,22,374.219,461.538,51.742,121.951,0.698325,-1,-1,-1
379,4,1069.297,398.109,271.416,618.496,0.761766,-1,-1,-1
379,15,941.467,412.819,164.450,527.531,0.877177,-1,-1,-1
379,19,491.241,396.457,177.791,380.601,0.830395,-1,-1,-1
379,21,732.861,478.466,44.703,121.998,0.609230,-1,-1,-1
379,24,301.195,435.439,123.700,312.122,0.766547,-1,-1,-1
379,25,142.709,443.651,238.653,373.311,0.930640,-1,-1,-1
379,17,1255.311,441.646,41.604,107.332,0.658235,-1,-1,-1
379,29,0.382,432.237,153.447,380.009,0.869036,-1,-1,-1
379,22,375.814,462.023,49.622,122.909,0.683308,-1,-1,-1
380,4,1069.722,397.798,282.688,619.120,0.813400,-1,-1,-1
380,15,941.408,412.637,168.671,528.315,0.884370,-1,-1,-1
380,19,496.128,398.668,177.537,378.712,0.816593,-1,-1,-1
380,21,731.422,476.850,46.339,123.215,0.558098,-1,-1,-1
380,24,307.530,433.191,118.319,318.361,0.783437,-1,-1,-1
380,25,152.241,443.621,233.378,373.057,0.913337,-1,-1,-1
380,17,1255.100,441.733,41.795,106.535,0.661762,-1,-1,-1
380,29,0.198,431.503,163.869,379.780,0.866349,-1,-1,-1
381,4,1069.287,396.727,285.006,620.423,0.786658,-1,-1,-1
381,15,943.040,413.229,174.605,527.727,0.892895,-1,-1,-1
381,19,506.451,401.452,167.665,373.660,0.830070,-1,-1,-1
381,21,731.644,476.473,47.157,123.545,0.632629,-1,-1,-1
381,24,317.710,430.651,110.776,321.913,0.798895,-1,-1,-1
381,25,154.950,440.866,233.447,374.069,0.908248,-1,-1,-1
381,17,1255.083,442.140,41.681,104.886,0.661967,-1,-1,-1
381,29,0.230,431.553,183.490,377.723,0.875819,-1,-1,-1
381,18,648.457,482.063,50.993,128.473,0.600872,-1,-1,-1
382,4,1069.996,399.250,282.944,618.073,0.777618,-1,-1,-1
382,15,943.567,413.281,178.046,527.414,0.890297,-1,-1,-1
382,19,520.757,404.015,157.646,370.138,0.873889,-1,-1,-1
382,21,731.948,475.403,47.351,124.023,0.649345,-1,-1,-1
382,24,331.224,435.398,102.247,314.235,0.804297,-1,-1,-1
382,25,161.436,441.488,225.757,372.034,0.902878,-1,-1,-1
382,17,1256.099,444.040,40.271,102.238,0.632925,-1,-1,-1
382,29,0.361,434.700,202.184,374.409,0.877281,-1,-1,-1
382,18,647.779,479.520,53.998,129.248,0.407598,-1,-1,-1
383,4,1070.051,398.916,283.319,618.327,0.794552,-1,-1,-1
383,15,944.020,412.852,180.690,526.825,0.889465,-1,-1,-1
383,19,526.381,406.705,159.174,365.076,0.852076,-1,-1,-1
383,21,732.690,474.638,47.759,125.026,0.613436,-1,-1,-1
383,24,339.941,442.666,100.055,305.802,0.832444,-1,-1,-1
383,25,179.119,442.341,206.200,370.768,0.884938,-1,-1,-1
383,17,1256.031,444.553,40.367,100.814,0.628406,-1,-1,-1
383,29,0.287,435.746,213.297,373.862,0.921123,-1,-1,-1
383,18,649.633,479.434,56.058,128.409,0.359997,-1,-1,-1
384,4,1071.765,398.411,279.294,619.105,0.804562,-1,-1,-1
384,15,944.668,412.399,181.404,527.924,0.885977,-1,-1,-1
384,19,530.628,408.002,164.543,360.981,0.867708,-1,-1,-1
384,21,732.515,473.867,48.254,126.826,0.658400,-1,-1,-1
384,24,352.123,445.369,97.811,304.964,0.789501,-1,-1,-1
384,25,189.697,440.535,191.970,371.169,0.893064,-1,-1,-1
384,17,1256.131,444.169,40.539,100.221,0.574413,-1,-1,-1
384,29,0.101,437.163,218.188,372.443,0.937859,-1,-1,-1
385,4,1072.243,395.621,275.552,621.542,0.821490,-1,-1,-1
385,15,945.447,411.231,179.938,530.200,0.876721,-1,-1,-1
385,19,534.998,409.112,162.914,363.592,0.845267,-1,-1,-1
385,21,731.113,472.261,50.103,130.763,0.740744,-1,-1,-1
385,24,355.818,445.959,105.769,304.908,0.816979,-1,-1,-1
385,25,203.423,438.490,174.103,367.748,0.892978,-1,-1,-1
385,17,1256.497,444.042,40.084,98.973,0.557923,-1,-1,-1
385,29,0.085,436.760,218.943,372.057,0.934819,-1,-1,-1
386,4,1071.010,394.476,269.076,622.276,0.826941,-1,-1,-1
386,15,945.640,410.581,178.751,531.370,0.877892,-1,-1,-1
386,19,537.062,410.002,161.995,364.822,0.858121,-1,-1,-1
386,21,730.087,469.976,51.070,134.237,0.733280,-1,-1,-1
386,24,358.117,440.038,125.539,306.866,0.811986,-1,-1,-1
386,25,213.090,437.125,164.048,363.958,0.886264,-1,-1,-1
386,17,1256.722,443.210,39.082,97.576,0.585950,-1,-1,-1
386,29,0.082,431.483,217.838,376.904,0.927738,-1,-1,-1
387,4,1068.700,395.693,271.814,620.531,0.822410,-1,-1,-1
387,15,946.131,410.748,177.755,531.249,0.879025,-1,-1,-1
387,19,539.671,409.821,160.894,361.240,0.873500,-1,-1,-1
387,21,729.604,464.666,51.563,140.078,0.762092,-1,-1,-1
387,24,362.295,435.597,145.588,310.980,0.882630,-1,-1,-1
387,25,220.592,440.077,157.396,360.554,0.850571,-1,-1,-1
387,17,1256.334,444.424,38.636,91.773,0.436263,-1,-1,-1
387,29,1.784,431.871,216.182,376.670,0.928258,-1,-1,-1
388,4,1050.562,394.681,279.345,621.684,0.838413,-1,-1,-1
388,15,946.844,410.903,177.095,531.231,0.877703,-1,-1,-1
388,19,543.198,410.195,157.822,359.194,0.899885,-1,-1,-1
388,21,730.879,464.648,50.301,139.002,0.739263,-1,-1,-1
388,24,365.393,435.249,161.988,312.110,0.906745,-1,-1,-1
388,25,226.109,442.811,154.096,359.403,0.856426,-1,-1,-1
388,17,1255.743,443.511,39.177,89.996,0.466265,-1,-1,-1
388,29,6.392,430.209,211.914,376.568,0.907269,-1,-1,-1
389,4,1033.140,393.682,305.820,623.026,0.842942,-1,-1,-1
389,15,947.343,411.352,173.583,531.088,0.866435,-1,-1,-1
389,19,545.936,408.651,155.085,360.404,0.901806,-1,-1,-1
389,21,730.146,466.068,51.650,137.213,0.770304,-1,-1,-1
389,24,364.729,438.614,176.288,308.489,0.901982,-1,-1,-1
389,25,234.243,440.467,153.261,362.106,0.877871,-1,-1,-1
389,17,1255.081,442.181,39.548,89.721,0.439238,-1,-1,-1
389,29,18.673,425.877,199.835,378.786,0.897657,-1,-1,-1
390,4,1037.037,396.033,292.635,620.595,0.854603,-1,-1,-1
390,15,947.068,412.108,171.251,530.508,0.861729,-1,-1,-1
390,19,550.884,407.288,151.045,360.853,0.896502,-1,-1,-1
390,21,730.001,463.847,52.086,141.220,0.737947,-1,-1,-1
390,24,366.980,440.137,181.627,306.611,0.879407,-1,-1,-1
390,25,242.945,438.410,152.757,364.849,0.851965,-1,-1,-1
390,17,1254.453,443.388,39.259,88.433,0.568795,-1,-1,-1
390,29,30.816,424.269,185.561,379.202,0.887148,-1,-1,-1
390,28,927.964,432.912,63.747,165.318,0.623910,-1,-1,-1
391,4,1042.104,394.613,279.422,622.814,0.861785,-1,-1,-1
391,15,945.961,413.343,166.489,528.878,0.860425,-1,-1,-1
391,19,558.894,407.667,143.609,360.656,0.879180,-1,-1,-1
391,21,729.969,463.519,51.984,141.909,0.718459,-1,-1,-1
391,24,373.028,438.333,177.300,307.369,0.865123,-1,-1,-1
391,25,248.024,441.334,165.166,363.832,0.832785,-1,-1,-1
391,17,1253.326,444.347,39.337,87.085,0.582220,-1,-1,-1
391,29,43.997,425.478,173.600,378.470,0.833623,-1,-1,-1
391,28,925.157,433.007,64.797,166.958,0.658198,-1,-1,-1
392,4,1045.192,391.811,278.081,625.328,0.851230,-1,-1,-1
392,15,945.359,414.123,166.395,528.018,0.857125,-1,-1,-1
392,19,565.638,404.487,138.991,363.509,0.885891,-1,-1,-1
392,21,728.339,462.085,53.666,142.391,0.765781,-1,-1,-1
392,24,380.758,438.855,169.373,308.027,0.808825,-1,-1,-1
392,25,257.851,440.002,180.309,363.477,0.780114,-1,-1,-1
392,17,1252.212,442.090,40.817,89.409,0.610686,-1,-1,-1
392,29,59.004,425.433,157.316,376.466,0.846778,-1,-1,-1
392,28,923.920,433.827,64.264,176.591,0.664337,-1,-1,-1
393,4,1042.423,393.875,274.968,623.103,0.854737,-1,-1,-1
393,15,946.637,415.986,166.928,526.584,0.855035,-1,-1,-1
393,19,573.798,404.425,130.209,356.364,0.840801,-1,-1,-1
393,21,727.235,459.984,54.524,144.981,0.799244,-1,-1,-1
393,24,394.883,435.431,158.966,306.857,0.819821,-1,-1,-1
393,25,275.681,443.014,180.459,359.697,0.727723,-1,-1,-1
393,17,1250.847,441.824,41.174,91.597,0.623124,-1,-1,-1
393,29,63.358,431.498,157.876,369.547,0.819205,-1,-1,-1
393,28,923.124,434.989,62.849,181.713,0.706247,-1,-1,-1
394,4,1040.844,396.509,278.070,620.340,0.855391,-1,-1,-1
394,15,945.812,416.657,167.177,526.202,0.852853,-1,-1,-1
394,19,580.287,403.477,123.459,354.060,0.834882,-1,-1,-1
394,21,726.794,461.803,54.589,145.327,0.764302,-1,-1,-1
394,24,403.185,435.372,152.738,305.133,0.830770,-1,-1,-1
394,25,273.974,443.464,198.433,359.296,0.773973,-1,-1,-1
394,17,1250.025,442.849,40.550,91.008,0.628684,-1,-1,-1
394,29,68.718,437.679,160.394,363.656,0.836971,-1,-1,-1
394,28,920.911,436.033,62.731,183.763,0.754329,-1,-1,-1
395,4,1037.785,395.555,283.908,622.136,0.850834,-1,-1,-1
395,15,945.490,417.329,166.677,525.771,0.861869,-1,-1,-1
395,19,584.148,402.312,121.749,351.387,0.808661,-1,-1,-1
395,21,725.676,463.750,54.994,146.250,0.730472,-1,-1,-1
395,24,416.095,435.844,140.334,304.543,0.823565,-1,-1,-1
395,25,281.213,444.136,201.613,359.380,0.824125,-1,-1,-1
395,17,1249.157,442.904,39.952,91.419,0.583441,-1,-1,-1
395,29,76.040,438.353,158.945,363.723,0.857098,-1,-1,-1
395,28,917.260,437.134,60.896,177.743,0.721651,-1,-1,-1
396,4,1041.002,396.632,275.121,620.557,0.843539,-1,-1,-1
396,15,944.938,417.224,167.624,525.625,0.856486,-1,-1,-1
396,19,589.223,400.895,122.524,350.015,0.800844,-1,-1,-1
396,21,725.436,464.059,53.585,146.375,0.722657,-1,-1,-1
396,24,423.342,439.877,133.405,299.089,0.810227,-1,-1,-1
396,25,284.575,445.544,205.509,355.611,0.848456,-1,-1,-1
396,17,1247.913,444.102,40.105,91.450,0.605541,-1,-1,-1
396,29,84.586,438.666,169.029,365.231,0.849249,-1,-1,-1
396,28,915.053,438.185,60.920,175.063,0.743842,-1,-1,-1
397,4,1052.736,394.753,257.924,623.277,0.862160,-1,-1,-1
397,15,944.698,418.092,165.539,524.767,0.855544,-1,-1,-1
397,19,591.859,403.502,125.428,346.290,0.837273,-1,-1,-1
397,21,724.999,464.768,52.932,144.097,0.712376,-1,-1,-1
397,24,432.612,441.899,123.232,296.955,0.778261,-1,-1,-1
397,25,296.084,443.040,197.858,357.466,0.887417,-1,-1,-1
397,17,1247.638,444.321,40.788,91.647,0.658552,-1,-1,-1
397,29,93.520,438.246,181.957,364.875,0.824833,-1,-1,-1
397,28,912.812,438.923,59.982,175.267,0.740963,-1,-1,-1
398,4,1058.006,394.923,251.070,623.635,0.855971,-1,-1,-1
398,15,944.497,418.450,164.679,524.173,0.858140,-1,-1,-1
398,19,593.673,405.054,131.398,344.838,0.825390,-1,-1,-1
398,21,722.284,465.972,54.725,143.860,0.696271,-1,-1,-1
398,24,439.154,436.346,115.149,304.053,0.772570,-1,-1,-1
398,25,305.406,440.702,192.835,359.336,0.903429,-1,-1,-1
398,17,1246.791,444.430,41.445,91.247,0.677575,-1,-1,-1
398,29,105.714,436.131,188.664,362.817,0.861609,-1,-1,-1
398,28,909.832,439.979,60.248,174.843,0.741314,-1,-1,-1
399,4,1058.398,396.365,265.996,622.881,0.823859,-1,-1,-1
399,15,943.980,418.098,166.579,524.564,0.853341,-1,-1,-1
399,19,599.652,403.125,133.787,346.712,0.876594,-1,-1,-1
399,21,720.741,465.727,56.175,143.865,0.707971,-1,-1,-1
399,24,455.448,435.769,97.361,302.165,0.771457,-1,-1,-1
399,25,308.021,441.957,193.405,355.890,0.893375,-1,-1,-1
399,17,1245.836,443.799,42.166,96.412,0.663053,-1,-1,-1
399,29,113.723,434.686,193.716,364.534,0.861772,-1,-1,-1
399,28,907.397,440.052,60.071,174.979,0.717350,-1,-1,-1
400,4,1060.694,396.219,267.754,623.839,0.800745,-1,-1,-1
400,15,943.263,418.019,166.899,524.527,0.851848,-1,-1,-1
400,19,601.886,403.185,139.622,345.282,0.861642,-1,-1,-1
400,21,718.601,463.368,57.620,148.132,0.650052,-1,-1,-1
400,24,464.791,430.365,91.981,305.453,0.824091,-1,-1,-1
400,25,310.823,438.357,195.584,360.501,0.867293,-1,-1,-1
400,17,1244.732,444.169,42.686,98.426,0.658207,-1,-1,-1
400,29,121.969,435.723,204.566,362.226,0.866637,-1,-1,-1
400,28,905.337,442.045,61.605,169.497,0.720864,-1,-1,-1
401,4,1062.568,393.174,263.737,628.356,0.794071,-1,-1,-1
401,15,943.259,417.771,166.220,524.919,0.860570,-1,-1,-1
401,19,606.477,404.478,149.414,343.238,0.830089,-1,-1,-1
401,21,717.027,463.983,56.737,148.968,0.639196,-1,-1,-1
401,24,475.687,432.302,88.985,302.554,0.786086,-1,-1,-1
401,25,318.064,438.108,188.310,357.983,0.875089,-1,-1,-1
401,17,1244.443,444.388,41.992,94.531,0.693500,-1,-1,-1
401,29,130.186,438.344,206.972,360.265,0.882578,-1,-1,-1
401,28,903.520,440.427,63.294,167.756,0.825408,-1,-1,-1
402,4,1066.848,395.297,256.681,626.392,0.814853,-1,-1,-1
402,15,943.209,418.399,166.076,524.605,0.859547,-1,-1,-1
402,19,615.719,404.407,156.492,341.547,0.906889,-1,-1,-1
402,21,716.287,465.290,56.604,147.407,0.695292,-1,-1,-1
402,24,478.706,434.396,95.707,297.933,0.785116,-1,-1,-1
402,25,330.594,441.459,176.793,353.763,0.846520,-1,-1,-1
402,17,1244.583,445.201,39.587,93.232,0.692557,-1,-1,-1
402,29,134.903,439.334,219.592,358.630,0.867485,-1,-1,-1
402,28,899.745,439.126,65.487,170.918,0.822932,-1,-1,-1
403,4,1072.263,394.285,242.599,627.310,0.839018,-1,-1,-1
403,15,943.534,417.274,164.127,525.932,0.861754,-1,-1,-1
403,19,620.623,404.759,164.479,342.176,0.856997,-1,-1,-1
403,21,716.211,463.728,56.934,149.877,0.703787,-1,-1,-1
403,24,485.543,434.505,107.598,296.741,0.793705,-1,-1,-1
403,25,342.770,444.703,164.115,346.229,0.816162,-1,-1,-1
403,17,1244.568,443.833,37.387,95.404,0.729259,-1,-1,-1
403,29,139.831,439.899,215.900,355.675,0.894014,-1,-1,-1
403,28,896.940,439.222,65.149,176.145,0.701422,-1,-1,-1
404,4,1073.897,395.779,237.491,626.407,0.857447,-1,-1,-1
404,15,945.336,416.578,162.594,526.838,0.869525,-1,-1,-1
404,19,626.116,407.725,166.825,336.135,0.873995,-1,-1,-1
404,21,716.312,465.240,55.886,149.282,0.683494,-1,-1,-1
404,24,489.010,436.431,123.473,295.291,0.844082,-1,-1,-1
404,25,350.474,442.450,155.645,344.022,0.842573,-1,-1,-1
404,17,1244.113,444.173,36.480,95.856,0.686790,-1,-1,-1
404,29,144.632,439.205,210.695,356.422,0.912551,-1,-1,-1
404,28,895.989,447.592,60.100,168.457,0.374073,-1,-1,-1
405,4,1073.367,392.665,224.707,629.449,0.811596,-1,-1,-1
405,15,947.048,415.789,161.324,527.752,0.862707,-1,-1,-1
405,19,629.513,406.281,170.398,338.904,0.878544,-1,-1,-1
405,21,718.107,468.506,51.398,144.789,0.636110,-1,-1,-1
405,24,492.981,439.267,136.900,293.333,0.880361,-1,-1,-1
405,25,359.788,441.069,143.668,339.967,0.829239,-1,-1,-1
405,17,1243.002,444.697,37.308,95.220,0.646080,-1,-1,-1
405,29,150.452,437.706,204.054,354.571,0.899248,-1,-1,-1
405,28,893.329,445.308,59.551,169.904,0.385950,-1,-1,-1
406,4,1072.278,394.812,209.266,626.568,0.851533,-1,-1,-1
406,15,947.641,416.515,160.560,526.901,0.866801,-1,-1,-1
406,19,633.746,408.115,169.526,333.189,0.878641,-1,-1,-1
406,21,717.387,463.664,56.586,144.999,0.385717,-1,-1,-1
406,24,495.344,439.396,144.915,292.966,0.842805,-1,-1,-1
406,25,379.487,437.325,125.477,338.345,0.799873,-1,-1,-1
406,17,1242.996,445.371,35.401,94.780,0.481105,-1,-1,-1
406,29,159.474,435.244,193.420,355.816,0.886032,-1,-1,-1
406,28,890.294,444.773,58.738,168.140,0.675471,-1,-1,-1
407,4,1069.016,394.723,205.061,628.404,0.851491,-1,-1,-1
407,15,948.651,417.407,158.299,526.096,0.870092,-1,-1,-1
407,19,636.931,409.683,166.292,333.251,0.883555,-1,-1,-1
407,24,495.551,437.995,152.361,295.235,0.853593,-1,-1,-1
407,25,378.260,436.985,131.935,337.847,0.762561,-1,-1,-1
407,17,1242.622,444.592,36.737,96.560,0.615564,-1,-1,-1
407,29,169.063,435.604,187.649,355.291,0.875301,-1,-1,-1
407,28,883.354,448.479,65.227,164.013,0.708663,-1,-1,-1
408,4,1066.284,395.613,204.189,626.620,0.830104,-1,-1,-1
408,15,950.805,418.079,156.260,525.301,0.854681,-1,-1,-1
408,19,640.513,412.810,163.751,330.120,0.900242,-1,-1,-1
408,24,497.746,437.864,154.304,294.169,0.909361,-1,-1,-1
408,25,380.522,437.056,135.144,338.119,0.746092,-1,-1,-1
408,17,1242.211,445.316,37.112,97.151,0.618707,-1,-1,-1
408,29,185.894,434.939,164.556,346.231,0.831760,-1,-1,-1
408,28,876.169,446.793,73.069,165.476,0.802013,-1,-1,-1
409,4,1064.570,394.494,202.074,630.169,0.842594,-1,-1,-1
409,15,951.478,418.353,154.919,523.095,0.852612,-1,-1,-1
409,19,640.591,412.913,164.222,331.020,0.914394,-1,-1,-1
409,24,499.799,434.741,154.992,296.825,0.901037,-1,-1,-1
409,25,409.069,435.269,119.384,338.816,0.766943,-1,-1,-1
409,17,1241.523,445.449,36.499,98.206,0.599273,-1,-1,-1
409,29,199.073,435.395,151.341,338.396,0.880997,-1,-1,-1
409,28,870.849,444.914,78.391,167.607,0.769530,-1,-1,-1
410,4,1063.800,394.079,202.365,629.126,0.830015,-1,-1,-1
410,15,952.855,418.653,154.591,521.684,0.848453,-1,-1,-1
410,19,642.533,411.028,163.199,332.022,0.923553,-1,-1,-1
410,24,506.428,433.355,148.240,295.971,0.905286,-1,-1,-1
410,25,413.807,435.928,130.333,337.971,0.768396,-1,-1,-1
410,17,1240.877,444.940,37.498,99.264,0.589037,-1,-1,-1
410,29,210.676,433.828,141.613,340.319,0.864215,-1,-1,-1
410,28,871.248,441.692,76.630,170.633,0.746174,-1,-1,-1
411,4,1060.278,392.544,203.895,632.984,0.855398,-1,-1,-1
411,15,954.896,419.946,153.239,520.058,0.860887,-1,-1,-1
411,19,642.585,409.727,162.724,332.784,0.919519,-1,-1,-1
411,24,516.761,434.369,136.695,291.996,0.856999,-1,-1,-1
411,25,402.273,435.903,166.670,336.564,0.807691,-1,-1,-1
411,17,1239.611,443.660,38.306,100.133,0.524947,-1,-1,-1
411,29,221.356,432.145,137.062,344.054,0.832932,-1,-1,-1
411,28,870.211,439.527,76.723,173.376,0.798100,-1,-1,-1
412,4,1058.671,393.017,207.140,630.039,0.831518,-1,-1,-1
412,15,955.831,420.177,153.324,520.310,0.858599,-1,-1,-1
412,19,642.936,410.352,161.869,331.795,0.889770,-1,-1,-1
412,24,522.698,432.974,131.724,293.167,0.838275,-1,-1,-1
412,25,418.472,439.495,162.221,330.068,0.831049,-1,-1,-1
412,17,1237.513,443.930,38.509,99.212,0.588992,-1,-1,-1
412,29,228.521,428.975,139.252,347.306,0.860825,-1,-1,-1
412,28,869.183,438.759,77.838,173.836,0.797892,-1,-1,-1
413,4,1055.948,391.088,213.331,631.237,0.822981,-1,-1,-1
413,15,955.757,420.282,153.375,520.306,0.851299,-1,-1,-1
413,19,646.176,407.620,157.339,335.045,0.886605,-1,-1,-1
413,24,532.001,428.497,125.512,296.346,0.805214,-1,-1,-1
413,25,423.234,433.917,167.108,335.907,0.871489,-1,-1,-1
413,17,1238.039,444.745,35.775,96.779,0.505295,-1,-1,-1
413,29,237.475,427.510,137.882,348.403,0.837578,-1,-1,-1
413,28,869.977,439.715,75.916,172.189,0.583398,-1,-1,-1
414,4,1052.565,390.254,222.433,632.208,0.837941,-1,-1,-1
414,15,956.101,419.819,152.385,520.216,0.847480,-1,-1,-1
414,19,649.169,406.796,154.072,336.094,0.888137,-1,-1,-1
414,24,546.165,430.667,113.821,293.970,0.813310,-1,-1,-1
414,25,427.310,431.651,171.008,338.220,0.877242,-1,-1,-1
414,17,1236.589,444.473,35.605,97.838,0.545877,-1,-1,-1
414,29,244.626,430.954,141.898,343.591,0.831357,-1,-1,-1
414,28,869.623,439.451,71.095,170.517,0.588976,-1,-1,-1
415,4,1050.146,390.396,229.473,631.876,0.831024,-1,-1,-1
415,15,958.706,419.744,148.423,522.707,0.844403,-1,-1,-1
415,19,653.915,408.369,150.676,331.753,0.883365,-1,-1,-1
415,24,550.105,430.799,115.618,295.613,0.759373,-1,-1,-1
415,25,428.297,434.793,172.946,335.093,0.873231,-1,-1,-1
415,17,1235.389,445.151,35.422,95.828,0.557524,-1,-1,-1
415,29,257.259,433.433,145.954,341.240,0.854829,-1,-1,-1
415,28,867.837,439.300,63.291,169.651,0.763191,-1,-1,-1
416,4,1049.400,391.507,225.327,631.064,0.860861,-1,-1,-1
416,15,960.490,419.493,146.331,523.747,0.823535,-1,-1,-1
416,19,660.883,409.648,144.767,330.485,0.897437,-1,-1,-1
416,24,559.478,429.074,106.365,296.099,0.770883,-1,-1,-1
416,25,430.358,440.345,175.671,328.576,0.879103,-1,-1,-1
416,17,1235.597,446.578,33.497,89.919,0.526326,-1,-1,-1
416,29,266.080,430.401,150.529,343.756,0.834512,-1,-1,-1
416,28,864.124,435.894,61.404,173.501,0.754977,-1,-1,-1
417,4,1049.454,390.743,224.679,632.388,0.860219,-1,-1,-1
417,15,963.292,419.145,143.163,524.181,0.828950,-1,-1,-1
417,19,671.934,409.530,134.549,328.968,0.886557,-1,-1,-1
417,24,567.883,429.579,108.506,293.676,0.782490,-1,-1,-1
417,25,430.930,440.419,174.340,327.904,0.871204,-1,-1,-1
417,29,274.957,434.998,160.186,336.271,0.865688,-1,-1,-1
417,28,860.681,434.954,60.227,173.478,0.736116,-1,-1,-1
418,4,1047.874,392.140,224.346,632.412,0.868101,-1,-1,-1
418,15,970.388,417.508,135.328,525.025,0.783416,-1,-1,-1
418,19,681.340,409.551,126.029,325.411,0.885677,-1,-1,-1
418,24,578.751,431.457,100.627,290.526,0.788908,-1,-1,-1
418,25,432.484,443.524,173.496,323.881,0.875421,-1,-1,-1
418,29,279.286,437.596,170.544,333.022,0.892553,-1,-1,-1
418,28,859.919,429.375,57.138,177.539,0.520569,-1,-1,-1
419,4,1045.685,393.512,223.303,631.417,0.871221,-1,-1,-1
419,15,974.931,416.907,131.098,524.943,0.805443,-1,-1,-1
419,19,686.615,410.302,124.403,321.757,0.884992,-1,-1,-1
419,24,588.537,432.440,99.167,288.367,0.815201,-1,-1,-1
419,25,436.224,440.208,169.667,326.650,0.895049,-1,-1,-1
419,29,283.238,441.815,177.865,330.229,0.892618,-1,-1,-1
419,28,860.035,425.969,55.317,180.844,0.627388,-1,-1,-1
420,4,1045.449,392.808,219.971,631.704,0.885230,-1,-1,-1
420,15,975.349,415.724,127.688,527.140,0.800059,-1,-1,-1
420,19,694.762,407.292,121.136,325.950,0.866150,-1,-1,-1
420,24,593.668,432.256,101.096,289.340,0.795016,-1,-1,-1
420,25,441.370,439.418,164.586,327.913,0.888300,-1,-1,-1
420,29,285.891,443.514,187.607,329.293,0.899975,-1,-1,-1
420,28,858.378,432.616,53.662,175.300,0.366030,-1,-1,-1
421,4,1045.053,392.047,222.987,633.572,0.891064,-1,-1,-1
421,15,974.849,414.681,127.633,527.837,0.806707,-1,-1,-1
421,19,698.871,405.934,121.337,326.631,0.860828,-1,-1,-1
421,24,596.351,433.022,107.275,288.842,0.853001,-1,-1,-1
421,25,444.538,435.881,159.023,331.398,0.858503,-1,-1,-1
421,29,288.847,441.743,191.309,331.338,0.888533,-1,-1,-1
421,28,857.762,433.281,52.086,174.415,0.607921,-1,-1,-1
422,4,1044.076,393.060,226.214,633.797,0.893394,-1,-1,-1
422,15,973.462,413.762,129.231,526.727,0.812263,-1,-1,-1
422,19,698.407,406.458,125.643,325.161,0.834787,-1,-1,-1
422,24,600.335,432.362,119.635,288.171,0.822615,-1,-1,-1
422,25,451.581,433.824,151.720,332.040,0.859869,-1,-1,-1
422,29,285.788,438.068,199.750,331.848,0.883829,-1,-1,-1
422,28,854.016,434.772,53.789,171.813,0.664191,-1,-1,-1
423,4,1043.463,394.079,227.458,636.270,0.895491,-1,-1,-1
423,15,971.262,415.782,130.647,523.251,0.808668,-1,-1,-1
423,19,703.428,406.505,125.455,324.866,0.806559,-1,-1,-1
423,24,604.010,431.821,132.826,286.628,0.885254,-1,-1,-1
423,25,459.991,433.438,143.188,328.153,0.842671,-1,-1,-1
423,29,288.757,438.035,195.866,331.119,0.878958,-1,-1,-1
423,28,850.156,435.659,58.151,168.806,0.817863,-1,-1,-1
424,4,1043.138,395.116,226.752,637.977,0.882175,-1,-1,-1
424,15,969.412,418.063,130.918,521.115,0.779074,-1,-1,-1
424,19,703.344,404.275,129.687,326.007,0.832254,-1,-1,-1
424,24,605.418,431.677,140.696,286.593,0.881959,-1,-1,-1
424,25,472.936,432.383,131.978,329.087,0.807910,-1,-1,-1
424,29,300.653,436.560,186.450,330.657,0.895420,-1,-1,-1
424,28,848.520,436.722,58.760,168.369,0.843640,-1,-1,-1
425,4,1043.736,395.150,226.806,645.200,0.885728,-1,-1,-1
425,15,968.677,431.305,128.362,506.074,0.763973,-1,-1,-1
425,19,708.575,401.780,128.884,326.111,0.839761,-1,-1,-1
425,24,607.289,431.220,143.505,286.882,0.878050,-1,-1,-1
425,25,498.907,432.241,109.638,327.841,0.744070,-1,-1,-1
425,29,307.740,434.222,181.957,330.847,0.896085,-1,-1,-1
425,28,847.074,438.020,58.253,167.102,0.805330,-1,-1,-1
426,4,1046.103,395.252,225.620,654.196,0.889200,-1,-1,-1
426,15,968.929,443.238,128.746,489.493,0.754167,-1,-1,-1
426,19,712.167,402.797,128.245,324.709,0.860006,-1,-1,-1
426,24,609.324,434.205,146.188,285.138,0.860407,-1,-1,-1
426,25,518.297,432.529,96.069,326.331,0.796818,-1,-1,-1
426,29,320.321,433.862,171.909,330.037,0.881009,-1,-1,-1
426,28,843.388,439.576,58.372,165.401,0.796606,-1,-1,-1
427,4,1048.606,395.467,224.351,658.212,0.878024,-1,-1,-1
427,15,968.838,431.749,133.637,503.014,0.788121,-1,-1,-1
427,19,717.303,405.759,126.153,323.366,0.814919,-1,-1,-1
427,24,609.191,433.665,146.802,286.398,0.870925,-1,-1,-1
427,25,508.114,433.430,108.690,326.144,0.660255,-1,-1,-1
427,29,332.631,435.686,158.328,323.758,0.860739,-1,-1,-1
427,28,839.824,439.489,60.619,165.755,0.791083,-1,-1,-1
428,4,1049.848,394.957,223.022,660.292,0.865116,-1,-1,-1
428,15,968.782,428.561,136.053,505.411,0.802328,-1,-1,-1
428,19,725.062,407.035,122.092,323.646,0.785355,-1,-1,-1
428,24,608.519,435.551,145.926,283.983,0.865835,-1,-1,-1
428,25,526.495,434.021,96.816,327.637,0.809624,-1,-1,-1
428,29,345.394,436.531,143.516,321.731,0.871043,-1,-1,-1
428,28,836.177,440.104,59.480,162.286,0.774069,-1,-1,-1
429,4,1051.505,394.813,220.841,658.196,0.842414,-1,-1,-1
429,15,970.594,425.726,134.833,509.020,0.762837,-1,-1,-1
429,19,731.753,409.846,121.801,321.692,0.797659,-1,-1,-1
429,24,616.037,440.316,133.719,278.752,0.852668,-1,-1,-1
429,25,533.032,436.108,99.293,324.967,0.812778,-1,-1,-1
429,29,363.023,434.193,127.732,322.081,0.814376,-1,-1,-1
429,28,834.945,440.369,56.366,160.468,0.745045,-1,-1,-1
430,4,1054.974,394.248,219.792,669.694,0.818027,-1,-1,-1
430,15,973.243,426.526,137.142,510.187,0.793161,-1,-1,-1
430,19,733.700,410.349,125.212,320.787,0.821143,-1,-1,-1
430,24,622.397,441.170,127.461,275.009,0.831819,-1,-1,-1
430,25,535.975,437.326,117.087,323.304,0.771617,-1,-1,-1
430,29,377.075,433.380,119.734,322.856,0.822318,-1,-1,-1
430,28,833.264,440.345,55.180,158.426,0.759305,-1,-1,-1
430,30,1584.250,307.925,335.817,766.121,0.730973,-1,-1,-1
431,4,1058.431,389.664,216.081,672.534,0.786862,-1,-1,-1
431,15,976.512,421.915,141.622,515.115,0.817145,-1,-1,-1
431,19,732.964,411.231,127.764,320.100,0.830694,-1,-1,-1
431,24,630.643,439.470,119.262,276.707,0.794400,-1,-1,-1
431,25,535.466,437.646,131.938,320.746,0.839125,-1,-1,-1
431,29,386.011,437.957,109.352,316.346,0.871767,-1,-1,-1
431,28,832.227,440.657,54.340,157.120,0.781463,-1,-1,-1
431,30,1539.481,303.892,380.395,774.196,0.823599,-1,-1,-1
432,4,1062.084,387.266,211.222,682.950,0.872612,-1,-1,-1
432,15,978.368,420.632,143.808,517.335,0.827318,-1,-1,-1
432,19,737.091,410.586,125.530,319.663,0.828790,-1,-1,-1
432,24,638.163,439.293,116.352,276.607,0.694910,-1,-1,-1
432,25,538.550,437.561,142.743,319.743,0.837505,-1,-1,-1
432,29,384.932,434.849,115.660,320.898,0.789024,-1,-1,-1
432,28,830.357,438.598,55.389,159.692,0.814437,-1,-1,-1
432,30,1490.019,301.348,429.945,778.608,0.762832,-1,-1,-1
433,4,1065.137,388.250,202.726,654.109,0.870531,-1,-1,-1
433,15,980.365,420.054,144.351,519.158,0.817888,-1,-1,-1
433,19,738.276,410.898,122.797,319.571,0.810054,-1,-1,-1
433,24,668.847,437.497,90.168,274.448,0.668954,-1,-1,-1
433,25,541.113,435.666,150.867,323.299,0.831288,-1,-1,-1
433,29,391.227,435.447,113.751,320.663,0.803615,-1,-1,-1
433,28,829.021,438.698,56.255,159.799,0.757332,-1,-1,-1
433,30,1447.169,295.034,472.796,783.291,0.861418,-1,-1,-1
433,31,1260.896,426.341,99.366,336.016,0.637204,-1,-1,-1
434,4,1070.856,390.461,203.910,586.555,0.602066,-1,-1,-1
434,15,986.063,420.005,140.302,517.455,0.780179,-1,-1,-1
434,19,738.108,411.324,122.392,318.907,0.807282,-1,-1,-1
434,24,676.369,437.315,84.634,275.104,0.691137,-1,-1,-1
434,25,543.415,434.910,154.308,322.844,0.859671,-1,-1,-1
434,29,391.023,436.095,125.945,318.762,0.776387,-1,-1,-1
434,28,827.552,436.614,56.302,162.621,0.751811,-1,-1,-1
434,30,1401.448,294.889,512.553,779.630,0.825199,-1,-1,-1
434,31,1266.713,424.447,98.183,319.984,0.789915,-1,-1,-1
434,32,1184.582,412.545,147.575,380.071,0.711188,-1,-1,-1
435,4,1074.699,389.728,246.170,489.226,0.655996,-1,-1,-1
435,15,984.543,420.360,142.255,500.790,0.777492,-1,-1,-1
435,19,742.547,409.679,118.103,320.601,0.739127,-1,-1,-1
435,24,685.198,436.619,84.221,273.492,0.657366,-1,-1,-1
435,25,544.719,436.661,153.804,321.257,0.870728,-1,-1,-1
435,29,407.680,434.393,127.397,317.816,0.818103,-1,-1,-1
435,28,827.180,437.948,54.375,161.335,0.703976,-1,-1,-1
435,30,1350.829,301.236,514.172,769.339,0.802697,-1,-1,-1
435,31,1269.649,422.760,99.845,315.723,0.750887,-1,-1,-1
435,32,1188.051,408.565,141.432,331.981,0.575670,-1,-1,-1
436,4,1085.238,394.139,237.461,452.846,0.713381,-1,-1,-1
436,15,984.817,420.163,146.694,422.836,0.756256,-1,-1,-1
436,19,740.575,408.330,120.451,319.595,0.769119,-1,-1,-1
436,24,695.984,435.686,82.075,275.553,0.589181,-1,-1,-1
436,25,544.816,437.115,156.514,318.901,0.904977,-1,-1,-1
436,29,410.783,434.010,136.169,318.497,0.835673,-1,-1,-1
436,28,827.029,438.932,53.095,159.553,0.645744,-1,-1,-1
436,30,1299.820,304.915,492.381,757.266,0.751608,-1,-1,-1
436,32,1190.286,404.973,141.186,395.194,0.729228,-1,-1,-1
437,4,1089.453,394.579,208.436,448.108,0.861186,-1,-1,-1
437,15,985.496,422.993,150.277,401.836,0.787242,-1,-1,-1
437,19,739.342,408.786,121.395,316.817,0.764909,-1,-1,-1
437,24,702.581,433.520,82.633,280.213,0.611433,-1,-1,-1
437,25,544.009,439.846,157.998,316.720,0.917227,-1,-1,-1
437,29,417.259,437.789,137.465,315.399,0.856931,-1,-1,-1
437,28,826.587,438.011,51.804,160.503,0.669571,-1,-1,-1
437,30,1222.675,312.666,499.986,747.810,0.597325,-1,-1,-1
437,32,1197.266,405.475,134.391,331.063,0.468552,-1,-1,-1
438,4,1094.567,394.910,184.351,452.608,0.825175,-1,-1,-1
438,15,987.084,422.277,153.304,411.124,0.815674,-1,-1,-1
438,19,742.380,407.599,120.169,316.549,0.794830,-1,-1,-1
438,24,704.234,433.216,93.197,282.945,0.664655,-1,-1,-1
438,25,545.177,442.247,158.095,314.653,0.909750,-1,-1,-1
438,29,422.351,436.402,137.018,312.268,0.868649,-1,-1,-1
438,28,826.885,438.255,50.968,159.596,0.595498,-1,-1,-1
438,30,1185.280,318.421,463.609,737.295,0.692803,-1,-1,-1
439,4,1096.716,397.965,169.747,461.932,0.796212,-1,-1,-1
439,15,989.412,420.954,156.667,426.105,0.814535,-1,-1,-1
439,19,754.189,408.854,110.755,311.057,0.731332,-1,-1,-1
439,24,707.683,434.441,101.443,282.486,0.753741,-1,-1,-1
439,25,548.610,442.179,155.937,313.983,0.900505,-1,-1,-1
439,29,427.513,434.617,134.312,314.617,0.810499,-1,-1,-1
439,28,825.096,439.197,51.648,160.110,0.531222,-1,-1,-1
439,30,1137.246,335.408,447.117,714.727,0.669885,-1,-1,-1
440,15,990.653,420.571,162.161,442.461,0.819533,-1,-1,-1
440,19,766.034,410.997,101.517,306.061,0.672168,-1,-1,-1
440,24,710.981,434.673,112.496,284.593,0.775983,-1,-1,-1
440,25,550.717,441.519,155.063,314.328,0.882421,-1,-1,-1
440,29,428.234,434.897,137.548,312.634,0.791213,-1,-1,-1
440,30,1085.118,347.138,423.195,706.615,0.694907,-1,-1,-1
441,15,994.213,419.627,151.571,412.818,0.662477,-1,-1,-1
441,19,776.412,409.853,94.911,305.940,0.771521,-1,-1,-1
441,24,710.912,433.635,118.757,282.804,0.844569,-1,-1,-1
441,25,553.248,440.758,151.425,311.034,0.876382,-1,-1,-1
441,29,429.400,435.512,136.357,310.411,0.786488,-1,-1,-1
441,30,1034.392,359.072,398.106,698.852,0.713552,-1,-1,-1
441,31,1303.719,422.022,160.297,335.965,0.793723,-1,-1,-1
442,15,999.027,457.388,129.244,311.872,0.393433,-1,-1,-1
442,19,780.340,407.695,93.108,305.818,0.771140,-1,-1,-1
442,24,709.880,431.354,126.802,284.159,0.848353,-1,-1,-1
442,25,555.919,438.178,148.359,314.715,0.858534,-1,-1,-1
442,29,435.806,437.904,127.702,305.704,0.705618,-1,-1,-1
442,30,989.362,362.769,379.733,696.590,0.735757,-1,-1,-1
442,31,1302.214,425.738,172.897,335.109,0.811976,-1,-1,-1
443,19,787.001,408.107,87.999,301.840,0.756883,-1,-1,-1
443,24,709.870,431.265,133.809,284.390,0.850365,-1,-1,-1
443,25,563.847,434.998,141.423,316.424,0.814051,-1,-1,-1
443,29,445.829,434.391,123.199,305.084,0.821041,-1,-1,-1
443,30,945.403,361.852,368.652,693.701,0.703484,-1,-1,-1
443,31,1305.987,428.286,172.410,337.832,0.811320,-1,-1,-1
443,32,1227.680,433.223,129.158,428.163,0.631269,-1,-1,-1
444,19,790.771,407.278,89.260,301.811,0.754052,-1,-1,-1
444,24,710.426,433.320,135.277,281.970,0.864364,-1,-1,-1
444,25,571.515,434.586,135.487,313.332,0.819271,-1,-1,-1
444,29,455.655,436.328,116.827,304.913,0.844970,-1,-1,-1
444,30,902.146,362.531,362.762,680.416,0.754654,-1,-1,-1
444,31,1311.379,428.808,166.914,338.340,0.832837,-1,-1,-1
444,32,1179.946,414.311,168.807,492.461,0.678795,-1,-1,-1
445,19,789.238,405.540,94.055,308.319,0.709368,-1,-1,-1
445,24,710.066,433.540,134.732,280.624,0.822694,-1,-1,-1
445,25,580.858,436.487,125.481,309.789,0.772326,-1,-1,-1
445,29,463.169,438.039,114.731,298.875,0.826619,-1,-1,-1
445,30,859.509,355.592,374.198,682.586,0.664113,-1,-1,-1
445,31,1316.229,428.434,159.857,338.882,0.813468,-1,-1,-1
445,32,1151.232,405.707,195.616,526.940,0.751605,-1,-1,-1
446,19,795.925,407.731,91.862,302.429,0.733635,-1,-1,-1
446,24,710.385,433.269,137.515,281.238,0.844718,-1,-1,-1
446,25,596.062,434.511,113.720,308.735,0.813573,-1,-1,-1
446,29,469.525,442.730,114.621,292.276,0.803186,-1,-1,-1
446,30,822.724,345.416,357.898,672.867,0.717855,-1,-1,-1
446,31,1324.283,427.880,149.166,339.876,0.839535,-1,-1,-1
446,32,1135.653,401.266,203.126,629.405,0.848304,-1,-1,-1
447,19,801.494,406.459,89.462,295.572,0.717015,-1,-1,-1
447,24,712.162,432.856,132.697,280.299,0.830165,-1,-1,-1
447,25,610.822,433.056,101.688,311.250,0.783292,-1,-1,-1
447,29,477.798,454.469,108.470,278.290,0.816298,-1,-1,-1
447,30,794.356,338.677,343.612,672.365,0.626952,-1,-1,-1
447,31,1332.070,424.837,138.949,343.091,0.815263,-1,-1,-1
447,32,1129.888,398.196,212.139,671.449,0.792058,-1,-1,-1
447,4,1067.509,417.324,122.262,529.426,0.693264,-1,-1,-1
448,24,721.556,437.739,127.034,269.623,0.705988,-1,-1,-1
448,25,618.879,431.375,102.589,316.540,0.691452,-1,-1,-1
448,29,476.820,442.419,111.796,283.568,0.753623,-1,-1,-1
448,30,746.165,333.910,373.380,691.770,0.628449,-1,-1,-1
448,31,1335.075,422.390,135.528,345.703,0.815486,-1,-1,-1
448,32,1127.927,396.460,230.407,689.154,0.832872,-1,-1,-1
448,4,1053.434,419.865,134.217,539.439,0.783356,-1,-1,-1
449,24,744.315,441.727,100.280,241.422,0.374808,-1,-1,-1
449,25,630.090,430.524,96.962,315.970,0.766072,-1,-1,-1
449,29,479.492,433.166,117.204,290.695,0.805214,-1,-1,-1
449,30,711.695,331.495,362.273,700.687,0.536079,-1,-1,-1
449,31,1335.897,421.861,138.761,345.858,0.850099,-1,-1,-1
449,32,1128.090,396.819,226.290,694.451,0.839477,-1,-1,-1
449,4,1035.559,422.338,149.256,539.149,0.820723,-1,-1,-1
450,25,637.541,431.416,91.017,312.956,0.787956,-1,-1,-1
450,29,484.252,429.351,116.523,297.536,0.814802,-1,-1,-1
450,30,675.376,329.296,398.373,731.124,0.519413,-1,-1,-1
450,31,1334.368,420.778,144.307,346.116,0.849023,-1,-1,-1
450,32,1129.032,395.892,236.951,693.273,0.875968,-1,-1,-1
450,4,1030.413,424.833,156.412,538.422,0.872316,-1,-1,-1
451,25,649.942,434.050,82.372,314.515,0.663342,-1,-1,-1
451,29,493.427,432.606,121.406,298.365,0.804146,-1,-1,-1
451,30,643.520,337.000,424.628,734.481,0.609956,-1,-1,-1
451,31,1337.145,419.486,147.285,347.459,0.855466,-1,-1,-1
451,32,1121.908,393.206,269.521,691.724,0.900734,-1,-1,-1
451,4,1031.669,423.954,161.432,538.969,0.864683,-1,-1,-1
452,25,645.456,449.249,79.607,267.775,0.605754,-1,-1,-1
452,29,497.208,432.123,127.994,299.136,0.846193,-1,-1,-1
452,30,606.122,344.345,448.424,733.636,0.734599,-1,-1,-1
452,31,1348.261,419.983,141.446,348.525,0.852393,-1,-1,-1
452,32,1101.598,396.324,304.747,690.894,0.890067,-1,-1,-1
452,4,1037.323,423.293,162.856,538.893,0.854530,-1,-1,-1
453,29,499.009,432.613,137.532,297.827,0.801902,-1,-1,-1
453,30,563.343,354.986,471.109,725.358,0.737013,-1,-1,-1
453,31,1357.272,419.674,137.060,349.054,0.853072,-1,-1,-1
453,32,1123.135,397.248,308.527,689.236,0.881265,-1,-1,-1
453,4,1041.369,423.862,163.755,537.057,0.867645,-1,-1,-1
454,29,500.061,435.579,129.938,297.070,0.770411,-1,-1,-1
454,30,527.031,367.281,442.421,713.674,0.750003,-1,-1,-1
454,31,1366.406,420.003,133.083,351.245,0.888101,-1,-1,-1
454,32,1128.773,399.537,316.121,687.733,0.902589,-1,-1,-1
454,4,1045.480,421.539,164.826,539.353,0.872130,-1,-1,-1
454,19,817.941,405.836,85.243,308.552,0.753497,-1,-1,-1
455,29,505.426,445.666,111.892,283.817,0.718538,-1,-1,-1
455,30,486.627,378.782,459.019,702.468,0.794259,-1,-1,-1
455,31,1371.755,419.707,134.730,353.042,0.892508,-1,-1,-1
455,32,1133.629,400.955,317.662,685.953,0.910144,-1,-1,-1
455,4,1048.407,420.254,169.400,541.125,0.871210,-1,-1,-1
455,19,814.220,405.882,94.478,308.419,0.720549,-1,-1,-1
456,30,442.459,389.901,466.556,691.314,0.801067,-1,-1,-1
456,31,1376.425,418.661,135.998,358.185,0.882921,-1,-1,-1
456,32,1139.640,403.603,318.074,680.790,0.907168,-1,-1,-1
456,4,1051.351,421.643,171.990,541.068,0.869891,-1,-1,-1
456,19,812.031,405.193,97.549,308.726,0.789443,-1,-1,-1
457,30,403.222,391.473,439.034,689.583,0.738323,-1,-1,-1
457,31,1380.982,418.461,138.481,363.976,0.900981,-1,-1,-1
457,32,1143.390,402.467,309.145,680.327,0.907772,-1,-1,-1
457,4,1055.067,420.474,173.091,545.487,0.863213,-1,-1,-1
457,19,810.515,405.380,99.885,308.548,0.770485,-1,-1,-1
457,33,381.698,461.897,49.163,118.592,0.668032,-1,-1,-1
457,25,688.541,446.043,63.064,171.491,0.620101,-1,-1,-1
458,30,363.167,388.557,459.738,692.414,0.803653,-1,-1,-1
458,31,1386.210,421.530,142.584,360.950,0.901749,-1,-1,-1
458,32,1143.880,402.871,328.340,679.139,0.906176,-1,-1,-1
458,4,1060.802,419.048,173.452,548.516,0.846143,-1,-1,-1
458,19,810.670,406.344,99.452,304.684,0.763569,-1,-1,-1
458,33,381.870,462.051,49.453,118.338,0.682438,-1,-1,-1
458,25,671.473,443.902,116.542,273.723,0.730745,-1,-1,-1
459,30,327.125,383.627,460.560,697.254,0.819988,-1,-1,-1
459,31,1390.012,422.098,159.816,363.348,0.866661,-1,-1,-1
459,32,1145.448,402.194,332.617,679.718,0.901210,-1,-1,-1
459,4,1068.536,417.746,172.215,551.590,0.841828,-1,-1,-1
459,19,811.197,406.559,99.662,303.017,0.772468,-1,-1,-1
459,33,381.917,462.236,48.079,117.859,0.701702,-1,-1,-1
459,25,662.180,441.095,137.079,293.058,0.733889,-1,-1,-1
460,30,290.144,379.048,481.962,701.701,0.761969,-1,-1,-1
460,31,1394.534,425.489,174.726,366.413,0.885306,-1,-1,-1
460,32,1147.737,399.628,330.925,682.240,0.903581,-1,-1,-1
460,4,1074.709,420.474,173.645,549.770,0.832278,-1,-1,-1
460,19,805.377,406.237,110.666,302.701,0.777269,-1,-1,-1
460,25,661.133,438.347,142.207,302.315,0.805908,-1,-1,-1
461,30,258.739,372.902,455.392,707.798,0.740618,-1,-1,-1
461,31,1397.206,427.627,180.074,364.717,0.882802,-1,-1,-1
461,32,1149.654,401.461,331.629,680.403,0.914924,-1,-1,-1
461,4,1079.977,421.231,177.098,552.280,0.824573,-1,-1,-1
461,19,802.762,406.635,120.900,302.104,0.819799,-1,-1,-1
461,25,657.869,435.812,144.448,308.239,0.862219,-1,-1,-1
461,29,553.586,437.952,99.428,288.862,0.626149,-1,-1,-1
462,30,234.861,366.156,430.313,714.481,0.862106,-1,-1,-1
462,31,1401.811,430.312,181.837,368.014,0.909189,-1,-1,-1
462,32,1153.082,404.592,329.136,677.005,0.913876,-1,-1,-1
462,4,1084.695,420.138,178.968,557.522,0.843868,-1,-1,-1
462,19,801.219,406.681,124.095,303.047,0.807148,-1,-1,-1
462,25,659.548,434.345,143.058,312.578,0.834723,-1,-1,-1
462,29,565.481,434.277,93.492,283.151,0.683488,-1,-1,-1
463,30,207.421,361.882,430.088,718.239,0.850610,-1,-1,-1
463,31,1405.292,430.265,182.047,372.350,0.903723,-1,-1,-1
463,32,1157.311,401.404,325.463,679.989,0.904266,-1,-1,-1
463,4,1086.935,416.593,180.422,561.851,0.865770,-1,-1,-1
463,19,800.046,407.298,128.598,298.859,0.812259,-1,-1,-1
463,25,667.634,432.867,134.984,311.537,0.822504,-1,-1,-1
463,29,565.741,434.852,100.290,282.210,0.767412,-1,-1,-1
463,28,775.626,440.358,46.912,148.127,0.739136,-1,-1,-1
464,30,176.141,357.910,432.235,722.451,0.824789,-1,-1,-1
464,31,1408.802,427.687,177.247,375.928,0.876327,-1,-1,-1
464,32,1163.431,399.574,322.089,678.187,0.892266,-1,-1,-1
464,4,1089.800,412.082,184.173,566.917,0.886234,-1,-1,-1
464,19,799.895,407.185,130.123,300.619,0.842465,-1,-1,-1
464,25,676.861,433.325,124.876,308.311,0.824755,-1,-1,-1
464,29,565.295,434.161,104.108,282.830,0.763316,-1,-1,-1
464,28,774.379,439.709,47.669,147.210,0.742833,-1,-1,-1
465,30,120.087,359.162,464.929,721.268,0.818843,-1,-1,-1
465,31,1417.662,424.497,169.002,382.678,0.898312,-1,-1,-1
465,32,1173.193,397.833,314.063,679.866,0.899585,-1,-1,-1
465,4,1092.794,412.666,184.701,565.959,0.878337,-1,-1,-1
465,19,809.250,405.913,119.898,303.584,0.874942,-1,-1,-1
465,25,682.114,432.778,120.685,308.205,0.836981,-1,-1,-1
465,29,560.066,431.264,110.753,286.338,0.806623,-1,-1,-1
465,28,772.542,437.639,49.423,153.213,0.566338,-1,-1,-1
466,30,90.102,359.946,467.430,720.030,0.828140,-1,-1,-1
466,31,1426.498,419.155,161.884,389.866,0.868632,-1,-1,-1
466,32,1188.388,398.217,300.589,677.412,0.895419,-1,-1,-1
466,4,1096.416,415.302,185.026,564.938,0.866682,-1,-1,-1
466,19,817.474,407.212,111.169,302.417,0.838381,-1,-1,-1
466,25,685.503,432.747,119.975,306.853,0.855170,-1,-1,-1
466,29,561.360,429.950,112.314,286.806,0.797610,-1,-1,-1
466,28,772.600,440.126,48.102,155.382,0.362907,-1,-1,-1
467,30,84.921,366.365,440.500,713.478,0.794840,-1,-1,-1
467,31,1439.737,417.229,149.708,391.963,0.854516,-1,-1,-1
467,32,1207.105,400.755,281.138,672.506,0.870548,-1,-1,-1
467,4,1100.109,415.953,184.341,567.128,0.859719,-1,-1,-1
467,19,823.288,408.026,103.909,303.542,0.844792,-1,-1,-1
467,25,688.253,433.293,122.091,305.653,0.864472,-1,-1,-1
467,29,568.396,429.808,106.713,286.126,0.709095,-1,-1,-1
468,30,67.278,370.129,438.651,709.980,0.807859,-1,-1,-1
468,31,1449.688,416.875,144.104,393.012,0.827932,-1,-1,-1
468,32,1227.057,400.236,265.957,669.995,0.866111,-1,-1,-1
468,4,1105.123,417.092,182.897,576.456,0.863741,-1,-1,-1
468,19,825.295,408.063,102.404,304.568,0.857578,-1,-1,-1
468,25,691.121,433.388,120.959,305.054,0.840568,-1,-1,-1
468,29,572.108,428.140,104.348,285.242,0.835628,-1,-1,-1
469,30,25.808,379.522,458.242,700.693,0.790747,-1,-1,-1
469,31,1464.035,416.239,135.013,393.534,0.859124,-1,-1,-1
469,32,1245.865,394.524,256.607,675.372,0.869078,-1,-1,-1
469,4,1108.266,415.870,183.252,585.453,0.895833,-1,-1,-1
469,19,827.658,405.579,99.286,305.526,0.846741,-1,-1,-1
469,25,696.482,432.127,125.817,306.431,0.845022,-1,-1,-1
469,29,575.458,427.721,102.991,284.283,0.840002,-1,-1,-1
470,30,5.601,386.973,462.361,693.255,0.766986,-1,-1,-1
470,31,1475.035,414.057,129.773,394.951,0.874486,-1,-1,-1
470,32,1274.599,397.509,241.142,671.320,0.852064,-1,-1,-1
470,4,1113.640,415.198,184.194,595.267,0.901344,-1,-1,-1
470,19,828.767,404.231,98.453,308.082,0.847859,-1,-1,-1
470,25,702.099,432.354,131.276,304.181,0.823042,-1,-1,-1
470,29,582.127,428.415,99.997,284.023,0.820050,-1,-1,-1
471,30,-6.966,392.993,455.606,687.211,0.806727,-1,-1,-1
471,31,1483.706,413.672,127.250,395.042,0.877657,-1,-1,-1
471,32,1297.944,398.052,231.086,673.539,0.873028,-1,-1,-1
471,4,1121.124,416.270,180.656,596.856,0.877612,-1,-1,-1
471,19,829.383,404.625,100.332,307.207,0.855029,-1,-1,-1
471,25,707.108,432.582,138.197,304.029,0.791677,-1,-1,-1
471,29,582.382,429.340,101.975,284.009,0.834889,-1,-1,-1
472,30,-10.359,396.260,440.913,683.477,0.790013,-1,-1,-1
472,31,1491.495,412.448,126.322,399.567,0.854717,-1,-1,-1
472,32,1314.751,397.782,221.966,675.168,0.882474,-1,-1,-1
472,4,1126.782,415.947,176.720,598.531,0.882725,-1,-1,-1
472,19,829.721,404.083,103.795,306.023,0.841501,-1,-1,-1
472,25,718.655,432.491,136.988,305.073,0.820232,-1,-1,-1
472,29,583.517,431.113,105.488,280.468,0.838830,-1,-1,-1
473,30,-10.318,398.027,458.221,681.918,0.730076,-1,-1,-1
473,31,1498.055,411.580,125.620,398.256,0.870868,-1,-1,-1
473,32,1323.042,394.318,220.711,683.079,0.879635,-1,-1,-1
473,4,1130.938,416.354,179.638,599.331,0.887661,-1,-1,-1
473,19,831.541,404.389,106.981,306.956,0.799406,-1,-1,-1
473,25,727.835,433.656,133.783,304.806,0.851594,-1,-1,-1
473,29,586.915,430.381,102.722,280.367,0.842040,-1,-1,-1
474,30,-10.078,398.427,474.129,681.615,0.661466,-1,-1,-1
474,31,1502.233,411.410,128.235,400.409,0.873768,-1,-1,-1
474,32,1328.823,393.674,220.611,686.032,0.890788,-1,-1,-1
474,4,1137.016,415.198,178.712,599.830,0.898391,-1,-1,-1
474,19,833.788,404.901,110.246,306.142,0.787727,-1,-1,-1
474,25,726.069,433.320,136.846,302.989,0.847502,-1,-1,-1
474,29,588.940,428.669,104.126,282.437,0.837606,-1,-1,-1
475,30,-10.313,397.971,447.473,682.113,0.686382,-1,-1,-1
475,31,1506.420,409.457,138.191,403.184,0.826751,-1,-1,-1
475,32,1332.454,391.880,221.499,688.651,0.920391,-1,-1,-1
475,4,1142.303,416.293,178.458,599.731,0.900330,-1,-1,-1
475,19,838.020,406.531,108.924,304.641,0.707325,-1,-1,-1
475,25,730.736,432.205,134.599,305.523,0.832612,-1,-1,-1
475,29,593.310,428.163,103.102,281.932,0.806954,-1,-1,-1
475,24,891.009,432.491,74.441,258.859,0.687644,-1,-1,-1
476,30,-8.595,392.447,414.279,687.638,0.683754,-1,-1,-1
476,31,1511.715,410.229,160.432,402.810,0.870946,-1,-1,-1
476,32,1336.841,392.233,218.576,688.535,0.896865,-1,-1,-1
476,4,1145.689,415.827,181.375,600.069,0.905084,-1,-1,-1
476,19,837.958,405.774,94.020,303.607,0.699395,-1,-1,-1
476,25,734.724,432.375,130.925,305.499,0.839503,-1,-1,-1
476,29,593.160,429.670,107.906,278.405,0.817353,-1,-1,-1
476,24,891.550,431.718,88.671,258.922,0.718114,-1,-1,-1
477,30,-7.504,385.726,344.862,694.370,0.746775,-1,-1,-1
477,31,1514.134,408.841,177.124,407.268,0.884666,-1,-1,-1
477,32,1342.728,395.347,216.371,685.463,0.887804,-1,-1,-1
477,4,1148.423,415.961,184.442,600.563,0.898424,-1,-1,-1
477,19,838.602,406.409,89.732,302.056,0.749171,-1,-1,-1
477,25,740.729,430.237,124.261,307.161,0.826618,-1,-1,-1
477,29,596.787,429.840,109.005,276.183,0.791757,-1,-1,-1
477,24,891.848,432.522,97.960,254.915,0.711064,-1,-1,-1
478,30,-6.103,376.670,297.001,703.466,0.780272,-1,-1,-1
478,31,1520.490,409.529,190.158,408.347,0.895710,-1,-1,-1
478,32,1345.071,394.305,220.296,685.369,0.887943,-1,-1,-1
478,4,1153.682,415.524,185.108,602.554,0.893958,-1,-1,-1
478,19,838.398,405.767,91.034,303.623,0.737922,-1,-1,-1
478,25,743.840,429.824,121.759,306.692,0.809578,-1,-1,-1
478,29,602.001,430.777,110.249,276.525,0.796220,-1,-1,-1
478,24,890.660,431.345,108.685,254.888,0.662481,-1,-1,-1
479,30,-4.775,375.088,262.672,705.009,0.785122,-1,-1,-1
479,31,1526.234,409.205,203.117,412.418,0.903132,-1,-1,-1
479,32,1348.684,392.089,224.662,688.188,0.901638,-1,-1,-1
479,4,1158.387,415.558,184.070,604.439,0.895424,-1,-1,-1
479,19,839.444,407.115,88.799,301.343,0.801144,-1,-1,-1
479,25,749.877,429.273,116.927,307.229,0.818636,-1,-1,-1
479,29,603.083,434.792,110.990,272.308,0.802879,-1,-1,-1
479,24,892.101,431.233,113.568,254.294,0.758259,-1,-1,-1
480,30,-3.661,382.613,226.888,696.568,0.709236,-1,-1,-1
480,31,1531.012,413.046,213.614,413.623,0.896339,-1,-1,-1
480,32,1351.805,392.896,236.993,687.588,0.888371,-1,-1,-1
480,4,1163.120,414.567,180.612,606.055,0.871971,-1,-1,-1
480,19,838.618,408.587,89.581,300.514,0.820810,-1,-1,-1
480,25,755.705,430.875,111.874,302.792,0.809778,-1,-1,-1
480,29,605.572,432.216,113.803,273.184,0.813950,-1,-1,-1
480,24,894.359,432.325,114.571,254.344,0.785896,-1,-1,-1
481,30,-2.734,393.861,216.639,685.891,0.775128,-1,-1,-1
481,31,1536.417,416.205,215.793,413.575,0.896346,-1,-1,-1
481,32,1354.105,393.280,251.762,687.065,0.890624,-1,-1,-1
481,4,1167.070,412.868,179.075,608.153,0.860792,-1,-1,-1
481,19,843.835,408.219,85.509,301.158,0.802010,-1,-1,-1
481,25,760.519,431.388,112.353,298.090,0.805264,-1,-1,-1
481,29,608.312,432.401,115.363,274.470,0.807928,-1,-1,-1
481,24,895.341,433.023,114.966,254.398,0.791702,-1,-1,-1
481,34,405.067,476.730,92.490,192.291,0.711337,-1,-1,-1
482,30,-2.199,423.371,192.562,656.603,0.683669,-1,-1,-1
482,31,1542.749,417.566,213.641,414.154,0.895930,-1,-1,-1
482,32,1352.539,389.460,265.703,690.982,0.894635,-1,-1,-1
482,4,1171.206,411.176,177.432,607.609,0.864127,-1,-1,-1
482,19,845.768,407.477,83.873,300.867,0.815795,-1,-1,-1
482,25,761.337,431.999,114.201,296.186,0.848038,-1,-1,-1
482,29,612.069,431.042,113.144,274.456,0.839718,-1,-1,-1
482,24,898.727,435.655,111.741,251.269,0.789563,-1,-1,-1
482,34,402.620,476.038,91.192,195.252,0.641147,-1,-1,-1
482,35,1326.876,410.233,107.271,553.351,0.691853,-1,-1,-1
483,30,-1.338,448.209,169.207,631.826,0.587079,-1,-1,-1
483,31,1548.790,419.948,215.742,418.954,0.910078,-1,-1,-1
483,32,1355.297,389.701,273.964,690.507,0.903318,-1,-1,-1
483,4,1175.555,412.096,177.225,604.933,0.886998,-1,-1,-1
483,19,847.136,406.369,83.162,302.157,0.800946,-1,-1,-1
483,25,768.565,430.813,110.470,296.773,0.876664,-1,-1,-1
483,29,615.582,431.828,114.864,271.485,0.828843,-1,-1,-1
483,24,900.942,435.953,109.471,251.495,0.774445,-1,-1,-1
483,34,387.010,476.130,106.661,195.094,0.431670,-1,-1,-1
483,35,1332.068,412.742,100.848,545.026,0.659328,-1,-1,-1
484,30,-1.125,507.811,193.453,560.791,0.427709,-1,-1,-1
484,31,1553.891,420.390,214.754,420.184,0.886021,-1,-1,-1
484,32,1356.471,394.530,281.650,685.418,0.911256,-1,-1,-1
484,4,1179.827,415.235,176.059,600.522,0.897239,-1,-1,-1
484,19,849.861,406.429,79.576,301.578,0.789274,-1,-1,-1
484,25,780.785,430.522,100.950,300.015,0.765648,-1,-1,-1
484,29,620.696,428.923,116.922,277.274,0.863200,-1,-1,-1
484,24,901.495,437.246,107.611,251.754,0.780427,-1,-1,-1
484,34,367.304,474.965,120.731,197.233,0.602768,-1,-1,-1
484,35,1334.218,422.981,112.257,532.101,0.618029,-1,-1,-1
484,28,739.343,447.597,48.652,135.796,0.777981,-1,-1,-1
485,30,-1.250,534.308,152.930,541.900,0.540518,-1,-1,-1
485,31,1570.095,418.454,197.515,424.338,0.880077,-1,-1,-1
485,32,1357.568,395.916,289.915,684.231,0.902703,-1,-1,-1
485,4,1186.376,418.556,173.281,598.908,0.878464,-1,-1,-1
485,19,852.254,404.877,76.656,301.087,0.765831,-1,-1,-1
485,25,792.578,430.488,95.756,298.435,0.735490,-1,-1,-1
485,29,625.386,426.303,117.147,279.806,0.809160,-1,-1,-1
485,24,893.455,439.819,115.313,250.582,0.768548,-1,-1,-1
485,34,356.437,475.472,124.673,200.797,0.533937,-1,-1,-1
485,35,1334.674,428.669,114.052,525.656,0.592033,-1,-1,-1
485,28,738.810,449.411,45.304,133.086,0.768251,-1,-1,-1
486,30,-0.691,509.687,126.033,525.226,0.393327,-1,-1,-1
486,31,1579.847,417.123,188.381,427.708,0.907984,-1,-1,-1
486,32,1358.527,394.555,292.198,683.386,0.883898,-1,-1,-1
486,4,1193.229,418.682,174.521,598.342,0.898916,-1,-1,-1
486,19,857.409,410.691,71.382,286.254,0.707494,-1,-1,-1
486,25,796.186,430.071,106.846,300.279,0.766224,-1,-1,-1
486,29,630.630,428.487,121.482,277.269,0.819495,-1,-1,-1
486,24,893.143,436.069,116.809,254.285,0.788819,-1,-1,-1
486,34,347.687,473.558,138.761,207.627,0.576808,-1,-1,-1
486,35,1336.919,425.757,117.924,525.809,0.578197,-1,-1,-1
486,28,737.068,448.293,45.282,133.423,0.755237,-1,-1,-1
487,31,1589.125,416.893,179.031,428.758,0.893760,-1,-1,-1
487,32,1363.659,390.300,293.980,688.971,0.872346,-1,-1,-1
487,4,1196.459,419.199,182.225,598.468,0.905534,-1,-1,-1
487,19,862.286,411.715,67.485,288.231,0.540644,-1,-1,-1
487,25,799.530,430.117,115.630,299.052,0.728215,-1,-1,-1
487,29,632.901,425.407,130.799,278.357,0.845090,-1,-1,-1
487,24,898.798,436.674,112.233,253.737,0.795983,-1,-1,-1
487,34,340.662,475.243,138.509,209.772,0.584259,-1,-1,-1
487,35,1342.108,429.524,121.641,529.530,0.547970,-1,-1,-1
487,28,735.858,447.681,44.816,130.189,0.704588,-1,-1,-1
488,31,1593.852,415.051,175.812,432.751,0.867840,-1,-1,-1
488,32,1361.329,389.781,302.689,690.069,0.883291,-1,-1,-1
488,4,1199.187,419.226,193.690,600.417,0.892831,-1,-1,-1
488,19,863.619,414.152,67.689,286.343,0.423245,-1,-1,-1
488,25,799.302,431.626,128.969,299.272,0.818633,-1,-1,-1
488,29,637.108,428.711,129.469,275.939,0.827098,-1,-1,-1
488,24,908.195,432.314,104.155,255.088,0.725955,-1,-1,-1
488,34,329.288,476.780,141.128,207.568,0.491754,-1,-1,-1
488,35,1347.731,424.829,122.758,527.876,0.609791,-1,-1,-1
488,28,736.190,448.733,42.255,127.558,0.659778,-1,-1,-1
489,31,1602.860,414.048,168.688,435.211,0.848954,-1,-1,-1
489,32,1360.639,389.730,315.826,689.541,0.848697,-1,-1,-1
489,4,1201.969,418.383,196.616,602.192,0.899173,-1,-1,-1
489,19,863.362,414.228,69.609,275.314,0.466682,-1,-1,-1
489,25,800.215,435.121,137.018,295.346,0.828758,-1,-1,-1
489,29,639.276,431.952,129.277,272.851,0.861556,-1,-1,-1
489,24,921.496,430.956,93.330,255.480,0.821905,-1,-1,-1
489,34,316.662,478.932,139.574,210.640,0.604689,-1,-1,-1
489,35,1354.104,425.444,121.073,516.589,0.660251,-1,-1,-1
489,28,735.758,449.295,42.017,126.331,0.676617,-1,-1,-1
490,31,1609.143,407.880,167.265,442.845,0.854885,-1,-1,-1
490,32,1365.134,392.984,321.510,685.893,0.757927,-1,-1,-1
490,4,1203.973,418.504,198.823,602.822,0.904778,-1,-1,-1
490,19,863.387,410.642,73.631,271.523,0.485851,-1,-1,-1
490,25,799.898,436.337,143.803,294.784,0.783377,-1,-1,-1
490,29,643.236,433.702,125.895,271.476,0.879885,-1,-1,-1
490,24,927.219,430.591,92.355,255.033,0.776321,-1,-1,-1
490,34,297.136,493.338,157.255,200.023,0.424695,-1,-1,-1
490,35,1356.900,423.559,124.952,518.758,0.527250,-1,-1,-1
490,28,734.728,449.276,41.546,126.163,0.630969,-1,-1,-1
491,31,1614.271,404.304,166.275,448.309,0.845856,-1,-1,-1
491,32,1367.242,390.355,335.093,689.361,0.831797,-1,-1,-1
491,4,1205.557,418.883,199.568,603.224,0.897447,-1,-1,-1
491,25,801.548,437.968,147.254,292.143,0.767963,-1,-1,-1
491,29,645.531,433.027,123.748,273.640,0.866342,-1,-1,-1
491,24,937.205,429.076,86.241,259.225,0.751165,-1,-1,-1
491,34,297.597,488.901,151.567,205.563,0.553693,-1,-1,-1
491,35,1353.156,416.797,152.275,530.999,0.514965,-1,-1,-1
491,28,733.916,447.237,42.270,128.755,0.664131,-1,-1,-1
492,31,1626.073,404.212,160.776,452.021,0.870193,-1,-1,-1
492,32,1373.376,387.703,342.204,692.003,0.622724,-1,-1,-1
492,4,1209.756,419.838,201.568,604.334,0.896336,-1,-1,-1
492,25,801.976,438.039,151.626,294.895,0.884753,-1,-1,-1
492,29,646.464,430.496,123.937,277.527,0.854025,-1,-1,-1
492,24,943.947,431.370,84.961,255.292,0.785639,-1,-1,-1
492,34,297.378,483.811,146.814,210.672,0.536841,-1,-1,-1
492,35,1359.337,411.488,187.473,584.861,0.520890,-1,-1,-1
492,28,728.109,445.132,45.869,131.616,0.732197,-1,-1,-1
493,31,1631.154,404.101,164.989,457.550,0.839989,-1,-1,-1
493,32,1373.423,384.604,331.560,692.943,0.743826,-1,-1,-1
493,4,1208.049,420.247,206.311,603.257,0.885932,-1,-1,-1
493,25,804.171,437.661,152.171,295.501,0.807917,-1,-1,-1
493,29,648.809,431.487,122.127,276.169,0.860370,-1,-1,-1
493,24,951.064,431.648,82.713,253.938,0.832622,-1,-1,-1
493,34,284.277,484.150,155.602,212.303,0.614003,-1,-1,-1
493,35,1363.012,407.089,188.673,593.474,0.390609,-1,-1,-1
493,28,725.904,442.547,45.949,134.304,0.689445,-1,-1,-1
494,31,1629.298,403.901,176.554,466.490,0.800024,-1,-1,-1
494,32,1375.991,384.235,325.988,691.629,0.775326,-1,-1,-1
494,4,1208.311,420.172,211.222,602.482,0.872371,-1,-1,-1
494,25,806.132,434.573,151.308,298.657,0.749717,-1,-1,-1
494,29,648.668,432.692,123.590,274.248,0.835739,-1,-1,-1
494,24,955.813,431.779,85.590,254.561,0.814254,-1,-1,-1
494,34,282.561,479.392,149.847,216.993,0.529023,-1,-1,-1
494,35,1368.433,405.342,196.253,586.368,0.461136,-1,-1,-1
494,28,727.146,443.548,43.248,133.696,0.667318,-1,-1,-1
495,31,1630.143,403.326,182.880,462.647,0.785643,-1,-1,-1
495,32,1377.838,381.328,319.770,694.293,0.832649,-1,-1,-1
495,4,1208.202,419.854,216.268,603.324,0.867979,-1,-1,-1
495,25,810.833,431.411,146.985,301.220,0.805659,-1,-1,-1
495,29,651.129,433.177,121.930,273.900,0.841273,-1,-1,-1
495,24,958.289,432.102,93.052,253.068,0.781755,-1,-1,-1
495,34,273.242,478.106,145.593,218.951,0.414610,-1,-1,-1
495,35,1371.605,404.947,183.022,572.525,0.567589,-1,-1,-1
495,28,728.097,444.778,41.698,135.048,0.498306,-1,-1,-1
496,31,1632.586,400.685,192.676,472.035,0.797986,-1,-1,-1
496,32,1382.113,378.600,316.473,698.498,0.800935,-1,-1,-1
496,4,1208.825,418.927,219.078,603.839,0.883836,-1,-1,-1
496,25,816.826,433.179,141.884,300.706,0.855905,-1,-1,-1
496,29,653.351,432.708,119.435,274.067,0.838341,-1,-1,-1
496,24,958.269,433.859,106.252,249.684,0.826619,-1,-1,-1
496,34,264.825,475.733,153.186,224.902,0.581871,-1,-1,-1
496,35,1370.467,405.241,181.890,567.387,0.597037,-1,-1,-1
497,31,1640.346,402.117,178.809,473.007,0.821969,-1,-1,-1
497,32,1391.449,380.983,312.575,697.371,0.847407,-1,-1,-1
497,4,1208.950,419.194,224.904,603.951,0.896994,-1,-1,-1
497,25,824.509,433.723,134.297,301.840,0.842511,-1,-1,-1
497,29,658.390,431.546,114.893,275.850,0.840425,-1,-1,-1
497,24,958.987,437.758,116.348,247.328,0.848685,-1,-1,-1
497,34,258.400,475.638,154.621,226.327,0.659893,-1,-1,-1
497,35,1375.827,405.583,170.990,565.609,0.645551,-1,-1,-1
498,31,1647.555,403.297,199.060,477.583,0.888514,-1,-1,-1
498,32,1407.548,377.545,301.499,701.939,0.807364,-1,-1,-1
498,4,1213.214,418.894,224.471,601.257,0.886454,-1,-1,-1
498,25,834.104,427.529,121.333,307.824,0.815336,-1,-1,-1
498,29,665.193,430.677,108.199,277.841,0.839708,-1,-1,-1
498,24,959.593,438.544,125.005,247.699,0.826903,-1,-1,-1
498,34,259.667,477.194,151.846,227.501,0.642021,-1,-1,-1
498,35,1369.282,406.713,176.575,559.367,0.645333,-1,-1,-1
499,31,1652.970,408.189,212.719,475.398,0.890513,-1,-1,-1
499,32,1422.313,374.692,304.163,705.103,0.762478,-1,-1,-1
499,4,1216.301,417.254,226.254,601.927,0.895916,-1,-1,-1
499,25,838.968,420.646,114.569,312.470,0.767732,-1,-1,-1
499,29,673.340,430.888,100.587,278.039,0.878152,-1,-1,-1
499,24,960.220,433.446,130.442,252.729,0.834691,-1,-1,-1
499,34,238.444,478.685,160.977,229.095,0.651422,-1,-1,-1
499,35,1366.839,406.025,189.176,558.568,0.696842,-1,-1,-1
500,31,1658.184,410.894,228.296,479.792,0.884312,-1,-1,-1
500,32,1437.964,374.415,300.295,705.617,0.771810,-1,-1,-1
500,4,1221.629,416.967,225.030,602.353,0.887938,-1,-1,-1
500,25,844.626,416.478,112.022,317.257,0.775682,-1,-1,-1
500,29,674.496,429.392,99.396,277.575,0.869452,-1,-1,-1
500,24,963.724,436.043,130.336,250.465,0.822390,-1,-1,-1
500,34,232.313,479.499,131.813,227.652,0.621624,-1,-1,-1
500,35,1368.531,407.605,192.768,557.360,0.713883,-1,-1,-1
501,31,1664.400,412.092,244.884,484.397,0.881428,-1,-1,-1
501,32,1463.953,371.984,264.906,708.134,0.787391,-1,-1,-1
501,4,1235.944,417.373,215.577,605.153,0.870672,-1,-1,-1
501,25,852.806,419.513,111.276,314.916,0.753555,-1,-1,-1
501,29,683.985,430.058,91.935,276.966,0.822969,-1,-1,-1
501,24,966.399,434.595,128.395,252.041,0.860942,-1,-1,-1
501,34,220.766,478.894,149.951,235.536,0.560299,-1,-1,-1
501,35,1375.524,410.407,191.151,553.199,0.782235,-1,-1,-1
502,31,1675.673,410.034,240.435,486.384,0.877077,-1,-1,-1
502,32,1486.052,371.446,265.882,708.633,0.792050,-1,-1,-1
502,4,1250.642,418.053,209.304,604.957,0.868921,-1,-1,-1
502,25,856.108,412.781,92.427,299.604,0.676404,-1,-1,-1
502,29,685.963,433.055,92.749,274.036,0.791946,-1,-1,-1
502,24,968.410,436.300,126.481,250.289,0.828036,-1,-1,-1
502,34,207.942,480.020,155.825,236.149,0.576772,-1,-1,-1
502,35,1383.608,411.372,185.674,552.627,0.816999,-1,-1,-1
502,19,869.985,430.833,102.170,304.298,0.765526,-1,-1,-1
503,31,1682.460,409.660,237.514,487.550,0.882497,-1,-1,-1
503,32,1500.578,371.651,272.514,708.407,0.796924,-1,-1,-1
503,4,1266.626,416.718,198.892,610.348,0.886301,-1,-1,-1
503,25,858.279,410.142,83.139,293.663,0.651287,-1,-1,-1
503,29,693.817,433.207,86.362,270.719,0.817970,-1,-1,-1
503,24,974.760,436.672,120.799,249.014,0.812186,-1,-1,-1
503,34,193.108,480.409,147.784,235.114,0.482104,-1,-1,-1
503,35,1389.226,410.282,184.293,556.200,0.787512,-1,-1,-1
503,19,873.584,432.560,107.284,302.524,0.720692,-1,-1,-1
504,31,1697.108,407.423,225.288,496.307,0.878734,-1,-1,-1
504,32,1508.714,372.261,265.271,707.852,0.785597,-1,-1,-1
504,4,1285.603,417.330,185.101,613.303,0.892123,-1,-1,-1
504,25,860.222,409.125,79.410,293.993,0.620812,-1,-1,-1
504,29,693.198,433.109,89.590,269.248,0.789866,-1,-1,-1
504,24,977.816,429.942,115.759,256.515,0.827227,-1,-1,-1
504,34,176.833,480.089,139.360,236.270,0.564885,-1,-1,-1
504,35,1392.486,410.195,183.650,555.824,0.773240,-1,-1,-1
504,19,874.135,430.241,116.744,304.604,0.689507,-1,-1,-1
505,31,1703.483,406.277,219.819,504.400,0.901704,-1,-1,-1
505,32,1514.751,372.135,275.273,707.935,0.762407,-1,-1,-1
505,4,1297.614,417.137,176.768,620.085,0.899192,-1,-1,-1
505,25,863.514,406.115,77.152,295.528,0.693371,-1,-1,-1
505,29,693.206,432.041,93.549,270.383,0.808574,-1,-1,-1
505,24,990.267,437.400,102.856,248.471,0.763689,-1,-1,-1
505,34,162.261,479.364,149.837,239.783,0.516705,-1,-1,-1
505,35,1412.837,409.400,164.911,560.930,0.766527,-1,-1,-1
505,19,885.036,434.405,119.929,294.549,0.752420,-1,-1,-1
505,36,1071.755,439.514,44.122,132.430,0.767955,-1,-1,-1
505,37,1098.710,432.612,62.696,163.967,0.658078,-1,-1,-1
506,31,1712.042,402.931,211.301,509.776,0.884787,-1,-1,-1
506,32,1518.152,371.341,279.334,708.698,0.778017,-1,-1,-1
506,4,1303.345,415.680,178.204,628.386,0.882822,-1,-1,-1
506,25,865.551,406.386,75.614,298.013,0.746414,-1,-1,-1
506,29,696.260,431.654,94.678,271.948,0.823496,-1,-1,-1
506,24,1003.088,437.577,90.014,246.928,0.783705,-1,-1,-1
506,34,148.923,481.627,159.320,241.324,0.468592,-1,-1,-1
506,35,1430.793,413.997,149.426,552.991,0.797695,-1,-1,-1
506,19,890.540,438.088,127.678,291.958,0.852763,-1,-1,-1
506,36,1071.572,439.550,44.832,135.673,0.682866,-1,-1,-1
506,37,1098.417,431.259,62.744,165.318,0.697056,-1,-1,-1
507,31,1724.087,398.619,199.569,517.849,0.884614,-1,-1,-1
507,32,1523.001,369.504,278.158,710.525,0.833254,-1,-1,-1
507,4,1309.457,413.224,181.304,635.360,0.874156,-1,-1,-1
507,25,867.955,405.155,73.341,298.600,0.707205,-1,-1,-1
507,29,698.734,432.038,103.208,270.585,0.765877,-1,-1,-1
507,24,1011.337,444.842,83.397,239.037,0.735759,-1,-1,-1
507,34,142.803,479.967,140.761,244.089,0.663288,-1,-1,-1
507,35,1442.127,413.036,138.034,558.520,0.796118,-1,-1,-1
507,19,894.751,439.994,133.347,290.861,0.896910,-1,-1,-1
507,36,1072.504,442.391,42.318,124.920,0.568217,-1,-1,-1
507,37,1096.807,430.035,63.170,165.354,0.693934,-1,-1,-1
508,31,1737.818,397.633,185.625,518.836,0.880299,-1,-1,-1
508,32,1527.828,368.674,273.859,711.391,0.855445,-1,-1,-1
508,4,1313.360,412.319,191.421,642.514,0.895260,-1,-1,-1
508,25,870.575,403.966,74.185,298.467,0.669322,-1,-1,-1
508,29,706.603,430.661,110.447,270.563,0.819409,-1,-1,-1
508,24,1018.290,441.314,80.453,242.040,0.745687,-1,-1,-1
508,34,131.259,482.428,135.254,241.374,0.743832,-1,-1,-1
508,35,1450.937,414.530,131.375,560.753,0.788366,-1,-1,-1
508,19,898.639,444.105,139.195,287.312,0.848724,-1,-1,-1
508,37,1093.847,431.334,66.865,164.680,0.529380,-1,-1,-1
509,31,1747.504,396.885,175.319,518.190,0.886509,-1,-1,-1
509,32,1530.118,369.572,272.245,710.455,0.836073,-1,-1,-1
509,4,1317.893,412.701,213.862,646.882,0.893971,-1,-1,-1
509,25,871.204,402.488,77.511,302.765,0.672307,-1,-1,-1
509,29,711.016,429.851,116.998,271.588,0.851412,-1,-1,-1
509,24,1025.146,446.584,77.347,236.618,0.757363,-1,-1,-1
509,34,121.716,481.409,128.672,237.648,0.673911,-1,-1,-1
509,35,1458.122,417.794,129.366,560.938,0.767771,-1,-1,-1
509,19,900.034,443.962,150.479,287.775,0.862007,-1,-1,-1
509,37,1094.832,432.185,66.304,163.025,0.621108,-1,-1,-1
510,31,1764.004,394.516,157.732,517.820,0.879112,-1,-1,-1
510,32,1532.978,370.628,275.383,709.423,0.857311,-1,-1,-1
510,4,1318.582,413.651,234.378,648.204,0.892900,-1,-1,-1
510,25,871.570,402.134,81.825,301.889,0.718450,-1,-1,-1
510,29,712.919,430.294,122.628,270.903,0.865215,-1,-1,-1
510,24,1030.575,448.035,77.609,232.431,0.786824,-1,-1,-1
510,34,109.511,480.565,132.217,241.868,0.538417,-1,-1,-1
510,35,1465.475,417.590,125.679,563.024,0.716626,-1,-1,-1
510,19,900.034,443.178,155.542,289.184,0.884933,-1,-1,-1
510,37,1096.594,436.016,64.587,159.584,0.507188,-1,-1,-1
511,31,1777.360,393.881,144.423,518.322,0.875259,-1,-1,-1
511,32,1536.518,369.372,285.370,710.674,0.806618,-1,-1,-1
511,4,1317.530,414.972,246.315,651.025,0.886837,-1,-1,-1
511,25,872.229,402.997,85.336,300.767,0.708758,-1,-1,-1
511,29,714.894,431.455,124.383,269.981,0.872756,-1,-1,-1
511,24,1034.256,445.235,78.200,233.762,0.754846,-1,-1,-1
511,34,96.794,480.637,133.172,246.674,0.572104,-1,-1,-1
511,35,1470.252,420.028,124.050,560.068,0.701932,-1,-1,-1
511,19,900.459,442.622,158.125,289.038,0.914581,-1,-1,-1
511,37,1096.880,433.459,63.851,162.245,0.527308,-1,-1,-1
512,31,1784.801,391.733,136.641,518.024,0.852922,-1,-1,-1
512,32,1543.175,368.668,289.645,711.401,0.768197,-1,-1,-1
512,4,1316.041,415.688,251.202,654.267,0.904221,-1,-1,-1
512,25,873.539,404.883,86.544,297.123,0.674478,-1,-1,-1
512,29,716.964,432.174,126.375,271.214,0.864452,-1,-1,-1
512,24,1036.262,443.423,81.823,232.398,0.809717,-1,-1,-1
512,34,77.871,481.364,136.775,251.021,0.667327,-1,-1,-1
512,35,1473.019,425.046,124.026,551.760,0.669780,-1,-1,-1
512,19,900.008,441.570,160.596,290.781,0.910677,-1,-1,-1
512,37,1095.472,433.124,66.098,162.787,0.670278,-1,-1,-1
512,28,692.223,450.743,44.447,129.558,0.695313,-1,-1,-1
513,31,1798.871,390.618,122.436,516.726,0.830354,-1,-1,-1
513,32,1547.952,368.123,280.538,711.939,0.732632,-1,-1,-1
513,4,1316.417,414.682,256.924,658.457,0.897764,-1,-1,-1
513,25,872.388,408.143,96.667,296.405,0.607256,-1,-1,-1
513,29,717.596,435.107,125.355,269.553,0.862369,-1,-1,-1
513,24,1038.416,443.497,92.647,234.917,0.778742,-1,-1,-1
513,34,65.064,479.468,141.400,255.593,0.596742,-1,-1,-1
513,35,1480.627,417.978,120.173,546.851,0.727960,-1,-1,-1
513,19,899.989,439.919,162.432,292.819,0.902831,-1,-1,-1
513,37,1098.181,433.748,63.400,163.210,0.679376,-1,-1,-1
513,38,570.534,454.746,33.550,80.328,0.682771,-1,-1,-1
513,28,690.683,450.559,43.441,128.579,0.795092,-1,-1,-1
514,31,1806.881,390.189,113.909,520.963,0.825099,-1,-1,-1
514,32,1553.079,368.125,257.934,711.942,0.748104,-1,-1,-1
514,4,1316.535,416.066,261.026,658.730,0.887812,-1,-1,-1
514,25,873.432,408.934,91.138,292.395,0.627106,-1,-1,-1
514,29,718.763,433.598,124.265,270.267,0.861554,-1,-1,-1
514,24,1038.736,442.252,103.083,237.793,0.789051,-1,-1,-1
514,34,52.545,481.710,163.981,258.053,0.487100,-1,-1,-1
514,35,1485.203,416.829,124.260,546.591,0.725061,-1,-1,-1
514,19,900.006,440.989,163.682,291.877,0.890659,-1,-1,-1
514,37,1100.250,434.584,60.005,162.935,0.599314,-1,-1,-1
514,38,570.565,453.743,34.184,81.070,0.690584,-1,-1,-1
514,28,689.253,449.999,44.144,128.521,0.783309,-1,-1,-1
515,31,1816.005,388.155,104.671,525.273,0.784252,-1,-1,-1
515,32,1557.449,370.374,266.568,709.629,0.738802,-1,-1,-1
515,4,1318.349,416.962,259.391,658.158,0.894103,-1,-1,-1
515,25,873.403,408.011,91.022,292.283,0.667143,-1,-1,-1
515,29,722.890,435.530,120.193,269.458,0.823685,-1,-1,-1
515,24,1039.307,440.418,109.235,242.932,0.809852,-1,-1,-1
515,34,32.760,483.497,164.150,256.216,0.515468,-1,-1,-1
515,35,1487.058,411.360,128.996,555.399,0.701076,-1,-1,-1
515,19,901.577,438.868,163.617,293.543,0.878531,-1,-1,-1
515,37,1102.721,434.717,58.299,163.083,0.536891,-1,-1,-1
515,38,571.069,453.647,34.073,80.921,0.676942,-1,-1,-1
515,28,687.639,449.752,44.569,128.866,0.745112,-1,-1,-1
516,31,1824.229,388.497,96.022,520.875,0.775906,-1,-1,-1
516,32,1564.600,371.694,288.482,707.785,0.805651,-1,-1,-1
516,4,1321.033,417.728,255.697,658.046,0.891873,-1,-1,-1
516,25,877.429,406.264,89.423,294.528,0.693232,-1,-1,-1
516,29,726.872,435.602,114.879,265.016,0.837030,-1,-1,-1
516,24,1041.933,440.136,109.753,245.116,0.804236,-1,-1,-1
516,34,15.277,483.723,180.545,259.522,0.694349,-1,-1,-1
516,35,1491.436,422.241,132.310,545.766,0.750186,-1,-1,-1
516,19,903.606,439.578,162.584,291.141,0.868535,-1,-1,-1
516,37,1102.462,435.948,56.050,158.777,0.634168,-1,-1,-1
516,38,570.741,452.723,34.917,82.719,0.689551,-1,-1,-1
516,28,686.631,448.734,44.837,129.590,0.762156,-1,-1,-1
517,31,1831.656,389.048,88.735,517.209,0.794561,-1,-1,-1
517,32,1572.858,372.633,252.379,701.782,0.730381,-1,-1,-1
517,4,1324.009,417.075,251.604,659.107,0.887687,-1,-1,-1
517,25,877.115,406.065,91.405,295.920,0.678071,-1,-1,-1
517,29,730.565,435.673,111.597,262.193,0.831614,-1,-1,-1
517,24,1041.608,437.982,112.250,244.652,0.813381,-1,-1,-1
517,34,6.230,485.614,169.398,262.204,0.592588,-1,-1,-1
517,35,1494.173,424.341,136.214,540.858,0.734900,-1,-1,-1
517,19,906.621,439.524,159.925,291.081,0.877067,-1,-1,-1
517,37,1103.077,435.680,55.703,158.615,0.660022,-1,-1,-1
517,38,570.463,453.139,34.991,82.441,0.692237,-1,-1,-1
517,28,685.037,449.394,44.240,130.321,0.738696,-1,-1,-1
518,31,1838.250,395.675,81.961,499.910,0.775787,-1,-1,-1
518,32,1579.444,375.595,237.604,698.806,0.811568,-1,-1,-1
518,4,1325.531,416.656,252.299,659.536,0.891267,-1,-1,-1
518,25,873.331,409.548,99.341,295.588,0.666523,-1,-1,-1
518,29,737.258,433.542,108.063,263.974,0.817240,-1,-1,-1
518,24,1043.451,437.057,112.302,245.689,0.827196,-1,-1,-1
518,34,-2.281,488.501,170.545,263.221,0.661522,-1,-1,-1
518,35,1502.487,424.390,137.287,543.001,0.691231,-1,-1,-1
518,19,911.692,441.869,154.249,288.598,0.861811,-1,-1,-1
518,37,1105.177,434.500,55.518,161.494,0.625599,-1,-1,-1
518,38,571.113,452.418,34.562,82.429,0.659859,-1,-1,-1
518,28,683.899,449.457,44.054,130.646,0.759210,-1,-1,-1
519,31,1846.609,406.372,73.662,477.922,0.695032,-1,-1,-1
519,32,1583.776,377.579,240.962,699.998,0.730223,-1,-1,-1
519,4,1325.759,416.366,256.222,660.659,0.895751,-1,-1,-1
519,25,873.572,410.143,97.318,291.209,0.696017,-1,-1,-1
519,29,741.650,430.670,107.450,267.157,0.809863,-1,-1,-1
519,24,1043.424,434.725,113.362,247.204,0.836292,-1,-1,-1
519,34,-4.790,484.602,175.464,271.556,0.593360,-1,-1,-1
519,35,1507.029,419.812,146.590,549.965,0.697447,-1,-1,-1
519,19,915.578,444.214,151.049,284.258,0.811654,-1,-1,-1
519,37,1106.895,434.571,55.286,161.533,0.527219,-1,-1,-1
519,38,571.719,453.772,33.971,80.247,0.639042,-1,-1,-1
519,28,682.593,449.671,44.996,129.728,0.770023,-1,-1,-1
520,31,1861.177,402.860,59.035,465.225,0.669434,-1,-1,-1
520,32,1583.948,379.821,291.257,699.354,0.722874,-1,-1,-1
520,4,1327.273,413.976,262.482,663.645,0.896312,-1,-1,-1
520,25,874.809,409.558,95.341,290.854,0.754663,-1,-1,-1
520,29,744.518,429.945,110.592,265.943,0.829883,-1,-1,-1
520,24,1042.830,438.898,114.026,242.867,0.832718,-1,-1,-1
520,34,-5.871,478.188,181.076,287.686,0.741875,-1,-1,-1
520,35,1515.696,419.457,145.226,549.216,0.679660,-1,-1,-1
520,19,925.017,442.132,146.218,284.493,0.851833,-1,-1,-1
520,37,1110.281,438.148,54.349,157.910,0.405588,-1,-1,-1
520,38,571.900,454.151,33.844,79.481,0.655961,-1,-1,-1
520,28,680.072,448.257,47.807,130.071,0.760009,-1,-1,-1
521,31,1868.178,415.413,51.965,439.727,0.475445,-1,-1,-1
521,32,1583.147,382.661,320.721,697.117,0.806377,-1,-1,-1
521,4,1330.526,412.172,266.177,666.126,0.896711,-1,-1,-1
521,25,874.534,408.222,100.769,295.251,0.788575,-1,-1,-1
521,29,749.828,430.402,106.357,263.971,0.796625,-1,-1,-1
521,24,1043.977,437.248,112.730,245.684,0.833278,-1,-1,-1
521,34,-5.917,477.524,151.369,290.835,0.601470,-1,-1,-1
521,35,1520.032,418.936,152.689,552.803,0.585684,-1,-1,-1
521,19,927.607,438.438,145.821,288.363,0.833562,-1,-1,-1
521,38,572.862,454.255,33.797,79.527,0.665354,-1,-1,-1
521,28,678.601,450.478,47.931,126.372,0.737545,-1,-1,-1
522,32,1580.392,377.487,336.660,702.492,0.896604,-1,-1,-1
522,4,1333.825,410.139,269.306,669.560,0.894266,-1,-1,-1
522,25,874.169,407.691,103.431,296.372,0.788727,-1,-1,-1
522,29,753.692,429.912,102.185,261.368,0.812574,-1,-1,-1
522,24,1046.302,436.736,110.911,245.694,0.838610,-1,-1,-1
522,34,-4.700,480.275,141.212,291.817,0.448914,-1,-1,-1
522,35,1518.375,419.008,163.679,552.693,0.571643,-1,-1,-1
522,19,931.702,440.455,145.151,283.841,0.779309,-1,-1,-1
522,38,573.102,453.767,34.111,79.704,0.666574,-1,-1,-1
522,28,676.255,449.708,49.724,127.642,0.772727,-1,-1,-1
523,32,1578.618,374.430,342.876,705.607,0.881489,-1,-1,-1
523,4,1340.069,408.066,270.318,672.138,0.884337,-1,-1,-1
523,25,875.909,407.099,102.856,300.420,0.770450,-1,-1,-1
523,29,757.663,430.889,99.420,261.110,0.819642,-1,-1,-1
523,24,1048.476,438.975,109.072,244.104,0.837309,-1,-1,-1
523,34,-3.384,494.444,134.854,274.442,0.571432,-1,-1,-1
523,35,1513.596,418.889,177.319,557.824,0.609455,-1,-1,-1
523,19,942.640,440.022,138.565,284.568,0.807696,-1,-1,-1
523,38,573.418,453.240,34.406,80.747,0.671997,-1,-1,-1
523,28,674.831,450.321,50.727,126.624,0.778295,-1,-1,-1
523,39,713.257,450.128,36.963,99.411,0.683513,-1,-1,-1
524,32,1582.710,373.987,340.401,706.066,0.838278,-1,-1,-1
524,4,1351.683,407.269,262.807,671.765,0.886253,-1,-1,-1
524,25,876.919,406.633,105.772,304.164,0.749364,-1,-1,-1
524,29,759.403,428.271,100.014,266.281,0.808843,-1,-1,-1
524,24,1052.089,438.966,108.677,243.997,0.866486,-1,-1,-1
524,34,-3.127,494.771,131.041,279.060,0.439309,-1,-1,-1
524,35,1518.116,416.934,185.965,572.747,0.670993,-1,-1,-1
524,19,958.407,436.473,130.287,290.119,0.787755,-1,-1,-1
524,38,572.849,452.083,35.618,82.438,0.659000,-1,-1,-1
524,28,673.417,449.609,50.993,127.042,0.761100,-1,-1,-1
524,39,713.165,449.319,38.540,98.297,0.712694,-1,-1,-1
525,32,1584.544,371.887,339.396,708.127,0.866537,-1,-1,-1
525,4,1371.057,405.343,246.168,671.734,0.879768,-1,-1,-1
525,25,882.053,405.206,104.751,308.218,0.736356,-1,-1,-1
525,29,764.277,427.398,99.041,268.128,0.793025,-1,-1,-1
525,24,1054.801,438.510,106.938,245.429,0.835366,-1,-1,-1
525,34,-2.723,506.291,114.745,273.791,0.524934,-1,-1,-1
525,35,1520.334,415.124,192.349,584.986,0.707069,-1,-1,-1
525,19,968.876,438.251,117.877,288.391,0.748370,-1,-1,-1
525,38,572.955,451.119,36.136,82.950,0.677465,-1,-1,-1
525,28,671.183,451.009,51.770,125.074,0.770665,-1,-1,-1
525,39,712.894,449.578,38.212,95.797,0.722926,-1,-1,-1
526,32,1585.147,369.226,337.845,710.824,0.799918,-1,-1,-1
526,4,1392.399,408.169,228.709,668.215,0.887471,-1,-1,-1
526,25,891.035,404.433,96.764,310.063,0.744731,-1,-1,-1
526,29,769.379,428.069,98.022,266.661,0.793164,-1,-1,-1
526,24,1062.298,436.766,101.136,246.426,0.784193,-1,-1,-1
526,35,1516.657,415.338,202.807,598.243,0.730025,-1,-1,-1
526,19,984.338,439.795,102.643,287.155,0.745902,-1,-1,-1
526,38,572.594,451.057,36.337,83.384,0.688252,-1,-1,-1
526,28,669.118,451.474,53.371,124.441,0.777805,-1,-1,-1
526,39,713.375,449.259,37.929,95.630,0.766173,-1,-1,-1
526,40,539.977,454.020,30.574,84.649,0.694502,-1,-1,-1
527,32,1583.831,368.666,339.212,711.405,0.657780,-1,-1,-1
527,4,1415.259,409.714,210.089,667.422,0.879789,-1,-1,-1
527,25,898.651,406.344,91.943,308.787,0.817993,-1,-1,-1
527,29,776.857,429.132,103.077,264.652,0.788410,-1,-1,-1
527,24,1066.100,435.959,111.049,245.725,0.752141,-1,-1,-1
527,35,1524.721,413.287,208.283,610.661,0.731620,-1,-1,-1
527,19,991.676,438.496,95.451,288.586,0.740165,-1,-1,-1
527,38,572.425,451.125,36.213,83.517,0.676443,-1,-1,-1
527,28,665.613,451.343,55.793,124.607,0.738950,-1,-1,-1
527,39,713.911,448.936,37.245,94.293,0.755800,-1,-1,-1
527,40,540.116,454.224,30.242,84.481,0.693691,-1,-1,-1
528,32,1593.372,369.262,330.372,710.805,0.711862,-1,-1,-1
528,4,1430.245,409.105,204.319,668.243,0.897998,-1,-1,-1
528,25,905.001,406.406,89.868,309.095,0.811268,-1,-1,-1
528,29,779.194,432.931,110.138,260.505,0.801735,-1,-1,-1
528,24,1076.635,439.308,104.519,240.478,0.782177,-1,-1,-1
528,35,1531.102,410.084,213.109,616.533,0.794825,-1,-1,-1
528,19,989.697,445.940,93.079,280.832,0.681700,-1,-1,-1
528,38,573.676,451.602,35.242,84.634,0.686413,-1,-1,-1
528,28,664.597,450.778,53.994,124.339,0.735695,-1,-1,-1
528,39,714.559,449.397,36.893,93.332,0.707441,-1,-1,-1
528,40,540.395,453.449,31.571,84.833,0.714109,-1,-1,-1
529,32,1661.055,371.683,261.335,623.097,0.636760,-1,-1,-1
529,4,1440.084,409.453,199.899,667.254,0.897862,-1,-1,-1
529,25,911.319,407.141,87.976,308.613,0.775693,-1,-1,-1
529,29,779.317,432.933,123.115,260.107,0.807245,-1,-1,-1
529,24,1082.476,440.863,99.429,237.402,0.720211,-1,-1,-1
529,35,1555.345,414.544,189.770,599.781,0.728262,-1,-1,-1
529,19,997.468,444.868,92.075,283.241,0.673875,-1,-1,-1
529,38,573.977,451.848,35.040,84.896,0.713576,-1,-1,-1
529,28,663.901,452.477,55.852,123.241,0.755587,-1,-1,-1
529,39,715.369,449.955,35.827,93.711,0.704120,-1,-1,-1
529,40,540.507,453.505,32.014,84.191,0.686398,-1,-1,-1
530,32,1695.206,363.994,226.387,593.672,0.789343,-1,-1,-1
530,4,1445.231,405.616,199.364,673.453,0.911035,-1,-1,-1
530,25,914.592,405.074,89.844,311.166,0.764116,-1,-1,-1
530,29,782.578,433.399,125.048,257.955,0.862413,-1,-1,-1
530,24,1088.687,441.214,95.690,236.037,0.752740,-1,-1,-1
530,35,1572.891,413.791,181.202,603.079,0.790758,-1,-1,-1
530,19,996.223,440.653,109.446,287.176,0.764821,-1,-1,-1
530,38,572.016,450.846,36.880,86.216,0.709082,-1,-1,-1
530,28,661.335,451.569,56.085,124.236,0.791289,-1,-1,-1
530,39,715.051,449.660,36.074,94.884,0.696229,-1,-1,-1
530,40,540.430,452.559,32.038,85.060,0.674154,-1,-1,-1
531,32,1698.393,360.486,223.262,632.479,0.621296,-1,-1,-1
531,4,1447.218,403.952,204.270,675.982,0.903502,-1,-1,-1
531,25,915.962,407.127,86.356,308.974,0.771379,-1,-1,-1
531,29,785.483,434.602,126.000,255.995,0.845069,-1,-1,-1
531,24,1091.465,440.547,88.451,237.328,0.777552,-1,-1,-1
531,35,1573.970,416.942,183.539,607.942,0.796991,-1,-1,-1
531,19,997.062,442.031,118.094,285.013,0.793704,-1,-1,-1
531,38,571.392,451.354,36.440,85.728,0.676884,-1,-1,-1
531,28,661.293,451.205,53.615,123.540,0.800153,-1,-1,-1
531,39,714.755,450.145,34.796,95.042,0.663261,-1,-1,-1
531,40,540.795,452.873,31.286,84.058,0.652321,-1,-1,-1
532,32,1691.262,363.432,230.531,679.828,0.762909,-1,-1,-1
532,4,1451.457,407.089,214.471,672.963,0.867965,-1,-1,-1
532,25,917.309,408.155,87.602,305.697,0.782799,-1,-1,-1
532,29,786.814,433.856,130.994,255.299,0.824694,-1,-1,-1
532,24,1093.178,438.805,83.209,240.297,0.767728,-1,-1,-1
532,35,1558.213,417.163,213.700,611.922,0.783492,-1,-1,-1
532,19,1001.417,444.310,121.342,282.166,0.852856,-1,-1,-1
532,38,571.220,449.657,38.219,88.005,0.700049,-1,-1,-1
532,28,660.718,450.268,51.126,123.693,0.806609,-1,-1,-1
532,39,713.571,450.495,34.946,96.142,0.715097,-1,-1,-1
532,40,540.958,453.820,31.007,83.359,0.693551,-1,-1,-1
533,32,1715.355,362.318,206.493,677.304,0.816708,-1,-1,-1
533,4,1453.761,409.297,226.741,670.959,0.873945,-1,-1,-1
533,25,916.814,409.358,93.054,301.780,0.786345,-1,-1,-1
533,29,790.480,434.383,126.435,256.360,0.839736,-1,-1,-1
533,24,1095.977,439.515,80.803,238.716,0.772438,-1,-1,-1
533,35,1556.862,415.315,224.630,611.577,0.738438,-1,-1,-1
533,19,1001.559,445.527,128.701,280.205,0.864596,-1,-1,-1
533,38,573.355,449.478,37.217,88.149,0.699780,-1,-1,-1
533,28,660.273,450.004,49.245,123.695,0.799638,-1,-1,-1
533,39,713.568,451.549,34.544,95.646,0.711678,-1,-1,-1
533,40,541.425,453.735,30.789,82.738,0.672568,-1,-1,-1
534,32,1730.158,366.549,191.336,660.549,0.862645,-1,-1,-1
534,4,1454.738,410.159,230.182,670.140,0.891028,-1,-1,-1
534,25,915.831,409.595,100.755,302.986,0.823217,-1,-1,-1
534,29,794.615,433.667,125.215,257.085,0.848377,-1,-1,-1
534,24,1097.168,440.933,79.756,238.003,0.739893,-1,-1,-1
534,35,1571.016,414.143,216.789,617.331,0.689317,-1,-1,-1
534,19,1000.956,443.151,135.132,284.174,0.808020,-1,-1,-1
534,38,574.617,449.542,36.617,88.369,0.649568,-1,-1,-1
534,28,659.322,449.417,48.583,124.682,0.783346,-1,-1,-1
534,39,714.903,452.300,33.447,95.027,0.661880,-1,-1,-1
534,40,541.848,454.582,30.251,82.027,0.651324,-1,-1,-1
535,32,1738.078,375.154,183.139,676.163,0.860940,-1,-1,-1
535,4,1453.865,411.739,236.608,667.867,0.881093,-1,-1,-1
535,25,914.538,412.084,109.005,300.531,0.845702,-1,-1,-1
535,29,794.790,433.799,128.855,256.896,0.851525,-1,-1,-1
535,24,1099.402,440.484,85.702,238.953,0.810442,-1,-1,-1
535,35,1588.899,412.427,207.185,625.226,0.742224,-1,-1,-1
535,19,1001.226,442.893,139.594,285.659,0.838433,-1,-1,-1
535,38,575.546,450.996,35.827,87.387,0.685681,-1,-1,-1
535,28,659.711,449.453,46.949,123.978,0.774994,-1,-1,-1
535,39,715.198,452.273,33.217,94.742,0.682228,-1,-1,-1
535,40,541.959,455.139,30.714,82.429,0.680150,-1,-1,-1
536,32,1745.340,374.348,175.576,692.921,0.897038,-1,-1,-1
536,4,1453.538,412.934,239.586,666.088,0.870412,-1,-1,-1
536,25,911.991,409.516,117.534,299.197,0.791906,-1,-1,-1
536,29,797.891,433.983,128.194,255.511,0.857747,-1,-1,-1
536,24,1101.369,439.216,85.859,239.681,0.836146,-1,-1,-1
536,35,1596.537,413.247,201.259,624.588,0.675150,-1,-1,-1
536,19,999.907,441.127,144.642,286.568,0.867510,-1,-1,-1
536,38,575.470,452.048,36.353,86.877,0.732753,-1,-1,-1
536,28,658.575,449.937,47.107,121.513,0.758618,-1,-1,-1
536,39,714.396,452.196,32.954,93.808,0.713074,-1,-1,-1
536,40,541.236,456.127,31.545,82.507,0.666030,-1,-1,-1
537,32,1755.148,371.382,165.610,705.291,0.893873,-1,-1,-1
537,4,1454.086,412.355,241.410,667.373,0.880970,-1,-1,-1
537,25,914.986,409.084,121.954,302.031,0.824118,-1,-1,-1
537,29,800.422,433.446,127.220,256.755,0.853294,-1,-1,-1
537,24,1104.652,436.664,80.285,241.566,0.795187,-1,-1,-1
537,35,1601.744,411.589,198.368,625.906,0.732635,-1,-1,-1
537,19,1000.310,439.876,145.730,287.711,0.887006,-1,-1,-1
537,38,576.239,453.241,36.545,86.418,0.693326,-1,-1,-1
537,28,659.104,451.334,46.000,119.503,0.748487,-1,-1,-1
537,39,713.554,451.986,33.586,93.967,0.733024,-1,-1,-1
537,40,541.115,457.699,31.937,81.278,0.653234,-1,-1,-1
538,32,1761.778,366.571,158.809,713.611,0.881190,-1,-1,-1
538,4,1454.500,409.818,244.792,670.183,0.876700,-1,-1,-1
538,25,916.396,409.448,124.460,302.299,0.834579,-1,-1,-1
538,29,801.264,433.050,127.141,256.975,0.852546,-1,-1,-1
538,24,1106.652,437.871,79.490,240.359,0.755591,-1,-1,-1
538,35,1606.977,414.940,190.509,623.851,0.744452,-1,-1,-1
538,19,1004.350,443.580,139.379,283.304,0.875992,-1,-1,-1
538,38,578.034,454.246,35.897,86.001,0.644136,-1,-1,-1
538,28,657.820,453.610,45.743,117.142,0.718202,-1,-1,-1
538,39,713.093,451.867,33.900,93.161,0.743443,-1,-1,-1
538,40,540.967,458.242,31.287,80.590,0.658565,-1,-1,-1
539,32,1770.537,372.903,149.924,708.503,0.873252,-1,-1,-1
539,4,1456.038,407.552,248.195,672.455,0.877239,-1,-1,-1
539,25,917.024,411.419,127.022,299.676,0.853929,-1,-1,-1
539,29,803.372,433.424,127.733,256.600,0.852495,-1,-1,-1
539,24,1106.752,435.911,80.903,245.437,0.746110,-1,-1,-1
539,35,1616.451,418.913,181.417,614.926,0.788686,-1,-1,-1
539,19,1006.314,442.268,137.222,283.868,0.863723,-1,-1,-1
539,38,578.822,454.420,35.315,86.415,0.659542,-1,-1,-1
539,28,656.235,454.068,45.013,117.220,0.760963,-1,-1,-1
539,39,712.302,451.780,34.501,93.679,0.757357,-1,-1,-1
539,40,541.154,458.964,30.863,79.893,0.658644,-1,-1,-1
540,32,1778.558,378.928,141.697,702.798,0.864129,-1,-1,-1
540,4,1458.477,405.986,252.570,673.419,0.853597,-1,-1,-1
540,25,915.577,412.534,136.997,299.378,0.864094,-1,-1,-1
540,29,809.737,434.272,120.924,254.826,0.847864,-1,-1,-1
540,24,1107.962,435.111,79.627,245.818,0.719596,-1,-1,-1
540,35,1624.711,419.013,176.520,607.567,0.780997,-1,-1,-1
540,19,1009.083,441.208,134.863,284.522,0.853716,-1,-1,-1
540,38,578.793,455.305,35.050,85.598,0.661552,-1,-1,-1
540,28,654.050,454.666,43.863,117.079,0.758974,-1,-1,-1
540,39,710.850,451.734,35.321,93.951,0.751049,-1,-1,-1
540,40,540.990,458.721,30.767,80.506,0.681901,-1,-1,-1
541,32,1785.660,379.749,134.609,701.966,0.859985,-1,-1,-1
541,4,1459.660,403.559,258.807,676.084,0.844387,-1,-1,-1
541,25,916.970,413.258,141.107,298.399,0.857884,-1,-1,-1
541,29,811.150,433.165,118.634,255.283,0.845343,-1,-1,-1
541,24,1107.572,436.639,79.896,245.554,0.676626,-1,-1,-1
541,35,1626.005,415.346,186.387,610.368,0.745525,-1,-1,-1
541,19,1010.793,438.223,133.853,289.128,0.829669,-1,-1,-1
541,38,579.008,454.954,35.011,86.158,0.663444,-1,-1,-1
541,28,653.354,456.052,43.629,114.029,0.755945,-1,-1,-1
541,39,709.781,450.848,36.349,97.138,0.755492,-1,-1,-1
541,40,541.168,458.751,30.474,80.543,0.670904,-1,-1,-1
542,32,1793.692,379.049,126.550,702.541,0.848089,-1,-1,-1
542,4,1464.953,403.526,263.840,675.278,0.837055,-1,-1,-1
542,25,914.840,412.211,141.070,298.942,0.859369,-1,-1,-1
542,29,816.719,433.666,115.146,254.918,0.784912,-1,-1,-1
542,24,1109.969,438.159,78.010,245.653,0.610424,-1,-1,-1
542,35,1632.432,413.592,192.321,610.794,0.769572,-1,-1,-1
542,19,1016.567,435.201,129.843,291.374,0.794218,-1,-1,-1
542,38,579.000,454.736,35.491,86.954,0.648619,-1,-1,-1
542,28,653.376,456.157,44.211,113.918,0.774163,-1,-1,-1
542,39,709.602,450.805,36.571,98.709,0.735267,-1,-1,-1
542,40,541.448,457.923,30.259,81.427,0.644379,-1,-1,-1
543,32,1803.000,381.078,116.814,700.344,0.804952,-1,-1,-1
543,4,1472.107,404.159,261.688,674.308,0.859854,-1,-1,-1
543,25,914.793,412.300,139.976,297.187,0.869788,-1,-1,-1
543,29,822.410,434.508,110.840,253.502,0.781154,-1,-1,-1
543,24,1112.464,438.439,76.735,246.163,0.642537,-1,-1,-1
543,35,1637.854,414.314,194.679,608.109,0.792062,-1,-1,-1
543,19,1018.292,433.889,129.814,293.130,0.737369,-1,-1,-1
543,38,579.084,455.283,35.690,86.267,0.629635,-1,-1,-1
543,28,653.315,455.856,45.074,115.663,0.783269,-1,-1,-1
543,39,709.769,451.781,36.064,97.866,0.718594,-1,-1,-1
543,40,541.966,457.586,30.159,81.726,0.618227,-1,-1,-1
544,32,1810.230,381.125,109.661,700.133,0.742926,-1,-1,-1
544,4,1486.166,404.014,252.382,674.149,0.887648,-1,-1,-1
544,25,917.064,411.470,137.376,296.988,0.851893,-1,-1,-1
544,29,833.679,432.109,104.585,254.143,0.769815,-1,-1,-1
544,24,1120.995,439.307,70.581,245.875,0.622590,-1,-1,-1
544,35,1642.767,414.287,197.007,601.611,0.823730,-1,-1,-1
544,19,1027.683,433.527,123.228,291.820,0.727154,-1,-1,-1
544,38,579.133,454.880,35.885,86.694,0.631128,-1,-1,-1
544,28,653.203,455.051,45.253,115.895,0.760215,-1,-1,-1
544,39,710.227,452.239,35.851,97.366,0.727990,-1,-1,-1
544,40,543.124,456.179,31.194,83.310,0.631985,-1,-1,-1
545,32,1815.269,379.219,104.767,701.871,0.737796,-1,-1,-1
545,4,1509.568,404.479,234.422,669.475,0.840314,-1,-1,-1
545,25,918.598,411.856,137.645,295.961,0.842596,-1,-1,-1
545,29,842.761,432.709,98.561,253.373,0.826300,-1,-1,-1
545,24,1125.944,443.743,66.298,241.811,0.671930,-1,-1,-1
545,35,1643.436,411.668,201.249,599.084,0.817874,-1,-1,-1
545,19,1039.765,433.015,115.537,291.790,0.718203,-1,-1,-1
545,38,579.856,453.750,35.082,87.396,0.609300,-1,-1,-1
545,28,652.486,455.088,45.354,114.933,0.781736,-1,-1,-1
545,39,710.435,452.751,35.552,96.185,0.736417,-1,-1,-1
545,40,544.222,453.363,32.623,86.308,0.682783,-1,-1,-1
546,32,1818.056,376.094,102.030,704.865,0.702686,-1,-1,-1
546,4,1525.538,404.116,220.937,669.134,0.854298,-1,-1,-1
546,25,923.679,411.163,133.074,295.694,0.829771,-1,-1,-1
546,29,852.801,430.784,92.361,257.892,0.779303,-1,-1,-1
546,24,1126.852,442.152,65.263,242.336,0.647409,-1,-1,-1
546,35,1646.154,410.678,201.903,598.853,0.809071,-1,-1,-1
546,19,1043.995,436.411,114.925,286.950,0.659290,-1,-1,-1
546,38,579.731,451.606,34.725,88.665,0.611679,-1,-1,-1
546,28,652.269,455.190,44.203,113.873,0.762811,-1,-1,-1
546,39,710.635,452.556,35.416,96.656,0.724252,-1,-1,-1
546,40,544.493,451.887,33.793,87.669,0.694086,-1,-1,-1
547,32,1818.240,373.706,101.861,707.133,0.620031,-1,-1,-1
547,4,1538.625,404.375,210.209,670.176,0.858924,-1,-1,-1
547,25,928.786,409.326,131.310,298.093,0.798345,-1,-1,-1
547,29,856.937,431.431,90.694,256.406,0.778011,-1,-1,-1
547,24,1126.517,439.790,66.556,244.868,0.674501,-1,-1,-1
547,35,1650.184,408.531,203.320,606.864,0.840324,-1,-1,-1
547,19,1039.284,433.586,122.495,291.643,0.641327,-1,-1,-1
547,38,580.472,451.415,34.262,89.282,0.605866,-1,-1,-1
547,28,651.979,455.777,42.798,111.721,0.767468,-1,-1,-1
547,39,711.243,453.213,34.691,96.031,0.689441,-1,-1,-1
547,40,545.130,451.468,33.533,87.881,0.678827,-1,-1,-1
548,32,1821.588,396.621,98.469,684.127,0.459755,-1,-1,-1
548,4,1541.848,401.877,209.224,676.165,0.871423,-1,-1,-1
548,25,931.047,408.739,130.659,300.110,0.756190,-1,-1,-1
548,29,864.587,431.798,83.666,252.569,0.760389,-1,-1,-1
548,24,1123.023,437.947,71.858,246.905,0.628397,-1,-1,-1
548,35,1656.516,409.154,207.143,608.847,0.812472,-1,-1,-1
548,19,1045.070,436.303,120.798,287.583,0.723489,-1,-1,-1
548,38,581.103,451.578,33.902,88.224,0.584329,-1,-1,-1
548,28,650.487,454.849,43.844,113.487,0.779697,-1,-1,-1
548,39,711.933,453.479,34.632,95.326,0.705463,-1,-1,-1
548,40,544.951,450.741,33.746,88.908,0.677874,-1,-1,-1
549,32,1839.991,398.102,80.012,592.746,0.394418,-1,-1,-1
549,4,1543.681,400.043,211.799,679.328,0.876647,-1,-1,-1
549,25,939.099,411.126,124.514,296.684,0.747316,-1,-1,-1
549,29,867.779,433.365,85.436,252.147,0.774440,-1,-1,-1
549,24,1122.686,433.984,72.488,252.235,0.580332,-1,-1,-1
549,35,1666.153,412.129,204.233,609.454,0.765874,-1,-1,-1
549,19,1048.371,434.515,124.897,290.923,0.755767,-1,-1,-1
549,38,580.492,450.692,34.804,89.145,0.602747,-1,-1,-1
549,28,650.005,452.182,43.523,114.697,0.744630,-1,-1,-1
549,39,711.743,452.809,35.398,95.881,0.731411,-1,-1,-1
549,40,544.855,450.463,34.149,89.377,0.692757,-1,-1,-1
550,4,1547.468,400.696,214.661,678.815,0.884003,-1,-1,-1
550,25,950.323,410.136,116.882,295.634,0.692444,-1,-1,-1
550,29,870.119,433.870,85.604,252.711,0.773126,-1,-1,-1
550,24,1119.872,432.530,75.935,255.979,0.620519,-1,-1,-1
550,35,1679.127,412.555,199.288,609.683,0.782428,-1,-1,-1
550,19,1052.690,433.889,123.701,291.917,0.729875,-1,-1,-1
550,38,580.527,451.303,35.807,88.539,0.596817,-1,-1,-1
550,28,648.816,451.628,43.729,114.005,0.739660,-1,-1,-1
550,39,712.007,452.652,35.411,95.787,0.731039,-1,-1,-1
550,40,545.260,450.636,33.485,88.376,0.662679,-1,-1,-1
551,4,1549.581,400.738,227.166,678.773,0.863898,-1,-1,-1
551,25,960.838,409.062,107.195,296.401,0.723761,-1,-1,-1
551,29,873.336,431.321,88.664,257.481,0.765458,-1,-1,-1
551,24,1132.875,432.459,70.111,250.459,0.617589,-1,-1,-1
551,35,1688.749,411.441,197.096,609.147,0.750560,-1,-1,-1
551,19,1058.481,435.286,131.679,290.615,0.801266,-1,-1,-1
551,38,579.897,450.657,36.245,88.809,0.621893,-1,-1,-1
551,28,648.697,452.285,43.415,114.048,0.730991,-1,-1,-1
551,39,712.751,451.591,36.569,96.540,0.752384,-1,-1,-1
551,40,544.851,449.110,34.373,89.976,0.703644,-1,-1,-1
552,4,1554.188,401.455,227.808,678.430,0.863242,-1,-1,-1
552,25,969.329,408.903,99.448,295.307,0.701937,-1,-1,-1
552,29,877.203,430.672,90.301,258.354,0.774202,-1,-1,-1
552,24,1135.372,433.340,70.396,247.462,0.663701,-1,-1,-1
552,35,1691.032,413.749,203.325,611.602,0.779724,-1,-1,-1
552,19,1062.936,436.279,133.298,288.899,0.777862,-1,-1,-1
552,38,579.648,450.130,36.227,89.876,0.670429,-1,-1,-1
552,28,648.606,451.854,42.977,115.560,0.725911,-1,-1,-1
552,39,713.540,450.446,36.922,97.855,0.768846,-1,-1,-1
552,40,545.218,449.899,34.284,88.835,0.715584,-1,-1,-1
553,4,1556.230,402.698,230.571,677.359,0.852875,-1,-1,-1
553,25,983.663,406.762,90.351,295.556,0.723830,-1,-1,-1
553,29,879.895,431.582,98.162,258.107,0.788643,-1,-1,-1
553,24,1135.407,433.512,75.214,245.257,0.649920,-1,-1,-1
553,35,1696.768,410.960,209.500,616.907,0.762288,-1,-1,-1
553,19,1071.457,433.829,126.737,291.741,0.773822,-1,-1,-1
553,38,580.264,450.256,35.217,90.503,0.671018,-1,-1,-1
553,28,646.912,450.592,44.520,117.028,0.715581,-1,-1,-1
553,39,714.200,450.164,36.615,97.930,0.760135,-1,-1,-1
553,40,545.330,449.753,33.731,89.293,0.708444,-1,-1,-1
554,4,1557.765,402.870,232.545,677.217,0.835176,-1,-1,-1
554,25,989.310,407.275,89.233,297.224,0.750416,-1,-1,-1
554,29,880.513,432.775,104.408,258.464,0.822899,-1,-1,-1
554,24,1139.597,434.119,75.220,243.820,0.628255,-1,-1,-1
554,35,1699.961,407.847,215.849,623.574,0.739351,-1,-1,-1
554,19,1076.218,434.306,127.610,290.991,0.790262,-1,-1,-1
554,38,581.327,450.148,33.981,90.104,0.671447,-1,-1,-1
554,28,643.878,452.487,45.093,114.101,0.703746,-1,-1,-1
554,39,714.575,449.947,36.617,97.782,0.755100,-1,-1,-1
554,40,544.800,450.428,33.851,88.592,0.719779,-1,-1,-1
555,4,1558.331,401.993,238.898,678.126,0.826169,-1,-1,-1
555,25,994.878,407.329,89.220,297.115,0.785752,-1,-1,-1
555,29,882.990,433.820,109.440,256.563,0.807261,-1,-1,-1
555,24,1146.073,435.206,72.018,243.728,0.649830,-1,-1,-1
555,35,1711.794,406.862,208.600,623.017,0.796059,-1,-1,-1
555,19,1078.097,435.709,127.496,289.430,0.807861,-1,-1,-1
555,38,581.485,450.206,33.894,91.701,0.674983,-1,-1,-1
555,28,643.295,454.786,44.265,111.132,0.708711,-1,-1,-1
555,39,714.319,448.789,37.118,99.304,0.756198,-1,-1,-1
555,40,544.472,451.868,34.267,88.096,0.735085,-1,-1,-1
556,4,1555.592,402.166,251.175,676.257,0.843023,-1,-1,-1
556,25,996.872,408.569,90.242,294.483,0.789880,-1,-1,-1
556,29,884.951,436.621,108.288,253.298,0.796496,-1,-1,-1
556,24,1150.471,437.584,71.543,240.655,0.496569,-1,-1,-1
556,35,1721.053,407.944,199.355,618.133,0.760035,-1,-1,-1
556,19,1082.797,434.501,130.198,291.228,0.833500,-1,-1,-1
556,38,582.205,450.213,33.247,91.033,0.639305,-1,-1,-1
556,28,641.768,453.811,43.685,111.627,0.760112,-1,-1,-1
556,39,714.165,448.271,37.831,100.805,0.762990,-1,-1,-1
556,40,544.377,451.881,34.425,88.256,0.730789,-1,-1,-1
557,4,1555.458,400.449,263.188,676.946,0.832842,-1,-1,-1
557,25,995.904,410.375,92.898,291.196,0.795148,-1,-1,-1
557,29,886.211,437.447,110.480,251.995,0.794545,-1,-1,-1
557,35,1730.734,408.883,189.041,615.202,0.668936,-1,-1,-1
557,19,1085.971,433.926,131.170,290.810,0.847468,-1,-1,-1
557,38,581.890,450.263,33.589,91.315,0.663115,-1,-1,-1
557,28,641.388,454.114,42.975,110.621,0.757842,-1,-1,-1
557,39,714.345,448.328,37.654,101.914,0.746921,-1,-1,-1
557,40,545.205,452.437,34.094,87.902,0.717507,-1,-1,-1
558,4,1556.981,401.086,271.613,675.620,0.833021,-1,-1,-1
558,25,994.480,409.639,104.237,289.701,0.804953,-1,-1,-1
558,29,888.574,437.286,107.300,252.403,0.792775,-1,-1,-1
558,35,1738.398,414.790,177.330,606.362,0.764886,-1,-1,-1
558,19,1088.658,433.397,128.873,291.023,0.847652,-1,-1,-1
558,38,582.336,450.152,33.219,90.503,0.651734,-1,-1,-1
558,28,640.279,453.137,43.633,111.498,0.744298,-1,-1,-1
558,39,714.396,447.497,37.927,103.422,0.752256,-1,-1,-1
558,40,544.876,451.740,34.874,88.365,0.741320,-1,-1,-1
559,4,1557.977,401.874,280.203,676.000,0.837721,-1,-1,-1
559,25,994.316,411.459,114.525,289.162,0.802549,-1,-1,-1
559,29,888.753,435.666,107.414,254.534,0.776412,-1,-1,-1
559,35,1744.188,413.354,173.242,607.356,0.765013,-1,-1,-1
559,19,1089.858,432.783,127.995,291.197,0.824362,-1,-1,-1
559,38,582.342,450.108,32.921,90.512,0.658504,-1,-1,-1
559,28,639.558,452.467,44.009,112.075,0.739344,-1,-1,-1
559,39,714.690,447.271,37.385,103.572,0.746995,-1,-1,-1
559,40,544.695,451.280,35.272,89.035,0.734075,-1,-1,-1
560,4,1561.535,402.116,289.086,675.734,0.802345,-1,-1,-1
560,25,995.807,411.107,121.869,289.336,0.826604,-1,-1,-1
560,29,891.377,435.358,104.460,252.931,0.787559,-1,-1,-1
560,35,1749.359,407.596,169.306,611.837,0.632784,-1,-1,-1
560,19,1092.289,432.584,129.379,291.446,0.793038,-1,-1,-1
560,38,581.989,450.304,32.874,90.767,0.674105,-1,-1,-1
560,28,639.046,452.629,44.680,111.235,0.741660,-1,-1,-1
560,39,714.860,447.868,36.354,102.758,0.736555,-1,-1,-1
560,40,545.339,453.150,34.738,87.427,0.723652,-1,-1,-1
561,4,1565.631,402.646,292.724,674.773,0.830206,-1,-1,-1
561,25,995.157,411.965,129.691,287.363,0.850130,-1,-1,-1
561,29,893.816,435.999,107.415,249.843,0.787242,-1,-1,-1
561,35,1753.795,403.614,166.318,619.143,0.564952,-1,-1,-1
561,19,1097.817,433.052,128.402,289.248,0.812277,-1,-1,-1
561,38,581.735,450.028,33.172,90.786,0.658939,-1,-1,-1
561,28,639.370,452.599,43.035,110.848,0.747637,-1,-1,-1
561,39,715.349,448.678,36.290,102.172,0.753311,-1,-1,-1
561,40,546.190,452.659,34.184,87.949,0.739440,-1,-1,-1
562,4,1568.364,403.491,299.524,673.117,0.876448,-1,-1,-1
562,25,995.301,414.784,133.399,284.977,0.856265,-1,-1,-1
562,29,898.923,434.990,104.812,248.630,0.781130,-1,-1,-1
562,35,1763.152,398.517,157.874,632.280,0.570696,-1,-1,-1
562,19,1104.750,433.531,125.478,289.466,0.803061,-1,-1,-1
562,38,581.816,449.991,33.511,90.220,0.638407,-1,-1,-1
562,28,639.520,452.335,41.525,111.179,0.744688,-1,-1,-1
562,39,716.065,449.237,35.703,100.533,0.712988,-1,-1,-1
562,40,546.401,453.703,33.800,87.037,0.741738,-1,-1,-1
563,4,1568.919,400.748,309.890,676.789,0.870002,-1,-1,-1
563,25,994.566,422.742,139.268,276.843,0.861866,-1,-1,-1
563,29,907.364,436.370,96.399,247.286,0.769627,-1,-1,-1
563,35,1768.698,392.656,152.662,651.029,0.611455,-1,-1,-1
563,19,1109.427,435.171,124.537,284.201,0.812665,-1,-1,-1
563,38,582.041,452.099,34.544,88.190,0.648566,-1,-1,-1
563,28,639.546,452.288,40.606,109.957,0.746111,-1,-1,-1
563,39,717.277,449.511,35.152,100.358,0.722044,-1,-1,-1
563,40,547.287,454.076,33.267,86.137,0.754523,-1,-1,-1
564,4,1572.859,399.998,311.948,678.390,0.877113,-1,-1,-1
564,25,995.771,419.131,141.161,281.566,0.853616,-1,-1,-1
564,29,915.324,435.646,90.929,248.051,0.736231,-1,-1,-1
564,35,1774.729,388.360,146.563,665.277,0.700002,-1,-1,-1
564,19,1113.759,436.972,121.157,281.073,0.815050,-1,-1,-1
564,38,582.613,453.260,34.280,85.500,0.632126,-1,-1,-1
564,28,639.613,452.343,40.378,109.354,0.729228,-1,-1,-1
564,39,718.223,449.674,34.369,99.814,0.768695,-1,-1,-1
564,40,547.535,452.263,33.207,86.410,0.706734,-1,-1,-1
565,4,1580.565,400.362,312.485,679.134,0.884255,-1,-1,-1
565,25,997.636,413.972,141.567,289.324,0.842779,-1,-1,-1
565,29,920.931,436.329,86.760,246.465,0.762888,-1,-1,-1
565,35,1770.543,390.395,150.514,672.081,0.752185,-1,-1,-1
565,19,1117.340,437.263,121.285,279.369,0.801892,-1,-1,-1
565,38,583.454,453.419,33.429,85.071,0.630326,-1,-1,-1
565,28,639.343,452.757,40.345,110.000,0.732691,-1,-1,-1
565,39,718.444,449.489,34.418,99.803,0.760681,-1,-1,-1
565,40,546.997,452.489,33.197,85.613,0.697731,-1,-1,-1
566,4,1593.654,399.095,305.880,680.827,0.883770,-1,-1,-1
566,25,1000.076,408.544,142.948,296.168,0.862402,-1,-1,-1
566,29,925.106,435.655,96.688,248.599,0.640637,-1,-1,-1
566,35,1778.130,376.008,142.509,687.037,0.724461,-1,-1,-1
566,19,1119.509,435.536,119.968,284.533,0.811644,-1,-1,-1
566,38,583.516,453.505,33.771,85.265,0.659646,-1,-1,-1
566,28,638.317,451.755,39.626,110.270,0.731827,-1,-1,-1
566,39,718.305,449.293,34.985,100.177,0.774348,-1,-1,-1
566,40,546.592,450.910,33.778,86.875,0.718758,-1,-1,-1
567,4,1614.872,398.883,285.593,681.133,0.856285,-1,-1,-1
567,25,1001.719,405.860,141.841,298.525,0.865542,-1,-1,-1
567,29,925.800,435.251,98.667,250.068,0.670066,-1,-1,-1
567,35,1763.691,380.887,156.820,684.473,0.686380,-1,-1,-1
567,19,1122.686,434.460,118.023,286.408,0.816425,-1,-1,-1
567,38,583.370,453.372,34.702,85.847,0.663039,-1,-1,-1
567,28,637.199,450.979,39.464,110.744,0.748892,-1,-1,-1
567,39,717.984,449.352,35.943,100.461,0.781317,-1,-1,-1
567,40,546.405,449.948,34.135,88.066,0.724967,-1,-1,-1
568,4,1635.374,396.591,267.897,683.053,0.903387,-1,-1,-1
568,25,1002.733,406.946,142.425,297.112,0.844150,-1,-1,-1
568,29,932.984,433.052,93.463,248.591,0.651667,-1,-1,-1
568,35,1772.457,391.537,148.018,673.808,0.627734,-1,-1,-1
568,19,1129.089,436.760,115.958,283.770,0.791898,-1,-1,-1
568,38,583.706,453.663,34.890,88.713,0.701027,-1,-1,-1
568,28,636.469,450.441,38.791,111.885,0.761076,-1,-1,-1
568,39,717.779,449.160,36.482,101.000,0.788442,-1,-1,-1
568,40,546.256,450.518,34.627,88.413,0.743444,-1,-1,-1
569,4,1650.336,395.825,253.940,684.122,0.907473,-1,-1,-1
569,25,1002.973,419.112,141.838,284.557,0.863437,-1,-1,-1
569,29,941.403,433.521,87.134,244.488,0.783355,-1,-1,-1
569,35,1778.550,394.532,141.545,672.487,0.649104,-1,-1,-1
569,19,1132.239,434.961,122.015,285.773,0.844338,-1,-1,-1
569,38,583.963,453.744,35.456,89.553,0.714745,-1,-1,-1
569,28,635.525,451.125,39.522,111.098,0.762433,-1,-1,-1
569,39,717.620,449.102,36.930,101.327,0.800209,-1,-1,-1
569,40,546.727,451.125,35.375,88.746,0.737018,-1,-1,-1
570,4,1657.416,397.015,252.379,681.860,0.904183,-1,-1,-1
570,25,1003.776,413.597,141.163,291.075,0.897018,-1,-1,-1
570,29,945.026,434.524,83.992,242.314,0.788224,-1,-1,-1
570,35,1788.161,390.415,131.750,668.429,0.542026,-1,-1,-1
570,19,1136.426,433.624,130.523,287.069,0.862193,-1,-1,-1
570,38,583.495,454.235,35.929,88.606,0.702052,-1,-1,-1
570,28,635.231,452.687,37.655,108.708,0.733377,-1,-1,-1
570,39,717.482,448.732,36.983,102.218,0.810434,-1,-1,-1
570,40,546.879,451.273,35.391,89.023,0.730055,-1,-1,-1
571,4,1662.103,395.566,247.605,683.853,0.873334,-1,-1,-1
571,25,1005.079,414.823,137.614,288.489,0.746549,-1,-1,-1
571,29,947.734,433.844,84.387,245.717,0.770418,-1,-1,-1
571,35,1779.410,396.441,140.198,649.516,0.574594,-1,-1,-1
571,19,1140.198,431.558,137.992,288.785,0.850207,-1,-1,-1
571,38,583.279,454.217,35.618,88.686,0.662265,-1,-1,-1
571,28,635.450,453.132,35.967,108.703,0.733369,-1,-1,-1
571,39,717.080,448.090,37.483,102.804,0.802396,-1,-1,-1
571,40,546.807,451.918,35.598,88.933,0.733375,-1,-1,-1
572,4,1665.959,397.163,250.036,681.185,0.892317,-1,-1,-1
572,25,1007.430,416.081,137.085,288.118,0.844153,-1,-1,-1
572,29,948.617,431.283,85.895,246.205,0.767079,-1,-1,-1
572,35,1781.778,405.813,137.994,644.787,0.453281,-1,-1,-1
572,19,1144.990,432.092,142.523,287.196,0.852135,-1,-1,-1
572,38,582.662,453.374,36.119,89.997,0.693804,-1,-1,-1
572,28,635.063,453.457,35.221,107.600,0.751359,-1,-1,-1
572,39,716.972,446.853,37.746,104.075,0.800101,-1,-1,-1
572,40,547.117,450.908,36.203,90.201,0.752716,-1,-1,-1
573,4,1668.569,398.593,251.929,680.834,0.899079,-1,-1,-1
573,25,1010.296,415.742,135.563,287.596,0.769273,-1,-1,-1
573,29,951.515,431.286,98.409,251.422,0.721889,-1,-1,-1
573,35,1784.638,404.244,135.369,664.308,0.372508,-1,-1,-1
573,19,1149.401,430.664,143.469,288.566,0.690059,-1,-1,-1
573,38,582.349,454.038,36.991,89.277,0.688042,-1,-1,-1
573,28,634.831,453.347,35.451,107.115,0.772184,-1,-1,-1
573,39,717.144,446.724,37.895,104.538,0.796792,-1,-1,-1
573,40,548.361,452.691,35.793,88.291,0.748781,-1,-1,-1
573,41,1112.745,424.342,46.152,155.000,0.723767,-1,-1,-1
574,4,1670.011,401.967,251.906,677.829,0.902374,-1,-1,-1
574,25,1018.695,411.098,127.989,293.589,0.734061,-1,-1,-1
574,29,950.521,431.954,110.553,255.842,0.800755,-1,-1,-1
574,35,1818.566,403.442,101.656,673.443,0.410580,-1,-1,-1
574,19,1150.930,430.012,144.186,289.626,0.700317,-1,-1,-1
574,38,582.765,454.255,35.441,88.814,0.690177,-1,-1,-1
574,28,634.197,452.110,36.947,107.231,0.784123,-1,-1,-1
574,39,717.300,446.501,38.003,105.222,0.805981,-1,-1,-1
574,40,549.547,453.135,35.457,87.172,0.756208,-1,-1,-1
574,41,1114.014,424.128,44.725,153.733,0.688443,-1,-1,-1
575,4,1671.391,399.454,250.905,680.517,0.894026,-1,-1,-1
575,25,1038.465,410.046,105.903,291.110,0.623066,-1,-1,-1
575,29,952.023,432.609,119.700,257.619,0.815724,-1,-1,-1
575,35,1810.264,383.215,109.671,694.964,0.386727,-1,-1,-1
575,19,1153.565,431.381,143.544,288.072,0.811571,-1,-1,-1
575,38,582.139,453.768,37.371,88.578,0.723962,-1,-1,-1
575,28,633.723,453.436,36.854,105.574,0.780881,-1,-1,-1
575,39,717.433,447.078,37.873,104.148,0.806523,-1,-1,-1
575,40,550.195,453.983,35.242,85.977,0.757579,-1,-1,-1
575,41,1115.702,424.961,43.173,152.877,0.641629,-1,-1,-1
576,4,1671.007,397.870,251.180,682.179,0.901608,-1,-1,-1
576,25,1038.104,409.439,109.493,291.243,0.689876,-1,-1,-1
576,29,953.148,432.892,122.218,254.004,0.864743,-1,-1,-1
576,35,1833.137,380.071,86.994,696.149,0.354916,-1,-1,-1
576,19,1156.454,432.695,141.962,286.514,0.843180,-1,-1,-1
576,38,582.702,454.664,37.529,87.507,0.734993,-1,-1,-1
576,28,632.953,454.729,37.902,103.730,0.791456,-1,-1,-1
576,39,718.028,448.377,37.125,103.024,0.808766,-1,-1,-1
576,40,550.997,455.180,34.904,84.794,0.746520,-1,-1,-1
576,41,1117.740,425.910,40.600,150.832,0.592810,-1,-1,-1
577,4,1668.947,396.157,253.012,683.850,0.908746,-1,-1,-1
577,25,1051.153,411.330,96.178,287.184,0.713576,-1,-1,-1
577,29,954.240,433.656,121.907,250.176,0.848281,-1,-1,-1
577,19,1157.462,432.868,142.055,286.262,0.849174,-1,-1,-1
577,38,583.080,455.268,37.121,86.478,0.722562,-1,-1,-1
577,28,632.890,454.586,38.165,104.562,0.808784,-1,-1,-1
577,39,718.203,448.871,37.103,103.496,0.790886,-1,-1,-1
577,40,551.468,457.020,34.405,83.014,0.723589,-1,-1,-1
577,41,1120.419,428.714,37.058,146.441,0.467100,-1,-1,-1
578,4,1665.933,395.545,255.689,684.464,0.909155,-1,-1,-1
578,25,1046.482,425.393,99.574,273.931,0.715179,-1,-1,-1
578,29,954.814,440.735,119.102,239.596,0.819184,-1,-1,-1
578,19,1158.594,434.272,140.997,284.506,0.862119,-1,-1,-1
578,38,582.819,454.509,37.388,86.951,0.744987,-1,-1,-1
578,28,632.416,454.527,37.254,104.023,0.811006,-1,-1,-1
578,39,717.625,449.114,37.495,104.015,0.801939,-1,-1,-1
578,40,550.861,456.134,35.194,84.426,0.713528,-1,-1,-1
578,41,1116.437,425.760,41.244,150.335,0.552005,-1,-1,-1
579,4,1666.836,396.820,254.512,683.101,0.904905,-1,-1,-1
579,25,1057.860,428.300,91.130,271.019,0.686758,-1,-1,-1
579,29,952.583,443.503,120.343,233.785,0.842649,-1,-1,-1
579,19,1157.968,433.613,142.538,284.266,0.879550,-1,-1,-1
579,38,583.033,454.287,37.514,87.042,0.753754,-1,-1,-1
579,28,631.988,455.889,36.661,102.469,0.794512,-1,-1,-1
579,39,717.574,449.311,37.650,103.858,0.783812,-1,-1,-1
579,40,550.941,454.633,35.256,86.185,0.732223,-1,-1,-1
579,41,1116.111,429.180,42.451,145.281,0.500528,-1,-1,-1
580,4,1667.387,400.683,253.803,679.285,0.907484,-1,-1,-1
580,25,1069.450,427.376,82.193,272.233,0.748173,-1,-1,-1
580,29,953.643,439.508,119.585,239.160,0.841120,-1,-1,-1
580,19,1160.259,433.831,140.344,284.247,0.854657,-1,-1,-1
580,38,583.533,453.782,37.149,87.135,0.745301,-1,-1,-1
580,28,631.569,455.773,36.569,102.555,0.798027,-1,-1,-1
580,39,717.879,449.222,37.395,104.029,0.783061,-1,-1,-1
580,40,551.138,452.790,35.566,88.297,0.696181,-1,-1,-1
580,41,1116.828,430.610,43.310,142.492,0.474364,-1,-1,-1
581,4,1666.487,401.419,254.619,678.588,0.912871,-1,-1,-1
581,25,1073.364,423.312,81.571,276.717,0.756554,-1,-1,-1
581,29,950.792,437.440,124.430,241.710,0.876567,-1,-1,-1
581,19,1165.133,432.905,136.448,285.202,0.836349,-1,-1,-1
581,38,584.090,453.721,36.286,88.121,0.740428,-1,-1,-1
581,28,630.914,455.109,37.138,103.411,0.790497,-1,-1,-1
581,39,718.451,448.689,37.624,104.806,0.747390,-1,-1,-1
581,40,550.034,448.988,36.997,92.440,0.686049,-1,-1,-1
581,41,1119.765,429.557,41.841,142.974,0.368033,-1,-1,-1
582,4,1666.695,401.521,254.356,678.521,0.908276,-1,-1,-1
582,25,1077.786,421.382,79.842,280.204,0.732913,-1,-1,-1
582,29,950.762,436.888,125.997,241.784,0.845468,-1,-1,-1
582,19,1178.403,432.475,124.531,284.960,0.827875,-1,-1,-1
582,38,584.670,454.017,35.807,86.759,0.743163,-1,-1,-1
582,28,631.015,455.031,36.034,103.119,0.773412,-1,-1,-1
582,39,719.678,448.475,37.782,106.077,0.737028,-1,-1,-1
582,40,550.733,450.894,36.074,90.815,0.692208,-1,-1,-1
583,4,1667.993,401.907,252.895,678.150,0.909319,-1,-1,-1
583,25,1082.187,420.245,78.306,280.284,0.739457,-1,-1,-1
583,29,956.076,435.697,119.136,242.832,0.835395,-1,-1,-1
583,19,1186.588,432.302,118.757,284.231,0.849593,-1,-1,-1
583,38,584.654,453.907,35.817,86.661,0.762182,-1,-1,-1
583,28,630.366,455.027,35.258,103.018,0.748335,-1,-1,-1
583,39,720.544,448.213,39.065,106.355,0.743110,-1,-1,-1
583,40,550.450,450.339,36.518,90.988,0.690385,-1,-1,-1
584,4,1671.033,400.644,249.780,679.387,0.916077,-1,-1,-1
584,25,1084.563,422.425,77.305,278.189,0.727484,-1,-1,-1
584,29,961.776,437.853,112.765,241.030,0.805885,-1,-1,-1
584,19,1192.709,434.141,112.270,280.579,0.833941,-1,-1,-1
584,38,584.886,453.872,35.458,87.075,0.750111,-1,-1,-1
584,28,629.407,454.707,36.361,104.575,0.715252,-1,-1,-1
584,39,721.652,448.001,38.961,106.214,0.731239,-1,-1,-1
584,40,550.817,449.736,35.815,90.553,0.695896,-1,-1,-1
585,4,1672.007,400.060,248.736,679.971,0.915219,-1,-1,-1
585,25,1087.728,423.514,76.198,276.889,0.746793,-1,-1,-1
585,29,964.206,435.808,111.726,241.585,0.798866,-1,-1,-1
585,19,1196.605,434.952,113.820,280.403,0.854162,-1,-1,-1
585,38,586.099,454.125,33.395,86.873,0.762630,-1,-1,-1
585,28,629.342,455.078,35.433,104.108,0.723425,-1,-1,-1
585,39,722.781,447.154,39.136,106.488,0.722103,-1,-1,-1
585,40,550.826,449.519,36.577,90.624,0.683783,-1,-1,-1
585,42,660.043,454.005,40.578,105.153,0.666534,-1,-1,-1
586,4,1673.028,389.404,247.692,690.614,0.893660,-1,-1,-1
586,25,1088.826,416.043,86.762,284.876,0.762903,-1,-1,-1
586,29,970.225,439.944,106.622,236.522,0.779131,-1,-1,-1
586,19,1202.515,433.951,112.434,282.428,0.840735,-1,-1,-1
586,38,586.893,454.601,32.650,87.090,0.732893,-1,-1,-1
586,28,628.981,455.019,35.183,103.609,0.718330,-1,-1,-1
586,39,723.549,447.446,39.189,106.624,0.720961,-1,-1,-1
586,40,551.348,451.949,36.300,88.303,0.617912,-1,-1,-1
586,42,661.752,453.482,40.798,102.378,0.638177,-1,-1,-1
587,4,1676.541,379.221,244.131,700.791,0.873408,-1,-1,-1
587,25,1087.589,413.232,93.548,286.717,0.768959,-1,-1,-1
587,29,976.989,441.076,101.656,232.115,0.801004,-1,-1,-1
587,19,1211.293,434.124,105.040,282.052,0.666212,-1,-1,-1
587,38,587.284,454.802,32.301,87.318,0.743594,-1,-1,-1
587,28,627.590,455.032,36.180,103.066,0.715653,-1,-1,-1
587,39,724.003,447.866,38.832,107.937,0.720767,-1,-1,-1
587,40,551.640,453.855,35.976,87.821,0.604941,-1,-1,-1
587,42,661.228,452.550,41.123,101.846,0.647269,-1,-1,-1
587,43,1169.000,437.927,87.137,244.640,0.679635,-1,-1,-1
588,4,1682.180,359.871,238.321,720.143,0.865047,-1,-1,-1
588,25,1087.204,410.954,101.301,289.529,0.758082,-1,-1,-1
588,29,984.789,446.236,95.894,225.187,0.801932,-1,-1,-1
588,19,1214.459,433.332,106.335,283.826,0.837905,-1,-1,-1
588,38,586.785,454.883,32.598,88.181,0.745631,-1,-1,-1
588,28,626.479,453.747,36.781,104.532,0.717412,-1,-1,-1
588,39,723.612,447.253,39.135,109.423,0.728807,-1,-1,-1
588,40,552.127,455.034,36.174,86.660,0.624336,-1,-1,-1
588,42,660.783,452.739,41.712,105.582,0.685901,-1,-1,-1
588,43,1174.997,431.175,77.983,252.714,0.772018,-1,-1,-1
589,4,1691.195,363.902,229.181,716.103,0.814547,-1,-1,-1
589,25,1088.709,408.448,107.709,288.922,0.774203,-1,-1,-1
589,29,994.201,445.092,88.770,226.092,0.717426,-1,-1,-1
589,19,1215.497,435.501,108.880,281.945,0.784831,-1,-1,-1
589,38,586.562,455.517,33.221,87.612,0.730284,-1,-1,-1
589,28,624.806,453.085,37.915,104.866,0.733271,-1,-1,-1
589,39,723.366,447.314,39.347,110.033,0.746799,-1,-1,-1
589,40,552.254,456.186,35.823,85.475,0.667844,-1,-1,-1
589,42,660.422,452.994,41.291,106.511,0.731925,-1,-1,-1
589,43,1179.230,431.737,74.133,248.219,0.793919,-1,-1,-1
590,4,1703.794,354.169,216.044,725.840,0.787382,-1,-1,-1
590,25,1089.457,407.692,110.603,290.542,0.752166,-1,-1,-1
590,29,1002.220,447.319,83.131,223.752,0.782397,-1,-1,-1
590,19,1217.786,433.796,111.000,282.675,0.824868,-1,-1,-1
590,38,585.899,455.609,33.592,87.502,0.736677,-1,-1,-1
590,28,624.132,452.818,38.202,105.314,0.749945,-1,-1,-1
590,39,723.137,447.017,40.012,110.065,0.734992,-1,-1,-1
590,40,552.171,457.378,34.852,84.956,0.706844,-1,-1,-1
590,42,660.639,453.326,41.343,106.789,0.742927,-1,-1,-1
590,43,1181.547,439.027,72.051,239.762,0.728588,-1,-1,-1
591,4,1723.518,346.911,196.569,733.103,0.733221,-1,-1,-1
591,25,1088.339,407.026,111.611,290.350,0.764059,-1,-1,-1
591,29,1007.990,447.112,81.963,225.357,0.787218,-1,-1,-1
591,19,1220.906,433.801,112.707,282.259,0.849676,-1,-1,-1
591,38,585.392,455.539,33.426,87.521,0.706695,-1,-1,-1
591,28,623.803,453.430,38.173,104.431,0.754863,-1,-1,-1
591,39,723.282,447.607,39.437,109.087,0.737848,-1,-1,-1
591,40,551.987,456.915,34.016,85.651,0.704866,-1,-1,-1
591,42,660.632,453.261,42.039,108.342,0.749188,-1,-1,-1
591,43,1183.475,434.529,74.551,247.434,0.777832,-1,-1,-1
592,4,1747.622,332.438,172.578,747.571,0.670822,-1,-1,-1
592,25,1088.851,408.079,110.576,288.995,0.769888,-1,-1,-1
592,29,1010.580,444.345,81.623,226.296,0.848865,-1,-1,-1
592,19,1224.624,438.122,116.222,277.338,0.858692,-1,-1,-1
592,38,584.915,455.569,34.166,87.674,0.707341,-1,-1,-1
592,28,622.964,452.293,38.613,106.236,0.766013,-1,-1,-1
592,39,724.153,448.739,38.290,108.502,0.737368,-1,-1,-1
592,40,551.457,456.042,34.201,85.803,0.711073,-1,-1,-1
592,42,660.102,453.160,42.836,108.992,0.762880,-1,-1,-1
592,43,1184.448,437.668,77.217,246.196,0.736241,-1,-1,-1
593,4,1772.982,325.783,147.213,754.203,0.697038,-1,-1,-1
593,25,1089.982,408.189,111.264,290.367,0.788105,-1,-1,-1
593,29,1014.290,442.024,79.960,229.314,0.777484,-1,-1,-1
593,19,1230.730,434.492,115.493,282.868,0.858245,-1,-1,-1
593,38,584.473,455.333,34.236,86.968,0.691437,-1,-1,-1
593,28,623.089,451.031,38.391,107.776,0.733534,-1,-1,-1
593,39,724.238,448.824,38.170,108.827,0.750346,-1,-1,-1
593,40,551.049,454.890,34.778,86.517,0.713319,-1,-1,-1
593,42,660.281,452.488,43.102,109.440,0.745782,-1,-1,-1
593,43,1185.579,447.629,80.504,235.991,0.661970,-1,-1,-1
594,4,1805.763,314.868,114.354,765.131,0.413971,-1,-1,-1
594,25,1090.587,407.299,112.292,290.617,0.797408,-1,-1,-1
594,29,1018.317,441.257,78.260,230.248,0.785933,-1,-1,-1
594,19,1236.865,432.583,117.130,285.259,0.873826,-1,-1,-1
594,38,583.993,454.647,34.624,87.356,0.712209,-1,-1,-1
594,28,622.927,449.969,38.488,109.038,0.734645,-1,-1,-1
594,39,724.260,449.119,38.578,109.296,0.755836,-1,-1,-1
594,40,550.949,453.459,35.107,87.646,0.742324,-1,-1,-1
594,42,659.202,451.923,44.096,111.172,0.750930,-1,-1,-1
594,43,1187.851,440.934,78.396,238.575,0.707994,-1,-1,-1
595,25,1091.899,406.312,114.839,291.230,0.807456,-1,-1,-1
595,29,1022.471,442.545,76.980,228.915,0.788538,-1,-1,-1
595,19,1241.191,432.563,116.745,285.619,0.876957,-1,-1,-1
595,38,584.103,454.452,34.221,87.595,0.697136,-1,-1,-1
595,28,623.064,450.403,38.116,108.418,0.730196,-1,-1,-1
595,39,724.346,449.550,38.956,110.951,0.754786,-1,-1,-1
595,40,551.082,453.167,35.112,87.826,0.722274,-1,-1,-1
595,42,659.160,452.264,44.398,111.621,0.732441,-1,-1,-1
595,43,1187.243,450.437,82.327,231.274,0.682471,-1,-1,-1
596,25,1092.908,407.806,113.156,288.469,0.797671,-1,-1,-1
596,29,1026.847,445.238,76.646,226.152,0.798985,-1,-1,-1
596,19,1240.669,432.897,119.210,285.344,0.887573,-1,-1,-1
596,38,583.882,454.328,34.227,87.784,0.692632,-1,-1,-1
596,28,623.700,451.419,37.245,105.548,0.732780,-1,-1,-1
596,39,724.938,449.016,38.339,111.571,0.736210,-1,-1,-1
596,40,550.937,453.039,35.050,88.199,0.731028,-1,-1,-1
596,42,659.103,452.614,44.407,112.055,0.738803,-1,-1,-1
596,43,1186.000,445.397,87.185,237.399,0.713794,-1,-1,-1
597,25,1094.573,411.773,112.552,285.371,0.800152,-1,-1,-1
597,29,1027.864,443.138,79.076,228.842,0.833577,-1,-1,-1
597,19,1242.735,433.709,119.653,283.434,0.900896,-1,-1,-1
597,38,583.617,453.827,34.278,88.029,0.689463,-1,-1,-1
597,28,623.891,451.534,37.215,104.994,0.712989,-1,-1,-1
597,39,725.590,448.199,38.461,112.505,0.754268,-1,-1,-1
597,40,550.689,451.960,36.024,89.549,0.711629,-1,-1,-1
597,42,659.075,452.451,43.900,111.986,0.729628,-1,-1,-1
597,43,1186.198,449.762,88.672,233.159,0.743046,-1,-1,-1
598,25,1099.051,412.869,109.941,283.463,0.804655,-1,-1,-1
598,29,1027.612,443.305,84.969,227.723,0.814114,-1,-1,-1
598,19,1244.816,433.036,119.398,283.594,0.896795,-1,-1,-1
598,38,583.199,453.262,35.395,88.894,0.703950,-1,-1,-1
598,28,624.280,452.606,37.073,103.357,0.697067,-1,-1,-1
598,39,725.784,448.385,38.613,112.661,0.754965,-1,-1,-1
598,40,550.223,450.781,36.855,91.020,0.689174,-1,-1,-1
598,42,658.367,452.125,43.651,111.516,0.686232,-1,-1,-1
598,43,1179.896,441.542,97.578,243.082,0.783562,-1,-1,-1
599,25,1103.988,413.923,106.114,280.229,0.827374,-1,-1,-1
599,29,1028.588,441.435,93.804,232.517,0.804492,-1,-1,-1
599,19,1246.975,433.237,120.409,284.416,0.875860,-1,-1,-1
599,38,582.590,453.372,36.036,88.856,0.688528,-1,-1,-1
599,28,624.392,453.021,37.132,102.871,0.702938,-1,-1,-1
599,39,725.771,448.594,38.306,112.283,0.749104,-1,-1,-1
599,40,550.173,450.411,36.809,91.602,0.727699,-1,-1,-1
599,42,658.176,451.843,43.514,111.022,0.674247,-1,-1,-1
599,43,1175.681,438.633,104.377,247.199,0.782785,-1,-1,-1
600,25,1110.218,415.628,101.877,277.886,0.781541,-1,-1,-1
600,29,1027.715,440.956,100.407,231.862,0.807815,-1,-1,-1
600,19,1251.760,432.850,117.825,284.467,0.876946,-1,-1,-1
600,38,582.413,453.622,36.368,88.781,0.679787,-1,-1,-1
600,28,624.426,454.219,37.100,100.574,0.698431,-1,-1,-1
600,39,725.664,448.295,38.609,111.192,0.751368,-1,-1,-1
600,40,550.177,452.488,35.706,89.287,0.675259,-1,-1,-1
600,42,657.813,451.731,42.591,110.602,0.632576,-1,-1,-1
600,43,1177.088,440.286,103.693,245.685,0.792951,-1,-1,-1
